match_id,player,row,snv_pts,pts_won,aces,unret,return_forced,net_winner,induced_forced,net_unforced,passed_at_net,passing_shot_induced_forced,total_shots
20260201-M-Australian_Open-F-Novak_Djokovic-Carlos_Alcaraz,Novak Djokovic,SnV,5,2,0,0,0,2,0,0,0,0,14
20260201-M-Australian_Open-F-Novak_Djokovic-Carlos_Alcaraz,Novak Djokovic,SnV1st,2,0,0,0,0,0,0,0,0,0,4
20260201-M-Australian_Open-F-Novak_Djokovic-Carlos_Alcaraz,Novak Djokovic,SnV2nd,3,2,0,0,0,2,0,0,0,0,10
20260201-M-Australian_Open-F-Novak_Djokovic-Carlos_Alcaraz,Novak Djokovic,nonSnV,116,74,4,1,17,10,5,2,1,2,486
20260201-M-Australian_Open-F-Novak_Djokovic-Carlos_Alcaraz,Novak Djokovic,nonSnV1st,83,56,4,1,15,8,3,1,1,2,328
20260201-M-Australian_Open-F-Novak_Djokovic-Carlos_Alcaraz,Novak Djokovic,nonSnV2nd,33,18,0,0,2,2,2,1,0,0,158
20260130-M-Australian_Open-SF-Jannik_Sinner-Novak_Djokovic,Novak Djokovic,SnV,4,2,0,0,0,2,0,0,0,0,12
20260130-M-Australian_Open-SF-Jannik_Sinner-Novak_Djokovic,Novak Djokovic,SnV1st,2,1,0,0,0,1,0,0,0,0,5
20260130-M-Australian_Open-SF-Jannik_Sinner-Novak_Djokovic,Novak Djokovic,SnV2nd,2,1,0,0,0,1,0,0,0,0,7
20260130-M-Australian_Open-SF-Jannik_Sinner-Novak_Djokovic,Novak Djokovic,nonSnV,152,102,12,0,33,7,3,3,7,0,744
20260130-M-Australian_Open-SF-Jannik_Sinner-Novak_Djokovic,Novak Djokovic,nonSnV1st,110,79,12,0,28,5,2,3,5,0,501
20260130-M-Australian_Open-SF-Jannik_Sinner-Novak_Djokovic,Novak Djokovic,nonSnV2nd,42,23,0,0,5,2,1,0,2,0,243
20260130-M-Australian_Open-SF-Alexander_Zverev-Carlos_Alcaraz,Alexander Zverev,SnV,2,1,0,0,0,0,0,0,0,0,3
20260130-M-Australian_Open-SF-Alexander_Zverev-Carlos_Alcaraz,Alexander Zverev,SnV2nd,2,1,0,0,0,0,0,0,0,0,3
20260130-M-Australian_Open-SF-Alexander_Zverev-Carlos_Alcaraz,Alexander Zverev,nonSnV,201,136,18,0,43,9,7,3,4,4,774
20260130-M-Australian_Open-SF-Alexander_Zverev-Carlos_Alcaraz,Alexander Zverev,nonSnV1st,149,106,18,0,41,7,5,3,3,4,524
20260130-M-Australian_Open-SF-Alexander_Zverev-Carlos_Alcaraz,Alexander Zverev,nonSnV2nd,52,30,0,0,2,2,2,0,1,0,250
20260130-M-Australian_Open-SF-Alexander_Zverev-Carlos_Alcaraz,Carlos Alcaraz,SnV,4,2,0,0,0,1,1,1,1,0,12
20260130-M-Australian_Open-SF-Alexander_Zverev-Carlos_Alcaraz,Carlos Alcaraz,SnV1st,4,2,0,0,0,1,1,1,1,0,12
20260130-M-Australian_Open-SF-Alexander_Zverev-Carlos_Alcaraz,Carlos Alcaraz,nonSnV,178,128,12,0,30,10,8,2,3,2,640
20260130-M-Australian_Open-SF-Alexander_Zverev-Carlos_Alcaraz,Carlos Alcaraz,nonSnV1st,117,87,11,0,28,5,5,2,2,0,415
20260130-M-Australian_Open-SF-Alexander_Zverev-Carlos_Alcaraz,Carlos Alcaraz,nonSnV2nd,61,41,1,0,2,5,3,0,1,2,225
20260128-M-Australian_Open-QF-Novak_Djokovic-Lorenzo_Musetti,Novak Djokovic,SnV,9,5,0,0,1,3,1,1,2,0,31
20260128-M-Australian_Open-QF-Novak_Djokovic-Lorenzo_Musetti,Novak Djokovic,SnV1st,8,4,0,0,1,2,1,1,2,0,28
20260128-M-Australian_Open-QF-Novak_Djokovic-Lorenzo_Musetti,Novak Djokovic,SnV2nd,1,1,0,0,0,1,0,0,0,0,3
20260128-M-Australian_Open-QF-Novak_Djokovic-Lorenzo_Musetti,Novak Djokovic,nonSnV,75,40,4,1,5,4,8,1,4,1,346
20260128-M-Australian_Open-QF-Novak_Djokovic-Lorenzo_Musetti,Novak Djokovic,nonSnV1st,46,29,4,1,5,4,6,0,4,0,203
20260128-M-Australian_Open-QF-Novak_Djokovic-Lorenzo_Musetti,Novak Djokovic,nonSnV2nd,29,11,0,0,0,0,2,1,0,1,143
20260128-M-Australian_Open-QF-Novak_Djokovic-Lorenzo_Musetti,Lorenzo Musetti,SnV,1,0,0,0,0,0,0,1,0,0,2
20260128-M-Australian_Open-QF-Novak_Djokovic-Lorenzo_Musetti,Lorenzo Musetti,SnV1st,1,0,0,0,0,0,0,1,0,0,2
20260128-M-Australian_Open-QF-Novak_Djokovic-Lorenzo_Musetti,Lorenzo Musetti,nonSnV,60,37,4,0,9,3,0,0,1,0,295
20260128-M-Australian_Open-QF-Novak_Djokovic-Lorenzo_Musetti,Lorenzo Musetti,nonSnV1st,38,25,4,0,9,1,0,0,0,0,181
20260128-M-Australian_Open-QF-Novak_Djokovic-Lorenzo_Musetti,Lorenzo Musetti,nonSnV2nd,22,12,0,0,0,2,0,0,1,0,114
20260128-M-Australian_Open-QF-Jannik_Sinner-Ben_Shelton,Jannik Sinner,SnV,1,1,0,0,0,0,1,0,0,0,3
20260128-M-Australian_Open-QF-Jannik_Sinner-Ben_Shelton,Jannik Sinner,SnV1st,1,1,0,0,0,0,1,0,0,0,3
20260128-M-Australian_Open-QF-Jannik_Sinner-Ben_Shelton,Jannik Sinner,nonSnV,88,65,5,2,13,8,4,0,2,0,377
20260128-M-Australian_Open-QF-Jannik_Sinner-Ben_Shelton,Jannik Sinner,nonSnV1st,53,41,5,2,13,4,3,0,2,0,189
20260128-M-Australian_Open-QF-Jannik_Sinner-Ben_Shelton,Jannik Sinner,nonSnV2nd,35,24,0,0,0,4,1,0,0,0,188
20260128-M-Australian_Open-QF-Jannik_Sinner-Ben_Shelton,Ben Shelton,SnV,5,1,0,0,0,0,1,3,1,0,13
20260128-M-Australian_Open-QF-Jannik_Sinner-Ben_Shelton,Ben Shelton,SnV1st,5,1,0,0,0,0,1,3,1,0,13
20260128-M-Australian_Open-QF-Jannik_Sinner-Ben_Shelton,Ben Shelton,nonSnV,94,60,9,8,10,6,10,1,3,0,378
20260128-M-Australian_Open-QF-Jannik_Sinner-Ben_Shelton,Ben Shelton,nonSnV1st,65,47,8,7,9,5,6,1,2,0,229
20260128-M-Australian_Open-QF-Jannik_Sinner-Ben_Shelton,Ben Shelton,nonSnV2nd,29,13,1,1,1,1,4,0,1,0,149
20260127-M-Australian_Open-QF-Carlos_Alcaraz-Alex_De_Minaur,Carlos Alcaraz,SnV,2,1,0,0,0,0,0,0,0,0,5
20260127-M-Australian_Open-QF-Carlos_Alcaraz-Alex_De_Minaur,Carlos Alcaraz,SnV1st,1,1,0,0,0,0,0,0,0,0,3
20260127-M-Australian_Open-QF-Carlos_Alcaraz-Alex_De_Minaur,Carlos Alcaraz,SnV2nd,1,0,0,0,0,0,0,0,0,0,2
20260127-M-Australian_Open-QF-Carlos_Alcaraz-Alex_De_Minaur,Carlos Alcaraz,nonSnV,78,55,5,0,16,1,3,0,2,0,331
20260127-M-Australian_Open-QF-Carlos_Alcaraz-Alex_De_Minaur,Carlos Alcaraz,nonSnV1st,47,36,5,0,13,1,3,0,2,0,186
20260127-M-Australian_Open-QF-Carlos_Alcaraz-Alex_De_Minaur,Carlos Alcaraz,nonSnV2nd,31,19,0,0,3,0,0,0,0,0,145
20260127-M-Australian_Open-QF-Carlos_Alcaraz-Alex_De_Minaur,Alex De Minaur,SnV,1,1,0,0,0,1,0,0,0,0,7
20260127-M-Australian_Open-QF-Carlos_Alcaraz-Alex_De_Minaur,Alex De Minaur,SnV1st,1,1,0,0,0,1,0,0,0,0,7
20260127-M-Australian_Open-QF-Carlos_Alcaraz-Alex_De_Minaur,Alex De Minaur,nonSnV,92,45,1,0,11,5,3,0,1,2,475
20260127-M-Australian_Open-QF-Carlos_Alcaraz-Alex_De_Minaur,Alex De Minaur,nonSnV1st,50,29,1,0,10,3,2,0,1,2,259
20260127-M-Australian_Open-QF-Carlos_Alcaraz-Alex_De_Minaur,Alex De Minaur,nonSnV2nd,42,16,0,0,1,2,1,0,0,0,216
20260127-M-Australian_Open-QF-Alexander_Zverev-Learner_Tien,Alexander Zverev,SnV,11,8,0,0,2,5,1,2,1,0,30
20260127-M-Australian_Open-QF-Alexander_Zverev-Learner_Tien,Alexander Zverev,SnV1st,11,8,0,0,2,5,1,2,1,0,30
20260127-M-Australian_Open-QF-Alexander_Zverev-Learner_Tien,Alexander Zverev,nonSnV,121,89,25,3,14,6,6,1,2,0,449
20260127-M-Australian_Open-QF-Alexander_Zverev-Learner_Tien,Alexander Zverev,nonSnV1st,85,65,25,3,12,4,3,1,1,0,281
20260127-M-Australian_Open-QF-Alexander_Zverev-Learner_Tien,Alexander Zverev,nonSnV2nd,36,24,0,0,2,2,3,0,1,0,168
20260126-M-Australian_Open-R16-Taylor_Fritz-Lorenzo_Musetti,Taylor Fritz,SnV,1,1,0,0,0,1,0,0,0,0,3
20260126-M-Australian_Open-R16-Taylor_Fritz-Lorenzo_Musetti,Taylor Fritz,SnV1st,1,1,0,0,0,1,0,0,0,0,3
20260126-M-Australian_Open-R16-Taylor_Fritz-Lorenzo_Musetti,Taylor Fritz,nonSnV,82,50,10,0,9,3,3,0,1,2,334
20260126-M-Australian_Open-R16-Taylor_Fritz-Lorenzo_Musetti,Taylor Fritz,nonSnV1st,49,31,10,0,9,2,1,0,0,2,155
20260126-M-Australian_Open-R16-Taylor_Fritz-Lorenzo_Musetti,Taylor Fritz,nonSnV2nd,33,19,0,0,0,1,2,0,1,0,179
20260126-M-Australian_Open-R16-Taylor_Fritz-Lorenzo_Musetti,Lorenzo Musetti,SnV,3,2,0,0,0,2,0,0,0,0,8
20260126-M-Australian_Open-R16-Taylor_Fritz-Lorenzo_Musetti,Lorenzo Musetti,SnV1st,3,2,0,0,0,2,0,0,0,0,8
20260126-M-Australian_Open-R16-Taylor_Fritz-Lorenzo_Musetti,Lorenzo Musetti,nonSnV,76,62,13,0,13,3,3,2,0,1,320
20260126-M-Australian_Open-R16-Taylor_Fritz-Lorenzo_Musetti,Lorenzo Musetti,nonSnV1st,52,44,13,0,10,2,2,1,0,1,220
20260126-M-Australian_Open-R16-Taylor_Fritz-Lorenzo_Musetti,Lorenzo Musetti,nonSnV2nd,24,18,0,0,3,1,1,1,0,0,100
20260126-M-Australian_Open-R16-Jannik_Sinner-Luciano_Darderi,Jannik Sinner,SnV,2,1,0,0,0,1,0,1,0,0,5
20260126-M-Australian_Open-R16-Jannik_Sinner-Luciano_Darderi,Jannik Sinner,SnV1st,1,1,0,0,0,1,0,0,0,0,3
20260126-M-Australian_Open-R16-Jannik_Sinner-Luciano_Darderi,Jannik Sinner,SnV2nd,1,0,0,0,0,0,0,1,0,0,2
20260126-M-Australian_Open-R16-Jannik_Sinner-Luciano_Darderi,Jannik Sinner,nonSnV,84,64,19,0,10,4,4,0,0,2,346
20260126-M-Australian_Open-R16-Jannik_Sinner-Luciano_Darderi,Jannik Sinner,nonSnV1st,61,49,19,0,9,4,1,0,0,2,209
20260126-M-Australian_Open-R16-Jannik_Sinner-Luciano_Darderi,Jannik Sinner,nonSnV2nd,23,15,0,0,1,0,3,0,0,0,137
20260125-M-Australian_Open-R32-Alex_De_Minaur-Alexander_Bublik,Alexander Bublik,SnV,4,2,0,0,0,2,0,0,1,0,14
20260125-M-Australian_Open-R32-Alex_De_Minaur-Alexander_Bublik,Alexander Bublik,SnV1st,3,2,0,0,0,2,0,0,1,0,12
20260125-M-Australian_Open-R32-Alex_De_Minaur-Alexander_Bublik,Alexander Bublik,SnV2nd,1,0,0,0,0,0,0,0,0,0,2
20260125-M-Australian_Open-R32-Alex_De_Minaur-Alexander_Bublik,Alexander Bublik,nonSnV,73,38,6,1,7,7,3,2,4,0,290
20260125-M-Australian_Open-R32-Alex_De_Minaur-Alexander_Bublik,Alexander Bublik,nonSnV1st,49,26,6,1,6,4,2,2,3,0,180
20260125-M-Australian_Open-R32-Alex_De_Minaur-Alexander_Bublik,Alexander Bublik,nonSnV2nd,24,12,0,0,1,3,1,0,1,0,110
20260125-M-Australian_Open-R16-Daniil_Medvedev-Learner_Tien,Daniil Medvedev,SnV,4,2,0,0,0,1,0,0,2,0,18
20260125-M-Australian_Open-R16-Daniil_Medvedev-Learner_Tien,Daniil Medvedev,SnV1st,4,2,0,0,0,1,0,0,2,0,18
20260125-M-Australian_Open-R16-Daniil_Medvedev-Learner_Tien,Daniil Medvedev,nonSnV,75,39,6,0,9,2,4,3,4,1,361
20260125-M-Australian_Open-R16-Daniil_Medvedev-Learner_Tien,Daniil Medvedev,nonSnV1st,54,32,5,0,9,2,3,3,3,1,240
20260125-M-Australian_Open-R16-Daniil_Medvedev-Learner_Tien,Daniil Medvedev,nonSnV2nd,21,7,1,0,0,0,1,0,1,0,121
20260124-M-Australian_Open-R32-Ethan_Quinn-Jakub_Mensik,Ethan Quinn,SnV,7,4,0,0,1,2,0,0,2,0,18
20260124-M-Australian_Open-R32-Ethan_Quinn-Jakub_Mensik,Ethan Quinn,SnV1st,4,3,0,0,1,2,0,0,1,0,11
20260124-M-Australian_Open-R32-Ethan_Quinn-Jakub_Mensik,Ethan Quinn,SnV2nd,3,1,0,0,0,0,0,0,1,0,7
20260124-M-Australian_Open-R32-Ethan_Quinn-Jakub_Mensik,Ethan Quinn,nonSnV,92,58,10,2,10,3,3,1,2,1,366
20260124-M-Australian_Open-R32-Ethan_Quinn-Jakub_Mensik,Ethan Quinn,nonSnV1st,50,36,9,2,10,2,3,0,2,0,158
20260124-M-Australian_Open-R32-Ethan_Quinn-Jakub_Mensik,Ethan Quinn,nonSnV2nd,42,22,1,0,0,1,0,1,0,1,208
20260124-M-Australian_Open-R32-Ethan_Quinn-Jakub_Mensik,Jakub Mensik,SnV,2,1,0,0,0,1,0,0,1,0,9
20260124-M-Australian_Open-R32-Ethan_Quinn-Jakub_Mensik,Jakub Mensik,SnV1st,2,1,0,0,0,1,0,0,1,0,9
20260124-M-Australian_Open-R32-Ethan_Quinn-Jakub_Mensik,Jakub Mensik,nonSnV,92,66,11,6,6,7,1,0,0,1,358
20260124-M-Australian_Open-R32-Ethan_Quinn-Jakub_Mensik,Jakub Mensik,nonSnV1st,49,37,9,6,5,5,0,0,0,1,159
20260124-M-Australian_Open-R32-Ethan_Quinn-Jakub_Mensik,Jakub Mensik,nonSnV2nd,43,29,2,0,1,2,1,0,0,0,199
20260123-M-Australian_Open-R32-Learner_Tien-Nuno_Borges,Nuno Borges,SnV,2,1,0,0,1,0,0,0,0,0,3
20260123-M-Australian_Open-R32-Learner_Tien-Nuno_Borges,Nuno Borges,SnV1st,2,1,0,0,1,0,0,0,0,0,3
20260123-M-Australian_Open-R32-Learner_Tien-Nuno_Borges,Nuno Borges,nonSnV,92,57,9,0,13,3,6,1,2,1,467
20260123-M-Australian_Open-R32-Learner_Tien-Nuno_Borges,Nuno Borges,nonSnV1st,77,50,9,0,13,2,6,1,2,1,342
20260123-M-Australian_Open-R32-Learner_Tien-Nuno_Borges,Nuno Borges,nonSnV2nd,15,7,0,0,0,1,0,0,0,0,125
20260123-M-Australian_Open-R32-Corentin_Moutet-Carlos_Alcaraz,Corentin Moutet,SnV,13,10,0,0,3,3,2,0,1,0,38
20260123-M-Australian_Open-R32-Corentin_Moutet-Carlos_Alcaraz,Corentin Moutet,SnV1st,7,6,0,0,2,2,0,0,1,0,22
20260123-M-Australian_Open-R32-Corentin_Moutet-Carlos_Alcaraz,Corentin Moutet,SnV2nd,6,4,0,0,1,1,2,0,0,0,16
20260123-M-Australian_Open-R32-Corentin_Moutet-Carlos_Alcaraz,Corentin Moutet,nonSnV,75,34,0,0,7,3,4,3,4,3,364
20260123-M-Australian_Open-R32-Corentin_Moutet-Carlos_Alcaraz,Corentin Moutet,nonSnV1st,50,24,0,0,7,3,3,3,3,2,240
20260123-M-Australian_Open-R32-Corentin_Moutet-Carlos_Alcaraz,Corentin Moutet,nonSnV2nd,25,10,0,0,0,0,1,0,1,1,124
20260123-M-Australian_Open-R32-Corentin_Moutet-Carlos_Alcaraz,Carlos Alcaraz,SnV,6,3,0,0,1,2,0,0,1,0,15
20260123-M-Australian_Open-R32-Corentin_Moutet-Carlos_Alcaraz,Carlos Alcaraz,SnV1st,5,3,0,0,1,2,0,0,1,0,13
20260123-M-Australian_Open-R32-Corentin_Moutet-Carlos_Alcaraz,Carlos Alcaraz,SnV2nd,1,0,0,0,0,0,0,0,0,0,2
20260123-M-Australian_Open-R32-Corentin_Moutet-Carlos_Alcaraz,Carlos Alcaraz,nonSnV,65,45,4,1,7,12,4,4,1,1,259
20260123-M-Australian_Open-R32-Corentin_Moutet-Carlos_Alcaraz,Carlos Alcaraz,nonSnV1st,47,35,4,0,7,10,4,4,0,0,193
20260123-M-Australian_Open-R32-Corentin_Moutet-Carlos_Alcaraz,Carlos Alcaraz,nonSnV2nd,18,10,0,1,0,2,0,0,1,1,66
20260122-M-Australian_Open-R64-Stefanos_Tsitsipas-Tomas_Machac,Stefanos Tsitsipas,SnV,2,2,0,0,0,1,1,0,0,0,6
20260122-M-Australian_Open-R64-Stefanos_Tsitsipas-Tomas_Machac,Stefanos Tsitsipas,SnV2nd,2,2,0,0,0,1,1,0,0,0,6
20260122-M-Australian_Open-R64-Stefanos_Tsitsipas-Tomas_Machac,Stefanos Tsitsipas,nonSnV,123,89,24,8,14,6,2,2,3,0,377
20260122-M-Australian_Open-R64-Stefanos_Tsitsipas-Tomas_Machac,Stefanos Tsitsipas,nonSnV1st,74,61,24,8,14,4,1,2,0,0,167
20260122-M-Australian_Open-R64-Stefanos_Tsitsipas-Tomas_Machac,Stefanos Tsitsipas,nonSnV2nd,49,28,0,0,0,2,1,0,3,0,210
20260122-M-Australian_Open-R64-Jannik_Sinner-James_Duckworth,Jannik Sinner,SnV,4,4,2,0,0,0,1,0,0,0,10
20260122-M-Australian_Open-R64-Jannik_Sinner-James_Duckworth,Jannik Sinner,SnV1st,4,4,2,0,0,0,1,0,0,0,10
20260122-M-Australian_Open-R64-Jannik_Sinner-James_Duckworth,Jannik Sinner,nonSnV,71,54,16,0,10,2,2,0,1,0,202
20260122-M-Australian_Open-R64-Jannik_Sinner-James_Duckworth,Jannik Sinner,nonSnV1st,46,39,16,0,9,2,1,0,0,0,111
20260122-M-Australian_Open-R64-Jannik_Sinner-James_Duckworth,Jannik Sinner,nonSnV2nd,25,15,0,0,1,0,1,0,1,0,91
20260122-M-Australian_Open-R64-Jannik_Sinner-James_Duckworth,James Duckworth,SnV,7,6,1,0,2,1,2,0,1,0,16
20260122-M-Australian_Open-R64-Jannik_Sinner-James_Duckworth,James Duckworth,SnV1st,7,6,1,0,2,1,2,0,1,0,16
20260122-M-Australian_Open-R64-Jannik_Sinner-James_Duckworth,James Duckworth,nonSnV,67,36,8,0,10,3,1,0,3,3,278
20260122-M-Australian_Open-R64-Jannik_Sinner-James_Duckworth,James Duckworth,nonSnV1st,42,28,8,0,10,3,1,0,2,2,158
20260122-M-Australian_Open-R64-Jannik_Sinner-James_Duckworth,James Duckworth,nonSnV2nd,25,8,0,0,0,0,0,0,1,1,120
20260122-M-Australian_Open-R64-Hubert_Hurkacz-Ethan_Quinn,Hubert Hurkacz,SnV,1,0,0,0,0,0,0,0,0,0,2
20260122-M-Australian_Open-R64-Hubert_Hurkacz-Ethan_Quinn,Hubert Hurkacz,SnV2nd,1,0,0,0,0,0,0,0,0,0,2
20260122-M-Australian_Open-R64-Hubert_Hurkacz-Ethan_Quinn,Hubert Hurkacz,nonSnV,93,58,9,0,18,2,5,4,3,0,360
20260122-M-Australian_Open-R64-Hubert_Hurkacz-Ethan_Quinn,Hubert Hurkacz,nonSnV1st,56,38,9,0,18,0,4,3,3,0,172
20260122-M-Australian_Open-R64-Hubert_Hurkacz-Ethan_Quinn,Hubert Hurkacz,nonSnV2nd,37,20,0,0,0,2,1,1,0,0,188
20260122-M-Australian_Open-R64-Hubert_Hurkacz-Ethan_Quinn,Ethan Quinn,SnV,15,12,1,0,5,2,2,0,0,1,34
20260122-M-Australian_Open-R64-Hubert_Hurkacz-Ethan_Quinn,Ethan Quinn,SnV1st,10,7,1,0,5,0,0,0,0,1,17
20260122-M-Australian_Open-R64-Hubert_Hurkacz-Ethan_Quinn,Ethan Quinn,SnV2nd,5,5,0,0,0,2,2,0,0,0,17
20260122-M-Australian_Open-R64-Hubert_Hurkacz-Ethan_Quinn,Ethan Quinn,nonSnV,91,65,11,0,21,4,6,4,2,1,289
20260122-M-Australian_Open-R64-Hubert_Hurkacz-Ethan_Quinn,Ethan Quinn,nonSnV1st,62,49,11,0,21,3,5,1,1,1,167
20260122-M-Australian_Open-R64-Hubert_Hurkacz-Ethan_Quinn,Ethan Quinn,nonSnV2nd,29,16,0,0,0,1,1,3,1,0,122
20260122-M-Australian_Open-R64-Casper_Ruud-Jaume_Munar,Casper Ruud,SnV,1,0,0,0,0,0,0,1,0,0,2
20260122-M-Australian_Open-R64-Casper_Ruud-Jaume_Munar,Casper Ruud,SnV1st,1,0,0,0,0,0,0,1,0,0,2
20260122-M-Australian_Open-R64-Casper_Ruud-Jaume_Munar,Casper Ruud,nonSnV,93,69,5,5,8,13,8,1,4,1,479
20260122-M-Australian_Open-R64-Casper_Ruud-Jaume_Munar,Casper Ruud,nonSnV1st,55,45,5,5,8,9,6,1,1,1,209
20260122-M-Australian_Open-R64-Casper_Ruud-Jaume_Munar,Casper Ruud,nonSnV2nd,38,24,0,0,0,4,2,0,3,0,270
20260122-M-Australian_Open-R64-Casper_Ruud-Jaume_Munar,Jaume Munar,SnV,5,2,0,0,0,1,1,2,0,0,14
20260122-M-Australian_Open-R64-Casper_Ruud-Jaume_Munar,Jaume Munar,SnV1st,4,2,0,0,0,1,1,2,0,0,12
20260122-M-Australian_Open-R64-Casper_Ruud-Jaume_Munar,Jaume Munar,SnV2nd,1,0,0,0,0,0,0,0,0,0,2
20260122-M-Australian_Open-R64-Casper_Ruud-Jaume_Munar,Jaume Munar,nonSnV,80,56,5,3,5,8,4,1,3,3,402
20260122-M-Australian_Open-R64-Casper_Ruud-Jaume_Munar,Jaume Munar,nonSnV1st,40,29,5,3,5,6,2,1,2,2,159
20260122-M-Australian_Open-R64-Casper_Ruud-Jaume_Munar,Jaume Munar,nonSnV2nd,40,27,0,0,0,2,2,0,1,1,243
20260121-M-Australian_Open-R64-Hamad_Medjedovic-Alex_De_Minaur,Hamad Medjedovic,SnV,5,5,0,0,1,2,1,0,0,0,13
20260121-M-Australian_Open-R64-Hamad_Medjedovic-Alex_De_Minaur,Hamad Medjedovic,SnV1st,4,4,0,0,1,2,1,0,0,0,12
20260121-M-Australian_Open-R64-Hamad_Medjedovic-Alex_De_Minaur,Hamad Medjedovic,SnV2nd,1,1,0,0,0,0,0,0,0,0,1
20260121-M-Australian_Open-R64-Hamad_Medjedovic-Alex_De_Minaur,Hamad Medjedovic,nonSnV,121,71,19,0,19,6,3,3,1,6,519
20260121-M-Australian_Open-R64-Hamad_Medjedovic-Alex_De_Minaur,Hamad Medjedovic,nonSnV1st,84,54,18,0,17,4,2,3,1,4,310
20260121-M-Australian_Open-R64-Hamad_Medjedovic-Alex_De_Minaur,Hamad Medjedovic,nonSnV2nd,37,17,1,0,2,2,1,0,0,2,209
20260121-M-Australian_Open-R64-Alexander_Shevchenko-Learner_Tien,Alexander Shevchenko,SnV,1,1,0,0,0,0,0,0,0,0,3
20260121-M-Australian_Open-R64-Alexander_Shevchenko-Learner_Tien,Alexander Shevchenko,SnV2nd,1,1,0,0,0,0,0,0,0,0,3
20260121-M-Australian_Open-R64-Alexander_Shevchenko-Learner_Tien,Alexander Shevchenko,nonSnV,92,47,4,0,13,2,3,0,3,3,379
20260121-M-Australian_Open-R64-Alexander_Shevchenko-Learner_Tien,Alexander Shevchenko,nonSnV1st,59,31,4,0,12,2,2,0,3,2,197
20260121-M-Australian_Open-R64-Alexander_Shevchenko-Learner_Tien,Alexander Shevchenko,nonSnV2nd,33,16,0,0,1,0,1,0,0,1,182
20260120-M-Australian_Open-R128-Jannik_Sinner-Hugo_Gaston,Hugo Gaston,SnV,1,1,0,0,0,1,0,0,0,0,5
20260120-M-Australian_Open-R128-Jannik_Sinner-Hugo_Gaston,Hugo Gaston,SnV1st,1,1,0,0,0,1,0,0,0,0,5
20260120-M-Australian_Open-R128-Jannik_Sinner-Hugo_Gaston,Hugo Gaston,nonSnV,46,21,0,0,3,1,4,0,3,2,257
20260120-M-Australian_Open-R128-Jannik_Sinner-Hugo_Gaston,Hugo Gaston,nonSnV1st,22,13,0,0,3,1,4,0,0,0,101
20260120-M-Australian_Open-R128-Jannik_Sinner-Hugo_Gaston,Hugo Gaston,nonSnV2nd,24,8,0,0,0,0,0,0,3,2,156
20260120-M-Australian_Open-R128-Hubert_Hurkacz-Zizou_Bergs,Hubert Hurkacz,SnV,1,1,0,0,0,1,0,0,0,0,3
20260120-M-Australian_Open-R128-Hubert_Hurkacz-Zizou_Bergs,Hubert Hurkacz,SnV2nd,1,1,0,0,0,1,0,0,0,0,3
20260120-M-Australian_Open-R128-Hubert_Hurkacz-Zizou_Bergs,Hubert Hurkacz,nonSnV,137,101,18,0,32,9,8,1,2,2,427
20260120-M-Australian_Open-R128-Hubert_Hurkacz-Zizou_Bergs,Hubert Hurkacz,nonSnV1st,88,77,18,0,30,5,7,1,1,0,225
20260120-M-Australian_Open-R128-Hubert_Hurkacz-Zizou_Bergs,Hubert Hurkacz,nonSnV2nd,49,24,0,0,2,4,1,0,1,2,202
20260120-M-Australian_Open-R128-Hubert_Hurkacz-Zizou_Bergs,Zizou Bergs,SnV,8,6,0,0,1,3,1,0,2,0,28
20260120-M-Australian_Open-R128-Hubert_Hurkacz-Zizou_Bergs,Zizou Bergs,SnV1st,6,4,0,0,0,2,1,0,2,0,24
20260120-M-Australian_Open-R128-Hubert_Hurkacz-Zizou_Bergs,Zizou Bergs,SnV2nd,2,2,0,0,1,1,0,0,0,0,4
20260120-M-Australian_Open-R128-Hubert_Hurkacz-Zizou_Bergs,Zizou Bergs,nonSnV,132,92,16,0,20,7,6,1,3,1,430
20260120-M-Australian_Open-R128-Hubert_Hurkacz-Zizou_Bergs,Zizou Bergs,nonSnV1st,80,60,15,0,19,5,4,1,1,0,210
20260120-M-Australian_Open-R128-Hubert_Hurkacz-Zizou_Bergs,Zizou Bergs,nonSnV2nd,52,32,1,0,1,2,2,0,2,1,220
20260119-M-Australian_Open-R128-Rinky_Hijikata-Adrian_Mannarino,Rinky Hijikata,SnV,3,3,0,0,0,3,0,0,0,0,11
20260119-M-Australian_Open-R128-Rinky_Hijikata-Adrian_Mannarino,Rinky Hijikata,SnV1st,3,3,0,0,0,3,0,0,0,0,11
20260119-M-Australian_Open-R128-Rinky_Hijikata-Adrian_Mannarino,Rinky Hijikata,nonSnV,83,57,4,2,13,1,4,0,1,0,419
20260119-M-Australian_Open-R128-Rinky_Hijikata-Adrian_Mannarino,Rinky Hijikata,nonSnV1st,53,40,4,2,13,1,3,0,0,0,194
20260119-M-Australian_Open-R128-Rinky_Hijikata-Adrian_Mannarino,Rinky Hijikata,nonSnV2nd,30,17,0,0,0,0,1,0,1,0,225
20260119-M-Australian_Open-R128-Rinky_Hijikata-Adrian_Mannarino,Adrian Mannarino,SnV,4,3,0,0,1,2,0,1,0,0,9
20260119-M-Australian_Open-R128-Rinky_Hijikata-Adrian_Mannarino,Adrian Mannarino,SnV1st,4,3,0,0,1,2,0,1,0,0,9
20260119-M-Australian_Open-R128-Rinky_Hijikata-Adrian_Mannarino,Adrian Mannarino,nonSnV,67,34,7,0,5,0,5,1,4,2,258
20260119-M-Australian_Open-R128-Rinky_Hijikata-Adrian_Mannarino,Adrian Mannarino,nonSnV1st,41,22,7,0,5,0,4,1,2,2,180
20260119-M-Australian_Open-R128-Rinky_Hijikata-Adrian_Mannarino,Adrian Mannarino,nonSnV2nd,26,12,0,0,0,0,1,0,2,0,78
20260119-M-Australian_Open-R128-Learner_Tien-Marcos_Giron,Learner Tien,SnV,2,1,0,0,0,1,0,0,0,0,7
20260119-M-Australian_Open-R128-Learner_Tien-Marcos_Giron,Learner Tien,SnV1st,2,1,0,0,0,1,0,0,0,0,7
20260119-M-Australian_Open-R128-Learner_Tien-Marcos_Giron,Learner Tien,nonSnV,151,101,21,0,17,6,6,4,3,3,613
20260119-M-Australian_Open-R128-Learner_Tien-Marcos_Giron,Learner Tien,nonSnV1st,93,67,20,0,17,3,4,4,2,1,319
20260119-M-Australian_Open-R128-Learner_Tien-Marcos_Giron,Learner Tien,nonSnV2nd,58,34,1,0,0,3,2,0,1,2,294
20260119-M-Australian_Open-R128-Learner_Tien-Marcos_Giron,Marcos Giron,SnV,1,0,0,0,0,0,0,0,1,0,4
20260119-M-Australian_Open-R128-Learner_Tien-Marcos_Giron,Marcos Giron,SnV1st,1,0,0,0,0,0,0,0,1,0,4
20260119-M-Australian_Open-R128-Learner_Tien-Marcos_Giron,Marcos Giron,nonSnV,172,103,14,0,22,9,4,0,5,2,831
20260119-M-Australian_Open-R128-Learner_Tien-Marcos_Giron,Marcos Giron,nonSnV1st,106,73,14,0,22,7,2,0,0,2,439
20260119-M-Australian_Open-R128-Learner_Tien-Marcos_Giron,Marcos Giron,nonSnV2nd,66,30,0,0,0,2,2,0,5,0,392
20260119-M-Australian_Open-R128-Jesper_De_Jong-Daniil_Medvedev,Jesper De Jong,SnV,20,15,0,1,6,4,3,0,1,0,41
20260119-M-Australian_Open-R128-Jesper_De_Jong-Daniil_Medvedev,Jesper De Jong,SnV1st,14,11,0,1,6,3,1,0,1,0,27
20260119-M-Australian_Open-R128-Jesper_De_Jong-Daniil_Medvedev,Jesper De Jong,SnV2nd,6,4,0,0,0,1,2,0,0,0,14
20260119-M-Australian_Open-R128-Jesper_De_Jong-Daniil_Medvedev,Jesper De Jong,nonSnV,96,46,3,0,9,6,2,1,6,2,582
20260119-M-Australian_Open-R128-Jesper_De_Jong-Daniil_Medvedev,Jesper De Jong,nonSnV1st,47,29,3,0,9,5,0,1,1,1,221
20260119-M-Australian_Open-R128-Jesper_De_Jong-Daniil_Medvedev,Jesper De Jong,nonSnV2nd,49,17,0,0,0,1,2,0,5,1,361
20260119-M-Australian_Open-R128-Jesper_De_Jong-Daniil_Medvedev,Daniil Medvedev,SnV,2,2,0,0,0,2,0,0,0,0,6
20260119-M-Australian_Open-R128-Jesper_De_Jong-Daniil_Medvedev,Daniil Medvedev,SnV1st,2,2,0,0,0,2,0,0,0,0,6
20260119-M-Australian_Open-R128-Jesper_De_Jong-Daniil_Medvedev,Daniil Medvedev,nonSnV,104,67,9,0,12,8,7,0,3,1,483
20260119-M-Australian_Open-R128-Jesper_De_Jong-Daniil_Medvedev,Daniil Medvedev,nonSnV1st,74,56,9,0,12,7,7,0,3,0,306
20260119-M-Australian_Open-R128-Jesper_De_Jong-Daniil_Medvedev,Daniil Medvedev,nonSnV2nd,30,11,0,0,0,1,0,0,0,1,177
20260119-M-Australian_Open-R128-Brandon_Nakashima-Botic_Van_De_Zandschulp,Brandon Nakashima,SnV,1,1,0,0,0,1,0,0,0,0,5
20260119-M-Australian_Open-R128-Brandon_Nakashima-Botic_Van_De_Zandschulp,Brandon Nakashima,SnV1st,1,1,0,0,0,1,0,0,0,0,5
20260119-M-Australian_Open-R128-Brandon_Nakashima-Botic_Van_De_Zandschulp,Brandon Nakashima,nonSnV,122,87,10,3,25,10,4,0,1,1,509
20260119-M-Australian_Open-R128-Brandon_Nakashima-Botic_Van_De_Zandschulp,Brandon Nakashima,nonSnV1st,90,66,10,3,23,8,3,0,1,1,364
20260119-M-Australian_Open-R128-Brandon_Nakashima-Botic_Van_De_Zandschulp,Brandon Nakashima,nonSnV2nd,32,21,0,0,2,2,1,0,0,0,145
20260118-M-Australian_Open-R128-Miomir_Kecmanovic-Tomas_Martin_Etcheverry,Miomir Kecmanovic,SnV,1,1,0,0,0,1,0,0,0,0,3
20260118-M-Australian_Open-R128-Miomir_Kecmanovic-Tomas_Martin_Etcheverry,Miomir Kecmanovic,SnV2nd,1,1,0,0,0,1,0,0,0,0,3
20260118-M-Australian_Open-R128-Miomir_Kecmanovic-Tomas_Martin_Etcheverry,Miomir Kecmanovic,nonSnV,159,101,8,3,22,7,7,1,6,0,937
20260118-M-Australian_Open-R128-Miomir_Kecmanovic-Tomas_Martin_Etcheverry,Miomir Kecmanovic,nonSnV1st,104,72,8,3,22,4,5,1,5,0,542
20260118-M-Australian_Open-R128-Miomir_Kecmanovic-Tomas_Martin_Etcheverry,Miomir Kecmanovic,nonSnV2nd,55,29,0,0,0,3,2,0,1,0,395
20260118-M-Australian_Open-R128-Miomir_Kecmanovic-Tomas_Martin_Etcheverry,Tomas Martin Etcheverry,SnV,1,1,0,0,0,1,0,0,0,0,3
20260118-M-Australian_Open-R128-Miomir_Kecmanovic-Tomas_Martin_Etcheverry,Tomas Martin Etcheverry,SnV2nd,1,1,0,0,0,1,0,0,0,0,3
20260118-M-Australian_Open-R128-Miomir_Kecmanovic-Tomas_Martin_Etcheverry,Tomas Martin Etcheverry,nonSnV,114,91,20,2,13,3,6,1,1,0,469
20260118-M-Australian_Open-R128-Miomir_Kecmanovic-Tomas_Martin_Etcheverry,Tomas Martin Etcheverry,nonSnV1st,79,68,20,2,13,3,4,1,1,0,282
20260118-M-Australian_Open-R128-Miomir_Kecmanovic-Tomas_Martin_Etcheverry,Tomas Martin Etcheverry,nonSnV2nd,35,23,0,0,0,0,2,0,0,0,187
20260118-M-Australian_Open-R128-Jenson_Brooksby-Alexander_Bublik,Jenson Brooksby,SnV,3,3,0,0,1,2,0,0,0,0,7
20260118-M-Australian_Open-R128-Jenson_Brooksby-Alexander_Bublik,Jenson Brooksby,SnV1st,3,3,0,0,1,2,0,0,0,0,7
20260118-M-Australian_Open-R128-Jenson_Brooksby-Alexander_Bublik,Jenson Brooksby,nonSnV,92,54,3,0,18,4,4,1,4,1,366
20260118-M-Australian_Open-R128-Jenson_Brooksby-Alexander_Bublik,Jenson Brooksby,nonSnV1st,57,35,2,0,18,3,3,1,3,0,215
20260118-M-Australian_Open-R128-Jenson_Brooksby-Alexander_Bublik,Jenson Brooksby,nonSnV2nd,35,19,1,0,0,1,1,0,1,1,151
20260118-M-Australian_Open-R128-Jenson_Brooksby-Alexander_Bublik,Alexander Bublik,SnV,6,4,1,0,2,1,0,0,2,0,16
20260118-M-Australian_Open-R128-Jenson_Brooksby-Alexander_Bublik,Alexander Bublik,SnV1st,6,4,1,0,2,1,0,0,2,0,16
20260118-M-Australian_Open-R128-Jenson_Brooksby-Alexander_Bublik,Alexander Bublik,nonSnV,83,58,11,0,13,10,8,1,2,1,286
20260118-M-Australian_Open-R128-Jenson_Brooksby-Alexander_Bublik,Alexander Bublik,nonSnV1st,62,46,10,0,13,10,5,1,2,1,198
20260118-M-Australian_Open-R128-Jenson_Brooksby-Alexander_Bublik,Alexander Bublik,nonSnV2nd,21,12,1,0,0,0,3,0,0,0,88
20260115-M-Australian_Open-Q3-Lukas_Klein-Michael_Zheng,Lukas Klein,SnV,6,4,0,0,1,3,0,1,1,0,16
20260115-M-Australian_Open-Q3-Lukas_Klein-Michael_Zheng,Lukas Klein,SnV1st,6,4,0,0,1,3,0,1,1,0,16
20260115-M-Australian_Open-Q3-Lukas_Klein-Michael_Zheng,Lukas Klein,nonSnV,104,68,1,3,15,9,7,2,4,2,366
20260115-M-Australian_Open-Q3-Lukas_Klein-Michael_Zheng,Lukas Klein,nonSnV1st,73,49,1,3,15,8,6,1,2,2,267
20260115-M-Australian_Open-Q3-Lukas_Klein-Michael_Zheng,Lukas Klein,nonSnV2nd,31,19,0,0,0,1,1,1,2,0,99
20250907-M-US_Open-F-Jannik_Sinner-Carlos_Alcaraz,Carlos Alcaraz,SnV,5,5,1,0,1,2,1,0,0,0,15
20250907-M-US_Open-F-Jannik_Sinner-Carlos_Alcaraz,Carlos Alcaraz,SnV1st,5,5,1,0,1,2,1,0,0,0,15
20250907-M-US_Open-F-Jannik_Sinner-Carlos_Alcaraz,Carlos Alcaraz,nonSnV,84,60,11,1,15,7,4,1,3,0,298
20250907-M-US_Open-F-Jannik_Sinner-Carlos_Alcaraz,Carlos Alcaraz,nonSnV1st,49,40,11,1,14,4,4,0,0,0,156
20250907-M-US_Open-F-Jannik_Sinner-Carlos_Alcaraz,Carlos Alcaraz,nonSnV2nd,35,20,0,0,1,3,0,1,3,0,142
20250906-M-US_Open-SF-Jannik_Sinner-Felix_Auger_Aliassime,Felix Auger Aliassime,SnV,13,9,0,0,4,2,2,1,2,0,37
20250906-M-US_Open-SF-Jannik_Sinner-Felix_Auger_Aliassime,Felix Auger Aliassime,SnV1st,13,9,0,0,4,2,2,1,2,0,37
20250906-M-US_Open-SF-Jannik_Sinner-Felix_Auger_Aliassime,Felix Auger Aliassime,nonSnV,93,60,9,0,18,2,4,0,3,1,408
20250906-M-US_Open-SF-Jannik_Sinner-Felix_Auger_Aliassime,Felix Auger Aliassime,nonSnV1st,59,42,9,0,18,0,3,0,2,0,208
20250906-M-US_Open-SF-Jannik_Sinner-Felix_Auger_Aliassime,Felix Auger Aliassime,nonSnV2nd,34,18,0,0,0,2,1,0,1,1,200
20250905-M-US_Open-SF-Novak_Djokovic-Carlos_Alcaraz,Novak Djokovic,SnV,6,2,0,1,0,1,0,3,0,0,12
20250905-M-US_Open-SF-Novak_Djokovic-Carlos_Alcaraz,Novak Djokovic,SnV1st,6,2,0,1,0,1,0,3,0,0,12
20250905-M-US_Open-SF-Novak_Djokovic-Carlos_Alcaraz,Novak Djokovic,nonSnV,82,53,4,11,0,3,1,1,3,1,363
20250905-M-US_Open-SF-Novak_Djokovic-Carlos_Alcaraz,Novak Djokovic,nonSnV1st,50,35,4,9,0,3,0,1,2,1,195
20250905-M-US_Open-SF-Novak_Djokovic-Carlos_Alcaraz,Novak Djokovic,nonSnV2nd,32,18,0,2,0,0,1,0,1,0,168
20250905-M-US_Open-SF-Novak_Djokovic-Carlos_Alcaraz,Carlos Alcaraz,SnV,8,7,2,3,0,2,0,1,0,0,13
20250905-M-US_Open-SF-Novak_Djokovic-Carlos_Alcaraz,Carlos Alcaraz,SnV1st,7,7,2,3,0,2,0,0,0,0,11
20250905-M-US_Open-SF-Novak_Djokovic-Carlos_Alcaraz,Carlos Alcaraz,SnV2nd,1,0,0,0,0,0,0,1,0,0,2
20250905-M-US_Open-SF-Novak_Djokovic-Carlos_Alcaraz,Carlos Alcaraz,nonSnV,79,56,5,12,0,3,0,2,2,0,302
20250905-M-US_Open-SF-Novak_Djokovic-Carlos_Alcaraz,Carlos Alcaraz,nonSnV1st,43,35,5,9,0,2,0,1,1,0,123
20250905-M-US_Open-SF-Novak_Djokovic-Carlos_Alcaraz,Carlos Alcaraz,nonSnV2nd,36,21,0,3,0,1,0,1,1,0,179
20250903-M-US_Open-QF-Felix_Auger_Aliassime-Alex_De_Minaur,Felix Auger Aliassime,SnV,7,6,0,0,1,3,2,1,0,0,20
20250903-M-US_Open-QF-Felix_Auger_Aliassime-Alex_De_Minaur,Felix Auger Aliassime,SnV1st,7,6,0,0,1,3,2,1,0,0,20
20250903-M-US_Open-QF-Felix_Auger_Aliassime-Alex_De_Minaur,Felix Auger Aliassime,nonSnV,130,89,22,4,20,8,6,2,1,1,475
20250903-M-US_Open-QF-Felix_Auger_Aliassime-Alex_De_Minaur,Felix Auger Aliassime,nonSnV1st,89,73,21,4,17,8,6,1,0,1,303
20250903-M-US_Open-QF-Felix_Auger_Aliassime-Alex_De_Minaur,Felix Auger Aliassime,nonSnV2nd,41,16,1,0,3,0,0,1,1,0,172
20250902-M-US_Open-QF-Novak_Djokovic-Taylor_Fritz,Novak Djokovic,SnV,11,10,0,0,4,6,0,0,1,0,30
20250902-M-US_Open-QF-Novak_Djokovic-Taylor_Fritz,Novak Djokovic,SnV1st,11,10,0,0,4,6,0,0,1,0,30
20250902-M-US_Open-QF-Novak_Djokovic-Taylor_Fritz,Novak Djokovic,nonSnV,120,81,10,0,22,7,6,4,1,2,615
20250902-M-US_Open-QF-Novak_Djokovic-Taylor_Fritz,Novak Djokovic,nonSnV1st,77,53,8,0,17,5,4,4,0,2,369
20250902-M-US_Open-QF-Novak_Djokovic-Taylor_Fritz,Novak Djokovic,nonSnV2nd,43,28,2,0,5,2,2,0,1,0,246
20250902-M-US_Open-QF-Jiri_Lehecka-Carlos_Alcaraz,Jiri Lehecka,SnV,8,6,0,0,1,1,4,2,0,0,22
20250902-M-US_Open-QF-Jiri_Lehecka-Carlos_Alcaraz,Jiri Lehecka,SnV1st,8,6,0,0,1,1,4,2,0,0,22
20250902-M-US_Open-QF-Jiri_Lehecka-Carlos_Alcaraz,Jiri Lehecka,nonSnV,74,45,4,0,16,4,7,0,2,3,323
20250902-M-US_Open-QF-Jiri_Lehecka-Carlos_Alcaraz,Jiri Lehecka,nonSnV1st,47,31,4,0,10,1,5,0,1,3,181
20250902-M-US_Open-QF-Jiri_Lehecka-Carlos_Alcaraz,Jiri Lehecka,nonSnV2nd,27,14,0,0,6,3,2,0,1,0,142
20250902-M-US_Open-QF-Jiri_Lehecka-Carlos_Alcaraz,Carlos Alcaraz,SnV,3,3,0,0,2,1,0,0,0,0,5
20250902-M-US_Open-QF-Jiri_Lehecka-Carlos_Alcaraz,Carlos Alcaraz,SnV1st,3,3,0,0,2,1,0,0,0,0,5
20250902-M-US_Open-QF-Jiri_Lehecka-Carlos_Alcaraz,Carlos Alcaraz,nonSnV,66,54,5,1,21,5,3,2,2,1,250
20250902-M-US_Open-QF-Jiri_Lehecka-Carlos_Alcaraz,Carlos Alcaraz,nonSnV1st,42,35,4,1,12,4,2,2,1,0,171
20250902-M-US_Open-QF-Jiri_Lehecka-Carlos_Alcaraz,Carlos Alcaraz,nonSnV2nd,24,19,1,0,9,1,1,0,1,1,79
20250901-M-US_Open-R16-Taylor_Fritz-Tomas_Machac,Tomas Machac,SnV,5,4,0,1,0,2,1,1,0,0,14
20250901-M-US_Open-R16-Taylor_Fritz-Tomas_Machac,Tomas Machac,SnV1st,4,4,0,1,0,2,1,0,0,0,12
20250901-M-US_Open-R16-Taylor_Fritz-Tomas_Machac,Tomas Machac,SnV2nd,1,0,0,0,0,0,0,1,0,0,2
20250901-M-US_Open-R16-Taylor_Fritz-Tomas_Machac,Tomas Machac,nonSnV,73,46,4,13,0,1,1,2,1,0,270
20250901-M-US_Open-R16-Taylor_Fritz-Tomas_Machac,Tomas Machac,nonSnV1st,40,26,4,11,0,0,0,1,1,0,120
20250901-M-US_Open-R16-Taylor_Fritz-Tomas_Machac,Tomas Machac,nonSnV2nd,33,20,0,2,0,1,1,1,0,0,150
20250901-M-US_Open-R16-Alexander_Bublik-Jannik_Sinner,Alexander Bublik,SnV,5,1,0,0,0,0,1,1,1,1,17
20250901-M-US_Open-R16-Alexander_Bublik-Jannik_Sinner,Alexander Bublik,SnV1st,3,1,0,0,0,0,1,0,0,1,11
20250901-M-US_Open-R16-Alexander_Bublik-Jannik_Sinner,Alexander Bublik,SnV2nd,2,0,0,0,0,0,0,1,1,0,6
20250901-M-US_Open-R16-Alexander_Bublik-Jannik_Sinner,Alexander Bublik,nonSnV,61,33,2,0,14,6,0,1,4,3,253
20250901-M-US_Open-R16-Alexander_Bublik-Jannik_Sinner,Alexander Bublik,nonSnV1st,45,27,2,0,12,5,0,1,2,2,181
20250901-M-US_Open-R16-Alexander_Bublik-Jannik_Sinner,Alexander Bublik,nonSnV2nd,16,6,0,0,2,1,0,0,2,1,72
20250830-M-US_Open-R32-Lorenzo_Musetti-Flavio_Cobolli,Lorenzo Musetti,SnV,1,1,0,0,0,1,0,0,0,0,3
20250830-M-US_Open-R32-Lorenzo_Musetti-Flavio_Cobolli,Lorenzo Musetti,SnV1st,1,1,0,0,0,1,0,0,0,0,3
20250830-M-US_Open-R32-Lorenzo_Musetti-Flavio_Cobolli,Lorenzo Musetti,nonSnV,56,40,3,0,8,2,5,1,1,0,294
20250830-M-US_Open-R32-Lorenzo_Musetti-Flavio_Cobolli,Lorenzo Musetti,nonSnV1st,31,24,3,0,8,2,3,0,1,0,150
20250830-M-US_Open-R32-Lorenzo_Musetti-Flavio_Cobolli,Lorenzo Musetti,nonSnV2nd,25,16,0,0,0,0,2,1,0,0,144
20250830-M-US_Open-R32-Lorenzo_Musetti-Flavio_Cobolli,Flavio Cobolli,SnV,4,1,0,0,0,0,0,0,2,0,11
20250830-M-US_Open-R32-Lorenzo_Musetti-Flavio_Cobolli,Flavio Cobolli,SnV1st,1,0,0,0,0,0,0,0,1,0,4
20250830-M-US_Open-R32-Lorenzo_Musetti-Flavio_Cobolli,Flavio Cobolli,SnV2nd,3,1,0,0,0,0,0,0,1,0,7
20250830-M-US_Open-R32-Lorenzo_Musetti-Flavio_Cobolli,Flavio Cobolli,nonSnV,47,23,0,0,9,0,1,3,0,0,209
20250830-M-US_Open-R32-Lorenzo_Musetti-Flavio_Cobolli,Flavio Cobolli,nonSnV1st,30,17,0,0,9,0,1,2,0,0,133
20250830-M-US_Open-R32-Lorenzo_Musetti-Flavio_Cobolli,Flavio Cobolli,nonSnV2nd,17,6,0,0,0,0,0,1,0,0,76
20250829-M-US_Open-R32-Denis_Shapovalov-Jannik_Sinner,Denis Shapovalov,SnV,2,2,0,0,0,1,0,0,0,0,8
20250829-M-US_Open-R32-Denis_Shapovalov-Jannik_Sinner,Denis Shapovalov,SnV1st,2,2,0,0,0,1,0,0,0,0,8
20250829-M-US_Open-R32-Denis_Shapovalov-Jannik_Sinner,Denis Shapovalov,nonSnV,114,73,15,0,23,0,3,1,3,1,401
20250829-M-US_Open-R32-Denis_Shapovalov-Jannik_Sinner,Denis Shapovalov,nonSnV1st,63,46,15,0,17,0,3,1,0,1,228
20250829-M-US_Open-R32-Denis_Shapovalov-Jannik_Sinner,Denis Shapovalov,nonSnV2nd,51,27,0,0,6,0,0,0,3,0,173
20250829-M-US_Open-R32-Denis_Shapovalov-Jannik_Sinner,Jannik Sinner,SnV,1,1,0,0,0,1,0,0,0,0,5
20250829-M-US_Open-R32-Denis_Shapovalov-Jannik_Sinner,Jannik Sinner,SnV1st,1,1,0,0,0,1,0,0,0,0,5
20250829-M-US_Open-R32-Denis_Shapovalov-Jannik_Sinner,Jannik Sinner,nonSnV,104,76,2,0,20,6,4,1,1,0,524
20250829-M-US_Open-R32-Denis_Shapovalov-Jannik_Sinner,Jannik Sinner,nonSnV1st,64,54,2,0,20,5,2,1,1,0,280
20250829-M-US_Open-R32-Denis_Shapovalov-Jannik_Sinner,Jannik Sinner,nonSnV2nd,40,22,0,0,0,1,2,0,0,0,244
20250829-M-US_Open-R32-Carlos_Alcaraz-Luciano_Darderi,Carlos Alcaraz,SnV,8,7,0,3,0,2,0,1,0,0,21
20250829-M-US_Open-R32-Carlos_Alcaraz-Luciano_Darderi,Carlos Alcaraz,SnV1st,8,7,0,3,0,2,0,1,0,0,21
20250829-M-US_Open-R32-Carlos_Alcaraz-Luciano_Darderi,Carlos Alcaraz,nonSnV,61,43,9,14,0,0,0,1,0,0,213
20250829-M-US_Open-R32-Carlos_Alcaraz-Luciano_Darderi,Carlos Alcaraz,nonSnV1st,39,30,9,11,0,0,0,0,0,0,114
20250829-M-US_Open-R32-Carlos_Alcaraz-Luciano_Darderi,Carlos Alcaraz,nonSnV2nd,22,13,0,3,0,0,0,1,0,0,99
20250828-M-US_Open-R64-Jannik_Sinner-Alexei_Popyrin,Alexei Popyrin,SnV,1,0,0,0,0,0,0,0,1,0,4
20250828-M-US_Open-R64-Jannik_Sinner-Alexei_Popyrin,Alexei Popyrin,SnV1st,1,0,0,0,0,0,0,0,1,0,4
20250828-M-US_Open-R64-Jannik_Sinner-Alexei_Popyrin,Alexei Popyrin,nonSnV,70,37,6,0,10,7,3,0,1,2,289
20250828-M-US_Open-R64-Jannik_Sinner-Alexei_Popyrin,Alexei Popyrin,nonSnV1st,43,27,6,0,6,6,2,0,1,2,169
20250828-M-US_Open-R64-Jannik_Sinner-Alexei_Popyrin,Alexei Popyrin,nonSnV2nd,27,10,0,0,4,1,1,0,0,0,120
20250828-M-US_Open-R64-Carlos_Alcaraz-Mattia_Bellucci,Carlos Alcaraz,SnV,9,7,2,2,0,2,1,2,0,0,17
20250828-M-US_Open-R64-Carlos_Alcaraz-Mattia_Bellucci,Carlos Alcaraz,SnV1st,9,7,2,2,0,2,1,2,0,0,17
20250828-M-US_Open-R64-Carlos_Alcaraz-Mattia_Bellucci,Carlos Alcaraz,nonSnV,47,38,5,10,0,4,0,0,0,0,158
20250828-M-US_Open-R64-Carlos_Alcaraz-Mattia_Bellucci,Carlos Alcaraz,nonSnV1st,26,23,5,8,0,2,0,0,0,0,65
20250828-M-US_Open-R64-Carlos_Alcaraz-Mattia_Bellucci,Carlos Alcaraz,nonSnV2nd,21,15,0,2,0,2,0,0,0,0,93
20250828-M-US_Open-R64-Carlos_Alcaraz-Mattia_Bellucci,Mattia Bellucci,SnV,3,0,0,0,0,0,0,1,2,0,10
20250828-M-US_Open-R64-Carlos_Alcaraz-Mattia_Bellucci,Mattia Bellucci,SnV1st,3,0,0,0,0,0,0,1,2,0,10
20250828-M-US_Open-R64-Carlos_Alcaraz-Mattia_Bellucci,Mattia Bellucci,nonSnV,78,39,2,12,0,4,0,3,2,1,325
20250828-M-US_Open-R64-Carlos_Alcaraz-Mattia_Bellucci,Mattia Bellucci,nonSnV1st,49,22,2,9,0,3,0,3,2,1,194
20250828-M-US_Open-R64-Carlos_Alcaraz-Mattia_Bellucci,Mattia Bellucci,nonSnV2nd,29,17,0,3,0,1,0,0,0,0,131
20250827-M-US_Open-R64-Zachary_Svajda-Novak_Djokovic,Novak Djokovic,SnV,6,5,0,0,2,2,0,0,1,0,15
20250827-M-US_Open-R64-Zachary_Svajda-Novak_Djokovic,Novak Djokovic,SnV1st,6,5,0,0,2,2,0,0,1,0,15
20250827-M-US_Open-R64-Zachary_Svajda-Novak_Djokovic,Novak Djokovic,nonSnV,94,75,10,0,21,9,2,1,2,0,387
20250827-M-US_Open-R64-Zachary_Svajda-Novak_Djokovic,Novak Djokovic,nonSnV1st,56,47,10,0,17,4,2,1,2,0,183
20250827-M-US_Open-R64-Zachary_Svajda-Novak_Djokovic,Novak Djokovic,nonSnV2nd,38,28,0,0,4,5,0,0,0,0,204
20250827-M-US_Open-R64-Joao_Fonseca-Tomas_Machac,Joao Fonseca,SnV,1,1,0,0,0,1,0,0,0,0,5
20250827-M-US_Open-R64-Joao_Fonseca-Tomas_Machac,Joao Fonseca,SnV1st,1,1,0,0,0,1,0,0,0,0,5
20250827-M-US_Open-R64-Joao_Fonseca-Tomas_Machac,Joao Fonseca,nonSnV,72,52,9,12,0,2,1,2,2,0,262
20250827-M-US_Open-R64-Joao_Fonseca-Tomas_Machac,Joao Fonseca,nonSnV1st,49,36,9,9,0,2,1,1,2,0,150
20250827-M-US_Open-R64-Joao_Fonseca-Tomas_Machac,Joao Fonseca,nonSnV2nd,23,16,0,3,0,0,0,1,0,0,112
20250827-M-US_Open-R64-Joao_Fonseca-Tomas_Machac,Tomas Machac,SnV,1,1,0,0,0,1,0,0,0,0,3
20250827-M-US_Open-R64-Joao_Fonseca-Tomas_Machac,Tomas Machac,SnV1st,1,1,0,0,0,1,0,0,0,0,3
20250827-M-US_Open-R64-Joao_Fonseca-Tomas_Machac,Tomas Machac,nonSnV,90,68,3,13,0,9,1,1,1,0,338
20250827-M-US_Open-R64-Joao_Fonseca-Tomas_Machac,Tomas Machac,nonSnV1st,55,43,3,12,0,7,1,1,1,0,193
20250827-M-US_Open-R64-Joao_Fonseca-Tomas_Machac,Tomas Machac,nonSnV2nd,35,25,0,1,0,2,0,0,0,0,145
20250827-M-US_Open-R64-Casper_Ruud-Raphael_Collignon,Casper Ruud,SnV,1,0,0,0,0,0,0,0,0,1,4
20250827-M-US_Open-R64-Casper_Ruud-Raphael_Collignon,Casper Ruud,SnV1st,1,0,0,0,0,0,0,0,0,1,4
20250827-M-US_Open-R64-Casper_Ruud-Raphael_Collignon,Casper Ruud,nonSnV,136,90,12,3,18,6,6,0,1,1,520
20250827-M-US_Open-R64-Casper_Ruud-Raphael_Collignon,Casper Ruud,nonSnV1st,83,63,11,3,17,3,6,0,1,0,285
20250827-M-US_Open-R64-Casper_Ruud-Raphael_Collignon,Casper Ruud,nonSnV2nd,53,27,1,0,1,3,0,0,0,1,235
20250827-M-US_Open-R64-Casper_Ruud-Raphael_Collignon,Raphael Collignon,SnV,5,4,0,0,0,1,0,1,0,0,16
20250827-M-US_Open-R64-Casper_Ruud-Raphael_Collignon,Raphael Collignon,SnV2nd,5,4,0,0,0,1,0,1,0,0,16
20250827-M-US_Open-R64-Casper_Ruud-Raphael_Collignon,Raphael Collignon,nonSnV,139,91,18,4,11,7,7,2,3,0,625
20250827-M-US_Open-R64-Casper_Ruud-Raphael_Collignon,Raphael Collignon,nonSnV1st,97,67,18,4,10,5,5,2,3,0,385
20250827-M-US_Open-R64-Casper_Ruud-Raphael_Collignon,Raphael Collignon,nonSnV2nd,42,24,0,0,1,2,2,0,0,0,240
20250826-M-US_Open-R128-Reilly_Opelka-Carlos_Alcaraz,Reilly Opelka,SnV,7,6,1,2,0,2,0,1,0,0,14
20250826-M-US_Open-R128-Reilly_Opelka-Carlos_Alcaraz,Reilly Opelka,SnV1st,3,3,1,1,0,0,0,0,0,0,5
20250826-M-US_Open-R128-Reilly_Opelka-Carlos_Alcaraz,Reilly Opelka,SnV2nd,4,3,0,1,0,2,0,1,0,0,9
20250826-M-US_Open-R128-Reilly_Opelka-Carlos_Alcaraz,Reilly Opelka,nonSnV,88,59,13,20,0,5,2,3,2,1,273
20250826-M-US_Open-R128-Reilly_Opelka-Carlos_Alcaraz,Reilly Opelka,nonSnV1st,63,47,12,19,0,5,1,2,1,1,165
20250826-M-US_Open-R128-Reilly_Opelka-Carlos_Alcaraz,Reilly Opelka,nonSnV2nd,25,12,1,1,0,0,1,1,1,0,108
20250826-M-US_Open-R128-Reilly_Opelka-Carlos_Alcaraz,Carlos Alcaraz,SnV,5,4,0,2,0,2,0,1,0,0,12
20250826-M-US_Open-R128-Reilly_Opelka-Carlos_Alcaraz,Carlos Alcaraz,SnV1st,5,4,0,2,0,2,0,1,0,0,12
20250826-M-US_Open-R128-Reilly_Opelka-Carlos_Alcaraz,Carlos Alcaraz,nonSnV,73,63,3,30,0,1,0,0,1,0,181
20250826-M-US_Open-R128-Reilly_Opelka-Carlos_Alcaraz,Carlos Alcaraz,nonSnV1st,53,46,3,28,0,1,0,0,1,0,118
20250826-M-US_Open-R128-Reilly_Opelka-Carlos_Alcaraz,Carlos Alcaraz,nonSnV2nd,20,17,0,2,0,0,0,0,0,0,63
20250826-M-US_Open-R128-Daniel_Altmaier-Hamad_Medjedovic,Daniel Altmaier,SnV,12,8,0,0,3,4,0,2,0,0,28
20250826-M-US_Open-R128-Daniel_Altmaier-Hamad_Medjedovic,Daniel Altmaier,SnV1st,8,7,0,0,3,4,0,0,0,0,21
20250826-M-US_Open-R128-Daniel_Altmaier-Hamad_Medjedovic,Daniel Altmaier,SnV2nd,4,1,0,0,0,0,0,2,0,0,7
20250826-M-US_Open-R128-Daniel_Altmaier-Hamad_Medjedovic,Daniel Altmaier,nonSnV,166,117,24,4,26,6,2,2,2,0,665
20250826-M-US_Open-R128-Daniel_Altmaier-Hamad_Medjedovic,Daniel Altmaier,nonSnV1st,110,88,24,3,26,6,1,2,0,0,374
20250826-M-US_Open-R128-Daniel_Altmaier-Hamad_Medjedovic,Daniel Altmaier,nonSnV2nd,56,29,0,1,0,0,1,0,2,0,291
20250826-M-US_Open-R128-Daniel_Altmaier-Hamad_Medjedovic,Hamad Medjedovic,SnV,9,7,0,0,1,4,2,2,0,0,25
20250826-M-US_Open-R128-Daniel_Altmaier-Hamad_Medjedovic,Hamad Medjedovic,SnV1st,7,6,0,0,1,3,2,1,0,0,20
20250826-M-US_Open-R128-Daniel_Altmaier-Hamad_Medjedovic,Hamad Medjedovic,SnV2nd,2,1,0,0,0,1,0,1,0,0,5
20250826-M-US_Open-R128-Daniel_Altmaier-Hamad_Medjedovic,Hamad Medjedovic,nonSnV,177,125,29,7,28,11,11,2,4,1,517
20250826-M-US_Open-R128-Daniel_Altmaier-Hamad_Medjedovic,Hamad Medjedovic,nonSnV1st,116,94,27,7,27,7,9,2,3,0,286
20250826-M-US_Open-R128-Daniel_Altmaier-Hamad_Medjedovic,Hamad Medjedovic,nonSnV2nd,61,31,2,0,1,4,2,0,1,1,231
20250825-M-US_Open-R128-Martin_Damm-Darwin_Blanch,Martin Damm,SnV,4,4,1,0,1,2,0,0,0,0,8
20250825-M-US_Open-R128-Martin_Damm-Darwin_Blanch,Martin Damm,SnV1st,4,4,1,0,1,2,0,0,0,0,8
20250825-M-US_Open-R128-Martin_Damm-Darwin_Blanch,Martin Damm,nonSnV,77,60,22,3,11,7,3,2,0,0,164
20250825-M-US_Open-R128-Martin_Damm-Darwin_Blanch,Martin Damm,nonSnV1st,51,42,21,3,9,4,1,1,0,0,88
20250825-M-US_Open-R128-Martin_Damm-Darwin_Blanch,Martin Damm,nonSnV2nd,26,18,1,0,2,3,2,1,0,0,76
20250824-M-US_Open-R128-Novak_Djokovic-Learner_Tien,Novak Djokovic,SnV,9,7,0,0,2,4,0,1,1,0,25
20250824-M-US_Open-R128-Novak_Djokovic-Learner_Tien,Novak Djokovic,SnV1st,7,6,0,0,2,3,0,0,1,0,20
20250824-M-US_Open-R128-Novak_Djokovic-Learner_Tien,Novak Djokovic,SnV2nd,2,1,0,0,0,1,0,1,0,0,5
20250824-M-US_Open-R128-Novak_Djokovic-Learner_Tien,Novak Djokovic,nonSnV,81,54,7,0,16,9,7,0,2,2,372
20250824-M-US_Open-R128-Novak_Djokovic-Learner_Tien,Novak Djokovic,nonSnV1st,49,37,7,0,12,5,6,0,0,1,165
20250824-M-US_Open-R128-Novak_Djokovic-Learner_Tien,Novak Djokovic,nonSnV2nd,32,17,0,0,4,4,1,0,2,1,207
20250824-M-US_Open-R128-Jesper_De_Jong-Brandon_Nakashima,Jesper De Jong,SnV,5,3,0,0,0,3,0,1,0,0,13
20250824-M-US_Open-R128-Jesper_De_Jong-Brandon_Nakashima,Jesper De Jong,SnV1st,5,3,0,0,0,3,0,1,0,0,13
20250824-M-US_Open-R128-Jesper_De_Jong-Brandon_Nakashima,Jesper De Jong,nonSnV,134,92,17,5,16,4,7,0,1,3,500
20250824-M-US_Open-R128-Jesper_De_Jong-Brandon_Nakashima,Jesper De Jong,nonSnV1st,80,55,16,4,13,4,3,0,1,3,279
20250824-M-US_Open-R128-Jesper_De_Jong-Brandon_Nakashima,Jesper De Jong,nonSnV2nd,54,37,1,1,3,0,4,0,0,0,221
20250824-M-US_Open-R128-Jesper_De_Jong-Brandon_Nakashima,Brandon Nakashima,SnV,2,1,0,0,0,0,1,1,0,0,5
20250824-M-US_Open-R128-Jesper_De_Jong-Brandon_Nakashima,Brandon Nakashima,SnV1st,2,1,0,0,0,0,1,1,0,0,5
20250824-M-US_Open-R128-Jesper_De_Jong-Brandon_Nakashima,Brandon Nakashima,nonSnV,143,104,17,6,19,12,12,2,3,0,576
20250824-M-US_Open-R128-Jesper_De_Jong-Brandon_Nakashima,Brandon Nakashima,nonSnV1st,85,70,16,6,15,9,8,2,3,0,310
20250824-M-US_Open-R128-Jesper_De_Jong-Brandon_Nakashima,Brandon Nakashima,nonSnV2nd,58,34,1,0,4,3,4,0,0,0,266
20250824-M-US_Open-R128-Benjamin_Bonzi-Daniil_Medvedev,Benjamin Bonzi,SnV,3,1,0,0,0,1,0,0,1,0,13
20250824-M-US_Open-R128-Benjamin_Bonzi-Daniil_Medvedev,Benjamin Bonzi,SnV1st,2,1,0,0,0,1,0,0,0,0,7
20250824-M-US_Open-R128-Benjamin_Bonzi-Daniil_Medvedev,Benjamin Bonzi,SnV2nd,1,0,0,0,0,0,0,0,1,0,6
20250824-M-US_Open-R128-Benjamin_Bonzi-Daniil_Medvedev,Benjamin Bonzi,nonSnV,150,98,7,3,22,7,8,2,3,0,726
20250824-M-US_Open-R128-Benjamin_Bonzi-Daniil_Medvedev,Benjamin Bonzi,nonSnV1st,103,71,7,3,22,6,5,1,3,0,475
20250824-M-US_Open-R128-Benjamin_Bonzi-Daniil_Medvedev,Benjamin Bonzi,nonSnV2nd,47,27,0,0,0,1,3,1,0,0,251
20250824-M-US_Open-R128-Benjamin_Bonzi-Daniil_Medvedev,Daniil Medvedev,SnV,7,7,0,0,2,4,1,0,0,0,21
20250824-M-US_Open-R128-Benjamin_Bonzi-Daniil_Medvedev,Daniil Medvedev,SnV1st,6,6,0,0,2,3,1,0,0,0,14
20250824-M-US_Open-R128-Benjamin_Bonzi-Daniil_Medvedev,Daniil Medvedev,SnV2nd,1,1,0,0,0,1,0,0,0,0,7
20250824-M-US_Open-R128-Benjamin_Bonzi-Daniil_Medvedev,Daniil Medvedev,nonSnV,132,85,21,1,14,10,3,3,3,6,489
20250824-M-US_Open-R128-Benjamin_Bonzi-Daniil_Medvedev,Daniil Medvedev,nonSnV1st,85,62,21,1,13,9,2,2,2,5,324
20250824-M-US_Open-R128-Benjamin_Bonzi-Daniil_Medvedev,Daniil Medvedev,nonSnV2nd,47,23,0,0,1,1,1,1,1,1,165
20250824-M-US_Open-R128-Adrian_Mannarino-Tallon_Griekspoor,Adrian Mannarino,SnV,1,0,0,0,0,0,0,1,0,0,2
20250824-M-US_Open-R128-Adrian_Mannarino-Tallon_Griekspoor,Adrian Mannarino,SnV1st,1,0,0,0,0,0,0,1,0,0,2
20250824-M-US_Open-R128-Adrian_Mannarino-Tallon_Griekspoor,Adrian Mannarino,nonSnV,82,62,14,2,8,3,6,1,1,0,402
20250824-M-US_Open-R128-Adrian_Mannarino-Tallon_Griekspoor,Adrian Mannarino,nonSnV1st,46,42,14,2,7,2,4,1,0,0,170
20250824-M-US_Open-R128-Adrian_Mannarino-Tallon_Griekspoor,Adrian Mannarino,nonSnV2nd,36,20,0,0,1,1,2,0,1,0,232
20250124-M-Australian_Open-SF-Novak_Djokovic-Alexander_Zverev,Novak Djokovic,SnV,2,0,0,0,0,0,0,1,0,0,4
20250124-M-Australian_Open-SF-Novak_Djokovic-Alexander_Zverev,Novak Djokovic,SnV1st,2,0,0,0,0,0,0,1,0,0,4
20250124-M-Australian_Open-SF-Novak_Djokovic-Alexander_Zverev,Novak Djokovic,nonSnV,52,36,5,10,0,1,0,2,2,0,300
20250124-M-Australian_Open-SF-Novak_Djokovic-Alexander_Zverev,Novak Djokovic,nonSnV1st,29,21,5,9,0,0,0,1,2,0,111
20250124-M-Australian_Open-SF-Novak_Djokovic-Alexander_Zverev,Novak Djokovic,nonSnV2nd,23,15,0,1,0,1,0,1,0,0,189
20250124-M-Australian_Open-SF-Jannik_Sinner-Ben_Shelton,Ben Shelton,SnV,3,1,0,0,0,0,1,1,1,0,9
20250124-M-Australian_Open-SF-Jannik_Sinner-Ben_Shelton,Ben Shelton,SnV1st,3,1,0,0,0,0,1,1,1,0,9
20250124-M-Australian_Open-SF-Jannik_Sinner-Ben_Shelton,Ben Shelton,nonSnV,109,61,7,0,18,5,4,0,2,2,529
20250124-M-Australian_Open-SF-Jannik_Sinner-Ben_Shelton,Ben Shelton,nonSnV1st,67,39,7,0,15,5,2,0,1,1,303
20250124-M-Australian_Open-SF-Jannik_Sinner-Ben_Shelton,Ben Shelton,nonSnV2nd,42,22,0,0,3,0,2,0,1,1,226
20250122-M-Australian_Open-QF-Lorenzo_Sonego-Ben_Shelton,Lorenzo Sonego,SnV,22,19,0,0,5,10,2,2,0,0,63
20250122-M-Australian_Open-QF-Lorenzo_Sonego-Ben_Shelton,Lorenzo Sonego,SnV1st,18,15,0,0,3,8,2,2,0,0,53
20250122-M-Australian_Open-QF-Lorenzo_Sonego-Ben_Shelton,Lorenzo Sonego,SnV2nd,4,4,0,0,2,2,0,0,0,0,10
20250122-M-Australian_Open-QF-Lorenzo_Sonego-Ben_Shelton,Lorenzo Sonego,nonSnV,130,80,3,5,7,18,16,12,5,4,632
20250122-M-Australian_Open-QF-Lorenzo_Sonego-Ben_Shelton,Lorenzo Sonego,nonSnV1st,84,57,3,5,7,12,11,9,4,1,375
20250122-M-Australian_Open-QF-Lorenzo_Sonego-Ben_Shelton,Lorenzo Sonego,nonSnV2nd,46,23,0,0,0,6,5,3,1,3,257
20250122-M-Australian_Open-QF-Lorenzo_Sonego-Ben_Shelton,Ben Shelton,SnV,9,7,0,0,2,3,1,0,0,0,35
20250122-M-Australian_Open-QF-Lorenzo_Sonego-Ben_Shelton,Ben Shelton,SnV1st,8,6,0,0,2,3,1,0,0,0,34
20250122-M-Australian_Open-QF-Lorenzo_Sonego-Ben_Shelton,Ben Shelton,SnV2nd,1,1,0,0,0,0,0,0,0,0,1
20250122-M-Australian_Open-QF-Lorenzo_Sonego-Ben_Shelton,Ben Shelton,nonSnV,128,92,9,7,17,10,12,1,3,0,476
20250122-M-Australian_Open-QF-Lorenzo_Sonego-Ben_Shelton,Ben Shelton,nonSnV1st,93,69,8,7,15,6,11,1,2,0,311
20250122-M-Australian_Open-QF-Lorenzo_Sonego-Ben_Shelton,Ben Shelton,nonSnV2nd,35,23,1,0,2,4,1,0,1,0,165
20250122-M-Australian_Open-QF-Jannik_Sinner-Alex_De_Minaur,Jannik Sinner,SnV,1,0,0,0,0,0,0,0,0,0,2
20250122-M-Australian_Open-QF-Jannik_Sinner-Alex_De_Minaur,Jannik Sinner,SnV1st,1,0,0,0,0,0,0,0,0,0,2
20250122-M-Australian_Open-QF-Jannik_Sinner-Alex_De_Minaur,Jannik Sinner,nonSnV,58,49,3,0,14,4,1,1,1,0,281
20250122-M-Australian_Open-QF-Jannik_Sinner-Alex_De_Minaur,Jannik Sinner,nonSnV1st,38,33,3,0,14,4,0,0,1,0,153
20250122-M-Australian_Open-QF-Jannik_Sinner-Alex_De_Minaur,Jannik Sinner,nonSnV2nd,20,16,0,0,0,0,1,1,0,0,128
20250121-M-Australian_Open-QF-Novak_Djokovic-Carlos_Alcaraz,Novak Djokovic,SnV,4,3,0,0,0,1,2,0,0,1,15
20250121-M-Australian_Open-QF-Novak_Djokovic-Carlos_Alcaraz,Novak Djokovic,SnV1st,3,2,0,0,0,1,1,0,0,1,12
20250121-M-Australian_Open-QF-Novak_Djokovic-Carlos_Alcaraz,Novak Djokovic,SnV2nd,1,1,0,0,0,0,1,0,0,0,3
20250121-M-Australian_Open-QF-Novak_Djokovic-Carlos_Alcaraz,Novak Djokovic,nonSnV,129,80,5,0,24,8,6,0,5,0,654
20250121-M-Australian_Open-QF-Novak_Djokovic-Carlos_Alcaraz,Novak Djokovic,nonSnV1st,83,52,4,0,21,6,4,0,3,0,390
20250121-M-Australian_Open-QF-Novak_Djokovic-Carlos_Alcaraz,Novak Djokovic,nonSnV2nd,46,28,1,0,3,2,2,0,2,0,264
20250121-M-Australian_Open-QF-Novak_Djokovic-Carlos_Alcaraz,Carlos Alcaraz,SnV,5,4,0,0,3,1,0,0,0,1,12
20250121-M-Australian_Open-QF-Novak_Djokovic-Carlos_Alcaraz,Carlos Alcaraz,SnV1st,5,4,0,0,3,1,0,0,0,1,12
20250121-M-Australian_Open-QF-Novak_Djokovic-Carlos_Alcaraz,Carlos Alcaraz,nonSnV,115,69,10,1,20,6,4,2,3,1,493
20250121-M-Australian_Open-QF-Novak_Djokovic-Carlos_Alcaraz,Carlos Alcaraz,nonSnV1st,87,58,10,1,19,5,4,1,3,1,296
20250121-M-Australian_Open-QF-Novak_Djokovic-Carlos_Alcaraz,Carlos Alcaraz,nonSnV2nd,28,11,0,0,1,1,0,1,0,0,197
20250121-M-Australian_Open-QF-Alexander_Zverev-Tommy_Paul,Alexander Zverev,SnV,1,1,0,0,0,0,1,0,0,0,3
20250121-M-Australian_Open-QF-Alexander_Zverev-Tommy_Paul,Alexander Zverev,SnV1st,1,1,0,0,0,0,1,0,0,0,3
20250121-M-Australian_Open-QF-Alexander_Zverev-Tommy_Paul,Alexander Zverev,nonSnV,129,88,7,1,22,3,10,1,2,0,572
20250121-M-Australian_Open-QF-Alexander_Zverev-Tommy_Paul,Alexander Zverev,nonSnV1st,92,66,7,1,22,2,8,1,2,0,398
20250121-M-Australian_Open-QF-Alexander_Zverev-Tommy_Paul,Alexander Zverev,nonSnV2nd,37,22,0,0,0,1,2,0,0,0,174
20250121-M-Australian_Open-QF-Alexander_Zverev-Tommy_Paul,Tommy Paul,SnV,9,7,0,0,1,5,1,0,0,1,25
20250121-M-Australian_Open-QF-Alexander_Zverev-Tommy_Paul,Tommy Paul,SnV1st,8,7,0,0,1,5,1,0,0,1,23
20250121-M-Australian_Open-QF-Alexander_Zverev-Tommy_Paul,Tommy Paul,SnV2nd,1,0,0,0,0,0,0,0,0,0,2
20250121-M-Australian_Open-QF-Alexander_Zverev-Tommy_Paul,Tommy Paul,nonSnV,105,63,9,4,8,7,7,2,2,1,479
20250121-M-Australian_Open-QF-Alexander_Zverev-Tommy_Paul,Tommy Paul,nonSnV1st,65,42,9,4,8,6,4,2,2,1,248
20250121-M-Australian_Open-QF-Alexander_Zverev-Tommy_Paul,Tommy Paul,nonSnV2nd,40,21,0,0,0,1,3,0,0,0,231
20250120-M-Australian_Open-R16-Ben_Shelton-Gael_Monfils,Ben Shelton,SnV,4,3,0,0,0,3,0,0,1,0,15
20250120-M-Australian_Open-R16-Ben_Shelton-Gael_Monfils,Ben Shelton,SnV1st,3,2,0,0,0,2,0,0,1,0,12
20250120-M-Australian_Open-R16-Ben_Shelton-Gael_Monfils,Ben Shelton,SnV2nd,1,1,0,0,0,1,0,0,0,0,3
20250120-M-Australian_Open-R16-Ben_Shelton-Gael_Monfils,Ben Shelton,nonSnV,113,84,7,4,22,14,7,1,3,5,420
20250120-M-Australian_Open-R16-Ben_Shelton-Gael_Monfils,Ben Shelton,nonSnV1st,80,65,7,4,21,12,5,1,1,3,269
20250120-M-Australian_Open-R16-Ben_Shelton-Gael_Monfils,Ben Shelton,nonSnV2nd,33,19,0,0,1,2,2,0,2,2,151
20250120-M-Australian_Open-R16-Ben_Shelton-Gael_Monfils,Gael Monfils,SnV,4,4,0,0,1,3,0,0,0,0,10
20250120-M-Australian_Open-R16-Ben_Shelton-Gael_Monfils,Gael Monfils,SnV1st,3,3,0,0,0,3,0,0,0,0,9
20250120-M-Australian_Open-R16-Ben_Shelton-Gael_Monfils,Gael Monfils,SnV2nd,1,1,0,0,1,0,0,0,0,0,1
20250120-M-Australian_Open-R16-Ben_Shelton-Gael_Monfils,Gael Monfils,nonSnV,111,80,12,2,13,6,2,1,1,0,536
20250120-M-Australian_Open-R16-Ben_Shelton-Gael_Monfils,Gael Monfils,nonSnV1st,71,58,12,2,13,6,2,0,1,0,242
20250120-M-Australian_Open-R16-Ben_Shelton-Gael_Monfils,Gael Monfils,nonSnV2nd,40,22,0,0,0,0,0,1,0,0,294
20250119-M-Australian_Open-R16-Novak_Djokovic-Jiri_Lehecka,Jiri Lehecka,SnV,5,4,0,0,0,4,0,0,1,0,24
20250119-M-Australian_Open-R16-Novak_Djokovic-Jiri_Lehecka,Jiri Lehecka,SnV1st,5,4,0,0,0,4,0,0,1,0,24
20250119-M-Australian_Open-R16-Novak_Djokovic-Jiri_Lehecka,Jiri Lehecka,nonSnV,97,62,12,0,24,6,5,1,5,0,382
20250119-M-Australian_Open-R16-Novak_Djokovic-Jiri_Lehecka,Jiri Lehecka,nonSnV1st,55,43,12,0,18,4,2,0,5,0,139
20250119-M-Australian_Open-R16-Novak_Djokovic-Jiri_Lehecka,Jiri Lehecka,nonSnV2nd,42,19,0,0,6,2,3,1,0,0,243
20250118-M-Australian_Open-R32-Taylor_Fritz-Gael_Monfils,Gael Monfils,SnV,3,2,0,0,1,1,0,0,0,1,10
20250118-M-Australian_Open-R32-Taylor_Fritz-Gael_Monfils,Gael Monfils,SnV1st,3,2,0,0,1,1,0,0,0,1,10
20250118-M-Australian_Open-R32-Taylor_Fritz-Gael_Monfils,Gael Monfils,nonSnV,114,91,24,1,16,4,1,1,1,0,559
20250118-M-Australian_Open-R32-Taylor_Fritz-Gael_Monfils,Gael Monfils,nonSnV1st,71,59,24,1,10,3,1,1,1,0,311
20250118-M-Australian_Open-R32-Taylor_Fritz-Gael_Monfils,Gael Monfils,nonSnV2nd,43,32,0,0,6,1,0,0,0,0,248
20250118-M-Australian_Open-R32-Miomir_Kecmanovic-Holger_Rune,Miomir Kecmanovic,SnV,3,1,0,0,0,1,0,1,1,0,15
20250118-M-Australian_Open-R32-Miomir_Kecmanovic-Holger_Rune,Miomir Kecmanovic,SnV1st,3,1,0,0,0,1,0,1,1,0,15
20250118-M-Australian_Open-R32-Miomir_Kecmanovic-Holger_Rune,Miomir Kecmanovic,nonSnV,140,92,4,2,31,1,2,1,4,0,550
20250118-M-Australian_Open-R32-Miomir_Kecmanovic-Holger_Rune,Miomir Kecmanovic,nonSnV1st,92,65,4,2,29,0,1,1,1,0,337
20250118-M-Australian_Open-R32-Miomir_Kecmanovic-Holger_Rune,Miomir Kecmanovic,nonSnV2nd,48,27,0,0,2,1,1,0,3,0,213
20250118-M-Australian_Open-R32-Miomir_Kecmanovic-Holger_Rune,Holger Rune,SnV,2,2,0,0,1,1,0,0,0,0,4
20250118-M-Australian_Open-R32-Miomir_Kecmanovic-Holger_Rune,Holger Rune,SnV1st,2,2,0,0,1,1,0,0,0,0,4
20250118-M-Australian_Open-R32-Miomir_Kecmanovic-Holger_Rune,Holger Rune,nonSnV,151,99,16,9,21,5,2,1,2,1,553
20250118-M-Australian_Open-R32-Miomir_Kecmanovic-Holger_Rune,Holger Rune,nonSnV1st,93,71,15,9,14,3,2,0,0,0,287
20250118-M-Australian_Open-R32-Miomir_Kecmanovic-Holger_Rune,Holger Rune,nonSnV2nd,58,28,1,0,7,2,0,1,2,1,266
20250118-M-Australian_Open-R32-Jannik_Sinner-Marcos_Giron,Jannik Sinner,SnV,3,1,0,0,0,0,1,0,1,0,11
20250118-M-Australian_Open-R32-Jannik_Sinner-Marcos_Giron,Jannik Sinner,SnV1st,2,1,0,0,0,0,1,0,1,0,9
20250118-M-Australian_Open-R32-Jannik_Sinner-Marcos_Giron,Jannik Sinner,SnV2nd,1,0,0,0,0,0,0,0,0,0,2
20250118-M-Australian_Open-R32-Jannik_Sinner-Marcos_Giron,Jannik Sinner,nonSnV,77,56,8,0,15,6,2,2,0,0,320
20250118-M-Australian_Open-R32-Jannik_Sinner-Marcos_Giron,Jannik Sinner,nonSnV1st,47,39,8,0,14,4,1,1,0,0,153
20250118-M-Australian_Open-R32-Jannik_Sinner-Marcos_Giron,Jannik Sinner,nonSnV2nd,30,17,0,0,1,2,1,1,0,0,167
20250118-M-Australian_Open-R32-Ben_Shelton-Lorenzo_Musetti,Ben Shelton,SnV,17,11,0,0,4,2,1,4,2,0,39
20250118-M-Australian_Open-R32-Ben_Shelton-Lorenzo_Musetti,Ben Shelton,SnV1st,8,6,0,0,3,2,1,2,0,0,20
20250118-M-Australian_Open-R32-Ben_Shelton-Lorenzo_Musetti,Ben Shelton,SnV2nd,9,5,0,0,1,0,0,2,2,0,19
20250118-M-Australian_Open-R32-Ben_Shelton-Lorenzo_Musetti,Ben Shelton,nonSnV,99,73,11,4,21,6,9,6,4,0,367
20250118-M-Australian_Open-R32-Ben_Shelton-Lorenzo_Musetti,Ben Shelton,nonSnV1st,75,61,11,4,19,5,8,6,2,0,229
20250118-M-Australian_Open-R32-Ben_Shelton-Lorenzo_Musetti,Ben Shelton,nonSnV2nd,24,12,0,0,2,1,1,0,2,0,138
20250118-M-Australian_Open-R32-Ben_Shelton-Lorenzo_Musetti,Lorenzo Musetti,SnV,2,1,0,0,0,1,0,0,1,0,7
20250118-M-Australian_Open-R32-Ben_Shelton-Lorenzo_Musetti,Lorenzo Musetti,SnV1st,2,1,0,0,0,1,0,0,1,0,7
20250118-M-Australian_Open-R32-Ben_Shelton-Lorenzo_Musetti,Lorenzo Musetti,nonSnV,111,78,2,2,13,6,5,4,5,0,520
20250118-M-Australian_Open-R32-Ben_Shelton-Lorenzo_Musetti,Lorenzo Musetti,nonSnV1st,68,51,2,2,13,5,3,3,3,0,311
20250118-M-Australian_Open-R32-Ben_Shelton-Lorenzo_Musetti,Lorenzo Musetti,nonSnV2nd,43,27,0,0,0,1,2,1,2,0,209
20250118-M-Australian_Open-R32-Alex_Michelsen-Karen_Khachanov,Alex Michelsen,SnV,1,1,0,0,0,1,0,0,0,0,3
20250118-M-Australian_Open-R32-Alex_Michelsen-Karen_Khachanov,Alex Michelsen,SnV1st,1,1,0,0,0,1,0,0,0,0,3
20250118-M-Australian_Open-R32-Alex_Michelsen-Karen_Khachanov,Alex Michelsen,nonSnV,94,66,8,5,12,5,6,0,1,1,400
20250118-M-Australian_Open-R32-Alex_Michelsen-Karen_Khachanov,Alex Michelsen,nonSnV1st,61,44,8,5,10,3,3,0,1,1,238
20250118-M-Australian_Open-R32-Alex_Michelsen-Karen_Khachanov,Alex Michelsen,nonSnV2nd,33,22,0,0,2,2,3,0,0,0,162
20250117-M-Australian_Open-R32-Nuno_Borges-Carlos_Alcaraz,Nuno Borges,SnV,1,1,0,0,0,0,1,0,0,0,5
20250117-M-Australian_Open-R32-Nuno_Borges-Carlos_Alcaraz,Nuno Borges,SnV1st,1,1,0,0,0,0,1,0,0,0,5
20250117-M-Australian_Open-R32-Nuno_Borges-Carlos_Alcaraz,Nuno Borges,nonSnV,135,82,3,1,22,5,7,2,3,1,554
20250117-M-Australian_Open-R32-Nuno_Borges-Carlos_Alcaraz,Nuno Borges,nonSnV1st,96,61,3,1,21,4,5,2,3,1,421
20250117-M-Australian_Open-R32-Nuno_Borges-Carlos_Alcaraz,Nuno Borges,nonSnV2nd,39,21,0,0,1,1,2,0,0,0,133
20250117-M-Australian_Open-R32-Nuno_Borges-Carlos_Alcaraz,Carlos Alcaraz,SnV,4,3,0,0,3,0,0,0,0,1,7
20250117-M-Australian_Open-R32-Nuno_Borges-Carlos_Alcaraz,Carlos Alcaraz,SnV1st,4,3,0,0,3,0,0,0,0,1,7
20250117-M-Australian_Open-R32-Nuno_Borges-Carlos_Alcaraz,Carlos Alcaraz,nonSnV,102,77,9,2,12,6,5,1,2,1,385
20250117-M-Australian_Open-R32-Nuno_Borges-Carlos_Alcaraz,Carlos Alcaraz,nonSnV1st,63,53,8,2,12,5,3,1,0,0,211
20250117-M-Australian_Open-R32-Nuno_Borges-Carlos_Alcaraz,Carlos Alcaraz,nonSnV2nd,39,24,1,0,0,1,2,0,2,1,174
20250117-M-Australian_Open-R32-Corentin_Moutet-Learner_Tien,Corentin Moutet,SnV,1,0,0,0,0,0,0,0,0,0,2
20250117-M-Australian_Open-R32-Corentin_Moutet-Learner_Tien,Corentin Moutet,SnV1st,1,0,0,0,0,0,0,0,0,0,2
20250117-M-Australian_Open-R32-Corentin_Moutet-Learner_Tien,Corentin Moutet,nonSnV,104,60,3,0,7,5,2,1,3,1,477
20250117-M-Australian_Open-R32-Corentin_Moutet-Learner_Tien,Corentin Moutet,nonSnV1st,75,45,3,0,6,4,2,1,2,1,344
20250117-M-Australian_Open-R32-Corentin_Moutet-Learner_Tien,Corentin Moutet,nonSnV2nd,29,15,0,0,1,1,0,0,1,0,133
20250116-M-Australian_Open-R64-Tristan_Schoolkate-Jannik_Sinner,Tristan Schoolkate,SnV,25,17,0,0,10,6,1,0,4,1,59
20250116-M-Australian_Open-R64-Tristan_Schoolkate-Jannik_Sinner,Tristan Schoolkate,SnV1st,18,13,0,0,6,6,1,0,4,0,47
20250116-M-Australian_Open-R64-Tristan_Schoolkate-Jannik_Sinner,Tristan Schoolkate,SnV2nd,7,4,0,0,4,0,0,0,0,1,12
20250116-M-Australian_Open-R64-Tristan_Schoolkate-Jannik_Sinner,Tristan Schoolkate,nonSnV,103,61,13,0,21,2,8,0,0,2,383
20250116-M-Australian_Open-R64-Tristan_Schoolkate-Jannik_Sinner,Tristan Schoolkate,nonSnV1st,65,46,13,0,16,2,6,0,0,0,202
20250116-M-Australian_Open-R64-Tristan_Schoolkate-Jannik_Sinner,Tristan Schoolkate,nonSnV2nd,38,15,0,0,5,0,2,0,0,2,181
20250116-M-Australian_Open-R64-Tristan_Schoolkate-Jannik_Sinner,Jannik Sinner,SnV,1,0,0,0,0,0,0,0,1,0,4
20250116-M-Australian_Open-R64-Tristan_Schoolkate-Jannik_Sinner,Jannik Sinner,SnV2nd,1,0,0,0,0,0,0,0,1,0,4
20250116-M-Australian_Open-R64-Tristan_Schoolkate-Jannik_Sinner,Jannik Sinner,nonSnV,94,69,14,0,27,7,4,0,0,2,297
20250116-M-Australian_Open-R64-Tristan_Schoolkate-Jannik_Sinner,Jannik Sinner,nonSnV1st,62,48,14,0,17,6,3,0,0,1,170
20250116-M-Australian_Open-R64-Tristan_Schoolkate-Jannik_Sinner,Jannik Sinner,nonSnV2nd,32,21,0,0,10,1,1,0,0,1,127
20250116-M-Australian_Open-R64-Learner_Tien-Daniil_Medvedev,Learner Tien,SnV,2,1,0,0,0,1,0,1,0,0,5
20250116-M-Australian_Open-R64-Learner_Tien-Daniil_Medvedev,Learner Tien,SnV1st,1,0,0,0,0,0,0,1,0,0,2
20250116-M-Australian_Open-R64-Learner_Tien-Daniil_Medvedev,Learner Tien,SnV2nd,1,1,0,0,0,1,0,0,0,0,3
20250116-M-Australian_Open-R64-Learner_Tien-Daniil_Medvedev,Learner Tien,nonSnV,195,111,7,0,16,6,7,2,2,3,1549
20250116-M-Australian_Open-R64-Learner_Tien-Daniil_Medvedev,Learner Tien,nonSnV1st,141,86,6,0,16,5,5,2,2,0,1058
20250116-M-Australian_Open-R64-Learner_Tien-Daniil_Medvedev,Learner Tien,nonSnV2nd,54,25,1,0,0,1,2,0,0,3,491
20250116-M-Australian_Open-R64-Learner_Tien-Daniil_Medvedev,Daniil Medvedev,SnV,8,8,0,0,0,7,0,0,0,0,34
20250116-M-Australian_Open-R64-Learner_Tien-Daniil_Medvedev,Daniil Medvedev,SnV1st,7,7,0,0,0,6,0,0,0,0,31
20250116-M-Australian_Open-R64-Learner_Tien-Daniil_Medvedev,Daniil Medvedev,SnV2nd,1,1,0,0,0,1,0,0,0,0,3
20250116-M-Australian_Open-R64-Learner_Tien-Daniil_Medvedev,Daniil Medvedev,nonSnV,152,91,20,4,19,3,4,2,9,1,877
20250116-M-Australian_Open-R64-Learner_Tien-Daniil_Medvedev,Daniil Medvedev,nonSnV1st,88,59,18,3,17,2,2,2,4,1,349
20250116-M-Australian_Open-R64-Learner_Tien-Daniil_Medvedev,Daniil Medvedev,nonSnV2nd,64,32,2,1,2,1,2,0,5,0,528
20250116-M-Australian_Open-R64-Hubert_Hurkacz-Miomir_Kecmanovic,Miomir Kecmanovic,SnV,3,3,0,0,0,2,1,0,0,0,9
20250116-M-Australian_Open-R64-Hubert_Hurkacz-Miomir_Kecmanovic,Miomir Kecmanovic,SnV1st,3,3,0,0,0,2,1,0,0,0,9
20250116-M-Australian_Open-R64-Hubert_Hurkacz-Miomir_Kecmanovic,Miomir Kecmanovic,nonSnV,81,59,6,1,8,6,1,0,1,0,345
20250116-M-Australian_Open-R64-Hubert_Hurkacz-Miomir_Kecmanovic,Miomir Kecmanovic,nonSnV1st,46,35,6,1,8,3,0,0,0,0,151
20250116-M-Australian_Open-R64-Hubert_Hurkacz-Miomir_Kecmanovic,Miomir Kecmanovic,nonSnV2nd,35,24,0,0,0,3,1,0,1,0,194
20250116-M-Australian_Open-R64-Gael_Monfils-Daniel_Altmaier,Gael Monfils,SnV,2,2,0,0,0,2,0,0,0,0,12
20250116-M-Australian_Open-R64-Gael_Monfils-Daniel_Altmaier,Gael Monfils,SnV1st,2,2,0,0,0,2,0,0,0,0,12
20250116-M-Australian_Open-R64-Gael_Monfils-Daniel_Altmaier,Gael Monfils,nonSnV,89,66,12,4,8,1,3,2,0,0,416
20250116-M-Australian_Open-R64-Gael_Monfils-Daniel_Altmaier,Gael Monfils,nonSnV1st,54,44,12,4,7,1,2,2,0,0,194
20250116-M-Australian_Open-R64-Gael_Monfils-Daniel_Altmaier,Gael Monfils,nonSnV2nd,35,22,0,0,1,0,1,0,0,0,222
20250116-M-Australian_Open-R64-Gael_Monfils-Daniel_Altmaier,Daniel Altmaier,SnV,5,4,0,0,0,3,1,0,0,0,20
20250116-M-Australian_Open-R64-Gael_Monfils-Daniel_Altmaier,Daniel Altmaier,SnV1st,4,3,0,0,0,3,0,0,0,0,17
20250116-M-Australian_Open-R64-Gael_Monfils-Daniel_Altmaier,Daniel Altmaier,SnV2nd,1,1,0,0,0,0,1,0,0,0,3
20250116-M-Australian_Open-R64-Gael_Monfils-Daniel_Altmaier,Daniel Altmaier,nonSnV,92,54,4,0,11,5,10,3,5,1,480
20250116-M-Australian_Open-R64-Gael_Monfils-Daniel_Altmaier,Daniel Altmaier,nonSnV1st,51,33,3,0,10,4,5,2,2,0,221
20250116-M-Australian_Open-R64-Gael_Monfils-Daniel_Altmaier,Daniel Altmaier,nonSnV2nd,41,21,1,0,1,1,5,1,3,1,259
20250116-M-Australian_Open-Q3-Mark_Lajal-Jaime_Faria,Jaime Faria,SnV,1,0,0,0,0,0,0,0,0,0,10
20250116-M-Australian_Open-Q3-Mark_Lajal-Jaime_Faria,Jaime Faria,SnV2nd,1,0,0,0,0,0,0,0,0,0,10
20250116-M-Australian_Open-Q3-Mark_Lajal-Jaime_Faria,Jaime Faria,nonSnV,82,58,16,5,9,2,1,0,0,0,266
20250116-M-Australian_Open-Q3-Mark_Lajal-Jaime_Faria,Jaime Faria,nonSnV1st,53,44,13,4,8,2,0,0,0,0,142
20250116-M-Australian_Open-Q3-Mark_Lajal-Jaime_Faria,Jaime Faria,nonSnV2nd,29,14,3,1,1,0,1,0,0,0,124
20250115-M-Australian_Open-R64-Ugo_Humbert-Hady_Habib,Hady Habib,SnV,3,1,0,0,0,1,0,2,0,0,7
20250115-M-Australian_Open-R64-Ugo_Humbert-Hady_Habib,Hady Habib,SnV1st,3,1,0,0,0,1,0,2,0,0,7
20250115-M-Australian_Open-R64-Ugo_Humbert-Hady_Habib,Hady Habib,nonSnV,82,55,11,3,14,2,2,0,1,1,233
20250115-M-Australian_Open-R64-Ugo_Humbert-Hady_Habib,Hady Habib,nonSnV1st,55,40,10,3,13,1,2,0,0,1,138
20250115-M-Australian_Open-R64-Ugo_Humbert-Hady_Habib,Hady Habib,nonSnV2nd,27,15,1,0,1,1,0,0,1,0,95
20250115-M-Australian_Open-R64-Casper_Ruud-Jakub_Mensik,Jakub Mensik,SnV,4,1,0,0,1,0,0,3,0,0,9
20250115-M-Australian_Open-R64-Casper_Ruud-Jakub_Mensik,Jakub Mensik,SnV1st,4,1,0,0,1,0,0,3,0,0,9
20250115-M-Australian_Open-R64-Casper_Ruud-Jakub_Mensik,Jakub Mensik,nonSnV,103,73,22,2,6,6,8,2,3,2,355
20250115-M-Australian_Open-R64-Casper_Ruud-Jakub_Mensik,Jakub Mensik,nonSnV1st,61,45,21,2,4,5,5,1,3,1,183
20250115-M-Australian_Open-R64-Casper_Ruud-Jakub_Mensik,Jakub Mensik,nonSnV2nd,42,28,1,0,2,1,3,1,0,1,172
20250115-M-Australian_Open-R64-Carlos_Alcaraz-Yoshihito_Nishioka,Carlos Alcaraz,SnV,7,6,2,2,1,1,0,1,0,0,12
20250115-M-Australian_Open-R64-Carlos_Alcaraz-Yoshihito_Nishioka,Carlos Alcaraz,SnV1st,7,6,2,2,1,1,0,1,0,0,12
20250115-M-Australian_Open-R64-Carlos_Alcaraz-Yoshihito_Nishioka,Carlos Alcaraz,nonSnV,50,43,12,10,0,4,0,0,0,0,149
20250115-M-Australian_Open-R64-Carlos_Alcaraz-Yoshihito_Nishioka,Carlos Alcaraz,nonSnV1st,29,26,12,6,0,1,0,0,0,0,70
20250115-M-Australian_Open-R64-Carlos_Alcaraz-Yoshihito_Nishioka,Carlos Alcaraz,nonSnV2nd,21,17,0,4,0,3,0,0,0,0,79
20250115-M-Australian_Open-R64-Alexander_Zverev-Pedro_Martinez,Alexander Zverev,SnV,4,4,0,1,0,2,1,0,0,0,10
20250115-M-Australian_Open-R64-Alexander_Zverev-Pedro_Martinez,Alexander Zverev,SnV1st,4,4,0,1,0,2,1,0,0,0,10
20250115-M-Australian_Open-R64-Alexander_Zverev-Pedro_Martinez,Alexander Zverev,nonSnV,66,49,9,12,0,3,1,0,2,0,275
20250115-M-Australian_Open-R64-Alexander_Zverev-Pedro_Martinez,Alexander Zverev,nonSnV1st,49,37,9,10,0,2,1,0,1,0,165
20250115-M-Australian_Open-R64-Alexander_Zverev-Pedro_Martinez,Alexander Zverev,nonSnV2nd,17,12,0,2,0,1,0,0,1,0,110
20250115-M-Australian_Open-R64-Alexander_Zverev-Pedro_Martinez,Pedro Martinez,SnV,3,1,0,0,0,0,0,1,1,0,13
20250115-M-Australian_Open-R64-Alexander_Zverev-Pedro_Martinez,Pedro Martinez,SnV1st,3,1,0,0,0,0,0,1,1,0,13
20250115-M-Australian_Open-R64-Alexander_Zverev-Pedro_Martinez,Pedro Martinez,nonSnV,65,33,0,9,0,4,0,1,3,1,369
20250115-M-Australian_Open-R64-Alexander_Zverev-Pedro_Martinez,Pedro Martinez,nonSnV1st,47,26,0,9,0,3,0,1,2,1,262
20250115-M-Australian_Open-R64-Alexander_Zverev-Pedro_Martinez,Pedro Martinez,nonSnV2nd,18,7,0,0,0,1,0,0,1,0,107
20250114-M-Australian_Open-R128-Stan_Wawrinka-Lorenzo_Sonego,Stan Wawrinka,SnV,3,3,0,0,0,3,0,0,0,0,11
20250114-M-Australian_Open-R128-Stan_Wawrinka-Lorenzo_Sonego,Stan Wawrinka,SnV1st,3,3,0,0,0,3,0,0,0,0,11
20250114-M-Australian_Open-R128-Stan_Wawrinka-Lorenzo_Sonego,Stan Wawrinka,nonSnV,106,78,4,5,14,2,5,4,3,1,354
20250114-M-Australian_Open-R128-Stan_Wawrinka-Lorenzo_Sonego,Stan Wawrinka,nonSnV1st,54,39,4,5,13,1,4,2,2,0,163
20250114-M-Australian_Open-R128-Stan_Wawrinka-Lorenzo_Sonego,Stan Wawrinka,nonSnV2nd,52,39,0,0,1,1,1,2,1,1,191
20250114-M-Australian_Open-R128-Stan_Wawrinka-Lorenzo_Sonego,Lorenzo Sonego,SnV,4,4,0,0,1,3,0,0,0,0,12
20250114-M-Australian_Open-R128-Stan_Wawrinka-Lorenzo_Sonego,Lorenzo Sonego,SnV1st,4,4,0,0,1,3,0,0,0,0,12
20250114-M-Australian_Open-R128-Stan_Wawrinka-Lorenzo_Sonego,Lorenzo Sonego,nonSnV,122,92,12,7,23,8,5,3,1,0,358
20250114-M-Australian_Open-R128-Stan_Wawrinka-Lorenzo_Sonego,Lorenzo Sonego,nonSnV1st,78,65,11,5,23,4,3,2,1,0,199
20250114-M-Australian_Open-R128-Stan_Wawrinka-Lorenzo_Sonego,Lorenzo Sonego,nonSnV2nd,44,27,1,2,0,4,2,1,0,0,159
20250114-M-Australian_Open-R128-Matteo_Arnaldi-Lorenzo_Musetti,Matteo Arnaldi,SnV,9,6,0,0,2,3,1,2,1,0,24
20250114-M-Australian_Open-R128-Matteo_Arnaldi-Lorenzo_Musetti,Matteo Arnaldi,SnV1st,6,4,0,0,1,3,0,2,0,0,16
20250114-M-Australian_Open-R128-Matteo_Arnaldi-Lorenzo_Musetti,Matteo Arnaldi,SnV2nd,3,2,0,0,1,0,1,0,1,0,8
20250114-M-Australian_Open-R128-Matteo_Arnaldi-Lorenzo_Musetti,Matteo Arnaldi,nonSnV,161,94,7,4,13,13,12,3,6,5,648
20250114-M-Australian_Open-R128-Matteo_Arnaldi-Lorenzo_Musetti,Matteo Arnaldi,nonSnV1st,91,56,7,4,13,10,11,2,1,3,318
20250114-M-Australian_Open-R128-Matteo_Arnaldi-Lorenzo_Musetti,Matteo Arnaldi,nonSnV2nd,70,38,0,0,0,3,1,1,5,2,330
20250114-M-Australian_Open-R128-Matteo_Arnaldi-Lorenzo_Musetti,Lorenzo Musetti,SnV,1,0,0,0,0,0,0,1,0,0,2
20250114-M-Australian_Open-R128-Matteo_Arnaldi-Lorenzo_Musetti,Lorenzo Musetti,SnV1st,1,0,0,0,0,0,0,1,0,0,2
20250114-M-Australian_Open-R128-Matteo_Arnaldi-Lorenzo_Musetti,Lorenzo Musetti,nonSnV,141,86,6,2,24,7,4,3,1,1,602
20250114-M-Australian_Open-R128-Matteo_Arnaldi-Lorenzo_Musetti,Lorenzo Musetti,nonSnV1st,88,56,6,2,21,6,4,3,0,1,354
20250114-M-Australian_Open-R128-Matteo_Arnaldi-Lorenzo_Musetti,Lorenzo Musetti,nonSnV2nd,53,30,0,0,3,1,0,0,1,0,248
20250114-M-Australian_Open-R128-Kasidit_Samrej-Daniil_Medvedev,Kasidit Samrej,SnV,5,4,0,0,1,3,0,0,0,0,14
20250114-M-Australian_Open-R128-Kasidit_Samrej-Daniil_Medvedev,Kasidit Samrej,SnV1st,5,4,0,0,1,3,0,0,0,0,14
20250114-M-Australian_Open-R128-Kasidit_Samrej-Daniil_Medvedev,Kasidit Samrej,nonSnV,144,84,4,0,18,6,6,0,4,3,658
20250114-M-Australian_Open-R128-Kasidit_Samrej-Daniil_Medvedev,Kasidit Samrej,nonSnV1st,85,54,4,0,17,4,5,0,4,3,378
20250114-M-Australian_Open-R128-Kasidit_Samrej-Daniil_Medvedev,Kasidit Samrej,nonSnV2nd,59,30,0,0,1,2,1,0,0,0,280
20250114-M-Australian_Open-R128-Hubert_Hurkacz-Tallon_Griekspoor,Hubert Hurkacz,SnV,1,1,0,0,1,0,0,0,0,0,1
20250114-M-Australian_Open-R128-Hubert_Hurkacz-Tallon_Griekspoor,Hubert Hurkacz,SnV1st,1,1,0,0,1,0,0,0,0,0,1
20250114-M-Australian_Open-R128-Hubert_Hurkacz-Tallon_Griekspoor,Hubert Hurkacz,nonSnV,81,61,14,0,17,10,2,0,0,1,249
20250114-M-Australian_Open-R128-Hubert_Hurkacz-Tallon_Griekspoor,Hubert Hurkacz,nonSnV1st,62,48,14,0,17,6,2,0,0,1,168
20250114-M-Australian_Open-R128-Hubert_Hurkacz-Tallon_Griekspoor,Hubert Hurkacz,nonSnV2nd,19,13,0,0,0,4,0,0,0,0,81
20250114-M-Australian_Open-R128-Hubert_Hurkacz-Tallon_Griekspoor,Tallon Griekspoor,SnV,10,4,0,0,1,2,1,3,0,0,26
20250114-M-Australian_Open-R128-Hubert_Hurkacz-Tallon_Griekspoor,Tallon Griekspoor,SnV1st,5,3,0,0,1,1,1,0,0,0,11
20250114-M-Australian_Open-R128-Hubert_Hurkacz-Tallon_Griekspoor,Tallon Griekspoor,SnV2nd,5,1,0,0,0,1,0,3,0,0,15
20250114-M-Australian_Open-R128-Hubert_Hurkacz-Tallon_Griekspoor,Tallon Griekspoor,nonSnV,105,68,10,0,19,7,7,1,5,3,430
20250114-M-Australian_Open-R128-Hubert_Hurkacz-Tallon_Griekspoor,Tallon Griekspoor,nonSnV1st,65,47,10,0,18,3,6,0,5,3,229
20250114-M-Australian_Open-R128-Hubert_Hurkacz-Tallon_Griekspoor,Tallon Griekspoor,nonSnV2nd,40,21,0,0,1,4,1,1,0,0,201
20250114-M-Australian_Open-R128-Giovanni_Mpetshi_Perricard-Gael_Monfils,Giovanni Mpetshi Perricard,SnV,25,16,0,0,5,7,2,6,1,0,88
20250114-M-Australian_Open-R128-Giovanni_Mpetshi_Perricard-Gael_Monfils,Giovanni Mpetshi Perricard,SnV1st,19,12,0,0,5,5,1,5,0,0,62
20250114-M-Australian_Open-R128-Giovanni_Mpetshi_Perricard-Gael_Monfils,Giovanni Mpetshi Perricard,SnV2nd,6,4,0,0,0,2,1,1,1,0,26
20250114-M-Australian_Open-R128-Giovanni_Mpetshi_Perricard-Gael_Monfils,Giovanni Mpetshi Perricard,nonSnV,147,110,19,14,22,10,12,1,5,0,524
20250114-M-Australian_Open-R128-Giovanni_Mpetshi_Perricard-Gael_Monfils,Giovanni Mpetshi Perricard,nonSnV1st,95,73,11,10,19,5,7,0,2,0,319
20250114-M-Australian_Open-R128-Giovanni_Mpetshi_Perricard-Gael_Monfils,Giovanni Mpetshi Perricard,nonSnV2nd,52,37,8,4,3,5,5,1,3,0,205
20250114-M-Australian_Open-R128-Giovanni_Mpetshi_Perricard-Gael_Monfils,Gael Monfils,SnV,4,4,0,0,1,1,2,0,0,0,10
20250114-M-Australian_Open-R128-Giovanni_Mpetshi_Perricard-Gael_Monfils,Gael Monfils,SnV1st,4,4,0,0,1,1,2,0,0,0,10
20250114-M-Australian_Open-R128-Giovanni_Mpetshi_Perricard-Gael_Monfils,Gael Monfils,nonSnV,154,124,18,10,17,7,5,1,2,0,604
20250114-M-Australian_Open-R128-Giovanni_Mpetshi_Perricard-Gael_Monfils,Gael Monfils,nonSnV1st,99,83,17,7,17,6,4,1,1,0,379
20250114-M-Australian_Open-R128-Giovanni_Mpetshi_Perricard-Gael_Monfils,Gael Monfils,nonSnV2nd,55,41,1,3,0,1,1,0,1,0,225
20250114-M-Australian_Open-R128-Alex_De_Minaur-Botic_Van_De_Zandschulp,Botic Van De Zandschulp,SnV,4,3,0,0,1,2,0,0,0,0,17
20250114-M-Australian_Open-R128-Alex_De_Minaur-Botic_Van_De_Zandschulp,Botic Van De Zandschulp,SnV1st,4,3,0,0,1,2,0,0,0,0,17
20250114-M-Australian_Open-R128-Alex_De_Minaur-Botic_Van_De_Zandschulp,Botic Van De Zandschulp,nonSnV,79,47,5,0,13,5,6,1,1,1,399
20250114-M-Australian_Open-R128-Alex_De_Minaur-Botic_Van_De_Zandschulp,Botic Van De Zandschulp,nonSnV1st,40,25,5,0,11,2,4,1,0,0,153
20250114-M-Australian_Open-R128-Alex_De_Minaur-Botic_Van_De_Zandschulp,Botic Van De Zandschulp,nonSnV2nd,39,22,0,0,2,3,2,0,1,1,246
20250114-M-Australian_Open-R128-Adrian_Mannarino-Karen_Khachanov,Karen Khachanov,SnV,1,1,0,0,0,1,0,0,0,0,3
20250114-M-Australian_Open-R128-Adrian_Mannarino-Karen_Khachanov,Karen Khachanov,SnV1st,1,1,0,0,0,1,0,0,0,0,3
20250114-M-Australian_Open-R128-Adrian_Mannarino-Karen_Khachanov,Karen Khachanov,nonSnV,76,57,6,2,13,6,1,1,1,0,317
20250114-M-Australian_Open-R128-Adrian_Mannarino-Karen_Khachanov,Karen Khachanov,nonSnV1st,52,43,6,2,13,6,1,1,1,0,197
20250114-M-Australian_Open-R128-Adrian_Mannarino-Karen_Khachanov,Karen Khachanov,nonSnV2nd,24,14,0,0,0,0,0,0,0,0,120
20250113-M-Australian_Open-R128-Novak_Djokovic-Nishesh_Basavareddy,Novak Djokovic,SnV,2,2,0,0,2,0,0,0,0,0,2
20250113-M-Australian_Open-R128-Novak_Djokovic-Nishesh_Basavareddy,Novak Djokovic,SnV1st,2,2,0,0,2,0,0,0,0,0,2
20250113-M-Australian_Open-R128-Novak_Djokovic-Nishesh_Basavareddy,Novak Djokovic,nonSnV,100,75,23,0,27,6,1,1,0,0,383
20250113-M-Australian_Open-R128-Novak_Djokovic-Nishesh_Basavareddy,Novak Djokovic,nonSnV1st,70,54,23,0,20,2,1,1,0,0,222
20250113-M-Australian_Open-R128-Novak_Djokovic-Nishesh_Basavareddy,Novak Djokovic,nonSnV2nd,30,21,0,0,7,4,0,0,0,0,161
20250113-M-Australian_Open-R128-Jannik_Sinner-Nicolas_Jarry,Jannik Sinner,SnV,1,1,0,0,0,0,0,0,0,0,3
20250113-M-Australian_Open-R128-Jannik_Sinner-Nicolas_Jarry,Jannik Sinner,SnV2nd,1,1,0,0,0,0,0,0,0,0,3
20250113-M-Australian_Open-R128-Jannik_Sinner-Nicolas_Jarry,Jannik Sinner,nonSnV,99,77,7,0,25,1,2,0,0,1,315
20250113-M-Australian_Open-R128-Jannik_Sinner-Nicolas_Jarry,Jannik Sinner,nonSnV1st,58,48,7,0,22,1,2,0,0,1,156
20250113-M-Australian_Open-R128-Jannik_Sinner-Nicolas_Jarry,Jannik Sinner,nonSnV2nd,41,29,0,0,3,0,0,0,0,0,159
20250113-M-Australian_Open-R128-Jannik_Sinner-Nicolas_Jarry,Nicolas Jarry,SnV,5,4,0,0,0,1,0,1,0,0,12
20250113-M-Australian_Open-R128-Jannik_Sinner-Nicolas_Jarry,Nicolas Jarry,SnV1st,3,3,0,0,0,1,0,0,0,0,9
20250113-M-Australian_Open-R128-Jannik_Sinner-Nicolas_Jarry,Nicolas Jarry,SnV2nd,2,1,0,0,0,0,0,1,0,0,3
20250113-M-Australian_Open-R128-Jannik_Sinner-Nicolas_Jarry,Nicolas Jarry,nonSnV,89,61,13,0,19,7,1,2,2,1,303
20250113-M-Australian_Open-R128-Jannik_Sinner-Nicolas_Jarry,Nicolas Jarry,nonSnV1st,68,49,13,0,17,7,0,2,1,1,219
20250113-M-Australian_Open-R128-Jannik_Sinner-Nicolas_Jarry,Nicolas Jarry,nonSnV2nd,21,12,0,0,2,0,1,0,1,0,84
20250113-M-Australian_Open-R128-Christopher_Oconnell-Tommy_Paul,Christopher Oconnell,SnV,6,3,0,0,0,1,2,1,2,0,19
20250113-M-Australian_Open-R128-Christopher_Oconnell-Tommy_Paul,Christopher Oconnell,SnV1st,6,3,0,0,0,1,2,1,2,0,19
20250113-M-Australian_Open-R128-Christopher_Oconnell-Tommy_Paul,Christopher Oconnell,nonSnV,171,102,11,5,18,7,11,2,7,0,782
20250113-M-Australian_Open-R128-Christopher_Oconnell-Tommy_Paul,Christopher Oconnell,nonSnV1st,108,73,11,5,18,6,9,2,5,0,417
20250113-M-Australian_Open-R128-Christopher_Oconnell-Tommy_Paul,Christopher Oconnell,nonSnV2nd,63,29,0,0,0,1,2,0,2,0,365
20250113-M-Australian_Open-R128-Christopher_Oconnell-Tommy_Paul,Tommy Paul,SnV,15,14,0,0,3,8,2,1,0,0,42
20250113-M-Australian_Open-R128-Christopher_Oconnell-Tommy_Paul,Tommy Paul,SnV1st,15,14,0,0,3,8,2,1,0,0,42
20250113-M-Australian_Open-R128-Christopher_Oconnell-Tommy_Paul,Tommy Paul,nonSnV,131,88,15,3,14,9,11,2,1,0,560
20250113-M-Australian_Open-R128-Christopher_Oconnell-Tommy_Paul,Tommy Paul,nonSnV1st,76,59,15,3,13,5,9,2,1,0,229
20250113-M-Australian_Open-R128-Christopher_Oconnell-Tommy_Paul,Tommy Paul,nonSnV2nd,55,29,0,0,1,4,2,0,0,0,331
20250113-M-Australian_Open-R128-Brandon_Nakashima-Ben_Shelton,Brandon Nakashima,SnV,2,0,0,0,0,0,0,0,0,0,4
20250113-M-Australian_Open-R128-Brandon_Nakashima-Ben_Shelton,Brandon Nakashima,SnV1st,2,0,0,0,0,0,0,0,0,0,4
20250113-M-Australian_Open-R128-Brandon_Nakashima-Ben_Shelton,Brandon Nakashima,nonSnV,107,74,9,6,22,3,4,3,4,1,466
20250113-M-Australian_Open-R128-Brandon_Nakashima-Ben_Shelton,Brandon Nakashima,nonSnV1st,71,52,9,6,22,2,2,2,3,1,234
20250113-M-Australian_Open-R128-Brandon_Nakashima-Ben_Shelton,Brandon Nakashima,nonSnV2nd,36,22,0,0,0,1,2,1,1,0,232
20250113-M-Australian_Open-R128-Brandon_Nakashima-Ben_Shelton,Ben Shelton,SnV,5,3,0,0,0,3,0,2,0,0,19
20250113-M-Australian_Open-R128-Brandon_Nakashima-Ben_Shelton,Ben Shelton,SnV1st,5,3,0,0,0,3,0,2,0,0,19
20250113-M-Australian_Open-R128-Brandon_Nakashima-Ben_Shelton,Ben Shelton,nonSnV,105,76,12,4,21,1,3,1,4,0,368
20250113-M-Australian_Open-R128-Brandon_Nakashima-Ben_Shelton,Ben Shelton,nonSnV1st,62,45,12,4,18,1,3,0,4,0,185
20250113-M-Australian_Open-R128-Brandon_Nakashima-Ben_Shelton,Ben Shelton,nonSnV2nd,43,31,0,0,3,0,0,1,0,0,183
20250113-M-Australian_Open-R128-Alexander_Shevchenko-Carlos_Alcaraz,Carlos Alcaraz,SnV,6,2,1,1,0,0,0,0,0,0,10
20250113-M-Australian_Open-R128-Alexander_Shevchenko-Carlos_Alcaraz,Carlos Alcaraz,SnV1st,6,2,1,1,0,0,0,0,0,0,10
20250113-M-Australian_Open-R128-Alexander_Shevchenko-Carlos_Alcaraz,Carlos Alcaraz,nonSnV,71,53,5,14,0,4,0,1,1,0,237
20250113-M-Australian_Open-R128-Alexander_Shevchenko-Carlos_Alcaraz,Carlos Alcaraz,nonSnV1st,42,31,4,12,0,1,0,1,0,0,121
20250113-M-Australian_Open-R128-Alexander_Shevchenko-Carlos_Alcaraz,Carlos Alcaraz,nonSnV2nd,29,22,1,2,0,3,0,0,1,0,116
20250113-M-Australian_Open-R128-Alex_Michelsen-Stefanos_Tsitsipas,Alex Michelsen,SnV,1,1,0,0,1,0,0,0,0,0,1
20250113-M-Australian_Open-R128-Alex_Michelsen-Stefanos_Tsitsipas,Alex Michelsen,SnV1st,1,1,0,0,1,0,0,0,0,0,1
20250113-M-Australian_Open-R128-Alex_Michelsen-Stefanos_Tsitsipas,Alex Michelsen,nonSnV,115,78,8,2,21,6,8,1,3,0,460
20250113-M-Australian_Open-R128-Alex_Michelsen-Stefanos_Tsitsipas,Alex Michelsen,nonSnV1st,84,58,7,2,20,3,6,1,2,0,314
20250113-M-Australian_Open-R128-Alex_Michelsen-Stefanos_Tsitsipas,Alex Michelsen,nonSnV2nd,31,20,1,0,1,3,2,0,1,0,146
20250113-M-Australian_Open-R128-Alex_Michelsen-Stefanos_Tsitsipas,Stefanos Tsitsipas,SnV,1,1,0,0,0,1,0,0,0,0,3
20250113-M-Australian_Open-R128-Alex_Michelsen-Stefanos_Tsitsipas,Stefanos Tsitsipas,SnV1st,1,1,0,0,0,1,0,0,0,0,3
20250113-M-Australian_Open-R128-Alex_Michelsen-Stefanos_Tsitsipas,Stefanos Tsitsipas,nonSnV,113,72,13,4,10,5,3,2,5,1,424
20250113-M-Australian_Open-R128-Alex_Michelsen-Stefanos_Tsitsipas,Stefanos Tsitsipas,nonSnV1st,71,48,13,4,10,3,2,2,5,0,226
20250113-M-Australian_Open-R128-Alex_Michelsen-Stefanos_Tsitsipas,Stefanos Tsitsipas,nonSnV2nd,42,24,0,0,0,2,1,0,0,1,198
20250112-M-Australian_Open-R128-Otto_Virtanen-Arthur_Fils,Otto Virtanen,SnV,9,6,0,0,2,2,1,2,0,0,22
20250112-M-Australian_Open-R128-Otto_Virtanen-Arthur_Fils,Otto Virtanen,SnV1st,8,5,0,0,2,2,1,2,0,0,21
20250112-M-Australian_Open-R128-Otto_Virtanen-Arthur_Fils,Otto Virtanen,SnV2nd,1,1,0,0,0,0,0,0,0,0,1
20250112-M-Australian_Open-R128-Otto_Virtanen-Arthur_Fils,Otto Virtanen,nonSnV,125,85,11,4,18,1,5,2,2,1,453
20250112-M-Australian_Open-R128-Otto_Virtanen-Arthur_Fils,Otto Virtanen,nonSnV1st,73,55,11,4,18,0,3,2,2,0,207
20250112-M-Australian_Open-R128-Otto_Virtanen-Arthur_Fils,Otto Virtanen,nonSnV2nd,52,30,0,0,0,1,2,0,0,1,246
20250112-M-Australian_Open-R128-Otto_Virtanen-Arthur_Fils,Arthur Fils,SnV,1,1,0,0,0,1,0,0,0,0,5
20250112-M-Australian_Open-R128-Otto_Virtanen-Arthur_Fils,Arthur Fils,SnV2nd,1,1,0,0,0,1,0,0,0,0,5
20250112-M-Australian_Open-R128-Otto_Virtanen-Arthur_Fils,Arthur Fils,nonSnV,113,82,15,7,13,10,4,1,1,1,368
20250112-M-Australian_Open-R128-Otto_Virtanen-Arthur_Fils,Arthur Fils,nonSnV1st,74,60,15,6,13,9,4,0,1,0,230
20250112-M-Australian_Open-R128-Otto_Virtanen-Arthur_Fils,Arthur Fils,nonSnV2nd,39,22,0,1,0,1,0,1,0,1,138
20250112-M-Australian_Open-R128-Kei_Nishikori-Thiago_Monteiro,Kei Nishikori,SnV,9,8,0,0,0,8,0,0,0,0,28
20250112-M-Australian_Open-R128-Kei_Nishikori-Thiago_Monteiro,Kei Nishikori,SnV1st,9,8,0,0,0,8,0,0,0,0,28
20250112-M-Australian_Open-R128-Kei_Nishikori-Thiago_Monteiro,Kei Nishikori,nonSnV,128,96,17,4,21,8,2,2,0,2,394
20250112-M-Australian_Open-R128-Kei_Nishikori-Thiago_Monteiro,Kei Nishikori,nonSnV1st,92,74,17,4,21,6,1,2,0,2,256
20250112-M-Australian_Open-R128-Kei_Nishikori-Thiago_Monteiro,Kei Nishikori,nonSnV2nd,36,22,0,0,0,2,1,0,0,0,138
20250112-M-Australian_Open-R128-Kei_Nishikori-Thiago_Monteiro,Thiago Monteiro,SnV,3,2,0,0,0,2,0,0,1,0,12
20250112-M-Australian_Open-R128-Kei_Nishikori-Thiago_Monteiro,Thiago Monteiro,SnV1st,3,2,0,0,0,2,0,0,1,0,12
20250112-M-Australian_Open-R128-Kei_Nishikori-Thiago_Monteiro,Thiago Monteiro,nonSnV,161,109,23,8,25,4,2,1,3,0,599
20250112-M-Australian_Open-R128-Kei_Nishikori-Thiago_Monteiro,Thiago Monteiro,nonSnV1st,106,78,22,6,24,3,2,1,1,0,374
20250112-M-Australian_Open-R128-Kei_Nishikori-Thiago_Monteiro,Thiago Monteiro,nonSnV2nd,55,31,1,2,1,1,0,0,2,0,225
20250112-M-Australian_Open-R128-Casper_Ruud-Jaume_Munar,Casper Ruud,SnV,5,4,0,0,1,2,1,1,0,0,14
20250112-M-Australian_Open-R128-Casper_Ruud-Jaume_Munar,Casper Ruud,SnV1st,5,4,0,0,1,2,1,1,0,0,14
20250112-M-Australian_Open-R128-Casper_Ruud-Jaume_Munar,Casper Ruud,nonSnV,116,76,7,2,14,9,6,1,5,1,520
20250112-M-Australian_Open-R128-Casper_Ruud-Jaume_Munar,Casper Ruud,nonSnV1st,78,53,7,1,12,8,6,1,2,1,301
20250112-M-Australian_Open-R128-Casper_Ruud-Jaume_Munar,Casper Ruud,nonSnV2nd,38,23,0,1,2,1,0,0,3,0,219
20250112-M-Australian_Open-R128-Casper_Ruud-Jaume_Munar,Jaume Munar,SnV,3,2,0,0,0,1,1,1,0,0,12
20250112-M-Australian_Open-R128-Casper_Ruud-Jaume_Munar,Jaume Munar,SnV1st,3,2,0,0,0,1,1,1,0,0,12
20250112-M-Australian_Open-R128-Casper_Ruud-Jaume_Munar,Jaume Munar,nonSnV,132,82,10,4,15,11,9,4,7,1,574
20250112-M-Australian_Open-R128-Casper_Ruud-Jaume_Munar,Jaume Munar,nonSnV1st,87,64,10,4,15,9,8,4,5,0,322
20250112-M-Australian_Open-R128-Casper_Ruud-Jaume_Munar,Jaume Munar,nonSnV2nd,45,18,0,0,0,2,1,0,2,1,252
20250107-M-Australian_Open-Q1-Dominik_Koepfer-Ignacio_Buse,Dominik Koepfer,SnV,1,1,0,0,1,0,0,0,0,0,1
20250107-M-Australian_Open-Q1-Dominik_Koepfer-Ignacio_Buse,Dominik Koepfer,SnV1st,1,1,0,0,1,0,0,0,0,0,1
20250107-M-Australian_Open-Q1-Dominik_Koepfer-Ignacio_Buse,Dominik Koepfer,nonSnV,85,60,5,4,18,6,4,2,1,0,312
20250107-M-Australian_Open-Q1-Dominik_Koepfer-Ignacio_Buse,Dominik Koepfer,nonSnV1st,52,38,4,4,15,5,1,1,1,0,162
20250107-M-Australian_Open-Q1-Dominik_Koepfer-Ignacio_Buse,Dominik Koepfer,nonSnV2nd,33,22,1,0,3,1,3,1,0,0,150
20250106-M-Australian_Open-Q1-Elmer_Moller-Lukas_Neumayer,Lukas Neumayer,SnV,3,3,0,0,1,1,1,0,0,0,7
20250106-M-Australian_Open-Q1-Elmer_Moller-Lukas_Neumayer,Lukas Neumayer,SnV1st,3,3,0,0,1,1,1,0,0,0,7
20250106-M-Australian_Open-Q1-Elmer_Moller-Lukas_Neumayer,Lukas Neumayer,nonSnV,114,71,4,3,15,5,4,0,3,0,485
20250106-M-Australian_Open-Q1-Elmer_Moller-Lukas_Neumayer,Lukas Neumayer,nonSnV1st,71,50,4,3,12,4,4,0,3,0,304
20250106-M-Australian_Open-Q1-Elmer_Moller-Lukas_Neumayer,Lukas Neumayer,nonSnV2nd,43,21,0,0,3,1,0,0,0,0,181
20240906-M-US_Open-SF-Taylor_Fritz-Frances_Tiafoe,Frances Tiafoe,SnV,1,1,0,0,0,1,0,0,0,0,3
20240906-M-US_Open-SF-Taylor_Fritz-Frances_Tiafoe,Frances Tiafoe,SnV1st,1,1,0,0,0,1,0,0,0,0,3
20240906-M-US_Open-SF-Taylor_Fritz-Frances_Tiafoe,Frances Tiafoe,nonSnV,121,83,11,2,15,4,2,2,1,2,513
20240906-M-US_Open-SF-Taylor_Fritz-Frances_Tiafoe,Frances Tiafoe,nonSnV1st,70,56,11,2,15,3,2,1,1,2,242
20240906-M-US_Open-SF-Taylor_Fritz-Frances_Tiafoe,Frances Tiafoe,nonSnV2nd,51,27,0,0,0,1,0,1,0,0,271
20240906-M-US_Open-SF-Jack_Draper-Jannik_Sinner,Jack Draper,SnV,22,15,0,0,6,4,4,1,1,1,57
20240906-M-US_Open-SF-Jack_Draper-Jannik_Sinner,Jack Draper,SnV1st,15,13,0,0,6,3,4,0,1,0,39
20240906-M-US_Open-SF-Jack_Draper-Jannik_Sinner,Jack Draper,SnV2nd,7,2,0,0,0,1,0,1,0,1,18
20240906-M-US_Open-SF-Jack_Draper-Jannik_Sinner,Jack Draper,nonSnV,99,60,8,1,11,5,1,1,4,1,466
20240906-M-US_Open-SF-Jack_Draper-Jannik_Sinner,Jack Draper,nonSnV1st,49,30,8,1,10,2,0,0,1,1,206
20240906-M-US_Open-SF-Jack_Draper-Jannik_Sinner,Jack Draper,nonSnV2nd,50,30,0,0,1,3,1,1,3,0,260
20240906-M-US_Open-SF-Jack_Draper-Jannik_Sinner,Jannik Sinner,SnV,3,2,0,0,0,1,1,0,0,1,12
20240906-M-US_Open-SF-Jack_Draper-Jannik_Sinner,Jannik Sinner,SnV1st,3,2,0,0,0,1,1,0,0,1,12
20240906-M-US_Open-SF-Jack_Draper-Jannik_Sinner,Jannik Sinner,nonSnV,91,71,12,3,12,2,4,0,0,0,375
20240906-M-US_Open-SF-Jack_Draper-Jannik_Sinner,Jannik Sinner,nonSnV1st,59,46,12,3,12,2,1,0,0,0,214
20240906-M-US_Open-SF-Jack_Draper-Jannik_Sinner,Jannik Sinner,nonSnV2nd,32,25,0,0,0,0,3,0,0,0,161
20240904-M-US_Open-QF-Daniil_Medvedev-Jannik_Sinner,Daniil Medvedev,SnV,1,0,0,0,0,0,0,0,0,1,4
20240904-M-US_Open-QF-Daniil_Medvedev-Jannik_Sinner,Daniil Medvedev,SnV1st,1,0,0,0,0,0,0,0,0,1,4
20240904-M-US_Open-QF-Daniil_Medvedev-Jannik_Sinner,Daniil Medvedev,nonSnV,102,61,5,3,8,6,4,2,3,0,573
20240904-M-US_Open-QF-Daniil_Medvedev-Jannik_Sinner,Daniil Medvedev,nonSnV1st,60,41,5,3,8,5,4,2,0,0,323
20240904-M-US_Open-QF-Daniil_Medvedev-Jannik_Sinner,Daniil Medvedev,nonSnV2nd,42,20,0,0,0,1,0,0,3,0,250
20240904-M-US_Open-QF-Daniil_Medvedev-Jannik_Sinner,Jannik Sinner,SnV,11,9,0,0,4,5,0,1,0,0,23
20240904-M-US_Open-QF-Daniil_Medvedev-Jannik_Sinner,Jannik Sinner,SnV1st,11,9,0,0,4,5,0,1,0,0,23
20240904-M-US_Open-QF-Daniil_Medvedev-Jannik_Sinner,Jannik Sinner,nonSnV,85,58,4,0,8,7,4,0,6,0,554
20240904-M-US_Open-QF-Daniil_Medvedev-Jannik_Sinner,Jannik Sinner,nonSnV1st,40,30,4,0,8,6,1,0,3,0,198
20240904-M-US_Open-QF-Daniil_Medvedev-Jannik_Sinner,Jannik Sinner,nonSnV2nd,45,28,0,0,0,1,3,0,3,0,356
20240902-M-US_Open-R16-Nuno_Borges-Daniil_Medvedev,Nuno Borges,SnV,7,4,1,1,0,1,0,2,1,0,24
20240902-M-US_Open-R16-Nuno_Borges-Daniil_Medvedev,Nuno Borges,SnV1st,4,2,1,0,0,0,0,1,1,0,16
20240902-M-US_Open-R16-Nuno_Borges-Daniil_Medvedev,Nuno Borges,SnV2nd,3,2,0,1,0,1,0,1,0,0,8
20240902-M-US_Open-R16-Nuno_Borges-Daniil_Medvedev,Nuno Borges,nonSnV,72,34,4,6,0,3,2,1,3,0,368
20240902-M-US_Open-R16-Nuno_Borges-Daniil_Medvedev,Nuno Borges,nonSnV1st,32,17,4,5,0,2,1,1,2,0,147
20240902-M-US_Open-R16-Nuno_Borges-Daniil_Medvedev,Nuno Borges,nonSnV2nd,40,17,0,1,0,1,1,0,1,0,221
20240902-M-US_Open-R16-Jannik_Sinner-Tommy_Paul,Tommy Paul,SnV,7,6,0,0,2,4,0,0,0,0,16
20240902-M-US_Open-R16-Jannik_Sinner-Tommy_Paul,Tommy Paul,SnV1st,7,6,0,0,2,4,0,0,0,0,16
20240902-M-US_Open-R16-Jannik_Sinner-Tommy_Paul,Tommy Paul,nonSnV,101,56,4,0,12,12,6,6,4,2,518
20240902-M-US_Open-R16-Jannik_Sinner-Tommy_Paul,Tommy Paul,nonSnV1st,61,38,4,0,10,10,4,3,3,1,310
20240902-M-US_Open-R16-Jannik_Sinner-Tommy_Paul,Tommy Paul,nonSnV2nd,40,18,0,0,2,2,2,3,1,1,208
20240901-M-US_Open-R32-Daniil_Medvedev-Flavio_Cobolli,Daniil Medvedev,SnV,1,1,0,0,0,1,0,0,0,0,3
20240901-M-US_Open-R32-Daniil_Medvedev-Flavio_Cobolli,Daniil Medvedev,SnV2nd,1,1,0,0,0,1,0,0,0,0,3
20240901-M-US_Open-R32-Daniil_Medvedev-Flavio_Cobolli,Daniil Medvedev,nonSnV,77,54,9,16,0,6,1,1,2,0,398
20240901-M-US_Open-R32-Daniil_Medvedev-Flavio_Cobolli,Daniil Medvedev,nonSnV1st,47,38,9,15,0,3,1,1,2,0,166
20240901-M-US_Open-R32-Daniil_Medvedev-Flavio_Cobolli,Daniil Medvedev,nonSnV2nd,30,16,0,1,0,3,0,0,0,0,232
20240901-M-US_Open-R32-Daniil_Medvedev-Flavio_Cobolli,Flavio Cobolli,SnV,6,4,0,1,0,3,0,0,1,0,18
20240901-M-US_Open-R32-Daniil_Medvedev-Flavio_Cobolli,Flavio Cobolli,SnV1st,5,4,0,1,0,3,0,0,1,0,16
20240901-M-US_Open-R32-Daniil_Medvedev-Flavio_Cobolli,Flavio Cobolli,SnV2nd,1,0,0,0,0,0,0,0,0,0,2
20240901-M-US_Open-R32-Daniil_Medvedev-Flavio_Cobolli,Flavio Cobolli,nonSnV,86,43,2,9,0,2,0,2,5,0,501
20240901-M-US_Open-R32-Daniil_Medvedev-Flavio_Cobolli,Flavio Cobolli,nonSnV1st,32,14,2,8,0,1,0,0,1,0,130
20240901-M-US_Open-R32-Daniil_Medvedev-Flavio_Cobolli,Flavio Cobolli,nonSnV2nd,54,29,0,1,0,1,0,2,4,0,371
20240901-M-US_Open-R16-Casper_Ruud-Taylor_Fritz,Casper Ruud,SnV,4,2,0,0,0,2,0,2,0,0,10
20240901-M-US_Open-R16-Casper_Ruud-Taylor_Fritz,Casper Ruud,SnV1st,4,2,0,0,0,2,0,2,0,0,10
20240901-M-US_Open-R16-Casper_Ruud-Taylor_Fritz,Casper Ruud,nonSnV,101,72,4,2,16,8,4,0,2,2,448
20240901-M-US_Open-R16-Casper_Ruud-Taylor_Fritz,Casper Ruud,nonSnV1st,66,54,4,2,15,7,3,0,1,0,286
20240901-M-US_Open-R16-Casper_Ruud-Taylor_Fritz,Casper Ruud,nonSnV2nd,35,18,0,0,1,1,1,0,1,2,162
20240831-M-US_Open-R32-Jannik_Sinner-Christopher_Oconnell,Jannik Sinner,SnV,8,2,0,0,0,1,0,2,2,1,30
20240831-M-US_Open-R32-Jannik_Sinner-Christopher_Oconnell,Jannik Sinner,SnV1st,7,2,0,0,0,1,0,2,2,0,26
20240831-M-US_Open-R32-Jannik_Sinner-Christopher_Oconnell,Jannik Sinner,SnV2nd,1,0,0,0,0,0,0,0,0,1,4
20240831-M-US_Open-R32-Jannik_Sinner-Christopher_Oconnell,Jannik Sinner,nonSnV,59,51,15,0,10,7,1,2,0,0,239
20240831-M-US_Open-R32-Jannik_Sinner-Christopher_Oconnell,Jannik Sinner,nonSnV1st,38,35,15,0,7,5,0,1,0,0,113
20240831-M-US_Open-R32-Jannik_Sinner-Christopher_Oconnell,Jannik Sinner,nonSnV2nd,21,16,0,0,3,2,1,1,0,0,126
20240831-M-US_Open-R32-Jannik_Sinner-Christopher_Oconnell,Christopher Oconnell,SnV,6,3,0,0,2,1,0,0,0,0,11
20240831-M-US_Open-R32-Jannik_Sinner-Christopher_Oconnell,Christopher Oconnell,SnV1st,6,3,0,0,2,1,0,0,0,0,11
20240831-M-US_Open-R32-Jannik_Sinner-Christopher_Oconnell,Christopher Oconnell,nonSnV,70,38,5,0,6,7,6,2,4,2,330
20240831-M-US_Open-R32-Jannik_Sinner-Christopher_Oconnell,Christopher Oconnell,nonSnV1st,39,23,5,0,5,3,6,2,3,1,159
20240831-M-US_Open-R32-Jannik_Sinner-Christopher_Oconnell,Christopher Oconnell,nonSnV2nd,31,15,0,0,1,4,0,0,1,1,171
20240831-M-US_Open-R32-Jack_Draper-Botic_Van_De_Zandschulp,Jack Draper,SnV,7,6,0,0,3,2,1,1,0,0,14
20240831-M-US_Open-R32-Jack_Draper-Botic_Van_De_Zandschulp,Jack Draper,SnV1st,6,5,0,0,2,2,1,1,0,0,13
20240831-M-US_Open-R32-Jack_Draper-Botic_Van_De_Zandschulp,Jack Draper,SnV2nd,1,1,0,0,1,0,0,0,0,0,1
20240831-M-US_Open-R32-Jack_Draper-Botic_Van_De_Zandschulp,Jack Draper,nonSnV,94,61,12,1,12,7,3,2,5,5,431
20240831-M-US_Open-R32-Jack_Draper-Botic_Van_De_Zandschulp,Jack Draper,nonSnV1st,55,42,12,1,12,5,1,1,1,5,240
20240831-M-US_Open-R32-Jack_Draper-Botic_Van_De_Zandschulp,Jack Draper,nonSnV2nd,39,19,0,0,0,2,2,1,4,0,191
20240831-M-US_Open-R32-David_Goffin-Tomas_Machac,David Goffin,SnV,2,2,0,0,0,2,0,0,0,0,6
20240831-M-US_Open-R32-David_Goffin-Tomas_Machac,David Goffin,SnV1st,2,2,0,0,0,2,0,0,0,0,6
20240831-M-US_Open-R32-David_Goffin-Tomas_Machac,David Goffin,nonSnV,64,34,2,2,0,4,0,0,1,0,320
20240831-M-US_Open-R32-David_Goffin-Tomas_Machac,David Goffin,nonSnV1st,37,22,2,2,0,3,0,0,0,0,182
20240831-M-US_Open-R32-David_Goffin-Tomas_Machac,David Goffin,nonSnV2nd,27,12,0,0,0,1,0,0,1,0,138
20240830-M-US_Open-R32-Novak_Djokovic-Alexei_Popyrin,Novak Djokovic,SnV,2,2,0,0,1,1,0,0,0,0,6
20240830-M-US_Open-R32-Novak_Djokovic-Alexei_Popyrin,Novak Djokovic,SnV1st,2,2,0,0,1,1,0,0,0,0,6
20240830-M-US_Open-R32-Novak_Djokovic-Alexei_Popyrin,Novak Djokovic,nonSnV,114,77,16,1,23,9,2,4,9,3,455
20240830-M-US_Open-R32-Novak_Djokovic-Alexei_Popyrin,Novak Djokovic,nonSnV1st,74,52,15,1,12,8,1,2,7,3,276
20240830-M-US_Open-R32-Novak_Djokovic-Alexei_Popyrin,Novak Djokovic,nonSnV2nd,40,25,1,0,11,1,1,2,2,0,179
20240830-M-US_Open-R32-Novak_Djokovic-Alexei_Popyrin,Alexei Popyrin,SnV,11,11,0,0,2,7,2,0,0,0,37
20240830-M-US_Open-R32-Novak_Djokovic-Alexei_Popyrin,Alexei Popyrin,SnV1st,11,11,0,0,2,7,2,0,0,0,37
20240830-M-US_Open-R32-Novak_Djokovic-Alexei_Popyrin,Alexei Popyrin,nonSnV,110,68,15,0,21,9,2,1,5,1,464
20240830-M-US_Open-R32-Novak_Djokovic-Alexei_Popyrin,Alexei Popyrin,nonSnV1st,63,44,14,0,14,7,0,0,5,0,224
20240830-M-US_Open-R32-Novak_Djokovic-Alexei_Popyrin,Alexei Popyrin,nonSnV2nd,47,24,1,0,7,2,2,1,0,1,240
20240830-M-US_Open-R32-Grigor_Dimitrov-Tallon_Griekspoor,Grigor Dimitrov,SnV,1,0,0,0,0,0,0,1,0,0,2
20240830-M-US_Open-R32-Grigor_Dimitrov-Tallon_Griekspoor,Grigor Dimitrov,SnV2nd,1,0,0,0,0,0,0,1,0,0,2
20240830-M-US_Open-R32-Grigor_Dimitrov-Tallon_Griekspoor,Grigor Dimitrov,nonSnV,66,53,10,18,0,0,0,0,2,0,215
20240830-M-US_Open-R32-Grigor_Dimitrov-Tallon_Griekspoor,Grigor Dimitrov,nonSnV1st,38,35,9,14,0,0,0,0,0,0,101
20240830-M-US_Open-R32-Grigor_Dimitrov-Tallon_Griekspoor,Grigor Dimitrov,nonSnV2nd,28,18,1,4,0,0,0,0,2,0,114
20240830-M-US_Open-R32-Ben_Shelton-Frances_Tiafoe,Ben Shelton,SnV,12,10,0,0,2,5,3,0,0,0,34
20240830-M-US_Open-R32-Ben_Shelton-Frances_Tiafoe,Ben Shelton,SnV1st,9,7,0,0,2,4,1,0,0,0,25
20240830-M-US_Open-R32-Ben_Shelton-Frances_Tiafoe,Ben Shelton,SnV2nd,3,3,0,0,0,1,2,0,0,0,9
20240830-M-US_Open-R32-Ben_Shelton-Frances_Tiafoe,Ben Shelton,nonSnV,156,99,23,0,24,10,11,5,5,3,613
20240830-M-US_Open-R32-Ben_Shelton-Frances_Tiafoe,Ben Shelton,nonSnV1st,105,74,21,0,23,6,8,3,5,3,350
20240830-M-US_Open-R32-Ben_Shelton-Frances_Tiafoe,Ben Shelton,nonSnV2nd,51,25,2,0,1,4,3,2,0,0,263
20240830-M-US_Open-R32-Ben_Shelton-Frances_Tiafoe,Frances Tiafoe,SnV,3,3,0,0,0,2,1,0,0,0,11
20240830-M-US_Open-R32-Ben_Shelton-Frances_Tiafoe,Frances Tiafoe,SnV1st,3,3,0,0,0,2,1,0,0,0,11
20240830-M-US_Open-R32-Ben_Shelton-Frances_Tiafoe,Frances Tiafoe,nonSnV,151,107,5,1,27,16,9,1,2,4,635
20240830-M-US_Open-R32-Ben_Shelton-Frances_Tiafoe,Frances Tiafoe,nonSnV1st,89,67,5,1,27,11,7,1,1,3,295
20240830-M-US_Open-R32-Ben_Shelton-Frances_Tiafoe,Frances Tiafoe,nonSnV2nd,62,40,0,0,0,5,2,0,1,1,340
20240830-M-US_Open-R32-Andrey_Rublev-Jiri_Lehecka,Jiri Lehecka,SnV,5,3,0,1,0,2,0,1,0,0,11
20240830-M-US_Open-R32-Andrey_Rublev-Jiri_Lehecka,Jiri Lehecka,SnV1st,5,3,0,1,0,2,0,1,0,0,11
20240830-M-US_Open-R32-Andrey_Rublev-Jiri_Lehecka,Jiri Lehecka,nonSnV,96,58,15,17,0,3,0,2,2,0,316
20240830-M-US_Open-R32-Andrey_Rublev-Jiri_Lehecka,Jiri Lehecka,nonSnV1st,57,36,14,11,0,3,0,0,1,0,182
20240830-M-US_Open-R32-Andrey_Rublev-Jiri_Lehecka,Jiri Lehecka,nonSnV2nd,39,22,1,6,0,0,0,2,1,0,134
20240829-M-US_Open-R64-Otto_Virtanen-Alex_De_Minaur,Otto Virtanen,SnV,9,7,0,0,5,2,0,0,2,0,19
20240829-M-US_Open-R64-Otto_Virtanen-Alex_De_Minaur,Otto Virtanen,SnV1st,8,6,0,0,4,2,0,0,2,0,18
20240829-M-US_Open-R64-Otto_Virtanen-Alex_De_Minaur,Otto Virtanen,SnV2nd,1,1,0,0,1,0,0,0,0,0,1
20240829-M-US_Open-R64-Otto_Virtanen-Alex_De_Minaur,Otto Virtanen,nonSnV,99,55,6,0,18,9,4,3,1,1,447
20240829-M-US_Open-R64-Otto_Virtanen-Alex_De_Minaur,Otto Virtanen,nonSnV1st,57,35,6,0,12,7,2,0,1,0,213
20240829-M-US_Open-R64-Otto_Virtanen-Alex_De_Minaur,Otto Virtanen,nonSnV2nd,42,20,0,0,6,2,2,3,0,1,234
20240829-M-US_Open-R64-Hubert_Hurkacz-Jordan_Thompson,Jordan Thompson,SnV,4,4,0,0,0,4,0,0,0,0,16
20240829-M-US_Open-R64-Hubert_Hurkacz-Jordan_Thompson,Jordan Thompson,SnV1st,4,4,0,0,0,4,0,0,0,0,16
20240829-M-US_Open-R64-Hubert_Hurkacz-Jordan_Thompson,Jordan Thompson,nonSnV,97,64,13,0,17,3,3,0,1,1,396
20240829-M-US_Open-R64-Hubert_Hurkacz-Jordan_Thompson,Jordan Thompson,nonSnV1st,47,38,13,0,17,0,1,0,0,0,112
20240829-M-US_Open-R64-Hubert_Hurkacz-Jordan_Thompson,Jordan Thompson,nonSnV2nd,50,26,0,0,0,3,2,0,1,1,284
20240829-M-US_Open-R64-Gabriel_Diallo-Arthur_Fils,Gabriel Diallo,SnV,4,4,0,0,0,2,1,0,0,0,12
20240829-M-US_Open-R64-Gabriel_Diallo-Arthur_Fils,Gabriel Diallo,SnV1st,3,3,0,0,0,2,1,0,0,0,11
20240829-M-US_Open-R64-Gabriel_Diallo-Arthur_Fils,Gabriel Diallo,SnV2nd,1,1,0,0,0,0,0,0,0,0,1
20240829-M-US_Open-R64-Gabriel_Diallo-Arthur_Fils,Gabriel Diallo,nonSnV,120,85,13,6,22,8,2,1,3,0,453
20240829-M-US_Open-R64-Gabriel_Diallo-Arthur_Fils,Gabriel Diallo,nonSnV1st,72,55,13,6,20,6,2,1,3,0,211
20240829-M-US_Open-R64-Gabriel_Diallo-Arthur_Fils,Gabriel Diallo,nonSnV2nd,48,30,0,0,2,2,0,0,0,0,242
20240829-M-US_Open-R64-Gabriel_Diallo-Arthur_Fils,Arthur Fils,SnV,4,3,0,0,1,2,0,1,0,0,15
20240829-M-US_Open-R64-Gabriel_Diallo-Arthur_Fils,Arthur Fils,SnV1st,4,3,0,0,1,2,0,1,0,0,15
20240829-M-US_Open-R64-Gabriel_Diallo-Arthur_Fils,Arthur Fils,nonSnV,128,81,12,2,14,7,3,0,2,0,469
20240829-M-US_Open-R64-Gabriel_Diallo-Arthur_Fils,Arthur Fils,nonSnV1st,72,49,12,2,14,4,2,0,2,0,229
20240829-M-US_Open-R64-Gabriel_Diallo-Arthur_Fils,Arthur Fils,nonSnV2nd,56,32,0,0,0,3,1,0,0,0,240
20240829-M-US_Open-R64-Fabian_Marozsan-Daniil_Medvedev,Fabian Marozsan,SnV,1,0,0,0,0,0,0,1,0,0,2
20240829-M-US_Open-R64-Fabian_Marozsan-Daniil_Medvedev,Fabian Marozsan,SnV1st,1,0,0,0,0,0,0,1,0,0,2
20240829-M-US_Open-R64-Fabian_Marozsan-Daniil_Medvedev,Fabian Marozsan,nonSnV,91,50,2,18,0,8,2,5,7,0,490
20240829-M-US_Open-R64-Fabian_Marozsan-Daniil_Medvedev,Fabian Marozsan,nonSnV1st,60,40,2,18,0,5,1,4,4,0,296
20240829-M-US_Open-R64-Fabian_Marozsan-Daniil_Medvedev,Fabian Marozsan,nonSnV2nd,31,10,0,0,0,3,1,1,3,0,194
20240829-M-US_Open-R64-Botic_Van_De_Zandschulp-Carlos_Alcaraz,Botic Van De Zandschulp,SnV,1,1,0,0,1,0,0,0,0,0,1
20240829-M-US_Open-R64-Botic_Van_De_Zandschulp-Carlos_Alcaraz,Botic Van De Zandschulp,SnV1st,1,1,0,0,1,0,0,0,0,0,1
20240829-M-US_Open-R64-Botic_Van_De_Zandschulp-Carlos_Alcaraz,Botic Van De Zandschulp,nonSnV,87,61,2,2,10,12,8,0,4,1,461
20240829-M-US_Open-R64-Botic_Van_De_Zandschulp-Carlos_Alcaraz,Botic Van De Zandschulp,nonSnV1st,62,48,2,2,10,11,6,0,2,0,288
20240829-M-US_Open-R64-Botic_Van_De_Zandschulp-Carlos_Alcaraz,Botic Van De Zandschulp,nonSnV2nd,25,13,0,0,0,1,2,0,2,1,173
20240829-M-US_Open-R64-Botic_Van_De_Zandschulp-Carlos_Alcaraz,Carlos Alcaraz,SnV,6,4,0,0,2,1,0,1,1,0,24
20240829-M-US_Open-R64-Botic_Van_De_Zandschulp-Carlos_Alcaraz,Carlos Alcaraz,SnV1st,6,4,0,0,2,1,0,1,1,0,24
20240829-M-US_Open-R64-Botic_Van_De_Zandschulp-Carlos_Alcaraz,Carlos Alcaraz,nonSnV,63,36,2,0,11,4,4,0,2,5,286
20240829-M-US_Open-R64-Botic_Van_De_Zandschulp-Carlos_Alcaraz,Carlos Alcaraz,nonSnV1st,37,22,2,0,11,4,1,0,0,5,162
20240829-M-US_Open-R64-Botic_Van_De_Zandschulp-Carlos_Alcaraz,Carlos Alcaraz,nonSnV2nd,26,14,0,0,0,0,3,0,2,0,124
20240829-M-US_Open-R64-Alex_Michelsen-Jannik_Sinner,Jannik Sinner,SnV,2,2,0,0,1,1,0,0,0,0,4
20240829-M-US_Open-R64-Alex_Michelsen-Jannik_Sinner,Jannik Sinner,SnV1st,2,2,0,0,1,1,0,0,0,0,4
20240829-M-US_Open-R64-Alex_Michelsen-Jannik_Sinner,Jannik Sinner,nonSnV,61,43,3,0,21,6,2,3,2,0,237
20240829-M-US_Open-R64-Alex_Michelsen-Jannik_Sinner,Jannik Sinner,nonSnV1st,35,28,3,0,14,4,1,3,2,0,106
20240829-M-US_Open-R64-Alex_Michelsen-Jannik_Sinner,Jannik Sinner,nonSnV2nd,26,15,0,0,7,2,1,0,0,0,131
20240829-M-US_Open-R64-Adrian_Mannarino-David_Goffin,Adrian Mannarino,SnV,1,0,0,0,0,0,0,1,0,0,2
20240829-M-US_Open-R64-Adrian_Mannarino-David_Goffin,Adrian Mannarino,SnV1st,1,0,0,0,0,0,0,1,0,0,2
20240829-M-US_Open-R64-Adrian_Mannarino-David_Goffin,Adrian Mannarino,nonSnV,137,75,5,1,11,4,5,2,2,0,753
20240829-M-US_Open-R64-Adrian_Mannarino-David_Goffin,Adrian Mannarino,nonSnV1st,72,41,5,1,11,2,2,1,2,0,391
20240829-M-US_Open-R64-Adrian_Mannarino-David_Goffin,Adrian Mannarino,nonSnV2nd,65,34,0,0,0,2,3,1,0,0,362
20240829-M-US_Open-R64-Adrian_Mannarino-David_Goffin,David Goffin,SnV,5,5,0,0,0,4,1,0,0,0,17
20240829-M-US_Open-R64-Adrian_Mannarino-David_Goffin,David Goffin,SnV1st,5,5,0,0,0,4,1,0,0,0,17
20240829-M-US_Open-R64-Adrian_Mannarino-David_Goffin,David Goffin,nonSnV,131,82,10,1,12,5,4,1,2,1,764
20240829-M-US_Open-R64-Adrian_Mannarino-David_Goffin,David Goffin,nonSnV1st,81,56,10,1,12,3,2,0,1,0,436
20240829-M-US_Open-R64-Adrian_Mannarino-David_Goffin,David Goffin,nonSnV2nd,50,26,0,0,0,2,2,1,1,1,328
20240828-M-US_Open-R64-Novak_Djokovic-Laslo_Djere,Novak Djokovic,SnV,5,5,0,0,3,2,0,0,0,0,11
20240828-M-US_Open-R64-Novak_Djokovic-Laslo_Djere,Novak Djokovic,SnV1st,4,4,0,0,2,2,0,0,0,0,10
20240828-M-US_Open-R64-Novak_Djokovic-Laslo_Djere,Novak Djokovic,SnV2nd,1,1,0,0,1,0,0,0,0,0,1
20240828-M-US_Open-R64-Novak_Djokovic-Laslo_Djere,Novak Djokovic,nonSnV,76,51,3,0,21,1,4,1,2,1,373
20240828-M-US_Open-R64-Novak_Djokovic-Laslo_Djere,Novak Djokovic,nonSnV1st,38,29,3,0,10,0,4,0,2,1,171
20240828-M-US_Open-R64-Novak_Djokovic-Laslo_Djere,Novak Djokovic,nonSnV2nd,38,22,0,0,11,1,0,1,0,0,202
20240828-M-US_Open-R64-Novak_Djokovic-Laslo_Djere,Laslo Djere,SnV,1,1,0,0,1,0,0,0,0,0,1
20240828-M-US_Open-R64-Novak_Djokovic-Laslo_Djere,Laslo Djere,SnV1st,1,1,0,0,1,0,0,0,0,0,1
20240828-M-US_Open-R64-Novak_Djokovic-Laslo_Djere,Laslo Djere,nonSnV,71,38,11,0,8,3,0,2,0,1,410
20240828-M-US_Open-R64-Novak_Djokovic-Laslo_Djere,Laslo Djere,nonSnV1st,43,28,11,0,5,1,0,1,0,1,200
20240828-M-US_Open-R64-Novak_Djokovic-Laslo_Djere,Laslo Djere,nonSnV2nd,28,10,0,0,3,2,0,1,0,0,210
20240828-M-US_Open-R64-Lorenzo_Musetti-Miomir_Kecmanovic,Lorenzo Musetti,SnV,1,1,0,0,1,0,0,0,0,0,1
20240828-M-US_Open-R64-Lorenzo_Musetti-Miomir_Kecmanovic,Lorenzo Musetti,SnV1st,1,1,0,0,1,0,0,0,0,0,1
20240828-M-US_Open-R64-Lorenzo_Musetti-Miomir_Kecmanovic,Lorenzo Musetti,nonSnV,143,91,12,0,27,4,4,1,2,0,541
20240828-M-US_Open-R64-Lorenzo_Musetti-Miomir_Kecmanovic,Lorenzo Musetti,nonSnV1st,99,66,9,0,27,3,3,0,0,0,344
20240828-M-US_Open-R64-Lorenzo_Musetti-Miomir_Kecmanovic,Lorenzo Musetti,nonSnV2nd,44,25,3,0,0,1,1,1,2,0,197
20240827-M-US_Open-R128-Tristan_Schoolkate-Taro_Daniel,Tristan Schoolkate,SnV,13,11,0,0,7,4,0,1,0,0,23
20240827-M-US_Open-R128-Tristan_Schoolkate-Taro_Daniel,Tristan Schoolkate,SnV1st,13,11,0,0,7,4,0,1,0,0,23
20240827-M-US_Open-R128-Tristan_Schoolkate-Taro_Daniel,Tristan Schoolkate,nonSnV,134,92,18,5,22,4,4,1,2,2,410
20240827-M-US_Open-R128-Tristan_Schoolkate-Taro_Daniel,Tristan Schoolkate,nonSnV1st,81,62,18,5,20,3,2,0,0,0,194
20240827-M-US_Open-R128-Tristan_Schoolkate-Taro_Daniel,Tristan Schoolkate,nonSnV2nd,53,30,0,0,2,1,2,1,2,2,216
20240827-M-US_Open-R128-Tristan_Schoolkate-Taro_Daniel,Taro Daniel,SnV,3,1,0,0,1,0,0,2,0,0,7
20240827-M-US_Open-R128-Tristan_Schoolkate-Taro_Daniel,Taro Daniel,SnV1st,3,1,0,0,1,0,0,2,0,0,7
20240827-M-US_Open-R128-Tristan_Schoolkate-Taro_Daniel,Taro Daniel,nonSnV,151,104,8,4,22,13,8,1,5,0,536
20240827-M-US_Open-R128-Tristan_Schoolkate-Taro_Daniel,Taro Daniel,nonSnV1st,88,68,8,4,22,12,7,0,3,0,322
20240827-M-US_Open-R128-Tristan_Schoolkate-Taro_Daniel,Taro Daniel,nonSnV2nd,63,36,0,0,0,1,1,1,2,0,214
20240827-M-US_Open-R128-Stefanos_Tsitsipas-Thanasi_Kokkinakis,Stefanos Tsitsipas,SnV,10,6,0,0,2,4,0,2,1,1,32
20240827-M-US_Open-R128-Stefanos_Tsitsipas-Thanasi_Kokkinakis,Stefanos Tsitsipas,SnV1st,5,4,0,0,2,2,0,1,0,0,12
20240827-M-US_Open-R128-Stefanos_Tsitsipas-Thanasi_Kokkinakis,Stefanos Tsitsipas,SnV2nd,5,2,0,0,0,2,0,1,1,1,20
20240827-M-US_Open-R128-Stefanos_Tsitsipas-Thanasi_Kokkinakis,Stefanos Tsitsipas,nonSnV,112,74,11,7,15,2,4,2,1,2,322
20240827-M-US_Open-R128-Stefanos_Tsitsipas-Thanasi_Kokkinakis,Stefanos Tsitsipas,nonSnV1st,61,41,10,7,13,1,4,2,0,1,151
20240827-M-US_Open-R128-Stefanos_Tsitsipas-Thanasi_Kokkinakis,Stefanos Tsitsipas,nonSnV2nd,51,33,1,0,2,1,0,0,1,1,171
20240827-M-US_Open-R128-Stefanos_Tsitsipas-Thanasi_Kokkinakis,Thanasi Kokkinakis,SnV,2,2,0,0,0,1,1,0,0,0,6
20240827-M-US_Open-R128-Stefanos_Tsitsipas-Thanasi_Kokkinakis,Thanasi Kokkinakis,SnV1st,2,2,0,0,0,1,1,0,0,0,6
20240827-M-US_Open-R128-Stefanos_Tsitsipas-Thanasi_Kokkinakis,Thanasi Kokkinakis,nonSnV,124,88,16,7,13,3,3,2,3,0,418
20240827-M-US_Open-R128-Stefanos_Tsitsipas-Thanasi_Kokkinakis,Thanasi Kokkinakis,nonSnV1st,63,50,15,6,12,2,2,1,3,0,176
20240827-M-US_Open-R128-Stefanos_Tsitsipas-Thanasi_Kokkinakis,Thanasi Kokkinakis,nonSnV2nd,61,38,1,1,1,1,1,1,0,0,242
20240827-M-US_Open-R128-Stan_Wawrinka-Mattia_Bellucci,Stan Wawrinka,SnV,4,2,0,0,0,1,1,1,1,0,14
20240827-M-US_Open-R128-Stan_Wawrinka-Mattia_Bellucci,Stan Wawrinka,SnV1st,3,2,0,0,0,1,1,0,1,0,12
20240827-M-US_Open-R128-Stan_Wawrinka-Mattia_Bellucci,Stan Wawrinka,SnV2nd,1,0,0,0,0,0,0,1,0,0,2
20240827-M-US_Open-R128-Stan_Wawrinka-Mattia_Bellucci,Stan Wawrinka,nonSnV,90,64,9,2,16,1,4,3,1,1,328
20240827-M-US_Open-R128-Stan_Wawrinka-Mattia_Bellucci,Stan Wawrinka,nonSnV1st,43,36,9,2,16,0,3,1,0,0,104
20240827-M-US_Open-R128-Stan_Wawrinka-Mattia_Bellucci,Stan Wawrinka,nonSnV2nd,47,28,0,0,0,1,1,2,1,1,224
20240827-M-US_Open-R128-Stan_Wawrinka-Mattia_Bellucci,Mattia Bellucci,SnV,3,2,0,0,0,1,0,0,0,0,8
20240827-M-US_Open-R128-Stan_Wawrinka-Mattia_Bellucci,Mattia Bellucci,SnV1st,1,1,0,0,0,1,0,0,0,0,5
20240827-M-US_Open-R128-Stan_Wawrinka-Mattia_Bellucci,Mattia Bellucci,SnV2nd,2,1,0,0,0,0,0,0,0,0,3
20240827-M-US_Open-R128-Stan_Wawrinka-Mattia_Bellucci,Mattia Bellucci,nonSnV,86,69,12,6,23,2,2,1,2,0,297
20240827-M-US_Open-R128-Stan_Wawrinka-Mattia_Bellucci,Mattia Bellucci,nonSnV1st,58,51,11,6,22,0,1,1,1,0,119
20240827-M-US_Open-R128-Stan_Wawrinka-Mattia_Bellucci,Mattia Bellucci,nonSnV2nd,28,18,1,0,1,2,1,0,1,0,178
20240827-M-US_Open-R128-Radu_Albot-Novak_Djokovic,Novak Djokovic,SnV,6,4,0,0,2,1,1,1,1,0,14
20240827-M-US_Open-R128-Radu_Albot-Novak_Djokovic,Novak Djokovic,SnV1st,5,3,0,0,1,1,1,1,1,0,13
20240827-M-US_Open-R128-Radu_Albot-Novak_Djokovic,Novak Djokovic,SnV2nd,1,1,0,0,1,0,0,0,0,0,1
20240827-M-US_Open-R128-Radu_Albot-Novak_Djokovic,Novak Djokovic,nonSnV,67,50,8,0,16,1,1,2,1,0,242
20240827-M-US_Open-R128-Radu_Albot-Novak_Djokovic,Novak Djokovic,nonSnV1st,34,26,6,0,10,1,1,2,1,0,100
20240827-M-US_Open-R128-Radu_Albot-Novak_Djokovic,Novak Djokovic,nonSnV2nd,33,24,2,0,6,0,0,0,0,0,142
20240827-M-US_Open-R128-Li_Tu-Carlos_Alcaraz,Li Tu,SnV,10,4,0,0,2,2,0,4,0,0,20
20240827-M-US_Open-R128-Li_Tu-Carlos_Alcaraz,Li Tu,SnV1st,10,4,0,0,2,2,0,4,0,0,20
20240827-M-US_Open-R128-Li_Tu-Carlos_Alcaraz,Li Tu,nonSnV,105,59,2,3,13,5,5,2,4,2,475
20240827-M-US_Open-R128-Li_Tu-Carlos_Alcaraz,Li Tu,nonSnV1st,62,38,2,3,10,4,5,2,3,1,276
20240827-M-US_Open-R128-Li_Tu-Carlos_Alcaraz,Li Tu,nonSnV2nd,43,21,0,0,3,1,0,0,1,1,199
20240827-M-US_Open-R128-Li_Tu-Carlos_Alcaraz,Carlos Alcaraz,SnV,3,3,0,0,1,1,1,0,0,0,7
20240827-M-US_Open-R128-Li_Tu-Carlos_Alcaraz,Carlos Alcaraz,SnV1st,3,3,0,0,1,1,1,0,0,0,7
20240827-M-US_Open-R128-Li_Tu-Carlos_Alcaraz,Carlos Alcaraz,nonSnV,83,64,8,5,7,7,4,1,3,0,332
20240827-M-US_Open-R128-Li_Tu-Carlos_Alcaraz,Carlos Alcaraz,nonSnV1st,53,42,8,5,6,6,3,1,1,0,198
20240827-M-US_Open-R128-Li_Tu-Carlos_Alcaraz,Carlos Alcaraz,nonSnV2nd,30,22,0,0,1,1,1,0,2,0,134
20240827-M-US_Open-R128-Learner_Tien-Arthur_Fils,Arthur Fils,SnV,4,3,0,0,1,2,0,1,0,0,11
20240827-M-US_Open-R128-Learner_Tien-Arthur_Fils,Arthur Fils,SnV1st,4,3,0,0,1,2,0,1,0,0,11
20240827-M-US_Open-R128-Learner_Tien-Arthur_Fils,Arthur Fils,nonSnV,104,68,5,2,13,5,5,4,2,1,462
20240827-M-US_Open-R128-Learner_Tien-Arthur_Fils,Arthur Fils,nonSnV1st,61,47,5,2,13,4,5,3,2,0,237
20240827-M-US_Open-R128-Learner_Tien-Arthur_Fils,Arthur Fils,nonSnV2nd,43,21,0,0,0,1,0,1,0,1,225
20240827-M-US_Open-R128-Karen_Khachanov-Daniel_Evans,Daniel Evans,SnV,14,12,0,0,2,7,2,1,1,0,42
20240827-M-US_Open-R128-Karen_Khachanov-Daniel_Evans,Daniel Evans,SnV1st,14,12,0,0,2,7,2,1,1,0,42
20240827-M-US_Open-R128-Karen_Khachanov-Daniel_Evans,Daniel Evans,nonSnV,182,115,14,3,19,10,14,5,7,1,845
20240827-M-US_Open-R128-Karen_Khachanov-Daniel_Evans,Daniel Evans,nonSnV1st,94,68,13,3,18,6,9,4,3,1,348
20240827-M-US_Open-R128-Karen_Khachanov-Daniel_Evans,Daniel Evans,nonSnV2nd,88,47,1,0,1,4,5,1,4,0,497
20240827-M-US_Open-R128-Jannik_Sinner-Mackenzie_Mcdonald,Jannik Sinner,SnV,1,1,0,0,1,0,0,0,0,0,1
20240827-M-US_Open-R128-Jannik_Sinner-Mackenzie_Mcdonald,Jannik Sinner,SnV1st,1,1,0,0,1,0,0,0,0,0,1
20240827-M-US_Open-R128-Jannik_Sinner-Mackenzie_Mcdonald,Jannik Sinner,nonSnV,88,59,13,0,17,5,2,3,4,0,379
20240827-M-US_Open-R128-Jannik_Sinner-Mackenzie_Mcdonald,Jannik Sinner,nonSnV1st,51,38,13,0,12,4,1,2,3,0,176
20240827-M-US_Open-R128-Jannik_Sinner-Mackenzie_Mcdonald,Jannik Sinner,nonSnV2nd,37,21,0,0,5,1,1,1,1,0,203
20240827-M-US_Open-R128-Jannik_Sinner-Mackenzie_Mcdonald,Mackenzie Mcdonald,SnV,7,2,0,0,1,1,0,1,2,1,22
20240827-M-US_Open-R128-Jannik_Sinner-Mackenzie_Mcdonald,Mackenzie Mcdonald,SnV1st,6,2,0,0,1,1,0,1,2,1,20
20240827-M-US_Open-R128-Jannik_Sinner-Mackenzie_Mcdonald,Mackenzie Mcdonald,SnV2nd,1,0,0,0,0,0,0,0,0,0,2
20240827-M-US_Open-R128-Jannik_Sinner-Mackenzie_Mcdonald,Mackenzie Mcdonald,nonSnV,85,47,4,0,10,10,6,2,2,0,393
20240827-M-US_Open-R128-Jannik_Sinner-Mackenzie_Mcdonald,Mackenzie Mcdonald,nonSnV1st,53,31,4,0,7,9,2,2,0,0,219
20240827-M-US_Open-R128-Jannik_Sinner-Mackenzie_Mcdonald,Mackenzie Mcdonald,nonSnV2nd,32,16,0,0,3,1,4,0,2,0,174
20240827-M-US_Open-R128-Jakub_Mensik-Felix_Auger_Aliassime,Jakub Mensik,SnV,1,1,0,0,0,1,0,0,0,0,3
20240827-M-US_Open-R128-Jakub_Mensik-Felix_Auger_Aliassime,Jakub Mensik,SnV1st,1,1,0,0,0,1,0,0,0,0,3
20240827-M-US_Open-R128-Jakub_Mensik-Felix_Auger_Aliassime,Jakub Mensik,nonSnV,80,55,8,3,13,1,1,0,0,1,313
20240827-M-US_Open-R128-Jakub_Mensik-Felix_Auger_Aliassime,Jakub Mensik,nonSnV1st,44,38,8,3,12,1,1,0,0,0,140
20240827-M-US_Open-R128-Jakub_Mensik-Felix_Auger_Aliassime,Jakub Mensik,nonSnV2nd,36,17,0,0,1,0,0,0,0,1,173
20240827-M-US_Open-R128-Hubert_Hurkacz-Timofey_Skatov,Hubert Hurkacz,SnV,6,4,0,0,0,0,0,0,1,0,10
20240827-M-US_Open-R128-Hubert_Hurkacz-Timofey_Skatov,Hubert Hurkacz,SnV2nd,6,4,0,0,0,0,0,0,1,0,10
20240827-M-US_Open-R128-Hubert_Hurkacz-Timofey_Skatov,Hubert Hurkacz,nonSnV,95,70,27,0,14,4,2,1,3,1,260
20240827-M-US_Open-R128-Hubert_Hurkacz-Timofey_Skatov,Hubert Hurkacz,nonSnV1st,56,48,27,0,14,1,2,1,2,0,102
20240827-M-US_Open-R128-Hubert_Hurkacz-Timofey_Skatov,Hubert Hurkacz,nonSnV2nd,39,22,0,0,0,3,0,0,1,1,158
20240827-M-US_Open-R128-Alex_De_Minaur-Marcos_Giron,Marcos Giron,SnV,3,3,0,0,1,2,0,0,0,0,9
20240827-M-US_Open-R128-Alex_De_Minaur-Marcos_Giron,Marcos Giron,SnV1st,3,3,0,0,1,2,0,0,0,0,9
20240827-M-US_Open-R128-Alex_De_Minaur-Marcos_Giron,Marcos Giron,nonSnV,129,74,2,6,11,5,1,2,1,0,776
20240827-M-US_Open-R128-Alex_De_Minaur-Marcos_Giron,Marcos Giron,nonSnV1st,65,40,2,6,11,2,1,2,0,0,350
20240827-M-US_Open-R128-Alex_De_Minaur-Marcos_Giron,Marcos Giron,nonSnV2nd,64,34,0,0,0,3,0,0,1,0,426
20240826-M-US_Open-R128-Taylor_Fritz-Camilo_Ugo_Carabelli,Taylor Fritz,SnV,1,1,0,0,0,1,0,0,0,0,3
20240826-M-US_Open-R128-Taylor_Fritz-Camilo_Ugo_Carabelli,Taylor Fritz,SnV1st,1,1,0,0,0,1,0,0,0,0,3
20240826-M-US_Open-R128-Taylor_Fritz-Camilo_Ugo_Carabelli,Taylor Fritz,nonSnV,72,52,10,3,10,3,3,0,2,2,278
20240826-M-US_Open-R128-Taylor_Fritz-Camilo_Ugo_Carabelli,Taylor Fritz,nonSnV1st,42,34,10,2,7,2,3,0,2,1,132
20240826-M-US_Open-R128-Taylor_Fritz-Camilo_Ugo_Carabelli,Taylor Fritz,nonSnV2nd,30,18,0,1,3,1,0,0,0,1,146
20240826-M-US_Open-R128-Pedro_Martinez-Maks_Kasnikowski,Pedro Martinez,SnV,4,2,0,0,1,1,0,0,0,0,10
20240826-M-US_Open-R128-Pedro_Martinez-Maks_Kasnikowski,Pedro Martinez,SnV1st,3,2,0,0,1,1,0,0,0,0,8
20240826-M-US_Open-R128-Pedro_Martinez-Maks_Kasnikowski,Pedro Martinez,SnV2nd,1,0,0,0,0,0,0,0,0,0,2
20240826-M-US_Open-R128-Pedro_Martinez-Maks_Kasnikowski,Pedro Martinez,nonSnV,137,96,9,0,15,18,10,2,6,4,558
20240826-M-US_Open-R128-Pedro_Martinez-Maks_Kasnikowski,Pedro Martinez,nonSnV1st,89,61,9,0,15,13,6,2,5,4,373
20240826-M-US_Open-R128-Pedro_Martinez-Maks_Kasnikowski,Pedro Martinez,nonSnV2nd,48,35,0,0,0,5,4,0,1,0,185
20240826-M-US_Open-R128-Lorenzo_Musetti-Reilly_Opelka,Lorenzo Musetti,SnV,1,1,0,0,0,1,0,0,0,0,3
20240826-M-US_Open-R128-Lorenzo_Musetti-Reilly_Opelka,Lorenzo Musetti,SnV1st,1,1,0,0,0,1,0,0,0,0,3
20240826-M-US_Open-R128-Lorenzo_Musetti-Reilly_Opelka,Lorenzo Musetti,nonSnV,107,78,7,1,20,1,0,0,0,0,302
20240826-M-US_Open-R128-Lorenzo_Musetti-Reilly_Opelka,Lorenzo Musetti,nonSnV1st,56,42,7,1,19,1,0,0,0,0,160
20240826-M-US_Open-R128-Lorenzo_Musetti-Reilly_Opelka,Lorenzo Musetti,nonSnV2nd,51,36,0,0,1,0,0,0,0,0,142
20240826-M-US_Open-R128-Lorenzo_Musetti-Reilly_Opelka,Reilly Opelka,SnV,45,25,0,0,8,10,5,11,4,1,123
20240826-M-US_Open-R128-Lorenzo_Musetti-Reilly_Opelka,Reilly Opelka,SnV1st,15,10,0,0,4,4,2,3,1,0,44
20240826-M-US_Open-R128-Lorenzo_Musetti-Reilly_Opelka,Reilly Opelka,SnV2nd,30,15,0,0,4,6,3,8,3,1,79
20240826-M-US_Open-R128-Lorenzo_Musetti-Reilly_Opelka,Reilly Opelka,nonSnV,80,55,24,9,12,3,3,1,1,0,183
20240826-M-US_Open-R128-Lorenzo_Musetti-Reilly_Opelka,Reilly Opelka,nonSnV1st,66,49,23,6,12,3,2,1,1,0,139
20240826-M-US_Open-R128-Lorenzo_Musetti-Reilly_Opelka,Reilly Opelka,nonSnV2nd,14,6,1,3,0,0,1,0,0,0,44
20240826-M-US_Open-R128-Kyrian_Jacquet-Grigor_Dimitrov,Kyrian Jacquet,SnV,7,5,0,0,2,2,1,1,0,1,21
20240826-M-US_Open-R128-Kyrian_Jacquet-Grigor_Dimitrov,Kyrian Jacquet,SnV1st,7,5,0,0,2,2,1,1,0,1,21
20240826-M-US_Open-R128-Kyrian_Jacquet-Grigor_Dimitrov,Kyrian Jacquet,nonSnV,80,41,1,0,16,0,2,1,5,0,305
20240826-M-US_Open-R128-Kyrian_Jacquet-Grigor_Dimitrov,Kyrian Jacquet,nonSnV1st,53,27,1,0,16,0,2,1,3,0,179
20240826-M-US_Open-R128-Kyrian_Jacquet-Grigor_Dimitrov,Kyrian Jacquet,nonSnV2nd,27,14,0,0,0,0,0,0,2,0,126
20240826-M-US_Open-R128-Kyrian_Jacquet-Grigor_Dimitrov,Grigor Dimitrov,SnV,1,0,0,0,0,0,0,1,0,0,2
20240826-M-US_Open-R128-Kyrian_Jacquet-Grigor_Dimitrov,Grigor Dimitrov,SnV1st,1,0,0,0,0,0,0,1,0,0,2
20240826-M-US_Open-R128-Kyrian_Jacquet-Grigor_Dimitrov,Grigor Dimitrov,nonSnV,72,55,11,2,8,5,9,1,1,0,243
20240826-M-US_Open-R128-Kyrian_Jacquet-Grigor_Dimitrov,Grigor Dimitrov,nonSnV1st,37,33,11,2,6,2,6,1,0,0,97
20240826-M-US_Open-R128-Kyrian_Jacquet-Grigor_Dimitrov,Grigor Dimitrov,nonSnV2nd,35,22,0,0,2,3,3,0,1,0,146
20240826-M-US_Open-R128-Giovanni_Mpetshi_Perricard-Tomas_Martin_Etcheverry,Giovanni Mpetshi Perricard,SnV,12,4,0,0,2,0,1,6,1,1,30
20240826-M-US_Open-R128-Giovanni_Mpetshi_Perricard-Tomas_Martin_Etcheverry,Giovanni Mpetshi Perricard,SnV1st,4,0,0,0,0,0,0,4,0,0,10
20240826-M-US_Open-R128-Giovanni_Mpetshi_Perricard-Tomas_Martin_Etcheverry,Giovanni Mpetshi Perricard,SnV2nd,8,4,0,0,2,0,1,2,1,1,20
20240826-M-US_Open-R128-Giovanni_Mpetshi_Perricard-Tomas_Martin_Etcheverry,Giovanni Mpetshi Perricard,nonSnV,71,50,14,11,6,6,3,2,1,0,238
20240826-M-US_Open-R128-Giovanni_Mpetshi_Perricard-Tomas_Martin_Etcheverry,Giovanni Mpetshi Perricard,nonSnV1st,49,37,13,11,5,2,3,2,0,0,135
20240826-M-US_Open-R128-Giovanni_Mpetshi_Perricard-Tomas_Martin_Etcheverry,Giovanni Mpetshi Perricard,nonSnV2nd,22,13,1,0,1,4,0,0,1,0,103
20240826-M-US_Open-R128-Giovanni_Mpetshi_Perricard-Tomas_Martin_Etcheverry,Tomas Martin Etcheverry,SnV,1,1,0,0,1,0,0,0,0,0,1
20240826-M-US_Open-R128-Giovanni_Mpetshi_Perricard-Tomas_Martin_Etcheverry,Tomas Martin Etcheverry,SnV1st,1,1,0,0,1,0,0,0,0,0,1
20240826-M-US_Open-R128-Giovanni_Mpetshi_Perricard-Tomas_Martin_Etcheverry,Tomas Martin Etcheverry,nonSnV,61,52,11,4,7,5,3,0,0,0,206
20240826-M-US_Open-R128-Giovanni_Mpetshi_Perricard-Tomas_Martin_Etcheverry,Tomas Martin Etcheverry,nonSnV1st,45,39,10,4,6,5,3,0,0,0,141
20240826-M-US_Open-R128-Giovanni_Mpetshi_Perricard-Tomas_Martin_Etcheverry,Tomas Martin Etcheverry,nonSnV2nd,16,13,1,0,1,0,0,0,0,0,65
20240826-M-US_Open-R128-Casper_Ruud-Bu_Yunchaokete,Casper Ruud,SnV,2,2,0,0,0,0,1,0,0,0,4
20240826-M-US_Open-R128-Casper_Ruud-Bu_Yunchaokete,Casper Ruud,SnV2nd,2,2,0,0,0,0,1,0,0,0,4
20240826-M-US_Open-R128-Casper_Ruud-Bu_Yunchaokete,Casper Ruud,nonSnV,71,56,14,0,11,3,1,1,1,0,290
20240826-M-US_Open-R128-Casper_Ruud-Bu_Yunchaokete,Casper Ruud,nonSnV1st,43,37,14,0,10,2,1,0,0,0,131
20240826-M-US_Open-R128-Casper_Ruud-Bu_Yunchaokete,Casper Ruud,nonSnV2nd,28,19,0,0,1,1,0,1,1,0,159
20240826-M-US_Open-R128-Brandon_Nakashima-Holger_Rune,Holger Rune,SnV,3,3,0,0,0,1,2,0,0,0,9
20240826-M-US_Open-R128-Brandon_Nakashima-Holger_Rune,Holger Rune,SnV1st,2,2,0,0,0,1,1,0,0,0,6
20240826-M-US_Open-R128-Brandon_Nakashima-Holger_Rune,Holger Rune,SnV2nd,1,1,0,0,0,0,1,0,0,0,3
20240826-M-US_Open-R128-Brandon_Nakashima-Holger_Rune,Holger Rune,nonSnV,75,41,2,1,7,6,6,2,1,1,393
20240826-M-US_Open-R128-Brandon_Nakashima-Holger_Rune,Holger Rune,nonSnV1st,32,21,1,0,6,5,2,1,0,0,173
20240826-M-US_Open-R128-Brandon_Nakashima-Holger_Rune,Holger Rune,nonSnV2nd,43,20,1,1,1,1,4,1,1,1,220
20240826-M-US_Open-R128-Ben_Shelton-Dominic_Thiem,Ben Shelton,SnV,20,18,1,1,8,5,2,0,0,0,46
20240826-M-US_Open-R128-Ben_Shelton-Dominic_Thiem,Ben Shelton,SnV1st,15,14,1,1,7,3,1,0,0,0,30
20240826-M-US_Open-R128-Ben_Shelton-Dominic_Thiem,Ben Shelton,SnV2nd,5,4,0,0,1,2,1,0,0,0,16
20240826-M-US_Open-R128-Ben_Shelton-Dominic_Thiem,Ben Shelton,nonSnV,39,35,7,2,5,4,3,0,1,1,111
20240826-M-US_Open-R128-Ben_Shelton-Dominic_Thiem,Ben Shelton,nonSnV1st,30,27,7,2,4,4,2,0,1,0,87
20240826-M-US_Open-R128-Ben_Shelton-Dominic_Thiem,Ben Shelton,nonSnV2nd,9,8,0,0,1,0,1,0,0,1,24
20240826-M-US_Open-R128-Ben_Shelton-Dominic_Thiem,Dominic Thiem,SnV,2,0,0,0,0,0,0,0,0,1,6
20240826-M-US_Open-R128-Ben_Shelton-Dominic_Thiem,Dominic Thiem,SnV1st,2,0,0,0,0,0,0,0,0,1,6
20240826-M-US_Open-R128-Ben_Shelton-Dominic_Thiem,Dominic Thiem,nonSnV,84,51,2,0,13,5,6,0,2,1,321
20240826-M-US_Open-R128-Ben_Shelton-Dominic_Thiem,Dominic Thiem,nonSnV1st,41,29,2,0,13,4,6,0,2,1,131
20240826-M-US_Open-R128-Ben_Shelton-Dominic_Thiem,Dominic Thiem,nonSnV2nd,43,22,0,0,0,1,0,0,0,0,190
20240822-M-US_Open-Q3-Joao_Fonseca-Eliot_Spizzirri,Eliot Spizzirri,SnV,1,1,0,1,0,0,0,0,0,0,1
20240822-M-US_Open-Q3-Joao_Fonseca-Eliot_Spizzirri,Eliot Spizzirri,SnV1st,1,1,0,1,0,0,0,0,0,0,1
20240822-M-US_Open-Q3-Joao_Fonseca-Eliot_Spizzirri,Eliot Spizzirri,nonSnV,99,72,2,2,13,3,5,1,2,0,386
20240822-M-US_Open-Q3-Joao_Fonseca-Eliot_Spizzirri,Eliot Spizzirri,nonSnV1st,55,41,2,2,13,2,3,1,1,0,213
20240822-M-US_Open-Q3-Joao_Fonseca-Eliot_Spizzirri,Eliot Spizzirri,nonSnV2nd,44,31,0,0,0,1,2,0,1,0,173
20240822-M-US_Open-Q3-Jesper_De_Jong-Li_Tu,Jesper De Jong,SnV,4,4,0,0,3,1,0,0,0,0,6
20240822-M-US_Open-Q3-Jesper_De_Jong-Li_Tu,Jesper De Jong,SnV1st,3,3,0,0,2,1,0,0,0,0,5
20240822-M-US_Open-Q3-Jesper_De_Jong-Li_Tu,Jesper De Jong,SnV2nd,1,1,0,0,1,0,0,0,0,0,1
20240822-M-US_Open-Q3-Jesper_De_Jong-Li_Tu,Jesper De Jong,nonSnV,73,43,5,1,9,10,4,1,5,2,321
20240822-M-US_Open-Q3-Jesper_De_Jong-Li_Tu,Jesper De Jong,nonSnV1st,46,29,5,1,9,8,2,0,2,0,187
20240822-M-US_Open-Q3-Jesper_De_Jong-Li_Tu,Jesper De Jong,nonSnV2nd,27,14,0,0,0,2,2,1,3,2,134
20240822-M-US_Open-Q3-Jesper_De_Jong-Li_Tu,Li Tu,SnV,1,0,0,0,0,0,0,0,0,0,2
20240822-M-US_Open-Q3-Jesper_De_Jong-Li_Tu,Li Tu,SnV2nd,1,0,0,0,0,0,0,0,0,0,2
20240822-M-US_Open-Q3-Jesper_De_Jong-Li_Tu,Li Tu,nonSnV,87,58,5,0,10,4,4,2,3,1,374
20240822-M-US_Open-Q3-Jesper_De_Jong-Li_Tu,Li Tu,nonSnV1st,50,31,5,0,10,3,3,2,3,1,187
20240822-M-US_Open-Q3-Jesper_De_Jong-Li_Tu,Li Tu,nonSnV2nd,37,27,0,0,0,1,1,0,0,0,187
20240128-M-Australian_Open-F-Jannik_Sinner-Daniil_Medvedev,Jannik Sinner,SnV,4,3,2,0,0,1,0,1,0,0,7
20240128-M-Australian_Open-F-Jannik_Sinner-Daniil_Medvedev,Jannik Sinner,SnV1st,4,3,2,0,0,1,0,1,0,0,7
20240128-M-Australian_Open-F-Jannik_Sinner-Daniil_Medvedev,Jannik Sinner,nonSnV,135,92,12,0,12,10,3,0,4,1,816
20240128-M-Australian_Open-F-Jannik_Sinner-Daniil_Medvedev,Jannik Sinner,nonSnV1st,84,62,11,0,12,9,3,0,2,0,426
20240128-M-Australian_Open-F-Jannik_Sinner-Daniil_Medvedev,Jannik Sinner,nonSnV2nd,51,30,1,0,0,1,0,0,2,1,390
20240128-M-Australian_Open-F-Jannik_Sinner-Daniil_Medvedev,Daniil Medvedev,SnV,5,4,0,0,3,1,0,1,0,0,8
20240128-M-Australian_Open-F-Jannik_Sinner-Daniil_Medvedev,Daniil Medvedev,SnV1st,4,4,0,0,3,1,0,0,0,0,6
20240128-M-Australian_Open-F-Jannik_Sinner-Daniil_Medvedev,Daniil Medvedev,SnV2nd,1,0,0,0,0,0,0,1,0,0,2
20240128-M-Australian_Open-F-Jannik_Sinner-Daniil_Medvedev,Daniil Medvedev,nonSnV,130,87,11,0,21,13,8,2,3,2,731
20240128-M-Australian_Open-F-Jannik_Sinner-Daniil_Medvedev,Daniil Medvedev,nonSnV1st,91,68,11,0,21,10,7,2,3,2,400
20240128-M-Australian_Open-F-Jannik_Sinner-Daniil_Medvedev,Daniil Medvedev,nonSnV2nd,39,19,0,0,0,3,1,0,0,0,331
20240126-M-Australian_Open-SF-Jannik_Sinner-Novak_Djokovic,Jannik Sinner,SnV,2,2,0,0,0,1,1,0,0,0,6
20240126-M-Australian_Open-SF-Jannik_Sinner-Novak_Djokovic,Jannik Sinner,SnV1st,2,2,0,0,0,1,1,0,0,0,6
20240126-M-Australian_Open-SF-Jannik_Sinner-Novak_Djokovic,Jannik Sinner,nonSnV,107,80,9,4,21,6,5,0,1,0,460
20240126-M-Australian_Open-SF-Jannik_Sinner-Novak_Djokovic,Jannik Sinner,nonSnV1st,62,51,9,4,18,3,4,0,0,0,187
20240126-M-Australian_Open-SF-Jannik_Sinner-Novak_Djokovic,Jannik Sinner,nonSnV2nd,45,29,0,0,3,3,1,0,1,0,273
20240126-M-Australian_Open-SF-Jannik_Sinner-Novak_Djokovic,Novak Djokovic,SnV,2,2,0,0,1,1,0,0,0,0,6
20240126-M-Australian_Open-SF-Jannik_Sinner-Novak_Djokovic,Novak Djokovic,SnV1st,2,2,0,0,1,1,0,0,0,0,6
20240126-M-Australian_Open-SF-Jannik_Sinner-Novak_Djokovic,Novak Djokovic,nonSnV,110,68,7,7,8,5,8,1,3,0,564
20240126-M-Australian_Open-SF-Jannik_Sinner-Novak_Djokovic,Novak Djokovic,nonSnV1st,76,50,7,6,8,2,5,1,3,0,370
20240126-M-Australian_Open-SF-Jannik_Sinner-Novak_Djokovic,Novak Djokovic,nonSnV2nd,34,18,0,1,0,3,3,0,0,0,194
20240126-M-Australian_Open-SF-Daniil_Medvedev-Alexander_Zverev,Daniil Medvedev,SnV,2,1,0,0,0,1,0,0,0,1,7
20240126-M-Australian_Open-SF-Daniil_Medvedev-Alexander_Zverev,Daniil Medvedev,SnV1st,2,1,0,0,0,1,0,0,0,1,7
20240126-M-Australian_Open-SF-Daniil_Medvedev-Alexander_Zverev,Daniil Medvedev,nonSnV,148,106,13,0,23,9,4,1,1,0,726
20240126-M-Australian_Open-SF-Daniil_Medvedev-Alexander_Zverev,Daniil Medvedev,nonSnV1st,92,71,13,0,22,7,3,1,0,0,373
20240126-M-Australian_Open-SF-Daniil_Medvedev-Alexander_Zverev,Daniil Medvedev,nonSnV2nd,56,35,0,0,1,2,1,0,1,0,353
20240126-M-Australian_Open-SF-Daniil_Medvedev-Alexander_Zverev,Alexander Zverev,SnV,11,10,0,0,2,5,2,1,0,0,28
20240126-M-Australian_Open-SF-Daniil_Medvedev-Alexander_Zverev,Alexander Zverev,SnV1st,10,9,0,0,2,4,2,1,0,0,25
20240126-M-Australian_Open-SF-Daniil_Medvedev-Alexander_Zverev,Alexander Zverev,SnV2nd,1,1,0,0,0,1,0,0,0,0,3
20240126-M-Australian_Open-SF-Daniil_Medvedev-Alexander_Zverev,Alexander Zverev,nonSnV,158,106,14,0,26,19,12,4,5,0,836
20240126-M-Australian_Open-SF-Daniil_Medvedev-Alexander_Zverev,Alexander Zverev,nonSnV1st,122,85,14,0,26,14,10,3,3,0,525
20240126-M-Australian_Open-SF-Daniil_Medvedev-Alexander_Zverev,Alexander Zverev,nonSnV2nd,36,21,0,0,0,5,2,1,2,0,311
20240124-M-Australian_Open-QF-Hubert_Hurkacz-Daniil_Medvedev,Hubert Hurkacz,SnV,4,4,0,0,2,1,0,0,0,0,6
20240124-M-Australian_Open-QF-Hubert_Hurkacz-Daniil_Medvedev,Hubert Hurkacz,SnV1st,3,3,0,0,2,1,0,0,0,0,5
20240124-M-Australian_Open-QF-Hubert_Hurkacz-Daniil_Medvedev,Hubert Hurkacz,SnV2nd,1,1,0,0,0,0,0,0,0,0,1
20240124-M-Australian_Open-QF-Hubert_Hurkacz-Daniil_Medvedev,Hubert Hurkacz,nonSnV,130,94,16,0,27,9,6,0,5,4,550
20240124-M-Australian_Open-QF-Hubert_Hurkacz-Daniil_Medvedev,Hubert Hurkacz,nonSnV1st,86,69,16,0,25,5,3,0,4,3,267
20240124-M-Australian_Open-QF-Hubert_Hurkacz-Daniil_Medvedev,Hubert Hurkacz,nonSnV2nd,44,25,0,0,2,4,3,0,1,1,283
20240124-M-Australian_Open-QF-Hubert_Hurkacz-Daniil_Medvedev,Daniil Medvedev,SnV,2,2,0,0,1,0,1,0,0,0,4
20240124-M-Australian_Open-QF-Hubert_Hurkacz-Daniil_Medvedev,Daniil Medvedev,SnV1st,2,2,0,0,1,0,1,0,0,0,4
20240124-M-Australian_Open-QF-Hubert_Hurkacz-Daniil_Medvedev,Daniil Medvedev,nonSnV,168,113,11,0,22,8,9,0,6,1,1069
20240124-M-Australian_Open-QF-Hubert_Hurkacz-Daniil_Medvedev,Daniil Medvedev,nonSnV1st,107,83,11,0,21,5,7,0,3,1,575
20240124-M-Australian_Open-QF-Hubert_Hurkacz-Daniil_Medvedev,Daniil Medvedev,nonSnV2nd,61,30,0,0,1,3,2,0,3,0,494
20240124-M-Australian_Open-QF-Alexander_Zverev-Carlos_Alcaraz,Carlos Alcaraz,SnV,3,3,0,0,1,2,0,0,0,0,9
20240124-M-Australian_Open-QF-Alexander_Zverev-Carlos_Alcaraz,Carlos Alcaraz,SnV1st,3,3,0,0,1,2,0,0,0,0,9
20240124-M-Australian_Open-QF-Alexander_Zverev-Carlos_Alcaraz,Carlos Alcaraz,nonSnV,112,66,7,0,16,5,7,1,3,2,533
20240124-M-Australian_Open-QF-Alexander_Zverev-Carlos_Alcaraz,Carlos Alcaraz,nonSnV1st,76,50,7,0,16,3,5,1,3,1,337
20240124-M-Australian_Open-QF-Alexander_Zverev-Carlos_Alcaraz,Carlos Alcaraz,nonSnV2nd,36,16,0,0,0,2,2,0,0,1,196
20240122-M-Australian_Open-R16-Miomir_Kecmanovic-Carlos_Alcaraz,Carlos Alcaraz,SnV,2,1,0,0,0,1,0,1,0,0,5
20240122-M-Australian_Open-R16-Miomir_Kecmanovic-Carlos_Alcaraz,Carlos Alcaraz,SnV1st,2,1,0,0,0,1,0,1,0,0,5
20240122-M-Australian_Open-R16-Miomir_Kecmanovic-Carlos_Alcaraz,Carlos Alcaraz,nonSnV,67,52,5,2,7,8,2,0,2,2,304
20240122-M-Australian_Open-R16-Miomir_Kecmanovic-Carlos_Alcaraz,Carlos Alcaraz,nonSnV1st,45,38,5,2,7,8,1,0,0,0,160
20240122-M-Australian_Open-R16-Miomir_Kecmanovic-Carlos_Alcaraz,Carlos Alcaraz,nonSnV2nd,22,14,0,0,0,0,1,0,2,2,144
20240122-M-Australian_Open-R16-Cameron_Norrie-Alexander_Zverev,Cameron Norrie,SnV,6,3,0,0,1,1,1,3,0,0,15
20240122-M-Australian_Open-R16-Cameron_Norrie-Alexander_Zverev,Cameron Norrie,SnV1st,3,1,0,0,1,0,0,2,0,0,7
20240122-M-Australian_Open-R16-Cameron_Norrie-Alexander_Zverev,Cameron Norrie,SnV2nd,3,2,0,0,0,1,1,1,0,0,8
20240122-M-Australian_Open-R16-Cameron_Norrie-Alexander_Zverev,Cameron Norrie,nonSnV,161,103,10,2,23,9,11,1,7,2,727
20240122-M-Australian_Open-R16-Cameron_Norrie-Alexander_Zverev,Cameron Norrie,nonSnV1st,102,70,9,2,23,5,10,1,6,1,388
20240122-M-Australian_Open-R16-Cameron_Norrie-Alexander_Zverev,Cameron Norrie,nonSnV2nd,59,33,1,0,0,4,1,0,1,1,339
20240122-M-Australian_Open-R16-Cameron_Norrie-Alexander_Zverev,Alexander Zverev,SnV,3,3,0,0,0,2,1,0,0,0,9
20240122-M-Australian_Open-R16-Cameron_Norrie-Alexander_Zverev,Alexander Zverev,SnV1st,3,3,0,0,0,2,1,0,0,0,9
20240122-M-Australian_Open-R16-Cameron_Norrie-Alexander_Zverev,Alexander Zverev,nonSnV,141,100,15,5,18,10,8,3,4,1,614
20240122-M-Australian_Open-R16-Cameron_Norrie-Alexander_Zverev,Alexander Zverev,nonSnV1st,111,84,15,5,18,8,8,3,2,1,458
20240122-M-Australian_Open-R16-Cameron_Norrie-Alexander_Zverev,Alexander Zverev,nonSnV2nd,30,16,0,0,0,2,0,0,2,0,156
20240121-M-Australian_Open-R16-Stefanos_Tsitsipas-Taylor_Fritz,Stefanos Tsitsipas,SnV,11,8,0,0,0,7,1,1,1,0,38
20240121-M-Australian_Open-R16-Stefanos_Tsitsipas-Taylor_Fritz,Stefanos Tsitsipas,SnV1st,11,8,0,0,0,7,1,1,1,0,38
20240121-M-Australian_Open-R16-Stefanos_Tsitsipas-Taylor_Fritz,Stefanos Tsitsipas,nonSnV,118,79,12,4,21,12,5,2,2,0,501
20240121-M-Australian_Open-R16-Stefanos_Tsitsipas-Taylor_Fritz,Stefanos Tsitsipas,nonSnV1st,75,57,12,4,15,9,5,2,1,0,283
20240121-M-Australian_Open-R16-Stefanos_Tsitsipas-Taylor_Fritz,Stefanos Tsitsipas,nonSnV2nd,43,22,0,0,6,3,0,0,1,0,218
20240121-M-Australian_Open-R16-Karen_Khachanov-Jannik_Sinner,Jannik Sinner,SnV,2,2,0,0,0,2,0,0,0,0,8
20240121-M-Australian_Open-R16-Karen_Khachanov-Jannik_Sinner,Jannik Sinner,SnV1st,1,1,0,0,0,1,0,0,0,0,3
20240121-M-Australian_Open-R16-Karen_Khachanov-Jannik_Sinner,Jannik Sinner,SnV2nd,1,1,0,0,0,1,0,0,0,0,5
20240121-M-Australian_Open-R16-Karen_Khachanov-Jannik_Sinner,Jannik Sinner,nonSnV,92,65,8,0,12,13,3,0,2,0,453
20240121-M-Australian_Open-R16-Karen_Khachanov-Jannik_Sinner,Jannik Sinner,nonSnV1st,51,40,8,0,12,7,2,0,1,0,218
20240121-M-Australian_Open-R16-Karen_Khachanov-Jannik_Sinner,Jannik Sinner,nonSnV2nd,41,25,0,0,0,6,1,0,1,0,235
20240120-M-Australian_Open-R32-Casper_Ruud-Cameron_Norrie,Casper Ruud,SnV,1,0,0,0,0,0,0,1,0,0,2
20240120-M-Australian_Open-R32-Casper_Ruud-Cameron_Norrie,Casper Ruud,SnV1st,1,0,0,0,0,0,0,1,0,0,2
20240120-M-Australian_Open-R32-Casper_Ruud-Cameron_Norrie,Casper Ruud,nonSnV,117,81,19,5,13,4,3,0,4,4,421
20240120-M-Australian_Open-R32-Casper_Ruud-Cameron_Norrie,Casper Ruud,nonSnV1st,83,63,18,5,12,3,3,0,3,2,269
20240120-M-Australian_Open-R32-Casper_Ruud-Cameron_Norrie,Casper Ruud,nonSnV2nd,34,18,1,0,1,1,0,0,1,2,152
20240120-M-Australian_Open-R32-Casper_Ruud-Cameron_Norrie,Cameron Norrie,SnV,8,5,0,0,1,4,0,1,1,0,23
20240120-M-Australian_Open-R32-Casper_Ruud-Cameron_Norrie,Cameron Norrie,SnV1st,2,1,0,0,0,1,0,1,0,0,5
20240120-M-Australian_Open-R32-Casper_Ruud-Cameron_Norrie,Cameron Norrie,SnV2nd,6,4,0,0,1,3,0,0,1,0,18
20240120-M-Australian_Open-R32-Casper_Ruud-Cameron_Norrie,Cameron Norrie,nonSnV,117,86,11,4,10,12,9,1,8,0,554
20240120-M-Australian_Open-R32-Casper_Ruud-Cameron_Norrie,Cameron Norrie,nonSnV1st,77,60,11,4,8,10,6,0,7,0,364
20240120-M-Australian_Open-R32-Casper_Ruud-Cameron_Norrie,Cameron Norrie,nonSnV2nd,40,26,0,0,2,2,3,1,1,0,190
20240120-M-Australian_Open-R16-Novak_Djokovic-Adrian_Mannarino,Novak Djokovic,SnV,3,3,0,0,1,2,0,0,0,0,7
20240120-M-Australian_Open-R16-Novak_Djokovic-Adrian_Mannarino,Novak Djokovic,SnV1st,3,3,0,0,1,2,0,0,0,0,7
20240120-M-Australian_Open-R16-Novak_Djokovic-Adrian_Mannarino,Novak Djokovic,nonSnV,61,49,17,0,11,4,3,2,1,0,289
20240120-M-Australian_Open-R16-Novak_Djokovic-Adrian_Mannarino,Novak Djokovic,nonSnV1st,45,36,17,0,8,3,3,1,1,0,208
20240120-M-Australian_Open-R16-Novak_Djokovic-Adrian_Mannarino,Novak Djokovic,nonSnV2nd,16,13,0,0,3,1,0,1,0,0,81
20240120-M-Australian_Open-R16-Novak_Djokovic-Adrian_Mannarino,Adrian Mannarino,SnV,1,1,0,0,0,1,0,0,0,0,3
20240120-M-Australian_Open-R16-Novak_Djokovic-Adrian_Mannarino,Adrian Mannarino,SnV1st,1,1,0,0,0,1,0,0,0,0,3
20240120-M-Australian_Open-R16-Novak_Djokovic-Adrian_Mannarino,Adrian Mannarino,nonSnV,57,24,1,0,14,1,1,2,2,2,400
20240120-M-Australian_Open-R16-Novak_Djokovic-Adrian_Mannarino,Adrian Mannarino,nonSnV1st,33,16,1,0,11,1,1,1,1,1,170
20240120-M-Australian_Open-R16-Novak_Djokovic-Adrian_Mannarino,Adrian Mannarino,nonSnV2nd,24,8,0,0,3,0,0,1,1,1,230
20240119-M-Australian_Open-R32-Tommy_Paul-Miomir_Kecmanovic,Tommy Paul,SnV,7,5,0,0,1,4,0,0,0,0,21
20240119-M-Australian_Open-R32-Tommy_Paul-Miomir_Kecmanovic,Tommy Paul,SnV1st,6,5,0,0,1,4,0,0,0,0,19
20240119-M-Australian_Open-R32-Tommy_Paul-Miomir_Kecmanovic,Tommy Paul,SnV2nd,1,0,0,0,0,0,0,0,0,0,2
20240119-M-Australian_Open-R32-Tommy_Paul-Miomir_Kecmanovic,Tommy Paul,nonSnV,176,101,17,2,19,21,4,0,1,3,785
20240119-M-Australian_Open-R32-Tommy_Paul-Miomir_Kecmanovic,Tommy Paul,nonSnV1st,102,64,17,2,18,14,2,0,1,1,408
20240119-M-Australian_Open-R32-Tommy_Paul-Miomir_Kecmanovic,Tommy Paul,nonSnV2nd,74,37,0,0,1,7,2,0,0,2,377
20240119-M-Australian_Open-R32-Novak_Djokovic-Tomas_Martin_Etcheverry,Novak Djokovic,SnV,3,2,0,0,1,0,1,1,0,0,8
20240119-M-Australian_Open-R32-Novak_Djokovic-Tomas_Martin_Etcheverry,Novak Djokovic,SnV1st,3,2,0,0,1,0,1,1,0,0,8
20240119-M-Australian_Open-R32-Novak_Djokovic-Tomas_Martin_Etcheverry,Novak Djokovic,nonSnV,81,63,11,0,18,8,6,1,0,0,413
20240119-M-Australian_Open-R32-Novak_Djokovic-Tomas_Martin_Etcheverry,Novak Djokovic,nonSnV1st,54,47,11,0,16,5,4,1,0,0,229
20240119-M-Australian_Open-R32-Novak_Djokovic-Tomas_Martin_Etcheverry,Novak Djokovic,nonSnV2nd,27,16,0,0,2,3,2,0,0,0,184
20240119-M-Australian_Open-R32-Jannik_Sinner-Sebastian_Baez,Jannik Sinner,SnV,1,0,0,0,0,0,0,0,0,0,4
20240119-M-Australian_Open-R32-Jannik_Sinner-Sebastian_Baez,Jannik Sinner,SnV1st,1,0,0,0,0,0,0,0,0,0,4
20240119-M-Australian_Open-R32-Jannik_Sinner-Sebastian_Baez,Jannik Sinner,nonSnV,69,48,6,0,15,6,2,2,2,1,368
20240119-M-Australian_Open-R32-Jannik_Sinner-Sebastian_Baez,Jannik Sinner,nonSnV1st,44,35,6,0,15,6,0,1,0,1,173
20240119-M-Australian_Open-R32-Jannik_Sinner-Sebastian_Baez,Jannik Sinner,nonSnV2nd,25,13,0,0,0,0,2,1,2,0,195
20240119-M-Australian_Open-R32-Ben_Shelton-Adrian_Mannarino,Ben Shelton,SnV,12,7,0,0,2,1,2,3,1,0,33
20240119-M-Australian_Open-R32-Ben_Shelton-Adrian_Mannarino,Ben Shelton,SnV1st,9,5,0,0,2,1,2,2,1,0,25
20240119-M-Australian_Open-R32-Ben_Shelton-Adrian_Mannarino,Ben Shelton,SnV2nd,3,2,0,0,0,0,0,1,0,0,8
20240119-M-Australian_Open-R32-Ben_Shelton-Adrian_Mannarino,Ben Shelton,nonSnV,162,103,19,10,21,7,6,3,5,2,799
20240119-M-Australian_Open-R32-Ben_Shelton-Adrian_Mannarino,Ben Shelton,nonSnV1st,119,81,17,9,16,6,6,1,3,2,547
20240119-M-Australian_Open-R32-Ben_Shelton-Adrian_Mannarino,Ben Shelton,nonSnV2nd,43,22,2,1,5,1,0,2,2,0,252
20240119-M-Australian_Open-R32-Ben_Shelton-Adrian_Mannarino,Adrian Mannarino,SnV,5,5,0,0,0,4,1,0,0,0,19
20240119-M-Australian_Open-R32-Ben_Shelton-Adrian_Mannarino,Adrian Mannarino,SnV1st,4,4,0,0,0,3,1,0,0,0,16
20240119-M-Australian_Open-R32-Ben_Shelton-Adrian_Mannarino,Adrian Mannarino,SnV2nd,1,1,0,0,0,1,0,0,0,0,3
20240119-M-Australian_Open-R32-Ben_Shelton-Adrian_Mannarino,Adrian Mannarino,nonSnV,174,107,9,0,20,6,5,1,7,2,985
20240119-M-Australian_Open-R32-Ben_Shelton-Adrian_Mannarino,Adrian Mannarino,nonSnV1st,117,72,9,0,19,2,3,1,7,1,624
20240119-M-Australian_Open-R32-Ben_Shelton-Adrian_Mannarino,Adrian Mannarino,nonSnV2nd,57,35,0,0,1,4,2,0,0,1,361
20240118-M-Australian_Open-R64-Jakub_Mensik-Hubert_Hurkacz,Hubert Hurkacz,SnV,2,2,0,0,2,0,0,0,0,0,2
20240118-M-Australian_Open-R64-Jakub_Mensik-Hubert_Hurkacz,Hubert Hurkacz,SnV1st,2,2,0,0,2,0,0,0,0,0,2
20240118-M-Australian_Open-R64-Jakub_Mensik-Hubert_Hurkacz,Hubert Hurkacz,nonSnV,131,99,19,0,28,13,9,1,2,2,521
20240118-M-Australian_Open-R64-Jakub_Mensik-Hubert_Hurkacz,Hubert Hurkacz,nonSnV1st,89,73,18,0,26,9,5,0,1,1,335
20240118-M-Australian_Open-R64-Jakub_Mensik-Hubert_Hurkacz,Hubert Hurkacz,nonSnV2nd,42,26,1,0,2,4,4,1,1,1,186
20240118-M-Australian_Open-R64-Emil_Ruusuvuori-Daniil_Medvedev,Emil Ruusuvuori,SnV,7,5,0,0,1,3,1,1,0,0,17
20240118-M-Australian_Open-R64-Emil_Ruusuvuori-Daniil_Medvedev,Emil Ruusuvuori,SnV1st,7,5,0,0,1,3,1,1,0,0,17
20240118-M-Australian_Open-R64-Emil_Ruusuvuori-Daniil_Medvedev,Emil Ruusuvuori,nonSnV,166,94,1,0,18,14,6,5,4,1,1236
20240118-M-Australian_Open-R64-Emil_Ruusuvuori-Daniil_Medvedev,Emil Ruusuvuori,nonSnV1st,102,58,1,0,18,9,5,4,3,1,676
20240118-M-Australian_Open-R64-Emil_Ruusuvuori-Daniil_Medvedev,Emil Ruusuvuori,nonSnV2nd,64,36,0,0,0,5,1,1,1,0,560
20240118-M-Australian_Open-R64-Casper_Ruud-Max_Purcell,Max Purcell,SnV,66,50,9,0,16,19,6,3,5,2,172
20240118-M-Australian_Open-R64-Casper_Ruud-Max_Purcell,Max Purcell,SnV1st,45,38,9,0,11,15,3,2,3,0,104
20240118-M-Australian_Open-R64-Casper_Ruud-Max_Purcell,Max Purcell,SnV2nd,21,12,0,0,5,4,3,1,2,2,68
20240118-M-Australian_Open-R64-Casper_Ruud-Max_Purcell,Max Purcell,nonSnV,88,64,18,1,7,13,5,2,2,6,338
20240118-M-Australian_Open-R64-Casper_Ruud-Max_Purcell,Max Purcell,nonSnV1st,61,45,18,1,7,9,4,2,0,5,201
20240118-M-Australian_Open-R64-Casper_Ruud-Max_Purcell,Max Purcell,nonSnV2nd,27,19,0,0,0,4,1,0,2,1,137
20240118-M-Australian_Open-R64-Arthur_Cazaux-Holger_Rune,Arthur Cazaux,SnV,1,1,0,0,0,1,0,0,0,0,3
20240118-M-Australian_Open-R64-Arthur_Cazaux-Holger_Rune,Arthur Cazaux,SnV1st,1,1,0,0,0,1,0,0,0,0,3
20240118-M-Australian_Open-R64-Arthur_Cazaux-Holger_Rune,Arthur Cazaux,nonSnV,115,85,18,6,13,7,5,1,4,2,491
20240118-M-Australian_Open-R64-Arthur_Cazaux-Holger_Rune,Arthur Cazaux,nonSnV1st,73,60,17,6,12,6,3,0,3,1,270
20240118-M-Australian_Open-R64-Arthur_Cazaux-Holger_Rune,Arthur Cazaux,nonSnV2nd,42,25,1,0,1,1,2,1,1,1,221
20240118-M-Australian_Open-R64-Arthur_Cazaux-Holger_Rune,Holger Rune,SnV,14,9,0,0,3,4,2,1,2,1,55
20240118-M-Australian_Open-R64-Arthur_Cazaux-Holger_Rune,Holger Rune,SnV1st,12,8,0,0,3,4,1,1,2,0,46
20240118-M-Australian_Open-R64-Arthur_Cazaux-Holger_Rune,Holger Rune,SnV2nd,2,1,0,0,0,0,1,0,0,1,9
20240118-M-Australian_Open-R64-Arthur_Cazaux-Holger_Rune,Holger Rune,nonSnV,119,81,6,5,17,14,4,2,6,1,483
20240118-M-Australian_Open-R64-Arthur_Cazaux-Holger_Rune,Holger Rune,nonSnV1st,64,47,5,4,16,6,3,2,4,0,195
20240118-M-Australian_Open-R64-Arthur_Cazaux-Holger_Rune,Holger Rune,nonSnV2nd,55,34,1,1,1,8,1,0,2,1,288
20240117-M-Australian_Open-R64-Novak_Djokovic-Alexei_Popyrin,Novak Djokovic,SnV,1,1,0,0,1,0,0,0,0,0,1
20240117-M-Australian_Open-R64-Novak_Djokovic-Alexei_Popyrin,Novak Djokovic,SnV1st,1,1,0,0,1,0,0,0,0,0,1
20240117-M-Australian_Open-R64-Novak_Djokovic-Alexei_Popyrin,Novak Djokovic,nonSnV,118,86,11,0,29,5,3,2,3,0,476
20240117-M-Australian_Open-R64-Novak_Djokovic-Alexei_Popyrin,Novak Djokovic,nonSnV1st,72,59,10,0,19,4,3,1,2,0,271
20240117-M-Australian_Open-R64-Novak_Djokovic-Alexei_Popyrin,Novak Djokovic,nonSnV2nd,46,27,1,0,10,1,0,1,1,0,205
20240117-M-Australian_Open-R64-Novak_Djokovic-Alexei_Popyrin,Alexei Popyrin,SnV,4,2,0,0,1,1,0,1,0,0,8
20240117-M-Australian_Open-R64-Novak_Djokovic-Alexei_Popyrin,Alexei Popyrin,SnV1st,4,2,0,0,1,1,0,1,0,0,8
20240117-M-Australian_Open-R64-Novak_Djokovic-Alexei_Popyrin,Alexei Popyrin,nonSnV,103,72,17,0,10,15,4,5,3,1,506
20240117-M-Australian_Open-R64-Novak_Djokovic-Alexei_Popyrin,Alexei Popyrin,nonSnV1st,61,45,16,0,6,8,2,4,2,1,259
20240117-M-Australian_Open-R64-Novak_Djokovic-Alexei_Popyrin,Alexei Popyrin,nonSnV2nd,42,27,1,0,4,7,2,1,1,0,247
20240117-M-Australian_Open-R64-Matteo_Arnaldi-Alex_De_Minaur,Matteo Arnaldi,SnV,2,0,0,0,0,0,0,2,0,0,4
20240117-M-Australian_Open-R64-Matteo_Arnaldi-Alex_De_Minaur,Matteo Arnaldi,SnV1st,1,0,0,0,0,0,0,1,0,0,2
20240117-M-Australian_Open-R64-Matteo_Arnaldi-Alex_De_Minaur,Matteo Arnaldi,SnV2nd,1,0,0,0,0,0,0,1,0,0,2
20240117-M-Australian_Open-R64-Matteo_Arnaldi-Alex_De_Minaur,Matteo Arnaldi,nonSnV,78,39,4,8,0,6,0,4,2,2,383
20240117-M-Australian_Open-R64-Matteo_Arnaldi-Alex_De_Minaur,Matteo Arnaldi,nonSnV1st,39,24,4,8,0,5,0,2,1,2,162
20240117-M-Australian_Open-R64-Matteo_Arnaldi-Alex_De_Minaur,Matteo Arnaldi,nonSnV2nd,39,15,0,0,0,1,0,2,1,0,221
20240117-M-Australian_Open-R64-Luca_Van_Assche-Lorenzo_Musetti,Lorenzo Musetti,SnV,2,0,0,0,0,0,0,0,0,1,6
20240117-M-Australian_Open-R64-Luca_Van_Assche-Lorenzo_Musetti,Lorenzo Musetti,SnV2nd,2,0,0,0,0,0,0,0,0,1,6
20240117-M-Australian_Open-R64-Luca_Van_Assche-Lorenzo_Musetti,Lorenzo Musetti,nonSnV,151,91,6,1,21,10,6,1,8,3,767
20240117-M-Australian_Open-R64-Luca_Van_Assche-Lorenzo_Musetti,Lorenzo Musetti,nonSnV1st,89,64,6,1,21,8,6,0,3,1,336
20240117-M-Australian_Open-R64-Luca_Van_Assche-Lorenzo_Musetti,Lorenzo Musetti,nonSnV2nd,62,27,0,0,0,2,0,1,5,2,431
20240117-M-Australian_Open-R64-Jesper_De_Jong-Jannik_Sinner,Jesper De Jong,SnV,3,1,0,0,0,1,0,0,0,0,7
20240117-M-Australian_Open-R64-Jesper_De_Jong-Jannik_Sinner,Jesper De Jong,SnV1st,2,1,0,0,0,1,0,0,0,0,5
20240117-M-Australian_Open-R64-Jesper_De_Jong-Jannik_Sinner,Jesper De Jong,SnV2nd,1,0,0,0,0,0,0,0,0,0,2
20240117-M-Australian_Open-R64-Jesper_De_Jong-Jannik_Sinner,Jesper De Jong,nonSnV,74,40,6,0,11,3,3,1,3,0,364
20240117-M-Australian_Open-R64-Jesper_De_Jong-Jannik_Sinner,Jesper De Jong,nonSnV1st,48,28,6,0,11,3,2,1,3,0,216
20240117-M-Australian_Open-R64-Jesper_De_Jong-Jannik_Sinner,Jesper De Jong,nonSnV2nd,26,12,0,0,0,0,1,0,0,0,148
20240117-M-Australian_Open-R64-Jesper_De_Jong-Jannik_Sinner,Jannik Sinner,SnV,4,4,0,0,2,2,0,0,0,0,10
20240117-M-Australian_Open-R64-Jesper_De_Jong-Jannik_Sinner,Jannik Sinner,SnV1st,4,4,0,0,2,2,0,0,0,0,10
20240117-M-Australian_Open-R64-Jesper_De_Jong-Jannik_Sinner,Jannik Sinner,nonSnV,53,44,7,0,6,5,5,1,1,0,184
20240117-M-Australian_Open-R64-Jesper_De_Jong-Jannik_Sinner,Jannik Sinner,nonSnV1st,33,28,7,0,5,3,2,0,1,0,104
20240117-M-Australian_Open-R64-Jesper_De_Jong-Jannik_Sinner,Jannik Sinner,nonSnV2nd,20,16,0,0,1,2,3,1,0,0,80
20240117-M-Australian_Open-R64-Christopher_Eubanks-Andrey_Rublev,Christopher Eubanks,SnV,6,3,1,2,0,0,0,2,0,0,9
20240117-M-Australian_Open-R64-Christopher_Eubanks-Andrey_Rublev,Christopher Eubanks,SnV1st,5,3,1,2,0,0,0,1,0,0,7
20240117-M-Australian_Open-R64-Christopher_Eubanks-Andrey_Rublev,Christopher Eubanks,SnV2nd,1,0,0,0,0,0,0,1,0,0,2
20240117-M-Australian_Open-R64-Christopher_Eubanks-Andrey_Rublev,Christopher Eubanks,nonSnV,87,57,9,28,0,1,0,1,0,0,233
20240117-M-Australian_Open-R64-Christopher_Eubanks-Andrey_Rublev,Christopher Eubanks,nonSnV1st,69,46,9,22,0,1,0,1,0,0,176
20240117-M-Australian_Open-R64-Christopher_Eubanks-Andrey_Rublev,Christopher Eubanks,nonSnV2nd,18,11,0,6,0,0,0,0,0,0,57
20240117-M-Australian_Open-R64-Christopher_Eubanks-Andrey_Rublev,Andrey Rublev,SnV,8,7,0,2,0,4,0,1,0,0,25
20240117-M-Australian_Open-R64-Christopher_Eubanks-Andrey_Rublev,Andrey Rublev,SnV1st,8,7,0,2,0,4,0,1,0,0,25
20240117-M-Australian_Open-R64-Christopher_Eubanks-Andrey_Rublev,Andrey Rublev,nonSnV,71,58,10,18,0,6,0,0,0,0,234
20240117-M-Australian_Open-R64-Christopher_Eubanks-Andrey_Rublev,Andrey Rublev,nonSnV1st,53,44,10,16,0,4,0,0,0,0,168
20240117-M-Australian_Open-R64-Christopher_Eubanks-Andrey_Rublev,Andrey Rublev,nonSnV2nd,18,14,0,2,0,2,0,0,0,0,66
20240116-M-Australian_Open-R128-Roman_Safiullin-Tallon_Griekspoor,Roman Safiullin,SnV,2,2,0,0,1,1,0,0,0,0,4
20240116-M-Australian_Open-R128-Roman_Safiullin-Tallon_Griekspoor,Roman Safiullin,SnV1st,2,2,0,0,1,1,0,0,0,0,4
20240116-M-Australian_Open-R128-Roman_Safiullin-Tallon_Griekspoor,Roman Safiullin,nonSnV,137,100,17,1,18,13,9,2,2,2,430
20240116-M-Australian_Open-R128-Roman_Safiullin-Tallon_Griekspoor,Roman Safiullin,nonSnV1st,81,62,15,1,18,8,4,2,1,2,224
20240116-M-Australian_Open-R128-Roman_Safiullin-Tallon_Griekspoor,Roman Safiullin,nonSnV2nd,56,38,2,0,0,5,5,0,1,0,206
20240116-M-Australian_Open-R128-Roman_Safiullin-Tallon_Griekspoor,Tallon Griekspoor,SnV,7,5,0,0,1,3,1,0,0,2,23
20240116-M-Australian_Open-R128-Roman_Safiullin-Tallon_Griekspoor,Tallon Griekspoor,SnV1st,5,4,0,0,1,2,1,0,0,1,14
20240116-M-Australian_Open-R128-Roman_Safiullin-Tallon_Griekspoor,Tallon Griekspoor,SnV2nd,2,1,0,0,0,1,0,0,0,1,9
20240116-M-Australian_Open-R128-Roman_Safiullin-Tallon_Griekspoor,Tallon Griekspoor,nonSnV,151,102,15,4,24,9,5,3,1,2,440
20240116-M-Australian_Open-R128-Roman_Safiullin-Tallon_Griekspoor,Tallon Griekspoor,nonSnV1st,84,61,15,4,21,5,4,2,1,2,229
20240116-M-Australian_Open-R128-Roman_Safiullin-Tallon_Griekspoor,Tallon Griekspoor,nonSnV2nd,67,41,0,0,3,4,1,1,0,0,211
20240116-M-Australian_Open-R128-Juncheng_Shang-Mackenzie_Mcdonald,Juncheng Shang,SnV,1,0,0,0,0,0,0,1,0,0,2
20240116-M-Australian_Open-R128-Juncheng_Shang-Mackenzie_Mcdonald,Juncheng Shang,SnV1st,1,0,0,0,0,0,0,1,0,0,2
20240116-M-Australian_Open-R128-Juncheng_Shang-Mackenzie_Mcdonald,Juncheng Shang,nonSnV,138,87,4,5,16,5,7,2,5,0,619
20240116-M-Australian_Open-R128-Juncheng_Shang-Mackenzie_Mcdonald,Juncheng Shang,nonSnV1st,83,58,4,5,16,4,5,1,4,0,356
20240116-M-Australian_Open-R128-Juncheng_Shang-Mackenzie_Mcdonald,Juncheng Shang,nonSnV2nd,55,29,0,0,0,1,2,1,1,0,263
20240116-M-Australian_Open-R128-Juncheng_Shang-Mackenzie_Mcdonald,Mackenzie Mcdonald,SnV,1,1,0,0,1,0,0,0,0,0,1
20240116-M-Australian_Open-R128-Juncheng_Shang-Mackenzie_Mcdonald,Mackenzie Mcdonald,SnV1st,1,1,0,0,1,0,0,0,0,0,1
20240116-M-Australian_Open-R128-Juncheng_Shang-Mackenzie_Mcdonald,Mackenzie Mcdonald,nonSnV,112,71,6,2,19,5,4,2,3,0,437
20240116-M-Australian_Open-R128-Juncheng_Shang-Mackenzie_Mcdonald,Mackenzie Mcdonald,nonSnV1st,77,51,6,2,19,3,4,2,2,0,299
20240116-M-Australian_Open-R128-Juncheng_Shang-Mackenzie_Mcdonald,Mackenzie Mcdonald,nonSnV2nd,35,20,0,0,0,2,0,0,1,0,138
20240116-M-Australian_Open-R128-Andy_Murray-Tomas_Martin_Etcheverry,Andy Murray,SnV,1,0,0,0,0,0,0,0,0,1,4
20240116-M-Australian_Open-R128-Andy_Murray-Tomas_Martin_Etcheverry,Andy Murray,SnV2nd,1,0,0,0,0,0,0,0,0,1,4
20240116-M-Australian_Open-R128-Andy_Murray-Tomas_Martin_Etcheverry,Andy Murray,nonSnV,79,44,6,0,7,3,2,2,2,1,444
20240116-M-Australian_Open-R128-Andy_Murray-Tomas_Martin_Etcheverry,Andy Murray,nonSnV1st,43,31,6,0,7,2,1,2,1,1,183
20240116-M-Australian_Open-R128-Andy_Murray-Tomas_Martin_Etcheverry,Andy Murray,nonSnV2nd,36,13,0,0,0,1,1,0,1,0,261
20240115-M-Australian_Open-R128-Stefanos_Tsitsipas-Zizou_Bergs,Stefanos Tsitsipas,SnV,4,1,0,0,0,1,0,0,1,0,11
20240115-M-Australian_Open-R128-Stefanos_Tsitsipas-Zizou_Bergs,Stefanos Tsitsipas,SnV1st,4,1,0,0,0,1,0,0,1,0,11
20240115-M-Australian_Open-R128-Stefanos_Tsitsipas-Zizou_Bergs,Stefanos Tsitsipas,nonSnV,106,74,10,2,21,2,4,1,0,0,316
20240115-M-Australian_Open-R128-Stefanos_Tsitsipas-Zizou_Bergs,Stefanos Tsitsipas,nonSnV1st,63,48,10,2,20,0,4,0,0,0,156
20240115-M-Australian_Open-R128-Stefanos_Tsitsipas-Zizou_Bergs,Stefanos Tsitsipas,nonSnV2nd,43,26,0,0,1,2,0,1,0,0,160
20240115-M-Australian_Open-R128-Stefanos_Tsitsipas-Zizou_Bergs,Zizou Bergs,SnV,4,2,0,0,1,0,0,1,1,0,10
20240115-M-Australian_Open-R128-Stefanos_Tsitsipas-Zizou_Bergs,Zizou Bergs,SnV1st,3,1,0,0,1,0,0,1,1,0,9
20240115-M-Australian_Open-R128-Stefanos_Tsitsipas-Zizou_Bergs,Zizou Bergs,SnV2nd,1,1,0,0,0,0,0,0,0,0,1
20240115-M-Australian_Open-R128-Stefanos_Tsitsipas-Zizou_Bergs,Zizou Bergs,nonSnV,106,62,6,4,9,6,2,2,9,1,436
20240115-M-Australian_Open-R128-Stefanos_Tsitsipas-Zizou_Bergs,Zizou Bergs,nonSnV1st,57,37,6,4,7,2,1,1,4,0,201
20240115-M-Australian_Open-R128-Stefanos_Tsitsipas-Zizou_Bergs,Zizou Bergs,nonSnV2nd,49,25,0,0,2,4,1,1,5,1,235
20240115-M-Australian_Open-R128-Stan_Wawrinka-Adrian_Mannarino,Adrian Mannarino,SnV,2,2,0,0,0,1,0,0,0,0,8
20240115-M-Australian_Open-R128-Stan_Wawrinka-Adrian_Mannarino,Adrian Mannarino,SnV1st,2,2,0,0,0,1,0,0,0,0,8
20240115-M-Australian_Open-R128-Stan_Wawrinka-Adrian_Mannarino,Adrian Mannarino,nonSnV,123,87,14,4,17,1,3,0,2,0,563
20240115-M-Australian_Open-R128-Stan_Wawrinka-Adrian_Mannarino,Adrian Mannarino,nonSnV1st,73,59,12,4,15,0,2,0,2,0,301
20240115-M-Australian_Open-R128-Stan_Wawrinka-Adrian_Mannarino,Adrian Mannarino,nonSnV2nd,50,28,2,0,2,1,1,0,0,0,262
20240115-M-Australian_Open-R128-Rinky_Hijikata-Jan_Lennard_Struff,Rinky Hijikata,SnV,1,1,0,0,0,0,0,0,0,0,3
20240115-M-Australian_Open-R128-Rinky_Hijikata-Jan_Lennard_Struff,Rinky Hijikata,SnV1st,1,1,0,0,0,0,0,0,0,0,3
20240115-M-Australian_Open-R128-Rinky_Hijikata-Jan_Lennard_Struff,Rinky Hijikata,nonSnV,157,103,24,4,23,2,6,2,3,1,551
20240115-M-Australian_Open-R128-Rinky_Hijikata-Jan_Lennard_Struff,Rinky Hijikata,nonSnV1st,94,72,23,4,21,1,5,1,2,0,260
20240115-M-Australian_Open-R128-Rinky_Hijikata-Jan_Lennard_Struff,Rinky Hijikata,nonSnV2nd,63,31,1,0,2,1,1,1,1,1,291
20240115-M-Australian_Open-R128-Rinky_Hijikata-Jan_Lennard_Struff,Jan Lennard Struff,SnV,50,35,0,0,11,15,8,5,9,0,135
20240115-M-Australian_Open-R128-Rinky_Hijikata-Jan_Lennard_Struff,Jan Lennard Struff,SnV1st,46,33,0,0,11,14,8,5,7,0,123
20240115-M-Australian_Open-R128-Rinky_Hijikata-Jan_Lennard_Struff,Jan Lennard Struff,SnV2nd,4,2,0,0,0,1,0,0,2,0,12
20240115-M-Australian_Open-R128-Rinky_Hijikata-Jan_Lennard_Struff,Jan Lennard Struff,nonSnV,123,80,25,5,14,2,5,3,4,1,432
20240115-M-Australian_Open-R128-Rinky_Hijikata-Jan_Lennard_Struff,Jan Lennard Struff,nonSnV1st,61,49,23,4,11,2,3,0,1,0,135
20240115-M-Australian_Open-R128-Rinky_Hijikata-Jan_Lennard_Struff,Jan Lennard Struff,nonSnV2nd,62,31,2,1,3,0,2,3,3,1,297
20240115-M-Australian_Open-R128-Hubert_Hurkacz-Omar_Jasika,Hubert Hurkacz,SnV,5,4,0,0,0,1,1,1,0,0,22
20240115-M-Australian_Open-R128-Hubert_Hurkacz-Omar_Jasika,Hubert Hurkacz,SnV1st,3,2,0,0,0,1,1,1,0,0,14
20240115-M-Australian_Open-R128-Hubert_Hurkacz-Omar_Jasika,Hubert Hurkacz,SnV2nd,2,2,0,0,0,0,0,0,0,0,8
20240115-M-Australian_Open-R128-Hubert_Hurkacz-Omar_Jasika,Hubert Hurkacz,nonSnV,86,64,24,0,8,11,4,2,0,2,274
20240115-M-Australian_Open-R128-Hubert_Hurkacz-Omar_Jasika,Hubert Hurkacz,nonSnV1st,53,46,23,0,7,8,3,2,0,0,124
20240115-M-Australian_Open-R128-Hubert_Hurkacz-Omar_Jasika,Hubert Hurkacz,nonSnV2nd,33,18,1,0,1,3,1,0,0,2,150
20240115-M-Australian_Open-R128-Hubert_Hurkacz-Omar_Jasika,Omar Jasika,SnV,2,1,0,0,0,0,1,0,0,0,11
20240115-M-Australian_Open-R128-Hubert_Hurkacz-Omar_Jasika,Omar Jasika,SnV1st,2,1,0,0,0,0,1,0,0,0,11
20240115-M-Australian_Open-R128-Hubert_Hurkacz-Omar_Jasika,Omar Jasika,nonSnV,96,60,3,0,13,7,5,3,5,0,552
20240115-M-Australian_Open-R128-Hubert_Hurkacz-Omar_Jasika,Omar Jasika,nonSnV1st,63,39,3,0,13,6,2,2,4,0,353
20240115-M-Australian_Open-R128-Hubert_Hurkacz-Omar_Jasika,Omar Jasika,nonSnV2nd,33,21,0,0,0,1,3,1,1,0,199
20240115-M-Australian_Open-R128-Felix_Auger_Aliassime-Dominic_Thiem,Felix Auger Aliassime,SnV,2,1,0,0,0,1,0,0,1,0,9
20240115-M-Australian_Open-R128-Felix_Auger_Aliassime-Dominic_Thiem,Felix Auger Aliassime,SnV1st,2,1,0,0,0,1,0,0,1,0,9
20240115-M-Australian_Open-R128-Felix_Auger_Aliassime-Dominic_Thiem,Felix Auger Aliassime,nonSnV,154,114,16,3,24,5,5,1,2,0,564
20240115-M-Australian_Open-R128-Felix_Auger_Aliassime-Dominic_Thiem,Felix Auger Aliassime,nonSnV1st,95,74,16,3,24,3,3,1,2,0,300
20240115-M-Australian_Open-R128-Felix_Auger_Aliassime-Dominic_Thiem,Felix Auger Aliassime,nonSnV2nd,59,40,0,0,0,2,2,0,0,0,264
20240115-M-Australian_Open-R128-Felix_Auger_Aliassime-Dominic_Thiem,Dominic Thiem,SnV,5,1,0,0,0,1,0,1,2,0,15
20240115-M-Australian_Open-R128-Felix_Auger_Aliassime-Dominic_Thiem,Dominic Thiem,SnV1st,5,1,0,0,0,1,0,1,2,0,15
20240115-M-Australian_Open-R128-Felix_Auger_Aliassime-Dominic_Thiem,Dominic Thiem,nonSnV,167,112,15,2,20,9,10,1,2,4,618
20240115-M-Australian_Open-R128-Felix_Auger_Aliassime-Dominic_Thiem,Dominic Thiem,nonSnV1st,116,84,15,2,20,8,8,1,1,3,388
20240115-M-Australian_Open-R128-Felix_Auger_Aliassime-Dominic_Thiem,Dominic Thiem,nonSnV2nd,51,28,0,0,0,1,2,0,1,1,230
20240115-M-Australian_Open-R128-Alex_Michelsen-James_Mccabe,James Mccabe,SnV,4,2,0,0,0,2,0,0,0,0,10
20240115-M-Australian_Open-R128-Alex_Michelsen-James_Mccabe,James Mccabe,SnV1st,4,2,0,0,0,2,0,0,0,0,10
20240115-M-Australian_Open-R128-Alex_Michelsen-James_Mccabe,James Mccabe,nonSnV,106,63,13,1,11,6,2,2,1,1,459
20240115-M-Australian_Open-R128-Alex_Michelsen-James_Mccabe,James Mccabe,nonSnV1st,66,46,13,1,11,4,1,2,1,1,284
20240115-M-Australian_Open-R128-Alex_Michelsen-James_Mccabe,James Mccabe,nonSnV2nd,40,17,0,0,0,2,1,0,0,0,175
20240114-M-Australian_Open-R128-Thiago_Seyboth_Wild-Andrey_Rublev,Thiago Seyboth Wild,SnV,14,10,0,0,3,5,1,1,0,1,34
20240114-M-Australian_Open-R128-Thiago_Seyboth_Wild-Andrey_Rublev,Thiago Seyboth Wild,SnV1st,11,7,0,0,3,4,0,1,0,1,25
20240114-M-Australian_Open-R128-Thiago_Seyboth_Wild-Andrey_Rublev,Thiago Seyboth Wild,SnV2nd,3,3,0,0,0,1,1,0,0,0,9
20240114-M-Australian_Open-R128-Thiago_Seyboth_Wild-Andrey_Rublev,Thiago Seyboth Wild,nonSnV,179,115,15,0,29,7,6,1,2,2,607
20240114-M-Australian_Open-R128-Thiago_Seyboth_Wild-Andrey_Rublev,Thiago Seyboth Wild,nonSnV1st,120,84,15,0,27,5,6,1,0,1,386
20240114-M-Australian_Open-R128-Thiago_Seyboth_Wild-Andrey_Rublev,Thiago Seyboth Wild,nonSnV2nd,59,31,0,0,2,2,0,0,2,1,221
20240114-M-Australian_Open-R128-Thiago_Seyboth_Wild-Andrey_Rublev,Andrey Rublev,SnV,1,1,0,0,0,1,0,0,0,0,3
20240114-M-Australian_Open-R128-Thiago_Seyboth_Wild-Andrey_Rublev,Andrey Rublev,SnV1st,1,1,0,0,0,1,0,0,0,0,3
20240114-M-Australian_Open-R128-Thiago_Seyboth_Wild-Andrey_Rublev,Andrey Rublev,nonSnV,149,104,19,0,19,11,8,1,3,0,498
20240114-M-Australian_Open-R128-Thiago_Seyboth_Wild-Andrey_Rublev,Andrey Rublev,nonSnV1st,97,80,18,0,18,10,7,1,3,0,342
20240114-M-Australian_Open-R128-Thiago_Seyboth_Wild-Andrey_Rublev,Andrey Rublev,nonSnV2nd,52,24,1,0,1,1,1,0,0,0,156
20240114-M-Australian_Open-R128-Matteo_Arnaldi-Adam_Walton,Matteo Arnaldi,SnV,1,0,0,0,0,0,0,1,0,0,2
20240114-M-Australian_Open-R128-Matteo_Arnaldi-Adam_Walton,Matteo Arnaldi,SnV1st,1,0,0,0,0,0,0,1,0,0,2
20240114-M-Australian_Open-R128-Matteo_Arnaldi-Adam_Walton,Matteo Arnaldi,nonSnV,112,73,16,3,12,10,6,3,3,3,445
20240114-M-Australian_Open-R128-Matteo_Arnaldi-Adam_Walton,Matteo Arnaldi,nonSnV1st,71,52,16,3,12,5,5,1,3,3,246
20240114-M-Australian_Open-R128-Matteo_Arnaldi-Adam_Walton,Matteo Arnaldi,nonSnV2nd,41,21,0,0,0,5,1,2,0,0,199
20240114-M-Australian_Open-R128-Jesper_De_Jong-Pedro_Cachin,Jesper De Jong,SnV,6,5,0,0,3,2,0,0,0,1,13
20240114-M-Australian_Open-R128-Jesper_De_Jong-Pedro_Cachin,Jesper De Jong,SnV1st,6,5,0,0,3,2,0,0,0,1,13
20240114-M-Australian_Open-R128-Jesper_De_Jong-Pedro_Cachin,Jesper De Jong,nonSnV,104,74,11,1,12,9,3,2,5,1,526
20240114-M-Australian_Open-R128-Jesper_De_Jong-Pedro_Cachin,Jesper De Jong,nonSnV1st,69,51,11,1,12,6,2,2,3,0,293
20240114-M-Australian_Open-R128-Jesper_De_Jong-Pedro_Cachin,Jesper De Jong,nonSnV2nd,35,23,0,0,0,3,1,0,2,1,233
20240114-M-Australian_Open-R128-Jesper_De_Jong-Pedro_Cachin,Pedro Cachin,SnV,1,1,0,0,0,1,0,0,0,0,5
20240114-M-Australian_Open-R128-Jesper_De_Jong-Pedro_Cachin,Pedro Cachin,SnV1st,1,1,0,0,0,1,0,0,0,0,5
20240114-M-Australian_Open-R128-Jesper_De_Jong-Pedro_Cachin,Pedro Cachin,nonSnV,101,63,7,0,15,6,7,2,6,1,417
20240114-M-Australian_Open-R128-Jesper_De_Jong-Pedro_Cachin,Pedro Cachin,nonSnV1st,65,44,7,0,15,4,7,1,5,1,232
20240114-M-Australian_Open-R128-Jesper_De_Jong-Pedro_Cachin,Pedro Cachin,nonSnV2nd,36,19,0,0,0,2,0,1,1,0,185
20240114-M-Australian_Open-R128-Dino_Prizmic-Novak_Djokovic,Novak Djokovic,SnV,1,1,0,0,0,1,0,0,0,0,5
20240114-M-Australian_Open-R128-Dino_Prizmic-Novak_Djokovic,Novak Djokovic,SnV2nd,1,1,0,0,0,1,0,0,0,0,5
20240114-M-Australian_Open-R128-Dino_Prizmic-Novak_Djokovic,Novak Djokovic,nonSnV,127,82,11,1,24,8,5,2,5,1,668
20240114-M-Australian_Open-R128-Dino_Prizmic-Novak_Djokovic,Novak Djokovic,nonSnV1st,77,51,9,1,18,7,3,2,4,0,351
20240114-M-Australian_Open-R128-Dino_Prizmic-Novak_Djokovic,Novak Djokovic,nonSnV2nd,50,31,2,0,6,1,2,0,1,1,317
20240114-M-Australian_Open-R128-Daniel_Elahi_Galan-Jason_Kubler,Daniel Elahi Galan,SnV,2,1,0,0,0,1,0,1,0,0,5
20240114-M-Australian_Open-R128-Daniel_Elahi_Galan-Jason_Kubler,Daniel Elahi Galan,SnV1st,2,1,0,0,0,1,0,1,0,0,5
20240114-M-Australian_Open-R128-Daniel_Elahi_Galan-Jason_Kubler,Daniel Elahi Galan,nonSnV,198,117,17,6,22,9,5,1,5,5,945
20240114-M-Australian_Open-R128-Daniel_Elahi_Galan-Jason_Kubler,Daniel Elahi Galan,nonSnV1st,135,89,17,6,20,9,4,0,4,4,565
20240114-M-Australian_Open-R128-Daniel_Elahi_Galan-Jason_Kubler,Daniel Elahi Galan,nonSnV2nd,63,28,0,0,2,0,1,1,1,1,380
20240114-M-Australian_Open-R128-Daniel_Elahi_Galan-Jason_Kubler,Jason Kubler,SnV,1,1,0,0,0,0,1,0,0,0,3
20240114-M-Australian_Open-R128-Daniel_Elahi_Galan-Jason_Kubler,Jason Kubler,SnV1st,1,1,0,0,0,0,1,0,0,0,3
20240114-M-Australian_Open-R128-Daniel_Elahi_Galan-Jason_Kubler,Jason Kubler,nonSnV,170,103,11,3,19,10,7,6,3,3,845
20240114-M-Australian_Open-R128-Daniel_Elahi_Galan-Jason_Kubler,Jason Kubler,nonSnV1st,108,70,8,3,19,5,5,4,3,3,478
20240114-M-Australian_Open-R128-Daniel_Elahi_Galan-Jason_Kubler,Jason Kubler,nonSnV2nd,62,33,3,0,0,5,2,2,0,0,367
20240114-M-Australian_Open-R128-Cristian_Garin-Christopher_Oconnell,Cristian Garin,SnV,3,0,0,0,0,0,0,2,1,0,8
20240114-M-Australian_Open-R128-Cristian_Garin-Christopher_Oconnell,Cristian Garin,SnV1st,1,0,0,0,0,0,0,1,0,0,2
20240114-M-Australian_Open-R128-Cristian_Garin-Christopher_Oconnell,Cristian Garin,SnV2nd,2,0,0,0,0,0,0,1,1,0,6
20240114-M-Australian_Open-R128-Cristian_Garin-Christopher_Oconnell,Cristian Garin,nonSnV,135,87,13,1,16,7,9,6,3,2,619
20240114-M-Australian_Open-R128-Cristian_Garin-Christopher_Oconnell,Cristian Garin,nonSnV1st,83,57,12,1,15,6,5,5,3,1,337
20240114-M-Australian_Open-R128-Cristian_Garin-Christopher_Oconnell,Cristian Garin,nonSnV2nd,52,30,1,0,1,1,4,1,0,1,282
20240114-M-Australian_Open-R128-Cristian_Garin-Christopher_Oconnell,Christopher Oconnell,SnV,6,4,0,0,1,2,0,0,2,0,24
20240114-M-Australian_Open-R128-Cristian_Garin-Christopher_Oconnell,Christopher Oconnell,SnV1st,6,4,0,0,1,2,0,0,2,0,24
20240114-M-Australian_Open-R128-Cristian_Garin-Christopher_Oconnell,Christopher Oconnell,nonSnV,162,102,18,5,15,8,6,3,5,0,618
20240114-M-Australian_Open-R128-Cristian_Garin-Christopher_Oconnell,Christopher Oconnell,nonSnV1st,91,69,18,5,15,4,5,2,3,0,291
20240114-M-Australian_Open-R128-Cristian_Garin-Christopher_Oconnell,Christopher Oconnell,nonSnV2nd,71,33,0,0,0,4,1,1,2,0,327
20240114-M-Australian_Open-R128-Botic_Van_De_Zandschulp-Jannik_Sinner,Jannik Sinner,SnV,3,2,0,0,0,2,0,1,0,0,8
20240114-M-Australian_Open-R128-Botic_Van_De_Zandschulp-Jannik_Sinner,Jannik Sinner,SnV1st,3,2,0,0,0,2,0,1,0,0,8
20240114-M-Australian_Open-R128-Botic_Van_De_Zandschulp-Jannik_Sinner,Jannik Sinner,nonSnV,83,57,7,3,10,7,4,0,1,0,409
20240114-M-Australian_Open-R128-Botic_Van_De_Zandschulp-Jannik_Sinner,Jannik Sinner,nonSnV1st,48,33,5,3,9,3,3,0,1,0,197
20240114-M-Australian_Open-R128-Botic_Van_De_Zandschulp-Jannik_Sinner,Jannik Sinner,nonSnV2nd,35,24,2,0,1,4,1,0,0,0,212
20240112-M-Australian_Open-Q3-Jesper_De_Jong-Camilo_Ugo_Carabelli,Jesper De Jong,SnV,14,11,1,1,4,5,0,1,0,0,29
20240112-M-Australian_Open-Q3-Jesper_De_Jong-Camilo_Ugo_Carabelli,Jesper De Jong,SnV1st,14,11,1,1,4,5,0,1,0,0,29
20240112-M-Australian_Open-Q3-Jesper_De_Jong-Camilo_Ugo_Carabelli,Jesper De Jong,nonSnV,104,70,5,0,18,13,10,3,4,0,460
20240112-M-Australian_Open-Q3-Jesper_De_Jong-Camilo_Ugo_Carabelli,Jesper De Jong,nonSnV1st,58,43,5,0,18,11,5,2,2,0,199
20240112-M-Australian_Open-Q3-Jesper_De_Jong-Camilo_Ugo_Carabelli,Jesper De Jong,nonSnV2nd,46,27,0,0,0,2,5,1,2,0,261
20240110-M-Australian_Open-Q1-John_Millman-Alessandro_Giannessi,Alessandro Giannessi,SnV,2,1,0,0,1,0,0,0,0,0,3
20240110-M-Australian_Open-Q1-John_Millman-Alessandro_Giannessi,Alessandro Giannessi,SnV1st,2,1,0,0,1,0,0,0,0,0,3
20240110-M-Australian_Open-Q1-John_Millman-Alessandro_Giannessi,Alessandro Giannessi,nonSnV,41,29,3,0,9,5,1,0,3,1,199
20240110-M-Australian_Open-Q1-John_Millman-Alessandro_Giannessi,Alessandro Giannessi,nonSnV1st,29,21,3,0,9,4,1,0,1,1,129
20240110-M-Australian_Open-Q1-John_Millman-Alessandro_Giannessi,Alessandro Giannessi,nonSnV2nd,12,8,0,0,0,1,0,0,2,0,70
20230910-M-US_Open-F-Novak_Djokovic-Daniil_Medvedev,Novak Djokovic,SnV,21,19,0,0,4,11,4,0,1,0,65
20230910-M-US_Open-F-Novak_Djokovic-Daniil_Medvedev,Novak Djokovic,SnV1st,19,17,0,0,4,9,4,0,1,0,55
20230910-M-US_Open-F-Novak_Djokovic-Daniil_Medvedev,Novak Djokovic,SnV2nd,2,2,0,0,0,2,0,0,0,0,10
20230910-M-US_Open-F-Novak_Djokovic-Daniil_Medvedev,Novak Djokovic,nonSnV,82,56,4,1,7,7,9,0,4,0,676
20230910-M-US_Open-F-Novak_Djokovic-Daniil_Medvedev,Novak Djokovic,nonSnV1st,41,32,4,1,7,6,5,0,4,0,284
20230910-M-US_Open-F-Novak_Djokovic-Daniil_Medvedev,Novak Djokovic,nonSnV2nd,41,24,0,0,0,1,4,0,0,0,392
20230909-M-US_Open-SF-Carlos_Alcaraz-Daniil_Medvedev,Carlos Alcaraz,SnV,38,27,0,0,11,10,4,3,0,1,91
20230909-M-US_Open-SF-Carlos_Alcaraz-Daniil_Medvedev,Carlos Alcaraz,SnV1st,37,27,0,0,11,10,4,2,0,1,89
20230909-M-US_Open-SF-Carlos_Alcaraz-Daniil_Medvedev,Carlos Alcaraz,SnV2nd,1,0,0,0,0,0,0,1,0,0,2
20230909-M-US_Open-SF-Carlos_Alcaraz-Daniil_Medvedev,Carlos Alcaraz,nonSnV,95,56,0,0,11,11,1,0,2,1,604
20230909-M-US_Open-SF-Carlos_Alcaraz-Daniil_Medvedev,Carlos Alcaraz,nonSnV1st,57,38,0,0,11,9,1,0,2,1,290
20230909-M-US_Open-SF-Carlos_Alcaraz-Daniil_Medvedev,Carlos Alcaraz,nonSnV2nd,38,18,0,0,0,2,0,0,0,0,314
20230909-M-US_Open-SF-Carlos_Alcaraz-Daniil_Medvedev,Daniil Medvedev,SnV,2,1,0,0,0,1,0,0,0,0,9
20230909-M-US_Open-SF-Carlos_Alcaraz-Daniil_Medvedev,Daniil Medvedev,SnV1st,1,1,0,0,0,1,0,0,0,0,3
20230909-M-US_Open-SF-Carlos_Alcaraz-Daniil_Medvedev,Daniil Medvedev,SnV2nd,1,0,0,0,0,0,0,0,0,0,6
20230909-M-US_Open-SF-Carlos_Alcaraz-Daniil_Medvedev,Daniil Medvedev,nonSnV,117,90,9,0,28,5,3,1,4,2,478
20230909-M-US_Open-SF-Carlos_Alcaraz-Daniil_Medvedev,Daniil Medvedev,nonSnV1st,82,67,9,0,24,5,2,1,4,2,341
20230909-M-US_Open-SF-Carlos_Alcaraz-Daniil_Medvedev,Daniil Medvedev,nonSnV2nd,35,23,0,0,4,0,1,0,0,0,137
20230908-M-US_Open-SF-Novak_Djokovic-Ben_Shelton,Novak Djokovic,SnV,2,2,0,0,0,1,1,0,0,0,6
20230908-M-US_Open-SF-Novak_Djokovic-Ben_Shelton,Novak Djokovic,SnV1st,2,2,0,0,0,1,1,0,0,0,6
20230908-M-US_Open-SF-Novak_Djokovic-Ben_Shelton,Novak Djokovic,nonSnV,94,65,5,0,14,8,4,1,1,1,477
20230908-M-US_Open-SF-Novak_Djokovic-Ben_Shelton,Novak Djokovic,nonSnV1st,66,54,5,0,14,8,4,1,0,0,306
20230908-M-US_Open-SF-Novak_Djokovic-Ben_Shelton,Novak Djokovic,nonSnV2nd,28,11,0,0,0,0,0,0,1,1,171
20230908-M-US_Open-SF-Novak_Djokovic-Ben_Shelton,Ben Shelton,SnV,9,4,0,0,0,3,1,1,0,2,26
20230908-M-US_Open-SF-Novak_Djokovic-Ben_Shelton,Ben Shelton,SnV1st,7,4,0,0,0,3,1,0,0,2,22
20230908-M-US_Open-SF-Novak_Djokovic-Ben_Shelton,Ben Shelton,SnV2nd,2,0,0,0,0,0,0,1,0,0,4
20230908-M-US_Open-SF-Novak_Djokovic-Ben_Shelton,Ben Shelton,nonSnV,88,53,5,2,17,5,3,3,4,4,351
20230908-M-US_Open-SF-Novak_Djokovic-Ben_Shelton,Ben Shelton,nonSnV1st,65,39,4,2,16,4,3,2,3,3,239
20230908-M-US_Open-SF-Novak_Djokovic-Ben_Shelton,Ben Shelton,nonSnV2nd,23,14,1,0,1,1,0,1,1,1,112
20230906-M-US_Open-QF-Carlos_Alcaraz-Alexander_Zverev,Carlos Alcaraz,SnV,9,8,0,0,3,4,1,0,0,0,26
20230906-M-US_Open-QF-Carlos_Alcaraz-Alexander_Zverev,Carlos Alcaraz,SnV1st,7,7,0,0,3,3,1,0,0,0,21
20230906-M-US_Open-QF-Carlos_Alcaraz-Alexander_Zverev,Carlos Alcaraz,SnV2nd,2,1,0,0,0,1,0,0,0,0,5
20230906-M-US_Open-QF-Carlos_Alcaraz-Alexander_Zverev,Carlos Alcaraz,nonSnV,85,58,3,0,17,5,5,2,1,1,376
20230906-M-US_Open-QF-Carlos_Alcaraz-Alexander_Zverev,Carlos Alcaraz,nonSnV1st,48,35,3,0,16,3,3,2,0,1,175
20230906-M-US_Open-QF-Carlos_Alcaraz-Alexander_Zverev,Carlos Alcaraz,nonSnV2nd,37,23,0,0,1,2,2,0,1,0,201
20230906-M-US_Open-QF-Carlos_Alcaraz-Alexander_Zverev,Alexander Zverev,SnV,1,1,0,0,0,1,0,0,0,0,3
20230906-M-US_Open-QF-Carlos_Alcaraz-Alexander_Zverev,Alexander Zverev,SnV1st,1,1,0,0,0,1,0,0,0,0,3
20230906-M-US_Open-QF-Carlos_Alcaraz-Alexander_Zverev,Alexander Zverev,nonSnV,72,44,8,0,13,1,2,1,2,0,278
20230906-M-US_Open-QF-Carlos_Alcaraz-Alexander_Zverev,Alexander Zverev,nonSnV1st,51,37,8,0,13,1,2,1,1,0,183
20230906-M-US_Open-QF-Carlos_Alcaraz-Alexander_Zverev,Alexander Zverev,nonSnV2nd,21,7,0,0,0,0,0,0,1,0,95
20230906-M-US_Open-QF-Andrey_Rublev-Daniil_Medvedev,Andrey Rublev,SnV,14,9,3,4,0,2,0,2,1,1,35
20230906-M-US_Open-QF-Andrey_Rublev-Daniil_Medvedev,Andrey Rublev,SnV1st,14,9,3,4,0,2,0,2,1,1,35
20230906-M-US_Open-QF-Andrey_Rublev-Daniil_Medvedev,Andrey Rublev,nonSnV,79,40,1,6,0,2,2,2,3,1,648
20230906-M-US_Open-QF-Andrey_Rublev-Daniil_Medvedev,Andrey Rublev,nonSnV1st,45,29,1,6,0,2,1,0,2,1,313
20230906-M-US_Open-QF-Andrey_Rublev-Daniil_Medvedev,Andrey Rublev,nonSnV2nd,34,11,0,0,0,0,1,2,1,0,335
20230906-M-US_Open-QF-Andrey_Rublev-Daniil_Medvedev,Daniil Medvedev,SnV,1,1,0,0,0,1,0,0,0,0,3
20230906-M-US_Open-QF-Andrey_Rublev-Daniil_Medvedev,Daniil Medvedev,SnV1st,1,1,0,0,0,1,0,0,0,0,3
20230906-M-US_Open-QF-Andrey_Rublev-Daniil_Medvedev,Daniil Medvedev,nonSnV,90,53,8,11,0,0,0,0,1,0,481
20230906-M-US_Open-QF-Andrey_Rublev-Daniil_Medvedev,Daniil Medvedev,nonSnV1st,54,40,8,10,0,0,0,0,0,0,214
20230906-M-US_Open-QF-Andrey_Rublev-Daniil_Medvedev,Daniil Medvedev,nonSnV2nd,36,13,0,1,0,0,0,0,1,0,267
20230905-M-US_Open-QF-Novak_Djokovic-Taylor_Fritz,Novak Djokovic,SnV,2,1,0,0,0,1,0,0,0,0,9
20230905-M-US_Open-QF-Novak_Djokovic-Taylor_Fritz,Novak Djokovic,SnV1st,2,1,0,0,0,1,0,0,0,0,9
20230905-M-US_Open-QF-Novak_Djokovic-Taylor_Fritz,Novak Djokovic,nonSnV,87,59,7,2,5,4,3,0,3,0,399
20230905-M-US_Open-QF-Novak_Djokovic-Taylor_Fritz,Novak Djokovic,nonSnV1st,54,38,6,2,5,4,3,0,3,0,256
20230905-M-US_Open-QF-Novak_Djokovic-Taylor_Fritz,Novak Djokovic,nonSnV2nd,33,21,1,0,0,0,0,0,0,0,143
20230905-M-US_Open-QF-Novak_Djokovic-Taylor_Fritz,Taylor Fritz,SnV,2,2,0,0,0,2,0,0,0,0,8
20230905-M-US_Open-QF-Novak_Djokovic-Taylor_Fritz,Taylor Fritz,SnV1st,2,2,0,0,0,2,0,0,0,0,8
20230905-M-US_Open-QF-Novak_Djokovic-Taylor_Fritz,Taylor Fritz,nonSnV,85,45,8,0,12,1,2,0,0,0,351
20230905-M-US_Open-QF-Novak_Djokovic-Taylor_Fritz,Taylor Fritz,nonSnV1st,47,34,8,0,12,1,2,0,0,0,140
20230905-M-US_Open-QF-Novak_Djokovic-Taylor_Fritz,Taylor Fritz,nonSnV2nd,38,11,0,0,0,0,0,0,0,0,211
20230905-M-US_Open-QF-Frances_Tiafoe-Ben_Shelton,Frances Tiafoe,SnV,2,0,0,0,0,0,0,1,0,0,6
20230905-M-US_Open-QF-Frances_Tiafoe-Ben_Shelton,Frances Tiafoe,SnV1st,2,0,0,0,0,0,0,1,0,0,6
20230905-M-US_Open-QF-Frances_Tiafoe-Ben_Shelton,Frances Tiafoe,nonSnV,116,70,7,3,19,2,0,4,6,1,448
20230905-M-US_Open-QF-Frances_Tiafoe-Ben_Shelton,Frances Tiafoe,nonSnV1st,67,43,6,2,13,0,0,2,5,0,243
20230905-M-US_Open-QF-Frances_Tiafoe-Ben_Shelton,Frances Tiafoe,nonSnV2nd,49,27,1,1,6,2,0,2,1,1,205
20230905-M-US_Open-QF-Frances_Tiafoe-Ben_Shelton,Ben Shelton,SnV,1,1,0,0,0,1,0,0,0,0,3
20230905-M-US_Open-QF-Frances_Tiafoe-Ben_Shelton,Ben Shelton,SnV2nd,1,1,0,0,0,1,0,0,0,0,3
20230905-M-US_Open-QF-Frances_Tiafoe-Ben_Shelton,Ben Shelton,nonSnV,96,70,14,3,13,2,0,1,2,1,352
20230905-M-US_Open-QF-Frances_Tiafoe-Ben_Shelton,Ben Shelton,nonSnV1st,63,48,13,2,11,1,0,1,1,0,206
20230905-M-US_Open-QF-Frances_Tiafoe-Ben_Shelton,Ben Shelton,nonSnV2nd,33,22,1,1,2,1,0,0,1,1,146
20230904-M-US_Open-R16-Jannik_Sinner-Alexander_Zverev,Jannik Sinner,SnV,2,2,0,0,0,1,1,0,0,0,8
20230904-M-US_Open-R16-Jannik_Sinner-Alexander_Zverev,Jannik Sinner,SnV1st,2,2,0,0,0,1,1,0,0,0,8
20230904-M-US_Open-R16-Jannik_Sinner-Alexander_Zverev,Jannik Sinner,nonSnV,151,94,12,6,17,4,7,2,4,0,694
20230904-M-US_Open-R16-Jannik_Sinner-Alexander_Zverev,Jannik Sinner,nonSnV1st,86,58,12,6,17,2,2,2,2,0,324
20230904-M-US_Open-R16-Jannik_Sinner-Alexander_Zverev,Jannik Sinner,nonSnV2nd,65,36,0,0,0,2,5,0,2,0,370
20230904-M-US_Open-R16-Jannik_Sinner-Alexander_Zverev,Alexander Zverev,SnV,7,6,0,0,0,3,2,0,0,0,28
20230904-M-US_Open-R16-Jannik_Sinner-Alexander_Zverev,Alexander Zverev,SnV1st,7,6,0,0,0,3,2,0,0,0,28
20230904-M-US_Open-R16-Jannik_Sinner-Alexander_Zverev,Alexander Zverev,nonSnV,149,97,16,5,16,14,6,3,7,3,687
20230904-M-US_Open-R16-Jannik_Sinner-Alexander_Zverev,Alexander Zverev,nonSnV1st,106,73,14,5,14,13,5,2,7,3,437
20230904-M-US_Open-R16-Jannik_Sinner-Alexander_Zverev,Alexander Zverev,nonSnV2nd,43,24,2,0,2,1,1,1,0,0,250
20230904-M-US_Open-R16-Daniil_Medvedev-Alex_De_Minaur,Daniil Medvedev,SnV,2,1,0,0,0,0,0,0,1,0,5
20230904-M-US_Open-R16-Daniil_Medvedev-Alex_De_Minaur,Daniil Medvedev,SnV1st,1,0,0,0,0,0,0,0,1,0,4
20230904-M-US_Open-R16-Daniil_Medvedev-Alex_De_Minaur,Daniil Medvedev,SnV2nd,1,1,0,0,0,0,0,0,0,0,1
20230904-M-US_Open-R16-Daniil_Medvedev-Alex_De_Minaur,Daniil Medvedev,nonSnV,96,68,11,5,11,6,7,0,3,1,482
20230904-M-US_Open-R16-Daniil_Medvedev-Alex_De_Minaur,Daniil Medvedev,nonSnV1st,66,54,11,5,10,6,6,0,2,0,296
20230904-M-US_Open-R16-Daniil_Medvedev-Alex_De_Minaur,Daniil Medvedev,nonSnV2nd,30,14,0,0,1,0,1,0,1,1,186
20230904-M-US_Open-R16-Daniil_Medvedev-Alex_De_Minaur,Alex De Minaur,SnV,9,8,0,0,3,5,0,0,0,0,22
20230904-M-US_Open-R16-Daniil_Medvedev-Alex_De_Minaur,Alex De Minaur,SnV1st,9,8,0,0,3,5,0,0,0,0,22
20230904-M-US_Open-R16-Daniil_Medvedev-Alex_De_Minaur,Alex De Minaur,nonSnV,84,48,1,1,8,6,6,2,3,1,534
20230904-M-US_Open-R16-Daniil_Medvedev-Alex_De_Minaur,Alex De Minaur,nonSnV1st,41,27,1,1,8,5,4,0,2,1,241
20230904-M-US_Open-R16-Daniil_Medvedev-Alex_De_Minaur,Alex De Minaur,nonSnV2nd,43,21,0,0,0,1,2,2,1,0,293
20230903-M-US_Open-R16-Tommy_Paul-Ben_Shelton,Tommy Paul,SnV,5,4,0,0,0,2,1,0,0,0,26
20230903-M-US_Open-R16-Tommy_Paul-Ben_Shelton,Tommy Paul,SnV1st,5,4,0,0,0,2,1,0,0,0,26
20230903-M-US_Open-R16-Tommy_Paul-Ben_Shelton,Tommy Paul,nonSnV,95,64,6,2,12,4,11,4,3,2,376
20230903-M-US_Open-R16-Tommy_Paul-Ben_Shelton,Tommy Paul,nonSnV1st,59,45,6,2,12,2,10,1,2,1,193
20230903-M-US_Open-R16-Tommy_Paul-Ben_Shelton,Tommy Paul,nonSnV2nd,36,19,0,0,0,2,1,3,1,1,183
20230903-M-US_Open-R16-Tommy_Paul-Ben_Shelton,Ben Shelton,SnV,9,3,0,0,0,1,2,3,1,1,27
20230903-M-US_Open-R16-Tommy_Paul-Ben_Shelton,Ben Shelton,SnV1st,3,2,0,0,0,0,2,1,0,0,8
20230903-M-US_Open-R16-Tommy_Paul-Ben_Shelton,Ben Shelton,SnV2nd,6,1,0,0,0,1,0,2,1,1,19
20230903-M-US_Open-R16-Tommy_Paul-Ben_Shelton,Ben Shelton,nonSnV,105,78,16,8,18,6,8,2,3,1,362
20230903-M-US_Open-R16-Tommy_Paul-Ben_Shelton,Ben Shelton,nonSnV1st,80,60,12,6,18,4,6,2,3,0,276
20230903-M-US_Open-R16-Tommy_Paul-Ben_Shelton,Ben Shelton,nonSnV2nd,25,18,4,2,0,2,2,0,0,1,86
20230903-M-US_Open-R16-Taylor_Fritz-Dominic_Stricker,Dominic Stricker,SnV,6,6,0,0,1,4,0,0,0,0,18
20230903-M-US_Open-R16-Taylor_Fritz-Dominic_Stricker,Dominic Stricker,SnV1st,6,6,0,0,1,4,0,0,0,0,18
20230903-M-US_Open-R16-Taylor_Fritz-Dominic_Stricker,Dominic Stricker,nonSnV,79,53,13,0,17,2,5,0,1,3,293
20230903-M-US_Open-R16-Taylor_Fritz-Dominic_Stricker,Dominic Stricker,nonSnV1st,43,34,13,0,12,1,3,0,1,2,108
20230903-M-US_Open-R16-Taylor_Fritz-Dominic_Stricker,Dominic Stricker,nonSnV2nd,36,19,0,0,5,1,2,0,0,1,185
20230903-M-US_Open-R16-Rinky_Hijikata-Frances_Tiafoe,Rinky Hijikata,SnV,7,6,0,0,0,5,0,1,0,0,26
20230903-M-US_Open-R16-Rinky_Hijikata-Frances_Tiafoe,Rinky Hijikata,SnV1st,7,6,0,0,0,5,0,1,0,0,26
20230903-M-US_Open-R16-Rinky_Hijikata-Frances_Tiafoe,Rinky Hijikata,nonSnV,78,39,0,0,8,3,5,3,3,0,379
20230903-M-US_Open-R16-Rinky_Hijikata-Frances_Tiafoe,Rinky Hijikata,nonSnV1st,37,19,0,0,8,1,4,2,0,0,139
20230903-M-US_Open-R16-Rinky_Hijikata-Frances_Tiafoe,Rinky Hijikata,nonSnV2nd,41,20,0,0,0,2,1,1,3,0,240
20230903-M-US_Open-R16-Borna_Gojo-Novak_Djokovic,Borna Gojo,SnV,3,3,0,0,3,0,0,0,0,0,3
20230903-M-US_Open-R16-Borna_Gojo-Novak_Djokovic,Borna Gojo,SnV1st,3,3,0,0,3,0,0,0,0,0,3
20230903-M-US_Open-R16-Borna_Gojo-Novak_Djokovic,Borna Gojo,nonSnV,103,61,14,0,15,8,4,1,0,1,483
20230903-M-US_Open-R16-Borna_Gojo-Novak_Djokovic,Borna Gojo,nonSnV1st,70,45,14,0,13,6,4,1,0,1,303
20230903-M-US_Open-R16-Borna_Gojo-Novak_Djokovic,Borna Gojo,nonSnV2nd,33,16,0,0,2,2,0,0,0,0,180
20230903-M-US_Open-R16-Borna_Gojo-Novak_Djokovic,Novak Djokovic,SnV,1,1,0,0,1,0,0,0,0,0,1
20230903-M-US_Open-R16-Borna_Gojo-Novak_Djokovic,Novak Djokovic,SnV1st,1,1,0,0,1,0,0,0,0,0,1
20230903-M-US_Open-R16-Borna_Gojo-Novak_Djokovic,Novak Djokovic,nonSnV,72,57,12,0,20,4,3,1,1,0,199
20230903-M-US_Open-R16-Borna_Gojo-Novak_Djokovic,Novak Djokovic,nonSnV1st,50,44,11,0,17,3,2,0,1,0,120
20230903-M-US_Open-R16-Borna_Gojo-Novak_Djokovic,Novak Djokovic,nonSnV2nd,22,13,1,0,3,1,1,1,0,0,79
20230902-M-US_Open-R32-Sebastian_Baez-Daniil_Medvedev,Sebastian Baez,SnV,1,0,0,0,0,0,0,0,0,0,2
20230902-M-US_Open-R32-Sebastian_Baez-Daniil_Medvedev,Sebastian Baez,SnV1st,1,0,0,0,0,0,0,0,0,0,2
20230902-M-US_Open-R32-Sebastian_Baez-Daniil_Medvedev,Sebastian Baez,nonSnV,81,43,0,0,8,10,6,0,4,3,619
20230902-M-US_Open-R32-Sebastian_Baez-Daniil_Medvedev,Sebastian Baez,nonSnV1st,55,32,0,0,8,9,5,0,2,2,348
20230902-M-US_Open-R32-Sebastian_Baez-Daniil_Medvedev,Sebastian Baez,nonSnV2nd,26,11,0,0,0,1,1,0,2,1,271
20230902-M-US_Open-R32-Sebastian_Baez-Daniil_Medvedev,Daniil Medvedev,SnV,1,0,0,0,0,0,0,0,0,0,2
20230902-M-US_Open-R32-Sebastian_Baez-Daniil_Medvedev,Daniil Medvedev,SnV1st,1,0,0,0,0,0,0,0,0,0,2
20230902-M-US_Open-R32-Sebastian_Baez-Daniil_Medvedev,Daniil Medvedev,nonSnV,112,72,11,3,8,6,4,1,5,1,702
20230902-M-US_Open-R32-Sebastian_Baez-Daniil_Medvedev,Daniil Medvedev,nonSnV1st,73,52,10,3,8,5,4,1,4,1,408
20230902-M-US_Open-R32-Sebastian_Baez-Daniil_Medvedev,Daniil Medvedev,nonSnV2nd,39,20,1,0,0,1,0,0,1,0,294
20230902-M-US_Open-R32-Nicolas_Jarry-Alex_De_Minaur,Nicolas Jarry,SnV,4,2,0,0,0,2,0,1,0,0,12
20230902-M-US_Open-R32-Nicolas_Jarry-Alex_De_Minaur,Nicolas Jarry,SnV1st,3,2,0,0,0,2,0,0,0,0,10
20230902-M-US_Open-R32-Nicolas_Jarry-Alex_De_Minaur,Nicolas Jarry,SnV2nd,1,0,0,0,0,0,0,1,0,0,2
20230902-M-US_Open-R32-Nicolas_Jarry-Alex_De_Minaur,Nicolas Jarry,nonSnV,64,34,4,12,0,3,0,2,0,0,292
20230902-M-US_Open-R32-Nicolas_Jarry-Alex_De_Minaur,Nicolas Jarry,nonSnV1st,41,26,4,10,0,2,0,2,0,0,142
20230902-M-US_Open-R32-Nicolas_Jarry-Alex_De_Minaur,Nicolas Jarry,nonSnV2nd,23,8,0,2,0,1,0,0,0,0,150
20230902-M-US_Open-R32-Jannik_Sinner-Stan_Wawrinka,Jannik Sinner,SnV,6,5,0,0,2,2,1,1,0,0,19
20230902-M-US_Open-R32-Jannik_Sinner-Stan_Wawrinka,Jannik Sinner,SnV1st,6,5,0,0,2,2,1,1,0,0,19
20230902-M-US_Open-R32-Jannik_Sinner-Stan_Wawrinka,Jannik Sinner,nonSnV,113,71,12,0,8,5,5,3,0,1,613
20230902-M-US_Open-R32-Jannik_Sinner-Stan_Wawrinka,Jannik Sinner,nonSnV1st,68,48,12,0,7,4,3,3,0,1,296
20230902-M-US_Open-R32-Jannik_Sinner-Stan_Wawrinka,Jannik Sinner,nonSnV2nd,45,23,0,0,1,1,2,0,0,0,317
20230902-M-US_Open-R32-Grigor_Dimitrov-Alexander_Zverev,Grigor Dimitrov,SnV,4,2,0,0,0,2,0,2,0,0,10
20230902-M-US_Open-R32-Grigor_Dimitrov-Alexander_Zverev,Grigor Dimitrov,SnV1st,4,2,0,0,0,2,0,2,0,0,10
20230902-M-US_Open-R32-Grigor_Dimitrov-Alexander_Zverev,Grigor Dimitrov,nonSnV,123,78,7,1,8,4,10,3,3,0,782
20230902-M-US_Open-R32-Grigor_Dimitrov-Alexander_Zverev,Grigor Dimitrov,nonSnV1st,74,45,7,1,6,3,7,2,3,0,481
20230902-M-US_Open-R32-Grigor_Dimitrov-Alexander_Zverev,Grigor Dimitrov,nonSnV2nd,49,33,0,0,2,1,3,1,0,0,301
20230902-M-US_Open-R32-Grigor_Dimitrov-Alexander_Zverev,Alexander Zverev,SnV,2,2,0,0,1,1,0,0,0,0,6
20230902-M-US_Open-R32-Grigor_Dimitrov-Alexander_Zverev,Alexander Zverev,SnV1st,1,1,0,0,0,1,0,0,0,0,5
20230902-M-US_Open-R32-Grigor_Dimitrov-Alexander_Zverev,Alexander Zverev,SnV2nd,1,1,0,0,1,0,0,0,0,0,1
20230902-M-US_Open-R32-Grigor_Dimitrov-Alexander_Zverev,Alexander Zverev,nonSnV,119,84,15,2,17,9,9,1,8,2,660
20230902-M-US_Open-R32-Grigor_Dimitrov-Alexander_Zverev,Alexander Zverev,nonSnV1st,84,59,15,2,17,6,5,1,7,2,415
20230902-M-US_Open-R32-Grigor_Dimitrov-Alexander_Zverev,Alexander Zverev,nonSnV2nd,35,25,0,0,0,3,4,0,1,0,245
20230902-M-US_Open-R32-Daniel_Evans-Carlos_Alcaraz,Daniel Evans,SnV,14,8,0,0,2,3,2,0,2,1,44
20230902-M-US_Open-R32-Daniel_Evans-Carlos_Alcaraz,Daniel Evans,SnV1st,13,8,0,0,2,3,2,0,2,1,42
20230902-M-US_Open-R32-Daniel_Evans-Carlos_Alcaraz,Daniel Evans,SnV2nd,1,0,0,0,0,0,0,0,0,0,2
20230902-M-US_Open-R32-Daniel_Evans-Carlos_Alcaraz,Daniel Evans,nonSnV,113,68,8,1,25,7,11,3,6,1,466
20230902-M-US_Open-R32-Daniel_Evans-Carlos_Alcaraz,Daniel Evans,nonSnV1st,64,45,8,0,16,5,10,2,3,1,271
20230902-M-US_Open-R32-Daniel_Evans-Carlos_Alcaraz,Daniel Evans,nonSnV2nd,49,23,0,1,9,2,1,1,3,0,195
20230902-M-US_Open-R32-Daniel_Evans-Carlos_Alcaraz,Carlos Alcaraz,SnV,9,9,0,0,2,5,1,0,0,0,27
20230902-M-US_Open-R32-Daniel_Evans-Carlos_Alcaraz,Carlos Alcaraz,SnV1st,9,9,0,0,2,5,1,0,0,0,27
20230902-M-US_Open-R32-Daniel_Evans-Carlos_Alcaraz,Carlos Alcaraz,nonSnV,93,67,6,0,14,8,9,2,2,2,433
20230902-M-US_Open-R32-Daniel_Evans-Carlos_Alcaraz,Carlos Alcaraz,nonSnV1st,51,35,4,0,11,4,6,1,2,1,215
20230902-M-US_Open-R32-Daniel_Evans-Carlos_Alcaraz,Carlos Alcaraz,nonSnV2nd,42,32,2,0,3,4,3,1,0,1,218
20230901-M-US_Open-R32-Rinky_Hijikata-Zhizhen_Zhang,Rinky Hijikata,SnV,7,3,0,0,0,3,0,0,1,1,23
20230901-M-US_Open-R32-Rinky_Hijikata-Zhizhen_Zhang,Rinky Hijikata,SnV1st,6,3,0,0,0,3,0,0,1,1,21
20230901-M-US_Open-R32-Rinky_Hijikata-Zhizhen_Zhang,Rinky Hijikata,SnV2nd,1,0,0,0,0,0,0,0,0,0,2
20230901-M-US_Open-R32-Rinky_Hijikata-Zhizhen_Zhang,Rinky Hijikata,nonSnV,108,70,13,2,8,6,8,2,2,0,494
20230901-M-US_Open-R32-Rinky_Hijikata-Zhizhen_Zhang,Rinky Hijikata,nonSnV1st,64,47,13,2,8,6,6,2,1,0,275
20230901-M-US_Open-R32-Rinky_Hijikata-Zhizhen_Zhang,Rinky Hijikata,nonSnV2nd,44,23,0,0,0,0,2,0,1,0,219
20230901-M-US_Open-R32-Novak_Djokovic-Laslo_Djere,Novak Djokovic,SnV,5,4,0,0,1,2,1,0,1,0,16
20230901-M-US_Open-R32-Novak_Djokovic-Laslo_Djere,Novak Djokovic,SnV1st,4,4,0,0,1,2,1,0,0,0,10
20230901-M-US_Open-R32-Novak_Djokovic-Laslo_Djere,Novak Djokovic,SnV2nd,1,0,0,0,0,0,0,0,1,0,6
20230901-M-US_Open-R32-Novak_Djokovic-Laslo_Djere,Novak Djokovic,nonSnV,116,84,12,0,31,5,5,2,2,0,580
20230901-M-US_Open-R32-Novak_Djokovic-Laslo_Djere,Novak Djokovic,nonSnV1st,77,60,12,0,22,4,5,1,2,0,304
20230901-M-US_Open-R32-Novak_Djokovic-Laslo_Djere,Novak Djokovic,nonSnV2nd,39,24,0,0,9,1,0,1,0,0,276
20230901-M-US_Open-R32-Novak_Djokovic-Laslo_Djere,Laslo Djere,SnV,3,1,0,0,0,1,0,0,0,0,11
20230901-M-US_Open-R32-Novak_Djokovic-Laslo_Djere,Laslo Djere,SnV1st,3,1,0,0,0,1,0,0,0,0,11
20230901-M-US_Open-R32-Novak_Djokovic-Laslo_Djere,Laslo Djere,nonSnV,138,83,9,0,22,11,5,3,3,1,847
20230901-M-US_Open-R32-Novak_Djokovic-Laslo_Djere,Laslo Djere,nonSnV1st,97,65,9,0,19,10,4,2,3,1,485
20230901-M-US_Open-R32-Novak_Djokovic-Laslo_Djere,Laslo Djere,nonSnV2nd,41,18,0,0,3,1,1,1,0,0,362
20230831-M-US_Open-R64-Lloyd_Harris-Carlos_Alcaraz,Lloyd Harris,SnV,3,2,0,0,1,1,0,1,0,0,6
20230831-M-US_Open-R64-Lloyd_Harris-Carlos_Alcaraz,Lloyd Harris,SnV1st,3,2,0,0,1,1,0,1,0,0,6
20230831-M-US_Open-R64-Lloyd_Harris-Carlos_Alcaraz,Lloyd Harris,nonSnV,83,50,7,0,13,7,7,2,7,1,368
20230831-M-US_Open-R64-Lloyd_Harris-Carlos_Alcaraz,Lloyd Harris,nonSnV1st,60,41,5,0,13,6,7,2,6,1,291
20230831-M-US_Open-R64-Lloyd_Harris-Carlos_Alcaraz,Lloyd Harris,nonSnV2nd,23,9,2,0,0,1,0,0,1,0,77
20230831-M-US_Open-R64-Lloyd_Harris-Carlos_Alcaraz,Carlos Alcaraz,SnV,7,4,0,0,2,2,0,2,0,0,16
20230831-M-US_Open-R64-Lloyd_Harris-Carlos_Alcaraz,Carlos Alcaraz,SnV1st,4,2,0,0,1,1,0,1,0,0,8
20230831-M-US_Open-R64-Lloyd_Harris-Carlos_Alcaraz,Carlos Alcaraz,SnV2nd,3,2,0,0,1,1,0,1,0,0,8
20230831-M-US_Open-R64-Lloyd_Harris-Carlos_Alcaraz,Carlos Alcaraz,nonSnV,96,65,5,3,12,7,10,4,5,1,489
20230831-M-US_Open-R64-Lloyd_Harris-Carlos_Alcaraz,Carlos Alcaraz,nonSnV1st,62,43,5,3,10,5,5,3,3,0,265
20230831-M-US_Open-R64-Lloyd_Harris-Carlos_Alcaraz,Carlos Alcaraz,nonSnV2nd,34,22,0,0,2,2,5,1,2,1,224
20230831-M-US_Open-R64-John_Isner-Michael_Mmoh,John Isner,SnV,23,16,1,0,1,9,5,1,1,4,82
20230831-M-US_Open-R64-John_Isner-Michael_Mmoh,John Isner,SnV1st,11,10,1,0,1,5,3,1,0,0,34
20230831-M-US_Open-R64-John_Isner-Michael_Mmoh,John Isner,SnV2nd,12,6,0,0,0,4,2,0,1,4,48
20230831-M-US_Open-R64-John_Isner-Michael_Mmoh,John Isner,nonSnV,134,106,46,4,23,10,5,5,3,1,326
20230831-M-US_Open-R64-John_Isner-Michael_Mmoh,John Isner,nonSnV1st,100,86,44,3,20,8,2,3,2,1,220
20230831-M-US_Open-R64-John_Isner-Michael_Mmoh,John Isner,nonSnV2nd,34,20,2,1,3,2,3,2,1,0,106
20230831-M-US_Open-R64-John_Isner-Michael_Mmoh,Michael Mmoh,SnV,3,3,0,0,1,2,0,0,0,0,7
20230831-M-US_Open-R64-John_Isner-Michael_Mmoh,Michael Mmoh,SnV1st,3,3,0,0,1,2,0,0,0,0,7
20230831-M-US_Open-R64-John_Isner-Michael_Mmoh,Michael Mmoh,nonSnV,152,116,19,1,34,12,2,0,3,0,564
20230831-M-US_Open-R64-John_Isner-Michael_Mmoh,Michael Mmoh,nonSnV1st,112,88,17,1,33,11,1,0,2,0,422
20230831-M-US_Open-R64-John_Isner-Michael_Mmoh,Michael Mmoh,nonSnV2nd,40,28,2,0,1,1,1,0,1,0,142
20230831-M-US_Open-R64-Hubert_Hurkacz-Jack_Draper,Hubert Hurkacz,SnV,4,2,0,0,1,1,0,0,1,0,10
20230831-M-US_Open-R64-Hubert_Hurkacz-Jack_Draper,Hubert Hurkacz,SnV1st,2,2,0,0,1,1,0,0,0,0,4
20230831-M-US_Open-R64-Hubert_Hurkacz-Jack_Draper,Hubert Hurkacz,SnV2nd,2,0,0,0,0,0,0,0,1,0,6
20230831-M-US_Open-R64-Hubert_Hurkacz-Jack_Draper,Hubert Hurkacz,nonSnV,99,56,8,0,13,9,3,4,6,1,456
20230831-M-US_Open-R64-Hubert_Hurkacz-Jack_Draper,Hubert Hurkacz,nonSnV1st,56,37,8,0,13,5,1,3,4,1,179
20230831-M-US_Open-R64-Hubert_Hurkacz-Jack_Draper,Hubert Hurkacz,nonSnV2nd,43,19,0,0,0,4,2,1,2,0,277
20230831-M-US_Open-R64-Hubert_Hurkacz-Jack_Draper,Jack Draper,SnV,3,3,1,0,0,1,1,0,0,0,7
20230831-M-US_Open-R64-Hubert_Hurkacz-Jack_Draper,Jack Draper,SnV1st,3,3,1,0,0,1,1,0,0,0,7
20230831-M-US_Open-R64-Hubert_Hurkacz-Jack_Draper,Jack Draper,nonSnV,79,59,3,0,15,3,0,2,1,3,381
20230831-M-US_Open-R64-Hubert_Hurkacz-Jack_Draper,Jack Draper,nonSnV1st,48,36,3,0,14,2,0,1,0,2,230
20230831-M-US_Open-R64-Hubert_Hurkacz-Jack_Draper,Jack Draper,nonSnV2nd,31,23,0,0,1,1,0,1,1,1,151
20230831-M-US_Open-R64-Grigor_Dimitrov-Andy_Murray,Andy Murray,SnV,1,0,0,0,0,0,0,0,0,0,2
20230831-M-US_Open-R64-Grigor_Dimitrov-Andy_Murray,Andy Murray,SnV1st,1,0,0,0,0,0,0,0,0,0,2
20230831-M-US_Open-R64-Grigor_Dimitrov-Andy_Murray,Andy Murray,nonSnV,79,42,3,0,11,2,6,1,2,0,484
20230831-M-US_Open-R64-Grigor_Dimitrov-Andy_Murray,Andy Murray,nonSnV1st,49,30,3,0,11,1,3,0,1,0,260
20230831-M-US_Open-R64-Grigor_Dimitrov-Andy_Murray,Andy Murray,nonSnV2nd,30,12,0,0,0,1,3,1,1,0,224
20230831-M-US_Open-R64-Christopher_Oconnell-Daniil_Medvedev,Christopher Oconnell,SnV,25,12,0,1,3,5,3,1,3,2,74
20230831-M-US_Open-R64-Christopher_Oconnell-Daniil_Medvedev,Christopher Oconnell,SnV1st,24,12,0,1,3,5,3,1,3,2,72
20230831-M-US_Open-R64-Christopher_Oconnell-Daniil_Medvedev,Christopher Oconnell,SnV2nd,1,0,0,0,0,0,0,0,0,0,2
20230831-M-US_Open-R64-Christopher_Oconnell-Daniil_Medvedev,Christopher Oconnell,nonSnV,106,59,3,1,8,13,6,1,7,3,643
20230831-M-US_Open-R64-Christopher_Oconnell-Daniil_Medvedev,Christopher Oconnell,nonSnV1st,56,34,3,1,8,6,4,0,5,2,302
20230831-M-US_Open-R64-Christopher_Oconnell-Daniil_Medvedev,Christopher Oconnell,nonSnV2nd,50,25,0,0,0,7,2,1,2,1,341
20230830-M-US_Open-R64-Stefanos_Tsitsipas-Dominic_Stricker,Stefanos Tsitsipas,SnV,7,4,0,0,0,1,2,1,0,1,34
20230830-M-US_Open-R64-Stefanos_Tsitsipas-Dominic_Stricker,Stefanos Tsitsipas,SnV1st,6,4,0,0,0,1,2,0,0,1,32
20230830-M-US_Open-R64-Stefanos_Tsitsipas-Dominic_Stricker,Stefanos Tsitsipas,SnV2nd,1,0,0,0,0,0,0,1,0,0,2
20230830-M-US_Open-R64-Stefanos_Tsitsipas-Dominic_Stricker,Stefanos Tsitsipas,nonSnV,173,117,23,8,20,8,14,2,5,1,501
20230830-M-US_Open-R64-Stefanos_Tsitsipas-Dominic_Stricker,Stefanos Tsitsipas,nonSnV1st,105,86,22,7,17,6,9,0,2,0,268
20230830-M-US_Open-R64-Stefanos_Tsitsipas-Dominic_Stricker,Stefanos Tsitsipas,nonSnV2nd,68,31,1,1,3,2,5,2,3,1,233
20230830-M-US_Open-R64-Stefanos_Tsitsipas-Dominic_Stricker,Dominic Stricker,SnV,7,5,0,0,1,3,0,0,0,1,19
20230830-M-US_Open-R64-Stefanos_Tsitsipas-Dominic_Stricker,Dominic Stricker,SnV1st,6,5,0,0,1,3,0,0,0,1,17
20230830-M-US_Open-R64-Stefanos_Tsitsipas-Dominic_Stricker,Dominic Stricker,SnV2nd,1,0,0,0,0,0,0,0,0,0,2
20230830-M-US_Open-R64-Stefanos_Tsitsipas-Dominic_Stricker,Dominic Stricker,nonSnV,169,117,11,6,19,16,3,4,4,2,599
20230830-M-US_Open-R64-Stefanos_Tsitsipas-Dominic_Stricker,Dominic Stricker,nonSnV1st,99,75,11,4,16,11,2,1,3,1,323
20230830-M-US_Open-R64-Stefanos_Tsitsipas-Dominic_Stricker,Dominic Stricker,nonSnV2nd,70,42,0,2,3,5,1,3,1,1,276
20230830-M-US_Open-R64-Casper_Ruud-Zhizhen_Zhang,Casper Ruud,SnV,1,0,0,0,0,0,0,1,0,0,4
20230830-M-US_Open-R64-Casper_Ruud-Zhizhen_Zhang,Casper Ruud,SnV1st,1,0,0,0,0,0,0,1,0,0,4
20230830-M-US_Open-R64-Casper_Ruud-Zhizhen_Zhang,Casper Ruud,nonSnV,142,89,7,7,19,4,7,0,0,1,635
20230830-M-US_Open-R64-Casper_Ruud-Zhizhen_Zhang,Casper Ruud,nonSnV1st,92,65,6,7,19,3,5,0,0,0,353
20230830-M-US_Open-R64-Casper_Ruud-Zhizhen_Zhang,Casper Ruud,nonSnV2nd,50,24,1,0,0,1,2,0,0,1,282
20230830-M-US_Open-R64-Casper_Ruud-Zhizhen_Zhang,Zhizhen Zhang,SnV,8,4,0,0,0,3,1,3,1,0,28
20230830-M-US_Open-R64-Casper_Ruud-Zhizhen_Zhang,Zhizhen Zhang,SnV1st,6,4,0,0,0,3,1,1,1,0,24
20230830-M-US_Open-R64-Casper_Ruud-Zhizhen_Zhang,Zhizhen Zhang,SnV2nd,2,0,0,0,0,0,0,2,0,0,4
20230830-M-US_Open-R64-Casper_Ruud-Zhizhen_Zhang,Zhizhen Zhang,nonSnV,108,77,18,6,11,5,2,2,4,1,427
20230830-M-US_Open-R64-Casper_Ruud-Zhizhen_Zhang,Zhizhen Zhang,nonSnV1st,72,54,17,5,10,2,2,2,4,1,266
20230830-M-US_Open-R64-Casper_Ruud-Zhizhen_Zhang,Zhizhen Zhang,nonSnV2nd,36,23,1,1,1,3,0,0,0,0,161
20230830-M-US_Open-R64-Bernabe_Zapata_Miralles-Novak_Djokovic,Novak Djokovic,SnV,2,2,0,0,1,0,1,0,0,0,4
20230830-M-US_Open-R64-Bernabe_Zapata_Miralles-Novak_Djokovic,Novak Djokovic,SnV1st,2,2,0,0,1,0,1,0,0,0,4
20230830-M-US_Open-R64-Bernabe_Zapata_Miralles-Novak_Djokovic,Novak Djokovic,nonSnV,70,52,5,0,12,9,3,2,1,2,320
20230830-M-US_Open-R64-Bernabe_Zapata_Miralles-Novak_Djokovic,Novak Djokovic,nonSnV1st,40,30,5,0,7,5,2,2,0,2,160
20230830-M-US_Open-R64-Bernabe_Zapata_Miralles-Novak_Djokovic,Novak Djokovic,nonSnV2nd,30,22,0,0,5,4,1,0,1,0,160
20230829-M-US_Open-R128-John_Isner-Facundo_Diaz_Acosta,John Isner,SnV,37,32,3,0,13,11,5,1,2,0,92
20230829-M-US_Open-R128-John_Isner-Facundo_Diaz_Acosta,John Isner,SnV1st,25,21,3,0,9,7,2,1,2,0,59
20230829-M-US_Open-R128-John_Isner-Facundo_Diaz_Acosta,John Isner,SnV2nd,12,11,0,0,4,4,3,0,0,0,33
20230829-M-US_Open-R128-John_Isner-Facundo_Diaz_Acosta,John Isner,nonSnV,46,35,8,2,6,3,4,1,2,0,131
20230829-M-US_Open-R128-John_Isner-Facundo_Diaz_Acosta,John Isner,nonSnV1st,28,21,7,2,2,2,3,1,1,0,91
20230829-M-US_Open-R128-John_Isner-Facundo_Diaz_Acosta,John Isner,nonSnV2nd,18,14,1,0,4,1,1,0,1,0,40
20230829-M-US_Open-R128-John_Isner-Facundo_Diaz_Acosta,Facundo Diaz Acosta,SnV,1,1,0,0,0,1,0,0,0,0,3
20230829-M-US_Open-R128-John_Isner-Facundo_Diaz_Acosta,Facundo Diaz Acosta,SnV1st,1,1,0,0,0,1,0,0,0,0,3
20230829-M-US_Open-R128-John_Isner-Facundo_Diaz_Acosta,Facundo Diaz Acosta,nonSnV,106,67,5,0,23,4,1,1,1,2,391
20230829-M-US_Open-R128-John_Isner-Facundo_Diaz_Acosta,Facundo Diaz Acosta,nonSnV1st,74,51,4,0,23,4,1,1,1,1,255
20230829-M-US_Open-R128-John_Isner-Facundo_Diaz_Acosta,Facundo Diaz Acosta,nonSnV2nd,32,16,1,0,0,0,0,0,0,1,136
20230829-M-US_Open-R128-Hubert_Hurkacz-Marc_Andrea_Huesler,Hubert Hurkacz,SnV,2,2,0,0,0,2,0,0,0,0,6
20230829-M-US_Open-R128-Hubert_Hurkacz-Marc_Andrea_Huesler,Hubert Hurkacz,SnV1st,2,2,0,0,0,2,0,0,0,0,6
20230829-M-US_Open-R128-Hubert_Hurkacz-Marc_Andrea_Huesler,Hubert Hurkacz,nonSnV,135,96,19,0,28,8,9,4,3,0,438
20230829-M-US_Open-R128-Hubert_Hurkacz-Marc_Andrea_Huesler,Hubert Hurkacz,nonSnV1st,91,73,19,0,28,6,7,3,2,0,267
20230829-M-US_Open-R128-Hubert_Hurkacz-Marc_Andrea_Huesler,Hubert Hurkacz,nonSnV2nd,44,23,0,0,0,2,2,1,1,0,171
20230829-M-US_Open-R128-Hubert_Hurkacz-Marc_Andrea_Huesler,Marc Andrea Huesler,SnV,25,17,3,0,6,2,3,2,2,1,59
20230829-M-US_Open-R128-Hubert_Hurkacz-Marc_Andrea_Huesler,Marc Andrea Huesler,SnV1st,22,16,3,0,6,2,3,2,1,1,52
20230829-M-US_Open-R128-Hubert_Hurkacz-Marc_Andrea_Huesler,Marc Andrea Huesler,SnV2nd,3,1,0,0,0,0,0,0,1,0,7
20230829-M-US_Open-R128-Hubert_Hurkacz-Marc_Andrea_Huesler,Marc Andrea Huesler,nonSnV,114,73,9,0,21,9,5,1,1,2,437
20230829-M-US_Open-R128-Hubert_Hurkacz-Marc_Andrea_Huesler,Marc Andrea Huesler,nonSnV1st,69,52,9,0,20,5,3,1,1,1,228
20230829-M-US_Open-R128-Hubert_Hurkacz-Marc_Andrea_Huesler,Marc Andrea Huesler,nonSnV2nd,45,21,0,0,1,4,2,0,0,1,209
20230829-M-US_Open-R128-Grigor_Dimitrov-Alex_Molcan,Grigor Dimitrov,SnV,10,8,0,0,1,7,0,2,0,0,30
20230829-M-US_Open-R128-Grigor_Dimitrov-Alex_Molcan,Grigor Dimitrov,SnV1st,9,7,0,0,1,6,0,2,0,0,27
20230829-M-US_Open-R128-Grigor_Dimitrov-Alex_Molcan,Grigor Dimitrov,SnV2nd,1,1,0,0,0,1,0,0,0,0,3
20230829-M-US_Open-R128-Grigor_Dimitrov-Alex_Molcan,Grigor Dimitrov,nonSnV,166,120,20,2,16,15,9,5,3,1,650
20230829-M-US_Open-R128-Grigor_Dimitrov-Alex_Molcan,Grigor Dimitrov,nonSnV1st,103,80,20,2,16,10,5,3,3,0,334
20230829-M-US_Open-R128-Grigor_Dimitrov-Alex_Molcan,Grigor Dimitrov,nonSnV2nd,63,40,0,0,0,5,4,2,0,1,316
20230829-M-US_Open-R128-Grigor_Dimitrov-Alex_Molcan,Alex Molcan,SnV,6,4,0,0,2,1,1,1,1,0,14
20230829-M-US_Open-R128-Grigor_Dimitrov-Alex_Molcan,Alex Molcan,SnV1st,6,4,0,0,2,1,1,1,1,0,14
20230829-M-US_Open-R128-Grigor_Dimitrov-Alex_Molcan,Alex Molcan,nonSnV,167,115,9,2,20,11,12,5,6,0,851
20230829-M-US_Open-R128-Grigor_Dimitrov-Alex_Molcan,Alex Molcan,nonSnV1st,101,72,8,2,19,6,8,4,5,0,494
20230829-M-US_Open-R128-Grigor_Dimitrov-Alex_Molcan,Alex Molcan,nonSnV2nd,66,43,1,0,1,5,4,1,1,0,357
20230829-M-US_Open-R128-Dominik_Koepfer-Carlos_Alcaraz,Carlos Alcaraz,SnV,4,3,0,0,1,0,1,0,1,0,9
20230829-M-US_Open-R128-Dominik_Koepfer-Carlos_Alcaraz,Carlos Alcaraz,SnV1st,4,3,0,0,1,0,1,0,1,0,9
20230829-M-US_Open-R128-Dominik_Koepfer-Carlos_Alcaraz,Carlos Alcaraz,nonSnV,29,23,4,0,6,3,0,0,0,0,87
20230829-M-US_Open-R128-Dominik_Koepfer-Carlos_Alcaraz,Carlos Alcaraz,nonSnV1st,20,17,4,0,6,1,0,0,0,0,55
20230829-M-US_Open-R128-Dominik_Koepfer-Carlos_Alcaraz,Carlos Alcaraz,nonSnV2nd,9,6,0,0,0,2,0,0,0,0,32
20230829-M-US_Open-R128-Attila_Balazs-Daniil_Medvedev,Attila Balazs,SnV,4,4,0,0,0,3,1,0,0,0,12
20230829-M-US_Open-R128-Attila_Balazs-Daniil_Medvedev,Attila Balazs,SnV1st,4,4,0,0,0,3,1,0,0,0,12
20230829-M-US_Open-R128-Attila_Balazs-Daniil_Medvedev,Attila Balazs,nonSnV,54,18,0,0,5,1,1,0,5,1,250
20230829-M-US_Open-R128-Attila_Balazs-Daniil_Medvedev,Attila Balazs,nonSnV1st,41,13,0,0,5,0,1,0,2,1,165
20230829-M-US_Open-R128-Attila_Balazs-Daniil_Medvedev,Attila Balazs,nonSnV2nd,13,5,0,0,0,1,0,0,3,0,85
20230829-M-US_Open-R128-Attila_Balazs-Daniil_Medvedev,Daniil Medvedev,SnV,2,2,0,0,1,1,0,0,0,0,4
20230829-M-US_Open-R128-Attila_Balazs-Daniil_Medvedev,Daniil Medvedev,SnV1st,2,2,0,0,1,1,0,0,0,0,4
20230829-M-US_Open-R128-Attila_Balazs-Daniil_Medvedev,Daniil Medvedev,nonSnV,49,38,8,0,6,8,1,0,2,1,170
20230829-M-US_Open-R128-Attila_Balazs-Daniil_Medvedev,Daniil Medvedev,nonSnV1st,34,29,7,0,6,7,0,0,1,1,109
20230829-M-US_Open-R128-Attila_Balazs-Daniil_Medvedev,Daniil Medvedev,nonSnV2nd,15,9,1,0,0,1,1,0,1,0,61
20230829-M-US_Open-R128-Arthur_Fils-Tallon_Griekspoor,Arthur Fils,SnV,2,1,0,0,0,1,0,1,0,0,5
20230829-M-US_Open-R128-Arthur_Fils-Tallon_Griekspoor,Arthur Fils,SnV1st,2,1,0,0,0,1,0,1,0,0,5
20230829-M-US_Open-R128-Arthur_Fils-Tallon_Griekspoor,Arthur Fils,nonSnV,161,109,22,4,27,10,8,2,2,3,557
20230829-M-US_Open-R128-Arthur_Fils-Tallon_Griekspoor,Arthur Fils,nonSnV1st,108,84,20,4,26,6,8,2,2,3,316
20230829-M-US_Open-R128-Arthur_Fils-Tallon_Griekspoor,Arthur Fils,nonSnV2nd,53,25,2,0,1,4,0,0,0,0,241
20230829-M-US_Open-R128-Arthur_Fils-Tallon_Griekspoor,Tallon Griekspoor,SnV,9,6,0,0,1,3,2,1,1,0,28
20230829-M-US_Open-R128-Arthur_Fils-Tallon_Griekspoor,Tallon Griekspoor,SnV1st,4,4,0,0,0,2,2,0,0,0,16
20230829-M-US_Open-R128-Arthur_Fils-Tallon_Griekspoor,Tallon Griekspoor,SnV2nd,5,2,0,0,1,1,0,1,1,0,12
20230829-M-US_Open-R128-Arthur_Fils-Tallon_Griekspoor,Tallon Griekspoor,nonSnV,138,93,14,4,25,7,6,2,5,1,457
20230829-M-US_Open-R128-Arthur_Fils-Tallon_Griekspoor,Tallon Griekspoor,nonSnV1st,87,67,13,4,24,6,4,2,4,0,229
20230829-M-US_Open-R128-Arthur_Fils-Tallon_Griekspoor,Tallon Griekspoor,nonSnV2nd,51,26,1,0,1,1,2,0,1,1,228
20230829-M-US_Open-R128-Alexandre_Muller-Novak_Djokovic,Alexandre Muller,SnV,6,3,1,2,0,0,0,0,2,0,13
20230829-M-US_Open-R128-Alexandre_Muller-Novak_Djokovic,Alexandre Muller,SnV1st,6,3,1,2,0,0,0,0,2,0,13
20230829-M-US_Open-R128-Alexandre_Muller-Novak_Djokovic,Alexandre Muller,nonSnV,57,30,3,8,0,2,0,1,0,0,340
20230829-M-US_Open-R128-Alexandre_Muller-Novak_Djokovic,Alexandre Muller,nonSnV1st,39,23,3,7,0,2,0,1,0,0,227
20230829-M-US_Open-R128-Alexandre_Muller-Novak_Djokovic,Alexandre Muller,nonSnV2nd,18,7,0,1,0,0,0,0,0,0,113
20230829-M-US_Open-R128-Alexandre_Muller-Novak_Djokovic,Novak Djokovic,SnV,1,1,0,1,0,0,0,0,0,0,1
20230829-M-US_Open-R128-Alexandre_Muller-Novak_Djokovic,Novak Djokovic,SnV1st,1,1,0,1,0,0,0,0,0,0,1
20230829-M-US_Open-R128-Alexandre_Muller-Novak_Djokovic,Novak Djokovic,nonSnV,54,42,6,8,0,6,0,1,1,0,234
20230829-M-US_Open-R128-Alexandre_Muller-Novak_Djokovic,Novak Djokovic,nonSnV1st,32,27,5,6,0,5,0,0,0,0,131
20230829-M-US_Open-R128-Alexandre_Muller-Novak_Djokovic,Novak Djokovic,nonSnV2nd,22,15,1,2,0,1,0,1,1,0,103
20230828-M-US_Open-R128-Stefanos_Tsitsipas-Milos_Raonic,Stefanos Tsitsipas,SnV,5,4,0,0,1,2,1,1,0,0,16
20230828-M-US_Open-R128-Stefanos_Tsitsipas-Milos_Raonic,Stefanos Tsitsipas,SnV1st,4,3,0,0,1,1,1,1,0,0,9
20230828-M-US_Open-R128-Stefanos_Tsitsipas-Milos_Raonic,Stefanos Tsitsipas,SnV2nd,1,1,0,0,0,1,0,0,0,0,7
20230828-M-US_Open-R128-Stefanos_Tsitsipas-Milos_Raonic,Stefanos Tsitsipas,nonSnV,66,51,7,1,11,0,2,0,2,1,229
20230828-M-US_Open-R128-Stefanos_Tsitsipas-Milos_Raonic,Stefanos Tsitsipas,nonSnV1st,41,35,7,1,11,0,0,0,2,1,123
20230828-M-US_Open-R128-Stefanos_Tsitsipas-Milos_Raonic,Stefanos Tsitsipas,nonSnV2nd,25,16,0,0,0,0,2,0,0,0,106
20230828-M-US_Open-R128-Stefanos_Tsitsipas-Milos_Raonic,Milos Raonic,SnV,11,4,0,0,0,3,1,4,2,0,38
20230828-M-US_Open-R128-Stefanos_Tsitsipas-Milos_Raonic,Milos Raonic,SnV1st,3,2,0,0,0,2,0,0,0,0,14
20230828-M-US_Open-R128-Stefanos_Tsitsipas-Milos_Raonic,Milos Raonic,SnV2nd,8,2,0,0,0,1,1,4,2,0,24
20230828-M-US_Open-R128-Stefanos_Tsitsipas-Milos_Raonic,Milos Raonic,nonSnV,65,43,9,3,8,6,4,2,2,0,225
20230828-M-US_Open-R128-Stefanos_Tsitsipas-Milos_Raonic,Milos Raonic,nonSnV1st,37,30,9,3,6,3,3,2,1,0,100
20230828-M-US_Open-R128-Stefanos_Tsitsipas-Milos_Raonic,Milos Raonic,nonSnV2nd,28,13,0,0,2,3,1,0,1,0,125
20230828-M-US_Open-R128-Jiri_Lehecka-Aslan_Karatsev,Aslan Karatsev,SnV,2,2,0,0,0,2,0,0,0,0,8
20230828-M-US_Open-R128-Jiri_Lehecka-Aslan_Karatsev,Aslan Karatsev,SnV1st,2,2,0,0,0,2,0,0,0,0,8
20230828-M-US_Open-R128-Jiri_Lehecka-Aslan_Karatsev,Aslan Karatsev,nonSnV,77,52,7,20,0,2,0,0,2,0,270
20230828-M-US_Open-R128-Jiri_Lehecka-Aslan_Karatsev,Aslan Karatsev,nonSnV1st,37,33,7,14,0,2,0,0,0,0,95
20230828-M-US_Open-R128-Jiri_Lehecka-Aslan_Karatsev,Aslan Karatsev,nonSnV2nd,40,19,0,6,0,0,0,0,2,0,175
20230828-M-US_Open-R128-Holger_Rune-Roberto_Carballes_Baena,Holger Rune,SnV,8,1,0,0,0,1,0,1,2,2,29
20230828-M-US_Open-R128-Holger_Rune-Roberto_Carballes_Baena,Holger Rune,SnV1st,4,1,0,0,0,1,0,1,1,0,15
20230828-M-US_Open-R128-Holger_Rune-Roberto_Carballes_Baena,Holger Rune,SnV2nd,4,0,0,0,0,0,0,0,1,2,14
20230828-M-US_Open-R128-Holger_Rune-Roberto_Carballes_Baena,Holger Rune,nonSnV,96,59,2,2,8,8,10,0,1,2,469
20230828-M-US_Open-R128-Holger_Rune-Roberto_Carballes_Baena,Holger Rune,nonSnV1st,62,39,1,2,8,4,8,0,1,1,289
20230828-M-US_Open-R128-Holger_Rune-Roberto_Carballes_Baena,Holger Rune,nonSnV2nd,34,20,1,0,0,4,2,0,0,1,180
20230828-M-US_Open-R128-Gregoire_Barrere-Jakub_Mensik,Gregoire Barrere,SnV,1,0,0,0,0,0,0,0,0,0,2
20230828-M-US_Open-R128-Gregoire_Barrere-Jakub_Mensik,Gregoire Barrere,SnV1st,1,0,0,0,0,0,0,0,0,0,2
20230828-M-US_Open-R128-Gregoire_Barrere-Jakub_Mensik,Gregoire Barrere,nonSnV,122,82,3,0,21,9,10,0,3,2,500
20230828-M-US_Open-R128-Gregoire_Barrere-Jakub_Mensik,Gregoire Barrere,nonSnV1st,75,54,3,0,20,8,8,0,2,2,304
20230828-M-US_Open-R128-Gregoire_Barrere-Jakub_Mensik,Gregoire Barrere,nonSnV2nd,47,28,0,0,1,1,2,0,1,0,196
20230828-M-US_Open-R128-Gregoire_Barrere-Jakub_Mensik,Jakub Mensik,SnV,1,1,0,0,1,0,0,0,0,0,1
20230828-M-US_Open-R128-Gregoire_Barrere-Jakub_Mensik,Jakub Mensik,SnV1st,1,1,0,0,1,0,0,0,0,0,1
20230828-M-US_Open-R128-Gregoire_Barrere-Jakub_Mensik,Jakub Mensik,nonSnV,124,89,13,2,18,12,6,0,2,1,481
20230828-M-US_Open-R128-Gregoire_Barrere-Jakub_Mensik,Jakub Mensik,nonSnV1st,69,55,12,2,17,12,6,0,0,1,229
20230828-M-US_Open-R128-Gregoire_Barrere-Jakub_Mensik,Jakub Mensik,nonSnV2nd,55,34,1,0,1,0,0,0,2,0,252
20230828-M-US_Open-R128-Dominic_Thiem-Alexander_Bublik,Dominic Thiem,SnV,3,3,0,0,1,1,1,0,0,0,9
20230828-M-US_Open-R128-Dominic_Thiem-Alexander_Bublik,Dominic Thiem,SnV1st,3,3,0,0,1,1,1,0,0,0,9
20230828-M-US_Open-R128-Dominic_Thiem-Alexander_Bublik,Dominic Thiem,nonSnV,73,51,8,2,6,5,2,1,3,1,315
20230828-M-US_Open-R128-Dominic_Thiem-Alexander_Bublik,Dominic Thiem,nonSnV1st,45,32,7,2,6,3,1,1,2,0,166
20230828-M-US_Open-R128-Dominic_Thiem-Alexander_Bublik,Dominic Thiem,nonSnV2nd,28,19,1,0,0,2,1,0,1,1,149
20230828-M-US_Open-R128-Dominic_Thiem-Alexander_Bublik,Alexander Bublik,SnV,10,7,0,0,2,4,1,2,1,0,37
20230828-M-US_Open-R128-Dominic_Thiem-Alexander_Bublik,Alexander Bublik,SnV1st,8,5,0,0,2,2,1,2,1,0,29
20230828-M-US_Open-R128-Dominic_Thiem-Alexander_Bublik,Alexander Bublik,SnV2nd,2,2,0,0,0,2,0,0,0,0,8
20230828-M-US_Open-R128-Dominic_Thiem-Alexander_Bublik,Alexander Bublik,nonSnV,60,38,6,1,9,5,1,2,2,1,226
20230828-M-US_Open-R128-Dominic_Thiem-Alexander_Bublik,Alexander Bublik,nonSnV1st,34,26,6,1,9,2,1,1,1,0,104
20230828-M-US_Open-R128-Dominic_Thiem-Alexander_Bublik,Alexander Bublik,nonSnV2nd,26,12,0,0,0,3,0,1,1,1,122
20230828-M-US_Open-R128-Casper_Ruud-Emilio_Nava,Casper Ruud,SnV,2,1,0,0,0,0,1,0,0,1,7
20230828-M-US_Open-R128-Casper_Ruud-Emilio_Nava,Casper Ruud,SnV1st,2,1,0,0,0,0,1,0,0,1,7
20230828-M-US_Open-R128-Casper_Ruud-Emilio_Nava,Casper Ruud,nonSnV,133,93,5,1,27,4,3,1,4,0,613
20230828-M-US_Open-R128-Casper_Ruud-Emilio_Nava,Casper Ruud,nonSnV1st,85,63,5,1,25,3,3,1,3,0,331
20230828-M-US_Open-R128-Casper_Ruud-Emilio_Nava,Casper Ruud,nonSnV2nd,48,30,0,0,2,1,0,0,1,0,282
20230828-M-US_Open-R128-Casper_Ruud-Emilio_Nava,Emilio Nava,SnV,3,1,0,0,0,1,0,0,0,0,7
20230828-M-US_Open-R128-Casper_Ruud-Emilio_Nava,Emilio Nava,SnV1st,2,1,0,0,0,1,0,0,0,0,5
20230828-M-US_Open-R128-Casper_Ruud-Emilio_Nava,Emilio Nava,SnV2nd,1,0,0,0,0,0,0,0,0,0,2
20230828-M-US_Open-R128-Casper_Ruud-Emilio_Nava,Emilio Nava,nonSnV,122,90,13,2,13,12,5,3,3,1,534
20230828-M-US_Open-R128-Casper_Ruud-Emilio_Nava,Emilio Nava,nonSnV1st,91,70,13,2,13,12,4,3,2,1,362
20230828-M-US_Open-R128-Casper_Ruud-Emilio_Nava,Emilio Nava,nonSnV2nd,31,20,0,0,0,0,1,0,1,0,172
20230127-M-Australian_Open-SF-Stefanos_Tsitsipas-Karen_Khachanov,Stefanos Tsitsipas,SnV,1,0,0,0,0,0,0,1,0,0,2
20230127-M-Australian_Open-SF-Stefanos_Tsitsipas-Karen_Khachanov,Stefanos Tsitsipas,SnV1st,1,0,0,0,0,0,0,1,0,0,2
20230127-M-Australian_Open-SF-Stefanos_Tsitsipas-Karen_Khachanov,Stefanos Tsitsipas,nonSnV,123,94,18,0,22,11,4,2,3,1,414
20230127-M-Australian_Open-SF-Stefanos_Tsitsipas-Karen_Khachanov,Stefanos Tsitsipas,nonSnV1st,81,69,18,0,22,8,3,2,2,1,225
20230127-M-Australian_Open-SF-Stefanos_Tsitsipas-Karen_Khachanov,Stefanos Tsitsipas,nonSnV2nd,42,25,0,0,0,3,1,0,1,0,189
20230127-M-Australian_Open-SF-Stefanos_Tsitsipas-Karen_Khachanov,Karen Khachanov,SnV,3,1,0,0,1,0,0,1,0,0,5
20230127-M-Australian_Open-SF-Stefanos_Tsitsipas-Karen_Khachanov,Karen Khachanov,SnV1st,3,1,0,0,1,0,0,1,0,0,5
20230127-M-Australian_Open-SF-Stefanos_Tsitsipas-Karen_Khachanov,Karen Khachanov,nonSnV,135,87,10,0,24,12,3,1,3,2,639
20230127-M-Australian_Open-SF-Stefanos_Tsitsipas-Karen_Khachanov,Karen Khachanov,nonSnV1st,91,61,10,0,24,8,2,1,1,2,371
20230127-M-Australian_Open-SF-Stefanos_Tsitsipas-Karen_Khachanov,Karen Khachanov,nonSnV2nd,44,26,0,0,0,4,1,0,2,0,268
20230124-M-Australian_Open-QF-Stefanos_Tsitsipas-Jiri_Lehecka,Stefanos Tsitsipas,SnV,3,2,0,0,0,1,0,0,1,0,8
20230124-M-Australian_Open-QF-Stefanos_Tsitsipas-Jiri_Lehecka,Stefanos Tsitsipas,SnV1st,1,0,0,0,0,0,0,0,1,0,4
20230124-M-Australian_Open-QF-Stefanos_Tsitsipas-Jiri_Lehecka,Stefanos Tsitsipas,SnV2nd,2,2,0,0,0,1,0,0,0,0,4
20230124-M-Australian_Open-QF-Stefanos_Tsitsipas-Jiri_Lehecka,Stefanos Tsitsipas,nonSnV,95,73,9,0,26,3,3,0,2,1,297
20230124-M-Australian_Open-QF-Stefanos_Tsitsipas-Jiri_Lehecka,Stefanos Tsitsipas,nonSnV1st,65,53,9,0,25,2,3,0,1,1,175
20230124-M-Australian_Open-QF-Stefanos_Tsitsipas-Jiri_Lehecka,Stefanos Tsitsipas,nonSnV2nd,30,20,0,0,1,1,0,0,1,0,122
20230124-M-Australian_Open-QF-Stefanos_Tsitsipas-Jiri_Lehecka,Jiri Lehecka,SnV,7,5,0,0,1,4,0,0,1,0,21
20230124-M-Australian_Open-QF-Stefanos_Tsitsipas-Jiri_Lehecka,Jiri Lehecka,SnV1st,5,4,0,0,1,3,0,0,1,0,14
20230124-M-Australian_Open-QF-Stefanos_Tsitsipas-Jiri_Lehecka,Jiri Lehecka,SnV2nd,2,1,0,0,0,1,0,0,0,0,7
20230124-M-Australian_Open-QF-Stefanos_Tsitsipas-Jiri_Lehecka,Jiri Lehecka,nonSnV,86,59,7,0,12,12,2,0,3,1,383
20230124-M-Australian_Open-QF-Stefanos_Tsitsipas-Jiri_Lehecka,Jiri Lehecka,nonSnV1st,57,45,7,0,12,9,2,0,3,0,239
20230124-M-Australian_Open-QF-Stefanos_Tsitsipas-Jiri_Lehecka,Jiri Lehecka,nonSnV2nd,29,14,0,0,0,3,0,0,0,1,144
20230124-M-Australian_Open-QF-Karen_Khachanov-Sebastian_Korda,Sebastian Korda,SnV,5,3,0,0,1,1,1,1,0,0,11
20230124-M-Australian_Open-QF-Karen_Khachanov-Sebastian_Korda,Sebastian Korda,SnV1st,5,3,0,0,1,1,1,1,0,0,11
20230124-M-Australian_Open-QF-Karen_Khachanov-Sebastian_Korda,Sebastian Korda,nonSnV,69,40,6,1,8,2,5,3,1,0,288
20230124-M-Australian_Open-QF-Karen_Khachanov-Sebastian_Korda,Sebastian Korda,nonSnV1st,44,27,6,1,8,2,2,3,1,0,173
20230124-M-Australian_Open-QF-Karen_Khachanov-Sebastian_Korda,Sebastian Korda,nonSnV2nd,25,13,0,0,0,0,3,0,0,0,115
20230122-M-Australian_Open-R16-Jannik_Sinner-Stefanos_Tsitsipas,Jannik Sinner,SnV,1,0,0,0,0,0,0,1,0,0,2
20230122-M-Australian_Open-R16-Jannik_Sinner-Stefanos_Tsitsipas,Jannik Sinner,SnV1st,1,0,0,0,0,0,0,1,0,0,2
20230122-M-Australian_Open-R16-Jannik_Sinner-Stefanos_Tsitsipas,Jannik Sinner,nonSnV,132,89,11,0,22,6,1,2,4,1,669
20230122-M-Australian_Open-R16-Jannik_Sinner-Stefanos_Tsitsipas,Jannik Sinner,nonSnV1st,91,66,11,0,22,5,0,1,3,1,440
20230122-M-Australian_Open-R16-Jannik_Sinner-Stefanos_Tsitsipas,Jannik Sinner,nonSnV2nd,41,23,0,0,0,1,1,1,1,0,229
20230122-M-Australian_Open-R16-Jannik_Sinner-Stefanos_Tsitsipas,Stefanos Tsitsipas,SnV,7,5,0,0,2,0,0,1,0,0,11
20230122-M-Australian_Open-R16-Jannik_Sinner-Stefanos_Tsitsipas,Stefanos Tsitsipas,SnV1st,3,2,0,0,2,0,0,0,0,0,4
20230122-M-Australian_Open-R16-Jannik_Sinner-Stefanos_Tsitsipas,Stefanos Tsitsipas,SnV2nd,4,3,0,0,0,0,0,1,0,0,7
20230122-M-Australian_Open-R16-Jannik_Sinner-Stefanos_Tsitsipas,Stefanos Tsitsipas,nonSnV,159,102,13,0,24,5,7,0,3,3,596
20230122-M-Australian_Open-R16-Jannik_Sinner-Stefanos_Tsitsipas,Stefanos Tsitsipas,nonSnV1st,117,78,12,0,22,5,5,0,3,1,436
20230122-M-Australian_Open-R16-Jannik_Sinner-Stefanos_Tsitsipas,Stefanos Tsitsipas,nonSnV2nd,42,24,1,0,2,0,2,0,0,2,160
20230122-M-Australian_Open-R16-Hubert_Hurkacz-Sebastian_Korda,Sebastian Korda,SnV,3,2,0,0,1,1,0,1,0,0,6
20230122-M-Australian_Open-R16-Hubert_Hurkacz-Sebastian_Korda,Sebastian Korda,SnV1st,3,2,0,0,1,1,0,1,0,0,6
20230122-M-Australian_Open-R16-Hubert_Hurkacz-Sebastian_Korda,Sebastian Korda,nonSnV,141,96,9,0,18,12,6,0,3,0,612
20230122-M-Australian_Open-R16-Hubert_Hurkacz-Sebastian_Korda,Sebastian Korda,nonSnV1st,84,63,8,0,15,7,5,0,2,0,383
20230122-M-Australian_Open-R16-Hubert_Hurkacz-Sebastian_Korda,Sebastian Korda,nonSnV2nd,57,33,1,0,3,5,1,0,1,0,229
20230121-M-Australian_Open-R32-Roberto_Bautista_Agut-Andy_Murray,Andy Murray,SnV,2,1,0,0,1,0,0,0,1,0,5
20230121-M-Australian_Open-R32-Roberto_Bautista_Agut-Andy_Murray,Andy Murray,SnV1st,2,1,0,0,1,0,0,0,1,0,5
20230121-M-Australian_Open-R32-Roberto_Bautista_Agut-Andy_Murray,Andy Murray,nonSnV,130,76,7,1,10,18,5,1,7,4,874
20230121-M-Australian_Open-R32-Roberto_Bautista_Agut-Andy_Murray,Andy Murray,nonSnV1st,80,49,7,1,10,11,5,1,4,3,451
20230121-M-Australian_Open-R32-Roberto_Bautista_Agut-Andy_Murray,Andy Murray,nonSnV2nd,50,27,0,0,0,7,0,0,3,1,423
20230121-M-Australian_Open-R32-Grigor_Dimitrov-Novak_Djokovic,Novak Djokovic,SnV,6,4,0,0,1,1,2,0,0,1,24
20230121-M-Australian_Open-R32-Grigor_Dimitrov-Novak_Djokovic,Novak Djokovic,SnV1st,6,4,0,0,1,1,2,0,0,1,24
20230121-M-Australian_Open-R32-Grigor_Dimitrov-Novak_Djokovic,Novak Djokovic,nonSnV,104,69,11,0,16,0,3,0,0,0,553
20230121-M-Australian_Open-R32-Grigor_Dimitrov-Novak_Djokovic,Novak Djokovic,nonSnV1st,75,56,10,0,15,0,3,0,0,0,382
20230121-M-Australian_Open-R32-Grigor_Dimitrov-Novak_Djokovic,Novak Djokovic,nonSnV2nd,29,13,1,0,1,0,0,0,0,0,171
20230120-M-Australian_Open-R32-Tallon_Griekspoor-Stefanos_Tsitsipas,Tallon Griekspoor,SnV,9,4,0,0,0,1,3,2,2,0,32
20230120-M-Australian_Open-R32-Tallon_Griekspoor-Stefanos_Tsitsipas,Tallon Griekspoor,SnV1st,6,2,0,0,0,0,2,2,2,0,24
20230120-M-Australian_Open-R32-Tallon_Griekspoor-Stefanos_Tsitsipas,Tallon Griekspoor,SnV2nd,3,2,0,0,0,1,1,0,0,0,8
20230120-M-Australian_Open-R32-Tallon_Griekspoor-Stefanos_Tsitsipas,Tallon Griekspoor,nonSnV,86,55,6,1,14,9,6,1,0,2,311
20230120-M-Australian_Open-R32-Tallon_Griekspoor-Stefanos_Tsitsipas,Tallon Griekspoor,nonSnV1st,56,39,6,1,13,7,4,1,0,2,193
20230120-M-Australian_Open-R32-Tallon_Griekspoor-Stefanos_Tsitsipas,Tallon Griekspoor,nonSnV2nd,30,16,0,0,1,2,2,0,0,0,118
20230120-M-Australian_Open-R32-Tallon_Griekspoor-Stefanos_Tsitsipas,Stefanos Tsitsipas,SnV,1,1,0,0,0,1,0,0,0,0,3
20230120-M-Australian_Open-R32-Tallon_Griekspoor-Stefanos_Tsitsipas,Stefanos Tsitsipas,SnV1st,1,1,0,0,0,1,0,0,0,0,3
20230120-M-Australian_Open-R32-Tallon_Griekspoor-Stefanos_Tsitsipas,Stefanos Tsitsipas,nonSnV,78,63,7,0,16,8,8,0,4,1,273
20230120-M-Australian_Open-R32-Tallon_Griekspoor-Stefanos_Tsitsipas,Stefanos Tsitsipas,nonSnV1st,53,43,7,0,16,8,3,0,3,0,177
20230120-M-Australian_Open-R32-Tallon_Griekspoor-Stefanos_Tsitsipas,Stefanos Tsitsipas,nonSnV2nd,25,20,0,0,0,0,5,0,1,1,96
20230120-M-Australian_Open-R32-Jannik_Sinner-Marton_Fucsovics,Jannik Sinner,SnV,1,1,0,0,1,0,0,0,0,0,1
20230120-M-Australian_Open-R32-Jannik_Sinner-Marton_Fucsovics,Jannik Sinner,SnV1st,1,1,0,0,1,0,0,0,0,0,1
20230120-M-Australian_Open-R32-Jannik_Sinner-Marton_Fucsovics,Jannik Sinner,nonSnV,129,81,6,0,20,7,10,2,2,2,785
20230120-M-Australian_Open-R32-Jannik_Sinner-Marton_Fucsovics,Jannik Sinner,nonSnV1st,80,56,6,0,20,5,5,2,0,1,406
20230120-M-Australian_Open-R32-Jannik_Sinner-Marton_Fucsovics,Jannik Sinner,nonSnV2nd,49,25,0,0,0,2,5,0,2,1,379
20230120-M-Australian_Open-R32-Hubert_Hurkacz-Denis_Shapovalov,Denis Shapovalov,SnV,10,7,0,0,3,2,2,2,1,0,27
20230120-M-Australian_Open-R32-Hubert_Hurkacz-Denis_Shapovalov,Denis Shapovalov,SnV1st,10,7,0,0,3,2,2,2,1,0,27
20230120-M-Australian_Open-R32-Hubert_Hurkacz-Denis_Shapovalov,Denis Shapovalov,nonSnV,139,91,21,0,11,12,8,5,7,1,527
20230120-M-Australian_Open-R32-Hubert_Hurkacz-Denis_Shapovalov,Denis Shapovalov,nonSnV1st,81,57,17,0,11,7,6,3,5,1,283
20230120-M-Australian_Open-R32-Hubert_Hurkacz-Denis_Shapovalov,Denis Shapovalov,nonSnV2nd,58,34,4,0,0,5,2,2,2,0,244
20230120-M-Australian_Open-R32-Felix_Auger_Aliassime-Francisco_Cerundolo,Felix Auger Aliassime,SnV,2,1,0,0,0,1,0,0,0,0,7
20230120-M-Australian_Open-R32-Felix_Auger_Aliassime-Francisco_Cerundolo,Felix Auger Aliassime,SnV1st,2,1,0,0,0,1,0,0,0,0,7
20230120-M-Australian_Open-R32-Felix_Auger_Aliassime-Francisco_Cerundolo,Felix Auger Aliassime,nonSnV,86,65,9,4,15,1,4,0,1,0,335
20230120-M-Australian_Open-R32-Felix_Auger_Aliassime-Francisco_Cerundolo,Felix Auger Aliassime,nonSnV1st,57,49,9,4,14,1,4,0,0,0,175
20230120-M-Australian_Open-R32-Felix_Auger_Aliassime-Francisco_Cerundolo,Felix Auger Aliassime,nonSnV2nd,29,16,0,0,1,0,0,0,1,0,160
20230120-M-Australian_Open-R32-Cameron_Norrie-Jiri_Lehecka,Jiri Lehecka,SnV,10,8,1,0,5,2,0,1,1,0,20
20230120-M-Australian_Open-R32-Cameron_Norrie-Jiri_Lehecka,Jiri Lehecka,SnV1st,10,8,1,0,5,2,0,1,1,0,20
20230120-M-Australian_Open-R32-Cameron_Norrie-Jiri_Lehecka,Jiri Lehecka,nonSnV,125,88,7,1,26,16,6,1,4,3,588
20230120-M-Australian_Open-R32-Cameron_Norrie-Jiri_Lehecka,Jiri Lehecka,nonSnV1st,74,55,7,1,26,9,3,1,2,2,301
20230120-M-Australian_Open-R32-Cameron_Norrie-Jiri_Lehecka,Jiri Lehecka,nonSnV2nd,51,33,0,0,0,7,3,0,2,1,287
20230119-M-Australian_Open-R64-Taylor_Fritz-Alexei_Popyrin,Taylor Fritz,SnV,3,3,0,0,0,3,0,0,0,0,11
20230119-M-Australian_Open-R64-Taylor_Fritz-Alexei_Popyrin,Taylor Fritz,SnV1st,3,3,0,0,0,3,0,0,0,0,11
20230119-M-Australian_Open-R64-Taylor_Fritz-Alexei_Popyrin,Taylor Fritz,nonSnV,170,116,21,5,17,7,5,1,4,2,758
20230119-M-Australian_Open-R64-Taylor_Fritz-Alexei_Popyrin,Taylor Fritz,nonSnV1st,116,85,20,5,17,6,4,1,3,2,515
20230119-M-Australian_Open-R64-Taylor_Fritz-Alexei_Popyrin,Taylor Fritz,nonSnV2nd,54,31,1,0,0,1,1,0,1,0,243
20230119-M-Australian_Open-R64-Taylor_Fritz-Alexei_Popyrin,Alexei Popyrin,SnV,4,4,0,0,0,4,0,0,0,0,18
20230119-M-Australian_Open-R64-Taylor_Fritz-Alexei_Popyrin,Alexei Popyrin,SnV1st,4,4,0,0,0,4,0,0,0,0,18
20230119-M-Australian_Open-R64-Taylor_Fritz-Alexei_Popyrin,Alexei Popyrin,nonSnV,151,119,19,9,27,14,4,1,2,1,573
20230119-M-Australian_Open-R64-Taylor_Fritz-Alexei_Popyrin,Alexei Popyrin,nonSnV1st,102,88,17,8,24,12,4,1,1,0,312
20230119-M-Australian_Open-R64-Taylor_Fritz-Alexei_Popyrin,Alexei Popyrin,nonSnV2nd,49,31,2,1,3,2,0,0,1,1,261
20230119-M-Australian_Open-R64-Novak_Djokovic-Enzo_Couacaud,Novak Djokovic,SnV,3,3,0,0,1,1,1,0,0,0,7
20230119-M-Australian_Open-R64-Novak_Djokovic-Enzo_Couacaud,Novak Djokovic,SnV1st,3,3,0,0,1,1,1,0,0,0,7
20230119-M-Australian_Open-R64-Novak_Djokovic-Enzo_Couacaud,Novak Djokovic,nonSnV,97,75,10,0,17,9,5,0,2,1,397
20230119-M-Australian_Open-R64-Novak_Djokovic-Enzo_Couacaud,Novak Djokovic,nonSnV1st,61,51,9,0,16,7,3,0,1,0,201
20230119-M-Australian_Open-R64-Novak_Djokovic-Enzo_Couacaud,Novak Djokovic,nonSnV2nd,36,24,1,0,1,2,2,0,1,1,196
20230119-M-Australian_Open-R64-Novak_Djokovic-Enzo_Couacaud,Enzo Couacaud,SnV,4,3,0,0,1,2,0,0,1,0,11
20230119-M-Australian_Open-R64-Novak_Djokovic-Enzo_Couacaud,Enzo Couacaud,SnV1st,4,3,0,0,1,2,0,0,1,0,11
20230119-M-Australian_Open-R64-Novak_Djokovic-Enzo_Couacaud,Enzo Couacaud,nonSnV,134,70,6,0,13,7,3,1,6,1,742
20230119-M-Australian_Open-R64-Novak_Djokovic-Enzo_Couacaud,Enzo Couacaud,nonSnV1st,88,50,6,0,13,7,2,1,6,1,448
20230119-M-Australian_Open-R64-Novak_Djokovic-Enzo_Couacaud,Enzo Couacaud,nonSnV2nd,46,20,0,0,0,0,1,0,0,0,294
20230119-M-Australian_Open-R64-Emil_Ruusuvuori-Andrey_Rublev,Andrey Rublev,SnV,1,1,0,0,0,1,0,0,0,0,3
20230119-M-Australian_Open-R64-Emil_Ruusuvuori-Andrey_Rublev,Andrey Rublev,SnV1st,1,1,0,0,0,1,0,0,0,0,3
20230119-M-Australian_Open-R64-Emil_Ruusuvuori-Andrey_Rublev,Andrey Rublev,nonSnV,134,92,17,9,17,6,3,2,3,0,528
20230119-M-Australian_Open-R64-Emil_Ruusuvuori-Andrey_Rublev,Andrey Rublev,nonSnV1st,94,71,17,9,15,6,3,1,1,0,313
20230119-M-Australian_Open-R64-Emil_Ruusuvuori-Andrey_Rublev,Andrey Rublev,nonSnV2nd,40,21,0,0,2,0,0,1,2,0,215
20230119-M-Australian_Open-R64-Andy_Murray-Thanasi_Kokkinakis,Andy Murray,SnV,2,2,0,0,1,0,1,0,0,0,4
20230119-M-Australian_Open-R64-Andy_Murray-Thanasi_Kokkinakis,Andy Murray,SnV1st,2,2,0,0,1,0,1,0,0,0,4
20230119-M-Australian_Open-R64-Andy_Murray-Thanasi_Kokkinakis,Andy Murray,nonSnV,178,117,10,2,21,16,16,2,6,3,877
20230119-M-Australian_Open-R64-Andy_Murray-Thanasi_Kokkinakis,Andy Murray,nonSnV1st,117,83,9,2,21,12,10,1,3,2,499
20230119-M-Australian_Open-R64-Andy_Murray-Thanasi_Kokkinakis,Andy Murray,nonSnV2nd,61,34,1,0,0,4,6,1,3,1,378
20230119-M-Australian_Open-R64-Adrian_Mannarino-Alex_De_Minaur,Adrian Mannarino,SnV,1,1,0,0,0,1,0,0,0,0,3
20230119-M-Australian_Open-R64-Adrian_Mannarino-Alex_De_Minaur,Adrian Mannarino,SnV1st,1,1,0,0,0,1,0,0,0,0,3
20230119-M-Australian_Open-R64-Adrian_Mannarino-Alex_De_Minaur,Adrian Mannarino,nonSnV,119,69,2,1,19,6,1,4,3,3,843
20230119-M-Australian_Open-R64-Adrian_Mannarino-Alex_De_Minaur,Adrian Mannarino,nonSnV1st,83,50,2,1,19,6,1,4,3,3,480
20230119-M-Australian_Open-R64-Adrian_Mannarino-Alex_De_Minaur,Adrian Mannarino,nonSnV2nd,36,19,0,0,0,0,0,0,0,0,363
20230118-M-Australian_Open-R64-Stefanos_Tsitsipas-Rinky_Hijikata,Stefanos Tsitsipas,SnV,1,1,0,0,0,0,0,0,0,0,3
20230118-M-Australian_Open-R64-Stefanos_Tsitsipas-Rinky_Hijikata,Stefanos Tsitsipas,SnV1st,1,1,0,0,0,0,0,0,0,0,3
20230118-M-Australian_Open-R64-Stefanos_Tsitsipas-Rinky_Hijikata,Stefanos Tsitsipas,nonSnV,69,52,7,0,12,4,2,1,1,1,260
20230118-M-Australian_Open-R64-Stefanos_Tsitsipas-Rinky_Hijikata,Stefanos Tsitsipas,nonSnV1st,46,36,7,0,11,3,2,1,1,1,160
20230118-M-Australian_Open-R64-Stefanos_Tsitsipas-Rinky_Hijikata,Stefanos Tsitsipas,nonSnV2nd,23,16,0,0,1,1,0,0,0,0,100
20230118-M-Australian_Open-R64-Stefanos_Tsitsipas-Rinky_Hijikata,Rinky Hijikata,SnV,6,3,0,0,1,2,0,0,1,0,27
20230118-M-Australian_Open-R64-Stefanos_Tsitsipas-Rinky_Hijikata,Rinky Hijikata,SnV1st,4,2,0,0,1,1,0,0,0,0,18
20230118-M-Australian_Open-R64-Stefanos_Tsitsipas-Rinky_Hijikata,Rinky Hijikata,SnV2nd,2,1,0,0,0,1,0,0,1,0,9
20230118-M-Australian_Open-R64-Stefanos_Tsitsipas-Rinky_Hijikata,Rinky Hijikata,nonSnV,50,24,3,0,6,1,1,0,0,0,246
20230118-M-Australian_Open-R64-Stefanos_Tsitsipas-Rinky_Hijikata,Rinky Hijikata,nonSnV1st,30,15,2,0,6,0,1,0,0,0,153
20230118-M-Australian_Open-R64-Stefanos_Tsitsipas-Rinky_Hijikata,Rinky Hijikata,nonSnV2nd,20,9,1,0,0,1,0,0,0,0,93
20230118-M-Australian_Open-R64-Rafael_Nadal-Mackenzie_Mcdonald,Rafael Nadal,SnV,9,4,0,0,2,2,0,3,2,0,28
20230118-M-Australian_Open-R64-Rafael_Nadal-Mackenzie_Mcdonald,Rafael Nadal,SnV1st,8,3,0,0,2,1,0,3,2,0,23
20230118-M-Australian_Open-R64-Rafael_Nadal-Mackenzie_Mcdonald,Rafael Nadal,SnV2nd,1,1,0,0,0,1,0,0,0,0,5
20230118-M-Australian_Open-R64-Rafael_Nadal-Mackenzie_Mcdonald,Rafael Nadal,nonSnV,91,54,6,4,7,6,3,2,1,2,456
20230118-M-Australian_Open-R64-Rafael_Nadal-Mackenzie_Mcdonald,Rafael Nadal,nonSnV1st,57,37,5,4,7,5,3,1,1,2,283
20230118-M-Australian_Open-R64-Rafael_Nadal-Mackenzie_Mcdonald,Rafael Nadal,nonSnV2nd,34,17,1,0,0,1,0,1,0,0,173
20230118-M-Australian_Open-R64-Lorenzo_Sonego-Hubert_Hurkacz,Lorenzo Sonego,SnV,3,2,0,0,0,2,0,0,0,1,12
20230118-M-Australian_Open-R64-Lorenzo_Sonego-Hubert_Hurkacz,Lorenzo Sonego,SnV1st,3,2,0,0,0,2,0,0,0,1,12
20230118-M-Australian_Open-R64-Lorenzo_Sonego-Hubert_Hurkacz,Lorenzo Sonego,nonSnV,146,94,5,0,21,10,4,4,2,3,630
20230118-M-Australian_Open-R64-Lorenzo_Sonego-Hubert_Hurkacz,Lorenzo Sonego,nonSnV1st,95,65,5,0,20,6,3,4,0,3,379
20230118-M-Australian_Open-R64-Lorenzo_Sonego-Hubert_Hurkacz,Lorenzo Sonego,nonSnV2nd,51,29,0,0,1,4,1,0,2,0,251
20230118-M-Australian_Open-R64-John_Millman-Daniil_Medvedev,Daniil Medvedev,SnV,5,4,0,0,0,1,1,0,1,0,32
20230118-M-Australian_Open-R64-John_Millman-Daniil_Medvedev,Daniil Medvedev,SnV1st,1,1,0,0,0,0,1,0,0,0,3
20230118-M-Australian_Open-R64-John_Millman-Daniil_Medvedev,Daniil Medvedev,SnV2nd,4,3,0,0,0,1,0,0,1,0,29
20230118-M-Australian_Open-R64-John_Millman-Daniil_Medvedev,Daniil Medvedev,nonSnV,90,56,10,0,12,4,5,0,3,2,580
20230118-M-Australian_Open-R64-John_Millman-Daniil_Medvedev,Daniil Medvedev,nonSnV1st,66,49,10,0,12,3,5,0,1,2,357
20230118-M-Australian_Open-R64-John_Millman-Daniil_Medvedev,Daniil Medvedev,nonSnV2nd,24,7,0,0,0,1,0,0,2,0,223
20230118-M-Australian_Open-R64-Jason_Kubler-Karen_Khachanov,Jason Kubler,SnV,4,3,0,0,3,0,0,0,1,0,7
20230118-M-Australian_Open-R64-Jason_Kubler-Karen_Khachanov,Jason Kubler,SnV1st,4,3,0,0,3,0,0,0,1,0,7
20230118-M-Australian_Open-R64-Jason_Kubler-Karen_Khachanov,Jason Kubler,nonSnV,117,74,13,1,12,14,9,4,8,2,546
20230118-M-Australian_Open-R64-Jason_Kubler-Karen_Khachanov,Jason Kubler,nonSnV1st,82,54,12,1,12,11,9,3,6,2,386
20230118-M-Australian_Open-R64-Jason_Kubler-Karen_Khachanov,Jason Kubler,nonSnV2nd,35,20,1,0,0,3,0,1,2,0,160
20230118-M-Australian_Open-R64-Jannik_Sinner-Tomas_Martin_Etcheverry,Jannik Sinner,SnV,3,3,0,0,0,2,1,0,0,0,9
20230118-M-Australian_Open-R64-Jannik_Sinner-Tomas_Martin_Etcheverry,Jannik Sinner,SnV1st,3,3,0,0,0,2,1,0,0,0,9
20230118-M-Australian_Open-R64-Jannik_Sinner-Tomas_Martin_Etcheverry,Jannik Sinner,nonSnV,62,50,6,1,12,9,6,0,0,0,302
20230118-M-Australian_Open-R64-Jannik_Sinner-Tomas_Martin_Etcheverry,Jannik Sinner,nonSnV1st,39,34,6,1,10,7,4,0,0,0,146
20230118-M-Australian_Open-R64-Jannik_Sinner-Tomas_Martin_Etcheverry,Jannik Sinner,nonSnV2nd,23,16,0,0,2,2,2,0,0,0,156
20230118-M-Australian_Open-R64-Jannik_Sinner-Tomas_Martin_Etcheverry,Tomas Martin Etcheverry,SnV,1,1,0,0,0,0,1,0,0,0,7
20230118-M-Australian_Open-R64-Jannik_Sinner-Tomas_Martin_Etcheverry,Tomas Martin Etcheverry,SnV1st,1,1,0,0,0,0,1,0,0,0,7
20230118-M-Australian_Open-R64-Jannik_Sinner-Tomas_Martin_Etcheverry,Tomas Martin Etcheverry,nonSnV,63,34,6,2,7,2,2,0,1,0,290
20230118-M-Australian_Open-R64-Jannik_Sinner-Tomas_Martin_Etcheverry,Tomas Martin Etcheverry,nonSnV1st,39,23,6,2,6,1,2,0,1,0,151
20230118-M-Australian_Open-R64-Jannik_Sinner-Tomas_Martin_Etcheverry,Tomas Martin Etcheverry,nonSnV2nd,24,11,0,0,1,1,0,0,0,0,139
20230118-M-Australian_Open-R64-Botic_Van_De_Zandschulp-Tallon_Griekspoor,Botic Van De Zandschulp,SnV,3,0,0,0,0,0,0,0,2,1,12
20230118-M-Australian_Open-R64-Botic_Van_De_Zandschulp-Tallon_Griekspoor,Botic Van De Zandschulp,SnV1st,3,0,0,0,0,0,0,0,2,1,12
20230118-M-Australian_Open-R64-Botic_Van_De_Zandschulp-Tallon_Griekspoor,Botic Van De Zandschulp,nonSnV,81,52,8,0,16,5,6,1,1,0,320
20230118-M-Australian_Open-R64-Botic_Van_De_Zandschulp-Tallon_Griekspoor,Botic Van De Zandschulp,nonSnV1st,52,35,5,0,16,3,4,0,1,0,197
20230118-M-Australian_Open-R64-Botic_Van_De_Zandschulp-Tallon_Griekspoor,Botic Van De Zandschulp,nonSnV2nd,29,17,3,0,0,2,2,1,0,0,123
20230118-M-Australian_Open-R64-Botic_Van_De_Zandschulp-Tallon_Griekspoor,Tallon Griekspoor,SnV,5,4,1,0,2,0,1,0,0,1,10
20230118-M-Australian_Open-R64-Botic_Van_De_Zandschulp-Tallon_Griekspoor,Tallon Griekspoor,SnV1st,5,4,1,0,2,0,1,0,0,1,10
20230118-M-Australian_Open-R64-Botic_Van_De_Zandschulp-Tallon_Griekspoor,Tallon Griekspoor,nonSnV,89,62,8,1,14,5,4,2,0,1,332
20230118-M-Australian_Open-R64-Botic_Van_De_Zandschulp-Tallon_Griekspoor,Tallon Griekspoor,nonSnV1st,64,47,8,1,14,4,3,2,0,1,217
20230118-M-Australian_Open-R64-Botic_Van_De_Zandschulp-Tallon_Griekspoor,Tallon Griekspoor,nonSnV2nd,25,15,0,0,0,1,1,0,0,0,115
20230117-M-Australian_Open-R128-Yu_Hsiou_Hsu-Alex_De_Minaur,Yu Hsiou Hsu,SnV,1,0,0,0,0,0,0,0,1,0,6
20230117-M-Australian_Open-R128-Yu_Hsiou_Hsu-Alex_De_Minaur,Yu Hsiou Hsu,SnV1st,1,0,0,0,0,0,0,0,1,0,6
20230117-M-Australian_Open-R128-Yu_Hsiou_Hsu-Alex_De_Minaur,Yu Hsiou Hsu,nonSnV,99,53,3,2,15,10,3,0,2,5,459
20230117-M-Australian_Open-R128-Yu_Hsiou_Hsu-Alex_De_Minaur,Yu Hsiou Hsu,nonSnV1st,73,43,3,2,14,10,3,0,1,4,305
20230117-M-Australian_Open-R128-Yu_Hsiou_Hsu-Alex_De_Minaur,Yu Hsiou Hsu,nonSnV2nd,26,10,0,0,1,0,0,0,1,1,154
20230117-M-Australian_Open-R128-Tommy_Paul-Jan_Lennard_Struff,Jan Lennard Struff,SnV,10,7,2,1,0,1,1,1,1,0,25
20230117-M-Australian_Open-R128-Tommy_Paul-Jan_Lennard_Struff,Jan Lennard Struff,SnV1st,10,7,2,1,0,1,1,1,1,0,25
20230117-M-Australian_Open-R128-Tommy_Paul-Jan_Lennard_Struff,Jan Lennard Struff,nonSnV,63,36,6,15,0,2,1,3,1,0,248
20230117-M-Australian_Open-R128-Tommy_Paul-Jan_Lennard_Struff,Jan Lennard Struff,nonSnV1st,32,22,6,11,0,1,0,1,1,0,96
20230117-M-Australian_Open-R128-Tommy_Paul-Jan_Lennard_Struff,Jan Lennard Struff,nonSnV2nd,31,14,0,4,0,1,1,2,0,0,152
20230117-M-Australian_Open-R128-Oleksii_Krutykh-Diego_Schwartzman,Oleksii Krutykh,SnV,3,2,0,0,1,1,0,0,0,0,8
20230117-M-Australian_Open-R128-Oleksii_Krutykh-Diego_Schwartzman,Oleksii Krutykh,SnV2nd,3,2,0,0,1,1,0,0,0,0,8
20230117-M-Australian_Open-R128-Oleksii_Krutykh-Diego_Schwartzman,Oleksii Krutykh,nonSnV,133,85,9,1,22,10,3,2,3,1,625
20230117-M-Australian_Open-R128-Oleksii_Krutykh-Diego_Schwartzman,Oleksii Krutykh,nonSnV1st,69,51,9,1,22,8,2,0,3,1,215
20230117-M-Australian_Open-R128-Oleksii_Krutykh-Diego_Schwartzman,Oleksii Krutykh,nonSnV2nd,64,34,0,0,0,2,1,2,0,0,410
20230117-M-Australian_Open-R128-Novak_Djokovic-Roberto_Carballes_Baena,Novak Djokovic,SnV,4,3,0,0,1,1,0,0,1,0,13
20230117-M-Australian_Open-R128-Novak_Djokovic-Roberto_Carballes_Baena,Novak Djokovic,SnV1st,4,3,0,0,1,1,0,0,1,0,13
20230117-M-Australian_Open-R128-Novak_Djokovic-Roberto_Carballes_Baena,Novak Djokovic,nonSnV,65,52,9,0,13,3,4,0,0,1,288
20230117-M-Australian_Open-R128-Novak_Djokovic-Roberto_Carballes_Baena,Novak Djokovic,nonSnV1st,41,36,9,0,11,1,3,0,0,0,148
20230117-M-Australian_Open-R128-Novak_Djokovic-Roberto_Carballes_Baena,Novak Djokovic,nonSnV2nd,24,16,0,0,2,2,1,0,0,1,140
20230117-M-Australian_Open-R128-Nicolas_Jarry-Miomir_Kecmanovic,Nicolas Jarry,SnV,1,1,0,0,0,1,0,0,0,0,3
20230117-M-Australian_Open-R128-Nicolas_Jarry-Miomir_Kecmanovic,Nicolas Jarry,SnV2nd,1,1,0,0,0,1,0,0,0,0,3
20230117-M-Australian_Open-R128-Nicolas_Jarry-Miomir_Kecmanovic,Nicolas Jarry,nonSnV,80,67,21,18,0,4,0,1,0,0,207
20230117-M-Australian_Open-R128-Nicolas_Jarry-Miomir_Kecmanovic,Nicolas Jarry,nonSnV1st,58,49,20,12,0,3,0,1,0,0,139
20230117-M-Australian_Open-R128-Nicolas_Jarry-Miomir_Kecmanovic,Nicolas Jarry,nonSnV2nd,22,18,1,6,0,1,0,0,0,0,68
20230117-M-Australian_Open-R128-John_Isner-Adrian_Mannarino,John Isner,SnV,1,0,0,0,0,0,0,1,0,0,2
20230117-M-Australian_Open-R128-John_Isner-Adrian_Mannarino,John Isner,SnV1st,1,0,0,0,0,0,0,1,0,0,2
20230117-M-Australian_Open-R128-John_Isner-Adrian_Mannarino,John Isner,nonSnV,125,86,22,10,22,4,6,2,3,2,334
20230117-M-Australian_Open-R128-John_Isner-Adrian_Mannarino,John Isner,nonSnV1st,89,67,22,10,16,4,2,2,1,2,219
20230117-M-Australian_Open-R128-John_Isner-Adrian_Mannarino,John Isner,nonSnV2nd,36,19,0,0,6,0,4,0,2,0,115
20230117-M-Australian_Open-R128-John_Isner-Adrian_Mannarino,Adrian Mannarino,SnV,1,0,0,0,0,0,0,1,0,0,2
20230117-M-Australian_Open-R128-John_Isner-Adrian_Mannarino,Adrian Mannarino,SnV1st,1,0,0,0,0,0,0,1,0,0,2
20230117-M-Australian_Open-R128-John_Isner-Adrian_Mannarino,Adrian Mannarino,nonSnV,114,94,14,3,23,4,9,1,0,0,404
20230117-M-Australian_Open-R128-John_Isner-Adrian_Mannarino,Adrian Mannarino,nonSnV1st,75,70,14,3,18,4,7,1,0,0,212
20230117-M-Australian_Open-R128-John_Isner-Adrian_Mannarino,Adrian Mannarino,nonSnV2nd,39,24,0,0,5,0,2,0,0,0,192
20230117-M-Australian_Open-R128-Grigor_Dimitrov-Aslan_Karatsev,Aslan Karatsev,SnV,5,4,0,0,0,3,1,0,1,0,16
20230117-M-Australian_Open-R128-Grigor_Dimitrov-Aslan_Karatsev,Aslan Karatsev,SnV1st,5,4,0,0,0,3,1,0,1,0,16
20230117-M-Australian_Open-R128-Grigor_Dimitrov-Aslan_Karatsev,Aslan Karatsev,nonSnV,98,64,10,6,26,2,3,3,2,0,262
20230117-M-Australian_Open-R128-Grigor_Dimitrov-Aslan_Karatsev,Aslan Karatsev,nonSnV1st,61,46,10,5,22,1,1,3,2,0,128
20230117-M-Australian_Open-R128-Grigor_Dimitrov-Aslan_Karatsev,Aslan Karatsev,nonSnV2nd,37,18,0,1,4,1,2,0,0,0,134
20230117-M-Australian_Open-R128-Filip_Krajinovic-Holger_Rune,Filip Krajinovic,SnV,1,1,0,0,0,0,1,0,0,0,3
20230117-M-Australian_Open-R128-Filip_Krajinovic-Holger_Rune,Filip Krajinovic,SnV1st,1,1,0,0,0,0,1,0,0,0,3
20230117-M-Australian_Open-R128-Filip_Krajinovic-Holger_Rune,Filip Krajinovic,nonSnV,90,49,4,1,16,3,0,2,2,1,373
20230117-M-Australian_Open-R128-Filip_Krajinovic-Holger_Rune,Filip Krajinovic,nonSnV1st,60,38,4,1,16,2,0,1,2,1,226
20230117-M-Australian_Open-R128-Filip_Krajinovic-Holger_Rune,Filip Krajinovic,nonSnV2nd,30,11,0,0,0,1,0,1,0,0,147
20230117-M-Australian_Open-R128-Filip_Krajinovic-Holger_Rune,Holger Rune,SnV,1,0,0,0,0,0,0,0,1,0,4
20230117-M-Australian_Open-R128-Filip_Krajinovic-Holger_Rune,Holger Rune,SnV1st,1,0,0,0,0,0,0,0,1,0,4
20230117-M-Australian_Open-R128-Filip_Krajinovic-Holger_Rune,Holger Rune,nonSnV,78,54,11,1,19,3,3,1,3,2,254
20230117-M-Australian_Open-R128-Filip_Krajinovic-Holger_Rune,Holger Rune,nonSnV1st,55,40,9,1,12,2,3,0,2,2,166
20230117-M-Australian_Open-R128-Filip_Krajinovic-Holger_Rune,Holger Rune,nonSnV2nd,23,14,2,0,7,1,0,1,1,0,88
20230117-M-Australian_Open-R128-Andy_Murray-Matteo_Berrettini,Matteo Berrettini,SnV,5,5,0,0,2,3,0,0,0,0,11
20230117-M-Australian_Open-R128-Andy_Murray-Matteo_Berrettini,Matteo Berrettini,SnV1st,4,4,0,0,2,2,0,0,0,0,8
20230117-M-Australian_Open-R128-Andy_Murray-Matteo_Berrettini,Matteo Berrettini,SnV2nd,1,1,0,0,0,1,0,0,0,0,3
20230117-M-Australian_Open-R128-Andy_Murray-Matteo_Berrettini,Matteo Berrettini,nonSnV,149,105,31,0,21,6,8,1,5,1,533
20230117-M-Australian_Open-R128-Andy_Murray-Matteo_Berrettini,Matteo Berrettini,nonSnV1st,104,86,31,0,21,3,7,1,2,1,278
20230117-M-Australian_Open-R128-Andy_Murray-Matteo_Berrettini,Matteo Berrettini,nonSnV2nd,45,19,0,0,0,3,1,0,3,0,255
20230117-M-Australian_Open-R128-Alexander_Zverev-Juan_Pablo_Varillas,Alexander Zverev,SnV,2,2,0,0,0,2,0,0,0,0,10
20230117-M-Australian_Open-R128-Alexander_Zverev-Juan_Pablo_Varillas,Alexander Zverev,SnV1st,2,2,0,0,0,2,0,0,0,0,10
20230117-M-Australian_Open-R128-Alexander_Zverev-Juan_Pablo_Varillas,Alexander Zverev,nonSnV,138,103,22,4,21,12,6,1,0,2,533
20230117-M-Australian_Open-R128-Alexander_Zverev-Juan_Pablo_Varillas,Alexander Zverev,nonSnV1st,104,86,22,4,21,11,5,0,0,1,330
20230117-M-Australian_Open-R128-Alexander_Zverev-Juan_Pablo_Varillas,Alexander Zverev,nonSnV2nd,34,17,0,0,0,1,1,1,0,1,203
20230117-M-Australian_Open-R128-Alejandro_Davidovich_Fokina-Alexander_Bublik,Alejandro Davidovich Fokina,SnV,8,8,2,0,3,2,0,0,0,0,20
20230117-M-Australian_Open-R128-Alejandro_Davidovich_Fokina-Alexander_Bublik,Alejandro Davidovich Fokina,SnV1st,8,8,2,0,3,2,0,0,0,0,20
20230117-M-Australian_Open-R128-Alejandro_Davidovich_Fokina-Alexander_Bublik,Alejandro Davidovich Fokina,nonSnV,127,87,5,2,16,4,3,4,3,1,491
20230117-M-Australian_Open-R128-Alejandro_Davidovich_Fokina-Alexander_Bublik,Alejandro Davidovich Fokina,nonSnV1st,88,61,5,2,16,3,1,3,2,0,323
20230117-M-Australian_Open-R128-Alejandro_Davidovich_Fokina-Alexander_Bublik,Alejandro Davidovich Fokina,nonSnV2nd,39,26,0,0,0,1,2,1,1,1,168
20230116-M-Australian_Open-R128-Stefanos_Tsitsipas-Quentin_Halys,Stefanos Tsitsipas,SnV,1,1,0,0,0,1,0,0,0,0,3
20230116-M-Australian_Open-R128-Stefanos_Tsitsipas-Quentin_Halys,Stefanos Tsitsipas,SnV1st,1,1,0,0,0,1,0,0,0,0,3
20230116-M-Australian_Open-R128-Stefanos_Tsitsipas-Quentin_Halys,Stefanos Tsitsipas,nonSnV,88,67,17,1,18,4,3,0,0,0,253
20230116-M-Australian_Open-R128-Stefanos_Tsitsipas-Quentin_Halys,Stefanos Tsitsipas,nonSnV1st,60,50,16,1,17,2,3,0,0,0,126
20230116-M-Australian_Open-R128-Stefanos_Tsitsipas-Quentin_Halys,Stefanos Tsitsipas,nonSnV2nd,28,17,1,0,1,2,0,0,0,0,127
20230116-M-Australian_Open-R128-Stefanos_Tsitsipas-Quentin_Halys,Quentin Halys,SnV,3,3,0,0,1,2,0,0,0,0,7
20230116-M-Australian_Open-R128-Stefanos_Tsitsipas-Quentin_Halys,Quentin Halys,SnV1st,3,3,0,0,1,2,0,0,0,0,7
20230116-M-Australian_Open-R128-Stefanos_Tsitsipas-Quentin_Halys,Quentin Halys,nonSnV,81,53,9,6,11,9,5,1,1,0,243
20230116-M-Australian_Open-R128-Stefanos_Tsitsipas-Quentin_Halys,Quentin Halys,nonSnV1st,54,43,9,6,10,7,4,1,1,0,145
20230116-M-Australian_Open-R128-Stefanos_Tsitsipas-Quentin_Halys,Quentin Halys,nonSnV2nd,27,10,0,0,1,2,1,0,0,0,98
20230116-M-Australian_Open-R128-Rafael_Nadal-Jack_Draper,Rafael Nadal,SnV,5,5,0,0,2,2,1,0,0,0,11
20230116-M-Australian_Open-R128-Rafael_Nadal-Jack_Draper,Rafael Nadal,SnV1st,4,4,0,0,2,1,1,0,0,0,8
20230116-M-Australian_Open-R128-Rafael_Nadal-Jack_Draper,Rafael Nadal,SnV2nd,1,1,0,0,0,1,0,0,0,0,3
20230116-M-Australian_Open-R128-Rafael_Nadal-Jack_Draper,Rafael Nadal,nonSnV,111,73,6,1,14,5,2,1,1,0,613
20230116-M-Australian_Open-R128-Rafael_Nadal-Jack_Draper,Rafael Nadal,nonSnV1st,74,53,6,1,14,5,1,1,0,0,367
20230116-M-Australian_Open-R128-Rafael_Nadal-Jack_Draper,Rafael Nadal,nonSnV2nd,37,20,0,0,0,0,1,0,1,0,246
20230116-M-Australian_Open-R128-Rafael_Nadal-Jack_Draper,Jack Draper,SnV,5,5,0,0,1,3,1,0,0,0,17
20230116-M-Australian_Open-R128-Rafael_Nadal-Jack_Draper,Jack Draper,SnV1st,5,5,0,0,1,3,1,0,0,0,17
20230116-M-Australian_Open-R128-Rafael_Nadal-Jack_Draper,Jack Draper,nonSnV,107,64,13,1,13,3,3,0,5,0,484
20230116-M-Australian_Open-R128-Rafael_Nadal-Jack_Draper,Jack Draper,nonSnV1st,64,39,13,1,11,1,1,0,2,0,273
20230116-M-Australian_Open-R128-Rafael_Nadal-Jack_Draper,Jack Draper,nonSnV2nd,43,25,0,0,2,2,2,0,3,0,211
20230116-M-Australian_Open-R128-Kyle_Edmund-Jannik_Sinner,Jannik Sinner,SnV,1,0,0,0,0,0,0,1,0,0,2
20230116-M-Australian_Open-R128-Kyle_Edmund-Jannik_Sinner,Jannik Sinner,SnV1st,1,0,0,0,0,0,0,1,0,0,2
20230116-M-Australian_Open-R128-Kyle_Edmund-Jannik_Sinner,Jannik Sinner,nonSnV,79,56,6,3,13,2,4,2,1,0,282
20230116-M-Australian_Open-R128-Kyle_Edmund-Jannik_Sinner,Jannik Sinner,nonSnV1st,53,44,6,3,12,2,4,2,1,0,168
20230116-M-Australian_Open-R128-Kyle_Edmund-Jannik_Sinner,Jannik Sinner,nonSnV2nd,26,12,0,0,1,0,0,0,0,0,114
20230116-M-Australian_Open-R128-John_Millman-Marc_Andrea_Huesler,Marc Andrea Huesler,SnV,31,19,1,1,7,9,1,1,3,5,89
20230116-M-Australian_Open-R128-John_Millman-Marc_Andrea_Huesler,Marc Andrea Huesler,SnV1st,24,14,1,1,5,6,1,1,2,4,68
20230116-M-Australian_Open-R128-John_Millman-Marc_Andrea_Huesler,Marc Andrea Huesler,SnV2nd,7,5,0,0,2,3,0,0,1,1,21
20230116-M-Australian_Open-R128-John_Millman-Marc_Andrea_Huesler,Marc Andrea Huesler,nonSnV,138,94,19,0,24,10,8,1,6,0,526
20230116-M-Australian_Open-R128-John_Millman-Marc_Andrea_Huesler,Marc Andrea Huesler,nonSnV1st,80,60,19,0,22,9,5,0,4,0,204
20230116-M-Australian_Open-R128-John_Millman-Marc_Andrea_Huesler,Marc Andrea Huesler,nonSnV2nd,58,34,0,0,2,1,3,1,2,0,322
20230116-M-Australian_Open-R128-Hubert_Hurkacz-Pedro_Martinez,Hubert Hurkacz,SnV,3,3,0,0,0,3,0,0,0,0,11
20230116-M-Australian_Open-R128-Hubert_Hurkacz-Pedro_Martinez,Hubert Hurkacz,SnV1st,2,2,0,0,0,2,0,0,0,0,8
20230116-M-Australian_Open-R128-Hubert_Hurkacz-Pedro_Martinez,Hubert Hurkacz,SnV2nd,1,1,0,0,0,1,0,0,0,0,3
20230116-M-Australian_Open-R128-Hubert_Hurkacz-Pedro_Martinez,Hubert Hurkacz,nonSnV,66,57,24,0,10,6,3,0,1,1,167
20230116-M-Australian_Open-R128-Hubert_Hurkacz-Pedro_Martinez,Hubert Hurkacz,nonSnV1st,49,44,23,0,10,4,2,0,1,0,104
20230116-M-Australian_Open-R128-Hubert_Hurkacz-Pedro_Martinez,Hubert Hurkacz,nonSnV2nd,17,13,1,0,0,2,1,0,0,1,63
20230116-M-Australian_Open-R128-Hubert_Hurkacz-Pedro_Martinez,Pedro Martinez,SnV,1,0,0,0,0,0,0,1,0,0,2
20230116-M-Australian_Open-R128-Hubert_Hurkacz-Pedro_Martinez,Pedro Martinez,SnV1st,1,0,0,0,0,0,0,1,0,0,2
20230116-M-Australian_Open-R128-Hubert_Hurkacz-Pedro_Martinez,Pedro Martinez,nonSnV,79,48,0,0,10,5,6,1,4,3,492
20230116-M-Australian_Open-R128-Hubert_Hurkacz-Pedro_Martinez,Pedro Martinez,nonSnV1st,61,39,0,0,10,2,6,1,4,3,391
20230116-M-Australian_Open-R128-Hubert_Hurkacz-Pedro_Martinez,Pedro Martinez,nonSnV2nd,18,9,0,0,0,3,0,0,0,0,101
20230116-M-Australian_Open-R128-Denis_Shapovalov-Dusan_Lajovic,Denis Shapovalov,SnV,3,1,0,1,0,0,0,2,0,0,5
20230116-M-Australian_Open-R128-Denis_Shapovalov-Dusan_Lajovic,Denis Shapovalov,SnV2nd,3,1,0,1,0,0,0,2,0,0,5
20230116-M-Australian_Open-R128-Denis_Shapovalov-Dusan_Lajovic,Denis Shapovalov,nonSnV,101,75,16,22,0,8,2,4,0,0,333
20230116-M-Australian_Open-R128-Denis_Shapovalov-Dusan_Lajovic,Denis Shapovalov,nonSnV1st,63,52,13,16,0,6,1,3,0,0,204
20230116-M-Australian_Open-R128-Denis_Shapovalov-Dusan_Lajovic,Denis Shapovalov,nonSnV2nd,38,23,3,6,0,2,1,1,0,0,129
20230116-M-Australian_Open-R128-Daniil_Medvedev-Marcos_Giron,Marcos Giron,SnV,9,7,0,4,0,2,0,1,0,0,23
20230116-M-Australian_Open-R128-Daniil_Medvedev-Marcos_Giron,Marcos Giron,SnV1st,9,7,0,4,0,2,0,1,0,0,23
20230116-M-Australian_Open-R128-Daniil_Medvedev-Marcos_Giron,Marcos Giron,nonSnV,60,24,1,4,0,0,0,4,2,1,462
20230116-M-Australian_Open-R128-Daniil_Medvedev-Marcos_Giron,Marcos Giron,nonSnV1st,37,14,1,3,0,0,0,4,2,1,282
20230116-M-Australian_Open-R128-Daniil_Medvedev-Marcos_Giron,Marcos Giron,nonSnV2nd,23,10,0,1,0,0,0,0,0,0,180
20230116-M-Australian_Open-R128-Brandon_Nakashima-Mackenzie_Mcdonald,Brandon Nakashima,SnV,10,7,0,0,2,5,0,1,1,0,29
20230116-M-Australian_Open-R128-Brandon_Nakashima-Mackenzie_Mcdonald,Brandon Nakashima,SnV1st,9,7,0,0,2,5,0,0,1,0,27
20230116-M-Australian_Open-R128-Brandon_Nakashima-Mackenzie_Mcdonald,Brandon Nakashima,SnV2nd,1,0,0,0,0,0,0,1,0,0,2
20230116-M-Australian_Open-R128-Brandon_Nakashima-Mackenzie_Mcdonald,Brandon Nakashima,nonSnV,158,115,19,7,27,6,6,1,3,1,611
20230116-M-Australian_Open-R128-Brandon_Nakashima-Mackenzie_Mcdonald,Brandon Nakashima,nonSnV1st,111,91,18,7,22,6,6,0,2,0,357
20230116-M-Australian_Open-R128-Brandon_Nakashima-Mackenzie_Mcdonald,Brandon Nakashima,nonSnV2nd,47,24,1,0,5,0,0,1,1,1,254
20230116-M-Australian_Open-R128-Brandon_Nakashima-Mackenzie_Mcdonald,Mackenzie Mcdonald,SnV,1,1,0,0,0,1,0,0,0,0,3
20230116-M-Australian_Open-R128-Brandon_Nakashima-Mackenzie_Mcdonald,Mackenzie Mcdonald,SnV1st,1,1,0,0,0,1,0,0,0,0,3
20230116-M-Australian_Open-R128-Brandon_Nakashima-Mackenzie_Mcdonald,Mackenzie Mcdonald,nonSnV,151,111,15,7,22,4,3,4,2,0,609
20230116-M-Australian_Open-R128-Brandon_Nakashima-Mackenzie_Mcdonald,Mackenzie Mcdonald,nonSnV1st,104,81,15,6,21,3,2,3,2,0,385
20230116-M-Australian_Open-R128-Brandon_Nakashima-Mackenzie_Mcdonald,Mackenzie Mcdonald,nonSnV2nd,47,30,0,1,1,1,1,1,0,0,224
20230109-M-Australian_Open-Q1-Dimitar_Kuzmanov-Damir_Dzumhur,Damir Dzumhur,SnV,3,3,0,0,0,1,2,0,0,0,9
20230109-M-Australian_Open-Q1-Dimitar_Kuzmanov-Damir_Dzumhur,Damir Dzumhur,SnV1st,3,3,0,0,0,1,2,0,0,0,9
20230109-M-Australian_Open-Q1-Dimitar_Kuzmanov-Damir_Dzumhur,Damir Dzumhur,nonSnV,45,32,2,0,6,2,1,1,0,2,244
20230109-M-Australian_Open-Q1-Dimitar_Kuzmanov-Damir_Dzumhur,Damir Dzumhur,nonSnV1st,29,22,2,0,5,2,1,1,0,2,118
20230109-M-Australian_Open-Q1-Dimitar_Kuzmanov-Damir_Dzumhur,Damir Dzumhur,nonSnV2nd,16,10,0,0,1,0,0,0,0,0,126
20220911-M-US_Open-F-Casper_Ruud-Carlos_Alcaraz,Casper Ruud,SnV,1,0,0,0,0,0,0,0,1,0,4
20220911-M-US_Open-F-Casper_Ruud-Carlos_Alcaraz,Casper Ruud,SnV1st,1,0,0,0,0,0,0,0,1,0,4
20220911-M-US_Open-F-Casper_Ruud-Carlos_Alcaraz,Casper Ruud,nonSnV,114,77,4,0,17,5,5,2,2,2,475
20220911-M-US_Open-F-Casper_Ruud-Carlos_Alcaraz,Casper Ruud,nonSnV1st,70,47,4,0,17,2,3,2,1,2,265
20220911-M-US_Open-F-Casper_Ruud-Carlos_Alcaraz,Casper Ruud,nonSnV2nd,44,30,0,0,0,3,2,0,1,0,210
20220911-M-US_Open-F-Casper_Ruud-Carlos_Alcaraz,Carlos Alcaraz,SnV,20,15,0,0,2,9,1,3,0,0,57
20220911-M-US_Open-F-Casper_Ruud-Carlos_Alcaraz,Carlos Alcaraz,SnV1st,15,11,0,0,2,7,0,2,0,0,45
20220911-M-US_Open-F-Casper_Ruud-Carlos_Alcaraz,Carlos Alcaraz,SnV2nd,5,4,0,0,0,2,1,1,0,0,12
20220911-M-US_Open-F-Casper_Ruud-Carlos_Alcaraz,Carlos Alcaraz,nonSnV,109,72,14,0,13,8,5,4,3,3,464
20220911-M-US_Open-F-Casper_Ruud-Carlos_Alcaraz,Carlos Alcaraz,nonSnV1st,70,52,14,0,13,5,4,4,2,0,252
20220911-M-US_Open-F-Casper_Ruud-Carlos_Alcaraz,Carlos Alcaraz,nonSnV2nd,39,20,0,0,0,3,1,0,1,3,212
20220909-M-US_Open-SF-Frances_Tiafoe-Carlos_Alcaraz,Frances Tiafoe,SnV,1,1,0,0,1,0,0,0,0,0,1
20220909-M-US_Open-SF-Frances_Tiafoe-Carlos_Alcaraz,Frances Tiafoe,SnV1st,1,1,0,0,1,0,0,0,0,0,1
20220909-M-US_Open-SF-Frances_Tiafoe-Carlos_Alcaraz,Frances Tiafoe,nonSnV,156,96,15,0,20,14,6,5,6,4,618
20220909-M-US_Open-SF-Frances_Tiafoe-Carlos_Alcaraz,Frances Tiafoe,nonSnV1st,75,53,13,0,18,10,2,4,5,3,259
20220909-M-US_Open-SF-Frances_Tiafoe-Carlos_Alcaraz,Frances Tiafoe,nonSnV2nd,81,43,2,0,2,4,4,1,1,1,359
20220909-M-US_Open-SF-Frances_Tiafoe-Carlos_Alcaraz,Carlos Alcaraz,SnV,2,2,0,0,1,1,0,0,0,0,4
20220909-M-US_Open-SF-Frances_Tiafoe-Carlos_Alcaraz,Carlos Alcaraz,SnV1st,2,2,0,0,1,1,0,0,0,0,4
20220909-M-US_Open-SF-Frances_Tiafoe-Carlos_Alcaraz,Carlos Alcaraz,nonSnV,145,103,6,1,22,14,7,3,5,2,613
20220909-M-US_Open-SF-Frances_Tiafoe-Carlos_Alcaraz,Carlos Alcaraz,nonSnV1st,103,76,5,1,22,10,7,2,4,2,412
20220909-M-US_Open-SF-Frances_Tiafoe-Carlos_Alcaraz,Carlos Alcaraz,nonSnV2nd,42,27,1,0,0,4,0,1,1,0,201
20220907-M-US_Open-QF-Jannik_Sinner-Carlos_Alcaraz,Jannik Sinner,SnV,5,4,0,0,1,3,0,1,0,0,14
20220907-M-US_Open-QF-Jannik_Sinner-Carlos_Alcaraz,Jannik Sinner,SnV1st,4,3,0,0,0,3,0,1,0,0,13
20220907-M-US_Open-QF-Jannik_Sinner-Carlos_Alcaraz,Jannik Sinner,SnV2nd,1,1,0,0,1,0,0,0,0,0,1
20220907-M-US_Open-QF-Jannik_Sinner-Carlos_Alcaraz,Jannik Sinner,nonSnV,195,114,9,0,28,9,11,2,6,0,802
20220907-M-US_Open-QF-Jannik_Sinner-Carlos_Alcaraz,Jannik Sinner,nonSnV1st,111,73,9,0,25,7,9,1,5,0,455
20220907-M-US_Open-QF-Jannik_Sinner-Carlos_Alcaraz,Jannik Sinner,nonSnV2nd,84,41,0,0,3,2,2,1,1,0,347
20220906-M-US_Open-QF-Casper_Ruud-Matteo_Berrettini,Matteo Berrettini,SnV,10,4,0,1,0,2,0,5,0,1,28
20220906-M-US_Open-QF-Casper_Ruud-Matteo_Berrettini,Matteo Berrettini,SnV1st,3,1,0,0,0,1,0,2,0,0,9
20220906-M-US_Open-QF-Casper_Ruud-Matteo_Berrettini,Matteo Berrettini,SnV2nd,7,3,0,1,0,1,0,3,0,1,19
20220906-M-US_Open-QF-Casper_Ruud-Matteo_Berrettini,Matteo Berrettini,nonSnV,85,52,13,11,0,3,2,3,4,0,382
20220906-M-US_Open-QF-Casper_Ruud-Matteo_Berrettini,Matteo Berrettini,nonSnV1st,56,37,13,10,0,3,0,3,4,0,189
20220906-M-US_Open-QF-Casper_Ruud-Matteo_Berrettini,Matteo Berrettini,nonSnV2nd,29,15,0,1,0,0,2,0,0,0,193
20220905-M-US_Open-R16-Rafael_Nadal-Frances_Tiafoe,Rafael Nadal,SnV,4,2,0,0,2,0,0,0,0,0,6
20220905-M-US_Open-R16-Rafael_Nadal-Frances_Tiafoe,Rafael Nadal,SnV1st,4,2,0,0,2,0,0,0,0,0,6
20220905-M-US_Open-R16-Rafael_Nadal-Frances_Tiafoe,Rafael Nadal,nonSnV,101,71,9,0,15,1,5,0,3,0,391
20220905-M-US_Open-R16-Rafael_Nadal-Frances_Tiafoe,Rafael Nadal,nonSnV1st,56,41,8,0,14,0,3,0,0,0,191
20220905-M-US_Open-R16-Rafael_Nadal-Frances_Tiafoe,Rafael Nadal,nonSnV2nd,45,30,1,0,1,1,2,0,3,0,200
20220905-M-US_Open-R16-Rafael_Nadal-Frances_Tiafoe,Frances Tiafoe,SnV,2,1,0,0,1,0,0,0,1,0,5
20220905-M-US_Open-R16-Rafael_Nadal-Frances_Tiafoe,Frances Tiafoe,SnV1st,1,0,0,0,0,0,0,0,1,0,4
20220905-M-US_Open-R16-Rafael_Nadal-Frances_Tiafoe,Frances Tiafoe,SnV2nd,1,1,0,0,1,0,0,0,0,0,1
20220905-M-US_Open-R16-Rafael_Nadal-Frances_Tiafoe,Frances Tiafoe,nonSnV,110,78,18,0,11,6,5,2,3,2,416
20220905-M-US_Open-R16-Rafael_Nadal-Frances_Tiafoe,Frances Tiafoe,nonSnV1st,55,42,18,0,10,4,2,1,2,1,158
20220905-M-US_Open-R16-Rafael_Nadal-Frances_Tiafoe,Frances Tiafoe,nonSnV2nd,55,36,0,0,1,2,3,1,1,1,258
20220905-M-US_Open-R16-Nick_Kyrgios-Daniil_Medvedev,Nick Kyrgios,SnV,21,14,5,3,0,5,1,2,2,0,44
20220905-M-US_Open-R16-Nick_Kyrgios-Daniil_Medvedev,Nick Kyrgios,SnV1st,18,13,5,3,0,4,1,2,1,0,35
20220905-M-US_Open-R16-Nick_Kyrgios-Daniil_Medvedev,Nick Kyrgios,SnV2nd,3,1,0,0,0,1,0,0,1,0,9
20220905-M-US_Open-R16-Nick_Kyrgios-Daniil_Medvedev,Nick Kyrgios,nonSnV,92,66,16,25,0,6,4,2,3,1,378
20220905-M-US_Open-R16-Nick_Kyrgios-Daniil_Medvedev,Nick Kyrgios,nonSnV1st,67,51,15,21,0,3,3,2,3,0,195
20220905-M-US_Open-R16-Nick_Kyrgios-Daniil_Medvedev,Nick Kyrgios,nonSnV2nd,25,15,1,4,0,3,1,0,0,1,183
20220905-M-US_Open-R16-Marin_Cilic-Carlos_Alcaraz,Marin Cilic,SnV,4,3,0,0,1,1,1,0,1,0,13
20220905-M-US_Open-R16-Marin_Cilic-Carlos_Alcaraz,Marin Cilic,SnV1st,4,3,0,0,1,1,1,0,1,0,13
20220905-M-US_Open-R16-Marin_Cilic-Carlos_Alcaraz,Marin Cilic,nonSnV,125,84,14,2,15,6,5,2,7,1,442
20220905-M-US_Open-R16-Marin_Cilic-Carlos_Alcaraz,Marin Cilic,nonSnV1st,69,51,14,2,15,6,5,1,4,0,213
20220905-M-US_Open-R16-Marin_Cilic-Carlos_Alcaraz,Marin Cilic,nonSnV2nd,56,33,0,0,0,0,0,1,3,1,229
20220905-M-US_Open-R16-Marin_Cilic-Carlos_Alcaraz,Carlos Alcaraz,SnV,2,1,0,0,0,1,0,0,0,0,7
20220905-M-US_Open-R16-Marin_Cilic-Carlos_Alcaraz,Carlos Alcaraz,SnV1st,2,1,0,0,0,1,0,0,0,0,7
20220905-M-US_Open-R16-Marin_Cilic-Carlos_Alcaraz,Carlos Alcaraz,nonSnV,137,87,3,0,32,5,3,1,4,3,529
20220905-M-US_Open-R16-Marin_Cilic-Carlos_Alcaraz,Carlos Alcaraz,nonSnV1st,100,62,3,0,32,4,3,1,2,2,366
20220905-M-US_Open-R16-Marin_Cilic-Carlos_Alcaraz,Carlos Alcaraz,nonSnV2nd,37,25,0,0,0,1,0,0,2,1,163
20220905-M-US_Open-R16-Jannik_Sinner-Ilya_Ivashka,Ilya Ivashka,SnV,4,4,0,0,2,1,1,0,0,0,8
20220905-M-US_Open-R16-Jannik_Sinner-Ilya_Ivashka,Ilya Ivashka,SnV1st,4,4,0,0,2,1,1,0,0,0,8
20220905-M-US_Open-R16-Jannik_Sinner-Ilya_Ivashka,Ilya Ivashka,nonSnV,149,79,5,0,25,6,9,2,6,3,817
20220905-M-US_Open-R16-Jannik_Sinner-Ilya_Ivashka,Ilya Ivashka,nonSnV1st,99,59,5,0,20,4,7,2,6,3,561
20220905-M-US_Open-R16-Jannik_Sinner-Ilya_Ivashka,Ilya Ivashka,nonSnV2nd,50,20,0,0,5,2,2,0,0,0,256
20220904-M-US_Open-R16-Casper_Ruud-Corentin_Moutet,Casper Ruud,SnV,1,1,0,0,0,1,0,0,0,0,5
20220904-M-US_Open-R16-Casper_Ruud-Corentin_Moutet,Casper Ruud,SnV1st,1,1,0,0,0,1,0,0,0,0,5
20220904-M-US_Open-R16-Casper_Ruud-Corentin_Moutet,Casper Ruud,nonSnV,115,81,5,4,13,10,12,2,0,0,493
20220904-M-US_Open-R16-Casper_Ruud-Corentin_Moutet,Casper Ruud,nonSnV1st,83,60,5,4,13,8,8,1,0,0,300
20220904-M-US_Open-R16-Casper_Ruud-Corentin_Moutet,Casper Ruud,nonSnV2nd,32,21,0,0,0,2,4,1,0,0,193
20220904-M-US_Open-R16-Casper_Ruud-Corentin_Moutet,Corentin Moutet,SnV,7,2,0,0,0,1,0,2,0,1,20
20220904-M-US_Open-R16-Casper_Ruud-Corentin_Moutet,Corentin Moutet,SnV1st,5,2,0,0,0,1,0,1,0,1,16
20220904-M-US_Open-R16-Casper_Ruud-Corentin_Moutet,Corentin Moutet,SnV2nd,2,0,0,0,0,0,0,1,0,0,4
20220904-M-US_Open-R16-Casper_Ruud-Corentin_Moutet,Corentin Moutet,nonSnV,109,66,4,1,10,8,7,1,9,2,538
20220904-M-US_Open-R16-Casper_Ruud-Corentin_Moutet,Corentin Moutet,nonSnV1st,71,42,3,1,10,4,6,0,5,2,300
20220904-M-US_Open-R16-Casper_Ruud-Corentin_Moutet,Corentin Moutet,nonSnV2nd,38,24,1,0,0,4,1,1,4,0,238
20220903-M-US_Open-R32-J_J_Wolf-Nick_Kyrgios,Nick Kyrgios,SnV,1,1,0,1,0,0,0,0,0,0,1
20220903-M-US_Open-R32-J_J_Wolf-Nick_Kyrgios,Nick Kyrgios,SnV1st,1,1,0,1,0,0,0,0,0,0,1
20220903-M-US_Open-R32-J_J_Wolf-Nick_Kyrgios,Nick Kyrgios,nonSnV,80,60,21,18,0,2,2,0,0,0,254
20220903-M-US_Open-R32-J_J_Wolf-Nick_Kyrgios,Nick Kyrgios,nonSnV1st,60,46,21,12,0,1,2,0,0,0,166
20220903-M-US_Open-R32-J_J_Wolf-Nick_Kyrgios,Nick Kyrgios,nonSnV2nd,20,14,0,6,0,1,0,0,0,0,88
20220903-M-US_Open-R32-Carlos_Alcaraz-Jenson_Brooksby,Carlos Alcaraz,SnV,3,3,1,0,1,1,0,0,0,0,5
20220903-M-US_Open-R32-Carlos_Alcaraz-Jenson_Brooksby,Carlos Alcaraz,SnV1st,3,3,1,0,1,1,0,0,0,0,5
20220903-M-US_Open-R32-Carlos_Alcaraz-Jenson_Brooksby,Carlos Alcaraz,nonSnV,68,46,7,1,8,10,3,0,0,1,300
20220903-M-US_Open-R32-Carlos_Alcaraz-Jenson_Brooksby,Carlos Alcaraz,nonSnV1st,48,36,7,1,8,5,2,0,0,1,196
20220903-M-US_Open-R32-Carlos_Alcaraz-Jenson_Brooksby,Carlos Alcaraz,nonSnV2nd,20,10,0,0,0,5,1,0,0,0,104
20220903-M-US_Open-R32-Brandon_Nakashima-Jannik_Sinner,Brandon Nakashima,SnV,3,2,0,0,0,0,2,0,1,0,10
20220903-M-US_Open-R32-Brandon_Nakashima-Jannik_Sinner,Brandon Nakashima,SnV1st,3,2,0,0,0,0,2,0,1,0,10
20220903-M-US_Open-R32-Brandon_Nakashima-Jannik_Sinner,Brandon Nakashima,nonSnV,112,63,3,4,9,5,12,6,4,1,609
20220903-M-US_Open-R32-Brandon_Nakashima-Jannik_Sinner,Brandon Nakashima,nonSnV1st,66,41,3,4,9,3,7,5,3,1,337
20220903-M-US_Open-R32-Brandon_Nakashima-Jannik_Sinner,Brandon Nakashima,nonSnV2nd,46,22,0,0,0,2,5,1,1,0,272
20220903-M-US_Open-R32-Brandon_Nakashima-Jannik_Sinner,Jannik Sinner,SnV,2,2,0,0,0,1,1,0,0,0,6
20220903-M-US_Open-R32-Brandon_Nakashima-Jannik_Sinner,Jannik Sinner,SnV1st,2,2,0,0,0,1,1,0,0,0,6
20220903-M-US_Open-R32-Brandon_Nakashima-Jannik_Sinner,Jannik Sinner,nonSnV,110,73,16,2,20,5,1,1,0,1,431
20220903-M-US_Open-R32-Brandon_Nakashima-Jannik_Sinner,Jannik Sinner,nonSnV1st,69,50,16,2,16,2,1,1,0,1,230
20220903-M-US_Open-R32-Brandon_Nakashima-Jannik_Sinner,Jannik Sinner,nonSnV2nd,41,23,0,0,4,3,0,0,0,0,201
20220903-M-US_Open-R32-Andrey_Rublev-Denis_Shapovalov,Denis Shapovalov,SnV,7,6,0,0,3,1,2,0,0,0,14
20220903-M-US_Open-R32-Andrey_Rublev-Denis_Shapovalov,Denis Shapovalov,SnV2nd,7,6,0,0,3,1,2,0,0,0,14
20220903-M-US_Open-R32-Andrey_Rublev-Denis_Shapovalov,Denis Shapovalov,nonSnV,161,109,23,5,23,3,3,1,3,0,537
20220903-M-US_Open-R32-Andrey_Rublev-Denis_Shapovalov,Denis Shapovalov,nonSnV1st,99,78,23,4,19,2,1,0,0,0,310
20220903-M-US_Open-R32-Andrey_Rublev-Denis_Shapovalov,Denis Shapovalov,nonSnV2nd,62,31,0,1,4,1,2,1,3,0,227
20220902-M-US_Open-R32-Andy_Murray-Matteo_Berrettini,Andy Murray,SnV,1,1,0,0,0,1,0,0,0,0,5
20220902-M-US_Open-R32-Andy_Murray-Matteo_Berrettini,Andy Murray,SnV1st,1,1,0,0,0,1,0,0,0,0,5
20220902-M-US_Open-R32-Andy_Murray-Matteo_Berrettini,Andy Murray,nonSnV,116,74,5,0,13,3,7,2,2,2,630
20220902-M-US_Open-R32-Andy_Murray-Matteo_Berrettini,Andy Murray,nonSnV1st,64,43,5,0,13,3,5,0,2,1,317
20220902-M-US_Open-R32-Andy_Murray-Matteo_Berrettini,Andy Murray,nonSnV2nd,52,31,0,0,0,0,2,2,0,1,313
20220902-M-US_Open-R32-Andy_Murray-Matteo_Berrettini,Matteo Berrettini,SnV,3,1,0,0,0,1,0,1,0,0,7
20220902-M-US_Open-R32-Andy_Murray-Matteo_Berrettini,Matteo Berrettini,SnV1st,3,1,0,0,0,1,0,1,0,0,7
20220902-M-US_Open-R32-Andy_Murray-Matteo_Berrettini,Matteo Berrettini,nonSnV,127,87,18,0,15,9,7,4,3,0,467
20220902-M-US_Open-R32-Andy_Murray-Matteo_Berrettini,Matteo Berrettini,nonSnV1st,87,66,18,0,15,7,6,2,2,0,262
20220902-M-US_Open-R32-Andy_Murray-Matteo_Berrettini,Matteo Berrettini,nonSnV2nd,40,21,0,0,0,2,1,2,1,0,205
20220901-M-US_Open-R64-Christopher_Eubanks-Jannik_Sinner,Christopher Eubanks,SnV,4,0,0,0,0,0,0,2,1,0,14
20220901-M-US_Open-R64-Christopher_Eubanks-Jannik_Sinner,Christopher Eubanks,SnV1st,4,0,0,0,0,0,0,2,1,0,14
20220901-M-US_Open-R64-Christopher_Eubanks-Jannik_Sinner,Christopher Eubanks,nonSnV,96,62,12,0,24,7,2,1,2,3,284
20220901-M-US_Open-R64-Christopher_Eubanks-Jannik_Sinner,Christopher Eubanks,nonSnV1st,70,50,12,0,19,7,2,1,2,2,186
20220901-M-US_Open-R64-Christopher_Eubanks-Jannik_Sinner,Christopher Eubanks,nonSnV2nd,26,12,0,0,5,0,0,0,0,1,98
20220831-M-US_Open-R64-Sebastian_Korda-Tommy_Paul,Sebastian Korda,SnV,1,1,0,0,1,0,0,0,0,0,1
20220831-M-US_Open-R64-Sebastian_Korda-Tommy_Paul,Sebastian Korda,SnV1st,1,1,0,0,1,0,0,0,0,0,1
20220831-M-US_Open-R64-Sebastian_Korda-Tommy_Paul,Sebastian Korda,nonSnV,127,81,11,3,11,7,9,2,1,1,525
20220831-M-US_Open-R64-Sebastian_Korda-Tommy_Paul,Sebastian Korda,nonSnV1st,88,63,10,3,10,6,8,2,1,1,357
20220831-M-US_Open-R64-Sebastian_Korda-Tommy_Paul,Sebastian Korda,nonSnV2nd,39,18,1,0,1,1,1,0,0,0,168
20220831-M-US_Open-R64-Sebastian_Korda-Tommy_Paul,Tommy Paul,SnV,5,3,0,0,0,1,2,1,0,0,13
20220831-M-US_Open-R64-Sebastian_Korda-Tommy_Paul,Tommy Paul,SnV1st,4,3,0,0,0,1,2,0,0,0,11
20220831-M-US_Open-R64-Sebastian_Korda-Tommy_Paul,Tommy Paul,SnV2nd,1,0,0,0,0,0,0,1,0,0,2
20220831-M-US_Open-R64-Sebastian_Korda-Tommy_Paul,Tommy Paul,nonSnV,145,98,3,3,27,3,8,0,1,3,678
20220831-M-US_Open-R64-Sebastian_Korda-Tommy_Paul,Tommy Paul,nonSnV1st,91,65,3,3,23,0,6,0,1,3,403
20220831-M-US_Open-R64-Sebastian_Korda-Tommy_Paul,Tommy Paul,nonSnV2nd,54,33,0,0,4,3,2,0,0,0,275
20220831-M-US_Open-R64-Pedro_Cachin-Brandon_Holt,Pedro Cachin,SnV,1,1,1,0,0,0,0,0,0,0,1
20220831-M-US_Open-R64-Pedro_Cachin-Brandon_Holt,Pedro Cachin,SnV1st,1,1,1,0,0,0,0,0,0,0,1
20220831-M-US_Open-R64-Pedro_Cachin-Brandon_Holt,Pedro Cachin,nonSnV,146,94,14,0,19,18,8,1,6,2,718
20220831-M-US_Open-R64-Pedro_Cachin-Brandon_Holt,Pedro Cachin,nonSnV1st,91,62,14,0,19,12,6,1,2,2,356
20220831-M-US_Open-R64-Pedro_Cachin-Brandon_Holt,Pedro Cachin,nonSnV2nd,55,32,0,0,0,6,2,0,4,0,362
20220831-M-US_Open-R64-Daniel_Elahi_Galan-Jordan_Thompson,Daniel Elahi Galan,SnV,3,1,0,0,0,1,0,0,0,2,17
20220831-M-US_Open-R64-Daniel_Elahi_Galan-Jordan_Thompson,Daniel Elahi Galan,SnV1st,3,1,0,0,0,1,0,0,0,2,17
20220831-M-US_Open-R64-Daniel_Elahi_Galan-Jordan_Thompson,Daniel Elahi Galan,nonSnV,168,99,7,0,29,9,4,4,8,4,809
20220831-M-US_Open-R64-Daniel_Elahi_Galan-Jordan_Thompson,Daniel Elahi Galan,nonSnV1st,100,67,7,0,29,6,3,4,5,2,451
20220831-M-US_Open-R64-Daniel_Elahi_Galan-Jordan_Thompson,Daniel Elahi Galan,nonSnV2nd,68,32,0,0,0,3,1,0,3,2,358
20220831-M-US_Open-R64-Daniel_Elahi_Galan-Jordan_Thompson,Jordan Thompson,SnV,6,5,0,0,2,3,0,0,0,1,19
20220831-M-US_Open-R64-Daniel_Elahi_Galan-Jordan_Thompson,Jordan Thompson,SnV1st,5,4,0,0,2,2,0,0,0,1,16
20220831-M-US_Open-R64-Daniel_Elahi_Galan-Jordan_Thompson,Jordan Thompson,SnV2nd,1,1,0,0,0,1,0,0,0,0,3
20220831-M-US_Open-R64-Daniel_Elahi_Galan-Jordan_Thompson,Jordan Thompson,nonSnV,124,76,13,2,18,6,4,2,3,2,670
20220831-M-US_Open-R64-Daniel_Elahi_Galan-Jordan_Thompson,Jordan Thompson,nonSnV1st,83,60,12,2,18,5,3,1,0,1,382
20220831-M-US_Open-R64-Daniel_Elahi_Galan-Jordan_Thompson,Jordan Thompson,nonSnV2nd,41,16,1,0,0,1,1,1,3,1,288
20220831-M-US_Open-R64-Casper_Ruud-Tim_Van_Rijthoven,Casper Ruud,SnV,2,2,0,0,0,2,0,0,0,0,6
20220831-M-US_Open-R64-Casper_Ruud-Tim_Van_Rijthoven,Casper Ruud,SnV1st,1,1,0,0,0,1,0,0,0,0,3
20220831-M-US_Open-R64-Casper_Ruud-Tim_Van_Rijthoven,Casper Ruud,SnV2nd,1,1,0,0,0,1,0,0,0,0,3
20220831-M-US_Open-R64-Casper_Ruud-Tim_Van_Rijthoven,Casper Ruud,nonSnV,112,86,7,0,29,5,5,0,0,0,426
20220831-M-US_Open-R64-Casper_Ruud-Tim_Van_Rijthoven,Casper Ruud,nonSnV1st,83,66,7,0,28,4,4,0,0,0,254
20220831-M-US_Open-R64-Casper_Ruud-Tim_Van_Rijthoven,Casper Ruud,nonSnV2nd,29,20,0,0,1,1,1,0,0,0,172
20220831-M-US_Open-R64-Casper_Ruud-Tim_Van_Rijthoven,Tim Van Rijthoven,SnV,19,14,0,0,6,6,1,0,0,2,50
20220831-M-US_Open-R64-Casper_Ruud-Tim_Van_Rijthoven,Tim Van Rijthoven,SnV1st,11,8,0,0,2,5,1,0,0,1,32
20220831-M-US_Open-R64-Casper_Ruud-Tim_Van_Rijthoven,Tim Van Rijthoven,SnV2nd,8,6,0,0,4,1,0,0,0,1,18
20220831-M-US_Open-R64-Casper_Ruud-Tim_Van_Rijthoven,Tim Van Rijthoven,nonSnV,91,70,20,0,8,11,3,1,1,0,292
20220831-M-US_Open-R64-Casper_Ruud-Tim_Van_Rijthoven,Tim Van Rijthoven,nonSnV1st,55,47,19,0,8,10,3,0,1,0,165
20220831-M-US_Open-R64-Casper_Ruud-Tim_Van_Rijthoven,Tim Van Rijthoven,nonSnV2nd,36,23,1,0,0,1,0,1,0,0,127
20220831-M-US_Open-R64-Botic_Van_De_Zandschulp-Corentin_Moutet,Botic Van De Zandschulp,SnV,7,5,1,0,1,2,1,0,1,0,19
20220831-M-US_Open-R64-Botic_Van_De_Zandschulp-Corentin_Moutet,Botic Van De Zandschulp,SnV1st,7,5,1,0,1,2,1,0,1,0,19
20220831-M-US_Open-R64-Botic_Van_De_Zandschulp-Corentin_Moutet,Botic Van De Zandschulp,nonSnV,89,57,17,0,9,8,8,3,1,3,279
20220831-M-US_Open-R64-Botic_Van_De_Zandschulp-Corentin_Moutet,Botic Van De Zandschulp,nonSnV1st,59,43,17,0,8,7,6,2,1,2,151
20220831-M-US_Open-R64-Botic_Van_De_Zandschulp-Corentin_Moutet,Botic Van De Zandschulp,nonSnV2nd,30,14,0,0,1,1,2,1,0,1,128
20220831-M-US_Open-R64-Botic_Van_De_Zandschulp-Corentin_Moutet,Corentin Moutet,SnV,9,6,0,0,2,2,2,0,0,2,28
20220831-M-US_Open-R64-Botic_Van_De_Zandschulp-Corentin_Moutet,Corentin Moutet,SnV1st,9,6,0,0,2,2,2,0,0,2,28
20220831-M-US_Open-R64-Botic_Van_De_Zandschulp-Corentin_Moutet,Corentin Moutet,nonSnV,101,63,2,0,6,12,4,0,6,3,511
20220831-M-US_Open-R64-Botic_Van_De_Zandschulp-Corentin_Moutet,Corentin Moutet,nonSnV1st,62,41,1,0,6,12,3,0,4,1,311
20220831-M-US_Open-R64-Botic_Van_De_Zandschulp-Corentin_Moutet,Corentin Moutet,nonSnV2nd,39,22,1,0,0,0,1,0,2,2,200
20220830-M-US_Open-R64-Gijs_Brouwer-Lorenzo_Musetti,Gijs Brouwer,SnV,15,11,1,0,7,1,2,1,1,0,27
20220830-M-US_Open-R64-Gijs_Brouwer-Lorenzo_Musetti,Gijs Brouwer,SnV1st,14,11,1,0,7,1,2,1,1,0,25
20220830-M-US_Open-R64-Gijs_Brouwer-Lorenzo_Musetti,Gijs Brouwer,SnV2nd,1,0,0,0,0,0,0,0,0,0,2
20220830-M-US_Open-R64-Gijs_Brouwer-Lorenzo_Musetti,Gijs Brouwer,nonSnV,89,56,5,1,14,8,8,1,1,1,340
20220830-M-US_Open-R64-Gijs_Brouwer-Lorenzo_Musetti,Gijs Brouwer,nonSnV1st,58,46,5,1,14,8,8,1,1,0,210
20220830-M-US_Open-R64-Gijs_Brouwer-Lorenzo_Musetti,Gijs Brouwer,nonSnV2nd,31,10,0,0,0,0,0,0,0,1,130
20220830-M-US_Open-R64-Gijs_Brouwer-Lorenzo_Musetti,Lorenzo Musetti,SnV,2,2,0,0,1,0,1,0,0,0,4
20220830-M-US_Open-R64-Gijs_Brouwer-Lorenzo_Musetti,Lorenzo Musetti,SnV1st,2,2,0,0,1,0,1,0,0,0,4
20220830-M-US_Open-R64-Gijs_Brouwer-Lorenzo_Musetti,Lorenzo Musetti,nonSnV,117,84,4,0,17,7,4,0,2,1,432
20220830-M-US_Open-R64-Gijs_Brouwer-Lorenzo_Musetti,Lorenzo Musetti,nonSnV1st,72,50,4,0,17,3,3,0,2,1,244
20220830-M-US_Open-R64-Gijs_Brouwer-Lorenzo_Musetti,Lorenzo Musetti,nonSnV2nd,45,34,0,0,0,4,1,0,0,0,188
20220830-M-US_Open-R128-Sam_Querrey-Ilya_Ivashka,Sam Querrey,SnV,4,2,0,0,0,1,1,0,1,0,14
20220830-M-US_Open-R128-Sam_Querrey-Ilya_Ivashka,Sam Querrey,SnV1st,2,1,0,0,0,0,1,0,0,0,7
20220830-M-US_Open-R128-Sam_Querrey-Ilya_Ivashka,Sam Querrey,SnV2nd,2,1,0,0,0,1,0,0,1,0,7
20220830-M-US_Open-R128-Sam_Querrey-Ilya_Ivashka,Sam Querrey,nonSnV,123,83,19,2,26,9,8,4,2,0,337
20220830-M-US_Open-R128-Sam_Querrey-Ilya_Ivashka,Sam Querrey,nonSnV1st,86,67,19,2,25,7,6,3,0,0,207
20220830-M-US_Open-R128-Sam_Querrey-Ilya_Ivashka,Sam Querrey,nonSnV2nd,37,16,0,0,1,2,2,1,2,0,130
20220830-M-US_Open-R128-Oscar_Otte-Hubert_Hurkacz,Oscar Otte,SnV,4,3,1,0,2,0,0,0,0,0,5
20220830-M-US_Open-R128-Oscar_Otte-Hubert_Hurkacz,Oscar Otte,SnV1st,4,3,1,0,2,0,0,0,0,0,5
20220830-M-US_Open-R128-Oscar_Otte-Hubert_Hurkacz,Oscar Otte,nonSnV,84,54,11,0,6,7,4,7,4,3,302
20220830-M-US_Open-R128-Oscar_Otte-Hubert_Hurkacz,Oscar Otte,nonSnV1st,41,29,10,0,6,4,3,2,1,3,115
20220830-M-US_Open-R128-Oscar_Otte-Hubert_Hurkacz,Oscar Otte,nonSnV2nd,43,25,1,0,0,3,1,5,3,0,187
20220830-M-US_Open-R128-Lorenzo_Musetti-David_Goffin,Lorenzo Musetti,SnV,6,4,0,0,1,1,2,1,1,0,18
20220830-M-US_Open-R128-Lorenzo_Musetti-David_Goffin,Lorenzo Musetti,SnV1st,5,3,0,0,1,1,1,1,1,0,15
20220830-M-US_Open-R128-Lorenzo_Musetti-David_Goffin,Lorenzo Musetti,SnV2nd,1,1,0,0,0,0,1,0,0,0,3
20220830-M-US_Open-R128-Lorenzo_Musetti-David_Goffin,Lorenzo Musetti,nonSnV,164,98,8,4,21,2,8,2,6,3,764
20220830-M-US_Open-R128-Lorenzo_Musetti-David_Goffin,Lorenzo Musetti,nonSnV1st,103,67,7,4,21,1,7,2,4,1,439
20220830-M-US_Open-R128-Lorenzo_Musetti-David_Goffin,Lorenzo Musetti,nonSnV2nd,61,31,1,0,0,1,1,0,2,2,325
20220830-M-US_Open-R128-Lorenzo_Musetti-David_Goffin,David Goffin,SnV,8,7,0,1,1,4,1,0,0,1,21
20220830-M-US_Open-R128-Lorenzo_Musetti-David_Goffin,David Goffin,SnV1st,8,7,0,1,1,4,1,0,0,1,21
20220830-M-US_Open-R128-Lorenzo_Musetti-David_Goffin,David Goffin,nonSnV,168,104,10,4,20,11,5,1,9,0,712
20220830-M-US_Open-R128-Lorenzo_Musetti-David_Goffin,David Goffin,nonSnV1st,87,64,10,4,18,8,3,1,3,0,330
20220830-M-US_Open-R128-Lorenzo_Musetti-David_Goffin,David Goffin,nonSnV2nd,81,40,0,0,2,3,2,0,6,0,382
20220830-M-US_Open-R128-John_Isner-Federico_Delbonis,John Isner,SnV,5,4,0,4,0,0,0,1,0,0,6
20220830-M-US_Open-R128-John_Isner-Federico_Delbonis,John Isner,SnV1st,3,3,0,3,0,0,0,0,0,0,3
20220830-M-US_Open-R128-John_Isner-Federico_Delbonis,John Isner,SnV2nd,2,1,0,1,0,0,0,1,0,0,3
20220830-M-US_Open-R128-John_Isner-Federico_Delbonis,John Isner,nonSnV,67,52,19,21,0,1,2,0,0,0,140
20220830-M-US_Open-R128-John_Isner-Federico_Delbonis,John Isner,nonSnV1st,48,41,17,17,0,0,2,0,0,0,91
20220830-M-US_Open-R128-John_Isner-Federico_Delbonis,John Isner,nonSnV2nd,19,11,2,4,0,1,0,0,0,0,49
20220830-M-US_Open-R128-Jannik_Sinner-Daniel_Altmaier,Jannik Sinner,SnV,8,7,0,0,4,2,1,0,0,0,31
20220830-M-US_Open-R128-Jannik_Sinner-Daniel_Altmaier,Jannik Sinner,SnV1st,8,7,0,0,4,2,1,0,0,0,31
20220830-M-US_Open-R128-Jannik_Sinner-Daniel_Altmaier,Jannik Sinner,nonSnV,108,80,16,0,10,10,4,0,3,2,518
20220830-M-US_Open-R128-Jannik_Sinner-Daniel_Altmaier,Jannik Sinner,nonSnV1st,60,45,15,0,10,5,3,0,3,2,235
20220830-M-US_Open-R128-Jannik_Sinner-Daniel_Altmaier,Jannik Sinner,nonSnV2nd,48,35,1,0,0,5,1,0,0,0,283
20220830-M-US_Open-R128-Jannik_Sinner-Daniel_Altmaier,Daniel Altmaier,SnV,4,3,0,0,2,0,0,0,0,1,13
20220830-M-US_Open-R128-Jannik_Sinner-Daniel_Altmaier,Daniel Altmaier,SnV1st,4,3,0,0,2,0,0,0,0,1,13
20220830-M-US_Open-R128-Jannik_Sinner-Daniel_Altmaier,Daniel Altmaier,nonSnV,121,67,6,0,12,8,3,2,5,1,661
20220830-M-US_Open-R128-Jannik_Sinner-Daniel_Altmaier,Daniel Altmaier,nonSnV1st,74,45,6,0,12,6,3,2,4,1,351
20220830-M-US_Open-R128-Jannik_Sinner-Daniel_Altmaier,Daniel Altmaier,nonSnV2nd,47,22,0,0,0,2,0,0,1,0,310
20220830-M-US_Open-R128-Hugo_Gaston-Alexander_Bublik,Hugo Gaston,SnV,4,4,0,2,0,2,0,0,0,0,10
20220830-M-US_Open-R128-Hugo_Gaston-Alexander_Bublik,Hugo Gaston,SnV1st,4,4,0,2,0,2,0,0,0,0,10
20220830-M-US_Open-R128-Hugo_Gaston-Alexander_Bublik,Hugo Gaston,nonSnV,75,44,2,12,0,1,0,2,2,0,270
20220830-M-US_Open-R128-Hugo_Gaston-Alexander_Bublik,Hugo Gaston,nonSnV1st,42,25,2,12,0,1,0,0,1,0,127
20220830-M-US_Open-R128-Hugo_Gaston-Alexander_Bublik,Hugo Gaston,nonSnV2nd,33,19,0,0,0,0,0,2,1,0,143
20220830-M-US_Open-R128-Hugo_Gaston-Alexander_Bublik,Alexander Bublik,SnV,7,6,2,4,0,0,0,1,0,0,8
20220830-M-US_Open-R128-Hugo_Gaston-Alexander_Bublik,Alexander Bublik,SnV1st,6,5,2,3,0,0,0,1,0,0,7
20220830-M-US_Open-R128-Hugo_Gaston-Alexander_Bublik,Alexander Bublik,SnV2nd,1,1,0,1,0,0,0,0,0,0,1
20220830-M-US_Open-R128-Hugo_Gaston-Alexander_Bublik,Alexander Bublik,nonSnV,72,51,10,15,0,4,4,2,1,1,221
20220830-M-US_Open-R128-Hugo_Gaston-Alexander_Bublik,Alexander Bublik,nonSnV1st,46,35,9,10,0,4,3,1,0,1,129
20220830-M-US_Open-R128-Hugo_Gaston-Alexander_Bublik,Alexander Bublik,nonSnV2nd,26,16,1,5,0,0,1,1,1,0,92
20220830-M-US_Open-R128-Grigor_Dimitrov-Steve_Johnson,Grigor Dimitrov,SnV,2,2,0,1,0,0,0,0,0,0,2
20220830-M-US_Open-R128-Grigor_Dimitrov-Steve_Johnson,Grigor Dimitrov,SnV2nd,2,2,0,1,0,0,0,0,0,0,2
20220830-M-US_Open-R128-Grigor_Dimitrov-Steve_Johnson,Grigor Dimitrov,nonSnV,58,51,23,8,0,1,0,1,1,0,129
20220830-M-US_Open-R128-Grigor_Dimitrov-Steve_Johnson,Grigor Dimitrov,nonSnV1st,38,36,23,8,0,0,0,0,0,0,56
20220830-M-US_Open-R128-Grigor_Dimitrov-Steve_Johnson,Grigor Dimitrov,nonSnV2nd,20,15,0,0,0,1,0,1,1,0,73
20220830-M-US_Open-R128-Grigor_Dimitrov-Steve_Johnson,Steve Johnson,SnV,2,2,0,0,0,2,0,0,0,0,6
20220830-M-US_Open-R128-Grigor_Dimitrov-Steve_Johnson,Steve Johnson,SnV1st,2,2,0,0,0,2,0,0,0,0,6
20220830-M-US_Open-R128-Grigor_Dimitrov-Steve_Johnson,Steve Johnson,nonSnV,80,46,4,15,0,1,2,1,1,0,258
20220830-M-US_Open-R128-Grigor_Dimitrov-Steve_Johnson,Steve Johnson,nonSnV1st,49,33,4,12,0,1,2,1,0,0,133
20220830-M-US_Open-R128-Grigor_Dimitrov-Steve_Johnson,Steve Johnson,nonSnV2nd,31,13,0,3,0,0,0,0,1,0,125
20220830-M-US_Open-R128-Gijs_Brouwer-Adrian_Mannarino,Gijs Brouwer,SnV,1,1,0,0,1,0,0,0,0,0,1
20220830-M-US_Open-R128-Gijs_Brouwer-Adrian_Mannarino,Gijs Brouwer,SnV1st,1,1,0,0,1,0,0,0,0,0,1
20220830-M-US_Open-R128-Gijs_Brouwer-Adrian_Mannarino,Gijs Brouwer,nonSnV,82,58,4,1,11,10,7,1,1,1,358
20220830-M-US_Open-R128-Gijs_Brouwer-Adrian_Mannarino,Gijs Brouwer,nonSnV1st,55,40,4,1,11,9,4,0,1,1,222
20220830-M-US_Open-R128-Gijs_Brouwer-Adrian_Mannarino,Gijs Brouwer,nonSnV2nd,27,18,0,0,0,1,3,1,0,0,136
20220830-M-US_Open-R128-Benoit_Paire-Cameron_Norrie,Benoit Paire,SnV,17,10,0,2,0,6,0,1,2,0,46
20220830-M-US_Open-R128-Benoit_Paire-Cameron_Norrie,Benoit Paire,SnV1st,15,9,0,2,0,5,0,1,1,0,39
20220830-M-US_Open-R128-Benoit_Paire-Cameron_Norrie,Benoit Paire,SnV2nd,2,1,0,0,0,1,0,0,1,0,7
20220830-M-US_Open-R128-Benoit_Paire-Cameron_Norrie,Benoit Paire,nonSnV,49,26,2,8,0,4,1,1,0,0,172
20220830-M-US_Open-R128-Benoit_Paire-Cameron_Norrie,Benoit Paire,nonSnV1st,20,16,2,8,0,3,0,1,0,0,50
20220830-M-US_Open-R128-Benoit_Paire-Cameron_Norrie,Benoit Paire,nonSnV2nd,29,10,0,0,0,1,1,0,0,0,122
20220829-M-US_Open-R128-Zhizhen_Zhang-Tim_Van_Rijthoven,Zhizhen Zhang,SnV,3,2,0,0,1,1,0,0,0,0,6
20220829-M-US_Open-R128-Zhizhen_Zhang-Tim_Van_Rijthoven,Zhizhen Zhang,SnV2nd,3,2,0,0,1,1,0,0,0,0,6
20220829-M-US_Open-R128-Zhizhen_Zhang-Tim_Van_Rijthoven,Zhizhen Zhang,nonSnV,150,104,22,1,29,9,6,3,4,1,488
20220829-M-US_Open-R128-Zhizhen_Zhang-Tim_Van_Rijthoven,Zhizhen Zhang,nonSnV1st,105,77,21,1,29,8,5,3,4,1,327
20220829-M-US_Open-R128-Zhizhen_Zhang-Tim_Van_Rijthoven,Zhizhen Zhang,nonSnV2nd,45,27,1,0,0,1,1,0,0,0,161
20220829-M-US_Open-R128-Zhizhen_Zhang-Tim_Van_Rijthoven,Tim Van Rijthoven,SnV,5,4,2,0,1,1,0,0,0,0,8
20220829-M-US_Open-R128-Zhizhen_Zhang-Tim_Van_Rijthoven,Tim Van Rijthoven,SnV1st,4,4,2,0,1,1,0,0,0,0,6
20220829-M-US_Open-R128-Zhizhen_Zhang-Tim_Van_Rijthoven,Tim Van Rijthoven,SnV2nd,1,0,0,0,0,0,0,0,0,0,2
20220829-M-US_Open-R128-Zhizhen_Zhang-Tim_Van_Rijthoven,Tim Van Rijthoven,nonSnV,159,114,25,0,31,13,4,1,1,2,462
20220829-M-US_Open-R128-Zhizhen_Zhang-Tim_Van_Rijthoven,Tim Van Rijthoven,nonSnV1st,98,74,24,0,26,8,1,0,1,2,276
20220829-M-US_Open-R128-Zhizhen_Zhang-Tim_Van_Rijthoven,Tim Van Rijthoven,nonSnV2nd,61,40,1,0,5,5,3,1,0,0,186
20220829-M-US_Open-R128-Tomas_Machac-Botic_Van_De_Zandschulp,Tomas Machac,SnV,5,4,1,0,0,3,0,0,0,1,18
20220829-M-US_Open-R128-Tomas_Machac-Botic_Van_De_Zandschulp,Tomas Machac,SnV1st,5,4,1,0,0,3,0,0,0,1,18
20220829-M-US_Open-R128-Tomas_Machac-Botic_Van_De_Zandschulp,Tomas Machac,nonSnV,161,103,7,0,21,5,3,1,2,2,751
20220829-M-US_Open-R128-Tomas_Machac-Botic_Van_De_Zandschulp,Tomas Machac,nonSnV1st,89,58,7,0,21,3,2,1,0,1,354
20220829-M-US_Open-R128-Tomas_Machac-Botic_Van_De_Zandschulp,Tomas Machac,nonSnV2nd,72,45,0,0,0,2,1,0,2,1,397
20220829-M-US_Open-R128-Tomas_Machac-Botic_Van_De_Zandschulp,Botic Van De Zandschulp,SnV,11,9,1,0,5,2,1,1,0,0,23
20220829-M-US_Open-R128-Tomas_Machac-Botic_Van_De_Zandschulp,Botic Van De Zandschulp,SnV1st,7,7,1,0,4,1,1,0,0,0,15
20220829-M-US_Open-R128-Tomas_Machac-Botic_Van_De_Zandschulp,Botic Van De Zandschulp,SnV2nd,4,2,0,0,1,1,0,1,0,0,8
20220829-M-US_Open-R128-Tomas_Machac-Botic_Van_De_Zandschulp,Botic Van De Zandschulp,nonSnV,130,92,16,1,21,18,6,0,3,4,488
20220829-M-US_Open-R128-Tomas_Machac-Botic_Van_De_Zandschulp,Botic Van De Zandschulp,nonSnV1st,76,62,16,1,21,9,3,0,1,2,228
20220829-M-US_Open-R128-Tomas_Machac-Botic_Van_De_Zandschulp,Botic Van De Zandschulp,nonSnV2nd,54,30,0,0,0,9,3,0,2,2,260
20220829-M-US_Open-R128-Pablo_Carreno_Busta-Dominic_Thiem,Pablo Carreno Busta,SnV,1,0,0,0,0,0,0,0,1,0,4
20220829-M-US_Open-R128-Pablo_Carreno_Busta-Dominic_Thiem,Pablo Carreno Busta,SnV1st,1,0,0,0,0,0,0,0,1,0,4
20220829-M-US_Open-R128-Pablo_Carreno_Busta-Dominic_Thiem,Pablo Carreno Busta,nonSnV,114,77,10,1,18,4,5,7,1,1,449
20220829-M-US_Open-R128-Pablo_Carreno_Busta-Dominic_Thiem,Pablo Carreno Busta,nonSnV1st,75,50,10,1,16,4,4,7,0,1,270
20220829-M-US_Open-R128-Pablo_Carreno_Busta-Dominic_Thiem,Pablo Carreno Busta,nonSnV2nd,39,27,0,0,2,0,1,0,1,0,179
20220829-M-US_Open-R128-Pablo_Carreno_Busta-Dominic_Thiem,Dominic Thiem,SnV,1,0,0,0,0,0,0,0,1,0,4
20220829-M-US_Open-R128-Pablo_Carreno_Busta-Dominic_Thiem,Dominic Thiem,SnV1st,1,0,0,0,0,0,0,0,1,0,4
20220829-M-US_Open-R128-Pablo_Carreno_Busta-Dominic_Thiem,Dominic Thiem,nonSnV,129,75,12,4,15,5,2,1,2,1,459
20220829-M-US_Open-R128-Pablo_Carreno_Busta-Dominic_Thiem,Dominic Thiem,nonSnV1st,75,44,12,2,13,4,2,1,2,1,222
20220829-M-US_Open-R128-Pablo_Carreno_Busta-Dominic_Thiem,Dominic Thiem,nonSnV2nd,54,31,0,2,2,1,0,0,0,0,237
20220829-M-US_Open-R128-Nuno_Borges-Ben_Shelton,Ben Shelton,SnV,6,4,0,0,1,1,2,0,1,1,20
20220829-M-US_Open-R128-Nuno_Borges-Ben_Shelton,Ben Shelton,SnV1st,6,4,0,0,1,1,2,0,1,1,20
20220829-M-US_Open-R128-Nuno_Borges-Ben_Shelton,Ben Shelton,nonSnV,178,120,22,2,40,11,5,2,3,6,562
20220829-M-US_Open-R128-Nuno_Borges-Ben_Shelton,Ben Shelton,nonSnV1st,109,85,22,2,36,9,4,0,2,6,289
20220829-M-US_Open-R128-Nuno_Borges-Ben_Shelton,Ben Shelton,nonSnV2nd,69,35,0,0,4,2,1,2,1,0,273
20220829-M-US_Open-R128-Nicolas_Jarry-Matteo_Berrettini,Nicolas Jarry,SnV,3,2,0,0,0,0,0,1,0,0,8
20220829-M-US_Open-R128-Nicolas_Jarry-Matteo_Berrettini,Nicolas Jarry,SnV1st,3,2,0,0,0,0,0,1,0,0,8
20220829-M-US_Open-R128-Nicolas_Jarry-Matteo_Berrettini,Nicolas Jarry,nonSnV,75,44,7,16,0,1,1,3,0,0,208
20220829-M-US_Open-R128-Nicolas_Jarry-Matteo_Berrettini,Nicolas Jarry,nonSnV1st,42,30,7,11,0,1,1,2,0,0,96
20220829-M-US_Open-R128-Nicolas_Jarry-Matteo_Berrettini,Nicolas Jarry,nonSnV2nd,33,14,0,5,0,0,0,1,0,0,112
20220829-M-US_Open-R128-John_Millman-Emilio_Nava,Emilio Nava,SnV,1,1,0,0,1,0,0,0,0,0,1
20220829-M-US_Open-R128-John_Millman-Emilio_Nava,Emilio Nava,SnV2nd,1,1,0,0,1,0,0,0,0,0,1
20220829-M-US_Open-R128-John_Millman-Emilio_Nava,Emilio Nava,nonSnV,144,100,15,2,21,11,5,5,2,2,488
20220829-M-US_Open-R128-John_Millman-Emilio_Nava,Emilio Nava,nonSnV1st,94,68,15,2,20,9,3,5,2,1,292
20220829-M-US_Open-R128-John_Millman-Emilio_Nava,Emilio Nava,nonSnV2nd,50,32,0,0,1,2,2,0,0,1,196
20220829-M-US_Open-R128-Alejandro_Davidovich_Fokina-Yoshihito_Nishioka,Alejandro Davidovich Fokina,SnV,5,4,0,1,1,1,1,0,0,0,10
20220829-M-US_Open-R128-Alejandro_Davidovich_Fokina-Yoshihito_Nishioka,Alejandro Davidovich Fokina,SnV1st,5,4,0,1,1,1,1,0,0,0,10
20220829-M-US_Open-R128-Alejandro_Davidovich_Fokina-Yoshihito_Nishioka,Alejandro Davidovich Fokina,nonSnV,74,50,8,4,11,6,2,1,0,1,266
20220829-M-US_Open-R128-Alejandro_Davidovich_Fokina-Yoshihito_Nishioka,Alejandro Davidovich Fokina,nonSnV1st,41,33,8,4,9,4,1,0,0,1,123
20220829-M-US_Open-R128-Alejandro_Davidovich_Fokina-Yoshihito_Nishioka,Alejandro Davidovich Fokina,nonSnV2nd,33,17,0,0,2,2,1,1,0,0,143
20220826-M-US_Open-Q3-Paul_Jubb-Gijs_Brouwer,Paul Jubb,SnV,6,4,0,0,1,3,0,2,0,0,14
20220826-M-US_Open-Q3-Paul_Jubb-Gijs_Brouwer,Paul Jubb,SnV1st,4,3,0,0,1,2,0,1,0,0,9
20220826-M-US_Open-Q3-Paul_Jubb-Gijs_Brouwer,Paul Jubb,SnV2nd,2,1,0,0,0,1,0,1,0,0,5
20220826-M-US_Open-Q3-Paul_Jubb-Gijs_Brouwer,Paul Jubb,nonSnV,106,63,6,0,15,8,4,2,6,0,497
20220826-M-US_Open-Q3-Paul_Jubb-Gijs_Brouwer,Paul Jubb,nonSnV1st,70,48,6,0,15,6,4,2,2,0,302
20220826-M-US_Open-Q3-Paul_Jubb-Gijs_Brouwer,Paul Jubb,nonSnV2nd,36,15,0,0,0,2,0,0,4,0,195
20220826-M-US_Open-Q3-Paul_Jubb-Gijs_Brouwer,Gijs Brouwer,SnV,4,3,0,0,1,1,1,0,0,0,11
20220826-M-US_Open-Q3-Paul_Jubb-Gijs_Brouwer,Gijs Brouwer,SnV1st,4,3,0,0,1,1,1,0,0,0,11
20220826-M-US_Open-Q3-Paul_Jubb-Gijs_Brouwer,Gijs Brouwer,nonSnV,82,49,5,0,9,9,2,5,2,1,357
20220826-M-US_Open-Q3-Paul_Jubb-Gijs_Brouwer,Gijs Brouwer,nonSnV1st,57,33,5,0,8,8,1,5,2,1,227
20220826-M-US_Open-Q3-Paul_Jubb-Gijs_Brouwer,Gijs Brouwer,nonSnV2nd,25,16,0,0,1,1,1,0,0,0,130
20220130-M-Australian_Open-F-Rafael_Nadal-Daniil_Medvedev,Rafael Nadal,SnV,12,5,2,0,0,3,0,1,3,0,31
20220130-M-Australian_Open-F-Rafael_Nadal-Daniil_Medvedev,Rafael Nadal,SnV1st,12,5,2,0,0,3,0,1,3,0,31
20220130-M-Australian_Open-F-Rafael_Nadal-Daniil_Medvedev,Rafael Nadal,nonSnV,172,107,1,0,23,15,6,0,6,0,1145
20220130-M-Australian_Open-F-Rafael_Nadal-Daniil_Medvedev,Rafael Nadal,nonSnV1st,105,73,1,0,23,10,3,0,4,0,589
20220130-M-Australian_Open-F-Rafael_Nadal-Daniil_Medvedev,Rafael Nadal,nonSnV2nd,67,34,0,0,0,5,3,0,2,0,556
20220130-M-Australian_Open-F-Rafael_Nadal-Daniil_Medvedev,Daniil Medvedev,SnV,7,4,0,0,1,3,0,0,2,1,22
20220130-M-Australian_Open-F-Rafael_Nadal-Daniil_Medvedev,Daniil Medvedev,SnV1st,7,4,0,0,1,3,0,0,2,1,22
20220130-M-Australian_Open-F-Rafael_Nadal-Daniil_Medvedev,Daniil Medvedev,nonSnV,170,108,23,0,18,9,6,3,8,3,864
20220130-M-Australian_Open-F-Rafael_Nadal-Daniil_Medvedev,Daniil Medvedev,nonSnV1st,120,85,23,0,16,6,5,2,6,2,505
20220130-M-Australian_Open-F-Rafael_Nadal-Daniil_Medvedev,Daniil Medvedev,nonSnV2nd,50,23,0,0,2,3,1,1,2,1,359
20220128-M-Australian_Open-SF-Rafael_Nadal-Matteo_Berrettini,Rafael Nadal,SnV,3,3,0,0,1,1,1,0,0,0,7
20220128-M-Australian_Open-SF-Rafael_Nadal-Matteo_Berrettini,Rafael Nadal,SnV1st,3,3,0,0,1,1,1,0,0,0,7
20220128-M-Australian_Open-SF-Rafael_Nadal-Matteo_Berrettini,Rafael Nadal,nonSnV,97,68,5,0,17,4,4,0,1,0,504
20220128-M-Australian_Open-SF-Rafael_Nadal-Matteo_Berrettini,Rafael Nadal,nonSnV1st,67,48,5,0,16,3,3,0,1,0,294
20220128-M-Australian_Open-SF-Rafael_Nadal-Matteo_Berrettini,Rafael Nadal,nonSnV2nd,30,20,0,0,1,1,1,0,0,0,210
20220126-M-Australian_Open-QF-Daniil_Medvedev-Felix_Auger_Aliassime,Daniil Medvedev,SnV,3,3,0,0,1,2,0,0,0,0,9
20220126-M-Australian_Open-QF-Daniil_Medvedev-Felix_Auger_Aliassime,Daniil Medvedev,SnV1st,3,3,0,0,1,2,0,0,0,0,9
20220126-M-Australian_Open-QF-Daniil_Medvedev-Felix_Auger_Aliassime,Daniil Medvedev,nonSnV,184,127,15,1,30,13,12,2,8,1,781
20220126-M-Australian_Open-QF-Daniil_Medvedev-Felix_Auger_Aliassime,Daniil Medvedev,nonSnV1st,123,91,14,1,30,11,11,2,7,1,457
20220126-M-Australian_Open-QF-Daniil_Medvedev-Felix_Auger_Aliassime,Daniil Medvedev,nonSnV2nd,61,36,1,0,0,2,1,0,1,0,324
20220126-M-Australian_Open-QF-Daniil_Medvedev-Felix_Auger_Aliassime,Felix Auger Aliassime,SnV,8,8,0,0,2,5,1,0,0,0,22
20220126-M-Australian_Open-QF-Daniil_Medvedev-Felix_Auger_Aliassime,Felix Auger Aliassime,SnV1st,8,8,0,0,2,5,1,0,0,0,22
20220126-M-Australian_Open-QF-Daniil_Medvedev-Felix_Auger_Aliassime,Felix Auger Aliassime,nonSnV,155,107,18,0,33,19,4,2,2,2,681
20220126-M-Australian_Open-QF-Daniil_Medvedev-Felix_Auger_Aliassime,Felix Auger Aliassime,nonSnV1st,107,82,18,0,33,17,2,0,1,2,408
20220126-M-Australian_Open-QF-Daniil_Medvedev-Felix_Auger_Aliassime,Felix Auger Aliassime,nonSnV2nd,48,25,0,0,0,2,2,2,1,0,273
20220125-M-Australian_Open-QF-Rafael_Nadal-Denis_Shapovalov,Rafael Nadal,SnV,10,8,1,0,3,3,1,0,0,0,20
20220125-M-Australian_Open-QF-Rafael_Nadal-Denis_Shapovalov,Rafael Nadal,SnV1st,10,8,1,0,3,3,1,0,0,0,20
20220125-M-Australian_Open-QF-Rafael_Nadal-Denis_Shapovalov,Rafael Nadal,nonSnV,125,92,9,2,30,8,3,0,2,0,484
20220125-M-Australian_Open-QF-Rafael_Nadal-Denis_Shapovalov,Rafael Nadal,nonSnV1st,90,71,8,2,30,5,3,0,2,0,327
20220125-M-Australian_Open-QF-Rafael_Nadal-Denis_Shapovalov,Rafael Nadal,nonSnV2nd,35,21,1,0,0,3,0,0,0,0,157
20220125-M-Australian_Open-QF-Rafael_Nadal-Denis_Shapovalov,Denis Shapovalov,SnV,8,7,0,0,3,3,1,0,0,0,17
20220125-M-Australian_Open-QF-Rafael_Nadal-Denis_Shapovalov,Denis Shapovalov,SnV1st,4,4,0,0,2,1,1,0,0,0,8
20220125-M-Australian_Open-QF-Rafael_Nadal-Denis_Shapovalov,Denis Shapovalov,SnV2nd,4,3,0,0,1,2,0,0,0,0,9
20220125-M-Australian_Open-QF-Rafael_Nadal-Denis_Shapovalov,Denis Shapovalov,nonSnV,124,82,20,0,27,12,6,4,6,3,358
20220125-M-Australian_Open-QF-Rafael_Nadal-Denis_Shapovalov,Denis Shapovalov,nonSnV1st,76,54,18,0,23,7,2,3,4,3,212
20220125-M-Australian_Open-QF-Rafael_Nadal-Denis_Shapovalov,Denis Shapovalov,nonSnV2nd,48,28,2,0,4,5,4,1,2,0,146
20220125-M-Australian_Open-QF-Gael_Monfils-Matteo_Berrettini,Gael Monfils,SnV,4,3,0,0,2,1,0,1,0,0,7
20220125-M-Australian_Open-QF-Gael_Monfils-Matteo_Berrettini,Gael Monfils,SnV1st,4,3,0,0,2,1,0,1,0,0,7
20220125-M-Australian_Open-QF-Gael_Monfils-Matteo_Berrettini,Gael Monfils,nonSnV,125,87,15,0,18,1,3,0,1,0,505
20220125-M-Australian_Open-QF-Gael_Monfils-Matteo_Berrettini,Gael Monfils,nonSnV1st,72,55,14,0,17,1,1,0,0,0,287
20220125-M-Australian_Open-QF-Gael_Monfils-Matteo_Berrettini,Gael Monfils,nonSnV2nd,53,32,1,0,1,0,2,0,1,0,218
20220125-M-Australian_Open-QF-Gael_Monfils-Matteo_Berrettini,Matteo Berrettini,SnV,8,6,0,0,3,3,0,1,1,0,20
20220125-M-Australian_Open-QF-Gael_Monfils-Matteo_Berrettini,Matteo Berrettini,SnV1st,8,6,0,0,3,3,0,1,1,0,20
20220125-M-Australian_Open-QF-Gael_Monfils-Matteo_Berrettini,Matteo Berrettini,nonSnV,160,104,12,0,33,7,4,2,3,2,670
20220125-M-Australian_Open-QF-Gael_Monfils-Matteo_Berrettini,Matteo Berrettini,nonSnV1st,95,70,12,0,31,5,3,1,1,2,310
20220125-M-Australian_Open-QF-Gael_Monfils-Matteo_Berrettini,Matteo Berrettini,nonSnV2nd,65,34,0,0,2,2,1,1,2,0,360
20220124-M-Australian_Open-R16-Maxime_Cressy-Daniil_Medvedev,Maxime Cressy,SnV,147,109,18,0,37,38,16,3,12,7,379
20220124-M-Australian_Open-R16-Maxime_Cressy-Daniil_Medvedev,Maxime Cressy,SnV1st,104,77,16,0,23,28,10,2,6,6,267
20220124-M-Australian_Open-R16-Maxime_Cressy-Daniil_Medvedev,Maxime Cressy,SnV2nd,43,32,2,0,14,10,6,1,6,1,112
20220123-M-Australian_Open-R16-Stefanos_Tsitsipas-Taylor_Fritz,Stefanos Tsitsipas,SnV,2,2,0,0,0,1,1,0,0,0,10
20220123-M-Australian_Open-R16-Stefanos_Tsitsipas-Taylor_Fritz,Stefanos Tsitsipas,SnV1st,2,2,0,0,0,1,1,0,0,0,10
20220123-M-Australian_Open-R16-Stefanos_Tsitsipas-Taylor_Fritz,Stefanos Tsitsipas,nonSnV,156,108,19,0,30,8,9,2,6,3,612
20220123-M-Australian_Open-R16-Stefanos_Tsitsipas-Taylor_Fritz,Stefanos Tsitsipas,nonSnV1st,106,83,19,0,28,6,6,2,3,3,335
20220123-M-Australian_Open-R16-Stefanos_Tsitsipas-Taylor_Fritz,Stefanos Tsitsipas,nonSnV2nd,50,25,0,0,2,2,3,0,3,0,277
20220123-M-Australian_Open-R16-Pablo_Carreno_Busta-Matteo_Berrettini,Pablo Carreno Busta,SnV,1,1,0,0,1,0,0,0,0,0,1
20220123-M-Australian_Open-R16-Pablo_Carreno_Busta-Matteo_Berrettini,Pablo Carreno Busta,SnV1st,1,1,0,0,1,0,0,0,0,0,1
20220123-M-Australian_Open-R16-Pablo_Carreno_Busta-Matteo_Berrettini,Pablo Carreno Busta,nonSnV,112,73,2,0,15,9,6,0,5,1,479
20220123-M-Australian_Open-R16-Pablo_Carreno_Busta-Matteo_Berrettini,Pablo Carreno Busta,nonSnV1st,79,55,2,0,12,8,2,0,3,1,325
20220123-M-Australian_Open-R16-Pablo_Carreno_Busta-Matteo_Berrettini,Pablo Carreno Busta,nonSnV2nd,33,18,0,0,3,1,4,0,2,0,154
20220123-M-Australian_Open-R16-Gael_Monfils-Miomir_Kecmanovic,Gael Monfils,SnV,4,2,1,0,0,1,0,1,0,1,10
20220123-M-Australian_Open-R16-Gael_Monfils-Miomir_Kecmanovic,Gael Monfils,SnV1st,4,2,1,0,0,1,0,1,0,1,10
20220123-M-Australian_Open-R16-Gael_Monfils-Miomir_Kecmanovic,Gael Monfils,nonSnV,92,67,16,3,14,3,3,0,2,0,385
20220123-M-Australian_Open-R16-Gael_Monfils-Miomir_Kecmanovic,Gael Monfils,nonSnV1st,55,46,16,3,11,3,2,0,2,0,172
20220123-M-Australian_Open-R16-Gael_Monfils-Miomir_Kecmanovic,Gael Monfils,nonSnV2nd,37,21,0,0,3,0,1,0,0,0,213
20220122-M-Australian_Open-R32-Marin_Cilic-Andrey_Rublev,Marin Cilic,SnV,3,2,1,0,0,1,0,1,0,0,6
20220122-M-Australian_Open-R32-Marin_Cilic-Andrey_Rublev,Marin Cilic,SnV1st,2,2,1,0,0,1,0,0,0,0,4
20220122-M-Australian_Open-R32-Marin_Cilic-Andrey_Rublev,Marin Cilic,SnV2nd,1,0,0,0,0,0,0,1,0,0,2
20220122-M-Australian_Open-R32-Marin_Cilic-Andrey_Rublev,Marin Cilic,nonSnV,107,79,23,0,15,8,1,1,0,0,325
20220122-M-Australian_Open-R32-Marin_Cilic-Andrey_Rublev,Marin Cilic,nonSnV1st,59,50,22,0,13,3,0,0,0,0,134
20220122-M-Australian_Open-R32-Marin_Cilic-Andrey_Rublev,Marin Cilic,nonSnV2nd,48,29,1,0,2,5,1,1,0,0,191
20220122-M-Australian_Open-R32-Botic_Van_De_Zandschulp-Daniil_Medvedev,Botic Van De Zandschulp,SnV,6,2,0,0,1,1,0,1,0,1,14
20220122-M-Australian_Open-R32-Botic_Van_De_Zandschulp-Daniil_Medvedev,Botic Van De Zandschulp,SnV1st,5,2,0,0,1,1,0,1,0,0,10
20220122-M-Australian_Open-R32-Botic_Van_De_Zandschulp-Daniil_Medvedev,Botic Van De Zandschulp,SnV2nd,1,0,0,0,0,0,0,0,0,1,4
20220122-M-Australian_Open-R32-Botic_Van_De_Zandschulp-Daniil_Medvedev,Botic Van De Zandschulp,nonSnV,80,50,3,0,12,10,4,3,4,1,388
20220122-M-Australian_Open-R32-Botic_Van_De_Zandschulp-Daniil_Medvedev,Botic Van De Zandschulp,nonSnV1st,51,31,3,0,11,5,2,3,2,1,199
20220122-M-Australian_Open-R32-Botic_Van_De_Zandschulp-Daniil_Medvedev,Botic Van De Zandschulp,nonSnV2nd,29,19,0,0,1,5,2,0,2,0,189
20220122-M-Australian_Open-R16-Rafael_Nadal-Adrian_Mannarino,Adrian Mannarino,SnV,1,1,0,0,0,1,0,0,0,0,3
20220122-M-Australian_Open-R16-Rafael_Nadal-Adrian_Mannarino,Adrian Mannarino,SnV1st,1,1,0,0,0,1,0,0,0,0,3
20220122-M-Australian_Open-R16-Rafael_Nadal-Adrian_Mannarino,Adrian Mannarino,nonSnV,99,62,7,2,13,4,1,4,3,0,372
20220122-M-Australian_Open-R16-Rafael_Nadal-Adrian_Mannarino,Adrian Mannarino,nonSnV1st,58,41,6,2,11,2,1,2,2,0,189
20220122-M-Australian_Open-R16-Rafael_Nadal-Adrian_Mannarino,Adrian Mannarino,nonSnV2nd,41,21,1,0,2,2,0,2,1,0,183
20220121-M-Australian_Open-R32-Lorenzo_Sonego-Miomir_Kecmanovic,Lorenzo Sonego,SnV,9,4,0,0,1,2,0,2,1,0,28
20220121-M-Australian_Open-R32-Lorenzo_Sonego-Miomir_Kecmanovic,Lorenzo Sonego,SnV1st,9,4,0,0,1,2,0,2,1,0,28
20220121-M-Australian_Open-R32-Lorenzo_Sonego-Miomir_Kecmanovic,Lorenzo Sonego,nonSnV,104,72,13,5,16,2,5,0,2,4,346
20220121-M-Australian_Open-R32-Lorenzo_Sonego-Miomir_Kecmanovic,Lorenzo Sonego,nonSnV1st,77,55,13,5,16,0,4,0,2,3,227
20220121-M-Australian_Open-R32-Lorenzo_Sonego-Miomir_Kecmanovic,Lorenzo Sonego,nonSnV2nd,27,17,0,0,0,2,1,0,0,1,119
20220121-M-Australian_Open-R32-Carlos_Alcaraz-Matteo_Berrettini,Carlos Alcaraz,SnV,3,3,0,0,2,0,1,0,0,0,5
20220121-M-Australian_Open-R32-Carlos_Alcaraz-Matteo_Berrettini,Carlos Alcaraz,SnV1st,3,3,0,0,2,0,1,0,0,0,5
20220121-M-Australian_Open-R32-Carlos_Alcaraz-Matteo_Berrettini,Carlos Alcaraz,nonSnV,144,104,12,0,23,9,5,1,3,0,508
20220121-M-Australian_Open-R32-Carlos_Alcaraz-Matteo_Berrettini,Carlos Alcaraz,nonSnV1st,93,68,12,0,20,7,4,1,2,0,304
20220121-M-Australian_Open-R32-Carlos_Alcaraz-Matteo_Berrettini,Carlos Alcaraz,nonSnV2nd,51,36,0,0,3,2,1,0,1,0,204
20220121-M-Australian_Open-R32-Aslan_Karatsev-Adrian_Mannarino,Adrian Mannarino,SnV,1,1,0,0,1,0,0,0,0,0,1
20220121-M-Australian_Open-R32-Aslan_Karatsev-Adrian_Mannarino,Adrian Mannarino,SnV1st,1,1,0,0,1,0,0,0,0,0,1
20220121-M-Australian_Open-R32-Aslan_Karatsev-Adrian_Mannarino,Adrian Mannarino,nonSnV,152,103,11,0,23,2,6,0,8,0,749
20220121-M-Australian_Open-R32-Aslan_Karatsev-Adrian_Mannarino,Adrian Mannarino,nonSnV1st,92,65,11,0,23,2,5,0,6,0,419
20220121-M-Australian_Open-R32-Aslan_Karatsev-Adrian_Mannarino,Adrian Mannarino,nonSnV2nd,60,38,0,0,0,0,1,0,2,0,330
20220120-M-Australian_Open-R64-Taylor_Fritz-Frances_Tiafoe,Frances Tiafoe,SnV,6,3,0,0,1,2,0,2,1,0,17
20220120-M-Australian_Open-R64-Taylor_Fritz-Frances_Tiafoe,Frances Tiafoe,SnV1st,6,3,0,0,1,2,0,2,1,0,17
20220120-M-Australian_Open-R64-Taylor_Fritz-Frances_Tiafoe,Frances Tiafoe,nonSnV,107,64,6,1,14,4,1,0,4,0,464
20220120-M-Australian_Open-R64-Taylor_Fritz-Frances_Tiafoe,Frances Tiafoe,nonSnV1st,58,38,6,1,13,2,1,0,4,0,232
20220120-M-Australian_Open-R64-Taylor_Fritz-Frances_Tiafoe,Frances Tiafoe,nonSnV2nd,49,26,0,0,1,2,0,0,0,0,232
20220120-M-Australian_Open-R128-Christopher_Oconnell-Diego_Schwartzman,Christopher Oconnell,SnV,5,2,0,0,2,0,0,1,0,0,8
20220120-M-Australian_Open-R128-Christopher_Oconnell-Diego_Schwartzman,Christopher Oconnell,SnV1st,5,2,0,0,2,0,0,1,0,0,8
20220120-M-Australian_Open-R128-Christopher_Oconnell-Diego_Schwartzman,Christopher Oconnell,nonSnV,114,74,7,0,16,9,4,0,2,3,624
20220120-M-Australian_Open-R128-Christopher_Oconnell-Diego_Schwartzman,Christopher Oconnell,nonSnV1st,67,52,7,0,16,8,3,0,0,1,332
20220120-M-Australian_Open-R128-Christopher_Oconnell-Diego_Schwartzman,Christopher Oconnell,nonSnV2nd,47,22,0,0,0,1,1,0,2,2,292
20220119-M-Australian_Open-R64-Pablo_Carreno_Busta-Tallon_Griekspoor,Pablo Carreno Busta,SnV,3,1,0,0,1,0,0,0,1,0,9
20220119-M-Australian_Open-R64-Pablo_Carreno_Busta-Tallon_Griekspoor,Pablo Carreno Busta,SnV1st,3,1,0,0,1,0,0,0,1,0,9
20220119-M-Australian_Open-R64-Pablo_Carreno_Busta-Tallon_Griekspoor,Pablo Carreno Busta,nonSnV,150,101,10,0,24,10,8,1,3,3,581
20220119-M-Australian_Open-R64-Pablo_Carreno_Busta-Tallon_Griekspoor,Pablo Carreno Busta,nonSnV1st,107,77,9,0,22,6,7,1,3,1,389
20220119-M-Australian_Open-R64-Pablo_Carreno_Busta-Tallon_Griekspoor,Pablo Carreno Busta,nonSnV2nd,43,24,1,0,2,4,1,0,0,2,192
20220119-M-Australian_Open-R64-Pablo_Carreno_Busta-Tallon_Griekspoor,Tallon Griekspoor,SnV,8,4,0,0,3,1,0,0,3,1,24
20220119-M-Australian_Open-R64-Pablo_Carreno_Busta-Tallon_Griekspoor,Tallon Griekspoor,SnV1st,7,4,0,0,3,1,0,0,3,0,20
20220119-M-Australian_Open-R64-Pablo_Carreno_Busta-Tallon_Griekspoor,Tallon Griekspoor,SnV2nd,1,0,0,0,0,0,0,0,0,1,4
20220119-M-Australian_Open-R64-Pablo_Carreno_Busta-Tallon_Griekspoor,Tallon Griekspoor,nonSnV,165,107,10,1,30,21,10,1,5,5,685
20220119-M-Australian_Open-R64-Pablo_Carreno_Busta-Tallon_Griekspoor,Tallon Griekspoor,nonSnV1st,93,66,10,1,28,12,6,1,4,3,328
20220119-M-Australian_Open-R64-Pablo_Carreno_Busta-Tallon_Griekspoor,Tallon Griekspoor,nonSnV2nd,72,41,0,0,2,9,4,0,1,2,357
20220119-M-Australian_Open-R64-Hubert_Hurkacz-Adrian_Mannarino,Hubert Hurkacz,SnV,1,0,0,0,0,0,0,1,0,0,2
20220119-M-Australian_Open-R64-Hubert_Hurkacz-Adrian_Mannarino,Hubert Hurkacz,SnV1st,1,0,0,0,0,0,0,1,0,0,2
20220119-M-Australian_Open-R64-Hubert_Hurkacz-Adrian_Mannarino,Hubert Hurkacz,nonSnV,89,48,11,0,11,4,5,2,3,3,400
20220119-M-Australian_Open-R64-Hubert_Hurkacz-Adrian_Mannarino,Hubert Hurkacz,nonSnV1st,60,34,11,0,11,2,3,2,2,2,180
20220119-M-Australian_Open-R64-Hubert_Hurkacz-Adrian_Mannarino,Hubert Hurkacz,nonSnV2nd,29,14,0,0,0,2,2,0,1,1,220
20220119-M-Australian_Open-R64-Hubert_Hurkacz-Adrian_Mannarino,Adrian Mannarino,SnV,4,3,1,0,1,0,1,0,0,1,9
20220119-M-Australian_Open-R64-Hubert_Hurkacz-Adrian_Mannarino,Adrian Mannarino,SnV1st,4,3,1,0,1,0,1,0,0,1,9
20220119-M-Australian_Open-R64-Hubert_Hurkacz-Adrian_Mannarino,Adrian Mannarino,nonSnV,85,56,5,0,14,4,3,2,2,1,468
20220119-M-Australian_Open-R64-Hubert_Hurkacz-Adrian_Mannarino,Adrian Mannarino,nonSnV1st,55,39,5,0,13,3,3,2,2,1,303
20220119-M-Australian_Open-R64-Hubert_Hurkacz-Adrian_Mannarino,Adrian Mannarino,nonSnV2nd,30,17,0,0,1,1,0,0,0,0,165
20220119-M-Australian_Open-R64-Gael_Monfils-Alexander_Bublik,Gael Monfils,SnV,3,1,0,0,0,1,0,0,1,0,19
20220119-M-Australian_Open-R64-Gael_Monfils-Alexander_Bublik,Gael Monfils,SnV1st,3,1,0,0,0,1,0,0,1,0,19
20220119-M-Australian_Open-R64-Gael_Monfils-Alexander_Bublik,Gael Monfils,nonSnV,69,52,11,0,11,2,2,0,2,1,262
20220119-M-Australian_Open-R64-Gael_Monfils-Alexander_Bublik,Gael Monfils,nonSnV1st,44,34,11,0,10,1,2,0,2,0,138
20220119-M-Australian_Open-R64-Gael_Monfils-Alexander_Bublik,Gael Monfils,nonSnV2nd,25,18,0,0,1,1,0,0,0,1,124
20220119-M-Australian_Open-R64-Gael_Monfils-Alexander_Bublik,Alexander Bublik,SnV,19,13,0,0,5,4,3,0,3,2,57
20220119-M-Australian_Open-R64-Gael_Monfils-Alexander_Bublik,Alexander Bublik,SnV1st,14,10,0,0,4,4,1,0,2,1,42
20220119-M-Australian_Open-R64-Gael_Monfils-Alexander_Bublik,Alexander Bublik,SnV2nd,5,3,0,0,1,0,2,0,1,1,15
20220119-M-Australian_Open-R64-Gael_Monfils-Alexander_Bublik,Alexander Bublik,nonSnV,61,31,4,0,8,3,7,1,0,6,229
20220119-M-Australian_Open-R64-Gael_Monfils-Alexander_Bublik,Alexander Bublik,nonSnV1st,40,22,4,0,7,3,5,0,0,5,136
20220119-M-Australian_Open-R64-Gael_Monfils-Alexander_Bublik,Alexander Bublik,nonSnV2nd,21,9,0,0,1,0,2,1,0,1,93
20220118-M-Australian_Open-R128-Lorenzo_Musetti-Alex_De_Minaur,Alex De Minaur,SnV,2,1,0,0,0,1,0,0,0,0,5
20220118-M-Australian_Open-R128-Lorenzo_Musetti-Alex_De_Minaur,Alex De Minaur,SnV1st,2,1,0,0,0,1,0,0,0,0,5
20220118-M-Australian_Open-R128-Lorenzo_Musetti-Alex_De_Minaur,Alex De Minaur,nonSnV,90,60,4,2,12,8,7,0,2,1,420
20220118-M-Australian_Open-R128-Lorenzo_Musetti-Alex_De_Minaur,Alex De Minaur,nonSnV1st,61,41,4,2,12,5,5,0,2,0,269
20220118-M-Australian_Open-R128-Lorenzo_Musetti-Alex_De_Minaur,Alex De Minaur,nonSnV2nd,29,19,0,0,0,3,2,0,0,1,151
20220118-M-Australian_Open-R128-Daniel_Evans-David_Goffin,Daniel Evans,SnV,1,1,0,0,0,1,0,0,0,0,3
20220118-M-Australian_Open-R128-Daniel_Evans-David_Goffin,Daniel Evans,SnV1st,1,1,0,0,0,1,0,0,0,0,3
20220118-M-Australian_Open-R128-Daniel_Evans-David_Goffin,Daniel Evans,nonSnV,64,48,10,13,0,0,0,1,0,0,246
20220118-M-Australian_Open-R128-Daniel_Evans-David_Goffin,Daniel Evans,nonSnV1st,41,33,9,11,0,0,0,1,0,0,149
20220118-M-Australian_Open-R128-Daniel_Evans-David_Goffin,Daniel Evans,nonSnV2nd,23,15,1,2,0,0,0,0,0,0,97
20220118-M-Australian_Open-R128-Daniel_Evans-David_Goffin,David Goffin,SnV,5,2,0,1,0,1,0,3,0,0,10
20220118-M-Australian_Open-R128-Daniel_Evans-David_Goffin,David Goffin,SnV1st,4,2,0,1,0,1,0,2,0,0,8
20220118-M-Australian_Open-R128-Daniel_Evans-David_Goffin,David Goffin,SnV2nd,1,0,0,0,0,0,0,1,0,0,2
20220118-M-Australian_Open-R128-Daniel_Evans-David_Goffin,David Goffin,nonSnV,69,37,1,13,0,4,2,2,1,1,375
20220118-M-Australian_Open-R128-Daniel_Evans-David_Goffin,David Goffin,nonSnV1st,38,22,1,11,0,2,1,1,0,1,184
20220118-M-Australian_Open-R128-Daniel_Evans-David_Goffin,David Goffin,nonSnV2nd,31,15,0,2,0,2,1,1,1,0,191
20220117-M-Australian_Open-R128-John_Millman-Feliciano_Lopez,Feliciano Lopez,SnV,65,41,15,0,9,10,7,2,9,3,163
20220117-M-Australian_Open-R128-John_Millman-Feliciano_Lopez,Feliciano Lopez,SnV1st,53,35,14,0,7,8,6,1,6,3,131
20220117-M-Australian_Open-R128-John_Millman-Feliciano_Lopez,Feliciano Lopez,SnV2nd,12,6,1,0,2,2,1,1,3,0,32
20220117-M-Australian_Open-R128-John_Millman-Feliciano_Lopez,Feliciano Lopez,nonSnV,62,34,11,0,8,3,2,0,4,5,202
20220117-M-Australian_Open-R128-John_Millman-Feliciano_Lopez,Feliciano Lopez,nonSnV1st,25,22,10,0,7,1,1,0,1,1,54
20220117-M-Australian_Open-R128-John_Millman-Feliciano_Lopez,Feliciano Lopez,nonSnV2nd,37,12,1,0,1,2,1,0,3,4,148
20220117-M-Australian_Open-R128-Hubert_Hurkacz-Egor_Gerasimov,Hubert Hurkacz,SnV,2,0,0,0,0,0,0,1,0,0,4
20220117-M-Australian_Open-R128-Hubert_Hurkacz-Egor_Gerasimov,Hubert Hurkacz,SnV1st,1,0,0,0,0,0,0,0,0,0,2
20220117-M-Australian_Open-R128-Hubert_Hurkacz-Egor_Gerasimov,Hubert Hurkacz,SnV2nd,1,0,0,0,0,0,0,1,0,0,2
20220117-M-Australian_Open-R128-Hubert_Hurkacz-Egor_Gerasimov,Hubert Hurkacz,nonSnV,148,96,16,0,27,9,9,3,1,0,588
20220117-M-Australian_Open-R128-Hubert_Hurkacz-Egor_Gerasimov,Hubert Hurkacz,nonSnV1st,100,72,16,0,27,8,8,2,1,0,326
20220117-M-Australian_Open-R128-Hubert_Hurkacz-Egor_Gerasimov,Hubert Hurkacz,nonSnV2nd,48,24,0,0,0,1,1,1,0,0,262
20220117-M-Australian_Open-R128-Hubert_Hurkacz-Egor_Gerasimov,Egor Gerasimov,SnV,11,8,0,0,5,3,0,2,0,1,26
20220117-M-Australian_Open-R128-Hubert_Hurkacz-Egor_Gerasimov,Egor Gerasimov,SnV1st,11,8,0,0,5,3,0,2,0,1,26
20220117-M-Australian_Open-R128-Hubert_Hurkacz-Egor_Gerasimov,Egor Gerasimov,nonSnV,121,73,5,0,18,10,6,4,5,1,571
20220117-M-Australian_Open-R128-Hubert_Hurkacz-Egor_Gerasimov,Egor Gerasimov,nonSnV1st,72,52,4,0,17,8,5,3,4,0,268
20220117-M-Australian_Open-R128-Hubert_Hurkacz-Egor_Gerasimov,Egor Gerasimov,nonSnV2nd,49,21,1,0,1,2,1,1,1,1,303
20220117-M-Australian_Open-R128-Federico_Delbonis-Pedro_Martinez,Pedro Martinez,SnV,10,6,0,0,4,2,0,0,0,1,22
20220117-M-Australian_Open-R128-Federico_Delbonis-Pedro_Martinez,Pedro Martinez,SnV1st,10,6,0,0,4,2,0,0,0,1,22
20220117-M-Australian_Open-R128-Federico_Delbonis-Pedro_Martinez,Pedro Martinez,nonSnV,127,79,7,0,19,8,7,2,3,0,571
20220117-M-Australian_Open-R128-Federico_Delbonis-Pedro_Martinez,Pedro Martinez,nonSnV1st,84,51,7,0,18,4,5,1,3,0,353
20220117-M-Australian_Open-R128-Federico_Delbonis-Pedro_Martinez,Pedro Martinez,nonSnV2nd,43,28,0,0,1,4,2,1,0,0,218
20220117-M-Australian_Open-R128-Aslan_Karatsev-Jaume_Munar,Jaume Munar,SnV,2,1,0,0,1,0,0,0,0,1,5
20220117-M-Australian_Open-R128-Aslan_Karatsev-Jaume_Munar,Jaume Munar,SnV1st,2,1,0,0,1,0,0,0,0,1,5
20220117-M-Australian_Open-R128-Aslan_Karatsev-Jaume_Munar,Jaume Munar,nonSnV,174,105,6,1,29,3,6,0,6,1,789
20220117-M-Australian_Open-R128-Aslan_Karatsev-Jaume_Munar,Jaume Munar,nonSnV1st,124,77,6,1,29,2,5,0,5,0,559
20220117-M-Australian_Open-R128-Aslan_Karatsev-Jaume_Munar,Jaume Munar,nonSnV2nd,50,28,0,0,0,1,1,0,1,1,230
20220111-M-Australian_Open-Q1-J_J_Wolf-Sergiy_Stakhovsky,J J Wolf,SnV,1,0,0,0,0,0,0,0,0,0,2
20220111-M-Australian_Open-Q1-J_J_Wolf-Sergiy_Stakhovsky,J J Wolf,SnV1st,1,0,0,0,0,0,0,0,0,0,2
20220111-M-Australian_Open-Q1-J_J_Wolf-Sergiy_Stakhovsky,J J Wolf,nonSnV,56,40,2,3,12,4,1,0,3,3,198
20220111-M-Australian_Open-Q1-J_J_Wolf-Sergiy_Stakhovsky,J J Wolf,nonSnV1st,35,27,2,3,12,4,1,0,2,3,105
20220111-M-Australian_Open-Q1-J_J_Wolf-Sergiy_Stakhovsky,J J Wolf,nonSnV2nd,21,13,0,0,0,0,0,0,1,0,93
20220111-M-Australian_Open-Q1-J_J_Wolf-Sergiy_Stakhovsky,Sergiy Stakhovsky,SnV,30,20,3,1,7,5,4,1,3,2,74
20220111-M-Australian_Open-Q1-J_J_Wolf-Sergiy_Stakhovsky,Sergiy Stakhovsky,SnV1st,24,18,3,1,7,4,3,1,2,1,52
20220111-M-Australian_Open-Q1-J_J_Wolf-Sergiy_Stakhovsky,Sergiy Stakhovsky,SnV2nd,6,2,0,0,0,1,1,0,1,1,22
20220111-M-Australian_Open-Q1-J_J_Wolf-Sergiy_Stakhovsky,Sergiy Stakhovsky,nonSnV,31,15,1,0,2,0,2,0,5,0,103
20220111-M-Australian_Open-Q1-J_J_Wolf-Sergiy_Stakhovsky,Sergiy Stakhovsky,nonSnV1st,6,5,1,0,2,0,1,0,0,0,11
20220111-M-Australian_Open-Q1-J_J_Wolf-Sergiy_Stakhovsky,Sergiy Stakhovsky,nonSnV2nd,25,10,0,0,0,0,1,0,5,0,92
20220110-M-Australian_Open-Q1-Robin_Haase-Andrej_Martin,Andrej Martin,SnV,7,6,1,0,1,4,0,0,0,0,18
20220110-M-Australian_Open-Q1-Robin_Haase-Andrej_Martin,Andrej Martin,SnV1st,7,6,1,0,1,4,0,0,0,0,18
20220110-M-Australian_Open-Q1-Robin_Haase-Andrej_Martin,Andrej Martin,nonSnV,87,43,2,0,7,4,4,2,1,5,419
20220110-M-Australian_Open-Q1-Robin_Haase-Andrej_Martin,Andrej Martin,nonSnV1st,48,26,2,0,7,2,3,0,1,2,224
20220110-M-Australian_Open-Q1-Robin_Haase-Andrej_Martin,Andrej Martin,nonSnV2nd,39,17,0,0,0,2,1,2,0,3,195
20210912-M-US_Open-F-Novak_Djokovic-Daniil_Medvedev,Novak Djokovic,SnV,20,18,0,0,8,6,1,1,1,0,50
20210912-M-US_Open-F-Novak_Djokovic-Daniil_Medvedev,Novak Djokovic,SnV1st,20,18,0,0,8,6,1,1,1,0,50
20210912-M-US_Open-F-Novak_Djokovic-Daniil_Medvedev,Novak Djokovic,nonSnV,69,39,6,0,5,5,3,2,0,2,367
20210912-M-US_Open-F-Novak_Djokovic-Daniil_Medvedev,Novak Djokovic,nonSnV1st,30,22,6,0,5,4,0,0,0,2,134
20210912-M-US_Open-F-Novak_Djokovic-Daniil_Medvedev,Novak Djokovic,nonSnV2nd,39,17,0,0,0,1,3,2,0,0,233
20210910-M-US_Open-SF-Novak_Djokovic-Alexander_Zverev,Novak Djokovic,SnV,8,7,0,0,4,2,0,0,1,0,17
20210910-M-US_Open-SF-Novak_Djokovic-Alexander_Zverev,Novak Djokovic,SnV1st,8,7,0,0,4,2,0,0,1,0,17
20210910-M-US_Open-SF-Novak_Djokovic-Alexander_Zverev,Novak Djokovic,nonSnV,140,91,12,0,21,6,8,0,5,0,723
20210910-M-US_Open-SF-Novak_Djokovic-Alexander_Zverev,Novak Djokovic,nonSnV1st,91,69,12,0,21,4,6,0,3,0,363
20210910-M-US_Open-SF-Novak_Djokovic-Alexander_Zverev,Novak Djokovic,nonSnV2nd,49,22,0,0,0,2,2,0,2,0,360
20210910-M-US_Open-SF-Novak_Djokovic-Alexander_Zverev,Alexander Zverev,SnV,1,1,0,0,0,1,0,0,0,0,3
20210910-M-US_Open-SF-Novak_Djokovic-Alexander_Zverev,Alexander Zverev,SnV1st,1,1,0,0,0,1,0,0,0,0,3
20210910-M-US_Open-SF-Novak_Djokovic-Alexander_Zverev,Alexander Zverev,nonSnV,115,80,16,0,25,5,1,3,2,0,696
20210910-M-US_Open-SF-Novak_Djokovic-Alexander_Zverev,Alexander Zverev,nonSnV1st,76,57,16,0,21,2,1,3,1,0,357
20210910-M-US_Open-SF-Novak_Djokovic-Alexander_Zverev,Alexander Zverev,nonSnV2nd,39,23,0,0,4,3,0,0,1,0,339
20210910-M-US_Open-SF-Felix_Auger_Aliassime-Daniil_Medvedev,Felix Auger Aliassime,SnV,6,4,0,0,2,0,1,1,1,0,18
20210910-M-US_Open-SF-Felix_Auger_Aliassime-Daniil_Medvedev,Felix Auger Aliassime,SnV1st,6,4,0,0,2,0,1,1,1,0,18
20210910-M-US_Open-SF-Felix_Auger_Aliassime-Daniil_Medvedev,Felix Auger Aliassime,nonSnV,75,45,4,0,16,5,5,3,4,2,369
20210910-M-US_Open-SF-Felix_Auger_Aliassime-Daniil_Medvedev,Felix Auger Aliassime,nonSnV1st,51,33,4,0,16,3,4,2,2,1,235
20210910-M-US_Open-SF-Felix_Auger_Aliassime-Daniil_Medvedev,Felix Auger Aliassime,nonSnV2nd,24,12,0,0,0,2,1,1,2,1,134
20210910-M-US_Open-SF-Felix_Auger_Aliassime-Daniil_Medvedev,Daniil Medvedev,SnV,1,0,0,0,0,0,0,0,0,0,2
20210910-M-US_Open-SF-Felix_Auger_Aliassime-Daniil_Medvedev,Daniil Medvedev,SnV2nd,1,0,0,0,0,0,0,0,0,0,2
20210910-M-US_Open-SF-Felix_Auger_Aliassime-Daniil_Medvedev,Daniil Medvedev,nonSnV,81,62,12,0,19,6,2,1,0,0,302
20210910-M-US_Open-SF-Felix_Auger_Aliassime-Daniil_Medvedev,Daniil Medvedev,nonSnV1st,59,48,11,0,18,6,1,0,0,0,202
20210910-M-US_Open-SF-Felix_Auger_Aliassime-Daniil_Medvedev,Daniil Medvedev,nonSnV2nd,22,14,1,0,1,0,1,1,0,0,100
20210908-M-US_Open-QF-Novak_Djokovic-Matteo_Berrettini,Novak Djokovic,SnV,3,1,0,0,0,1,0,0,0,0,7
20210908-M-US_Open-QF-Novak_Djokovic-Matteo_Berrettini,Novak Djokovic,SnV1st,3,1,0,0,0,1,0,0,0,0,7
20210908-M-US_Open-QF-Novak_Djokovic-Matteo_Berrettini,Novak Djokovic,nonSnV,110,82,12,2,20,2,9,0,4,1,448
20210908-M-US_Open-QF-Novak_Djokovic-Matteo_Berrettini,Novak Djokovic,nonSnV1st,69,52,12,2,18,1,5,0,4,1,226
20210908-M-US_Open-QF-Novak_Djokovic-Matteo_Berrettini,Novak Djokovic,nonSnV2nd,41,30,0,0,2,1,4,0,0,0,222
20210908-M-US_Open-QF-Novak_Djokovic-Matteo_Berrettini,Matteo Berrettini,SnV,3,1,0,0,0,1,0,2,0,0,9
20210908-M-US_Open-QF-Novak_Djokovic-Matteo_Berrettini,Matteo Berrettini,SnV1st,3,1,0,0,0,1,0,2,0,0,9
20210908-M-US_Open-QF-Novak_Djokovic-Matteo_Berrettini,Matteo Berrettini,nonSnV,142,82,17,3,22,3,3,2,2,0,576
20210908-M-US_Open-QF-Novak_Djokovic-Matteo_Berrettini,Matteo Berrettini,nonSnV1st,87,53,17,2,16,3,2,1,1,0,297
20210908-M-US_Open-QF-Novak_Djokovic-Matteo_Berrettini,Matteo Berrettini,nonSnV2nd,55,29,0,1,6,0,1,1,1,0,279
20210907-M-US_Open-QF-Botic_Van_De_Zandschulp-Daniil_Medvedev,Botic Van De Zandschulp,SnV,3,2,0,0,1,1,0,0,1,0,10
20210907-M-US_Open-QF-Botic_Van_De_Zandschulp-Daniil_Medvedev,Botic Van De Zandschulp,SnV1st,3,2,0,0,1,1,0,0,1,0,10
20210907-M-US_Open-QF-Botic_Van_De_Zandschulp-Daniil_Medvedev,Botic Van De Zandschulp,nonSnV,107,64,4,0,14,11,4,1,6,5,610
20210907-M-US_Open-QF-Botic_Van_De_Zandschulp-Daniil_Medvedev,Botic Van De Zandschulp,nonSnV1st,73,44,4,0,14,7,1,0,5,3,358
20210907-M-US_Open-QF-Botic_Van_De_Zandschulp-Daniil_Medvedev,Botic Van De Zandschulp,nonSnV2nd,34,20,0,0,0,4,3,1,1,2,252
20210906-M-US_Open-R16-Jenson_Brooksby-Novak_Djokovic,Novak Djokovic,SnV,8,6,1,0,3,1,1,1,0,1,16
20210906-M-US_Open-R16-Jenson_Brooksby-Novak_Djokovic,Novak Djokovic,SnV1st,8,6,1,0,3,1,1,1,0,1,16
20210906-M-US_Open-R16-Jenson_Brooksby-Novak_Djokovic,Novak Djokovic,nonSnV,96,63,8,1,15,8,6,1,2,2,561
20210906-M-US_Open-R16-Jenson_Brooksby-Novak_Djokovic,Novak Djokovic,nonSnV1st,58,42,8,1,14,4,6,1,1,1,270
20210906-M-US_Open-R16-Jenson_Brooksby-Novak_Djokovic,Novak Djokovic,nonSnV2nd,38,21,0,0,1,4,0,0,1,1,291
20210906-M-US_Open-R16-Jannik_Sinner-Alexander_Zverev,Alexander Zverev,SnV,3,2,0,0,0,0,1,0,0,0,6
20210906-M-US_Open-R16-Jannik_Sinner-Alexander_Zverev,Alexander Zverev,SnV2nd,3,2,0,0,0,0,1,0,0,0,6
20210906-M-US_Open-R16-Jannik_Sinner-Alexander_Zverev,Alexander Zverev,nonSnV,101,71,17,0,22,3,3,2,0,0,379
20210906-M-US_Open-R16-Jannik_Sinner-Alexander_Zverev,Alexander Zverev,nonSnV1st,73,53,15,0,20,2,1,2,0,0,231
20210906-M-US_Open-R16-Jannik_Sinner-Alexander_Zverev,Alexander Zverev,nonSnV2nd,28,18,2,0,2,1,2,0,0,0,148
20210905-M-US_Open-R32-Reilly_Opelka-Nikoloz_Basilashvili,Reilly Opelka,SnV,16,12,1,0,1,7,0,2,0,1,50
20210905-M-US_Open-R32-Reilly_Opelka-Nikoloz_Basilashvili,Reilly Opelka,SnV1st,4,4,1,0,1,0,0,0,0,0,8
20210905-M-US_Open-R32-Reilly_Opelka-Nikoloz_Basilashvili,Reilly Opelka,SnV2nd,12,8,0,0,0,7,0,2,0,1,42
20210905-M-US_Open-R32-Reilly_Opelka-Nikoloz_Basilashvili,Reilly Opelka,nonSnV,84,57,21,0,20,6,1,1,1,0,209
20210905-M-US_Open-R32-Reilly_Opelka-Nikoloz_Basilashvili,Reilly Opelka,nonSnV1st,65,47,21,0,17,4,1,1,1,0,151
20210905-M-US_Open-R32-Reilly_Opelka-Nikoloz_Basilashvili,Reilly Opelka,nonSnV2nd,19,10,0,0,3,2,0,0,0,0,58
20210905-M-US_Open-R16-Peter_Gojowczyk-Carlos_Alcaraz,Peter Gojowczyk,SnV,1,0,0,0,0,0,0,0,1,0,4
20210905-M-US_Open-R16-Peter_Gojowczyk-Carlos_Alcaraz,Peter Gojowczyk,SnV1st,1,0,0,0,0,0,0,0,1,0,4
20210905-M-US_Open-R16-Peter_Gojowczyk-Carlos_Alcaraz,Peter Gojowczyk,nonSnV,136,70,3,0,14,6,12,3,4,3,628
20210905-M-US_Open-R16-Peter_Gojowczyk-Carlos_Alcaraz,Peter Gojowczyk,nonSnV1st,79,40,3,0,13,4,9,2,3,3,326
20210905-M-US_Open-R16-Peter_Gojowczyk-Carlos_Alcaraz,Peter Gojowczyk,nonSnV2nd,57,30,0,0,1,2,3,1,1,0,302
20210905-M-US_Open-R16-Peter_Gojowczyk-Carlos_Alcaraz,Carlos Alcaraz,SnV,1,1,0,0,1,0,0,0,0,0,1
20210905-M-US_Open-R16-Peter_Gojowczyk-Carlos_Alcaraz,Carlos Alcaraz,SnV1st,1,1,0,0,1,0,0,0,0,0,1
20210905-M-US_Open-R16-Peter_Gojowczyk-Carlos_Alcaraz,Carlos Alcaraz,nonSnV,137,81,6,0,13,5,3,0,0,1,603
20210905-M-US_Open-R16-Peter_Gojowczyk-Carlos_Alcaraz,Carlos Alcaraz,nonSnV1st,92,55,6,0,13,4,3,0,0,1,369
20210905-M-US_Open-R16-Peter_Gojowczyk-Carlos_Alcaraz,Carlos Alcaraz,nonSnV2nd,45,26,0,0,0,1,0,0,0,0,234
20210905-M-US_Open-R16-Diego_Schwartzman-Botic_Van_De_Zandschulp,Diego Schwartzman,SnV,1,1,0,0,1,0,0,0,0,0,1
20210905-M-US_Open-R16-Diego_Schwartzman-Botic_Van_De_Zandschulp,Diego Schwartzman,SnV1st,1,1,0,0,1,0,0,0,0,0,1
20210905-M-US_Open-R16-Diego_Schwartzman-Botic_Van_De_Zandschulp,Diego Schwartzman,nonSnV,140,88,1,1,15,14,6,1,5,5,1108
20210905-M-US_Open-R16-Diego_Schwartzman-Botic_Van_De_Zandschulp,Diego Schwartzman,nonSnV1st,98,65,1,1,15,12,5,0,3,1,721
20210905-M-US_Open-R16-Diego_Schwartzman-Botic_Van_De_Zandschulp,Diego Schwartzman,nonSnV2nd,42,23,0,0,0,2,1,1,2,4,387
20210905-M-US_Open-R16-Daniil_Medvedev-Daniel_Evans,Daniel Evans,SnV,26,19,0,0,2,11,0,4,1,0,85
20210905-M-US_Open-R16-Daniil_Medvedev-Daniel_Evans,Daniel Evans,SnV1st,22,17,0,0,2,10,0,2,1,0,73
20210905-M-US_Open-R16-Daniil_Medvedev-Daniel_Evans,Daniel Evans,SnV2nd,4,2,0,0,0,1,0,2,0,0,12
20210905-M-US_Open-R16-Daniil_Medvedev-Daniel_Evans,Daniel Evans,nonSnV,48,22,0,0,6,5,1,1,5,1,304
20210905-M-US_Open-R16-Daniil_Medvedev-Daniel_Evans,Daniel Evans,nonSnV1st,29,15,0,0,5,4,1,0,3,0,161
20210905-M-US_Open-R16-Daniil_Medvedev-Daniel_Evans,Daniel Evans,nonSnV2nd,19,7,0,0,1,1,0,1,2,1,143
20210904-M-US_Open-R32-Novak_Djokovic-Kei_Nishikori,Novak Djokovic,SnV,2,1,0,0,0,1,0,1,0,0,5
20210904-M-US_Open-R32-Novak_Djokovic-Kei_Nishikori,Novak Djokovic,SnV1st,2,1,0,0,0,1,0,1,0,0,5
20210904-M-US_Open-R32-Novak_Djokovic-Kei_Nishikori,Novak Djokovic,nonSnV,122,87,15,0,30,9,5,1,2,0,465
20210904-M-US_Open-R32-Novak_Djokovic-Kei_Nishikori,Novak Djokovic,nonSnV1st,80,62,15,0,23,8,5,1,2,0,238
20210904-M-US_Open-R32-Novak_Djokovic-Kei_Nishikori,Novak Djokovic,nonSnV2nd,42,25,0,0,7,1,0,0,0,0,227
20210904-M-US_Open-R32-Novak_Djokovic-Kei_Nishikori,Kei Nishikori,SnV,3,1,0,0,0,1,0,0,1,0,9
20210904-M-US_Open-R32-Novak_Djokovic-Kei_Nishikori,Kei Nishikori,SnV1st,3,1,0,0,0,1,0,0,1,0,9
20210904-M-US_Open-R32-Novak_Djokovic-Kei_Nishikori,Kei Nishikori,nonSnV,137,80,6,0,19,6,3,0,2,1,686
20210904-M-US_Open-R32-Novak_Djokovic-Kei_Nishikori,Kei Nishikori,nonSnV1st,90,58,5,0,17,5,1,0,2,1,400
20210904-M-US_Open-R32-Novak_Djokovic-Kei_Nishikori,Kei Nishikori,nonSnV2nd,47,22,1,0,2,1,2,0,0,0,286
20210904-M-US_Open-R32-Jannik_Sinner-Gael_Monfils,Gael Monfils,SnV,3,3,1,0,1,1,0,0,0,0,5
20210904-M-US_Open-R32-Jannik_Sinner-Gael_Monfils,Gael Monfils,SnV1st,2,2,1,0,0,1,0,0,0,0,4
20210904-M-US_Open-R32-Jannik_Sinner-Gael_Monfils,Gael Monfils,SnV2nd,1,1,0,0,1,0,0,0,0,0,1
20210904-M-US_Open-R32-Jannik_Sinner-Gael_Monfils,Gael Monfils,nonSnV,157,96,20,0,30,6,1,1,3,0,546
20210904-M-US_Open-R32-Jannik_Sinner-Gael_Monfils,Gael Monfils,nonSnV1st,97,70,20,0,29,4,0,0,1,0,258
20210904-M-US_Open-R32-Jannik_Sinner-Gael_Monfils,Gael Monfils,nonSnV2nd,60,26,0,0,1,2,1,1,2,0,288
20210903-M-US_Open-R32-Stefanos_Tsitsipas-Carlos_Alcaraz,Stefanos Tsitsipas,SnV,5,2,0,0,1,0,0,1,0,2,14
20210903-M-US_Open-R32-Stefanos_Tsitsipas-Carlos_Alcaraz,Stefanos Tsitsipas,SnV1st,5,2,0,0,1,0,0,1,0,2,14
20210903-M-US_Open-R32-Stefanos_Tsitsipas-Carlos_Alcaraz,Stefanos Tsitsipas,nonSnV,146,97,15,0,31,14,5,2,2,1,577
20210903-M-US_Open-R32-Stefanos_Tsitsipas-Carlos_Alcaraz,Stefanos Tsitsipas,nonSnV1st,89,68,14,0,27,13,4,1,2,1,318
20210903-M-US_Open-R32-Stefanos_Tsitsipas-Carlos_Alcaraz,Stefanos Tsitsipas,nonSnV2nd,57,29,1,0,4,1,1,1,0,0,259
20210903-M-US_Open-R32-Pablo_Andujar-Daniil_Medvedev,Pablo Andujar,SnV,20,16,0,0,7,5,2,1,3,0,58
20210903-M-US_Open-R32-Pablo_Andujar-Daniil_Medvedev,Pablo Andujar,SnV1st,19,15,0,0,6,5,2,1,3,0,57
20210903-M-US_Open-R32-Pablo_Andujar-Daniil_Medvedev,Pablo Andujar,SnV2nd,1,1,0,0,1,0,0,0,0,0,1
20210903-M-US_Open-R32-Pablo_Andujar-Daniil_Medvedev,Pablo Andujar,nonSnV,67,28,0,0,6,4,3,1,3,1,486
20210903-M-US_Open-R32-Pablo_Andujar-Daniil_Medvedev,Pablo Andujar,nonSnV1st,41,23,0,0,6,3,3,1,2,1,267
20210903-M-US_Open-R32-Pablo_Andujar-Daniil_Medvedev,Pablo Andujar,nonSnV2nd,26,5,0,0,0,1,0,0,1,0,219
20210903-M-US_Open-R32-Pablo_Andujar-Daniil_Medvedev,Daniil Medvedev,SnV,2,2,0,0,1,1,0,0,0,0,4
20210903-M-US_Open-R32-Pablo_Andujar-Daniil_Medvedev,Daniil Medvedev,SnV1st,1,1,0,0,1,0,0,0,0,0,1
20210903-M-US_Open-R32-Pablo_Andujar-Daniil_Medvedev,Daniil Medvedev,SnV2nd,1,1,0,0,0,1,0,0,0,0,3
20210903-M-US_Open-R32-Pablo_Andujar-Daniil_Medvedev,Daniil Medvedev,nonSnV,68,46,10,0,10,6,0,0,2,0,292
20210903-M-US_Open-R32-Pablo_Andujar-Daniil_Medvedev,Daniil Medvedev,nonSnV1st,42,31,9,0,7,3,0,0,1,0,147
20210903-M-US_Open-R32-Pablo_Andujar-Daniil_Medvedev,Daniil Medvedev,nonSnV2nd,26,15,1,0,3,3,0,0,1,0,145
20210903-M-US_Open-R32-Felix_Auger_Aliassime-Roberto_Bautista_Agut,Felix Auger Aliassime,SnV,4,4,0,0,0,3,1,0,0,0,16
20210903-M-US_Open-R32-Felix_Auger_Aliassime-Roberto_Bautista_Agut,Felix Auger Aliassime,SnV1st,4,4,0,0,0,3,1,0,0,0,16
20210903-M-US_Open-R32-Felix_Auger_Aliassime-Roberto_Bautista_Agut,Felix Auger Aliassime,nonSnV,132,94,26,9,11,10,9,8,2,1,610
20210903-M-US_Open-R32-Felix_Auger_Aliassime-Roberto_Bautista_Agut,Felix Auger Aliassime,nonSnV1st,86,70,26,9,9,9,4,4,1,1,260
20210903-M-US_Open-R32-Felix_Auger_Aliassime-Roberto_Bautista_Agut,Felix Auger Aliassime,nonSnV2nd,46,24,0,0,2,1,5,4,1,0,350
20210903-M-US_Open-R32-Felix_Auger_Aliassime-Roberto_Bautista_Agut,Roberto Bautista Agut,SnV,1,0,0,0,0,0,0,1,0,0,2
20210903-M-US_Open-R32-Felix_Auger_Aliassime-Roberto_Bautista_Agut,Roberto Bautista Agut,SnV1st,1,0,0,0,0,0,0,1,0,0,2
20210903-M-US_Open-R32-Felix_Auger_Aliassime-Roberto_Bautista_Agut,Roberto Bautista Agut,nonSnV,157,100,2,1,19,6,11,2,3,2,888
20210903-M-US_Open-R32-Felix_Auger_Aliassime-Roberto_Bautista_Agut,Roberto Bautista Agut,nonSnV1st,107,78,2,1,19,6,11,2,2,2,624
20210903-M-US_Open-R32-Felix_Auger_Aliassime-Roberto_Bautista_Agut,Roberto Bautista Agut,nonSnV2nd,50,22,0,0,0,0,0,0,1,0,264
20210903-M-US_Open-R32-Facundo_Bagnis-Botic_Van_De_Zandschulp,Facundo Bagnis,SnV,4,1,0,0,0,0,1,0,1,1,13
20210903-M-US_Open-R32-Facundo_Bagnis-Botic_Van_De_Zandschulp,Facundo Bagnis,SnV1st,4,1,0,0,0,0,1,0,1,1,13
20210903-M-US_Open-R32-Facundo_Bagnis-Botic_Van_De_Zandschulp,Facundo Bagnis,nonSnV,107,61,5,1,16,8,10,1,3,3,513
20210903-M-US_Open-R32-Facundo_Bagnis-Botic_Van_De_Zandschulp,Facundo Bagnis,nonSnV1st,75,48,5,1,16,7,7,1,2,2,326
20210903-M-US_Open-R32-Facundo_Bagnis-Botic_Van_De_Zandschulp,Facundo Bagnis,nonSnV2nd,32,13,0,0,0,1,3,0,1,1,187
20210902-M-US_Open-R64-Taylor_Fritz-Jenson_Brooksby,Jenson Brooksby,SnV,1,1,0,0,0,1,0,0,0,0,3
20210902-M-US_Open-R64-Taylor_Fritz-Jenson_Brooksby,Jenson Brooksby,SnV1st,1,1,0,0,0,1,0,0,0,0,3
20210902-M-US_Open-R64-Taylor_Fritz-Jenson_Brooksby,Jenson Brooksby,nonSnV,157,103,5,0,24,7,6,0,2,5,865
20210902-M-US_Open-R64-Taylor_Fritz-Jenson_Brooksby,Jenson Brooksby,nonSnV1st,109,76,4,0,24,6,5,0,1,4,568
20210902-M-US_Open-R64-Taylor_Fritz-Jenson_Brooksby,Jenson Brooksby,nonSnV2nd,48,27,1,0,0,1,1,0,1,1,297
20210902-M-US_Open-R64-Reilly_Opelka-Lorenzo_Musetti,Reilly Opelka,SnV,22,18,7,0,4,5,0,1,3,0,46
20210902-M-US_Open-R64-Reilly_Opelka-Lorenzo_Musetti,Reilly Opelka,SnV1st,14,12,6,0,3,2,0,0,2,0,26
20210902-M-US_Open-R64-Reilly_Opelka-Lorenzo_Musetti,Reilly Opelka,SnV2nd,8,6,1,0,1,3,0,1,1,0,20
20210902-M-US_Open-R64-Reilly_Opelka-Lorenzo_Musetti,Reilly Opelka,nonSnV,77,61,24,0,17,8,0,1,1,0,199
20210902-M-US_Open-R64-Reilly_Opelka-Lorenzo_Musetti,Reilly Opelka,nonSnV1st,59,48,24,0,13,5,0,1,1,0,136
20210902-M-US_Open-R64-Reilly_Opelka-Lorenzo_Musetti,Reilly Opelka,nonSnV2nd,18,13,0,0,4,3,0,0,0,0,63
20210902-M-US_Open-R64-Reilly_Opelka-Lorenzo_Musetti,Lorenzo Musetti,SnV,1,1,0,0,0,0,0,0,0,0,3
20210902-M-US_Open-R64-Reilly_Opelka-Lorenzo_Musetti,Lorenzo Musetti,SnV1st,1,1,0,0,0,0,0,0,0,0,3
20210902-M-US_Open-R64-Reilly_Opelka-Lorenzo_Musetti,Lorenzo Musetti,nonSnV,95,69,10,0,25,2,0,1,3,0,269
20210902-M-US_Open-R64-Reilly_Opelka-Lorenzo_Musetti,Lorenzo Musetti,nonSnV1st,59,43,9,0,22,2,0,1,2,0,141
20210902-M-US_Open-R64-Reilly_Opelka-Lorenzo_Musetti,Lorenzo Musetti,nonSnV2nd,36,26,1,0,3,0,0,0,1,0,128
20210902-M-US_Open-R64-Novak_Djokovic-Tallon_Griekspoor,Novak Djokovic,SnV,8,4,1,0,2,0,1,0,2,0,18
20210902-M-US_Open-R64-Novak_Djokovic-Tallon_Griekspoor,Novak Djokovic,SnV1st,8,4,1,0,2,0,1,0,2,0,18
20210902-M-US_Open-R64-Novak_Djokovic-Tallon_Griekspoor,Novak Djokovic,nonSnV,59,47,12,1,13,6,3,0,1,3,177
20210902-M-US_Open-R64-Novak_Djokovic-Tallon_Griekspoor,Novak Djokovic,nonSnV1st,39,34,11,1,12,5,3,0,0,2,90
20210902-M-US_Open-R64-Novak_Djokovic-Tallon_Griekspoor,Novak Djokovic,nonSnV2nd,20,13,1,0,1,1,0,0,1,1,87
20210902-M-US_Open-R64-Novak_Djokovic-Tallon_Griekspoor,Tallon Griekspoor,SnV,3,0,0,0,0,0,0,0,2,0,10
20210902-M-US_Open-R64-Novak_Djokovic-Tallon_Griekspoor,Tallon Griekspoor,SnV1st,3,0,0,0,0,0,0,0,2,0,10
20210902-M-US_Open-R64-Novak_Djokovic-Tallon_Griekspoor,Tallon Griekspoor,nonSnV,71,37,5,0,7,7,3,2,5,5,359
20210902-M-US_Open-R64-Novak_Djokovic-Tallon_Griekspoor,Tallon Griekspoor,nonSnV1st,47,28,5,0,7,6,2,2,3,4,230
20210902-M-US_Open-R64-Novak_Djokovic-Tallon_Griekspoor,Tallon Griekspoor,nonSnV2nd,24,9,0,0,0,1,1,0,2,1,129
20210902-M-US_Open-R64-Jordan_Thompson-Aslan_Karatsev,Aslan Karatsev,SnV,1,1,0,0,0,0,1,0,0,0,3
20210902-M-US_Open-R64-Jordan_Thompson-Aslan_Karatsev,Aslan Karatsev,SnV1st,1,1,0,0,0,0,1,0,0,0,3
20210902-M-US_Open-R64-Jordan_Thompson-Aslan_Karatsev,Aslan Karatsev,nonSnV,97,67,6,0,22,6,6,4,1,1,343
20210902-M-US_Open-R64-Jordan_Thompson-Aslan_Karatsev,Aslan Karatsev,nonSnV1st,60,44,6,0,20,3,4,2,1,0,190
20210902-M-US_Open-R64-Jordan_Thompson-Aslan_Karatsev,Aslan Karatsev,nonSnV2nd,37,23,0,0,2,3,2,2,0,1,153
20210831-M-US_Open-R128-Tallon_Griekspoor-Jan_Lennard_Struff,Tallon Griekspoor,SnV,8,5,1,0,2,2,0,0,1,0,19
20210831-M-US_Open-R128-Tallon_Griekspoor-Jan_Lennard_Struff,Tallon Griekspoor,SnV1st,8,5,1,0,2,2,0,0,1,0,19
20210831-M-US_Open-R128-Tallon_Griekspoor-Jan_Lennard_Struff,Tallon Griekspoor,nonSnV,165,114,29,0,38,10,2,3,2,2,408
20210831-M-US_Open-R128-Tallon_Griekspoor-Jan_Lennard_Struff,Tallon Griekspoor,nonSnV1st,114,87,28,0,38,9,1,2,2,1,267
20210831-M-US_Open-R128-Tallon_Griekspoor-Jan_Lennard_Struff,Tallon Griekspoor,nonSnV2nd,51,27,1,0,0,1,1,1,0,1,141
20210831-M-US_Open-R128-Tallon_Griekspoor-Jan_Lennard_Struff,Jan Lennard Struff,SnV,34,24,2,0,13,6,3,0,3,2,88
20210831-M-US_Open-R128-Tallon_Griekspoor-Jan_Lennard_Struff,Jan Lennard Struff,SnV1st,33,24,2,0,13,6,3,0,3,2,86
20210831-M-US_Open-R128-Tallon_Griekspoor-Jan_Lennard_Struff,Jan Lennard Struff,SnV2nd,1,0,0,0,0,0,0,0,0,0,2
20210831-M-US_Open-R128-Tallon_Griekspoor-Jan_Lennard_Struff,Jan Lennard Struff,nonSnV,111,84,23,0,12,7,5,2,3,1,332
20210831-M-US_Open-R128-Tallon_Griekspoor-Jan_Lennard_Struff,Jan Lennard Struff,nonSnV1st,45,39,22,0,9,2,3,2,2,0,91
20210831-M-US_Open-R128-Tallon_Griekspoor-Jan_Lennard_Struff,Jan Lennard Struff,nonSnV2nd,66,45,1,0,3,5,2,0,1,1,241
20210831-M-US_Open-R128-Roberto_Bautista_Agut-Nick_Kyrgios,Nick Kyrgios,SnV,10,5,0,0,1,3,0,1,3,1,35
20210831-M-US_Open-R128-Roberto_Bautista_Agut-Nick_Kyrgios,Nick Kyrgios,SnV1st,2,1,0,0,0,0,0,0,0,1,7
20210831-M-US_Open-R128-Roberto_Bautista_Agut-Nick_Kyrgios,Nick Kyrgios,SnV2nd,8,4,0,0,1,3,0,1,3,0,28
20210831-M-US_Open-R128-Roberto_Bautista_Agut-Nick_Kyrgios,Nick Kyrgios,nonSnV,53,31,12,0,5,1,0,0,0,1,191
20210831-M-US_Open-R128-Roberto_Bautista_Agut-Nick_Kyrgios,Nick Kyrgios,nonSnV1st,31,19,10,0,2,1,0,0,0,0,101
20210831-M-US_Open-R128-Roberto_Bautista_Agut-Nick_Kyrgios,Nick Kyrgios,nonSnV2nd,22,12,2,0,3,0,0,0,0,1,90
20210831-M-US_Open-R128-Mikael_Ymer-Jenson_Brooksby,Jenson Brooksby,SnV,2,1,0,0,0,0,1,0,0,0,5
20210831-M-US_Open-R128-Mikael_Ymer-Jenson_Brooksby,Jenson Brooksby,SnV1st,2,1,0,0,0,0,1,0,0,0,5
20210831-M-US_Open-R128-Mikael_Ymer-Jenson_Brooksby,Jenson Brooksby,nonSnV,134,73,2,0,11,9,4,1,4,3,1025
20210831-M-US_Open-R128-Mikael_Ymer-Jenson_Brooksby,Jenson Brooksby,nonSnV1st,80,48,2,0,11,8,3,1,2,2,538
20210831-M-US_Open-R128-Mikael_Ymer-Jenson_Brooksby,Jenson Brooksby,nonSnV2nd,54,25,0,0,0,1,1,0,2,1,487
20210831-M-US_Open-R128-Maxime_Cressy-Pablo_Carreno_Busta,Maxime Cressy,SnV,131,107,47,1,28,19,11,3,8,4,269
20210831-M-US_Open-R128-Maxime_Cressy-Pablo_Carreno_Busta,Maxime Cressy,SnV1st,90,78,41,1,18,12,6,2,4,3,166
20210831-M-US_Open-R128-Maxime_Cressy-Pablo_Carreno_Busta,Maxime Cressy,SnV2nd,41,29,6,0,10,7,5,1,4,1,103
20210831-M-US_Open-R128-Maxime_Cressy-Pablo_Carreno_Busta,Pablo Carreno Busta,SnV,1,0,0,0,0,0,0,0,0,0,2
20210831-M-US_Open-R128-Maxime_Cressy-Pablo_Carreno_Busta,Pablo Carreno Busta,SnV2nd,1,0,0,0,0,0,0,0,0,0,2
20210831-M-US_Open-R128-Maxime_Cressy-Pablo_Carreno_Busta,Pablo Carreno Busta,nonSnV,157,109,7,0,38,6,1,1,4,0,649
20210831-M-US_Open-R128-Maxime_Cressy-Pablo_Carreno_Busta,Pablo Carreno Busta,nonSnV1st,126,94,6,0,37,6,1,1,4,0,488
20210831-M-US_Open-R128-Maxime_Cressy-Pablo_Carreno_Busta,Pablo Carreno Busta,nonSnV2nd,31,15,1,0,1,0,0,0,0,0,161
20210831-M-US_Open-R128-Feliciano_Lopez-Bernabe_Zapata_Miralles,Feliciano Lopez,SnV,64,53,13,0,19,12,9,1,3,0,137
20210831-M-US_Open-R128-Feliciano_Lopez-Bernabe_Zapata_Miralles,Feliciano Lopez,SnV1st,54,47,13,0,16,10,8,1,3,0,111
20210831-M-US_Open-R128-Feliciano_Lopez-Bernabe_Zapata_Miralles,Feliciano Lopez,SnV2nd,10,6,0,0,3,2,1,0,0,0,26
20210831-M-US_Open-R128-Feliciano_Lopez-Bernabe_Zapata_Miralles,Feliciano Lopez,nonSnV,75,54,13,0,12,4,4,0,1,4,200
20210831-M-US_Open-R128-Feliciano_Lopez-Bernabe_Zapata_Miralles,Feliciano Lopez,nonSnV1st,35,28,12,0,9,3,2,0,0,1,68
20210831-M-US_Open-R128-Feliciano_Lopez-Bernabe_Zapata_Miralles,Feliciano Lopez,nonSnV2nd,40,26,1,0,3,1,2,0,1,3,132
20210831-M-US_Open-R128-Daniil_Medvedev-Richard_Gasquet,Richard Gasquet,SnV,26,21,0,0,7,11,0,1,1,0,67
20210831-M-US_Open-R128-Daniil_Medvedev-Richard_Gasquet,Richard Gasquet,SnV1st,24,19,0,0,7,10,0,1,1,0,63
20210831-M-US_Open-R128-Daniil_Medvedev-Richard_Gasquet,Richard Gasquet,SnV2nd,2,2,0,0,0,1,0,0,0,0,4
20210831-M-US_Open-R128-Daniil_Medvedev-Richard_Gasquet,Richard Gasquet,nonSnV,73,35,1,0,2,7,3,4,2,0,439
20210831-M-US_Open-R128-Daniil_Medvedev-Richard_Gasquet,Richard Gasquet,nonSnV1st,34,17,1,0,1,3,0,2,0,0,169
20210831-M-US_Open-R128-Daniil_Medvedev-Richard_Gasquet,Richard Gasquet,nonSnV2nd,39,18,0,0,1,4,3,2,2,0,270
20210831-M-US_Open-R128-Andreas_Seppi-Marton_Fucsovics,Marton Fucsovics,SnV,1,1,0,0,1,0,0,0,0,0,1
20210831-M-US_Open-R128-Andreas_Seppi-Marton_Fucsovics,Marton Fucsovics,SnV1st,1,1,0,0,1,0,0,0,0,0,1
20210831-M-US_Open-R128-Andreas_Seppi-Marton_Fucsovics,Marton Fucsovics,nonSnV,147,107,9,0,26,13,6,1,1,3,685
20210831-M-US_Open-R128-Andreas_Seppi-Marton_Fucsovics,Marton Fucsovics,nonSnV1st,87,68,8,0,25,10,3,1,1,2,342
20210831-M-US_Open-R128-Andreas_Seppi-Marton_Fucsovics,Marton Fucsovics,nonSnV2nd,60,39,1,0,1,3,3,0,0,1,343
20210830-M-US_Open-R128-Stefanos_Tsitsipas-Andy_Murray,Andy Murray,SnV,2,2,0,0,1,0,1,0,0,0,4
20210830-M-US_Open-R128-Stefanos_Tsitsipas-Andy_Murray,Andy Murray,SnV1st,2,2,0,0,1,0,1,0,0,0,4
20210830-M-US_Open-R128-Stefanos_Tsitsipas-Andy_Murray,Andy Murray,nonSnV,158,103,9,0,30,15,7,1,7,2,755
20210830-M-US_Open-R128-Stefanos_Tsitsipas-Andy_Murray,Andy Murray,nonSnV1st,100,69,9,0,30,8,5,0,4,1,403
20210830-M-US_Open-R128-Stefanos_Tsitsipas-Andy_Murray,Andy Murray,nonSnV2nd,58,34,0,0,0,7,2,1,3,1,352
20210830-M-US_Open-R128-Carlos_Taberner-Botic_Van_De_Zandschulp,Botic Van De Zandschulp,SnV,2,2,0,0,2,0,0,0,0,0,2
20210830-M-US_Open-R128-Carlos_Taberner-Botic_Van_De_Zandschulp,Botic Van De Zandschulp,SnV1st,2,2,0,0,2,0,0,0,0,0,2
20210830-M-US_Open-R128-Carlos_Taberner-Botic_Van_De_Zandschulp,Botic Van De Zandschulp,nonSnV,133,88,19,1,18,16,4,3,2,3,490
20210830-M-US_Open-R128-Carlos_Taberner-Botic_Van_De_Zandschulp,Botic Van De Zandschulp,nonSnV1st,89,70,19,1,18,13,3,3,1,1,268
20210830-M-US_Open-R128-Carlos_Taberner-Botic_Van_De_Zandschulp,Botic Van De Zandschulp,nonSnV2nd,44,18,0,0,0,3,1,0,1,2,222
20210830-M-US_Open-R128-Cameron_Norrie-Carlos_Alcaraz,Carlos Alcaraz,SnV,5,5,0,0,0,5,0,0,0,0,17
20210830-M-US_Open-R128-Cameron_Norrie-Carlos_Alcaraz,Carlos Alcaraz,SnV1st,5,5,0,0,0,5,0,0,0,0,17
20210830-M-US_Open-R128-Cameron_Norrie-Carlos_Alcaraz,Carlos Alcaraz,nonSnV,66,47,6,2,12,4,0,0,0,1,237
20210830-M-US_Open-R128-Cameron_Norrie-Carlos_Alcaraz,Carlos Alcaraz,nonSnV1st,43,33,6,1,12,4,0,0,0,1,145
20210830-M-US_Open-R128-Cameron_Norrie-Carlos_Alcaraz,Carlos Alcaraz,nonSnV2nd,23,14,0,1,0,0,0,0,0,0,92
20210830-M-US_Open-R128-Andrey_Rublev-Ivo_Karlovic,Ivo Karlovic,SnV,65,48,13,0,18,12,0,11,3,0,134
20210830-M-US_Open-R128-Andrey_Rublev-Ivo_Karlovic,Ivo Karlovic,SnV1st,48,38,12,0,15,8,0,5,3,0,90
20210830-M-US_Open-R128-Andrey_Rublev-Ivo_Karlovic,Ivo Karlovic,SnV2nd,17,10,1,0,3,4,0,6,0,0,44
20210830-M-US_Open-R128-Andrey_Rublev-Ivo_Karlovic,Ivo Karlovic,nonSnV,12,9,6,0,3,0,0,0,0,0,15
20210830-M-US_Open-R128-Andrey_Rublev-Ivo_Karlovic,Ivo Karlovic,nonSnV1st,8,8,6,0,2,0,0,0,0,0,8
20210830-M-US_Open-R128-Andrey_Rublev-Ivo_Karlovic,Ivo Karlovic,nonSnV2nd,4,1,0,0,1,0,0,0,0,0,7
20210827-M-US_Open-Q3-Ivo_Karlovic-Yuichi_Sugita,Ivo Karlovic,SnV,41,32,15,0,7,9,1,1,2,0,86
20210827-M-US_Open-Q3-Ivo_Karlovic-Yuichi_Sugita,Ivo Karlovic,SnV1st,27,24,14,0,4,6,0,1,0,0,46
20210827-M-US_Open-Q3-Ivo_Karlovic-Yuichi_Sugita,Ivo Karlovic,SnV2nd,14,8,1,0,3,3,1,0,2,0,40
20210827-M-US_Open-Q3-Ivo_Karlovic-Yuichi_Sugita,Ivo Karlovic,nonSnV,8,7,6,0,0,0,0,0,0,0,13
20210827-M-US_Open-Q3-Ivo_Karlovic-Yuichi_Sugita,Ivo Karlovic,nonSnV1st,5,5,5,0,0,0,0,0,0,0,5
20210827-M-US_Open-Q3-Ivo_Karlovic-Yuichi_Sugita,Ivo Karlovic,nonSnV2nd,3,2,1,0,0,0,0,0,0,0,8
20210827-M-US_Open-Q3-Ivo_Karlovic-Yuichi_Sugita,Yuichi Sugita,SnV,1,0,0,0,0,0,0,0,0,1,4
20210827-M-US_Open-Q3-Ivo_Karlovic-Yuichi_Sugita,Yuichi Sugita,SnV1st,1,0,0,0,0,0,0,0,0,1,4
20210827-M-US_Open-Q3-Ivo_Karlovic-Yuichi_Sugita,Yuichi Sugita,nonSnV,59,39,1,0,12,3,4,0,2,0,239
20210827-M-US_Open-Q3-Ivo_Karlovic-Yuichi_Sugita,Yuichi Sugita,nonSnV1st,44,29,1,0,12,3,4,0,1,0,163
20210827-M-US_Open-Q3-Ivo_Karlovic-Yuichi_Sugita,Yuichi Sugita,nonSnV2nd,15,10,0,0,0,0,0,0,1,0,76
20210827-M-US_Open-Q3-Enzo_Couacaud-Botic_Van_De_Zandschulp,Enzo Couacaud,SnV,3,2,0,0,1,1,0,0,0,0,6
20210827-M-US_Open-Q3-Enzo_Couacaud-Botic_Van_De_Zandschulp,Enzo Couacaud,SnV1st,3,2,0,0,1,1,0,0,0,0,6
20210827-M-US_Open-Q3-Enzo_Couacaud-Botic_Van_De_Zandschulp,Enzo Couacaud,nonSnV,80,53,3,0,16,6,5,1,3,3,295
20210827-M-US_Open-Q3-Enzo_Couacaud-Botic_Van_De_Zandschulp,Enzo Couacaud,nonSnV1st,46,35,3,0,16,5,3,1,2,2,151
20210827-M-US_Open-Q3-Enzo_Couacaud-Botic_Van_De_Zandschulp,Enzo Couacaud,nonSnV2nd,34,18,0,0,0,1,2,0,1,1,144
20210826-M-US_Open-Q2-Ben_Shelton-Botic_Van_De_Zandschulp,Ben Shelton,SnV,5,4,0,0,0,3,1,0,0,1,20
20210826-M-US_Open-Q2-Ben_Shelton-Botic_Van_De_Zandschulp,Ben Shelton,SnV1st,5,4,0,0,0,3,1,0,0,1,20
20210826-M-US_Open-Q2-Ben_Shelton-Botic_Van_De_Zandschulp,Ben Shelton,nonSnV,82,52,5,0,16,3,3,2,1,1,262
20210826-M-US_Open-Q2-Ben_Shelton-Botic_Van_De_Zandschulp,Ben Shelton,nonSnV1st,43,32,5,0,16,3,2,1,1,1,118
20210826-M-US_Open-Q2-Ben_Shelton-Botic_Van_De_Zandschulp,Ben Shelton,nonSnV2nd,39,20,0,0,0,0,1,1,0,0,144
20210221-M-Australian_Open-F-Novak_Djokovic-Daniil_Medvedev,Novak Djokovic,SnV,2,2,0,0,0,1,1,0,0,0,6
20210221-M-Australian_Open-F-Novak_Djokovic-Daniil_Medvedev,Novak Djokovic,SnV1st,2,2,0,0,0,1,1,0,0,0,6
20210221-M-Australian_Open-F-Novak_Djokovic-Daniil_Medvedev,Novak Djokovic,nonSnV,74,51,3,0,15,4,3,1,0,0,423
20210221-M-Australian_Open-F-Novak_Djokovic-Daniil_Medvedev,Novak Djokovic,nonSnV1st,50,36,3,0,15,3,3,1,0,0,220
20210221-M-Australian_Open-F-Novak_Djokovic-Daniil_Medvedev,Novak Djokovic,nonSnV2nd,24,15,0,0,0,1,0,0,0,0,203
20210219-M-Australian_Open-SF-Stefanos_Tsitsipas-Daniil_Medvedev,Stefanos Tsitsipas,SnV,4,3,0,0,1,1,1,0,0,0,9
20210219-M-Australian_Open-SF-Stefanos_Tsitsipas-Daniil_Medvedev,Stefanos Tsitsipas,SnV1st,3,2,0,0,1,0,1,0,0,0,6
20210219-M-Australian_Open-SF-Stefanos_Tsitsipas-Daniil_Medvedev,Stefanos Tsitsipas,SnV2nd,1,1,0,0,0,1,0,0,0,0,3
20210219-M-Australian_Open-SF-Stefanos_Tsitsipas-Daniil_Medvedev,Stefanos Tsitsipas,nonSnV,94,53,3,0,18,11,5,2,4,1,455
20210219-M-Australian_Open-SF-Stefanos_Tsitsipas-Daniil_Medvedev,Stefanos Tsitsipas,nonSnV1st,67,41,3,0,18,8,4,0,4,1,299
20210219-M-Australian_Open-SF-Stefanos_Tsitsipas-Daniil_Medvedev,Stefanos Tsitsipas,nonSnV2nd,27,12,0,0,0,3,1,2,0,0,156
20210217-M-Australian_Open-QF-Rafael_Nadal-Stefanos_Tsitsipas,Rafael Nadal,SnV,6,6,0,0,4,1,1,0,0,0,10
20210217-M-Australian_Open-QF-Rafael_Nadal-Stefanos_Tsitsipas,Rafael Nadal,SnV1st,6,6,0,0,4,1,1,0,0,0,10
20210217-M-Australian_Open-QF-Rafael_Nadal-Stefanos_Tsitsipas,Rafael Nadal,nonSnV,143,102,15,0,29,11,3,3,0,0,688
20210217-M-Australian_Open-QF-Rafael_Nadal-Stefanos_Tsitsipas,Rafael Nadal,nonSnV1st,97,74,14,0,28,8,0,2,0,0,360
20210217-M-Australian_Open-QF-Rafael_Nadal-Stefanos_Tsitsipas,Rafael Nadal,nonSnV2nd,46,28,1,0,1,3,3,1,0,0,328
20210217-M-Australian_Open-QF-Rafael_Nadal-Stefanos_Tsitsipas,Stefanos Tsitsipas,SnV,1,0,0,0,0,0,0,0,0,0,2
20210217-M-Australian_Open-QF-Rafael_Nadal-Stefanos_Tsitsipas,Stefanos Tsitsipas,SnV1st,1,0,0,0,0,0,0,0,0,0,2
20210217-M-Australian_Open-QF-Rafael_Nadal-Stefanos_Tsitsipas,Stefanos Tsitsipas,nonSnV,135,102,17,0,23,9,5,2,5,1,594
20210217-M-Australian_Open-QF-Rafael_Nadal-Stefanos_Tsitsipas,Stefanos Tsitsipas,nonSnV1st,83,66,16,0,19,6,3,1,3,1,328
20210217-M-Australian_Open-QF-Rafael_Nadal-Stefanos_Tsitsipas,Stefanos Tsitsipas,nonSnV2nd,52,36,1,0,4,3,2,1,2,0,266
20210215-M-Australian_Open-QF-Grigor_Dimitrov-Aslan_Karatsev,Grigor Dimitrov,SnV,2,1,0,0,0,1,0,1,0,0,7
20210215-M-Australian_Open-QF-Grigor_Dimitrov-Aslan_Karatsev,Grigor Dimitrov,SnV1st,2,1,0,0,0,1,0,1,0,0,7
20210215-M-Australian_Open-QF-Grigor_Dimitrov-Aslan_Karatsev,Grigor Dimitrov,nonSnV,89,52,9,0,18,1,3,1,0,1,332
20210215-M-Australian_Open-QF-Grigor_Dimitrov-Aslan_Karatsev,Grigor Dimitrov,nonSnV1st,62,37,9,0,14,1,2,1,0,1,195
20210215-M-Australian_Open-QF-Grigor_Dimitrov-Aslan_Karatsev,Grigor Dimitrov,nonSnV2nd,27,15,0,0,4,0,1,0,0,0,137
20210215-M-Australian_Open-QF-Grigor_Dimitrov-Aslan_Karatsev,Aslan Karatsev,SnV,1,1,0,0,0,0,0,0,0,0,3
20210215-M-Australian_Open-QF-Grigor_Dimitrov-Aslan_Karatsev,Aslan Karatsev,SnV1st,1,1,0,0,0,0,0,0,0,0,3
20210215-M-Australian_Open-QF-Grigor_Dimitrov-Aslan_Karatsev,Aslan Karatsev,nonSnV,98,64,9,0,27,3,3,2,0,2,368
20210215-M-Australian_Open-QF-Grigor_Dimitrov-Aslan_Karatsev,Aslan Karatsev,nonSnV1st,57,38,9,0,18,3,2,1,0,1,172
20210215-M-Australian_Open-QF-Grigor_Dimitrov-Aslan_Karatsev,Aslan Karatsev,nonSnV2nd,41,26,0,0,9,0,1,1,0,1,196
20210213-M-Australian_Open-R32-Karen_Khachanov-Matteo_Berrettini,Karen Khachanov,SnV,6,3,1,0,1,1,0,3,0,0,13
20210213-M-Australian_Open-R32-Karen_Khachanov-Matteo_Berrettini,Karen Khachanov,SnV1st,6,3,1,0,1,1,0,3,0,0,13
20210213-M-Australian_Open-R32-Karen_Khachanov-Matteo_Berrettini,Karen Khachanov,nonSnV,113,77,11,0,8,10,5,3,2,2,549
20210213-M-Australian_Open-R32-Karen_Khachanov-Matteo_Berrettini,Karen Khachanov,nonSnV1st,71,53,11,0,8,8,4,2,2,2,281
20210213-M-Australian_Open-R32-Karen_Khachanov-Matteo_Berrettini,Karen Khachanov,nonSnV2nd,42,24,0,0,0,2,1,1,0,0,268
20210213-M-Australian_Open-R32-Karen_Khachanov-Matteo_Berrettini,Matteo Berrettini,SnV,1,1,0,0,1,0,0,0,0,0,1
20210213-M-Australian_Open-R32-Karen_Khachanov-Matteo_Berrettini,Matteo Berrettini,SnV1st,1,1,0,0,1,0,0,0,0,0,1
20210213-M-Australian_Open-R32-Karen_Khachanov-Matteo_Berrettini,Matteo Berrettini,nonSnV,120,86,18,0,16,10,1,2,3,0,480
20210213-M-Australian_Open-R32-Karen_Khachanov-Matteo_Berrettini,Matteo Berrettini,nonSnV1st,75,63,18,0,16,6,1,1,2,0,243
20210213-M-Australian_Open-R32-Karen_Khachanov-Matteo_Berrettini,Matteo Berrettini,nonSnV2nd,45,23,0,0,0,4,0,1,1,0,237
20210212-M-Australian_Open-R32-Novak_Djokovic-Taylor_Fritz,Novak Djokovic,SnV,1,1,0,0,1,0,0,0,0,0,1
20210212-M-Australian_Open-R32-Novak_Djokovic-Taylor_Fritz,Novak Djokovic,SnV1st,1,1,0,0,1,0,0,0,0,0,1
20210212-M-Australian_Open-R32-Novak_Djokovic-Taylor_Fritz,Novak Djokovic,nonSnV,153,105,15,1,34,9,4,5,3,0,589
20210212-M-Australian_Open-R32-Novak_Djokovic-Taylor_Fritz,Novak Djokovic,nonSnV1st,104,78,13,1,25,7,3,4,3,0,332
20210212-M-Australian_Open-R32-Novak_Djokovic-Taylor_Fritz,Novak Djokovic,nonSnV2nd,49,27,2,0,9,2,1,1,0,0,257
20210212-M-Australian_Open-R32-Dominic_Thiem-Nick_Kyrgios,Nick Kyrgios,SnV,31,21,2,0,8,6,4,0,2,0,73
20210212-M-Australian_Open-R32-Dominic_Thiem-Nick_Kyrgios,Nick Kyrgios,SnV1st,18,14,2,0,5,4,2,0,1,0,40
20210212-M-Australian_Open-R32-Dominic_Thiem-Nick_Kyrgios,Nick Kyrgios,SnV2nd,13,7,0,0,3,2,2,0,1,0,33
20210212-M-Australian_Open-R32-Dominic_Thiem-Nick_Kyrgios,Nick Kyrgios,nonSnV,116,84,22,1,28,6,5,1,5,2,406
20210212-M-Australian_Open-R32-Dominic_Thiem-Nick_Kyrgios,Nick Kyrgios,nonSnV1st,89,73,21,1,28,5,5,1,5,2,251
20210212-M-Australian_Open-R32-Dominic_Thiem-Nick_Kyrgios,Nick Kyrgios,nonSnV2nd,27,11,1,0,0,1,0,0,0,0,155
20210212-M-Australian_Open-R32-Andrey_Rublev-Feliciano_Lopez,Feliciano Lopez,SnV,24,16,2,0,7,3,2,0,0,0,50
20210212-M-Australian_Open-R32-Andrey_Rublev-Feliciano_Lopez,Feliciano Lopez,SnV1st,23,16,2,0,7,3,2,0,0,0,48
20210212-M-Australian_Open-R32-Andrey_Rublev-Feliciano_Lopez,Feliciano Lopez,SnV2nd,1,0,0,0,0,0,0,0,0,0,2
20210212-M-Australian_Open-R32-Andrey_Rublev-Feliciano_Lopez,Feliciano Lopez,nonSnV,47,33,9,0,17,1,1,0,1,1,145
20210212-M-Australian_Open-R32-Andrey_Rublev-Feliciano_Lopez,Feliciano Lopez,nonSnV1st,21,16,9,0,6,1,0,0,0,1,50
20210212-M-Australian_Open-R32-Andrey_Rublev-Feliciano_Lopez,Feliciano Lopez,nonSnV2nd,26,17,0,0,11,0,1,0,1,0,95
20210211-M-Australian_Open-R64-Stefanos_Tsitsipas-Thanasi_Kokkinakis,Stefanos Tsitsipas,SnV,3,2,0,0,0,2,0,1,0,0,10
20210211-M-Australian_Open-R64-Stefanos_Tsitsipas-Thanasi_Kokkinakis,Stefanos Tsitsipas,SnV1st,1,0,0,0,0,0,0,1,0,0,2
20210211-M-Australian_Open-R64-Stefanos_Tsitsipas-Thanasi_Kokkinakis,Stefanos Tsitsipas,SnV2nd,2,2,0,0,0,2,0,0,0,0,8
20210211-M-Australian_Open-R64-Stefanos_Tsitsipas-Thanasi_Kokkinakis,Stefanos Tsitsipas,nonSnV,134,108,17,0,32,12,4,1,3,0,426
20210211-M-Australian_Open-R64-Stefanos_Tsitsipas-Thanasi_Kokkinakis,Stefanos Tsitsipas,nonSnV1st,92,80,16,0,29,10,2,1,2,0,284
20210211-M-Australian_Open-R64-Stefanos_Tsitsipas-Thanasi_Kokkinakis,Stefanos Tsitsipas,nonSnV2nd,42,28,1,0,3,2,2,0,1,0,142
20210211-M-Australian_Open-R64-Lorenzo_Sonego-Feliciano_Lopez,Lorenzo Sonego,SnV,8,6,0,0,4,1,1,0,0,0,16
20210211-M-Australian_Open-R64-Lorenzo_Sonego-Feliciano_Lopez,Lorenzo Sonego,SnV1st,7,6,0,0,4,1,1,0,0,0,14
20210211-M-Australian_Open-R64-Lorenzo_Sonego-Feliciano_Lopez,Lorenzo Sonego,SnV2nd,1,0,0,0,0,0,0,0,0,0,2
20210211-M-Australian_Open-R64-Lorenzo_Sonego-Feliciano_Lopez,Lorenzo Sonego,nonSnV,130,95,15,1,33,4,4,1,0,3,391
20210211-M-Australian_Open-R64-Lorenzo_Sonego-Feliciano_Lopez,Lorenzo Sonego,nonSnV1st,97,72,14,1,31,3,4,1,0,0,274
20210211-M-Australian_Open-R64-Lorenzo_Sonego-Feliciano_Lopez,Lorenzo Sonego,nonSnV2nd,33,23,1,0,2,1,0,0,0,3,117
20210211-M-Australian_Open-R64-Lorenzo_Sonego-Feliciano_Lopez,Feliciano Lopez,SnV,69,55,8,0,29,12,6,3,1,2,135
20210211-M-Australian_Open-R64-Lorenzo_Sonego-Feliciano_Lopez,Feliciano Lopez,SnV1st,65,52,8,0,29,9,6,3,1,2,118
20210211-M-Australian_Open-R64-Lorenzo_Sonego-Feliciano_Lopez,Feliciano Lopez,SnV2nd,4,3,0,0,0,3,0,0,0,0,17
20210211-M-Australian_Open-R64-Lorenzo_Sonego-Feliciano_Lopez,Feliciano Lopez,nonSnV,81,54,8,0,9,2,7,1,1,1,248
20210211-M-Australian_Open-R64-Lorenzo_Sonego-Feliciano_Lopez,Feliciano Lopez,nonSnV1st,27,22,8,0,8,2,2,1,0,0,54
20210211-M-Australian_Open-R64-Lorenzo_Sonego-Feliciano_Lopez,Feliciano Lopez,nonSnV2nd,54,32,0,0,1,0,5,0,1,1,194
20210211-M-Australian_Open-R64-Daniil_Medvedev-Roberto_Carballes_Baena,Daniil Medvedev,SnV,2,2,0,0,0,2,0,0,0,0,6
20210211-M-Australian_Open-R64-Daniil_Medvedev-Roberto_Carballes_Baena,Daniil Medvedev,SnV1st,1,1,0,0,0,1,0,0,0,0,3
20210211-M-Australian_Open-R64-Daniil_Medvedev-Roberto_Carballes_Baena,Daniil Medvedev,SnV2nd,1,1,0,0,0,1,0,0,0,0,3
20210211-M-Australian_Open-R64-Daniil_Medvedev-Roberto_Carballes_Baena,Daniil Medvedev,nonSnV,71,53,12,0,10,4,5,1,0,2,275
20210211-M-Australian_Open-R64-Daniil_Medvedev-Roberto_Carballes_Baena,Daniil Medvedev,nonSnV1st,48,41,12,0,8,3,4,1,0,2,165
20210211-M-Australian_Open-R64-Daniil_Medvedev-Roberto_Carballes_Baena,Daniil Medvedev,nonSnV2nd,23,12,0,0,2,1,1,0,0,0,110
20210211-M-Australian_Open-R64-Daniil_Medvedev-Roberto_Carballes_Baena,Roberto Carballes Baena,SnV,2,1,0,0,0,0,1,1,0,0,5
20210211-M-Australian_Open-R64-Daniil_Medvedev-Roberto_Carballes_Baena,Roberto Carballes Baena,SnV1st,2,1,0,0,0,0,1,1,0,0,5
20210211-M-Australian_Open-R64-Daniil_Medvedev-Roberto_Carballes_Baena,Roberto Carballes Baena,nonSnV,67,31,0,0,2,3,1,1,2,0,455
20210211-M-Australian_Open-R64-Daniil_Medvedev-Roberto_Carballes_Baena,Roberto Carballes Baena,nonSnV1st,37,17,0,0,2,2,1,1,1,0,239
20210211-M-Australian_Open-R64-Daniil_Medvedev-Roberto_Carballes_Baena,Roberto Carballes Baena,nonSnV2nd,30,14,0,0,0,1,0,0,1,0,216
20210210-M-Australian_Open-R64-Stan_Wawrinka-Marton_Fucsovics,Stan Wawrinka,SnV,3,2,0,0,2,0,0,0,0,0,4
20210210-M-Australian_Open-R64-Stan_Wawrinka-Marton_Fucsovics,Stan Wawrinka,SnV1st,3,2,0,0,2,0,0,0,0,0,4
20210210-M-Australian_Open-R64-Stan_Wawrinka-Marton_Fucsovics,Stan Wawrinka,nonSnV,165,100,9,0,24,10,9,1,4,3,762
20210210-M-Australian_Open-R64-Stan_Wawrinka-Marton_Fucsovics,Stan Wawrinka,nonSnV1st,96,62,9,0,13,9,6,1,2,2,392
20210210-M-Australian_Open-R64-Stan_Wawrinka-Marton_Fucsovics,Stan Wawrinka,nonSnV2nd,69,38,0,0,11,1,3,0,2,1,370
20210210-M-Australian_Open-R64-Stan_Wawrinka-Marton_Fucsovics,Marton Fucsovics,SnV,4,4,0,0,2,2,0,0,0,0,8
20210210-M-Australian_Open-R64-Stan_Wawrinka-Marton_Fucsovics,Marton Fucsovics,SnV1st,1,1,0,0,0,1,0,0,0,0,3
20210210-M-Australian_Open-R64-Stan_Wawrinka-Marton_Fucsovics,Marton Fucsovics,SnV2nd,3,3,0,0,2,1,0,0,0,0,5
20210210-M-Australian_Open-R64-Stan_Wawrinka-Marton_Fucsovics,Marton Fucsovics,nonSnV,125,84,2,0,29,4,6,0,3,2,602
20210210-M-Australian_Open-R64-Stan_Wawrinka-Marton_Fucsovics,Marton Fucsovics,nonSnV1st,75,49,2,0,17,3,5,0,3,2,391
20210210-M-Australian_Open-R64-Stan_Wawrinka-Marton_Fucsovics,Marton Fucsovics,nonSnV2nd,50,35,0,0,12,1,1,0,0,0,211
20210209-M-Australian_Open-R128-Vasek_Pospisil-Daniil_Medvedev,Vasek Pospisil,SnV,29,22,3,0,5,10,1,6,0,0,66
20210209-M-Australian_Open-R128-Vasek_Pospisil-Daniil_Medvedev,Vasek Pospisil,SnV1st,22,19,3,0,5,8,1,3,0,0,47
20210209-M-Australian_Open-R128-Vasek_Pospisil-Daniil_Medvedev,Vasek Pospisil,SnV2nd,7,3,0,0,0,2,0,3,0,0,19
20210209-M-Australian_Open-R128-Vasek_Pospisil-Daniil_Medvedev,Vasek Pospisil,nonSnV,46,22,3,0,9,3,0,1,1,0,222
20210209-M-Australian_Open-R128-Vasek_Pospisil-Daniil_Medvedev,Vasek Pospisil,nonSnV1st,23,13,3,0,7,1,0,0,1,0,59
20210209-M-Australian_Open-R128-Vasek_Pospisil-Daniil_Medvedev,Vasek Pospisil,nonSnV2nd,23,9,0,0,2,2,0,1,0,0,163
20210209-M-Australian_Open-R128-Vasek_Pospisil-Daniil_Medvedev,Daniil Medvedev,SnV,1,1,0,0,0,0,0,0,0,0,3
20210209-M-Australian_Open-R128-Vasek_Pospisil-Daniil_Medvedev,Daniil Medvedev,SnV2nd,1,1,0,0,0,0,0,0,0,0,3
20210209-M-Australian_Open-R128-Vasek_Pospisil-Daniil_Medvedev,Daniil Medvedev,nonSnV,71,54,9,0,16,2,1,1,1,0,272
20210209-M-Australian_Open-R128-Vasek_Pospisil-Daniil_Medvedev,Daniil Medvedev,nonSnV1st,50,39,9,0,15,2,1,1,1,0,155
20210209-M-Australian_Open-R128-Vasek_Pospisil-Daniil_Medvedev,Daniil Medvedev,nonSnV2nd,21,15,0,0,1,0,0,0,0,0,117
20210209-M-Australian_Open-R128-Robin_Haase-Filip_Krajinovic,Robin Haase,SnV,1,1,0,0,0,1,0,0,0,0,3
20210209-M-Australian_Open-R128-Robin_Haase-Filip_Krajinovic,Robin Haase,SnV2nd,1,1,0,0,0,1,0,0,0,0,3
20210209-M-Australian_Open-R128-Robin_Haase-Filip_Krajinovic,Robin Haase,nonSnV,102,69,15,0,14,8,1,4,4,0,399
20210209-M-Australian_Open-R128-Robin_Haase-Filip_Krajinovic,Robin Haase,nonSnV1st,64,45,14,0,12,3,1,3,4,0,231
20210209-M-Australian_Open-R128-Robin_Haase-Filip_Krajinovic,Robin Haase,nonSnV2nd,38,24,1,0,2,5,0,1,0,0,168
20210209-M-Australian_Open-R128-Robin_Haase-Filip_Krajinovic,Filip Krajinovic,SnV,5,5,1,0,1,2,1,0,0,0,11
20210209-M-Australian_Open-R128-Robin_Haase-Filip_Krajinovic,Filip Krajinovic,SnV1st,5,5,1,0,1,2,1,0,0,0,11
20210209-M-Australian_Open-R128-Robin_Haase-Filip_Krajinovic,Filip Krajinovic,nonSnV,105,77,13,0,24,6,6,0,2,3,365
20210209-M-Australian_Open-R128-Robin_Haase-Filip_Krajinovic,Filip Krajinovic,nonSnV1st,69,56,13,0,24,4,3,0,1,1,200
20210209-M-Australian_Open-R128-Robin_Haase-Filip_Krajinovic,Filip Krajinovic,nonSnV2nd,36,21,0,0,0,2,3,0,1,2,165
20210209-M-Australian_Open-R128-Hubert_Hurkacz-Mikael_Ymer,Hubert Hurkacz,SnV,2,2,0,0,1,0,1,0,0,0,4
20210209-M-Australian_Open-R128-Hubert_Hurkacz-Mikael_Ymer,Hubert Hurkacz,SnV1st,2,2,0,0,1,0,1,0,0,0,4
20210209-M-Australian_Open-R128-Hubert_Hurkacz-Mikael_Ymer,Hubert Hurkacz,nonSnV,130,88,16,1,22,16,11,3,4,6,608
20210209-M-Australian_Open-R128-Hubert_Hurkacz-Mikael_Ymer,Hubert Hurkacz,nonSnV1st,93,65,16,1,21,10,10,3,4,3,345
20210209-M-Australian_Open-R128-Hubert_Hurkacz-Mikael_Ymer,Hubert Hurkacz,nonSnV2nd,37,23,0,0,1,6,1,0,0,3,263
20210209-M-Australian_Open-R128-Hubert_Hurkacz-Mikael_Ymer,Mikael Ymer,SnV,1,0,0,0,0,0,0,1,0,0,2
20210209-M-Australian_Open-R128-Hubert_Hurkacz-Mikael_Ymer,Mikael Ymer,SnV1st,1,0,0,0,0,0,0,1,0,0,2
20210209-M-Australian_Open-R128-Hubert_Hurkacz-Mikael_Ymer,Mikael Ymer,nonSnV,174,111,3,0,28,10,4,1,4,1,985
20210209-M-Australian_Open-R128-Hubert_Hurkacz-Mikael_Ymer,Mikael Ymer,nonSnV1st,137,91,3,0,26,10,4,1,4,1,757
20210209-M-Australian_Open-R128-Hubert_Hurkacz-Mikael_Ymer,Mikael Ymer,nonSnV2nd,37,20,0,0,2,0,0,0,0,0,228
20210209-M-Australian_Open-R128-Feliciano_Lopez-Li_Tu,Feliciano Lopez,SnV,22,18,5,1,5,7,0,1,1,1,52
20210209-M-Australian_Open-R128-Feliciano_Lopez-Li_Tu,Feliciano Lopez,SnV1st,20,17,5,1,5,6,0,0,1,1,45
20210209-M-Australian_Open-R128-Feliciano_Lopez-Li_Tu,Feliciano Lopez,SnV2nd,2,1,0,0,0,1,0,1,0,0,7
20210209-M-Australian_Open-R128-Feliciano_Lopez-Li_Tu,Feliciano Lopez,nonSnV,97,77,16,0,14,7,9,0,1,2,327
20210209-M-Australian_Open-R128-Feliciano_Lopez-Li_Tu,Feliciano Lopez,nonSnV1st,42,37,16,0,9,5,3,0,1,0,117
20210209-M-Australian_Open-R128-Feliciano_Lopez-Li_Tu,Feliciano Lopez,nonSnV2nd,55,40,0,0,5,2,6,0,0,2,210
20210209-M-Australian_Open-R128-Feliciano_Lopez-Li_Tu,Li Tu,SnV,9,6,0,0,2,0,4,0,2,1,28
20210209-M-Australian_Open-R128-Feliciano_Lopez-Li_Tu,Li Tu,SnV1st,9,6,0,0,2,0,4,0,2,1,28
20210209-M-Australian_Open-R128-Feliciano_Lopez-Li_Tu,Li Tu,nonSnV,117,85,18,0,13,6,1,1,2,3,477
20210209-M-Australian_Open-R128-Feliciano_Lopez-Li_Tu,Li Tu,nonSnV1st,67,48,16,0,11,4,0,1,2,2,258
20210209-M-Australian_Open-R128-Feliciano_Lopez-Li_Tu,Li Tu,nonSnV2nd,50,37,2,0,2,2,1,0,0,1,219
20210209-M-Australian_Open-R128-Carlos_Alcaraz-Botic_Van_De_Zandschulp,Carlos Alcaraz,SnV,1,1,0,0,0,1,0,0,0,0,3
20210209-M-Australian_Open-R128-Carlos_Alcaraz-Botic_Van_De_Zandschulp,Carlos Alcaraz,SnV1st,1,1,0,0,0,1,0,0,0,0,3
20210209-M-Australian_Open-R128-Carlos_Alcaraz-Botic_Van_De_Zandschulp,Carlos Alcaraz,nonSnV,82,59,2,0,11,5,2,0,2,0,299
20210209-M-Australian_Open-R128-Carlos_Alcaraz-Botic_Van_De_Zandschulp,Carlos Alcaraz,nonSnV1st,47,36,2,0,11,3,1,0,1,0,162
20210209-M-Australian_Open-R128-Carlos_Alcaraz-Botic_Van_De_Zandschulp,Carlos Alcaraz,nonSnV2nd,35,23,0,0,0,2,1,0,1,0,137
20210208-M-Australian_Open-R128-Jannik_Sinner-Denis_Shapovalov,Denis Shapovalov,SnV,10,8,0,0,3,4,1,0,0,0,22
20210208-M-Australian_Open-R128-Jannik_Sinner-Denis_Shapovalov,Denis Shapovalov,SnV1st,10,8,0,0,3,4,1,0,0,0,22
20210208-M-Australian_Open-R128-Jannik_Sinner-Denis_Shapovalov,Denis Shapovalov,nonSnV,138,94,11,0,22,15,13,1,3,4,590
20210208-M-Australian_Open-R128-Jannik_Sinner-Denis_Shapovalov,Denis Shapovalov,nonSnV1st,89,66,11,0,17,13,8,1,1,4,342
20210208-M-Australian_Open-R128-Jannik_Sinner-Denis_Shapovalov,Denis Shapovalov,nonSnV2nd,49,28,0,0,5,2,5,0,2,0,248
20210208-M-Australian_Open-R128-Elias_Ymer-Diego_Schwartzman,Diego Schwartzman,SnV,3,2,0,0,1,1,0,0,0,0,6
20210208-M-Australian_Open-R128-Elias_Ymer-Diego_Schwartzman,Diego Schwartzman,SnV1st,3,2,0,0,1,1,0,0,0,0,6
20210208-M-Australian_Open-R128-Elias_Ymer-Diego_Schwartzman,Diego Schwartzman,nonSnV,122,72,1,0,19,7,4,2,4,2,774
20210208-M-Australian_Open-R128-Elias_Ymer-Diego_Schwartzman,Diego Schwartzman,nonSnV1st,84,49,1,0,19,7,2,1,4,2,529
20210208-M-Australian_Open-R128-Elias_Ymer-Diego_Schwartzman,Diego Schwartzman,nonSnV2nd,38,23,0,0,0,0,2,1,0,0,245
20210208-M-Australian_Open-R128-Egor_Gerasimov-Benoit_Paire,Benoit Paire,nonSnV2nd,46,26,0,0,0,4,5,2,1,0,218
20210208-M-Australian_Open-R128-Egor_Gerasimov-Benoit_Paire,Egor Gerasimov,SnV,2,1,0,0,0,0,1,0,1,0,11
20210208-M-Australian_Open-R128-Egor_Gerasimov-Benoit_Paire,Egor Gerasimov,SnV1st,2,1,0,0,0,0,1,0,1,0,11
20210208-M-Australian_Open-R128-Egor_Gerasimov-Benoit_Paire,Egor Gerasimov,nonSnV,153,88,5,0,13,6,6,2,4,1,730
20210208-M-Australian_Open-R128-Egor_Gerasimov-Benoit_Paire,Egor Gerasimov,nonSnV1st,95,59,5,0,12,5,4,2,4,1,497
20210208-M-Australian_Open-R128-Egor_Gerasimov-Benoit_Paire,Egor Gerasimov,nonSnV2nd,58,29,0,0,1,1,2,0,0,0,233
20210208-M-Australian_Open-R128-Egor_Gerasimov-Benoit_Paire,Benoit Paire,SnV,10,6,2,0,2,2,0,1,2,0,22
20210208-M-Australian_Open-R128-Egor_Gerasimov-Benoit_Paire,Benoit Paire,SnV1st,9,6,2,0,2,2,0,1,1,0,18
20210208-M-Australian_Open-R128-Egor_Gerasimov-Benoit_Paire,Benoit Paire,SnV2nd,1,0,0,0,0,0,0,0,1,0,4
20210208-M-Australian_Open-R128-Egor_Gerasimov-Benoit_Paire,Benoit Paire,nonSnV,119,74,19,0,10,12,7,3,4,2,438
20210208-M-Australian_Open-R128-Egor_Gerasimov-Benoit_Paire,Benoit Paire,nonSnV1st,73,48,19,0,10,8,2,1,3,2,220
20200913-M-US_Open-F-Dominic_Thiem-Alexander_Zverev,Alexander Zverev,SnV,23,15,1,0,6,4,3,3,3,1,55
20200913-M-US_Open-F-Dominic_Thiem-Alexander_Zverev,Alexander Zverev,SnV1st,17,11,1,0,5,3,2,3,2,0,39
20200913-M-US_Open-F-Dominic_Thiem-Alexander_Zverev,Alexander Zverev,SnV2nd,6,4,0,0,1,1,1,0,1,1,16
20200913-M-US_Open-F-Dominic_Thiem-Alexander_Zverev,Alexander Zverev,nonSnV,119,79,14,0,17,15,9,0,7,3,599
20200913-M-US_Open-F-Dominic_Thiem-Alexander_Zverev,Alexander Zverev,nonSnV1st,84,60,14,0,16,11,7,0,6,1,370
20200913-M-US_Open-F-Dominic_Thiem-Alexander_Zverev,Alexander Zverev,nonSnV2nd,35,19,0,0,1,4,2,0,1,2,229
20200911-M-US_Open-SF-Dominic_Thiem-Daniil_Medvedev,Dominic Thiem,SnV,5,5,0,0,1,2,1,0,0,0,29
20200911-M-US_Open-SF-Dominic_Thiem-Daniil_Medvedev,Dominic Thiem,SnV1st,5,5,0,0,1,2,1,0,0,0,29
20200911-M-US_Open-SF-Dominic_Thiem-Daniil_Medvedev,Dominic Thiem,nonSnV,106,74,2,0,22,4,7,0,0,1,510
20200911-M-US_Open-SF-Dominic_Thiem-Daniil_Medvedev,Dominic Thiem,nonSnV1st,62,47,2,0,22,3,5,0,0,1,241
20200911-M-US_Open-SF-Dominic_Thiem-Daniil_Medvedev,Dominic Thiem,nonSnV2nd,44,27,0,0,0,1,2,0,0,0,269
20200911-M-US_Open-SF-Dominic_Thiem-Daniil_Medvedev,Daniil Medvedev,SnV,3,2,0,0,0,2,0,0,0,1,10
20200911-M-US_Open-SF-Dominic_Thiem-Daniil_Medvedev,Daniil Medvedev,SnV1st,1,1,0,0,0,1,0,0,0,0,3
20200911-M-US_Open-SF-Dominic_Thiem-Daniil_Medvedev,Daniil Medvedev,SnV2nd,2,1,0,0,0,1,0,0,0,1,7
20200911-M-US_Open-SF-Dominic_Thiem-Daniil_Medvedev,Daniil Medvedev,nonSnV,116,74,11,0,17,5,8,1,2,1,720
20200911-M-US_Open-SF-Dominic_Thiem-Daniil_Medvedev,Daniil Medvedev,nonSnV1st,72,54,11,0,17,2,6,1,0,1,310
20200911-M-US_Open-SF-Dominic_Thiem-Daniil_Medvedev,Daniil Medvedev,nonSnV2nd,44,20,0,0,0,3,2,0,2,0,410
20200909-M-US_Open-QF-Andrey_Rublev-Daniil_Medvedev,Daniil Medvedev,SnV,1,0,0,0,0,0,0,0,0,1,4
20200909-M-US_Open-QF-Andrey_Rublev-Daniil_Medvedev,Daniil Medvedev,SnV2nd,1,0,0,0,0,0,0,0,0,1,4
20200909-M-US_Open-QF-Andrey_Rublev-Daniil_Medvedev,Daniil Medvedev,nonSnV,90,75,16,6,19,4,0,0,0,0,281
20200909-M-US_Open-QF-Andrey_Rublev-Daniil_Medvedev,Daniil Medvedev,nonSnV1st,56,50,16,4,14,4,0,0,0,0,148
20200909-M-US_Open-QF-Andrey_Rublev-Daniil_Medvedev,Daniil Medvedev,nonSnV2nd,34,25,0,2,5,0,0,0,0,0,133
20200908-M-US_Open-QF-Denis_Shapovalov-Pablo_Carreno_Busta,Denis Shapovalov,SnV,10,8,0,0,1,6,1,1,0,0,36
20200908-M-US_Open-QF-Denis_Shapovalov-Pablo_Carreno_Busta,Denis Shapovalov,SnV1st,10,8,0,0,1,6,1,1,0,0,36
20200908-M-US_Open-QF-Denis_Shapovalov-Pablo_Carreno_Busta,Denis Shapovalov,nonSnV,148,100,26,4,16,20,7,0,6,3,606
20200908-M-US_Open-QF-Denis_Shapovalov-Pablo_Carreno_Busta,Denis Shapovalov,nonSnV1st,93,73,22,4,13,14,5,0,2,1,299
20200908-M-US_Open-QF-Denis_Shapovalov-Pablo_Carreno_Busta,Denis Shapovalov,nonSnV2nd,55,27,4,0,3,6,2,0,4,2,307
20200907-M-US_Open-R16-Vasek_Pospisil-Alex_De_Minaur,Vasek Pospisil,SnV,3,2,0,0,0,2,0,1,0,0,12
20200907-M-US_Open-R16-Vasek_Pospisil-Alex_De_Minaur,Vasek Pospisil,SnV1st,3,2,0,0,0,2,0,1,0,0,12
20200907-M-US_Open-R16-Vasek_Pospisil-Alex_De_Minaur,Vasek Pospisil,nonSnV,101,60,10,6,12,13,7,3,3,2,422
20200907-M-US_Open-R16-Vasek_Pospisil-Alex_De_Minaur,Vasek Pospisil,nonSnV1st,63,46,9,5,9,9,5,2,3,1,222
20200907-M-US_Open-R16-Vasek_Pospisil-Alex_De_Minaur,Vasek Pospisil,nonSnV2nd,38,14,1,1,3,4,2,1,0,1,200
20200907-M-US_Open-R16-Vasek_Pospisil-Alex_De_Minaur,Alex De Minaur,SnV,1,1,0,0,0,1,0,0,0,0,3
20200907-M-US_Open-R16-Vasek_Pospisil-Alex_De_Minaur,Alex De Minaur,SnV1st,1,1,0,0,0,1,0,0,0,0,3
20200907-M-US_Open-R16-Vasek_Pospisil-Alex_De_Minaur,Alex De Minaur,nonSnV,76,57,2,3,18,1,3,0,2,0,305
20200907-M-US_Open-R16-Vasek_Pospisil-Alex_De_Minaur,Alex De Minaur,nonSnV1st,48,38,2,3,13,1,2,0,0,0,210
20200907-M-US_Open-R16-Vasek_Pospisil-Alex_De_Minaur,Alex De Minaur,nonSnV2nd,28,19,0,0,5,0,1,0,2,0,95
20200907-M-US_Open-R16-Felix_Auger_Aliassime-Dominic_Thiem,Felix Auger Aliassime,SnV,2,1,0,0,0,1,0,0,0,0,5
20200907-M-US_Open-R16-Felix_Auger_Aliassime-Dominic_Thiem,Felix Auger Aliassime,SnV1st,1,1,0,0,0,1,0,0,0,0,3
20200907-M-US_Open-R16-Felix_Auger_Aliassime-Dominic_Thiem,Felix Auger Aliassime,SnV2nd,1,0,0,0,0,0,0,0,0,0,2
20200907-M-US_Open-R16-Felix_Auger_Aliassime-Dominic_Thiem,Felix Auger Aliassime,nonSnV,84,45,11,0,15,3,1,1,2,4,345
20200907-M-US_Open-R16-Felix_Auger_Aliassime-Dominic_Thiem,Felix Auger Aliassime,nonSnV1st,52,31,10,0,14,2,1,0,1,3,185
20200907-M-US_Open-R16-Felix_Auger_Aliassime-Dominic_Thiem,Felix Auger Aliassime,nonSnV2nd,32,14,1,0,1,1,0,1,1,1,160
20200907-M-US_Open-R16-Felix_Auger_Aliassime-Dominic_Thiem,Dominic Thiem,SnV,2,2,0,0,0,1,1,0,0,0,8
20200907-M-US_Open-R16-Felix_Auger_Aliassime-Dominic_Thiem,Dominic Thiem,SnV1st,2,2,0,0,0,1,1,0,0,0,8
20200907-M-US_Open-R16-Felix_Auger_Aliassime-Dominic_Thiem,Dominic Thiem,nonSnV,76,56,3,0,12,2,5,0,2,0,358
20200907-M-US_Open-R16-Felix_Auger_Aliassime-Dominic_Thiem,Dominic Thiem,nonSnV1st,51,37,3,0,11,0,4,0,2,0,229
20200907-M-US_Open-R16-Felix_Auger_Aliassime-Dominic_Thiem,Dominic Thiem,nonSnV2nd,25,19,0,0,1,2,1,0,0,0,129
20200906-M-US_Open-R32-Marin_Cilic-Dominic_Thiem,Marin Cilic,SnV,3,2,0,0,1,1,0,0,1,0,8
20200906-M-US_Open-R32-Marin_Cilic-Dominic_Thiem,Marin Cilic,SnV1st,3,2,0,0,1,1,0,0,1,0,8
20200906-M-US_Open-R32-Marin_Cilic-Dominic_Thiem,Marin Cilic,nonSnV,92,59,5,0,15,11,2,3,1,0,371
20200906-M-US_Open-R32-Marin_Cilic-Dominic_Thiem,Marin Cilic,nonSnV1st,58,43,5,0,14,7,2,1,0,0,199
20200906-M-US_Open-R32-Marin_Cilic-Dominic_Thiem,Marin Cilic,nonSnV2nd,34,16,0,0,1,4,0,2,1,0,172
20200906-M-US_Open-R32-Marin_Cilic-Dominic_Thiem,Dominic Thiem,SnV,2,2,0,0,2,0,0,0,0,0,2
20200906-M-US_Open-R32-Marin_Cilic-Dominic_Thiem,Dominic Thiem,SnV1st,2,2,0,0,2,0,0,0,0,0,2
20200906-M-US_Open-R32-Marin_Cilic-Dominic_Thiem,Dominic Thiem,nonSnV,100,71,9,0,24,4,0,0,1,1,339
20200906-M-US_Open-R32-Marin_Cilic-Dominic_Thiem,Dominic Thiem,nonSnV1st,59,51,9,0,23,2,0,0,1,0,159
20200906-M-US_Open-R32-Marin_Cilic-Dominic_Thiem,Dominic Thiem,nonSnV2nd,41,20,0,0,1,2,0,0,0,1,180
20200906-M-US_Open-R16-Novak_Djokovic-Pablo_Carreno_Busta,Novak Djokovic,SnV,1,1,0,0,0,1,0,0,0,0,5
20200906-M-US_Open-R16-Novak_Djokovic-Pablo_Carreno_Busta,Novak Djokovic,SnV1st,1,1,0,0,0,1,0,0,0,0,5
20200906-M-US_Open-R16-Novak_Djokovic-Pablo_Carreno_Busta,Novak Djokovic,nonSnV,27,20,9,0,6,1,0,1,1,1,92
20200906-M-US_Open-R16-Novak_Djokovic-Pablo_Carreno_Busta,Novak Djokovic,nonSnV1st,19,15,8,0,4,0,0,1,1,1,65
20200906-M-US_Open-R16-Novak_Djokovic-Pablo_Carreno_Busta,Novak Djokovic,nonSnV2nd,8,5,1,0,2,1,0,0,0,0,27
20200905-M-US_Open-R32-Felix_Auger_Aliassime-Corentin_Moutet,Corentin Moutet,SnV,2,1,0,0,0,0,1,0,0,0,5
20200905-M-US_Open-R32-Felix_Auger_Aliassime-Corentin_Moutet,Corentin Moutet,SnV1st,2,1,0,0,0,0,1,0,0,0,5
20200905-M-US_Open-R32-Felix_Auger_Aliassime-Corentin_Moutet,Corentin Moutet,nonSnV,71,33,2,0,4,2,2,1,1,2,283
20200905-M-US_Open-R32-Felix_Auger_Aliassime-Corentin_Moutet,Corentin Moutet,nonSnV1st,43,21,1,0,4,1,2,1,0,1,181
20200905-M-US_Open-R32-Felix_Auger_Aliassime-Corentin_Moutet,Corentin Moutet,nonSnV2nd,28,12,1,0,0,1,0,0,1,1,102
20200903-M-US_Open-R64-Milos_Raonic-Vasek_Pospisil,Vasek Pospisil,SnV,6,6,0,0,3,3,0,0,0,0,16
20200903-M-US_Open-R64-Milos_Raonic-Vasek_Pospisil,Vasek Pospisil,SnV1st,4,4,0,0,2,2,0,0,0,0,10
20200903-M-US_Open-R64-Milos_Raonic-Vasek_Pospisil,Vasek Pospisil,SnV2nd,2,2,0,0,1,1,0,0,0,0,6
20200903-M-US_Open-R64-Milos_Raonic-Vasek_Pospisil,Vasek Pospisil,nonSnV,121,93,20,6,21,3,10,0,2,1,333
20200903-M-US_Open-R64-Milos_Raonic-Vasek_Pospisil,Vasek Pospisil,nonSnV1st,86,69,19,6,21,1,8,0,0,1,205
20200903-M-US_Open-R64-Milos_Raonic-Vasek_Pospisil,Vasek Pospisil,nonSnV2nd,35,24,1,0,0,2,2,0,2,0,128
20200901-M-US_Open-R128-Andy_Murray-Yoshihito_Nishioka,Andy Murray,SnV,9,8,0,0,2,4,2,1,0,0,26
20200901-M-US_Open-R128-Andy_Murray-Yoshihito_Nishioka,Andy Murray,SnV1st,9,8,0,0,2,4,2,1,0,0,26
20200901-M-US_Open-R128-Andy_Murray-Yoshihito_Nishioka,Andy Murray,nonSnV,171,116,14,4,21,9,11,3,10,1,704
20200901-M-US_Open-R128-Andy_Murray-Yoshihito_Nishioka,Andy Murray,nonSnV1st,99,76,14,4,21,3,8,3,3,1,344
20200901-M-US_Open-R128-Andy_Murray-Yoshihito_Nishioka,Andy Murray,nonSnV2nd,72,40,0,0,0,6,3,0,7,0,360
20200901-M-US_Open-R128-Andy_Murray-Yoshihito_Nishioka,Yoshihito Nishioka,SnV,1,0,0,0,0,0,0,0,0,1,4
20200901-M-US_Open-R128-Andy_Murray-Yoshihito_Nishioka,Yoshihito Nishioka,SnV1st,1,0,0,0,0,0,0,0,0,1,4
20200901-M-US_Open-R128-Andy_Murray-Yoshihito_Nishioka,Yoshihito Nishioka,nonSnV,156,107,8,3,15,11,8,3,2,1,871
20200901-M-US_Open-R128-Andy_Murray-Yoshihito_Nishioka,Yoshihito Nishioka,nonSnV1st,108,77,8,3,15,8,6,2,2,0,577
20200901-M-US_Open-R128-Andy_Murray-Yoshihito_Nishioka,Yoshihito Nishioka,nonSnV2nd,48,30,0,0,0,3,2,1,0,1,294
20200202-M-Australian_Open-F-Novak_Djokovic-Dominic_Thiem,Novak Djokovic,SnV,3,2,0,0,0,2,0,1,0,0,10
20200202-M-Australian_Open-F-Novak_Djokovic-Dominic_Thiem,Novak Djokovic,SnV1st,2,1,0,0,0,1,0,1,0,0,7
20200202-M-Australian_Open-F-Novak_Djokovic-Dominic_Thiem,Novak Djokovic,SnV2nd,1,1,0,0,0,1,0,0,0,0,3
20200202-M-Australian_Open-F-Novak_Djokovic-Dominic_Thiem,Novak Djokovic,nonSnV,126,88,9,0,19,5,3,1,0,0,704
20200202-M-Australian_Open-F-Novak_Djokovic-Dominic_Thiem,Novak Djokovic,nonSnV1st,85,65,9,0,15,5,3,1,0,0,427
20200202-M-Australian_Open-F-Novak_Djokovic-Dominic_Thiem,Novak Djokovic,nonSnV2nd,41,23,0,0,4,0,0,0,0,0,277
20200131-M-Australian_Open-SF-Dominic_Thiem-Alexander_Zverev,Alexander Zverev,SnV,15,13,1,0,6,4,2,1,0,0,49
20200131-M-Australian_Open-SF-Dominic_Thiem-Alexander_Zverev,Alexander Zverev,SnV1st,13,11,1,0,6,3,1,1,0,0,43
20200131-M-Australian_Open-SF-Dominic_Thiem-Alexander_Zverev,Alexander Zverev,SnV2nd,2,2,0,0,0,1,1,0,0,0,6
20200131-M-Australian_Open-SF-Dominic_Thiem-Alexander_Zverev,Alexander Zverev,nonSnV,108,68,16,0,17,10,8,3,4,4,594
20200131-M-Australian_Open-SF-Dominic_Thiem-Alexander_Zverev,Alexander Zverev,nonSnV1st,89,58,15,0,15,9,8,3,4,4,446
20200131-M-Australian_Open-SF-Dominic_Thiem-Alexander_Zverev,Alexander Zverev,nonSnV2nd,19,10,1,0,2,1,0,0,0,0,148
20200130-M-Australian_Open-SF-Roger_Federer-Novak_Djokovic,Roger Federer,SnV,7,7,0,0,2,4,1,0,0,0,19
20200130-M-Australian_Open-SF-Roger_Federer-Novak_Djokovic,Roger Federer,SnV1st,7,7,0,0,2,4,1,0,0,0,19
20200130-M-Australian_Open-SF-Roger_Federer-Novak_Djokovic,Roger Federer,nonSnV,94,53,15,1,7,9,5,1,4,3,391
20200130-M-Australian_Open-SF-Roger_Federer-Novak_Djokovic,Roger Federer,nonSnV1st,61,38,14,1,7,6,4,0,2,3,190
20200130-M-Australian_Open-SF-Roger_Federer-Novak_Djokovic,Roger Federer,nonSnV2nd,33,15,1,0,0,3,1,1,2,0,201
20200129-M-Australian_Open-QF-Stan_Wawrinka-Alexander_Zverev,Stan Wawrinka,SnV,2,1,0,0,0,1,0,0,1,0,9
20200129-M-Australian_Open-QF-Stan_Wawrinka-Alexander_Zverev,Stan Wawrinka,SnV1st,2,1,0,0,0,1,0,0,1,0,9
20200129-M-Australian_Open-QF-Stan_Wawrinka-Alexander_Zverev,Stan Wawrinka,nonSnV,98,64,5,0,20,9,4,1,2,0,410
20200129-M-Australian_Open-QF-Stan_Wawrinka-Alexander_Zverev,Stan Wawrinka,nonSnV1st,58,40,5,0,19,5,2,1,2,0,214
20200129-M-Australian_Open-QF-Stan_Wawrinka-Alexander_Zverev,Stan Wawrinka,nonSnV2nd,40,24,0,0,1,4,2,0,0,0,196
20200129-M-Australian_Open-QF-Stan_Wawrinka-Alexander_Zverev,Alexander Zverev,SnV,5,5,0,0,2,2,1,0,0,0,13
20200129-M-Australian_Open-QF-Stan_Wawrinka-Alexander_Zverev,Alexander Zverev,SnV1st,3,3,0,0,2,1,0,0,0,0,5
20200129-M-Australian_Open-QF-Stan_Wawrinka-Alexander_Zverev,Alexander Zverev,SnV2nd,2,2,0,0,0,1,1,0,0,0,8
20200129-M-Australian_Open-QF-Stan_Wawrinka-Alexander_Zverev,Alexander Zverev,nonSnV,86,58,13,0,21,9,3,3,5,1,296
20200129-M-Australian_Open-QF-Stan_Wawrinka-Alexander_Zverev,Alexander Zverev,nonSnV1st,70,52,13,0,21,9,3,3,4,1,204
20200129-M-Australian_Open-QF-Stan_Wawrinka-Alexander_Zverev,Alexander Zverev,nonSnV2nd,16,6,0,0,0,0,0,0,1,0,92
20200129-M-Australian_Open-QF-Rafael_Nadal-Dominic_Thiem,Rafael Nadal,SnV,10,6,1,0,2,2,1,1,2,0,26
20200129-M-Australian_Open-QF-Rafael_Nadal-Dominic_Thiem,Rafael Nadal,SnV1st,10,6,1,0,2,2,1,1,2,0,26
20200129-M-Australian_Open-QF-Rafael_Nadal-Dominic_Thiem,Rafael Nadal,nonSnV,138,90,10,0,27,6,4,2,6,1,624
20200129-M-Australian_Open-QF-Rafael_Nadal-Dominic_Thiem,Rafael Nadal,nonSnV1st,95,66,10,0,26,5,4,2,3,1,368
20200129-M-Australian_Open-QF-Rafael_Nadal-Dominic_Thiem,Rafael Nadal,nonSnV2nd,43,24,0,0,1,1,0,0,3,0,256
20200129-M-Australian_Open-QF-Rafael_Nadal-Dominic_Thiem,Dominic Thiem,SnV,7,7,0,0,2,5,0,0,0,0,19
20200129-M-Australian_Open-QF-Rafael_Nadal-Dominic_Thiem,Dominic Thiem,SnV1st,7,7,0,0,2,5,0,0,0,0,19
20200129-M-Australian_Open-QF-Rafael_Nadal-Dominic_Thiem,Dominic Thiem,nonSnV,129,86,14,0,19,5,5,2,3,2,558
20200129-M-Australian_Open-QF-Rafael_Nadal-Dominic_Thiem,Dominic Thiem,nonSnV1st,76,58,14,0,16,5,4,1,1,0,250
20200129-M-Australian_Open-QF-Rafael_Nadal-Dominic_Thiem,Dominic Thiem,nonSnV2nd,53,28,0,0,3,0,1,1,2,2,308
20200128-M-Australian_Open-QF-Roger_Federer-Tennys_Sandgren,Roger Federer,SnV,23,16,0,0,10,6,0,4,2,0,50
20200128-M-Australian_Open-QF-Roger_Federer-Tennys_Sandgren,Roger Federer,SnV1st,22,15,0,0,10,5,0,4,2,0,47
20200128-M-Australian_Open-QF-Roger_Federer-Tennys_Sandgren,Roger Federer,SnV2nd,1,1,0,0,0,1,0,0,0,0,3
20200128-M-Australian_Open-QF-Roger_Federer-Tennys_Sandgren,Roger Federer,nonSnV,145,95,5,0,32,9,9,5,3,0,555
20200128-M-Australian_Open-QF-Roger_Federer-Tennys_Sandgren,Roger Federer,nonSnV1st,90,65,5,0,26,6,8,4,2,0,287
20200128-M-Australian_Open-QF-Roger_Federer-Tennys_Sandgren,Roger Federer,nonSnV2nd,55,30,0,0,6,3,1,1,1,0,268
20200128-M-Australian_Open-QF-Novak_Djokovic-Milos_Raonic,Novak Djokovic,SnV,3,3,0,0,1,1,1,0,0,0,7
20200128-M-Australian_Open-QF-Novak_Djokovic-Milos_Raonic,Novak Djokovic,SnV1st,3,3,0,0,1,1,1,0,0,0,7
20200128-M-Australian_Open-QF-Novak_Djokovic-Milos_Raonic,Novak Djokovic,nonSnV,90,68,4,0,25,0,2,0,2,1,384
20200128-M-Australian_Open-QF-Novak_Djokovic-Milos_Raonic,Novak Djokovic,nonSnV1st,63,55,4,0,24,0,2,0,2,0,253
20200128-M-Australian_Open-QF-Novak_Djokovic-Milos_Raonic,Novak Djokovic,nonSnV2nd,27,13,0,0,1,0,0,0,0,1,131
20200128-M-Australian_Open-QF-Novak_Djokovic-Milos_Raonic,Milos Raonic,SnV,4,3,0,0,0,1,2,1,0,0,11
20200128-M-Australian_Open-QF-Novak_Djokovic-Milos_Raonic,Milos Raonic,SnV1st,4,3,0,0,0,1,2,1,0,0,11
20200128-M-Australian_Open-QF-Novak_Djokovic-Milos_Raonic,Milos Raonic,nonSnV,112,69,15,0,20,7,6,5,2,3,395
20200128-M-Australian_Open-QF-Novak_Djokovic-Milos_Raonic,Milos Raonic,nonSnV1st,72,51,15,0,19,5,2,2,1,3,209
20200128-M-Australian_Open-QF-Novak_Djokovic-Milos_Raonic,Milos Raonic,nonSnV2nd,40,18,0,0,1,2,4,3,1,0,186
20200127-M-Australian_Open-R16-Stan_Wawrinka-Daniil_Medvedev,Stan Wawrinka,SnV,7,7,1,0,3,2,1,0,0,0,13
20200127-M-Australian_Open-R16-Stan_Wawrinka-Daniil_Medvedev,Stan Wawrinka,SnV1st,7,7,1,0,3,2,1,0,0,0,13
20200127-M-Australian_Open-R16-Stan_Wawrinka-Daniil_Medvedev,Stan Wawrinka,nonSnV,130,87,17,0,16,18,5,3,3,3,659
20200127-M-Australian_Open-R16-Stan_Wawrinka-Daniil_Medvedev,Stan Wawrinka,nonSnV1st,87,65,17,0,16,13,3,3,2,2,349
20200127-M-Australian_Open-R16-Stan_Wawrinka-Daniil_Medvedev,Stan Wawrinka,nonSnV2nd,43,22,0,0,0,5,2,0,1,1,310
20200127-M-Australian_Open-R16-Stan_Wawrinka-Daniil_Medvedev,Daniil Medvedev,SnV,4,3,3,0,0,0,0,0,1,0,7
20200127-M-Australian_Open-R16-Stan_Wawrinka-Daniil_Medvedev,Daniil Medvedev,SnV1st,3,3,3,0,0,0,0,0,0,0,3
20200127-M-Australian_Open-R16-Stan_Wawrinka-Daniil_Medvedev,Daniil Medvedev,SnV2nd,1,0,0,0,0,0,0,0,1,0,4
20200127-M-Australian_Open-R16-Stan_Wawrinka-Daniil_Medvedev,Daniil Medvedev,nonSnV,137,89,16,1,14,8,7,4,7,0,753
20200127-M-Australian_Open-R16-Stan_Wawrinka-Daniil_Medvedev,Daniil Medvedev,nonSnV1st,96,64,16,1,14,6,5,4,5,0,458
20200127-M-Australian_Open-R16-Stan_Wawrinka-Daniil_Medvedev,Daniil Medvedev,nonSnV2nd,41,25,0,0,0,2,2,0,2,0,295
20200127-M-Australian_Open-R16-Rafael_Nadal-Nick_Kyrgios,Rafael Nadal,SnV,2,2,0,0,1,1,0,0,0,0,4
20200127-M-Australian_Open-R16-Rafael_Nadal-Nick_Kyrgios,Rafael Nadal,SnV1st,2,2,0,0,1,1,0,0,0,0,4
20200127-M-Australian_Open-R16-Rafael_Nadal-Nick_Kyrgios,Rafael Nadal,nonSnV,115,91,12,0,11,17,8,1,0,2,639
20200127-M-Australian_Open-R16-Rafael_Nadal-Nick_Kyrgios,Rafael Nadal,nonSnV1st,78,65,11,0,10,14,7,1,0,2,377
20200127-M-Australian_Open-R16-Rafael_Nadal-Nick_Kyrgios,Rafael Nadal,nonSnV2nd,37,26,1,0,1,3,1,0,0,0,262
20200127-M-Australian_Open-R16-Rafael_Nadal-Nick_Kyrgios,Nick Kyrgios,SnV,18,11,1,0,4,3,2,1,2,0,65
20200127-M-Australian_Open-R16-Rafael_Nadal-Nick_Kyrgios,Nick Kyrgios,SnV1st,15,9,1,0,3,3,2,1,1,0,45
20200127-M-Australian_Open-R16-Rafael_Nadal-Nick_Kyrgios,Nick Kyrgios,SnV2nd,3,2,0,0,1,0,0,0,1,0,20
20200127-M-Australian_Open-R16-Rafael_Nadal-Nick_Kyrgios,Nick Kyrgios,nonSnV,126,85,26,0,15,8,6,1,5,1,541
20200127-M-Australian_Open-R16-Rafael_Nadal-Nick_Kyrgios,Nick Kyrgios,nonSnV1st,96,73,26,0,15,8,6,1,2,1,361
20200127-M-Australian_Open-R16-Rafael_Nadal-Nick_Kyrgios,Nick Kyrgios,nonSnV2nd,30,12,0,0,0,0,0,0,3,0,180
20200127-M-Australian_Open-R16-Gael_Monfils-Dominic_Thiem,Gael Monfils,SnV,8,3,0,0,2,1,0,2,1,0,19
20200127-M-Australian_Open-R16-Gael_Monfils-Dominic_Thiem,Gael Monfils,SnV1st,6,2,0,0,2,0,0,2,1,0,12
20200127-M-Australian_Open-R16-Gael_Monfils-Dominic_Thiem,Gael Monfils,SnV2nd,2,1,0,0,0,1,0,0,0,0,7
20200127-M-Australian_Open-R16-Gael_Monfils-Dominic_Thiem,Gael Monfils,nonSnV,96,57,9,0,18,2,2,0,3,1,427
20200127-M-Australian_Open-R16-Gael_Monfils-Dominic_Thiem,Gael Monfils,nonSnV1st,73,46,9,0,17,2,1,0,1,1,318
20200127-M-Australian_Open-R16-Gael_Monfils-Dominic_Thiem,Gael Monfils,nonSnV2nd,23,11,0,0,1,0,1,0,2,0,109
20200127-M-Australian_Open-R16-Andrey_Rublev-Alexander_Zverev,Andrey Rublev,SnV,2,2,0,0,0,2,0,0,0,0,6
20200127-M-Australian_Open-R16-Andrey_Rublev-Alexander_Zverev,Andrey Rublev,SnV1st,2,2,0,0,0,2,0,0,0,0,6
20200127-M-Australian_Open-R16-Andrey_Rublev-Alexander_Zverev,Andrey Rublev,nonSnV,74,53,5,0,12,2,3,1,0,1,393
20200127-M-Australian_Open-R16-Andrey_Rublev-Alexander_Zverev,Andrey Rublev,nonSnV1st,51,39,5,0,12,2,3,1,0,0,219
20200127-M-Australian_Open-R16-Andrey_Rublev-Alexander_Zverev,Andrey Rublev,nonSnV2nd,23,14,0,0,0,0,0,0,0,1,174
20200127-M-Australian_Open-R16-Andrey_Rublev-Alexander_Zverev,Alexander Zverev,SnV,1,1,0,0,0,1,0,0,0,0,3
20200127-M-Australian_Open-R16-Andrey_Rublev-Alexander_Zverev,Alexander Zverev,SnV1st,1,1,0,0,0,1,0,0,0,0,3
20200127-M-Australian_Open-R16-Andrey_Rublev-Alexander_Zverev,Alexander Zverev,nonSnV,68,59,11,0,20,5,2,1,1,0,281
20200127-M-Australian_Open-R16-Andrey_Rublev-Alexander_Zverev,Alexander Zverev,nonSnV1st,53,48,11,0,19,4,2,1,1,0,180
20200127-M-Australian_Open-R16-Andrey_Rublev-Alexander_Zverev,Alexander Zverev,nonSnV2nd,15,11,0,0,1,1,0,0,0,0,101
20200126-M-Australian_Open-R16-Roger_Federer-Marton_Fucsovics,Roger Federer,SnV,11,7,0,0,0,6,1,1,1,1,41
20200126-M-Australian_Open-R16-Roger_Federer-Marton_Fucsovics,Roger Federer,SnV1st,9,6,0,0,0,5,1,1,0,1,34
20200126-M-Australian_Open-R16-Roger_Federer-Marton_Fucsovics,Roger Federer,SnV2nd,2,1,0,0,0,1,0,0,1,0,7
20200126-M-Australian_Open-R16-Roger_Federer-Marton_Fucsovics,Roger Federer,nonSnV,92,62,5,0,8,10,10,1,2,0,412
20200126-M-Australian_Open-R16-Roger_Federer-Marton_Fucsovics,Roger Federer,nonSnV1st,54,42,5,0,8,6,7,1,0,0,222
20200126-M-Australian_Open-R16-Roger_Federer-Marton_Fucsovics,Roger Federer,nonSnV2nd,38,20,0,0,0,4,3,0,2,0,190
20200126-M-Australian_Open-R16-Roger_Federer-Marton_Fucsovics,Marton Fucsovics,SnV,1,0,0,0,0,0,0,0,0,0,2
20200126-M-Australian_Open-R16-Roger_Federer-Marton_Fucsovics,Marton Fucsovics,SnV2nd,1,0,0,0,0,0,0,0,0,0,2
20200126-M-Australian_Open-R16-Roger_Federer-Marton_Fucsovics,Marton Fucsovics,nonSnV,87,49,1,0,12,3,3,2,8,0,421
20200126-M-Australian_Open-R16-Roger_Federer-Marton_Fucsovics,Marton Fucsovics,nonSnV1st,44,25,1,0,12,1,1,2,4,0,153
20200126-M-Australian_Open-R16-Roger_Federer-Marton_Fucsovics,Marton Fucsovics,nonSnV2nd,43,24,0,0,0,2,2,0,4,0,268
20200125-M-Australian_Open-R32-Taylor_Fritz-Dominic_Thiem,Taylor Fritz,SnV,3,2,0,0,0,2,0,0,0,1,10
20200125-M-Australian_Open-R32-Taylor_Fritz-Dominic_Thiem,Taylor Fritz,SnV1st,2,1,0,0,0,1,0,0,0,1,7
20200125-M-Australian_Open-R32-Taylor_Fritz-Dominic_Thiem,Taylor Fritz,SnV2nd,1,1,0,0,0,1,0,0,0,0,3
20200125-M-Australian_Open-R32-Taylor_Fritz-Dominic_Thiem,Taylor Fritz,nonSnV,115,75,20,0,18,8,2,0,4,0,465
20200125-M-Australian_Open-R32-Taylor_Fritz-Dominic_Thiem,Taylor Fritz,nonSnV1st,83,59,20,0,18,7,2,0,4,0,289
20200125-M-Australian_Open-R32-Taylor_Fritz-Dominic_Thiem,Taylor Fritz,nonSnV2nd,32,16,0,0,0,1,0,0,0,0,176
20200125-M-Australian_Open-R32-Taylor_Fritz-Dominic_Thiem,Dominic Thiem,SnV,3,3,0,0,1,2,0,0,0,0,11
20200125-M-Australian_Open-R32-Taylor_Fritz-Dominic_Thiem,Dominic Thiem,SnV1st,3,3,0,0,1,2,0,0,0,0,11
20200125-M-Australian_Open-R32-Taylor_Fritz-Dominic_Thiem,Dominic Thiem,nonSnV,126,90,12,0,22,12,4,1,1,2,476
20200125-M-Australian_Open-R32-Taylor_Fritz-Dominic_Thiem,Dominic Thiem,nonSnV1st,87,66,12,0,22,9,4,1,0,2,310
20200125-M-Australian_Open-R32-Taylor_Fritz-Dominic_Thiem,Dominic Thiem,nonSnV2nd,39,24,0,0,0,3,0,0,1,0,166
20200125-M-Australian_Open-R32-Rafael_Nadal-Pablo_Carreno_Busta,Rafael Nadal,SnV,5,5,2,0,1,2,0,0,0,0,11
20200125-M-Australian_Open-R32-Rafael_Nadal-Pablo_Carreno_Busta,Rafael Nadal,SnV1st,5,5,2,0,1,2,0,0,0,0,11
20200125-M-Australian_Open-R32-Rafael_Nadal-Pablo_Carreno_Busta,Rafael Nadal,nonSnV,57,47,8,0,10,7,1,1,0,0,213
20200125-M-Australian_Open-R32-Rafael_Nadal-Pablo_Carreno_Busta,Rafael Nadal,nonSnV1st,34,29,8,0,9,3,1,1,0,0,93
20200125-M-Australian_Open-R32-Rafael_Nadal-Pablo_Carreno_Busta,Rafael Nadal,nonSnV2nd,23,18,0,0,1,4,0,0,0,0,120
20200125-M-Australian_Open-R32-Rafael_Nadal-Pablo_Carreno_Busta,Pablo Carreno Busta,SnV,3,3,0,0,2,1,0,0,0,0,5
20200125-M-Australian_Open-R32-Rafael_Nadal-Pablo_Carreno_Busta,Pablo Carreno Busta,SnV1st,3,3,0,0,2,1,0,0,0,0,5
20200125-M-Australian_Open-R32-Rafael_Nadal-Pablo_Carreno_Busta,Pablo Carreno Busta,nonSnV,59,33,6,0,8,5,3,1,3,0,283
20200125-M-Australian_Open-R32-Rafael_Nadal-Pablo_Carreno_Busta,Pablo Carreno Busta,nonSnV1st,38,26,6,0,8,3,2,1,3,0,162
20200125-M-Australian_Open-R32-Rafael_Nadal-Pablo_Carreno_Busta,Pablo Carreno Busta,nonSnV2nd,21,7,0,0,0,2,1,0,0,0,121
20200125-M-Australian_Open-R32-Fernando_Verdasco-Alexander_Zverev,Fernando Verdasco,SnV,2,2,0,0,0,1,1,0,0,0,6
20200125-M-Australian_Open-R32-Fernando_Verdasco-Alexander_Zverev,Fernando Verdasco,SnV1st,2,2,0,0,0,1,1,0,0,0,6
20200125-M-Australian_Open-R32-Fernando_Verdasco-Alexander_Zverev,Fernando Verdasco,nonSnV,80,41,3,0,13,3,2,1,4,0,377
20200125-M-Australian_Open-R32-Fernando_Verdasco-Alexander_Zverev,Fernando Verdasco,nonSnV1st,47,25,3,0,11,1,1,1,2,0,203
20200125-M-Australian_Open-R32-Fernando_Verdasco-Alexander_Zverev,Fernando Verdasco,nonSnV2nd,33,16,0,0,2,2,1,0,2,0,174
20200125-M-Australian_Open-R32-Alexei_Popyrin-Daniil_Medvedev,Alexei Popyrin,SnV,4,2,1,0,0,0,1,1,1,0,10
20200125-M-Australian_Open-R32-Alexei_Popyrin-Daniil_Medvedev,Alexei Popyrin,SnV1st,4,2,1,0,0,0,1,1,1,0,10
20200125-M-Australian_Open-R32-Alexei_Popyrin-Daniil_Medvedev,Alexei Popyrin,nonSnV,69,41,7,0,11,7,1,1,2,2,277
20200125-M-Australian_Open-R32-Alexei_Popyrin-Daniil_Medvedev,Alexei Popyrin,nonSnV1st,46,32,7,0,10,6,0,1,2,2,182
20200125-M-Australian_Open-R32-Alexei_Popyrin-Daniil_Medvedev,Alexei Popyrin,nonSnV2nd,23,9,0,0,1,1,1,0,0,0,95
20200124-M-Australian_Open-R32-John_Millman-Roger_Federer,Roger Federer,SnV,10,7,1,0,3,1,2,0,2,0,23
20200124-M-Australian_Open-R32-John_Millman-Roger_Federer,Roger Federer,SnV1st,6,5,1,0,2,1,1,0,0,0,11
20200124-M-Australian_Open-R32-John_Millman-Roger_Federer,Roger Federer,SnV2nd,4,2,0,0,1,0,1,0,2,0,12
20200124-M-Australian_Open-R32-John_Millman-Roger_Federer,Roger Federer,nonSnV,154,108,15,1,25,14,19,1,3,3,604
20200124-M-Australian_Open-R32-John_Millman-Roger_Federer,Roger Federer,nonSnV1st,106,80,14,1,24,11,12,1,2,3,368
20200124-M-Australian_Open-R32-John_Millman-Roger_Federer,Roger Federer,nonSnV2nd,48,28,1,0,1,3,7,0,1,0,236
20200124-M-Australian_Open-R32-Guido_Pella-Fabio_Fognini,Guido Pella,SnV,2,2,1,0,0,0,1,0,0,0,4
20200124-M-Australian_Open-R32-Guido_Pella-Fabio_Fognini,Guido Pella,SnV1st,2,2,1,0,0,0,1,0,0,0,4
20200124-M-Australian_Open-R32-Guido_Pella-Fabio_Fognini,Guido Pella,nonSnV,84,48,6,0,6,2,6,0,6,0,432
20200124-M-Australian_Open-R32-Guido_Pella-Fabio_Fognini,Guido Pella,nonSnV1st,59,36,6,0,5,2,5,0,5,0,276
20200124-M-Australian_Open-R32-Guido_Pella-Fabio_Fognini,Guido Pella,nonSnV2nd,25,12,0,0,1,0,1,0,1,0,156
20200124-M-Australian_Open-R32-Guido_Pella-Fabio_Fognini,Fabio Fognini,SnV,3,2,0,0,1,0,1,0,0,0,6
20200124-M-Australian_Open-R32-Guido_Pella-Fabio_Fognini,Fabio Fognini,SnV1st,3,2,0,0,1,0,1,0,0,0,6
20200124-M-Australian_Open-R32-Guido_Pella-Fabio_Fognini,Fabio Fognini,nonSnV,87,64,11,0,6,10,6,1,2,0,446
20200124-M-Australian_Open-R32-Guido_Pella-Fabio_Fognini,Fabio Fognini,nonSnV1st,58,45,11,0,6,8,4,1,2,0,291
20200124-M-Australian_Open-R32-Guido_Pella-Fabio_Fognini,Fabio Fognini,nonSnV2nd,29,19,0,0,0,2,2,0,0,0,155
20200123-M-Australian_Open-R64-Gael_Monfils-Ivo_Karlovic,Gael Monfils,SnV,2,0,0,0,0,0,0,0,0,0,8
20200123-M-Australian_Open-R64-Gael_Monfils-Ivo_Karlovic,Gael Monfils,SnV1st,1,0,0,0,0,0,0,0,0,0,6
20200123-M-Australian_Open-R64-Gael_Monfils-Ivo_Karlovic,Gael Monfils,SnV2nd,1,0,0,0,0,0,0,0,0,0,2
20200123-M-Australian_Open-R64-Gael_Monfils-Ivo_Karlovic,Gael Monfils,nonSnV,117,94,5,0,32,2,1,0,1,1,350
20200123-M-Australian_Open-R64-Gael_Monfils-Ivo_Karlovic,Gael Monfils,nonSnV1st,90,78,4,0,31,2,1,0,1,1,278
20200123-M-Australian_Open-R64-Gael_Monfils-Ivo_Karlovic,Gael Monfils,nonSnV2nd,27,16,1,0,1,0,0,0,0,0,72
20200123-M-Australian_Open-R64-Gael_Monfils-Ivo_Karlovic,Ivo Karlovic,SnV,130,96,17,0,33,28,17,11,9,4,328
20200123-M-Australian_Open-R64-Gael_Monfils-Ivo_Karlovic,Ivo Karlovic,SnV1st,85,71,17,0,23,19,11,4,3,3,197
20200123-M-Australian_Open-R64-Gael_Monfils-Ivo_Karlovic,Ivo Karlovic,SnV2nd,45,25,0,0,10,9,6,7,6,1,131
20200122-M-Australian_Open-R64-Jannik_Sinner-Marton_Fucsovics,Jannik Sinner,SnV,1,1,0,0,0,0,1,0,0,0,3
20200122-M-Australian_Open-R64-Jannik_Sinner-Marton_Fucsovics,Jannik Sinner,SnV1st,1,1,0,0,0,0,1,0,0,0,3
20200122-M-Australian_Open-R64-Jannik_Sinner-Marton_Fucsovics,Jannik Sinner,nonSnV,96,52,0,0,15,3,8,1,2,3,566
20200122-M-Australian_Open-R64-Jannik_Sinner-Marton_Fucsovics,Jannik Sinner,nonSnV1st,54,35,0,0,15,1,7,1,1,2,305
20200122-M-Australian_Open-R64-Jannik_Sinner-Marton_Fucsovics,Jannik Sinner,nonSnV2nd,42,17,0,0,0,2,1,0,1,1,261
20200122-M-Australian_Open-R64-Jannik_Sinner-Marton_Fucsovics,Marton Fucsovics,SnV,4,3,1,0,0,1,1,1,0,0,9
20200122-M-Australian_Open-R64-Jannik_Sinner-Marton_Fucsovics,Marton Fucsovics,SnV1st,4,3,1,0,0,1,1,1,0,0,9
20200122-M-Australian_Open-R64-Jannik_Sinner-Marton_Fucsovics,Marton Fucsovics,nonSnV,81,51,5,2,15,5,3,1,0,0,437
20200122-M-Australian_Open-R64-Jannik_Sinner-Marton_Fucsovics,Marton Fucsovics,nonSnV1st,51,35,5,2,15,2,1,1,0,0,225
20200122-M-Australian_Open-R64-Jannik_Sinner-Marton_Fucsovics,Marton Fucsovics,nonSnV2nd,30,16,0,0,0,3,2,0,0,0,212
20200121-M-Australian_Open-R128-Vasek_Pospisil-Ivo_Karlovic,Vasek Pospisil,SnV,13,11,3,0,6,2,0,0,0,0,21
20200121-M-Australian_Open-R128-Vasek_Pospisil-Ivo_Karlovic,Vasek Pospisil,SnV1st,9,8,3,0,4,1,0,0,0,0,12
20200121-M-Australian_Open-R128-Vasek_Pospisil-Ivo_Karlovic,Vasek Pospisil,SnV2nd,4,3,0,0,2,1,0,0,0,0,9
20200121-M-Australian_Open-R128-Vasek_Pospisil-Ivo_Karlovic,Vasek Pospisil,nonSnV,74,56,11,1,11,13,3,1,2,3,192
20200121-M-Australian_Open-R128-Vasek_Pospisil-Ivo_Karlovic,Vasek Pospisil,nonSnV1st,45,36,9,1,11,9,3,1,2,3,112
20200121-M-Australian_Open-R128-Vasek_Pospisil-Ivo_Karlovic,Vasek Pospisil,nonSnV2nd,29,20,2,0,0,4,0,0,0,0,80
20200121-M-Australian_Open-R128-Vasek_Pospisil-Ivo_Karlovic,Ivo Karlovic,SnV,89,74,12,3,35,13,11,1,7,0,188
20200121-M-Australian_Open-R128-Vasek_Pospisil-Ivo_Karlovic,Ivo Karlovic,SnV1st,62,56,11,3,26,10,6,0,4,0,118
20200121-M-Australian_Open-R128-Vasek_Pospisil-Ivo_Karlovic,Ivo Karlovic,SnV2nd,27,18,1,0,9,3,5,1,3,0,70
20200121-M-Australian_Open-R128-Vasek_Pospisil-Ivo_Karlovic,Ivo Karlovic,nonSnV,2,2,1,0,0,0,1,0,0,0,4
20200121-M-Australian_Open-R128-Vasek_Pospisil-Ivo_Karlovic,Ivo Karlovic,nonSnV1st,2,2,1,0,0,0,1,0,0,0,4
20200121-M-Australian_Open-R128-Taylor_Fritz-Tallon_Griekspoor,Taylor Fritz,SnV,3,2,1,0,1,0,0,1,0,0,4
20200121-M-Australian_Open-R128-Taylor_Fritz-Tallon_Griekspoor,Taylor Fritz,SnV1st,3,2,1,0,1,0,0,1,0,0,4
20200121-M-Australian_Open-R128-Taylor_Fritz-Tallon_Griekspoor,Taylor Fritz,nonSnV,66,55,16,2,11,4,3,1,0,0,167
20200121-M-Australian_Open-R128-Taylor_Fritz-Tallon_Griekspoor,Taylor Fritz,nonSnV1st,43,42,16,1,10,3,3,0,0,0,80
20200121-M-Australian_Open-R128-Taylor_Fritz-Tallon_Griekspoor,Taylor Fritz,nonSnV2nd,23,13,0,1,1,1,0,1,0,0,87
20200121-M-Australian_Open-R128-Taylor_Fritz-Tallon_Griekspoor,Tallon Griekspoor,SnV,2,1,0,0,0,0,1,0,1,0,7
20200121-M-Australian_Open-R128-Taylor_Fritz-Tallon_Griekspoor,Tallon Griekspoor,SnV1st,2,1,0,0,0,0,1,0,1,0,7
20200121-M-Australian_Open-R128-Taylor_Fritz-Tallon_Griekspoor,Tallon Griekspoor,nonSnV,84,51,4,0,17,6,3,1,3,1,309
20200121-M-Australian_Open-R128-Taylor_Fritz-Tallon_Griekspoor,Tallon Griekspoor,nonSnV1st,56,39,4,0,14,5,3,1,1,1,215
20200121-M-Australian_Open-R128-Taylor_Fritz-Tallon_Griekspoor,Tallon Griekspoor,nonSnV2nd,28,12,0,0,3,1,0,0,2,0,94
20200121-M-Australian_Open-R128-Pedro_Martinez-Dominik_Koepfer,Pedro Martinez,SnV,5,5,0,0,1,2,2,0,0,0,15
20200121-M-Australian_Open-R128-Pedro_Martinez-Dominik_Koepfer,Pedro Martinez,SnV1st,5,5,0,0,1,2,2,0,0,0,15
20200121-M-Australian_Open-R128-Pedro_Martinez-Dominik_Koepfer,Pedro Martinez,nonSnV,85,59,1,0,7,13,7,2,4,1,447
20200121-M-Australian_Open-R128-Pedro_Martinez-Dominik_Koepfer,Pedro Martinez,nonSnV1st,55,39,1,0,6,9,6,2,2,1,247
20200121-M-Australian_Open-R128-Pedro_Martinez-Dominik_Koepfer,Pedro Martinez,nonSnV2nd,30,20,0,0,1,4,1,0,2,0,200
20200121-M-Australian_Open-R128-Pedro_Martinez-Dominik_Koepfer,Dominik Koepfer,SnV,8,5,0,0,0,3,2,1,0,0,25
20200121-M-Australian_Open-R128-Pedro_Martinez-Dominik_Koepfer,Dominik Koepfer,SnV1st,8,5,0,0,0,3,2,1,0,0,25
20200121-M-Australian_Open-R128-Pedro_Martinez-Dominik_Koepfer,Dominik Koepfer,nonSnV,89,55,10,0,9,7,4,1,4,1,419
20200121-M-Australian_Open-R128-Pedro_Martinez-Dominik_Koepfer,Dominik Koepfer,nonSnV1st,64,45,10,0,9,7,4,1,4,1,275
20200121-M-Australian_Open-R128-Pedro_Martinez-Dominik_Koepfer,Dominik Koepfer,nonSnV2nd,25,10,0,0,0,0,0,0,0,0,144
20200121-M-Australian_Open-R128-Marc_Polmans-Mikhail_Kukushkin,Marc Polmans,SnV,5,3,0,0,0,3,0,0,1,0,17
20200121-M-Australian_Open-R128-Marc_Polmans-Mikhail_Kukushkin,Marc Polmans,SnV1st,5,3,0,0,0,3,0,0,1,0,17
20200121-M-Australian_Open-R128-Marc_Polmans-Mikhail_Kukushkin,Marc Polmans,nonSnV,164,101,22,0,26,5,3,2,5,4,691
20200121-M-Australian_Open-R128-Marc_Polmans-Mikhail_Kukushkin,Marc Polmans,nonSnV1st,116,80,22,0,26,4,2,1,2,2,434
20200121-M-Australian_Open-R128-Marc_Polmans-Mikhail_Kukushkin,Marc Polmans,nonSnV2nd,48,21,0,0,0,1,1,1,3,2,257
20200121-M-Australian_Open-R128-Marc_Polmans-Mikhail_Kukushkin,Mikhail Kukushkin,SnV,2,2,0,0,1,1,0,0,0,0,4
20200121-M-Australian_Open-R128-Marc_Polmans-Mikhail_Kukushkin,Mikhail Kukushkin,SnV1st,2,2,0,0,1,1,0,0,0,0,4
20200121-M-Australian_Open-R128-Marc_Polmans-Mikhail_Kukushkin,Mikhail Kukushkin,nonSnV,169,98,7,0,12,19,6,3,3,10,878
20200121-M-Australian_Open-R128-Marc_Polmans-Mikhail_Kukushkin,Mikhail Kukushkin,nonSnV1st,110,67,7,0,12,13,6,2,2,6,551
20200121-M-Australian_Open-R128-Marc_Polmans-Mikhail_Kukushkin,Mikhail Kukushkin,nonSnV2nd,59,31,0,0,0,6,0,1,1,4,327
20200121-M-Australian_Open-R128-Ernests_Gulbis-Felix_Auger_Aliassime,Ernests Gulbis,SnV,1,1,0,0,1,0,0,0,0,0,1
20200121-M-Australian_Open-R128-Ernests_Gulbis-Felix_Auger_Aliassime,Ernests Gulbis,SnV1st,1,1,0,0,1,0,0,0,0,0,1
20200121-M-Australian_Open-R128-Ernests_Gulbis-Felix_Auger_Aliassime,Ernests Gulbis,nonSnV,129,93,15,0,31,2,6,2,1,1,465
20200121-M-Australian_Open-R128-Ernests_Gulbis-Felix_Auger_Aliassime,Ernests Gulbis,nonSnV1st,74,58,13,0,28,2,3,1,0,1,200
20200121-M-Australian_Open-R128-Ernests_Gulbis-Felix_Auger_Aliassime,Ernests Gulbis,nonSnV2nd,55,35,2,0,3,0,3,1,1,0,265
20200121-M-Australian_Open-R128-Casper_Ruud-Egor_Gerasimov,Casper Ruud,SnV,1,0,0,0,0,0,0,0,0,1,4
20200121-M-Australian_Open-R128-Casper_Ruud-Egor_Gerasimov,Casper Ruud,SnV1st,1,0,0,0,0,0,0,0,0,1,4
20200121-M-Australian_Open-R128-Casper_Ruud-Egor_Gerasimov,Casper Ruud,nonSnV,162,113,13,1,22,13,9,3,5,2,789
20200121-M-Australian_Open-R128-Casper_Ruud-Egor_Gerasimov,Casper Ruud,nonSnV1st,120,86,13,1,22,11,7,1,3,1,500
20200121-M-Australian_Open-R128-Casper_Ruud-Egor_Gerasimov,Casper Ruud,nonSnV2nd,42,27,0,0,0,2,2,2,2,1,289
20200121-M-Australian_Open-R128-Casper_Ruud-Egor_Gerasimov,Egor Gerasimov,SnV,29,24,3,2,4,13,2,5,0,0,82
20200121-M-Australian_Open-R128-Casper_Ruud-Egor_Gerasimov,Egor Gerasimov,SnV1st,29,24,3,2,4,13,2,5,0,0,82
20200121-M-Australian_Open-R128-Casper_Ruud-Egor_Gerasimov,Egor Gerasimov,nonSnV,127,82,18,0,12,13,6,3,4,1,592
20200121-M-Australian_Open-R128-Casper_Ruud-Egor_Gerasimov,Egor Gerasimov,nonSnV1st,84,57,17,0,10,9,5,2,4,1,335
20200121-M-Australian_Open-R128-Casper_Ruud-Egor_Gerasimov,Egor Gerasimov,nonSnV2nd,43,25,1,0,2,4,1,1,0,0,257
20200120-M-Australian_Open-R128-Roger_Federer-Steve_Johnson,Roger Federer,SnV,15,12,3,0,2,4,2,1,0,0,34
20200120-M-Australian_Open-R128-Roger_Federer-Steve_Johnson,Roger Federer,SnV1st,13,10,3,0,2,3,1,1,0,0,28
20200120-M-Australian_Open-R128-Roger_Federer-Steve_Johnson,Roger Federer,SnV2nd,2,2,0,0,0,1,1,0,0,0,6
20200120-M-Australian_Open-R128-Roger_Federer-Steve_Johnson,Roger Federer,nonSnV,50,41,8,0,12,5,2,1,2,0,157
20200120-M-Australian_Open-R128-Roger_Federer-Steve_Johnson,Roger Federer,nonSnV1st,36,30,8,0,11,4,1,1,2,0,108
20200120-M-Australian_Open-R128-Roger_Federer-Steve_Johnson,Roger Federer,nonSnV2nd,14,11,0,0,1,1,1,0,0,0,49
20200120-M-Australian_Open-R128-Denis_Shapovalov-Marton_Fucsovics,Denis Shapovalov,SnV,8,6,0,0,0,5,1,0,2,0,30
20200120-M-Australian_Open-R128-Denis_Shapovalov-Marton_Fucsovics,Denis Shapovalov,SnV1st,8,6,0,0,0,5,1,0,2,0,30
20200120-M-Australian_Open-R128-Denis_Shapovalov-Marton_Fucsovics,Denis Shapovalov,nonSnV,126,81,7,1,20,10,16,4,6,3,509
20200120-M-Australian_Open-R128-Denis_Shapovalov-Marton_Fucsovics,Denis Shapovalov,nonSnV1st,78,59,7,1,18,8,13,4,4,1,277
20200120-M-Australian_Open-R128-Denis_Shapovalov-Marton_Fucsovics,Denis Shapovalov,nonSnV2nd,48,22,0,0,2,2,3,0,2,2,232
20200120-M-Australian_Open-R128-Denis_Shapovalov-Marton_Fucsovics,Marton Fucsovics,SnV,8,7,0,0,4,3,0,0,1,0,19
20200120-M-Australian_Open-R128-Denis_Shapovalov-Marton_Fucsovics,Marton Fucsovics,SnV1st,8,7,0,0,4,3,0,0,1,0,19
20200120-M-Australian_Open-R128-Denis_Shapovalov-Marton_Fucsovics,Marton Fucsovics,nonSnV,113,83,3,1,24,12,7,2,3,3,443
20200120-M-Australian_Open-R128-Denis_Shapovalov-Marton_Fucsovics,Marton Fucsovics,nonSnV1st,72,58,3,1,24,11,5,2,1,2,254
20200120-M-Australian_Open-R128-Denis_Shapovalov-Marton_Fucsovics,Marton Fucsovics,nonSnV2nd,41,25,0,0,0,1,2,0,2,1,189
20200118-M-Australian_Open-Q3-Lorenzo_Musetti-Tallon_Griekspoor,Lorenzo Musetti,SnV,3,3,0,0,0,2,1,0,0,0,11
20200118-M-Australian_Open-Q3-Lorenzo_Musetti-Tallon_Griekspoor,Lorenzo Musetti,SnV1st,3,3,0,0,0,2,1,0,0,0,11
20200118-M-Australian_Open-Q3-Lorenzo_Musetti-Tallon_Griekspoor,Lorenzo Musetti,nonSnV,68,46,6,0,11,2,3,2,2,1,260
20200118-M-Australian_Open-Q3-Lorenzo_Musetti-Tallon_Griekspoor,Lorenzo Musetti,nonSnV1st,39,30,6,0,11,2,3,2,0,1,112
20200118-M-Australian_Open-Q3-Lorenzo_Musetti-Tallon_Griekspoor,Lorenzo Musetti,nonSnV2nd,29,16,0,0,0,0,0,0,2,0,148
20200118-M-Australian_Open-Q3-Lorenzo_Musetti-Tallon_Griekspoor,Tallon Griekspoor,SnV,4,3,0,0,1,2,0,0,0,0,9
20200118-M-Australian_Open-Q3-Lorenzo_Musetti-Tallon_Griekspoor,Tallon Griekspoor,SnV1st,2,1,0,0,1,0,0,0,0,0,3
20200118-M-Australian_Open-Q3-Lorenzo_Musetti-Tallon_Griekspoor,Tallon Griekspoor,SnV2nd,2,2,0,0,0,2,0,0,0,0,6
20200118-M-Australian_Open-Q3-Lorenzo_Musetti-Tallon_Griekspoor,Tallon Griekspoor,nonSnV,76,54,2,1,15,8,7,3,4,0,282
20200118-M-Australian_Open-Q3-Lorenzo_Musetti-Tallon_Griekspoor,Tallon Griekspoor,nonSnV1st,54,44,2,1,15,6,7,2,2,0,176
20200118-M-Australian_Open-Q3-Lorenzo_Musetti-Tallon_Griekspoor,Tallon Griekspoor,nonSnV2nd,22,10,0,0,0,2,0,1,2,0,106
20200115-M-Australian_Open-Q1-Elliot_Benchetrit-Steve_Darcis,Elliot Benchetrit,SnV,2,2,0,0,1,0,1,0,0,0,4
20200115-M-Australian_Open-Q1-Elliot_Benchetrit-Steve_Darcis,Elliot Benchetrit,SnV1st,1,1,0,0,1,0,0,0,0,0,1
20200115-M-Australian_Open-Q1-Elliot_Benchetrit-Steve_Darcis,Elliot Benchetrit,SnV2nd,1,1,0,0,0,0,1,0,0,0,3
20200115-M-Australian_Open-Q1-Elliot_Benchetrit-Steve_Darcis,Elliot Benchetrit,nonSnV,61,40,7,0,7,10,2,1,1,2,278
20200115-M-Australian_Open-Q1-Elliot_Benchetrit-Steve_Darcis,Elliot Benchetrit,nonSnV1st,38,28,7,0,7,7,1,1,0,1,176
20200115-M-Australian_Open-Q1-Elliot_Benchetrit-Steve_Darcis,Elliot Benchetrit,nonSnV2nd,23,12,0,0,0,3,1,0,1,1,102
20200115-M-Australian_Open-Q1-Elliot_Benchetrit-Steve_Darcis,Steve Darcis,SnV,3,2,0,0,1,1,0,0,0,0,6
20200115-M-Australian_Open-Q1-Elliot_Benchetrit-Steve_Darcis,Steve Darcis,SnV1st,3,2,0,0,1,1,0,0,0,0,6
20200115-M-Australian_Open-Q1-Elliot_Benchetrit-Steve_Darcis,Steve Darcis,nonSnV,69,40,2,0,8,5,5,0,5,0,428
20200115-M-Australian_Open-Q1-Elliot_Benchetrit-Steve_Darcis,Steve Darcis,nonSnV1st,41,27,2,0,8,2,2,0,4,0,237
20200115-M-Australian_Open-Q1-Elliot_Benchetrit-Steve_Darcis,Steve Darcis,nonSnV2nd,28,13,0,0,0,3,3,0,1,0,191
20190906-M-US_Open-SF-Grigor_Dimitrov-Daniil_Medvedev,Grigor Dimitrov,SnV,1,1,0,0,0,1,0,0,0,0,3
20190906-M-US_Open-SF-Grigor_Dimitrov-Daniil_Medvedev,Grigor Dimitrov,SnV1st,1,1,0,0,0,1,0,0,0,0,3
20190906-M-US_Open-SF-Grigor_Dimitrov-Daniil_Medvedev,Grigor Dimitrov,nonSnV,94,54,2,0,13,8,4,2,3,2,674
20190906-M-US_Open-SF-Grigor_Dimitrov-Daniil_Medvedev,Grigor Dimitrov,nonSnV1st,58,36,2,0,13,7,3,2,3,2,338
20190906-M-US_Open-SF-Grigor_Dimitrov-Daniil_Medvedev,Grigor Dimitrov,nonSnV2nd,36,18,0,0,0,1,1,0,0,0,336
20190904-M-US_Open-QF-Rafael_Nadal-Diego_Schwartzman,Rafael Nadal,SnV,3,3,0,0,1,1,1,0,0,0,7
20190904-M-US_Open-QF-Rafael_Nadal-Diego_Schwartzman,Rafael Nadal,SnV1st,3,3,0,0,1,1,1,0,0,0,7
20190904-M-US_Open-QF-Rafael_Nadal-Diego_Schwartzman,Rafael Nadal,nonSnV,87,54,5,0,11,7,4,0,4,1,442
20190904-M-US_Open-QF-Rafael_Nadal-Diego_Schwartzman,Rafael Nadal,nonSnV1st,54,38,5,0,10,7,4,0,2,1,236
20190904-M-US_Open-QF-Rafael_Nadal-Diego_Schwartzman,Rafael Nadal,nonSnV2nd,33,16,0,0,1,0,0,0,2,0,206
20190904-M-US_Open-QF-Rafael_Nadal-Diego_Schwartzman,Diego Schwartzman,SnV,1,0,0,0,0,0,0,0,0,0,2
20190904-M-US_Open-QF-Rafael_Nadal-Diego_Schwartzman,Diego Schwartzman,SnV1st,1,0,0,0,0,0,0,0,0,0,2
20190904-M-US_Open-QF-Rafael_Nadal-Diego_Schwartzman,Diego Schwartzman,nonSnV,89,49,4,0,8,2,2,2,3,2,523
20190904-M-US_Open-QF-Rafael_Nadal-Diego_Schwartzman,Diego Schwartzman,nonSnV1st,56,33,4,0,8,1,1,1,1,2,311
20190904-M-US_Open-QF-Rafael_Nadal-Diego_Schwartzman,Diego Schwartzman,nonSnV2nd,33,16,0,0,0,1,1,1,2,0,212
20190903-M-US_Open-QF-Stan_Wawrinka-Daniil_Medvedev,Daniil Medvedev,SnV,2,1,0,0,0,1,0,1,0,0,9
20190903-M-US_Open-QF-Stan_Wawrinka-Daniil_Medvedev,Daniil Medvedev,SnV1st,1,0,0,0,0,0,0,1,0,0,2
20190903-M-US_Open-QF-Stan_Wawrinka-Daniil_Medvedev,Daniil Medvedev,SnV2nd,1,1,0,0,0,1,0,0,0,0,7
20190903-M-US_Open-QF-Stan_Wawrinka-Daniil_Medvedev,Daniil Medvedev,nonSnV,116,85,11,0,26,7,4,0,4,4,465
20190903-M-US_Open-QF-Stan_Wawrinka-Daniil_Medvedev,Daniil Medvedev,nonSnV1st,76,55,11,0,25,4,3,0,4,3,259
20190903-M-US_Open-QF-Stan_Wawrinka-Daniil_Medvedev,Daniil Medvedev,nonSnV2nd,40,30,0,0,1,3,1,0,0,1,206
20190902-M-US_Open-R16-Novak_Djokovic-Stan_Wawrinka,Novak Djokovic,SnV,1,0,0,0,0,0,0,0,0,0,2
20190902-M-US_Open-R16-Novak_Djokovic-Stan_Wawrinka,Novak Djokovic,SnV2nd,1,0,0,0,0,0,0,0,0,0,2
20190902-M-US_Open-R16-Novak_Djokovic-Stan_Wawrinka,Novak Djokovic,nonSnV,63,40,2,0,14,3,4,1,1,0,266
20190902-M-US_Open-R16-Novak_Djokovic-Stan_Wawrinka,Novak Djokovic,nonSnV1st,40,28,2,0,13,2,4,1,0,0,148
20190902-M-US_Open-R16-Novak_Djokovic-Stan_Wawrinka,Novak Djokovic,nonSnV2nd,23,12,0,0,1,1,0,0,1,0,118
20190901-M-US_Open-R16-Roger_Federer-David_Goffin,Roger Federer,SnV,4,4,0,0,1,2,1,0,0,0,12
20190901-M-US_Open-R16-Roger_Federer-David_Goffin,Roger Federer,SnV1st,2,2,0,0,1,0,1,0,0,0,4
20190901-M-US_Open-R16-Roger_Federer-David_Goffin,Roger Federer,SnV2nd,2,2,0,0,0,2,0,0,0,0,8
20190901-M-US_Open-R16-Roger_Federer-David_Goffin,Roger Federer,nonSnV,55,39,10,0,9,3,3,0,2,0,181
20190901-M-US_Open-R16-Roger_Federer-David_Goffin,Roger Federer,nonSnV1st,39,33,10,0,9,3,1,0,2,0,111
20190901-M-US_Open-R16-Roger_Federer-David_Goffin,Roger Federer,nonSnV2nd,16,6,0,0,0,0,2,0,0,0,70
20190901-M-US_Open-R16-Roger_Federer-David_Goffin,David Goffin,SnV,1,0,0,0,0,0,0,1,0,0,2
20190901-M-US_Open-R16-Roger_Federer-David_Goffin,David Goffin,SnV1st,1,0,0,0,0,0,0,1,0,0,2
20190901-M-US_Open-R16-Roger_Federer-David_Goffin,David Goffin,nonSnV,55,20,0,0,6,2,0,1,2,0,264
20190901-M-US_Open-R16-Roger_Federer-David_Goffin,David Goffin,nonSnV1st,29,12,0,0,6,1,0,0,0,0,110
20190901-M-US_Open-R16-Roger_Federer-David_Goffin,David Goffin,nonSnV2nd,26,8,0,0,0,1,0,1,2,0,154
20190901-M-US_Open-R16-Grigor_Dimitrov-Alex_De_Minaur,Alex De Minaur,SnV,3,2,1,0,0,1,0,0,0,0,6
20190901-M-US_Open-R16-Grigor_Dimitrov-Alex_De_Minaur,Alex De Minaur,SnV1st,3,2,1,0,0,1,0,0,0,0,6
20190901-M-US_Open-R16-Grigor_Dimitrov-Alex_De_Minaur,Alex De Minaur,nonSnV,88,59,2,0,8,7,3,2,2,0,435
20190901-M-US_Open-R16-Grigor_Dimitrov-Alex_De_Minaur,Alex De Minaur,nonSnV1st,58,40,2,0,8,6,3,2,0,0,280
20190901-M-US_Open-R16-Grigor_Dimitrov-Alex_De_Minaur,Alex De Minaur,nonSnV2nd,30,19,0,0,0,1,0,0,2,0,155
20190831-M-US_Open-R32-Denis_Shapovalov-Gael_Monfils,Denis Shapovalov,SnV,12,10,0,1,6,3,0,1,0,1,28
20190831-M-US_Open-R32-Denis_Shapovalov-Gael_Monfils,Denis Shapovalov,SnV1st,12,10,0,1,6,3,0,1,0,1,28
20190831-M-US_Open-R32-Denis_Shapovalov-Gael_Monfils,Denis Shapovalov,nonSnV,157,103,6,2,24,23,14,5,5,2,581
20190831-M-US_Open-R32-Denis_Shapovalov-Gael_Monfils,Denis Shapovalov,nonSnV1st,102,70,5,2,24,17,9,4,3,1,354
20190831-M-US_Open-R32-Denis_Shapovalov-Gael_Monfils,Denis Shapovalov,nonSnV2nd,55,33,1,0,0,6,5,1,2,1,227
20190831-M-US_Open-R32-Denis_Shapovalov-Gael_Monfils,Gael Monfils,SnV,10,5,0,0,0,5,0,0,3,0,33
20190831-M-US_Open-R32-Denis_Shapovalov-Gael_Monfils,Gael Monfils,SnV1st,8,4,0,0,0,4,0,0,3,0,28
20190831-M-US_Open-R32-Denis_Shapovalov-Gael_Monfils,Gael Monfils,SnV2nd,2,1,0,0,0,1,0,0,0,0,5
20190831-M-US_Open-R32-Denis_Shapovalov-Gael_Monfils,Gael Monfils,nonSnV,162,113,12,0,37,10,6,1,3,3,669
20190831-M-US_Open-R32-Denis_Shapovalov-Gael_Monfils,Gael Monfils,nonSnV1st,116,88,12,0,37,7,5,1,3,2,442
20190831-M-US_Open-R32-Denis_Shapovalov-Gael_Monfils,Gael Monfils,nonSnV2nd,46,25,0,0,0,3,1,0,0,1,227
20190830-M-US_Open-R32-Roger_Federer-Daniel_Evans,Roger Federer,SnV,11,8,0,0,1,6,1,2,1,0,32
20190830-M-US_Open-R32-Roger_Federer-Daniel_Evans,Roger Federer,SnV1st,9,7,0,0,0,6,1,2,0,0,27
20190830-M-US_Open-R32-Roger_Federer-Daniel_Evans,Roger Federer,SnV2nd,2,1,0,0,1,0,0,0,1,0,5
20190830-M-US_Open-R32-Roger_Federer-Daniel_Evans,Roger Federer,nonSnV,42,33,10,1,5,4,2,2,1,1,149
20190830-M-US_Open-R32-Roger_Federer-Daniel_Evans,Roger Federer,nonSnV1st,27,21,10,0,4,1,1,1,1,1,69
20190830-M-US_Open-R32-Roger_Federer-Daniel_Evans,Roger Federer,nonSnV2nd,15,12,0,1,1,3,1,1,0,0,80
20190830-M-US_Open-R32-Roger_Federer-Daniel_Evans,Daniel Evans,SnV,6,1,0,0,0,0,1,0,0,0,15
20190830-M-US_Open-R32-Roger_Federer-Daniel_Evans,Daniel Evans,SnV1st,4,0,0,0,0,0,0,0,0,0,8
20190830-M-US_Open-R32-Roger_Federer-Daniel_Evans,Daniel Evans,SnV2nd,2,1,0,0,0,0,1,0,0,0,7
20190830-M-US_Open-R32-Roger_Federer-Daniel_Evans,Daniel Evans,nonSnV,53,22,0,0,5,1,0,1,5,0,274
20190830-M-US_Open-R32-Roger_Federer-Daniel_Evans,Daniel Evans,nonSnV1st,28,12,0,0,5,0,0,1,4,0,112
20190830-M-US_Open-R32-Roger_Federer-Daniel_Evans,Daniel Evans,nonSnV2nd,25,10,0,0,0,1,0,0,1,0,162
20190830-M-US_Open-R32-Feliciano_Lopez-Daniil_Medvedev,Feliciano Lopez,SnV,57,44,6,0,11,19,6,1,4,1,154
20190830-M-US_Open-R32-Feliciano_Lopez-Daniil_Medvedev,Feliciano Lopez,SnV1st,39,32,6,0,8,15,3,1,1,0,96
20190830-M-US_Open-R32-Feliciano_Lopez-Daniil_Medvedev,Feliciano Lopez,SnV2nd,18,12,0,0,3,4,3,0,3,1,58
20190830-M-US_Open-R32-Feliciano_Lopez-Daniil_Medvedev,Feliciano Lopez,nonSnV,101,60,8,0,9,7,12,0,4,1,558
20190830-M-US_Open-R32-Feliciano_Lopez-Daniil_Medvedev,Feliciano Lopez,nonSnV1st,44,30,8,0,9,5,2,0,1,0,162
20190830-M-US_Open-R32-Feliciano_Lopez-Daniil_Medvedev,Feliciano Lopez,nonSnV2nd,57,30,0,0,0,2,10,0,3,1,396
20190830-M-US_Open-R32-Feliciano_Lopez-Daniil_Medvedev,Daniil Medvedev,SnV,1,1,0,0,1,0,0,0,0,0,1
20190830-M-US_Open-R32-Feliciano_Lopez-Daniil_Medvedev,Daniil Medvedev,SnV1st,1,1,0,0,1,0,0,0,0,0,1
20190830-M-US_Open-R32-Feliciano_Lopez-Daniil_Medvedev,Daniil Medvedev,nonSnV,120,97,27,0,18,6,5,3,1,2,473
20190830-M-US_Open-R32-Feliciano_Lopez-Daniil_Medvedev,Daniil Medvedev,nonSnV1st,79,66,27,0,18,3,5,3,1,1,228
20190830-M-US_Open-R32-Feliciano_Lopez-Daniil_Medvedev,Daniil Medvedev,nonSnV2nd,41,31,0,0,0,3,0,0,0,1,245
20190829-M-US_Open-R64-Thomas_Fabbiano-Alexander_Bublik,Alexander Bublik,SnV,46,22,1,0,10,4,4,0,12,5,160
20190829-M-US_Open-R64-Thomas_Fabbiano-Alexander_Bublik,Alexander Bublik,SnV1st,16,10,0,0,8,0,0,0,4,0,44
20190829-M-US_Open-R64-Thomas_Fabbiano-Alexander_Bublik,Alexander Bublik,SnV2nd,30,12,1,0,2,4,4,0,8,5,116
20190829-M-US_Open-R64-Thomas_Fabbiano-Alexander_Bublik,Alexander Bublik,nonSnV,124,100,47,0,26,2,6,2,3,0,294
20190829-M-US_Open-R64-Thomas_Fabbiano-Alexander_Bublik,Alexander Bublik,nonSnV1st,82,70,35,0,21,1,2,2,2,0,176
20190829-M-US_Open-R64-Thomas_Fabbiano-Alexander_Bublik,Alexander Bublik,nonSnV2nd,42,30,12,0,5,1,4,0,1,0,118
20190829-M-US_Open-R64-Paolo_Lorenzi-Miomir_Kecmanovic,Paolo Lorenzi,SnV,14,12,4,0,5,3,0,1,0,0,24
20190829-M-US_Open-R64-Paolo_Lorenzi-Miomir_Kecmanovic,Paolo Lorenzi,SnV1st,14,12,4,0,5,3,0,1,0,0,24
20190829-M-US_Open-R64-Paolo_Lorenzi-Miomir_Kecmanovic,Paolo Lorenzi,nonSnV,174,116,17,0,23,20,6,3,7,0,914
20190829-M-US_Open-R64-Paolo_Lorenzi-Miomir_Kecmanovic,Paolo Lorenzi,nonSnV1st,92,71,17,0,22,16,3,2,4,0,359
20190829-M-US_Open-R64-Paolo_Lorenzi-Miomir_Kecmanovic,Paolo Lorenzi,nonSnV2nd,82,45,0,0,1,4,3,1,3,0,555
20190829-M-US_Open-R64-Hugo_Dellien-Daniil_Medvedev,Daniil Medvedev,SnV,2,1,0,0,0,1,0,0,1,0,7
20190829-M-US_Open-R64-Hugo_Dellien-Daniil_Medvedev,Daniil Medvedev,SnV2nd,2,1,0,0,0,1,0,0,1,0,7
20190829-M-US_Open-R64-Hugo_Dellien-Daniil_Medvedev,Daniil Medvedev,nonSnV,107,72,16,0,13,9,3,1,5,3,432
20190829-M-US_Open-R64-Hugo_Dellien-Daniil_Medvedev,Daniil Medvedev,nonSnV1st,61,47,15,0,12,7,3,1,1,1,193
20190829-M-US_Open-R64-Hugo_Dellien-Daniil_Medvedev,Daniil Medvedev,nonSnV2nd,46,25,1,0,1,2,0,0,4,2,239
20190829-M-US_Open-R64-Feliciano_Lopez-Yoshihito_Nishioka,Feliciano Lopez,SnV,19,15,7,0,1,4,2,1,0,0,45
20190829-M-US_Open-R64-Feliciano_Lopez-Yoshihito_Nishioka,Feliciano Lopez,SnV1st,14,10,7,0,1,1,1,1,0,0,22
20190829-M-US_Open-R64-Feliciano_Lopez-Yoshihito_Nishioka,Feliciano Lopez,SnV2nd,5,5,0,0,0,3,1,0,0,0,23
20190829-M-US_Open-R64-Feliciano_Lopez-Yoshihito_Nishioka,Feliciano Lopez,nonSnV,79,64,21,0,10,8,6,0,3,1,244
20190829-M-US_Open-R64-Feliciano_Lopez-Yoshihito_Nishioka,Feliciano Lopez,nonSnV1st,36,33,20,0,8,2,2,0,1,1,71
20190829-M-US_Open-R64-Feliciano_Lopez-Yoshihito_Nishioka,Feliciano Lopez,nonSnV2nd,43,31,1,0,2,6,4,0,2,0,173
20190828-M-US_Open-R64-Reilly_Opelka-Dominik_Koepfer,Reilly Opelka,SnV,6,3,1,0,1,0,1,2,1,0,13
20190828-M-US_Open-R64-Reilly_Opelka-Dominik_Koepfer,Reilly Opelka,SnV1st,1,1,1,0,0,0,0,0,0,0,1
20190828-M-US_Open-R64-Reilly_Opelka-Dominik_Koepfer,Reilly Opelka,SnV2nd,5,2,0,0,1,0,1,2,1,0,12
20190828-M-US_Open-R64-Reilly_Opelka-Dominik_Koepfer,Reilly Opelka,nonSnV,101,62,22,2,13,8,2,2,2,1,338
20190828-M-US_Open-R64-Reilly_Opelka-Dominik_Koepfer,Reilly Opelka,nonSnV1st,67,50,21,1,13,6,2,1,2,1,166
20190828-M-US_Open-R64-Reilly_Opelka-Dominik_Koepfer,Reilly Opelka,nonSnV2nd,34,12,1,1,0,2,0,1,0,0,172
20190828-M-US_Open-R64-Reilly_Opelka-Dominik_Koepfer,Dominik Koepfer,SnV,1,1,1,0,0,0,0,0,0,0,1
20190828-M-US_Open-R64-Reilly_Opelka-Dominik_Koepfer,Dominik Koepfer,SnV1st,1,1,1,0,0,0,0,0,0,0,1
20190828-M-US_Open-R64-Reilly_Opelka-Dominik_Koepfer,Dominik Koepfer,nonSnV,109,77,7,0,16,9,7,0,2,2,487
20190828-M-US_Open-R64-Reilly_Opelka-Dominik_Koepfer,Dominik Koepfer,nonSnV1st,68,51,6,0,16,9,6,0,2,2,273
20190828-M-US_Open-R64-Reilly_Opelka-Dominik_Koepfer,Dominik Koepfer,nonSnV2nd,41,26,1,0,0,0,1,0,0,0,214
20190828-M-US_Open-R64-Alex_De_Minaur-Cristian_Garin,Alex De Minaur,SnV,2,1,1,0,0,0,0,1,0,0,7
20190828-M-US_Open-R64-Alex_De_Minaur-Cristian_Garin,Alex De Minaur,SnV1st,2,1,1,0,0,0,0,1,0,0,7
20190828-M-US_Open-R64-Alex_De_Minaur-Cristian_Garin,Alex De Minaur,nonSnV,92,66,5,0,16,7,7,0,3,1,432
20190828-M-US_Open-R64-Alex_De_Minaur-Cristian_Garin,Alex De Minaur,nonSnV1st,54,43,5,0,16,5,6,0,2,0,233
20190828-M-US_Open-R64-Alex_De_Minaur-Cristian_Garin,Alex De Minaur,nonSnV2nd,38,23,0,0,0,2,1,0,1,1,199
20190828-M-US_Open-R64-Alex_De_Minaur-Cristian_Garin,Cristian Garin,SnV,1,1,0,0,1,0,0,0,0,0,1
20190828-M-US_Open-R64-Alex_De_Minaur-Cristian_Garin,Cristian Garin,SnV1st,1,1,0,0,1,0,0,0,0,0,1
20190828-M-US_Open-R64-Alex_De_Minaur-Cristian_Garin,Cristian Garin,nonSnV,98,59,5,0,15,9,8,7,2,1,419
20190828-M-US_Open-R64-Alex_De_Minaur-Cristian_Garin,Cristian Garin,nonSnV1st,55,36,4,0,15,5,3,5,1,1,214
20190828-M-US_Open-R64-Alex_De_Minaur-Cristian_Garin,Cristian Garin,nonSnV2nd,43,23,1,0,0,4,5,2,1,0,205
20190827-M-US_Open-R128-Stefanos_Tsitsipas-Andrey_Rublev,Stefanos Tsitsipas,SnV,7,5,0,0,0,3,2,0,0,0,25
20190827-M-US_Open-R128-Stefanos_Tsitsipas-Andrey_Rublev,Stefanos Tsitsipas,SnV1st,4,3,0,0,0,1,2,0,0,0,13
20190827-M-US_Open-R128-Stefanos_Tsitsipas-Andrey_Rublev,Stefanos Tsitsipas,SnV2nd,3,2,0,0,0,2,0,0,0,0,12
20190827-M-US_Open-R128-Stefanos_Tsitsipas-Andrey_Rublev,Stefanos Tsitsipas,nonSnV,172,107,20,0,18,9,11,3,7,4,741
20190827-M-US_Open-R128-Stefanos_Tsitsipas-Andrey_Rublev,Stefanos Tsitsipas,nonSnV1st,97,66,20,0,17,6,10,1,3,1,334
20190827-M-US_Open-R128-Stefanos_Tsitsipas-Andrey_Rublev,Stefanos Tsitsipas,nonSnV2nd,75,41,0,0,1,3,1,2,4,3,407
20190827-M-US_Open-R128-Stan_Wawrinka-Jannik_Sinner,Jannik Sinner,SnV,1,0,0,0,0,0,0,1,0,0,2
20190827-M-US_Open-R128-Stan_Wawrinka-Jannik_Sinner,Jannik Sinner,SnV1st,1,0,0,0,0,0,0,1,0,0,2
20190827-M-US_Open-R128-Stan_Wawrinka-Jannik_Sinner,Jannik Sinner,nonSnV,116,75,2,0,16,3,6,1,1,1,499
20190827-M-US_Open-R128-Stan_Wawrinka-Jannik_Sinner,Jannik Sinner,nonSnV1st,72,45,2,0,14,3,5,1,1,1,309
20190827-M-US_Open-R128-Stan_Wawrinka-Jannik_Sinner,Jannik Sinner,nonSnV2nd,44,30,0,0,2,0,1,0,0,0,190
20190827-M-US_Open-R128-Robin_Haase-Diego_Schwartzman,Robin Haase,SnV,3,2,0,0,0,1,0,0,0,0,6
20190827-M-US_Open-R128-Robin_Haase-Diego_Schwartzman,Robin Haase,SnV1st,1,1,0,0,0,1,0,0,0,0,3
20190827-M-US_Open-R128-Robin_Haase-Diego_Schwartzman,Robin Haase,SnV2nd,2,1,0,0,0,0,0,0,0,0,3
20190827-M-US_Open-R128-Robin_Haase-Diego_Schwartzman,Robin Haase,nonSnV,85,49,6,2,6,5,6,0,3,3,419
20190827-M-US_Open-R128-Robin_Haase-Diego_Schwartzman,Robin Haase,nonSnV1st,49,32,6,2,6,5,5,0,3,1,234
20190827-M-US_Open-R128-Robin_Haase-Diego_Schwartzman,Robin Haase,nonSnV2nd,36,17,0,0,0,0,1,0,0,2,185
20190827-M-US_Open-R128-Dominic_Thiem-Thomas_Fabbiano,Dominic Thiem,SnV,2,0,0,0,0,0,0,0,0,1,6
20190827-M-US_Open-R128-Dominic_Thiem-Thomas_Fabbiano,Dominic Thiem,SnV1st,2,0,0,0,0,0,0,0,0,1,6
20190827-M-US_Open-R128-Dominic_Thiem-Thomas_Fabbiano,Dominic Thiem,nonSnV,94,63,14,0,16,3,5,1,3,3,293
20190827-M-US_Open-R128-Dominic_Thiem-Thomas_Fabbiano,Dominic Thiem,nonSnV1st,54,42,14,0,16,2,1,1,2,1,124
20190827-M-US_Open-R128-Dominic_Thiem-Thomas_Fabbiano,Dominic Thiem,nonSnV2nd,40,21,0,0,0,1,4,0,1,2,169
20190827-M-US_Open-R128-Dominic_Thiem-Thomas_Fabbiano,Thomas Fabbiano,SnV,1,1,0,0,1,0,0,0,0,0,1
20190827-M-US_Open-R128-Dominic_Thiem-Thomas_Fabbiano,Thomas Fabbiano,SnV2nd,1,1,0,0,1,0,0,0,0,0,1
20190827-M-US_Open-R128-Dominic_Thiem-Thomas_Fabbiano,Thomas Fabbiano,nonSnV,106,77,10,0,18,5,1,1,2,1,457
20190827-M-US_Open-R128-Dominic_Thiem-Thomas_Fabbiano,Thomas Fabbiano,nonSnV1st,77,58,9,0,18,4,1,1,1,1,352
20190827-M-US_Open-R128-Dominic_Thiem-Thomas_Fabbiano,Thomas Fabbiano,nonSnV2nd,29,19,1,0,0,1,0,0,1,0,105
20190826-M-US_Open-R128-Nikoloz_Basilashvili-Marton_Fucsovics,Marton Fucsovics,SnV,2,0,0,0,0,0,0,0,0,1,6
20190826-M-US_Open-R128-Nikoloz_Basilashvili-Marton_Fucsovics,Marton Fucsovics,SnV1st,2,0,0,0,0,0,0,0,0,1,6
20190826-M-US_Open-R128-Nikoloz_Basilashvili-Marton_Fucsovics,Marton Fucsovics,nonSnV,126,70,3,0,13,5,2,1,3,0,750
20190826-M-US_Open-R128-Nikoloz_Basilashvili-Marton_Fucsovics,Marton Fucsovics,nonSnV1st,62,38,3,0,13,3,1,1,2,0,342
20190826-M-US_Open-R128-Nikoloz_Basilashvili-Marton_Fucsovics,Marton Fucsovics,nonSnV2nd,64,32,0,0,0,2,1,0,1,0,408
20190826-M-US_Open-R128-Janko_Tipsarevic-Denis_Kudla,Denis Kudla,SnV,1,0,0,0,0,0,0,0,0,1,4
20190826-M-US_Open-R128-Janko_Tipsarevic-Denis_Kudla,Denis Kudla,SnV1st,1,0,0,0,0,0,0,0,0,1,4
20190826-M-US_Open-R128-Janko_Tipsarevic-Denis_Kudla,Denis Kudla,nonSnV,99,73,9,2,13,7,3,2,2,2,423
20190826-M-US_Open-R128-Janko_Tipsarevic-Denis_Kudla,Denis Kudla,nonSnV1st,62,51,9,2,13,7,3,1,1,2,221
20190826-M-US_Open-R128-Janko_Tipsarevic-Denis_Kudla,Denis Kudla,nonSnV2nd,37,22,0,0,0,0,0,1,1,0,202
20190125-M-Australian_Open-SF-Novak_Djokovic-Lucas_Pouille,Lucas Pouille,SnV,6,4,1,1,1,1,0,1,0,0,10
20190125-M-Australian_Open-SF-Novak_Djokovic-Lucas_Pouille,Lucas Pouille,SnV1st,6,4,1,1,1,1,0,1,0,0,10
20190125-M-Australian_Open-SF-Novak_Djokovic-Lucas_Pouille,Lucas Pouille,nonSnV,65,32,3,0,11,2,3,2,0,1,294
20190125-M-Australian_Open-SF-Novak_Djokovic-Lucas_Pouille,Lucas Pouille,nonSnV1st,34,23,3,0,9,2,2,2,0,1,139
20190125-M-Australian_Open-SF-Novak_Djokovic-Lucas_Pouille,Lucas Pouille,nonSnV2nd,31,9,0,0,2,0,1,0,0,0,155
20190124-M-Australian_Open-SF-Stefanos_Tsitsipas-Rafael_Nadal,Stefanos Tsitsipas,SnV,9,6,1,0,2,2,1,1,0,0,18
20190124-M-Australian_Open-SF-Stefanos_Tsitsipas-Rafael_Nadal,Stefanos Tsitsipas,SnV1st,8,6,1,0,2,2,1,1,0,0,16
20190124-M-Australian_Open-SF-Stefanos_Tsitsipas-Rafael_Nadal,Stefanos Tsitsipas,SnV2nd,1,0,0,0,0,0,0,0,0,0,2
20190124-M-Australian_Open-SF-Stefanos_Tsitsipas-Rafael_Nadal,Stefanos Tsitsipas,nonSnV,54,29,4,0,8,2,2,1,5,1,245
20190124-M-Australian_Open-SF-Stefanos_Tsitsipas-Rafael_Nadal,Stefanos Tsitsipas,nonSnV1st,37,23,4,0,7,2,2,1,4,1,151
20190124-M-Australian_Open-SF-Stefanos_Tsitsipas-Rafael_Nadal,Stefanos Tsitsipas,nonSnV2nd,17,6,0,0,1,0,0,0,1,0,94
20190123-M-Australian_Open-QF-Novak_Djokovic-Kei_Nishikori,Kei Nishikori,SnV,1,0,0,0,0,0,0,0,1,0,4
20190123-M-Australian_Open-QF-Novak_Djokovic-Kei_Nishikori,Kei Nishikori,SnV1st,1,0,0,0,0,0,0,0,1,0,4
20190123-M-Australian_Open-QF-Novak_Djokovic-Kei_Nishikori,Kei Nishikori,nonSnV,43,21,0,0,5,2,1,3,0,0,185
20190123-M-Australian_Open-QF-Novak_Djokovic-Kei_Nishikori,Kei Nishikori,nonSnV1st,32,16,0,0,3,2,1,3,0,0,150
20190123-M-Australian_Open-QF-Novak_Djokovic-Kei_Nishikori,Kei Nishikori,nonSnV2nd,11,5,0,0,2,0,0,0,0,0,35
20190121-M-Australian_Open-R16-Novak_Djokovic-Daniil_Medvedev,Novak Djokovic,SnV,1,1,1,0,0,0,0,0,0,0,1
20190121-M-Australian_Open-R16-Novak_Djokovic-Daniil_Medvedev,Novak Djokovic,SnV1st,1,1,1,0,0,0,0,0,0,0,1
20190121-M-Australian_Open-R16-Novak_Djokovic-Daniil_Medvedev,Novak Djokovic,nonSnV,120,81,5,0,15,11,10,3,5,1,811
20190121-M-Australian_Open-R16-Novak_Djokovic-Daniil_Medvedev,Novak Djokovic,nonSnV1st,83,60,5,0,14,9,8,3,1,0,460
20190121-M-Australian_Open-R16-Novak_Djokovic-Daniil_Medvedev,Novak Djokovic,nonSnV2nd,37,21,0,0,1,2,2,0,4,1,351
20190121-M-Australian_Open-R16-Milos_Raonic-Alexander_Zverev,Milos Raonic,SnV,53,42,14,1,16,10,1,5,4,0,96
20190121-M-Australian_Open-R16-Milos_Raonic-Alexander_Zverev,Milos Raonic,SnV1st,53,42,14,1,16,10,1,5,4,0,96
20190121-M-Australian_Open-R16-Milos_Raonic-Alexander_Zverev,Milos Raonic,nonSnV,24,14,1,0,1,1,2,0,0,0,96
20190121-M-Australian_Open-R16-Milos_Raonic-Alexander_Zverev,Milos Raonic,nonSnV1st,1,1,0,0,0,0,1,0,0,0,3
20190121-M-Australian_Open-R16-Milos_Raonic-Alexander_Zverev,Milos Raonic,nonSnV2nd,23,13,1,0,1,1,1,0,0,0,93
20190120-M-Australian_Open-R16-Stefanos_Tsitsipas-Roger_Federer,Stefanos Tsitsipas,SnV,5,4,0,0,1,1,0,1,0,0,12
20190120-M-Australian_Open-R16-Stefanos_Tsitsipas-Roger_Federer,Stefanos Tsitsipas,SnV1st,4,3,0,0,1,1,0,1,0,0,11
20190120-M-Australian_Open-R16-Stefanos_Tsitsipas-Roger_Federer,Stefanos Tsitsipas,SnV2nd,1,1,0,0,0,0,0,0,0,0,1
20190120-M-Australian_Open-R16-Stefanos_Tsitsipas-Roger_Federer,Stefanos Tsitsipas,nonSnV,182,132,20,2,29,21,16,6,9,3,704
20190120-M-Australian_Open-R16-Stefanos_Tsitsipas-Roger_Federer,Stefanos Tsitsipas,nonSnV1st,108,84,20,2,24,14,13,2,2,3,340
20190120-M-Australian_Open-R16-Stefanos_Tsitsipas-Roger_Federer,Stefanos Tsitsipas,nonSnV2nd,74,48,0,0,5,7,3,4,7,0,364
20190120-M-Australian_Open-R16-Stefanos_Tsitsipas-Roger_Federer,Roger Federer,SnV,15,13,0,0,3,5,3,1,0,0,37
20190120-M-Australian_Open-R16-Stefanos_Tsitsipas-Roger_Federer,Roger Federer,SnV1st,11,10,0,0,3,4,3,1,0,0,28
20190120-M-Australian_Open-R16-Stefanos_Tsitsipas-Roger_Federer,Roger Federer,SnV2nd,4,3,0,0,0,1,0,0,0,0,9
20190120-M-Australian_Open-R16-Stefanos_Tsitsipas-Roger_Federer,Roger Federer,nonSnV,141,101,11,2,34,19,14,4,4,2,513
20190120-M-Australian_Open-R16-Stefanos_Tsitsipas-Roger_Federer,Roger Federer,nonSnV1st,94,73,11,2,33,14,8,3,3,1,279
20190120-M-Australian_Open-R16-Stefanos_Tsitsipas-Roger_Federer,Roger Federer,nonSnV2nd,47,28,0,0,1,5,6,1,1,1,234
20190119-M-Australian_Open-R32-Fabio_Fognini-Pablo_Carreno_Busta,Pablo Carreno Busta,SnV,1,1,0,0,0,0,0,0,0,0,3
20190119-M-Australian_Open-R32-Fabio_Fognini-Pablo_Carreno_Busta,Pablo Carreno Busta,SnV1st,1,1,0,0,0,0,0,0,0,0,3
20190119-M-Australian_Open-R32-Fabio_Fognini-Pablo_Carreno_Busta,Pablo Carreno Busta,nonSnV,103,63,10,1,13,3,2,1,2,2,463
20190119-M-Australian_Open-R32-Fabio_Fognini-Pablo_Carreno_Busta,Pablo Carreno Busta,nonSnV1st,74,47,10,1,12,2,1,1,2,2,309
20190119-M-Australian_Open-R32-Fabio_Fognini-Pablo_Carreno_Busta,Pablo Carreno Busta,nonSnV2nd,29,16,0,0,1,1,1,0,0,0,154
20190119-M-Australian_Open-R32-Alexei_Popyrin-Lucas_Pouille,Lucas Pouille,SnV,7,4,2,0,2,0,0,2,1,0,16
20190119-M-Australian_Open-R32-Alexei_Popyrin-Lucas_Pouille,Lucas Pouille,SnV1st,6,3,2,0,1,0,0,2,1,0,15
20190119-M-Australian_Open-R32-Alexei_Popyrin-Lucas_Pouille,Lucas Pouille,SnV2nd,1,1,0,0,1,0,0,0,0,0,1
20190119-M-Australian_Open-R32-Alexei_Popyrin-Lucas_Pouille,Lucas Pouille,nonSnV,156,118,14,0,30,20,11,3,5,2,518
20190119-M-Australian_Open-R32-Alexei_Popyrin-Lucas_Pouille,Lucas Pouille,nonSnV1st,97,74,12,0,25,12,5,1,3,2,300
20190119-M-Australian_Open-R32-Alexei_Popyrin-Lucas_Pouille,Lucas Pouille,nonSnV2nd,59,44,2,0,5,8,6,2,2,0,218
20190118-M-Australian_Open-R32-Stefanos_Tsitsipas-Nikoloz_Basilashvili,Stefanos Tsitsipas,SnV,4,4,1,0,2,1,0,0,0,0,6
20190118-M-Australian_Open-R32-Stefanos_Tsitsipas-Nikoloz_Basilashvili,Stefanos Tsitsipas,SnV1st,4,4,1,0,2,1,0,0,0,0,6
20190118-M-Australian_Open-R32-Stefanos_Tsitsipas-Nikoloz_Basilashvili,Stefanos Tsitsipas,nonSnV,126,87,17,2,24,4,8,1,5,1,485
20190118-M-Australian_Open-R32-Stefanos_Tsitsipas-Nikoloz_Basilashvili,Stefanos Tsitsipas,nonSnV1st,79,61,17,2,23,1,6,0,3,1,261
20190118-M-Australian_Open-R32-Stefanos_Tsitsipas-Nikoloz_Basilashvili,Stefanos Tsitsipas,nonSnV2nd,47,26,0,0,1,3,2,1,2,0,224
20190118-M-Australian_Open-R32-Stefanos_Tsitsipas-Nikoloz_Basilashvili,Nikoloz Basilashvili,SnV,1,0,0,0,0,0,0,0,0,0,2
20190118-M-Australian_Open-R32-Stefanos_Tsitsipas-Nikoloz_Basilashvili,Nikoloz Basilashvili,SnV2nd,1,0,0,0,0,0,0,0,0,0,2
20190118-M-Australian_Open-R32-Stefanos_Tsitsipas-Nikoloz_Basilashvili,Nikoloz Basilashvili,nonSnV,123,85,14,0,22,8,1,3,1,1,435
20190118-M-Australian_Open-R32-Stefanos_Tsitsipas-Nikoloz_Basilashvili,Nikoloz Basilashvili,nonSnV1st,77,54,12,0,17,6,1,2,0,0,230
20190118-M-Australian_Open-R32-Stefanos_Tsitsipas-Nikoloz_Basilashvili,Nikoloz Basilashvili,nonSnV2nd,46,31,2,0,5,2,0,1,1,1,205
20190118-M-Australian_Open-R32-Fernando_Verdasco-Marin_Cilic,Marin Cilic,SnV,1,1,0,0,0,1,0,0,0,0,3
20190118-M-Australian_Open-R32-Fernando_Verdasco-Marin_Cilic,Marin Cilic,SnV1st,1,1,0,0,0,1,0,0,0,0,3
20190118-M-Australian_Open-R32-Fernando_Verdasco-Marin_Cilic,Marin Cilic,nonSnV,147,105,8,3,25,18,11,3,2,0,621
20190118-M-Australian_Open-R32-Fernando_Verdasco-Marin_Cilic,Marin Cilic,nonSnV1st,88,72,8,3,23,12,8,2,2,0,312
20190118-M-Australian_Open-R32-Fernando_Verdasco-Marin_Cilic,Marin Cilic,nonSnV2nd,59,33,0,0,2,6,3,1,0,0,309
20190117-M-Australian_Open-R64-Marius_Copil-David_Goffin,Marius Copil,SnV,34,25,12,1,4,3,4,3,4,1,79
20190117-M-Australian_Open-R64-Marius_Copil-David_Goffin,Marius Copil,SnV1st,30,23,12,0,4,2,4,2,4,0,67
20190117-M-Australian_Open-R64-Marius_Copil-David_Goffin,Marius Copil,SnV2nd,4,2,0,1,0,1,0,1,0,1,12
20190117-M-Australian_Open-R64-Marius_Copil-David_Goffin,Marius Copil,nonSnV,86,53,9,0,14,4,5,6,1,0,317
20190117-M-Australian_Open-R64-Marius_Copil-David_Goffin,Marius Copil,nonSnV1st,44,30,9,0,8,3,4,4,1,0,126
20190117-M-Australian_Open-R64-Marius_Copil-David_Goffin,Marius Copil,nonSnV2nd,42,23,0,0,6,1,1,2,0,0,191
20190117-M-Australian_Open-R64-Marius_Copil-David_Goffin,David Goffin,SnV,1,0,0,0,0,0,0,1,0,0,2
20190117-M-Australian_Open-R64-Marius_Copil-David_Goffin,David Goffin,SnV1st,1,0,0,0,0,0,0,1,0,0,2
20190117-M-Australian_Open-R64-Marius_Copil-David_Goffin,David Goffin,nonSnV,109,81,11,1,23,6,4,1,1,0,321
20190117-M-Australian_Open-R64-Marius_Copil-David_Goffin,David Goffin,nonSnV1st,81,66,11,1,23,6,3,1,1,0,222
20190117-M-Australian_Open-R64-Marius_Copil-David_Goffin,David Goffin,nonSnV2nd,28,15,0,0,0,0,1,0,0,0,99
20190117-M-Australian_Open-R64-Denis_Shapovalov-Taro_Daniel,Denis Shapovalov,SnV,2,2,1,0,1,0,0,0,0,0,2
20190117-M-Australian_Open-R64-Denis_Shapovalov-Taro_Daniel,Denis Shapovalov,SnV1st,2,2,1,0,1,0,0,0,0,0,2
20190117-M-Australian_Open-R64-Denis_Shapovalov-Taro_Daniel,Denis Shapovalov,nonSnV,93,71,15,2,20,14,3,1,0,0,249
20190117-M-Australian_Open-R64-Denis_Shapovalov-Taro_Daniel,Denis Shapovalov,nonSnV1st,66,54,15,2,17,11,2,1,0,0,166
20190117-M-Australian_Open-R64-Denis_Shapovalov-Taro_Daniel,Denis Shapovalov,nonSnV2nd,27,17,0,0,3,3,1,0,0,0,83
20190117-M-Australian_Open-R64-Denis_Shapovalov-Taro_Daniel,Taro Daniel,SnV,1,1,0,0,1,0,0,0,0,0,1
20190117-M-Australian_Open-R64-Denis_Shapovalov-Taro_Daniel,Taro Daniel,SnV1st,1,1,0,0,1,0,0,0,0,0,1
20190117-M-Australian_Open-R64-Denis_Shapovalov-Taro_Daniel,Taro Daniel,nonSnV,72,51,6,1,14,8,5,3,2,0,253
20190117-M-Australian_Open-R64-Denis_Shapovalov-Taro_Daniel,Taro Daniel,nonSnV1st,48,40,6,1,14,8,4,3,0,0,140
20190117-M-Australian_Open-R64-Denis_Shapovalov-Taro_Daniel,Taro Daniel,nonSnV2nd,24,11,0,0,0,0,1,0,2,0,113
20190115-M-Australian_Open-R128-Ugo_Humbert-Jeremy_Chardy,Jeremy Chardy,SnV,9,6,2,0,1,3,0,2,1,0,24
20190115-M-Australian_Open-R128-Ugo_Humbert-Jeremy_Chardy,Jeremy Chardy,SnV1st,9,6,2,0,1,3,0,2,1,0,24
20190115-M-Australian_Open-R128-Ugo_Humbert-Jeremy_Chardy,Jeremy Chardy,nonSnV,170,122,27,3,34,14,3,4,5,0,608
20190115-M-Australian_Open-R128-Ugo_Humbert-Jeremy_Chardy,Jeremy Chardy,nonSnV1st,117,92,27,3,27,13,3,2,3,0,344
20190115-M-Australian_Open-R128-Ugo_Humbert-Jeremy_Chardy,Jeremy Chardy,nonSnV2nd,53,30,0,0,7,1,0,2,2,0,264
20190115-M-Australian_Open-R128-Pierre_Hugues_Herbert-Sam_Querrey,Pierre Hugues Herbert,SnV,7,4,0,0,4,0,0,1,0,0,10
20190115-M-Australian_Open-R128-Pierre_Hugues_Herbert-Sam_Querrey,Pierre Hugues Herbert,SnV1st,7,4,0,0,4,0,0,1,0,0,10
20190115-M-Australian_Open-R128-Pierre_Hugues_Herbert-Sam_Querrey,Pierre Hugues Herbert,nonSnV,106,80,21,1,24,9,2,3,0,0,306
20190115-M-Australian_Open-R128-Pierre_Hugues_Herbert-Sam_Querrey,Pierre Hugues Herbert,nonSnV1st,65,52,19,1,19,5,2,2,0,0,142
20190115-M-Australian_Open-R128-Pierre_Hugues_Herbert-Sam_Querrey,Pierre Hugues Herbert,nonSnV2nd,41,28,2,0,5,4,0,1,0,0,164
20190115-M-Australian_Open-R128-Pierre_Hugues_Herbert-Sam_Querrey,Sam Querrey,SnV,2,1,0,0,1,0,0,1,0,0,3
20190115-M-Australian_Open-R128-Pierre_Hugues_Herbert-Sam_Querrey,Sam Querrey,SnV1st,2,1,0,0,1,0,0,1,0,0,3
20190115-M-Australian_Open-R128-Pierre_Hugues_Herbert-Sam_Querrey,Sam Querrey,nonSnV,128,83,24,1,28,9,3,6,8,0,341
20190115-M-Australian_Open-R128-Pierre_Hugues_Herbert-Sam_Querrey,Sam Querrey,nonSnV1st,83,63,23,1,25,8,2,4,6,0,187
20190115-M-Australian_Open-R128-Pierre_Hugues_Herbert-Sam_Querrey,Sam Querrey,nonSnV2nd,45,20,1,0,3,1,1,2,2,0,154
20190115-M-Australian_Open-R128-Milos_Raonic-Nick_Kyrgios,Milos Raonic,SnV,35,31,18,5,0,6,0,3,1,0,65
20190115-M-Australian_Open-R128-Milos_Raonic-Nick_Kyrgios,Milos Raonic,SnV1st,35,31,18,5,0,6,0,3,1,0,65
20190115-M-Australian_Open-R128-Milos_Raonic-Nick_Kyrgios,Milos Raonic,nonSnV,44,38,12,10,0,2,1,1,1,0,126
20190115-M-Australian_Open-R128-Milos_Raonic-Nick_Kyrgios,Milos Raonic,nonSnV1st,24,21,11,5,0,2,1,0,1,0,45
20190115-M-Australian_Open-R128-Milos_Raonic-Nick_Kyrgios,Milos Raonic,nonSnV2nd,20,17,1,5,0,0,0,1,0,0,81
20190115-M-Australian_Open-R128-Milos_Raonic-Nick_Kyrgios,Nick Kyrgios,SnV,8,4,1,2,0,1,0,3,0,0,16
20190115-M-Australian_Open-R128-Milos_Raonic-Nick_Kyrgios,Nick Kyrgios,SnV1st,7,3,1,1,0,1,0,3,0,0,15
20190115-M-Australian_Open-R128-Milos_Raonic-Nick_Kyrgios,Nick Kyrgios,SnV2nd,1,1,0,1,0,0,0,0,0,0,1
20190115-M-Australian_Open-R128-Milos_Raonic-Nick_Kyrgios,Nick Kyrgios,nonSnV,81,63,14,26,0,3,2,1,3,0,213
20190115-M-Australian_Open-R128-Milos_Raonic-Nick_Kyrgios,Nick Kyrgios,nonSnV1st,61,48,14,18,0,3,2,1,3,0,168
20190115-M-Australian_Open-R128-Milos_Raonic-Nick_Kyrgios,Nick Kyrgios,nonSnV2nd,20,15,0,8,0,0,0,0,0,0,45
20190115-M-Australian_Open-R128-Dominic_Thiem-Benoit_Paire,Dominic Thiem,SnV,3,0,0,0,0,0,0,0,2,0,10
20190115-M-Australian_Open-R128-Dominic_Thiem-Benoit_Paire,Dominic Thiem,SnV1st,3,0,0,0,0,0,0,0,2,0,10
20190115-M-Australian_Open-R128-Dominic_Thiem-Benoit_Paire,Dominic Thiem,nonSnV,163,106,9,1,16,12,8,2,3,0,686
20190115-M-Australian_Open-R128-Dominic_Thiem-Benoit_Paire,Dominic Thiem,nonSnV1st,100,68,9,0,12,7,7,1,3,0,444
20190115-M-Australian_Open-R128-Dominic_Thiem-Benoit_Paire,Dominic Thiem,nonSnV2nd,63,38,0,1,4,5,1,1,0,0,242
20190115-M-Australian_Open-R128-Dominic_Thiem-Benoit_Paire,Benoit Paire,SnV,15,11,3,0,3,5,0,3,0,0,33
20190115-M-Australian_Open-R128-Dominic_Thiem-Benoit_Paire,Benoit Paire,SnV1st,14,11,3,0,3,5,0,3,0,0,31
20190115-M-Australian_Open-R128-Dominic_Thiem-Benoit_Paire,Benoit Paire,SnV2nd,1,0,0,0,0,0,0,0,0,0,2
20190115-M-Australian_Open-R128-Dominic_Thiem-Benoit_Paire,Benoit Paire,nonSnV,132,81,18,2,13,8,5,4,4,3,525
20190115-M-Australian_Open-R128-Dominic_Thiem-Benoit_Paire,Benoit Paire,nonSnV1st,63,47,18,2,10,6,3,3,1,0,167
20190115-M-Australian_Open-R128-Dominic_Thiem-Benoit_Paire,Benoit Paire,nonSnV2nd,69,34,0,0,3,2,2,1,3,3,358
20190115-M-Australian_Open-R128-Alexander_Zverev-Aljaz_Bedene,Aljaz Bedene,SnV,1,0,0,0,0,0,0,0,0,0,2
20190115-M-Australian_Open-R128-Alexander_Zverev-Aljaz_Bedene,Aljaz Bedene,SnV1st,1,0,0,0,0,0,0,0,0,0,2
20190115-M-Australian_Open-R128-Alexander_Zverev-Aljaz_Bedene,Aljaz Bedene,nonSnV,81,42,7,0,8,0,1,2,1,0,386
20190115-M-Australian_Open-R128-Alexander_Zverev-Aljaz_Bedene,Aljaz Bedene,nonSnV1st,49,34,7,0,7,0,1,1,0,0,216
20190115-M-Australian_Open-R128-Alexander_Zverev-Aljaz_Bedene,Aljaz Bedene,nonSnV2nd,32,8,0,0,1,0,0,1,1,0,170
20190114-M-Australian_Open-R128-Taylor_Fritz-Cameron_Norrie,Taylor Fritz,SnV,1,1,0,0,1,0,0,0,0,0,1
20190114-M-Australian_Open-R128-Taylor_Fritz-Cameron_Norrie,Taylor Fritz,SnV1st,1,1,0,0,1,0,0,0,0,0,1
20190114-M-Australian_Open-R128-Taylor_Fritz-Cameron_Norrie,Taylor Fritz,nonSnV,100,72,14,0,18,8,3,3,2,1,400
20190114-M-Australian_Open-R128-Taylor_Fritz-Cameron_Norrie,Taylor Fritz,nonSnV1st,66,50,14,0,17,6,3,3,1,1,210
20190114-M-Australian_Open-R128-Taylor_Fritz-Cameron_Norrie,Taylor Fritz,nonSnV2nd,34,22,0,0,1,2,0,0,1,0,190
20190114-M-Australian_Open-R128-Stefanos_Tsitsipas-Matteo_Berrettini,Stefanos Tsitsipas,SnV,1,1,1,0,0,0,0,0,0,0,1
20190114-M-Australian_Open-R128-Stefanos_Tsitsipas-Matteo_Berrettini,Stefanos Tsitsipas,SnV1st,1,1,1,0,0,0,0,0,0,0,1
20190114-M-Australian_Open-R128-Stefanos_Tsitsipas-Matteo_Berrettini,Stefanos Tsitsipas,nonSnV,123,95,14,1,28,13,4,4,4,1,323
20190114-M-Australian_Open-R128-Stefanos_Tsitsipas-Matteo_Berrettini,Stefanos Tsitsipas,nonSnV1st,87,70,14,1,27,10,4,3,3,1,218
20190114-M-Australian_Open-R128-Stefanos_Tsitsipas-Matteo_Berrettini,Stefanos Tsitsipas,nonSnV2nd,36,25,0,0,1,3,0,1,1,0,105
20190114-M-Australian_Open-R128-Stefanos_Tsitsipas-Matteo_Berrettini,Matteo Berrettini,SnV,3,3,0,0,0,0,1,0,0,0,7
20190114-M-Australian_Open-R128-Stefanos_Tsitsipas-Matteo_Berrettini,Matteo Berrettini,SnV1st,1,1,0,0,0,0,1,0,0,0,3
20190114-M-Australian_Open-R128-Stefanos_Tsitsipas-Matteo_Berrettini,Matteo Berrettini,SnV2nd,2,2,0,0,0,0,0,0,0,0,4
20190114-M-Australian_Open-R128-Stefanos_Tsitsipas-Matteo_Berrettini,Matteo Berrettini,nonSnV,122,91,9,1,24,13,6,4,1,1,469
20190114-M-Australian_Open-R128-Stefanos_Tsitsipas-Matteo_Berrettini,Matteo Berrettini,nonSnV1st,81,65,9,1,23,9,3,3,1,0,223
20190114-M-Australian_Open-R128-Stefanos_Tsitsipas-Matteo_Berrettini,Matteo Berrettini,nonSnV2nd,41,26,0,0,1,4,3,1,0,1,246
20190114-M-Australian_Open-R128-Mirza_Basic-Henri_Laaksonen,Mirza Basic,SnV,1,1,0,0,0,1,0,0,0,0,3
20190114-M-Australian_Open-R128-Mirza_Basic-Henri_Laaksonen,Mirza Basic,SnV1st,1,1,0,0,0,1,0,0,0,0,3
20190114-M-Australian_Open-R128-Mirza_Basic-Henri_Laaksonen,Mirza Basic,nonSnV,127,83,8,0,27,12,4,3,9,0,505
20190114-M-Australian_Open-R128-Mirza_Basic-Henri_Laaksonen,Mirza Basic,nonSnV1st,81,55,8,0,19,8,4,1,6,0,327
20190114-M-Australian_Open-R128-Mirza_Basic-Henri_Laaksonen,Mirza Basic,nonSnV2nd,46,28,0,0,8,4,0,2,3,0,178
20180909-M-US_Open-F-Novak_Djokovic-Juan_Martin_Del_Potro,Novak Djokovic,SnV,1,0,0,0,0,0,0,0,0,0,2
20180909-M-US_Open-F-Novak_Djokovic-Juan_Martin_Del_Potro,Novak Djokovic,SnV1st,1,0,0,0,0,0,0,0,0,0,2
20180909-M-US_Open-F-Novak_Djokovic-Juan_Martin_Del_Potro,Novak Djokovic,nonSnV,115,76,1,0,11,13,4,3,4,0,742
20180909-M-US_Open-F-Novak_Djokovic-Juan_Martin_Del_Potro,Novak Djokovic,nonSnV1st,73,50,1,0,9,7,4,2,4,0,426
20180909-M-US_Open-F-Novak_Djokovic-Juan_Martin_Del_Potro,Novak Djokovic,nonSnV2nd,42,26,0,0,2,6,0,1,0,0,316
20180907-M-US_Open-SF-Rafael_Nadal-Juan_Martin_Del_Potro,Rafael Nadal,SnV,4,4,0,0,2,1,0,0,0,0,8
20180907-M-US_Open-SF-Rafael_Nadal-Juan_Martin_Del_Potro,Rafael Nadal,SnV1st,4,4,0,0,2,1,0,0,0,0,8
20180907-M-US_Open-SF-Rafael_Nadal-Juan_Martin_Del_Potro,Rafael Nadal,nonSnV,66,35,4,2,6,6,1,0,3,2,337
20180907-M-US_Open-SF-Rafael_Nadal-Juan_Martin_Del_Potro,Rafael Nadal,nonSnV1st,49,28,4,2,5,5,1,0,2,1,246
20180907-M-US_Open-SF-Rafael_Nadal-Juan_Martin_Del_Potro,Rafael Nadal,nonSnV2nd,17,7,0,0,1,1,0,0,1,1,91
20180907-M-US_Open-SF-Novak_Djokovic-Kei_Nishikori,Kei Nishikori,SnV,1,1,0,0,0,1,0,0,0,0,3
20180907-M-US_Open-SF-Novak_Djokovic-Kei_Nishikori,Kei Nishikori,SnV1st,1,1,0,0,0,1,0,0,0,0,3
20180907-M-US_Open-SF-Novak_Djokovic-Kei_Nishikori,Kei Nishikori,nonSnV,98,56,2,0,12,7,3,0,1,1,524
20180907-M-US_Open-SF-Novak_Djokovic-Kei_Nishikori,Kei Nishikori,nonSnV1st,62,36,2,0,11,4,2,0,0,1,290
20180907-M-US_Open-SF-Novak_Djokovic-Kei_Nishikori,Kei Nishikori,nonSnV2nd,36,20,0,0,1,3,1,0,1,0,234
20180905-M-US_Open-QF-Rafael_Nadal-Dominic_Thiem,Rafael Nadal,SnV,9,7,0,0,4,0,3,0,2,0,21
20180905-M-US_Open-QF-Rafael_Nadal-Dominic_Thiem,Rafael Nadal,SnV1st,9,7,0,0,4,0,3,0,2,0,21
20180905-M-US_Open-QF-Rafael_Nadal-Dominic_Thiem,Rafael Nadal,nonSnV,154,99,3,0,25,12,8,5,2,2,701
20180905-M-US_Open-QF-Rafael_Nadal-Dominic_Thiem,Rafael Nadal,nonSnV1st,101,67,3,0,21,9,7,5,2,2,415
20180905-M-US_Open-QF-Rafael_Nadal-Dominic_Thiem,Rafael Nadal,nonSnV2nd,53,32,0,0,4,3,1,0,0,0,286
20180905-M-US_Open-QF-Rafael_Nadal-Dominic_Thiem,Dominic Thiem,SnV,3,2,0,0,0,2,0,1,0,0,8
20180905-M-US_Open-QF-Rafael_Nadal-Dominic_Thiem,Dominic Thiem,SnV1st,3,2,0,0,0,2,0,1,0,0,8
20180905-M-US_Open-QF-Rafael_Nadal-Dominic_Thiem,Dominic Thiem,nonSnV,163,108,18,1,18,10,6,4,7,0,630
20180905-M-US_Open-QF-Rafael_Nadal-Dominic_Thiem,Dominic Thiem,nonSnV1st,94,68,18,1,16,8,5,3,4,0,320
20180905-M-US_Open-QF-Rafael_Nadal-Dominic_Thiem,Dominic Thiem,nonSnV2nd,69,40,0,0,2,2,1,1,3,0,310
20180904-M-US_Open-QF-John_Isner-Juan_Martin_Del_Potro,John Isner,SnV,3,2,1,0,1,0,0,0,0,1,6
20180904-M-US_Open-QF-John_Isner-Juan_Martin_Del_Potro,John Isner,SnV1st,3,2,1,0,1,0,0,0,0,1,6
20180904-M-US_Open-QF-John_Isner-Juan_Martin_Del_Potro,John Isner,nonSnV,137,91,24,0,21,8,4,1,1,1,365
20180904-M-US_Open-QF-John_Isner-Juan_Martin_Del_Potro,John Isner,nonSnV1st,86,61,22,0,18,5,3,1,1,1,211
20180904-M-US_Open-QF-John_Isner-Juan_Martin_Del_Potro,John Isner,nonSnV2nd,51,30,2,0,3,3,1,0,0,0,154
20180904-M-US_Open-QF-John_Isner-Juan_Martin_Del_Potro,Juan Martin Del Potro,SnV,1,0,0,0,0,0,0,0,0,0,2
20180904-M-US_Open-QF-John_Isner-Juan_Martin_Del_Potro,Juan Martin Del Potro,SnV2nd,1,0,0,0,0,0,0,0,0,0,2
20180904-M-US_Open-QF-John_Isner-Juan_Martin_Del_Potro,Juan Martin Del Potro,nonSnV,116,97,14,0,24,9,9,0,2,0,425
20180904-M-US_Open-QF-John_Isner-Juan_Martin_Del_Potro,Juan Martin Del Potro,nonSnV1st,75,67,13,0,23,9,8,0,1,0,231
20180904-M-US_Open-QF-John_Isner-Juan_Martin_Del_Potro,Juan Martin Del Potro,nonSnV2nd,41,30,1,0,1,0,1,0,1,0,194
20180903-M-US_Open-R16-Roger_Federer-John_Millman,Roger Federer,SnV,36,25,0,3,2,11,6,3,6,1,111
20180903-M-US_Open-R16-Roger_Federer-John_Millman,Roger Federer,SnV1st,14,12,0,2,1,5,3,1,1,0,36
20180903-M-US_Open-R16-Roger_Federer-John_Millman,Roger Federer,SnV2nd,22,13,0,1,1,6,3,2,5,1,75
20180903-M-US_Open-R16-Roger_Federer-John_Millman,Roger Federer,nonSnV,127,85,11,3,26,12,9,5,8,1,443
20180903-M-US_Open-R16-Roger_Federer-John_Millman,Roger Federer,nonSnV1st,71,57,9,3,22,10,6,3,3,0,189
20180903-M-US_Open-R16-Roger_Federer-John_Millman,Roger Federer,nonSnV2nd,56,28,2,0,4,2,3,2,5,1,254
20180903-M-US_Open-R16-Roger_Federer-John_Millman,John Millman,SnV,1,1,0,0,0,0,1,0,0,0,3
20180903-M-US_Open-R16-Roger_Federer-John_Millman,John Millman,SnV1st,1,1,0,0,0,0,1,0,0,0,3
20180903-M-US_Open-R16-Roger_Federer-John_Millman,John Millman,nonSnV,142,99,8,2,26,6,2,1,4,1,557
20180903-M-US_Open-R16-Roger_Federer-John_Millman,John Millman,nonSnV1st,90,67,8,1,23,4,2,1,2,1,377
20180903-M-US_Open-R16-Roger_Federer-John_Millman,John Millman,nonSnV2nd,52,32,0,1,3,2,0,0,2,0,180
20180903-M-US_Open-R16-Juan_Martin_Del_Potro-Borna_Coric,Juan Martin Del Potro,SnV,1,1,0,0,0,0,0,0,0,0,3
20180903-M-US_Open-R16-Juan_Martin_Del_Potro-Borna_Coric,Juan Martin Del Potro,SnV1st,1,1,0,0,0,0,0,0,0,0,3
20180903-M-US_Open-R16-Juan_Martin_Del_Potro-Borna_Coric,Juan Martin Del Potro,nonSnV,67,50,9,1,11,4,1,0,0,0,233
20180903-M-US_Open-R16-Juan_Martin_Del_Potro-Borna_Coric,Juan Martin Del Potro,nonSnV1st,53,42,9,1,8,4,1,0,0,0,182
20180903-M-US_Open-R16-Juan_Martin_Del_Potro-Borna_Coric,Juan Martin Del Potro,nonSnV2nd,14,8,0,0,3,0,0,0,0,0,51
20180903-M-US_Open-R16-Juan_Martin_Del_Potro-Borna_Coric,Borna Coric,SnV,1,0,0,0,0,0,0,0,1,0,6
20180903-M-US_Open-R16-Juan_Martin_Del_Potro-Borna_Coric,Borna Coric,SnV1st,1,0,0,0,0,0,0,0,1,0,6
20180903-M-US_Open-R16-Juan_Martin_Del_Potro-Borna_Coric,Borna Coric,nonSnV,76,43,6,0,6,4,1,1,0,0,408
20180903-M-US_Open-R16-Juan_Martin_Del_Potro-Borna_Coric,Borna Coric,nonSnV1st,52,29,6,0,5,2,0,0,0,0,292
20180903-M-US_Open-R16-Juan_Martin_Del_Potro-Borna_Coric,Borna Coric,nonSnV2nd,24,14,0,0,1,2,1,1,0,0,116
20180902-M-US_Open-R16-Rafael_Nadal-Nikoloz_Basilashvili,Nikoloz Basilashvili,SnV,1,1,0,0,0,1,0,0,0,0,3
20180902-M-US_Open-R16-Rafael_Nadal-Nikoloz_Basilashvili,Nikoloz Basilashvili,SnV1st,1,1,0,0,0,1,0,0,0,0,3
20180902-M-US_Open-R16-Rafael_Nadal-Nikoloz_Basilashvili,Nikoloz Basilashvili,nonSnV,119,77,8,0,14,9,4,2,1,0,589
20180902-M-US_Open-R16-Rafael_Nadal-Nikoloz_Basilashvili,Nikoloz Basilashvili,nonSnV1st,72,49,7,0,9,9,3,2,1,0,351
20180902-M-US_Open-R16-Rafael_Nadal-Nikoloz_Basilashvili,Nikoloz Basilashvili,nonSnV2nd,47,28,1,0,5,0,1,0,0,0,238
20180901-M-US_Open-R32-Roger_Federer-Nick_Kyrgios,Roger Federer,SnV,6,5,0,0,3,2,0,0,1,0,15
20180901-M-US_Open-R32-Roger_Federer-Nick_Kyrgios,Roger Federer,SnV1st,4,4,0,0,3,1,0,0,0,0,6
20180901-M-US_Open-R32-Roger_Federer-Nick_Kyrgios,Roger Federer,SnV2nd,2,1,0,0,0,1,0,0,1,0,9
20180901-M-US_Open-R32-Roger_Federer-Nick_Kyrgios,Roger Federer,nonSnV,85,63,16,0,12,10,0,1,0,1,261
20180901-M-US_Open-R32-Roger_Federer-Nick_Kyrgios,Roger Federer,nonSnV1st,57,49,16,0,11,10,0,1,0,0,155
20180901-M-US_Open-R32-Roger_Federer-Nick_Kyrgios,Roger Federer,nonSnV2nd,28,14,0,0,1,0,0,0,0,1,106
20180901-M-US_Open-R32-Roger_Federer-Nick_Kyrgios,Nick Kyrgios,SnV,5,4,0,0,0,2,1,0,0,0,14
20180901-M-US_Open-R32-Roger_Federer-Nick_Kyrgios,Nick Kyrgios,SnV2nd,5,4,0,0,0,2,1,0,0,0,14
20180901-M-US_Open-R32-Roger_Federer-Nick_Kyrgios,Nick Kyrgios,nonSnV,87,54,13,4,16,3,5,2,6,3,276
20180901-M-US_Open-R32-Roger_Federer-Nick_Kyrgios,Nick Kyrgios,nonSnV1st,57,36,13,4,13,1,3,2,4,2,150
20180901-M-US_Open-R32-Roger_Federer-Nick_Kyrgios,Nick Kyrgios,nonSnV2nd,30,18,0,0,3,2,2,0,2,1,126
20180831-M-US_Open-R32-Kevin_Anderson-Denis_Shapovalov,Kevin Anderson,SnV,2,0,0,0,0,0,0,2,0,0,4
20180831-M-US_Open-R32-Kevin_Anderson-Denis_Shapovalov,Kevin Anderson,SnV1st,2,0,0,0,0,0,0,2,0,0,4
20180831-M-US_Open-R32-Kevin_Anderson-Denis_Shapovalov,Kevin Anderson,nonSnV,142,103,12,14,34,7,4,0,4,1,429
20180831-M-US_Open-R32-Kevin_Anderson-Denis_Shapovalov,Kevin Anderson,nonSnV1st,100,77,12,13,25,7,4,0,2,1,283
20180831-M-US_Open-R32-Kevin_Anderson-Denis_Shapovalov,Kevin Anderson,nonSnV2nd,42,26,0,1,9,0,0,0,2,0,146
20180831-M-US_Open-R32-Fernando_Verdasco-Juan_Martin_Del_Potro,Fernando Verdasco,SnV,4,3,1,0,1,1,0,0,0,0,7
20180831-M-US_Open-R32-Fernando_Verdasco-Juan_Martin_Del_Potro,Fernando Verdasco,SnV1st,4,3,1,0,1,1,0,0,0,0,7
20180831-M-US_Open-R32-Fernando_Verdasco-Juan_Martin_Del_Potro,Fernando Verdasco,nonSnV,102,60,9,0,12,5,3,1,2,1,478
20180831-M-US_Open-R32-Fernando_Verdasco-Juan_Martin_Del_Potro,Fernando Verdasco,nonSnV1st,65,44,9,0,12,5,3,0,2,0,282
20180831-M-US_Open-R32-Fernando_Verdasco-Juan_Martin_Del_Potro,Fernando Verdasco,nonSnV2nd,37,16,0,0,0,0,0,1,0,1,196
20180831-M-US_Open-R32-Fernando_Verdasco-Juan_Martin_Del_Potro,Juan Martin Del Potro,SnV,1,1,0,0,1,0,0,0,0,0,1
20180831-M-US_Open-R32-Fernando_Verdasco-Juan_Martin_Del_Potro,Juan Martin Del Potro,SnV1st,1,1,0,0,1,0,0,0,0,0,1
20180831-M-US_Open-R32-Fernando_Verdasco-Juan_Martin_Del_Potro,Juan Martin Del Potro,nonSnV,98,69,12,0,13,11,4,0,2,0,425
20180831-M-US_Open-R32-Fernando_Verdasco-Juan_Martin_Del_Potro,Juan Martin Del Potro,nonSnV1st,68,54,12,0,12,10,3,0,0,0,272
20180831-M-US_Open-R32-Fernando_Verdasco-Juan_Martin_Del_Potro,Juan Martin Del Potro,nonSnV2nd,30,15,0,0,1,1,1,0,2,0,153
20180830-M-US_Open-R64-Benoit_Paire-Roger_Federer,Benoit Paire,SnV,11,7,0,0,4,0,1,1,0,1,19
20180830-M-US_Open-R64-Benoit_Paire-Roger_Federer,Benoit Paire,SnV1st,9,5,0,0,4,0,1,1,0,1,17
20180830-M-US_Open-R64-Benoit_Paire-Roger_Federer,Benoit Paire,SnV2nd,2,2,0,0,0,0,0,0,0,0,2
20180830-M-US_Open-R64-Benoit_Paire-Roger_Federer,Benoit Paire,nonSnV,80,51,6,2,12,5,3,3,4,3,277
20180830-M-US_Open-R64-Benoit_Paire-Roger_Federer,Benoit Paire,nonSnV1st,48,31,6,2,11,5,1,2,3,3,147
20180830-M-US_Open-R64-Benoit_Paire-Roger_Federer,Benoit Paire,nonSnV2nd,32,20,0,0,1,0,2,1,1,0,130
20180830-M-US_Open-R64-Benoit_Paire-Roger_Federer,Roger Federer,SnV,16,15,0,0,5,7,2,0,0,0,49
20180830-M-US_Open-R64-Benoit_Paire-Roger_Federer,Roger Federer,SnV1st,13,12,0,0,5,6,0,0,0,0,38
20180830-M-US_Open-R64-Benoit_Paire-Roger_Federer,Roger Federer,SnV2nd,3,3,0,0,0,1,2,0,0,0,11
20180830-M-US_Open-R64-Benoit_Paire-Roger_Federer,Roger Federer,nonSnV,74,51,5,0,11,3,7,2,2,0,273
20180830-M-US_Open-R64-Benoit_Paire-Roger_Federer,Roger Federer,nonSnV1st,42,29,5,0,10,2,5,2,0,0,149
20180830-M-US_Open-R64-Benoit_Paire-Roger_Federer,Roger Federer,nonSnV2nd,32,22,0,0,1,1,2,0,2,0,124
20180829-M-US_Open-R64-Denis_Kudla-Juan_Martin_Del_Potro,Denis Kudla,SnV,1,1,0,0,0,1,0,0,0,0,3
20180829-M-US_Open-R64-Denis_Kudla-Juan_Martin_Del_Potro,Denis Kudla,SnV1st,1,1,0,0,0,1,0,0,0,0,3
20180829-M-US_Open-R64-Denis_Kudla-Juan_Martin_Del_Potro,Denis Kudla,nonSnV,79,50,11,0,8,6,2,1,0,3,362
20180829-M-US_Open-R64-Denis_Kudla-Juan_Martin_Del_Potro,Denis Kudla,nonSnV1st,43,31,11,0,8,5,0,1,0,2,175
20180829-M-US_Open-R64-Denis_Kudla-Juan_Martin_Del_Potro,Denis Kudla,nonSnV2nd,36,19,0,0,0,1,2,0,0,1,187
20180829-M-US_Open-R64-Denis_Kudla-Juan_Martin_Del_Potro,Juan Martin Del Potro,SnV,1,1,1,0,0,0,0,0,0,0,1
20180829-M-US_Open-R64-Denis_Kudla-Juan_Martin_Del_Potro,Juan Martin Del Potro,SnV1st,1,1,1,0,0,0,0,0,0,0,1
20180829-M-US_Open-R64-Denis_Kudla-Juan_Martin_Del_Potro,Juan Martin Del Potro,nonSnV,73,59,19,0,13,4,3,0,2,0,245
20180829-M-US_Open-R64-Denis_Kudla-Juan_Martin_Del_Potro,Juan Martin Del Potro,nonSnV1st,54,46,19,0,13,4,3,0,0,0,136
20180829-M-US_Open-R64-Denis_Kudla-Juan_Martin_Del_Potro,Juan Martin Del Potro,nonSnV2nd,19,13,0,0,0,0,0,0,2,0,109
20180829-M-US_Open-R64-Andy_Murray-Fernando_Verdasco,Andy Murray,SnV,5,3,0,0,1,1,1,0,2,0,17
20180829-M-US_Open-R64-Andy_Murray-Fernando_Verdasco,Andy Murray,SnV1st,5,3,0,0,1,1,1,0,2,0,17
20180829-M-US_Open-R64-Andy_Murray-Fernando_Verdasco,Andy Murray,nonSnV,101,61,6,0,14,6,7,1,4,2,473
20180829-M-US_Open-R64-Andy_Murray-Fernando_Verdasco,Andy Murray,nonSnV1st,57,40,6,0,13,4,5,1,2,1,212
20180829-M-US_Open-R64-Andy_Murray-Fernando_Verdasco,Andy Murray,nonSnV2nd,44,21,0,0,1,2,2,0,2,1,261
20180829-M-US_Open-R64-Andy_Murray-Fernando_Verdasco,Fernando Verdasco,SnV,2,2,0,0,0,1,1,0,0,0,8
20180829-M-US_Open-R64-Andy_Murray-Fernando_Verdasco,Fernando Verdasco,SnV1st,2,2,0,0,0,1,1,0,0,0,8
20180829-M-US_Open-R64-Andy_Murray-Fernando_Verdasco,Fernando Verdasco,nonSnV,124,75,9,0,13,16,3,3,4,2,583
20180829-M-US_Open-R64-Andy_Murray-Fernando_Verdasco,Fernando Verdasco,nonSnV1st,81,52,9,0,9,15,3,2,4,1,390
20180829-M-US_Open-R64-Andy_Murray-Fernando_Verdasco,Fernando Verdasco,nonSnV2nd,43,23,0,0,4,1,0,1,0,1,193
20180828-M-US_Open-R128-Yoshihito_Nishioka-Roger_Federer,Roger Federer,SnV,15,9,1,0,3,3,2,1,3,1,39
20180828-M-US_Open-R128-Yoshihito_Nishioka-Roger_Federer,Roger Federer,SnV1st,12,9,1,0,3,3,2,1,2,0,29
20180828-M-US_Open-R128-Yoshihito_Nishioka-Roger_Federer,Roger Federer,SnV2nd,3,0,0,0,0,0,0,0,1,1,10
20180828-M-US_Open-R128-Yoshihito_Nishioka-Roger_Federer,Roger Federer,nonSnV,64,47,13,0,6,9,3,1,2,1,229
20180828-M-US_Open-R128-Yoshihito_Nishioka-Roger_Federer,Roger Federer,nonSnV1st,43,34,13,0,5,6,2,0,0,1,124
20180828-M-US_Open-R128-Yoshihito_Nishioka-Roger_Federer,Roger Federer,nonSnV2nd,21,13,0,0,1,3,1,1,2,0,105
20180828-M-US_Open-R128-Nikoloz_Basilashvili-Aljaz_Bedene,Nikoloz Basilashvili,SnV,2,0,0,0,0,0,0,1,0,0,6
20180828-M-US_Open-R128-Nikoloz_Basilashvili-Aljaz_Bedene,Nikoloz Basilashvili,SnV1st,2,0,0,0,0,0,0,1,0,0,6
20180828-M-US_Open-R128-Nikoloz_Basilashvili-Aljaz_Bedene,Nikoloz Basilashvili,nonSnV,131,84,4,1,23,2,0,0,0,0,564
20180828-M-US_Open-R128-Nikoloz_Basilashvili-Aljaz_Bedene,Nikoloz Basilashvili,nonSnV1st,81,56,3,1,17,2,0,0,0,0,306
20180828-M-US_Open-R128-Nikoloz_Basilashvili-Aljaz_Bedene,Nikoloz Basilashvili,nonSnV2nd,50,28,1,0,6,0,0,0,0,0,258
20180128-M-Australian_Open-F-Marin_Cilic-Roger_Federer,Roger Federer,SnV,7,7,0,0,4,2,1,0,0,0,13
20180128-M-Australian_Open-F-Marin_Cilic-Roger_Federer,Roger Federer,SnV1st,6,6,0,0,3,2,1,0,0,0,12
20180128-M-Australian_Open-F-Marin_Cilic-Roger_Federer,Roger Federer,SnV2nd,1,1,0,0,1,0,0,0,0,0,1
20180128-M-Australian_Open-F-Marin_Cilic-Roger_Federer,Roger Federer,nonSnV,128,92,24,4,26,3,1,0,3,1,404
20180128-M-Australian_Open-F-Marin_Cilic-Roger_Federer,Roger Federer,nonSnV1st,78,61,23,3,19,3,1,0,3,1,199
20180128-M-Australian_Open-F-Marin_Cilic-Roger_Federer,Roger Federer,nonSnV2nd,50,31,1,1,7,0,0,0,0,0,205
20180124-M-Australian_Open-QF-Tomas_Berdych-Roger_Federer,Tomas Berdych,SnV,1,1,0,0,0,1,0,0,0,0,3
20180124-M-Australian_Open-QF-Tomas_Berdych-Roger_Federer,Tomas Berdych,SnV1st,1,1,0,0,0,1,0,0,0,0,3
20180124-M-Australian_Open-QF-Tomas_Berdych-Roger_Federer,Tomas Berdych,nonSnV,92,57,4,4,10,4,2,1,3,2,423
20180124-M-Australian_Open-QF-Tomas_Berdych-Roger_Federer,Tomas Berdych,nonSnV1st,52,36,4,4,9,2,1,1,3,1,196
20180124-M-Australian_Open-QF-Tomas_Berdych-Roger_Federer,Tomas Berdych,nonSnV2nd,40,21,0,0,1,2,1,0,0,1,227
20180124-M-Australian_Open-QF-Tomas_Berdych-Roger_Federer,Roger Federer,SnV,7,5,1,0,2,1,1,0,0,0,13
20180124-M-Australian_Open-QF-Tomas_Berdych-Roger_Federer,Roger Federer,SnV1st,6,5,1,0,2,1,1,0,0,0,11
20180124-M-Australian_Open-QF-Tomas_Berdych-Roger_Federer,Roger Federer,SnV2nd,1,0,0,0,0,0,0,0,0,0,2
20180124-M-Australian_Open-QF-Tomas_Berdych-Roger_Federer,Roger Federer,nonSnV,84,64,13,6,7,7,4,1,1,0,324
20180124-M-Australian_Open-QF-Tomas_Berdych-Roger_Federer,Roger Federer,nonSnV1st,54,45,12,5,5,6,3,0,1,0,185
20180124-M-Australian_Open-QF-Tomas_Berdych-Roger_Federer,Roger Federer,nonSnV2nd,30,19,1,1,2,1,1,1,0,0,139
20180123-M-Australian_Open-QF-Rafael_Nadal-Marin_Cilic,Rafael Nadal,SnV,1,0,0,0,0,0,0,0,0,0,2
20180123-M-Australian_Open-QF-Rafael_Nadal-Marin_Cilic,Rafael Nadal,SnV1st,1,0,0,0,0,0,0,0,0,0,2
20180123-M-Australian_Open-QF-Rafael_Nadal-Marin_Cilic,Rafael Nadal,nonSnV,161,96,3,3,30,8,2,1,3,1,670
20180123-M-Australian_Open-QF-Rafael_Nadal-Marin_Cilic,Rafael Nadal,nonSnV1st,122,83,3,3,30,7,2,1,3,0,483
20180123-M-Australian_Open-QF-Rafael_Nadal-Marin_Cilic,Rafael Nadal,nonSnV2nd,39,13,0,0,0,1,0,0,0,1,187
20180123-M-Australian_Open-QF-Rafael_Nadal-Marin_Cilic,Marin Cilic,SnV,12,8,0,0,2,5,1,0,2,0,34
20180123-M-Australian_Open-QF-Rafael_Nadal-Marin_Cilic,Marin Cilic,SnV1st,12,8,0,0,2,5,1,0,2,0,34
20180123-M-Australian_Open-QF-Rafael_Nadal-Marin_Cilic,Marin Cilic,nonSnV,118,81,20,3,17,13,2,2,1,0,405
20180123-M-Australian_Open-QF-Rafael_Nadal-Marin_Cilic,Marin Cilic,nonSnV1st,81,64,20,3,14,9,1,1,1,0,226
20180123-M-Australian_Open-QF-Rafael_Nadal-Marin_Cilic,Marin Cilic,nonSnV2nd,37,17,0,0,3,4,1,1,0,0,179
20180122-M-Australian_Open-R16-Roger_Federer-Marton_Fucsovics,Roger Federer,SnV,9,6,1,1,0,1,2,1,1,0,26
20180122-M-Australian_Open-R16-Roger_Federer-Marton_Fucsovics,Roger Federer,SnV1st,4,3,1,1,0,0,1,0,0,0,11
20180122-M-Australian_Open-R16-Roger_Federer-Marton_Fucsovics,Roger Federer,SnV2nd,5,3,0,0,0,1,1,1,1,0,15
20180122-M-Australian_Open-R16-Roger_Federer-Marton_Fucsovics,Roger Federer,nonSnV,70,59,4,1,16,11,5,0,0,1,273
20180122-M-Australian_Open-R16-Roger_Federer-Marton_Fucsovics,Roger Federer,nonSnV1st,44,37,4,1,13,8,2,0,0,1,149
20180122-M-Australian_Open-R16-Roger_Federer-Marton_Fucsovics,Roger Federer,nonSnV2nd,26,22,0,0,3,3,3,0,0,0,124
20180122-M-Australian_Open-R16-Roger_Federer-Marton_Fucsovics,Marton Fucsovics,SnV,3,3,0,0,2,0,0,0,0,0,3
20180122-M-Australian_Open-R16-Roger_Federer-Marton_Fucsovics,Marton Fucsovics,SnV1st,2,2,0,0,2,0,0,0,0,0,2
20180122-M-Australian_Open-R16-Roger_Federer-Marton_Fucsovics,Marton Fucsovics,SnV2nd,1,1,0,0,0,0,0,0,0,0,1
20180122-M-Australian_Open-R16-Roger_Federer-Marton_Fucsovics,Marton Fucsovics,nonSnV,99,62,5,3,15,5,4,4,2,3,462
20180122-M-Australian_Open-R16-Roger_Federer-Marton_Fucsovics,Marton Fucsovics,nonSnV1st,55,36,4,2,13,4,3,4,0,2,230
20180122-M-Australian_Open-R16-Roger_Federer-Marton_Fucsovics,Marton Fucsovics,nonSnV2nd,44,26,1,1,2,1,1,0,2,1,232
20180122-M-Australian_Open-R16-Novak_Djokovic-Hyeon_Chung,Novak Djokovic,SnV,3,1,0,0,0,1,0,0,0,1,9
20180122-M-Australian_Open-R16-Novak_Djokovic-Hyeon_Chung,Novak Djokovic,SnV1st,3,1,0,0,0,1,0,0,0,1,9
20180122-M-Australian_Open-R16-Novak_Djokovic-Hyeon_Chung,Novak Djokovic,nonSnV,113,68,2,0,21,10,10,3,5,1,550
20180122-M-Australian_Open-R16-Novak_Djokovic-Hyeon_Chung,Novak Djokovic,nonSnV1st,76,50,2,0,14,9,6,2,4,1,358
20180122-M-Australian_Open-R16-Novak_Djokovic-Hyeon_Chung,Novak Djokovic,nonSnV2nd,37,18,0,0,7,1,4,1,1,0,192
20180121-M-Australian_Open-R16-Grigor_Dimitrov-Nick_Kyrgios,Nick Kyrgios,SnV,3,2,0,0,0,0,0,1,0,0,14
20180121-M-Australian_Open-R16-Grigor_Dimitrov-Nick_Kyrgios,Nick Kyrgios,SnV1st,3,2,0,0,0,0,0,1,0,0,14
20180121-M-Australian_Open-R16-Grigor_Dimitrov-Nick_Kyrgios,Nick Kyrgios,nonSnV,144,105,37,10,15,6,5,4,3,0,511
20180121-M-Australian_Open-R16-Grigor_Dimitrov-Nick_Kyrgios,Nick Kyrgios,nonSnV1st,98,78,35,7,13,3,4,2,2,0,264
20180121-M-Australian_Open-R16-Grigor_Dimitrov-Nick_Kyrgios,Nick Kyrgios,nonSnV2nd,46,27,2,3,2,3,1,2,1,0,247
20180120-M-Australian_Open-R32-Roger_Federer-Richard_Gasquet,Roger Federer,SnV,12,9,1,0,3,3,1,0,3,0,31
20180120-M-Australian_Open-R32-Roger_Federer-Richard_Gasquet,Roger Federer,SnV1st,9,8,1,0,3,3,1,0,1,0,20
20180120-M-Australian_Open-R32-Roger_Federer-Richard_Gasquet,Roger Federer,SnV2nd,3,1,0,0,0,0,0,0,2,0,11
20180120-M-Australian_Open-R32-Roger_Federer-Richard_Gasquet,Roger Federer,nonSnV,81,54,11,3,11,7,5,5,1,1,278
20180120-M-Australian_Open-R32-Roger_Federer-Richard_Gasquet,Roger Federer,nonSnV1st,52,41,9,3,8,6,5,3,0,1,171
20180120-M-Australian_Open-R32-Roger_Federer-Richard_Gasquet,Roger Federer,nonSnV2nd,29,13,2,0,3,1,0,2,1,0,107
20180120-M-Australian_Open-R32-Roger_Federer-Richard_Gasquet,Richard Gasquet,SnV,2,2,0,1,0,0,1,0,0,0,4
20180120-M-Australian_Open-R32-Roger_Federer-Richard_Gasquet,Richard Gasquet,SnV1st,2,2,0,1,0,0,1,0,0,0,4
20180120-M-Australian_Open-R32-Roger_Federer-Richard_Gasquet,Richard Gasquet,nonSnV,85,51,3,2,13,5,2,1,3,0,351
20180120-M-Australian_Open-R32-Roger_Federer-Richard_Gasquet,Richard Gasquet,nonSnV1st,59,39,3,2,11,5,2,1,3,0,249
20180120-M-Australian_Open-R32-Roger_Federer-Richard_Gasquet,Richard Gasquet,nonSnV2nd,26,12,0,0,2,0,0,0,0,0,102
20180120-M-Australian_Open-R32-Novak_Djokovic-Albert_Ramos,Novak Djokovic,SnV,3,2,0,0,0,1,1,1,0,0,20
20180120-M-Australian_Open-R32-Novak_Djokovic-Albert_Ramos,Novak Djokovic,SnV1st,2,2,0,0,0,1,1,0,0,0,18
20180120-M-Australian_Open-R32-Novak_Djokovic-Albert_Ramos,Novak Djokovic,SnV2nd,1,0,0,0,0,0,0,1,0,0,2
20180120-M-Australian_Open-R32-Novak_Djokovic-Albert_Ramos,Novak Djokovic,nonSnV,81,58,3,0,19,6,3,0,2,1,388
20180120-M-Australian_Open-R32-Novak_Djokovic-Albert_Ramos,Novak Djokovic,nonSnV1st,53,42,3,0,13,4,3,0,0,1,226
20180120-M-Australian_Open-R32-Novak_Djokovic-Albert_Ramos,Novak Djokovic,nonSnV2nd,28,16,0,0,6,2,0,0,2,0,162
20180118-M-Australian_Open-R64-Novak_Djokovic-Gael_Monfils,Novak Djokovic,SnV,3,2,0,0,0,2,0,0,1,0,12
20180118-M-Australian_Open-R64-Novak_Djokovic-Gael_Monfils,Novak Djokovic,SnV1st,1,1,0,0,0,1,0,0,0,0,3
20180118-M-Australian_Open-R64-Novak_Djokovic-Gael_Monfils,Novak Djokovic,SnV2nd,2,1,0,0,0,1,0,0,1,0,9
20180118-M-Australian_Open-R64-Novak_Djokovic-Gael_Monfils,Novak Djokovic,nonSnV,100,70,5,0,13,8,5,3,4,0,474
20180118-M-Australian_Open-R64-Novak_Djokovic-Gael_Monfils,Novak Djokovic,nonSnV1st,74,54,3,0,10,7,3,0,4,0,334
20180118-M-Australian_Open-R64-Novak_Djokovic-Gael_Monfils,Novak Djokovic,nonSnV2nd,26,16,2,0,3,1,2,3,0,0,140
20180118-M-Australian_Open-R64-Jan_Lennard_Struff-Roger_Federer,Jan Lennard Struff,SnV,17,9,0,0,2,4,1,2,3,0,49
20180118-M-Australian_Open-R64-Jan_Lennard_Struff-Roger_Federer,Jan Lennard Struff,SnV1st,13,8,0,0,1,4,1,2,1,0,36
20180118-M-Australian_Open-R64-Jan_Lennard_Struff-Roger_Federer,Jan Lennard Struff,SnV2nd,4,1,0,0,1,0,0,0,2,0,13
20180118-M-Australian_Open-R64-Jan_Lennard_Struff-Roger_Federer,Jan Lennard Struff,nonSnV,85,59,7,4,7,9,6,4,2,2,327
20180118-M-Australian_Open-R64-Jan_Lennard_Struff-Roger_Federer,Jan Lennard Struff,nonSnV1st,40,32,7,4,6,4,4,2,1,2,106
20180118-M-Australian_Open-R64-Jan_Lennard_Struff-Roger_Federer,Jan Lennard Struff,nonSnV2nd,45,27,0,0,1,5,2,2,1,0,221
20180118-M-Australian_Open-R64-Jan_Lennard_Struff-Roger_Federer,Roger Federer,SnV,2,2,0,0,2,0,0,0,0,0,2
20180118-M-Australian_Open-R64-Jan_Lennard_Struff-Roger_Federer,Roger Federer,SnV1st,2,2,0,0,2,0,0,0,0,0,2
20180118-M-Australian_Open-R64-Jan_Lennard_Struff-Roger_Federer,Roger Federer,nonSnV,89,68,17,1,17,3,8,2,1,1,264
20180118-M-Australian_Open-R64-Jan_Lennard_Struff-Roger_Federer,Roger Federer,nonSnV1st,50,41,15,0,14,1,5,2,0,1,117
20180118-M-Australian_Open-R64-Jan_Lennard_Struff-Roger_Federer,Roger Federer,nonSnV2nd,39,27,2,1,3,2,3,0,1,0,147
20180117-M-Australian_Open-R64-Grigor_Dimitrov-Mackenzie_Mcdonald,Grigor Dimitrov,SnV,3,3,0,0,0,2,1,0,0,0,11
20180117-M-Australian_Open-R64-Grigor_Dimitrov-Mackenzie_Mcdonald,Grigor Dimitrov,SnV1st,3,3,0,0,0,2,1,0,0,0,11
20180117-M-Australian_Open-R64-Grigor_Dimitrov-Mackenzie_Mcdonald,Grigor Dimitrov,nonSnV,135,88,8,8,25,9,9,3,2,1,512
20180117-M-Australian_Open-R64-Grigor_Dimitrov-Mackenzie_Mcdonald,Grigor Dimitrov,nonSnV1st,98,75,7,8,22,8,8,3,1,1,371
20180117-M-Australian_Open-R64-Grigor_Dimitrov-Mackenzie_Mcdonald,Grigor Dimitrov,nonSnV2nd,37,13,1,0,3,1,1,0,1,0,141
20180117-M-Australian_Open-R64-Grigor_Dimitrov-Mackenzie_Mcdonald,Mackenzie Mcdonald,SnV,3,1,0,0,0,0,1,0,1,1,11
20180117-M-Australian_Open-R64-Grigor_Dimitrov-Mackenzie_Mcdonald,Mackenzie Mcdonald,SnV1st,3,1,0,0,0,0,1,0,1,1,11
20180117-M-Australian_Open-R64-Grigor_Dimitrov-Mackenzie_Mcdonald,Mackenzie Mcdonald,nonSnV,142,93,4,2,24,10,15,6,7,2,593
20180117-M-Australian_Open-R64-Grigor_Dimitrov-Mackenzie_Mcdonald,Mackenzie Mcdonald,nonSnV1st,82,62,4,2,20,6,10,3,4,1,308
20180117-M-Australian_Open-R64-Grigor_Dimitrov-Mackenzie_Mcdonald,Mackenzie Mcdonald,nonSnV2nd,60,31,0,0,4,4,5,3,3,1,285
20180117-M-Australian_Open-R64-Denis_Shapovalov-Jo_Wilfried_Tsonga,Denis Shapovalov,SnV,4,4,0,1,0,2,1,0,0,0,10
20180117-M-Australian_Open-R64-Denis_Shapovalov-Jo_Wilfried_Tsonga,Denis Shapovalov,SnV1st,4,4,0,1,0,2,1,0,0,0,10
20180117-M-Australian_Open-R64-Denis_Shapovalov-Jo_Wilfried_Tsonga,Denis Shapovalov,nonSnV,143,100,11,3,33,20,8,9,3,2,476
20180117-M-Australian_Open-R64-Denis_Shapovalov-Jo_Wilfried_Tsonga,Denis Shapovalov,nonSnV1st,84,61,11,3,21,11,6,7,2,2,245
20180117-M-Australian_Open-R64-Denis_Shapovalov-Jo_Wilfried_Tsonga,Denis Shapovalov,nonSnV2nd,59,39,0,0,12,9,2,2,1,0,231
20180117-M-Australian_Open-R64-Denis_Shapovalov-Jo_Wilfried_Tsonga,Jo Wilfried Tsonga,SnV,13,11,0,2,3,2,1,1,1,0,33
20180117-M-Australian_Open-R64-Denis_Shapovalov-Jo_Wilfried_Tsonga,Jo Wilfried Tsonga,SnV1st,12,10,0,2,2,2,1,1,1,0,32
20180117-M-Australian_Open-R64-Denis_Shapovalov-Jo_Wilfried_Tsonga,Jo Wilfried Tsonga,SnV2nd,1,1,0,0,1,0,0,0,0,0,1
20180117-M-Australian_Open-R64-Denis_Shapovalov-Jo_Wilfried_Tsonga,Jo Wilfried Tsonga,nonSnV,137,91,9,9,27,15,9,4,5,2,449
20180117-M-Australian_Open-R64-Denis_Shapovalov-Jo_Wilfried_Tsonga,Jo Wilfried Tsonga,nonSnV1st,66,56,9,9,17,9,5,1,1,0,182
20180117-M-Australian_Open-R64-Denis_Shapovalov-Jo_Wilfried_Tsonga,Jo Wilfried Tsonga,nonSnV2nd,71,35,0,0,10,6,4,3,4,2,267
20180116-M-Australian_Open-R64-Rafael_Nadal-Leonardo_Mayer,Rafael Nadal,SnV,1,1,0,0,0,1,0,0,0,0,3
20180116-M-Australian_Open-R64-Rafael_Nadal-Leonardo_Mayer,Rafael Nadal,SnV1st,1,1,0,0,0,1,0,0,0,0,3
20180116-M-Australian_Open-R64-Rafael_Nadal-Leonardo_Mayer,Rafael Nadal,nonSnV,92,69,5,4,17,2,6,0,2,1,355
20180116-M-Australian_Open-R64-Rafael_Nadal-Leonardo_Mayer,Rafael Nadal,nonSnV1st,68,54,5,4,17,1,3,0,2,1,254
20180116-M-Australian_Open-R64-Rafael_Nadal-Leonardo_Mayer,Rafael Nadal,nonSnV2nd,24,15,0,0,0,1,3,0,0,0,101
20180116-M-Australian_Open-R64-Rafael_Nadal-Leonardo_Mayer,Leonardo Mayer,SnV,12,7,0,0,2,4,1,4,0,0,33
20180116-M-Australian_Open-R64-Rafael_Nadal-Leonardo_Mayer,Leonardo Mayer,SnV1st,11,7,0,0,2,4,1,3,0,0,31
20180116-M-Australian_Open-R64-Rafael_Nadal-Leonardo_Mayer,Leonardo Mayer,SnV2nd,1,0,0,0,0,0,0,1,0,0,2
20180116-M-Australian_Open-R64-Rafael_Nadal-Leonardo_Mayer,Leonardo Mayer,nonSnV,91,59,17,3,11,5,4,0,5,0,381
20180116-M-Australian_Open-R64-Rafael_Nadal-Leonardo_Mayer,Leonardo Mayer,nonSnV1st,60,42,17,2,11,4,2,0,3,0,196
20180116-M-Australian_Open-R64-Rafael_Nadal-Leonardo_Mayer,Leonardo Mayer,nonSnV2nd,31,17,0,1,0,1,2,0,2,0,185
20180116-M-Australian_Open-R128-Roger_Federer-Aljaz_Bedene,Roger Federer,SnV,12,11,0,0,2,6,2,0,0,0,35
20180116-M-Australian_Open-R128-Roger_Federer-Aljaz_Bedene,Roger Federer,SnV1st,8,7,0,0,2,5,0,0,0,0,21
20180116-M-Australian_Open-R128-Roger_Federer-Aljaz_Bedene,Roger Federer,SnV2nd,4,4,0,0,0,1,2,0,0,0,14
20180116-M-Australian_Open-R128-Roger_Federer-Aljaz_Bedene,Roger Federer,nonSnV,66,48,12,1,10,7,4,2,1,2,186
20180116-M-Australian_Open-R128-Roger_Federer-Aljaz_Bedene,Roger Federer,nonSnV1st,50,38,11,1,9,7,4,2,1,1,142
20180116-M-Australian_Open-R128-Roger_Federer-Aljaz_Bedene,Roger Federer,nonSnV2nd,16,10,1,0,1,0,0,0,0,1,44
20180116-M-Australian_Open-R128-Roger_Federer-Aljaz_Bedene,Aljaz Bedene,SnV,2,1,0,0,1,0,0,1,0,0,3
20180116-M-Australian_Open-R128-Roger_Federer-Aljaz_Bedene,Aljaz Bedene,SnV1st,2,1,0,0,1,0,0,1,0,0,3
20180116-M-Australian_Open-R128-Roger_Federer-Aljaz_Bedene,Aljaz Bedene,nonSnV,83,52,3,4,10,4,1,1,1,1,344
20180116-M-Australian_Open-R128-Roger_Federer-Aljaz_Bedene,Aljaz Bedene,nonSnV1st,48,34,3,4,10,4,1,1,0,0,180
20180116-M-Australian_Open-R128-Roger_Federer-Aljaz_Bedene,Aljaz Bedene,nonSnV2nd,35,18,0,0,0,0,0,0,1,1,164
20170910-M-US_Open-F-Kevin_Anderson-Rafael_Nadal,Kevin Anderson,SnV,11,7,0,0,3,4,0,1,1,0,29
20170910-M-US_Open-F-Kevin_Anderson-Rafael_Nadal,Kevin Anderson,SnV1st,11,7,0,0,3,4,0,1,1,0,29
20170910-M-US_Open-F-Kevin_Anderson-Rafael_Nadal,Kevin Anderson,nonSnV,93,56,11,0,16,5,2,4,4,2,386
20170910-M-US_Open-F-Kevin_Anderson-Rafael_Nadal,Kevin Anderson,nonSnV1st,53,40,11,0,14,4,2,1,2,2,192
20170910-M-US_Open-F-Kevin_Anderson-Rafael_Nadal,Kevin Anderson,nonSnV2nd,40,16,0,0,2,1,0,3,2,0,194
20170910-M-US_Open-F-Kevin_Anderson-Rafael_Nadal,Rafael Nadal,SnV,5,5,0,0,2,3,0,0,0,0,11
20170910-M-US_Open-F-Kevin_Anderson-Rafael_Nadal,Rafael Nadal,SnV1st,5,5,0,0,2,3,0,0,0,0,11
20170910-M-US_Open-F-Kevin_Anderson-Rafael_Nadal,Rafael Nadal,nonSnV,66,52,1,0,19,4,2,0,1,0,258
20170910-M-US_Open-F-Kevin_Anderson-Rafael_Nadal,Rafael Nadal,nonSnV1st,39,32,1,0,17,2,2,0,1,0,144
20170910-M-US_Open-F-Kevin_Anderson-Rafael_Nadal,Rafael Nadal,nonSnV2nd,27,20,0,0,2,2,0,0,0,0,114
20170908-M-US_Open-SF-Rafael_Nadal-Juan_Martin_Del_Potro,Rafael Nadal,SnV,4,4,0,0,0,4,0,0,0,0,12
20170908-M-US_Open-SF-Rafael_Nadal-Juan_Martin_Del_Potro,Rafael Nadal,SnV1st,4,4,0,0,0,4,0,0,0,0,12
20170908-M-US_Open-SF-Rafael_Nadal-Juan_Martin_Del_Potro,Rafael Nadal,nonSnV,84,64,5,0,12,6,2,0,3,0,444
20170908-M-US_Open-SF-Rafael_Nadal-Juan_Martin_Del_Potro,Rafael Nadal,nonSnV1st,62,47,5,0,12,4,2,0,2,0,313
20170908-M-US_Open-SF-Rafael_Nadal-Juan_Martin_Del_Potro,Rafael Nadal,nonSnV2nd,22,17,0,0,0,2,0,0,1,0,131
20170831-M-US_Open-R64-Roger_Federer-Mikhail_Youzhny,Roger Federer,SnV,14,9,0,1,1,5,2,2,1,0,45
20170831-M-US_Open-R64-Roger_Federer-Mikhail_Youzhny,Roger Federer,SnV1st,9,9,0,1,1,5,2,0,0,0,33
20170831-M-US_Open-R64-Roger_Federer-Mikhail_Youzhny,Roger Federer,SnV2nd,5,0,0,0,0,0,0,2,1,0,12
20170831-M-US_Open-R64-Roger_Federer-Mikhail_Youzhny,Roger Federer,nonSnV,124,86,12,3,22,7,7,1,2,0,438
20170831-M-US_Open-R64-Roger_Federer-Mikhail_Youzhny,Roger Federer,nonSnV1st,77,59,12,3,13,5,4,1,1,0,235
20170831-M-US_Open-R64-Roger_Federer-Mikhail_Youzhny,Roger Federer,nonSnV2nd,47,27,0,0,9,2,3,0,1,0,203
20170831-M-US_Open-R64-Roger_Federer-Mikhail_Youzhny,Mikhail Youzhny,SnV,1,0,0,0,0,0,0,0,1,0,6
20170831-M-US_Open-R64-Roger_Federer-Mikhail_Youzhny,Mikhail Youzhny,SnV1st,1,0,0,0,0,0,0,0,1,0,6
20170831-M-US_Open-R64-Roger_Federer-Mikhail_Youzhny,Mikhail Youzhny,nonSnV,168,98,5,2,28,5,2,3,6,1,746
20170831-M-US_Open-R64-Roger_Federer-Mikhail_Youzhny,Mikhail Youzhny,nonSnV1st,108,68,5,2,21,5,2,3,5,0,490
20170831-M-US_Open-R64-Roger_Federer-Mikhail_Youzhny,Mikhail Youzhny,nonSnV2nd,60,30,0,0,7,0,0,0,1,1,256
20170829-M-US_Open-R128-Roger_Federer-Frances_Tiafoe,Roger Federer,SnV,1,1,0,0,1,0,0,0,0,0,1
20170829-M-US_Open-R128-Roger_Federer-Frances_Tiafoe,Roger Federer,SnV1st,1,1,0,0,1,0,0,0,0,0,1
20170829-M-US_Open-R128-Roger_Federer-Frances_Tiafoe,Roger Federer,nonSnV,111,77,17,0,29,7,7,3,1,1,359
20170829-M-US_Open-R128-Roger_Federer-Frances_Tiafoe,Roger Federer,nonSnV1st,62,48,16,0,20,5,4,2,1,0,148
20170829-M-US_Open-R128-Roger_Federer-Frances_Tiafoe,Roger Federer,nonSnV2nd,49,29,1,0,9,2,3,1,0,1,211
20170127-M-Australian_Open-SF-Rafael_Nadal-Grigor_Dimitrov,Grigor Dimitrov,SnV,3,1,0,0,1,0,0,0,1,0,11
20170127-M-Australian_Open-SF-Rafael_Nadal-Grigor_Dimitrov,Grigor Dimitrov,SnV1st,2,0,0,0,0,0,0,0,1,0,10
20170127-M-Australian_Open-SF-Rafael_Nadal-Grigor_Dimitrov,Grigor Dimitrov,SnV2nd,1,1,0,0,1,0,0,0,0,0,1
20170127-M-Australian_Open-SF-Rafael_Nadal-Grigor_Dimitrov,Grigor Dimitrov,nonSnV,173,114,21,0,20,13,11,3,3,5,800
20170127-M-Australian_Open-SF-Rafael_Nadal-Grigor_Dimitrov,Grigor Dimitrov,nonSnV1st,122,87,21,0,16,11,11,3,1,5,485
20170127-M-Australian_Open-SF-Rafael_Nadal-Grigor_Dimitrov,Grigor Dimitrov,nonSnV2nd,51,27,0,0,4,2,0,0,2,0,315
20170126-M-Australian_Open-SF-Roger_Federer-Stan_Wawrinka,Roger Federer,SnV,16,10,0,0,1,3,5,2,1,1,50
20170126-M-Australian_Open-SF-Roger_Federer-Stan_Wawrinka,Roger Federer,SnV1st,10,7,0,0,0,3,3,0,1,1,37
20170126-M-Australian_Open-SF-Roger_Federer-Stan_Wawrinka,Roger Federer,SnV2nd,6,3,0,0,1,0,2,2,0,0,13
20170126-M-Australian_Open-SF-Roger_Federer-Stan_Wawrinka,Roger Federer,nonSnV,124,85,11,0,24,10,3,2,2,2,471
20170126-M-Australian_Open-SF-Roger_Federer-Stan_Wawrinka,Roger Federer,nonSnV1st,76,55,11,0,22,8,2,2,1,2,261
20170126-M-Australian_Open-SF-Roger_Federer-Stan_Wawrinka,Roger Federer,nonSnV2nd,48,30,0,0,2,2,1,0,1,0,210
20170126-M-Australian_Open-SF-Roger_Federer-Stan_Wawrinka,Stan Wawrinka,SnV,1,0,0,0,0,0,0,1,0,0,2
20170126-M-Australian_Open-SF-Roger_Federer-Stan_Wawrinka,Stan Wawrinka,SnV1st,1,0,0,0,0,0,0,1,0,0,2
20170126-M-Australian_Open-SF-Roger_Federer-Stan_Wawrinka,Stan Wawrinka,nonSnV,131,87,9,4,22,3,2,2,7,3,485
20170126-M-Australian_Open-SF-Roger_Federer-Stan_Wawrinka,Stan Wawrinka,nonSnV1st,87,55,8,4,18,2,1,1,4,3,313
20170126-M-Australian_Open-SF-Roger_Federer-Stan_Wawrinka,Stan Wawrinka,nonSnV2nd,44,32,1,0,4,1,1,1,3,0,172
20170124-M-Australian_Open-QF-Roger_Federer-Mischa_Zverev,Roger Federer,SnV,5,3,0,1,0,2,0,1,1,0,17
20170124-M-Australian_Open-QF-Roger_Federer-Mischa_Zverev,Roger Federer,SnV1st,5,3,0,1,0,2,0,1,1,0,17
20170124-M-Australian_Open-QF-Roger_Federer-Mischa_Zverev,Roger Federer,nonSnV,73,51,9,4,9,12,2,1,1,4,263
20170124-M-Australian_Open-QF-Roger_Federer-Mischa_Zverev,Roger Federer,nonSnV1st,49,34,9,4,4,10,1,1,1,3,176
20170124-M-Australian_Open-QF-Roger_Federer-Mischa_Zverev,Roger Federer,nonSnV2nd,24,17,0,0,5,2,1,0,0,1,87
20170124-M-Australian_Open-QF-Roger_Federer-Mischa_Zverev,Mischa Zverev,SnV,95,51,5,3,14,13,8,3,25,8,311
20170124-M-Australian_Open-QF-Roger_Federer-Mischa_Zverev,Mischa Zverev,SnV1st,70,38,5,3,12,10,6,1,20,7,232
20170124-M-Australian_Open-QF-Roger_Federer-Mischa_Zverev,Mischa Zverev,SnV2nd,25,13,0,0,2,3,2,2,5,1,79
20170124-M-Australian_Open-QF-Roger_Federer-Mischa_Zverev,Mischa Zverev,nonSnV,2,0,0,0,0,0,0,0,1,0,8
20170124-M-Australian_Open-QF-Roger_Federer-Mischa_Zverev,Mischa Zverev,nonSnV1st,2,0,0,0,0,0,0,0,1,0,8
20170124-M-Australian_Open-QF-Milos_Raonic-Rafael_Nadal,Milos Raonic,SnV,4,2,0,0,1,0,1,0,2,0,12
20170124-M-Australian_Open-QF-Milos_Raonic-Rafael_Nadal,Milos Raonic,SnV1st,4,2,0,0,1,0,1,0,2,0,12
20170124-M-Australian_Open-QF-Milos_Raonic-Rafael_Nadal,Milos Raonic,nonSnV,101,66,14,9,8,9,8,5,5,2,340
20170124-M-Australian_Open-QF-Milos_Raonic-Rafael_Nadal,Milos Raonic,nonSnV1st,67,46,13,5,6,7,7,4,3,2,194
20170124-M-Australian_Open-QF-Milos_Raonic-Rafael_Nadal,Milos Raonic,nonSnV2nd,34,20,1,4,2,2,1,1,2,0,146
20170124-M-Australian_Open-QF-Grigor_Dimitrov-David_Goffin,David Goffin,SnV,1,1,0,0,1,0,0,0,0,0,1
20170124-M-Australian_Open-QF-Grigor_Dimitrov-David_Goffin,David Goffin,SnV1st,1,1,0,0,1,0,0,0,0,0,1
20170124-M-Australian_Open-QF-Grigor_Dimitrov-David_Goffin,David Goffin,nonSnV,90,48,6,2,5,6,6,3,1,0,584
20170124-M-Australian_Open-QF-Grigor_Dimitrov-David_Goffin,David Goffin,nonSnV1st,43,29,6,2,5,3,5,2,0,0,221
20170124-M-Australian_Open-QF-Grigor_Dimitrov-David_Goffin,David Goffin,nonSnV2nd,47,19,0,0,0,3,1,1,1,0,363
20170122-M-Australian_Open-R16-Roger_Federer-Kei_Nishikori,Roger Federer,SnV,15,8,0,0,3,2,3,4,1,0,44
20170122-M-Australian_Open-R16-Roger_Federer-Kei_Nishikori,Roger Federer,SnV1st,8,6,0,0,2,1,3,1,1,0,26
20170122-M-Australian_Open-R16-Roger_Federer-Kei_Nishikori,Roger Federer,SnV2nd,7,2,0,0,1,1,0,3,0,0,18
20170122-M-Australian_Open-R16-Roger_Federer-Kei_Nishikori,Roger Federer,nonSnV,121,91,23,0,30,12,5,2,2,1,337
20170122-M-Australian_Open-R16-Roger_Federer-Kei_Nishikori,Roger Federer,nonSnV1st,88,72,23,0,24,10,4,2,2,1,208
20170122-M-Australian_Open-R16-Roger_Federer-Kei_Nishikori,Roger Federer,nonSnV2nd,33,19,0,0,6,2,1,0,0,0,129
20170122-M-Australian_Open-R16-Roger_Federer-Kei_Nishikori,Kei Nishikori,SnV,10,3,0,0,0,3,0,3,2,0,29
20170122-M-Australian_Open-R16-Roger_Federer-Kei_Nishikori,Kei Nishikori,SnV1st,9,3,0,0,0,3,0,3,2,0,27
20170122-M-Australian_Open-R16-Roger_Federer-Kei_Nishikori,Kei Nishikori,SnV2nd,1,0,0,0,0,0,0,0,0,0,2
20170122-M-Australian_Open-R16-Roger_Federer-Kei_Nishikori,Kei Nishikori,nonSnV,149,94,5,0,35,5,5,4,2,2,620
20170122-M-Australian_Open-R16-Roger_Federer-Kei_Nishikori,Kei Nishikori,nonSnV1st,98,70,5,0,28,4,3,3,1,1,378
20170122-M-Australian_Open-R16-Roger_Federer-Kei_Nishikori,Kei Nishikori,nonSnV2nd,51,24,0,0,7,1,2,1,1,1,242
20170121-M-Australian_Open-R32-Rafael_Nadal-Alexander_Zverev,Rafael Nadal,SnV,2,2,0,0,0,2,0,0,0,0,8
20170121-M-Australian_Open-R32-Rafael_Nadal-Alexander_Zverev,Rafael Nadal,SnV1st,2,2,0,0,0,2,0,0,0,0,8
20170121-M-Australian_Open-R32-Rafael_Nadal-Alexander_Zverev,Rafael Nadal,nonSnV,144,103,11,5,18,3,1,0,3,1,683
20170121-M-Australian_Open-R32-Rafael_Nadal-Alexander_Zverev,Rafael Nadal,nonSnV1st,111,80,11,5,18,2,1,0,3,1,464
20170121-M-Australian_Open-R32-Rafael_Nadal-Alexander_Zverev,Rafael Nadal,nonSnV2nd,33,23,0,0,0,1,0,0,0,0,219
20170121-M-Australian_Open-R32-Rafael_Nadal-Alexander_Zverev,Alexander Zverev,SnV,2,1,0,0,0,0,0,1,0,0,5
20170121-M-Australian_Open-R32-Rafael_Nadal-Alexander_Zverev,Alexander Zverev,SnV1st,2,1,0,0,0,0,0,1,0,0,5
20170121-M-Australian_Open-R32-Rafael_Nadal-Alexander_Zverev,Alexander Zverev,nonSnV,154,100,19,8,12,9,2,2,6,2,728
20170121-M-Australian_Open-R32-Rafael_Nadal-Alexander_Zverev,Alexander Zverev,nonSnV1st,102,73,18,7,12,5,2,2,4,1,419
20170121-M-Australian_Open-R32-Rafael_Nadal-Alexander_Zverev,Alexander Zverev,nonSnV2nd,52,27,1,1,0,4,0,0,2,1,309
20170121-M-Australian_Open-R32-Milos_Raonic-Gilles_Simon,Milos Raonic,SnV,31,19,0,0,7,7,5,3,2,1,83
20170121-M-Australian_Open-R32-Milos_Raonic-Gilles_Simon,Milos Raonic,SnV1st,22,13,0,0,5,5,3,2,1,0,55
20170121-M-Australian_Open-R32-Milos_Raonic-Gilles_Simon,Milos Raonic,SnV2nd,9,6,0,0,2,2,2,1,1,1,28
20170121-M-Australian_Open-R32-Milos_Raonic-Gilles_Simon,Milos Raonic,nonSnV,78,57,21,9,9,7,4,1,3,2,241
20170121-M-Australian_Open-R32-Milos_Raonic-Gilles_Simon,Milos Raonic,nonSnV1st,52,40,21,5,5,5,3,1,2,1,148
20170121-M-Australian_Open-R32-Milos_Raonic-Gilles_Simon,Milos Raonic,nonSnV2nd,26,17,0,4,4,2,1,0,1,1,93
20170120-M-Australian_Open-R32-Tomas_Berdych-Roger_Federer,Tomas Berdych,SnV,1,1,0,0,0,1,0,0,0,0,3
20170120-M-Australian_Open-R32-Tomas_Berdych-Roger_Federer,Tomas Berdych,SnV2nd,1,1,0,0,0,1,0,0,0,0,3
20170120-M-Australian_Open-R32-Tomas_Berdych-Roger_Federer,Tomas Berdych,nonSnV,75,51,13,0,17,5,0,2,0,0,240
20170120-M-Australian_Open-R32-Tomas_Berdych-Roger_Federer,Tomas Berdych,nonSnV1st,50,43,13,0,16,5,0,1,0,0,104
20170120-M-Australian_Open-R32-Tomas_Berdych-Roger_Federer,Tomas Berdych,nonSnV2nd,25,8,0,0,1,0,0,1,0,0,136
20170120-M-Australian_Open-R32-Tomas_Berdych-Roger_Federer,Roger Federer,SnV,2,2,0,0,0,1,1,0,0,0,6
20170120-M-Australian_Open-R32-Tomas_Berdych-Roger_Federer,Roger Federer,SnV1st,1,1,0,0,0,1,0,0,0,0,3
20170120-M-Australian_Open-R32-Tomas_Berdych-Roger_Federer,Roger Federer,SnV2nd,1,1,0,0,0,0,1,0,0,0,3
20170120-M-Australian_Open-R32-Tomas_Berdych-Roger_Federer,Roger Federer,nonSnV,64,52,9,3,8,5,3,2,0,1,202
20170120-M-Australian_Open-R32-Tomas_Berdych-Roger_Federer,Roger Federer,nonSnV1st,39,37,9,3,8,3,1,0,0,0,105
20170120-M-Australian_Open-R32-Tomas_Berdych-Roger_Federer,Roger Federer,nonSnV2nd,25,15,0,0,0,2,2,2,0,1,97
20170119-M-Australian_Open-R64-Novak_Djokovic-Denis_Istomin,Denis Istomin,SnV,1,1,0,0,0,1,0,0,0,0,3
20170119-M-Australian_Open-R64-Novak_Djokovic-Denis_Istomin,Denis Istomin,SnV1st,1,1,0,0,0,1,0,0,0,0,3
20170119-M-Australian_Open-R64-Novak_Djokovic-Denis_Istomin,Denis Istomin,nonSnV,184,115,17,6,23,10,1,1,5,3,1045
20170119-M-Australian_Open-R64-Novak_Djokovic-Denis_Istomin,Denis Istomin,nonSnV1st,129,90,17,6,23,9,1,1,4,2,638
20170119-M-Australian_Open-R64-Novak_Djokovic-Denis_Istomin,Denis Istomin,nonSnV2nd,55,25,0,0,0,1,0,0,1,1,407
20170117-M-Australian_Open-R128-Rafael_Nadal-Florian_Mayer,Florian Mayer,SnV,18,10,0,0,2,4,2,3,5,0,58
20170117-M-Australian_Open-R128-Rafael_Nadal-Florian_Mayer,Florian Mayer,SnV1st,14,8,0,0,2,3,2,1,5,0,44
20170117-M-Australian_Open-R128-Rafael_Nadal-Florian_Mayer,Florian Mayer,SnV2nd,4,2,0,0,0,1,0,2,0,0,14
20170117-M-Australian_Open-R128-Rafael_Nadal-Florian_Mayer,Florian Mayer,nonSnV,81,52,8,2,9,4,4,0,3,0,342
20170117-M-Australian_Open-R128-Rafael_Nadal-Florian_Mayer,Florian Mayer,nonSnV1st,51,33,8,2,8,3,1,0,1,0,201
20170117-M-Australian_Open-R128-Rafael_Nadal-Florian_Mayer,Florian Mayer,nonSnV2nd,30,19,0,0,1,1,3,0,2,0,141
20170116-M-Australian_Open-R128-Jurgen_Melzer-Roger_Federer,Jurgen Melzer,SnV,2,0,0,0,0,0,0,0,0,1,6
20170116-M-Australian_Open-R128-Jurgen_Melzer-Roger_Federer,Jurgen Melzer,SnV1st,2,0,0,0,0,0,0,0,0,1,6
20170116-M-Australian_Open-R128-Jurgen_Melzer-Roger_Federer,Jurgen Melzer,nonSnV,107,61,4,4,14,1,5,2,3,1,425
20170116-M-Australian_Open-R128-Jurgen_Melzer-Roger_Federer,Jurgen Melzer,nonSnV1st,81,47,4,4,13,1,4,1,2,0,325
20170116-M-Australian_Open-R128-Jurgen_Melzer-Roger_Federer,Jurgen Melzer,nonSnV2nd,26,14,0,0,1,0,1,1,1,1,100
20170116-M-Australian_Open-R128-Jurgen_Melzer-Roger_Federer,Roger Federer,SnV,4,2,0,0,1,1,0,1,0,0,10
20170116-M-Australian_Open-R128-Jurgen_Melzer-Roger_Federer,Roger Federer,SnV1st,4,2,0,0,1,1,0,1,0,0,10
20170116-M-Australian_Open-R128-Jurgen_Melzer-Roger_Federer,Roger Federer,nonSnV,98,69,19,4,16,2,4,2,4,0,303
20170116-M-Australian_Open-R128-Jurgen_Melzer-Roger_Federer,Roger Federer,nonSnV1st,63,49,17,4,15,2,2,1,2,0,183
20170116-M-Australian_Open-R128-Jurgen_Melzer-Roger_Federer,Roger Federer,nonSnV2nd,35,20,2,0,1,0,2,1,2,0,120
20160911-M-US_Open-F-Novak_Djokovic-Stan_Wawrinka,Novak Djokovic,SnV,1,0,0,0,0,0,0,0,0,1,6
20160911-M-US_Open-F-Novak_Djokovic-Stan_Wawrinka,Novak Djokovic,SnV1st,1,0,0,0,0,0,0,0,0,1,6
20160911-M-US_Open-F-Novak_Djokovic-Stan_Wawrinka,Novak Djokovic,nonSnV,115,81,6,0,19,7,6,1,1,0,573
20160911-M-US_Open-F-Novak_Djokovic-Stan_Wawrinka,Novak Djokovic,nonSnV1st,62,49,6,0,19,5,3,0,1,0,233
20160911-M-US_Open-F-Novak_Djokovic-Stan_Wawrinka,Novak Djokovic,nonSnV2nd,53,32,0,0,0,2,3,1,0,0,340
20160909-M-US_Open-SF-Stan_Wawrinka-Kei_Nishikori,Kei Nishikori,SnV,18,11,0,0,3,4,3,1,3,1,62
20160909-M-US_Open-SF-Stan_Wawrinka-Kei_Nishikori,Kei Nishikori,SnV1st,16,11,0,0,3,4,3,0,2,1,56
20160909-M-US_Open-SF-Stan_Wawrinka-Kei_Nishikori,Kei Nishikori,SnV2nd,2,0,0,0,0,0,0,1,1,0,6
20160909-M-US_Open-SF-Stan_Wawrinka-Kei_Nishikori,Kei Nishikori,nonSnV,98,60,3,0,13,9,6,0,1,1,470
20160909-M-US_Open-SF-Stan_Wawrinka-Kei_Nishikori,Kei Nishikori,nonSnV1st,55,41,3,0,12,8,6,0,1,0,243
20160909-M-US_Open-SF-Stan_Wawrinka-Kei_Nishikori,Kei Nishikori,nonSnV2nd,43,19,0,0,1,1,0,0,0,1,227
20160909-M-US_Open-SF-Novak_Djokovic-Gael_Monfils,Novak Djokovic,SnV,1,0,0,0,0,0,0,0,0,1,4
20160909-M-US_Open-SF-Novak_Djokovic-Gael_Monfils,Novak Djokovic,SnV2nd,1,0,0,0,0,0,0,0,0,1,4
20160909-M-US_Open-SF-Novak_Djokovic-Gael_Monfils,Novak Djokovic,nonSnV,98,66,1,0,18,5,6,2,5,1,434
20160909-M-US_Open-SF-Novak_Djokovic-Gael_Monfils,Novak Djokovic,nonSnV1st,68,46,1,0,16,3,4,1,2,1,318
20160909-M-US_Open-SF-Novak_Djokovic-Gael_Monfils,Novak Djokovic,nonSnV2nd,30,20,0,0,2,2,2,1,3,0,116
20160909-M-US_Open-SF-Novak_Djokovic-Gael_Monfils,Gael Monfils,SnV,24,13,0,0,5,5,2,4,2,0,63
20160909-M-US_Open-SF-Novak_Djokovic-Gael_Monfils,Gael Monfils,SnV1st,15,8,0,0,4,3,1,3,2,0,40
20160909-M-US_Open-SF-Novak_Djokovic-Gael_Monfils,Gael Monfils,SnV2nd,9,5,0,0,1,2,1,1,0,0,23
20160909-M-US_Open-SF-Novak_Djokovic-Gael_Monfils,Gael Monfils,nonSnV,75,43,11,0,11,2,3,1,1,1,313
20160909-M-US_Open-SF-Novak_Djokovic-Gael_Monfils,Gael Monfils,nonSnV1st,44,29,9,0,7,2,2,0,1,0,175
20160909-M-US_Open-SF-Novak_Djokovic-Gael_Monfils,Gael Monfils,nonSnV2nd,31,14,2,0,4,0,1,1,0,1,138
20160907-M-US_Open-QF-Andy_Murray-Kei_Nishikori,Kei Nishikori,SnV,7,4,0,0,1,2,1,2,0,0,22
20160907-M-US_Open-QF-Andy_Murray-Kei_Nishikori,Kei Nishikori,SnV1st,7,4,0,0,1,2,1,2,0,0,22
20160907-M-US_Open-QF-Andy_Murray-Kei_Nishikori,Kei Nishikori,nonSnV,119,74,1,0,15,3,4,1,2,1,604
20160907-M-US_Open-QF-Andy_Murray-Kei_Nishikori,Kei Nishikori,nonSnV1st,71,52,1,0,15,3,3,0,0,0,370
20160907-M-US_Open-QF-Andy_Murray-Kei_Nishikori,Kei Nishikori,nonSnV2nd,48,22,0,0,0,0,1,1,2,1,234
20160906-M-US_Open-QF-Lucas_Pouille-Gael_Monfils,Lucas Pouille,SnV,8,5,0,0,0,4,0,1,1,0,29
20160906-M-US_Open-QF-Lucas_Pouille-Gael_Monfils,Lucas Pouille,SnV1st,8,5,0,0,0,4,0,1,1,0,29
20160906-M-US_Open-QF-Lucas_Pouille-Gael_Monfils,Lucas Pouille,nonSnV,78,47,5,3,16,9,6,4,2,4,347
20160906-M-US_Open-QF-Lucas_Pouille-Gael_Monfils,Lucas Pouille,nonSnV1st,45,34,5,3,13,5,4,2,1,3,144
20160906-M-US_Open-QF-Lucas_Pouille-Gael_Monfils,Lucas Pouille,nonSnV2nd,33,13,0,0,3,4,2,2,1,1,203
20160904-M-US_Open-R16-Lucas_Pouille-Rafael_Nadal,Lucas Pouille,SnV,14,8,0,0,4,4,0,2,0,1,30
20160904-M-US_Open-R16-Lucas_Pouille-Rafael_Nadal,Lucas Pouille,SnV1st,13,8,0,0,4,4,0,1,0,1,28
20160904-M-US_Open-R16-Lucas_Pouille-Rafael_Nadal,Lucas Pouille,SnV2nd,1,0,0,0,0,0,0,1,0,0,2
20160904-M-US_Open-R16-Lucas_Pouille-Rafael_Nadal,Lucas Pouille,nonSnV,144,92,11,0,10,8,3,4,2,2,694
20160904-M-US_Open-R16-Lucas_Pouille-Rafael_Nadal,Lucas Pouille,nonSnV1st,60,41,11,0,10,5,1,1,2,1,231
20160904-M-US_Open-R16-Lucas_Pouille-Rafael_Nadal,Lucas Pouille,nonSnV2nd,84,51,0,0,0,3,2,3,0,1,463
20160904-M-US_Open-R16-Lucas_Pouille-Rafael_Nadal,Rafael Nadal,SnV,8,4,0,0,1,3,0,2,0,1,24
20160904-M-US_Open-R16-Lucas_Pouille-Rafael_Nadal,Rafael Nadal,SnV1st,8,4,0,0,1,3,0,2,0,1,24
20160904-M-US_Open-R16-Lucas_Pouille-Rafael_Nadal,Rafael Nadal,nonSnV,138,90,1,0,14,14,6,2,3,1,802
20160904-M-US_Open-R16-Lucas_Pouille-Rafael_Nadal,Rafael Nadal,nonSnV1st,82,60,1,0,14,12,4,2,1,1,418
20160904-M-US_Open-R16-Lucas_Pouille-Rafael_Nadal,Rafael Nadal,nonSnV2nd,56,30,0,0,0,2,2,0,2,0,384
20160829-M-US_Open-R128-Novak_Djokovic-Jerzy_Janowicz,Novak Djokovic,SnV,4,2,0,0,0,2,0,1,1,0,12
20160829-M-US_Open-R128-Novak_Djokovic-Jerzy_Janowicz,Novak Djokovic,SnV1st,1,0,0,0,0,0,0,1,0,0,2
20160829-M-US_Open-R128-Novak_Djokovic-Jerzy_Janowicz,Novak Djokovic,SnV2nd,3,2,0,0,0,2,0,0,1,0,10
20160829-M-US_Open-R128-Novak_Djokovic-Jerzy_Janowicz,Novak Djokovic,nonSnV,105,74,12,0,24,5,2,1,0,1,350
20160829-M-US_Open-R128-Novak_Djokovic-Jerzy_Janowicz,Novak Djokovic,nonSnV1st,70,49,10,0,16,3,2,1,0,1,253
20160829-M-US_Open-R128-Novak_Djokovic-Jerzy_Janowicz,Novak Djokovic,nonSnV2nd,35,25,2,0,8,2,0,0,0,0,97
20160829-M-US_Open-R128-Novak_Djokovic-Jerzy_Janowicz,Jerzy Janowicz,SnV,1,1,0,0,0,1,0,0,0,0,3
20160829-M-US_Open-R128-Novak_Djokovic-Jerzy_Janowicz,Jerzy Janowicz,SnV1st,1,1,0,0,0,1,0,0,0,0,3
20160829-M-US_Open-R128-Novak_Djokovic-Jerzy_Janowicz,Jerzy Janowicz,nonSnV,102,60,5,0,22,5,6,4,2,4,416
20160829-M-US_Open-R128-Novak_Djokovic-Jerzy_Janowicz,Jerzy Janowicz,nonSnV1st,61,38,5,0,17,1,5,4,1,2,216
20160829-M-US_Open-R128-Novak_Djokovic-Jerzy_Janowicz,Jerzy Janowicz,nonSnV2nd,41,22,0,0,5,4,1,0,1,2,200
20160129-M-Australian_Open-SF-Andy_Murray-Milos_Raonic,Milos Raonic,SnV,15,9,0,0,3,6,0,4,1,0,41
20160129-M-Australian_Open-SF-Andy_Murray-Milos_Raonic,Milos Raonic,SnV1st,15,9,0,0,3,6,0,4,1,0,41
20160129-M-Australian_Open-SF-Andy_Murray-Milos_Raonic,Milos Raonic,nonSnV,149,104,23,5,21,22,11,4,3,0,526
20160129-M-Australian_Open-SF-Andy_Murray-Milos_Raonic,Milos Raonic,nonSnV1st,100,79,23,5,16,17,8,4,2,0,283
20160129-M-Australian_Open-SF-Andy_Murray-Milos_Raonic,Milos Raonic,nonSnV2nd,49,25,0,0,5,5,3,0,1,0,243
20160128-M-Australian_Open-SF-Novak_Djokovic-Roger_Federer,Roger Federer,SnV,15,9,0,0,5,2,0,2,1,0,47
20160128-M-Australian_Open-SF-Novak_Djokovic-Roger_Federer,Roger Federer,SnV1st,9,5,0,0,3,1,0,2,0,0,25
20160128-M-Australian_Open-SF-Novak_Djokovic-Roger_Federer,Roger Federer,SnV2nd,6,4,0,0,2,1,0,0,1,0,22
20160128-M-Australian_Open-SF-Novak_Djokovic-Roger_Federer,Roger Federer,nonSnV,84,47,5,3,12,7,0,1,5,1,383
20160128-M-Australian_Open-SF-Novak_Djokovic-Roger_Federer,Roger Federer,nonSnV1st,48,30,5,3,10,5,0,1,4,1,188
20160128-M-Australian_Open-SF-Novak_Djokovic-Roger_Federer,Roger Federer,nonSnV2nd,36,17,0,0,2,2,0,0,1,0,195
20160127-M-Australian_Open-QF-Milos_Raonic-Gael_Monfils,Milos Raonic,SnV,9,5,0,0,3,2,0,2,0,1,27
20160127-M-Australian_Open-QF-Milos_Raonic-Gael_Monfils,Milos Raonic,SnV1st,8,4,0,0,3,1,0,2,0,1,22
20160127-M-Australian_Open-QF-Milos_Raonic-Gael_Monfils,Milos Raonic,SnV2nd,1,1,0,0,0,1,0,0,0,0,5
20160127-M-Australian_Open-QF-Milos_Raonic-Gael_Monfils,Milos Raonic,nonSnV,88,71,10,6,20,14,5,1,2,0,265
20160127-M-Australian_Open-QF-Milos_Raonic-Gael_Monfils,Milos Raonic,nonSnV1st,54,48,9,6,9,13,2,1,1,0,138
20160127-M-Australian_Open-QF-Milos_Raonic-Gael_Monfils,Milos Raonic,nonSnV2nd,34,23,1,0,11,1,3,0,1,0,127
20160127-M-Australian_Open-QF-Milos_Raonic-Gael_Monfils,Gael Monfils,SnV,4,3,0,0,1,2,0,0,1,0,11
20160127-M-Australian_Open-QF-Milos_Raonic-Gael_Monfils,Gael Monfils,SnV1st,4,3,0,0,1,2,0,0,1,0,11
20160127-M-Australian_Open-QF-Milos_Raonic-Gael_Monfils,Gael Monfils,nonSnV,97,69,14,3,17,7,1,0,1,0,351
20160127-M-Australian_Open-QF-Milos_Raonic-Gael_Monfils,Gael Monfils,nonSnV1st,61,48,14,3,13,4,1,0,1,0,174
20160127-M-Australian_Open-QF-Milos_Raonic-Gael_Monfils,Gael Monfils,nonSnV2nd,36,21,0,0,4,3,0,0,0,0,177
20160126-M-Australian_Open-QF-Roger_Federer-Tomas_Berdych,Roger Federer,SnV,11,9,0,0,2,3,1,1,1,0,31
20160126-M-Australian_Open-QF-Roger_Federer-Tomas_Berdych,Roger Federer,SnV1st,8,6,0,0,1,3,0,1,1,0,26
20160126-M-Australian_Open-QF-Roger_Federer-Tomas_Berdych,Roger Federer,SnV2nd,3,3,0,0,1,0,1,0,0,0,5
20160126-M-Australian_Open-QF-Roger_Federer-Tomas_Berdych,Roger Federer,nonSnV,73,54,10,0,17,8,4,2,0,0,256
20160126-M-Australian_Open-QF-Roger_Federer-Tomas_Berdych,Roger Federer,nonSnV1st,52,44,10,0,17,6,3,1,0,0,136
20160126-M-Australian_Open-QF-Roger_Federer-Tomas_Berdych,Roger Federer,nonSnV2nd,21,10,0,0,0,2,1,1,0,0,120
20160125-M-Australian_Open-R16-Stan_Wawrinka-Milos_Raonic,Stan Wawrinka,SnV,6,5,0,0,1,3,0,0,1,0,19
20160125-M-Australian_Open-R16-Stan_Wawrinka-Milos_Raonic,Stan Wawrinka,SnV1st,4,3,0,0,1,2,0,0,1,0,13
20160125-M-Australian_Open-R16-Stan_Wawrinka-Milos_Raonic,Stan Wawrinka,SnV2nd,2,2,0,0,0,1,0,0,0,0,6
20160125-M-Australian_Open-R16-Stan_Wawrinka-Milos_Raonic,Stan Wawrinka,nonSnV,156,102,10,4,19,7,4,3,1,2,568
20160125-M-Australian_Open-R16-Stan_Wawrinka-Milos_Raonic,Stan Wawrinka,nonSnV1st,95,67,10,4,16,7,4,1,1,1,337
20160125-M-Australian_Open-R16-Stan_Wawrinka-Milos_Raonic,Stan Wawrinka,nonSnV2nd,61,35,0,0,3,0,0,2,0,1,231
20160125-M-Australian_Open-R16-Stan_Wawrinka-Milos_Raonic,Milos Raonic,SnV,37,22,0,0,4,14,4,5,5,1,122
20160125-M-Australian_Open-R16-Stan_Wawrinka-Milos_Raonic,Milos Raonic,SnV1st,28,17,0,0,4,10,3,3,4,1,89
20160125-M-Australian_Open-R16-Stan_Wawrinka-Milos_Raonic,Milos Raonic,SnV2nd,9,5,0,0,0,4,1,2,1,0,33
20160125-M-Australian_Open-R16-Stan_Wawrinka-Milos_Raonic,Milos Raonic,nonSnV,106,81,24,11,16,18,5,5,6,0,319
20160125-M-Australian_Open-R16-Stan_Wawrinka-Milos_Raonic,Milos Raonic,nonSnV1st,73,63,20,10,15,12,5,4,4,0,157
20160125-M-Australian_Open-R16-Stan_Wawrinka-Milos_Raonic,Milos Raonic,nonSnV2nd,33,18,4,1,1,6,0,1,2,0,162
20160124-M-Australian_Open-R16-Novak_Djokovic-Gilles_Simon,Novak Djokovic,SnV,1,1,0,0,0,1,0,0,0,0,3
20160124-M-Australian_Open-R16-Novak_Djokovic-Gilles_Simon,Novak Djokovic,SnV1st,1,1,0,0,0,1,0,0,0,0,3
20160124-M-Australian_Open-R16-Novak_Djokovic-Gilles_Simon,Novak Djokovic,nonSnV,173,111,10,0,32,14,8,2,3,1,955
20160124-M-Australian_Open-R16-Novak_Djokovic-Gilles_Simon,Novak Djokovic,nonSnV1st,107,74,9,0,25,10,5,1,1,1,520
20160124-M-Australian_Open-R16-Novak_Djokovic-Gilles_Simon,Novak Djokovic,nonSnV2nd,66,37,1,0,7,4,3,1,2,0,435
20160122-M-Australian_Open-R32-Grigor_Dimitrov-Roger_Federer,Grigor Dimitrov,SnV,1,1,0,0,0,1,0,0,0,0,3
20160122-M-Australian_Open-R32-Grigor_Dimitrov-Roger_Federer,Grigor Dimitrov,SnV1st,1,1,0,0,0,1,0,0,0,0,3
20160122-M-Australian_Open-R32-Grigor_Dimitrov-Roger_Federer,Grigor Dimitrov,nonSnV,122,74,8,0,21,5,8,6,1,2,488
20160122-M-Australian_Open-R32-Grigor_Dimitrov-Roger_Federer,Grigor Dimitrov,nonSnV1st,75,47,8,0,15,4,6,5,1,2,293
20160122-M-Australian_Open-R32-Grigor_Dimitrov-Roger_Federer,Grigor Dimitrov,nonSnV2nd,47,27,0,0,6,1,2,1,0,0,195
20160122-M-Australian_Open-R32-Grigor_Dimitrov-Roger_Federer,Roger Federer,SnV,14,11,0,0,5,3,3,1,1,0,33
20160122-M-Australian_Open-R32-Grigor_Dimitrov-Roger_Federer,Roger Federer,SnV1st,10,9,0,0,5,2,2,0,0,0,19
20160122-M-Australian_Open-R32-Grigor_Dimitrov-Roger_Federer,Roger Federer,SnV2nd,4,2,0,0,0,1,1,1,1,0,14
20160122-M-Australian_Open-R32-Grigor_Dimitrov-Roger_Federer,Roger Federer,nonSnV,93,65,13,0,19,8,5,2,3,0,345
20160122-M-Australian_Open-R32-Grigor_Dimitrov-Roger_Federer,Roger Federer,nonSnV1st,60,44,13,0,15,6,2,2,1,0,182
20160122-M-Australian_Open-R32-Grigor_Dimitrov-Roger_Federer,Roger Federer,nonSnV2nd,33,21,0,0,4,2,3,0,2,0,163
20160122-M-Australian_Open-R32-Gilles_Simon-Federico_Delbonis,Gilles Simon,SnV,1,0,0,0,0,0,0,0,1,0,4
20160122-M-Australian_Open-R32-Gilles_Simon-Federico_Delbonis,Gilles Simon,SnV1st,1,0,0,0,0,0,0,0,1,0,4
20160122-M-Australian_Open-R32-Gilles_Simon-Federico_Delbonis,Gilles Simon,nonSnV,64,49,5,0,12,1,0,0,2,0,303
20160122-M-Australian_Open-R32-Gilles_Simon-Federico_Delbonis,Gilles Simon,nonSnV1st,45,33,5,0,12,1,0,0,2,0,191
20160122-M-Australian_Open-R32-Gilles_Simon-Federico_Delbonis,Gilles Simon,nonSnV2nd,19,16,0,0,0,0,0,0,0,0,112
20160122-M-Australian_Open-R32-David_Goffin-Dominic_Thiem,David Goffin,SnV,2,2,0,0,0,1,1,0,0,0,8
20160122-M-Australian_Open-R32-David_Goffin-Dominic_Thiem,David Goffin,SnV1st,2,2,0,0,0,1,1,0,0,0,8
20160122-M-Australian_Open-R32-David_Goffin-Dominic_Thiem,David Goffin,nonSnV,100,67,5,3,16,1,3,1,2,1,535
20160122-M-Australian_Open-R32-David_Goffin-Dominic_Thiem,David Goffin,nonSnV1st,58,44,5,3,15,1,0,0,1,1,264
20160122-M-Australian_Open-R32-David_Goffin-Dominic_Thiem,David Goffin,nonSnV2nd,42,23,0,0,1,0,3,1,1,0,271
20150913-M-US_Open-F-Roger_Federer-Novak_Djokovic,Roger Federer,SnV,21,16,1,0,5,6,1,1,2,0,58
20150913-M-US_Open-F-Roger_Federer-Novak_Djokovic,Roger Federer,SnV1st,16,12,1,0,5,3,1,1,1,0,36
20150913-M-US_Open-F-Roger_Federer-Novak_Djokovic,Roger Federer,SnV2nd,5,4,0,0,0,3,0,0,1,0,22
20150913-M-US_Open-F-Roger_Federer-Novak_Djokovic,Roger Federer,nonSnV,111,69,10,0,21,6,4,3,1,2,451
20150913-M-US_Open-F-Roger_Federer-Novak_Djokovic,Roger Federer,nonSnV1st,71,50,10,0,19,5,4,3,1,1,258
20150913-M-US_Open-F-Roger_Federer-Novak_Djokovic,Roger Federer,nonSnV2nd,40,19,0,0,2,1,0,0,0,1,193
20150913-M-US_Open-F-Roger_Federer-Novak_Djokovic,Novak Djokovic,SnV,2,1,0,0,0,0,0,0,0,0,11
20150913-M-US_Open-F-Roger_Federer-Novak_Djokovic,Novak Djokovic,SnV2nd,2,1,0,0,0,0,0,0,0,0,11
20150913-M-US_Open-F-Roger_Federer-Novak_Djokovic,Novak Djokovic,nonSnV,148,94,3,0,24,2,3,1,3,1,774
20150913-M-US_Open-F-Roger_Federer-Novak_Djokovic,Novak Djokovic,nonSnV1st,96,63,3,0,21,2,3,1,1,0,471
20150913-M-US_Open-F-Roger_Federer-Novak_Djokovic,Novak Djokovic,nonSnV2nd,52,31,0,0,3,0,0,0,2,1,303
20150911-M-US_Open-SF-Stan_Wawrinka-Roger_Federer,Stan Wawrinka,SnV,1,0,0,0,0,0,0,1,0,0,2
20150911-M-US_Open-SF-Stan_Wawrinka-Roger_Federer,Stan Wawrinka,SnV1st,1,0,0,0,0,0,0,1,0,0,2
20150911-M-US_Open-SF-Stan_Wawrinka-Roger_Federer,Stan Wawrinka,nonSnV,76,42,6,0,11,3,1,2,1,1,256
20150911-M-US_Open-SF-Stan_Wawrinka-Roger_Federer,Stan Wawrinka,nonSnV1st,37,22,6,0,11,2,0,2,1,0,120
20150911-M-US_Open-SF-Stan_Wawrinka-Roger_Federer,Stan Wawrinka,nonSnV2nd,39,20,0,0,0,1,1,0,0,1,136
20150911-M-US_Open-SF-Stan_Wawrinka-Roger_Federer,Roger Federer,SnV,17,13,0,0,1,6,4,0,2,2,57
20150911-M-US_Open-SF-Stan_Wawrinka-Roger_Federer,Roger Federer,SnV1st,12,8,0,0,1,4,3,0,2,2,40
20150911-M-US_Open-SF-Stan_Wawrinka-Roger_Federer,Roger Federer,SnV2nd,5,5,0,0,0,2,1,0,0,0,17
20150911-M-US_Open-SF-Stan_Wawrinka-Roger_Federer,Roger Federer,nonSnV,58,44,10,0,11,2,4,0,0,1,196
20150911-M-US_Open-SF-Stan_Wawrinka-Roger_Federer,Roger Federer,nonSnV1st,38,32,10,0,11,1,3,0,0,1,92
20150911-M-US_Open-SF-Stan_Wawrinka-Roger_Federer,Roger Federer,nonSnV2nd,20,12,0,0,0,1,1,0,0,0,104
20150911-M-US_Open-SF-Novak_Djokovic-Marin_Cilic,Marin Cilic,SnV,1,0,0,0,0,0,0,0,0,0,2
20150911-M-US_Open-SF-Novak_Djokovic-Marin_Cilic,Marin Cilic,SnV1st,1,0,0,0,0,0,0,0,0,0,2
20150911-M-US_Open-SF-Novak_Djokovic-Marin_Cilic,Marin Cilic,nonSnV,60,26,4,2,4,1,0,0,1,3,270
20150911-M-US_Open-SF-Novak_Djokovic-Marin_Cilic,Marin Cilic,nonSnV1st,30,19,4,2,4,1,0,0,0,1,97
20150911-M-US_Open-SF-Novak_Djokovic-Marin_Cilic,Marin Cilic,nonSnV2nd,30,7,0,0,0,0,0,0,1,2,173
20150910-M-US_Open-QF-Roger_Federer-Richard_Gasquet,Roger Federer,SnV,8,6,0,0,0,3,2,1,0,0,28
20150910-M-US_Open-QF-Roger_Federer-Richard_Gasquet,Roger Federer,SnV1st,6,5,0,0,0,3,1,1,0,0,23
20150910-M-US_Open-QF-Roger_Federer-Richard_Gasquet,Roger Federer,SnV2nd,2,1,0,0,0,0,1,0,0,0,5
20150910-M-US_Open-QF-Roger_Federer-Richard_Gasquet,Roger Federer,nonSnV,60,48,16,0,8,5,0,0,2,0,176
20150910-M-US_Open-QF-Roger_Federer-Richard_Gasquet,Roger Federer,nonSnV1st,47,41,16,0,7,3,0,0,2,0,123
20150910-M-US_Open-QF-Roger_Federer-Richard_Gasquet,Roger Federer,nonSnV2nd,13,7,0,0,1,2,0,0,0,0,53
20150910-M-US_Open-QF-Roger_Federer-Richard_Gasquet,Richard Gasquet,SnV,2,2,0,0,0,0,0,0,0,0,6
20150910-M-US_Open-QF-Roger_Federer-Richard_Gasquet,Richard Gasquet,SnV1st,2,2,0,0,0,0,0,0,0,0,6
20150910-M-US_Open-QF-Roger_Federer-Richard_Gasquet,Richard Gasquet,nonSnV,69,37,1,0,14,0,1,0,1,0,261
20150910-M-US_Open-QF-Roger_Federer-Richard_Gasquet,Richard Gasquet,nonSnV1st,42,25,1,0,13,0,0,0,1,0,153
20150910-M-US_Open-QF-Roger_Federer-Richard_Gasquet,Richard Gasquet,nonSnV2nd,27,12,0,0,1,0,1,0,0,0,108
20150909-M-US_Open-QF-Novak_Djokovic-Feliciano_Lopez,Novak Djokovic,SnV,3,1,0,0,1,0,0,1,1,0,9
20150909-M-US_Open-QF-Novak_Djokovic-Feliciano_Lopez,Novak Djokovic,SnV1st,3,1,0,0,1,0,0,1,1,0,9
20150909-M-US_Open-QF-Novak_Djokovic-Feliciano_Lopez,Novak Djokovic,nonSnV,114,84,9,0,15,8,0,1,4,0,484
20150909-M-US_Open-QF-Novak_Djokovic-Feliciano_Lopez,Novak Djokovic,nonSnV1st,65,51,9,0,12,7,0,1,3,0,243
20150909-M-US_Open-QF-Novak_Djokovic-Feliciano_Lopez,Novak Djokovic,nonSnV2nd,49,33,0,0,3,1,0,0,1,0,241
20150909-M-US_Open-QF-Novak_Djokovic-Feliciano_Lopez,Feliciano Lopez,SnV,32,20,1,0,7,6,3,1,3,0,86
20150909-M-US_Open-QF-Novak_Djokovic-Feliciano_Lopez,Feliciano Lopez,SnV1st,23,14,1,0,7,3,3,1,2,0,56
20150909-M-US_Open-QF-Novak_Djokovic-Feliciano_Lopez,Feliciano Lopez,SnV2nd,9,6,0,0,0,3,0,0,1,0,30
20150909-M-US_Open-QF-Novak_Djokovic-Feliciano_Lopez,Feliciano Lopez,nonSnV,78,56,13,0,18,6,1,1,1,1,276
20150909-M-US_Open-QF-Novak_Djokovic-Feliciano_Lopez,Feliciano Lopez,nonSnV1st,36,31,13,0,15,3,0,1,0,0,81
20150909-M-US_Open-QF-Novak_Djokovic-Feliciano_Lopez,Feliciano Lopez,nonSnV2nd,42,25,0,0,3,3,1,0,1,1,195
20150908-M-US_Open-R16-Roger_Federer-John_Isner,Roger Federer,SnV,7,4,0,0,3,1,0,1,0,1,14
20150908-M-US_Open-R16-Roger_Federer-John_Isner,Roger Federer,SnV1st,6,4,0,0,3,1,0,1,0,1,12
20150908-M-US_Open-R16-Roger_Federer-John_Isner,Roger Federer,SnV2nd,1,0,0,0,0,0,0,0,0,0,2
20150908-M-US_Open-R16-Roger_Federer-John_Isner,Roger Federer,nonSnV,99,79,14,0,30,3,0,0,1,0,275
20150908-M-US_Open-R16-Roger_Federer-John_Isner,Roger Federer,nonSnV1st,57,48,11,0,24,3,0,0,1,0,142
20150908-M-US_Open-R16-Roger_Federer-John_Isner,Roger Federer,nonSnV2nd,42,31,3,0,6,0,0,0,0,0,133
20150908-M-US_Open-R16-Roger_Federer-John_Isner,John Isner,SnV,6,6,0,0,1,2,1,0,0,0,18
20150908-M-US_Open-R16-Roger_Federer-John_Isner,John Isner,SnV1st,4,4,0,0,1,1,0,0,0,0,12
20150908-M-US_Open-R16-Roger_Federer-John_Isner,John Isner,SnV2nd,2,2,0,0,0,1,1,0,0,0,6
20150908-M-US_Open-R16-Roger_Federer-John_Isner,John Isner,nonSnV,126,79,17,0,31,9,3,4,4,5,381
20150908-M-US_Open-R16-Roger_Federer-John_Isner,John Isner,nonSnV1st,87,59,17,0,19,5,3,3,4,4,271
20150908-M-US_Open-R16-Roger_Federer-John_Isner,John Isner,nonSnV2nd,39,20,0,0,12,4,0,1,0,1,110
20150907-M-US_Open-R16-Andy_Murray-Kevin_Anderson,Kevin Anderson,SnV,1,0,0,0,0,0,0,1,0,0,2
20150907-M-US_Open-R16-Andy_Murray-Kevin_Anderson,Kevin Anderson,SnV1st,1,0,0,0,0,0,0,1,0,0,2
20150907-M-US_Open-R16-Andy_Murray-Kevin_Anderson,Kevin Anderson,nonSnV,164,112,25,13,24,21,8,8,2,0,554
20150907-M-US_Open-R16-Andy_Murray-Kevin_Anderson,Kevin Anderson,nonSnV1st,110,88,25,13,19,15,8,4,1,0,300
20150907-M-US_Open-R16-Andy_Murray-Kevin_Anderson,Kevin Anderson,nonSnV2nd,54,24,0,0,5,6,0,4,1,0,254
20150905-M-US_Open-R32-Roger_Federer-Philipp_Kohlschreiber,Roger Federer,SnV,15,11,0,0,3,5,1,0,1,1,41
20150905-M-US_Open-R32-Roger_Federer-Philipp_Kohlschreiber,Roger Federer,SnV1st,12,9,0,0,3,4,1,0,1,1,35
20150905-M-US_Open-R32-Roger_Federer-Philipp_Kohlschreiber,Roger Federer,SnV2nd,3,2,0,0,0,1,0,0,0,0,6
20150905-M-US_Open-R32-Roger_Federer-Philipp_Kohlschreiber,Roger Federer,nonSnV,64,43,5,0,15,3,1,0,0,2,219
20150905-M-US_Open-R32-Roger_Federer-Philipp_Kohlschreiber,Roger Federer,nonSnV1st,39,28,5,0,10,2,0,0,0,1,132
20150905-M-US_Open-R32-Roger_Federer-Philipp_Kohlschreiber,Roger Federer,nonSnV2nd,25,15,0,0,5,1,1,0,0,1,87
20150903-M-US_Open-R64-Steve_Darcis-Roger_Federer,Steve Darcis,SnV,3,2,0,0,0,2,0,0,0,0,8
20150903-M-US_Open-R64-Steve_Darcis-Roger_Federer,Steve Darcis,SnV1st,3,2,0,0,0,2,0,0,0,0,8
20150903-M-US_Open-R64-Steve_Darcis-Roger_Federer,Steve Darcis,nonSnV,75,36,2,0,10,0,4,2,4,2,308
20150903-M-US_Open-R64-Steve_Darcis-Roger_Federer,Steve Darcis,nonSnV1st,40,21,2,0,9,0,2,1,2,1,149
20150903-M-US_Open-R64-Steve_Darcis-Roger_Federer,Steve Darcis,nonSnV2nd,35,15,0,0,1,0,2,1,2,1,159
20150903-M-US_Open-R64-Steve_Darcis-Roger_Federer,Roger Federer,SnV,12,8,0,0,2,5,1,1,0,2,36
20150903-M-US_Open-R64-Steve_Darcis-Roger_Federer,Roger Federer,SnV1st,9,6,0,0,2,4,0,1,0,1,24
20150903-M-US_Open-R64-Steve_Darcis-Roger_Federer,Roger Federer,SnV2nd,3,2,0,0,0,1,1,0,0,1,12
20150903-M-US_Open-R64-Steve_Darcis-Roger_Federer,Roger Federer,nonSnV,48,39,11,0,12,3,2,2,1,0,143
20150903-M-US_Open-R64-Steve_Darcis-Roger_Federer,Roger Federer,nonSnV1st,34,31,11,0,10,2,2,2,1,0,81
20150903-M-US_Open-R64-Steve_Darcis-Roger_Federer,Roger Federer,nonSnV2nd,14,8,0,0,2,1,0,0,0,0,62
20150903-M-US_Open-R64-Bernard_Tomic-Lleyton_Hewitt,Bernard Tomic,SnV,4,1,0,0,0,1,0,1,1,0,13
20150903-M-US_Open-R64-Bernard_Tomic-Lleyton_Hewitt,Bernard Tomic,SnV1st,4,1,0,0,0,1,0,1,1,0,13
20150903-M-US_Open-R64-Bernard_Tomic-Lleyton_Hewitt,Bernard Tomic,nonSnV,151,96,25,9,12,7,1,2,2,0,682
20150903-M-US_Open-R64-Bernard_Tomic-Lleyton_Hewitt,Bernard Tomic,nonSnV1st,101,67,25,9,10,6,1,2,2,0,377
20150903-M-US_Open-R64-Bernard_Tomic-Lleyton_Hewitt,Bernard Tomic,nonSnV2nd,50,29,0,0,2,1,0,0,0,0,305
20150903-M-US_Open-R64-Bernard_Tomic-Lleyton_Hewitt,Lleyton Hewitt,SnV,2,1,0,0,0,1,0,1,0,0,5
20150903-M-US_Open-R64-Bernard_Tomic-Lleyton_Hewitt,Lleyton Hewitt,SnV1st,1,0,0,0,0,0,0,1,0,0,2
20150903-M-US_Open-R64-Bernard_Tomic-Lleyton_Hewitt,Lleyton Hewitt,SnV2nd,1,1,0,0,0,1,0,0,0,0,3
20150903-M-US_Open-R64-Bernard_Tomic-Lleyton_Hewitt,Lleyton Hewitt,nonSnV,151,93,18,8,17,7,3,3,3,1,639
20150903-M-US_Open-R64-Bernard_Tomic-Lleyton_Hewitt,Lleyton Hewitt,nonSnV1st,86,57,18,6,8,4,2,1,2,1,305
20150903-M-US_Open-R64-Bernard_Tomic-Lleyton_Hewitt,Lleyton Hewitt,nonSnV2nd,65,36,0,2,9,3,1,2,1,0,334
20150902-M-US_Open-R64-Fernando_Verdasco-Milos_Raonic,Milos Raonic,SnV,2,2,0,0,2,0,0,0,0,0,2
20150902-M-US_Open-R64-Fernando_Verdasco-Milos_Raonic,Milos Raonic,SnV1st,1,1,0,0,1,0,0,0,0,0,1
20150902-M-US_Open-R64-Fernando_Verdasco-Milos_Raonic,Milos Raonic,SnV2nd,1,1,0,0,1,0,0,0,0,0,1
20150902-M-US_Open-R64-Fernando_Verdasco-Milos_Raonic,Milos Raonic,nonSnV,117,93,18,5,21,5,5,0,0,0,305
20150902-M-US_Open-R64-Fernando_Verdasco-Milos_Raonic,Milos Raonic,nonSnV1st,76,61,17,4,17,3,4,0,0,0,179
20150902-M-US_Open-R64-Fernando_Verdasco-Milos_Raonic,Milos Raonic,nonSnV2nd,41,32,1,1,4,2,1,0,0,0,126
20150902-M-US_Open-R128-Andy_Murray-Nick_Kyrgios,Nick Kyrgios,SnV,8,1,0,0,1,0,0,2,1,2,25
20150902-M-US_Open-R128-Andy_Murray-Nick_Kyrgios,Nick Kyrgios,SnV1st,8,1,0,0,1,0,0,2,1,2,25
20150902-M-US_Open-R128-Andy_Murray-Nick_Kyrgios,Nick Kyrgios,nonSnV,98,60,11,0,15,7,3,0,3,1,402
20150902-M-US_Open-R128-Andy_Murray-Nick_Kyrgios,Nick Kyrgios,nonSnV1st,60,43,10,0,14,6,2,0,2,0,231
20150902-M-US_Open-R128-Andy_Murray-Nick_Kyrgios,Nick Kyrgios,nonSnV2nd,38,17,1,0,1,1,1,0,1,1,171
20150901-M-US_Open-R128-Roger_Federer-Leonardo_Mayer,Roger Federer,SnV,12,9,0,0,2,4,1,0,2,0,35
20150901-M-US_Open-R128-Roger_Federer-Leonardo_Mayer,Roger Federer,SnV1st,10,7,0,0,2,3,1,0,2,0,31
20150901-M-US_Open-R128-Roger_Federer-Leonardo_Mayer,Roger Federer,SnV2nd,2,2,0,0,0,1,0,0,0,0,4
20150901-M-US_Open-R128-Roger_Federer-Leonardo_Mayer,Roger Federer,nonSnV,49,41,11,0,10,2,1,2,0,0,95
20150901-M-US_Open-R128-Roger_Federer-Leonardo_Mayer,Roger Federer,nonSnV1st,34,29,11,0,10,2,1,2,0,0,63
20150901-M-US_Open-R128-Roger_Federer-Leonardo_Mayer,Roger Federer,nonSnV2nd,15,12,0,0,0,0,0,0,0,0,32
20150901-M-US_Open-R128-Roger_Federer-Leonardo_Mayer,Leonardo Mayer,SnV,2,1,0,0,0,1,0,0,0,0,5
20150901-M-US_Open-R128-Roger_Federer-Leonardo_Mayer,Leonardo Mayer,SnV1st,2,1,0,0,0,1,0,0,0,0,5
20150901-M-US_Open-R128-Roger_Federer-Leonardo_Mayer,Leonardo Mayer,nonSnV,59,34,1,0,9,1,2,3,2,1,220
20150901-M-US_Open-R128-Roger_Federer-Leonardo_Mayer,Leonardo Mayer,nonSnV1st,36,20,1,0,9,1,2,2,2,1,136
20150901-M-US_Open-R128-Roger_Federer-Leonardo_Mayer,Leonardo Mayer,nonSnV2nd,23,14,0,0,0,0,0,1,0,0,84
20150831-M-US_Open-R128-Tim_Smyczek-Milos_Raonic,Tim Smyczek,SnV,2,1,0,0,1,0,0,0,0,0,3
20150831-M-US_Open-R128-Tim_Smyczek-Milos_Raonic,Tim Smyczek,SnV1st,2,1,0,0,1,0,0,0,0,0,3
20150831-M-US_Open-R128-Tim_Smyczek-Milos_Raonic,Tim Smyczek,nonSnV,87,55,6,1,16,1,2,1,1,0,287
20150831-M-US_Open-R128-Tim_Smyczek-Milos_Raonic,Tim Smyczek,nonSnV1st,60,40,6,1,15,1,1,1,0,0,194
20150831-M-US_Open-R128-Tim_Smyczek-Milos_Raonic,Tim Smyczek,nonSnV2nd,27,15,0,0,1,0,1,0,1,0,93
20150831-M-US_Open-R128-Tim_Smyczek-Milos_Raonic,Milos Raonic,SnV,15,11,0,0,2,8,0,2,2,0,41
20150831-M-US_Open-R128-Tim_Smyczek-Milos_Raonic,Milos Raonic,SnV1st,1,1,0,0,0,1,0,0,0,0,3
20150831-M-US_Open-R128-Tim_Smyczek-Milos_Raonic,Milos Raonic,SnV2nd,14,10,0,0,2,7,0,2,2,0,38
20150831-M-US_Open-R128-Tim_Smyczek-Milos_Raonic,Milos Raonic,nonSnV,68,56,17,11,9,3,3,2,1,0,152
20150831-M-US_Open-R128-Tim_Smyczek-Milos_Raonic,Milos Raonic,nonSnV1st,43,37,15,11,4,3,3,2,1,0,81
20150831-M-US_Open-R128-Tim_Smyczek-Milos_Raonic,Milos Raonic,nonSnV2nd,25,19,2,0,5,0,0,0,0,0,71
20150201-M-Australian_Open-F-Novak_Djokovic-Andy_Murray,Novak Djokovic,SnV,5,2,0,0,0,1,0,0,1,0,26
20150201-M-Australian_Open-F-Novak_Djokovic-Andy_Murray,Novak Djokovic,SnV1st,5,2,0,0,0,1,0,0,1,0,26
20150201-M-Australian_Open-F-Novak_Djokovic-Andy_Murray,Novak Djokovic,nonSnV,130,80,8,3,9,12,5,1,4,1,942
20150201-M-Australian_Open-F-Novak_Djokovic-Andy_Murray,Novak Djokovic,nonSnV1st,76,46,8,3,6,7,5,1,3,1,486
20150201-M-Australian_Open-F-Novak_Djokovic-Andy_Murray,Novak Djokovic,nonSnV2nd,54,34,0,0,3,5,0,0,1,0,456
20150130-M-Australian_Open-SF-Novak_Djokovic-Stan_Wawrinka,Novak Djokovic,SnV,8,4,0,0,1,1,1,2,1,1,22
20150130-M-Australian_Open-SF-Novak_Djokovic-Stan_Wawrinka,Novak Djokovic,SnV1st,6,3,0,0,1,1,0,2,0,1,15
20150130-M-Australian_Open-SF-Novak_Djokovic-Stan_Wawrinka,Novak Djokovic,SnV2nd,2,1,0,0,0,0,1,0,1,0,7
20150130-M-Australian_Open-SF-Novak_Djokovic-Stan_Wawrinka,Novak Djokovic,nonSnV,124,85,5,0,29,6,6,1,5,0,583
20150130-M-Australian_Open-SF-Novak_Djokovic-Stan_Wawrinka,Novak Djokovic,nonSnV1st,81,58,5,0,19,4,4,1,5,0,364
20150130-M-Australian_Open-SF-Novak_Djokovic-Stan_Wawrinka,Novak Djokovic,nonSnV2nd,43,27,0,0,10,2,2,0,0,0,219
20150130-M-Australian_Open-SF-Novak_Djokovic-Stan_Wawrinka,Stan Wawrinka,SnV,3,1,0,0,0,0,1,2,0,0,7
20150130-M-Australian_Open-SF-Novak_Djokovic-Stan_Wawrinka,Stan Wawrinka,SnV1st,3,1,0,0,0,0,1,2,0,0,7
20150130-M-Australian_Open-SF-Novak_Djokovic-Stan_Wawrinka,Stan Wawrinka,nonSnV,150,91,10,0,31,6,6,2,4,1,769
20150130-M-Australian_Open-SF-Novak_Djokovic-Stan_Wawrinka,Stan Wawrinka,nonSnV1st,91,58,10,0,22,3,3,2,4,1,386
20150130-M-Australian_Open-SF-Novak_Djokovic-Stan_Wawrinka,Stan Wawrinka,nonSnV2nd,59,33,0,0,9,3,3,0,0,0,383
20150127-M-Australian_Open-QF-Stan_Wawrinka-Kei_Nishikori,Stan Wawrinka,SnV,5,5,0,0,3,1,1,0,0,0,13
20150127-M-Australian_Open-QF-Stan_Wawrinka-Kei_Nishikori,Stan Wawrinka,SnV1st,5,5,0,0,3,1,1,0,0,0,13
20150127-M-Australian_Open-QF-Stan_Wawrinka-Kei_Nishikori,Stan Wawrinka,nonSnV,82,62,20,0,17,5,2,0,0,0,290
20150127-M-Australian_Open-QF-Stan_Wawrinka-Kei_Nishikori,Stan Wawrinka,nonSnV1st,52,44,20,0,12,3,1,0,0,0,124
20150127-M-Australian_Open-QF-Stan_Wawrinka-Kei_Nishikori,Stan Wawrinka,nonSnV2nd,30,18,0,0,5,2,1,0,0,0,166
20150127-M-Australian_Open-QF-Stan_Wawrinka-Kei_Nishikori,Kei Nishikori,SnV,11,10,0,0,4,5,1,0,0,0,30
20150127-M-Australian_Open-QF-Stan_Wawrinka-Kei_Nishikori,Kei Nishikori,SnV1st,11,10,0,0,4,5,1,0,0,0,30
20150127-M-Australian_Open-QF-Stan_Wawrinka-Kei_Nishikori,Kei Nishikori,nonSnV,81,51,6,0,12,3,5,1,4,2,349
20150127-M-Australian_Open-QF-Stan_Wawrinka-Kei_Nishikori,Kei Nishikori,nonSnV1st,48,33,5,0,9,2,4,0,3,2,179
20150127-M-Australian_Open-QF-Stan_Wawrinka-Kei_Nishikori,Kei Nishikori,nonSnV2nd,33,18,1,0,3,1,1,1,1,0,170
20150127-M-Australian_Open-QF-Andy_Murray-Nick_Kyrgios,Nick Kyrgios,SnV,5,2,0,0,0,2,0,0,3,0,20
20150127-M-Australian_Open-QF-Andy_Murray-Nick_Kyrgios,Nick Kyrgios,SnV1st,5,2,0,0,0,2,0,0,3,0,20
20150127-M-Australian_Open-QF-Andy_Murray-Nick_Kyrgios,Nick Kyrgios,nonSnV,102,64,10,0,12,5,4,1,3,1,520
20150127-M-Australian_Open-QF-Andy_Murray-Nick_Kyrgios,Nick Kyrgios,nonSnV1st,64,43,10,0,11,2,4,1,1,1,299
20150127-M-Australian_Open-QF-Andy_Murray-Nick_Kyrgios,Nick Kyrgios,nonSnV2nd,38,21,0,0,1,3,0,0,2,0,221
20150126-M-Australian_Open-QF-Novak_Djokovic-Milos_Raonic,Novak Djokovic,SnV,2,2,0,0,0,1,1,0,0,0,6
20150126-M-Australian_Open-QF-Novak_Djokovic-Milos_Raonic,Novak Djokovic,SnV1st,2,2,0,0,0,1,1,0,0,0,6
20150126-M-Australian_Open-QF-Novak_Djokovic-Milos_Raonic,Novak Djokovic,nonSnV,74,64,8,0,14,7,2,0,1,0,268
20150126-M-Australian_Open-QF-Novak_Djokovic-Milos_Raonic,Novak Djokovic,nonSnV1st,53,47,8,0,13,5,1,0,1,0,183
20150126-M-Australian_Open-QF-Novak_Djokovic-Milos_Raonic,Novak Djokovic,nonSnV2nd,21,17,0,0,1,2,1,0,0,0,85
20150125-M-Australian_Open-R16-Nick_Kyrgios-Andreas_Seppi,Nick Kyrgios,SnV,3,1,0,0,0,1,0,2,0,0,7
20150125-M-Australian_Open-R16-Nick_Kyrgios-Andreas_Seppi,Nick Kyrgios,SnV1st,3,1,0,0,0,1,0,2,0,0,7
20150125-M-Australian_Open-R16-Nick_Kyrgios-Andreas_Seppi,Nick Kyrgios,nonSnV,177,123,25,0,35,6,4,4,5,0,647
20150125-M-Australian_Open-R16-Nick_Kyrgios-Andreas_Seppi,Nick Kyrgios,nonSnV1st,113,86,24,0,34,5,3,4,5,0,346
20150125-M-Australian_Open-R16-Nick_Kyrgios-Andreas_Seppi,Nick Kyrgios,nonSnV2nd,64,37,1,0,1,1,1,0,0,0,301
20150125-M-Australian_Open-R16-Grigor_Dimitrov-Andy_Murray,Grigor Dimitrov,SnV,3,3,0,0,0,1,0,0,0,0,11
20150125-M-Australian_Open-R16-Grigor_Dimitrov-Andy_Murray,Grigor Dimitrov,SnV1st,3,3,0,0,0,1,0,0,0,0,11
20150125-M-Australian_Open-R16-Grigor_Dimitrov-Andy_Murray,Grigor Dimitrov,nonSnV,147,84,5,0,19,10,10,4,5,9,766
20150125-M-Australian_Open-R16-Grigor_Dimitrov-Andy_Murray,Grigor Dimitrov,nonSnV1st,103,68,5,0,18,9,10,3,4,6,508
20150125-M-Australian_Open-R16-Grigor_Dimitrov-Andy_Murray,Grigor Dimitrov,nonSnV2nd,44,16,0,0,1,1,0,1,1,3,258
20150125-M-Australian_Open-R16-Grigor_Dimitrov-Andy_Murray,Andy Murray,SnV,3,2,0,0,0,1,1,0,0,1,10
20150125-M-Australian_Open-R16-Grigor_Dimitrov-Andy_Murray,Andy Murray,SnV1st,3,2,0,0,0,1,1,0,0,1,10
20150125-M-Australian_Open-R16-Grigor_Dimitrov-Andy_Murray,Andy Murray,nonSnV,129,86,10,0,29,6,9,2,2,0,590
20150125-M-Australian_Open-R16-Grigor_Dimitrov-Andy_Murray,Andy Murray,nonSnV1st,89,68,10,0,28,4,9,1,1,0,396
20150125-M-Australian_Open-R16-Grigor_Dimitrov-Andy_Murray,Andy Murray,nonSnV2nd,40,18,0,0,1,2,0,1,1,0,194
20150123-M-Australian_Open-R32-Roger_Federer-Andreas_Seppi,Roger Federer,SnV,8,5,0,0,0,1,3,0,0,2,27
20150123-M-Australian_Open-R32-Roger_Federer-Andreas_Seppi,Roger Federer,SnV1st,5,3,0,0,0,1,2,0,0,2,19
20150123-M-Australian_Open-R32-Roger_Federer-Andreas_Seppi,Roger Federer,SnV2nd,3,2,0,0,0,0,1,0,0,0,8
20150123-M-Australian_Open-R32-Roger_Federer-Andreas_Seppi,Roger Federer,nonSnV,121,88,15,0,31,8,2,1,3,3,450
20150123-M-Australian_Open-R32-Roger_Federer-Andreas_Seppi,Roger Federer,nonSnV1st,77,63,15,0,28,7,1,0,2,3,193
20150123-M-Australian_Open-R32-Roger_Federer-Andreas_Seppi,Roger Federer,nonSnV2nd,44,25,0,0,3,1,1,1,1,0,257
20150123-M-Australian_Open-R32-Roger_Federer-Andreas_Seppi,Andreas Seppi,SnV,5,4,0,0,1,1,0,1,0,0,16
20150123-M-Australian_Open-R32-Roger_Federer-Andreas_Seppi,Andreas Seppi,SnV1st,3,2,0,0,1,1,0,1,0,0,6
20150123-M-Australian_Open-R32-Roger_Federer-Andreas_Seppi,Andreas Seppi,SnV2nd,2,2,0,0,0,0,0,0,0,0,10
20150123-M-Australian_Open-R32-Roger_Federer-Andreas_Seppi,Andreas Seppi,nonSnV,142,95,4,0,23,6,3,2,5,0,645
20150123-M-Australian_Open-R32-Roger_Federer-Andreas_Seppi,Andreas Seppi,nonSnV1st,83,65,4,0,23,5,3,0,3,0,319
20150123-M-Australian_Open-R32-Roger_Federer-Andreas_Seppi,Andreas Seppi,nonSnV2nd,59,30,0,0,0,1,0,2,2,0,326
20150123-M-Australian_Open-R32-Nick_Kyrgios-Malek_Jaziri,Nick Kyrgios,SnV,1,1,0,0,1,0,0,0,0,0,1
20150123-M-Australian_Open-R32-Nick_Kyrgios-Malek_Jaziri,Nick Kyrgios,SnV1st,1,1,0,0,1,0,0,0,0,0,1
20150123-M-Australian_Open-R32-Nick_Kyrgios-Malek_Jaziri,Nick Kyrgios,nonSnV,98,71,25,0,22,3,1,3,0,0,301
20150123-M-Australian_Open-R32-Nick_Kyrgios-Malek_Jaziri,Nick Kyrgios,nonSnV1st,71,57,25,0,21,2,0,2,0,0,167
20150123-M-Australian_Open-R32-Nick_Kyrgios-Malek_Jaziri,Nick Kyrgios,nonSnV2nd,27,14,0,0,1,1,1,1,0,0,134
20150123-M-Australian_Open-R32-Nick_Kyrgios-Malek_Jaziri,Malek Jaziri,SnV,1,0,0,0,0,0,0,1,0,0,2
20150123-M-Australian_Open-R32-Nick_Kyrgios-Malek_Jaziri,Malek Jaziri,SnV1st,1,0,0,0,0,0,0,1,0,0,2
20150123-M-Australian_Open-R32-Nick_Kyrgios-Malek_Jaziri,Malek Jaziri,nonSnV,87,55,6,0,14,5,3,1,1,0,377
20150123-M-Australian_Open-R32-Nick_Kyrgios-Malek_Jaziri,Malek Jaziri,nonSnV1st,46,34,6,0,14,5,1,1,0,0,184
20150123-M-Australian_Open-R32-Nick_Kyrgios-Malek_Jaziri,Malek Jaziri,nonSnV2nd,41,21,0,0,0,0,2,0,1,0,193
20150123-M-Australian_Open-R32-Fernando_Verdasco-Novak_Djokovic,Novak Djokovic,SnV,1,1,0,0,1,0,0,0,0,0,1
20150123-M-Australian_Open-R32-Fernando_Verdasco-Novak_Djokovic,Novak Djokovic,SnV1st,1,1,0,0,1,0,0,0,0,0,1
20150123-M-Australian_Open-R32-Fernando_Verdasco-Novak_Djokovic,Novak Djokovic,nonSnV,90,70,11,0,19,13,2,0,1,1,316
20150123-M-Australian_Open-R32-Fernando_Verdasco-Novak_Djokovic,Novak Djokovic,nonSnV1st,65,53,11,0,15,10,2,0,1,1,219
20150123-M-Australian_Open-R32-Fernando_Verdasco-Novak_Djokovic,Novak Djokovic,nonSnV2nd,25,17,0,0,4,3,0,0,0,0,97
20150121-M-Australian_Open-R64-Simone_Bolelli-Roger_Federer,Roger Federer,SnV,8,3,0,0,1,2,0,0,3,0,29
20150121-M-Australian_Open-R64-Simone_Bolelli-Roger_Federer,Roger Federer,SnV1st,7,2,0,0,1,1,0,0,3,0,24
20150121-M-Australian_Open-R64-Simone_Bolelli-Roger_Federer,Roger Federer,SnV2nd,1,1,0,0,0,1,0,0,0,0,5
20150121-M-Australian_Open-R64-Simone_Bolelli-Roger_Federer,Roger Federer,nonSnV,84,67,15,0,23,4,5,2,2,1,203
20150121-M-Australian_Open-R64-Simone_Bolelli-Roger_Federer,Roger Federer,nonSnV1st,55,47,15,0,19,2,3,1,2,1,111
20150121-M-Australian_Open-R64-Simone_Bolelli-Roger_Federer,Roger Federer,nonSnV2nd,29,20,0,0,4,2,2,1,0,0,92
20150121-M-Australian_Open-R64-Rafael_Nadal-Tim_Smyczek,Rafael Nadal,SnV,3,3,0,0,0,2,1,0,0,0,9
20150121-M-Australian_Open-R64-Rafael_Nadal-Tim_Smyczek,Rafael Nadal,SnV1st,3,3,0,0,0,2,1,0,0,0,9
20150121-M-Australian_Open-R64-Rafael_Nadal-Tim_Smyczek,Rafael Nadal,nonSnV,144,94,3,1,28,7,9,0,3,0,616
20150121-M-Australian_Open-R64-Rafael_Nadal-Tim_Smyczek,Rafael Nadal,nonSnV1st,101,68,3,1,27,5,6,0,1,0,348
20150121-M-Australian_Open-R64-Rafael_Nadal-Tim_Smyczek,Rafael Nadal,nonSnV2nd,43,26,0,0,1,2,3,0,2,0,268
20150121-M-Australian_Open-R64-Rafael_Nadal-Tim_Smyczek,Tim Smyczek,SnV,4,2,0,0,0,2,0,0,0,0,10
20150121-M-Australian_Open-R64-Rafael_Nadal-Tim_Smyczek,Tim Smyczek,SnV1st,4,2,0,0,0,2,0,0,0,0,10
20150121-M-Australian_Open-R64-Rafael_Nadal-Tim_Smyczek,Tim Smyczek,nonSnV,151,93,15,1,21,4,3,6,2,0,667
20150121-M-Australian_Open-R64-Rafael_Nadal-Tim_Smyczek,Tim Smyczek,nonSnV1st,102,66,15,1,20,2,1,5,1,0,396
20150121-M-Australian_Open-R64-Rafael_Nadal-Tim_Smyczek,Tim Smyczek,nonSnV2nd,49,27,0,0,1,2,2,1,1,0,271
20150119-M-Australian_Open-R128-Yen_Hsun_Lu-Roger_Federer,Roger Federer,SnV,11,8,0,0,2,3,1,1,1,0,34
20150119-M-Australian_Open-R128-Yen_Hsun_Lu-Roger_Federer,Roger Federer,SnV1st,7,6,0,0,2,2,0,1,0,0,18
20150119-M-Australian_Open-R128-Yen_Hsun_Lu-Roger_Federer,Roger Federer,SnV2nd,4,2,0,0,0,1,1,0,1,0,16
20150119-M-Australian_Open-R128-Yen_Hsun_Lu-Roger_Federer,Roger Federer,nonSnV,68,56,9,0,14,4,6,3,0,0,238
20150119-M-Australian_Open-R128-Yen_Hsun_Lu-Roger_Federer,Roger Federer,nonSnV1st,49,42,9,0,13,2,3,2,0,0,118
20150119-M-Australian_Open-R128-Yen_Hsun_Lu-Roger_Federer,Roger Federer,nonSnV2nd,19,14,0,0,1,2,3,1,0,0,120
20150119-M-Australian_Open-R128-Mikhail_Youzhny-Rafael_Nadal,Mikhail Youzhny,SnV,2,0,0,0,0,0,0,1,1,0,6
20150119-M-Australian_Open-R128-Mikhail_Youzhny-Rafael_Nadal,Mikhail Youzhny,SnV1st,2,0,0,0,0,0,0,1,1,0,6
20150119-M-Australian_Open-R128-Mikhail_Youzhny-Rafael_Nadal,Mikhail Youzhny,nonSnV,74,39,5,1,6,2,2,0,2,1,341
20150119-M-Australian_Open-R128-Mikhail_Youzhny-Rafael_Nadal,Mikhail Youzhny,nonSnV1st,42,25,5,0,6,2,1,0,1,1,177
20150119-M-Australian_Open-R128-Mikhail_Youzhny-Rafael_Nadal,Mikhail Youzhny,nonSnV2nd,32,14,0,1,0,0,1,0,1,0,164
20140906-M-US_Open-SF-Novak_Djokovic-Kei_Nishikori,Novak Djokovic,SnV,1,1,0,0,0,1,0,0,0,0,5
20140906-M-US_Open-SF-Novak_Djokovic-Kei_Nishikori,Novak Djokovic,SnV1st,1,1,0,0,0,1,0,0,0,0,5
20140906-M-US_Open-SF-Novak_Djokovic-Kei_Nishikori,Novak Djokovic,nonSnV,107,69,13,0,28,1,0,2,2,2,377
20140906-M-US_Open-SF-Novak_Djokovic-Kei_Nishikori,Novak Djokovic,nonSnV1st,65,52,12,0,23,1,0,1,2,1,188
20140906-M-US_Open-SF-Novak_Djokovic-Kei_Nishikori,Novak Djokovic,nonSnV2nd,42,17,1,0,5,0,0,1,0,1,189
20140905-M-US_Open-QF-Roger_Federer-Gael_Monfils,Roger Federer,SnV,19,15,0,0,3,7,2,1,1,0,53
20140905-M-US_Open-QF-Roger_Federer-Gael_Monfils,Roger Federer,SnV1st,16,14,0,0,3,7,2,1,0,0,46
20140905-M-US_Open-QF-Roger_Federer-Gael_Monfils,Roger Federer,SnV2nd,3,1,0,0,0,0,0,0,1,0,7
20140905-M-US_Open-QF-Roger_Federer-Gael_Monfils,Roger Federer,nonSnV,130,87,5,5,16,15,6,1,5,5,527
20140905-M-US_Open-QF-Roger_Federer-Gael_Monfils,Roger Federer,nonSnV1st,69,51,5,5,12,10,3,0,2,3,233
20140905-M-US_Open-QF-Roger_Federer-Gael_Monfils,Roger Federer,nonSnV2nd,61,36,0,0,4,5,3,1,3,2,294
20140905-M-US_Open-QF-Roger_Federer-Gael_Monfils,Gael Monfils,SnV,3,2,0,0,1,1,0,0,1,0,10
20140905-M-US_Open-QF-Roger_Federer-Gael_Monfils,Gael Monfils,SnV1st,3,2,0,0,1,1,0,0,1,0,10
20140905-M-US_Open-QF-Roger_Federer-Gael_Monfils,Gael Monfils,nonSnV,143,91,6,5,13,6,4,1,5,1,651
20140905-M-US_Open-QF-Roger_Federer-Gael_Monfils,Gael Monfils,nonSnV1st,94,61,6,5,13,5,3,0,5,1,379
20140905-M-US_Open-QF-Roger_Federer-Gael_Monfils,Gael Monfils,nonSnV2nd,49,30,0,0,0,1,1,1,0,0,272
20140903-M-US_Open-QF-Novak_Djokovic-Andy_Murray,Novak Djokovic,SnV,1,1,0,0,0,1,0,0,0,0,3
20140903-M-US_Open-QF-Novak_Djokovic-Andy_Murray,Novak Djokovic,SnV1st,1,1,0,0,0,1,0,0,0,0,3
20140903-M-US_Open-QF-Novak_Djokovic-Andy_Murray,Novak Djokovic,nonSnV,148,92,8,0,25,8,3,3,3,1,722
20140903-M-US_Open-QF-Novak_Djokovic-Andy_Murray,Novak Djokovic,nonSnV1st,96,63,8,0,23,7,1,3,2,1,383
20140903-M-US_Open-QF-Novak_Djokovic-Andy_Murray,Novak Djokovic,nonSnV2nd,52,29,0,0,2,1,2,0,1,0,339
20140903-M-US_Open-QF-Novak_Djokovic-Andy_Murray,Andy Murray,SnV,1,1,0,0,0,1,0,0,0,0,3
20140903-M-US_Open-QF-Novak_Djokovic-Andy_Murray,Andy Murray,SnV1st,1,1,0,0,0,1,0,0,0,0,3
20140903-M-US_Open-QF-Novak_Djokovic-Andy_Murray,Andy Murray,nonSnV,128,75,9,0,19,5,0,2,5,2,643
20140903-M-US_Open-QF-Novak_Djokovic-Andy_Murray,Andy Murray,nonSnV1st,74,48,9,0,18,2,0,1,5,2,296
20140903-M-US_Open-QF-Novak_Djokovic-Andy_Murray,Andy Murray,nonSnV2nd,54,27,0,0,1,3,0,1,0,0,347
20140901-M-US_Open-R16-Milos_Raonic-Kei_Nishikori,Milos Raonic,SnV,15,11,0,0,4,6,1,1,1,0,43
20140901-M-US_Open-R16-Milos_Raonic-Kei_Nishikori,Milos Raonic,SnV1st,14,11,0,0,4,6,1,1,1,0,41
20140901-M-US_Open-R16-Milos_Raonic-Kei_Nishikori,Milos Raonic,SnV2nd,1,0,0,0,0,0,0,0,0,0,2
20140901-M-US_Open-R16-Milos_Raonic-Kei_Nishikori,Milos Raonic,nonSnV,167,116,36,8,30,5,2,2,2,0,440
20140901-M-US_Open-R16-Milos_Raonic-Kei_Nishikori,Milos Raonic,nonSnV1st,92,76,35,7,22,2,0,2,1,0,196
20140901-M-US_Open-R16-Milos_Raonic-Kei_Nishikori,Milos Raonic,nonSnV2nd,75,40,1,1,8,3,2,0,1,0,244
20140901-M-US_Open-R16-Milos_Raonic-Kei_Nishikori,Kei Nishikori,SnV,1,0,0,0,0,0,0,1,0,0,2
20140901-M-US_Open-R16-Milos_Raonic-Kei_Nishikori,Kei Nishikori,SnV1st,1,0,0,0,0,0,0,1,0,0,2
20140901-M-US_Open-R16-Milos_Raonic-Kei_Nishikori,Kei Nishikori,nonSnV,155,115,8,1,22,3,4,1,3,0,549
20140901-M-US_Open-R16-Milos_Raonic-Kei_Nishikori,Kei Nishikori,nonSnV1st,92,69,7,1,22,2,4,1,3,0,341
20140901-M-US_Open-R16-Milos_Raonic-Kei_Nishikori,Kei Nishikori,nonSnV2nd,63,46,1,0,0,1,0,0,0,0,208
20140826-M-US_Open-R128-Roger_Federer-Marinko_Matosevic,Roger Federer,SnV,15,13,0,0,4,5,3,1,1,0,39
20140826-M-US_Open-R128-Roger_Federer-Marinko_Matosevic,Roger Federer,SnV1st,15,13,0,0,4,5,3,1,1,0,39
20140826-M-US_Open-R128-Roger_Federer-Marinko_Matosevic,Roger Federer,nonSnV,71,55,9,0,18,1,2,0,2,0,183
20140826-M-US_Open-R128-Roger_Federer-Marinko_Matosevic,Roger Federer,nonSnV1st,45,40,9,0,16,0,1,0,1,0,116
20140826-M-US_Open-R128-Roger_Federer-Marinko_Matosevic,Roger Federer,nonSnV2nd,26,15,0,0,2,1,1,0,1,0,67
20140826-M-US_Open-R128-Roger_Federer-Marinko_Matosevic,Marinko Matosevic,SnV,24,13,0,0,7,3,0,3,2,2,61
20140826-M-US_Open-R128-Roger_Federer-Marinko_Matosevic,Marinko Matosevic,SnV1st,21,12,0,0,6,3,0,2,2,2,56
20140826-M-US_Open-R128-Roger_Federer-Marinko_Matosevic,Marinko Matosevic,SnV2nd,3,1,0,0,1,0,0,1,0,0,5
20140826-M-US_Open-R128-Roger_Federer-Marinko_Matosevic,Marinko Matosevic,nonSnV,92,57,3,0,15,8,6,6,3,1,379
20140826-M-US_Open-R128-Roger_Federer-Marinko_Matosevic,Marinko Matosevic,nonSnV1st,50,32,2,0,13,5,4,5,2,0,186
20140826-M-US_Open-R128-Roger_Federer-Marinko_Matosevic,Marinko Matosevic,nonSnV2nd,42,25,1,0,2,3,2,1,1,1,193
20140126-M-Australian_Open-F-Stan_Wawrinka-Rafael_Nadal,Stan Wawrinka,SnV,5,4,0,0,1,3,0,0,0,0,12
20140126-M-Australian_Open-F-Stan_Wawrinka-Rafael_Nadal,Stan Wawrinka,SnV1st,4,3,0,0,0,3,0,0,0,0,11
20140126-M-Australian_Open-F-Stan_Wawrinka-Rafael_Nadal,Stan Wawrinka,SnV2nd,1,1,0,0,1,0,0,0,0,0,1
20140126-M-Australian_Open-F-Stan_Wawrinka-Rafael_Nadal,Stan Wawrinka,nonSnV,88,63,18,0,17,3,1,0,0,0,265
20140126-M-Australian_Open-F-Stan_Wawrinka-Rafael_Nadal,Stan Wawrinka,nonSnV1st,48,42,18,0,12,2,1,0,0,0,106
20140126-M-Australian_Open-F-Stan_Wawrinka-Rafael_Nadal,Stan Wawrinka,nonSnV2nd,40,21,0,0,5,1,0,0,0,0,159
20140126-M-Australian_Open-F-Stan_Wawrinka-Rafael_Nadal,Rafael Nadal,SnV,1,1,0,0,0,1,0,0,0,0,5
20140126-M-Australian_Open-F-Stan_Wawrinka-Rafael_Nadal,Rafael Nadal,SnV2nd,1,1,0,0,0,1,0,0,0,0,5
20140126-M-Australian_Open-F-Stan_Wawrinka-Rafael_Nadal,Rafael Nadal,nonSnV,103,58,1,0,15,1,0,0,2,2,490
20140126-M-Australian_Open-F-Stan_Wawrinka-Rafael_Nadal,Rafael Nadal,nonSnV1st,84,50,1,0,14,1,0,0,2,2,394
20140126-M-Australian_Open-F-Stan_Wawrinka-Rafael_Nadal,Rafael Nadal,nonSnV2nd,19,8,0,0,1,0,0,0,0,0,96
20140123-M-Australian_Open-SF-Stan_Wawrinka-Tomas_Berdych,Stan Wawrinka,SnV,3,1,0,0,1,0,0,1,0,0,5
20140123-M-Australian_Open-SF-Stan_Wawrinka-Tomas_Berdych,Stan Wawrinka,SnV1st,3,1,0,0,1,0,0,1,0,0,5
20140123-M-Australian_Open-SF-Stan_Wawrinka-Tomas_Berdych,Stan Wawrinka,nonSnV,138,103,18,0,26,4,6,0,0,2,523
20140123-M-Australian_Open-SF-Stan_Wawrinka-Tomas_Berdych,Stan Wawrinka,nonSnV1st,85,71,18,0,21,4,3,0,0,2,283
20140123-M-Australian_Open-SF-Stan_Wawrinka-Tomas_Berdych,Stan Wawrinka,nonSnV2nd,53,32,0,0,5,0,3,0,0,0,240
20140122-M-Australian_Open-QF-Roger_Federer-Andy_Murray,Roger Federer,SnV,9,7,0,0,4,3,0,0,2,0,21
20140122-M-Australian_Open-QF-Roger_Federer-Andy_Murray,Roger Federer,SnV1st,8,7,0,0,4,3,0,0,1,0,17
20140122-M-Australian_Open-QF-Roger_Federer-Andy_Murray,Roger Federer,SnV2nd,1,0,0,0,0,0,0,0,1,0,4
20140122-M-Australian_Open-QF-Roger_Federer-Andy_Murray,Roger Federer,nonSnV,112,81,10,0,22,18,7,4,1,2,549
20140122-M-Australian_Open-QF-Roger_Federer-Andy_Murray,Roger Federer,nonSnV1st,70,53,10,0,13,14,6,4,0,1,263
20140122-M-Australian_Open-QF-Roger_Federer-Andy_Murray,Roger Federer,nonSnV2nd,42,28,0,0,9,4,1,0,1,1,286
20140122-M-Australian_Open-QF-Novak_Djokovic-Stan_Wawrinka,Novak Djokovic,SnV,2,1,0,0,0,1,0,1,0,0,9
20140122-M-Australian_Open-QF-Novak_Djokovic-Stan_Wawrinka,Novak Djokovic,SnV1st,2,1,0,0,0,1,0,1,0,0,9
20140122-M-Australian_Open-QF-Novak_Djokovic-Stan_Wawrinka,Novak Djokovic,nonSnV,141,97,8,0,32,11,8,2,0,2,661
20140122-M-Australian_Open-QF-Novak_Djokovic-Stan_Wawrinka,Novak Djokovic,nonSnV1st,103,74,8,0,28,9,4,2,0,2,442
20140122-M-Australian_Open-QF-Novak_Djokovic-Stan_Wawrinka,Novak Djokovic,nonSnV2nd,38,23,0,0,4,2,4,0,0,0,219
20140122-M-Australian_Open-QF-Novak_Djokovic-Stan_Wawrinka,Stan Wawrinka,SnV,3,1,0,0,0,0,0,0,1,0,13
20140122-M-Australian_Open-QF-Novak_Djokovic-Stan_Wawrinka,Stan Wawrinka,SnV1st,3,1,0,0,0,0,0,0,1,0,13
20140122-M-Australian_Open-QF-Novak_Djokovic-Stan_Wawrinka,Stan Wawrinka,nonSnV,162,106,17,0,36,9,7,2,4,1,930
20140122-M-Australian_Open-QF-Novak_Djokovic-Stan_Wawrinka,Stan Wawrinka,nonSnV1st,95,70,17,0,23,7,5,2,3,1,442
20140122-M-Australian_Open-QF-Novak_Djokovic-Stan_Wawrinka,Stan Wawrinka,nonSnV2nd,67,36,0,0,13,2,2,0,1,0,488
20140122-M-Australian_Open-QF-Grigor_Dimitrov-Rafael_Nadal,Grigor Dimitrov,SnV,3,2,0,0,0,2,0,1,0,0,8
20140122-M-Australian_Open-QF-Grigor_Dimitrov-Rafael_Nadal,Grigor Dimitrov,SnV1st,1,1,0,0,0,1,0,0,0,0,3
20140122-M-Australian_Open-QF-Grigor_Dimitrov-Rafael_Nadal,Grigor Dimitrov,SnV2nd,2,1,0,0,0,1,0,1,0,0,5
20140122-M-Australian_Open-QF-Grigor_Dimitrov-Rafael_Nadal,Grigor Dimitrov,nonSnV,147,94,17,7,12,8,6,3,5,1,656
20140122-M-Australian_Open-QF-Grigor_Dimitrov-Rafael_Nadal,Grigor Dimitrov,nonSnV1st,91,65,17,7,7,5,4,3,5,0,343
20140122-M-Australian_Open-QF-Grigor_Dimitrov-Rafael_Nadal,Grigor Dimitrov,nonSnV2nd,56,29,0,0,5,3,2,0,0,1,313
20140122-M-Australian_Open-QF-Grigor_Dimitrov-Rafael_Nadal,Rafael Nadal,SnV,1,1,0,0,0,1,0,0,0,0,3
20140122-M-Australian_Open-QF-Grigor_Dimitrov-Rafael_Nadal,Rafael Nadal,SnV1st,1,1,0,0,0,1,0,0,0,0,3
20140122-M-Australian_Open-QF-Grigor_Dimitrov-Rafael_Nadal,Rafael Nadal,nonSnV,116,87,3,1,21,15,6,1,1,0,633
20140122-M-Australian_Open-QF-Grigor_Dimitrov-Rafael_Nadal,Rafael Nadal,nonSnV1st,91,66,3,1,17,13,6,1,1,0,492
20140122-M-Australian_Open-QF-Grigor_Dimitrov-Rafael_Nadal,Rafael Nadal,nonSnV2nd,25,21,0,0,4,2,0,0,0,0,141
20140118-M-Australian_Open-R32-Gael_Monfils-Rafael_Nadal,Gael Monfils,SnV,4,1,0,0,0,1,0,0,1,0,11
20140118-M-Australian_Open-R32-Gael_Monfils-Rafael_Nadal,Gael Monfils,SnV1st,4,1,0,0,0,1,0,0,1,0,11
20140118-M-Australian_Open-R32-Gael_Monfils-Rafael_Nadal,Gael Monfils,nonSnV,89,48,12,0,4,2,0,0,1,1,432
20140118-M-Australian_Open-R32-Gael_Monfils-Rafael_Nadal,Gael Monfils,nonSnV1st,64,38,11,0,4,2,0,0,0,1,270
20140118-M-Australian_Open-R32-Gael_Monfils-Rafael_Nadal,Gael Monfils,nonSnV2nd,25,10,1,0,0,0,0,0,1,0,162
20140118-M-Australian_Open-R32-Gael_Monfils-Rafael_Nadal,Rafael Nadal,SnV,1,0,0,0,0,0,0,1,0,0,2
20140118-M-Australian_Open-R32-Gael_Monfils-Rafael_Nadal,Rafael Nadal,SnV1st,1,0,0,0,0,0,0,1,0,0,2
20140118-M-Australian_Open-R32-Gael_Monfils-Rafael_Nadal,Rafael Nadal,nonSnV,78,58,2,0,16,4,1,0,0,1,396
20140118-M-Australian_Open-R32-Gael_Monfils-Rafael_Nadal,Rafael Nadal,nonSnV1st,52,38,2,0,14,3,0,0,0,1,218
20140118-M-Australian_Open-R32-Gael_Monfils-Rafael_Nadal,Rafael Nadal,nonSnV2nd,26,20,0,0,2,1,1,0,0,0,178
20140116-M-Australian_Open-R64-Thanasi_Kokkinakis-Rafael_Nadal,Thanasi Kokkinakis,SnV,2,2,0,0,0,2,0,0,0,0,8
20140116-M-Australian_Open-R64-Thanasi_Kokkinakis-Rafael_Nadal,Thanasi Kokkinakis,SnV1st,2,2,0,0,0,2,0,0,0,0,8
20140116-M-Australian_Open-R64-Thanasi_Kokkinakis-Rafael_Nadal,Thanasi Kokkinakis,nonSnV,73,41,4,1,11,3,1,2,2,2,309
20140116-M-Australian_Open-R64-Thanasi_Kokkinakis-Rafael_Nadal,Thanasi Kokkinakis,nonSnV1st,50,31,4,1,11,3,1,1,2,2,195
20140116-M-Australian_Open-R64-Thanasi_Kokkinakis-Rafael_Nadal,Thanasi Kokkinakis,nonSnV2nd,23,10,0,0,0,0,0,1,0,0,114
20140116-M-Australian_Open-R64-Thanasi_Kokkinakis-Rafael_Nadal,Rafael Nadal,SnV,2,1,0,0,1,0,0,1,0,0,3
20140116-M-Australian_Open-R64-Thanasi_Kokkinakis-Rafael_Nadal,Rafael Nadal,SnV1st,2,1,0,0,1,0,0,1,0,0,3
20140116-M-Australian_Open-R64-Thanasi_Kokkinakis-Rafael_Nadal,Rafael Nadal,nonSnV,71,55,7,0,19,9,1,2,1,0,227
20140116-M-Australian_Open-R64-Thanasi_Kokkinakis-Rafael_Nadal,Rafael Nadal,nonSnV1st,53,44,7,0,18,8,0,2,1,0,146
20140116-M-Australian_Open-R64-Thanasi_Kokkinakis-Rafael_Nadal,Rafael Nadal,nonSnV2nd,18,11,0,0,1,1,1,0,0,0,81
20140116-M-Australian_Open-R64-Nick_Kyrgios-Benoit_Paire,Nick Kyrgios,SnV,5,3,1,0,0,2,0,1,1,0,13
20140116-M-Australian_Open-R64-Nick_Kyrgios-Benoit_Paire,Nick Kyrgios,SnV1st,5,3,1,0,0,2,0,1,1,0,13
20140116-M-Australian_Open-R64-Nick_Kyrgios-Benoit_Paire,Nick Kyrgios,nonSnV,170,110,23,6,25,9,2,3,2,0,596
20140116-M-Australian_Open-R64-Nick_Kyrgios-Benoit_Paire,Nick Kyrgios,nonSnV1st,118,83,21,6,15,7,2,0,2,0,403
20140116-M-Australian_Open-R64-Nick_Kyrgios-Benoit_Paire,Nick Kyrgios,nonSnV2nd,52,27,2,0,10,2,0,3,0,0,193
20140116-M-Australian_Open-R64-Nick_Kyrgios-Benoit_Paire,Benoit Paire,SnV,15,12,5,0,4,2,0,1,0,0,26
20140116-M-Australian_Open-R64-Nick_Kyrgios-Benoit_Paire,Benoit Paire,SnV1st,15,12,5,0,4,2,0,1,0,0,26
20140116-M-Australian_Open-R64-Nick_Kyrgios-Benoit_Paire,Benoit Paire,nonSnV,141,103,27,5,17,13,4,4,4,1,387
20140116-M-Australian_Open-R64-Nick_Kyrgios-Benoit_Paire,Benoit Paire,nonSnV1st,65,56,25,5,10,6,2,1,1,0,134
20140116-M-Australian_Open-R64-Nick_Kyrgios-Benoit_Paire,Benoit Paire,nonSnV2nd,76,47,2,0,7,7,2,3,3,1,253
20140115-M-Australian_Open-R64-Richard_Gasquet-Nikolay_Davydenko,Richard Gasquet,SnV,2,2,1,0,0,1,0,0,0,0,4
20140115-M-Australian_Open-R64-Richard_Gasquet-Nikolay_Davydenko,Richard Gasquet,SnV1st,2,2,1,0,0,1,0,0,0,0,4
20140115-M-Australian_Open-R64-Richard_Gasquet-Nikolay_Davydenko,Richard Gasquet,nonSnV,93,60,8,0,20,4,4,1,3,0,352
20140115-M-Australian_Open-R64-Richard_Gasquet-Nikolay_Davydenko,Richard Gasquet,nonSnV1st,56,39,8,0,14,3,4,1,3,0,189
20140115-M-Australian_Open-R64-Richard_Gasquet-Nikolay_Davydenko,Richard Gasquet,nonSnV2nd,37,21,0,0,6,1,0,0,0,0,163
20140114-M-Australian_Open-R64-Leonardo_Mayer-Novak_Djokovic,Leonardo Mayer,SnV,4,3,1,0,1,1,0,0,0,0,7
20140114-M-Australian_Open-R64-Leonardo_Mayer-Novak_Djokovic,Leonardo Mayer,SnV1st,4,3,1,0,1,1,0,0,0,0,7
20140114-M-Australian_Open-R64-Leonardo_Mayer-Novak_Djokovic,Leonardo Mayer,nonSnV,74,42,2,0,23,1,4,0,1,2,294
20140114-M-Australian_Open-R64-Leonardo_Mayer-Novak_Djokovic,Leonardo Mayer,nonSnV1st,40,25,2,0,15,1,3,0,0,1,141
20140114-M-Australian_Open-R64-Leonardo_Mayer-Novak_Djokovic,Leonardo Mayer,nonSnV2nd,34,17,0,0,8,0,1,0,1,1,153
20140114-M-Australian_Open-R64-Leonardo_Mayer-Novak_Djokovic,Novak Djokovic,SnV,1,0,0,0,0,0,0,1,0,0,2
20140114-M-Australian_Open-R64-Leonardo_Mayer-Novak_Djokovic,Novak Djokovic,SnV1st,1,0,0,0,0,0,0,1,0,0,2
20140114-M-Australian_Open-R64-Leonardo_Mayer-Novak_Djokovic,Novak Djokovic,nonSnV,64,53,12,0,23,4,0,2,0,0,169
20140114-M-Australian_Open-R64-Leonardo_Mayer-Novak_Djokovic,Novak Djokovic,nonSnV1st,44,36,11,0,15,4,0,2,0,0,110
20140114-M-Australian_Open-R64-Leonardo_Mayer-Novak_Djokovic,Novak Djokovic,nonSnV2nd,20,17,1,0,8,0,0,0,0,0,59
20140114-M-Australian_Open-R64-Blaz_Kavcic-Roger_Federer,Blaz Kavcic,SnV,4,1,0,0,1,0,0,0,1,1,13
20140114-M-Australian_Open-R64-Blaz_Kavcic-Roger_Federer,Blaz Kavcic,SnV1st,4,1,0,0,1,0,0,0,1,1,13
20140114-M-Australian_Open-R64-Blaz_Kavcic-Roger_Federer,Blaz Kavcic,nonSnV,92,49,6,2,9,2,1,1,7,0,425
20140114-M-Australian_Open-R64-Blaz_Kavcic-Roger_Federer,Blaz Kavcic,nonSnV1st,57,31,4,1,9,2,1,1,5,0,263
20140114-M-Australian_Open-R64-Blaz_Kavcic-Roger_Federer,Blaz Kavcic,nonSnV2nd,35,18,2,1,0,0,0,0,2,0,162
20140114-M-Australian_Open-R64-Blaz_Kavcic-Roger_Federer,Roger Federer,SnV,9,5,0,0,2,2,0,1,1,1,23
20140114-M-Australian_Open-R64-Blaz_Kavcic-Roger_Federer,Roger Federer,SnV1st,7,4,0,0,1,2,0,1,1,0,18
20140114-M-Australian_Open-R64-Blaz_Kavcic-Roger_Federer,Roger Federer,SnV2nd,2,1,0,0,1,0,0,0,0,1,5
20140114-M-Australian_Open-R64-Blaz_Kavcic-Roger_Federer,Roger Federer,nonSnV,67,49,11,3,13,4,2,0,0,0,213
20140114-M-Australian_Open-R64-Blaz_Kavcic-Roger_Federer,Roger Federer,nonSnV1st,51,41,11,3,12,4,2,0,0,0,129
20140114-M-Australian_Open-R64-Blaz_Kavcic-Roger_Federer,Roger Federer,nonSnV2nd,16,8,0,0,1,0,0,0,0,0,84
20140114-M-Australian_Open-R128-James_Duckworth-Roger_Federer,James Duckworth,SnV,12,7,0,0,5,2,0,2,2,0,31
20140114-M-Australian_Open-R128-James_Duckworth-Roger_Federer,James Duckworth,SnV1st,2,2,0,0,1,1,0,0,0,0,4
20140114-M-Australian_Open-R128-James_Duckworth-Roger_Federer,James Duckworth,SnV2nd,10,5,0,0,4,1,0,2,2,0,27
20140114-M-Australian_Open-R128-James_Duckworth-Roger_Federer,James Duckworth,nonSnV,77,48,13,1,9,4,4,2,3,3,268
20140114-M-Australian_Open-R128-James_Duckworth-Roger_Federer,James Duckworth,nonSnV1st,47,35,13,0,8,3,3,1,1,2,123
20140114-M-Australian_Open-R128-James_Duckworth-Roger_Federer,James Duckworth,nonSnV2nd,30,13,0,1,1,1,1,1,2,1,145
20140114-M-Australian_Open-R128-James_Duckworth-Roger_Federer,Roger Federer,SnV,4,4,0,0,0,3,1,0,0,0,14
20140114-M-Australian_Open-R128-James_Duckworth-Roger_Federer,Roger Federer,SnV1st,4,4,0,0,0,3,1,0,0,0,14
20140114-M-Australian_Open-R128-James_Duckworth-Roger_Federer,Roger Federer,nonSnV,69,55,12,3,12,2,3,1,0,1,199
20140114-M-Australian_Open-R128-James_Duckworth-Roger_Federer,Roger Federer,nonSnV1st,44,39,12,3,10,1,3,1,0,1,101
20140114-M-Australian_Open-R128-James_Duckworth-Roger_Federer,Roger Federer,nonSnV2nd,25,16,0,0,2,1,0,0,0,0,98
20140113-M-Australian_Open-R128-Bernard_Tomic-Rafael_Nadal,Rafael Nadal,SnV,1,1,0,0,0,1,0,0,0,0,5
20140113-M-Australian_Open-R128-Bernard_Tomic-Rafael_Nadal,Rafael Nadal,SnV1st,1,1,0,0,0,1,0,0,0,0,5
20140113-M-Australian_Open-R128-Bernard_Tomic-Rafael_Nadal,Rafael Nadal,nonSnV,24,19,5,0,8,1,1,0,0,0,79
20140113-M-Australian_Open-R128-Bernard_Tomic-Rafael_Nadal,Rafael Nadal,nonSnV1st,15,13,5,0,6,0,1,0,0,0,25
20140113-M-Australian_Open-R128-Bernard_Tomic-Rafael_Nadal,Rafael Nadal,nonSnV2nd,9,6,0,0,2,1,0,0,0,0,54
20130903-M-US_Open-R16-Roger_Federer-Tommy_Robredo,Roger Federer,SnV,12,10,0,0,4,4,1,0,1,0,30
20130903-M-US_Open-R16-Roger_Federer-Tommy_Robredo,Roger Federer,SnV1st,5,5,0,0,3,0,1,0,0,0,9
20130903-M-US_Open-R16-Roger_Federer-Tommy_Robredo,Roger Federer,SnV2nd,7,5,0,0,1,4,0,0,1,0,21
20130903-M-US_Open-R16-Roger_Federer-Tommy_Robredo,Roger Federer,nonSnV,74,44,5,0,14,9,2,3,2,3,312
20130903-M-US_Open-R16-Roger_Federer-Tommy_Robredo,Roger Federer,nonSnV1st,47,33,5,0,13,8,2,1,1,3,173
20130903-M-US_Open-R16-Roger_Federer-Tommy_Robredo,Roger Federer,nonSnV2nd,27,11,0,0,1,1,0,2,1,0,139
20130903-M-US_Open-R16-Mikhail_Youzhny-Lleyton_Hewitt,Mikhail Youzhny,SnV,3,3,0,0,0,2,0,0,0,0,9
20130903-M-US_Open-R16-Mikhail_Youzhny-Lleyton_Hewitt,Mikhail Youzhny,SnV1st,3,3,0,0,0,2,0,0,0,0,9
20130903-M-US_Open-R16-Mikhail_Youzhny-Lleyton_Hewitt,Mikhail Youzhny,nonSnV,136,81,9,0,17,6,4,2,9,1,875
20130903-M-US_Open-R16-Mikhail_Youzhny-Lleyton_Hewitt,Mikhail Youzhny,nonSnV1st,82,52,9,0,15,5,2,1,5,1,450
20130903-M-US_Open-R16-Mikhail_Youzhny-Lleyton_Hewitt,Mikhail Youzhny,nonSnV2nd,54,29,0,0,2,1,2,1,4,0,425
20130903-M-US_Open-R16-Mikhail_Youzhny-Lleyton_Hewitt,Lleyton Hewitt,SnV,1,0,0,0,0,0,0,0,1,0,6
20130903-M-US_Open-R16-Mikhail_Youzhny-Lleyton_Hewitt,Lleyton Hewitt,SnV1st,1,0,0,0,0,0,0,0,1,0,6
20130903-M-US_Open-R16-Mikhail_Youzhny-Lleyton_Hewitt,Lleyton Hewitt,nonSnV,136,85,8,3,13,16,3,4,9,6,955
20130903-M-US_Open-R16-Mikhail_Youzhny-Lleyton_Hewitt,Lleyton Hewitt,nonSnV1st,73,47,8,3,10,11,2,2,8,1,457
20130903-M-US_Open-R16-Mikhail_Youzhny-Lleyton_Hewitt,Lleyton Hewitt,nonSnV2nd,63,38,0,0,3,5,1,2,1,5,498
20130828-M-US_Open-R128-Novak_Djokovic-Ricardas_Berankis,Ricardas Berankis,SnV,1,0,0,0,0,0,0,1,0,0,2
20130828-M-US_Open-R128-Novak_Djokovic-Ricardas_Berankis,Ricardas Berankis,SnV1st,1,0,0,0,0,0,0,1,0,0,2
20130828-M-US_Open-R128-Novak_Djokovic-Ricardas_Berankis,Ricardas Berankis,nonSnV,58,24,3,0,11,3,0,3,1,2,254
20130828-M-US_Open-R128-Novak_Djokovic-Ricardas_Berankis,Ricardas Berankis,nonSnV1st,33,16,3,0,9,0,0,3,1,1,106
20130828-M-US_Open-R128-Novak_Djokovic-Ricardas_Berankis,Ricardas Berankis,nonSnV2nd,25,8,0,0,2,3,0,0,0,1,148
20130125-M-Australian_Open-SF-Roger_Federer-Andy_Murray,Roger Federer,SnV,6,4,0,0,1,2,0,0,0,0,16
20130125-M-Australian_Open-SF-Roger_Federer-Andy_Murray,Roger Federer,SnV1st,6,4,0,0,1,2,0,0,0,0,16
20130125-M-Australian_Open-SF-Roger_Federer-Andy_Murray,Roger Federer,nonSnV,163,101,5,0,35,10,5,1,4,3,785
20130125-M-Australian_Open-SF-Roger_Federer-Andy_Murray,Roger Federer,nonSnV1st,100,74,5,0,26,10,4,1,2,2,394
20130125-M-Australian_Open-SF-Roger_Federer-Andy_Murray,Roger Federer,nonSnV2nd,63,27,0,0,9,0,1,0,2,1,391
20130123-M-Australian_Open-QF-Jo_Wilfried_Tsonga-Roger_Federer,Jo Wilfried Tsonga,SnV,3,1,0,0,0,1,0,0,0,0,7
20130123-M-Australian_Open-QF-Jo_Wilfried_Tsonga-Roger_Federer,Jo Wilfried Tsonga,SnV1st,3,1,0,0,0,1,0,0,0,0,7
20130123-M-Australian_Open-QF-Jo_Wilfried_Tsonga-Roger_Federer,Jo Wilfried Tsonga,nonSnV,171,114,20,5,24,11,12,7,6,2,708
20130123-M-Australian_Open-QF-Jo_Wilfried_Tsonga-Roger_Federer,Jo Wilfried Tsonga,nonSnV1st,114,87,20,5,22,10,10,3,2,1,371
20130123-M-Australian_Open-QF-Jo_Wilfried_Tsonga-Roger_Federer,Jo Wilfried Tsonga,nonSnV2nd,57,27,0,0,2,1,2,4,4,1,337
20130123-M-Australian_Open-QF-Jo_Wilfried_Tsonga-Roger_Federer,Roger Federer,SnV,5,3,0,0,1,1,1,1,1,0,13
20130123-M-Australian_Open-QF-Jo_Wilfried_Tsonga-Roger_Federer,Roger Federer,SnV1st,5,3,0,0,1,1,1,1,1,0,13
20130123-M-Australian_Open-QF-Jo_Wilfried_Tsonga-Roger_Federer,Roger Federer,nonSnV,150,106,6,0,20,18,11,2,3,1,598
20130123-M-Australian_Open-QF-Jo_Wilfried_Tsonga-Roger_Federer,Roger Federer,nonSnV1st,92,72,6,0,15,14,10,1,2,1,350
20130123-M-Australian_Open-QF-Jo_Wilfried_Tsonga-Roger_Federer,Roger Federer,nonSnV2nd,58,34,0,0,5,4,1,1,1,0,248
20130123-M-Australian_Open-QF-Jeremy_Chardy-Andy_Murray,Jeremy Chardy,SnV,1,1,0,0,1,0,0,0,0,0,1
20130123-M-Australian_Open-QF-Jeremy_Chardy-Andy_Murray,Jeremy Chardy,SnV1st,1,1,0,0,1,0,0,0,0,0,1
20130123-M-Australian_Open-QF-Jeremy_Chardy-Andy_Murray,Jeremy Chardy,nonSnV,58,27,4,0,6,2,4,1,3,1,263
20130123-M-Australian_Open-QF-Jeremy_Chardy-Andy_Murray,Jeremy Chardy,nonSnV1st,41,24,4,0,6,2,3,1,3,1,162
20130123-M-Australian_Open-QF-Jeremy_Chardy-Andy_Murray,Jeremy Chardy,nonSnV2nd,17,3,0,0,0,0,1,0,0,0,101
20130122-M-Australian_Open-QF-David_Ferrer-Nicolas_Almagro,Nicolas Almagro,SnV,3,3,0,0,0,1,1,0,0,0,19
20130122-M-Australian_Open-QF-David_Ferrer-Nicolas_Almagro,Nicolas Almagro,SnV1st,3,3,0,0,0,1,1,0,0,0,19
20130122-M-Australian_Open-QF-David_Ferrer-Nicolas_Almagro,Nicolas Almagro,nonSnV,158,95,14,9,13,6,4,1,1,0,727
20130122-M-Australian_Open-QF-David_Ferrer-Nicolas_Almagro,Nicolas Almagro,nonSnV1st,74,54,14,9,12,3,3,1,0,0,244
20130122-M-Australian_Open-QF-David_Ferrer-Nicolas_Almagro,Nicolas Almagro,nonSnV2nd,84,41,0,0,1,3,1,0,1,0,483
20130120-M-Australian_Open-R16-Novak_Djokovic-Stan_Wawrinka,Stan Wawrinka,SnV,1,1,0,0,0,1,0,0,0,0,3
20130120-M-Australian_Open-R16-Novak_Djokovic-Stan_Wawrinka,Stan Wawrinka,SnV1st,1,1,0,0,0,1,0,0,0,0,3
20130120-M-Australian_Open-R16-Novak_Djokovic-Stan_Wawrinka,Stan Wawrinka,nonSnV,211,132,16,10,25,18,11,4,7,5,1040
20130120-M-Australian_Open-R16-Novak_Djokovic-Stan_Wawrinka,Stan Wawrinka,nonSnV1st,132,90,15,10,17,13,9,4,6,4,580
20130120-M-Australian_Open-R16-Novak_Djokovic-Stan_Wawrinka,Stan Wawrinka,nonSnV2nd,79,42,1,0,8,5,2,0,1,1,460
20130118-M-Australian_Open-R32-Novak_Djokovic-Radek_Stepanek,Radek Stepanek,SnV,53,34,1,0,13,10,8,5,8,2,206
20130118-M-Australian_Open-R32-Novak_Djokovic-Radek_Stepanek,Radek Stepanek,SnV1st,51,33,1,0,12,10,8,5,8,2,203
20130118-M-Australian_Open-R32-Novak_Djokovic-Radek_Stepanek,Radek Stepanek,SnV2nd,2,1,0,0,1,0,0,0,0,0,3
20130118-M-Australian_Open-R32-Novak_Djokovic-Radek_Stepanek,Radek Stepanek,nonSnV,50,31,3,0,8,6,6,1,2,3,301
20130118-M-Australian_Open-R32-Novak_Djokovic-Radek_Stepanek,Radek Stepanek,nonSnV1st,22,18,3,0,6,5,2,0,1,1,92
20130118-M-Australian_Open-R32-Novak_Djokovic-Radek_Stepanek,Radek Stepanek,nonSnV2nd,28,13,0,0,2,1,4,1,1,2,209
20130117-M-Australian_Open-R64-Roger_Federer-Nikolay_Davydenko,Roger Federer,SnV,6,3,0,0,1,2,0,2,0,0,17
20130117-M-Australian_Open-R64-Roger_Federer-Nikolay_Davydenko,Roger Federer,SnV1st,6,3,0,0,1,2,0,2,0,0,17
20130117-M-Australian_Open-R64-Roger_Federer-Nikolay_Davydenko,Roger Federer,nonSnV,83,63,9,4,21,3,1,2,0,0,223
20130117-M-Australian_Open-R64-Roger_Federer-Nikolay_Davydenko,Roger Federer,nonSnV1st,56,44,9,4,16,1,0,2,0,0,128
20130117-M-Australian_Open-R64-Roger_Federer-Nikolay_Davydenko,Roger Federer,nonSnV2nd,27,19,0,0,5,2,1,0,0,0,95
20120909-M-US_Open-F-Novak_Djokovic-Andy_Murray,Novak Djokovic,SnV,1,1,0,0,0,1,0,0,0,0,3
20120909-M-US_Open-F-Novak_Djokovic-Andy_Murray,Novak Djokovic,SnV1st,1,1,0,0,0,1,0,0,0,0,3
20120909-M-US_Open-F-Novak_Djokovic-Andy_Murray,Novak Djokovic,nonSnV,155,87,6,1,20,9,11,8,5,3,1177
20120909-M-US_Open-F-Novak_Djokovic-Andy_Murray,Novak Djokovic,nonSnV1st,102,61,6,1,16,6,9,6,3,1,655
20120909-M-US_Open-F-Novak_Djokovic-Andy_Murray,Novak Djokovic,nonSnV2nd,53,26,0,0,4,3,2,2,2,2,522
20120908-M-US_Open-SF-Tomas_Berdych-Andy_Murray,Tomas Berdych,SnV,3,3,0,0,0,1,1,0,0,0,13
20120908-M-US_Open-SF-Tomas_Berdych-Andy_Murray,Tomas Berdych,SnV1st,2,2,0,0,0,1,1,0,0,0,10
20120908-M-US_Open-SF-Tomas_Berdych-Andy_Murray,Tomas Berdych,SnV2nd,1,1,0,0,0,0,0,0,0,0,3
20120908-M-US_Open-SF-Tomas_Berdych-Andy_Murray,Tomas Berdych,nonSnV,149,85,6,0,19,16,7,10,4,2,725
20120908-M-US_Open-SF-Tomas_Berdych-Andy_Murray,Tomas Berdych,nonSnV1st,97,57,6,0,16,10,5,6,2,2,421
20120908-M-US_Open-SF-Tomas_Berdych-Andy_Murray,Tomas Berdych,nonSnV2nd,52,28,0,0,3,6,2,4,2,0,304
20120905-M-US_Open-R16-Andy_Roddick-Juan_Martin_Del_Potro,Andy Roddick,SnV,10,9,4,0,3,0,1,0,1,0,17
20120905-M-US_Open-R16-Andy_Roddick-Juan_Martin_Del_Potro,Andy Roddick,SnV1st,8,8,4,0,2,0,1,0,0,0,12
20120905-M-US_Open-R16-Andy_Roddick-Juan_Martin_Del_Potro,Andy Roddick,SnV2nd,2,1,0,0,1,0,0,0,1,0,5
20120905-M-US_Open-R16-Andy_Roddick-Juan_Martin_Del_Potro,Andy Roddick,nonSnV,102,72,16,6,11,14,4,6,3,0,476
20120905-M-US_Open-R16-Andy_Roddick-Juan_Martin_Del_Potro,Andy Roddick,nonSnV1st,65,52,16,6,9,9,4,4,2,0,252
20120905-M-US_Open-R16-Andy_Roddick-Juan_Martin_Del_Potro,Andy Roddick,nonSnV2nd,37,20,0,0,2,5,0,2,1,0,224
20120905-M-US_Open-QF-Tomas_Berdych-Roger_Federer,Tomas Berdych,SnV,1,1,0,0,0,1,0,0,0,0,3
20120905-M-US_Open-QF-Tomas_Berdych-Roger_Federer,Tomas Berdych,SnV1st,1,1,0,0,0,1,0,0,0,0,3
20120905-M-US_Open-QF-Tomas_Berdych-Roger_Federer,Tomas Berdych,nonSnV,106,74,15,0,21,2,2,0,4,1,358
20120905-M-US_Open-QF-Tomas_Berdych-Roger_Federer,Tomas Berdych,nonSnV1st,64,51,15,0,19,1,1,0,4,1,157
20120905-M-US_Open-QF-Tomas_Berdych-Roger_Federer,Tomas Berdych,nonSnV2nd,42,23,0,0,2,1,1,0,0,0,201
20120904-M-US_Open-QF-Novak_Djokovic-Juan_Martin_Del_Potro,Novak Djokovic,SnV,1,1,0,0,0,0,1,0,0,0,5
20120904-M-US_Open-QF-Novak_Djokovic-Juan_Martin_Del_Potro,Novak Djokovic,SnV1st,1,1,0,0,0,0,1,0,0,0,5
20120904-M-US_Open-QF-Novak_Djokovic-Juan_Martin_Del_Potro,Novak Djokovic,nonSnV,85,62,7,0,15,6,6,1,1,0,470
20120904-M-US_Open-QF-Novak_Djokovic-Juan_Martin_Del_Potro,Novak Djokovic,nonSnV1st,49,41,7,0,12,6,4,1,1,0,251
20120904-M-US_Open-QF-Novak_Djokovic-Juan_Martin_Del_Potro,Novak Djokovic,nonSnV2nd,36,21,0,0,3,0,2,0,0,0,219
20120903-M-US_Open-R16-Milos_Raonic-Andy_Murray,Milos Raonic,SnV,5,4,0,0,1,1,2,0,0,0,12
20120903-M-US_Open-R16-Milos_Raonic-Andy_Murray,Milos Raonic,SnV1st,5,4,0,0,1,1,2,0,0,0,12
20120903-M-US_Open-R16-Milos_Raonic-Andy_Murray,Milos Raonic,nonSnV,76,47,14,0,11,10,3,5,5,4,273
20120903-M-US_Open-R16-Milos_Raonic-Andy_Murray,Milos Raonic,nonSnV1st,56,39,14,0,10,8,3,5,4,3,167
20120903-M-US_Open-R16-Milos_Raonic-Andy_Murray,Milos Raonic,nonSnV2nd,20,8,0,0,1,2,0,0,1,1,106
20120903-M-US_Open-R16-Milos_Raonic-Andy_Murray,Andy Murray,SnV,1,1,0,0,1,0,0,0,0,0,1
20120903-M-US_Open-R16-Milos_Raonic-Andy_Murray,Andy Murray,SnV1st,1,1,0,0,1,0,0,0,0,0,1
20120903-M-US_Open-R16-Milos_Raonic-Andy_Murray,Andy Murray,nonSnV,71,55,8,0,19,3,2,0,0,0,251
20120903-M-US_Open-R16-Milos_Raonic-Andy_Murray,Andy Murray,nonSnV1st,47,40,8,0,18,2,2,0,0,0,160
20120903-M-US_Open-R16-Milos_Raonic-Andy_Murray,Andy Murray,nonSnV2nd,24,15,0,0,1,1,0,0,0,0,91
20120830-M-US_Open-R64-Roger_Federer-Bjorn_Phau,Roger Federer,SnV,5,3,0,0,0,3,0,0,1,0,21
20120830-M-US_Open-R64-Roger_Federer-Bjorn_Phau,Roger Federer,SnV1st,5,3,0,0,0,3,0,0,1,0,21
20120830-M-US_Open-R64-Roger_Federer-Bjorn_Phau,Roger Federer,nonSnV,69,52,15,0,8,7,5,1,4,2,254
20120830-M-US_Open-R64-Roger_Federer-Bjorn_Phau,Roger Federer,nonSnV1st,48,39,14,0,8,4,4,0,2,0,145
20120830-M-US_Open-R64-Roger_Federer-Bjorn_Phau,Roger Federer,nonSnV2nd,21,13,1,0,0,3,1,1,2,2,109
20120829-M-US_Open-R64-Ivan_Dodig-Andy_Murray,Ivan Dodig,SnV,6,4,0,0,0,2,1,0,1,0,18
20120829-M-US_Open-R64-Ivan_Dodig-Andy_Murray,Ivan Dodig,SnV1st,5,3,0,0,0,1,1,0,1,0,15
20120829-M-US_Open-R64-Ivan_Dodig-Andy_Murray,Ivan Dodig,SnV2nd,1,1,0,0,0,1,0,0,0,0,3
20120829-M-US_Open-R64-Ivan_Dodig-Andy_Murray,Ivan Dodig,nonSnV,63,34,3,3,5,4,2,1,5,4,432
20120829-M-US_Open-R64-Ivan_Dodig-Andy_Murray,Ivan Dodig,nonSnV1st,35,21,3,3,3,4,1,1,2,3,211
20120829-M-US_Open-R64-Ivan_Dodig-Andy_Murray,Ivan Dodig,nonSnV2nd,28,13,0,0,2,0,1,0,3,1,221
20120129-M-Australian_Open-F-Novak_Djokovic-Rafael_Nadal,Novak Djokovic,SnV,1,0,0,0,0,0,0,0,0,1,4
20120129-M-Australian_Open-F-Novak_Djokovic-Rafael_Nadal,Novak Djokovic,SnV1st,1,0,0,0,0,0,0,0,0,1,4
20120129-M-Australian_Open-F-Novak_Djokovic-Rafael_Nadal,Novak Djokovic,nonSnV,160,108,9,5,20,5,4,2,0,0,912
20120129-M-Australian_Open-F-Novak_Djokovic-Rafael_Nadal,Novak Djokovic,nonSnV1st,112,76,9,5,18,3,3,2,0,0,592
20120129-M-Australian_Open-F-Novak_Djokovic-Rafael_Nadal,Novak Djokovic,nonSnV2nd,48,32,0,0,2,2,1,0,0,0,320
20120127-M-Australian_Open-SF-Roger_Federer-Rafael_Nadal,Roger Federer,SnV,16,11,0,0,2,7,1,1,2,0,47
20120127-M-Australian_Open-SF-Roger_Federer-Rafael_Nadal,Roger Federer,SnV1st,13,8,0,0,2,5,1,1,2,0,36
20120127-M-Australian_Open-SF-Roger_Federer-Rafael_Nadal,Roger Federer,SnV2nd,3,3,0,0,0,2,0,0,0,0,11
20120127-M-Australian_Open-SF-Roger_Federer-Rafael_Nadal,Roger Federer,nonSnV,114,73,11,0,17,6,12,2,7,2,551
20120127-M-Australian_Open-SF-Roger_Federer-Rafael_Nadal,Roger Federer,nonSnV1st,74,50,11,0,11,6,9,1,7,1,348
20120127-M-Australian_Open-SF-Roger_Federer-Rafael_Nadal,Roger Federer,nonSnV2nd,40,23,0,0,6,0,3,1,0,1,203
20120127-M-Australian_Open-SF-Novak_Djokovic-Andy_Murray,Andy Murray,SnV,1,1,0,0,0,0,0,0,0,0,3
20120127-M-Australian_Open-SF-Novak_Djokovic-Andy_Murray,Andy Murray,SnV1st,1,1,0,0,0,0,0,0,0,0,3
20120127-M-Australian_Open-SF-Novak_Djokovic-Andy_Murray,Andy Murray,nonSnV,161,86,9,0,30,6,3,3,1,5,892
20120127-M-Australian_Open-SF-Novak_Djokovic-Andy_Murray,Andy Murray,nonSnV1st,107,67,9,0,26,5,3,2,1,4,523
20120127-M-Australian_Open-SF-Novak_Djokovic-Andy_Murray,Andy Murray,nonSnV2nd,54,19,0,0,4,1,0,1,0,1,369
20120125-M-Australian_Open-QF-Roger_Federer-Juan_Martin_Del_Potro,Roger Federer,SnV,5,4,0,0,0,1,0,1,0,0,16
20120125-M-Australian_Open-QF-Roger_Federer-Juan_Martin_Del_Potro,Roger Federer,SnV1st,3,2,0,0,0,1,0,1,0,0,8
20120125-M-Australian_Open-QF-Roger_Federer-Juan_Martin_Del_Potro,Roger Federer,SnV2nd,2,2,0,0,0,0,0,0,0,0,8
20120125-M-Australian_Open-QF-Roger_Federer-Juan_Martin_Del_Potro,Roger Federer,nonSnV,71,54,5,0,15,4,1,0,0,0,324
20120125-M-Australian_Open-QF-Roger_Federer-Juan_Martin_Del_Potro,Roger Federer,nonSnV1st,41,37,5,0,15,2,0,0,0,0,107
20120125-M-Australian_Open-QF-Roger_Federer-Juan_Martin_Del_Potro,Roger Federer,nonSnV2nd,30,17,0,0,0,2,1,0,0,0,217
20120122-M-Australian_Open-R16-Tomas_Berdych-Nicolas_Almagro,Nicolas Almagro,SnV,1,1,0,0,0,1,0,0,0,0,3
20120122-M-Australian_Open-R16-Tomas_Berdych-Nicolas_Almagro,Nicolas Almagro,SnV1st,1,1,0,0,0,1,0,0,0,0,3
20120122-M-Australian_Open-R16-Tomas_Berdych-Nicolas_Almagro,Nicolas Almagro,nonSnV,153,106,18,2,24,2,2,1,5,1,584
20120122-M-Australian_Open-R16-Tomas_Berdych-Nicolas_Almagro,Nicolas Almagro,nonSnV1st,91,69,18,2,23,2,1,1,3,1,307
20120122-M-Australian_Open-R16-Tomas_Berdych-Nicolas_Almagro,Nicolas Almagro,nonSnV2nd,62,37,0,0,1,0,1,0,2,0,277
20120122-M-Australian_Open-R16-Bernard_Tomic-Roger_Federer,Bernard Tomic,SnV,1,0,0,0,0,0,0,1,0,0,2
20120122-M-Australian_Open-R16-Bernard_Tomic-Roger_Federer,Bernard Tomic,SnV1st,1,0,0,0,0,0,0,1,0,0,2
20120122-M-Australian_Open-R16-Bernard_Tomic-Roger_Federer,Bernard Tomic,nonSnV,92,49,0,0,21,2,0,0,2,1,451
20120122-M-Australian_Open-R16-Bernard_Tomic-Roger_Federer,Bernard Tomic,nonSnV1st,70,40,0,0,20,2,0,0,1,1,326
20120122-M-Australian_Open-R16-Bernard_Tomic-Roger_Federer,Bernard Tomic,nonSnV2nd,22,9,0,0,1,0,0,0,1,0,125
20120122-M-Australian_Open-R16-Bernard_Tomic-Roger_Federer,Roger Federer,SnV,1,1,0,0,0,1,0,0,0,0,3
20120122-M-Australian_Open-R16-Bernard_Tomic-Roger_Federer,Roger Federer,SnV1st,1,1,0,0,0,1,0,0,0,0,3
20120122-M-Australian_Open-R16-Bernard_Tomic-Roger_Federer,Roger Federer,nonSnV,72,54,13,0,6,4,2,2,2,0,366
20120122-M-Australian_Open-R16-Bernard_Tomic-Roger_Federer,Roger Federer,nonSnV1st,43,36,13,0,5,4,1,0,2,0,206
20120122-M-Australian_Open-R16-Bernard_Tomic-Roger_Federer,Roger Federer,nonSnV2nd,29,18,0,0,1,0,1,2,0,0,160
20120121-M-Australian_Open-R32-Michael_Llodra-Andy_Murray,Michael Llodra,SnV,51,30,2,2,11,8,7,3,7,5,146
20120121-M-Australian_Open-R32-Michael_Llodra-Andy_Murray,Michael Llodra,SnV1st,37,27,2,2,10,8,5,3,3,3,101
20120121-M-Australian_Open-R32-Michael_Llodra-Andy_Murray,Michael Llodra,SnV2nd,14,3,0,0,1,0,2,0,4,2,45
20120121-M-Australian_Open-R32-Michael_Llodra-Andy_Murray,Michael Llodra,nonSnV,23,8,0,0,2,1,2,1,4,1,102
20120121-M-Australian_Open-R32-Michael_Llodra-Andy_Murray,Michael Llodra,nonSnV1st,8,5,0,0,1,1,2,0,1,0,37
20120121-M-Australian_Open-R32-Michael_Llodra-Andy_Murray,Michael Llodra,nonSnV2nd,15,3,0,0,1,0,0,1,3,1,65
20120121-M-Australian_Open-R32-Michael_Llodra-Andy_Murray,Andy Murray,SnV,1,1,0,0,0,0,1,0,0,0,3
20120121-M-Australian_Open-R32-Michael_Llodra-Andy_Murray,Andy Murray,SnV1st,1,1,0,0,0,0,1,0,0,0,3
20120121-M-Australian_Open-R32-Michael_Llodra-Andy_Murray,Andy Murray,nonSnV,74,53,7,2,3,8,2,1,1,2,363
20120121-M-Australian_Open-R32-Michael_Llodra-Andy_Murray,Andy Murray,nonSnV1st,45,31,7,2,3,4,2,1,0,2,255
20120121-M-Australian_Open-R32-Michael_Llodra-Andy_Murray,Andy Murray,nonSnV2nd,29,22,0,0,0,4,0,0,1,0,108
20120120-M-Australian_Open-R32-Ivo_Karlovic-Roger_Federer,Ivo Karlovic,SnV,70,47,3,4,16,8,12,3,10,0,187
20120120-M-Australian_Open-R32-Ivo_Karlovic-Roger_Federer,Ivo Karlovic,SnV1st,59,42,3,3,15,8,10,3,8,0,158
20120120-M-Australian_Open-R32-Ivo_Karlovic-Roger_Federer,Ivo Karlovic,SnV2nd,11,5,0,1,1,0,2,0,2,0,29
20120120-M-Australian_Open-R32-Ivo_Karlovic-Roger_Federer,Ivo Karlovic,nonSnV,46,29,12,3,8,1,2,5,4,0,129
20120120-M-Australian_Open-R32-Ivo_Karlovic-Roger_Federer,Ivo Karlovic,nonSnV1st,25,22,12,3,3,1,1,1,0,0,42
20120120-M-Australian_Open-R32-Ivo_Karlovic-Roger_Federer,Ivo Karlovic,nonSnV2nd,21,7,0,0,5,0,1,4,4,0,87
20120120-M-Australian_Open-R32-Ivo_Karlovic-Roger_Federer,Roger Federer,SnV,6,3,0,0,1,2,0,1,0,1,17
20120120-M-Australian_Open-R32-Ivo_Karlovic-Roger_Federer,Roger Federer,SnV1st,5,2,0,0,1,1,0,1,0,1,14
20120120-M-Australian_Open-R32-Ivo_Karlovic-Roger_Federer,Roger Federer,SnV2nd,1,1,0,0,0,1,0,0,0,0,3
20120120-M-Australian_Open-R32-Ivo_Karlovic-Roger_Federer,Roger Federer,nonSnV,93,74,9,4,19,6,1,2,2,0,302
20120120-M-Australian_Open-R32-Ivo_Karlovic-Roger_Federer,Roger Federer,nonSnV1st,56,47,6,4,16,4,1,1,0,0,171
20120120-M-Australian_Open-R32-Ivo_Karlovic-Roger_Federer,Roger Federer,nonSnV2nd,37,27,3,0,3,2,0,1,2,0,131
20120118-M-Australian_Open-R64-Tommy_Haas-Rafael_Nadal,Tommy Haas,SnV,7,5,0,0,2,1,2,1,1,0,19
20120118-M-Australian_Open-R64-Tommy_Haas-Rafael_Nadal,Tommy Haas,SnV1st,4,3,0,0,2,0,1,1,0,0,7
20120118-M-Australian_Open-R64-Tommy_Haas-Rafael_Nadal,Tommy Haas,SnV2nd,3,2,0,0,0,1,1,0,1,0,12
20120118-M-Australian_Open-R64-Tommy_Haas-Rafael_Nadal,Tommy Haas,nonSnV,83,47,8,0,10,4,5,3,6,2,399
20120118-M-Australian_Open-R64-Tommy_Haas-Rafael_Nadal,Tommy Haas,nonSnV1st,55,33,8,0,9,4,2,3,4,1,239
20120118-M-Australian_Open-R64-Tommy_Haas-Rafael_Nadal,Tommy Haas,nonSnV2nd,28,14,0,0,1,0,3,0,2,1,160
20120115-M-Australian_Open-R128-Juan_Martin_Del_Potro-Adrian_Mannarino,Adrian Mannarino,SnV,1,0,0,0,0,0,0,0,1,0,4
20120115-M-Australian_Open-R128-Juan_Martin_Del_Potro-Adrian_Mannarino,Adrian Mannarino,SnV1st,1,0,0,0,0,0,0,0,1,0,4
20120115-M-Australian_Open-R128-Juan_Martin_Del_Potro-Adrian_Mannarino,Adrian Mannarino,nonSnV,97,59,7,4,9,4,4,0,2,1,399
20120115-M-Australian_Open-R128-Juan_Martin_Del_Potro-Adrian_Mannarino,Adrian Mannarino,nonSnV1st,69,48,6,4,9,2,3,0,0,1,246
20120115-M-Australian_Open-R128-Juan_Martin_Del_Potro-Adrian_Mannarino,Adrian Mannarino,nonSnV2nd,28,11,1,0,0,2,1,0,2,0,153
20110911-M-US_Open-SF-Andy_Murray-Rafael_Nadal,Andy Murray,SnV,6,4,0,0,0,3,1,0,1,0,18
20110911-M-US_Open-SF-Andy_Murray-Rafael_Nadal,Andy Murray,SnV1st,6,4,0,0,0,3,1,0,1,0,18
20110911-M-US_Open-SF-Andy_Murray-Rafael_Nadal,Andy Murray,nonSnV,107,61,6,0,11,10,6,1,6,0,555
20110911-M-US_Open-SF-Andy_Murray-Rafael_Nadal,Andy Murray,nonSnV1st,55,36,6,0,10,6,3,0,4,0,242
20110911-M-US_Open-SF-Andy_Murray-Rafael_Nadal,Andy Murray,nonSnV2nd,52,25,0,0,1,4,3,1,2,0,313
20110911-M-US_Open-SF-Andy_Murray-Rafael_Nadal,Rafael Nadal,SnV,3,2,0,0,0,2,0,0,1,0,10
20110911-M-US_Open-SF-Andy_Murray-Rafael_Nadal,Rafael Nadal,SnV1st,3,2,0,0,0,2,0,0,1,0,10
20110911-M-US_Open-SF-Andy_Murray-Rafael_Nadal,Rafael Nadal,nonSnV,106,71,3,0,18,5,4,0,3,0,649
20110911-M-US_Open-SF-Andy_Murray-Rafael_Nadal,Rafael Nadal,nonSnV1st,70,50,3,0,18,4,3,0,2,0,370
20110911-M-US_Open-SF-Andy_Murray-Rafael_Nadal,Rafael Nadal,nonSnV2nd,36,21,0,0,0,1,1,0,1,0,279
20110911-M-US_Open-F-Rafael_Nadal-Novak_Djokovic,Rafael Nadal,SnV,1,1,0,0,1,0,0,0,0,0,1
20110911-M-US_Open-F-Rafael_Nadal-Novak_Djokovic,Rafael Nadal,SnV1st,1,1,0,0,1,0,0,0,0,0,1
20110911-M-US_Open-F-Rafael_Nadal-Novak_Djokovic,Rafael Nadal,nonSnV,137,68,2,0,19,7,2,4,0,1,1034
20110911-M-US_Open-F-Rafael_Nadal-Novak_Djokovic,Rafael Nadal,nonSnV1st,95,49,2,0,17,4,0,4,0,1,667
20110911-M-US_Open-F-Rafael_Nadal-Novak_Djokovic,Rafael Nadal,nonSnV2nd,42,19,0,0,2,3,2,0,0,0,367
20110911-M-US_Open-F-Rafael_Nadal-Novak_Djokovic,Novak Djokovic,SnV,1,0,0,0,0,0,0,1,0,0,2
20110911-M-US_Open-F-Rafael_Nadal-Novak_Djokovic,Novak Djokovic,SnV1st,1,0,0,0,0,0,0,1,0,0,2
20110911-M-US_Open-F-Rafael_Nadal-Novak_Djokovic,Novak Djokovic,nonSnV,125,74,7,0,11,11,5,5,4,1,784
20110911-M-US_Open-F-Rafael_Nadal-Novak_Djokovic,Novak Djokovic,nonSnV1st,83,55,7,0,9,10,5,3,4,0,435
20110911-M-US_Open-F-Rafael_Nadal-Novak_Djokovic,Novak Djokovic,nonSnV2nd,42,19,0,0,2,1,0,2,0,1,349
20110909-M-US_Open-SF-Roger_Federer-Novak_Djokovic,Roger Federer,SnV,2,2,0,0,1,0,0,0,0,0,4
20110909-M-US_Open-SF-Roger_Federer-Novak_Djokovic,Roger Federer,SnV1st,1,1,0,0,1,0,0,0,0,0,1
20110909-M-US_Open-SF-Roger_Federer-Novak_Djokovic,Roger Federer,SnV2nd,1,1,0,0,0,0,0,0,0,0,3
20110909-M-US_Open-SF-Roger_Federer-Novak_Djokovic,Roger Federer,nonSnV,158,101,11,0,36,9,6,1,2,3,645
20110909-M-US_Open-SF-Roger_Federer-Novak_Djokovic,Roger Federer,nonSnV1st,100,67,11,0,26,6,4,0,2,3,349
20110909-M-US_Open-SF-Roger_Federer-Novak_Djokovic,Roger Federer,nonSnV2nd,58,34,0,0,10,3,2,1,0,0,296
20110909-M-US_Open-QF-Jo_Wilfried_Tsonga-Roger_Federer,Jo Wilfried Tsonga,SnV,4,2,0,0,2,0,0,2,0,0,6
20110909-M-US_Open-QF-Jo_Wilfried_Tsonga-Roger_Federer,Jo Wilfried Tsonga,SnV1st,3,2,0,0,2,0,0,1,0,0,4
20110909-M-US_Open-QF-Jo_Wilfried_Tsonga-Roger_Federer,Jo Wilfried Tsonga,SnV2nd,1,0,0,0,0,0,0,1,0,0,2
20110909-M-US_Open-QF-Jo_Wilfried_Tsonga-Roger_Federer,Jo Wilfried Tsonga,nonSnV,78,45,5,0,10,1,6,2,1,1,311
20110909-M-US_Open-QF-Jo_Wilfried_Tsonga-Roger_Federer,Jo Wilfried Tsonga,nonSnV1st,42,29,5,0,10,1,4,2,1,1,157
20110909-M-US_Open-QF-Jo_Wilfried_Tsonga-Roger_Federer,Jo Wilfried Tsonga,nonSnV2nd,36,16,0,0,0,0,2,0,0,0,154
20110909-M-US_Open-QF-Jo_Wilfried_Tsonga-Roger_Federer,Roger Federer,SnV,2,1,0,0,1,0,0,0,0,0,3
20110909-M-US_Open-QF-Jo_Wilfried_Tsonga-Roger_Federer,Roger Federer,SnV1st,2,1,0,0,1,0,0,0,0,0,3
20110909-M-US_Open-QF-Jo_Wilfried_Tsonga-Roger_Federer,Roger Federer,nonSnV,82,57,5,0,19,7,5,2,4,2,297
20110909-M-US_Open-QF-Jo_Wilfried_Tsonga-Roger_Federer,Roger Federer,nonSnV1st,59,46,5,0,18,7,4,2,2,1,190
20110909-M-US_Open-QF-Jo_Wilfried_Tsonga-Roger_Federer,Roger Federer,nonSnV2nd,23,11,0,0,1,0,1,0,2,1,107
20110909-M-US_Open-QF-Andy_Roddick-Rafael_Nadal,Andy Roddick,SnV,15,7,0,0,1,2,3,3,4,0,45
20110909-M-US_Open-QF-Andy_Roddick-Rafael_Nadal,Andy Roddick,SnV1st,9,5,0,0,1,1,3,1,3,0,29
20110909-M-US_Open-QF-Andy_Roddick-Rafael_Nadal,Andy Roddick,SnV2nd,6,2,0,0,0,1,0,2,1,0,16
20110909-M-US_Open-QF-Andy_Roddick-Rafael_Nadal,Andy Roddick,nonSnV,50,27,8,2,3,3,2,1,5,2,239
20110909-M-US_Open-QF-Andy_Roddick-Rafael_Nadal,Andy Roddick,nonSnV1st,31,20,8,2,2,2,2,0,3,1,148
20110909-M-US_Open-QF-Andy_Roddick-Rafael_Nadal,Andy Roddick,nonSnV2nd,19,7,0,0,1,1,0,1,2,1,91
20110906-M-US_Open-R16-Roger_Federer-Juan_Monaco,Roger Federer,SnV,5,4,1,0,0,3,0,1,0,0,14
20110906-M-US_Open-R16-Roger_Federer-Juan_Monaco,Roger Federer,SnV1st,5,4,1,0,0,3,0,1,0,0,14
20110906-M-US_Open-R16-Roger_Federer-Juan_Monaco,Roger Federer,nonSnV,53,42,13,0,11,4,0,1,0,2,194
20110906-M-US_Open-R16-Roger_Federer-Juan_Monaco,Roger Federer,nonSnV1st,34,29,12,0,9,0,0,0,0,2,89
20110906-M-US_Open-R16-Roger_Federer-Juan_Monaco,Roger Federer,nonSnV2nd,19,13,1,0,2,4,0,1,0,0,105
20110904-M-US_Open-R32-Rafael_Nadal-David_Nalbandian,Rafael Nadal,SnV,2,1,0,0,0,1,0,0,0,1,7
20110904-M-US_Open-R32-Rafael_Nadal-David_Nalbandian,Rafael Nadal,SnV1st,2,1,0,0,0,1,0,0,0,1,7
20110904-M-US_Open-R32-Rafael_Nadal-David_Nalbandian,Rafael Nadal,nonSnV,96,64,2,0,7,3,0,0,4,0,520
20110904-M-US_Open-R32-Rafael_Nadal-David_Nalbandian,Rafael Nadal,nonSnV1st,76,53,2,0,7,3,0,0,4,0,423
20110904-M-US_Open-R32-Rafael_Nadal-David_Nalbandian,Rafael Nadal,nonSnV2nd,20,11,0,0,0,0,0,0,0,0,97
20110904-M-US_Open-R32-Rafael_Nadal-David_Nalbandian,David Nalbandian,SnV,1,1,0,0,0,1,0,0,0,0,3
20110904-M-US_Open-R32-Rafael_Nadal-David_Nalbandian,David Nalbandian,SnV1st,1,1,0,0,0,1,0,0,0,0,3
20110904-M-US_Open-R32-Rafael_Nadal-David_Nalbandian,David Nalbandian,nonSnV,83,46,6,2,5,8,8,3,3,1,408
20110904-M-US_Open-R32-Rafael_Nadal-David_Nalbandian,David Nalbandian,nonSnV1st,47,29,6,2,4,4,6,1,2,1,223
20110904-M-US_Open-R32-Rafael_Nadal-David_Nalbandian,David Nalbandian,nonSnV2nd,36,17,0,0,1,4,2,2,1,0,185
20110903-M-US_Open-R32-Roger_Federer-Marin_Cilic,Roger Federer,SnV,1,1,0,0,1,0,0,0,0,0,1
20110903-M-US_Open-R32-Roger_Federer-Marin_Cilic,Roger Federer,SnV1st,1,1,0,0,1,0,0,0,0,0,1
20110903-M-US_Open-R32-Roger_Federer-Marin_Cilic,Roger Federer,nonSnV,104,74,6,1,31,6,6,0,4,0,388
20110903-M-US_Open-R32-Roger_Federer-Marin_Cilic,Roger Federer,nonSnV1st,62,46,6,1,19,4,4,0,3,0,220
20110903-M-US_Open-R32-Roger_Federer-Marin_Cilic,Roger Federer,nonSnV2nd,42,28,0,0,12,2,2,0,1,0,168
20110901-M-US_Open-R64-Novak_Djokovic-Carlos_Berlocq,Carlos Berlocq,SnV,1,0,0,0,0,0,0,0,1,0,4
20110901-M-US_Open-R64-Novak_Djokovic-Carlos_Berlocq,Carlos Berlocq,SnV1st,1,0,0,0,0,0,0,0,1,0,4
20110901-M-US_Open-R64-Novak_Djokovic-Carlos_Berlocq,Carlos Berlocq,nonSnV,60,22,2,0,8,1,1,1,4,3,312
20110901-M-US_Open-R64-Novak_Djokovic-Carlos_Berlocq,Carlos Berlocq,nonSnV1st,44,17,2,0,5,1,1,1,3,3,245
20110901-M-US_Open-R64-Novak_Djokovic-Carlos_Berlocq,Carlos Berlocq,nonSnV2nd,16,5,0,0,3,0,0,0,1,0,67
20110128-M-Australian_Open-SF-David_Ferrer-Andy_Murray,Andy Murray,SnV,6,5,0,0,0,3,2,1,0,0,17
20110128-M-Australian_Open-SF-David_Ferrer-Andy_Murray,Andy Murray,SnV1st,6,5,0,0,0,3,2,1,0,0,17
20110128-M-Australian_Open-SF-David_Ferrer-Andy_Murray,Andy Murray,nonSnV,142,85,9,0,29,9,7,1,7,1,843
20110128-M-Australian_Open-SF-David_Ferrer-Andy_Murray,Andy Murray,nonSnV1st,85,63,9,0,28,4,6,1,3,1,333
20110128-M-Australian_Open-SF-David_Ferrer-Andy_Murray,Andy Murray,nonSnV2nd,57,22,0,0,1,5,1,0,4,0,510
20110127-M-Australian_Open-SF-Novak_Djokovic-Roger_Federer,Roger Federer,SnV,2,2,0,0,0,1,1,0,0,0,8
20110127-M-Australian_Open-SF-Novak_Djokovic-Roger_Federer,Roger Federer,SnV1st,2,2,0,0,0,1,1,0,0,0,8
20110127-M-Australian_Open-SF-Novak_Djokovic-Roger_Federer,Roger Federer,nonSnV,103,63,5,1,15,5,1,2,1,0,625
20110127-M-Australian_Open-SF-Novak_Djokovic-Roger_Federer,Roger Federer,nonSnV1st,59,42,5,1,12,5,1,2,0,0,308
20110127-M-Australian_Open-SF-Novak_Djokovic-Roger_Federer,Roger Federer,nonSnV2nd,44,21,0,0,3,0,0,0,1,0,317
20110126-M-Australian_Open-QF-Roger_Federer-Stan_Wawrinka,Roger Federer,SnV,7,5,0,0,2,2,1,1,0,1,19
20110126-M-Australian_Open-QF-Roger_Federer-Stan_Wawrinka,Roger Federer,SnV1st,6,4,0,0,1,2,1,1,0,1,18
20110126-M-Australian_Open-QF-Roger_Federer-Stan_Wawrinka,Roger Federer,SnV2nd,1,1,0,0,1,0,0,0,0,0,1
20110126-M-Australian_Open-QF-Roger_Federer-Stan_Wawrinka,Roger Federer,nonSnV,68,50,5,0,11,4,8,2,2,0,304
20110126-M-Australian_Open-QF-Roger_Federer-Stan_Wawrinka,Roger Federer,nonSnV1st,52,38,5,0,10,2,8,2,1,0,204
20110126-M-Australian_Open-QF-Roger_Federer-Stan_Wawrinka,Roger Federer,nonSnV2nd,16,12,0,0,1,2,0,0,1,0,100
20110126-M-Australian_Open-QF-Roger_Federer-Stan_Wawrinka,Stan Wawrinka,SnV,2,0,0,0,0,0,0,0,1,0,6
20110126-M-Australian_Open-QF-Roger_Federer-Stan_Wawrinka,Stan Wawrinka,SnV1st,2,0,0,0,0,0,0,0,1,0,6
20110126-M-Australian_Open-QF-Roger_Federer-Stan_Wawrinka,Stan Wawrinka,nonSnV,80,46,1,0,4,5,1,1,2,1,450
20110126-M-Australian_Open-QF-Roger_Federer-Stan_Wawrinka,Stan Wawrinka,nonSnV1st,45,27,1,0,4,2,1,0,1,1,259
20110126-M-Australian_Open-QF-Roger_Federer-Stan_Wawrinka,Stan Wawrinka,nonSnV2nd,35,19,0,0,0,3,0,1,1,0,191
20110126-M-Australian_Open-QF-David_Ferrer-Rafael_Nadal,David Ferrer,SnV,3,1,0,0,0,1,0,2,0,0,7
20110126-M-Australian_Open-QF-David_Ferrer-Rafael_Nadal,David Ferrer,SnV1st,3,1,0,0,0,1,0,2,0,0,7
20110126-M-Australian_Open-QF-David_Ferrer-Rafael_Nadal,David Ferrer,nonSnV,68,48,8,0,11,4,2,0,2,0,336
20110126-M-Australian_Open-QF-David_Ferrer-Rafael_Nadal,David Ferrer,nonSnV1st,47,35,8,0,11,3,2,0,1,0,183
20110126-M-Australian_Open-QF-David_Ferrer-Rafael_Nadal,David Ferrer,nonSnV2nd,21,13,0,0,0,1,0,0,1,0,153
20110126-M-Australian_Open-QF-David_Ferrer-Rafael_Nadal,Rafael Nadal,SnV,1,1,0,0,0,1,0,0,0,0,3
20110126-M-Australian_Open-QF-David_Ferrer-Rafael_Nadal,Rafael Nadal,SnV1st,1,1,0,0,0,1,0,0,0,0,3
20110126-M-Australian_Open-QF-David_Ferrer-Rafael_Nadal,Rafael Nadal,nonSnV,102,50,2,0,10,5,4,1,4,0,618
20110126-M-Australian_Open-QF-David_Ferrer-Rafael_Nadal,Rafael Nadal,nonSnV1st,68,37,2,0,10,3,3,1,3,0,397
20110126-M-Australian_Open-QF-David_Ferrer-Rafael_Nadal,Rafael Nadal,nonSnV2nd,34,13,0,0,0,2,1,0,1,0,221
20110124-M-Australian_Open-R16-Andy_Murray-Jurgen_Melzer,Jurgen Melzer,SnV,3,1,0,0,0,0,1,0,1,0,9
20110124-M-Australian_Open-R16-Andy_Murray-Jurgen_Melzer,Jurgen Melzer,SnV1st,3,1,0,0,0,0,1,0,1,0,9
20110124-M-Australian_Open-R16-Andy_Murray-Jurgen_Melzer,Jurgen Melzer,nonSnV,68,31,2,1,2,4,5,1,4,2,383
20110124-M-Australian_Open-R16-Andy_Murray-Jurgen_Melzer,Jurgen Melzer,nonSnV1st,45,24,2,1,2,3,4,1,3,2,254
20110124-M-Australian_Open-R16-Andy_Murray-Jurgen_Melzer,Jurgen Melzer,nonSnV2nd,23,7,0,0,0,1,1,0,1,0,129
20110122-M-Australian_Open-R32-Roger_Federer-Xavier_Malisse,Roger Federer,SnV,8,5,0,0,1,2,1,0,1,1,31
20110122-M-Australian_Open-R32-Roger_Federer-Xavier_Malisse,Roger Federer,SnV1st,6,4,0,0,1,1,1,0,0,1,20
20110122-M-Australian_Open-R32-Roger_Federer-Xavier_Malisse,Roger Federer,SnV2nd,2,1,0,0,0,1,0,0,1,0,11
20110122-M-Australian_Open-R32-Roger_Federer-Xavier_Malisse,Roger Federer,nonSnV,74,47,6,0,11,8,6,5,2,2,353
20110122-M-Australian_Open-R32-Roger_Federer-Xavier_Malisse,Roger Federer,nonSnV1st,45,31,6,0,9,5,4,4,2,2,147
20110122-M-Australian_Open-R32-Roger_Federer-Xavier_Malisse,Roger Federer,nonSnV2nd,29,16,0,0,2,3,2,1,0,0,206
20110122-M-Australian_Open-R32-Roger_Federer-Xavier_Malisse,Xavier Malisse,SnV,1,1,0,0,0,1,0,0,0,0,3
20110122-M-Australian_Open-R32-Roger_Federer-Xavier_Malisse,Xavier Malisse,SnV1st,1,1,0,0,0,1,0,0,0,0,3
20110122-M-Australian_Open-R32-Roger_Federer-Xavier_Malisse,Xavier Malisse,nonSnV,82,38,4,1,8,3,4,2,5,1,380
20110122-M-Australian_Open-R32-Roger_Federer-Xavier_Malisse,Xavier Malisse,nonSnV1st,51,26,4,1,7,3,4,1,3,0,238
20110122-M-Australian_Open-R32-Roger_Federer-Xavier_Malisse,Xavier Malisse,nonSnV2nd,31,12,0,0,1,0,0,1,2,1,142
20110120-M-Australian_Open-R64-Mikhail_Youzhny-Blaz_Kavcic,Mikhail Youzhny,SnV,3,3,0,0,1,1,0,0,0,0,7
20110120-M-Australian_Open-R64-Mikhail_Youzhny-Blaz_Kavcic,Mikhail Youzhny,SnV1st,3,3,0,0,1,1,0,0,0,0,7
20110120-M-Australian_Open-R64-Mikhail_Youzhny-Blaz_Kavcic,Mikhail Youzhny,nonSnV,125,84,14,1,16,17,7,5,4,3,588
20110120-M-Australian_Open-R64-Mikhail_Youzhny-Blaz_Kavcic,Mikhail Youzhny,nonSnV1st,75,56,13,0,13,11,4,4,3,0,270
20110120-M-Australian_Open-R64-Mikhail_Youzhny-Blaz_Kavcic,Mikhail Youzhny,nonSnV2nd,50,28,1,1,3,6,3,1,1,3,318
20110120-M-Australian_Open-R64-Mikhail_Youzhny-Blaz_Kavcic,Blaz Kavcic,SnV,18,12,0,0,2,7,2,2,1,1,62
20110120-M-Australian_Open-R64-Mikhail_Youzhny-Blaz_Kavcic,Blaz Kavcic,SnV1st,14,8,0,0,1,4,2,2,1,1,50
20110120-M-Australian_Open-R64-Mikhail_Youzhny-Blaz_Kavcic,Blaz Kavcic,SnV2nd,4,4,0,0,1,3,0,0,0,0,12
20110120-M-Australian_Open-R64-Mikhail_Youzhny-Blaz_Kavcic,Blaz Kavcic,nonSnV,109,64,6,0,22,9,3,4,6,2,574
20110120-M-Australian_Open-R64-Mikhail_Youzhny-Blaz_Kavcic,Blaz Kavcic,nonSnV1st,70,45,6,0,17,8,3,3,4,1,323
20110120-M-Australian_Open-R64-Mikhail_Youzhny-Blaz_Kavcic,Blaz Kavcic,nonSnV2nd,39,19,0,0,5,1,0,1,2,1,251
20110120-M-Australian_Open-R64-Gilles_Simon-Roger_Federer,Gilles Simon,SnV,1,1,0,0,1,0,0,0,0,0,1
20110120-M-Australian_Open-R64-Gilles_Simon-Roger_Federer,Gilles Simon,SnV1st,1,1,0,0,1,0,0,0,0,0,1
20110120-M-Australian_Open-R64-Gilles_Simon-Roger_Federer,Gilles Simon,nonSnV,149,85,10,0,18,10,0,0,2,2,947
20110120-M-Australian_Open-R64-Gilles_Simon-Roger_Federer,Gilles Simon,nonSnV1st,87,48,10,0,13,5,0,0,0,1,496
20110120-M-Australian_Open-R64-Gilles_Simon-Roger_Federer,Gilles Simon,nonSnV2nd,62,37,0,0,5,5,0,0,2,1,451
20110120-M-Australian_Open-R64-Gilles_Simon-Roger_Federer,Roger Federer,SnV,3,2,0,0,0,2,0,0,0,0,8
20110120-M-Australian_Open-R64-Gilles_Simon-Roger_Federer,Roger Federer,SnV1st,3,2,0,0,0,2,0,0,0,0,8
20110120-M-Australian_Open-R64-Gilles_Simon-Roger_Federer,Roger Federer,nonSnV,122,80,11,0,24,16,4,1,6,0,562
20110120-M-Australian_Open-R64-Gilles_Simon-Roger_Federer,Roger Federer,nonSnV1st,74,59,11,0,19,14,3,1,4,0,277
20110120-M-Australian_Open-R64-Gilles_Simon-Roger_Federer,Roger Federer,nonSnV2nd,48,21,0,0,5,2,1,0,2,0,285
20110120-M-Australian_Open-R64-Andy_Murray-Illya_Marchenko,Andy Murray,SnV,3,2,0,0,0,2,0,0,0,0,8
20110120-M-Australian_Open-R64-Andy_Murray-Illya_Marchenko,Andy Murray,SnV1st,2,2,0,0,0,2,0,0,0,0,6
20110120-M-Australian_Open-R64-Andy_Murray-Illya_Marchenko,Andy Murray,SnV2nd,1,0,0,0,0,0,0,0,0,0,2
20110120-M-Australian_Open-R64-Andy_Murray-Illya_Marchenko,Andy Murray,nonSnV,79,52,16,1,16,3,2,1,2,1,298
20110120-M-Australian_Open-R64-Andy_Murray-Illya_Marchenko,Andy Murray,nonSnV1st,50,39,16,1,15,2,1,1,1,0,137
20110120-M-Australian_Open-R64-Andy_Murray-Illya_Marchenko,Andy Murray,nonSnV2nd,29,13,0,0,1,1,1,0,1,1,161
20110120-M-Australian_Open-R64-Andy_Murray-Illya_Marchenko,Illya Marchenko,SnV,1,1,0,0,0,0,1,0,0,0,3
20110120-M-Australian_Open-R64-Andy_Murray-Illya_Marchenko,Illya Marchenko,SnV1st,1,1,0,0,0,0,1,0,0,0,3
20110120-M-Australian_Open-R64-Andy_Murray-Illya_Marchenko,Illya Marchenko,nonSnV,66,33,5,1,2,4,5,4,2,1,401
20110120-M-Australian_Open-R64-Andy_Murray-Illya_Marchenko,Illya Marchenko,nonSnV1st,37,20,5,1,2,2,4,2,1,1,236
20110120-M-Australian_Open-R64-Andy_Murray-Illya_Marchenko,Illya Marchenko,nonSnV2nd,29,13,0,0,0,2,1,2,1,0,165
20110118-M-Australian_Open-R128-David_Nalbandian-Lleyton_Hewitt,David Nalbandian,SnV,3,3,0,0,2,1,0,0,0,0,5
20110118-M-Australian_Open-R128-David_Nalbandian-Lleyton_Hewitt,David Nalbandian,SnV1st,3,3,0,0,2,1,0,0,0,0,5
20110118-M-Australian_Open-R128-David_Nalbandian-Lleyton_Hewitt,David Nalbandian,nonSnV,201,122,6,2,21,13,8,6,6,1,1104
20110118-M-Australian_Open-R128-David_Nalbandian-Lleyton_Hewitt,David Nalbandian,nonSnV1st,133,84,6,2,19,10,8,5,4,0,660
20110118-M-Australian_Open-R128-David_Nalbandian-Lleyton_Hewitt,David Nalbandian,nonSnV2nd,68,38,0,0,2,3,0,1,2,1,444
20110117-M-Australian_Open-R128-Roger_Federer-Lukas_Lacko,Roger Federer,SnV,6,4,0,0,2,2,0,1,1,0,16
20110117-M-Australian_Open-R128-Roger_Federer-Lukas_Lacko,Roger Federer,SnV1st,5,4,0,0,2,2,0,0,1,0,14
20110117-M-Australian_Open-R128-Roger_Federer-Lukas_Lacko,Roger Federer,SnV2nd,1,0,0,0,0,0,0,1,0,0,2
20110117-M-Australian_Open-R128-Roger_Federer-Lukas_Lacko,Roger Federer,nonSnV,51,42,8,2,11,2,1,0,0,1,160
20110117-M-Australian_Open-R128-Roger_Federer-Lukas_Lacko,Roger Federer,nonSnV1st,32,28,8,1,11,2,0,0,0,0,80
20110117-M-Australian_Open-R128-Roger_Federer-Lukas_Lacko,Roger Federer,nonSnV2nd,19,14,0,1,0,0,1,0,0,1,80
20110117-M-Australian_Open-R128-Novak_Djokovic-Marcel_Granollers,Novak Djokovic,SnV,1,1,0,0,0,0,1,0,0,0,3
20110117-M-Australian_Open-R128-Novak_Djokovic-Marcel_Granollers,Novak Djokovic,SnV1st,1,1,0,0,0,0,1,0,0,0,3
20110117-M-Australian_Open-R128-Novak_Djokovic-Marcel_Granollers,Novak Djokovic,nonSnV,52,37,6,1,8,2,2,1,0,0,187
20110117-M-Australian_Open-R128-Novak_Djokovic-Marcel_Granollers,Novak Djokovic,nonSnV1st,37,26,5,1,8,1,1,1,0,0,118
20110117-M-Australian_Open-R128-Novak_Djokovic-Marcel_Granollers,Novak Djokovic,nonSnV2nd,15,11,1,0,0,1,1,0,0,0,69
20110117-M-Australian_Open-R128-Novak_Djokovic-Marcel_Granollers,Marcel Granollers,SnV,4,3,0,0,1,2,0,1,0,0,13
20110117-M-Australian_Open-R128-Novak_Djokovic-Marcel_Granollers,Marcel Granollers,SnV1st,4,3,0,0,1,2,0,1,0,0,13
20110117-M-Australian_Open-R128-Novak_Djokovic-Marcel_Granollers,Marcel Granollers,nonSnV,48,22,3,0,4,3,2,0,2,0,286
20110117-M-Australian_Open-R128-Novak_Djokovic-Marcel_Granollers,Marcel Granollers,nonSnV1st,21,15,3,0,4,2,2,0,0,0,91
20110117-M-Australian_Open-R128-Novak_Djokovic-Marcel_Granollers,Marcel Granollers,nonSnV2nd,27,7,0,0,0,1,0,0,2,0,195
20100912-M-US_Open-F-Novak_Djokovic-Rafael_Nadal,Novak Djokovic,SnV,3,2,0,0,0,1,1,0,0,0,12
20100912-M-US_Open-F-Novak_Djokovic-Rafael_Nadal,Novak Djokovic,SnV1st,3,2,0,0,0,1,1,0,0,0,12
20100912-M-US_Open-F-Novak_Djokovic-Rafael_Nadal,Novak Djokovic,nonSnV,136,81,5,0,13,9,6,2,7,0,709
20100912-M-US_Open-F-Novak_Djokovic-Rafael_Nadal,Novak Djokovic,nonSnV1st,93,60,5,0,12,9,4,1,7,0,426
20100912-M-US_Open-F-Novak_Djokovic-Rafael_Nadal,Novak Djokovic,nonSnV2nd,43,21,0,0,1,0,2,1,0,0,283
20100911-M-US_Open-SF-Rafael_Nadal-Mikhail_Youzhny,Rafael Nadal,SnV,2,2,0,0,2,0,0,0,0,0,2
20100911-M-US_Open-SF-Rafael_Nadal-Mikhail_Youzhny,Rafael Nadal,SnV1st,2,2,0,0,2,0,0,0,0,0,2
20100911-M-US_Open-SF-Rafael_Nadal-Mikhail_Youzhny,Rafael Nadal,nonSnV,74,56,3,0,17,5,2,1,5,1,340
20100911-M-US_Open-SF-Rafael_Nadal-Mikhail_Youzhny,Rafael Nadal,nonSnV1st,48,37,3,0,16,4,1,1,3,1,171
20100911-M-US_Open-SF-Rafael_Nadal-Mikhail_Youzhny,Rafael Nadal,nonSnV2nd,26,19,0,0,1,1,1,0,2,0,169
20100911-M-US_Open-SF-Rafael_Nadal-Mikhail_Youzhny,Mikhail Youzhny,SnV,1,0,0,0,0,0,0,0,0,0,2
20100911-M-US_Open-SF-Rafael_Nadal-Mikhail_Youzhny,Mikhail Youzhny,SnV1st,1,0,0,0,0,0,0,0,0,0,2
20100911-M-US_Open-SF-Rafael_Nadal-Mikhail_Youzhny,Mikhail Youzhny,nonSnV,75,45,3,0,12,4,2,3,5,1,377
20100911-M-US_Open-SF-Rafael_Nadal-Mikhail_Youzhny,Mikhail Youzhny,nonSnV1st,47,32,3,0,12,4,1,3,2,1,214
20100911-M-US_Open-SF-Rafael_Nadal-Mikhail_Youzhny,Mikhail Youzhny,nonSnV2nd,28,13,0,0,0,0,1,0,3,0,163
20100908-M-US_Open-QF-Novak_Djokovic-Gael_Monfils,Gael Monfils,SnV,5,4,0,0,0,1,1,0,0,0,26
20100908-M-US_Open-QF-Novak_Djokovic-Gael_Monfils,Gael Monfils,SnV1st,5,4,0,0,0,1,1,0,0,0,26
20100908-M-US_Open-QF-Novak_Djokovic-Gael_Monfils,Gael Monfils,nonSnV,98,48,3,0,13,3,2,1,5,2,586
20100908-M-US_Open-QF-Novak_Djokovic-Gael_Monfils,Gael Monfils,nonSnV1st,56,28,3,0,11,2,1,1,3,2,302
20100908-M-US_Open-QF-Novak_Djokovic-Gael_Monfils,Gael Monfils,nonSnV2nd,42,20,0,0,2,1,1,0,2,0,284
20100907-M-US_Open-R16-Rafael_Nadal-Feliciano_Lopez,Feliciano Lopez,SnV,18,13,0,0,1,5,6,2,2,0,61
20100907-M-US_Open-R16-Rafael_Nadal-Feliciano_Lopez,Feliciano Lopez,SnV1st,18,13,0,0,1,5,6,2,2,0,61
20100907-M-US_Open-R16-Rafael_Nadal-Feliciano_Lopez,Feliciano Lopez,nonSnV,76,46,10,4,11,2,3,2,1,0,282
20100907-M-US_Open-R16-Rafael_Nadal-Feliciano_Lopez,Feliciano Lopez,nonSnV1st,34,26,9,3,10,1,1,1,0,0,64
20100907-M-US_Open-R16-Rafael_Nadal-Feliciano_Lopez,Feliciano Lopez,nonSnV2nd,42,20,1,1,1,1,2,1,1,0,218
20100905-M-US_Open-R32-Stan_Wawrinka-Andy_Murray,Stan Wawrinka,SnV,4,4,0,0,2,1,0,0,0,0,8
20100905-M-US_Open-R32-Stan_Wawrinka-Andy_Murray,Stan Wawrinka,SnV1st,4,4,0,0,2,1,0,0,0,0,8
20100905-M-US_Open-R32-Stan_Wawrinka-Andy_Murray,Stan Wawrinka,nonSnV,86,53,6,0,15,3,3,3,3,1,441
20100905-M-US_Open-R32-Stan_Wawrinka-Andy_Murray,Stan Wawrinka,nonSnV1st,43,32,6,0,15,2,2,2,2,0,130
20100905-M-US_Open-R32-Stan_Wawrinka-Andy_Murray,Stan Wawrinka,nonSnV2nd,43,21,0,0,0,1,1,1,1,1,311
20100905-M-US_Open-R32-Stan_Wawrinka-Andy_Murray,Andy Murray,SnV,10,6,0,0,1,2,1,1,1,0,36
20100905-M-US_Open-R32-Stan_Wawrinka-Andy_Murray,Andy Murray,SnV1st,6,3,0,0,1,0,1,1,1,0,25
20100905-M-US_Open-R32-Stan_Wawrinka-Andy_Murray,Andy Murray,SnV2nd,4,3,0,0,0,2,0,0,0,0,11
20100905-M-US_Open-R32-Stan_Wawrinka-Andy_Murray,Andy Murray,nonSnV,101,56,6,0,16,6,1,4,4,2,472
20100905-M-US_Open-R32-Stan_Wawrinka-Andy_Murray,Andy Murray,nonSnV1st,48,31,6,0,14,3,1,1,2,2,173
20100905-M-US_Open-R32-Stan_Wawrinka-Andy_Murray,Andy Murray,nonSnV2nd,53,25,0,0,2,3,0,3,2,0,299
20100904-M-US_Open-R32-Novak_Djokovic-James_Blake,James Blake,SnV,1,0,0,0,0,0,0,0,1,0,4
20100904-M-US_Open-R32-Novak_Djokovic-James_Blake,James Blake,SnV1st,1,0,0,0,0,0,0,0,1,0,4
20100904-M-US_Open-R32-Novak_Djokovic-James_Blake,James Blake,nonSnV,71,47,1,0,17,4,6,1,3,1,265
20100904-M-US_Open-R32-Novak_Djokovic-James_Blake,James Blake,nonSnV1st,52,34,1,0,14,4,4,1,3,1,194
20100904-M-US_Open-R32-Novak_Djokovic-James_Blake,James Blake,nonSnV2nd,19,13,0,0,3,0,2,0,0,0,71
20100903-M-US_Open-SF-Novak_Djokovic-Roger_Federer,Roger Federer,SnV,3,2,0,0,1,1,0,0,0,0,8
20100903-M-US_Open-SF-Novak_Djokovic-Roger_Federer,Roger Federer,SnV1st,3,2,0,0,1,1,0,0,0,0,8
20100903-M-US_Open-SF-Novak_Djokovic-Roger_Federer,Roger Federer,nonSnV,152,95,11,0,29,6,15,3,2,3,707
20100903-M-US_Open-SF-Novak_Djokovic-Roger_Federer,Roger Federer,nonSnV1st,81,60,11,0,22,4,12,0,1,1,278
20100903-M-US_Open-SF-Novak_Djokovic-Roger_Federer,Roger Federer,nonSnV2nd,71,35,0,0,7,2,3,3,1,2,429
20100831-M-US_Open-R128-Roger_Federer-Brian_Dabul,Roger Federer,SnV,7,4,0,0,1,2,1,2,1,0,22
20100831-M-US_Open-R128-Roger_Federer-Brian_Dabul,Roger Federer,SnV1st,5,3,0,0,1,1,1,2,0,0,15
20100831-M-US_Open-R128-Roger_Federer-Brian_Dabul,Roger Federer,SnV2nd,2,1,0,0,0,1,0,0,1,0,7
20100831-M-US_Open-R128-Roger_Federer-Brian_Dabul,Roger Federer,nonSnV,53,42,17,0,6,1,3,3,0,0,140
20100831-M-US_Open-R128-Roger_Federer-Brian_Dabul,Roger Federer,nonSnV1st,34,31,17,0,4,1,1,1,0,0,65
20100831-M-US_Open-R128-Roger_Federer-Brian_Dabul,Roger Federer,nonSnV2nd,19,11,0,0,2,0,2,2,0,0,75
20100131-M-Australian_Open-F-Roger_Federer-Andy_Murray,Roger Federer,SnV,1,1,0,0,0,1,0,0,0,0,3
20100131-M-Australian_Open-F-Roger_Federer-Andy_Murray,Roger Federer,SnV1st,1,1,0,0,0,1,0,0,0,0,3
20100131-M-Australian_Open-F-Roger_Federer-Andy_Murray,Roger Federer,nonSnV,110,75,11,3,8,9,7,3,5,0,612
20100131-M-Australian_Open-F-Roger_Federer-Andy_Murray,Roger Federer,nonSnV1st,75,52,11,3,7,7,7,2,5,0,358
20100131-M-Australian_Open-F-Roger_Federer-Andy_Murray,Roger Federer,nonSnV2nd,35,23,0,0,1,2,0,1,0,0,254
20100128-M-Australian_Open-SF-Roger_Federer-Jo_Wilfried_Tsonga,Roger Federer,SnV,1,1,0,0,0,0,1,0,0,0,3
20100128-M-Australian_Open-SF-Roger_Federer-Jo_Wilfried_Tsonga,Roger Federer,SnV1st,1,1,0,0,0,0,1,0,0,0,3
20100128-M-Australian_Open-SF-Roger_Federer-Jo_Wilfried_Tsonga,Roger Federer,nonSnV,68,53,4,0,12,6,3,2,3,1,287
20100128-M-Australian_Open-SF-Roger_Federer-Jo_Wilfried_Tsonga,Roger Federer,nonSnV1st,43,36,4,0,11,6,2,2,0,1,158
20100128-M-Australian_Open-SF-Roger_Federer-Jo_Wilfried_Tsonga,Roger Federer,nonSnV2nd,25,17,0,0,1,0,1,0,3,0,129
20100128-M-Australian_Open-SF-Roger_Federer-Jo_Wilfried_Tsonga,Jo Wilfried Tsonga,SnV,3,3,0,0,1,1,1,0,0,0,7
20100128-M-Australian_Open-SF-Roger_Federer-Jo_Wilfried_Tsonga,Jo Wilfried Tsonga,SnV1st,3,3,0,0,1,1,1,0,0,0,7
20100128-M-Australian_Open-SF-Roger_Federer-Jo_Wilfried_Tsonga,Jo Wilfried Tsonga,nonSnV,62,36,6,0,12,7,2,2,4,0,252
20100128-M-Australian_Open-SF-Roger_Federer-Jo_Wilfried_Tsonga,Jo Wilfried Tsonga,nonSnV1st,36,24,5,0,12,4,1,0,2,0,130
20100128-M-Australian_Open-SF-Roger_Federer-Jo_Wilfried_Tsonga,Jo Wilfried Tsonga,nonSnV2nd,26,12,1,0,0,3,1,2,2,0,122
20100128-M-Australian_Open-SF-Andy_Murray-Marin_Cilic,Andy Murray,SnV,2,0,0,0,0,0,0,1,1,0,6
20100128-M-Australian_Open-SF-Andy_Murray-Marin_Cilic,Andy Murray,SnV1st,2,0,0,0,0,0,0,1,1,0,6
20100128-M-Australian_Open-SF-Andy_Murray-Marin_Cilic,Andy Murray,nonSnV,104,74,5,0,13,7,6,0,3,1,592
20100128-M-Australian_Open-SF-Andy_Murray-Marin_Cilic,Andy Murray,nonSnV1st,65,51,5,0,12,5,5,0,2,1,371
20100128-M-Australian_Open-SF-Andy_Murray-Marin_Cilic,Andy Murray,nonSnV2nd,39,23,0,0,1,2,1,0,1,0,221
20100128-M-Australian_Open-SF-Andy_Murray-Marin_Cilic,Marin Cilic,SnV,1,1,0,0,0,1,0,0,0,0,3
20100128-M-Australian_Open-SF-Andy_Murray-Marin_Cilic,Marin Cilic,SnV1st,1,1,0,0,0,1,0,0,0,0,3
20100128-M-Australian_Open-SF-Andy_Murray-Marin_Cilic,Marin Cilic,nonSnV,117,72,7,0,16,6,8,0,5,1,578
20100128-M-Australian_Open-SF-Andy_Murray-Marin_Cilic,Marin Cilic,nonSnV1st,69,48,7,0,14,4,7,0,4,0,334
20100128-M-Australian_Open-SF-Andy_Murray-Marin_Cilic,Marin Cilic,nonSnV2nd,48,24,0,0,2,2,1,0,1,1,244
20100126-M-Australian_Open-R16-John_Isner-Andy_Murray,John Isner,SnV,8,7,0,0,1,5,1,0,0,1,25
20100126-M-Australian_Open-R16-John_Isner-Andy_Murray,John Isner,SnV1st,8,7,0,0,1,5,1,0,0,1,25
20100126-M-Australian_Open-R16-John_Isner-Andy_Murray,John Isner,nonSnV,69,36,12,0,5,7,4,2,5,5,266
20100126-M-Australian_Open-R16-John_Isner-Andy_Murray,John Isner,nonSnV1st,47,31,12,0,5,5,4,2,3,3,149
20100126-M-Australian_Open-R16-John_Isner-Andy_Murray,John Isner,nonSnV2nd,22,5,0,0,0,2,0,0,2,2,117
20100126-M-Australian_Open-R16-John_Isner-Andy_Murray,Andy Murray,SnV,1,1,0,0,0,0,1,0,0,0,3
20100126-M-Australian_Open-R16-John_Isner-Andy_Murray,Andy Murray,SnV1st,1,1,0,0,0,0,1,0,0,0,3
20100126-M-Australian_Open-R16-John_Isner-Andy_Murray,Andy Murray,nonSnV,82,63,5,0,10,5,2,0,2,1,401
20100126-M-Australian_Open-R16-John_Isner-Andy_Murray,Andy Murray,nonSnV1st,60,48,5,0,10,3,1,0,1,1,300
20100126-M-Australian_Open-R16-John_Isner-Andy_Murray,Andy Murray,nonSnV2nd,22,15,0,0,0,2,1,0,1,0,101
20100126-M-Australian_Open-QF-Novak_Djokovic-Jo_Wilfried_Tsonga,Novak Djokovic,SnV,1,1,0,0,1,0,0,0,0,0,1
20100126-M-Australian_Open-QF-Novak_Djokovic-Jo_Wilfried_Tsonga,Novak Djokovic,SnV1st,1,1,0,0,1,0,0,0,0,0,1
20100126-M-Australian_Open-QF-Novak_Djokovic-Jo_Wilfried_Tsonga,Novak Djokovic,nonSnV,135,88,2,0,21,12,7,3,6,3,704
20100126-M-Australian_Open-QF-Novak_Djokovic-Jo_Wilfried_Tsonga,Novak Djokovic,nonSnV1st,99,66,2,0,17,10,6,3,5,3,524
20100126-M-Australian_Open-QF-Novak_Djokovic-Jo_Wilfried_Tsonga,Novak Djokovic,nonSnV2nd,36,22,0,0,4,2,1,0,1,0,180
20100126-M-Australian_Open-QF-Novak_Djokovic-Jo_Wilfried_Tsonga,Jo Wilfried Tsonga,SnV,9,8,0,0,3,3,0,0,1,0,24
20100126-M-Australian_Open-QF-Novak_Djokovic-Jo_Wilfried_Tsonga,Jo Wilfried Tsonga,SnV1st,9,8,0,0,3,3,0,0,1,0,24
20100126-M-Australian_Open-QF-Novak_Djokovic-Jo_Wilfried_Tsonga,Jo Wilfried Tsonga,nonSnV,157,94,19,0,23,12,5,9,5,4,742
20100126-M-Australian_Open-QF-Novak_Djokovic-Jo_Wilfried_Tsonga,Jo Wilfried Tsonga,nonSnV1st,98,65,19,0,17,9,3,7,4,2,391
20100126-M-Australian_Open-QF-Novak_Djokovic-Jo_Wilfried_Tsonga,Jo Wilfried Tsonga,nonSnV2nd,59,29,0,0,6,3,2,2,1,2,351
20100126-M-Australian_Open-QF-Andy_Roddick-Marin_Cilic,Andy Roddick,SnV,4,2,0,0,0,1,1,1,1,0,12
20100126-M-Australian_Open-QF-Andy_Roddick-Marin_Cilic,Andy Roddick,SnV1st,4,2,0,0,0,1,1,1,1,0,12
20100126-M-Australian_Open-QF-Andy_Roddick-Marin_Cilic,Andy Roddick,nonSnV,133,83,15,12,9,6,6,2,6,3,669
20100126-M-Australian_Open-QF-Andy_Roddick-Marin_Cilic,Andy Roddick,nonSnV1st,84,57,15,10,8,5,4,1,2,2,355
20100126-M-Australian_Open-QF-Andy_Roddick-Marin_Cilic,Andy Roddick,nonSnV2nd,49,26,0,2,1,1,2,1,4,1,314
20100126-M-Australian_Open-QF-Andy_Roddick-Marin_Cilic,Marin Cilic,SnV,1,1,0,0,0,0,0,0,0,0,1
20100126-M-Australian_Open-QF-Andy_Roddick-Marin_Cilic,Marin Cilic,SnV2nd,1,1,0,0,0,0,0,0,0,0,1
20100126-M-Australian_Open-QF-Andy_Roddick-Marin_Cilic,Marin Cilic,nonSnV,144,91,20,1,9,4,5,2,1,2,729
20100126-M-Australian_Open-QF-Andy_Roddick-Marin_Cilic,Marin Cilic,nonSnV1st,76,58,20,1,7,4,4,1,1,1,340
20100126-M-Australian_Open-QF-Andy_Roddick-Marin_Cilic,Marin Cilic,nonSnV2nd,68,33,0,0,2,0,1,1,0,1,389
20100126-M-Australian_Open-QF-Andy_Murray-Rafael_Nadal,Andy Murray,SnV,16,13,0,0,5,6,1,1,0,0,39
20100126-M-Australian_Open-QF-Andy_Murray-Rafael_Nadal,Andy Murray,SnV1st,15,12,0,0,5,6,1,1,0,0,36
20100126-M-Australian_Open-QF-Andy_Murray-Rafael_Nadal,Andy Murray,SnV2nd,1,1,0,0,0,0,0,0,0,0,3
20100126-M-Australian_Open-QF-Andy_Murray-Rafael_Nadal,Andy Murray,nonSnV,80,49,13,0,13,4,5,1,4,1,411
20100126-M-Australian_Open-QF-Andy_Murray-Rafael_Nadal,Andy Murray,nonSnV1st,43,32,13,0,7,3,4,1,3,1,192
20100126-M-Australian_Open-QF-Andy_Murray-Rafael_Nadal,Andy Murray,nonSnV2nd,37,17,0,0,6,1,1,0,1,0,219
20100126-M-Australian_Open-QF-Andy_Murray-Rafael_Nadal,Rafael Nadal,SnV,3,3,0,0,0,3,0,0,0,0,9
20100126-M-Australian_Open-QF-Andy_Murray-Rafael_Nadal,Rafael Nadal,SnV1st,3,3,0,0,0,3,0,0,0,0,9
20100126-M-Australian_Open-QF-Andy_Murray-Rafael_Nadal,Rafael Nadal,nonSnV,68,37,1,0,13,8,2,0,1,0,417
20100126-M-Australian_Open-QF-Andy_Murray-Rafael_Nadal,Rafael Nadal,nonSnV1st,45,27,1,0,12,6,2,0,0,0,253
20100126-M-Australian_Open-QF-Andy_Murray-Rafael_Nadal,Rafael Nadal,nonSnV2nd,23,10,0,0,1,2,0,0,1,0,164
20100124-M-Australian_Open-R16-Roger_Federer-Lleyton_Hewitt,Roger Federer,SnV,4,3,0,0,1,0,2,0,0,0,9
20100124-M-Australian_Open-R16-Roger_Federer-Lleyton_Hewitt,Roger Federer,SnV1st,3,2,0,0,1,0,1,0,0,0,6
20100124-M-Australian_Open-R16-Roger_Federer-Lleyton_Hewitt,Roger Federer,SnV2nd,1,1,0,0,0,0,1,0,0,0,3
20100124-M-Australian_Open-R16-Roger_Federer-Lleyton_Hewitt,Roger Federer,nonSnV,69,50,5,0,18,7,1,0,0,3,326
20100124-M-Australian_Open-R16-Roger_Federer-Lleyton_Hewitt,Roger Federer,nonSnV1st,44,33,5,0,15,4,1,0,0,3,151
20100124-M-Australian_Open-R16-Roger_Federer-Lleyton_Hewitt,Roger Federer,nonSnV2nd,25,17,0,0,3,3,0,0,0,0,175
20100124-M-Australian_Open-R16-Roger_Federer-Lleyton_Hewitt,Lleyton Hewitt,SnV,3,1,0,0,0,1,0,0,0,0,9
20100124-M-Australian_Open-R16-Roger_Federer-Lleyton_Hewitt,Lleyton Hewitt,SnV1st,3,1,0,0,0,1,0,0,0,0,9
20100124-M-Australian_Open-R16-Roger_Federer-Lleyton_Hewitt,Lleyton Hewitt,nonSnV,90,50,3,1,13,1,2,0,4,1,510
20100124-M-Australian_Open-R16-Roger_Federer-Lleyton_Hewitt,Lleyton Hewitt,nonSnV1st,54,33,3,1,13,0,2,0,2,0,279
20100124-M-Australian_Open-R16-Roger_Federer-Lleyton_Hewitt,Lleyton Hewitt,nonSnV2nd,36,17,0,0,0,1,0,0,2,1,231
20100124-M-Australian_Open-R16-Fernando_Verdasco-Nikolay_Davydenko,Nikolay Davydenko,SnV,1,0,0,0,0,0,0,0,0,1,4
20100124-M-Australian_Open-R16-Fernando_Verdasco-Nikolay_Davydenko,Nikolay Davydenko,SnV1st,1,0,0,0,0,0,0,0,0,1,4
20100124-M-Australian_Open-R16-Fernando_Verdasco-Nikolay_Davydenko,Nikolay Davydenko,nonSnV,167,110,6,0,30,19,6,8,0,1,798
20100124-M-Australian_Open-R16-Fernando_Verdasco-Nikolay_Davydenko,Nikolay Davydenko,nonSnV1st,107,73,6,0,18,16,6,5,0,1,483
20100124-M-Australian_Open-R16-Fernando_Verdasco-Nikolay_Davydenko,Nikolay Davydenko,nonSnV2nd,60,37,0,0,12,3,0,3,0,0,315
20100124-M-Australian_Open-R16-Andy_Roddick-Fernando_Gonzalez,Andy Roddick,SnV,1,1,0,0,0,1,0,0,0,0,7
20100124-M-Australian_Open-R16-Andy_Roddick-Fernando_Gonzalez,Andy Roddick,SnV1st,1,1,0,0,0,1,0,0,0,0,7
20100124-M-Australian_Open-R16-Andy_Roddick-Fernando_Gonzalez,Andy Roddick,nonSnV,118,88,29,9,23,4,6,2,2,1,430
20100124-M-Australian_Open-R16-Andy_Roddick-Fernando_Gonzalez,Andy Roddick,nonSnV1st,79,68,26,8,20,1,3,1,1,0,224
20100124-M-Australian_Open-R16-Andy_Roddick-Fernando_Gonzalez,Andy Roddick,nonSnV2nd,39,20,3,1,3,3,3,1,1,1,206
20100124-M-Australian_Open-R16-Andy_Roddick-Fernando_Gonzalez,Fernando Gonzalez,SnV,4,4,0,0,0,2,1,0,0,0,12
20100124-M-Australian_Open-R16-Andy_Roddick-Fernando_Gonzalez,Fernando Gonzalez,SnV1st,4,4,0,0,0,2,1,0,0,0,12
20100124-M-Australian_Open-R16-Andy_Roddick-Fernando_Gonzalez,Fernando Gonzalez,nonSnV,158,103,17,3,20,7,9,3,7,0,743
20100124-M-Australian_Open-R16-Andy_Roddick-Fernando_Gonzalez,Fernando Gonzalez,nonSnV1st,100,74,15,3,18,6,5,1,5,0,422
20100124-M-Australian_Open-R16-Andy_Roddick-Fernando_Gonzalez,Fernando Gonzalez,nonSnV2nd,58,29,2,0,2,1,4,2,2,0,321
20100121-M-Australian_Open-R64-Roger_Federer-Victor_Hanescu,Roger Federer,SnV,2,1,0,0,0,1,0,0,0,0,7
20100121-M-Australian_Open-R64-Roger_Federer-Victor_Hanescu,Roger Federer,SnV1st,1,1,0,0,0,1,0,0,0,0,5
20100121-M-Australian_Open-R64-Roger_Federer-Victor_Hanescu,Roger Federer,SnV2nd,1,0,0,0,0,0,0,0,0,0,2
20100121-M-Australian_Open-R64-Roger_Federer-Victor_Hanescu,Roger Federer,nonSnV,70,54,8,2,8,6,1,1,3,0,222
20100121-M-Australian_Open-R64-Roger_Federer-Victor_Hanescu,Roger Federer,nonSnV1st,48,39,8,2,8,4,1,0,2,0,141
20100121-M-Australian_Open-R64-Roger_Federer-Victor_Hanescu,Roger Federer,nonSnV2nd,22,15,0,0,0,2,0,1,1,0,81
20100121-M-Australian_Open-R64-Roger_Federer-Victor_Hanescu,Victor Hanescu,SnV,8,6,0,0,3,3,0,2,0,0,18
20100121-M-Australian_Open-R64-Roger_Federer-Victor_Hanescu,Victor Hanescu,SnV1st,8,6,0,0,3,3,0,2,0,0,18
20100121-M-Australian_Open-R64-Roger_Federer-Victor_Hanescu,Victor Hanescu,nonSnV,78,40,3,2,11,3,3,1,3,1,378
20100121-M-Australian_Open-R64-Roger_Federer-Victor_Hanescu,Victor Hanescu,nonSnV1st,53,28,3,2,10,1,3,1,3,1,244
20100121-M-Australian_Open-R64-Roger_Federer-Victor_Hanescu,Victor Hanescu,nonSnV2nd,25,12,0,0,1,2,0,0,0,0,134
20100121-M-Australian_Open-R64-David_Ferrer-Marcos_Baghdatis,Marcos Baghdatis,SnV,3,3,0,0,0,2,1,0,0,0,9
20100121-M-Australian_Open-R64-David_Ferrer-Marcos_Baghdatis,Marcos Baghdatis,SnV1st,3,3,0,0,0,2,1,0,0,0,9
20100121-M-Australian_Open-R64-David_Ferrer-Marcos_Baghdatis,Marcos Baghdatis,nonSnV,129,83,10,6,16,7,2,0,3,2,595
20100121-M-Australian_Open-R64-David_Ferrer-Marcos_Baghdatis,Marcos Baghdatis,nonSnV1st,68,50,10,6,16,4,1,0,1,1,240
20100121-M-Australian_Open-R64-David_Ferrer-Marcos_Baghdatis,Marcos Baghdatis,nonSnV2nd,61,33,0,0,0,3,1,0,2,1,355
20100120-M-Australian_Open-R64-Bernard_Tomic-Marin_Cilic,Bernard Tomic,SnV,2,0,0,0,0,0,0,1,0,0,4
20100120-M-Australian_Open-R64-Bernard_Tomic-Marin_Cilic,Bernard Tomic,SnV1st,2,0,0,0,0,0,0,1,0,0,4
20100120-M-Australian_Open-R64-Bernard_Tomic-Marin_Cilic,Bernard Tomic,nonSnV,174,107,4,2,30,4,7,1,1,1,983
20100120-M-Australian_Open-R64-Bernard_Tomic-Marin_Cilic,Bernard Tomic,nonSnV1st,120,80,4,2,29,3,6,1,0,1,622
20100120-M-Australian_Open-R64-Bernard_Tomic-Marin_Cilic,Bernard Tomic,nonSnV2nd,54,27,0,0,1,1,1,0,1,0,361
20100120-M-Australian_Open-R64-Bernard_Tomic-Marin_Cilic,Marin Cilic,SnV,2,1,0,0,0,1,0,0,0,0,5
20100120-M-Australian_Open-R64-Bernard_Tomic-Marin_Cilic,Marin Cilic,SnV1st,2,1,0,0,0,1,0,0,0,0,5
20100120-M-Australian_Open-R64-Bernard_Tomic-Marin_Cilic,Marin Cilic,nonSnV,151,103,25,2,17,2,5,2,0,1,663
20100120-M-Australian_Open-R64-Bernard_Tomic-Marin_Cilic,Marin Cilic,nonSnV1st,70,55,23,2,17,0,1,2,0,1,185
20100120-M-Australian_Open-R64-Bernard_Tomic-Marin_Cilic,Marin Cilic,nonSnV2nd,81,48,2,0,0,2,4,0,0,0,478
20100118-M-Australian_Open-R128-Roger_Federer-Igor_Andreev,Roger Federer,SnV,4,3,0,0,2,0,0,0,0,0,5
20100118-M-Australian_Open-R128-Roger_Federer-Igor_Andreev,Roger Federer,SnV1st,2,2,0,0,2,0,0,0,0,0,2
20100118-M-Australian_Open-R128-Roger_Federer-Igor_Andreev,Roger Federer,SnV2nd,2,1,0,0,0,0,0,0,0,0,3
20100118-M-Australian_Open-R128-Roger_Federer-Igor_Andreev,Roger Federer,nonSnV,90,59,9,0,16,2,5,1,2,3,361
20100118-M-Australian_Open-R128-Roger_Federer-Igor_Andreev,Roger Federer,nonSnV1st,54,41,9,0,16,2,2,1,2,1,191
20100118-M-Australian_Open-R128-Roger_Federer-Igor_Andreev,Roger Federer,nonSnV2nd,36,18,0,0,0,0,3,0,0,2,170
20090914-M-US_Open-F-Roger_Federer-Juan_Martin_Del_Potro,Roger Federer,SnV,2,1,0,0,0,1,0,1,0,0,7
20090914-M-US_Open-F-Roger_Federer-Juan_Martin_Del_Potro,Roger Federer,SnV1st,2,1,0,0,0,1,0,1,0,0,7
20090914-M-US_Open-F-Roger_Federer-Juan_Martin_Del_Potro,Roger Federer,nonSnV,168,114,12,13,22,8,9,2,8,1,664
20090914-M-US_Open-F-Roger_Federer-Juan_Martin_Del_Potro,Roger Federer,nonSnV1st,88,63,11,12,13,6,4,0,5,1,297
20090914-M-US_Open-F-Roger_Federer-Juan_Martin_Del_Potro,Roger Federer,nonSnV2nd,80,51,1,1,9,2,5,2,3,0,367
20090913-M-US_Open-SF-Juan_Martin_Del_Potro-Rafael_Nadal,Juan Martin Del Potro,SnV,1,0,0,0,0,0,0,0,1,0,4
20090913-M-US_Open-SF-Juan_Martin_Del_Potro-Rafael_Nadal,Juan Martin Del Potro,SnV1st,1,0,0,0,0,0,0,0,1,0,4
20090913-M-US_Open-SF-Juan_Martin_Del_Potro-Rafael_Nadal,Juan Martin Del Potro,nonSnV,81,56,5,0,17,3,4,1,1,1,396
20090913-M-US_Open-SF-Juan_Martin_Del_Potro-Rafael_Nadal,Juan Martin Del Potro,nonSnV1st,54,43,5,0,13,2,4,1,1,1,289
20090913-M-US_Open-SF-Juan_Martin_Del_Potro-Rafael_Nadal,Juan Martin Del Potro,nonSnV2nd,27,13,0,0,4,1,0,0,0,0,107
20090910-M-US_Open-QF-Juan_Martin_Del_Potro-Marin_Cilic,Marin Cilic,SnV,4,2,1,0,0,0,1,0,1,0,10
20090910-M-US_Open-QF-Juan_Martin_Del_Potro-Marin_Cilic,Marin Cilic,SnV1st,4,2,1,0,0,0,1,0,1,0,10
20090910-M-US_Open-QF-Juan_Martin_Del_Potro-Marin_Cilic,Marin Cilic,nonSnV,98,55,7,0,17,7,2,0,2,0,439
20090910-M-US_Open-QF-Juan_Martin_Del_Potro-Marin_Cilic,Marin Cilic,nonSnV1st,59,39,7,0,16,6,2,0,1,0,231
20090910-M-US_Open-QF-Juan_Martin_Del_Potro-Marin_Cilic,Marin Cilic,nonSnV2nd,39,16,0,0,1,1,0,0,1,0,208
20090909-M-US_Open-QF-Roger_Federer-Robin_Soderling,Roger Federer,SnV,2,0,0,0,0,0,0,0,1,0,6
20090909-M-US_Open-QF-Roger_Federer-Robin_Soderling,Roger Federer,SnV1st,2,0,0,0,0,0,0,0,1,0,6
20090909-M-US_Open-QF-Roger_Federer-Robin_Soderling,Roger Federer,nonSnV,123,97,28,0,21,6,2,3,1,1,435
20090909-M-US_Open-QF-Roger_Federer-Robin_Soderling,Roger Federer,nonSnV1st,83,73,28,0,20,4,0,2,0,0,221
20090909-M-US_Open-QF-Roger_Federer-Robin_Soderling,Roger Federer,nonSnV2nd,40,24,0,0,1,2,2,1,1,1,214
20090909-M-US_Open-QF-Fernando_Verdasco-Novak_Djokovic,Novak Djokovic,SnV,5,3,0,0,0,2,1,0,1,0,15
20090909-M-US_Open-QF-Fernando_Verdasco-Novak_Djokovic,Novak Djokovic,SnV1st,4,3,0,0,0,2,1,0,1,0,13
20090909-M-US_Open-QF-Fernando_Verdasco-Novak_Djokovic,Novak Djokovic,SnV2nd,1,0,0,0,0,0,0,0,0,0,2
20090909-M-US_Open-QF-Fernando_Verdasco-Novak_Djokovic,Novak Djokovic,nonSnV,124,83,9,4,28,4,2,1,2,0,533
20090909-M-US_Open-QF-Fernando_Verdasco-Novak_Djokovic,Novak Djokovic,nonSnV1st,86,62,9,4,28,3,1,0,1,0,312
20090909-M-US_Open-QF-Fernando_Verdasco-Novak_Djokovic,Novak Djokovic,nonSnV2nd,38,21,0,0,0,1,1,1,1,0,221
20090908-M-US_Open-R16-Jo_Wilfried_Tsonga-Fernando_Gonzalez,Jo Wilfried Tsonga,SnV,19,14,2,0,4,5,3,2,2,0,48
20090908-M-US_Open-R16-Jo_Wilfried_Tsonga-Fernando_Gonzalez,Jo Wilfried Tsonga,SnV1st,13,12,2,0,4,4,2,1,0,0,30
20090908-M-US_Open-R16-Jo_Wilfried_Tsonga-Fernando_Gonzalez,Jo Wilfried Tsonga,SnV2nd,6,2,0,0,0,1,1,1,2,0,18
20090908-M-US_Open-R16-Jo_Wilfried_Tsonga-Fernando_Gonzalez,Jo Wilfried Tsonga,nonSnV,104,71,11,0,16,23,4,3,4,4,342
20090908-M-US_Open-R16-Jo_Wilfried_Tsonga-Fernando_Gonzalez,Jo Wilfried Tsonga,nonSnV1st,65,51,10,0,14,19,2,3,3,2,195
20090908-M-US_Open-R16-Jo_Wilfried_Tsonga-Fernando_Gonzalez,Jo Wilfried Tsonga,nonSnV2nd,39,20,1,0,2,4,2,0,1,2,147
20090905-M-US_Open-R32-Roger_Federer-Lleyton_Hewitt,Roger Federer,SnV,3,0,0,0,0,0,0,0,1,0,8
20090905-M-US_Open-R32-Roger_Federer-Lleyton_Hewitt,Roger Federer,SnV1st,1,0,0,0,0,0,0,0,0,0,2
20090905-M-US_Open-R32-Roger_Federer-Lleyton_Hewitt,Roger Federer,SnV2nd,2,0,0,0,0,0,0,0,1,0,6
20090905-M-US_Open-R32-Roger_Federer-Lleyton_Hewitt,Roger Federer,nonSnV,127,87,15,2,17,15,6,6,1,1,507
20090905-M-US_Open-R32-Roger_Federer-Lleyton_Hewitt,Roger Federer,nonSnV1st,72,54,15,1,13,10,4,5,1,1,244
20090905-M-US_Open-R32-Roger_Federer-Lleyton_Hewitt,Roger Federer,nonSnV2nd,55,33,0,1,4,5,2,1,0,0,263
20090905-M-US_Open-R32-Roger_Federer-Lleyton_Hewitt,Lleyton Hewitt,SnV,3,2,0,0,0,1,1,0,0,0,8
20090905-M-US_Open-R32-Roger_Federer-Lleyton_Hewitt,Lleyton Hewitt,SnV1st,3,2,0,0,0,1,1,0,0,0,8
20090905-M-US_Open-R32-Roger_Federer-Lleyton_Hewitt,Lleyton Hewitt,nonSnV,103,67,5,1,13,9,5,3,2,3,367
20090905-M-US_Open-R32-Roger_Federer-Lleyton_Hewitt,Lleyton Hewitt,nonSnV1st,53,37,5,1,13,5,2,2,0,2,157
20090905-M-US_Open-R32-Roger_Federer-Lleyton_Hewitt,Lleyton Hewitt,nonSnV2nd,50,30,0,0,0,4,3,1,2,1,210
20090905-M-US_Open-R32-Andy_Roddick-John_Isner,John Isner,SnV,31,23,0,0,5,9,6,5,1,0,91
20090905-M-US_Open-R32-Andy_Roddick-John_Isner,John Isner,SnV1st,25,18,0,0,4,7,5,4,1,0,76
20090905-M-US_Open-R32-Andy_Roddick-John_Isner,John Isner,SnV2nd,6,5,0,0,1,2,1,1,0,0,15
20090905-M-US_Open-R32-Andy_Roddick-John_Isner,John Isner,nonSnV,125,96,38,0,17,10,5,3,3,1,360
20090905-M-US_Open-R32-Andy_Roddick-John_Isner,John Isner,nonSnV1st,81,67,36,0,8,4,4,0,2,0,211
20090905-M-US_Open-R32-Andy_Roddick-John_Isner,John Isner,nonSnV2nd,44,29,2,0,9,6,1,3,1,1,149
20090901-M-US_Open-R128-Roger_Federer-Devin_Britton,Roger Federer,SnV,2,1,0,0,0,1,0,1,0,0,7
20090901-M-US_Open-R128-Roger_Federer-Devin_Britton,Roger Federer,SnV1st,1,1,0,0,0,1,0,0,0,0,5
20090901-M-US_Open-R128-Roger_Federer-Devin_Britton,Roger Federer,SnV2nd,1,0,0,0,0,0,0,1,0,0,2
20090901-M-US_Open-R128-Roger_Federer-Devin_Britton,Roger Federer,nonSnV,64,49,8,0,15,3,2,0,0,1,185
20090901-M-US_Open-R128-Roger_Federer-Devin_Britton,Roger Federer,nonSnV1st,44,36,8,0,12,3,2,0,0,1,128
20090901-M-US_Open-R128-Roger_Federer-Devin_Britton,Roger Federer,nonSnV2nd,20,13,0,0,3,0,0,0,0,0,57
20090901-M-US_Open-R128-Roger_Federer-Devin_Britton,Devin Britton,SnV,22,13,0,0,5,6,0,6,1,0,53
20090901-M-US_Open-R128-Roger_Federer-Devin_Britton,Devin Britton,SnV1st,20,13,0,0,5,6,0,4,1,0,49
20090901-M-US_Open-R128-Roger_Federer-Devin_Britton,Devin Britton,SnV2nd,2,0,0,0,0,0,0,2,0,0,4
20090901-M-US_Open-R128-Roger_Federer-Devin_Britton,Devin Britton,nonSnV,69,36,7,0,9,4,1,3,2,2,226
20090901-M-US_Open-R128-Roger_Federer-Devin_Britton,Devin Britton,nonSnV1st,37,21,6,0,9,1,0,0,1,1,97
20090901-M-US_Open-R128-Roger_Federer-Devin_Britton,Devin Britton,nonSnV2nd,32,15,1,0,0,3,1,3,1,1,129
20090201-M-Australian_Open-F-Roger_Federer-Rafael_Nadal,Roger Federer,SnV,15,12,0,0,4,5,3,0,0,1,46
20090201-M-Australian_Open-F-Roger_Federer-Rafael_Nadal,Roger Federer,SnV1st,14,11,0,0,4,4,3,0,0,1,41
20090201-M-Australian_Open-F-Roger_Federer-Rafael_Nadal,Roger Federer,SnV2nd,1,1,0,0,0,1,0,0,0,0,5
20090201-M-Australian_Open-F-Roger_Federer-Rafael_Nadal,Roger Federer,nonSnV,151,91,11,0,16,10,5,0,4,5,711
20090201-M-Australian_Open-F-Roger_Federer-Rafael_Nadal,Roger Federer,nonSnV1st,76,55,11,0,15,8,3,0,3,3,303
20090201-M-Australian_Open-F-Roger_Federer-Rafael_Nadal,Roger Federer,nonSnV2nd,75,36,0,0,1,2,2,0,1,2,408
20090130-M-Australian_Open-SF-Fernando_Verdasco-Rafael_Nadal,Fernando Verdasco,SnV,1,0,0,0,0,0,0,1,0,0,2
20090130-M-Australian_Open-SF-Fernando_Verdasco-Rafael_Nadal,Fernando Verdasco,SnV1st,1,0,0,0,0,0,0,1,0,0,2
20090130-M-Australian_Open-SF-Fernando_Verdasco-Rafael_Nadal,Fernando Verdasco,nonSnV,207,139,20,9,37,19,4,3,7,1,996
20090130-M-Australian_Open-SF-Fernando_Verdasco-Rafael_Nadal,Fernando Verdasco,nonSnV1st,148,104,20,9,28,14,3,3,7,1,595
20090130-M-Australian_Open-SF-Fernando_Verdasco-Rafael_Nadal,Fernando Verdasco,nonSnV2nd,59,35,0,0,9,5,1,0,0,0,401
20090129-M-Australian_Open-SF-Andy_Roddick-Roger_Federer,Andy Roddick,SnV,4,3,0,0,1,0,0,0,0,0,13
20090129-M-Australian_Open-SF-Andy_Roddick-Roger_Federer,Andy Roddick,SnV1st,3,2,0,0,1,0,0,0,0,0,6
20090129-M-Australian_Open-SF-Andy_Roddick-Roger_Federer,Andy Roddick,SnV2nd,1,1,0,0,0,0,0,0,0,0,7
20090129-M-Australian_Open-SF-Andy_Roddick-Roger_Federer,Andy Roddick,nonSnV,88,57,8,0,24,11,3,6,8,2,351
20090129-M-Australian_Open-SF-Andy_Roddick-Roger_Federer,Andy Roddick,nonSnV1st,58,41,8,0,19,8,2,5,4,2,189
20090129-M-Australian_Open-SF-Andy_Roddick-Roger_Federer,Andy Roddick,nonSnV2nd,30,16,0,0,5,3,1,1,4,0,162
20090129-M-Australian_Open-SF-Andy_Roddick-Roger_Federer,Roger Federer,SnV,3,1,0,0,0,0,1,0,1,0,9
20090129-M-Australian_Open-SF-Andy_Roddick-Roger_Federer,Roger Federer,SnV1st,2,1,0,0,0,0,1,0,0,0,5
20090129-M-Australian_Open-SF-Andy_Roddick-Roger_Federer,Roger Federer,SnV2nd,1,0,0,0,0,0,0,0,1,0,4
20090129-M-Australian_Open-SF-Andy_Roddick-Roger_Federer,Roger Federer,nonSnV,93,70,16,0,15,5,4,0,3,2,356
20090129-M-Australian_Open-SF-Andy_Roddick-Roger_Federer,Roger Federer,nonSnV1st,61,51,16,0,12,4,4,0,2,1,189
20090129-M-Australian_Open-SF-Andy_Roddick-Roger_Federer,Roger Federer,nonSnV2nd,32,19,0,0,3,1,0,0,1,1,167
20090128-M-Australian_Open-QF-Roger_Federer-Juan_Martin_Del_Potro,Roger Federer,SnV,4,3,0,0,0,2,0,0,0,1,15
20090128-M-Australian_Open-QF-Roger_Federer-Juan_Martin_Del_Potro,Roger Federer,SnV1st,4,3,0,0,0,2,0,0,0,1,15
20090128-M-Australian_Open-QF-Roger_Federer-Juan_Martin_Del_Potro,Roger Federer,nonSnV,44,37,10,0,4,3,3,0,0,0,157
20090128-M-Australian_Open-QF-Roger_Federer-Juan_Martin_Del_Potro,Roger Federer,nonSnV1st,28,25,10,0,4,3,2,0,0,0,81
20090128-M-Australian_Open-QF-Roger_Federer-Juan_Martin_Del_Potro,Roger Federer,nonSnV2nd,16,12,0,0,0,0,1,0,0,0,76
20090128-M-Australian_Open-QF-Gilles_Simon-Rafael_Nadal,Gilles Simon,SnV,1,0,0,0,0,0,0,1,0,0,2
20090128-M-Australian_Open-QF-Gilles_Simon-Rafael_Nadal,Gilles Simon,SnV1st,1,0,0,0,0,0,0,1,0,0,2
20090128-M-Australian_Open-QF-Gilles_Simon-Rafael_Nadal,Gilles Simon,nonSnV,89,53,4,3,6,4,0,1,2,1,551
20090128-M-Australian_Open-QF-Gilles_Simon-Rafael_Nadal,Gilles Simon,nonSnV1st,51,37,4,3,6,2,0,1,1,0,245
20090128-M-Australian_Open-QF-Gilles_Simon-Rafael_Nadal,Gilles Simon,nonSnV2nd,38,16,0,0,0,2,0,0,1,1,306
20090128-M-Australian_Open-QF-Gilles_Simon-Rafael_Nadal,Rafael Nadal,SnV,2,2,0,0,0,1,0,0,0,0,6
20090128-M-Australian_Open-QF-Gilles_Simon-Rafael_Nadal,Rafael Nadal,SnV1st,2,2,0,0,0,1,0,0,0,0,6
20090128-M-Australian_Open-QF-Gilles_Simon-Rafael_Nadal,Rafael Nadal,nonSnV,90,62,5,3,4,4,1,0,2,0,570
20090128-M-Australian_Open-QF-Gilles_Simon-Rafael_Nadal,Rafael Nadal,nonSnV1st,61,44,5,3,4,3,1,0,1,0,394
20090128-M-Australian_Open-QF-Gilles_Simon-Rafael_Nadal,Rafael Nadal,nonSnV2nd,29,18,0,0,0,1,0,0,1,0,176
20090128-M-Australian_Open-QF-Fernando_Verdasco-Jo_Wilfried_Tsonga,Jo Wilfried Tsonga,SnV,4,2,0,0,1,1,0,0,2,0,14
20090128-M-Australian_Open-QF-Fernando_Verdasco-Jo_Wilfried_Tsonga,Jo Wilfried Tsonga,SnV1st,4,2,0,0,1,1,0,0,2,0,14
20090128-M-Australian_Open-QF-Fernando_Verdasco-Jo_Wilfried_Tsonga,Jo Wilfried Tsonga,nonSnV,94,63,9,1,15,6,5,1,1,3,357
20090128-M-Australian_Open-QF-Fernando_Verdasco-Jo_Wilfried_Tsonga,Jo Wilfried Tsonga,nonSnV1st,62,46,9,1,13,5,2,1,1,3,168
20090128-M-Australian_Open-QF-Fernando_Verdasco-Jo_Wilfried_Tsonga,Jo Wilfried Tsonga,nonSnV2nd,32,17,0,0,2,1,3,0,0,0,189
20090126-M-Australian_Open-R16-Roger_Federer-Tomas_Berdych,Roger Federer,SnV,2,1,0,0,0,1,0,1,0,0,5
20090126-M-Australian_Open-R16-Roger_Federer-Tomas_Berdych,Roger Federer,SnV1st,2,1,0,0,0,1,0,1,0,0,5
20090126-M-Australian_Open-R16-Roger_Federer-Tomas_Berdych,Roger Federer,nonSnV,152,99,19,0,34,7,6,0,2,0,507
20090126-M-Australian_Open-R16-Roger_Federer-Tomas_Berdych,Roger Federer,nonSnV1st,104,74,19,0,29,5,4,0,2,0,292
20090126-M-Australian_Open-R16-Roger_Federer-Tomas_Berdych,Roger Federer,nonSnV2nd,48,25,0,0,5,2,2,0,0,0,215
20090126-M-Australian_Open-R16-Roger_Federer-Tomas_Berdych,Tomas Berdych,SnV,1,0,0,0,0,0,0,0,1,0,4
20090126-M-Australian_Open-R16-Roger_Federer-Tomas_Berdych,Tomas Berdych,SnV1st,1,0,0,0,0,0,0,0,1,0,4
20090126-M-Australian_Open-R16-Roger_Federer-Tomas_Berdych,Tomas Berdych,nonSnV,148,92,9,0,21,9,5,9,5,1,648
20090126-M-Australian_Open-R16-Roger_Federer-Tomas_Berdych,Tomas Berdych,nonSnV1st,91,65,8,0,21,6,4,7,2,1,299
20090126-M-Australian_Open-R16-Roger_Federer-Tomas_Berdych,Tomas Berdych,nonSnV2nd,57,27,1,0,0,3,1,2,3,0,349
20090125-M-Australian_Open-R16-Fernando_Verdasco-Andy_Murray,Fernando Verdasco,SnV,1,1,0,0,0,1,0,0,0,0,3
20090125-M-Australian_Open-R16-Fernando_Verdasco-Andy_Murray,Fernando Verdasco,SnV1st,1,1,0,0,0,1,0,0,0,0,3
20090125-M-Australian_Open-R16-Fernando_Verdasco-Andy_Murray,Fernando Verdasco,nonSnV,123,76,11,0,21,6,7,1,2,1,700
20090125-M-Australian_Open-R16-Fernando_Verdasco-Andy_Murray,Fernando Verdasco,nonSnV1st,96,66,11,0,21,6,5,1,2,1,524
20090125-M-Australian_Open-R16-Fernando_Verdasco-Andy_Murray,Fernando Verdasco,nonSnV2nd,27,10,0,0,0,0,2,0,0,0,176
20090125-M-Australian_Open-R16-Fernando_Verdasco-Andy_Murray,Andy Murray,SnV,8,6,0,0,1,5,0,0,1,0,24
20090125-M-Australian_Open-R16-Fernando_Verdasco-Andy_Murray,Andy Murray,SnV1st,8,6,0,0,1,5,0,0,1,0,24
20090125-M-Australian_Open-R16-Fernando_Verdasco-Andy_Murray,Andy Murray,nonSnV,126,78,7,0,15,8,3,1,5,1,598
20090125-M-Australian_Open-R16-Fernando_Verdasco-Andy_Murray,Andy Murray,nonSnV1st,75,47,7,0,15,6,2,0,4,1,253
20090125-M-Australian_Open-R16-Fernando_Verdasco-Andy_Murray,Andy Murray,nonSnV2nd,51,31,0,0,0,2,1,1,1,0,345
20090124-M-Australian_Open-R32-Tommy_Haas-Rafael_Nadal,Tommy Haas,SnV,28,15,0,0,5,7,2,1,9,0,101
20090124-M-Australian_Open-R32-Tommy_Haas-Rafael_Nadal,Tommy Haas,SnV1st,22,12,0,0,5,6,1,0,8,0,82
20090124-M-Australian_Open-R32-Tommy_Haas-Rafael_Nadal,Tommy Haas,SnV2nd,6,3,0,0,0,1,1,1,1,0,19
20090124-M-Australian_Open-R32-Tommy_Haas-Rafael_Nadal,Tommy Haas,nonSnV,70,35,6,1,6,4,5,1,4,0,381
20090124-M-Australian_Open-R32-Tommy_Haas-Rafael_Nadal,Tommy Haas,nonSnV1st,39,23,5,1,6,1,2,0,2,0,191
20090124-M-Australian_Open-R32-Tommy_Haas-Rafael_Nadal,Tommy Haas,nonSnV2nd,31,12,1,0,0,3,3,1,2,0,190
20090124-M-Australian_Open-R32-Tommy_Haas-Rafael_Nadal,Rafael Nadal,SnV,1,1,0,0,1,0,0,0,0,0,1
20090124-M-Australian_Open-R32-Tommy_Haas-Rafael_Nadal,Rafael Nadal,SnV1st,1,1,0,0,1,0,0,0,0,0,1
20090124-M-Australian_Open-R32-Tommy_Haas-Rafael_Nadal,Rafael Nadal,nonSnV,61,49,4,1,4,10,4,0,0,2,321
20090124-M-Australian_Open-R32-Tommy_Haas-Rafael_Nadal,Rafael Nadal,nonSnV1st,43,35,4,1,4,6,4,0,0,2,195
20090124-M-Australian_Open-R32-Tommy_Haas-Rafael_Nadal,Rafael Nadal,nonSnV2nd,18,14,0,0,0,4,0,0,0,0,126
20090124-M-Australian_Open-R32-Richard_Gasquet-Fernando_Gonzalez,Richard Gasquet,SnV,49,39,3,1,4,21,4,1,4,1,157
20090124-M-Australian_Open-R32-Richard_Gasquet-Fernando_Gonzalez,Richard Gasquet,SnV1st,41,35,3,1,4,20,2,1,3,0,131
20090124-M-Australian_Open-R32-Richard_Gasquet-Fernando_Gonzalez,Richard Gasquet,SnV2nd,8,4,0,0,0,1,2,0,1,1,26
20090124-M-Australian_Open-R32-Richard_Gasquet-Fernando_Gonzalez,Richard Gasquet,nonSnV,123,80,8,4,15,15,9,3,5,1,592
20090124-M-Australian_Open-R32-Richard_Gasquet-Fernando_Gonzalez,Richard Gasquet,nonSnV1st,74,57,7,4,13,11,6,1,4,0,323
20090124-M-Australian_Open-R32-Richard_Gasquet-Fernando_Gonzalez,Richard Gasquet,nonSnV2nd,49,23,1,0,2,4,3,2,1,1,269
20090124-M-Australian_Open-R32-Richard_Gasquet-Fernando_Gonzalez,Fernando Gonzalez,SnV,2,1,0,0,0,0,0,0,1,0,7
20090124-M-Australian_Open-R32-Richard_Gasquet-Fernando_Gonzalez,Fernando Gonzalez,SnV1st,1,0,0,0,0,0,0,0,1,0,4
20090124-M-Australian_Open-R32-Richard_Gasquet-Fernando_Gonzalez,Fernando Gonzalez,SnV2nd,1,1,0,0,0,0,0,0,0,0,3
20090124-M-Australian_Open-R32-Richard_Gasquet-Fernando_Gonzalez,Fernando Gonzalez,nonSnV,194,130,14,5,33,13,7,5,6,1,740
20090124-M-Australian_Open-R32-Richard_Gasquet-Fernando_Gonzalez,Fernando Gonzalez,nonSnV1st,138,101,14,5,29,11,5,4,4,0,493
20090124-M-Australian_Open-R32-Richard_Gasquet-Fernando_Gonzalez,Fernando Gonzalez,nonSnV2nd,56,29,0,0,4,2,2,1,2,1,247
20090123-M-Australian_Open-R32-Roger_Federer-Marat_Safin,Roger Federer,SnV,3,3,0,0,0,2,1,0,0,0,13
20090123-M-Australian_Open-R32-Roger_Federer-Marat_Safin,Roger Federer,SnV1st,3,3,0,0,0,2,1,0,0,0,13
20090123-M-Australian_Open-R32-Roger_Federer-Marat_Safin,Roger Federer,nonSnV,85,65,9,5,18,0,0,0,1,0,293
20090123-M-Australian_Open-R32-Roger_Federer-Marat_Safin,Roger Federer,nonSnV1st,51,43,9,5,16,0,0,0,1,0,125
20090123-M-Australian_Open-R32-Roger_Federer-Marat_Safin,Roger Federer,nonSnV2nd,34,22,0,0,2,0,0,0,0,0,168
20090123-M-Australian_Open-R32-Roger_Federer-Marat_Safin,Marat Safin,SnV,2,1,0,0,0,1,0,0,1,0,7
20090123-M-Australian_Open-R32-Roger_Federer-Marat_Safin,Marat Safin,SnV1st,2,1,0,0,0,1,0,0,1,0,7
20090123-M-Australian_Open-R32-Roger_Federer-Marat_Safin,Marat Safin,nonSnV,84,53,14,3,6,2,0,0,4,2,341
20090123-M-Australian_Open-R32-Roger_Federer-Marat_Safin,Marat Safin,nonSnV1st,41,28,14,3,5,0,0,0,4,2,124
20090123-M-Australian_Open-R32-Roger_Federer-Marat_Safin,Marat Safin,nonSnV2nd,43,25,0,0,1,2,0,0,0,0,217
20080908-M-US_Open-F-Roger_Federer-Andy_Murray,Roger Federer,SnV,7,3,0,0,2,1,0,0,1,2,21
20080908-M-US_Open-F-Roger_Federer-Andy_Murray,Roger Federer,SnV1st,7,3,0,0,2,1,0,0,1,2,21
20080908-M-US_Open-F-Roger_Federer-Andy_Murray,Roger Federer,nonSnV,74,50,3,0,15,7,3,1,1,1,378
20080908-M-US_Open-F-Roger_Federer-Andy_Murray,Roger Federer,nonSnV1st,40,34,3,0,13,5,3,0,1,0,148
20080908-M-US_Open-F-Roger_Federer-Andy_Murray,Roger Federer,nonSnV2nd,34,16,0,0,2,2,0,1,0,1,230
20080908-M-US_Open-F-Roger_Federer-Andy_Murray,Andy Murray,SnV,1,1,0,0,0,1,0,0,0,0,5
20080908-M-US_Open-F-Roger_Federer-Andy_Murray,Andy Murray,SnV1st,1,1,0,0,0,1,0,0,0,0,5
20080908-M-US_Open-F-Roger_Federer-Andy_Murray,Andy Murray,nonSnV,77,39,3,0,8,2,1,1,3,2,381
20080908-M-US_Open-F-Roger_Federer-Andy_Murray,Andy Murray,nonSnV1st,44,22,2,0,7,2,1,1,2,2,236
20080908-M-US_Open-F-Roger_Federer-Andy_Murray,Andy Murray,nonSnV2nd,33,17,1,0,1,0,0,0,1,0,145
20080905-M-US_Open-SF-Rafael_Nadal-Andy_Murray,Rafael Nadal,SnV,9,7,0,0,2,5,0,1,1,0,29
20080905-M-US_Open-SF-Rafael_Nadal-Andy_Murray,Rafael Nadal,SnV1st,9,7,0,0,2,5,0,1,1,0,29
20080905-M-US_Open-SF-Rafael_Nadal-Andy_Murray,Rafael Nadal,nonSnV,156,90,7,0,21,7,5,1,4,2,838
20080905-M-US_Open-SF-Rafael_Nadal-Andy_Murray,Rafael Nadal,nonSnV1st,111,64,7,0,20,6,3,1,2,2,590
20080905-M-US_Open-SF-Rafael_Nadal-Andy_Murray,Rafael Nadal,nonSnV2nd,45,26,0,0,1,1,2,0,2,0,248
20080905-M-US_Open-SF-Rafael_Nadal-Andy_Murray,Andy Murray,SnV,20,14,0,0,7,4,2,1,1,0,44
20080905-M-US_Open-SF-Rafael_Nadal-Andy_Murray,Andy Murray,SnV1st,15,11,0,0,6,4,1,1,1,0,31
20080905-M-US_Open-SF-Rafael_Nadal-Andy_Murray,Andy Murray,SnV2nd,5,3,0,0,1,0,1,0,0,0,13
20080905-M-US_Open-SF-Rafael_Nadal-Andy_Murray,Andy Murray,nonSnV,85,65,21,0,16,6,1,1,2,0,245
20080905-M-US_Open-SF-Rafael_Nadal-Andy_Murray,Andy Murray,nonSnV1st,55,44,21,0,11,3,1,1,2,0,128
20080905-M-US_Open-SF-Rafael_Nadal-Andy_Murray,Andy Murray,nonSnV2nd,30,21,0,0,5,3,0,0,0,0,117
20080904-M-US_Open-QF-Roger_Federer-Gilles_Muller,Roger Federer,SnV,2,1,0,0,1,0,0,0,1,0,5
20080904-M-US_Open-QF-Roger_Federer-Gilles_Muller,Roger Federer,SnV1st,1,1,0,0,1,0,0,0,0,0,1
20080904-M-US_Open-QF-Roger_Federer-Gilles_Muller,Roger Federer,SnV2nd,1,0,0,0,0,0,0,0,1,0,4
20080904-M-US_Open-QF-Roger_Federer-Gilles_Muller,Roger Federer,nonSnV,101,79,7,0,24,8,4,0,2,0,339
20080904-M-US_Open-QF-Roger_Federer-Gilles_Muller,Roger Federer,nonSnV1st,62,53,7,0,22,4,3,0,0,0,169
20080904-M-US_Open-QF-Roger_Federer-Gilles_Muller,Roger Federer,nonSnV2nd,39,26,0,0,2,4,1,0,2,0,170
20080904-M-US_Open-QF-Roger_Federer-Gilles_Muller,Gilles Muller,SnV,13,8,0,0,3,3,2,1,2,0,32
20080904-M-US_Open-QF-Roger_Federer-Gilles_Muller,Gilles Muller,SnV1st,9,6,0,0,3,1,2,0,1,0,20
20080904-M-US_Open-QF-Roger_Federer-Gilles_Muller,Gilles Muller,SnV2nd,4,2,0,0,0,2,0,1,1,0,12
20080904-M-US_Open-QF-Roger_Federer-Gilles_Muller,Gilles Muller,nonSnV,104,76,16,0,16,9,7,1,3,2,374
20080904-M-US_Open-QF-Roger_Federer-Gilles_Muller,Gilles Muller,nonSnV1st,66,52,16,0,13,9,2,0,2,1,232
20080904-M-US_Open-QF-Roger_Federer-Gilles_Muller,Gilles Muller,nonSnV2nd,38,24,0,0,3,0,5,1,1,1,142
20080903-M-US_Open-R16-Roger_Federer-Igor_Andreev,Roger Federer,SnV,24,17,1,1,3,10,2,2,3,0,79
20080903-M-US_Open-R16-Roger_Federer-Igor_Andreev,Roger Federer,SnV1st,21,14,1,1,2,8,2,2,3,0,70
20080903-M-US_Open-R16-Roger_Federer-Igor_Andreev,Roger Federer,SnV2nd,3,3,0,0,1,2,0,0,0,0,9
20080903-M-US_Open-R16-Roger_Federer-Igor_Andreev,Roger Federer,nonSnV,139,100,10,2,34,15,11,4,2,0,478
20080903-M-US_Open-R16-Roger_Federer-Igor_Andreev,Roger Federer,nonSnV1st,92,72,9,2,27,11,9,1,1,0,298
20080903-M-US_Open-R16-Roger_Federer-Igor_Andreev,Roger Federer,nonSnV2nd,47,28,1,0,7,4,2,3,1,0,180
20080831-M-US_Open-R32-Roger_Federer-Radek_Stepanek,Roger Federer,SnV,1,1,0,0,0,0,0,0,0,0,3
20080831-M-US_Open-R32-Roger_Federer-Radek_Stepanek,Roger Federer,SnV1st,1,1,0,0,0,0,0,0,0,0,3
20080831-M-US_Open-R32-Roger_Federer-Radek_Stepanek,Roger Federer,nonSnV,72,54,12,2,13,3,2,1,1,0,234
20080831-M-US_Open-R32-Roger_Federer-Radek_Stepanek,Roger Federer,nonSnV1st,54,40,12,2,11,2,1,1,1,0,164
20080831-M-US_Open-R32-Roger_Federer-Radek_Stepanek,Roger Federer,nonSnV2nd,18,14,0,0,2,1,1,0,0,0,70
20080831-M-US_Open-R32-Roger_Federer-Radek_Stepanek,Radek Stepanek,SnV,24,13,1,0,4,3,4,0,3,2,71
20080831-M-US_Open-R32-Roger_Federer-Radek_Stepanek,Radek Stepanek,SnV1st,23,13,1,0,4,3,4,0,3,2,69
20080831-M-US_Open-R32-Roger_Federer-Radek_Stepanek,Radek Stepanek,SnV2nd,1,0,0,0,0,0,0,0,0,0,2
20080831-M-US_Open-R32-Roger_Federer-Radek_Stepanek,Radek Stepanek,nonSnV,57,32,0,2,14,1,3,2,6,1,252
20080831-M-US_Open-R32-Roger_Federer-Radek_Stepanek,Radek Stepanek,nonSnV1st,36,24,0,2,10,1,2,0,4,1,124
20080831-M-US_Open-R32-Roger_Federer-Radek_Stepanek,Radek Stepanek,nonSnV2nd,21,8,0,0,4,0,1,2,2,0,128
20080830-M-US_Open-R32-James_Blake-Mardy_Fish,Mardy Fish,SnV,12,7,0,0,2,3,1,1,0,0,39
20080830-M-US_Open-R32-James_Blake-Mardy_Fish,Mardy Fish,SnV1st,12,7,0,0,2,3,1,1,0,0,39
20080830-M-US_Open-R32-James_Blake-Mardy_Fish,Mardy Fish,nonSnV,83,59,16,6,11,7,1,0,1,1,218
20080830-M-US_Open-R32-James_Blake-Mardy_Fish,Mardy Fish,nonSnV1st,44,40,16,6,11,5,0,0,0,0,74
20080830-M-US_Open-R32-James_Blake-Mardy_Fish,Mardy Fish,nonSnV2nd,39,19,0,0,0,2,1,0,1,1,144
20080827-M-US_Open-R128-Roger_Federer-Maximo_Gonzalez,Roger Federer,SnV,8,4,1,0,2,1,0,0,3,0,22
20080827-M-US_Open-R128-Roger_Federer-Maximo_Gonzalez,Roger Federer,SnV1st,6,3,1,0,1,1,0,0,2,0,15
20080827-M-US_Open-R128-Roger_Federer-Maximo_Gonzalez,Roger Federer,SnV2nd,2,1,0,0,1,0,0,0,1,0,7
20080827-M-US_Open-R128-Roger_Federer-Maximo_Gonzalez,Roger Federer,nonSnV,67,48,14,0,10,5,4,1,1,1,230
20080827-M-US_Open-R128-Roger_Federer-Maximo_Gonzalez,Roger Federer,nonSnV1st,50,38,12,0,8,4,4,1,0,1,164
20080827-M-US_Open-R128-Roger_Federer-Maximo_Gonzalez,Roger Federer,nonSnV2nd,17,10,2,0,2,1,0,0,1,0,66
20080827-M-US_Open-R128-Roger_Federer-Maximo_Gonzalez,Maximo Gonzalez,SnV,1,1,0,0,0,1,0,0,0,0,3
20080827-M-US_Open-R128-Roger_Federer-Maximo_Gonzalez,Maximo Gonzalez,SnV1st,1,1,0,0,0,1,0,0,0,0,3
20080827-M-US_Open-R128-Roger_Federer-Maximo_Gonzalez,Maximo Gonzalez,nonSnV,71,35,1,0,9,3,2,0,3,1,333
20080827-M-US_Open-R128-Roger_Federer-Maximo_Gonzalez,Maximo Gonzalez,nonSnV1st,48,26,1,0,8,3,2,0,2,1,224
20080827-M-US_Open-R128-Roger_Federer-Maximo_Gonzalez,Maximo Gonzalez,nonSnV2nd,23,9,0,0,1,0,0,0,1,0,109
20080127-M-Australian_Open-SF-Novak_Djokovic-Roger_Federer,Novak Djokovic,SnV,2,1,0,0,1,0,0,0,0,0,3
20080127-M-Australian_Open-SF-Novak_Djokovic-Roger_Federer,Novak Djokovic,SnV1st,2,1,0,0,1,0,0,0,0,0,3
20080127-M-Australian_Open-SF-Novak_Djokovic-Roger_Federer,Novak Djokovic,nonSnV,99,69,14,0,21,9,4,0,1,1,401
20080127-M-Australian_Open-SF-Novak_Djokovic-Roger_Federer,Novak Djokovic,nonSnV1st,71,55,14,0,20,8,2,0,1,1,253
20080127-M-Australian_Open-SF-Novak_Djokovic-Roger_Federer,Novak Djokovic,nonSnV2nd,28,14,0,0,1,1,2,0,0,0,148
20080127-M-Australian_Open-SF-Novak_Djokovic-Roger_Federer,Roger Federer,SnV,6,5,0,0,3,1,1,0,0,0,13
20080127-M-Australian_Open-SF-Novak_Djokovic-Roger_Federer,Roger Federer,SnV1st,5,4,0,0,3,1,0,0,0,0,10
20080127-M-Australian_Open-SF-Novak_Djokovic-Roger_Federer,Roger Federer,SnV2nd,1,1,0,0,0,0,1,0,0,0,3
20080127-M-Australian_Open-SF-Novak_Djokovic-Roger_Federer,Roger Federer,nonSnV,92,56,10,1,17,8,4,2,4,1,444
20080127-M-Australian_Open-SF-Novak_Djokovic-Roger_Federer,Roger Federer,nonSnV1st,57,40,10,1,14,7,2,1,2,1,218
20080127-M-Australian_Open-SF-Novak_Djokovic-Roger_Federer,Roger Federer,nonSnV2nd,35,16,0,0,3,1,2,1,2,0,226
20080125-M-Australian_Open-SF-Jo_Wilfried_Tsonga-Rafael_Nadal,Jo Wilfried Tsonga,SnV,2,1,0,0,0,1,0,0,1,0,7
20080125-M-Australian_Open-SF-Jo_Wilfried_Tsonga-Rafael_Nadal,Jo Wilfried Tsonga,SnV1st,2,1,0,0,0,1,0,0,1,0,7
20080125-M-Australian_Open-SF-Jo_Wilfried_Tsonga-Rafael_Nadal,Jo Wilfried Tsonga,nonSnV,73,56,17,0,11,5,6,3,2,3,256
20080125-M-Australian_Open-SF-Jo_Wilfried_Tsonga-Rafael_Nadal,Jo Wilfried Tsonga,nonSnV1st,47,41,16,0,9,2,4,2,1,1,125
20080125-M-Australian_Open-SF-Jo_Wilfried_Tsonga-Rafael_Nadal,Jo Wilfried Tsonga,nonSnV2nd,26,15,1,0,2,3,2,1,1,2,131
20080125-M-Australian_Open-SF-Jo_Wilfried_Tsonga-Rafael_Nadal,Rafael Nadal,SnV,1,1,0,0,0,0,1,0,0,0,3
20080125-M-Australian_Open-SF-Jo_Wilfried_Tsonga-Rafael_Nadal,Rafael Nadal,SnV1st,1,1,0,0,0,0,1,0,0,0,3
20080125-M-Australian_Open-SF-Jo_Wilfried_Tsonga-Rafael_Nadal,Rafael Nadal,nonSnV,68,37,2,0,8,2,0,3,2,0,399
20080125-M-Australian_Open-SF-Jo_Wilfried_Tsonga-Rafael_Nadal,Rafael Nadal,nonSnV1st,47,26,2,0,4,2,0,2,2,0,318
20080125-M-Australian_Open-SF-Jo_Wilfried_Tsonga-Rafael_Nadal,Rafael Nadal,nonSnV2nd,21,11,0,0,4,0,0,1,0,0,81
20080123-M-Australian_Open-QF-Roger_Federer-James_Blake,Roger Federer,SnV,2,1,0,0,1,0,0,0,0,0,3
20080123-M-Australian_Open-QF-Roger_Federer-James_Blake,Roger Federer,SnV1st,2,1,0,0,1,0,0,0,0,0,3
20080123-M-Australian_Open-QF-Roger_Federer-James_Blake,Roger Federer,nonSnV,94,66,13,0,20,3,6,2,3,1,274
20080123-M-Australian_Open-QF-Roger_Federer-James_Blake,Roger Federer,nonSnV1st,63,48,12,0,18,3,4,2,2,0,156
20080123-M-Australian_Open-QF-Roger_Federer-James_Blake,Roger Federer,nonSnV2nd,31,18,1,0,2,0,2,0,1,1,118
20080122-M-Australian_Open-QF-Jo_Wilfried_Tsonga-Mikhail_Youzhny,Jo Wilfried Tsonga,SnV,12,10,1,0,4,3,2,1,0,0,30
20080122-M-Australian_Open-QF-Jo_Wilfried_Tsonga-Mikhail_Youzhny,Jo Wilfried Tsonga,SnV1st,6,6,1,0,2,2,1,0,0,0,16
20080122-M-Australian_Open-QF-Jo_Wilfried_Tsonga-Mikhail_Youzhny,Jo Wilfried Tsonga,SnV2nd,6,4,0,0,2,1,1,1,0,0,14
20080122-M-Australian_Open-QF-Jo_Wilfried_Tsonga-Mikhail_Youzhny,Jo Wilfried Tsonga,nonSnV,73,56,7,2,14,4,4,1,4,0,330
20080122-M-Australian_Open-QF-Jo_Wilfried_Tsonga-Mikhail_Youzhny,Jo Wilfried Tsonga,nonSnV1st,48,42,6,2,10,2,3,0,2,0,208
20080122-M-Australian_Open-QF-Jo_Wilfried_Tsonga-Mikhail_Youzhny,Jo Wilfried Tsonga,nonSnV2nd,25,14,1,0,4,2,1,1,2,0,122
20080122-M-Australian_Open-QF-Jo_Wilfried_Tsonga-Mikhail_Youzhny,Mikhail Youzhny,SnV,1,1,0,0,0,1,0,0,0,0,3
20080122-M-Australian_Open-QF-Jo_Wilfried_Tsonga-Mikhail_Youzhny,Mikhail Youzhny,SnV1st,1,1,0,0,0,1,0,0,0,0,3
20080122-M-Australian_Open-QF-Jo_Wilfried_Tsonga-Mikhail_Youzhny,Mikhail Youzhny,nonSnV,102,61,0,0,10,12,2,3,4,2,575
20080122-M-Australian_Open-QF-Jo_Wilfried_Tsonga-Mikhail_Youzhny,Mikhail Youzhny,nonSnV1st,76,52,0,0,9,11,2,2,3,2,448
20080122-M-Australian_Open-QF-Jo_Wilfried_Tsonga-Mikhail_Youzhny,Mikhail Youzhny,nonSnV2nd,26,9,0,0,1,1,0,1,1,0,127
20080122-M-Australian_Open-QF-Jarkko_Nieminen-Rafael_Nadal,Jarkko Nieminen,SnV,3,1,0,0,0,1,0,1,0,0,7
20080122-M-Australian_Open-QF-Jarkko_Nieminen-Rafael_Nadal,Jarkko Nieminen,SnV1st,2,1,0,0,0,1,0,0,0,0,5
20080122-M-Australian_Open-QF-Jarkko_Nieminen-Rafael_Nadal,Jarkko Nieminen,SnV2nd,1,0,0,0,0,0,0,1,0,0,2
20080122-M-Australian_Open-QF-Jarkko_Nieminen-Rafael_Nadal,Jarkko Nieminen,nonSnV,86,49,2,0,13,3,8,1,4,1,471
20080122-M-Australian_Open-QF-Jarkko_Nieminen-Rafael_Nadal,Jarkko Nieminen,nonSnV1st,65,42,2,0,13,3,7,1,3,1,360
20080122-M-Australian_Open-QF-Jarkko_Nieminen-Rafael_Nadal,Jarkko Nieminen,nonSnV2nd,21,7,0,0,0,0,1,0,1,0,111
20080121-M-Australian_Open-R16-Tomas_Berdych-Roger_Federer,Roger Federer,SnV,1,0,0,0,0,0,0,1,0,0,2
20080121-M-Australian_Open-R16-Tomas_Berdych-Roger_Federer,Roger Federer,SnV1st,1,0,0,0,0,0,0,1,0,0,2
20080121-M-Australian_Open-R16-Tomas_Berdych-Roger_Federer,Roger Federer,nonSnV,86,68,11,4,12,7,2,0,3,0,268
20080121-M-Australian_Open-R16-Tomas_Berdych-Roger_Federer,Roger Federer,nonSnV1st,58,45,11,4,10,5,0,0,3,0,163
20080121-M-Australian_Open-R16-Tomas_Berdych-Roger_Federer,Roger Federer,nonSnV2nd,28,23,0,0,2,2,2,0,0,0,105
20080120-M-Australian_Open-R16-Richard_Gasquet-Jo_Wilfried_Tsonga,Richard Gasquet,SnV,11,8,0,1,0,6,1,0,2,0,38
20080120-M-Australian_Open-R16-Richard_Gasquet-Jo_Wilfried_Tsonga,Richard Gasquet,SnV1st,11,8,0,1,0,6,1,0,2,0,38
20080120-M-Australian_Open-R16-Richard_Gasquet-Jo_Wilfried_Tsonga,Richard Gasquet,nonSnV,136,85,5,3,15,16,9,5,11,3,647
20080120-M-Australian_Open-R16-Richard_Gasquet-Jo_Wilfried_Tsonga,Richard Gasquet,nonSnV1st,81,56,4,3,13,12,6,2,7,2,344
20080120-M-Australian_Open-R16-Richard_Gasquet-Jo_Wilfried_Tsonga,Richard Gasquet,nonSnV2nd,55,29,1,0,2,4,3,3,4,1,303
20080120-M-Australian_Open-R16-Richard_Gasquet-Jo_Wilfried_Tsonga,Jo Wilfried Tsonga,SnV,9,7,0,0,2,4,1,1,0,1,23
20080120-M-Australian_Open-R16-Richard_Gasquet-Jo_Wilfried_Tsonga,Jo Wilfried Tsonga,SnV1st,6,6,0,0,2,3,1,0,0,0,14
20080120-M-Australian_Open-R16-Richard_Gasquet-Jo_Wilfried_Tsonga,Jo Wilfried Tsonga,SnV2nd,3,1,0,0,0,1,0,1,0,1,9
20080120-M-Australian_Open-R16-Richard_Gasquet-Jo_Wilfried_Tsonga,Jo Wilfried Tsonga,nonSnV,117,85,18,0,16,9,9,2,4,1,515
20080120-M-Australian_Open-R16-Richard_Gasquet-Jo_Wilfried_Tsonga,Jo Wilfried Tsonga,nonSnV1st,77,63,18,0,13,7,7,1,4,1,289
20080120-M-Australian_Open-R16-Richard_Gasquet-Jo_Wilfried_Tsonga,Jo Wilfried Tsonga,nonSnV2nd,40,22,0,0,3,2,2,1,0,0,226
20080119-M-Australian_Open-R32-Roger_Federer-Janko_Tipsarevic,Roger Federer,SnV,4,4,0,1,0,2,1,0,0,0,10
20080119-M-Australian_Open-R32-Roger_Federer-Janko_Tipsarevic,Roger Federer,SnV1st,4,4,0,1,0,2,1,0,0,0,10
20080119-M-Australian_Open-R32-Roger_Federer-Janko_Tipsarevic,Roger Federer,nonSnV,163,124,39,6,28,12,7,1,4,0,492
20080119-M-Australian_Open-R32-Roger_Federer-Janko_Tipsarevic,Roger Federer,nonSnV1st,104,92,37,4,26,7,6,0,2,0,224
20080119-M-Australian_Open-R32-Roger_Federer-Janko_Tipsarevic,Roger Federer,nonSnV2nd,59,32,2,2,2,5,1,1,2,0,268
20080119-M-Australian_Open-R32-Roger_Federer-Janko_Tipsarevic,Janko Tipsarevic,SnV,6,6,1,0,0,2,3,0,0,0,24
20080119-M-Australian_Open-R32-Roger_Federer-Janko_Tipsarevic,Janko Tipsarevic,SnV1st,6,6,1,0,0,2,3,0,0,0,24
20080119-M-Australian_Open-R32-Roger_Federer-Janko_Tipsarevic,Janko Tipsarevic,nonSnV,195,127,14,6,32,10,6,2,8,7,863
20080119-M-Australian_Open-R32-Roger_Federer-Janko_Tipsarevic,Janko Tipsarevic,nonSnV1st,100,69,12,6,25,3,4,1,7,5,335
20080119-M-Australian_Open-R32-Roger_Federer-Janko_Tipsarevic,Janko Tipsarevic,nonSnV2nd,95,58,2,0,7,7,2,1,1,2,528
20080119-M-Australian_Open-R32-Lleyton_Hewitt-Marcos_Baghdatis,Lleyton Hewitt,SnV,3,3,1,0,0,2,0,0,0,0,9
20080119-M-Australian_Open-R32-Lleyton_Hewitt-Marcos_Baghdatis,Lleyton Hewitt,SnV1st,3,3,1,0,0,2,0,0,0,0,9
20080119-M-Australian_Open-R32-Lleyton_Hewitt-Marcos_Baghdatis,Lleyton Hewitt,nonSnV,159,105,9,6,29,10,9,1,5,1,911
20080119-M-Australian_Open-R32-Lleyton_Hewitt-Marcos_Baghdatis,Lleyton Hewitt,nonSnV1st,92,69,9,6,22,7,6,1,3,1,391
20080119-M-Australian_Open-R32-Lleyton_Hewitt-Marcos_Baghdatis,Lleyton Hewitt,nonSnV2nd,67,36,0,0,7,3,3,0,2,0,520
20080117-M-Australian_Open-R64-Roger_Federer-Fabrice_Santoro,Roger Federer,SnV,10,9,1,0,0,7,1,1,0,0,29
20080117-M-Australian_Open-R64-Roger_Federer-Fabrice_Santoro,Roger Federer,SnV1st,9,8,1,0,0,6,1,1,0,0,26
20080117-M-Australian_Open-R64-Roger_Federer-Fabrice_Santoro,Roger Federer,SnV2nd,1,1,0,0,0,1,0,0,0,0,3
20080117-M-Australian_Open-R64-Roger_Federer-Fabrice_Santoro,Roger Federer,nonSnV,50,38,6,3,3,10,7,0,4,0,228
20080117-M-Australian_Open-R64-Roger_Federer-Fabrice_Santoro,Roger Federer,nonSnV1st,33,24,6,3,1,6,3,0,3,0,126
20080117-M-Australian_Open-R64-Roger_Federer-Fabrice_Santoro,Roger Federer,nonSnV2nd,17,14,0,0,2,4,4,0,1,0,102
20080117-M-Australian_Open-R64-Roger_Federer-Fabrice_Santoro,Fabrice Santoro,SnV,8,3,0,0,1,2,0,1,3,0,31
20080117-M-Australian_Open-R64-Roger_Federer-Fabrice_Santoro,Fabrice Santoro,SnV1st,8,3,0,0,1,2,0,1,3,0,31
20080117-M-Australian_Open-R64-Roger_Federer-Fabrice_Santoro,Fabrice Santoro,nonSnV,61,26,2,0,5,2,4,2,3,0,342
20080117-M-Australian_Open-R64-Roger_Federer-Fabrice_Santoro,Fabrice Santoro,nonSnV1st,36,17,2,0,5,2,3,1,2,0,187
20080117-M-Australian_Open-R64-Roger_Federer-Fabrice_Santoro,Fabrice Santoro,nonSnV2nd,25,9,0,0,0,0,1,1,1,0,155
20080117-M-Australian_Open-R64-Marat_Safin-Marcos_Baghdatis,Marat Safin,SnV,1,1,0,0,0,0,1,0,0,0,3
20080117-M-Australian_Open-R64-Marat_Safin-Marcos_Baghdatis,Marat Safin,SnV1st,1,1,0,0,0,0,1,0,0,0,3
20080117-M-Australian_Open-R64-Marat_Safin-Marcos_Baghdatis,Marat Safin,nonSnV,149,93,12,1,28,4,5,4,6,0,699
20080117-M-Australian_Open-R64-Marat_Safin-Marcos_Baghdatis,Marat Safin,nonSnV1st,84,57,12,1,20,2,3,4,5,0,289
20080117-M-Australian_Open-R64-Marat_Safin-Marcos_Baghdatis,Marat Safin,nonSnV2nd,65,36,0,0,8,2,2,0,1,0,410
20080115-M-Australian_Open-R128-Roger_Federer-Diego_Hartfield,Roger Federer,SnV,8,5,2,0,1,1,1,0,2,0,19
20080115-M-Australian_Open-R128-Roger_Federer-Diego_Hartfield,Roger Federer,SnV1st,7,5,2,0,1,1,1,0,1,0,15
20080115-M-Australian_Open-R128-Roger_Federer-Diego_Hartfield,Roger Federer,SnV2nd,1,0,0,0,0,0,0,0,1,0,4
20080115-M-Australian_Open-R128-Roger_Federer-Diego_Hartfield,Roger Federer,nonSnV,56,44,9,1,8,3,4,0,2,0,190
20080115-M-Australian_Open-R128-Roger_Federer-Diego_Hartfield,Roger Federer,nonSnV1st,40,34,8,1,8,3,3,0,1,0,106
20080115-M-Australian_Open-R128-Roger_Federer-Diego_Hartfield,Roger Federer,nonSnV2nd,16,10,1,0,0,0,1,0,1,0,84
20080115-M-Australian_Open-R128-Roger_Federer-Diego_Hartfield,Diego Hartfield,SnV,2,2,0,0,2,0,0,0,0,0,2
20080115-M-Australian_Open-R128-Roger_Federer-Diego_Hartfield,Diego Hartfield,SnV1st,2,2,0,0,2,0,0,0,0,0,2
20080115-M-Australian_Open-R128-Roger_Federer-Diego_Hartfield,Diego Hartfield,nonSnV,59,24,3,0,10,2,0,1,3,1,270
20080115-M-Australian_Open-R128-Roger_Federer-Diego_Hartfield,Diego Hartfield,nonSnV1st,37,18,3,0,9,1,0,0,2,1,148
20080115-M-Australian_Open-R128-Roger_Federer-Diego_Hartfield,Diego Hartfield,nonSnV2nd,22,6,0,0,1,1,0,1,1,0,122
20080114-M-Australian_Open-R128-Novak_Djokovic-Benjamin_Becker,Novak Djokovic,SnV,1,1,0,0,1,0,0,0,0,0,1
20080114-M-Australian_Open-R128-Novak_Djokovic-Benjamin_Becker,Novak Djokovic,SnV1st,1,1,0,0,1,0,0,0,0,0,1
20080114-M-Australian_Open-R128-Novak_Djokovic-Benjamin_Becker,Novak Djokovic,nonSnV,74,54,6,0,21,4,4,1,0,0,298
20080114-M-Australian_Open-R128-Novak_Djokovic-Benjamin_Becker,Novak Djokovic,nonSnV1st,51,42,6,0,16,3,4,1,0,0,200
20080114-M-Australian_Open-R128-Novak_Djokovic-Benjamin_Becker,Novak Djokovic,nonSnV2nd,23,12,0,0,5,1,0,0,0,0,98
20070909-M-US_Open-F-Roger_Federer-Novak_Djokovic,Roger Federer,SnV,1,1,0,0,0,0,0,0,0,0,3
20070909-M-US_Open-F-Roger_Federer-Novak_Djokovic,Roger Federer,SnV1st,1,1,0,0,0,0,0,0,0,0,3
20070909-M-US_Open-F-Roger_Federer-Novak_Djokovic,Roger Federer,nonSnV,100,76,11,0,20,8,3,2,0,1,434
20070909-M-US_Open-F-Roger_Federer-Novak_Djokovic,Roger Federer,nonSnV1st,62,49,11,0,18,5,2,2,0,1,223
20070909-M-US_Open-F-Roger_Federer-Novak_Djokovic,Roger Federer,nonSnV2nd,38,27,0,0,2,3,1,0,0,0,211
20070909-M-US_Open-F-Roger_Federer-Novak_Djokovic,Novak Djokovic,SnV,1,0,0,0,0,0,0,0,1,0,4
20070909-M-US_Open-F-Roger_Federer-Novak_Djokovic,Novak Djokovic,SnV1st,1,0,0,0,0,0,0,0,1,0,4
20070909-M-US_Open-F-Roger_Federer-Novak_Djokovic,Novak Djokovic,nonSnV,108,74,5,0,22,6,4,0,3,2,380
20070909-M-US_Open-F-Roger_Federer-Novak_Djokovic,Novak Djokovic,nonSnV1st,61,44,5,0,19,4,2,0,1,1,170
20070909-M-US_Open-F-Roger_Federer-Novak_Djokovic,Novak Djokovic,nonSnV2nd,47,30,0,0,3,2,2,0,2,1,210
20070908-M-US_Open-SF-Roger_Federer-Nikolay_Davydenko,Roger Federer,SnV,4,2,0,0,2,0,0,0,0,0,6
20070908-M-US_Open-SF-Roger_Federer-Nikolay_Davydenko,Roger Federer,SnV1st,2,1,0,0,1,0,0,0,0,0,3
20070908-M-US_Open-SF-Roger_Federer-Nikolay_Davydenko,Roger Federer,SnV2nd,2,1,0,0,1,0,0,0,0,0,3
20070908-M-US_Open-SF-Roger_Federer-Nikolay_Davydenko,Roger Federer,nonSnV,101,60,10,0,15,4,7,0,5,1,468
20070908-M-US_Open-SF-Roger_Federer-Nikolay_Davydenko,Roger Federer,nonSnV1st,58,38,10,0,15,1,3,0,3,1,216
20070908-M-US_Open-SF-Roger_Federer-Nikolay_Davydenko,Roger Federer,nonSnV2nd,43,22,0,0,0,3,4,0,2,0,252
20070908-M-US_Open-SF-Roger_Federer-Nikolay_Davydenko,Nikolay Davydenko,SnV,1,1,0,0,1,0,0,0,0,0,1
20070908-M-US_Open-SF-Roger_Federer-Nikolay_Davydenko,Nikolay Davydenko,SnV1st,1,1,0,0,1,0,0,0,0,0,1
20070908-M-US_Open-SF-Roger_Federer-Nikolay_Davydenko,Nikolay Davydenko,nonSnV,93,47,1,0,16,6,0,3,3,2,485
20070908-M-US_Open-SF-Roger_Federer-Nikolay_Davydenko,Nikolay Davydenko,nonSnV1st,66,35,1,0,15,3,0,1,3,2,329
20070908-M-US_Open-SF-Roger_Federer-Nikolay_Davydenko,Nikolay Davydenko,nonSnV2nd,27,12,0,0,1,3,0,2,0,0,156
20070908-M-US_Open-SF-David_Ferrer-Novak_Djokovic,Novak Djokovic,SnV,1,1,0,0,1,0,0,0,0,0,1
20070908-M-US_Open-SF-David_Ferrer-Novak_Djokovic,Novak Djokovic,SnV1st,1,1,0,0,1,0,0,0,0,0,1
20070908-M-US_Open-SF-David_Ferrer-Novak_Djokovic,Novak Djokovic,nonSnV,87,59,8,0,12,5,2,0,1,0,369
20070908-M-US_Open-SF-David_Ferrer-Novak_Djokovic,Novak Djokovic,nonSnV1st,60,40,8,0,11,2,2,0,1,0,234
20070908-M-US_Open-SF-David_Ferrer-Novak_Djokovic,Novak Djokovic,nonSnV2nd,27,19,0,0,1,3,0,0,0,0,135
20070905-M-US_Open-QF-Tommy_Haas-Nikolay_Davydenko,Tommy Haas,SnV,22,12,1,0,4,5,2,2,3,0,62
20070905-M-US_Open-QF-Tommy_Haas-Nikolay_Davydenko,Tommy Haas,SnV1st,16,9,1,0,3,3,2,2,2,0,41
20070905-M-US_Open-QF-Tommy_Haas-Nikolay_Davydenko,Tommy Haas,SnV2nd,6,3,0,0,1,2,0,0,1,0,21
20070905-M-US_Open-QF-Tommy_Haas-Nikolay_Davydenko,Tommy Haas,nonSnV,88,43,9,2,10,4,0,0,5,2,467
20070905-M-US_Open-QF-Tommy_Haas-Nikolay_Davydenko,Tommy Haas,nonSnV1st,58,37,9,2,10,3,0,0,3,1,245
20070905-M-US_Open-QF-Tommy_Haas-Nikolay_Davydenko,Tommy Haas,nonSnV2nd,30,6,0,0,0,1,0,0,2,1,222
20070905-M-US_Open-QF-Tommy_Haas-Nikolay_Davydenko,Nikolay Davydenko,SnV,1,0,0,0,0,0,0,0,0,0,6
20070905-M-US_Open-QF-Tommy_Haas-Nikolay_Davydenko,Nikolay Davydenko,SnV2nd,1,0,0,0,0,0,0,0,0,0,6
20070905-M-US_Open-QF-Tommy_Haas-Nikolay_Davydenko,Nikolay Davydenko,nonSnV,80,51,7,3,8,6,4,1,1,0,389
20070905-M-US_Open-QF-Tommy_Haas-Nikolay_Davydenko,Nikolay Davydenko,nonSnV1st,62,44,6,3,7,6,4,1,0,0,292
20070905-M-US_Open-QF-Tommy_Haas-Nikolay_Davydenko,Nikolay Davydenko,nonSnV2nd,18,7,1,0,1,0,0,0,1,0,97
20070905-M-US_Open-QF-Roger_Federer-Andy_Roddick,Roger Federer,SnV,2,1,0,0,1,0,0,0,0,0,3
20070905-M-US_Open-QF-Roger_Federer-Andy_Roddick,Roger Federer,SnV1st,1,1,0,0,1,0,0,0,0,0,1
20070905-M-US_Open-QF-Roger_Federer-Andy_Roddick,Roger Federer,SnV2nd,1,0,0,0,0,0,0,0,0,0,2
20070905-M-US_Open-QF-Roger_Federer-Andy_Roddick,Roger Federer,nonSnV,99,77,15,0,16,8,3,2,1,1,363
20070905-M-US_Open-QF-Roger_Federer-Andy_Roddick,Roger Federer,nonSnV1st,61,49,11,0,15,7,2,2,1,1,209
20070905-M-US_Open-QF-Roger_Federer-Andy_Roddick,Roger Federer,nonSnV2nd,38,28,4,0,1,1,1,0,0,0,154
20070905-M-US_Open-QF-Roger_Federer-Andy_Roddick,Andy Roddick,SnV,5,4,1,0,1,1,1,0,0,0,14
20070905-M-US_Open-QF-Roger_Federer-Andy_Roddick,Andy Roddick,SnV1st,2,2,1,0,1,0,0,0,0,0,2
20070905-M-US_Open-QF-Roger_Federer-Andy_Roddick,Andy Roddick,SnV2nd,3,2,0,0,0,1,1,0,0,0,12
20070905-M-US_Open-QF-Roger_Federer-Andy_Roddick,Andy Roddick,nonSnV,98,67,13,0,27,8,3,2,6,5,379
20070905-M-US_Open-QF-Roger_Federer-Andy_Roddick,Andy Roddick,nonSnV1st,71,54,12,0,23,8,3,2,3,3,238
20070905-M-US_Open-QF-Roger_Federer-Andy_Roddick,Andy Roddick,nonSnV2nd,27,13,1,0,4,0,0,0,3,2,141
20070904-M-US_Open-R16-Tommy_Haas-James_Blake,Tommy Haas,SnV,9,4,0,0,1,3,0,2,1,0,24
20070904-M-US_Open-R16-Tommy_Haas-James_Blake,Tommy Haas,SnV1st,6,3,0,0,1,2,0,2,1,0,17
20070904-M-US_Open-R16-Tommy_Haas-James_Blake,Tommy Haas,SnV2nd,3,1,0,0,0,1,0,0,0,0,7
20070904-M-US_Open-R16-Tommy_Haas-James_Blake,Tommy Haas,nonSnV,156,98,19,0,17,8,5,3,2,6,594
20070904-M-US_Open-R16-Tommy_Haas-James_Blake,Tommy Haas,nonSnV1st,100,67,17,0,16,5,5,3,1,2,363
20070904-M-US_Open-R16-Tommy_Haas-James_Blake,Tommy Haas,nonSnV2nd,56,31,2,0,1,3,0,0,1,4,231
20070904-M-US_Open-R16-Tommy_Haas-James_Blake,James Blake,SnV,3,3,0,0,0,2,1,0,0,0,11
20070904-M-US_Open-R16-Tommy_Haas-James_Blake,James Blake,SnV1st,2,2,0,0,0,1,1,0,0,0,6
20070904-M-US_Open-R16-Tommy_Haas-James_Blake,James Blake,SnV2nd,1,1,0,0,0,1,0,0,0,0,5
20070904-M-US_Open-R16-Tommy_Haas-James_Blake,James Blake,nonSnV,130,79,18,0,9,13,3,3,3,0,457
20070904-M-US_Open-R16-Tommy_Haas-James_Blake,James Blake,nonSnV1st,73,51,17,0,9,11,0,3,2,0,253
20070904-M-US_Open-R16-Tommy_Haas-James_Blake,James Blake,nonSnV2nd,57,28,1,0,0,2,3,0,1,0,204
20070904-M-US_Open-R16-David_Ferrer-Rafael_Nadal,David Ferrer,SnV,1,1,0,0,0,0,1,0,0,0,3
20070904-M-US_Open-R16-David_Ferrer-Rafael_Nadal,David Ferrer,SnV1st,1,1,0,0,0,0,1,0,0,0,3
20070904-M-US_Open-R16-David_Ferrer-Rafael_Nadal,David Ferrer,nonSnV,122,82,4,0,13,8,7,3,3,1,640
20070904-M-US_Open-R16-David_Ferrer-Rafael_Nadal,David Ferrer,nonSnV1st,83,58,4,0,12,6,6,2,2,1,394
20070904-M-US_Open-R16-David_Ferrer-Rafael_Nadal,David Ferrer,nonSnV2nd,39,24,0,0,1,2,1,1,1,0,246
20070830-M-US_Open-R64-Roger_Federer-Paul_Capdeville,Roger Federer,SnV,12,7,0,0,1,3,1,1,1,0,29
20070830-M-US_Open-R64-Roger_Federer-Paul_Capdeville,Roger Federer,SnV1st,7,4,0,0,1,1,1,1,0,0,16
20070830-M-US_Open-R64-Roger_Federer-Paul_Capdeville,Roger Federer,SnV2nd,5,3,0,0,0,2,0,0,1,0,13
20070830-M-US_Open-R64-Roger_Federer-Paul_Capdeville,Roger Federer,nonSnV,59,47,5,0,9,3,3,1,1,1,241
20070830-M-US_Open-R64-Roger_Federer-Paul_Capdeville,Roger Federer,nonSnV1st,38,30,5,0,7,2,2,0,1,1,134
20070830-M-US_Open-R64-Roger_Federer-Paul_Capdeville,Roger Federer,nonSnV2nd,21,17,0,0,2,1,1,1,0,0,107
20070830-M-US_Open-R64-Roger_Federer-Paul_Capdeville,Paul Capdeville,SnV,9,5,0,0,1,1,0,2,1,0,37
20070830-M-US_Open-R64-Roger_Federer-Paul_Capdeville,Paul Capdeville,SnV1st,8,5,0,0,1,1,0,2,1,0,33
20070830-M-US_Open-R64-Roger_Federer-Paul_Capdeville,Paul Capdeville,SnV2nd,1,0,0,0,0,0,0,0,0,0,4
20070830-M-US_Open-R64-Roger_Federer-Paul_Capdeville,Paul Capdeville,nonSnV,73,41,5,0,10,5,2,0,8,0,323
20070830-M-US_Open-R64-Roger_Federer-Paul_Capdeville,Paul Capdeville,nonSnV1st,43,28,5,0,10,5,0,0,4,0,170
20070830-M-US_Open-R64-Roger_Federer-Paul_Capdeville,Paul Capdeville,nonSnV2nd,30,13,0,0,0,0,2,0,4,0,153
20070126-M-Australian_Open-SF-Tommy_Haas-Fernando_Gonzalez,Tommy Haas,SnV,3,2,0,0,1,0,1,0,1,0,8
20070126-M-Australian_Open-SF-Tommy_Haas-Fernando_Gonzalez,Tommy Haas,SnV1st,3,2,0,0,1,0,1,0,1,0,8
20070126-M-Australian_Open-SF-Tommy_Haas-Fernando_Gonzalez,Tommy Haas,nonSnV,60,30,0,0,7,10,4,3,8,2,350
20070126-M-Australian_Open-SF-Tommy_Haas-Fernando_Gonzalez,Tommy Haas,nonSnV1st,44,25,0,0,6,9,4,3,5,2,265
20070126-M-Australian_Open-SF-Tommy_Haas-Fernando_Gonzalez,Tommy Haas,nonSnV2nd,16,5,0,0,1,1,0,0,3,0,85
20070126-M-Australian_Open-SF-Tommy_Haas-Fernando_Gonzalez,Fernando Gonzalez,SnV,1,0,0,0,0,0,0,0,0,0,2
20070126-M-Australian_Open-SF-Tommy_Haas-Fernando_Gonzalez,Fernando Gonzalez,SnV1st,1,0,0,0,0,0,0,0,0,0,2
20070126-M-Australian_Open-SF-Tommy_Haas-Fernando_Gonzalez,Fernando Gonzalez,nonSnV,59,47,9,3,4,9,3,0,4,2,249
20070126-M-Australian_Open-SF-Tommy_Haas-Fernando_Gonzalez,Fernando Gonzalez,nonSnV1st,41,35,9,3,2,7,3,0,3,2,167
20070126-M-Australian_Open-SF-Tommy_Haas-Fernando_Gonzalez,Fernando Gonzalez,nonSnV2nd,18,12,0,0,2,2,0,0,1,0,82
20070125-M-Australian_Open-SF-Andy_Roddick-Roger_Federer,Andy Roddick,SnV,5,1,0,0,0,1,0,0,2,0,15
20070125-M-Australian_Open-SF-Andy_Roddick-Roger_Federer,Andy Roddick,SnV1st,3,1,0,0,0,1,0,0,1,0,9
20070125-M-Australian_Open-SF-Andy_Roddick-Roger_Federer,Andy Roddick,SnV2nd,2,0,0,0,0,0,0,0,1,0,6
20070125-M-Australian_Open-SF-Andy_Roddick-Roger_Federer,Andy Roddick,nonSnV,58,28,4,0,11,2,3,4,2,2,238
20070125-M-Australian_Open-SF-Andy_Roddick-Roger_Federer,Andy Roddick,nonSnV1st,37,20,4,0,9,2,2,2,1,0,118
20070125-M-Australian_Open-SF-Andy_Roddick-Roger_Federer,Andy Roddick,nonSnV2nd,21,8,0,0,2,0,1,2,1,2,120
20070125-M-Australian_Open-SF-Andy_Roddick-Roger_Federer,Roger Federer,SnV,1,1,0,0,0,1,0,0,0,0,3
20070125-M-Australian_Open-SF-Andy_Roddick-Roger_Federer,Roger Federer,SnV1st,1,1,0,0,0,1,0,0,0,0,3
20070125-M-Australian_Open-SF-Andy_Roddick-Roger_Federer,Roger Federer,nonSnV,60,46,10,0,7,7,2,1,0,0,274
20070125-M-Australian_Open-SF-Andy_Roddick-Roger_Federer,Roger Federer,nonSnV1st,32,26,10,0,6,4,0,0,0,0,94
20070125-M-Australian_Open-SF-Andy_Roddick-Roger_Federer,Roger Federer,nonSnV2nd,28,20,0,0,1,3,2,1,0,0,180
20070124-M-Australian_Open-QF-Roger_Federer-Tommy_Robredo,Roger Federer,SnV,6,3,0,0,1,1,1,1,0,1,15
20070124-M-Australian_Open-QF-Roger_Federer-Tommy_Robredo,Roger Federer,SnV1st,4,2,0,0,1,1,0,0,0,1,10
20070124-M-Australian_Open-QF-Roger_Federer-Tommy_Robredo,Roger Federer,SnV2nd,2,1,0,0,0,0,1,1,0,0,5
20070124-M-Australian_Open-QF-Roger_Federer-Tommy_Robredo,Roger Federer,nonSnV,87,60,5,0,15,10,11,3,3,1,418
20070124-M-Australian_Open-QF-Roger_Federer-Tommy_Robredo,Roger Federer,nonSnV1st,56,40,5,0,13,7,9,2,2,0,226
20070124-M-Australian_Open-QF-Roger_Federer-Tommy_Robredo,Roger Federer,nonSnV2nd,31,20,0,0,2,3,2,1,1,1,192
20070123-M-Australian_Open-QF-Rafael_Nadal-Fernando_Gonzalez,Rafael Nadal,SnV,1,1,0,0,0,1,0,0,0,0,3
20070123-M-Australian_Open-QF-Rafael_Nadal-Fernando_Gonzalez,Rafael Nadal,SnV1st,1,1,0,0,0,1,0,0,0,0,3
20070123-M-Australian_Open-QF-Rafael_Nadal-Fernando_Gonzalez,Rafael Nadal,nonSnV,76,46,1,0,11,3,9,0,3,1,380
20070123-M-Australian_Open-QF-Rafael_Nadal-Fernando_Gonzalez,Rafael Nadal,nonSnV1st,55,38,0,0,10,3,9,0,3,1,262
20070123-M-Australian_Open-QF-Rafael_Nadal-Fernando_Gonzalez,Rafael Nadal,nonSnV2nd,21,8,1,0,1,0,0,0,0,0,118
20070123-M-Australian_Open-QF-Rafael_Nadal-Fernando_Gonzalez,Fernando Gonzalez,SnV,5,5,0,0,1,3,0,0,0,0,15
20070123-M-Australian_Open-QF-Rafael_Nadal-Fernando_Gonzalez,Fernando Gonzalez,SnV1st,5,5,0,0,1,3,0,0,0,0,15
20070123-M-Australian_Open-QF-Rafael_Nadal-Fernando_Gonzalez,Fernando Gonzalez,nonSnV,78,52,10,0,11,5,4,0,2,0,326
20070123-M-Australian_Open-QF-Rafael_Nadal-Fernando_Gonzalez,Fernando Gonzalez,nonSnV1st,50,35,10,0,10,4,2,0,2,0,193
20070123-M-Australian_Open-QF-Rafael_Nadal-Fernando_Gonzalez,Fernando Gonzalez,nonSnV2nd,28,17,0,0,1,1,2,0,0,0,133
20070122-M-Australian_Open-R16-Roger_Federer-Novak_Djokovic,Novak Djokovic,SnV,5,4,0,0,0,0,2,0,0,0,14
20070122-M-Australian_Open-R16-Roger_Federer-Novak_Djokovic,Novak Djokovic,SnV1st,4,3,0,0,0,0,1,0,0,0,11
20070122-M-Australian_Open-R16-Roger_Federer-Novak_Djokovic,Novak Djokovic,SnV2nd,1,1,0,0,0,0,1,0,0,0,3
20070122-M-Australian_Open-R16-Roger_Federer-Novak_Djokovic,Novak Djokovic,nonSnV,94,52,7,0,15,2,4,2,4,2,444
20070122-M-Australian_Open-R16-Roger_Federer-Novak_Djokovic,Novak Djokovic,nonSnV1st,63,36,6,0,14,1,3,2,3,2,268
20070122-M-Australian_Open-R16-Roger_Federer-Novak_Djokovic,Novak Djokovic,nonSnV2nd,31,16,1,0,1,1,1,0,1,0,176
20070122-M-Australian_Open-R16-Rafael_Nadal-Andy_Murray,Rafael Nadal,SnV,4,3,0,0,1,2,0,0,0,0,9
20070122-M-Australian_Open-R16-Rafael_Nadal-Andy_Murray,Rafael Nadal,SnV1st,3,3,0,0,1,2,0,0,0,0,7
20070122-M-Australian_Open-R16-Rafael_Nadal-Andy_Murray,Rafael Nadal,SnV2nd,1,0,0,0,0,0,0,0,0,0,2
20070122-M-Australian_Open-R16-Rafael_Nadal-Andy_Murray,Rafael Nadal,nonSnV,150,98,5,0,18,7,4,1,2,2,730
20070122-M-Australian_Open-R16-Rafael_Nadal-Andy_Murray,Rafael Nadal,nonSnV1st,114,78,5,0,17,6,4,1,2,2,546
20070122-M-Australian_Open-R16-Rafael_Nadal-Andy_Murray,Rafael Nadal,nonSnV2nd,36,20,0,0,1,1,0,0,0,0,184
20070122-M-Australian_Open-R16-Rafael_Nadal-Andy_Murray,Andy Murray,SnV,30,18,0,0,4,11,3,2,4,0,90
20070122-M-Australian_Open-R16-Rafael_Nadal-Andy_Murray,Andy Murray,SnV1st,29,18,0,0,4,11,3,2,4,0,88
20070122-M-Australian_Open-R16-Rafael_Nadal-Andy_Murray,Andy Murray,SnV2nd,1,0,0,0,0,0,0,0,0,0,2
20070122-M-Australian_Open-R16-Rafael_Nadal-Andy_Murray,Andy Murray,nonSnV,119,76,17,0,8,6,8,3,3,1,574
20070122-M-Australian_Open-R16-Rafael_Nadal-Andy_Murray,Andy Murray,nonSnV1st,59,45,17,0,8,4,5,2,0,0,219
20070122-M-Australian_Open-R16-Rafael_Nadal-Andy_Murray,Andy Murray,nonSnV2nd,60,31,0,0,0,2,3,1,3,1,355
20070122-M-Australian_Open-R16-James_Blake-Fernando_Gonzalez,James Blake,SnV,4,3,0,0,1,1,1,1,0,0,11
20070122-M-Australian_Open-R16-James_Blake-Fernando_Gonzalez,James Blake,SnV1st,4,3,0,0,1,1,1,1,0,0,11
20070122-M-Australian_Open-R16-James_Blake-Fernando_Gonzalez,James Blake,nonSnV,101,64,8,0,8,14,7,9,5,1,400
20070122-M-Australian_Open-R16-James_Blake-Fernando_Gonzalez,James Blake,nonSnV1st,51,38,6,0,8,10,6,4,1,1,176
20070122-M-Australian_Open-R16-James_Blake-Fernando_Gonzalez,James Blake,nonSnV2nd,50,26,2,0,0,4,1,5,4,0,224
20070119-M-Australian_Open-R32-Roger_Federer-Mikhail_Youzhny,Roger Federer,SnV,6,3,0,0,0,1,2,1,1,0,19
20070119-M-Australian_Open-R32-Roger_Federer-Mikhail_Youzhny,Roger Federer,SnV1st,4,3,0,0,0,1,2,0,1,0,15
20070119-M-Australian_Open-R32-Roger_Federer-Mikhail_Youzhny,Roger Federer,SnV2nd,2,0,0,0,0,0,0,1,0,0,4
20070119-M-Australian_Open-R32-Roger_Federer-Mikhail_Youzhny,Roger Federer,nonSnV,93,66,7,3,14,3,7,0,0,0,356
20070119-M-Australian_Open-R32-Roger_Federer-Mikhail_Youzhny,Roger Federer,nonSnV1st,49,41,7,3,12,3,5,0,0,0,147
20070119-M-Australian_Open-R32-Roger_Federer-Mikhail_Youzhny,Roger Federer,nonSnV2nd,44,25,0,0,2,0,2,0,0,0,209
20070119-M-Australian_Open-R32-Roger_Federer-Mikhail_Youzhny,Mikhail Youzhny,SnV,2,1,0,0,0,0,0,0,0,0,17
20070119-M-Australian_Open-R32-Roger_Federer-Mikhail_Youzhny,Mikhail Youzhny,SnV1st,1,1,0,0,0,0,0,0,0,0,15
20070119-M-Australian_Open-R32-Roger_Federer-Mikhail_Youzhny,Mikhail Youzhny,SnV2nd,1,0,0,0,0,0,0,0,0,0,2
20070119-M-Australian_Open-R32-Roger_Federer-Mikhail_Youzhny,Mikhail Youzhny,nonSnV,98,60,7,3,14,3,0,1,5,1,430
20070119-M-Australian_Open-R32-Roger_Federer-Mikhail_Youzhny,Mikhail Youzhny,nonSnV1st,55,42,7,3,14,2,0,1,3,0,212
20070119-M-Australian_Open-R32-Roger_Federer-Mikhail_Youzhny,Mikhail Youzhny,nonSnV2nd,43,18,0,0,0,1,0,0,2,1,218
20070119-M-Australian_Open-R32-Andy_Roddick-Marat_Safin,Andy Roddick,SnV,12,9,3,0,3,2,1,1,1,0,23
20070119-M-Australian_Open-R32-Andy_Roddick-Marat_Safin,Andy Roddick,SnV1st,8,8,3,0,3,2,0,0,0,0,12
20070119-M-Australian_Open-R32-Andy_Roddick-Marat_Safin,Andy Roddick,SnV2nd,4,1,0,0,0,0,1,1,1,0,11
20070119-M-Australian_Open-R32-Andy_Roddick-Marat_Safin,Andy Roddick,nonSnV,110,75,11,9,16,7,6,2,5,3,395
20070119-M-Australian_Open-R32-Andy_Roddick-Marat_Safin,Andy Roddick,nonSnV1st,78,56,11,8,11,6,5,2,4,3,274
20070119-M-Australian_Open-R32-Andy_Roddick-Marat_Safin,Andy Roddick,nonSnV2nd,32,19,0,1,5,1,1,0,1,0,121
20070119-M-Australian_Open-R32-Andy_Roddick-Marat_Safin,Marat Safin,SnV,1,1,0,0,0,1,0,0,0,0,5
20070119-M-Australian_Open-R32-Andy_Roddick-Marat_Safin,Marat Safin,SnV1st,1,1,0,0,0,1,0,0,0,0,5
20070119-M-Australian_Open-R32-Andy_Roddick-Marat_Safin,Marat Safin,nonSnV,133,84,22,3,19,4,5,1,4,1,720
20070119-M-Australian_Open-R32-Andy_Roddick-Marat_Safin,Marat Safin,nonSnV1st,91,64,22,3,15,2,4,1,3,1,442
20070119-M-Australian_Open-R32-Andy_Roddick-Marat_Safin,Marat Safin,nonSnV2nd,42,20,0,0,4,2,1,0,1,0,278
20070118-M-Australian_Open-R64-Juan_Martin_Del_Potro-Fernando_Gonzalez,Juan Martin Del Potro,SnV,4,3,1,0,2,0,0,1,0,0,9
20070118-M-Australian_Open-R64-Juan_Martin_Del_Potro-Fernando_Gonzalez,Juan Martin Del Potro,SnV1st,4,3,1,0,2,0,0,1,0,0,9
20070118-M-Australian_Open-R64-Juan_Martin_Del_Potro-Fernando_Gonzalez,Juan Martin Del Potro,nonSnV,140,88,9,0,17,15,5,5,5,2,572
20070118-M-Australian_Open-R64-Juan_Martin_Del_Potro-Fernando_Gonzalez,Juan Martin Del Potro,nonSnV1st,87,58,7,0,16,12,3,3,3,1,324
20070118-M-Australian_Open-R64-Juan_Martin_Del_Potro-Fernando_Gonzalez,Juan Martin Del Potro,nonSnV2nd,53,30,2,0,1,3,2,2,2,1,248
20070118-M-Australian_Open-R64-Juan_Martin_Del_Potro-Fernando_Gonzalez,Fernando Gonzalez,SnV,2,0,0,0,0,0,0,0,0,1,6
20070118-M-Australian_Open-R64-Juan_Martin_Del_Potro-Fernando_Gonzalez,Fernando Gonzalez,SnV1st,2,0,0,0,0,0,0,0,0,1,6
20070118-M-Australian_Open-R64-Juan_Martin_Del_Potro-Fernando_Gonzalez,Fernando Gonzalez,nonSnV,128,88,17,0,21,17,2,1,1,2,418
20070118-M-Australian_Open-R64-Juan_Martin_Del_Potro-Fernando_Gonzalez,Fernando Gonzalez,nonSnV1st,80,65,16,0,20,11,2,1,1,1,249
20070118-M-Australian_Open-R64-Juan_Martin_Del_Potro-Fernando_Gonzalez,Fernando Gonzalez,nonSnV2nd,48,23,1,0,1,6,0,0,0,1,169
20070116-M-Australian_Open-R128-Robert_Kendrick-Rafael_Nadal,Robert Kendrick,SnV,23,14,0,0,2,6,1,2,0,0,58
20070116-M-Australian_Open-R128-Robert_Kendrick-Rafael_Nadal,Robert Kendrick,SnV1st,16,11,0,0,2,4,1,1,0,0,41
20070116-M-Australian_Open-R128-Robert_Kendrick-Rafael_Nadal,Robert Kendrick,SnV2nd,7,3,0,0,0,2,0,1,0,0,17
20070116-M-Australian_Open-R128-Robert_Kendrick-Rafael_Nadal,Robert Kendrick,nonSnV,47,36,7,0,11,4,3,0,2,0,138
20070116-M-Australian_Open-R128-Robert_Kendrick-Rafael_Nadal,Robert Kendrick,nonSnV1st,23,22,6,0,10,1,3,0,0,0,38
20070116-M-Australian_Open-R128-Robert_Kendrick-Rafael_Nadal,Robert Kendrick,nonSnV2nd,24,14,1,0,1,3,0,0,2,0,100
20070115-M-Australian_Open-R128-Novak_Djokovic-Nicolas_Massu,Novak Djokovic,SnV,2,2,0,0,1,1,0,0,0,0,4
20070115-M-Australian_Open-R128-Novak_Djokovic-Nicolas_Massu,Novak Djokovic,SnV1st,1,1,0,0,0,1,0,0,0,0,3
20070115-M-Australian_Open-R128-Novak_Djokovic-Nicolas_Massu,Novak Djokovic,SnV2nd,1,1,0,0,1,0,0,0,0,0,1
20070115-M-Australian_Open-R128-Novak_Djokovic-Nicolas_Massu,Novak Djokovic,nonSnV,56,42,5,5,9,4,1,0,1,0,188
20070115-M-Australian_Open-R128-Novak_Djokovic-Nicolas_Massu,Novak Djokovic,nonSnV1st,39,32,5,5,8,4,1,0,0,0,122
20070115-M-Australian_Open-R128-Novak_Djokovic-Nicolas_Massu,Novak Djokovic,nonSnV2nd,17,10,0,0,1,0,0,0,1,0,66
20070115-M-Australian_Open-R128-Novak_Djokovic-Nicolas_Massu,Nicolas Massu,SnV,1,0,0,0,0,0,0,1,0,0,2
20070115-M-Australian_Open-R128-Novak_Djokovic-Nicolas_Massu,Nicolas Massu,SnV1st,1,0,0,0,0,0,0,1,0,0,2
20070115-M-Australian_Open-R128-Novak_Djokovic-Nicolas_Massu,Nicolas Massu,nonSnV,64,29,1,1,9,1,0,1,1,0,281
20070115-M-Australian_Open-R128-Novak_Djokovic-Nicolas_Massu,Nicolas Massu,nonSnV1st,36,17,1,1,9,1,0,1,0,0,123
20070115-M-Australian_Open-R128-Novak_Djokovic-Nicolas_Massu,Nicolas Massu,nonSnV2nd,28,12,0,0,0,0,0,0,1,0,158
20060910-M-US_Open-F-Roger_Federer-Andy_Roddick,Roger Federer,SnV,1,1,0,0,0,1,0,0,0,0,5
20060910-M-US_Open-F-Roger_Federer-Andy_Roddick,Roger Federer,SnV2nd,1,1,0,0,0,1,0,0,0,0,5
20060910-M-US_Open-F-Roger_Federer-Andy_Roddick,Roger Federer,nonSnV,102,72,17,0,7,11,9,2,3,3,426
20060910-M-US_Open-F-Roger_Federer-Andy_Roddick,Roger Federer,nonSnV1st,63,53,17,0,7,6,8,2,2,1,219
20060910-M-US_Open-F-Roger_Federer-Andy_Roddick,Roger Federer,nonSnV2nd,39,19,0,0,0,5,1,0,1,2,207
20060910-M-US_Open-F-Roger_Federer-Andy_Roddick,Andy Roddick,SnV,2,0,0,0,0,0,0,1,0,1,6
20060910-M-US_Open-F-Roger_Federer-Andy_Roddick,Andy Roddick,SnV1st,2,0,0,0,0,0,0,1,0,1,6
20060910-M-US_Open-F-Roger_Federer-Andy_Roddick,Andy Roddick,nonSnV,119,69,7,6,19,7,15,4,12,6,571
20060910-M-US_Open-F-Roger_Federer-Andy_Roddick,Andy Roddick,nonSnV1st,79,53,7,6,18,4,8,3,9,1,287
20060910-M-US_Open-F-Roger_Federer-Andy_Roddick,Andy Roddick,nonSnV2nd,40,16,0,0,1,3,7,1,3,5,284
20060909-M-US_Open-SF-Roger_Federer-Nikolay_Davydenko,Roger Federer,SnV,3,2,0,0,0,2,0,0,0,0,10
20060909-M-US_Open-SF-Roger_Federer-Nikolay_Davydenko,Roger Federer,SnV1st,3,2,0,0,0,2,0,0,0,0,10
20060909-M-US_Open-SF-Roger_Federer-Nikolay_Davydenko,Roger Federer,nonSnV,77,55,4,0,20,6,2,1,0,0,317
20060909-M-US_Open-SF-Roger_Federer-Nikolay_Davydenko,Roger Federer,nonSnV1st,50,39,4,0,18,5,1,1,0,0,193
20060909-M-US_Open-SF-Roger_Federer-Nikolay_Davydenko,Roger Federer,nonSnV2nd,27,16,0,0,2,1,1,0,0,0,124
20060909-M-US_Open-SF-Andy_Roddick-Mikhail_Youzhny,Andy Roddick,SnV,2,1,0,0,1,0,0,0,0,0,3
20060909-M-US_Open-SF-Andy_Roddick-Mikhail_Youzhny,Andy Roddick,SnV1st,1,1,0,0,1,0,0,0,0,0,1
20060909-M-US_Open-SF-Andy_Roddick-Mikhail_Youzhny,Andy Roddick,SnV2nd,1,0,0,0,0,0,0,0,0,0,2
20060909-M-US_Open-SF-Andy_Roddick-Mikhail_Youzhny,Andy Roddick,nonSnV,118,89,15,0,23,11,10,0,8,3,465
20060909-M-US_Open-SF-Andy_Roddick-Mikhail_Youzhny,Andy Roddick,nonSnV1st,81,65,15,0,19,9,8,0,6,1,285
20060909-M-US_Open-SF-Andy_Roddick-Mikhail_Youzhny,Andy Roddick,nonSnV2nd,37,24,0,0,4,2,2,0,2,2,180
20060907-M-US_Open-QF-James_Blake-Roger_Federer,James Blake,SnV,7,4,0,0,0,3,1,0,2,0,24
20060907-M-US_Open-QF-James_Blake-Roger_Federer,James Blake,SnV1st,6,4,0,0,0,3,1,0,2,0,22
20060907-M-US_Open-QF-James_Blake-Roger_Federer,James Blake,SnV2nd,1,0,0,0,0,0,0,0,0,0,2
20060907-M-US_Open-QF-James_Blake-Roger_Federer,James Blake,nonSnV,142,80,8,1,27,4,2,3,7,2,560
20060907-M-US_Open-QF-James_Blake-Roger_Federer,James Blake,nonSnV1st,85,50,7,1,24,2,1,2,3,2,264
20060907-M-US_Open-QF-James_Blake-Roger_Federer,James Blake,nonSnV2nd,57,30,1,0,3,2,1,1,4,0,296
20060907-M-US_Open-QF-James_Blake-Roger_Federer,Roger Federer,SnV,1,1,0,0,0,1,0,0,0,0,3
20060907-M-US_Open-QF-James_Blake-Roger_Federer,Roger Federer,SnV1st,1,1,0,0,0,1,0,0,0,0,3
20060907-M-US_Open-QF-James_Blake-Roger_Federer,Roger Federer,nonSnV,131,88,9,1,26,6,6,3,8,0,456
20060907-M-US_Open-QF-James_Blake-Roger_Federer,Roger Federer,nonSnV1st,82,64,8,1,25,5,5,3,6,0,280
20060907-M-US_Open-QF-James_Blake-Roger_Federer,Roger Federer,nonSnV2nd,49,24,1,0,1,1,1,0,2,0,176
20060906-M-US_Open-QF-Tommy_Haas-Nikolay_Davydenko,Tommy Haas,SnV,6,3,0,0,1,1,0,0,2,0,17
20060906-M-US_Open-QF-Tommy_Haas-Nikolay_Davydenko,Tommy Haas,SnV1st,4,2,0,0,1,1,0,0,1,0,10
20060906-M-US_Open-QF-Tommy_Haas-Nikolay_Davydenko,Tommy Haas,SnV2nd,2,1,0,0,0,0,0,0,1,0,7
20060906-M-US_Open-QF-Tommy_Haas-Nikolay_Davydenko,Tommy Haas,nonSnV,127,85,13,5,23,8,3,2,5,2,499
20060906-M-US_Open-QF-Tommy_Haas-Nikolay_Davydenko,Tommy Haas,nonSnV1st,85,62,13,4,18,6,2,2,4,1,310
20060906-M-US_Open-QF-Tommy_Haas-Nikolay_Davydenko,Tommy Haas,nonSnV2nd,42,23,0,1,5,2,1,0,1,1,189
20060906-M-US_Open-QF-Mikhail_Youzhny-Rafael_Nadal,Mikhail Youzhny,SnV,5,4,0,0,1,2,0,1,0,0,12
20060906-M-US_Open-QF-Mikhail_Youzhny-Rafael_Nadal,Mikhail Youzhny,SnV1st,5,4,0,0,1,2,0,1,0,0,12
20060906-M-US_Open-QF-Mikhail_Youzhny-Rafael_Nadal,Mikhail Youzhny,nonSnV,120,86,7,2,18,8,11,1,2,1,622
20060906-M-US_Open-QF-Mikhail_Youzhny-Rafael_Nadal,Mikhail Youzhny,nonSnV1st,78,56,6,2,13,5,10,1,1,1,352
20060906-M-US_Open-QF-Mikhail_Youzhny-Rafael_Nadal,Mikhail Youzhny,nonSnV2nd,42,30,1,0,5,3,1,0,1,0,270
20060906-M-US_Open-QF-Mikhail_Youzhny-Rafael_Nadal,Rafael Nadal,SnV,4,3,0,1,0,2,0,0,1,0,13
20060906-M-US_Open-QF-Mikhail_Youzhny-Rafael_Nadal,Rafael Nadal,SnV1st,4,3,0,1,0,2,0,0,1,0,13
20060906-M-US_Open-QF-Mikhail_Youzhny-Rafael_Nadal,Rafael Nadal,nonSnV,118,71,1,1,26,7,4,3,5,0,633
20060906-M-US_Open-QF-Mikhail_Youzhny-Rafael_Nadal,Rafael Nadal,nonSnV1st,74,49,1,1,24,6,2,2,3,0,349
20060906-M-US_Open-QF-Mikhail_Youzhny-Rafael_Nadal,Rafael Nadal,nonSnV2nd,44,22,0,0,2,1,2,1,2,0,284
20060906-M-US_Open-QF-Andy_Roddick-Lleyton_Hewitt,Andy Roddick,SnV,6,4,0,0,2,2,0,1,1,0,18
20060906-M-US_Open-QF-Andy_Roddick-Lleyton_Hewitt,Andy Roddick,SnV1st,4,3,0,0,2,1,0,1,0,0,7
20060906-M-US_Open-QF-Andy_Roddick-Lleyton_Hewitt,Andy Roddick,SnV2nd,2,1,0,0,0,1,0,0,1,0,11
20060906-M-US_Open-QF-Andy_Roddick-Lleyton_Hewitt,Andy Roddick,nonSnV,81,62,17,3,10,5,5,1,3,0,386
20060906-M-US_Open-QF-Andy_Roddick-Lleyton_Hewitt,Andy Roddick,nonSnV1st,60,49,17,3,10,4,5,1,3,0,219
20060906-M-US_Open-QF-Andy_Roddick-Lleyton_Hewitt,Andy Roddick,nonSnV2nd,21,13,0,0,0,1,0,0,0,0,167
20060904-M-US_Open-R16-Richard_Gasquet-Lleyton_Hewitt,Richard Gasquet,SnV,2,1,0,0,0,0,0,0,1,0,11
20060904-M-US_Open-R16-Richard_Gasquet-Lleyton_Hewitt,Richard Gasquet,SnV1st,2,1,0,0,0,0,0,0,1,0,11
20060904-M-US_Open-R16-Richard_Gasquet-Lleyton_Hewitt,Richard Gasquet,nonSnV,133,85,7,1,18,10,11,3,5,3,695
20060904-M-US_Open-R16-Richard_Gasquet-Lleyton_Hewitt,Richard Gasquet,nonSnV1st,92,64,6,1,18,9,10,1,3,1,390
20060904-M-US_Open-R16-Richard_Gasquet-Lleyton_Hewitt,Richard Gasquet,nonSnV2nd,41,21,1,0,0,1,1,2,2,2,305
20060904-M-US_Open-R16-Richard_Gasquet-Lleyton_Hewitt,Lleyton Hewitt,SnV,1,1,0,0,0,1,0,0,0,0,5
20060904-M-US_Open-R16-Richard_Gasquet-Lleyton_Hewitt,Lleyton Hewitt,SnV1st,1,1,0,0,0,1,0,0,0,0,5
20060904-M-US_Open-R16-Richard_Gasquet-Lleyton_Hewitt,Lleyton Hewitt,nonSnV,160,97,17,2,10,6,12,1,10,1,775
20060904-M-US_Open-R16-Richard_Gasquet-Lleyton_Hewitt,Lleyton Hewitt,nonSnV1st,85,54,17,1,8,2,8,1,5,0,366
20060904-M-US_Open-R16-Richard_Gasquet-Lleyton_Hewitt,Lleyton Hewitt,nonSnV2nd,75,43,0,1,2,4,4,0,5,1,409
20060901-M-US_Open-R32-Vincent_Spadea-Roger_Federer,Vincent Spadea,SnV,2,1,0,0,0,1,0,0,0,1,7
20060901-M-US_Open-R32-Vincent_Spadea-Roger_Federer,Vincent Spadea,SnV1st,2,1,0,0,0,1,0,0,0,1,7
20060901-M-US_Open-R32-Vincent_Spadea-Roger_Federer,Vincent Spadea,nonSnV,71,38,2,1,5,6,3,1,6,1,414
20060901-M-US_Open-R32-Vincent_Spadea-Roger_Federer,Vincent Spadea,nonSnV1st,41,22,2,1,5,3,2,1,3,1,234
20060901-M-US_Open-R32-Vincent_Spadea-Roger_Federer,Vincent Spadea,nonSnV2nd,30,16,0,0,0,3,1,0,3,0,180
20060901-M-US_Open-R32-Vincent_Spadea-Roger_Federer,Roger Federer,SnV,1,1,0,0,0,1,0,0,0,0,3
20060901-M-US_Open-R32-Vincent_Spadea-Roger_Federer,Roger Federer,SnV1st,1,1,0,0,0,1,0,0,0,0,3
20060901-M-US_Open-R32-Vincent_Spadea-Roger_Federer,Roger Federer,nonSnV,73,53,8,5,13,7,2,0,2,0,231
20060901-M-US_Open-R32-Vincent_Spadea-Roger_Federer,Roger Federer,nonSnV1st,44,36,8,4,9,5,2,0,2,0,118
20060901-M-US_Open-R32-Vincent_Spadea-Roger_Federer,Roger Federer,nonSnV2nd,29,17,0,1,4,2,0,0,0,0,113
20060831-M-US_Open-R64-Marat_Safin-David_Nalbandian,Marat Safin,SnV,1,1,0,0,0,1,0,0,0,0,3
20060831-M-US_Open-R64-Marat_Safin-David_Nalbandian,Marat Safin,SnV1st,1,1,0,0,0,1,0,0,0,0,3
20060831-M-US_Open-R64-Marat_Safin-David_Nalbandian,Marat Safin,nonSnV,142,96,14,8,19,8,5,0,4,1,622
20060831-M-US_Open-R64-Marat_Safin-David_Nalbandian,Marat Safin,nonSnV1st,82,61,14,8,14,6,4,0,2,1,341
20060831-M-US_Open-R64-Marat_Safin-David_Nalbandian,Marat Safin,nonSnV2nd,60,35,0,0,5,2,1,0,2,0,281
20060831-M-US_Open-R64-Marat_Safin-David_Nalbandian,David Nalbandian,SnV,1,1,0,0,0,1,0,0,0,0,3
20060831-M-US_Open-R64-Marat_Safin-David_Nalbandian,David Nalbandian,SnV1st,1,1,0,0,0,1,0,0,0,0,3
20060831-M-US_Open-R64-Marat_Safin-David_Nalbandian,David Nalbandian,nonSnV,152,104,6,2,40,5,3,2,5,0,556
20060831-M-US_Open-R64-Marat_Safin-David_Nalbandian,David Nalbandian,nonSnV1st,96,70,6,2,33,3,2,1,4,0,304
20060831-M-US_Open-R64-Marat_Safin-David_Nalbandian,David Nalbandian,nonSnV2nd,56,34,0,0,7,2,1,1,1,0,252
20060830-M-US_Open-R64-Andy_Roddick-Kristian_Pless,Andy Roddick,SnV,6,6,0,0,1,2,0,0,0,0,16
20060830-M-US_Open-R64-Andy_Roddick-Kristian_Pless,Andy Roddick,SnV1st,5,5,0,0,1,2,0,0,0,0,13
20060830-M-US_Open-R64-Andy_Roddick-Kristian_Pless,Andy Roddick,SnV2nd,1,1,0,0,0,0,0,0,0,0,3
20060830-M-US_Open-R64-Andy_Roddick-Kristian_Pless,Andy Roddick,nonSnV,73,63,19,0,18,4,3,1,0,0,195
20060830-M-US_Open-R64-Andy_Roddick-Kristian_Pless,Andy Roddick,nonSnV1st,56,51,19,0,16,4,1,1,0,0,115
20060830-M-US_Open-R64-Andy_Roddick-Kristian_Pless,Andy Roddick,nonSnV2nd,17,12,0,0,2,0,2,0,0,0,80
20060830-M-US_Open-R64-Andy_Roddick-Kristian_Pless,Kristian Pless,SnV,1,1,0,0,0,1,0,0,0,0,3
20060830-M-US_Open-R64-Andy_Roddick-Kristian_Pless,Kristian Pless,SnV1st,1,1,0,0,0,1,0,0,0,0,3
20060830-M-US_Open-R64-Andy_Roddick-Kristian_Pless,Kristian Pless,nonSnV,77,53,12,0,11,1,4,2,1,1,321
20060830-M-US_Open-R64-Andy_Roddick-Kristian_Pless,Kristian Pless,nonSnV1st,51,39,12,0,11,1,3,1,0,1,171
20060830-M-US_Open-R64-Andy_Roddick-Kristian_Pless,Kristian Pless,nonSnV2nd,26,14,0,0,0,0,1,1,1,0,150
20060830-M-US_Open-R128-Jimmy_Wang-Roger_Federer,Jimmy Wang,SnV,2,1,0,0,0,1,0,1,0,0,7
20060830-M-US_Open-R128-Jimmy_Wang-Roger_Federer,Jimmy Wang,SnV1st,2,1,0,0,0,1,0,1,0,0,7
20060830-M-US_Open-R128-Jimmy_Wang-Roger_Federer,Jimmy Wang,nonSnV,84,39,3,1,3,5,4,1,8,0,383
20060830-M-US_Open-R128-Jimmy_Wang-Roger_Federer,Jimmy Wang,nonSnV1st,42,20,3,1,3,2,3,1,4,0,166
20060830-M-US_Open-R128-Jimmy_Wang-Roger_Federer,Jimmy Wang,nonSnV2nd,42,19,0,0,0,3,1,0,4,0,217
20060830-M-US_Open-R128-Jimmy_Wang-Roger_Federer,Roger Federer,SnV,6,5,0,0,0,3,1,1,0,0,21
20060830-M-US_Open-R128-Jimmy_Wang-Roger_Federer,Roger Federer,SnV1st,5,4,0,0,0,3,1,1,0,0,20
20060830-M-US_Open-R128-Jimmy_Wang-Roger_Federer,Roger Federer,SnV2nd,1,1,0,0,0,0,0,0,0,0,1
20060830-M-US_Open-R128-Jimmy_Wang-Roger_Federer,Roger Federer,nonSnV,52,36,6,3,8,6,1,0,1,0,152
20060830-M-US_Open-R128-Jimmy_Wang-Roger_Federer,Roger Federer,nonSnV1st,30,27,6,3,6,5,1,0,0,0,83
20060830-M-US_Open-R128-Jimmy_Wang-Roger_Federer,Roger Federer,nonSnV2nd,22,9,0,0,2,1,0,0,1,0,69
20060828-M-US_Open-R128-Andre_Agassi-Andrei_Pavel,Andrei Pavel,SnV,6,5,0,0,2,3,0,1,0,0,15
20060828-M-US_Open-R128-Andre_Agassi-Andrei_Pavel,Andrei Pavel,SnV1st,5,4,0,0,2,2,0,1,0,0,12
20060828-M-US_Open-R128-Andre_Agassi-Andrei_Pavel,Andrei Pavel,SnV2nd,1,1,0,0,0,1,0,0,0,0,3
20060828-M-US_Open-R128-Andre_Agassi-Andrei_Pavel,Andrei Pavel,nonSnV,159,98,15,2,19,8,8,1,5,0,744
20060828-M-US_Open-R128-Andre_Agassi-Andrei_Pavel,Andrei Pavel,nonSnV1st,106,73,15,2,18,6,6,0,4,0,433
20060828-M-US_Open-R128-Andre_Agassi-Andrei_Pavel,Andrei Pavel,nonSnV2nd,53,25,0,0,1,2,2,1,1,0,311
20060126-M-Australian_Open-SF-Roger_Federer-Nicolas_Kiefer,Roger Federer,SnV,1,1,0,0,0,1,0,0,0,0,3
20060126-M-Australian_Open-SF-Roger_Federer-Nicolas_Kiefer,Roger Federer,SnV1st,1,1,0,0,0,1,0,0,0,0,3
20060126-M-Australian_Open-SF-Roger_Federer-Nicolas_Kiefer,Roger Federer,nonSnV,100,73,7,0,15,8,3,1,2,0,407
20060126-M-Australian_Open-SF-Roger_Federer-Nicolas_Kiefer,Roger Federer,nonSnV1st,68,48,6,0,12,6,3,1,1,0,260
20060126-M-Australian_Open-SF-Roger_Federer-Nicolas_Kiefer,Roger Federer,nonSnV2nd,32,25,1,0,3,2,0,0,1,0,147
20060126-M-Australian_Open-SF-Roger_Federer-Nicolas_Kiefer,Nicolas Kiefer,SnV,14,11,0,0,6,4,0,2,0,0,31
20060126-M-Australian_Open-SF-Roger_Federer-Nicolas_Kiefer,Nicolas Kiefer,SnV1st,14,11,0,0,6,4,0,2,0,0,31
20060126-M-Australian_Open-SF-Roger_Federer-Nicolas_Kiefer,Nicolas Kiefer,nonSnV,101,56,14,0,11,2,2,2,1,1,450
20060126-M-Australian_Open-SF-Roger_Federer-Nicolas_Kiefer,Nicolas Kiefer,nonSnV1st,48,33,14,0,11,0,0,1,1,1,127
20060126-M-Australian_Open-SF-Roger_Federer-Nicolas_Kiefer,Nicolas Kiefer,nonSnV2nd,53,23,0,0,0,2,2,1,0,0,323
20060125-M-Australian_Open-QF-Roger_Federer-Nikolay_Davydenko,Roger Federer,SnV,12,6,0,0,2,3,1,3,0,1,34
20060125-M-Australian_Open-QF-Roger_Federer-Nikolay_Davydenko,Roger Federer,SnV1st,7,5,0,0,1,3,1,1,0,1,25
20060125-M-Australian_Open-QF-Roger_Federer-Nikolay_Davydenko,Roger Federer,SnV2nd,5,1,0,0,1,0,0,2,0,0,9
20060125-M-Australian_Open-QF-Roger_Federer-Nikolay_Davydenko,Roger Federer,nonSnV,127,86,6,4,20,12,5,3,2,5,546
20060125-M-Australian_Open-QF-Roger_Federer-Nikolay_Davydenko,Roger Federer,nonSnV1st,78,58,6,4,18,10,4,2,1,3,300
20060125-M-Australian_Open-QF-Roger_Federer-Nikolay_Davydenko,Roger Federer,nonSnV2nd,49,28,0,0,2,2,1,1,1,2,246
20060124-M-Australian_Open-QF-Ivan_Ljubicic-Marcos_Baghdatis,Ivan Ljubicic,SnV,2,2,0,0,0,1,0,0,0,0,4
20060124-M-Australian_Open-QF-Ivan_Ljubicic-Marcos_Baghdatis,Ivan Ljubicic,SnV1st,1,1,0,0,0,1,0,0,0,0,3
20060124-M-Australian_Open-QF-Ivan_Ljubicic-Marcos_Baghdatis,Ivan Ljubicic,SnV2nd,1,1,0,0,0,0,0,0,0,0,1
20060124-M-Australian_Open-QF-Ivan_Ljubicic-Marcos_Baghdatis,Ivan Ljubicic,nonSnV,149,98,15,2,9,15,16,4,7,3,742
20060124-M-Australian_Open-QF-Ivan_Ljubicic-Marcos_Baghdatis,Ivan Ljubicic,nonSnV1st,97,69,14,2,9,10,12,1,5,2,413
20060124-M-Australian_Open-QF-Ivan_Ljubicic-Marcos_Baghdatis,Ivan Ljubicic,nonSnV2nd,52,29,1,0,0,5,4,3,2,1,329
20060123-M-Australian_Open-R16-Tommy_Haas-Roger_Federer,Roger Federer,SnV,8,7,0,0,0,5,2,0,1,0,37
20060123-M-Australian_Open-R16-Tommy_Haas-Roger_Federer,Roger Federer,SnV1st,8,7,0,0,0,5,2,0,1,0,37
20060123-M-Australian_Open-R16-Tommy_Haas-Roger_Federer,Roger Federer,nonSnV,123,82,10,2,9,12,14,5,8,3,584
20060123-M-Australian_Open-R16-Tommy_Haas-Roger_Federer,Roger Federer,nonSnV1st,69,53,9,2,7,6,8,4,3,2,265
20060123-M-Australian_Open-R16-Tommy_Haas-Roger_Federer,Roger Federer,nonSnV2nd,54,29,1,0,2,6,6,1,5,1,319
20060123-M-Australian_Open-QF-David_Nalbandian-Fabrice_Santoro,David Nalbandian,SnV,3,2,0,0,0,2,0,0,0,0,16
20060123-M-Australian_Open-QF-David_Nalbandian-Fabrice_Santoro,David Nalbandian,SnV1st,3,2,0,0,0,2,0,0,0,0,16
20060123-M-Australian_Open-QF-David_Nalbandian-Fabrice_Santoro,David Nalbandian,nonSnV,61,45,2,1,4,10,4,2,2,0,307
20060123-M-Australian_Open-QF-David_Nalbandian-Fabrice_Santoro,David Nalbandian,nonSnV1st,43,32,2,1,4,7,3,1,2,0,228
20060123-M-Australian_Open-QF-David_Nalbandian-Fabrice_Santoro,David Nalbandian,nonSnV2nd,18,13,0,0,0,3,1,1,0,0,79
20060123-M-Australian_Open-QF-David_Nalbandian-Fabrice_Santoro,Fabrice Santoro,SnV,18,11,1,0,5,5,0,0,5,1,63
20060123-M-Australian_Open-QF-David_Nalbandian-Fabrice_Santoro,Fabrice Santoro,SnV1st,18,11,1,0,5,5,0,0,5,1,63
20060123-M-Australian_Open-QF-David_Nalbandian-Fabrice_Santoro,Fabrice Santoro,nonSnV,57,22,3,0,4,1,2,3,7,3,380
20060123-M-Australian_Open-QF-David_Nalbandian-Fabrice_Santoro,Fabrice Santoro,nonSnV1st,35,17,3,0,4,1,2,1,6,2,197
20060123-M-Australian_Open-QF-David_Nalbandian-Fabrice_Santoro,Fabrice Santoro,nonSnV2nd,22,5,0,0,0,0,0,2,1,1,183
20060122-M-Australian_Open-R16-Andy_Roddick-Marcos_Baghdatis,Andy Roddick,SnV,8,7,1,1,1,3,1,0,0,0,19
20060122-M-Australian_Open-R16-Andy_Roddick-Marcos_Baghdatis,Andy Roddick,SnV1st,7,6,1,1,1,2,1,0,0,0,14
20060122-M-Australian_Open-R16-Andy_Roddick-Marcos_Baghdatis,Andy Roddick,SnV2nd,1,1,0,0,0,1,0,0,0,0,5
20060122-M-Australian_Open-R16-Andy_Roddick-Marcos_Baghdatis,Andy Roddick,nonSnV,90,60,14,3,18,6,5,3,4,4,308
20060122-M-Australian_Open-R16-Andy_Roddick-Marcos_Baghdatis,Andy Roddick,nonSnV1st,56,39,14,2,13,3,4,2,3,3,167
20060122-M-Australian_Open-R16-Andy_Roddick-Marcos_Baghdatis,Andy Roddick,nonSnV2nd,34,21,0,1,5,3,1,1,1,1,141
20060122-M-Australian_Open-R16-Andy_Roddick-Marcos_Baghdatis,Marcos Baghdatis,SnV,1,0,0,0,0,0,0,0,0,0,2
20060122-M-Australian_Open-R16-Andy_Roddick-Marcos_Baghdatis,Marcos Baghdatis,SnV2nd,1,0,0,0,0,0,0,0,0,0,2
20060122-M-Australian_Open-R16-Andy_Roddick-Marcos_Baghdatis,Marcos Baghdatis,nonSnV,118,76,16,2,11,4,1,3,1,0,586
20060122-M-Australian_Open-R16-Andy_Roddick-Marcos_Baghdatis,Marcos Baghdatis,nonSnV1st,60,43,16,2,9,2,1,1,1,0,213
20060122-M-Australian_Open-R16-Andy_Roddick-Marcos_Baghdatis,Marcos Baghdatis,nonSnV2nd,58,33,0,0,2,2,0,2,0,0,373
20060121-M-Australian_Open-R32-Roger_Federer-Max_Mirnyi,Roger Federer,SnV,6,3,0,0,0,2,0,2,0,0,27
20060121-M-Australian_Open-R32-Roger_Federer-Max_Mirnyi,Roger Federer,SnV1st,4,2,0,0,0,2,0,2,0,0,18
20060121-M-Australian_Open-R32-Roger_Federer-Max_Mirnyi,Roger Federer,SnV2nd,2,1,0,0,0,0,0,0,0,0,9
20060121-M-Australian_Open-R32-Roger_Federer-Max_Mirnyi,Roger Federer,nonSnV,60,52,6,2,12,4,2,1,2,0,198
20060121-M-Australian_Open-R32-Roger_Federer-Max_Mirnyi,Roger Federer,nonSnV1st,44,36,6,2,8,4,1,1,2,0,152
20060121-M-Australian_Open-R32-Roger_Federer-Max_Mirnyi,Roger Federer,nonSnV2nd,16,16,0,0,4,0,1,0,0,0,46
20060121-M-Australian_Open-R32-Roger_Federer-Max_Mirnyi,Max Mirnyi,SnV,99,61,5,2,30,12,5,10,14,2,251
20060121-M-Australian_Open-R32-Roger_Federer-Max_Mirnyi,Max Mirnyi,SnV1st,72,50,5,2,22,11,5,7,8,2,186
20060121-M-Australian_Open-R32-Roger_Federer-Max_Mirnyi,Max Mirnyi,SnV2nd,27,11,0,0,8,1,0,3,6,0,65
20060121-M-Australian_Open-R32-Roger_Federer-Max_Mirnyi,Max Mirnyi,nonSnV,3,0,0,0,0,0,0,0,0,0,14
20060121-M-Australian_Open-R32-Roger_Federer-Max_Mirnyi,Max Mirnyi,nonSnV2nd,3,0,0,0,0,0,0,0,0,0,14
20060117-M-Australian_Open-R128-Roger_Federer-Denis_Istomin,Roger Federer,SnV,5,3,0,0,1,2,0,0,2,0,17
20060117-M-Australian_Open-R128-Roger_Federer-Denis_Istomin,Roger Federer,SnV1st,5,3,0,0,1,2,0,0,2,0,17
20060117-M-Australian_Open-R128-Roger_Federer-Denis_Istomin,Roger Federer,nonSnV,61,46,3,2,13,3,2,2,0,0,198
20060117-M-Australian_Open-R128-Roger_Federer-Denis_Istomin,Roger Federer,nonSnV1st,40,34,3,2,11,2,1,2,0,0,128
20060117-M-Australian_Open-R128-Roger_Federer-Denis_Istomin,Roger Federer,nonSnV2nd,21,12,0,0,2,1,1,0,0,0,70
20060117-M-Australian_Open-R128-Roger_Federer-Denis_Istomin,Denis Istomin,SnV,6,5,0,0,0,3,1,1,0,0,21
20060117-M-Australian_Open-R128-Roger_Federer-Denis_Istomin,Denis Istomin,SnV1st,6,5,0,0,0,3,1,1,0,0,21
20060117-M-Australian_Open-R128-Roger_Federer-Denis_Istomin,Denis Istomin,nonSnV,74,37,8,1,9,0,4,3,3,0,281
20060117-M-Australian_Open-R128-Roger_Federer-Denis_Istomin,Denis Istomin,nonSnV1st,48,27,7,1,8,0,2,3,3,0,175
20060117-M-Australian_Open-R128-Roger_Federer-Denis_Istomin,Denis Istomin,nonSnV2nd,26,10,1,0,1,0,2,0,0,0,106
20050911-M-US_Open-F-Roger_Federer-Andre_Agassi,Roger Federer,SnV,3,1,0,0,1,0,0,0,0,1,11
20050911-M-US_Open-F-Roger_Federer-Andre_Agassi,Roger Federer,SnV1st,2,0,0,0,0,0,0,0,0,1,10
20050911-M-US_Open-F-Roger_Federer-Andre_Agassi,Roger Federer,SnV2nd,1,1,0,0,1,0,0,0,0,0,1
20050911-M-US_Open-F-Roger_Federer-Andre_Agassi,Roger Federer,nonSnV,104,74,20,13,8,3,2,2,0,2,292
20050911-M-US_Open-F-Roger_Federer-Andre_Agassi,Roger Federer,nonSnV1st,79,60,20,13,6,3,2,2,0,2,204
20050911-M-US_Open-F-Roger_Federer-Andre_Agassi,Roger Federer,nonSnV2nd,25,14,0,0,2,0,0,0,0,0,88
20050911-M-US_Open-F-Roger_Federer-Andre_Agassi,Andre Agassi,SnV,1,1,0,0,0,1,0,0,0,0,3
20050911-M-US_Open-F-Roger_Federer-Andre_Agassi,Andre Agassi,SnV1st,1,1,0,0,0,1,0,0,0,0,3
20050911-M-US_Open-F-Roger_Federer-Andre_Agassi,Andre Agassi,nonSnV,126,73,6,5,8,6,2,1,2,1,615
20050911-M-US_Open-F-Roger_Federer-Andre_Agassi,Andre Agassi,nonSnV1st,77,44,6,4,8,4,2,1,0,1,342
20050911-M-US_Open-F-Roger_Federer-Andre_Agassi,Andre Agassi,nonSnV2nd,49,29,0,1,0,2,0,0,2,0,273
20050910-M-US_Open-SF-Roger_Federer-Lleyton_Hewitt,Roger Federer,SnV,6,2,0,0,0,1,1,0,0,1,16
20050910-M-US_Open-SF-Roger_Federer-Lleyton_Hewitt,Roger Federer,SnV1st,4,1,0,0,0,1,0,0,0,0,9
20050910-M-US_Open-SF-Roger_Federer-Lleyton_Hewitt,Roger Federer,SnV2nd,2,1,0,0,0,0,1,0,0,1,7
20050910-M-US_Open-SF-Roger_Federer-Lleyton_Hewitt,Roger Federer,nonSnV,142,94,10,2,18,10,11,0,5,4,654
20050910-M-US_Open-SF-Roger_Federer-Lleyton_Hewitt,Roger Federer,nonSnV1st,87,61,10,1,17,8,10,0,3,4,357
20050910-M-US_Open-SF-Roger_Federer-Lleyton_Hewitt,Roger Federer,nonSnV2nd,55,33,0,1,1,2,1,0,2,0,297
20050908-M-US_Open-QF-Lleyton_Hewitt-Jarkko_Nieminen,Lleyton Hewitt,SnV,9,8,0,0,4,3,0,0,0,0,20
20050908-M-US_Open-QF-Lleyton_Hewitt-Jarkko_Nieminen,Lleyton Hewitt,SnV1st,9,8,0,0,4,3,0,0,0,0,20
20050908-M-US_Open-QF-Lleyton_Hewitt-Jarkko_Nieminen,Lleyton Hewitt,nonSnV,95,68,6,4,11,10,4,0,2,2,442
20050908-M-US_Open-QF-Lleyton_Hewitt-Jarkko_Nieminen,Lleyton Hewitt,nonSnV1st,54,43,6,4,11,8,3,0,2,2,211
20050908-M-US_Open-QF-Lleyton_Hewitt-Jarkko_Nieminen,Lleyton Hewitt,nonSnV2nd,41,25,0,0,0,2,1,0,0,0,231
20050908-M-US_Open-QF-Lleyton_Hewitt-Jarkko_Nieminen,Jarkko Nieminen,SnV,2,0,0,0,0,0,0,0,0,0,4
20050908-M-US_Open-QF-Lleyton_Hewitt-Jarkko_Nieminen,Jarkko Nieminen,SnV1st,2,0,0,0,0,0,0,0,0,0,4
20050908-M-US_Open-QF-Lleyton_Hewitt-Jarkko_Nieminen,Jarkko Nieminen,nonSnV,129,78,8,0,10,12,3,4,3,1,628
20050908-M-US_Open-QF-Lleyton_Hewitt-Jarkko_Nieminen,Jarkko Nieminen,nonSnV1st,81,50,8,0,9,8,2,3,2,1,412
20050908-M-US_Open-QF-Lleyton_Hewitt-Jarkko_Nieminen,Jarkko Nieminen,nonSnV2nd,48,28,0,0,1,4,1,1,1,0,216
20050908-M-US_Open-QF-Andre_Agassi-James_Blake,Andre Agassi,SnV,1,1,0,0,1,0,0,0,0,0,1
20050908-M-US_Open-QF-Andre_Agassi-James_Blake,Andre Agassi,SnV1st,1,1,0,0,1,0,0,0,0,0,1
20050908-M-US_Open-QF-Andre_Agassi-James_Blake,Andre Agassi,nonSnV,158,97,11,0,38,9,6,1,2,0,617
20050908-M-US_Open-QF-Andre_Agassi-James_Blake,Andre Agassi,nonSnV1st,104,67,10,0,29,6,5,0,2,0,349
20050908-M-US_Open-QF-Andre_Agassi-James_Blake,Andre Agassi,nonSnV2nd,54,30,1,0,9,3,1,1,0,0,268
20050908-M-US_Open-QF-Andre_Agassi-James_Blake,James Blake,SnV,5,3,0,0,0,1,2,1,0,0,17
20050908-M-US_Open-QF-Andre_Agassi-James_Blake,James Blake,SnV1st,5,3,0,0,0,1,2,1,0,0,17
20050908-M-US_Open-QF-Andre_Agassi-James_Blake,James Blake,nonSnV,143,86,19,0,24,4,2,1,3,0,546
20050908-M-US_Open-QF-Andre_Agassi-James_Blake,James Blake,nonSnV1st,84,55,18,0,17,3,1,1,2,0,293
20050908-M-US_Open-QF-Andre_Agassi-James_Blake,James Blake,nonSnV2nd,59,31,1,0,7,1,1,0,1,0,253
20050905-M-US_Open-R32-Roger_Federer-Olivier_Rochus,Roger Federer,SnV,12,9,0,0,3,3,3,1,2,0,33
20050905-M-US_Open-R32-Roger_Federer-Olivier_Rochus,Roger Federer,SnV1st,11,9,0,0,3,3,3,1,1,0,29
20050905-M-US_Open-R32-Roger_Federer-Olivier_Rochus,Roger Federer,SnV2nd,1,0,0,0,0,0,0,0,1,0,4
20050905-M-US_Open-R32-Roger_Federer-Olivier_Rochus,Roger Federer,nonSnV,81,60,10,5,22,5,3,3,1,1,252
20050905-M-US_Open-R32-Roger_Federer-Olivier_Rochus,Roger Federer,nonSnV1st,55,47,10,5,18,4,2,1,1,1,139
20050905-M-US_Open-R32-Roger_Federer-Olivier_Rochus,Roger Federer,nonSnV2nd,26,13,0,0,4,1,1,2,0,0,113
20050905-M-US_Open-R32-Roger_Federer-Olivier_Rochus,Olivier Rochus,SnV,6,4,0,0,1,2,0,1,1,0,16
20050905-M-US_Open-R32-Roger_Federer-Olivier_Rochus,Olivier Rochus,SnV1st,6,4,0,0,1,2,0,1,1,0,16
20050905-M-US_Open-R32-Roger_Federer-Olivier_Rochus,Olivier Rochus,nonSnV,88,53,2,0,13,9,8,3,4,2,371
20050905-M-US_Open-R32-Roger_Federer-Olivier_Rochus,Olivier Rochus,nonSnV1st,55,35,2,0,13,7,5,2,3,2,241
20050905-M-US_Open-R32-Roger_Federer-Olivier_Rochus,Olivier Rochus,nonSnV2nd,33,18,0,0,0,2,3,1,1,0,130
20050831-M-US_Open-R64-Scoville_Jenkins-Rafael_Nadal,Scoville Jenkins,SnV,9,6,0,0,1,3,2,3,0,0,24
20050831-M-US_Open-R64-Scoville_Jenkins-Rafael_Nadal,Scoville Jenkins,SnV1st,8,5,0,0,1,3,1,3,0,0,21
20050831-M-US_Open-R64-Scoville_Jenkins-Rafael_Nadal,Scoville Jenkins,SnV2nd,1,1,0,0,0,0,1,0,0,0,3
20050831-M-US_Open-R64-Scoville_Jenkins-Rafael_Nadal,Scoville Jenkins,nonSnV,100,63,5,2,14,10,13,9,5,1,367
20050831-M-US_Open-R64-Scoville_Jenkins-Rafael_Nadal,Scoville Jenkins,nonSnV1st,60,40,5,1,12,7,6,6,3,1,184
20050831-M-US_Open-R64-Scoville_Jenkins-Rafael_Nadal,Scoville Jenkins,nonSnV2nd,40,23,0,1,2,3,7,3,2,0,183
20050831-M-US_Open-R64-Roger_Federer-Fabrice_Santoro,Roger Federer,SnV,9,7,0,0,2,1,2,2,0,0,23
20050831-M-US_Open-R64-Roger_Federer-Fabrice_Santoro,Roger Federer,SnV1st,6,5,0,0,2,1,1,1,0,0,15
20050831-M-US_Open-R64-Roger_Federer-Fabrice_Santoro,Roger Federer,SnV2nd,3,2,0,0,0,0,1,1,0,0,8
20050831-M-US_Open-R64-Roger_Federer-Fabrice_Santoro,Roger Federer,nonSnV,95,68,10,3,12,10,8,3,4,1,358
20050831-M-US_Open-R64-Roger_Federer-Fabrice_Santoro,Roger Federer,nonSnV1st,66,53,10,2,12,7,6,1,4,1,205
20050831-M-US_Open-R64-Roger_Federer-Fabrice_Santoro,Roger Federer,nonSnV2nd,29,15,0,1,0,3,2,2,0,0,153
20050831-M-US_Open-R64-Roger_Federer-Fabrice_Santoro,Fabrice Santoro,SnV,42,26,0,0,9,6,8,4,6,2,132
20050831-M-US_Open-R64-Roger_Federer-Fabrice_Santoro,Fabrice Santoro,SnV1st,34,21,0,0,8,5,6,4,5,1,107
20050831-M-US_Open-R64-Roger_Federer-Fabrice_Santoro,Fabrice Santoro,SnV2nd,8,5,0,0,1,1,2,0,1,1,25
20050831-M-US_Open-R64-Roger_Federer-Fabrice_Santoro,Fabrice Santoro,nonSnV,65,39,5,3,7,1,9,1,5,0,285
20050831-M-US_Open-R64-Roger_Federer-Fabrice_Santoro,Fabrice Santoro,nonSnV1st,34,22,5,3,7,0,3,0,4,0,114
20050831-M-US_Open-R64-Roger_Federer-Fabrice_Santoro,Fabrice Santoro,nonSnV2nd,31,17,0,0,0,1,6,1,1,0,171
20050831-M-US_Open-R64-Arnaud_Clement-Andy_Murray,Arnaud Clement,SnV,3,3,0,0,2,1,0,0,0,0,5
20050831-M-US_Open-R64-Arnaud_Clement-Andy_Murray,Arnaud Clement,SnV1st,3,3,0,0,2,1,0,0,0,0,5
20050831-M-US_Open-R64-Arnaud_Clement-Andy_Murray,Arnaud Clement,nonSnV,162,107,8,0,23,12,9,0,5,2,879
20050831-M-US_Open-R64-Arnaud_Clement-Andy_Murray,Arnaud Clement,nonSnV1st,90,64,8,0,22,7,8,0,4,1,394
20050831-M-US_Open-R64-Arnaud_Clement-Andy_Murray,Arnaud Clement,nonSnV2nd,72,43,0,0,1,5,1,0,1,1,485
20050831-M-US_Open-R64-Arnaud_Clement-Andy_Murray,Andy Murray,SnV,1,1,0,0,0,0,1,0,0,0,3
20050831-M-US_Open-R64-Arnaud_Clement-Andy_Murray,Andy Murray,SnV1st,1,1,0,0,0,0,1,0,0,0,3
20050831-M-US_Open-R64-Arnaud_Clement-Andy_Murray,Andy Murray,nonSnV,142,94,26,0,16,8,6,0,2,2,748
20050831-M-US_Open-R64-Arnaud_Clement-Andy_Murray,Andy Murray,nonSnV1st,81,60,26,0,14,3,3,0,1,0,298
20050831-M-US_Open-R64-Arnaud_Clement-Andy_Murray,Andy Murray,nonSnV2nd,61,34,0,0,2,5,3,0,1,2,450
20050830-M-US_Open-R128-Novak_Djokovic-Gael_Monfils,Novak Djokovic,SnV,1,1,0,0,0,1,0,0,0,0,3
20050830-M-US_Open-R128-Novak_Djokovic-Gael_Monfils,Novak Djokovic,SnV1st,1,1,0,0,0,1,0,0,0,0,3
20050830-M-US_Open-R128-Novak_Djokovic-Gael_Monfils,Novak Djokovic,nonSnV,173,109,3,3,20,9,24,6,3,0,781
20050830-M-US_Open-R128-Novak_Djokovic-Gael_Monfils,Novak Djokovic,nonSnV1st,118,80,3,3,18,7,19,6,2,0,488
20050830-M-US_Open-R128-Novak_Djokovic-Gael_Monfils,Novak Djokovic,nonSnV2nd,55,29,0,0,2,2,5,0,1,0,293
20050130-M-Australian_Open-F-Lleyton_Hewitt-Marat_Safin,Marat Safin,SnV,1,0,0,0,0,0,0,0,0,0,2
20050130-M-Australian_Open-F-Lleyton_Hewitt-Marat_Safin,Marat Safin,SnV1st,1,0,0,0,0,0,0,0,0,0,2
20050130-M-Australian_Open-F-Lleyton_Hewitt-Marat_Safin,Marat Safin,nonSnV,108,73,18,5,12,10,6,2,6,1,463
20050130-M-Australian_Open-F-Lleyton_Hewitt-Marat_Safin,Marat Safin,nonSnV1st,65,48,18,5,7,8,4,1,4,1,226
20050130-M-Australian_Open-F-Lleyton_Hewitt-Marat_Safin,Marat Safin,nonSnV2nd,43,25,0,0,5,2,2,1,2,0,237
20050128-M-Australian_Open-SF-Andy_Roddick-Lleyton_Hewitt,Andy Roddick,SnV,5,1,0,0,1,0,0,1,0,1,11
20050128-M-Australian_Open-SF-Andy_Roddick-Lleyton_Hewitt,Andy Roddick,SnV1st,4,1,0,0,1,0,0,1,0,1,9
20050128-M-Australian_Open-SF-Andy_Roddick-Lleyton_Hewitt,Andy Roddick,SnV2nd,1,0,0,0,0,0,0,0,0,0,2
20050128-M-Australian_Open-SF-Andy_Roddick-Lleyton_Hewitt,Andy Roddick,nonSnV,120,85,32,5,10,10,5,3,4,1,447
20050128-M-Australian_Open-SF-Andy_Roddick-Lleyton_Hewitt,Andy Roddick,nonSnV1st,71,60,29,5,7,8,3,3,1,1,184
20050128-M-Australian_Open-SF-Andy_Roddick-Lleyton_Hewitt,Andy Roddick,nonSnV2nd,49,25,3,0,3,2,2,0,3,0,263
20050127-M-Australian_Open-SF-Roger_Federer-Marat_Safin,Roger Federer,SnV,38,32,6,2,4,8,8,0,1,3,104
20050127-M-Australian_Open-SF-Roger_Federer-Marat_Safin,Roger Federer,SnV1st,33,28,6,2,4,7,6,0,1,2,82
20050127-M-Australian_Open-SF-Roger_Federer-Marat_Safin,Roger Federer,SnV2nd,5,4,0,0,0,1,2,0,0,1,22
20050127-M-Australian_Open-SF-Roger_Federer-Marat_Safin,Roger Federer,nonSnV,142,97,15,5,24,16,3,1,4,1,513
20050127-M-Australian_Open-SF-Roger_Federer-Marat_Safin,Roger Federer,nonSnV1st,74,60,15,4,17,10,1,1,3,1,194
20050127-M-Australian_Open-SF-Roger_Federer-Marat_Safin,Roger Federer,nonSnV2nd,68,37,0,1,7,6,2,0,1,0,319
20050127-M-Australian_Open-SF-Roger_Federer-Marat_Safin,Marat Safin,SnV,23,20,4,3,5,5,0,1,0,1,52
20050127-M-Australian_Open-SF-Roger_Federer-Marat_Safin,Marat Safin,SnV1st,20,17,4,2,4,4,0,1,0,1,47
20050127-M-Australian_Open-SF-Roger_Federer-Marat_Safin,Marat Safin,SnV2nd,3,3,0,1,1,1,0,0,0,0,5
20050127-M-Australian_Open-SF-Roger_Federer-Marat_Safin,Marat Safin,nonSnV,183,115,13,9,17,12,12,5,3,3,835
20050127-M-Australian_Open-SF-Roger_Federer-Marat_Safin,Marat Safin,nonSnV1st,102,73,13,9,15,8,6,2,2,3,387
20050127-M-Australian_Open-SF-Roger_Federer-Marat_Safin,Marat Safin,nonSnV2nd,81,42,0,0,2,4,6,3,1,0,448
20050126-M-Australian_Open-QF-Roger_Federer-Andre_Agassi,Roger Federer,SnV,7,5,0,0,1,4,0,0,2,0,25
20050126-M-Australian_Open-QF-Roger_Federer-Andre_Agassi,Roger Federer,SnV1st,6,4,0,0,1,3,0,0,2,0,20
20050126-M-Australian_Open-QF-Roger_Federer-Andre_Agassi,Roger Federer,SnV2nd,1,1,0,0,0,1,0,0,0,0,5
20050126-M-Australian_Open-QF-Roger_Federer-Andre_Agassi,Roger Federer,nonSnV,88,66,22,0,18,0,5,1,1,1,280
20050126-M-Australian_Open-QF-Roger_Federer-Andre_Agassi,Roger Federer,nonSnV1st,60,47,21,0,17,0,4,1,1,1,167
20050126-M-Australian_Open-QF-Roger_Federer-Andre_Agassi,Roger Federer,nonSnV2nd,28,19,1,0,1,0,1,0,0,0,113
20050120-M-Australian_Open-R64-Lleyton_Hewitt-James_Blake,James Blake,SnV,12,8,0,0,2,2,2,2,1,0,34
20050120-M-Australian_Open-R64-Lleyton_Hewitt-James_Blake,James Blake,SnV1st,12,8,0,0,2,2,2,2,1,0,34
20050120-M-Australian_Open-R64-Lleyton_Hewitt-James_Blake,James Blake,nonSnV,117,68,9,2,13,7,5,2,5,3,564
20050120-M-Australian_Open-R64-Lleyton_Hewitt-James_Blake,James Blake,nonSnV1st,62,38,9,2,12,6,2,2,2,2,234
20050120-M-Australian_Open-R64-Lleyton_Hewitt-James_Blake,James Blake,nonSnV2nd,55,30,0,0,1,1,3,0,3,1,330
20050119-M-Australian_Open-R64-Roger_Federer-Takao_Suzuki,Roger Federer,SnV,14,9,0,0,2,2,3,2,1,1,51
20050119-M-Australian_Open-R64-Roger_Federer-Takao_Suzuki,Roger Federer,SnV1st,13,9,0,0,2,2,3,1,1,1,49
20050119-M-Australian_Open-R64-Roger_Federer-Takao_Suzuki,Roger Federer,SnV2nd,1,0,0,0,0,0,0,1,0,0,2
20050119-M-Australian_Open-R64-Roger_Federer-Takao_Suzuki,Roger Federer,nonSnV,70,53,7,4,15,2,4,0,2,0,219
20050119-M-Australian_Open-R64-Roger_Federer-Takao_Suzuki,Roger Federer,nonSnV1st,49,39,7,4,15,2,4,0,2,0,145
20050119-M-Australian_Open-R64-Roger_Federer-Takao_Suzuki,Roger Federer,nonSnV2nd,21,14,0,0,0,0,0,0,0,0,74
20050119-M-Australian_Open-R64-Roger_Federer-Takao_Suzuki,Takao Suzuki,SnV,67,33,0,0,15,10,6,13,14,2,193
20050119-M-Australian_Open-R64-Roger_Federer-Takao_Suzuki,Takao Suzuki,SnV1st,52,26,0,0,13,8,5,9,12,2,156
20050119-M-Australian_Open-R64-Roger_Federer-Takao_Suzuki,Takao Suzuki,SnV2nd,15,7,0,0,2,2,1,4,2,0,37
20050119-M-Australian_Open-R64-Roger_Federer-Takao_Suzuki,Takao Suzuki,nonSnV,35,27,5,4,5,3,3,0,0,0,115
20050119-M-Australian_Open-R64-Roger_Federer-Takao_Suzuki,Takao Suzuki,nonSnV1st,20,14,5,4,4,1,0,0,0,0,44
20050119-M-Australian_Open-R64-Roger_Federer-Takao_Suzuki,Takao Suzuki,nonSnV2nd,15,13,0,0,1,2,3,0,0,0,71
20050119-M-Australian_Open-R64-Bohdan_Ulihrach-Marat_Safin,Marat Safin,SnV,8,7,0,1,2,1,2,0,0,0,19
20050119-M-Australian_Open-R64-Bohdan_Ulihrach-Marat_Safin,Marat Safin,SnV1st,8,7,0,1,2,1,2,0,0,0,19
20050119-M-Australian_Open-R64-Bohdan_Ulihrach-Marat_Safin,Marat Safin,nonSnV,59,43,10,2,11,3,1,3,0,1,181
20050119-M-Australian_Open-R64-Bohdan_Ulihrach-Marat_Safin,Marat Safin,nonSnV1st,32,27,10,2,8,2,0,3,0,0,71
20050119-M-Australian_Open-R64-Bohdan_Ulihrach-Marat_Safin,Marat Safin,nonSnV2nd,27,16,0,0,3,1,1,0,0,1,110
20050117-M-Australian_Open-R128-Roger_Federer-Fabrice_Santoro,Roger Federer,SnV,6,4,0,0,1,2,1,2,0,0,20
20050117-M-Australian_Open-R128-Roger_Federer-Fabrice_Santoro,Roger Federer,SnV1st,6,4,0,0,1,2,1,2,0,0,20
20050117-M-Australian_Open-R128-Roger_Federer-Fabrice_Santoro,Roger Federer,nonSnV,45,34,5,3,3,7,5,1,0,0,182
20050117-M-Australian_Open-R128-Roger_Federer-Fabrice_Santoro,Roger Federer,nonSnV1st,30,25,5,3,2,3,4,1,0,0,103
20050117-M-Australian_Open-R128-Roger_Federer-Fabrice_Santoro,Roger Federer,nonSnV2nd,15,9,0,0,1,4,1,0,0,0,79
20050117-M-Australian_Open-R128-Roger_Federer-Fabrice_Santoro,Fabrice Santoro,SnV,7,4,0,0,2,0,2,1,1,0,16
20050117-M-Australian_Open-R128-Roger_Federer-Fabrice_Santoro,Fabrice Santoro,SnV1st,6,3,0,0,2,0,1,1,1,0,13
20050117-M-Australian_Open-R128-Roger_Federer-Fabrice_Santoro,Fabrice Santoro,SnV2nd,1,1,0,0,0,0,1,0,0,0,3
20050117-M-Australian_Open-R128-Roger_Federer-Fabrice_Santoro,Fabrice Santoro,nonSnV,79,35,1,0,11,2,4,3,13,1,333
20050117-M-Australian_Open-R128-Roger_Federer-Fabrice_Santoro,Fabrice Santoro,nonSnV1st,53,23,1,0,10,2,3,2,13,1,231
20050117-M-Australian_Open-R128-Roger_Federer-Fabrice_Santoro,Fabrice Santoro,nonSnV2nd,26,12,0,0,1,0,1,1,0,0,102
20050117-M-Australian_Open-R128-Novak_Djokovic-Marat_Safin,Marat Safin,SnV,6,6,0,2,2,1,1,0,0,0,10
20050117-M-Australian_Open-R128-Novak_Djokovic-Marat_Safin,Marat Safin,SnV1st,6,6,0,2,2,1,1,0,0,0,10
20050117-M-Australian_Open-R128-Novak_Djokovic-Marat_Safin,Marat Safin,nonSnV,44,32,1,5,5,5,2,0,0,0,168
20050117-M-Australian_Open-R128-Novak_Djokovic-Marat_Safin,Marat Safin,nonSnV1st,21,19,1,5,4,3,1,0,0,0,63
20050117-M-Australian_Open-R128-Novak_Djokovic-Marat_Safin,Marat Safin,nonSnV2nd,23,13,0,0,1,2,1,0,0,0,105
20050114-M-Australian_Open-R16-Lleyton_Hewitt-Rafael_Nadal,Lleyton Hewitt,SnV,9,6,1,0,2,2,1,0,0,1,22
20050114-M-Australian_Open-R16-Lleyton_Hewitt-Rafael_Nadal,Lleyton Hewitt,SnV1st,8,6,1,0,2,2,1,0,0,0,18
20050114-M-Australian_Open-R16-Lleyton_Hewitt-Rafael_Nadal,Lleyton Hewitt,SnV2nd,1,0,0,0,0,0,0,0,0,1,4
20050114-M-Australian_Open-R16-Lleyton_Hewitt-Rafael_Nadal,Lleyton Hewitt,nonSnV,131,88,17,4,5,12,4,2,3,1,656
20050114-M-Australian_Open-R16-Lleyton_Hewitt-Rafael_Nadal,Lleyton Hewitt,nonSnV1st,66,51,17,4,5,9,3,2,1,0,241
20050114-M-Australian_Open-R16-Lleyton_Hewitt-Rafael_Nadal,Lleyton Hewitt,nonSnV2nd,65,37,0,0,0,3,1,0,2,1,415
20050114-M-Australian_Open-R16-Lleyton_Hewitt-Rafael_Nadal,Rafael Nadal,SnV,3,2,0,0,0,1,0,0,0,1,12
20050114-M-Australian_Open-R16-Lleyton_Hewitt-Rafael_Nadal,Rafael Nadal,SnV1st,3,2,0,0,0,1,0,0,0,1,12
20050114-M-Australian_Open-R16-Lleyton_Hewitt-Rafael_Nadal,Rafael Nadal,nonSnV,154,98,4,1,12,8,3,2,5,2,904
20050114-M-Australian_Open-R16-Lleyton_Hewitt-Rafael_Nadal,Rafael Nadal,nonSnV1st,109,70,4,1,11,7,2,2,4,2,626
20050114-M-Australian_Open-R16-Lleyton_Hewitt-Rafael_Nadal,Rafael Nadal,nonSnV2nd,45,28,0,0,1,1,1,0,1,0,278
20040912-M-US_Open-F-Lleyton_Hewitt-Roger_Federer,Roger Federer,SnV,6,4,0,0,3,1,0,0,1,0,12
20040912-M-US_Open-F-Lleyton_Hewitt-Roger_Federer,Roger Federer,SnV1st,6,4,0,0,3,1,0,0,1,0,12
20040912-M-US_Open-F-Lleyton_Hewitt-Roger_Federer,Roger Federer,nonSnV,82,56,11,1,7,9,7,1,0,0,436
20040912-M-US_Open-F-Lleyton_Hewitt-Roger_Federer,Roger Federer,nonSnV1st,43,34,11,1,7,6,2,1,0,0,152
20040912-M-US_Open-F-Lleyton_Hewitt-Roger_Federer,Roger Federer,nonSnV2nd,39,22,0,0,0,3,5,0,0,0,284
20040911-M-US_Open-SF-Roger_Federer-Tim_Henman,Roger Federer,SnV,2,1,0,0,0,0,0,0,0,0,5
20040911-M-US_Open-SF-Roger_Federer-Tim_Henman,Roger Federer,SnV1st,2,1,0,0,0,0,0,0,0,0,5
20040911-M-US_Open-SF-Roger_Federer-Tim_Henman,Roger Federer,nonSnV,80,59,7,0,20,6,1,3,3,0,279
20040911-M-US_Open-SF-Roger_Federer-Tim_Henman,Roger Federer,nonSnV1st,51,39,7,0,17,5,0,1,3,0,173
20040911-M-US_Open-SF-Roger_Federer-Tim_Henman,Roger Federer,nonSnV2nd,29,20,0,0,3,1,1,2,0,0,106
20040911-M-US_Open-SF-Roger_Federer-Tim_Henman,Tim Henman,SnV,21,10,0,0,4,3,3,2,4,1,64
20040911-M-US_Open-SF-Roger_Federer-Tim_Henman,Tim Henman,SnV1st,18,8,0,0,4,1,3,2,3,1,50
20040911-M-US_Open-SF-Roger_Federer-Tim_Henman,Tim Henman,SnV2nd,3,2,0,0,0,2,0,0,1,0,14
20040911-M-US_Open-SF-Roger_Federer-Tim_Henman,Tim Henman,nonSnV,52,36,4,0,10,3,4,2,1,2,184
20040911-M-US_Open-SF-Roger_Federer-Tim_Henman,Tim Henman,nonSnV1st,27,20,4,0,9,1,0,0,1,1,86
20040911-M-US_Open-SF-Roger_Federer-Tim_Henman,Tim Henman,nonSnV2nd,25,16,0,0,1,2,4,2,0,1,98
20040911-M-US_Open-SF-Lleyton_Hewitt-Joachim_Johansson,Joachim Johansson,SnV,3,2,0,0,1,1,0,0,0,0,6
20040911-M-US_Open-SF-Lleyton_Hewitt-Joachim_Johansson,Joachim Johansson,SnV1st,3,2,0,0,1,1,0,0,0,0,6
20040911-M-US_Open-SF-Lleyton_Hewitt-Joachim_Johansson,Joachim Johansson,nonSnV,92,56,17,4,11,3,6,4,3,1,358
20040911-M-US_Open-SF-Lleyton_Hewitt-Joachim_Johansson,Joachim Johansson,nonSnV1st,58,41,17,4,10,2,3,3,3,0,203
20040911-M-US_Open-SF-Lleyton_Hewitt-Joachim_Johansson,Joachim Johansson,nonSnV2nd,34,15,0,0,1,1,3,1,0,1,155
20040909-M-US_Open-QF-Roger_Federer-Andre_Agassi,Roger Federer,SnV,3,1,0,0,0,0,1,0,0,0,9
20040909-M-US_Open-QF-Roger_Federer-Andre_Agassi,Roger Federer,SnV1st,2,0,0,0,0,0,0,0,0,0,4
20040909-M-US_Open-QF-Roger_Federer-Andre_Agassi,Roger Federer,SnV2nd,1,1,0,0,0,0,1,0,0,0,5
20040909-M-US_Open-QF-Roger_Federer-Andre_Agassi,Roger Federer,nonSnV,146,101,16,5,28,11,7,3,2,3,621
20040909-M-US_Open-QF-Roger_Federer-Andre_Agassi,Roger Federer,nonSnV1st,98,74,16,5,25,8,6,2,1,0,326
20040909-M-US_Open-QF-Roger_Federer-Andre_Agassi,Roger Federer,nonSnV2nd,48,27,0,0,3,3,1,1,1,3,295
20040909-M-US_Open-QF-Roger_Federer-Andre_Agassi,Andre Agassi,SnV,1,1,0,0,0,1,0,0,0,0,3
20040909-M-US_Open-QF-Roger_Federer-Andre_Agassi,Andre Agassi,SnV1st,1,1,0,0,0,1,0,0,0,0,3
20040909-M-US_Open-QF-Roger_Federer-Andre_Agassi,Andre Agassi,nonSnV,137,95,3,4,19,5,6,1,2,1,705
20040909-M-US_Open-QF-Roger_Federer-Andre_Agassi,Andre Agassi,nonSnV1st,96,68,3,4,19,4,4,1,2,1,464
20040909-M-US_Open-QF-Roger_Federer-Andre_Agassi,Andre Agassi,nonSnV2nd,41,27,0,0,0,1,2,0,0,0,241
20040909-M-US_Open-QF-Lleyton_Hewitt-Tommy_Haas,Tommy Haas,SnV,5,3,0,0,1,2,0,1,1,0,15
20040909-M-US_Open-QF-Lleyton_Hewitt-Tommy_Haas,Tommy Haas,SnV1st,5,3,0,0,1,2,0,1,1,0,15
20040909-M-US_Open-QF-Lleyton_Hewitt-Tommy_Haas,Tommy Haas,nonSnV,69,31,2,0,6,6,4,1,4,5,365
20040909-M-US_Open-QF-Lleyton_Hewitt-Tommy_Haas,Tommy Haas,nonSnV1st,51,26,2,0,6,5,3,1,2,1,260
20040909-M-US_Open-QF-Lleyton_Hewitt-Tommy_Haas,Tommy Haas,nonSnV2nd,18,5,0,0,0,1,1,0,2,4,105
20040909-M-US_Open-QF-Andy_Roddick-Joachim_Johansson,Joachim Johansson,SnV,1,0,0,0,0,0,0,0,1,0,4
20040909-M-US_Open-QF-Andy_Roddick-Joachim_Johansson,Joachim Johansson,SnV1st,1,0,0,0,0,0,0,0,1,0,4
20040909-M-US_Open-QF-Andy_Roddick-Joachim_Johansson,Joachim Johansson,nonSnV,155,101,31,4,20,5,8,4,3,2,543
20040909-M-US_Open-QF-Andy_Roddick-Joachim_Johansson,Joachim Johansson,nonSnV1st,98,74,31,4,17,4,2,1,2,1,264
20040909-M-US_Open-QF-Andy_Roddick-Joachim_Johansson,Joachim Johansson,nonSnV2nd,57,27,0,0,3,1,6,3,1,1,279
20040904-M-US_Open-R32-Andy_Roddick-Guillermo_Canas,Andy Roddick,SnV,2,1,0,0,0,0,1,0,1,0,7
20040904-M-US_Open-R32-Andy_Roddick-Guillermo_Canas,Andy Roddick,SnV2nd,2,1,0,0,0,0,1,0,1,0,7
20040904-M-US_Open-R32-Andy_Roddick-Guillermo_Canas,Andy Roddick,nonSnV,67,53,20,4,10,2,0,0,1,1,199
20040904-M-US_Open-R32-Andy_Roddick-Guillermo_Canas,Andy Roddick,nonSnV1st,49,43,20,4,9,1,0,0,1,0,121
20040904-M-US_Open-R32-Andy_Roddick-Guillermo_Canas,Andy Roddick,nonSnV2nd,18,10,0,0,1,1,0,0,0,1,78
20040902-M-US_Open-R64-Rafael_Nadal-Andy_Roddick,Rafael Nadal,SnV,1,1,0,0,0,0,1,0,0,0,3
20040902-M-US_Open-R64-Rafael_Nadal-Andy_Roddick,Rafael Nadal,SnV1st,1,1,0,0,0,0,1,0,0,0,3
20040902-M-US_Open-R64-Rafael_Nadal-Andy_Roddick,Rafael Nadal,nonSnV,69,32,0,0,8,2,2,2,1,1,484
20040902-M-US_Open-R64-Rafael_Nadal-Andy_Roddick,Rafael Nadal,nonSnV1st,60,29,0,0,8,2,2,1,1,1,425
20040902-M-US_Open-R64-Rafael_Nadal-Andy_Roddick,Rafael Nadal,nonSnV2nd,9,3,0,0,0,0,0,1,0,0,59
20040902-M-US_Open-R64-Rafael_Nadal-Andy_Roddick,Andy Roddick,SnV,7,5,0,0,0,2,0,1,0,0,17
20040902-M-US_Open-R64-Rafael_Nadal-Andy_Roddick,Andy Roddick,SnV1st,2,0,0,0,0,0,0,1,0,0,6
20040902-M-US_Open-R64-Rafael_Nadal-Andy_Roddick,Andy Roddick,SnV2nd,5,5,0,0,0,2,0,0,0,0,11
20040902-M-US_Open-R64-Rafael_Nadal-Andy_Roddick,Andy Roddick,nonSnV,64,45,10,0,18,1,2,0,2,1,189
20040902-M-US_Open-R64-Rafael_Nadal-Andy_Roddick,Andy Roddick,nonSnV1st,43,31,10,0,13,1,1,0,2,1,101
20040902-M-US_Open-R64-Rafael_Nadal-Andy_Roddick,Andy Roddick,nonSnV2nd,21,14,0,0,5,0,1,0,0,0,88
20040902-M-US_Open-R64-Marcos_Baghdatis-Roger_Federer,Marcos Baghdatis,SnV,3,3,0,0,1,0,2,0,0,0,7
20040902-M-US_Open-R64-Marcos_Baghdatis-Roger_Federer,Marcos Baghdatis,SnV1st,3,3,0,0,1,0,2,0,0,0,7
20040902-M-US_Open-R64-Marcos_Baghdatis-Roger_Federer,Marcos Baghdatis,nonSnV,101,56,5,1,16,5,2,3,3,2,436
20040902-M-US_Open-R64-Marcos_Baghdatis-Roger_Federer,Marcos Baghdatis,nonSnV1st,59,38,5,1,16,2,1,1,1,1,190
20040902-M-US_Open-R64-Marcos_Baghdatis-Roger_Federer,Marcos Baghdatis,nonSnV2nd,42,18,0,0,0,3,1,2,2,1,246
20040902-M-US_Open-R64-Marcos_Baghdatis-Roger_Federer,Roger Federer,SnV,8,6,0,0,3,2,0,1,0,0,18
20040902-M-US_Open-R64-Marcos_Baghdatis-Roger_Federer,Roger Federer,SnV1st,7,6,0,0,3,2,0,0,0,0,16
20040902-M-US_Open-R64-Marcos_Baghdatis-Roger_Federer,Roger Federer,SnV2nd,1,0,0,0,0,0,0,1,0,0,2
20040902-M-US_Open-R64-Marcos_Baghdatis-Roger_Federer,Roger Federer,nonSnV,85,64,7,3,19,6,5,1,3,1,314
20040902-M-US_Open-R64-Marcos_Baghdatis-Roger_Federer,Roger Federer,nonSnV1st,50,40,7,3,14,3,3,1,1,1,158
20040902-M-US_Open-R64-Marcos_Baghdatis-Roger_Federer,Roger Federer,nonSnV2nd,35,24,0,0,5,3,2,0,2,0,156
20040201-M-Australian_Open-F-Roger_Federer-Marat_Safin,Roger Federer,SnV,3,2,1,0,0,1,0,0,0,0,6
20040201-M-Australian_Open-F-Roger_Federer-Marat_Safin,Roger Federer,SnV1st,2,2,1,0,0,1,0,0,0,0,4
20040201-M-Australian_Open-F-Roger_Federer-Marat_Safin,Roger Federer,SnV2nd,1,0,0,0,0,0,0,0,0,0,2
20040201-M-Australian_Open-F-Roger_Federer-Marat_Safin,Roger Federer,nonSnV,85,59,7,0,17,6,2,2,3,1,317
20040201-M-Australian_Open-F-Roger_Federer-Marat_Safin,Roger Federer,nonSnV1st,46,34,7,0,13,4,1,2,1,1,128
20040201-M-Australian_Open-F-Roger_Federer-Marat_Safin,Roger Federer,nonSnV2nd,39,25,0,0,4,2,1,0,2,0,189
20040201-M-Australian_Open-F-Roger_Federer-Marat_Safin,Marat Safin,SnV,1,1,0,0,1,0,0,0,0,0,1
20040201-M-Australian_Open-F-Roger_Federer-Marat_Safin,Marat Safin,SnV1st,1,1,0,0,1,0,0,0,0,0,1
20040201-M-Australian_Open-F-Roger_Federer-Marat_Safin,Marat Safin,nonSnV,109,63,3,0,11,7,12,3,5,4,611
20040201-M-Australian_Open-F-Roger_Federer-Marat_Safin,Marat Safin,nonSnV1st,55,35,3,0,10,4,4,3,0,4,289
20040201-M-Australian_Open-F-Roger_Federer-Marat_Safin,Marat Safin,nonSnV2nd,54,28,0,0,1,3,8,0,5,0,322
20040130-M-Australian_Open-SF-Roger_Federer-Juan_Carlos_Ferrero,Roger Federer,SnV,7,6,0,0,2,3,1,0,0,0,18
20040130-M-Australian_Open-SF-Roger_Federer-Juan_Carlos_Ferrero,Roger Federer,SnV1st,5,5,0,0,2,3,0,0,0,0,11
20040130-M-Australian_Open-SF-Roger_Federer-Juan_Carlos_Ferrero,Roger Federer,SnV2nd,2,1,0,0,0,0,1,0,0,0,7
20040130-M-Australian_Open-SF-Roger_Federer-Juan_Carlos_Ferrero,Roger Federer,nonSnV,75,54,11,0,18,3,5,1,0,0,274
20040130-M-Australian_Open-SF-Roger_Federer-Juan_Carlos_Ferrero,Roger Federer,nonSnV1st,55,45,11,0,15,3,5,1,0,0,171
20040130-M-Australian_Open-SF-Roger_Federer-Juan_Carlos_Ferrero,Roger Federer,nonSnV2nd,20,9,0,0,3,0,0,0,0,0,103
20040129-M-Australian_Open-SF-Andre_Agassi-Marat_Safin,Marat Safin,SnV,1,1,0,0,1,0,0,0,0,0,1
20040129-M-Australian_Open-SF-Andre_Agassi-Marat_Safin,Marat Safin,SnV1st,1,1,0,0,1,0,0,0,0,0,1
20040129-M-Australian_Open-SF-Andre_Agassi-Marat_Safin,Marat Safin,nonSnV,160,108,32,4,23,6,1,1,3,3,630
20040129-M-Australian_Open-SF-Andre_Agassi-Marat_Safin,Marat Safin,nonSnV1st,87,67,32,4,21,3,1,1,0,2,239
20040129-M-Australian_Open-SF-Andre_Agassi-Marat_Safin,Marat Safin,nonSnV2nd,73,41,0,0,2,3,0,0,3,1,391
20040128-M-Australian_Open-QF-Roger_Federer-David_Nalbandian,Roger Federer,SnV,7,5,0,0,0,2,3,0,1,0,21
20040128-M-Australian_Open-QF-Roger_Federer-David_Nalbandian,Roger Federer,SnV1st,4,3,0,0,0,2,1,0,1,0,13
20040128-M-Australian_Open-QF-Roger_Federer-David_Nalbandian,Roger Federer,SnV2nd,3,2,0,0,0,0,2,0,0,0,8
20040128-M-Australian_Open-QF-Roger_Federer-David_Nalbandian,Roger Federer,nonSnV,117,80,20,6,19,6,5,1,0,0,472
20040128-M-Australian_Open-QF-Roger_Federer-David_Nalbandian,Roger Federer,nonSnV1st,72,60,20,5,19,5,2,0,0,0,198
20040128-M-Australian_Open-QF-Roger_Federer-David_Nalbandian,Roger Federer,nonSnV2nd,45,20,0,1,0,1,3,1,0,0,274
20040128-M-Australian_Open-QF-Roger_Federer-David_Nalbandian,David Nalbandian,SnV,5,4,0,0,1,1,1,0,1,0,18
20040128-M-Australian_Open-QF-Roger_Federer-David_Nalbandian,David Nalbandian,SnV1st,4,3,0,0,1,1,1,0,1,0,13
20040128-M-Australian_Open-QF-Roger_Federer-David_Nalbandian,David Nalbandian,SnV2nd,1,1,0,0,0,0,0,0,0,0,5
20040128-M-Australian_Open-QF-Roger_Federer-David_Nalbandian,David Nalbandian,nonSnV,110,73,5,0,10,3,4,2,3,2,605
20040128-M-Australian_Open-QF-Roger_Federer-David_Nalbandian,David Nalbandian,nonSnV1st,71,48,5,0,10,3,1,1,2,2,314
20040128-M-Australian_Open-QF-Roger_Federer-David_Nalbandian,David Nalbandian,nonSnV2nd,39,25,0,0,0,0,3,1,1,0,291
20040127-M-Australian_Open-QF-Andy_Roddick-Marat_Safin,Andy Roddick,SnV,1,1,0,0,1,0,0,0,0,0,1
20040127-M-Australian_Open-QF-Andy_Roddick-Marat_Safin,Andy Roddick,SnV2nd,1,1,0,0,1,0,0,0,0,0,1
20040127-M-Australian_Open-QF-Andy_Roddick-Marat_Safin,Andy Roddick,nonSnV,147,101,18,3,32,10,8,3,3,1,615
20040127-M-Australian_Open-QF-Andy_Roddick-Marat_Safin,Andy Roddick,nonSnV1st,95,71,18,3,30,8,5,0,3,0,349
20040127-M-Australian_Open-QF-Andy_Roddick-Marat_Safin,Andy Roddick,nonSnV2nd,52,30,0,0,2,2,3,3,0,1,266
20040127-M-Australian_Open-QF-Andy_Roddick-Marat_Safin,Marat Safin,SnV,10,7,1,1,1,3,1,1,1,0,25
20040127-M-Australian_Open-QF-Andy_Roddick-Marat_Safin,Marat Safin,SnV1st,10,7,1,1,1,3,1,1,1,0,25
20040127-M-Australian_Open-QF-Andy_Roddick-Marat_Safin,Marat Safin,nonSnV,136,93,18,3,17,12,8,4,4,1,799
20040127-M-Australian_Open-QF-Andy_Roddick-Marat_Safin,Marat Safin,nonSnV1st,74,56,18,3,16,7,6,3,2,0,288
20040127-M-Australian_Open-QF-Andy_Roddick-Marat_Safin,Marat Safin,nonSnV2nd,62,37,0,0,1,5,2,1,2,1,511
20040126-M-Australian_Open-R16-Roger_Federer-Lleyton_Hewitt,Roger Federer,SnV,8,5,1,0,1,3,0,1,0,1,21
20040126-M-Australian_Open-R16-Roger_Federer-Lleyton_Hewitt,Roger Federer,SnV1st,8,5,1,0,1,3,0,1,0,1,21
20040126-M-Australian_Open-R16-Roger_Federer-Lleyton_Hewitt,Roger Federer,nonSnV,105,73,13,2,13,10,7,3,1,6,493
20040126-M-Australian_Open-R16-Roger_Federer-Lleyton_Hewitt,Roger Federer,nonSnV1st,61,46,12,2,12,6,5,2,1,4,200
20040126-M-Australian_Open-R16-Roger_Federer-Lleyton_Hewitt,Roger Federer,nonSnV2nd,44,27,1,0,1,4,2,1,0,2,293
20040124-M-Australian_Open-R32-Roger_Federer-Todd_Reid,Roger Federer,SnV,6,4,0,0,1,3,0,1,0,0,14
20040124-M-Australian_Open-R32-Roger_Federer-Todd_Reid,Roger Federer,SnV1st,4,2,0,0,0,2,0,1,0,0,10
20040124-M-Australian_Open-R32-Roger_Federer-Todd_Reid,Roger Federer,SnV2nd,2,2,0,0,1,1,0,0,0,0,4
20040124-M-Australian_Open-R32-Roger_Federer-Todd_Reid,Roger Federer,nonSnV,48,36,5,0,6,6,5,0,2,2,210
20040124-M-Australian_Open-R32-Roger_Federer-Todd_Reid,Roger Federer,nonSnV1st,27,21,3,0,6,4,4,0,0,2,121
20040124-M-Australian_Open-R32-Roger_Federer-Todd_Reid,Roger Federer,nonSnV2nd,21,15,2,0,0,2,1,0,2,0,89
20040124-M-Australian_Open-R16-Andy_Roddick-Sjeng_Schalken,Sjeng Schalken,SnV,2,0,0,0,0,0,0,0,0,0,4
20040124-M-Australian_Open-R16-Andy_Roddick-Sjeng_Schalken,Sjeng Schalken,SnV1st,2,0,0,0,0,0,0,0,0,0,4
20040124-M-Australian_Open-R16-Andy_Roddick-Sjeng_Schalken,Sjeng Schalken,nonSnV,46,22,0,0,6,4,2,1,2,1,316
20040124-M-Australian_Open-R16-Andy_Roddick-Sjeng_Schalken,Sjeng Schalken,nonSnV1st,36,19,0,0,6,4,1,1,0,1,211
20040124-M-Australian_Open-R16-Andy_Roddick-Sjeng_Schalken,Sjeng Schalken,nonSnV2nd,10,3,0,0,0,0,1,0,2,0,105
20040120-M-Australian_Open-R128-Roger_Federer-Alex_Bogomolov_Jr,Roger Federer,SnV,5,5,0,0,2,3,0,0,0,0,15
20040120-M-Australian_Open-R128-Roger_Federer-Alex_Bogomolov_Jr,Roger Federer,SnV1st,4,4,0,0,2,2,0,0,0,0,12
20040120-M-Australian_Open-R128-Roger_Federer-Alex_Bogomolov_Jr,Roger Federer,SnV2nd,1,1,0,0,0,1,0,0,0,0,3
20040120-M-Australian_Open-R128-Roger_Federer-Alex_Bogomolov_Jr,Roger Federer,nonSnV,34,28,7,1,4,4,1,0,0,0,120
20040120-M-Australian_Open-R128-Roger_Federer-Alex_Bogomolov_Jr,Roger Federer,nonSnV1st,23,17,7,1,3,3,1,0,0,0,69
20040120-M-Australian_Open-R128-Roger_Federer-Alex_Bogomolov_Jr,Roger Federer,nonSnV2nd,11,11,0,0,1,1,0,0,0,0,51
20040120-M-Australian_Open-R128-Roger_Federer-Alex_Bogomolov_Jr,Alex Bogomolov Jr,SnV,1,1,0,0,0,1,0,0,0,0,3
20040120-M-Australian_Open-R128-Roger_Federer-Alex_Bogomolov_Jr,Alex Bogomolov Jr,SnV1st,1,1,0,0,0,1,0,0,0,0,3
20040120-M-Australian_Open-R128-Roger_Federer-Alex_Bogomolov_Jr,Alex Bogomolov Jr,nonSnV,50,24,0,0,6,1,0,0,2,1,248
20040120-M-Australian_Open-R128-Roger_Federer-Alex_Bogomolov_Jr,Alex Bogomolov Jr,nonSnV1st,32,19,0,0,5,1,0,0,0,0,161
20040120-M-Australian_Open-R128-Roger_Federer-Alex_Bogomolov_Jr,Alex Bogomolov Jr,nonSnV2nd,18,5,0,0,1,0,0,0,2,1,87
20030907-M-US_Open-F-Andy_Roddick-Juan_Carlos_Ferrero,Andy Roddick,SnV,11,10,0,0,3,3,2,0,1,0,34
20030907-M-US_Open-F-Andy_Roddick-Juan_Carlos_Ferrero,Andy Roddick,SnV1st,2,2,0,0,1,1,0,0,0,0,4
20030907-M-US_Open-F-Andy_Roddick-Juan_Carlos_Ferrero,Andy Roddick,SnV2nd,9,8,0,0,2,2,2,0,1,0,30
20030907-M-US_Open-F-Andy_Roddick-Juan_Carlos_Ferrero,Andy Roddick,nonSnV,74,58,23,0,17,2,3,0,0,0,200
20030907-M-US_Open-F-Andy_Roddick-Juan_Carlos_Ferrero,Andy Roddick,nonSnV1st,54,48,23,0,14,1,2,0,0,0,124
20030907-M-US_Open-F-Andy_Roddick-Juan_Carlos_Ferrero,Andy Roddick,nonSnV2nd,20,10,0,0,3,1,1,0,0,0,76
20030907-M-US_Open-F-Andy_Roddick-Juan_Carlos_Ferrero,Juan Carlos Ferrero,SnV,1,1,0,0,0,0,1,0,0,0,3
20030907-M-US_Open-F-Andy_Roddick-Juan_Carlos_Ferrero,Juan Carlos Ferrero,SnV2nd,1,1,0,0,0,0,1,0,0,0,3
20030907-M-US_Open-F-Andy_Roddick-Juan_Carlos_Ferrero,Juan Carlos Ferrero,nonSnV,88,56,7,0,17,6,2,0,3,2,390
20030907-M-US_Open-F-Andy_Roddick-Juan_Carlos_Ferrero,Juan Carlos Ferrero,nonSnV1st,56,41,7,0,15,5,1,0,2,2,239
20030907-M-US_Open-F-Andy_Roddick-Juan_Carlos_Ferrero,Juan Carlos Ferrero,nonSnV2nd,32,15,0,0,2,1,1,0,1,0,151
20030906-M-US_Open-SF-Andy_Roddick-David_Nalbandian,Andy Roddick,SnV,7,4,0,0,0,3,1,0,2,0,28
20030906-M-US_Open-SF-Andy_Roddick-David_Nalbandian,Andy Roddick,SnV1st,6,3,0,0,0,2,1,0,2,0,25
20030906-M-US_Open-SF-Andy_Roddick-David_Nalbandian,Andy Roddick,SnV2nd,1,1,0,0,0,1,0,0,0,0,3
20030906-M-US_Open-SF-Andy_Roddick-David_Nalbandian,Andy Roddick,nonSnV,138,106,38,0,24,4,9,1,3,4,522
20030906-M-US_Open-SF-Andy_Roddick-David_Nalbandian,Andy Roddick,nonSnV1st,89,74,38,0,19,0,6,1,3,3,252
20030906-M-US_Open-SF-Andy_Roddick-David_Nalbandian,Andy Roddick,nonSnV2nd,49,32,0,0,5,4,3,0,0,1,270
20030906-M-US_Open-SF-Andre_Agassi-Juan_Carlos_Ferrero,Andre Agassi,SnV,1,0,0,0,0,0,0,0,0,0,2
20030906-M-US_Open-SF-Andre_Agassi-Juan_Carlos_Ferrero,Andre Agassi,SnV1st,1,0,0,0,0,0,0,0,0,0,2
20030906-M-US_Open-SF-Andre_Agassi-Juan_Carlos_Ferrero,Andre Agassi,nonSnV,120,77,12,0,16,7,2,1,2,0,483
20030906-M-US_Open-SF-Andre_Agassi-Juan_Carlos_Ferrero,Andre Agassi,nonSnV1st,66,50,11,0,15,4,2,1,2,0,232
20030906-M-US_Open-SF-Andre_Agassi-Juan_Carlos_Ferrero,Andre Agassi,nonSnV2nd,54,27,1,0,1,3,0,0,0,0,251
20030905-M-US_Open-QF-Juan_Carlos_Ferrero-Lleyton_Hewitt,Juan Carlos Ferrero,SnV,1,1,1,0,0,0,0,0,0,0,1
20030905-M-US_Open-QF-Juan_Carlos_Ferrero-Lleyton_Hewitt,Juan Carlos Ferrero,SnV1st,1,1,1,0,0,0,0,0,0,0,1
20030905-M-US_Open-QF-Juan_Carlos_Ferrero-Lleyton_Hewitt,Juan Carlos Ferrero,nonSnV,122,85,20,0,15,6,3,0,2,0,525
20030905-M-US_Open-QF-Juan_Carlos_Ferrero-Lleyton_Hewitt,Juan Carlos Ferrero,nonSnV1st,73,55,20,0,14,5,1,0,0,0,293
20030905-M-US_Open-QF-Juan_Carlos_Ferrero-Lleyton_Hewitt,Juan Carlos Ferrero,nonSnV2nd,49,30,0,0,1,1,2,0,2,0,232
20030905-M-US_Open-QF-Juan_Carlos_Ferrero-Lleyton_Hewitt,Lleyton Hewitt,SnV,1,0,0,0,0,0,0,0,0,0,2
20030905-M-US_Open-QF-Juan_Carlos_Ferrero-Lleyton_Hewitt,Lleyton Hewitt,SnV1st,1,0,0,0,0,0,0,0,0,0,2
20030905-M-US_Open-QF-Juan_Carlos_Ferrero-Lleyton_Hewitt,Lleyton Hewitt,nonSnV,113,71,9,0,16,8,2,0,2,0,533
20030905-M-US_Open-QF-Juan_Carlos_Ferrero-Lleyton_Hewitt,Lleyton Hewitt,nonSnV1st,60,41,9,0,9,5,2,0,1,0,247
20030905-M-US_Open-QF-Juan_Carlos_Ferrero-Lleyton_Hewitt,Lleyton Hewitt,nonSnV2nd,53,30,0,0,7,3,0,0,1,0,286
20030902-M-US_Open-R16-Roger_Federer-David_Nalbandian,Roger Federer,SnV,52,28,0,0,12,8,4,10,1,5,140
20030902-M-US_Open-R16-Roger_Federer-David_Nalbandian,Roger Federer,SnV1st,46,25,0,0,11,7,4,9,1,4,121
20030902-M-US_Open-R16-Roger_Federer-David_Nalbandian,Roger Federer,SnV2nd,6,3,0,0,1,1,0,1,0,1,19
20030902-M-US_Open-R16-Roger_Federer-David_Nalbandian,Roger Federer,nonSnV,87,52,16,0,9,5,5,2,1,0,324
20030902-M-US_Open-R16-Roger_Federer-David_Nalbandian,Roger Federer,nonSnV1st,33,28,16,0,6,3,1,0,1,0,82
20030902-M-US_Open-R16-Roger_Federer-David_Nalbandian,Roger Federer,nonSnV2nd,54,24,0,0,3,2,4,2,0,0,242
20030902-M-US_Open-R16-Roger_Federer-David_Nalbandian,David Nalbandian,SnV,5,4,0,0,1,3,0,0,0,0,14
20030902-M-US_Open-R16-Roger_Federer-David_Nalbandian,David Nalbandian,SnV1st,5,4,0,0,1,3,0,0,0,0,14
20030902-M-US_Open-R16-Roger_Federer-David_Nalbandian,David Nalbandian,nonSnV,103,69,3,0,16,4,2,0,1,1,507
20030902-M-US_Open-R16-Roger_Federer-David_Nalbandian,David Nalbandian,nonSnV1st,62,41,2,0,16,2,2,0,1,1,283
20030902-M-US_Open-R16-Roger_Federer-David_Nalbandian,David Nalbandian,nonSnV2nd,41,28,1,0,0,2,0,0,0,0,224
20030901-M-US_Open-R32-Roger_Federer-James_Blake,Roger Federer,SnV,26,22,4,1,5,6,5,1,2,0,68
20030901-M-US_Open-R32-Roger_Federer-James_Blake,Roger Federer,SnV1st,25,21,4,1,5,6,4,1,2,0,65
20030901-M-US_Open-R32-Roger_Federer-James_Blake,Roger Federer,SnV2nd,1,1,0,0,0,0,1,0,0,0,3
20030901-M-US_Open-R32-Roger_Federer-James_Blake,Roger Federer,nonSnV,72,50,8,2,15,2,2,1,0,0,212
20030901-M-US_Open-R32-Roger_Federer-James_Blake,Roger Federer,nonSnV1st,36,26,6,2,9,1,1,1,0,0,94
20030901-M-US_Open-R32-Roger_Federer-James_Blake,Roger Federer,nonSnV2nd,36,24,2,0,6,1,1,0,0,0,118
20030901-M-US_Open-R32-Roger_Federer-James_Blake,James Blake,SnV,12,7,0,0,1,5,1,1,1,1,39
20030901-M-US_Open-R32-Roger_Federer-James_Blake,James Blake,SnV1st,12,7,0,0,1,5,1,1,1,1,39
20030901-M-US_Open-R32-Roger_Federer-James_Blake,James Blake,nonSnV,110,69,5,5,14,4,6,2,4,1,439
20030901-M-US_Open-R32-Roger_Federer-James_Blake,James Blake,nonSnV1st,64,45,4,5,12,2,4,0,3,1,253
20030901-M-US_Open-R32-Roger_Federer-James_Blake,James Blake,nonSnV2nd,46,24,1,0,2,2,2,2,1,0,186
20030829-M-US_Open-R64-Roger_Federer-Jean_Rene_Lisnard,Roger Federer,SnV,27,20,0,0,9,5,3,3,3,0,66
20030829-M-US_Open-R64-Roger_Federer-Jean_Rene_Lisnard,Roger Federer,SnV1st,22,16,0,0,9,3,3,3,3,0,52
20030829-M-US_Open-R64-Roger_Federer-Jean_Rene_Lisnard,Roger Federer,SnV2nd,5,4,0,0,0,2,0,0,0,0,14
20030829-M-US_Open-R64-Roger_Federer-Jean_Rene_Lisnard,Roger Federer,nonSnV,32,26,6,0,9,1,0,0,0,0,88
20030829-M-US_Open-R64-Roger_Federer-Jean_Rene_Lisnard,Roger Federer,nonSnV1st,18,18,6,0,8,1,0,0,0,0,38
20030829-M-US_Open-R64-Roger_Federer-Jean_Rene_Lisnard,Roger Federer,nonSnV2nd,14,8,0,0,1,0,0,0,0,0,50
20030829-M-US_Open-R64-Roger_Federer-Jean_Rene_Lisnard,Jean Rene Lisnard,SnV,1,1,0,0,0,0,0,0,0,0,3
20030829-M-US_Open-R64-Roger_Federer-Jean_Rene_Lisnard,Jean Rene Lisnard,SnV2nd,1,1,0,0,0,0,0,0,0,0,3
20030829-M-US_Open-R64-Roger_Federer-Jean_Rene_Lisnard,Jean Rene Lisnard,nonSnV,67,33,0,0,7,2,2,1,3,0,271
20030829-M-US_Open-R64-Roger_Federer-Jean_Rene_Lisnard,Jean Rene Lisnard,nonSnV1st,33,16,0,0,7,1,2,0,2,0,114
20030829-M-US_Open-R64-Roger_Federer-Jean_Rene_Lisnard,Jean Rene Lisnard,nonSnV2nd,34,17,0,0,0,1,0,1,1,0,157
20030829-M-US_Open-R64-Andy_Roddick-Ivan_Ljubicic,Andy Roddick,SnV,1,1,0,0,0,1,0,0,0,0,3
20030829-M-US_Open-R64-Andy_Roddick-Ivan_Ljubicic,Andy Roddick,SnV2nd,1,1,0,0,0,1,0,0,0,0,3
20030829-M-US_Open-R64-Andy_Roddick-Ivan_Ljubicic,Andy Roddick,nonSnV,130,95,20,0,26,3,7,3,4,1,471
20030829-M-US_Open-R64-Andy_Roddick-Ivan_Ljubicic,Andy Roddick,nonSnV1st,87,66,19,0,21,1,5,2,3,1,282
20030829-M-US_Open-R64-Andy_Roddick-Ivan_Ljubicic,Andy Roddick,nonSnV2nd,43,29,1,0,5,2,2,1,1,0,189
20030829-M-US_Open-R64-Andy_Roddick-Ivan_Ljubicic,Ivan Ljubicic,SnV,20,13,0,0,4,6,2,0,2,1,55
20030829-M-US_Open-R64-Andy_Roddick-Ivan_Ljubicic,Ivan Ljubicic,SnV1st,12,9,0,0,4,4,1,0,1,0,31
20030829-M-US_Open-R64-Andy_Roddick-Ivan_Ljubicic,Ivan Ljubicic,SnV2nd,8,4,0,0,0,2,1,0,1,1,24
20030829-M-US_Open-R64-Andy_Roddick-Ivan_Ljubicic,Ivan Ljubicic,nonSnV,112,75,20,0,12,12,10,7,3,2,439
20030829-M-US_Open-R64-Andy_Roddick-Ivan_Ljubicic,Ivan Ljubicic,nonSnV1st,62,50,20,0,12,8,5,0,1,2,172
20030829-M-US_Open-R64-Andy_Roddick-Ivan_Ljubicic,Ivan Ljubicic,nonSnV2nd,50,25,0,0,0,4,5,7,2,0,267
20030126-M-Australian_Open-F-Rainer_Schuettler-Andre_Agassi,Rainer Schuettler,SnV,1,1,0,0,0,1,0,0,0,0,5
20030126-M-Australian_Open-F-Rainer_Schuettler-Andre_Agassi,Rainer Schuettler,SnV1st,1,1,0,0,0,1,0,0,0,0,5
20030126-M-Australian_Open-F-Rainer_Schuettler-Andre_Agassi,Rainer Schuettler,nonSnV,60,27,4,0,4,3,2,2,3,0,309
20030126-M-Australian_Open-F-Rainer_Schuettler-Andre_Agassi,Rainer Schuettler,nonSnV1st,33,19,4,0,4,2,1,2,2,0,151
20030126-M-Australian_Open-F-Rainer_Schuettler-Andre_Agassi,Rainer Schuettler,nonSnV2nd,27,8,0,0,0,1,1,0,1,0,158
20030125-M-Australian_Open-SF-Wayne_Ferreira-Andre_Agassi,Wayne Ferreira,SnV,6,5,0,0,3,1,0,0,0,1,13
20030125-M-Australian_Open-SF-Wayne_Ferreira-Andre_Agassi,Wayne Ferreira,SnV1st,6,5,0,0,3,1,0,0,0,1,13
20030125-M-Australian_Open-SF-Wayne_Ferreira-Andre_Agassi,Wayne Ferreira,nonSnV,68,35,8,0,11,3,4,1,2,1,293
20030125-M-Australian_Open-SF-Wayne_Ferreira-Andre_Agassi,Wayne Ferreira,nonSnV1st,41,25,8,0,9,3,2,0,1,1,163
20030125-M-Australian_Open-SF-Wayne_Ferreira-Andre_Agassi,Wayne Ferreira,nonSnV2nd,27,10,0,0,2,0,2,1,1,0,130
20030125-M-Australian_Open-SF-Rainer_Schuettler-Andy_Roddick,Rainer Schuettler,SnV,1,0,0,0,0,0,0,1,0,0,2
20030125-M-Australian_Open-SF-Rainer_Schuettler-Andy_Roddick,Rainer Schuettler,SnV1st,1,0,0,0,0,0,0,1,0,0,2
20030125-M-Australian_Open-SF-Rainer_Schuettler-Andy_Roddick,Rainer Schuettler,nonSnV,97,71,6,0,11,4,6,1,2,1,467
20030125-M-Australian_Open-SF-Rainer_Schuettler-Andy_Roddick,Rainer Schuettler,nonSnV1st,53,41,5,0,9,3,4,0,2,0,257
20030125-M-Australian_Open-SF-Rainer_Schuettler-Andy_Roddick,Rainer Schuettler,nonSnV2nd,44,30,1,0,2,1,2,1,0,1,210
20030122-M-Australian_Open-QF-Andy_Roddick-Younes_El_Aynaoui,Andy Roddick,SnV,35,29,0,0,10,10,7,2,0,0,95
20030122-M-Australian_Open-QF-Andy_Roddick-Younes_El_Aynaoui,Andy Roddick,SnV1st,21,17,0,0,8,4,3,2,0,0,57
20030122-M-Australian_Open-QF-Andy_Roddick-Younes_El_Aynaoui,Andy Roddick,SnV2nd,14,12,0,0,2,6,4,0,0,0,38
20030122-M-Australian_Open-QF-Andy_Roddick-Younes_El_Aynaoui,Andy Roddick,nonSnV,194,146,28,8,31,18,10,4,10,5,768
20030122-M-Australian_Open-QF-Andy_Roddick-Younes_El_Aynaoui,Andy Roddick,nonSnV1st,122,97,25,8,24,13,6,2,6,3,449
20030122-M-Australian_Open-QF-Andy_Roddick-Younes_El_Aynaoui,Andy Roddick,nonSnV2nd,72,49,3,0,7,5,4,2,4,2,319
20030122-M-Australian_Open-QF-Andy_Roddick-Younes_El_Aynaoui,Younes El Aynaoui,SnV,3,3,0,0,0,2,0,0,0,0,13
20030122-M-Australian_Open-QF-Andy_Roddick-Younes_El_Aynaoui,Younes El Aynaoui,SnV1st,3,3,0,0,0,2,0,0,0,0,13
20030122-M-Australian_Open-QF-Andy_Roddick-Younes_El_Aynaoui,Younes El Aynaoui,nonSnV,242,175,25,3,37,27,21,4,9,2,921
20030122-M-Australian_Open-QF-Andy_Roddick-Younes_El_Aynaoui,Younes El Aynaoui,nonSnV1st,176,138,25,3,35,25,19,3,9,2,640
20030122-M-Australian_Open-QF-Andy_Roddick-Younes_El_Aynaoui,Younes El Aynaoui,nonSnV2nd,66,37,0,0,2,2,2,1,0,0,281
20030120-M-Australian_Open-R16-Roger_Federer-David_Nalbandian,Roger Federer,SnV,37,29,0,0,10,13,3,3,3,0,105
20030120-M-Australian_Open-R16-Roger_Federer-David_Nalbandian,Roger Federer,SnV1st,31,25,0,0,9,11,2,3,2,0,87
20030120-M-Australian_Open-R16-Roger_Federer-David_Nalbandian,Roger Federer,SnV2nd,6,4,0,0,1,2,1,0,1,0,18
20030120-M-Australian_Open-R16-Roger_Federer-David_Nalbandian,Roger Federer,nonSnV,102,55,9,0,16,4,1,2,2,1,463
20030120-M-Australian_Open-R16-Roger_Federer-David_Nalbandian,Roger Federer,nonSnV1st,47,33,9,0,13,2,0,1,1,0,187
20030120-M-Australian_Open-R16-Roger_Federer-David_Nalbandian,Roger Federer,nonSnV2nd,55,22,0,0,3,2,1,1,1,1,276
20030120-M-Australian_Open-R16-Roger_Federer-David_Nalbandian,David Nalbandian,SnV,6,2,0,0,0,1,0,1,0,1,16
20030120-M-Australian_Open-R16-Roger_Federer-David_Nalbandian,David Nalbandian,SnV1st,3,1,0,0,0,1,0,0,0,1,11
20030120-M-Australian_Open-R16-Roger_Federer-David_Nalbandian,David Nalbandian,SnV2nd,3,1,0,0,0,0,0,1,0,0,5
20030120-M-Australian_Open-R16-Roger_Federer-David_Nalbandian,David Nalbandian,nonSnV,125,78,3,0,19,2,3,4,9,3,594
20030120-M-Australian_Open-R16-Roger_Federer-David_Nalbandian,David Nalbandian,nonSnV1st,76,49,3,0,19,0,3,4,4,2,329
20030120-M-Australian_Open-R16-Roger_Federer-David_Nalbandian,David Nalbandian,nonSnV2nd,49,29,0,0,0,2,0,0,5,1,265
20030115-M-Australian_Open-R128-Paradorn_Srichaphan-Mark_Philippoussis,Paradorn Srichaphan,SnV,1,1,0,0,0,0,1,0,0,0,3
20030115-M-Australian_Open-R128-Paradorn_Srichaphan-Mark_Philippoussis,Paradorn Srichaphan,SnV1st,1,1,0,0,0,0,1,0,0,0,3
20030115-M-Australian_Open-R128-Paradorn_Srichaphan-Mark_Philippoussis,Paradorn Srichaphan,nonSnV,102,76,17,0,10,4,2,0,0,1,398
20030115-M-Australian_Open-R128-Paradorn_Srichaphan-Mark_Philippoussis,Paradorn Srichaphan,nonSnV1st,60,50,17,0,10,2,2,0,0,0,202
20030115-M-Australian_Open-R128-Paradorn_Srichaphan-Mark_Philippoussis,Paradorn Srichaphan,nonSnV2nd,42,26,0,0,0,2,0,0,0,1,196
20030115-M-Australian_Open-R128-Paradorn_Srichaphan-Mark_Philippoussis,Mark Philippoussis,SnV,16,5,0,0,3,1,1,5,3,2,49
20030115-M-Australian_Open-R128-Paradorn_Srichaphan-Mark_Philippoussis,Mark Philippoussis,SnV1st,13,3,0,0,2,1,0,4,3,2,41
20030115-M-Australian_Open-R128-Paradorn_Srichaphan-Mark_Philippoussis,Mark Philippoussis,SnV2nd,3,2,0,0,1,0,1,1,0,0,8
20030115-M-Australian_Open-R128-Paradorn_Srichaphan-Mark_Philippoussis,Mark Philippoussis,nonSnV,106,80,13,0,24,10,4,1,1,1,360
20030115-M-Australian_Open-R128-Paradorn_Srichaphan-Mark_Philippoussis,Mark Philippoussis,nonSnV1st,65,56,13,0,22,8,2,1,1,0,156
20030115-M-Australian_Open-R128-Paradorn_Srichaphan-Mark_Philippoussis,Mark Philippoussis,nonSnV2nd,41,24,0,0,2,2,2,0,0,1,204
20030114-M-Australian_Open-R128-Roger_Federer-Flavio_Saretta,Roger Federer,SnV,20,8,0,0,1,4,3,8,3,0,66
20030114-M-Australian_Open-R128-Roger_Federer-Flavio_Saretta,Roger Federer,SnV1st,12,4,0,0,0,1,3,5,3,0,42
20030114-M-Australian_Open-R128-Roger_Federer-Flavio_Saretta,Roger Federer,SnV2nd,8,4,0,0,1,3,0,3,0,0,24
20030114-M-Australian_Open-R128-Roger_Federer-Flavio_Saretta,Roger Federer,nonSnV,88,61,6,7,15,5,5,2,3,2,401
20030114-M-Australian_Open-R128-Roger_Federer-Flavio_Saretta,Roger Federer,nonSnV1st,52,39,6,6,10,4,3,2,1,0,181
20030114-M-Australian_Open-R128-Roger_Federer-Flavio_Saretta,Roger Federer,nonSnV2nd,36,22,0,1,5,1,2,0,2,2,220
20020908-M-US_Open-F-Pete_Sampras-Andre_Agassi,Pete Sampras,SnV,95,62,1,0,25,22,5,3,7,2,242
20020908-M-US_Open-F-Pete_Sampras-Andre_Agassi,Pete Sampras,SnV1st,51,34,0,0,19,13,1,0,3,2,122
20020908-M-US_Open-F-Pete_Sampras-Andre_Agassi,Pete Sampras,SnV2nd,44,28,1,0,6,9,4,3,4,0,120
20020908-M-US_Open-F-Pete_Sampras-Andre_Agassi,Pete Sampras,nonSnV,44,42,34,0,3,2,0,0,0,2,62
20020908-M-US_Open-F-Pete_Sampras-Andre_Agassi,Pete Sampras,nonSnV1st,34,34,29,0,2,2,0,0,0,0,42
20020908-M-US_Open-F-Pete_Sampras-Andre_Agassi,Pete Sampras,nonSnV2nd,10,8,5,0,1,0,0,0,0,2,20
20020907-M-US_Open-SF-Pete_Sampras-Sjeng_Schalken,Pete Sampras,SnV,62,48,0,0,25,17,5,3,3,4,150
20020907-M-US_Open-SF-Pete_Sampras-Sjeng_Schalken,Pete Sampras,SnV1st,48,37,0,0,18,14,4,3,3,2,115
20020907-M-US_Open-SF-Pete_Sampras-Sjeng_Schalken,Pete Sampras,SnV2nd,14,11,0,0,7,3,1,0,0,2,35
20020907-M-US_Open-SF-Pete_Sampras-Sjeng_Schalken,Pete Sampras,nonSnV,27,26,23,0,2,0,0,1,0,0,36
20020907-M-US_Open-SF-Pete_Sampras-Sjeng_Schalken,Pete Sampras,nonSnV1st,23,22,21,0,1,0,0,1,0,0,28
20020907-M-US_Open-SF-Pete_Sampras-Sjeng_Schalken,Pete Sampras,nonSnV2nd,4,4,2,0,1,0,0,0,0,0,8
20020907-M-US_Open-SF-Pete_Sampras-Sjeng_Schalken,Sjeng Schalken,SnV,4,4,0,0,1,1,1,0,0,0,10
20020907-M-US_Open-SF-Pete_Sampras-Sjeng_Schalken,Sjeng Schalken,SnV1st,4,4,0,0,1,1,1,0,0,0,10
20020907-M-US_Open-SF-Pete_Sampras-Sjeng_Schalken,Sjeng Schalken,nonSnV,107,68,5,0,20,0,1,1,3,0,460
20020907-M-US_Open-SF-Pete_Sampras-Sjeng_Schalken,Sjeng Schalken,nonSnV1st,73,52,5,0,20,0,1,1,0,0,302
20020907-M-US_Open-SF-Pete_Sampras-Sjeng_Schalken,Sjeng Schalken,nonSnV2nd,34,16,0,0,0,0,0,0,3,0,158
20020905-M-US_Open-QF-Sjeng_Schalken-Fernando_Gonzalez,Sjeng Schalken,SnV,4,2,0,0,0,2,0,1,0,0,12
20020905-M-US_Open-QF-Sjeng_Schalken-Fernando_Gonzalez,Sjeng Schalken,SnV1st,4,2,0,0,0,2,0,1,0,0,12
20020905-M-US_Open-QF-Sjeng_Schalken-Fernando_Gonzalez,Sjeng Schalken,nonSnV,161,117,12,3,41,10,2,1,4,1,501
20020905-M-US_Open-QF-Sjeng_Schalken-Fernando_Gonzalez,Sjeng Schalken,nonSnV1st,116,88,8,3,40,8,1,1,4,0,354
20020905-M-US_Open-QF-Sjeng_Schalken-Fernando_Gonzalez,Sjeng Schalken,nonSnV2nd,45,29,4,0,1,2,1,0,0,1,147
20020905-M-US_Open-QF-Sjeng_Schalken-Fernando_Gonzalez,Fernando Gonzalez,SnV,3,3,0,0,1,1,1,0,0,0,7
20020905-M-US_Open-QF-Sjeng_Schalken-Fernando_Gonzalez,Fernando Gonzalez,SnV1st,1,1,0,0,0,1,0,0,0,0,3
20020905-M-US_Open-QF-Sjeng_Schalken-Fernando_Gonzalez,Fernando Gonzalez,SnV2nd,2,2,0,0,1,0,1,0,0,0,4
20020905-M-US_Open-QF-Sjeng_Schalken-Fernando_Gonzalez,Fernando Gonzalez,nonSnV,154,105,12,7,28,4,4,0,2,0,535
20020905-M-US_Open-QF-Sjeng_Schalken-Fernando_Gonzalez,Fernando Gonzalez,nonSnV1st,87,64,12,7,16,1,3,0,2,0,242
20020905-M-US_Open-QF-Sjeng_Schalken-Fernando_Gonzalez,Fernando Gonzalez,nonSnV2nd,67,41,0,0,12,3,1,0,0,0,293
20020905-M-US_Open-QF-Pete_Sampras-Andy_Roddick,Pete Sampras,SnV,39,29,0,0,2,19,7,5,1,2,135
20020905-M-US_Open-QF-Pete_Sampras-Andy_Roddick,Pete Sampras,SnV1st,18,13,0,0,1,10,2,2,0,1,61
20020905-M-US_Open-QF-Pete_Sampras-Andy_Roddick,Pete Sampras,SnV2nd,21,16,0,0,1,9,5,3,1,1,74
20020905-M-US_Open-QF-Pete_Sampras-Andy_Roddick,Pete Sampras,nonSnV,28,28,13,3,7,0,3,0,0,0,40
20020905-M-US_Open-QF-Pete_Sampras-Andy_Roddick,Pete Sampras,nonSnV1st,16,16,10,1,5,0,0,0,0,0,16
20020905-M-US_Open-QF-Pete_Sampras-Andy_Roddick,Pete Sampras,nonSnV2nd,12,12,3,2,2,0,3,0,0,0,24
20020902-M-US_Open-R32-Greg_Rusedski-Pete_Sampras,Greg Rusedski,SnV,114,80,0,0,37,13,10,11,10,3,244
20020902-M-US_Open-R32-Greg_Rusedski-Pete_Sampras,Greg Rusedski,SnV1st,62,48,0,0,31,11,4,6,2,1,124
20020902-M-US_Open-R32-Greg_Rusedski-Pete_Sampras,Greg Rusedski,SnV2nd,52,32,0,0,6,2,6,5,8,2,120
20020902-M-US_Open-R32-Greg_Rusedski-Pete_Sampras,Greg Rusedski,nonSnV,50,37,19,4,3,3,0,1,3,0,141
20020902-M-US_Open-R32-Greg_Rusedski-Pete_Sampras,Greg Rusedski,nonSnV1st,30,28,18,4,3,2,0,0,1,0,46
20020902-M-US_Open-R32-Greg_Rusedski-Pete_Sampras,Greg Rusedski,nonSnV2nd,20,9,1,0,0,1,0,1,2,0,95
20020902-M-US_Open-R32-Greg_Rusedski-Pete_Sampras,Pete Sampras,SnV,94,68,0,0,24,27,11,16,6,0,238
20020902-M-US_Open-R32-Greg_Rusedski-Pete_Sampras,Pete Sampras,SnV1st,63,48,0,0,22,17,9,9,5,0,154
20020902-M-US_Open-R32-Greg_Rusedski-Pete_Sampras,Pete Sampras,SnV2nd,31,20,0,0,2,10,2,7,1,0,84
20020902-M-US_Open-R32-Greg_Rusedski-Pete_Sampras,Pete Sampras,nonSnV,52,40,17,6,2,2,3,3,1,0,118
20020902-M-US_Open-R32-Greg_Rusedski-Pete_Sampras,Pete Sampras,nonSnV1st,26,24,16,6,2,0,0,0,1,0,38
20020902-M-US_Open-R32-Greg_Rusedski-Pete_Sampras,Pete Sampras,nonSnV2nd,26,16,1,0,0,2,3,3,0,0,80
20020830-M-US_Open-R64-Marat_Safin-Gustavo_Kuerten,Marat Safin,SnV,18,14,2,0,6,3,2,2,0,0,34
20020830-M-US_Open-R64-Marat_Safin-Gustavo_Kuerten,Marat Safin,SnV1st,18,14,2,0,6,3,2,2,0,0,34
20020830-M-US_Open-R64-Marat_Safin-Gustavo_Kuerten,Marat Safin,nonSnV,84,52,13,0,9,3,5,7,6,0,372
20020830-M-US_Open-R64-Marat_Safin-Gustavo_Kuerten,Marat Safin,nonSnV1st,43,30,13,0,8,2,1,5,3,0,154
20020830-M-US_Open-R64-Marat_Safin-Gustavo_Kuerten,Marat Safin,nonSnV2nd,41,22,0,0,1,1,4,2,3,0,218
20020829-M-US_Open-R64-James_Blake-Nikolay_Davydenko,James Blake,SnV,19,11,1,0,5,3,0,3,4,0,49
20020829-M-US_Open-R64-James_Blake-Nikolay_Davydenko,James Blake,SnV1st,19,11,1,0,5,3,0,3,4,0,49
20020829-M-US_Open-R64-James_Blake-Nikolay_Davydenko,James Blake,nonSnV,78,49,2,0,15,4,3,2,3,2,311
20020829-M-US_Open-R64-James_Blake-Nikolay_Davydenko,James Blake,nonSnV1st,47,34,2,0,14,3,2,1,1,1,166
20020829-M-US_Open-R64-James_Blake-Nikolay_Davydenko,James Blake,nonSnV2nd,31,15,0,0,1,1,1,1,2,1,145
20020826-M-US_Open-R128-Jiri_Vanek-Roger_Federer,Jiri Vanek,SnV,5,3,0,0,0,1,2,2,0,0,17
20020826-M-US_Open-R128-Jiri_Vanek-Roger_Federer,Jiri Vanek,SnV1st,5,3,0,0,0,1,2,2,0,0,17
20020826-M-US_Open-R128-Jiri_Vanek-Roger_Federer,Jiri Vanek,nonSnV,110,63,5,0,17,3,5,1,3,2,395
20020826-M-US_Open-R128-Jiri_Vanek-Roger_Federer,Jiri Vanek,nonSnV1st,54,33,5,0,17,3,3,0,1,0,171
20020826-M-US_Open-R128-Jiri_Vanek-Roger_Federer,Jiri Vanek,nonSnV2nd,56,30,0,0,0,0,2,1,2,2,224
20020826-M-US_Open-R128-Jiri_Vanek-Roger_Federer,Roger Federer,SnV,16,10,0,0,3,6,0,3,0,0,42
20020826-M-US_Open-R128-Jiri_Vanek-Roger_Federer,Roger Federer,SnV1st,10,6,0,0,2,3,0,2,0,0,22
20020826-M-US_Open-R128-Jiri_Vanek-Roger_Federer,Roger Federer,SnV2nd,6,4,0,0,1,3,0,1,0,0,20
20020826-M-US_Open-R128-Jiri_Vanek-Roger_Federer,Roger Federer,nonSnV,82,62,8,0,21,5,2,1,1,0,202
20020826-M-US_Open-R128-Jiri_Vanek-Roger_Federer,Roger Federer,nonSnV1st,49,39,8,0,17,4,2,1,0,0,123
20020826-M-US_Open-R128-Jiri_Vanek-Roger_Federer,Roger Federer,nonSnV2nd,33,23,0,0,4,1,0,0,1,0,79
20020127-M-Australian_Open-F-Thomas_Johansson-Marat_Safin,Thomas Johansson,SnV,11,7,0,0,2,3,2,1,1,0,31
20020127-M-Australian_Open-F-Thomas_Johansson-Marat_Safin,Thomas Johansson,SnV1st,11,7,0,0,2,3,2,1,1,0,31
20020127-M-Australian_Open-F-Thomas_Johansson-Marat_Safin,Thomas Johansson,nonSnV,100,75,15,0,19,9,6,1,3,0,387
20020127-M-Australian_Open-F-Thomas_Johansson-Marat_Safin,Thomas Johansson,nonSnV1st,53,48,15,0,18,4,4,0,1,0,148
20020127-M-Australian_Open-F-Thomas_Johansson-Marat_Safin,Thomas Johansson,nonSnV2nd,47,27,0,0,1,5,2,1,2,0,239
20020127-M-Australian_Open-F-Thomas_Johansson-Marat_Safin,Marat Safin,SnV,10,2,0,0,1,0,1,1,3,1,38
20020127-M-Australian_Open-F-Thomas_Johansson-Marat_Safin,Marat Safin,SnV1st,10,2,0,0,1,0,1,1,3,1,38
20020127-M-Australian_Open-F-Thomas_Johansson-Marat_Safin,Marat Safin,nonSnV,130,86,15,0,21,7,5,1,2,1,632
20020127-M-Australian_Open-F-Thomas_Johansson-Marat_Safin,Marat Safin,nonSnV1st,80,58,15,0,20,5,4,1,1,1,292
20020127-M-Australian_Open-F-Thomas_Johansson-Marat_Safin,Marat Safin,nonSnV2nd,50,28,0,0,1,2,1,0,1,0,340
20020126-M-Australian_Open-SF-Tommy_Haas-Marat_Safin,Tommy Haas,SnV,6,4,0,0,1,2,0,0,1,0,22
20020126-M-Australian_Open-SF-Tommy_Haas-Marat_Safin,Tommy Haas,SnV1st,6,4,0,0,1,2,0,0,1,0,22
20020126-M-Australian_Open-SF-Tommy_Haas-Marat_Safin,Tommy Haas,nonSnV,150,95,16,0,20,5,3,2,1,1,657
20020126-M-Australian_Open-SF-Tommy_Haas-Marat_Safin,Tommy Haas,nonSnV1st,65,48,14,0,15,2,1,0,1,0,230
20020126-M-Australian_Open-SF-Tommy_Haas-Marat_Safin,Tommy Haas,nonSnV2nd,85,47,2,0,5,3,2,2,0,1,427
20020126-M-Australian_Open-SF-Tommy_Haas-Marat_Safin,Marat Safin,SnV,28,19,0,0,9,7,2,4,1,1,77
20020126-M-Australian_Open-SF-Tommy_Haas-Marat_Safin,Marat Safin,SnV1st,25,17,0,0,8,6,2,3,1,1,71
20020126-M-Australian_Open-SF-Tommy_Haas-Marat_Safin,Marat Safin,SnV2nd,3,2,0,0,1,1,0,1,0,0,6
20020126-M-Australian_Open-SF-Tommy_Haas-Marat_Safin,Marat Safin,nonSnV,111,79,21,0,10,7,5,1,4,0,427
20020126-M-Australian_Open-SF-Tommy_Haas-Marat_Safin,Marat Safin,nonSnV1st,47,42,21,0,10,2,1,0,2,0,114
20020126-M-Australian_Open-SF-Tommy_Haas-Marat_Safin,Marat Safin,nonSnV2nd,64,37,0,0,0,5,4,1,2,0,313
20020126-M-Australian_Open-SF-Thomas_Johansson-Jiri_Novak,Thomas Johansson,SnV,7,6,0,0,2,3,0,0,0,1,22
20020126-M-Australian_Open-SF-Thomas_Johansson-Jiri_Novak,Thomas Johansson,SnV1st,7,6,0,0,2,3,0,0,0,1,22
20020126-M-Australian_Open-SF-Thomas_Johansson-Jiri_Novak,Thomas Johansson,nonSnV,112,81,18,0,17,4,7,1,3,0,441
20020126-M-Australian_Open-SF-Thomas_Johansson-Jiri_Novak,Thomas Johansson,nonSnV1st,69,60,18,0,15,3,7,1,1,0,208
20020126-M-Australian_Open-SF-Thomas_Johansson-Jiri_Novak,Thomas Johansson,nonSnV2nd,43,21,0,0,2,1,0,0,2,0,233
20020126-M-Australian_Open-SF-Thomas_Johansson-Jiri_Novak,Jiri Novak,SnV,2,2,0,0,0,1,1,0,0,0,6
20020126-M-Australian_Open-SF-Thomas_Johansson-Jiri_Novak,Jiri Novak,SnV1st,2,2,0,0,0,1,1,0,0,0,6
20020126-M-Australian_Open-SF-Thomas_Johansson-Jiri_Novak,Jiri Novak,nonSnV,157,104,15,0,28,2,9,1,6,2,820
20020126-M-Australian_Open-SF-Thomas_Johansson-Jiri_Novak,Jiri Novak,nonSnV1st,112,75,15,0,24,1,9,1,6,2,527
20020126-M-Australian_Open-SF-Thomas_Johansson-Jiri_Novak,Jiri Novak,nonSnV2nd,45,29,0,0,4,1,0,0,0,0,293
20020122-M-Australian_Open-R16-Roger_Federer-Tommy_Haas,Roger Federer,SnV,27,18,0,0,6,7,1,2,1,3,78
20020122-M-Australian_Open-R16-Roger_Federer-Tommy_Haas,Roger Federer,SnV1st,21,16,0,0,6,5,1,1,1,2,62
20020122-M-Australian_Open-R16-Roger_Federer-Tommy_Haas,Roger Federer,SnV2nd,6,2,0,0,0,2,0,1,0,1,16
20020122-M-Australian_Open-R16-Roger_Federer-Tommy_Haas,Roger Federer,nonSnV,142,96,25,0,19,13,6,1,5,1,594
20020122-M-Australian_Open-R16-Roger_Federer-Tommy_Haas,Roger Federer,nonSnV1st,86,63,25,0,16,8,2,0,3,1,287
20020122-M-Australian_Open-R16-Roger_Federer-Tommy_Haas,Roger Federer,nonSnV2nd,56,33,0,0,3,5,4,1,2,0,307
20020122-M-Australian_Open-R16-Roger_Federer-Tommy_Haas,Tommy Haas,SnV,4,3,0,0,0,1,0,1,0,0,9
20020122-M-Australian_Open-R16-Roger_Federer-Tommy_Haas,Tommy Haas,SnV1st,3,2,0,0,0,1,0,1,0,0,8
20020122-M-Australian_Open-R16-Roger_Federer-Tommy_Haas,Tommy Haas,SnV2nd,1,1,0,0,0,0,0,0,0,0,1
20020122-M-Australian_Open-R16-Roger_Federer-Tommy_Haas,Tommy Haas,nonSnV,164,112,11,0,21,7,12,3,1,2,790
20020122-M-Australian_Open-R16-Roger_Federer-Tommy_Haas,Tommy Haas,nonSnV1st,87,64,11,0,18,5,8,2,0,0,324
20020122-M-Australian_Open-R16-Roger_Federer-Tommy_Haas,Tommy Haas,nonSnV2nd,77,48,0,0,3,2,4,1,1,2,466
20020121-M-Australian_Open-R16-Pete_Sampras-Marat_Safin,Pete Sampras,SnV,125,88,19,6,30,21,7,14,8,4,292
20020121-M-Australian_Open-R16-Pete_Sampras-Marat_Safin,Pete Sampras,SnV1st,97,73,19,6,24,16,6,10,6,1,219
20020121-M-Australian_Open-R16-Pete_Sampras-Marat_Safin,Pete Sampras,SnV2nd,28,15,0,0,6,5,1,4,2,3,73
20020121-M-Australian_Open-R16-Pete_Sampras-Marat_Safin,Pete Sampras,nonSnV,29,14,0,0,2,2,2,0,2,2,148
20020121-M-Australian_Open-R16-Pete_Sampras-Marat_Safin,Pete Sampras,nonSnV1st,1,0,0,0,0,0,0,0,0,0,2
20020121-M-Australian_Open-R16-Pete_Sampras-Marat_Safin,Pete Sampras,nonSnV2nd,28,14,0,0,2,2,2,0,2,2,146
20020121-M-Australian_Open-R16-Pete_Sampras-Marat_Safin,Marat Safin,SnV,5,4,0,0,1,1,0,1,0,0,12
20020121-M-Australian_Open-R16-Pete_Sampras-Marat_Safin,Marat Safin,SnV1st,3,2,0,0,1,1,0,1,0,0,6
20020121-M-Australian_Open-R16-Pete_Sampras-Marat_Safin,Marat Safin,SnV2nd,2,2,0,0,0,0,0,0,0,0,6
20020121-M-Australian_Open-R16-Pete_Sampras-Marat_Safin,Marat Safin,nonSnV,147,102,22,2,15,4,4,3,1,2,716
20020121-M-Australian_Open-R16-Pete_Sampras-Marat_Safin,Marat Safin,nonSnV1st,66,55,22,2,10,4,2,2,1,2,253
20020121-M-Australian_Open-R16-Pete_Sampras-Marat_Safin,Marat Safin,nonSnV2nd,81,47,0,0,5,0,2,1,0,0,463
20010909-M-US_Open-F-Pete_Sampras-Lleyton_Hewitt,Pete Sampras,SnV,75,38,0,0,17,11,2,9,11,1,194
20010909-M-US_Open-F-Pete_Sampras-Lleyton_Hewitt,Pete Sampras,SnV1st,42,21,0,0,11,7,1,5,5,1,107
20010909-M-US_Open-F-Pete_Sampras-Lleyton_Hewitt,Pete Sampras,SnV2nd,33,17,0,0,6,4,1,4,6,0,87
20010909-M-US_Open-F-Pete_Sampras-Lleyton_Hewitt,Pete Sampras,nonSnV,18,16,11,0,3,2,0,1,0,0,30
20010909-M-US_Open-F-Pete_Sampras-Lleyton_Hewitt,Pete Sampras,nonSnV1st,17,16,11,0,3,2,0,0,0,0,22
20010909-M-US_Open-F-Pete_Sampras-Lleyton_Hewitt,Pete Sampras,nonSnV2nd,1,0,0,0,0,0,0,1,0,0,8
20010909-M-US_Open-F-Pete_Sampras-Lleyton_Hewitt,Lleyton Hewitt,SnV,4,2,0,0,0,1,0,0,0,0,14
20010909-M-US_Open-F-Pete_Sampras-Lleyton_Hewitt,Lleyton Hewitt,SnV1st,1,1,0,0,0,1,0,0,0,0,5
20010909-M-US_Open-F-Pete_Sampras-Lleyton_Hewitt,Lleyton Hewitt,SnV2nd,3,1,0,0,0,0,0,0,0,0,9
20010909-M-US_Open-F-Pete_Sampras-Lleyton_Hewitt,Lleyton Hewitt,nonSnV,67,52,7,0,15,1,1,0,0,0,292
20010909-M-US_Open-F-Pete_Sampras-Lleyton_Hewitt,Lleyton Hewitt,nonSnV1st,48,40,7,0,14,1,0,0,0,0,208
20010909-M-US_Open-F-Pete_Sampras-Lleyton_Hewitt,Lleyton Hewitt,nonSnV2nd,19,12,0,0,1,0,1,0,0,0,84
20010908-M-US_Open-SF-Pete_Sampras-Marat_Safin,Pete Sampras,SnV,72,52,0,0,20,17,6,4,4,3,190
20010908-M-US_Open-SF-Pete_Sampras-Marat_Safin,Pete Sampras,SnV1st,46,34,0,0,17,9,3,3,2,2,112
20010908-M-US_Open-SF-Pete_Sampras-Marat_Safin,Pete Sampras,SnV2nd,26,18,0,0,3,8,3,1,2,1,78
20010908-M-US_Open-SF-Pete_Sampras-Marat_Safin,Pete Sampras,nonSnV,22,21,21,0,0,0,0,0,0,0,25
20010908-M-US_Open-SF-Pete_Sampras-Marat_Safin,Pete Sampras,nonSnV1st,19,19,19,0,0,0,0,0,0,0,19
20010908-M-US_Open-SF-Pete_Sampras-Marat_Safin,Pete Sampras,nonSnV2nd,3,2,2,0,0,0,0,0,0,0,6
20010908-M-US_Open-SF-Pete_Sampras-Marat_Safin,Marat Safin,SnV,3,3,0,0,2,1,0,0,0,0,7
20010908-M-US_Open-SF-Pete_Sampras-Marat_Safin,Marat Safin,SnV1st,3,3,0,0,2,1,0,0,0,0,7
20010908-M-US_Open-SF-Pete_Sampras-Marat_Safin,Marat Safin,nonSnV,74,54,16,0,11,2,1,3,4,1,222
20010908-M-US_Open-SF-Pete_Sampras-Marat_Safin,Marat Safin,nonSnV1st,44,38,16,0,11,2,1,2,1,1,102
20010908-M-US_Open-SF-Pete_Sampras-Marat_Safin,Marat Safin,nonSnV2nd,30,16,0,0,0,0,0,1,3,0,120
20010907-M-US_Open-SF-Yevgeny_Kafelnikov-Lleyton_Hewitt,Yevgeny Kafelnikov,SnV,2,0,0,0,0,0,0,0,1,0,6
20010907-M-US_Open-SF-Yevgeny_Kafelnikov-Lleyton_Hewitt,Yevgeny Kafelnikov,SnV1st,2,0,0,0,0,0,0,0,1,0,6
20010907-M-US_Open-SF-Yevgeny_Kafelnikov-Lleyton_Hewitt,Yevgeny Kafelnikov,nonSnV,52,23,5,0,8,2,1,0,5,1,203
20010907-M-US_Open-SF-Yevgeny_Kafelnikov-Lleyton_Hewitt,Yevgeny Kafelnikov,nonSnV1st,32,21,5,0,8,2,1,0,2,1,95
20010907-M-US_Open-SF-Yevgeny_Kafelnikov-Lleyton_Hewitt,Yevgeny Kafelnikov,nonSnV2nd,20,2,0,0,0,0,0,0,3,0,108
20010906-M-US_Open-QF-Pete_Sampras-Andre_Agassi,Pete Sampras,SnV,129,93,0,0,44,31,18,10,3,4,325
20010906-M-US_Open-QF-Pete_Sampras-Andre_Agassi,Pete Sampras,SnV1st,83,61,0,0,31,21,9,7,2,4,209
20010906-M-US_Open-QF-Pete_Sampras-Andre_Agassi,Pete Sampras,SnV2nd,46,32,0,0,13,10,9,3,1,0,116
20010906-M-US_Open-QF-Pete_Sampras-Andre_Agassi,Pete Sampras,nonSnV,27,27,26,0,0,0,1,0,0,0,31
20010906-M-US_Open-QF-Pete_Sampras-Andre_Agassi,Pete Sampras,nonSnV1st,22,22,22,0,0,0,0,0,0,0,22
20010906-M-US_Open-QF-Pete_Sampras-Andre_Agassi,Pete Sampras,nonSnV2nd,5,5,4,0,0,0,1,0,0,0,9
20010906-M-US_Open-QF-Andy_Roddick-Lleyton_Hewitt,Andy Roddick,SnV,3,1,0,0,1,0,0,1,1,0,7
20010906-M-US_Open-QF-Andy_Roddick-Lleyton_Hewitt,Andy Roddick,SnV2nd,3,1,0,0,1,0,0,1,1,0,7
20010906-M-US_Open-QF-Andy_Roddick-Lleyton_Hewitt,Andy Roddick,nonSnV,146,105,21,7,18,6,11,2,2,1,623
20010906-M-US_Open-QF-Andy_Roddick-Lleyton_Hewitt,Andy Roddick,nonSnV1st,81,62,20,7,11,3,4,1,1,0,298
20010906-M-US_Open-QF-Andy_Roddick-Lleyton_Hewitt,Andy Roddick,nonSnV2nd,65,43,1,0,7,3,7,1,1,1,325
20010905-M-US_Open-R16-Tommy_Haas-Lleyton_Hewitt,Tommy Haas,SnV,7,7,0,0,4,1,2,0,0,0,15
20010905-M-US_Open-R16-Tommy_Haas-Lleyton_Hewitt,Tommy Haas,SnV1st,4,4,0,0,3,0,1,0,0,0,6
20010905-M-US_Open-R16-Tommy_Haas-Lleyton_Hewitt,Tommy Haas,SnV2nd,3,3,0,0,1,1,1,0,0,0,9
20010905-M-US_Open-R16-Tommy_Haas-Lleyton_Hewitt,Tommy Haas,nonSnV,118,78,10,7,13,10,5,3,2,0,516
20010905-M-US_Open-R16-Tommy_Haas-Lleyton_Hewitt,Tommy Haas,nonSnV1st,69,50,10,7,11,5,3,3,1,0,286
20010905-M-US_Open-R16-Tommy_Haas-Lleyton_Hewitt,Tommy Haas,nonSnV2nd,49,28,0,0,2,5,2,0,1,0,230
20010904-M-US_Open-R16-Andre_Agassi-Roger_Federer,Andre Agassi,SnV,1,1,0,0,1,0,0,0,0,0,1
20010904-M-US_Open-R16-Andre_Agassi-Roger_Federer,Andre Agassi,SnV1st,1,1,0,0,1,0,0,0,0,0,1
20010904-M-US_Open-R16-Andre_Agassi-Roger_Federer,Andre Agassi,nonSnV,74,53,6,0,11,4,2,1,2,0,323
20010904-M-US_Open-R16-Andre_Agassi-Roger_Federer,Andre Agassi,nonSnV1st,50,36,5,0,10,3,1,1,1,0,222
20010904-M-US_Open-R16-Andre_Agassi-Roger_Federer,Andre Agassi,nonSnV2nd,24,17,1,0,1,1,1,0,1,0,101
20010904-M-US_Open-R16-Andre_Agassi-Roger_Federer,Roger Federer,SnV,18,11,0,0,5,3,0,0,0,2,47
20010904-M-US_Open-R16-Andre_Agassi-Roger_Federer,Roger Federer,SnV1st,15,9,0,0,5,2,0,0,0,2,37
20010904-M-US_Open-R16-Andre_Agassi-Roger_Federer,Roger Federer,SnV2nd,3,2,0,0,0,1,0,0,0,0,10
20010904-M-US_Open-R16-Andre_Agassi-Roger_Federer,Roger Federer,nonSnV,39,21,1,0,4,4,0,0,1,1,137
20010904-M-US_Open-R16-Andre_Agassi-Roger_Federer,Roger Federer,nonSnV1st,14,8,1,0,4,2,0,0,1,0,42
20010904-M-US_Open-R16-Andre_Agassi-Roger_Federer,Roger Federer,nonSnV2nd,25,13,0,0,0,2,0,0,0,1,95
20010830-M-US_Open-R64-Robby_Ginepri-Roger_Federer,Robby Ginepri,SnV,2,1,0,0,0,1,0,1,0,0,7
20010830-M-US_Open-R64-Robby_Ginepri-Roger_Federer,Robby Ginepri,SnV1st,2,1,0,0,0,1,0,1,0,0,7
20010830-M-US_Open-R64-Robby_Ginepri-Roger_Federer,Robby Ginepri,nonSnV,75,41,2,4,10,7,4,2,5,3,301
20010830-M-US_Open-R64-Robby_Ginepri-Roger_Federer,Robby Ginepri,nonSnV1st,42,25,2,3,7,4,4,1,3,1,169
20010830-M-US_Open-R64-Robby_Ginepri-Roger_Federer,Robby Ginepri,nonSnV2nd,33,16,0,1,3,3,0,1,2,2,132
20010830-M-US_Open-R64-Robby_Ginepri-Roger_Federer,Roger Federer,SnV,16,11,0,0,5,6,0,4,0,0,49
20010830-M-US_Open-R64-Robby_Ginepri-Roger_Federer,Roger Federer,SnV1st,10,7,0,0,3,4,0,3,0,0,31
20010830-M-US_Open-R64-Robby_Ginepri-Roger_Federer,Roger Federer,SnV2nd,6,4,0,0,2,2,0,1,0,0,18
20010830-M-US_Open-R64-Robby_Ginepri-Roger_Federer,Roger Federer,nonSnV,60,45,16,1,13,3,2,0,1,0,141
20010830-M-US_Open-R64-Robby_Ginepri-Roger_Federer,Roger Federer,nonSnV1st,41,34,16,1,11,3,1,0,0,0,80
20010830-M-US_Open-R64-Robby_Ginepri-Roger_Federer,Roger Federer,nonSnV2nd,19,11,0,0,2,0,1,0,1,0,61
20010829-M-US_Open-R64-Jack_Brasington-Andy_Roddick,Andy Roddick,SnV,1,1,0,0,0,0,0,0,0,0,3
20010829-M-US_Open-R64-Jack_Brasington-Andy_Roddick,Andy Roddick,SnV1st,1,1,0,0,0,0,0,0,0,0,3
20010829-M-US_Open-R64-Jack_Brasington-Andy_Roddick,Andy Roddick,nonSnV,100,76,15,0,26,3,2,0,2,3,316
20010829-M-US_Open-R64-Jack_Brasington-Andy_Roddick,Andy Roddick,nonSnV1st,60,48,14,0,22,2,2,0,2,1,148
20010829-M-US_Open-R64-Jack_Brasington-Andy_Roddick,Andy Roddick,nonSnV2nd,40,28,1,0,4,1,0,0,0,2,168
20010829-M-US_Open-R128-Daniel_Vacek-Gustavo_Kuerten,Daniel Vacek,SnV,46,30,3,0,13,9,4,5,3,0,114
20010829-M-US_Open-R128-Daniel_Vacek-Gustavo_Kuerten,Daniel Vacek,SnV1st,43,30,3,0,13,9,4,4,2,0,106
20010829-M-US_Open-R128-Daniel_Vacek-Gustavo_Kuerten,Daniel Vacek,SnV2nd,3,0,0,0,0,0,0,1,1,0,8
20010829-M-US_Open-R128-Daniel_Vacek-Gustavo_Kuerten,Daniel Vacek,nonSnV,103,66,12,1,25,3,5,1,4,0,408
20010829-M-US_Open-R128-Daniel_Vacek-Gustavo_Kuerten,Daniel Vacek,nonSnV1st,45,36,12,1,16,0,1,0,2,0,102
20010829-M-US_Open-R128-Daniel_Vacek-Gustavo_Kuerten,Daniel Vacek,nonSnV2nd,58,30,0,0,9,3,4,1,2,0,306
20010829-M-US_Open-R128-Daniel_Vacek-Gustavo_Kuerten,Gustavo Kuerten,SnV,7,6,2,0,0,4,0,0,1,0,20
20010829-M-US_Open-R128-Daniel_Vacek-Gustavo_Kuerten,Gustavo Kuerten,SnV1st,7,6,2,0,0,4,0,0,1,0,20
20010829-M-US_Open-R128-Daniel_Vacek-Gustavo_Kuerten,Gustavo Kuerten,nonSnV,109,79,17,1,12,6,8,1,2,1,359
20010829-M-US_Open-R128-Daniel_Vacek-Gustavo_Kuerten,Gustavo Kuerten,nonSnV1st,64,53,17,1,8,4,6,1,1,1,189
20010829-M-US_Open-R128-Daniel_Vacek-Gustavo_Kuerten,Gustavo Kuerten,nonSnV2nd,45,26,0,0,4,2,2,0,1,0,170
20010827-M-US_Open-R32-Max_Mirnyi-Gustavo_Kuerten,Max Mirnyi,SnV,159,112,12,4,45,24,17,4,14,1,382
20010827-M-US_Open-R32-Max_Mirnyi-Gustavo_Kuerten,Max Mirnyi,SnV1st,113,85,12,4,34,19,10,2,9,1,257
20010827-M-US_Open-R32-Max_Mirnyi-Gustavo_Kuerten,Max Mirnyi,SnV2nd,46,27,0,0,11,5,7,2,5,0,125
20010827-M-US_Open-R32-Max_Mirnyi-Gustavo_Kuerten,Max Mirnyi,nonSnV,27,22,10,3,7,0,1,0,2,1,46
20010827-M-US_Open-R32-Max_Mirnyi-Gustavo_Kuerten,Max Mirnyi,nonSnV1st,18,18,10,3,3,0,1,0,0,0,22
20010827-M-US_Open-R32-Max_Mirnyi-Gustavo_Kuerten,Max Mirnyi,nonSnV2nd,9,4,0,0,4,0,0,0,2,1,24
20010827-M-US_Open-R32-Max_Mirnyi-Gustavo_Kuerten,Gustavo Kuerten,SnV,6,4,2,0,0,0,1,0,0,0,14
20010827-M-US_Open-R32-Max_Mirnyi-Gustavo_Kuerten,Gustavo Kuerten,SnV1st,3,3,2,0,0,0,1,0,0,0,5
20010827-M-US_Open-R32-Max_Mirnyi-Gustavo_Kuerten,Gustavo Kuerten,SnV2nd,3,1,0,0,0,0,0,0,0,0,9
20010827-M-US_Open-R32-Max_Mirnyi-Gustavo_Kuerten,Gustavo Kuerten,nonSnV,170,129,30,5,25,8,4,1,5,1,483
20010827-M-US_Open-R32-Max_Mirnyi-Gustavo_Kuerten,Gustavo Kuerten,nonSnV1st,116,94,30,5,19,8,3,1,4,0,316
20010827-M-US_Open-R32-Max_Mirnyi-Gustavo_Kuerten,Gustavo Kuerten,nonSnV2nd,54,35,0,0,6,0,1,0,1,1,167
20010827-M-US_Open-R128-Mike_Bryan-Andre_Agassi,Mike Bryan,SnV,40,22,3,1,8,4,3,4,7,3,124
20010827-M-US_Open-R128-Mike_Bryan-Andre_Agassi,Mike Bryan,SnV1st,33,19,2,1,7,4,3,3,6,2,109
20010827-M-US_Open-R128-Mike_Bryan-Andre_Agassi,Mike Bryan,SnV2nd,7,3,1,0,1,0,0,1,1,1,15
20010827-M-US_Open-R128-Mike_Bryan-Andre_Agassi,Mike Bryan,nonSnV,34,14,0,0,9,1,0,1,1,0,102
20010827-M-US_Open-R128-Mike_Bryan-Andre_Agassi,Mike Bryan,nonSnV1st,16,8,0,0,6,1,0,1,1,0,36
20010827-M-US_Open-R128-Mike_Bryan-Andre_Agassi,Mike Bryan,nonSnV2nd,18,6,0,0,3,0,0,0,0,0,66
20010128-M-Australian_Open-F-Arnaud_Clement-Andre_Agassi,Arnaud Clement,SnV,2,1,0,0,0,1,0,0,0,0,9
20010128-M-Australian_Open-F-Arnaud_Clement-Andre_Agassi,Arnaud Clement,SnV1st,2,1,0,0,0,1,0,0,0,0,9
20010128-M-Australian_Open-F-Arnaud_Clement-Andre_Agassi,Arnaud Clement,nonSnV,81,46,5,0,11,3,0,2,1,1,390
20010128-M-Australian_Open-F-Arnaud_Clement-Andre_Agassi,Arnaud Clement,nonSnV1st,45,27,5,0,10,1,0,0,1,1,169
20010128-M-Australian_Open-F-Arnaud_Clement-Andre_Agassi,Arnaud Clement,nonSnV2nd,36,19,0,0,1,2,0,2,0,0,221
20010128-M-Australian_Open-F-Arnaud_Clement-Andre_Agassi,Andre Agassi,SnV,1,1,0,0,0,0,1,0,0,0,3
20010128-M-Australian_Open-F-Arnaud_Clement-Andre_Agassi,Andre Agassi,SnV1st,1,1,0,0,0,0,1,0,0,0,3
20010128-M-Australian_Open-F-Arnaud_Clement-Andre_Agassi,Andre Agassi,nonSnV,79,50,7,0,14,3,2,0,1,0,388
20010128-M-Australian_Open-F-Arnaud_Clement-Andre_Agassi,Andre Agassi,nonSnV1st,52,37,7,0,14,3,2,0,1,0,229
20010128-M-Australian_Open-F-Arnaud_Clement-Andre_Agassi,Andre Agassi,nonSnV2nd,27,13,0,0,0,0,0,0,0,0,159
20010126-M-Australian_Open-SF-Patrick_Rafter-Andre_Agassi,Patrick Rafter,SnV,133,96,22,1,21,30,13,12,12,0,314
20010126-M-Australian_Open-SF-Patrick_Rafter-Andre_Agassi,Patrick Rafter,SnV1st,92,76,19,1,20,23,10,6,7,0,212
20010126-M-Australian_Open-SF-Patrick_Rafter-Andre_Agassi,Patrick Rafter,SnV2nd,41,20,3,0,1,7,3,6,5,0,102
20010126-M-Australian_Open-SF-Patrick_Rafter-Andre_Agassi,Patrick Rafter,nonSnV,14,5,0,0,1,3,0,0,0,0,51
20010126-M-Australian_Open-SF-Patrick_Rafter-Andre_Agassi,Patrick Rafter,nonSnV1st,4,3,0,0,1,2,0,0,0,0,11
20010126-M-Australian_Open-SF-Patrick_Rafter-Andre_Agassi,Patrick Rafter,nonSnV2nd,10,2,0,0,0,1,0,0,0,0,40
20010126-M-Australian_Open-SF-Arnaud_Clement-Sebastien_Grosjean,Arnaud Clement,SnV,12,10,0,0,6,3,0,0,1,0,28
20010126-M-Australian_Open-SF-Arnaud_Clement-Sebastien_Grosjean,Arnaud Clement,SnV1st,11,9,0,0,6,3,0,0,1,0,25
20010126-M-Australian_Open-SF-Arnaud_Clement-Sebastien_Grosjean,Arnaud Clement,SnV2nd,1,1,0,0,0,0,0,0,0,0,3
20010126-M-Australian_Open-SF-Arnaud_Clement-Sebastien_Grosjean,Arnaud Clement,nonSnV,177,108,8,0,22,7,11,6,2,3,1026
20010126-M-Australian_Open-SF-Arnaud_Clement-Sebastien_Grosjean,Arnaud Clement,nonSnV1st,99,63,7,0,21,5,7,6,1,1,467
20010126-M-Australian_Open-SF-Arnaud_Clement-Sebastien_Grosjean,Arnaud Clement,nonSnV2nd,78,45,1,0,1,2,4,0,1,2,559
20010126-M-Australian_Open-SF-Arnaud_Clement-Sebastien_Grosjean,Sebastien Grosjean,SnV,3,2,0,0,0,2,0,1,0,0,10
20010126-M-Australian_Open-SF-Arnaud_Clement-Sebastien_Grosjean,Sebastien Grosjean,SnV1st,3,2,0,0,0,2,0,1,0,0,10
20010126-M-Australian_Open-SF-Arnaud_Clement-Sebastien_Grosjean,Sebastien Grosjean,nonSnV,148,98,20,0,12,8,7,4,1,1,858
20010126-M-Australian_Open-SF-Arnaud_Clement-Sebastien_Grosjean,Sebastien Grosjean,nonSnV1st,76,60,20,0,12,5,5,3,1,0,326
20010126-M-Australian_Open-SF-Arnaud_Clement-Sebastien_Grosjean,Sebastien Grosjean,nonSnV2nd,72,38,0,0,0,3,2,1,0,1,532
20010124-M-Australian_Open-QF-Patrick_Rafter-Dominik_Hrbaty,Patrick Rafter,SnV,78,52,0,0,18,18,3,6,5,2,194
20010124-M-Australian_Open-QF-Patrick_Rafter-Dominik_Hrbaty,Patrick Rafter,SnV1st,48,40,0,0,16,16,3,0,2,2,128
20010124-M-Australian_Open-QF-Patrick_Rafter-Dominik_Hrbaty,Patrick Rafter,SnV2nd,30,12,0,0,2,2,0,6,3,0,66
20010124-M-Australian_Open-QF-Patrick_Rafter-Dominik_Hrbaty,Patrick Rafter,nonSnV,33,28,12,0,4,2,0,0,0,0,76
20010124-M-Australian_Open-QF-Patrick_Rafter-Dominik_Hrbaty,Patrick Rafter,nonSnV1st,19,19,12,0,4,1,0,0,0,0,29
20010124-M-Australian_Open-QF-Patrick_Rafter-Dominik_Hrbaty,Patrick Rafter,nonSnV2nd,14,9,0,0,0,1,0,0,0,0,47
20010124-M-Australian_Open-QF-Patrick_Rafter-Dominik_Hrbaty,Dominik Hrbaty,SnV,30,19,0,0,7,9,2,5,2,0,77
20010124-M-Australian_Open-QF-Patrick_Rafter-Dominik_Hrbaty,Dominik Hrbaty,SnV1st,25,16,0,0,6,8,2,4,2,0,68
20010124-M-Australian_Open-QF-Patrick_Rafter-Dominik_Hrbaty,Dominik Hrbaty,SnV2nd,5,3,0,0,1,1,0,1,0,0,9
20010124-M-Australian_Open-QF-Patrick_Rafter-Dominik_Hrbaty,Dominik Hrbaty,nonSnV,90,54,7,0,11,5,5,2,1,0,394
20010124-M-Australian_Open-QF-Patrick_Rafter-Dominik_Hrbaty,Dominik Hrbaty,nonSnV1st,42,27,7,0,11,3,2,2,0,0,181
20010124-M-Australian_Open-QF-Patrick_Rafter-Dominik_Hrbaty,Dominik Hrbaty,nonSnV2nd,48,27,0,0,0,2,3,0,1,0,213
20010120-M-Australian_Open-R32-Carlos_Moya-Lleyton_Hewitt,Carlos Moya,SnV,8,6,0,0,2,4,0,0,1,0,24
20010120-M-Australian_Open-R32-Carlos_Moya-Lleyton_Hewitt,Carlos Moya,SnV1st,8,6,0,0,2,4,0,0,1,0,24
20010120-M-Australian_Open-R32-Carlos_Moya-Lleyton_Hewitt,Carlos Moya,nonSnV,128,85,16,2,18,3,11,1,3,3,677
20010120-M-Australian_Open-R32-Carlos_Moya-Lleyton_Hewitt,Carlos Moya,nonSnV1st,81,59,16,2,17,2,5,0,0,3,343
20010120-M-Australian_Open-R32-Carlos_Moya-Lleyton_Hewitt,Carlos Moya,nonSnV2nd,47,26,0,0,1,1,6,1,3,0,334
20010120-M-Australian_Open-R32-Carlos_Moya-Lleyton_Hewitt,Lleyton Hewitt,SnV,1,0,0,0,0,0,0,0,1,0,4
20010120-M-Australian_Open-R32-Carlos_Moya-Lleyton_Hewitt,Lleyton Hewitt,SnV1st,1,0,0,0,0,0,0,0,1,0,4
20010120-M-Australian_Open-R32-Carlos_Moya-Lleyton_Hewitt,Lleyton Hewitt,nonSnV,142,91,13,5,8,12,14,6,4,1,787
20010120-M-Australian_Open-R32-Carlos_Moya-Lleyton_Hewitt,Lleyton Hewitt,nonSnV1st,77,53,12,4,7,9,8,3,3,1,325
20010120-M-Australian_Open-R32-Carlos_Moya-Lleyton_Hewitt,Lleyton Hewitt,nonSnV2nd,65,38,1,1,1,3,6,3,1,0,462
20010117-M-Australian_Open-R64-Greg_Rusedski-Gustavo_Kuerten,Greg Rusedski,SnV,118,88,9,3,29,35,6,6,9,3,311
20010117-M-Australian_Open-R64-Greg_Rusedski-Gustavo_Kuerten,Greg Rusedski,SnV1st,89,70,9,3,24,26,4,4,7,2,229
20010117-M-Australian_Open-R64-Greg_Rusedski-Gustavo_Kuerten,Greg Rusedski,SnV2nd,29,18,0,0,5,9,2,2,2,1,82
20010117-M-Australian_Open-R64-Greg_Rusedski-Gustavo_Kuerten,Greg Rusedski,nonSnV,19,10,4,0,2,1,2,4,3,0,90
20010117-M-Australian_Open-R64-Greg_Rusedski-Gustavo_Kuerten,Greg Rusedski,nonSnV1st,10,8,4,0,2,0,1,0,2,0,26
20010117-M-Australian_Open-R64-Greg_Rusedski-Gustavo_Kuerten,Greg Rusedski,nonSnV2nd,9,2,0,0,0,1,1,4,1,0,64
20010117-M-Australian_Open-R64-Greg_Rusedski-Gustavo_Kuerten,Gustavo Kuerten,SnV,4,4,0,0,2,2,0,0,0,0,8
20010117-M-Australian_Open-R64-Greg_Rusedski-Gustavo_Kuerten,Gustavo Kuerten,SnV1st,4,4,0,0,2,2,0,0,0,0,8
20010117-M-Australian_Open-R64-Greg_Rusedski-Gustavo_Kuerten,Gustavo Kuerten,nonSnV,143,95,5,2,19,6,3,3,3,1,587
20010117-M-Australian_Open-R64-Greg_Rusedski-Gustavo_Kuerten,Gustavo Kuerten,nonSnV1st,82,59,5,2,17,3,3,2,2,1,341
20010117-M-Australian_Open-R64-Greg_Rusedski-Gustavo_Kuerten,Gustavo Kuerten,nonSnV2nd,61,36,0,0,2,3,0,1,1,0,246
20000910-M-US_Open-F-Pete_Sampras-Marat_Safin,Pete Sampras,SnV,63,38,0,0,20,11,5,1,8,1,164
20000910-M-US_Open-F-Pete_Sampras-Marat_Safin,Pete Sampras,SnV1st,40,27,0,0,16,5,5,0,6,0,103
20000910-M-US_Open-F-Pete_Sampras-Marat_Safin,Pete Sampras,SnV2nd,23,11,0,0,4,6,0,1,2,1,61
20000910-M-US_Open-F-Pete_Sampras-Marat_Safin,Pete Sampras,nonSnV,11,11,8,0,3,0,0,0,0,0,11
20000910-M-US_Open-F-Pete_Sampras-Marat_Safin,Pete Sampras,nonSnV1st,11,11,8,0,3,0,0,0,0,0,11
20000910-M-US_Open-F-Pete_Sampras-Marat_Safin,Marat Safin,SnV,1,1,0,0,0,0,0,0,0,0,3
20000910-M-US_Open-F-Pete_Sampras-Marat_Safin,Marat Safin,SnV2nd,1,1,0,0,0,0,0,0,0,0,3
20000910-M-US_Open-F-Pete_Sampras-Marat_Safin,Marat Safin,nonSnV,79,59,12,0,10,2,1,1,2,0,359
20000910-M-US_Open-F-Pete_Sampras-Marat_Safin,Marat Safin,nonSnV1st,40,34,12,0,9,2,1,1,0,0,126
20000910-M-US_Open-F-Pete_Sampras-Marat_Safin,Marat Safin,nonSnV2nd,39,25,0,0,1,0,0,0,2,0,233
20000909-M-US_Open-SF-Pete_Sampras-Lleyton_Hewitt,Pete Sampras,SnV,81,58,0,3,25,19,9,3,6,1,210
20000909-M-US_Open-SF-Pete_Sampras-Lleyton_Hewitt,Pete Sampras,SnV1st,47,37,0,3,18,10,5,3,1,1,101
20000909-M-US_Open-SF-Pete_Sampras-Lleyton_Hewitt,Pete Sampras,SnV2nd,34,21,0,0,7,9,4,0,5,0,109
20000909-M-US_Open-SF-Pete_Sampras-Lleyton_Hewitt,Pete Sampras,nonSnV,28,26,17,3,4,1,0,0,1,0,42
20000909-M-US_Open-SF-Pete_Sampras-Lleyton_Hewitt,Pete Sampras,nonSnV1st,23,21,15,3,1,1,0,0,1,0,37
20000909-M-US_Open-SF-Pete_Sampras-Lleyton_Hewitt,Pete Sampras,nonSnV2nd,5,5,2,0,3,0,0,0,0,0,5
20000909-M-US_Open-SF-Pete_Sampras-Lleyton_Hewitt,Lleyton Hewitt,SnV,1,1,0,0,0,0,0,0,0,0,5
20000909-M-US_Open-SF-Pete_Sampras-Lleyton_Hewitt,Lleyton Hewitt,SnV2nd,1,1,0,0,0,0,0,0,0,0,5
20000909-M-US_Open-SF-Pete_Sampras-Lleyton_Hewitt,Lleyton Hewitt,nonSnV,116,79,23,0,13,5,0,2,1,1,433
20000909-M-US_Open-SF-Pete_Sampras-Lleyton_Hewitt,Lleyton Hewitt,nonSnV1st,69,50,21,0,10,3,0,2,1,0,222
20000909-M-US_Open-SF-Pete_Sampras-Lleyton_Hewitt,Lleyton Hewitt,nonSnV2nd,47,29,2,0,3,2,0,0,0,1,211
20000909-M-US_Open-SF-Marat_Safin-Todd_Martin,Marat Safin,SnV,7,3,0,0,0,0,0,0,0,0,21
20000909-M-US_Open-SF-Marat_Safin-Todd_Martin,Marat Safin,SnV2nd,7,3,0,0,0,0,0,0,0,0,21
20000909-M-US_Open-SF-Marat_Safin-Todd_Martin,Marat Safin,nonSnV,109,75,13,0,18,7,1,2,2,0,333
20000909-M-US_Open-SF-Marat_Safin-Todd_Martin,Marat Safin,nonSnV1st,64,51,13,0,18,5,1,2,1,0,187
20000909-M-US_Open-SF-Marat_Safin-Todd_Martin,Marat Safin,nonSnV2nd,45,24,0,0,0,2,0,0,1,0,146
20000909-M-US_Open-SF-Marat_Safin-Todd_Martin,Todd Martin,SnV,41,28,0,0,12,10,5,3,7,1,124
20000909-M-US_Open-SF-Marat_Safin-Todd_Martin,Todd Martin,SnV1st,40,28,0,0,12,10,5,2,7,1,122
20000909-M-US_Open-SF-Marat_Safin-Todd_Martin,Todd Martin,SnV2nd,1,0,0,0,0,0,0,1,0,0,2
20000909-M-US_Open-SF-Marat_Safin-Todd_Martin,Todd Martin,nonSnV,50,32,7,0,5,4,3,0,4,0,192
20000909-M-US_Open-SF-Marat_Safin-Todd_Martin,Todd Martin,nonSnV1st,17,15,7,0,4,2,0,0,1,0,37
20000909-M-US_Open-SF-Marat_Safin-Todd_Martin,Todd Martin,nonSnV2nd,33,17,0,0,1,2,3,0,3,0,155
20000906-M-US_Open-QF-Pete_Sampras-Richard_Krajicek,Pete Sampras,SnV,96,68,0,0,28,19,20,11,7,2,246
20000906-M-US_Open-QF-Pete_Sampras-Richard_Krajicek,Pete Sampras,SnV1st,64,51,0,0,23,14,14,3,5,1,159
20000906-M-US_Open-QF-Pete_Sampras-Richard_Krajicek,Pete Sampras,SnV2nd,32,17,0,0,5,5,6,8,2,1,87
20000906-M-US_Open-QF-Pete_Sampras-Richard_Krajicek,Pete Sampras,nonSnV,17,17,8,8,0,0,0,0,0,0,17
20000906-M-US_Open-QF-Pete_Sampras-Richard_Krajicek,Pete Sampras,nonSnV1st,15,15,7,8,0,0,0,0,0,0,15
20000906-M-US_Open-QF-Pete_Sampras-Richard_Krajicek,Pete Sampras,nonSnV2nd,2,2,1,0,0,0,0,0,0,0,2
20000906-M-US_Open-QF-Pete_Sampras-Richard_Krajicek,Richard Krajicek,SnV,75,45,0,0,17,13,10,14,8,2,181
20000906-M-US_Open-QF-Pete_Sampras-Richard_Krajicek,Richard Krajicek,SnV1st,36,24,0,0,11,7,6,4,4,1,84
20000906-M-US_Open-QF-Pete_Sampras-Richard_Krajicek,Richard Krajicek,SnV2nd,39,21,0,0,6,6,4,10,4,1,97
20000906-M-US_Open-QF-Pete_Sampras-Richard_Krajicek,Richard Krajicek,nonSnV,23,23,20,1,2,0,0,0,0,0,23
20000906-M-US_Open-QF-Pete_Sampras-Richard_Krajicek,Richard Krajicek,nonSnV1st,23,23,20,1,2,0,0,0,0,0,23
20000902-M-US_Open-R32-Roger_Federer-Juan_Carlos_Ferrero,Roger Federer,SnV,60,44,0,0,16,12,5,1,7,2,164
20000902-M-US_Open-R32-Roger_Federer-Juan_Carlos_Ferrero,Roger Federer,SnV1st,36,29,0,0,15,8,3,0,3,1,95
20000902-M-US_Open-R32-Roger_Federer-Juan_Carlos_Ferrero,Roger Federer,SnV2nd,24,15,0,0,1,4,2,1,4,1,69
20000902-M-US_Open-R32-Roger_Federer-Juan_Carlos_Ferrero,Roger Federer,nonSnV,63,42,16,0,8,1,1,1,1,1,198
20000902-M-US_Open-R32-Roger_Federer-Juan_Carlos_Ferrero,Roger Federer,nonSnV1st,34,29,15,0,8,1,1,0,0,1,63
20000902-M-US_Open-R32-Roger_Federer-Juan_Carlos_Ferrero,Roger Federer,nonSnV2nd,29,13,1,0,0,0,0,1,1,0,135
20000901-M-US_Open-R64-Roger_Federer-Daniel_Nestor,Roger Federer,SnV,14,8,1,0,2,3,2,0,0,0,30
20000901-M-US_Open-R64-Roger_Federer-Daniel_Nestor,Roger Federer,SnV1st,12,8,1,0,2,3,2,0,0,0,26
20000901-M-US_Open-R64-Roger_Federer-Daniel_Nestor,Roger Federer,SnV2nd,2,0,0,0,0,0,0,0,0,0,4
20000901-M-US_Open-R64-Roger_Federer-Daniel_Nestor,Roger Federer,nonSnV,73,58,14,1,12,6,1,0,0,0,220
20000901-M-US_Open-R64-Roger_Federer-Daniel_Nestor,Roger Federer,nonSnV1st,43,40,14,1,10,5,1,0,0,0,112
20000901-M-US_Open-R64-Roger_Federer-Daniel_Nestor,Roger Federer,nonSnV2nd,30,18,0,0,2,1,0,0,0,0,108
20000901-M-US_Open-R64-Roger_Federer-Daniel_Nestor,Daniel Nestor,SnV,70,41,6,0,15,8,8,2,8,0,157
20000901-M-US_Open-R64-Roger_Federer-Daniel_Nestor,Daniel Nestor,SnV1st,51,31,5,0,14,6,3,1,5,0,107
20000901-M-US_Open-R64-Roger_Federer-Daniel_Nestor,Daniel Nestor,SnV2nd,19,10,1,0,1,2,5,1,3,0,50
20000901-M-US_Open-R64-Roger_Federer-Daniel_Nestor,Daniel Nestor,nonSnV,4,2,1,1,0,0,0,0,0,0,8
20000901-M-US_Open-R64-Roger_Federer-Daniel_Nestor,Daniel Nestor,nonSnV1st,3,2,1,1,0,0,0,0,0,0,4
20000901-M-US_Open-R64-Roger_Federer-Daniel_Nestor,Daniel Nestor,nonSnV2nd,1,0,0,0,0,0,0,0,0,0,4
20000901-M-US_Open-R64-Marat_Safin-Gianluca_Pozzi,Marat Safin,SnV,15,12,2,1,4,2,3,1,1,1,44
20000901-M-US_Open-R64-Marat_Safin-Gianluca_Pozzi,Marat Safin,SnV1st,13,10,1,1,4,2,2,1,1,1,40
20000901-M-US_Open-R64-Marat_Safin-Gianluca_Pozzi,Marat Safin,SnV2nd,2,2,1,0,0,0,1,0,0,0,4
20000901-M-US_Open-R64-Marat_Safin-Gianluca_Pozzi,Marat Safin,nonSnV,66,49,10,0,10,5,1,2,2,2,317
20000901-M-US_Open-R64-Marat_Safin-Gianluca_Pozzi,Marat Safin,nonSnV1st,30,23,8,0,7,1,0,1,2,0,79
20000901-M-US_Open-R64-Marat_Safin-Gianluca_Pozzi,Marat Safin,nonSnV2nd,36,26,2,0,3,4,1,1,0,2,238
20000901-M-US_Open-R64-Marat_Safin-Gianluca_Pozzi,Gianluca Pozzi,SnV,41,29,4,1,8,13,2,6,3,0,119
20000901-M-US_Open-R64-Marat_Safin-Gianluca_Pozzi,Gianluca Pozzi,SnV1st,40,29,4,1,8,13,2,5,3,0,107
20000901-M-US_Open-R64-Marat_Safin-Gianluca_Pozzi,Gianluca Pozzi,SnV2nd,1,0,0,0,0,0,0,1,0,0,12
20000901-M-US_Open-R64-Marat_Safin-Gianluca_Pozzi,Gianluca Pozzi,nonSnV,64,42,4,0,9,2,1,0,3,2,296
20000901-M-US_Open-R64-Marat_Safin-Gianluca_Pozzi,Gianluca Pozzi,nonSnV1st,21,17,4,0,8,2,1,0,2,2,53
20000901-M-US_Open-R64-Marat_Safin-Gianluca_Pozzi,Gianluca Pozzi,nonSnV2nd,43,25,0,0,1,0,0,0,1,0,243
20000828-M-US_Open-R128-Marcelo_Rios-Nicolas_Massu,Marcelo Rios,SnV,1,1,0,0,0,1,0,0,0,0,3
20000828-M-US_Open-R128-Marcelo_Rios-Nicolas_Massu,Marcelo Rios,SnV1st,1,1,0,0,0,1,0,0,0,0,3
20000828-M-US_Open-R128-Marcelo_Rios-Nicolas_Massu,Marcelo Rios,nonSnV,107,74,5,4,19,8,6,1,1,1,400
20000828-M-US_Open-R128-Marcelo_Rios-Nicolas_Massu,Marcelo Rios,nonSnV1st,60,45,5,4,17,5,4,0,0,1,209
20000828-M-US_Open-R128-Marcelo_Rios-Nicolas_Massu,Marcelo Rios,nonSnV2nd,47,29,0,0,2,3,2,1,1,0,191
20000828-M-US_Open-R128-Marcelo_Rios-Nicolas_Massu,Nicolas Massu,SnV,8,2,0,0,0,2,0,3,3,0,28
20000828-M-US_Open-R128-Marcelo_Rios-Nicolas_Massu,Nicolas Massu,SnV1st,8,2,0,0,0,2,0,3,3,0,28
20000828-M-US_Open-R128-Marcelo_Rios-Nicolas_Massu,Nicolas Massu,nonSnV,113,75,4,3,13,5,3,0,3,1,509
20000828-M-US_Open-R128-Marcelo_Rios-Nicolas_Massu,Nicolas Massu,nonSnV1st,53,43,4,3,13,3,2,0,2,1,163
20000828-M-US_Open-R128-Marcelo_Rios-Nicolas_Massu,Nicolas Massu,nonSnV2nd,60,32,0,0,0,2,1,0,1,0,346
20000130-M-Australian_Open-F-Yevgeny_Kafelnikov-Andre_Agassi,Yevgeny Kafelnikov,SnV,4,3,0,0,2,1,0,0,1,0,13
20000130-M-Australian_Open-F-Yevgeny_Kafelnikov-Andre_Agassi,Yevgeny Kafelnikov,SnV1st,4,3,0,0,2,1,0,0,1,0,13
20000130-M-Australian_Open-F-Yevgeny_Kafelnikov-Andre_Agassi,Yevgeny Kafelnikov,nonSnV,107,68,14,0,7,10,5,1,2,3,510
20000130-M-Australian_Open-F-Yevgeny_Kafelnikov-Andre_Agassi,Yevgeny Kafelnikov,nonSnV1st,60,39,14,0,7,4,4,1,2,2,249
20000130-M-Australian_Open-F-Yevgeny_Kafelnikov-Andre_Agassi,Yevgeny Kafelnikov,nonSnV2nd,47,29,0,0,0,6,1,0,0,1,261
20000128-M-Australian_Open-SF-Yevgeny_Kafelnikov-Magnus_Norman,Yevgeny Kafelnikov,SnV,1,0,0,0,0,0,0,0,0,1,4
20000128-M-Australian_Open-SF-Yevgeny_Kafelnikov-Magnus_Norman,Yevgeny Kafelnikov,SnV1st,1,0,0,0,0,0,0,0,0,1,4
20000128-M-Australian_Open-SF-Yevgeny_Kafelnikov-Magnus_Norman,Yevgeny Kafelnikov,nonSnV,69,51,5,0,13,3,4,1,3,0,341
20000128-M-Australian_Open-SF-Yevgeny_Kafelnikov-Magnus_Norman,Yevgeny Kafelnikov,nonSnV1st,42,33,5,0,13,3,3,0,2,0,137
20000128-M-Australian_Open-SF-Yevgeny_Kafelnikov-Magnus_Norman,Yevgeny Kafelnikov,nonSnV2nd,27,18,0,0,0,0,1,1,1,0,204
20000128-M-Australian_Open-SF-Pete_Sampras-Andre_Agassi,Pete Sampras,SnV,114,71,0,0,35,17,6,5,10,6,293
20000128-M-Australian_Open-SF-Pete_Sampras-Andre_Agassi,Pete Sampras,SnV1st,67,48,0,0,29,11,2,1,2,4,154
20000128-M-Australian_Open-SF-Pete_Sampras-Andre_Agassi,Pete Sampras,SnV2nd,47,23,0,0,6,6,4,4,8,2,139
20000128-M-Australian_Open-SF-Pete_Sampras-Andre_Agassi,Pete Sampras,nonSnV,37,37,37,0,0,0,0,0,0,0,37
20000128-M-Australian_Open-SF-Pete_Sampras-Andre_Agassi,Pete Sampras,nonSnV1st,32,32,32,0,0,0,0,0,0,0,32
20000128-M-Australian_Open-SF-Pete_Sampras-Andre_Agassi,Pete Sampras,nonSnV2nd,5,5,5,0,0,0,0,0,0,0,5
20000128-M-Australian_Open-SF-Pete_Sampras-Andre_Agassi,Andre Agassi,SnV,3,3,0,0,1,0,0,0,0,0,7
20000128-M-Australian_Open-SF-Pete_Sampras-Andre_Agassi,Andre Agassi,SnV1st,1,1,0,0,1,0,0,0,0,0,1
20000128-M-Australian_Open-SF-Pete_Sampras-Andre_Agassi,Andre Agassi,SnV2nd,2,2,0,0,0,0,0,0,0,0,6
20000128-M-Australian_Open-SF-Pete_Sampras-Andre_Agassi,Andre Agassi,nonSnV,142,104,13,0,36,2,5,0,4,0,436
20000128-M-Australian_Open-SF-Pete_Sampras-Andre_Agassi,Andre Agassi,nonSnV1st,100,74,13,0,32,1,4,0,4,0,300
20000128-M-Australian_Open-SF-Pete_Sampras-Andre_Agassi,Andre Agassi,nonSnV2nd,42,30,0,0,4,1,1,0,0,0,136
20000125-M-Australian_Open-QF-Pete_Sampras-Chris_Woodruff,Pete Sampras,SnV,51,37,0,0,17,11,7,8,1,0,121
20000125-M-Australian_Open-QF-Pete_Sampras-Chris_Woodruff,Pete Sampras,SnV1st,29,23,0,0,9,9,5,5,0,0,69
20000125-M-Australian_Open-QF-Pete_Sampras-Chris_Woodruff,Pete Sampras,SnV2nd,22,14,0,0,8,2,2,3,1,0,52
20000125-M-Australian_Open-QF-Pete_Sampras-Chris_Woodruff,Pete Sampras,nonSnV,20,20,15,5,0,0,0,0,0,0,20
20000125-M-Australian_Open-QF-Pete_Sampras-Chris_Woodruff,Pete Sampras,nonSnV1st,16,16,13,3,0,0,0,0,0,0,16
20000125-M-Australian_Open-QF-Pete_Sampras-Chris_Woodruff,Pete Sampras,nonSnV2nd,4,4,2,2,0,0,0,0,0,0,4
20000125-M-Australian_Open-QF-Pete_Sampras-Chris_Woodruff,Chris Woodruff,SnV,13,9,0,0,2,1,2,1,3,0,31
20000125-M-Australian_Open-QF-Pete_Sampras-Chris_Woodruff,Chris Woodruff,SnV1st,9,6,0,0,2,1,2,1,2,0,24
20000125-M-Australian_Open-QF-Pete_Sampras-Chris_Woodruff,Chris Woodruff,SnV2nd,4,3,0,0,0,0,0,0,1,0,7
20000125-M-Australian_Open-QF-Pete_Sampras-Chris_Woodruff,Chris Woodruff,nonSnV,85,53,12,1,4,3,5,0,2,0,383
20000125-M-Australian_Open-QF-Pete_Sampras-Chris_Woodruff,Chris Woodruff,nonSnV1st,56,43,12,1,4,2,4,0,0,0,231
20000125-M-Australian_Open-QF-Pete_Sampras-Chris_Woodruff,Chris Woodruff,nonSnV2nd,29,10,0,0,0,1,1,0,2,0,152
20000125-M-Australian_Open-QF-Hicham_Arazi-Andre_Agassi,Hicham Arazi,SnV,2,1,0,0,1,0,0,0,1,0,5
20000125-M-Australian_Open-QF-Hicham_Arazi-Andre_Agassi,Hicham Arazi,SnV1st,2,1,0,0,1,0,0,0,1,0,5
20000125-M-Australian_Open-QF-Hicham_Arazi-Andre_Agassi,Hicham Arazi,nonSnV,86,50,9,3,9,3,0,4,0,1,418
20000125-M-Australian_Open-QF-Hicham_Arazi-Andre_Agassi,Hicham Arazi,nonSnV1st,46,34,9,3,9,2,0,3,0,0,170
20000125-M-Australian_Open-QF-Hicham_Arazi-Andre_Agassi,Hicham Arazi,nonSnV2nd,40,16,0,0,0,1,0,1,0,1,248
20000125-M-Australian_Open-QF-Hicham_Arazi-Andre_Agassi,Andre Agassi,SnV,3,2,0,0,0,1,1,1,0,0,8
20000125-M-Australian_Open-QF-Hicham_Arazi-Andre_Agassi,Andre Agassi,SnV1st,3,2,0,0,0,1,1,1,0,0,8
20000125-M-Australian_Open-QF-Hicham_Arazi-Andre_Agassi,Andre Agassi,nonSnV,64,52,6,0,12,5,1,0,1,0,272
20000125-M-Australian_Open-QF-Hicham_Arazi-Andre_Agassi,Andre Agassi,nonSnV1st,42,36,6,0,11,4,1,0,1,0,168
20000125-M-Australian_Open-QF-Hicham_Arazi-Andre_Agassi,Andre Agassi,nonSnV2nd,22,16,0,0,1,1,0,0,0,0,104
20000119-M-Australian_Open-R64-Pete_Sampras-Mikael_Tillstrom,Pete Sampras,SnV,79,49,0,0,20,10,13,16,5,2,187
20000119-M-Australian_Open-R64-Pete_Sampras-Mikael_Tillstrom,Pete Sampras,SnV1st,52,34,0,0,18,8,8,8,2,1,114
20000119-M-Australian_Open-R64-Pete_Sampras-Mikael_Tillstrom,Pete Sampras,SnV2nd,27,15,0,0,2,2,5,8,3,1,73
20000119-M-Australian_Open-R64-Pete_Sampras-Mikael_Tillstrom,Pete Sampras,nonSnV,20,20,14,6,0,0,0,0,0,0,20
20000119-M-Australian_Open-R64-Pete_Sampras-Mikael_Tillstrom,Pete Sampras,nonSnV1st,19,19,13,6,0,0,0,0,0,0,19
20000119-M-Australian_Open-R64-Pete_Sampras-Mikael_Tillstrom,Pete Sampras,nonSnV2nd,1,1,1,0,0,0,0,0,0,0,1
20000119-M-Australian_Open-R64-Pete_Sampras-Mikael_Tillstrom,Mikael Tillstrom,SnV,6,3,0,0,1,2,0,2,1,0,17
20000119-M-Australian_Open-R64-Pete_Sampras-Mikael_Tillstrom,Mikael Tillstrom,SnV1st,6,3,0,0,1,2,0,2,1,0,17
20000119-M-Australian_Open-R64-Pete_Sampras-Mikael_Tillstrom,Mikael Tillstrom,nonSnV,64,46,11,1,9,5,4,3,0,1,182
20000119-M-Australian_Open-R64-Pete_Sampras-Mikael_Tillstrom,Mikael Tillstrom,nonSnV1st,40,32,11,0,9,5,2,3,0,1,112
20000119-M-Australian_Open-R64-Pete_Sampras-Mikael_Tillstrom,Mikael Tillstrom,nonSnV2nd,24,14,0,1,0,0,2,0,0,0,70
20000119-M-Australian_Open-R64-Jan_Kroslak-Roger_Federer,Jan Kroslak,SnV,25,17,1,0,8,5,1,2,4,1,65
20000119-M-Australian_Open-R64-Jan_Kroslak-Roger_Federer,Jan Kroslak,SnV1st,23,15,1,0,8,5,1,2,4,1,63
20000119-M-Australian_Open-R64-Jan_Kroslak-Roger_Federer,Jan Kroslak,SnV2nd,2,2,0,0,0,0,0,0,0,0,2
20000119-M-Australian_Open-R64-Jan_Kroslak-Roger_Federer,Jan Kroslak,nonSnV,74,40,5,2,12,1,2,1,1,2,214
20000119-M-Australian_Open-R64-Jan_Kroslak-Roger_Federer,Jan Kroslak,nonSnV1st,45,26,5,1,11,1,2,1,1,0,120
20000119-M-Australian_Open-R64-Jan_Kroslak-Roger_Federer,Jan Kroslak,nonSnV2nd,29,14,0,1,1,0,0,0,0,2,94
20000119-M-Australian_Open-R64-Jan_Kroslak-Roger_Federer,Roger Federer,SnV,14,9,0,0,2,4,1,0,1,2,43
20000119-M-Australian_Open-R64-Jan_Kroslak-Roger_Federer,Roger Federer,SnV1st,10,6,0,0,2,1,1,0,1,1,28
20000119-M-Australian_Open-R64-Jan_Kroslak-Roger_Federer,Roger Federer,SnV2nd,4,3,0,0,0,3,0,0,0,1,15
20000119-M-Australian_Open-R64-Jan_Kroslak-Roger_Federer,Roger Federer,nonSnV,88,62,9,3,17,4,2,3,1,0,252
20000119-M-Australian_Open-R64-Jan_Kroslak-Roger_Federer,Roger Federer,nonSnV1st,53,36,9,2,15,2,1,3,1,0,118
20000119-M-Australian_Open-R64-Jan_Kroslak-Roger_Federer,Roger Federer,nonSnV2nd,35,26,0,1,2,2,1,0,0,0,134
19990912-M-US_Open-F-Todd_Martin-Andre_Agassi,Todd Martin,SnV,69,46,0,0,19,15,8,4,7,1,176
19990912-M-US_Open-F-Todd_Martin-Andre_Agassi,Todd Martin,SnV1st,63,40,0,0,18,13,7,4,7,1,162
19990912-M-US_Open-F-Todd_Martin-Andre_Agassi,Todd Martin,SnV2nd,6,6,0,0,1,2,1,0,0,0,14
19990912-M-US_Open-F-Todd_Martin-Andre_Agassi,Todd Martin,nonSnV,66,47,19,0,7,2,1,0,0,2,231
19990912-M-US_Open-F-Todd_Martin-Andre_Agassi,Todd Martin,nonSnV1st,23,21,17,0,4,0,0,0,0,0,25
19990912-M-US_Open-F-Todd_Martin-Andre_Agassi,Todd Martin,nonSnV2nd,43,26,2,0,3,2,1,0,0,2,206
19990912-M-US_Open-F-Todd_Martin-Andre_Agassi,Andre Agassi,SnV,2,2,0,0,1,1,0,0,0,0,4
19990912-M-US_Open-F-Todd_Martin-Andre_Agassi,Andre Agassi,SnV1st,2,2,0,0,1,1,0,0,0,0,4
19990912-M-US_Open-F-Todd_Martin-Andre_Agassi,Andre Agassi,nonSnV,145,104,6,0,39,4,3,0,1,0,500
19990912-M-US_Open-F-Todd_Martin-Andre_Agassi,Andre Agassi,nonSnV1st,95,70,6,0,35,1,3,0,1,0,298
19990912-M-US_Open-F-Todd_Martin-Andre_Agassi,Andre Agassi,nonSnV2nd,50,34,0,0,4,3,0,0,0,0,202
19990908-M-US_Open-QF-Yevgeny_Kafelnikov-Richard_Krajicek,Yevgeny Kafelnikov,SnV,23,16,0,0,5,5,6,5,0,1,62
19990908-M-US_Open-QF-Yevgeny_Kafelnikov-Richard_Krajicek,Yevgeny Kafelnikov,SnV1st,20,13,0,0,5,3,5,5,0,1,51
19990908-M-US_Open-QF-Yevgeny_Kafelnikov-Richard_Krajicek,Yevgeny Kafelnikov,SnV2nd,3,3,0,0,0,2,1,0,0,0,11
19990908-M-US_Open-QF-Yevgeny_Kafelnikov-Richard_Krajicek,Yevgeny Kafelnikov,nonSnV,129,90,11,6,19,1,6,1,0,0,460
19990908-M-US_Open-QF-Yevgeny_Kafelnikov-Richard_Krajicek,Yevgeny Kafelnikov,nonSnV1st,60,45,11,6,19,1,3,0,0,0,151
19990908-M-US_Open-QF-Yevgeny_Kafelnikov-Richard_Krajicek,Yevgeny Kafelnikov,nonSnV2nd,69,45,0,0,0,0,3,1,0,0,309
19990908-M-US_Open-QF-Yevgeny_Kafelnikov-Richard_Krajicek,Richard Krajicek,SnV,114,66,0,0,23,19,15,17,10,3,294
19990908-M-US_Open-QF-Yevgeny_Kafelnikov-Richard_Krajicek,Richard Krajicek,SnV1st,52,39,0,0,18,9,11,4,5,2,139
19990908-M-US_Open-QF-Yevgeny_Kafelnikov-Richard_Krajicek,Richard Krajicek,SnV2nd,62,27,0,0,5,10,4,13,5,1,155
19990908-M-US_Open-QF-Yevgeny_Kafelnikov-Richard_Krajicek,Richard Krajicek,nonSnV,51,51,49,2,0,0,0,0,0,0,51
19990908-M-US_Open-QF-Yevgeny_Kafelnikov-Richard_Krajicek,Richard Krajicek,nonSnV1st,51,51,49,2,0,0,0,0,0,0,51
19990908-M-US_Open-QF-Cedric_Pioline-Gustavo_Kuerten,Cedric Pioline,SnV,45,35,1,1,6,19,5,3,3,0,145
19990908-M-US_Open-QF-Cedric_Pioline-Gustavo_Kuerten,Cedric Pioline,SnV1st,33,28,1,1,5,14,5,2,2,0,108
19990908-M-US_Open-QF-Cedric_Pioline-Gustavo_Kuerten,Cedric Pioline,SnV2nd,12,7,0,0,1,5,0,1,1,0,37
19990908-M-US_Open-QF-Cedric_Pioline-Gustavo_Kuerten,Cedric Pioline,nonSnV,110,82,19,3,12,13,4,2,0,0,440
19990908-M-US_Open-QF-Cedric_Pioline-Gustavo_Kuerten,Cedric Pioline,nonSnV1st,60,50,17,3,10,8,2,1,0,0,162
19990908-M-US_Open-QF-Cedric_Pioline-Gustavo_Kuerten,Cedric Pioline,nonSnV2nd,50,32,2,0,2,5,2,1,0,0,278
19990908-M-US_Open-QF-Cedric_Pioline-Gustavo_Kuerten,Gustavo Kuerten,SnV,3,3,0,2,1,0,0,0,0,0,3
19990908-M-US_Open-QF-Cedric_Pioline-Gustavo_Kuerten,Gustavo Kuerten,SnV1st,3,3,0,2,1,0,0,0,0,0,3
19990908-M-US_Open-QF-Cedric_Pioline-Gustavo_Kuerten,Gustavo Kuerten,nonSnV,164,119,20,7,31,5,5,0,4,2,533
19990908-M-US_Open-QF-Cedric_Pioline-Gustavo_Kuerten,Gustavo Kuerten,nonSnV1st,90,78,20,7,22,4,3,0,1,0,222
19990908-M-US_Open-QF-Cedric_Pioline-Gustavo_Kuerten,Gustavo Kuerten,nonSnV2nd,74,41,0,0,9,1,2,0,3,2,311
19990904-M-US_Open-SF-Yevgeny_Kafelnikov-Andre_Agassi,Yevgeny Kafelnikov,SnV,1,1,0,0,1,0,0,0,0,0,1
19990904-M-US_Open-SF-Yevgeny_Kafelnikov-Andre_Agassi,Yevgeny Kafelnikov,SnV1st,1,1,0,0,1,0,0,0,0,0,1
19990904-M-US_Open-SF-Yevgeny_Kafelnikov-Andre_Agassi,Yevgeny Kafelnikov,nonSnV,111,64,9,0,18,5,2,0,4,1,482
19990904-M-US_Open-SF-Yevgeny_Kafelnikov-Andre_Agassi,Yevgeny Kafelnikov,nonSnV1st,63,41,9,0,17,4,2,0,2,1,213
19990904-M-US_Open-SF-Yevgeny_Kafelnikov-Andre_Agassi,Yevgeny Kafelnikov,nonSnV2nd,48,23,0,0,1,1,0,0,2,0,269
19990904-M-US_Open-SF-Yevgeny_Kafelnikov-Andre_Agassi,Andre Agassi,SnV,1,0,0,0,0,0,0,0,1,0,4
19990904-M-US_Open-SF-Yevgeny_Kafelnikov-Andre_Agassi,Andre Agassi,SnV1st,1,0,0,0,0,0,0,0,1,0,4
19990904-M-US_Open-SF-Yevgeny_Kafelnikov-Andre_Agassi,Andre Agassi,nonSnV,97,65,11,0,13,5,3,1,0,0,471
19990904-M-US_Open-SF-Yevgeny_Kafelnikov-Andre_Agassi,Andre Agassi,nonSnV1st,50,37,10,0,10,4,1,1,0,0,223
19990904-M-US_Open-SF-Yevgeny_Kafelnikov-Andre_Agassi,Andre Agassi,nonSnV2nd,47,28,1,0,3,1,2,0,0,0,248
19990904-M-US_Open-SF-Todd_Martin-Cedric_Pioline,Todd Martin,SnV,37,27,0,0,15,2,4,0,6,0,87
19990904-M-US_Open-SF-Todd_Martin-Cedric_Pioline,Todd Martin,SnV1st,34,26,0,0,15,2,4,0,4,0,76
19990904-M-US_Open-SF-Todd_Martin-Cedric_Pioline,Todd Martin,SnV2nd,3,1,0,0,0,0,0,0,2,0,11
19990904-M-US_Open-SF-Todd_Martin-Cedric_Pioline,Todd Martin,nonSnV,42,30,14,0,4,0,3,3,0,1,102
19990904-M-US_Open-SF-Todd_Martin-Cedric_Pioline,Todd Martin,nonSnV1st,20,17,14,0,1,0,1,1,0,0,37
19990904-M-US_Open-SF-Todd_Martin-Cedric_Pioline,Todd Martin,nonSnV2nd,22,13,0,0,3,0,2,2,0,1,65
19990904-M-US_Open-SF-Todd_Martin-Cedric_Pioline,Cedric Pioline,SnV,5,1,0,0,0,0,0,0,1,1,17
19990904-M-US_Open-SF-Todd_Martin-Cedric_Pioline,Cedric Pioline,SnV1st,3,1,0,0,0,0,0,0,0,1,11
19990904-M-US_Open-SF-Todd_Martin-Cedric_Pioline,Cedric Pioline,SnV2nd,2,0,0,0,0,0,0,0,1,0,6
19990904-M-US_Open-SF-Todd_Martin-Cedric_Pioline,Cedric Pioline,nonSnV,64,36,5,0,9,6,2,0,0,0,224
19990904-M-US_Open-SF-Todd_Martin-Cedric_Pioline,Cedric Pioline,nonSnV1st,32,20,4,0,7,3,2,0,0,0,98
19990904-M-US_Open-SF-Todd_Martin-Cedric_Pioline,Cedric Pioline,nonSnV2nd,32,16,1,0,2,3,0,0,0,0,126
19990129-M-Australian_Open-SF-Yevgeny_Kafelnikov-Tommy_Haas,Tommy Haas,SnV,1,1,0,0,0,1,0,0,0,0,5
19990129-M-Australian_Open-SF-Yevgeny_Kafelnikov-Tommy_Haas,Tommy Haas,SnV1st,1,1,0,0,0,1,0,0,0,0,5
19990129-M-Australian_Open-SF-Yevgeny_Kafelnikov-Tommy_Haas,Tommy Haas,nonSnV,88,53,7,1,13,3,2,0,2,0,427
19990129-M-Australian_Open-SF-Yevgeny_Kafelnikov-Tommy_Haas,Tommy Haas,nonSnV1st,52,33,7,1,11,0,2,0,1,0,235
19990129-M-Australian_Open-SF-Yevgeny_Kafelnikov-Tommy_Haas,Tommy Haas,nonSnV2nd,36,20,0,0,2,3,0,0,1,0,192
19990129-M-Australian_Open-SF-Nicolas_Lapentti-Thomas_Enqvist,Nicolas Lapentti,SnV,12,7,0,0,3,2,1,1,2,1,33
19990129-M-Australian_Open-SF-Nicolas_Lapentti-Thomas_Enqvist,Nicolas Lapentti,SnV1st,10,6,0,0,3,2,0,1,2,0,26
19990129-M-Australian_Open-SF-Nicolas_Lapentti-Thomas_Enqvist,Nicolas Lapentti,SnV2nd,2,1,0,0,0,0,1,0,0,1,7
19990129-M-Australian_Open-SF-Nicolas_Lapentti-Thomas_Enqvist,Nicolas Lapentti,nonSnV,70,40,8,0,9,1,3,3,3,0,286
19990129-M-Australian_Open-SF-Nicolas_Lapentti-Thomas_Enqvist,Nicolas Lapentti,nonSnV1st,43,29,8,0,8,1,3,1,2,0,175
19990129-M-Australian_Open-SF-Nicolas_Lapentti-Thomas_Enqvist,Nicolas Lapentti,nonSnV2nd,27,11,0,0,1,0,0,2,1,0,111
19990122-M-Australian_Open-R32-Todd_Martin-Petr_Korda,Todd Martin,SnV,100,64,0,0,42,8,13,10,9,2,218
19990122-M-Australian_Open-R32-Todd_Martin-Petr_Korda,Todd Martin,SnV1st,75,51,0,0,32,7,12,6,9,1,171
19990122-M-Australian_Open-R32-Todd_Martin-Petr_Korda,Todd Martin,SnV2nd,25,13,0,0,10,1,1,4,0,1,47
19990122-M-Australian_Open-R32-Todd_Martin-Petr_Korda,Todd Martin,nonSnV,54,47,29,3,1,0,2,0,1,0,117
19990122-M-Australian_Open-R32-Todd_Martin-Petr_Korda,Todd Martin,nonSnV1st,32,31,28,3,0,0,0,0,1,0,35
19990122-M-Australian_Open-R32-Todd_Martin-Petr_Korda,Todd Martin,nonSnV2nd,22,16,1,0,1,0,2,0,0,0,82
19990122-M-Australian_Open-R32-Todd_Martin-Petr_Korda,Petr Korda,SnV,6,5,0,0,2,2,1,1,0,0,13
19990122-M-Australian_Open-R32-Todd_Martin-Petr_Korda,Petr Korda,SnV1st,5,5,0,0,2,2,1,0,0,0,11
19990122-M-Australian_Open-R32-Todd_Martin-Petr_Korda,Petr Korda,SnV2nd,1,0,0,0,0,0,0,1,0,0,2
19990122-M-Australian_Open-R32-Todd_Martin-Petr_Korda,Petr Korda,nonSnV,155,107,7,4,22,6,8,1,3,1,611
19990122-M-Australian_Open-R32-Todd_Martin-Petr_Korda,Petr Korda,nonSnV1st,106,77,7,4,22,6,8,0,0,1,427
19990122-M-Australian_Open-R32-Todd_Martin-Petr_Korda,Petr Korda,nonSnV2nd,49,30,0,0,0,0,0,1,3,0,184
19980913-M-US_Open-F-Patrick_Rafter-Mark_Philippoussis,Patrick Rafter,SnV,76,56,1,0,28,13,9,1,3,3,184
19980913-M-US_Open-F-Patrick_Rafter-Mark_Philippoussis,Patrick Rafter,SnV1st,57,46,1,0,26,9,6,1,3,2,126
19980913-M-US_Open-F-Patrick_Rafter-Mark_Philippoussis,Patrick Rafter,SnV2nd,19,10,0,0,2,4,3,0,0,1,58
19980913-M-US_Open-F-Patrick_Rafter-Mark_Philippoussis,Patrick Rafter,nonSnV,9,8,5,0,0,0,0,0,0,0,18
19980913-M-US_Open-F-Patrick_Rafter-Mark_Philippoussis,Patrick Rafter,nonSnV1st,5,4,4,0,0,0,0,0,0,0,12
19980913-M-US_Open-F-Patrick_Rafter-Mark_Philippoussis,Patrick Rafter,nonSnV2nd,4,4,1,0,0,0,0,0,0,0,6
19980913-M-US_Open-F-Patrick_Rafter-Mark_Philippoussis,Mark Philippoussis,SnV,97,58,0,0,27,18,10,5,12,6,262
19980913-M-US_Open-F-Patrick_Rafter-Mark_Philippoussis,Mark Philippoussis,SnV1st,59,35,0,0,17,9,8,3,10,4,165
19980913-M-US_Open-F-Patrick_Rafter-Mark_Philippoussis,Mark Philippoussis,SnV2nd,38,23,0,0,10,9,2,2,2,2,97
19980913-M-US_Open-F-Patrick_Rafter-Mark_Philippoussis,Mark Philippoussis,nonSnV,7,5,5,0,0,0,0,1,0,0,11
19980913-M-US_Open-F-Patrick_Rafter-Mark_Philippoussis,Mark Philippoussis,nonSnV1st,6,5,5,0,0,0,0,1,0,0,9
19980913-M-US_Open-F-Patrick_Rafter-Mark_Philippoussis,Mark Philippoussis,nonSnV2nd,1,0,0,0,0,0,0,0,0,0,2
19980912-M-US_Open-SF-Patrick_Rafter-Pete_Sampras,Patrick Rafter,SnV,116,84,0,0,40,19,6,7,6,2,254
19980912-M-US_Open-SF-Patrick_Rafter-Pete_Sampras,Patrick Rafter,SnV1st,71,50,0,0,30,14,4,5,6,0,164
19980912-M-US_Open-SF-Patrick_Rafter-Pete_Sampras,Patrick Rafter,SnV2nd,45,34,0,0,10,5,2,2,0,2,90
19980912-M-US_Open-SF-Patrick_Rafter-Pete_Sampras,Patrick Rafter,nonSnV,13,12,11,0,1,0,0,0,0,0,16
19980912-M-US_Open-SF-Patrick_Rafter-Pete_Sampras,Patrick Rafter,nonSnV1st,11,11,10,0,1,0,0,0,0,0,11
19980912-M-US_Open-SF-Patrick_Rafter-Pete_Sampras,Patrick Rafter,nonSnV2nd,2,1,1,0,0,0,0,0,0,0,5
19980912-M-US_Open-SF-Patrick_Rafter-Pete_Sampras,Pete Sampras,SnV,103,70,0,0,30,20,8,7,13,1,284
19980912-M-US_Open-SF-Patrick_Rafter-Pete_Sampras,Pete Sampras,SnV1st,58,39,0,0,20,11,5,4,7,0,159
19980912-M-US_Open-SF-Patrick_Rafter-Pete_Sampras,Pete Sampras,SnV2nd,45,31,0,0,10,9,3,3,6,1,125
19980912-M-US_Open-SF-Patrick_Rafter-Pete_Sampras,Pete Sampras,nonSnV,36,29,16,0,1,3,3,1,1,1,111
19980912-M-US_Open-SF-Patrick_Rafter-Pete_Sampras,Pete Sampras,nonSnV1st,18,18,14,0,0,1,3,0,0,0,28
19980912-M-US_Open-SF-Patrick_Rafter-Pete_Sampras,Pete Sampras,nonSnV2nd,18,11,2,0,1,2,0,1,1,1,83
19980912-M-US_Open-SF-Mark_Philippoussis-Carlos_Moya,Mark Philippoussis,SnV,78,59,0,0,25,22,6,4,4,1,205
19980912-M-US_Open-SF-Mark_Philippoussis-Carlos_Moya,Mark Philippoussis,SnV1st,53,42,0,0,17,16,4,2,2,0,146
19980912-M-US_Open-SF-Mark_Philippoussis-Carlos_Moya,Mark Philippoussis,SnV2nd,25,17,0,0,8,6,2,2,2,1,59
19980912-M-US_Open-SF-Mark_Philippoussis-Carlos_Moya,Mark Philippoussis,nonSnV,22,22,21,0,1,0,0,0,0,0,22
19980912-M-US_Open-SF-Mark_Philippoussis-Carlos_Moya,Mark Philippoussis,nonSnV1st,21,21,20,0,1,0,0,0,0,0,21
19980912-M-US_Open-SF-Mark_Philippoussis-Carlos_Moya,Mark Philippoussis,nonSnV2nd,1,1,1,0,0,0,0,0,0,0,1
19980912-M-US_Open-SF-Mark_Philippoussis-Carlos_Moya,Carlos Moya,SnV,53,39,0,0,11,10,7,5,2,0,135
19980912-M-US_Open-SF-Mark_Philippoussis-Carlos_Moya,Carlos Moya,SnV1st,29,24,0,0,10,5,3,2,0,0,72
19980912-M-US_Open-SF-Mark_Philippoussis-Carlos_Moya,Carlos Moya,SnV2nd,24,15,0,0,1,5,4,3,2,0,63
19980912-M-US_Open-SF-Mark_Philippoussis-Carlos_Moya,Carlos Moya,nonSnV,57,34,6,0,5,3,2,0,5,1,225
19980912-M-US_Open-SF-Mark_Philippoussis-Carlos_Moya,Carlos Moya,nonSnV1st,36,26,6,0,4,3,1,0,3,0,152
19980912-M-US_Open-SF-Mark_Philippoussis-Carlos_Moya,Carlos Moya,nonSnV2nd,21,8,0,0,1,0,1,0,2,1,73
19980910-M-US_Open-QF-Mark_Philippoussis-Thomas_Johansson,Mark Philippoussis,SnV,122,93,25,5,37,13,9,11,4,2,231
19980910-M-US_Open-QF-Mark_Philippoussis-Thomas_Johansson,Mark Philippoussis,SnV1st,91,76,24,3,31,10,6,5,1,1,156
19980910-M-US_Open-QF-Mark_Philippoussis-Thomas_Johansson,Mark Philippoussis,SnV2nd,31,17,1,2,6,3,3,6,3,1,75
19980910-M-US_Open-QF-Mark_Philippoussis-Thomas_Johansson,Mark Philippoussis,nonSnV,24,11,4,0,1,1,1,2,0,0,95
19980910-M-US_Open-QF-Mark_Philippoussis-Thomas_Johansson,Mark Philippoussis,nonSnV1st,9,6,3,0,0,1,0,0,0,0,36
19980910-M-US_Open-QF-Mark_Philippoussis-Thomas_Johansson,Mark Philippoussis,nonSnV2nd,15,5,1,0,1,0,1,2,0,0,59
19980909-M-US_Open-QF-Patrick_Rafter-Jonas_Bjorkman,Patrick Rafter,SnV,83,58,0,0,20,17,6,6,6,2,232
19980909-M-US_Open-QF-Patrick_Rafter-Jonas_Bjorkman,Patrick Rafter,SnV1st,60,43,0,0,20,12,3,5,5,0,171
19980909-M-US_Open-QF-Patrick_Rafter-Jonas_Bjorkman,Patrick Rafter,SnV2nd,23,15,0,0,0,5,3,1,1,2,61
19980909-M-US_Open-QF-Patrick_Rafter-Jonas_Bjorkman,Patrick Rafter,nonSnV,9,5,4,0,1,0,0,1,2,0,29
19980909-M-US_Open-QF-Patrick_Rafter-Jonas_Bjorkman,Patrick Rafter,nonSnV1st,7,5,4,0,1,0,0,0,1,0,19
19980909-M-US_Open-QF-Patrick_Rafter-Jonas_Bjorkman,Patrick Rafter,nonSnV2nd,2,0,0,0,0,0,0,1,1,0,10
19980909-M-US_Open-QF-Patrick_Rafter-Jonas_Bjorkman,Jonas Bjorkman,SnV,47,22,0,0,11,4,0,4,10,3,148
19980909-M-US_Open-QF-Patrick_Rafter-Jonas_Bjorkman,Jonas Bjorkman,SnV1st,35,16,0,0,11,3,0,3,8,2,110
19980909-M-US_Open-QF-Patrick_Rafter-Jonas_Bjorkman,Jonas Bjorkman,SnV2nd,12,6,0,0,0,1,0,1,2,1,38
19980909-M-US_Open-QF-Patrick_Rafter-Jonas_Bjorkman,Jonas Bjorkman,nonSnV,41,28,1,0,6,4,4,1,2,0,226
19980909-M-US_Open-QF-Patrick_Rafter-Jonas_Bjorkman,Jonas Bjorkman,nonSnV1st,31,22,1,0,6,2,2,1,0,0,166
19980909-M-US_Open-QF-Patrick_Rafter-Jonas_Bjorkman,Jonas Bjorkman,nonSnV2nd,10,6,0,0,0,2,2,0,2,0,60
19980901-M-US_Open-R128-Todd_Martin-Jeff_Tarango,Todd Martin,SnV,39,27,0,0,10,11,3,3,3,0,103
19980901-M-US_Open-R128-Todd_Martin-Jeff_Tarango,Todd Martin,SnV1st,35,25,0,0,10,10,2,2,2,0,91
19980901-M-US_Open-R128-Todd_Martin-Jeff_Tarango,Todd Martin,SnV2nd,4,2,0,0,0,1,1,1,1,0,12
19980901-M-US_Open-R128-Todd_Martin-Jeff_Tarango,Todd Martin,nonSnV,52,43,23,0,5,1,1,0,0,0,147
19980901-M-US_Open-R128-Todd_Martin-Jeff_Tarango,Todd Martin,nonSnV1st,29,29,23,0,5,0,0,0,0,0,39
19980901-M-US_Open-R128-Todd_Martin-Jeff_Tarango,Todd Martin,nonSnV2nd,23,14,0,0,0,1,1,0,0,0,108
19980901-M-US_Open-R128-Todd_Martin-Jeff_Tarango,Jeff Tarango,SnV,12,7,0,0,5,2,0,0,1,0,23
19980901-M-US_Open-R128-Todd_Martin-Jeff_Tarango,Jeff Tarango,SnV1st,12,7,0,0,5,2,0,0,1,0,23
19980901-M-US_Open-R128-Todd_Martin-Jeff_Tarango,Jeff Tarango,nonSnV,81,55,5,0,8,1,1,0,2,1,299
19980901-M-US_Open-R128-Todd_Martin-Jeff_Tarango,Jeff Tarango,nonSnV1st,46,30,5,0,7,0,0,0,0,1,174
19980901-M-US_Open-R128-Todd_Martin-Jeff_Tarango,Jeff Tarango,nonSnV2nd,35,25,0,0,1,1,1,0,2,0,125
19980201-M-Australian_Open-F-Petr_Korda-Marcelo_Rios,Petr Korda,SnV,2,1,0,0,0,0,1,1,0,0,5
19980201-M-Australian_Open-F-Petr_Korda-Marcelo_Rios,Petr Korda,SnV2nd,2,1,0,0,0,0,1,1,0,0,5
19980201-M-Australian_Open-F-Petr_Korda-Marcelo_Rios,Petr Korda,nonSnV,71,51,4,0,16,4,3,2,1,4,251
19980201-M-Australian_Open-F-Petr_Korda-Marcelo_Rios,Petr Korda,nonSnV1st,40,31,3,0,15,1,2,1,1,4,99
19980201-M-Australian_Open-F-Petr_Korda-Marcelo_Rios,Petr Korda,nonSnV2nd,31,20,1,0,1,3,1,1,0,0,152
19980201-M-Australian_Open-F-Petr_Korda-Marcelo_Rios,Marcelo Rios,SnV,2,2,0,0,1,0,1,0,0,0,4
19980201-M-Australian_Open-F-Petr_Korda-Marcelo_Rios,Marcelo Rios,SnV1st,2,2,0,0,1,0,1,0,0,0,4
19980201-M-Australian_Open-F-Petr_Korda-Marcelo_Rios,Marcelo Rios,nonSnV,65,31,2,0,13,1,1,2,1,0,213
19980201-M-Australian_Open-F-Petr_Korda-Marcelo_Rios,Marcelo Rios,nonSnV1st,39,22,2,0,13,1,1,0,0,0,132
19980201-M-Australian_Open-F-Petr_Korda-Marcelo_Rios,Marcelo Rios,nonSnV2nd,26,9,0,0,0,0,0,2,1,0,81
19980131-M-Australian_Open-SF-Petr_Korda-Karol_Kucera,Petr Korda,SnV,7,5,0,0,3,2,0,0,0,0,13
19980131-M-Australian_Open-SF-Petr_Korda-Karol_Kucera,Petr Korda,SnV1st,5,4,0,0,2,2,0,0,0,0,10
19980131-M-Australian_Open-SF-Petr_Korda-Karol_Kucera,Petr Korda,SnV2nd,2,1,0,0,1,0,0,0,0,0,3
19980131-M-Australian_Open-SF-Petr_Korda-Karol_Kucera,Petr Korda,nonSnV,97,59,1,0,7,10,6,3,2,2,485
19980131-M-Australian_Open-SF-Petr_Korda-Karol_Kucera,Petr Korda,nonSnV1st,55,31,1,0,7,5,4,1,1,2,261
19980131-M-Australian_Open-SF-Petr_Korda-Karol_Kucera,Petr Korda,nonSnV2nd,42,28,0,0,0,5,2,2,1,0,224
19980131-M-Australian_Open-SF-Marcelo_Rios-Nicolas_Escude,Marcelo Rios,SnV,1,1,0,0,0,0,0,0,0,0,3
19980131-M-Australian_Open-SF-Marcelo_Rios-Nicolas_Escude,Marcelo Rios,SnV1st,1,1,0,0,0,0,0,0,0,0,3
19980131-M-Australian_Open-SF-Marcelo_Rios-Nicolas_Escude,Marcelo Rios,nonSnV,71,46,7,0,13,5,2,1,2,1,278
19980131-M-Australian_Open-SF-Marcelo_Rios-Nicolas_Escude,Marcelo Rios,nonSnV1st,45,32,7,0,10,2,2,0,1,1,158
19980131-M-Australian_Open-SF-Marcelo_Rios-Nicolas_Escude,Marcelo Rios,nonSnV2nd,26,14,0,0,3,3,0,1,1,0,120
19980131-M-Australian_Open-SF-Marcelo_Rios-Nicolas_Escude,Nicolas Escude,SnV,3,1,0,0,0,0,0,2,0,0,7
19980131-M-Australian_Open-SF-Marcelo_Rios-Nicolas_Escude,Nicolas Escude,SnV1st,3,1,0,0,0,0,0,2,0,0,7
19980131-M-Australian_Open-SF-Marcelo_Rios-Nicolas_Escude,Nicolas Escude,nonSnV,72,31,2,0,8,1,1,0,0,0,333
19980131-M-Australian_Open-SF-Marcelo_Rios-Nicolas_Escude,Nicolas Escude,nonSnV1st,39,21,2,0,8,0,1,0,0,0,179
19980131-M-Australian_Open-SF-Marcelo_Rios-Nicolas_Escude,Nicolas Escude,nonSnV2nd,33,10,0,0,0,1,0,0,0,0,154
19980128-M-Australian_Open-QF-Marcelo_Rios-Alberto_Berasategui,Marcelo Rios,SnV,4,2,0,0,0,0,2,0,1,1,14
19980128-M-Australian_Open-QF-Marcelo_Rios-Alberto_Berasategui,Marcelo Rios,SnV1st,4,2,0,0,0,0,2,0,1,1,14
19980128-M-Australian_Open-QF-Marcelo_Rios-Alberto_Berasategui,Marcelo Rios,nonSnV,111,80,10,0,16,8,10,2,2,0,558
19980128-M-Australian_Open-QF-Marcelo_Rios-Alberto_Berasategui,Marcelo Rios,nonSnV1st,65,50,10,0,15,5,7,0,2,0,270
19980128-M-Australian_Open-QF-Marcelo_Rios-Alberto_Berasategui,Marcelo Rios,nonSnV2nd,46,30,0,0,1,3,3,2,0,0,288
19970907-M-US_Open-F-Patrick_Rafter-Greg_Rusedski,Patrick Rafter,SnV,98,71,6,0,27,18,13,2,6,7,271
19970907-M-US_Open-F-Patrick_Rafter-Greg_Rusedski,Patrick Rafter,SnV1st,67,55,6,0,23,13,9,0,3,3,175
19970907-M-US_Open-F-Patrick_Rafter-Greg_Rusedski,Patrick Rafter,SnV2nd,31,16,0,0,4,5,4,2,3,4,96
19970907-M-US_Open-F-Patrick_Rafter-Greg_Rusedski,Patrick Rafter,nonSnV,2,2,0,0,0,0,0,0,0,0,6
19970907-M-US_Open-F-Patrick_Rafter-Greg_Rusedski,Patrick Rafter,nonSnV2nd,2,2,0,0,0,0,0,0,0,0,6
19970907-M-US_Open-F-Patrick_Rafter-Greg_Rusedski,Greg Rusedski,SnV,101,60,6,0,33,6,6,10,10,4,246
19970907-M-US_Open-F-Patrick_Rafter-Greg_Rusedski,Greg Rusedski,SnV1st,68,41,6,0,25,4,3,9,6,3,161
19970907-M-US_Open-F-Patrick_Rafter-Greg_Rusedski,Greg Rusedski,SnV2nd,33,19,0,0,8,2,3,1,4,1,85
19970907-M-US_Open-F-Patrick_Rafter-Greg_Rusedski,Greg Rusedski,nonSnV,18,12,3,0,1,1,2,1,2,2,82
19970907-M-US_Open-F-Patrick_Rafter-Greg_Rusedski,Greg Rusedski,nonSnV1st,6,6,3,0,1,0,0,0,0,0,14
19970907-M-US_Open-F-Patrick_Rafter-Greg_Rusedski,Greg Rusedski,nonSnV2nd,12,6,0,0,0,1,2,1,2,2,68
19970906-M-US_Open-SF-Greg_Rusedski-Jonas_Bjorkman,Greg Rusedski,SnV,84,54,0,0,25,15,4,2,9,3,232
19970906-M-US_Open-SF-Greg_Rusedski-Jonas_Bjorkman,Greg Rusedski,SnV1st,69,45,0,0,23,12,3,2,6,3,189
19970906-M-US_Open-SF-Greg_Rusedski-Jonas_Bjorkman,Greg Rusedski,SnV2nd,15,9,0,0,2,3,1,0,3,0,43
19970906-M-US_Open-SF-Greg_Rusedski-Jonas_Bjorkman,Greg Rusedski,nonSnV,39,28,15,0,2,0,1,3,3,0,120
19970906-M-US_Open-SF-Greg_Rusedski-Jonas_Bjorkman,Greg Rusedski,nonSnV1st,15,13,11,0,2,0,0,0,0,0,17
19970906-M-US_Open-SF-Greg_Rusedski-Jonas_Bjorkman,Greg Rusedski,nonSnV2nd,24,15,4,0,0,0,1,3,3,0,103
19970906-M-US_Open-SF-Greg_Rusedski-Jonas_Bjorkman,Jonas Bjorkman,SnV,77,55,0,0,20,22,10,3,5,4,219
19970906-M-US_Open-SF-Greg_Rusedski-Jonas_Bjorkman,Jonas Bjorkman,SnV1st,69,50,0,0,20,19,8,3,4,3,186
19970906-M-US_Open-SF-Greg_Rusedski-Jonas_Bjorkman,Jonas Bjorkman,SnV2nd,8,5,0,0,0,3,2,0,1,1,33
19970906-M-US_Open-SF-Greg_Rusedski-Jonas_Bjorkman,Jonas Bjorkman,nonSnV,48,27,3,0,4,2,3,4,2,1,229
19970906-M-US_Open-SF-Greg_Rusedski-Jonas_Bjorkman,Jonas Bjorkman,nonSnV1st,11,6,3,0,2,1,0,2,1,0,24
19970906-M-US_Open-SF-Greg_Rusedski-Jonas_Bjorkman,Jonas Bjorkman,nonSnV2nd,37,21,0,0,2,1,3,2,1,1,205
19970905-M-US_Open-SF-Michael_Chang-Patrick_Rafter,Michael Chang,SnV,1,0,0,0,0,0,0,0,0,0,4
19970905-M-US_Open-SF-Michael_Chang-Patrick_Rafter,Michael Chang,SnV2nd,1,0,0,0,0,0,0,0,0,0,4
19970905-M-US_Open-SF-Michael_Chang-Patrick_Rafter,Michael Chang,nonSnV,84,53,2,0,13,1,5,3,4,3,433
19970905-M-US_Open-SF-Michael_Chang-Patrick_Rafter,Michael Chang,nonSnV1st,56,37,2,0,13,1,4,2,3,2,275
19970905-M-US_Open-SF-Michael_Chang-Patrick_Rafter,Michael Chang,nonSnV2nd,28,16,0,0,0,0,1,1,1,1,158
19970905-M-US_Open-SF-Michael_Chang-Patrick_Rafter,Patrick Rafter,SnV,72,51,0,0,23,21,2,4,0,5,171
19970905-M-US_Open-SF-Michael_Chang-Patrick_Rafter,Patrick Rafter,SnV1st,48,38,0,0,18,16,2,1,0,0,110
19970905-M-US_Open-SF-Michael_Chang-Patrick_Rafter,Patrick Rafter,SnV2nd,24,13,0,0,5,5,0,3,0,5,61
19970905-M-US_Open-SF-Michael_Chang-Patrick_Rafter,Patrick Rafter,nonSnV,12,12,9,0,1,0,0,0,0,0,12
19970905-M-US_Open-SF-Michael_Chang-Patrick_Rafter,Patrick Rafter,nonSnV1st,10,10,9,0,1,0,0,0,0,0,10
19970905-M-US_Open-SF-Michael_Chang-Patrick_Rafter,Patrick Rafter,nonSnV2nd,2,2,0,0,0,0,0,0,0,0,2
19970903-M-US_Open-R16-Patrick_Rafter-Andre_Agassi,Patrick Rafter,SnV,128,80,0,0,29,36,10,12,16,1,352
19970903-M-US_Open-R16-Patrick_Rafter-Andre_Agassi,Patrick Rafter,SnV1st,70,49,0,0,17,26,6,8,3,1,187
19970903-M-US_Open-R16-Patrick_Rafter-Andre_Agassi,Patrick Rafter,SnV2nd,58,31,0,0,12,10,4,4,13,0,165
19970903-M-US_Open-R16-Patrick_Rafter-Andre_Agassi,Patrick Rafter,nonSnV,20,15,12,1,0,0,0,0,1,1,37
19970903-M-US_Open-R16-Patrick_Rafter-Andre_Agassi,Patrick Rafter,nonSnV1st,16,14,12,1,0,0,0,0,1,1,26
19970903-M-US_Open-R16-Patrick_Rafter-Andre_Agassi,Patrick Rafter,nonSnV2nd,4,1,0,0,0,0,0,0,0,0,11
19970903-M-US_Open-R16-Patrick_Rafter-Andre_Agassi,Andre Agassi,SnV,3,3,0,0,1,2,0,0,0,0,7
19970903-M-US_Open-R16-Patrick_Rafter-Andre_Agassi,Andre Agassi,SnV1st,3,3,0,0,1,2,0,0,0,0,7
19970903-M-US_Open-R16-Patrick_Rafter-Andre_Agassi,Andre Agassi,nonSnV,103,66,5,1,12,6,2,0,0,0,524
19970903-M-US_Open-R16-Patrick_Rafter-Andre_Agassi,Andre Agassi,nonSnV1st,70,44,5,1,11,5,1,0,0,0,354
19970903-M-US_Open-R16-Patrick_Rafter-Andre_Agassi,Andre Agassi,nonSnV2nd,33,22,0,0,1,1,1,0,0,0,170
19970903-M-US_Open-QF-Patrick_Rafter-Magnus_Larsson,Patrick Rafter,SnV,84,61,5,3,26,21,3,5,4,5,209
19970903-M-US_Open-QF-Patrick_Rafter-Magnus_Larsson,Patrick Rafter,SnV1st,58,45,4,2,21,16,1,2,2,4,143
19970903-M-US_Open-QF-Patrick_Rafter-Magnus_Larsson,Patrick Rafter,SnV2nd,26,16,1,1,5,5,2,3,2,1,66
19970903-M-US_Open-QF-Patrick_Rafter-Magnus_Larsson,Patrick Rafter,nonSnV,3,2,0,1,0,0,0,0,0,1,12
19970903-M-US_Open-QF-Patrick_Rafter-Magnus_Larsson,Patrick Rafter,nonSnV1st,1,1,0,1,0,0,0,0,0,0,1
19970903-M-US_Open-QF-Patrick_Rafter-Magnus_Larsson,Patrick Rafter,nonSnV2nd,2,1,0,0,0,0,0,0,0,1,11
19970903-M-US_Open-QF-Patrick_Rafter-Magnus_Larsson,Magnus Larsson,SnV,6,3,1,0,1,1,0,1,0,0,17
19970903-M-US_Open-QF-Patrick_Rafter-Magnus_Larsson,Magnus Larsson,SnV1st,2,2,1,0,1,0,0,0,0,0,2
19970903-M-US_Open-QF-Patrick_Rafter-Magnus_Larsson,Magnus Larsson,SnV2nd,4,1,0,0,0,1,0,1,0,0,15
19970903-M-US_Open-QF-Patrick_Rafter-Magnus_Larsson,Magnus Larsson,nonSnV,81,50,8,4,11,4,5,3,5,2,330
19970903-M-US_Open-QF-Patrick_Rafter-Magnus_Larsson,Magnus Larsson,nonSnV1st,56,41,7,3,11,3,5,2,3,1,225
19970903-M-US_Open-QF-Patrick_Rafter-Magnus_Larsson,Magnus Larsson,nonSnV2nd,25,9,1,1,0,1,0,1,2,1,105
19970901-M-US_Open-R16-Petr_Korda-Pete_Sampras,Petr Korda,SnV,2,1,0,0,1,0,0,0,0,0,3
19970901-M-US_Open-R16-Petr_Korda-Pete_Sampras,Petr Korda,SnV1st,1,1,0,0,1,0,0,0,0,0,1
19970901-M-US_Open-R16-Petr_Korda-Pete_Sampras,Petr Korda,SnV2nd,1,0,0,0,0,0,0,0,0,0,2
19970901-M-US_Open-R16-Petr_Korda-Pete_Sampras,Petr Korda,nonSnV,154,116,15,5,16,4,3,1,1,0,558
19970901-M-US_Open-R16-Petr_Korda-Pete_Sampras,Petr Korda,nonSnV1st,107,84,15,5,16,3,2,1,1,0,368
19970901-M-US_Open-R16-Petr_Korda-Pete_Sampras,Petr Korda,nonSnV2nd,47,32,0,0,0,1,1,0,0,0,190
19970901-M-US_Open-R16-Petr_Korda-Pete_Sampras,Pete Sampras,SnV,73,45,0,0,20,12,7,8,10,1,181
19970901-M-US_Open-R16-Petr_Korda-Pete_Sampras,Pete Sampras,SnV1st,58,36,0,0,16,12,6,6,8,1,152
19970901-M-US_Open-R16-Petr_Korda-Pete_Sampras,Pete Sampras,SnV2nd,15,9,0,0,4,0,1,2,2,0,29
19970901-M-US_Open-R16-Petr_Korda-Pete_Sampras,Pete Sampras,nonSnV,100,69,22,7,13,2,2,4,4,1,275
19970901-M-US_Open-R16-Petr_Korda-Pete_Sampras,Pete Sampras,nonSnV1st,46,42,22,7,12,1,0,2,0,0,72
19970901-M-US_Open-R16-Petr_Korda-Pete_Sampras,Pete Sampras,nonSnV2nd,54,27,0,0,1,1,2,2,4,1,203
19970126-M-Australian_Open-F-Pete_Sampras-Carlos_Moya,Pete Sampras,SnV,39,30,6,0,8,10,1,1,2,2,100
19970126-M-Australian_Open-F-Pete_Sampras-Carlos_Moya,Pete Sampras,SnV1st,35,27,6,0,8,8,0,1,2,1,83
19970126-M-Australian_Open-F-Pete_Sampras-Carlos_Moya,Pete Sampras,SnV2nd,4,3,0,0,0,2,1,0,0,1,17
19970126-M-Australian_Open-F-Pete_Sampras-Carlos_Moya,Pete Sampras,nonSnV,28,21,6,0,9,2,1,0,0,0,89
19970126-M-Australian_Open-F-Pete_Sampras-Carlos_Moya,Pete Sampras,nonSnV1st,15,14,5,0,7,0,1,0,0,0,26
19970126-M-Australian_Open-F-Pete_Sampras-Carlos_Moya,Pete Sampras,nonSnV2nd,13,7,1,0,2,2,0,0,0,0,63
19970126-M-Australian_Open-F-Pete_Sampras-Carlos_Moya,Carlos Moya,SnV,1,0,0,0,0,0,0,0,1,0,4
19970126-M-Australian_Open-F-Pete_Sampras-Carlos_Moya,Carlos Moya,SnV1st,1,0,0,0,0,0,0,0,1,0,4
19970126-M-Australian_Open-F-Pete_Sampras-Carlos_Moya,Carlos Moya,nonSnV,72,40,2,0,17,0,0,1,2,0,334
19970126-M-Australian_Open-F-Pete_Sampras-Carlos_Moya,Carlos Moya,nonSnV1st,48,28,2,0,16,0,0,1,2,0,200
19970126-M-Australian_Open-F-Pete_Sampras-Carlos_Moya,Carlos Moya,nonSnV2nd,24,12,0,0,1,0,0,0,0,0,134
19970125-M-Australian_Open-SF-Pete_Sampras-Thomas_Muster,Pete Sampras,SnV,52,37,0,0,12,15,3,0,7,0,163
19970125-M-Australian_Open-SF-Pete_Sampras-Thomas_Muster,Pete Sampras,SnV1st,41,30,0,0,11,11,3,0,6,0,132
19970125-M-Australian_Open-SF-Pete_Sampras-Thomas_Muster,Pete Sampras,SnV2nd,11,7,0,0,1,4,0,0,1,0,31
19970125-M-Australian_Open-SF-Pete_Sampras-Thomas_Muster,Pete Sampras,nonSnV,35,29,17,0,1,3,2,0,1,1,121
19970125-M-Australian_Open-SF-Pete_Sampras-Thomas_Muster,Pete Sampras,nonSnV1st,22,21,17,0,1,0,1,0,1,0,33
19970125-M-Australian_Open-SF-Pete_Sampras-Thomas_Muster,Pete Sampras,nonSnV2nd,13,8,0,0,0,3,1,0,0,1,88
19970125-M-Australian_Open-SF-Pete_Sampras-Thomas_Muster,Thomas Muster,SnV,1,0,0,0,0,0,0,0,1,0,4
19970125-M-Australian_Open-SF-Pete_Sampras-Thomas_Muster,Thomas Muster,SnV1st,1,0,0,0,0,0,0,0,1,0,4
19970125-M-Australian_Open-SF-Pete_Sampras-Thomas_Muster,Thomas Muster,nonSnV,90,56,3,0,12,2,4,0,1,1,540
19970125-M-Australian_Open-SF-Pete_Sampras-Thomas_Muster,Thomas Muster,nonSnV1st,58,37,3,0,12,2,1,0,0,0,361
19970125-M-Australian_Open-SF-Pete_Sampras-Thomas_Muster,Thomas Muster,nonSnV2nd,32,19,0,0,0,0,3,0,1,1,179
19970124-M-Australian_Open-SF-Michael_Chang-Carlos_Moya,Michael Chang,SnV,1,0,0,0,0,0,0,1,0,0,2
19970124-M-Australian_Open-SF-Michael_Chang-Carlos_Moya,Michael Chang,SnV1st,1,0,0,0,0,0,0,1,0,0,2
19970124-M-Australian_Open-SF-Michael_Chang-Carlos_Moya,Michael Chang,nonSnV,112,59,6,0,11,6,6,1,5,1,593
19970124-M-Australian_Open-SF-Michael_Chang-Carlos_Moya,Michael Chang,nonSnV1st,61,42,6,0,11,5,5,1,2,1,292
19970124-M-Australian_Open-SF-Michael_Chang-Carlos_Moya,Michael Chang,nonSnV2nd,51,17,0,0,0,1,1,0,3,0,301
19970124-M-Australian_Open-SF-Michael_Chang-Carlos_Moya,Carlos Moya,SnV,2,0,0,0,0,0,0,0,2,0,10
19970124-M-Australian_Open-SF-Michael_Chang-Carlos_Moya,Carlos Moya,SnV1st,1,0,0,0,0,0,0,0,1,0,4
19970124-M-Australian_Open-SF-Michael_Chang-Carlos_Moya,Carlos Moya,SnV2nd,1,0,0,0,0,0,0,0,1,0,6
19970124-M-Australian_Open-SF-Michael_Chang-Carlos_Moya,Carlos Moya,nonSnV,83,54,2,0,5,8,1,0,2,2,406
19970124-M-Australian_Open-SF-Michael_Chang-Carlos_Moya,Carlos Moya,nonSnV1st,51,32,2,0,5,8,1,0,2,1,234
19970124-M-Australian_Open-SF-Michael_Chang-Carlos_Moya,Carlos Moya,nonSnV2nd,32,22,0,0,0,0,0,0,0,1,172
19970120-M-Australian_Open-R16-Dominik_Hrbaty-Pete_Sampras,Pete Sampras,SnV,26,19,0,0,10,6,3,2,3,0,65
19970120-M-Australian_Open-R16-Dominik_Hrbaty-Pete_Sampras,Pete Sampras,SnV1st,24,17,0,0,9,6,2,2,3,0,59
19970120-M-Australian_Open-R16-Dominik_Hrbaty-Pete_Sampras,Pete Sampras,SnV2nd,2,2,0,0,1,0,1,0,0,0,6
19970120-M-Australian_Open-R16-Dominik_Hrbaty-Pete_Sampras,Pete Sampras,nonSnV,104,72,15,6,17,2,2,2,2,0,294
19970120-M-Australian_Open-R16-Dominik_Hrbaty-Pete_Sampras,Pete Sampras,nonSnV1st,66,50,15,5,17,1,1,0,2,0,156
19970120-M-Australian_Open-R16-Dominik_Hrbaty-Pete_Sampras,Pete Sampras,nonSnV2nd,38,22,0,1,0,1,1,2,0,0,138
19970113-M-Australian_Open-R128-Carlos_Moya-Boris_Becker,Carlos Moya,SnV,1,0,0,0,0,0,0,1,0,0,2
19970113-M-Australian_Open-R128-Carlos_Moya-Boris_Becker,Carlos Moya,SnV1st,1,0,0,0,0,0,0,1,0,0,2
19970113-M-Australian_Open-R128-Carlos_Moya-Boris_Becker,Carlos Moya,nonSnV,136,91,5,0,20,2,3,1,7,0,561
19970113-M-Australian_Open-R128-Carlos_Moya-Boris_Becker,Carlos Moya,nonSnV1st,90,66,5,0,20,2,3,0,4,0,350
19970113-M-Australian_Open-R128-Carlos_Moya-Boris_Becker,Carlos Moya,nonSnV2nd,46,25,0,0,0,0,0,1,3,0,211
19970113-M-Australian_Open-R128-Carlos_Moya-Boris_Becker,Boris Becker,SnV,65,44,0,0,13,21,6,9,5,0,170
19970113-M-Australian_Open-R128-Carlos_Moya-Boris_Becker,Boris Becker,SnV1st,50,35,0,0,13,18,4,5,5,0,139
19970113-M-Australian_Open-R128-Carlos_Moya-Boris_Becker,Boris Becker,SnV2nd,15,9,0,0,0,3,2,4,0,0,31
19970113-M-Australian_Open-R128-Carlos_Moya-Boris_Becker,Boris Becker,nonSnV,67,41,18,3,1,3,2,1,5,3,237
19970113-M-Australian_Open-R128-Carlos_Moya-Boris_Becker,Boris Becker,nonSnV1st,23,23,17,3,1,1,1,0,0,0,31
19970113-M-Australian_Open-R128-Carlos_Moya-Boris_Becker,Boris Becker,nonSnV2nd,44,18,1,0,0,2,1,1,5,3,206
19960908-M-US_Open-F-Pete_Sampras-Michael_Chang,Pete Sampras,SnV,34,27,0,0,15,6,2,0,2,0,77
19960908-M-US_Open-F-Pete_Sampras-Michael_Chang,Pete Sampras,SnV1st,31,25,0,0,15,6,1,0,1,0,65
19960908-M-US_Open-F-Pete_Sampras-Michael_Chang,Pete Sampras,SnV2nd,3,2,0,0,0,0,1,0,1,0,12
19960908-M-US_Open-F-Pete_Sampras-Michael_Chang,Pete Sampras,nonSnV,57,42,13,0,8,2,2,0,1,1,206
19960908-M-US_Open-F-Pete_Sampras-Michael_Chang,Pete Sampras,nonSnV1st,21,19,13,0,5,0,0,0,0,0,27
19960908-M-US_Open-F-Pete_Sampras-Michael_Chang,Pete Sampras,nonSnV2nd,36,23,0,0,3,2,2,0,1,1,179
19960907-M-US_Open-SF-Pete_Sampras-Goran_Ivanisevic,Pete Sampras,SnV,64,48,0,0,31,4,7,6,2,2,122
19960907-M-US_Open-SF-Pete_Sampras-Goran_Ivanisevic,Pete Sampras,SnV1st,54,43,0,0,30,3,7,5,1,1,99
19960907-M-US_Open-SF-Pete_Sampras-Goran_Ivanisevic,Pete Sampras,SnV2nd,10,5,0,0,1,1,0,1,1,1,23
19960907-M-US_Open-SF-Pete_Sampras-Goran_Ivanisevic,Pete Sampras,nonSnV,62,49,24,0,3,5,2,1,1,2,171
19960907-M-US_Open-SF-Pete_Sampras-Goran_Ivanisevic,Pete Sampras,nonSnV1st,26,25,24,0,1,0,0,0,0,0,31
19960907-M-US_Open-SF-Pete_Sampras-Goran_Ivanisevic,Pete Sampras,nonSnV2nd,36,24,0,0,2,5,2,1,1,2,140
19960907-M-US_Open-SF-Pete_Sampras-Goran_Ivanisevic,Goran Ivanisevic,SnV,20,16,0,0,7,5,1,3,0,0,46
19960907-M-US_Open-SF-Pete_Sampras-Goran_Ivanisevic,Goran Ivanisevic,SnV1st,17,14,0,0,6,4,1,3,0,0,40
19960907-M-US_Open-SF-Pete_Sampras-Goran_Ivanisevic,Goran Ivanisevic,SnV2nd,3,2,0,0,1,1,0,0,0,0,6
19960907-M-US_Open-SF-Pete_Sampras-Goran_Ivanisevic,Goran Ivanisevic,nonSnV,87,63,30,0,6,5,1,1,3,4,311
19960907-M-US_Open-SF-Pete_Sampras-Goran_Ivanisevic,Goran Ivanisevic,nonSnV1st,44,38,29,0,4,2,0,1,2,0,84
19960907-M-US_Open-SF-Pete_Sampras-Goran_Ivanisevic,Goran Ivanisevic,nonSnV2nd,43,25,1,0,2,3,1,0,1,4,227
19960905-M-US_Open-QF-Pete_Sampras-Alex_Corretja,Pete Sampras,SnV,115,90,19,6,37,15,12,2,7,4,234
19960905-M-US_Open-QF-Pete_Sampras-Alex_Corretja,Pete Sampras,SnV1st,89,75,19,6,29,10,10,2,3,2,165
19960905-M-US_Open-QF-Pete_Sampras-Alex_Corretja,Pete Sampras,SnV2nd,26,15,0,0,8,5,2,0,4,2,69
19960905-M-US_Open-QF-Pete_Sampras-Alex_Corretja,Pete Sampras,nonSnV,53,32,1,1,6,8,5,2,7,0,222
19960905-M-US_Open-QF-Pete_Sampras-Alex_Corretja,Pete Sampras,nonSnV1st,16,11,0,1,1,4,3,1,3,0,71
19960905-M-US_Open-QF-Pete_Sampras-Alex_Corretja,Pete Sampras,nonSnV2nd,37,21,1,0,5,4,2,1,4,0,151
19960905-M-US_Open-QF-Pete_Sampras-Alex_Corretja,Alex Corretja,SnV,9,9,3,0,3,2,0,0,0,0,15
19960905-M-US_Open-QF-Pete_Sampras-Alex_Corretja,Alex Corretja,SnV1st,9,9,3,0,3,2,0,0,0,0,15
19960905-M-US_Open-QF-Pete_Sampras-Alex_Corretja,Alex Corretja,nonSnV,169,120,19,4,17,7,7,4,0,1,840
19960905-M-US_Open-QF-Pete_Sampras-Alex_Corretja,Alex Corretja,nonSnV1st,108,85,19,4,11,6,5,3,0,1,503
19960905-M-US_Open-QF-Pete_Sampras-Alex_Corretja,Alex Corretja,nonSnV2nd,61,35,0,0,6,1,2,1,0,0,337
19960904-M-US_Open-QF-Goran_Ivanisevic-Stefan_Edberg,Goran Ivanisevic,SnV,6,5,0,0,0,4,0,0,1,0,19
19960904-M-US_Open-QF-Goran_Ivanisevic-Stefan_Edberg,Goran Ivanisevic,SnV1st,4,3,0,0,0,2,0,0,1,0,13
19960904-M-US_Open-QF-Goran_Ivanisevic-Stefan_Edberg,Goran Ivanisevic,SnV2nd,2,2,0,0,0,2,0,0,0,0,6
19960904-M-US_Open-QF-Goran_Ivanisevic-Stefan_Edberg,Goran Ivanisevic,nonSnV,97,64,25,0,11,2,1,4,4,1,304
19960904-M-US_Open-QF-Goran_Ivanisevic-Stefan_Edberg,Goran Ivanisevic,nonSnV1st,54,43,25,0,10,1,1,1,2,0,129
19960904-M-US_Open-QF-Goran_Ivanisevic-Stefan_Edberg,Goran Ivanisevic,nonSnV2nd,43,21,0,0,1,1,0,3,2,1,175
19960904-M-US_Open-QF-Goran_Ivanisevic-Stefan_Edberg,Stefan Edberg,SnV,66,45,0,0,15,17,6,4,6,2,183
19960904-M-US_Open-QF-Goran_Ivanisevic-Stefan_Edberg,Stefan Edberg,SnV1st,48,33,0,0,15,13,3,3,4,2,127
19960904-M-US_Open-QF-Goran_Ivanisevic-Stefan_Edberg,Stefan Edberg,SnV2nd,18,12,0,0,0,4,3,1,2,0,56
19960904-M-US_Open-QF-Goran_Ivanisevic-Stefan_Edberg,Stefan Edberg,nonSnV,43,26,2,0,4,3,3,6,0,2,172
19960904-M-US_Open-QF-Goran_Ivanisevic-Stefan_Edberg,Stefan Edberg,nonSnV1st,18,12,2,0,4,0,3,4,0,0,64
19960904-M-US_Open-QF-Goran_Ivanisevic-Stefan_Edberg,Stefan Edberg,nonSnV2nd,25,14,0,0,0,3,0,2,0,2,108
19960903-M-US_Open-R16-Tim_Henman-Stefan_Edberg,Tim Henman,SnV,21,13,0,0,6,3,1,2,1,0,47
19960903-M-US_Open-R16-Tim_Henman-Stefan_Edberg,Tim Henman,SnV1st,10,7,0,0,6,0,1,0,1,0,19
19960903-M-US_Open-R16-Tim_Henman-Stefan_Edberg,Tim Henman,SnV2nd,11,6,0,0,0,3,0,2,0,0,28
19960903-M-US_Open-R16-Tim_Henman-Stefan_Edberg,Tim Henman,nonSnV,124,82,8,0,14,4,6,5,2,3,422
19960903-M-US_Open-R16-Tim_Henman-Stefan_Edberg,Tim Henman,nonSnV1st,59,42,8,0,13,4,2,3,0,2,196
19960903-M-US_Open-R16-Tim_Henman-Stefan_Edberg,Tim Henman,nonSnV2nd,65,40,0,0,1,0,4,2,2,1,226
19960903-M-US_Open-R16-Tim_Henman-Stefan_Edberg,Stefan Edberg,SnV,87,64,0,0,33,18,7,3,4,6,216
19960903-M-US_Open-R16-Tim_Henman-Stefan_Edberg,Stefan Edberg,SnV1st,70,54,0,0,32,13,5,3,3,4,164
19960903-M-US_Open-R16-Tim_Henman-Stefan_Edberg,Stefan Edberg,SnV2nd,17,10,0,0,1,5,2,0,1,2,52
19960903-M-US_Open-R16-Tim_Henman-Stefan_Edberg,Stefan Edberg,nonSnV,46,30,10,0,3,6,1,2,1,1,160
19960903-M-US_Open-R16-Tim_Henman-Stefan_Edberg,Stefan Edberg,nonSnV1st,17,14,8,0,2,1,0,1,0,0,40
19960903-M-US_Open-R16-Tim_Henman-Stefan_Edberg,Stefan Edberg,nonSnV2nd,29,16,2,0,1,5,1,1,1,1,120
19960831-M-US_Open-R32-Paul_Haarhuis-Stefan_Edberg,Paul Haarhuis,SnV,10,9,0,0,4,3,1,0,1,0,25
19960831-M-US_Open-R32-Paul_Haarhuis-Stefan_Edberg,Paul Haarhuis,SnV1st,6,5,0,0,4,0,1,0,1,0,11
19960831-M-US_Open-R32-Paul_Haarhuis-Stefan_Edberg,Paul Haarhuis,SnV2nd,4,4,0,0,0,3,0,0,0,0,14
19960831-M-US_Open-R32-Paul_Haarhuis-Stefan_Edberg,Paul Haarhuis,nonSnV,74,44,4,0,5,2,4,3,2,1,322
19960831-M-US_Open-R32-Paul_Haarhuis-Stefan_Edberg,Paul Haarhuis,nonSnV1st,41,25,4,0,5,2,2,3,1,1,173
19960831-M-US_Open-R32-Paul_Haarhuis-Stefan_Edberg,Paul Haarhuis,nonSnV2nd,33,19,0,0,0,0,2,0,1,0,149
19960831-M-US_Open-R32-Paul_Haarhuis-Stefan_Edberg,Stefan Edberg,SnV,65,44,0,0,20,17,5,10,4,3,168
19960831-M-US_Open-R32-Paul_Haarhuis-Stefan_Edberg,Stefan Edberg,SnV1st,54,39,0,0,19,15,4,6,3,3,135
19960831-M-US_Open-R32-Paul_Haarhuis-Stefan_Edberg,Stefan Edberg,SnV2nd,11,5,0,0,1,2,1,4,1,0,33
19960831-M-US_Open-R32-Paul_Haarhuis-Stefan_Edberg,Stefan Edberg,nonSnV,26,21,4,0,1,6,0,2,0,0,105
19960831-M-US_Open-R32-Paul_Haarhuis-Stefan_Edberg,Stefan Edberg,nonSnV1st,4,4,4,0,0,0,0,0,0,0,4
19960831-M-US_Open-R32-Paul_Haarhuis-Stefan_Edberg,Stefan Edberg,nonSnV2nd,22,17,0,0,1,6,0,2,0,0,101
19960828-M-US_Open-R64-Leander_Paes-Andre_Agassi,Leander Paes,SnV,61,36,0,0,12,12,8,7,7,0,176
19960828-M-US_Open-R64-Leander_Paes-Andre_Agassi,Leander Paes,SnV1st,48,31,0,0,11,10,8,4,6,0,141
19960828-M-US_Open-R64-Leander_Paes-Andre_Agassi,Leander Paes,SnV2nd,13,5,0,0,1,2,0,3,1,0,35
19960828-M-US_Open-R64-Leander_Paes-Andre_Agassi,Leander Paes,nonSnV,51,22,8,0,3,2,1,2,4,1,214
19960828-M-US_Open-R64-Leander_Paes-Andre_Agassi,Leander Paes,nonSnV1st,23,15,8,0,2,2,0,1,1,0,73
19960828-M-US_Open-R64-Leander_Paes-Andre_Agassi,Leander Paes,nonSnV2nd,28,7,0,0,1,0,1,1,3,1,141
19960828-M-US_Open-R64-Leander_Paes-Andre_Agassi,Andre Agassi,SnV,3,1,0,0,0,0,0,0,1,0,9
19960828-M-US_Open-R64-Leander_Paes-Andre_Agassi,Andre Agassi,SnV1st,3,1,0,0,0,0,0,0,1,0,9
19960828-M-US_Open-R64-Leander_Paes-Andre_Agassi,Andre Agassi,nonSnV,111,76,4,0,20,7,4,0,4,1,378
19960828-M-US_Open-R64-Leander_Paes-Andre_Agassi,Andre Agassi,nonSnV1st,74,50,3,0,19,4,4,0,3,1,264
19960828-M-US_Open-R64-Leander_Paes-Andre_Agassi,Andre Agassi,nonSnV2nd,37,26,1,0,1,3,0,0,1,0,114
19960827-M-US_Open-R128-Richard_Krajicek-Stefan_Edberg,Richard Krajicek,SnV,50,26,0,0,11,7,2,10,3,1,116
19960827-M-US_Open-R128-Richard_Krajicek-Stefan_Edberg,Richard Krajicek,SnV1st,29,14,0,0,9,3,2,4,3,1,66
19960827-M-US_Open-R128-Richard_Krajicek-Stefan_Edberg,Richard Krajicek,SnV2nd,21,12,0,0,2,4,0,6,0,0,50
19960827-M-US_Open-R128-Richard_Krajicek-Stefan_Edberg,Richard Krajicek,nonSnV,30,24,13,4,1,0,2,1,1,0,54
19960827-M-US_Open-R128-Richard_Krajicek-Stefan_Edberg,Richard Krajicek,nonSnV1st,17,17,12,4,1,0,0,0,0,0,17
19960827-M-US_Open-R128-Richard_Krajicek-Stefan_Edberg,Richard Krajicek,nonSnV2nd,13,7,1,0,0,0,2,1,1,0,37
19960827-M-US_Open-R128-Richard_Krajicek-Stefan_Edberg,Stefan Edberg,SnV,62,47,0,0,21,8,14,6,5,0,143
19960827-M-US_Open-R128-Richard_Krajicek-Stefan_Edberg,Stefan Edberg,SnV1st,47,36,0,0,20,6,10,5,4,0,104
19960827-M-US_Open-R128-Richard_Krajicek-Stefan_Edberg,Stefan Edberg,SnV2nd,15,11,0,0,1,2,4,1,1,0,39
19960827-M-US_Open-R128-Richard_Krajicek-Stefan_Edberg,Stefan Edberg,nonSnV,23,17,1,7,2,0,1,0,0,0,51
19960827-M-US_Open-R128-Richard_Krajicek-Stefan_Edberg,Stefan Edberg,nonSnV1st,12,11,1,6,2,0,0,0,0,0,17
19960827-M-US_Open-R128-Richard_Krajicek-Stefan_Edberg,Stefan Edberg,nonSnV2nd,11,6,0,1,0,0,1,0,0,0,34
19960826-M-US_Open-R128-Michael_Stich-Tommy_Haas,Michael Stich,SnV,23,19,3,0,8,6,2,1,2,0,49
19960826-M-US_Open-R128-Michael_Stich-Tommy_Haas,Michael Stich,SnV1st,16,13,3,0,6,3,1,1,2,0,31
19960826-M-US_Open-R128-Michael_Stich-Tommy_Haas,Michael Stich,SnV2nd,7,6,0,0,2,3,1,0,0,0,18
19960826-M-US_Open-R128-Michael_Stich-Tommy_Haas,Michael Stich,nonSnV,74,48,6,1,12,6,7,3,3,2,248
19960826-M-US_Open-R128-Michael_Stich-Tommy_Haas,Michael Stich,nonSnV1st,32,27,5,1,7,5,4,0,3,0,103
19960826-M-US_Open-R128-Michael_Stich-Tommy_Haas,Michael Stich,nonSnV2nd,42,21,1,0,5,1,3,3,0,2,145
19960826-M-US_Open-R128-Michael_Stich-Tommy_Haas,Tommy Haas,SnV,1,1,0,0,0,0,1,0,0,0,3
19960826-M-US_Open-R128-Michael_Stich-Tommy_Haas,Tommy Haas,SnV1st,1,1,0,0,0,0,1,0,0,0,3
19960826-M-US_Open-R128-Michael_Stich-Tommy_Haas,Tommy Haas,nonSnV,97,57,4,2,6,4,4,7,2,3,385
19960826-M-US_Open-R128-Michael_Stich-Tommy_Haas,Tommy Haas,nonSnV1st,55,30,3,2,4,1,3,5,2,2,192
19960826-M-US_Open-R128-Michael_Stich-Tommy_Haas,Tommy Haas,nonSnV2nd,42,27,1,0,2,3,1,2,0,1,193
19960128-M-Australian_Open-F-Michael_Chang-Boris_Becker,Michael Chang,SnV,4,0,0,0,0,0,0,1,0,0,20
19960128-M-Australian_Open-F-Michael_Chang-Boris_Becker,Michael Chang,SnV1st,2,0,0,0,0,0,0,1,0,0,4
19960128-M-Australian_Open-F-Michael_Chang-Boris_Becker,Michael Chang,SnV2nd,2,0,0,0,0,0,0,0,0,0,16
19960128-M-Australian_Open-F-Michael_Chang-Boris_Becker,Michael Chang,nonSnV,101,68,11,0,13,2,1,0,1,1,388
19960128-M-Australian_Open-F-Michael_Chang-Boris_Becker,Michael Chang,nonSnV1st,51,41,11,0,13,1,1,0,0,1,169
19960128-M-Australian_Open-F-Michael_Chang-Boris_Becker,Michael Chang,nonSnV2nd,50,27,0,0,0,1,0,0,1,0,219
19960128-M-Australian_Open-F-Michael_Chang-Boris_Becker,Boris Becker,SnV,63,52,5,0,18,13,8,0,3,0,166
19960128-M-Australian_Open-F-Michael_Chang-Boris_Becker,Boris Becker,SnV1st,42,34,5,0,15,10,3,0,3,0,108
19960128-M-Australian_Open-F-Michael_Chang-Boris_Becker,Boris Becker,SnV2nd,21,18,0,0,3,3,5,0,0,0,58
19960128-M-Australian_Open-F-Michael_Chang-Boris_Becker,Boris Becker,nonSnV,33,17,6,0,2,2,2,2,0,0,141
19960128-M-Australian_Open-F-Michael_Chang-Boris_Becker,Boris Becker,nonSnV1st,8,8,6,0,1,0,1,0,0,0,14
19960128-M-Australian_Open-F-Michael_Chang-Boris_Becker,Boris Becker,nonSnV2nd,25,9,0,0,1,2,1,2,0,0,127
19960127-M-Australian_Open-SF-Michael_Chang-Andre_Agassi,Andre Agassi,SnV,3,2,0,0,0,1,1,1,0,0,10
19960127-M-Australian_Open-SF-Michael_Chang-Andre_Agassi,Andre Agassi,SnV1st,3,2,0,0,0,1,1,1,0,0,10
19960127-M-Australian_Open-SF-Michael_Chang-Andre_Agassi,Andre Agassi,nonSnV,126,67,3,0,11,6,12,6,3,2,573
19960127-M-Australian_Open-SF-Michael_Chang-Andre_Agassi,Andre Agassi,nonSnV1st,80,41,1,0,9,3,10,6,1,2,345
19960127-M-Australian_Open-SF-Michael_Chang-Andre_Agassi,Andre Agassi,nonSnV2nd,46,26,2,0,2,3,2,0,2,0,228
19960126-M-Australian_Open-SF-Mark_Woodforde-Boris_Becker,Mark Woodforde,SnV,48,27,0,0,11,10,1,1,6,1,129
19960126-M-Australian_Open-SF-Mark_Woodforde-Boris_Becker,Mark Woodforde,SnV1st,43,25,0,0,10,10,1,1,6,1,117
19960126-M-Australian_Open-SF-Mark_Woodforde-Boris_Becker,Mark Woodforde,SnV2nd,5,2,0,0,1,0,0,0,0,0,12
19960126-M-Australian_Open-SF-Mark_Woodforde-Boris_Becker,Mark Woodforde,nonSnV,29,15,5,0,0,0,1,0,2,1,121
19960126-M-Australian_Open-SF-Mark_Woodforde-Boris_Becker,Mark Woodforde,nonSnV1st,10,6,5,0,0,0,1,0,2,1,36
19960126-M-Australian_Open-SF-Mark_Woodforde-Boris_Becker,Mark Woodforde,nonSnV2nd,19,9,0,0,0,0,0,0,0,0,85
19960126-M-Australian_Open-SF-Mark_Woodforde-Boris_Becker,Boris Becker,SnV,28,20,0,0,8,7,2,0,2,1,92
19960126-M-Australian_Open-SF-Mark_Woodforde-Boris_Becker,Boris Becker,SnV1st,20,15,0,0,6,5,1,0,1,1,63
19960126-M-Australian_Open-SF-Mark_Woodforde-Boris_Becker,Boris Becker,SnV2nd,8,5,0,0,2,2,1,0,1,0,29
19960126-M-Australian_Open-SF-Mark_Woodforde-Boris_Becker,Boris Becker,nonSnV,34,26,12,0,5,1,1,1,1,0,114
19960126-M-Australian_Open-SF-Mark_Woodforde-Boris_Becker,Boris Becker,nonSnV1st,15,15,12,0,1,1,0,0,0,0,19
19960126-M-Australian_Open-SF-Mark_Woodforde-Boris_Becker,Boris Becker,nonSnV2nd,19,11,0,0,4,0,1,1,1,0,95
19960124-M-Australian_Open-QF-Yevgeny_Kafelnikov-Boris_Becker,Yevgeny Kafelnikov,SnV,1,0,0,0,0,0,0,0,0,0,2
19960124-M-Australian_Open-QF-Yevgeny_Kafelnikov-Boris_Becker,Yevgeny Kafelnikov,SnV2nd,1,0,0,0,0,0,0,0,0,0,2
19960124-M-Australian_Open-QF-Yevgeny_Kafelnikov-Boris_Becker,Yevgeny Kafelnikov,nonSnV,87,59,3,4,16,3,3,1,2,0,351
19960124-M-Australian_Open-QF-Yevgeny_Kafelnikov-Boris_Becker,Yevgeny Kafelnikov,nonSnV1st,57,43,3,4,13,3,3,0,2,0,199
19960124-M-Australian_Open-QF-Yevgeny_Kafelnikov-Boris_Becker,Yevgeny Kafelnikov,nonSnV2nd,30,16,0,0,3,0,0,1,0,0,152
19960124-M-Australian_Open-QF-Yevgeny_Kafelnikov-Boris_Becker,Boris Becker,SnV,64,56,28,2,14,8,3,0,4,0,120
19960124-M-Australian_Open-QF-Yevgeny_Kafelnikov-Boris_Becker,Boris Becker,SnV1st,46,43,27,2,8,4,1,0,2,0,73
19960124-M-Australian_Open-QF-Yevgeny_Kafelnikov-Boris_Becker,Boris Becker,SnV2nd,18,13,1,0,6,4,2,0,2,0,47
19960124-M-Australian_Open-QF-Yevgeny_Kafelnikov-Boris_Becker,Boris Becker,nonSnV,23,13,0,0,3,4,1,0,1,2,101
19960124-M-Australian_Open-QF-Yevgeny_Kafelnikov-Boris_Becker,Boris Becker,nonSnV2nd,23,13,0,0,3,4,1,0,1,2,101
19960123-M-Australian_Open-QF-Jim_Courier-Andre_Agassi,Jim Courier,SnV,1,1,0,0,0,1,0,0,0,0,3
19960123-M-Australian_Open-QF-Jim_Courier-Andre_Agassi,Jim Courier,SnV1st,1,1,0,0,0,1,0,0,0,0,3
19960123-M-Australian_Open-QF-Jim_Courier-Andre_Agassi,Jim Courier,nonSnV,138,89,13,0,23,2,4,2,2,0,571
19960123-M-Australian_Open-QF-Jim_Courier-Andre_Agassi,Jim Courier,nonSnV1st,90,58,12,0,23,2,4,1,2,0,336
19960123-M-Australian_Open-QF-Jim_Courier-Andre_Agassi,Jim Courier,nonSnV2nd,48,31,1,0,0,0,0,1,0,0,235
19960123-M-Australian_Open-QF-Jim_Courier-Andre_Agassi,Andre Agassi,SnV,2,2,0,0,1,0,1,0,0,0,4
19960123-M-Australian_Open-QF-Jim_Courier-Andre_Agassi,Andre Agassi,SnV1st,2,2,0,0,1,0,1,0,0,0,4
19960123-M-Australian_Open-QF-Jim_Courier-Andre_Agassi,Andre Agassi,nonSnV,138,91,9,2,15,12,4,4,5,0,591
19960123-M-Australian_Open-QF-Jim_Courier-Andre_Agassi,Andre Agassi,nonSnV1st,91,62,9,1,14,10,4,4,5,0,384
19960123-M-Australian_Open-QF-Jim_Courier-Andre_Agassi,Andre Agassi,nonSnV2nd,47,29,0,1,1,2,0,0,0,0,207
19960119-M-Australian_Open-R32-Mark_Philippoussis-Pete_Sampras,Mark Philippoussis,SnV,19,11,0,0,3,7,1,0,2,0,55
19960119-M-Australian_Open-R32-Mark_Philippoussis-Pete_Sampras,Mark Philippoussis,SnV1st,14,6,0,0,1,4,1,0,2,0,42
19960119-M-Australian_Open-R32-Mark_Philippoussis-Pete_Sampras,Mark Philippoussis,SnV2nd,5,5,0,0,2,3,0,0,0,0,13
19960119-M-Australian_Open-R32-Mark_Philippoussis-Pete_Sampras,Mark Philippoussis,nonSnV,91,77,29,1,13,7,4,0,2,1,251
19960119-M-Australian_Open-R32-Mark_Philippoussis-Pete_Sampras,Mark Philippoussis,nonSnV1st,58,50,27,1,12,4,2,0,2,0,116
19960119-M-Australian_Open-R32-Mark_Philippoussis-Pete_Sampras,Mark Philippoussis,nonSnV2nd,33,27,2,0,1,3,2,0,0,1,135
19960119-M-Australian_Open-R32-Mark_Philippoussis-Pete_Sampras,Pete Sampras,SnV,52,42,0,0,17,14,9,0,3,4,146
19960119-M-Australian_Open-R32-Mark_Philippoussis-Pete_Sampras,Pete Sampras,SnV1st,46,36,0,0,15,13,8,0,3,4,136
19960119-M-Australian_Open-R32-Mark_Philippoussis-Pete_Sampras,Pete Sampras,SnV2nd,6,6,0,0,2,1,1,0,0,0,10
19960119-M-Australian_Open-R32-Mark_Philippoussis-Pete_Sampras,Pete Sampras,nonSnV,59,39,5,6,4,1,3,1,0,1,179
19960119-M-Australian_Open-R32-Mark_Philippoussis-Pete_Sampras,Pete Sampras,nonSnV1st,14,14,5,6,3,0,0,0,0,0,14
19960119-M-Australian_Open-R32-Mark_Philippoussis-Pete_Sampras,Pete Sampras,nonSnV2nd,45,25,0,0,1,1,3,1,0,1,165
19960115-M-Australian_Open-R128-Gaston_Etlis-Andre_Agassi,Gaston Etlis,SnV,3,3,0,0,1,2,0,0,0,0,11
19960115-M-Australian_Open-R128-Gaston_Etlis-Andre_Agassi,Gaston Etlis,SnV1st,3,3,0,0,1,2,0,0,0,0,11
19960115-M-Australian_Open-R128-Gaston_Etlis-Andre_Agassi,Gaston Etlis,nonSnV,156,103,27,2,19,8,2,2,5,2,639
19960115-M-Australian_Open-R128-Gaston_Etlis-Andre_Agassi,Gaston Etlis,nonSnV1st,94,69,24,2,19,6,1,1,5,1,285
19960115-M-Australian_Open-R128-Gaston_Etlis-Andre_Agassi,Gaston Etlis,nonSnV2nd,62,34,3,0,0,2,1,1,0,1,354
19960115-M-Australian_Open-R128-Gaston_Etlis-Andre_Agassi,Andre Agassi,SnV,3,1,0,0,0,1,0,0,1,0,11
19960115-M-Australian_Open-R128-Gaston_Etlis-Andre_Agassi,Andre Agassi,SnV1st,3,1,0,0,0,1,0,0,1,0,11
19960115-M-Australian_Open-R128-Gaston_Etlis-Andre_Agassi,Andre Agassi,nonSnV,183,115,10,3,27,7,8,6,5,1,659
19960115-M-Australian_Open-R128-Gaston_Etlis-Andre_Agassi,Andre Agassi,nonSnV1st,120,77,8,3,26,5,6,6,4,1,419
19960115-M-Australian_Open-R128-Gaston_Etlis-Andre_Agassi,Andre Agassi,nonSnV2nd,63,38,2,0,1,2,2,0,1,0,240
19950910-M-US_Open-F-Pete_Sampras-Andre_Agassi,Pete Sampras,SnV,42,31,0,0,18,7,3,3,3,1,103
19950910-M-US_Open-F-Pete_Sampras-Andre_Agassi,Pete Sampras,SnV1st,35,28,0,0,18,6,2,2,1,0,72
19950910-M-US_Open-F-Pete_Sampras-Andre_Agassi,Pete Sampras,SnV2nd,7,3,0,0,0,1,1,1,2,1,31
19950910-M-US_Open-F-Pete_Sampras-Andre_Agassi,Pete Sampras,nonSnV,73,55,25,0,6,5,0,0,2,1,219
19950910-M-US_Open-F-Pete_Sampras-Andre_Agassi,Pete Sampras,nonSnV1st,31,29,24,0,3,1,0,0,1,1,49
19950910-M-US_Open-F-Pete_Sampras-Andre_Agassi,Pete Sampras,nonSnV2nd,42,26,1,0,3,4,0,0,1,0,170
19950910-M-US_Open-F-Pete_Sampras-Andre_Agassi,Andre Agassi,SnV,1,1,0,0,0,1,0,0,0,0,3
19950910-M-US_Open-F-Pete_Sampras-Andre_Agassi,Andre Agassi,SnV1st,1,1,0,0,0,1,0,0,0,0,3
19950910-M-US_Open-F-Pete_Sampras-Andre_Agassi,Andre Agassi,nonSnV,109,76,8,0,13,2,5,4,0,0,488
19950910-M-US_Open-F-Pete_Sampras-Andre_Agassi,Andre Agassi,nonSnV1st,64,45,8,0,13,2,4,3,0,0,255
19950910-M-US_Open-F-Pete_Sampras-Andre_Agassi,Andre Agassi,nonSnV2nd,45,31,0,0,0,0,1,1,0,0,233
19950909-M-US_Open-SF-Pete_Sampras-Jim_Courier,Pete Sampras,SnV,44,34,0,0,14,10,5,1,1,1,110
19950909-M-US_Open-SF-Pete_Sampras-Jim_Courier,Pete Sampras,SnV1st,38,31,0,0,14,9,5,1,1,0,95
19950909-M-US_Open-SF-Pete_Sampras-Jim_Courier,Pete Sampras,SnV2nd,6,3,0,0,0,1,0,0,0,1,15
19950909-M-US_Open-SF-Pete_Sampras-Jim_Courier,Pete Sampras,nonSnV,76,57,27,0,3,5,3,4,4,0,225
19950909-M-US_Open-SF-Pete_Sampras-Jim_Courier,Pete Sampras,nonSnV1st,25,23,23,0,0,0,0,1,0,0,35
19950909-M-US_Open-SF-Pete_Sampras-Jim_Courier,Pete Sampras,nonSnV2nd,51,34,4,0,3,5,3,3,4,0,190
19950909-M-US_Open-SF-Pete_Sampras-Jim_Courier,Jim Courier,SnV,3,2,0,0,1,1,0,1,0,0,6
19950909-M-US_Open-SF-Pete_Sampras-Jim_Courier,Jim Courier,SnV1st,3,2,0,0,1,1,0,1,0,0,6
19950909-M-US_Open-SF-Pete_Sampras-Jim_Courier,Jim Courier,nonSnV,133,90,10,0,22,4,9,1,5,0,580
19950909-M-US_Open-SF-Pete_Sampras-Jim_Courier,Jim Courier,nonSnV1st,79,60,9,0,19,4,6,0,3,0,310
19950909-M-US_Open-SF-Pete_Sampras-Jim_Courier,Jim Courier,nonSnV2nd,54,30,1,0,3,0,3,1,2,0,270
19950909-M-US_Open-SF-Andre_Agassi-Boris_Becker,Andre Agassi,SnV,1,1,0,0,0,0,0,0,0,0,3
19950909-M-US_Open-SF-Andre_Agassi-Boris_Becker,Andre Agassi,SnV2nd,1,1,0,0,0,0,0,0,0,0,3
19950909-M-US_Open-SF-Andre_Agassi-Boris_Becker,Andre Agassi,nonSnV,130,96,12,0,23,10,0,1,0,1,406
19950909-M-US_Open-SF-Andre_Agassi-Boris_Becker,Andre Agassi,nonSnV1st,84,65,12,0,22,10,0,1,0,1,281
19950909-M-US_Open-SF-Andre_Agassi-Boris_Becker,Andre Agassi,nonSnV2nd,46,31,0,0,1,0,0,0,0,0,125
19950909-M-US_Open-SF-Andre_Agassi-Boris_Becker,Boris Becker,SnV,88,59,0,0,27,17,6,3,12,3,231
19950909-M-US_Open-SF-Andre_Agassi-Boris_Becker,Boris Becker,SnV1st,70,49,0,0,26,15,4,3,11,2,179
19950909-M-US_Open-SF-Andre_Agassi-Boris_Becker,Boris Becker,SnV2nd,18,10,0,0,1,2,2,0,1,1,52
19950909-M-US_Open-SF-Andre_Agassi-Boris_Becker,Boris Becker,nonSnV,66,44,24,0,6,3,1,2,2,0,172
19950909-M-US_Open-SF-Andre_Agassi-Boris_Becker,Boris Becker,nonSnV1st,30,29,24,0,4,0,1,0,1,0,39
19950909-M-US_Open-SF-Andre_Agassi-Boris_Becker,Boris Becker,nonSnV2nd,36,15,0,0,2,3,0,2,1,0,133
19950902-M-US_Open-R32-Stefan_Edberg-Andre_Agassi,Stefan Edberg,SnV,49,27,0,0,12,7,4,3,2,4,123
19950902-M-US_Open-R32-Stefan_Edberg-Andre_Agassi,Stefan Edberg,SnV1st,32,20,0,0,11,7,2,2,2,2,82
19950902-M-US_Open-R32-Stefan_Edberg-Andre_Agassi,Stefan Edberg,SnV2nd,17,7,0,0,1,0,2,1,0,2,41
19950902-M-US_Open-R32-Stefan_Edberg-Andre_Agassi,Stefan Edberg,nonSnV,23,13,6,0,1,0,0,0,1,1,113
19950902-M-US_Open-R32-Stefan_Edberg-Andre_Agassi,Stefan Edberg,nonSnV1st,9,7,6,0,1,0,0,0,0,1,13
19950902-M-US_Open-R32-Stefan_Edberg-Andre_Agassi,Stefan Edberg,nonSnV2nd,14,6,0,0,0,0,0,0,1,0,100
19950902-M-US_Open-R32-Stefan_Edberg-Andre_Agassi,Andre Agassi,SnV,1,1,0,0,1,0,0,0,0,0,1
19950902-M-US_Open-R32-Stefan_Edberg-Andre_Agassi,Andre Agassi,SnV1st,1,1,0,0,1,0,0,0,0,0,1
19950902-M-US_Open-R32-Stefan_Edberg-Andre_Agassi,Andre Agassi,nonSnV,85,54,6,0,18,3,2,2,1,2,320
19950902-M-US_Open-R32-Stefan_Edberg-Andre_Agassi,Andre Agassi,nonSnV1st,49,33,6,0,18,1,2,1,1,2,165
19950902-M-US_Open-R32-Stefan_Edberg-Andre_Agassi,Andre Agassi,nonSnV2nd,36,21,0,0,0,2,0,1,0,0,155
19950831-M-US_Open-R64-Alex_Corretja-Andre_Agassi,Andre Agassi,SnV,2,1,0,0,0,1,0,1,0,0,5
19950831-M-US_Open-R64-Alex_Corretja-Andre_Agassi,Andre Agassi,SnV1st,2,1,0,0,0,1,0,1,0,0,5
19950831-M-US_Open-R64-Alex_Corretja-Andre_Agassi,Andre Agassi,nonSnV,111,73,7,5,17,8,9,2,2,1,485
19950831-M-US_Open-R64-Alex_Corretja-Andre_Agassi,Andre Agassi,nonSnV1st,81,58,7,5,16,8,7,1,0,0,322
19950831-M-US_Open-R64-Alex_Corretja-Andre_Agassi,Andre Agassi,nonSnV2nd,30,15,0,0,1,0,2,1,2,1,163
19950129-M-Australian_Open-F-Pete_Sampras-Andre_Agassi,Pete Sampras,SnV,35,16,0,0,4,6,4,2,7,2,102
19950129-M-Australian_Open-F-Pete_Sampras-Andre_Agassi,Pete Sampras,SnV1st,23,12,0,0,3,5,3,2,3,1,64
19950129-M-Australian_Open-F-Pete_Sampras-Andre_Agassi,Pete Sampras,SnV2nd,12,4,0,0,1,1,1,0,4,1,38
19950129-M-Australian_Open-F-Pete_Sampras-Andre_Agassi,Pete Sampras,nonSnV,98,68,28,0,15,2,2,2,5,2,282
19950129-M-Australian_Open-F-Pete_Sampras-Andre_Agassi,Pete Sampras,nonSnV1st,48,42,28,0,10,0,0,0,1,0,64
19950129-M-Australian_Open-F-Pete_Sampras-Andre_Agassi,Pete Sampras,nonSnV2nd,50,26,0,0,5,2,2,2,4,2,218
19950129-M-Australian_Open-F-Pete_Sampras-Andre_Agassi,Andre Agassi,SnV,1,1,0,0,1,0,0,0,0,0,1
19950129-M-Australian_Open-F-Pete_Sampras-Andre_Agassi,Andre Agassi,SnV1st,1,1,0,0,1,0,0,0,0,0,1
19950129-M-Australian_Open-F-Pete_Sampras-Andre_Agassi,Andre Agassi,nonSnV,113,79,10,0,19,3,0,2,2,0,487
19950129-M-Australian_Open-F-Pete_Sampras-Andre_Agassi,Andre Agassi,nonSnV1st,81,57,10,0,15,3,0,0,2,0,329
19950129-M-Australian_Open-F-Pete_Sampras-Andre_Agassi,Andre Agassi,nonSnV2nd,32,22,0,0,4,0,0,2,0,0,158
19950127-M-Australian_Open-SF-Michael_Chang-Pete_Sampras,Michael Chang,SnV,4,1,0,0,0,0,0,1,0,0,13
19950127-M-Australian_Open-SF-Michael_Chang-Pete_Sampras,Michael Chang,SnV1st,2,0,0,0,0,0,0,1,0,0,8
19950127-M-Australian_Open-SF-Michael_Chang-Pete_Sampras,Michael Chang,SnV2nd,2,1,0,0,0,0,0,0,0,0,5
19950127-M-Australian_Open-SF-Michael_Chang-Pete_Sampras,Michael Chang,nonSnV,128,83,20,0,8,2,7,1,3,0,681
19950127-M-Australian_Open-SF-Michael_Chang-Pete_Sampras,Michael Chang,nonSnV1st,60,48,20,0,7,1,4,1,3,0,242
19950127-M-Australian_Open-SF-Michael_Chang-Pete_Sampras,Michael Chang,nonSnV2nd,68,35,0,0,1,1,3,0,0,0,439
19950127-M-Australian_Open-SF-Michael_Chang-Pete_Sampras,Pete Sampras,SnV,50,38,0,0,16,11,8,3,2,0,128
19950127-M-Australian_Open-SF-Michael_Chang-Pete_Sampras,Pete Sampras,SnV1st,45,34,0,0,16,10,7,3,1,0,112
19950127-M-Australian_Open-SF-Michael_Chang-Pete_Sampras,Pete Sampras,SnV2nd,5,4,0,0,0,1,1,0,1,0,16
19950127-M-Australian_Open-SF-Michael_Chang-Pete_Sampras,Pete Sampras,nonSnV,84,56,13,0,5,7,11,3,5,2,372
19950127-M-Australian_Open-SF-Michael_Chang-Pete_Sampras,Pete Sampras,nonSnV1st,24,23,13,0,5,2,3,1,0,0,47
19950127-M-Australian_Open-SF-Michael_Chang-Pete_Sampras,Pete Sampras,nonSnV2nd,60,33,0,0,0,5,8,2,5,2,325
19950124-M-Australian_Open-QF-Jim_Courier-Pete_Sampras,Pete Sampras,SnV,57,44,0,0,19,14,8,1,3,0,144
19950124-M-Australian_Open-QF-Jim_Courier-Pete_Sampras,Pete Sampras,SnV1st,54,42,0,0,19,13,7,1,3,0,134
19950124-M-Australian_Open-QF-Jim_Courier-Pete_Sampras,Pete Sampras,SnV2nd,3,2,0,0,0,1,1,0,0,0,10
19950124-M-Australian_Open-QF-Jim_Courier-Pete_Sampras,Pete Sampras,nonSnV,94,69,23,6,4,9,10,2,5,2,353
19950124-M-Australian_Open-QF-Jim_Courier-Pete_Sampras,Pete Sampras,nonSnV1st,28,28,21,5,0,1,1,0,0,0,32
19950124-M-Australian_Open-QF-Jim_Courier-Pete_Sampras,Pete Sampras,nonSnV2nd,66,41,2,1,4,8,9,2,5,2,321
19950123-M-Australian_Open-R16-Patrick_Rafter-Andre_Agassi,Patrick Rafter,SnV,57,31,0,0,13,13,2,4,9,0,139
19950123-M-Australian_Open-R16-Patrick_Rafter-Andre_Agassi,Patrick Rafter,SnV1st,32,21,0,0,11,9,1,4,5,0,79
19950123-M-Australian_Open-R16-Patrick_Rafter-Andre_Agassi,Patrick Rafter,SnV2nd,25,10,0,0,2,4,1,0,4,0,60
19950123-M-Australian_Open-R16-Patrick_Rafter-Andre_Agassi,Patrick Rafter,nonSnV,12,8,7,0,0,1,0,0,0,0,26
19950123-M-Australian_Open-R16-Patrick_Rafter-Andre_Agassi,Patrick Rafter,nonSnV1st,9,8,7,0,0,1,0,0,0,0,16
19950123-M-Australian_Open-R16-Patrick_Rafter-Andre_Agassi,Patrick Rafter,nonSnV2nd,3,0,0,0,0,0,0,0,0,0,10
19950122-M-Australian_Open-R16-Aaron_Krickstein-Stefan_Edberg,Stefan Edberg,SnV,140,91,0,0,30,36,11,11,11,3,381
19950122-M-Australian_Open-R16-Aaron_Krickstein-Stefan_Edberg,Stefan Edberg,SnV1st,109,74,0,0,29,33,7,7,9,2,300
19950122-M-Australian_Open-R16-Aaron_Krickstein-Stefan_Edberg,Stefan Edberg,SnV2nd,31,17,0,0,1,3,4,4,2,1,81
19950122-M-Australian_Open-R16-Aaron_Krickstein-Stefan_Edberg,Stefan Edberg,nonSnV,40,26,13,0,2,4,2,3,3,1,148
19950122-M-Australian_Open-R16-Aaron_Krickstein-Stefan_Edberg,Stefan Edberg,nonSnV1st,18,17,13,0,2,0,0,0,0,0,35
19950122-M-Australian_Open-R16-Aaron_Krickstein-Stefan_Edberg,Stefan Edberg,nonSnV2nd,22,9,0,0,0,4,2,3,3,1,113
19950121-M-Australian_Open-R32-Greg_Rusedski-Andre_Agassi,Greg Rusedski,SnV,62,31,0,0,9,9,10,10,8,4,177
19950121-M-Australian_Open-R32-Greg_Rusedski-Andre_Agassi,Greg Rusedski,SnV1st,35,18,0,0,7,3,8,5,3,2,100
19950121-M-Australian_Open-R32-Greg_Rusedski-Andre_Agassi,Greg Rusedski,SnV2nd,27,13,0,0,2,6,2,5,5,2,77
19950121-M-Australian_Open-R32-Greg_Rusedski-Andre_Agassi,Greg Rusedski,nonSnV,20,13,2,6,0,3,0,0,1,1,67
19950121-M-Australian_Open-R32-Greg_Rusedski-Andre_Agassi,Greg Rusedski,nonSnV1st,7,7,2,5,0,0,0,0,0,0,7
19950121-M-Australian_Open-R32-Greg_Rusedski-Andre_Agassi,Greg Rusedski,nonSnV2nd,13,6,0,1,0,3,0,0,1,1,60
19950121-M-Australian_Open-R32-Greg_Rusedski-Andre_Agassi,Andre Agassi,SnV,1,1,0,0,0,0,1,0,0,0,3
19950121-M-Australian_Open-R32-Greg_Rusedski-Andre_Agassi,Andre Agassi,SnV1st,1,1,0,0,0,0,1,0,0,0,3
19950121-M-Australian_Open-R32-Greg_Rusedski-Andre_Agassi,Andre Agassi,nonSnV,58,48,1,1,13,3,2,0,1,0,262
19950121-M-Australian_Open-R32-Greg_Rusedski-Andre_Agassi,Andre Agassi,nonSnV1st,40,32,1,1,13,2,2,0,1,0,182
19950121-M-Australian_Open-R32-Greg_Rusedski-Andre_Agassi,Andre Agassi,nonSnV2nd,18,16,0,0,0,1,0,0,0,0,80
19950119-M-Australian_Open-R32-Hendrik_Dreekmann-Stefan_Edberg,Hendrik Dreekmann,SnV,7,4,0,0,0,1,0,1,1,1,26
19950119-M-Australian_Open-R32-Hendrik_Dreekmann-Stefan_Edberg,Hendrik Dreekmann,SnV1st,4,4,0,0,0,1,0,0,0,0,14
19950119-M-Australian_Open-R32-Hendrik_Dreekmann-Stefan_Edberg,Hendrik Dreekmann,SnV2nd,3,0,0,0,0,0,0,1,1,1,12
19950119-M-Australian_Open-R32-Hendrik_Dreekmann-Stefan_Edberg,Hendrik Dreekmann,nonSnV,90,50,2,0,11,9,3,3,5,1,430
19950119-M-Australian_Open-R32-Hendrik_Dreekmann-Stefan_Edberg,Hendrik Dreekmann,nonSnV1st,53,33,2,0,11,6,3,1,1,1,243
19950119-M-Australian_Open-R32-Hendrik_Dreekmann-Stefan_Edberg,Hendrik Dreekmann,nonSnV2nd,37,17,0,0,0,3,0,2,4,0,187
19950119-M-Australian_Open-R32-Hendrik_Dreekmann-Stefan_Edberg,Stefan Edberg,SnV,83,57,0,0,16,23,11,9,3,3,239
19950119-M-Australian_Open-R32-Hendrik_Dreekmann-Stefan_Edberg,Stefan Edberg,SnV1st,57,43,0,0,16,14,9,5,2,2,155
19950119-M-Australian_Open-R32-Hendrik_Dreekmann-Stefan_Edberg,Stefan Edberg,SnV2nd,26,14,0,0,0,9,2,4,1,1,84
19950119-M-Australian_Open-R32-Hendrik_Dreekmann-Stefan_Edberg,Stefan Edberg,nonSnV,16,14,6,0,0,0,0,0,0,0,28
19950119-M-Australian_Open-R32-Hendrik_Dreekmann-Stefan_Edberg,Stefan Edberg,nonSnV1st,6,6,6,0,0,0,0,0,0,0,6
19950119-M-Australian_Open-R32-Hendrik_Dreekmann-Stefan_Edberg,Stefan Edberg,nonSnV2nd,10,8,0,0,0,0,0,0,0,0,22
19950116-M-Australian_Open-R128-Stefan_Edberg-Mark_Philippoussis,Stefan Edberg,SnV,82,59,0,0,25,18,5,3,9,3,203
19950116-M-Australian_Open-R128-Stefan_Edberg-Mark_Philippoussis,Stefan Edberg,SnV1st,62,44,0,0,23,13,4,2,7,3,156
19950116-M-Australian_Open-R128-Stefan_Edberg-Mark_Philippoussis,Stefan Edberg,SnV2nd,20,15,0,0,2,5,1,1,2,0,47
19950116-M-Australian_Open-R128-Stefan_Edberg-Mark_Philippoussis,Stefan Edberg,nonSnV,38,33,5,0,5,0,3,1,0,0,139
19950116-M-Australian_Open-R128-Stefan_Edberg-Mark_Philippoussis,Stefan Edberg,nonSnV1st,11,10,5,0,3,0,0,0,0,0,36
19950116-M-Australian_Open-R128-Stefan_Edberg-Mark_Philippoussis,Stefan Edberg,nonSnV2nd,27,23,0,0,2,0,3,1,0,0,103
19950116-M-Australian_Open-R128-Stefan_Edberg-Mark_Philippoussis,Mark Philippoussis,SnV,59,38,0,0,12,14,3,5,5,3,150
19950116-M-Australian_Open-R128-Stefan_Edberg-Mark_Philippoussis,Mark Philippoussis,SnV1st,42,25,0,0,11,8,1,4,5,2,105
19950116-M-Australian_Open-R128-Stefan_Edberg-Mark_Philippoussis,Mark Philippoussis,SnV2nd,17,13,0,0,1,6,2,1,0,1,45
19950116-M-Australian_Open-R128-Stefan_Edberg-Mark_Philippoussis,Mark Philippoussis,nonSnV,58,43,10,0,7,6,3,2,2,1,219
19950116-M-Australian_Open-R128-Stefan_Edberg-Mark_Philippoussis,Mark Philippoussis,nonSnV1st,36,31,10,0,7,6,1,2,2,0,99
19950116-M-Australian_Open-R128-Stefan_Edberg-Mark_Philippoussis,Mark Philippoussis,nonSnV2nd,22,12,0,0,0,0,2,0,0,1,120
19940911-M-US_Open-F-Michael_Stich-Andre_Agassi,Michael Stich,SnV,90,62,10,0,17,14,9,3,9,3,240
19940911-M-US_Open-F-Michael_Stich-Andre_Agassi,Michael Stich,SnV1st,49,35,9,0,14,6,4,1,4,1,109
19940911-M-US_Open-F-Michael_Stich-Andre_Agassi,Michael Stich,SnV2nd,41,27,1,0,3,8,5,2,5,2,131
19940911-M-US_Open-F-Michael_Stich-Andre_Agassi,Michael Stich,nonSnV,9,5,2,0,1,0,1,0,0,0,29
19940911-M-US_Open-F-Michael_Stich-Andre_Agassi,Michael Stich,nonSnV1st,1,1,1,0,0,0,0,0,0,0,1
19940911-M-US_Open-F-Michael_Stich-Andre_Agassi,Michael Stich,nonSnV2nd,8,4,1,0,1,0,1,0,0,0,28
19940910-M-US_Open-SF-Todd_Martin-Andre_Agassi,Todd Martin,SnV,44,31,0,0,19,9,1,4,4,1,107
19940910-M-US_Open-SF-Todd_Martin-Andre_Agassi,Todd Martin,SnV1st,44,31,0,0,19,9,1,4,4,1,107
19940910-M-US_Open-SF-Todd_Martin-Andre_Agassi,Todd Martin,nonSnV,61,35,13,0,6,1,0,3,1,0,217
19940910-M-US_Open-SF-Todd_Martin-Andre_Agassi,Todd Martin,nonSnV1st,24,21,13,0,6,0,0,0,0,0,53
19940910-M-US_Open-SF-Todd_Martin-Andre_Agassi,Todd Martin,nonSnV2nd,37,14,0,0,0,1,0,3,1,0,164
19940910-M-US_Open-SF-Todd_Martin-Andre_Agassi,Andre Agassi,SnV,1,1,0,0,0,0,0,0,0,0,1
19940910-M-US_Open-SF-Todd_Martin-Andre_Agassi,Andre Agassi,SnV2nd,1,1,0,0,0,0,0,0,0,0,1
19940910-M-US_Open-SF-Todd_Martin-Andre_Agassi,Andre Agassi,nonSnV,89,67,5,0,16,4,2,2,1,0,305
19940910-M-US_Open-SF-Todd_Martin-Andre_Agassi,Andre Agassi,nonSnV1st,62,49,5,0,15,4,2,2,0,0,217
19940910-M-US_Open-SF-Todd_Martin-Andre_Agassi,Andre Agassi,nonSnV2nd,27,18,0,0,1,0,0,0,1,0,88
19940910-M-US_Open-SF-Michael_Stich-Karel_Novacek,Michael Stich,SnV,64,48,0,0,25,10,5,4,2,1,150
19940910-M-US_Open-SF-Michael_Stich-Karel_Novacek,Michael Stich,SnV1st,43,32,0,0,21,5,3,3,2,0,92
19940910-M-US_Open-SF-Michael_Stich-Karel_Novacek,Michael Stich,SnV2nd,21,16,0,0,4,5,2,1,0,1,58
19940910-M-US_Open-SF-Michael_Stich-Karel_Novacek,Michael Stich,nonSnV,23,20,14,0,1,1,0,0,0,0,60
19940910-M-US_Open-SF-Michael_Stich-Karel_Novacek,Michael Stich,nonSnV1st,13,13,13,0,0,0,0,0,0,0,13
19940910-M-US_Open-SF-Michael_Stich-Karel_Novacek,Michael Stich,nonSnV2nd,10,7,1,0,1,1,0,0,0,0,47
19940910-M-US_Open-SF-Michael_Stich-Karel_Novacek,Karel Novacek,SnV,15,9,0,0,4,2,2,3,1,0,37
19940910-M-US_Open-SF-Michael_Stich-Karel_Novacek,Karel Novacek,SnV1st,14,8,0,0,3,2,2,3,1,0,36
19940910-M-US_Open-SF-Michael_Stich-Karel_Novacek,Karel Novacek,SnV2nd,1,1,0,0,1,0,0,0,0,0,1
19940910-M-US_Open-SF-Michael_Stich-Karel_Novacek,Karel Novacek,nonSnV,82,52,7,0,10,3,4,2,3,1,290
19940910-M-US_Open-SF-Michael_Stich-Karel_Novacek,Karel Novacek,nonSnV1st,35,28,7,0,9,2,2,1,2,1,86
19940910-M-US_Open-SF-Michael_Stich-Karel_Novacek,Karel Novacek,nonSnV2nd,47,24,0,0,1,1,2,1,1,0,204
19940907-M-US_Open-QF-Andre_Agassi-Thomas_Muster,Andre Agassi,SnV,2,1,0,0,0,0,1,0,1,0,7
19940907-M-US_Open-QF-Andre_Agassi-Thomas_Muster,Andre Agassi,SnV1st,2,1,0,0,0,0,1,0,1,0,7
19940907-M-US_Open-QF-Andre_Agassi-Thomas_Muster,Andre Agassi,nonSnV,82,56,6,0,2,10,10,2,4,2,410
19940907-M-US_Open-QF-Andre_Agassi-Thomas_Muster,Andre Agassi,nonSnV1st,46,33,6,0,2,4,8,2,3,1,177
19940907-M-US_Open-QF-Andre_Agassi-Thomas_Muster,Andre Agassi,nonSnV2nd,36,23,0,0,0,6,2,0,1,1,233
19940907-M-US_Open-QF-Andre_Agassi-Thomas_Muster,Thomas Muster,SnV,2,1,0,0,0,0,0,0,1,0,9
19940907-M-US_Open-QF-Andre_Agassi-Thomas_Muster,Thomas Muster,SnV1st,2,1,0,0,0,0,0,0,1,0,9
19940907-M-US_Open-QF-Andre_Agassi-Thomas_Muster,Thomas Muster,nonSnV,77,43,11,2,0,3,0,1,1,2,487
19940907-M-US_Open-QF-Andre_Agassi-Thomas_Muster,Thomas Muster,nonSnV1st,38,27,10,2,0,1,0,0,0,2,225
19940907-M-US_Open-QF-Andre_Agassi-Thomas_Muster,Thomas Muster,nonSnV2nd,39,16,1,0,0,2,0,1,1,0,262
19940906-M-US_Open-R16-Yevgeny_Kafelnikov-Michael_Stich,Yevgeny Kafelnikov,SnV,3,1,0,0,0,1,0,2,0,0,9
19940906-M-US_Open-R16-Yevgeny_Kafelnikov-Michael_Stich,Yevgeny Kafelnikov,SnV1st,2,0,0,0,0,0,0,2,0,0,4
19940906-M-US_Open-R16-Yevgeny_Kafelnikov-Michael_Stich,Yevgeny Kafelnikov,SnV2nd,1,1,0,0,0,1,0,0,0,0,5
19940906-M-US_Open-R16-Yevgeny_Kafelnikov-Michael_Stich,Yevgeny Kafelnikov,nonSnV,117,68,3,1,10,7,7,3,7,2,630
19940906-M-US_Open-R16-Yevgeny_Kafelnikov-Michael_Stich,Yevgeny Kafelnikov,nonSnV1st,71,44,3,1,10,5,5,3,3,1,346
19940906-M-US_Open-R16-Yevgeny_Kafelnikov-Michael_Stich,Yevgeny Kafelnikov,nonSnV2nd,46,24,0,0,0,2,2,0,4,1,284
19940906-M-US_Open-R16-Yevgeny_Kafelnikov-Michael_Stich,Michael Stich,SnV,35,26,0,0,6,13,5,4,3,0,106
19940906-M-US_Open-R16-Yevgeny_Kafelnikov-Michael_Stich,Michael Stich,SnV1st,26,19,0,0,6,8,5,4,1,0,71
19940906-M-US_Open-R16-Yevgeny_Kafelnikov-Michael_Stich,Michael Stich,SnV2nd,9,7,0,0,0,5,0,0,2,0,35
19940906-M-US_Open-R16-Yevgeny_Kafelnikov-Michael_Stich,Michael Stich,nonSnV,55,43,16,3,2,3,1,1,1,0,169
19940906-M-US_Open-R16-Yevgeny_Kafelnikov-Michael_Stich,Michael Stich,nonSnV1st,20,20,16,3,0,0,0,0,0,0,26
19940906-M-US_Open-R16-Yevgeny_Kafelnikov-Michael_Stich,Michael Stich,nonSnV2nd,35,23,0,0,2,3,1,1,1,0,143
19940906-M-US_Open-R16-Pete_Sampras-Jaime_Yzaga,Pete Sampras,SnV,29,16,0,0,7,4,5,3,7,0,84
19940906-M-US_Open-R16-Pete_Sampras-Jaime_Yzaga,Pete Sampras,SnV1st,29,16,0,0,7,4,5,3,7,0,84
19940906-M-US_Open-R16-Pete_Sampras-Jaime_Yzaga,Pete Sampras,nonSnV,125,82,11,8,19,4,4,4,5,0,520
19940906-M-US_Open-R16-Pete_Sampras-Jaime_Yzaga,Pete Sampras,nonSnV1st,53,41,11,6,8,3,1,1,1,0,189
19940906-M-US_Open-R16-Pete_Sampras-Jaime_Yzaga,Pete Sampras,nonSnV2nd,72,41,0,2,11,1,3,3,4,0,331
19940906-M-US_Open-R16-Pete_Sampras-Jaime_Yzaga,Jaime Yzaga,SnV,1,1,0,0,0,0,1,0,0,0,3
19940906-M-US_Open-R16-Pete_Sampras-Jaime_Yzaga,Jaime Yzaga,SnV1st,1,1,0,0,0,0,1,0,0,0,3
19940906-M-US_Open-R16-Pete_Sampras-Jaime_Yzaga,Jaime Yzaga,nonSnV,151,100,5,2,15,8,5,2,5,0,796
19940906-M-US_Open-R16-Pete_Sampras-Jaime_Yzaga,Jaime Yzaga,nonSnV1st,73,52,5,2,12,5,2,1,4,0,330
19940906-M-US_Open-R16-Pete_Sampras-Jaime_Yzaga,Jaime Yzaga,nonSnV2nd,78,48,0,0,3,3,3,1,1,0,466
19940905-M-US_Open-R16-Michael_Chang-Andre_Agassi,Andre Agassi,SnV,2,1,0,0,0,1,0,1,0,0,11
19940905-M-US_Open-R16-Michael_Chang-Andre_Agassi,Andre Agassi,SnV1st,2,1,0,0,0,1,0,1,0,0,11
19940905-M-US_Open-R16-Michael_Chang-Andre_Agassi,Andre Agassi,nonSnV,123,83,3,2,19,4,10,2,5,0,567
19940905-M-US_Open-R16-Michael_Chang-Andre_Agassi,Andre Agassi,nonSnV1st,79,63,3,2,17,3,7,1,1,0,321
19940905-M-US_Open-R16-Michael_Chang-Andre_Agassi,Andre Agassi,nonSnV2nd,44,20,0,0,2,1,3,1,4,0,246
19940901-M-US_Open-R64-Guy_Forget-Andre_Agassi,Guy Forget,SnV,38,23,0,0,10,8,5,4,5,2,119
19940901-M-US_Open-R64-Guy_Forget-Andre_Agassi,Guy Forget,SnV1st,34,21,0,0,10,8,3,3,5,2,107
19940901-M-US_Open-R64-Guy_Forget-Andre_Agassi,Guy Forget,SnV2nd,4,2,0,0,0,0,2,1,0,0,12
19940901-M-US_Open-R64-Guy_Forget-Andre_Agassi,Guy Forget,nonSnV,86,51,16,6,6,2,2,1,6,0,355
19940901-M-US_Open-R64-Guy_Forget-Andre_Agassi,Guy Forget,nonSnV1st,35,30,15,5,5,1,0,0,1,0,64
19940901-M-US_Open-R64-Guy_Forget-Andre_Agassi,Guy Forget,nonSnV2nd,51,21,1,1,1,1,2,1,5,0,291
19940130-M-Australian_Open-F-Pete_Sampras-Todd_Martin,Pete Sampras,SnV,59,46,12,0,16,8,5,0,6,1,136
19940130-M-Australian_Open-F-Pete_Sampras-Todd_Martin,Pete Sampras,SnV1st,57,45,12,0,16,8,4,0,6,1,131
19940130-M-Australian_Open-F-Pete_Sampras-Todd_Martin,Pete Sampras,SnV2nd,2,1,0,0,0,0,1,0,0,0,5
19940130-M-Australian_Open-F-Pete_Sampras-Todd_Martin,Pete Sampras,nonSnV,42,27,1,0,5,1,1,1,0,1,171
19940130-M-Australian_Open-F-Pete_Sampras-Todd_Martin,Pete Sampras,nonSnV1st,1,1,1,0,0,0,0,0,0,0,1
19940130-M-Australian_Open-F-Pete_Sampras-Todd_Martin,Pete Sampras,nonSnV2nd,41,26,0,0,5,1,1,1,0,1,170
19940130-M-Australian_Open-F-Pete_Sampras-Todd_Martin,Todd Martin,SnV,44,27,4,0,10,6,2,2,6,1,121
19940130-M-Australian_Open-F-Pete_Sampras-Todd_Martin,Todd Martin,SnV1st,44,27,4,0,10,6,2,2,6,1,121
19940130-M-Australian_Open-F-Pete_Sampras-Todd_Martin,Todd Martin,nonSnV,62,38,2,0,5,0,3,2,2,1,290
19940130-M-Australian_Open-F-Pete_Sampras-Todd_Martin,Todd Martin,nonSnV1st,13,7,1,0,3,0,2,0,0,1,57
19940130-M-Australian_Open-F-Pete_Sampras-Todd_Martin,Todd Martin,nonSnV2nd,49,31,1,0,2,0,1,2,2,0,233
19940128-M-Australian_Open-SF-Pete_Sampras-Jim_Courier,Pete Sampras,SnV,34,26,0,0,7,9,8,1,2,1,100
19940128-M-Australian_Open-SF-Pete_Sampras-Jim_Courier,Pete Sampras,SnV1st,29,22,0,0,7,8,5,1,2,1,84
19940128-M-Australian_Open-SF-Pete_Sampras-Jim_Courier,Pete Sampras,SnV2nd,5,4,0,0,0,1,3,0,0,0,16
19940128-M-Australian_Open-SF-Pete_Sampras-Jim_Courier,Pete Sampras,nonSnV,45,38,9,0,4,6,7,0,0,1,178
19940128-M-Australian_Open-SF-Pete_Sampras-Jim_Courier,Pete Sampras,nonSnV1st,12,12,9,0,3,0,0,0,0,0,12
19940128-M-Australian_Open-SF-Pete_Sampras-Jim_Courier,Pete Sampras,nonSnV2nd,33,26,0,0,1,6,7,0,0,1,166
19940128-M-Australian_Open-SF-Pete_Sampras-Jim_Courier,Jim Courier,SnV,15,13,0,0,5,3,4,0,1,0,37
19940128-M-Australian_Open-SF-Pete_Sampras-Jim_Courier,Jim Courier,SnV1st,13,11,0,0,4,3,3,0,1,0,31
19940128-M-Australian_Open-SF-Pete_Sampras-Jim_Courier,Jim Courier,SnV2nd,2,2,0,0,1,0,1,0,0,0,6
19940128-M-Australian_Open-SF-Pete_Sampras-Jim_Courier,Jim Courier,nonSnV,61,36,3,0,4,6,6,3,6,2,280
19940128-M-Australian_Open-SF-Pete_Sampras-Jim_Courier,Jim Courier,nonSnV1st,32,21,3,0,4,4,4,1,3,1,121
19940128-M-Australian_Open-SF-Pete_Sampras-Jim_Courier,Jim Courier,nonSnV2nd,29,15,0,0,0,2,2,2,3,1,159
19940127-M-Australian_Open-SF-Todd_Martin-Stefan_Edberg,Todd Martin,SnV,53,33,2,0,11,12,5,7,5,0,145
19940127-M-Australian_Open-SF-Todd_Martin-Stefan_Edberg,Todd Martin,SnV1st,49,31,2,0,11,11,5,6,5,0,131
19940127-M-Australian_Open-SF-Todd_Martin-Stefan_Edberg,Todd Martin,SnV2nd,4,2,0,0,0,1,0,1,0,0,14
19940127-M-Australian_Open-SF-Todd_Martin-Stefan_Edberg,Todd Martin,nonSnV,90,59,11,2,6,2,3,0,3,0,301
19940127-M-Australian_Open-SF-Todd_Martin-Stefan_Edberg,Todd Martin,nonSnV1st,33,26,10,2,6,0,1,0,0,0,94
19940127-M-Australian_Open-SF-Todd_Martin-Stefan_Edberg,Todd Martin,nonSnV2nd,57,33,1,0,0,2,2,0,3,0,207
19940127-M-Australian_Open-SF-Todd_Martin-Stefan_Edberg,Stefan Edberg,SnV,170,106,4,1,36,33,21,5,12,4,422
19940127-M-Australian_Open-SF-Todd_Martin-Stefan_Edberg,Stefan Edberg,SnV1st,107,63,4,1,27,19,9,4,9,3,257
19940127-M-Australian_Open-SF-Todd_Martin-Stefan_Edberg,Stefan Edberg,SnV2nd,63,43,0,0,9,14,12,1,3,1,165
19940127-M-Australian_Open-SF-Todd_Martin-Stefan_Edberg,Stefan Edberg,nonSnV,15,8,2,0,1,0,0,0,0,0,62
19940127-M-Australian_Open-SF-Todd_Martin-Stefan_Edberg,Stefan Edberg,nonSnV1st,5,4,2,0,1,0,0,0,0,0,12
19940127-M-Australian_Open-SF-Todd_Martin-Stefan_Edberg,Stefan Edberg,nonSnV2nd,10,4,0,0,0,0,0,0,0,0,50
19940124-M-Australian_Open-R16-Pete_Sampras-Ivan_Lendl,Pete Sampras,SnV,42,28,0,0,14,3,5,3,5,0,102
19940124-M-Australian_Open-R16-Pete_Sampras-Ivan_Lendl,Pete Sampras,SnV1st,34,23,0,0,14,1,4,2,5,0,83
19940124-M-Australian_Open-R16-Pete_Sampras-Ivan_Lendl,Pete Sampras,SnV2nd,8,5,0,0,0,2,1,1,0,0,19
19940124-M-Australian_Open-R16-Pete_Sampras-Ivan_Lendl,Pete Sampras,nonSnV,39,32,13,0,4,4,1,1,1,0,106
19940124-M-Australian_Open-R16-Pete_Sampras-Ivan_Lendl,Pete Sampras,nonSnV1st,19,18,13,0,3,2,0,0,1,0,28
19940124-M-Australian_Open-R16-Pete_Sampras-Ivan_Lendl,Pete Sampras,nonSnV2nd,20,14,0,0,1,2,1,1,0,0,78
19940124-M-Australian_Open-R16-Pete_Sampras-Ivan_Lendl,Ivan Lendl,SnV,1,1,0,0,0,0,1,0,0,0,3
19940124-M-Australian_Open-R16-Pete_Sampras-Ivan_Lendl,Ivan Lendl,SnV2nd,1,1,0,0,0,0,1,0,0,0,3
19940124-M-Australian_Open-R16-Pete_Sampras-Ivan_Lendl,Ivan Lendl,nonSnV,72,48,11,0,7,5,2,0,3,2,328
19940124-M-Australian_Open-R16-Pete_Sampras-Ivan_Lendl,Ivan Lendl,nonSnV1st,40,32,10,0,7,4,2,0,1,2,128
19940124-M-Australian_Open-R16-Pete_Sampras-Ivan_Lendl,Ivan Lendl,nonSnV2nd,32,16,1,0,0,1,0,0,2,0,200
19930912-M-US_Open-F-Cedric_Pioline-Pete_Sampras,Cedric Pioline,SnV,15,12,0,0,5,1,0,0,1,0,36
19930912-M-US_Open-F-Cedric_Pioline-Pete_Sampras,Cedric Pioline,SnV1st,13,11,0,0,5,0,0,0,1,0,29
19930912-M-US_Open-F-Cedric_Pioline-Pete_Sampras,Cedric Pioline,SnV2nd,2,1,0,0,0,1,0,0,0,0,7
19930912-M-US_Open-F-Cedric_Pioline-Pete_Sampras,Cedric Pioline,nonSnV,79,44,6,0,13,6,3,4,1,1,420
19930912-M-US_Open-F-Cedric_Pioline-Pete_Sampras,Cedric Pioline,nonSnV1st,37,23,6,0,9,2,1,2,1,0,125
19930912-M-US_Open-F-Cedric_Pioline-Pete_Sampras,Cedric Pioline,nonSnV2nd,42,21,0,0,4,4,2,2,0,1,295
19930912-M-US_Open-F-Cedric_Pioline-Pete_Sampras,Pete Sampras,SnV,23,17,0,0,11,3,3,0,1,1,55
19930912-M-US_Open-F-Cedric_Pioline-Pete_Sampras,Pete Sampras,SnV1st,18,13,0,0,9,2,2,0,1,1,37
19930912-M-US_Open-F-Cedric_Pioline-Pete_Sampras,Pete Sampras,SnV2nd,5,4,0,0,2,1,1,0,0,0,18
19930912-M-US_Open-F-Cedric_Pioline-Pete_Sampras,Pete Sampras,nonSnV,43,34,12,0,7,2,2,2,0,0,142
19930912-M-US_Open-F-Cedric_Pioline-Pete_Sampras,Pete Sampras,nonSnV1st,16,16,11,0,4,0,1,0,0,0,18
19930912-M-US_Open-F-Cedric_Pioline-Pete_Sampras,Pete Sampras,nonSnV2nd,27,18,1,0,3,2,1,2,0,0,124
19930911-M-US_Open-SF-Pete_Sampras-Alexander_Volkov,Pete Sampras,SnV,22,20,0,0,7,10,2,0,0,0,56
19930911-M-US_Open-SF-Pete_Sampras-Alexander_Volkov,Pete Sampras,SnV1st,21,19,0,0,7,9,2,0,0,0,53
19930911-M-US_Open-SF-Pete_Sampras-Alexander_Volkov,Pete Sampras,SnV2nd,1,1,0,0,0,1,0,0,0,0,3
19930911-M-US_Open-SF-Pete_Sampras-Alexander_Volkov,Pete Sampras,nonSnV,48,36,16,0,4,2,0,0,0,0,134
19930911-M-US_Open-SF-Pete_Sampras-Alexander_Volkov,Pete Sampras,nonSnV1st,19,19,15,0,2,1,0,0,0,0,23
19930911-M-US_Open-SF-Pete_Sampras-Alexander_Volkov,Pete Sampras,nonSnV2nd,29,17,1,0,2,1,0,0,0,0,111
19930911-M-US_Open-SF-Pete_Sampras-Alexander_Volkov,Alexander Volkov,SnV,9,5,0,0,1,1,3,1,2,1,33
19930911-M-US_Open-SF-Pete_Sampras-Alexander_Volkov,Alexander Volkov,SnV1st,6,3,0,0,1,1,1,1,2,0,17
19930911-M-US_Open-SF-Pete_Sampras-Alexander_Volkov,Alexander Volkov,SnV2nd,3,2,0,0,0,0,2,0,0,1,16
19930911-M-US_Open-SF-Pete_Sampras-Alexander_Volkov,Alexander Volkov,nonSnV,77,45,8,0,11,3,5,6,7,1,387
19930911-M-US_Open-SF-Pete_Sampras-Alexander_Volkov,Alexander Volkov,nonSnV1st,32,24,8,0,8,2,4,3,1,1,110
19930911-M-US_Open-SF-Pete_Sampras-Alexander_Volkov,Alexander Volkov,nonSnV2nd,45,21,0,0,3,1,1,3,6,0,277
19930909-M-US_Open-QF-Michael_Chang-Pete_Sampras,Pete Sampras,SnV,37,31,0,0,15,12,3,3,1,0,93
19930909-M-US_Open-QF-Michael_Chang-Pete_Sampras,Pete Sampras,SnV1st,37,31,0,0,15,12,3,3,1,0,93
19930909-M-US_Open-QF-Michael_Chang-Pete_Sampras,Pete Sampras,nonSnV,63,41,13,0,2,5,1,1,0,0,245
19930909-M-US_Open-QF-Michael_Chang-Pete_Sampras,Pete Sampras,nonSnV1st,13,12,12,0,0,0,0,0,0,0,14
19930909-M-US_Open-QF-Michael_Chang-Pete_Sampras,Pete Sampras,nonSnV2nd,50,29,1,0,2,5,1,1,0,0,231
19930905-M-US_Open-R32-Sergio_Cortes-Boris_Becker,Boris Becker,SnV,52,39,0,0,12,13,5,2,7,0,157
19930905-M-US_Open-R32-Sergio_Cortes-Boris_Becker,Boris Becker,SnV1st,33,23,0,0,9,8,2,2,7,0,109
19930905-M-US_Open-R32-Sergio_Cortes-Boris_Becker,Boris Becker,SnV2nd,19,16,0,0,3,5,3,0,0,0,48
19930905-M-US_Open-R32-Sergio_Cortes-Boris_Becker,Boris Becker,nonSnV,16,14,10,0,2,0,0,0,0,0,30
19930905-M-US_Open-R32-Sergio_Cortes-Boris_Becker,Boris Becker,nonSnV1st,11,11,10,0,1,0,0,0,0,0,11
19930905-M-US_Open-R32-Sergio_Cortes-Boris_Becker,Boris Becker,nonSnV2nd,5,3,0,0,1,0,0,0,0,0,19
19930904-M-US_Open-SF-Cedric_Pioline-Wally_Masur,Cedric Pioline,SnV,23,21,0,0,9,6,2,1,0,0,49
19930904-M-US_Open-SF-Cedric_Pioline-Wally_Masur,Cedric Pioline,SnV1st,20,18,0,0,9,5,2,1,0,0,42
19930904-M-US_Open-SF-Cedric_Pioline-Wally_Masur,Cedric Pioline,SnV2nd,3,3,0,0,0,1,0,0,0,0,7
19930904-M-US_Open-SF-Cedric_Pioline-Wally_Masur,Cedric Pioline,nonSnV,106,71,10,0,19,14,1,6,1,1,433
19930904-M-US_Open-SF-Cedric_Pioline-Wally_Masur,Cedric Pioline,nonSnV1st,61,45,10,0,17,8,0,2,1,0,189
19930904-M-US_Open-SF-Cedric_Pioline-Wally_Masur,Cedric Pioline,nonSnV2nd,45,26,0,0,2,6,1,4,0,1,244
19930904-M-US_Open-SF-Cedric_Pioline-Wally_Masur,Wally Masur,SnV,59,36,0,0,12,12,5,3,9,2,206
19930904-M-US_Open-SF-Cedric_Pioline-Wally_Masur,Wally Masur,SnV1st,48,28,0,0,10,10,5,3,8,1,180
19930904-M-US_Open-SF-Cedric_Pioline-Wally_Masur,Wally Masur,SnV2nd,11,8,0,0,2,2,0,0,1,1,26
19930904-M-US_Open-SF-Cedric_Pioline-Wally_Masur,Wally Masur,nonSnV,57,37,5,0,11,3,1,2,3,1,309
19930904-M-US_Open-SF-Cedric_Pioline-Wally_Masur,Wally Masur,nonSnV1st,37,25,5,0,11,1,1,1,2,1,163
19930904-M-US_Open-SF-Cedric_Pioline-Wally_Masur,Wally Masur,nonSnV2nd,20,12,0,0,0,2,0,1,1,0,146
19930903-M-US_Open-R64-Mats_Wilander-Mikael_Pernfors,Mats Wilander,SnV,21,13,0,0,6,5,2,5,2,0,59
19930903-M-US_Open-R64-Mats_Wilander-Mikael_Pernfors,Mats Wilander,SnV1st,21,13,0,0,6,5,2,5,2,0,59
19930903-M-US_Open-R64-Mats_Wilander-Mikael_Pernfors,Mats Wilander,nonSnV,88,49,6,0,3,9,13,1,8,4,538
19930903-M-US_Open-R64-Mats_Wilander-Mikael_Pernfors,Mats Wilander,nonSnV1st,43,25,6,0,3,4,7,1,4,3,232
19930903-M-US_Open-R64-Mats_Wilander-Mikael_Pernfors,Mats Wilander,nonSnV2nd,45,24,0,0,0,5,6,0,4,1,306
19930903-M-US_Open-R64-Mats_Wilander-Mikael_Pernfors,Mikael Pernfors,SnV,3,2,0,0,0,2,0,1,0,0,10
19930903-M-US_Open-R64-Mats_Wilander-Mikael_Pernfors,Mikael Pernfors,SnV1st,3,2,0,0,0,2,0,1,0,0,10
19930903-M-US_Open-R64-Mats_Wilander-Mikael_Pernfors,Mikael Pernfors,nonSnV,102,64,2,1,8,12,4,1,8,1,700
19930903-M-US_Open-R64-Mats_Wilander-Mikael_Pernfors,Mikael Pernfors,nonSnV1st,48,33,2,1,8,8,2,1,5,1,307
19930903-M-US_Open-R64-Mats_Wilander-Mikael_Pernfors,Mikael Pernfors,nonSnV2nd,54,31,0,0,0,4,2,0,3,0,393
19930831-M-US_Open-R128-Thomas_Enqvist-Andre_Agassi,Thomas Enqvist,SnV,2,2,0,0,0,2,0,0,0,0,8
19930831-M-US_Open-R128-Thomas_Enqvist-Andre_Agassi,Thomas Enqvist,SnV1st,2,2,0,0,0,2,0,0,0,0,8
19930831-M-US_Open-R128-Thomas_Enqvist-Andre_Agassi,Thomas Enqvist,nonSnV,147,94,20,4,20,3,6,2,1,0,582
19930831-M-US_Open-R128-Thomas_Enqvist-Andre_Agassi,Thomas Enqvist,nonSnV1st,86,64,19,4,20,3,6,0,0,0,242
19930831-M-US_Open-R128-Thomas_Enqvist-Andre_Agassi,Thomas Enqvist,nonSnV2nd,61,30,1,0,0,0,0,2,1,0,340
19930131-M-Australian_Open-SF-Jim_Courier-Michael_Stich,Jim Courier,SnV,2,1,0,0,0,0,0,0,0,0,5
19930131-M-Australian_Open-SF-Jim_Courier-Michael_Stich,Jim Courier,SnV1st,1,1,0,0,0,0,0,0,0,0,3
19930131-M-Australian_Open-SF-Jim_Courier-Michael_Stich,Jim Courier,SnV2nd,1,0,0,0,0,0,0,0,0,0,2
19930131-M-Australian_Open-SF-Jim_Courier-Michael_Stich,Jim Courier,nonSnV,85,64,2,0,18,5,6,0,5,0,364
19930131-M-Australian_Open-SF-Jim_Courier-Michael_Stich,Jim Courier,nonSnV1st,48,39,2,0,18,4,5,0,3,0,177
19930131-M-Australian_Open-SF-Jim_Courier-Michael_Stich,Jim Courier,nonSnV2nd,37,25,0,0,0,1,1,0,2,0,187
19930131-M-Australian_Open-SF-Jim_Courier-Michael_Stich,Michael Stich,SnV,79,53,0,0,13,22,13,6,8,2,237
19930131-M-Australian_Open-SF-Jim_Courier-Michael_Stich,Michael Stich,SnV1st,43,30,0,0,9,12,8,2,5,1,130
19930131-M-Australian_Open-SF-Jim_Courier-Michael_Stich,Michael Stich,SnV2nd,36,23,0,0,4,10,5,4,3,1,107
19930131-M-Australian_Open-SF-Jim_Courier-Michael_Stich,Michael Stich,nonSnV,6,6,5,0,1,0,0,0,0,0,6
19930131-M-Australian_Open-SF-Jim_Courier-Michael_Stich,Michael Stich,nonSnV1st,5,5,4,0,1,0,0,0,0,0,5
19930131-M-Australian_Open-SF-Jim_Courier-Michael_Stich,Michael Stich,nonSnV2nd,1,1,1,0,0,0,0,0,0,0,1
19930131-M-Australian_Open-F-Jim_Courier-Stefan_Edberg,Jim Courier,SnV,5,4,0,0,1,1,0,0,1,0,14
19930131-M-Australian_Open-F-Jim_Courier-Stefan_Edberg,Jim Courier,SnV1st,3,3,0,0,1,1,0,0,0,0,7
19930131-M-Australian_Open-F-Jim_Courier-Stefan_Edberg,Jim Courier,SnV2nd,2,1,0,0,0,0,0,0,1,0,7
19930131-M-Australian_Open-F-Jim_Courier-Stefan_Edberg,Jim Courier,nonSnV,86,62,8,0,16,4,2,2,5,0,310
19930131-M-Australian_Open-F-Jim_Courier-Stefan_Edberg,Jim Courier,nonSnV1st,54,42,8,0,15,3,2,2,4,0,196
19930131-M-Australian_Open-F-Jim_Courier-Stefan_Edberg,Jim Courier,nonSnV2nd,32,20,0,0,1,1,0,0,1,0,114
19930131-M-Australian_Open-F-Jim_Courier-Stefan_Edberg,Stefan Edberg,SnV,77,45,3,0,17,12,7,4,8,4,203
19930131-M-Australian_Open-F-Jim_Courier-Stefan_Edberg,Stefan Edberg,SnV1st,55,35,3,0,15,9,5,2,7,1,139
19930131-M-Australian_Open-F-Jim_Courier-Stefan_Edberg,Stefan Edberg,SnV2nd,22,10,0,0,2,3,2,2,1,3,64
19930131-M-Australian_Open-F-Jim_Courier-Stefan_Edberg,Stefan Edberg,nonSnV,19,11,3,0,1,1,2,2,0,0,57
19930131-M-Australian_Open-F-Jim_Courier-Stefan_Edberg,Stefan Edberg,nonSnV1st,2,2,1,0,1,0,0,0,0,0,2
19930131-M-Australian_Open-F-Jim_Courier-Stefan_Edberg,Stefan Edberg,nonSnV2nd,17,9,2,0,0,1,2,2,0,0,55
19930128-M-Australian_Open-SF-Pete_Sampras-Stefan_Edberg,Pete Sampras,SnV,74,43,0,0,12,13,6,7,10,3,219
19930128-M-Australian_Open-SF-Pete_Sampras-Stefan_Edberg,Pete Sampras,SnV1st,34,18,0,0,8,6,3,6,4,0,92
19930128-M-Australian_Open-SF-Pete_Sampras-Stefan_Edberg,Pete Sampras,SnV2nd,40,25,0,0,4,7,3,1,6,3,127
19930128-M-Australian_Open-SF-Pete_Sampras-Stefan_Edberg,Pete Sampras,nonSnV,32,23,12,2,2,1,1,1,1,1,75
19930128-M-Australian_Open-SF-Pete_Sampras-Stefan_Edberg,Pete Sampras,nonSnV1st,17,16,12,2,1,1,0,0,0,1,22
19930128-M-Australian_Open-SF-Pete_Sampras-Stefan_Edberg,Pete Sampras,nonSnV2nd,15,7,0,0,1,0,1,1,1,0,53
19930128-M-Australian_Open-SF-Pete_Sampras-Stefan_Edberg,Stefan Edberg,SnV,92,62,0,0,24,19,8,2,7,3,248
19930128-M-Australian_Open-SF-Pete_Sampras-Stefan_Edberg,Stefan Edberg,SnV1st,60,42,0,0,19,16,4,2,5,1,156
19930128-M-Australian_Open-SF-Pete_Sampras-Stefan_Edberg,Stefan Edberg,SnV2nd,32,20,0,0,5,3,4,0,2,2,92
19930128-M-Australian_Open-SF-Pete_Sampras-Stefan_Edberg,Stefan Edberg,nonSnV,22,15,5,0,1,0,1,1,1,0,81
19930128-M-Australian_Open-SF-Pete_Sampras-Stefan_Edberg,Stefan Edberg,nonSnV1st,7,7,5,0,0,0,0,0,0,0,15
19930128-M-Australian_Open-SF-Pete_Sampras-Stefan_Edberg,Stefan Edberg,nonSnV2nd,15,8,0,0,1,0,1,1,1,0,66
19920913-M-US_Open-F-Pete_Sampras-Stefan_Edberg,Pete Sampras,SnV,43,26,1,0,10,2,6,2,6,0,108
19920913-M-US_Open-F-Pete_Sampras-Stefan_Edberg,Pete Sampras,SnV1st,39,24,1,0,10,2,5,2,6,0,98
19920913-M-US_Open-F-Pete_Sampras-Stefan_Edberg,Pete Sampras,SnV2nd,4,2,0,0,0,0,1,0,0,0,10
19920913-M-US_Open-F-Pete_Sampras-Stefan_Edberg,Pete Sampras,nonSnV,80,57,10,0,12,8,0,2,1,0,255
19920913-M-US_Open-F-Pete_Sampras-Stefan_Edberg,Pete Sampras,nonSnV1st,36,30,10,0,11,6,0,1,1,0,86
19920913-M-US_Open-F-Pete_Sampras-Stefan_Edberg,Pete Sampras,nonSnV2nd,44,27,0,0,1,2,0,1,0,0,169
19920913-M-US_Open-F-Pete_Sampras-Stefan_Edberg,Stefan Edberg,SnV,92,68,5,0,25,17,13,3,3,2,218
19920913-M-US_Open-F-Pete_Sampras-Stefan_Edberg,Stefan Edberg,SnV1st,68,55,4,0,24,13,10,1,3,2,159
19920913-M-US_Open-F-Pete_Sampras-Stefan_Edberg,Stefan Edberg,SnV2nd,24,13,1,0,1,4,3,2,0,0,59
19920913-M-US_Open-F-Pete_Sampras-Stefan_Edberg,Stefan Edberg,nonSnV,24,14,3,0,2,1,2,1,1,1,106
19920913-M-US_Open-F-Pete_Sampras-Stefan_Edberg,Stefan Edberg,nonSnV1st,8,6,3,0,2,0,1,0,0,0,14
19920913-M-US_Open-F-Pete_Sampras-Stefan_Edberg,Stefan Edberg,nonSnV2nd,16,8,0,0,0,1,1,1,1,1,92
19920912-M-US_Open-SF-Michael_Chang-Stefan_Edberg,Michael Chang,SnV,22,11,0,0,6,3,2,0,1,0,49
19920912-M-US_Open-SF-Michael_Chang-Stefan_Edberg,Michael Chang,SnV1st,20,11,0,0,6,3,2,0,1,0,43
19920912-M-US_Open-SF-Michael_Chang-Stefan_Edberg,Michael Chang,SnV2nd,2,0,0,0,0,0,0,0,0,0,6
19920912-M-US_Open-SF-Michael_Chang-Stefan_Edberg,Michael Chang,nonSnV,167,87,1,0,13,10,9,5,12,7,815
19920912-M-US_Open-SF-Michael_Chang-Stefan_Edberg,Michael Chang,nonSnV1st,114,64,1,0,13,7,9,4,7,6,598
19920912-M-US_Open-SF-Michael_Chang-Stefan_Edberg,Michael Chang,nonSnV2nd,53,23,0,0,0,3,0,1,5,1,217
19920912-M-US_Open-SF-Michael_Chang-Stefan_Edberg,Stefan Edberg,SnV,159,96,0,0,27,33,25,12,15,9,472
19920912-M-US_Open-SF-Michael_Chang-Stefan_Edberg,Stefan Edberg,SnV1st,96,60,0,0,25,19,14,10,9,5,264
19920912-M-US_Open-SF-Michael_Chang-Stefan_Edberg,Stefan Edberg,SnV2nd,63,36,0,0,2,14,11,2,6,4,208
19920912-M-US_Open-SF-Michael_Chang-Stefan_Edberg,Stefan Edberg,nonSnV,32,18,9,0,0,2,0,0,3,3,144
19920912-M-US_Open-SF-Michael_Chang-Stefan_Edberg,Stefan Edberg,nonSnV1st,11,9,9,0,0,0,0,0,0,1,17
19920912-M-US_Open-SF-Michael_Chang-Stefan_Edberg,Stefan Edberg,nonSnV2nd,21,9,0,0,0,2,0,0,3,2,127
19920909-M-US_Open-QF-Jim_Courier-Andre_Agassi,Jim Courier,SnV,2,2,0,0,0,2,0,0,0,0,8
19920909-M-US_Open-QF-Jim_Courier-Andre_Agassi,Jim Courier,SnV1st,1,1,0,0,0,1,0,0,0,0,5
19920909-M-US_Open-QF-Jim_Courier-Andre_Agassi,Jim Courier,SnV2nd,1,1,0,0,0,1,0,0,0,0,3
19920909-M-US_Open-QF-Jim_Courier-Andre_Agassi,Jim Courier,nonSnV,125,78,20,1,12,5,3,4,5,2,608
19920909-M-US_Open-QF-Jim_Courier-Andre_Agassi,Jim Courier,nonSnV1st,71,48,19,1,11,3,1,3,4,0,302
19920909-M-US_Open-QF-Jim_Courier-Andre_Agassi,Jim Courier,nonSnV2nd,54,30,1,0,1,2,2,1,1,2,306
19920909-M-US_Open-QF-Jim_Courier-Andre_Agassi,Andre Agassi,SnV,9,7,0,0,5,2,0,0,2,0,19
19920909-M-US_Open-QF-Jim_Courier-Andre_Agassi,Andre Agassi,SnV1st,9,7,0,0,5,2,0,0,2,0,19
19920909-M-US_Open-QF-Jim_Courier-Andre_Agassi,Andre Agassi,nonSnV,133,71,5,0,12,9,12,4,5,1,633
19920909-M-US_Open-QF-Jim_Courier-Andre_Agassi,Andre Agassi,nonSnV1st,73,39,5,0,12,6,7,2,1,0,283
19920909-M-US_Open-QF-Jim_Courier-Andre_Agassi,Andre Agassi,nonSnV2nd,60,32,0,0,0,3,5,2,4,1,350
19920908-M-US_Open-R16-Richard_Krajicek-Stefan_Edberg,Richard Krajicek,SnV,148,81,0,0,21,29,18,28,16,5,403
19920908-M-US_Open-R16-Richard_Krajicek-Stefan_Edberg,Richard Krajicek,SnV1st,63,36,0,0,16,15,5,14,7,3,166
19920908-M-US_Open-R16-Richard_Krajicek-Stefan_Edberg,Richard Krajicek,SnV2nd,85,45,0,0,5,14,13,14,9,2,237
19920908-M-US_Open-R16-Richard_Krajicek-Stefan_Edberg,Richard Krajicek,nonSnV,20,20,15,4,0,0,0,0,0,0,22
19920908-M-US_Open-R16-Richard_Krajicek-Stefan_Edberg,Richard Krajicek,nonSnV1st,18,18,15,3,0,0,0,0,0,0,18
19920908-M-US_Open-R16-Richard_Krajicek-Stefan_Edberg,Richard Krajicek,nonSnV2nd,2,2,0,1,0,0,0,0,0,0,4
19920908-M-US_Open-R16-Richard_Krajicek-Stefan_Edberg,Stefan Edberg,SnV,141,91,0,0,25,24,35,24,15,2,373
19920908-M-US_Open-R16-Richard_Krajicek-Stefan_Edberg,Stefan Edberg,SnV1st,97,70,0,0,24,22,24,14,11,0,252
19920908-M-US_Open-R16-Richard_Krajicek-Stefan_Edberg,Stefan Edberg,SnV2nd,44,21,0,0,1,2,11,10,4,2,121
19920908-M-US_Open-R16-Richard_Krajicek-Stefan_Edberg,Stefan Edberg,nonSnV,17,13,4,7,0,0,1,0,1,1,37
19920908-M-US_Open-R16-Richard_Krajicek-Stefan_Edberg,Stefan Edberg,nonSnV1st,10,10,4,6,0,0,0,0,0,0,10
19920908-M-US_Open-R16-Richard_Krajicek-Stefan_Edberg,Stefan Edberg,nonSnV2nd,7,3,0,1,0,0,1,0,1,1,27
19920908-M-US_Open-R16-Ivan_Lendl-Boris_Becker,Ivan Lendl,SnV,14,13,0,0,4,4,4,0,1,0,39
19920908-M-US_Open-R16-Ivan_Lendl-Boris_Becker,Ivan Lendl,SnV1st,14,13,0,0,4,4,4,0,1,0,39
19920908-M-US_Open-R16-Ivan_Lendl-Boris_Becker,Ivan Lendl,nonSnV,153,100,10,2,24,6,7,1,2,3,588
19920908-M-US_Open-R16-Ivan_Lendl-Boris_Becker,Ivan Lendl,nonSnV1st,92,68,10,2,21,4,5,1,2,1,334
19920908-M-US_Open-R16-Ivan_Lendl-Boris_Becker,Ivan Lendl,nonSnV2nd,61,32,0,0,3,2,2,0,0,2,254
19920908-M-US_Open-R16-Ivan_Lendl-Boris_Becker,Boris Becker,SnV,85,49,0,0,15,16,13,11,11,2,233
19920908-M-US_Open-R16-Ivan_Lendl-Boris_Becker,Boris Becker,SnV1st,57,31,0,0,11,11,8,6,9,2,161
19920908-M-US_Open-R16-Ivan_Lendl-Boris_Becker,Boris Becker,SnV2nd,28,18,0,0,4,5,5,5,2,0,72
19920908-M-US_Open-R16-Ivan_Lendl-Boris_Becker,Boris Becker,nonSnV,96,67,19,3,13,5,8,4,0,0,305
19920908-M-US_Open-R16-Ivan_Lendl-Boris_Becker,Boris Becker,nonSnV1st,42,35,18,3,10,1,2,0,0,0,73
19920908-M-US_Open-R16-Ivan_Lendl-Boris_Becker,Boris Becker,nonSnV2nd,54,32,1,0,3,4,6,4,0,0,232
19920905-M-US_Open-SF-Jim_Courier-Pete_Sampras,Jim Courier,SnV,4,3,0,0,1,1,1,0,0,0,9
19920905-M-US_Open-SF-Jim_Courier-Pete_Sampras,Jim Courier,SnV1st,4,3,0,0,1,1,1,0,0,0,9
19920905-M-US_Open-SF-Jim_Courier-Pete_Sampras,Jim Courier,nonSnV,80,46,5,0,8,5,8,4,4,3,410
19920905-M-US_Open-SF-Jim_Courier-Pete_Sampras,Jim Courier,nonSnV1st,46,28,5,0,8,4,5,2,3,2,218
19920905-M-US_Open-SF-Jim_Courier-Pete_Sampras,Jim Courier,nonSnV2nd,34,18,0,0,0,1,3,2,1,1,192
19920905-M-US_Open-SF-Jim_Courier-Pete_Sampras,Pete Sampras,SnV,63,31,0,0,12,10,4,4,9,6,195
19920905-M-US_Open-SF-Jim_Courier-Pete_Sampras,Pete Sampras,SnV1st,50,25,0,0,11,7,2,3,7,5,157
19920905-M-US_Open-SF-Jim_Courier-Pete_Sampras,Pete Sampras,SnV2nd,13,6,0,0,1,3,2,1,2,1,38
19920905-M-US_Open-SF-Jim_Courier-Pete_Sampras,Pete Sampras,nonSnV,48,39,12,0,7,5,3,1,3,0,185
19920905-M-US_Open-SF-Jim_Courier-Pete_Sampras,Pete Sampras,nonSnV1st,19,18,11,0,6,1,0,0,0,0,24
19920905-M-US_Open-SF-Jim_Courier-Pete_Sampras,Pete Sampras,nonSnV2nd,29,21,1,0,1,4,3,1,3,0,161
19920905-M-US_Open-R32-Pete_Sampras-Todd_Martin,Pete Sampras,SnV,97,63,0,0,27,19,14,15,11,1,247
19920905-M-US_Open-R32-Pete_Sampras-Todd_Martin,Pete Sampras,SnV1st,83,55,0,0,26,17,12,13,10,1,215
19920905-M-US_Open-R32-Pete_Sampras-Todd_Martin,Pete Sampras,SnV2nd,14,8,0,0,1,2,2,2,1,0,32
19920905-M-US_Open-R32-Pete_Sampras-Todd_Martin,Pete Sampras,nonSnV,65,40,13,3,5,1,1,0,1,0,274
19920905-M-US_Open-R32-Pete_Sampras-Todd_Martin,Pete Sampras,nonSnV1st,22,21,13,3,5,0,0,0,0,0,29
19920905-M-US_Open-R32-Pete_Sampras-Todd_Martin,Pete Sampras,nonSnV2nd,43,19,0,0,0,1,1,0,1,0,245
19920905-M-US_Open-R32-Pete_Sampras-Todd_Martin,Todd Martin,SnV,27,17,0,0,6,7,3,5,3,0,77
19920905-M-US_Open-R32-Pete_Sampras-Todd_Martin,Todd Martin,SnV1st,27,17,0,0,6,7,3,5,3,0,77
19920905-M-US_Open-R32-Pete_Sampras-Todd_Martin,Todd Martin,nonSnV,125,79,9,6,16,6,13,5,5,1,563
19920905-M-US_Open-R32-Pete_Sampras-Todd_Martin,Todd Martin,nonSnV1st,78,51,7,6,16,3,7,5,2,1,341
19920905-M-US_Open-R32-Pete_Sampras-Todd_Martin,Todd Martin,nonSnV2nd,47,28,2,0,0,3,6,0,3,0,222
19920903-M-US_Open-QF-Ivan_Lendl-Stefan_Edberg,Ivan Lendl,SnV,33,21,0,0,5,7,3,2,6,0,105
19920903-M-US_Open-QF-Ivan_Lendl-Stefan_Edberg,Ivan Lendl,SnV1st,29,19,0,0,5,7,3,2,5,0,89
19920903-M-US_Open-QF-Ivan_Lendl-Stefan_Edberg,Ivan Lendl,SnV2nd,4,2,0,0,0,0,0,0,1,0,16
19920903-M-US_Open-QF-Ivan_Lendl-Stefan_Edberg,Ivan Lendl,nonSnV,148,87,12,0,23,5,5,0,6,3,559
19920903-M-US_Open-QF-Ivan_Lendl-Stefan_Edberg,Ivan Lendl,nonSnV1st,89,62,12,0,23,2,3,0,5,0,328
19920903-M-US_Open-QF-Ivan_Lendl-Stefan_Edberg,Ivan Lendl,nonSnV2nd,59,25,0,0,0,3,2,0,1,3,231
19920903-M-US_Open-QF-Ivan_Lendl-Stefan_Edberg,Stefan Edberg,SnV,127,88,0,0,30,32,12,5,9,3,344
19920903-M-US_Open-QF-Ivan_Lendl-Stefan_Edberg,Stefan Edberg,SnV1st,91,68,0,0,30,22,10,3,3,3,234
19920903-M-US_Open-QF-Ivan_Lendl-Stefan_Edberg,Stefan Edberg,SnV2nd,36,20,0,0,0,10,2,2,6,0,110
19920903-M-US_Open-QF-Ivan_Lendl-Stefan_Edberg,Stefan Edberg,nonSnV,15,10,4,0,2,1,0,0,1,0,44
19920903-M-US_Open-QF-Ivan_Lendl-Stefan_Edberg,Stefan Edberg,nonSnV1st,8,6,4,0,1,1,0,0,0,0,22
19920903-M-US_Open-QF-Ivan_Lendl-Stefan_Edberg,Stefan Edberg,nonSnV2nd,7,4,0,0,1,0,0,0,1,0,22
19920901-M-US_Open-R128-Boris_Becker-Kevin_Curren,Boris Becker,SnV,36,28,0,0,11,9,6,4,2,0,94
19920901-M-US_Open-R128-Boris_Becker-Kevin_Curren,Boris Becker,SnV1st,29,24,0,0,11,8,4,2,1,0,74
19920901-M-US_Open-R128-Boris_Becker-Kevin_Curren,Boris Becker,SnV2nd,7,4,0,0,0,1,2,2,1,0,20
19920901-M-US_Open-R128-Boris_Becker-Kevin_Curren,Boris Becker,nonSnV,61,43,8,1,9,0,3,2,1,0,209
19920901-M-US_Open-R128-Boris_Becker-Kevin_Curren,Boris Becker,nonSnV1st,31,22,6,1,9,0,1,1,1,0,80
19920901-M-US_Open-R128-Boris_Becker-Kevin_Curren,Boris Becker,nonSnV2nd,30,21,2,0,0,0,2,1,0,0,129
19920901-M-US_Open-R128-Boris_Becker-Kevin_Curren,Kevin Curren,SnV,73,43,0,0,13,11,12,13,8,0,205
19920901-M-US_Open-R128-Boris_Becker-Kevin_Curren,Kevin Curren,SnV1st,41,22,0,0,12,5,3,10,4,0,110
19920901-M-US_Open-R128-Boris_Becker-Kevin_Curren,Kevin Curren,SnV2nd,32,21,0,0,1,6,9,3,4,0,95
19920901-M-US_Open-R128-Boris_Becker-Kevin_Curren,Kevin Curren,nonSnV,42,25,7,1,1,2,5,0,4,2,169
19920901-M-US_Open-R128-Boris_Becker-Kevin_Curren,Kevin Curren,nonSnV1st,16,13,7,1,1,2,2,0,0,0,37
19920901-M-US_Open-R128-Boris_Becker-Kevin_Curren,Kevin Curren,nonSnV2nd,26,12,0,0,0,0,3,0,4,2,132
19920126-M-Australian_Open-F-Jim_Courier-Stefan_Edberg,Jim Courier,SnV,2,1,0,0,0,0,0,0,0,1,5
19920126-M-Australian_Open-F-Jim_Courier-Stefan_Edberg,Jim Courier,SnV1st,1,0,0,0,0,0,0,0,0,1,4
19920126-M-Australian_Open-F-Jim_Courier-Stefan_Edberg,Jim Courier,SnV2nd,1,1,0,0,0,0,0,0,0,0,1
19920126-M-Australian_Open-F-Jim_Courier-Stefan_Edberg,Jim Courier,nonSnV,109,73,3,0,17,8,2,2,4,3,511
19920126-M-Australian_Open-F-Jim_Courier-Stefan_Edberg,Jim Courier,nonSnV1st,76,50,3,0,15,7,1,2,2,3,380
19920126-M-Australian_Open-F-Jim_Courier-Stefan_Edberg,Jim Courier,nonSnV2nd,33,23,0,0,2,1,1,0,2,0,131
19920126-M-Australian_Open-F-Jim_Courier-Stefan_Edberg,Stefan Edberg,SnV,108,66,0,0,29,21,10,2,9,5,276
19920126-M-Australian_Open-F-Jim_Courier-Stefan_Edberg,Stefan Edberg,SnV1st,75,49,0,0,26,14,7,2,5,4,189
19920126-M-Australian_Open-F-Jim_Courier-Stefan_Edberg,Stefan Edberg,SnV2nd,33,17,0,0,3,7,3,0,4,1,87
19920126-M-Australian_Open-F-Jim_Courier-Stefan_Edberg,Stefan Edberg,nonSnV,8,5,2,0,0,0,1,2,0,0,31
19920126-M-Australian_Open-F-Jim_Courier-Stefan_Edberg,Stefan Edberg,nonSnV1st,3,3,2,0,0,0,1,0,0,0,5
19920126-M-Australian_Open-F-Jim_Courier-Stefan_Edberg,Stefan Edberg,nonSnV2nd,5,2,0,0,0,0,0,2,0,0,26
19920125-M-Australian_Open-SF-Wayne_Ferreira-Stefan_Edberg,Wayne Ferreira,SnV,33,24,0,0,9,9,4,0,1,1,88
19920125-M-Australian_Open-SF-Wayne_Ferreira-Stefan_Edberg,Wayne Ferreira,SnV1st,32,24,0,0,9,9,4,0,1,1,86
19920125-M-Australian_Open-SF-Wayne_Ferreira-Stefan_Edberg,Wayne Ferreira,SnV2nd,1,0,0,0,0,0,0,0,0,0,2
19920125-M-Australian_Open-SF-Wayne_Ferreira-Stefan_Edberg,Wayne Ferreira,nonSnV,75,42,5,0,6,5,2,2,2,0,304
19920125-M-Australian_Open-SF-Wayne_Ferreira-Stefan_Edberg,Wayne Ferreira,nonSnV1st,32,20,4,0,6,2,1,2,0,0,110
19920125-M-Australian_Open-SF-Wayne_Ferreira-Stefan_Edberg,Wayne Ferreira,nonSnV2nd,43,22,1,0,0,3,1,0,2,0,194
19920125-M-Australian_Open-SF-Wayne_Ferreira-Stefan_Edberg,Stefan Edberg,SnV,94,65,0,0,31,12,11,4,7,1,217
19920125-M-Australian_Open-SF-Wayne_Ferreira-Stefan_Edberg,Stefan Edberg,SnV1st,62,46,0,0,30,6,8,3,4,0,122
19920125-M-Australian_Open-SF-Wayne_Ferreira-Stefan_Edberg,Stefan Edberg,SnV2nd,32,19,0,0,1,6,3,1,3,1,95
19920125-M-Australian_Open-SF-Wayne_Ferreira-Stefan_Edberg,Stefan Edberg,nonSnV,8,6,4,0,0,0,0,0,0,0,18
19920125-M-Australian_Open-SF-Wayne_Ferreira-Stefan_Edberg,Stefan Edberg,nonSnV1st,4,4,4,0,0,0,0,0,0,0,4
19920125-M-Australian_Open-SF-Wayne_Ferreira-Stefan_Edberg,Stefan Edberg,nonSnV2nd,4,2,0,0,0,0,0,0,0,0,14
19920122-M-Australian_Open-QF-Stefan_Edberg-Ivan_Lendl,Stefan Edberg,SnV,122,96,4,1,45,26,13,1,3,4,274
19920122-M-Australian_Open-QF-Stefan_Edberg-Ivan_Lendl,Stefan Edberg,SnV1st,101,78,3,1,38,20,13,1,3,4,238
19920122-M-Australian_Open-QF-Stefan_Edberg-Ivan_Lendl,Stefan Edberg,SnV2nd,21,18,1,0,7,6,0,0,0,0,36
19920122-M-Australian_Open-QF-Stefan_Edberg-Ivan_Lendl,Stefan Edberg,nonSnV,7,4,0,0,2,1,0,1,0,0,18
19920122-M-Australian_Open-QF-Stefan_Edberg-Ivan_Lendl,Stefan Edberg,nonSnV1st,1,0,0,0,0,0,0,0,0,0,2
19920122-M-Australian_Open-QF-Stefan_Edberg-Ivan_Lendl,Stefan Edberg,nonSnV2nd,6,4,0,0,2,1,0,1,0,0,16
19920122-M-Australian_Open-QF-Stefan_Edberg-Ivan_Lendl,Ivan Lendl,SnV,3,1,0,0,1,0,0,0,0,0,5
19920122-M-Australian_Open-QF-Stefan_Edberg-Ivan_Lendl,Ivan Lendl,SnV1st,1,1,0,0,1,0,0,0,0,0,1
19920122-M-Australian_Open-QF-Stefan_Edberg-Ivan_Lendl,Ivan Lendl,SnV2nd,2,0,0,0,0,0,0,0,0,0,4
19920122-M-Australian_Open-QF-Stefan_Edberg-Ivan_Lendl,Ivan Lendl,nonSnV,142,92,12,2,18,13,8,2,3,1,614
19920122-M-Australian_Open-QF-Stefan_Edberg-Ivan_Lendl,Ivan Lendl,nonSnV1st,85,64,12,2,17,11,7,2,2,1,336
19920122-M-Australian_Open-QF-Stefan_Edberg-Ivan_Lendl,Ivan Lendl,nonSnV2nd,57,28,0,0,1,2,1,0,1,0,278
19920122-M-Australian_Open-QF-John_Mcenroe-Wayne_Ferreira,John Mcenroe,SnV,48,34,0,0,24,5,5,1,5,0,100
19920122-M-Australian_Open-QF-John_Mcenroe-Wayne_Ferreira,John Mcenroe,SnV1st,42,31,0,0,22,4,5,1,4,0,87
19920122-M-Australian_Open-QF-John_Mcenroe-Wayne_Ferreira,John Mcenroe,SnV2nd,6,3,0,0,2,1,0,0,1,0,13
19920122-M-Australian_Open-QF-John_Mcenroe-Wayne_Ferreira,John Mcenroe,nonSnV,39,23,2,3,1,0,6,1,3,0,141
19920122-M-Australian_Open-QF-John_Mcenroe-Wayne_Ferreira,John Mcenroe,nonSnV1st,6,6,2,3,0,0,0,0,0,0,8
19920122-M-Australian_Open-QF-John_Mcenroe-Wayne_Ferreira,John Mcenroe,nonSnV2nd,33,17,0,0,1,0,6,1,3,0,133
19920122-M-Australian_Open-QF-John_Mcenroe-Wayne_Ferreira,Wayne Ferreira,SnV,24,17,0,0,12,4,1,2,2,0,47
19920122-M-Australian_Open-QF-John_Mcenroe-Wayne_Ferreira,Wayne Ferreira,SnV1st,24,17,0,0,12,4,1,2,2,0,47
19920122-M-Australian_Open-QF-John_Mcenroe-Wayne_Ferreira,Wayne Ferreira,nonSnV,65,49,14,3,3,4,1,1,1,0,173
19920122-M-Australian_Open-QF-John_Mcenroe-Wayne_Ferreira,Wayne Ferreira,nonSnV1st,32,28,13,3,3,2,0,0,0,0,64
19920122-M-Australian_Open-QF-John_Mcenroe-Wayne_Ferreira,Wayne Ferreira,nonSnV2nd,33,21,1,0,0,2,1,1,1,0,109
19920117-M-Australian_Open-R32-John_Mcenroe-Boris_Becker,John Mcenroe,SnV,58,40,0,0,16,13,9,4,5,2,164
19920117-M-Australian_Open-R32-John_Mcenroe-Boris_Becker,John Mcenroe,SnV1st,58,40,0,0,16,13,9,4,5,2,164
19920117-M-Australian_Open-R32-John_Mcenroe-Boris_Becker,John Mcenroe,nonSnV,40,23,6,0,4,1,2,1,1,0,165
19920117-M-Australian_Open-R32-John_Mcenroe-Boris_Becker,John Mcenroe,nonSnV1st,7,6,6,0,0,0,0,0,0,0,10
19920117-M-Australian_Open-R32-John_Mcenroe-Boris_Becker,John Mcenroe,nonSnV2nd,33,17,0,0,4,1,2,1,1,0,155
19920117-M-Australian_Open-R32-John_Mcenroe-Boris_Becker,Boris Becker,SnV,31,19,0,0,9,5,5,2,3,3,83
19920117-M-Australian_Open-R32-John_Mcenroe-Boris_Becker,Boris Becker,SnV1st,21,13,0,0,6,4,3,1,3,1,55
19920117-M-Australian_Open-R32-John_Mcenroe-Boris_Becker,Boris Becker,SnV2nd,10,6,0,0,3,1,2,1,0,2,28
19920117-M-Australian_Open-R32-John_Mcenroe-Boris_Becker,Boris Becker,nonSnV,62,34,8,0,9,2,2,3,3,0,220
19920117-M-Australian_Open-R32-John_Mcenroe-Boris_Becker,Boris Becker,nonSnV1st,34,20,7,0,5,2,0,3,3,0,134
19920117-M-Australian_Open-R32-John_Mcenroe-Boris_Becker,Boris Becker,nonSnV2nd,28,14,1,0,4,0,2,0,0,0,86
19920117-M-Australian_Open-QF-Michael_Stich-Richard_Krajicek,Michael Stich,SnV,174,125,13,9,38,30,17,15,12,4,399
19920117-M-Australian_Open-QF-Michael_Stich-Richard_Krajicek,Michael Stich,SnV1st,112,85,13,9,33,18,8,7,8,4,249
19920117-M-Australian_Open-QF-Michael_Stich-Richard_Krajicek,Michael Stich,SnV2nd,62,40,0,0,5,12,9,8,4,0,150
19920117-M-Australian_Open-QF-Michael_Stich-Richard_Krajicek,Michael Stich,nonSnV,2,1,0,0,0,0,0,0,0,0,5
19920117-M-Australian_Open-QF-Michael_Stich-Richard_Krajicek,Michael Stich,nonSnV1st,1,0,0,0,0,0,0,0,0,0,2
19920117-M-Australian_Open-QF-Michael_Stich-Richard_Krajicek,Michael Stich,nonSnV2nd,1,1,0,0,0,0,0,0,0,0,3
19920117-M-Australian_Open-QF-Michael_Stich-Richard_Krajicek,Richard Krajicek,SnV,169,123,23,4,34,27,17,18,11,4,411
19920117-M-Australian_Open-QF-Michael_Stich-Richard_Krajicek,Richard Krajicek,SnV1st,103,87,22,3,30,18,12,7,4,1,223
19920117-M-Australian_Open-QF-Michael_Stich-Richard_Krajicek,Richard Krajicek,SnV2nd,66,36,1,1,4,9,5,11,7,3,188
19910908-M-US_Open-F-Jim_Courier-Stefan_Edberg,Jim Courier,SnV,10,5,0,0,1,1,0,1,1,0,25
19910908-M-US_Open-F-Jim_Courier-Stefan_Edberg,Jim Courier,SnV1st,8,5,0,0,1,1,0,1,1,0,21
19910908-M-US_Open-F-Jim_Courier-Stefan_Edberg,Jim Courier,SnV2nd,2,0,0,0,0,0,0,0,0,0,4
19910908-M-US_Open-F-Jim_Courier-Stefan_Edberg,Jim Courier,nonSnV,75,39,3,0,4,2,5,1,4,3,333
19910908-M-US_Open-F-Jim_Courier-Stefan_Edberg,Jim Courier,nonSnV1st,42,25,3,0,4,2,3,1,2,2,187
19910908-M-US_Open-F-Jim_Courier-Stefan_Edberg,Jim Courier,nonSnV2nd,33,14,0,0,0,0,2,0,2,1,146
19910908-M-US_Open-F-Jim_Courier-Stefan_Edberg,Stefan Edberg,SnV,57,44,1,0,15,17,7,1,0,1,146
19910908-M-US_Open-F-Jim_Courier-Stefan_Edberg,Stefan Edberg,SnV1st,32,27,1,0,9,10,4,0,0,0,83
19910908-M-US_Open-F-Jim_Courier-Stefan_Edberg,Stefan Edberg,SnV2nd,25,17,0,0,6,7,3,1,0,1,63
19910908-M-US_Open-F-Jim_Courier-Stefan_Edberg,Stefan Edberg,nonSnV,6,6,2,0,1,2,0,0,0,0,18
19910908-M-US_Open-F-Jim_Courier-Stefan_Edberg,Stefan Edberg,nonSnV1st,4,4,2,0,1,1,0,0,0,0,8
19910908-M-US_Open-F-Jim_Courier-Stefan_Edberg,Stefan Edberg,nonSnV2nd,2,2,0,0,0,1,0,0,0,0,10
19910907-M-US_Open-SF-Jim_Courier-Jimmy_Connors,Jim Courier,SnV,1,0,0,0,0,0,0,0,0,0,2
19910907-M-US_Open-SF-Jim_Courier-Jimmy_Connors,Jim Courier,SnV1st,1,0,0,0,0,0,0,0,0,0,2
19910907-M-US_Open-SF-Jim_Courier-Jimmy_Connors,Jim Courier,nonSnV,73,48,11,0,15,0,0,2,4,0,340
19910907-M-US_Open-SF-Jim_Courier-Jimmy_Connors,Jim Courier,nonSnV1st,44,36,11,0,14,0,0,0,2,0,170
19910907-M-US_Open-SF-Jim_Courier-Jimmy_Connors,Jim Courier,nonSnV2nd,29,12,0,0,1,0,0,2,2,0,170
19910907-M-US_Open-SF-Jim_Courier-Jimmy_Connors,Jimmy Connors,SnV,6,2,0,0,0,1,0,0,2,1,24
19910907-M-US_Open-SF-Jim_Courier-Jimmy_Connors,Jimmy Connors,SnV1st,6,2,0,0,0,1,0,0,2,1,24
19910907-M-US_Open-SF-Jim_Courier-Jimmy_Connors,Jimmy Connors,nonSnV,76,34,0,0,6,5,6,5,7,3,366
19910907-M-US_Open-SF-Jim_Courier-Jimmy_Connors,Jimmy Connors,nonSnV1st,51,26,0,0,5,3,5,4,4,2,248
19910907-M-US_Open-SF-Jim_Courier-Jimmy_Connors,Jimmy Connors,nonSnV2nd,25,8,0,0,1,2,1,1,3,1,118
19910907-M-US_Open-SF-Jim_Courier-Jimmy_Connors,Jim Courier,SnV,1,0,0,0,0,0,0,0,0,0,2
19910907-M-US_Open-SF-Jim_Courier-Jimmy_Connors,Jim Courier,SnV1st,1,0,0,0,0,0,0,0,0,0,2
19910907-M-US_Open-SF-Jim_Courier-Jimmy_Connors,Jim Courier,nonSnV,73,48,11,0,15,0,0,2,4,0,340
19910907-M-US_Open-SF-Jim_Courier-Jimmy_Connors,Jim Courier,nonSnV1st,44,36,11,0,14,0,0,0,2,0,170
19910907-M-US_Open-SF-Jim_Courier-Jimmy_Connors,Jim Courier,nonSnV2nd,29,12,0,0,1,0,0,2,2,0,170
19910907-M-US_Open-SF-Jim_Courier-Jimmy_Connors,Jimmy Connors,SnV,6,2,0,0,0,1,0,0,2,1,24
19910907-M-US_Open-SF-Jim_Courier-Jimmy_Connors,Jimmy Connors,SnV1st,6,2,0,0,0,1,0,0,2,1,24
19910907-M-US_Open-SF-Jim_Courier-Jimmy_Connors,Jimmy Connors,nonSnV,73,33,0,0,5,5,6,5,6,3,359
19910907-M-US_Open-SF-Jim_Courier-Jimmy_Connors,Jimmy Connors,nonSnV1st,48,25,0,0,4,3,5,4,3,2,241
19910907-M-US_Open-SF-Jim_Courier-Jimmy_Connors,Jimmy Connors,nonSnV2nd,25,8,0,0,1,2,1,1,3,1,118
19910907-M-US_Open-SF-Ivan_Lendl-Stefan_Edberg,Ivan Lendl,SnV,8,5,0,0,1,4,0,0,3,0,31
19910907-M-US_Open-SF-Ivan_Lendl-Stefan_Edberg,Ivan Lendl,SnV1st,7,4,0,0,1,3,0,0,3,0,26
19910907-M-US_Open-SF-Ivan_Lendl-Stefan_Edberg,Ivan Lendl,SnV2nd,1,1,0,0,0,1,0,0,0,0,5
19910907-M-US_Open-SF-Ivan_Lendl-Stefan_Edberg,Ivan Lendl,nonSnV,75,40,4,1,10,5,5,0,2,1,374
19910907-M-US_Open-SF-Ivan_Lendl-Stefan_Edberg,Ivan Lendl,nonSnV1st,34,23,3,1,9,4,3,0,0,1,141
19910907-M-US_Open-SF-Ivan_Lendl-Stefan_Edberg,Ivan Lendl,nonSnV2nd,41,17,1,0,1,1,2,0,2,0,233
19910907-M-US_Open-SF-Ivan_Lendl-Stefan_Edberg,Stefan Edberg,SnV,77,53,3,2,28,13,2,8,1,3,165
19910907-M-US_Open-SF-Ivan_Lendl-Stefan_Edberg,Stefan Edberg,SnV1st,54,39,3,2,22,10,2,5,1,3,115
19910907-M-US_Open-SF-Ivan_Lendl-Stefan_Edberg,Stefan Edberg,SnV2nd,23,14,0,0,6,3,0,3,0,0,50
19910907-M-US_Open-SF-Ivan_Lendl-Stefan_Edberg,Stefan Edberg,nonSnV,1,1,1,0,0,0,0,0,0,0,1
19910907-M-US_Open-SF-Ivan_Lendl-Stefan_Edberg,Stefan Edberg,nonSnV1st,1,1,1,0,0,0,0,0,0,0,1
19910905-M-US_Open-QF-Pete_Sampras-Jim_Courier,Pete Sampras,SnV,53,39,0,0,15,14,10,4,7,1,157
19910905-M-US_Open-QF-Pete_Sampras-Jim_Courier,Pete Sampras,SnV1st,52,39,0,0,15,14,10,4,6,1,149
19910905-M-US_Open-QF-Pete_Sampras-Jim_Courier,Pete Sampras,SnV2nd,1,0,0,0,0,0,0,0,1,0,8
19910905-M-US_Open-QF-Pete_Sampras-Jim_Courier,Pete Sampras,nonSnV,67,42,9,3,2,6,9,3,5,0,316
19910905-M-US_Open-QF-Pete_Sampras-Jim_Courier,Pete Sampras,nonSnV1st,17,16,9,3,1,2,1,0,0,0,40
19910905-M-US_Open-QF-Pete_Sampras-Jim_Courier,Pete Sampras,nonSnV2nd,50,26,0,0,1,4,8,3,5,0,276
19910905-M-US_Open-QF-Pete_Sampras-Jim_Courier,Jim Courier,SnV,3,3,0,0,2,1,0,0,0,0,5
19910905-M-US_Open-QF-Pete_Sampras-Jim_Courier,Jim Courier,SnV1st,3,3,0,0,2,1,0,0,0,0,5
19910905-M-US_Open-QF-Pete_Sampras-Jim_Courier,Jim Courier,nonSnV,92,74,14,0,6,6,11,4,2,2,478
19910905-M-US_Open-QF-Pete_Sampras-Jim_Courier,Jim Courier,nonSnV1st,59,49,14,0,6,6,7,4,1,1,295
19910905-M-US_Open-QF-Pete_Sampras-Jim_Courier,Jim Courier,nonSnV2nd,33,25,0,0,0,0,4,0,1,1,183
19910905-M-US_Open-QF-Jimmy_Connors-Paul_Haarhuis,Jimmy Connors,SnV,10,8,0,0,3,2,2,0,1,0,24
19910905-M-US_Open-QF-Jimmy_Connors-Paul_Haarhuis,Jimmy Connors,SnV1st,10,8,0,0,3,2,2,0,1,0,24
19910905-M-US_Open-QF-Jimmy_Connors-Paul_Haarhuis,Jimmy Connors,nonSnV,95,66,0,1,7,12,12,2,2,0,530
19910905-M-US_Open-QF-Jimmy_Connors-Paul_Haarhuis,Jimmy Connors,nonSnV1st,48,36,0,1,7,8,6,0,1,0,244
19910905-M-US_Open-QF-Jimmy_Connors-Paul_Haarhuis,Jimmy Connors,nonSnV2nd,47,30,0,0,0,4,6,2,1,0,286
19910905-M-US_Open-QF-Jimmy_Connors-Paul_Haarhuis,Paul Haarhuis,SnV,6,5,0,0,0,2,3,0,0,0,17
19910905-M-US_Open-QF-Jimmy_Connors-Paul_Haarhuis,Paul Haarhuis,SnV1st,6,5,0,0,0,2,3,0,0,0,17
19910905-M-US_Open-QF-Jimmy_Connors-Paul_Haarhuis,Paul Haarhuis,nonSnV,101,65,10,3,13,2,5,2,3,0,519
19910905-M-US_Open-QF-Jimmy_Connors-Paul_Haarhuis,Paul Haarhuis,nonSnV1st,61,44,10,3,13,2,3,2,1,0,268
19910905-M-US_Open-QF-Jimmy_Connors-Paul_Haarhuis,Paul Haarhuis,nonSnV2nd,40,21,0,0,0,0,2,0,2,0,251
19910904-M-US_Open-QF-Javier_Sanchez-Stefan_Edberg,Javier Sanchez,SnV,44,26,0,0,8,8,2,2,3,5,140
19910904-M-US_Open-QF-Javier_Sanchez-Stefan_Edberg,Javier Sanchez,SnV1st,38,23,0,0,8,7,2,1,2,4,119
19910904-M-US_Open-QF-Javier_Sanchez-Stefan_Edberg,Javier Sanchez,SnV2nd,6,3,0,0,0,1,0,1,1,1,21
19910904-M-US_Open-QF-Javier_Sanchez-Stefan_Edberg,Javier Sanchez,nonSnV,50,25,4,0,5,2,1,0,5,1,215
19910904-M-US_Open-QF-Javier_Sanchez-Stefan_Edberg,Javier Sanchez,nonSnV1st,25,15,4,0,5,2,0,0,3,0,97
19910904-M-US_Open-QF-Javier_Sanchez-Stefan_Edberg,Javier Sanchez,nonSnV2nd,25,10,0,0,0,0,1,0,2,1,118
19910904-M-US_Open-QF-Javier_Sanchez-Stefan_Edberg,Stefan Edberg,SnV,56,44,0,0,13,20,8,5,2,1,166
19910904-M-US_Open-QF-Javier_Sanchez-Stefan_Edberg,Stefan Edberg,SnV1st,39,32,0,0,13,11,6,2,2,0,108
19910904-M-US_Open-QF-Javier_Sanchez-Stefan_Edberg,Stefan Edberg,SnV2nd,17,12,0,0,0,9,2,3,0,1,58
19910904-M-US_Open-QF-Javier_Sanchez-Stefan_Edberg,Stefan Edberg,nonSnV,4,3,3,0,0,0,0,0,0,1,7
19910904-M-US_Open-QF-Javier_Sanchez-Stefan_Edberg,Stefan Edberg,nonSnV1st,3,3,3,0,0,0,0,0,0,0,3
19910904-M-US_Open-QF-Javier_Sanchez-Stefan_Edberg,Stefan Edberg,nonSnV2nd,1,0,0,0,0,0,0,0,0,1,4
19910902-M-US_Open-R16-Aaron_Krickstein-Jimmy_Connors,Jimmy Connors,SnV,10,6,0,0,0,3,2,2,1,0,36
19910902-M-US_Open-R16-Aaron_Krickstein-Jimmy_Connors,Jimmy Connors,SnV1st,10,6,0,0,0,3,2,2,1,0,36
19910902-M-US_Open-R16-Aaron_Krickstein-Jimmy_Connors,Jimmy Connors,nonSnV,154,99,9,4,13,24,10,7,12,2,983
19910902-M-US_Open-R16-Aaron_Krickstein-Jimmy_Connors,Jimmy Connors,nonSnV1st,100,67,8,3,13,13,7,4,4,2,575
19910902-M-US_Open-R16-Aaron_Krickstein-Jimmy_Connors,Jimmy Connors,nonSnV2nd,54,32,1,1,0,11,3,3,8,0,408
19910902-M-US_Open-QF-Michael_Chang-Stefan_Edberg,Stefan Edberg,SnV,84,60,0,0,17,29,5,5,8,0,258
19910902-M-US_Open-QF-Michael_Chang-Stefan_Edberg,Stefan Edberg,SnV1st,50,41,0,0,16,18,4,3,3,0,145
19910902-M-US_Open-QF-Michael_Chang-Stefan_Edberg,Stefan Edberg,SnV2nd,34,19,0,0,1,11,1,2,5,0,113
19910902-M-US_Open-QF-Michael_Chang-Stefan_Edberg,Stefan Edberg,nonSnV,14,8,2,0,2,0,1,1,1,1,80
19910902-M-US_Open-QF-Michael_Chang-Stefan_Edberg,Stefan Edberg,nonSnV1st,4,4,2,0,2,0,0,0,0,0,4
19910902-M-US_Open-QF-Michael_Chang-Stefan_Edberg,Stefan Edberg,nonSnV2nd,10,4,0,0,0,0,1,1,1,1,76
19910901-M-US_Open-R16-Ivan_Lendl-Goran_Ivanisevic,Ivan Lendl,SnV,9,8,0,0,4,2,2,0,0,0,24
19910901-M-US_Open-R16-Ivan_Lendl-Goran_Ivanisevic,Ivan Lendl,SnV1st,9,8,0,0,4,2,2,0,0,0,24
19910901-M-US_Open-R16-Ivan_Lendl-Goran_Ivanisevic,Ivan Lendl,nonSnV,99,65,3,0,20,8,6,0,2,0,719
19910901-M-US_Open-R16-Ivan_Lendl-Goran_Ivanisevic,Ivan Lendl,nonSnV1st,54,43,3,0,20,4,4,0,1,0,259
19910901-M-US_Open-R16-Ivan_Lendl-Goran_Ivanisevic,Ivan Lendl,nonSnV2nd,45,22,0,0,0,4,2,0,1,0,460
19910901-M-US_Open-R16-Ivan_Lendl-Goran_Ivanisevic,Goran Ivanisevic,SnV,28,17,0,0,10,3,3,6,2,0,63
19910901-M-US_Open-R16-Ivan_Lendl-Goran_Ivanisevic,Goran Ivanisevic,SnV1st,22,15,0,0,10,3,2,4,1,0,49
19910901-M-US_Open-R16-Ivan_Lendl-Goran_Ivanisevic,Goran Ivanisevic,SnV2nd,6,2,0,0,0,0,1,2,1,0,14
19910901-M-US_Open-R16-Ivan_Lendl-Goran_Ivanisevic,Goran Ivanisevic,nonSnV,87,55,17,0,3,5,7,2,3,0,559
19910901-M-US_Open-R16-Ivan_Lendl-Goran_Ivanisevic,Goran Ivanisevic,nonSnV1st,32,26,17,0,3,2,2,0,1,0,94
19910901-M-US_Open-R16-Ivan_Lendl-Goran_Ivanisevic,Goran Ivanisevic,nonSnV2nd,55,29,0,0,0,3,5,2,2,0,465
19910830-M-US_Open-R32-John_Mcenroe-Michael_Chang,John Mcenroe,SnV,119,62,0,0,20,14,19,26,18,3,342
19910830-M-US_Open-R32-John_Mcenroe-Michael_Chang,John Mcenroe,SnV1st,83,40,0,0,15,11,13,21,14,2,254
19910830-M-US_Open-R32-John_Mcenroe-Michael_Chang,John Mcenroe,SnV2nd,36,22,0,0,5,3,6,5,4,1,88
19910830-M-US_Open-R32-John_Mcenroe-Michael_Chang,John Mcenroe,nonSnV,29,20,8,4,0,3,1,1,2,0,84
19910830-M-US_Open-R32-John_Mcenroe-Michael_Chang,John Mcenroe,nonSnV1st,12,12,8,4,0,0,0,0,0,0,12
19910830-M-US_Open-R32-John_Mcenroe-Michael_Chang,John Mcenroe,nonSnV2nd,17,8,0,0,0,3,1,1,2,0,72
19910829-M-US_Open-R64-Jimmy_Connors-Michiel_Schapers,Jimmy Connors,SnV,14,13,0,0,0,7,4,0,1,0,45
19910829-M-US_Open-R64-Jimmy_Connors-Michiel_Schapers,Jimmy Connors,SnV1st,12,12,0,0,0,6,4,0,0,0,38
19910829-M-US_Open-R64-Jimmy_Connors-Michiel_Schapers,Jimmy Connors,SnV2nd,2,1,0,0,0,1,0,0,1,0,7
19910829-M-US_Open-R64-Jimmy_Connors-Michiel_Schapers,Jimmy Connors,nonSnV,55,37,1,1,9,8,2,2,2,0,305
19910829-M-US_Open-R64-Jimmy_Connors-Michiel_Schapers,Jimmy Connors,nonSnV1st,38,25,1,1,8,6,0,2,1,0,213
19910829-M-US_Open-R64-Jimmy_Connors-Michiel_Schapers,Jimmy Connors,nonSnV2nd,17,12,0,0,1,2,2,0,1,0,92
19910829-M-US_Open-R64-Jimmy_Connors-Michiel_Schapers,Michiel Schapers,SnV,40,18,0,0,6,8,2,7,9,1,132
19910829-M-US_Open-R64-Jimmy_Connors-Michiel_Schapers,Michiel Schapers,SnV1st,32,14,0,0,5,5,2,5,7,1,104
19910829-M-US_Open-R64-Jimmy_Connors-Michiel_Schapers,Michiel Schapers,SnV2nd,8,4,0,0,1,3,0,2,2,0,28
19910829-M-US_Open-R64-Jimmy_Connors-Michiel_Schapers,Michiel Schapers,nonSnV,14,9,4,0,5,0,0,1,0,0,29
19910829-M-US_Open-R64-Jimmy_Connors-Michiel_Schapers,Michiel Schapers,nonSnV1st,10,9,4,0,5,0,0,0,0,0,11
19910829-M-US_Open-R64-Jimmy_Connors-Michiel_Schapers,Michiel Schapers,nonSnV2nd,4,0,0,0,0,0,0,1,0,0,18
19910827-M-US_Open-R128-Jimmy_Connors-Patrick_Mcenroe,Jimmy Connors,SnV,4,1,0,0,0,1,0,1,0,0,25
19910827-M-US_Open-R128-Jimmy_Connors-Patrick_Mcenroe,Jimmy Connors,SnV1st,4,1,0,0,0,1,0,1,0,0,25
19910827-M-US_Open-R128-Jimmy_Connors-Patrick_Mcenroe,Jimmy Connors,nonSnV,144,92,5,2,20,4,10,3,7,1,672
19910827-M-US_Open-R128-Jimmy_Connors-Patrick_Mcenroe,Jimmy Connors,nonSnV1st,97,62,5,2,19,3,7,3,6,0,456
19910827-M-US_Open-R128-Jimmy_Connors-Patrick_Mcenroe,Jimmy Connors,nonSnV2nd,47,30,0,0,1,1,3,0,1,1,216
19910827-M-US_Open-R128-Jimmy_Connors-Patrick_Mcenroe,Patrick Mcenroe,SnV,4,1,0,0,0,1,0,3,0,0,13
19910827-M-US_Open-R128-Jimmy_Connors-Patrick_Mcenroe,Patrick Mcenroe,SnV1st,4,1,0,0,0,1,0,3,0,0,13
19910827-M-US_Open-R128-Jimmy_Connors-Patrick_Mcenroe,Patrick Mcenroe,nonSnV,165,96,12,4,21,7,2,6,4,2,704
19910827-M-US_Open-R128-Jimmy_Connors-Patrick_Mcenroe,Patrick Mcenroe,nonSnV1st,90,63,12,4,21,5,0,3,2,1,311
19910827-M-US_Open-R128-Jimmy_Connors-Patrick_Mcenroe,Patrick Mcenroe,nonSnV2nd,75,33,0,0,0,2,2,3,2,1,393
19910127-M-Australian_Open-F-Ivan_Lendl-Boris_Becker,Boris Becker,SnV,23,14,0,0,7,3,3,0,2,1,56
19910127-M-Australian_Open-F-Ivan_Lendl-Boris_Becker,Boris Becker,SnV1st,18,13,0,0,7,3,3,0,2,0,43
19910127-M-Australian_Open-F-Ivan_Lendl-Boris_Becker,Boris Becker,SnV2nd,5,1,0,0,0,0,0,0,0,1,13
19910127-M-Australian_Open-F-Ivan_Lendl-Boris_Becker,Boris Becker,nonSnV,82,53,8,0,15,6,1,2,2,2,359
19910127-M-Australian_Open-F-Ivan_Lendl-Boris_Becker,Boris Becker,nonSnV1st,54,37,8,0,14,4,0,1,2,2,221
19910127-M-Australian_Open-F-Ivan_Lendl-Boris_Becker,Boris Becker,nonSnV2nd,28,16,0,0,1,2,1,1,0,0,138
19910126-M-Australian_Open-SF-Boris_Becker-Patrick_Mcenroe,Boris Becker,SnV,6,4,0,0,1,2,1,0,1,0,16
19910126-M-Australian_Open-SF-Boris_Becker-Patrick_Mcenroe,Boris Becker,SnV1st,6,4,0,0,1,2,1,0,1,0,16
19910126-M-Australian_Open-SF-Boris_Becker-Patrick_Mcenroe,Boris Becker,nonSnV,111,78,23,0,11,9,6,1,3,1,410
19910126-M-Australian_Open-SF-Boris_Becker-Patrick_Mcenroe,Boris Becker,nonSnV1st,75,57,23,0,11,7,4,1,3,1,249
19910126-M-Australian_Open-SF-Boris_Becker-Patrick_Mcenroe,Boris Becker,nonSnV2nd,36,21,0,0,0,2,2,0,0,0,161
19910126-M-Australian_Open-SF-Boris_Becker-Patrick_Mcenroe,Patrick Mcenroe,SnV,27,17,0,0,5,8,3,0,5,1,83
19910126-M-Australian_Open-SF-Boris_Becker-Patrick_Mcenroe,Patrick Mcenroe,SnV1st,27,17,0,0,5,8,3,0,5,1,83
19910126-M-Australian_Open-SF-Boris_Becker-Patrick_Mcenroe,Patrick Mcenroe,nonSnV,106,61,5,0,5,9,4,2,8,1,487
19910126-M-Australian_Open-SF-Boris_Becker-Patrick_Mcenroe,Patrick Mcenroe,nonSnV1st,47,26,5,0,4,5,2,2,5,1,206
19910126-M-Australian_Open-SF-Boris_Becker-Patrick_Mcenroe,Patrick Mcenroe,nonSnV2nd,59,35,0,0,1,4,2,0,3,0,281
19910125-M-Australian_Open-SF-Stefan_Edberg-Ivan_Lendl,Stefan Edberg,SnV,120,81,5,0,39,20,14,5,9,0,269
19910125-M-Australian_Open-SF-Stefan_Edberg-Ivan_Lendl,Stefan Edberg,SnV1st,85,59,5,0,31,12,9,3,8,0,185
19910125-M-Australian_Open-SF-Stefan_Edberg-Ivan_Lendl,Stefan Edberg,SnV2nd,35,22,0,0,8,8,5,2,1,0,84
19910125-M-Australian_Open-SF-Stefan_Edberg-Ivan_Lendl,Stefan Edberg,nonSnV,29,23,1,1,4,1,2,0,1,0,125
19910125-M-Australian_Open-SF-Stefan_Edberg-Ivan_Lendl,Stefan Edberg,nonSnV1st,11,10,1,1,4,0,1,0,1,0,30
19910125-M-Australian_Open-SF-Stefan_Edberg-Ivan_Lendl,Stefan Edberg,nonSnV2nd,18,13,0,0,0,1,1,0,0,0,95
19910125-M-Australian_Open-SF-Stefan_Edberg-Ivan_Lendl,Ivan Lendl,SnV,1,0,0,0,0,0,0,1,0,0,2
19910125-M-Australian_Open-SF-Stefan_Edberg-Ivan_Lendl,Ivan Lendl,SnV1st,1,0,0,0,0,0,0,1,0,0,2
19910125-M-Australian_Open-SF-Stefan_Edberg-Ivan_Lendl,Ivan Lendl,nonSnV,160,104,12,4,13,11,10,5,6,0,856
19910125-M-Australian_Open-SF-Stefan_Edberg-Ivan_Lendl,Ivan Lendl,nonSnV1st,90,67,11,4,12,8,7,1,3,0,423
19910125-M-Australian_Open-SF-Stefan_Edberg-Ivan_Lendl,Ivan Lendl,nonSnV2nd,70,37,1,0,1,3,3,4,3,0,433
19910123-M-Australian_Open-QF-Jaime_Yzaga-Stefan_Edberg,Jaime Yzaga,SnV,2,2,0,0,1,0,1,0,0,0,6
19910123-M-Australian_Open-QF-Jaime_Yzaga-Stefan_Edberg,Jaime Yzaga,SnV1st,2,2,0,0,1,0,1,0,0,0,6
19910123-M-Australian_Open-QF-Jaime_Yzaga-Stefan_Edberg,Jaime Yzaga,nonSnV,69,36,1,0,2,1,3,0,1,0,424
19910123-M-Australian_Open-QF-Jaime_Yzaga-Stefan_Edberg,Jaime Yzaga,nonSnV1st,43,24,1,0,2,1,1,0,0,0,284
19910123-M-Australian_Open-QF-Jaime_Yzaga-Stefan_Edberg,Jaime Yzaga,nonSnV2nd,26,12,0,0,0,0,2,0,1,0,140
19910123-M-Australian_Open-QF-Jaime_Yzaga-Stefan_Edberg,Stefan Edberg,SnV,56,42,0,0,18,9,10,1,5,0,128
19910123-M-Australian_Open-QF-Jaime_Yzaga-Stefan_Edberg,Stefan Edberg,SnV1st,43,31,0,0,18,6,7,1,4,0,95
19910123-M-Australian_Open-QF-Jaime_Yzaga-Stefan_Edberg,Stefan Edberg,SnV2nd,13,11,0,0,0,3,3,0,1,0,33
19910123-M-Australian_Open-QF-Jaime_Yzaga-Stefan_Edberg,Stefan Edberg,nonSnV,11,8,2,1,0,0,2,1,0,0,38
19910123-M-Australian_Open-QF-Jaime_Yzaga-Stefan_Edberg,Stefan Edberg,nonSnV1st,3,3,2,1,0,0,0,0,0,0,3
19910123-M-Australian_Open-QF-Jaime_Yzaga-Stefan_Edberg,Stefan Edberg,nonSnV2nd,8,5,0,0,0,0,2,1,0,0,35
19910122-M-Australian_Open-QF-Guy_Forget-Boris_Becker,Guy Forget,SnV,15,13,0,0,7,4,2,0,1,1,37
19910122-M-Australian_Open-QF-Guy_Forget-Boris_Becker,Guy Forget,SnV1st,13,11,0,0,6,4,1,0,1,1,33
19910122-M-Australian_Open-QF-Guy_Forget-Boris_Becker,Guy Forget,SnV2nd,2,2,0,0,1,0,1,0,0,0,4
19910122-M-Australian_Open-QF-Guy_Forget-Boris_Becker,Guy Forget,nonSnV,64,40,6,3,7,2,4,0,3,0,206
19910122-M-Australian_Open-QF-Guy_Forget-Boris_Becker,Guy Forget,nonSnV1st,20,14,5,3,3,0,3,0,1,0,48
19910122-M-Australian_Open-QF-Guy_Forget-Boris_Becker,Guy Forget,nonSnV2nd,44,26,1,0,4,2,1,0,2,0,158
19910122-M-Australian_Open-QF-Guy_Forget-Boris_Becker,Boris Becker,SnV,19,15,0,0,8,5,1,2,1,1,49
19910122-M-Australian_Open-QF-Guy_Forget-Boris_Becker,Boris Becker,SnV1st,17,13,0,0,8,4,1,2,1,1,43
19910122-M-Australian_Open-QF-Guy_Forget-Boris_Becker,Boris Becker,SnV2nd,2,2,0,0,0,1,0,0,0,0,6
19910122-M-Australian_Open-QF-Guy_Forget-Boris_Becker,Boris Becker,nonSnV,57,50,14,3,4,3,7,0,2,1,178
19910122-M-Australian_Open-QF-Guy_Forget-Boris_Becker,Boris Becker,nonSnV1st,27,25,13,3,2,2,2,0,2,0,73
19910122-M-Australian_Open-QF-Guy_Forget-Boris_Becker,Boris Becker,nonSnV2nd,30,25,1,0,2,1,5,0,0,1,105
19910119-M-Australian_Open-R32-Pat_Cash-Stefan_Edberg,Pat Cash,SnV,98,53,0,0,19,18,7,6,11,8,297
19910119-M-Australian_Open-R32-Pat_Cash-Stefan_Edberg,Pat Cash,SnV1st,70,40,0,0,19,13,4,5,8,6,202
19910119-M-Australian_Open-R32-Pat_Cash-Stefan_Edberg,Pat Cash,SnV2nd,28,13,0,0,0,5,3,1,3,2,95
19910119-M-Australian_Open-R32-Pat_Cash-Stefan_Edberg,Pat Cash,nonSnV,4,4,2,0,2,0,0,0,0,0,4
19910119-M-Australian_Open-R32-Pat_Cash-Stefan_Edberg,Pat Cash,nonSnV1st,4,4,2,0,2,0,0,0,0,0,4
19910119-M-Australian_Open-R32-Pat_Cash-Stefan_Edberg,Stefan Edberg,SnV,89,57,0,0,24,15,8,2,5,3,233
19910119-M-Australian_Open-R32-Pat_Cash-Stefan_Edberg,Stefan Edberg,SnV1st,64,42,0,0,23,10,6,2,3,3,162
19910119-M-Australian_Open-R32-Pat_Cash-Stefan_Edberg,Stefan Edberg,SnV2nd,25,15,0,0,1,5,2,0,2,0,71
19910119-M-Australian_Open-R32-Pat_Cash-Stefan_Edberg,Stefan Edberg,nonSnV,9,5,1,0,0,0,0,1,0,0,29
19910119-M-Australian_Open-R32-Pat_Cash-Stefan_Edberg,Stefan Edberg,nonSnV1st,3,3,1,0,0,0,0,0,0,0,7
19910119-M-Australian_Open-R32-Pat_Cash-Stefan_Edberg,Stefan Edberg,nonSnV2nd,6,2,0,0,0,0,0,1,0,0,22
19910118-M-Australian_Open-R32-Omar_Camporese-Boris_Becker,Omar Camporese,SnV,9,5,0,0,2,2,0,2,0,2,27
19910118-M-Australian_Open-R32-Omar_Camporese-Boris_Becker,Omar Camporese,SnV1st,2,1,0,0,1,0,0,0,0,1,5
19910118-M-Australian_Open-R32-Omar_Camporese-Boris_Becker,Omar Camporese,SnV2nd,7,4,0,0,1,2,0,2,0,1,22
19910118-M-Australian_Open-R32-Omar_Camporese-Boris_Becker,Omar Camporese,nonSnV,182,119,18,7,18,10,7,2,6,1,673
19910118-M-Australian_Open-R32-Omar_Camporese-Boris_Becker,Omar Camporese,nonSnV1st,93,68,15,7,16,6,4,2,2,1,304
19910118-M-Australian_Open-R32-Omar_Camporese-Boris_Becker,Omar Camporese,nonSnV2nd,89,51,3,0,2,4,3,0,4,0,369
19910118-M-Australian_Open-R32-Omar_Camporese-Boris_Becker,Boris Becker,SnV,37,21,0,0,10,5,3,5,3,0,85
19910118-M-Australian_Open-R32-Omar_Camporese-Boris_Becker,Boris Becker,SnV1st,27,16,0,0,10,4,2,3,2,0,62
19910118-M-Australian_Open-R32-Omar_Camporese-Boris_Becker,Boris Becker,SnV2nd,10,5,0,0,0,1,1,2,1,0,23
19910118-M-Australian_Open-R32-Omar_Camporese-Boris_Becker,Boris Becker,nonSnV,150,105,9,4,33,5,10,2,6,1,547
19910118-M-Australian_Open-R32-Omar_Camporese-Boris_Becker,Boris Becker,nonSnV1st,101,80,8,4,33,5,6,0,5,1,348
19910118-M-Australian_Open-R32-Omar_Camporese-Boris_Becker,Boris Becker,nonSnV2nd,49,25,1,0,0,0,4,2,1,0,199
19900909-M-US_Open-F-Andre_Agassi-Pete_Sampras,Pete Sampras,SnV,35,28,0,0,10,8,5,1,0,1,98
19900909-M-US_Open-F-Andre_Agassi-Pete_Sampras,Pete Sampras,SnV1st,25,22,0,0,9,5,4,0,0,0,70
19900909-M-US_Open-F-Andre_Agassi-Pete_Sampras,Pete Sampras,SnV2nd,10,6,0,0,1,3,1,1,0,1,28
19900909-M-US_Open-F-Andre_Agassi-Pete_Sampras,Pete Sampras,nonSnV,36,27,13,0,3,3,3,1,2,0,97
19900909-M-US_Open-F-Andre_Agassi-Pete_Sampras,Pete Sampras,nonSnV1st,13,13,12,0,1,0,0,0,0,0,13
19900909-M-US_Open-F-Andre_Agassi-Pete_Sampras,Pete Sampras,nonSnV2nd,23,14,1,0,2,3,3,1,2,0,84
19900908-M-US_Open-SF-John_Mcenroe-Pete_Sampras,John Mcenroe,SnV,91,56,0,0,22,10,10,4,8,3,226
19900908-M-US_Open-SF-John_Mcenroe-Pete_Sampras,John Mcenroe,SnV1st,58,35,0,0,20,5,5,3,6,1,135
19900908-M-US_Open-SF-John_Mcenroe-Pete_Sampras,John Mcenroe,SnV2nd,33,21,0,0,2,5,5,1,2,2,91
19900908-M-US_Open-SF-John_Mcenroe-Pete_Sampras,John Mcenroe,nonSnV,17,15,15,0,0,0,0,0,0,0,25
19900908-M-US_Open-SF-John_Mcenroe-Pete_Sampras,John Mcenroe,nonSnV1st,15,15,15,0,0,0,0,0,0,0,15
19900908-M-US_Open-SF-John_Mcenroe-Pete_Sampras,John Mcenroe,nonSnV2nd,2,0,0,0,0,0,0,0,0,0,10
19900908-M-US_Open-SF-John_Mcenroe-Pete_Sampras,Pete Sampras,SnV,54,37,0,0,19,10,3,3,8,1,149
19900908-M-US_Open-SF-John_Mcenroe-Pete_Sampras,Pete Sampras,SnV1st,41,31,0,0,17,10,2,1,5,0,111
19900908-M-US_Open-SF-John_Mcenroe-Pete_Sampras,Pete Sampras,SnV2nd,13,6,0,0,2,0,1,2,3,1,38
19900908-M-US_Open-SF-John_Mcenroe-Pete_Sampras,Pete Sampras,nonSnV,49,39,17,0,2,3,4,1,1,0,135
19900908-M-US_Open-SF-John_Mcenroe-Pete_Sampras,Pete Sampras,nonSnV1st,19,19,15,0,0,1,2,0,0,0,33
19900908-M-US_Open-SF-John_Mcenroe-Pete_Sampras,Pete Sampras,nonSnV2nd,30,20,2,0,2,2,2,1,1,0,102
19900908-M-US_Open-SF-Andre_Agassi-Boris_Becker,Andre Agassi,SnV,1,0,0,0,0,0,0,1,0,0,4
19900908-M-US_Open-SF-Andre_Agassi-Boris_Becker,Andre Agassi,SnV1st,1,0,0,0,0,0,0,1,0,0,4
19900908-M-US_Open-SF-Andre_Agassi-Boris_Becker,Andre Agassi,nonSnV,106,71,0,0,19,2,5,1,1,0,559
19900908-M-US_Open-SF-Andre_Agassi-Boris_Becker,Andre Agassi,nonSnV1st,74,53,0,0,18,1,4,1,0,0,383
19900908-M-US_Open-SF-Andre_Agassi-Boris_Becker,Andre Agassi,nonSnV2nd,32,18,0,0,1,1,1,0,1,0,176
19900908-M-US_Open-SF-Andre_Agassi-Boris_Becker,Boris Becker,SnV,10,4,0,0,0,2,1,1,1,0,32
19900908-M-US_Open-SF-Andre_Agassi-Boris_Becker,Boris Becker,SnV1st,10,4,0,0,0,2,1,1,1,0,32
19900908-M-US_Open-SF-Andre_Agassi-Boris_Becker,Boris Becker,nonSnV,125,70,6,0,14,4,4,2,5,4,571
19900908-M-US_Open-SF-Andre_Agassi-Boris_Becker,Boris Becker,nonSnV1st,68,45,6,0,13,3,4,0,2,0,246
19900908-M-US_Open-SF-Andre_Agassi-Boris_Becker,Boris Becker,nonSnV2nd,57,25,0,0,1,1,0,2,3,4,325
19900906-M-US_Open-QF-Andrei_Cherkasov-Andre_Agassi,Andre Agassi,SnV,2,1,0,0,0,1,0,1,0,0,5
19900906-M-US_Open-QF-Andrei_Cherkasov-Andre_Agassi,Andre Agassi,SnV1st,2,1,0,0,0,1,0,1,0,0,5
19900906-M-US_Open-QF-Andrei_Cherkasov-Andre_Agassi,Andre Agassi,nonSnV,68,48,3,1,7,4,3,0,3,1,374
19900906-M-US_Open-QF-Andrei_Cherkasov-Andre_Agassi,Andre Agassi,nonSnV1st,43,29,3,1,6,2,2,0,3,1,229
19900906-M-US_Open-QF-Andrei_Cherkasov-Andre_Agassi,Andre Agassi,nonSnV2nd,25,19,0,0,1,2,1,0,0,0,145
19900905-M-US_Open-QF-John_Mcenroe-David_Wheaton,John Mcenroe,SnV,60,45,0,0,8,17,9,3,6,2,179
19900905-M-US_Open-QF-John_Mcenroe-David_Wheaton,John Mcenroe,SnV1st,29,22,0,0,8,8,4,1,3,1,90
19900905-M-US_Open-QF-John_Mcenroe-David_Wheaton,John Mcenroe,SnV2nd,31,23,0,0,0,9,5,2,3,1,89
19900905-M-US_Open-QF-John_Mcenroe-David_Wheaton,John Mcenroe,nonSnV,12,10,4,6,0,0,0,0,0,0,14
19900905-M-US_Open-QF-John_Mcenroe-David_Wheaton,John Mcenroe,nonSnV1st,10,10,4,6,0,0,0,0,0,0,10
19900905-M-US_Open-QF-John_Mcenroe-David_Wheaton,John Mcenroe,nonSnV2nd,2,0,0,0,0,0,0,0,0,0,4
19900905-M-US_Open-QF-John_Mcenroe-David_Wheaton,David Wheaton,SnV,30,16,0,0,3,7,3,2,3,5,110
19900905-M-US_Open-QF-John_Mcenroe-David_Wheaton,David Wheaton,SnV1st,25,14,0,0,3,7,3,1,3,5,100
19900905-M-US_Open-QF-John_Mcenroe-David_Wheaton,David Wheaton,SnV2nd,5,2,0,0,0,0,0,1,0,0,10
19900905-M-US_Open-QF-John_Mcenroe-David_Wheaton,David Wheaton,nonSnV,52,34,4,4,10,2,3,1,2,1,164
19900905-M-US_Open-QF-John_Mcenroe-David_Wheaton,David Wheaton,nonSnV1st,28,22,4,4,8,1,2,1,0,0,68
19900905-M-US_Open-QF-John_Mcenroe-David_Wheaton,David Wheaton,nonSnV2nd,24,12,0,0,2,1,1,0,2,1,96
19900903-M-US_Open-R16-Darren_Cahill-Boris_Becker,Darren Cahill,SnV,116,64,0,0,16,27,17,22,16,3,378
19900903-M-US_Open-R16-Darren_Cahill-Boris_Becker,Darren Cahill,SnV1st,78,46,0,0,16,19,11,17,6,2,244
19900903-M-US_Open-R16-Darren_Cahill-Boris_Becker,Darren Cahill,SnV2nd,38,18,0,0,0,8,6,5,10,1,134
19900903-M-US_Open-R16-Darren_Cahill-Boris_Becker,Darren Cahill,nonSnV,42,28,7,6,1,1,4,3,2,2,190
19900903-M-US_Open-R16-Darren_Cahill-Boris_Becker,Darren Cahill,nonSnV1st,12,12,4,6,1,0,1,0,0,0,16
19900903-M-US_Open-R16-Darren_Cahill-Boris_Becker,Darren Cahill,nonSnV2nd,30,16,3,0,0,1,3,3,2,2,174
19900903-M-US_Open-R16-Darren_Cahill-Boris_Becker,Boris Becker,SnV,45,36,0,0,17,7,11,2,4,0,120
19900903-M-US_Open-R16-Darren_Cahill-Boris_Becker,Boris Becker,SnV1st,45,36,0,0,17,7,11,2,4,0,120
19900903-M-US_Open-R16-Darren_Cahill-Boris_Becker,Boris Becker,nonSnV,68,40,3,1,9,3,7,4,7,0,292
19900903-M-US_Open-R16-Darren_Cahill-Boris_Becker,Boris Becker,nonSnV1st,38,27,3,1,8,2,5,2,4,0,161
19900903-M-US_Open-R16-Darren_Cahill-Boris_Becker,Boris Becker,nonSnV2nd,30,13,0,0,1,1,2,2,3,0,131
19900902-M-US_Open-R16-John_Mcenroe-Emilio_Sanchez,John Mcenroe,SnV,134,92,0,2,33,29,16,9,12,9,364
19900902-M-US_Open-R16-John_Mcenroe-Emilio_Sanchez,John Mcenroe,SnV1st,78,57,0,2,27,19,7,6,7,4,201
19900902-M-US_Open-R16-John_Mcenroe-Emilio_Sanchez,John Mcenroe,SnV2nd,56,35,0,0,6,10,9,3,5,5,163
19900902-M-US_Open-R16-John_Mcenroe-Emilio_Sanchez,John Mcenroe,nonSnV,16,15,8,6,1,0,0,0,0,0,17
19900902-M-US_Open-R16-John_Mcenroe-Emilio_Sanchez,John Mcenroe,nonSnV1st,15,14,7,6,1,0,0,0,0,0,16
19900902-M-US_Open-R16-John_Mcenroe-Emilio_Sanchez,John Mcenroe,nonSnV2nd,1,1,1,0,0,0,0,0,0,0,1
19900902-M-US_Open-R16-John_Mcenroe-Emilio_Sanchez,Emilio Sanchez,SnV,48,38,1,0,13,11,6,3,4,1,136
19900902-M-US_Open-R16-John_Mcenroe-Emilio_Sanchez,Emilio Sanchez,SnV1st,39,34,1,0,12,11,5,2,2,0,104
19900902-M-US_Open-R16-John_Mcenroe-Emilio_Sanchez,Emilio Sanchez,SnV2nd,9,4,0,0,1,0,1,1,2,1,32
19900902-M-US_Open-R16-John_Mcenroe-Emilio_Sanchez,Emilio Sanchez,nonSnV,108,65,7,3,8,8,1,0,6,1,443
19900902-M-US_Open-R16-John_Mcenroe-Emilio_Sanchez,Emilio Sanchez,nonSnV1st,65,42,7,3,8,7,1,0,5,1,280
19900902-M-US_Open-R16-John_Mcenroe-Emilio_Sanchez,Emilio Sanchez,nonSnV2nd,43,23,0,0,0,1,0,0,1,0,163
19900901-M-US_Open-R32-Tomas_Carbonell-Boris_Becker,Tomas Carbonell,SnV,8,4,0,0,0,4,0,2,2,0,26
19900901-M-US_Open-R32-Tomas_Carbonell-Boris_Becker,Tomas Carbonell,SnV1st,8,4,0,0,0,4,0,2,2,0,26
19900901-M-US_Open-R32-Tomas_Carbonell-Boris_Becker,Tomas Carbonell,nonSnV,60,32,4,0,8,3,2,1,0,1,300
19900901-M-US_Open-R32-Tomas_Carbonell-Boris_Becker,Tomas Carbonell,nonSnV1st,34,20,4,0,8,2,0,1,0,0,126
19900901-M-US_Open-R32-Tomas_Carbonell-Boris_Becker,Tomas Carbonell,nonSnV2nd,26,12,0,0,0,1,2,0,0,1,174
19900901-M-US_Open-R32-Tomas_Carbonell-Boris_Becker,Boris Becker,SnV,25,22,0,0,10,9,0,1,0,0,54
19900901-M-US_Open-R32-Tomas_Carbonell-Boris_Becker,Boris Becker,SnV1st,24,21,0,0,10,9,0,1,0,0,53
19900901-M-US_Open-R32-Tomas_Carbonell-Boris_Becker,Boris Becker,SnV2nd,1,1,0,0,0,0,0,0,0,0,1
19900901-M-US_Open-R32-Tomas_Carbonell-Boris_Becker,Boris Becker,nonSnV,48,32,9,0,1,5,0,1,3,1,222
19900901-M-US_Open-R32-Tomas_Carbonell-Boris_Becker,Boris Becker,nonSnV1st,14,12,9,0,1,1,0,0,0,1,30
19900901-M-US_Open-R32-Tomas_Carbonell-Boris_Becker,Boris Becker,nonSnV2nd,34,20,0,0,0,4,0,1,3,0,192
19900830-M-US_Open-R64-Yannick_Noah-Boris_Becker,Yannick Noah,SnV,62,35,0,0,10,9,4,10,11,2,175
19900830-M-US_Open-R64-Yannick_Noah-Boris_Becker,Yannick Noah,SnV1st,20,14,0,0,9,2,1,2,2,1,48
19900830-M-US_Open-R64-Yannick_Noah-Boris_Becker,Yannick Noah,SnV2nd,42,21,0,0,1,7,3,8,9,1,127
19900830-M-US_Open-R64-Yannick_Noah-Boris_Becker,Yannick Noah,nonSnV,21,17,7,3,4,2,1,0,0,0,39
19900830-M-US_Open-R64-Yannick_Noah-Boris_Becker,Yannick Noah,nonSnV1st,15,14,6,3,3,2,0,0,0,0,26
19900830-M-US_Open-R64-Yannick_Noah-Boris_Becker,Yannick Noah,nonSnV2nd,6,3,1,0,1,0,1,0,0,0,13
19900830-M-US_Open-R64-Yannick_Noah-Boris_Becker,Boris Becker,SnV,25,19,0,0,5,8,5,3,0,0,75
19900830-M-US_Open-R64-Yannick_Noah-Boris_Becker,Boris Becker,SnV1st,22,17,0,0,5,8,3,3,0,0,67
19900830-M-US_Open-R64-Yannick_Noah-Boris_Becker,Boris Becker,SnV2nd,3,2,0,0,0,0,2,0,0,0,8
19900830-M-US_Open-R64-Yannick_Noah-Boris_Becker,Boris Becker,nonSnV,61,45,2,1,3,5,5,2,0,1,235
19900830-M-US_Open-R64-Yannick_Noah-Boris_Becker,Boris Becker,nonSnV1st,37,30,2,1,3,4,4,2,0,1,158
19900830-M-US_Open-R64-Yannick_Noah-Boris_Becker,Boris Becker,nonSnV2nd,24,15,0,0,0,1,1,0,0,0,77
19900829-M-US_Open-R64-Michael_Stich-Ivan_Lendl,Michael Stich,SnV,92,57,0,0,17,23,10,14,11,5,273
19900829-M-US_Open-R64-Michael_Stich-Ivan_Lendl,Michael Stich,SnV1st,66,45,0,0,17,18,9,10,5,3,189
19900829-M-US_Open-R64-Michael_Stich-Ivan_Lendl,Michael Stich,SnV2nd,26,12,0,0,0,5,1,4,6,2,84
19900829-M-US_Open-R64-Michael_Stich-Ivan_Lendl,Michael Stich,nonSnV,21,12,2,5,0,0,3,3,0,1,68
19900829-M-US_Open-R64-Michael_Stich-Ivan_Lendl,Michael Stich,nonSnV1st,7,7,2,5,0,0,0,0,0,0,7
19900829-M-US_Open-R64-Michael_Stich-Ivan_Lendl,Michael Stich,nonSnV2nd,14,5,0,0,0,0,3,3,0,1,61
19900203-M-Australian_Open-SF-Yannick_Noah-Ivan_Lendl,Yannick Noah,SnV,54,25,0,0,13,6,1,4,8,3,139
19900203-M-Australian_Open-SF-Yannick_Noah-Ivan_Lendl,Yannick Noah,SnV1st,24,12,0,0,9,1,0,0,5,0,58
19900203-M-Australian_Open-SF-Yannick_Noah-Ivan_Lendl,Yannick Noah,SnV2nd,30,13,0,0,4,5,1,4,3,3,81
19900203-M-Australian_Open-SF-Yannick_Noah-Ivan_Lendl,Yannick Noah,nonSnV,18,14,8,0,4,0,1,0,1,1,40
19900203-M-Australian_Open-SF-Yannick_Noah-Ivan_Lendl,Yannick Noah,nonSnV1st,15,12,8,0,4,0,0,0,0,1,28
19900203-M-Australian_Open-SF-Yannick_Noah-Ivan_Lendl,Yannick Noah,nonSnV2nd,3,2,0,0,0,0,1,0,1,0,12
19900203-M-Australian_Open-SF-Yannick_Noah-Ivan_Lendl,Ivan Lendl,SnV,8,7,0,0,0,4,1,0,1,0,27
19900203-M-Australian_Open-SF-Yannick_Noah-Ivan_Lendl,Ivan Lendl,SnV1st,8,7,0,0,0,4,1,0,1,0,27
19900203-M-Australian_Open-SF-Yannick_Noah-Ivan_Lendl,Ivan Lendl,nonSnV,56,45,3,0,3,4,5,1,1,0,259
19900203-M-Australian_Open-SF-Yannick_Noah-Ivan_Lendl,Ivan Lendl,nonSnV1st,35,30,2,0,1,4,5,1,0,0,174
19900203-M-Australian_Open-SF-Yannick_Noah-Ivan_Lendl,Ivan Lendl,nonSnV2nd,21,15,1,0,2,0,0,0,1,0,85
19900128-M-Australian_Open-F-Ivan_Lendl-Stefan_Edberg,Ivan Lendl,SnV,1,1,0,0,1,0,0,0,0,0,1
19900128-M-Australian_Open-F-Ivan_Lendl-Stefan_Edberg,Ivan Lendl,SnV1st,1,1,0,0,1,0,0,0,0,0,1
19900128-M-Australian_Open-F-Ivan_Lendl-Stefan_Edberg,Ivan Lendl,nonSnV,84,52,5,0,7,6,5,1,3,2,618
19900128-M-Australian_Open-F-Ivan_Lendl-Stefan_Edberg,Ivan Lendl,nonSnV1st,47,32,5,0,7,3,2,0,1,0,322
19900128-M-Australian_Open-F-Ivan_Lendl-Stefan_Edberg,Ivan Lendl,nonSnV2nd,37,20,0,0,0,3,3,1,2,2,296
19900128-M-Australian_Open-F-Ivan_Lendl-Stefan_Edberg,Stefan Edberg,SnV,71,41,0,0,15,9,12,6,8,3,195
19900128-M-Australian_Open-F-Ivan_Lendl-Stefan_Edberg,Stefan Edberg,SnV1st,59,33,0,0,14,8,8,4,8,3,163
19900128-M-Australian_Open-F-Ivan_Lendl-Stefan_Edberg,Stefan Edberg,SnV2nd,12,8,0,0,1,1,4,2,0,0,32
19900128-M-Australian_Open-F-Ivan_Lendl-Stefan_Edberg,Stefan Edberg,nonSnV,29,17,1,0,1,3,2,1,2,0,263
19900128-M-Australian_Open-F-Ivan_Lendl-Stefan_Edberg,Stefan Edberg,nonSnV1st,16,9,1,0,1,0,1,0,1,0,119
19900128-M-Australian_Open-F-Ivan_Lendl-Stefan_Edberg,Stefan Edberg,nonSnV2nd,13,8,0,0,0,3,1,1,1,0,144
19900127-M-Australian_Open-SF-Mats_Wilander-Stefan_Edberg,Mats Wilander,SnV,6,5,0,0,3,0,1,0,1,0,13
19900127-M-Australian_Open-SF-Mats_Wilander-Stefan_Edberg,Mats Wilander,SnV1st,6,5,0,0,3,0,1,0,1,0,13
19900127-M-Australian_Open-SF-Mats_Wilander-Stefan_Edberg,Mats Wilander,nonSnV,63,27,3,0,2,2,1,2,6,2,387
19900127-M-Australian_Open-SF-Mats_Wilander-Stefan_Edberg,Mats Wilander,nonSnV1st,38,19,3,0,2,1,1,2,3,2,197
19900127-M-Australian_Open-SF-Mats_Wilander-Stefan_Edberg,Mats Wilander,nonSnV2nd,25,8,0,0,0,1,0,0,3,0,190
19900127-M-Australian_Open-SF-Mats_Wilander-Stefan_Edberg,Stefan Edberg,SnV,55,45,0,0,13,25,2,2,3,0,151
19900127-M-Australian_Open-SF-Mats_Wilander-Stefan_Edberg,Stefan Edberg,SnV1st,44,36,0,0,13,19,2,2,3,0,120
19900127-M-Australian_Open-SF-Mats_Wilander-Stefan_Edberg,Stefan Edberg,SnV2nd,11,9,0,0,0,6,0,0,0,0,31
19900122-M-Australian_Open-R16-Jonas_Svensson-Stefan_Edberg,Jonas Svensson,SnV,5,3,0,0,1,1,1,0,1,0,17
19900122-M-Australian_Open-R16-Jonas_Svensson-Stefan_Edberg,Jonas Svensson,SnV1st,5,3,0,0,1,1,1,0,1,0,17
19900122-M-Australian_Open-R16-Jonas_Svensson-Stefan_Edberg,Jonas Svensson,nonSnV,78,47,0,1,6,1,9,1,4,1,473
19900122-M-Australian_Open-R16-Jonas_Svensson-Stefan_Edberg,Jonas Svensson,nonSnV1st,49,31,0,1,6,1,6,1,2,1,321
19900122-M-Australian_Open-R16-Jonas_Svensson-Stefan_Edberg,Jonas Svensson,nonSnV2nd,29,16,0,0,0,0,3,0,2,0,152
19900122-M-Australian_Open-R16-Jonas_Svensson-Stefan_Edberg,Stefan Edberg,SnV,72,52,0,0,15,22,9,7,5,0,194
19900122-M-Australian_Open-R16-Jonas_Svensson-Stefan_Edberg,Stefan Edberg,SnV1st,54,39,0,0,15,17,7,6,4,0,149
19900122-M-Australian_Open-R16-Jonas_Svensson-Stefan_Edberg,Stefan Edberg,SnV2nd,18,13,0,0,0,5,2,1,1,0,45
19900122-M-Australian_Open-R16-Jonas_Svensson-Stefan_Edberg,Stefan Edberg,nonSnV,4,3,1,2,0,0,0,0,1,0,9
19900122-M-Australian_Open-R16-Jonas_Svensson-Stefan_Edberg,Stefan Edberg,nonSnV1st,3,3,1,2,0,0,0,0,0,0,3
19900122-M-Australian_Open-R16-Jonas_Svensson-Stefan_Edberg,Stefan Edberg,nonSnV2nd,1,0,0,0,0,0,0,0,1,0,6
19900122-M-Australian_Open-R16-Boris_Becker-Miloslav_Mecir,Boris Becker,SnV,27,17,0,0,8,5,4,4,3,1,75
19900122-M-Australian_Open-R16-Boris_Becker-Miloslav_Mecir,Boris Becker,SnV1st,20,12,0,0,7,1,4,4,3,1,56
19900122-M-Australian_Open-R16-Boris_Becker-Miloslav_Mecir,Boris Becker,SnV2nd,7,5,0,0,1,4,0,0,0,0,19
19900122-M-Australian_Open-R16-Boris_Becker-Miloslav_Mecir,Boris Becker,nonSnV,108,71,10,11,7,3,2,1,4,0,597
19900122-M-Australian_Open-R16-Boris_Becker-Miloslav_Mecir,Boris Becker,nonSnV1st,44,36,10,11,7,1,1,0,2,0,140
19900122-M-Australian_Open-R16-Boris_Becker-Miloslav_Mecir,Boris Becker,nonSnV2nd,64,35,0,0,0,2,1,1,2,0,457
19900122-M-Australian_Open-R16-Boris_Becker-Miloslav_Mecir,Miloslav Mecir,SnV,3,1,0,0,0,1,0,1,0,0,11
19900122-M-Australian_Open-R16-Boris_Becker-Miloslav_Mecir,Miloslav Mecir,SnV1st,1,1,0,0,0,1,0,0,0,0,3
19900122-M-Australian_Open-R16-Boris_Becker-Miloslav_Mecir,Miloslav Mecir,SnV2nd,2,0,0,0,0,0,0,1,0,0,8
19900122-M-Australian_Open-R16-Boris_Becker-Miloslav_Mecir,Miloslav Mecir,nonSnV,152,83,3,1,16,9,8,6,4,1,737
19900122-M-Australian_Open-R16-Boris_Becker-Miloslav_Mecir,Miloslav Mecir,nonSnV1st,81,50,3,1,16,3,7,3,1,1,372
19900122-M-Australian_Open-R16-Boris_Becker-Miloslav_Mecir,Miloslav Mecir,nonSnV2nd,71,33,0,0,0,6,1,3,3,0,365
19900121-M-Australian_Open-R16-John_Mcenroe-Mikael_Pernfors,John Mcenroe,SnV,60,32,0,0,16,11,5,8,11,2,156
19900121-M-Australian_Open-R16-John_Mcenroe-Mikael_Pernfors,John Mcenroe,SnV1st,44,24,0,0,13,9,2,7,9,1,116
19900121-M-Australian_Open-R16-John_Mcenroe-Mikael_Pernfors,John Mcenroe,SnV2nd,16,8,0,0,3,2,3,1,2,1,40
19900121-M-Australian_Open-R16-John_Mcenroe-Mikael_Pernfors,John Mcenroe,nonSnV,54,37,6,1,6,1,11,1,2,0,219
19900121-M-Australian_Open-R16-John_Mcenroe-Mikael_Pernfors,John Mcenroe,nonSnV1st,13,11,6,1,3,0,1,0,0,0,23
19900121-M-Australian_Open-R16-John_Mcenroe-Mikael_Pernfors,John Mcenroe,nonSnV2nd,41,26,0,0,3,1,10,1,2,0,196
19890910-M-US_Open-F-Boris_Becker-Ivan_Lendl,Boris Becker,SnV,91,60,3,0,32,12,8,6,11,2,232
19890910-M-US_Open-F-Boris_Becker-Ivan_Lendl,Boris Becker,SnV1st,65,49,3,0,29,8,5,5,6,1,147
19890910-M-US_Open-F-Boris_Becker-Ivan_Lendl,Boris Becker,SnV2nd,26,11,0,0,3,4,3,1,5,1,85
19890910-M-US_Open-F-Boris_Becker-Ivan_Lendl,Boris Becker,nonSnV,41,26,6,0,6,1,2,0,3,0,212
19890910-M-US_Open-F-Boris_Becker-Ivan_Lendl,Boris Becker,nonSnV1st,14,12,6,0,5,0,0,0,1,0,26
19890910-M-US_Open-F-Boris_Becker-Ivan_Lendl,Boris Becker,nonSnV2nd,27,14,0,0,1,1,2,0,2,0,186
19890910-M-US_Open-F-Boris_Becker-Ivan_Lendl,Ivan Lendl,SnV,6,4,0,0,2,1,0,0,1,0,18
19890910-M-US_Open-F-Boris_Becker-Ivan_Lendl,Ivan Lendl,SnV1st,6,4,0,0,2,1,0,0,1,0,18
19890910-M-US_Open-F-Boris_Becker-Ivan_Lendl,Ivan Lendl,nonSnV,114,73,4,0,16,7,1,1,1,0,575
19890910-M-US_Open-F-Boris_Becker-Ivan_Lendl,Ivan Lendl,nonSnV1st,73,46,3,0,15,7,1,1,0,0,362
19890910-M-US_Open-F-Boris_Becker-Ivan_Lendl,Ivan Lendl,nonSnV2nd,41,27,1,0,1,0,0,0,1,0,213
19890909-M-US_Open-SF-Boris_Becker-Aaron_Krickstein,Boris Becker,SnV,26,18,0,0,8,5,4,1,0,2,68
19890909-M-US_Open-SF-Boris_Becker-Aaron_Krickstein,Boris Becker,SnV1st,21,15,0,0,8,4,3,0,0,2,51
19890909-M-US_Open-SF-Boris_Becker-Aaron_Krickstein,Boris Becker,SnV2nd,5,3,0,0,0,1,1,1,0,0,17
19890909-M-US_Open-SF-Boris_Becker-Aaron_Krickstein,Boris Becker,nonSnV,79,47,9,0,7,6,1,2,4,2,437
19890909-M-US_Open-SF-Boris_Becker-Aaron_Krickstein,Boris Becker,nonSnV1st,29,21,9,0,6,1,1,1,0,1,113
19890909-M-US_Open-SF-Boris_Becker-Aaron_Krickstein,Boris Becker,nonSnV2nd,50,26,0,0,1,5,0,1,4,1,324
19890909-M-US_Open-SF-Boris_Becker-Aaron_Krickstein,Aaron Krickstein,SnV,6,2,0,0,1,1,0,1,1,1,16
19890909-M-US_Open-SF-Boris_Becker-Aaron_Krickstein,Aaron Krickstein,SnV1st,2,2,0,0,1,1,0,0,0,0,4
19890909-M-US_Open-SF-Boris_Becker-Aaron_Krickstein,Aaron Krickstein,SnV2nd,4,0,0,0,0,0,0,1,1,1,12
19890909-M-US_Open-SF-Boris_Becker-Aaron_Krickstein,Aaron Krickstein,nonSnV,86,49,6,0,7,2,6,1,5,1,495
19890909-M-US_Open-SF-Boris_Becker-Aaron_Krickstein,Aaron Krickstein,nonSnV1st,41,29,5,0,7,2,4,0,4,0,199
19890909-M-US_Open-SF-Boris_Becker-Aaron_Krickstein,Aaron Krickstein,nonSnV2nd,45,20,1,0,0,0,2,1,1,1,296
19890909-M-US_Open-SF-Andre_Agassi-Ivan_Lendl,Andre Agassi,SnV,9,6,0,0,5,0,1,2,1,0,16
19890909-M-US_Open-SF-Andre_Agassi-Ivan_Lendl,Andre Agassi,SnV1st,9,6,0,0,5,0,1,2,1,0,16
19890909-M-US_Open-SF-Andre_Agassi-Ivan_Lendl,Andre Agassi,nonSnV,98,59,10,0,15,2,2,1,4,1,427
19890909-M-US_Open-SF-Andre_Agassi-Ivan_Lendl,Andre Agassi,nonSnV1st,46,32,10,0,13,0,1,0,1,0,144
19890909-M-US_Open-SF-Andre_Agassi-Ivan_Lendl,Andre Agassi,nonSnV2nd,52,27,0,0,2,2,1,1,3,1,283
19890909-M-US_Open-SF-Andre_Agassi-Ivan_Lendl,Ivan Lendl,SnV,2,1,0,0,0,1,0,0,0,0,5
19890909-M-US_Open-SF-Andre_Agassi-Ivan_Lendl,Ivan Lendl,SnV1st,2,1,0,0,0,1,0,0,0,0,5
19890909-M-US_Open-SF-Andre_Agassi-Ivan_Lendl,Ivan Lendl,nonSnV,107,77,19,0,16,5,4,1,3,0,469
19890909-M-US_Open-SF-Andre_Agassi-Ivan_Lendl,Ivan Lendl,nonSnV1st,53,46,19,0,14,4,1,0,2,0,138
19890909-M-US_Open-SF-Andre_Agassi-Ivan_Lendl,Ivan Lendl,nonSnV2nd,54,31,0,0,2,1,3,1,1,0,331
19890907-M-US_Open-SF-Tim_Mayotte-Ivan_Lendl,Tim Mayotte,SnV,50,26,0,0,9,7,8,3,6,4,146
19890907-M-US_Open-SF-Tim_Mayotte-Ivan_Lendl,Tim Mayotte,SnV1st,41,21,0,0,9,5,7,3,4,4,113
19890907-M-US_Open-SF-Tim_Mayotte-Ivan_Lendl,Tim Mayotte,SnV2nd,9,5,0,0,0,2,1,0,2,0,33
19890907-M-US_Open-SF-Tim_Mayotte-Ivan_Lendl,Tim Mayotte,nonSnV,22,12,1,0,4,0,2,2,0,0,88
19890907-M-US_Open-SF-Tim_Mayotte-Ivan_Lendl,Tim Mayotte,nonSnV1st,12,7,1,0,4,0,2,0,0,0,41
19890907-M-US_Open-SF-Tim_Mayotte-Ivan_Lendl,Tim Mayotte,nonSnV2nd,10,5,0,0,0,0,0,2,0,0,47
19890907-M-US_Open-SF-Tim_Mayotte-Ivan_Lendl,Ivan Lendl,SnV,1,1,0,0,0,0,0,0,0,0,3
19890907-M-US_Open-SF-Tim_Mayotte-Ivan_Lendl,Ivan Lendl,SnV1st,1,1,0,0,0,0,0,0,0,0,3
19890907-M-US_Open-SF-Tim_Mayotte-Ivan_Lendl,Ivan Lendl,nonSnV,67,48,1,0,14,3,3,1,1,0,342
19890907-M-US_Open-SF-Tim_Mayotte-Ivan_Lendl,Ivan Lendl,nonSnV1st,50,39,1,0,13,3,3,1,0,0,285
19890907-M-US_Open-SF-Tim_Mayotte-Ivan_Lendl,Ivan Lendl,nonSnV2nd,17,9,0,0,1,0,0,0,1,0,57
19890905-M-US_Open-R16-Jimmy_Connors-Stefan_Edberg,Jimmy Connors,SnV,9,5,0,0,2,3,0,1,3,0,35
19890905-M-US_Open-R16-Jimmy_Connors-Stefan_Edberg,Jimmy Connors,SnV1st,8,5,0,0,2,3,0,0,3,0,33
19890905-M-US_Open-R16-Jimmy_Connors-Stefan_Edberg,Jimmy Connors,SnV2nd,1,0,0,0,0,0,0,1,0,0,2
19890905-M-US_Open-R16-Jimmy_Connors-Stefan_Edberg,Jimmy Connors,nonSnV,64,43,0,0,13,4,1,0,3,0,391
19890905-M-US_Open-R16-Jimmy_Connors-Stefan_Edberg,Jimmy Connors,nonSnV1st,50,36,0,0,13,4,1,0,3,0,316
19890905-M-US_Open-R16-Jimmy_Connors-Stefan_Edberg,Jimmy Connors,nonSnV2nd,14,7,0,0,0,0,0,0,0,0,75
19890905-M-US_Open-R16-Jimmy_Connors-Stefan_Edberg,Stefan Edberg,SnV,37,16,0,0,9,3,2,4,3,2,90
19890905-M-US_Open-R16-Jimmy_Connors-Stefan_Edberg,Stefan Edberg,SnV1st,28,14,0,0,9,2,2,3,3,2,70
19890905-M-US_Open-R16-Jimmy_Connors-Stefan_Edberg,Stefan Edberg,SnV2nd,9,2,0,0,0,1,0,1,0,0,20
19890905-M-US_Open-R16-Jimmy_Connors-Stefan_Edberg,Stefan Edberg,nonSnV,21,10,2,0,3,1,0,0,2,0,86
19890905-M-US_Open-R16-Jimmy_Connors-Stefan_Edberg,Stefan Edberg,nonSnV1st,6,5,2,0,3,0,0,0,0,0,11
19890905-M-US_Open-R16-Jimmy_Connors-Stefan_Edberg,Stefan Edberg,nonSnV2nd,15,5,0,0,0,1,0,0,2,0,75
19890127-M-Australian_Open-SF-Thomas_Muster-Ivan_Lendl,Thomas Muster,SnV,5,3,0,0,2,0,1,0,0,1,11
19890127-M-Australian_Open-SF-Thomas_Muster-Ivan_Lendl,Thomas Muster,SnV1st,4,3,0,0,2,0,1,0,0,1,9
19890127-M-Australian_Open-SF-Thomas_Muster-Ivan_Lendl,Thomas Muster,SnV2nd,1,0,0,0,0,0,0,0,0,0,2
19890127-M-Australian_Open-SF-Thomas_Muster-Ivan_Lendl,Thomas Muster,nonSnV,113,74,8,0,18,6,0,1,2,1,662
19890127-M-Australian_Open-SF-Thomas_Muster-Ivan_Lendl,Thomas Muster,nonSnV1st,74,54,7,0,17,3,0,1,1,1,438
19890127-M-Australian_Open-SF-Thomas_Muster-Ivan_Lendl,Thomas Muster,nonSnV2nd,39,20,1,0,1,3,0,0,1,0,224
19890127-M-Australian_Open-SF-Thomas_Muster-Ivan_Lendl,Ivan Lendl,SnV,9,6,0,0,3,2,0,1,1,0,36
19890127-M-Australian_Open-SF-Thomas_Muster-Ivan_Lendl,Ivan Lendl,SnV1st,8,6,0,0,3,2,0,1,0,0,32
19890127-M-Australian_Open-SF-Thomas_Muster-Ivan_Lendl,Ivan Lendl,SnV2nd,1,0,0,0,0,0,0,0,1,0,4
19890127-M-Australian_Open-SF-Thomas_Muster-Ivan_Lendl,Ivan Lendl,nonSnV,111,81,17,0,18,7,5,2,4,1,527
19890127-M-Australian_Open-SF-Thomas_Muster-Ivan_Lendl,Ivan Lendl,nonSnV1st,62,46,15,0,16,1,5,1,2,0,188
19890127-M-Australian_Open-SF-Thomas_Muster-Ivan_Lendl,Ivan Lendl,nonSnV2nd,49,35,2,0,2,6,0,1,2,1,339
19890127-M-Australian_Open-SF-Jan_Gunnarsson-Miloslav_Mecir,Jan Gunnarsson,SnV,11,5,0,0,1,3,1,0,3,0,37
19890127-M-Australian_Open-SF-Jan_Gunnarsson-Miloslav_Mecir,Jan Gunnarsson,SnV1st,11,5,0,0,1,3,1,0,3,0,37
19890127-M-Australian_Open-SF-Jan_Gunnarsson-Miloslav_Mecir,Jan Gunnarsson,nonSnV,72,38,4,0,9,2,4,2,3,5,294
19890127-M-Australian_Open-SF-Jan_Gunnarsson-Miloslav_Mecir,Jan Gunnarsson,nonSnV1st,23,14,4,0,9,0,1,0,1,2,50
19890127-M-Australian_Open-SF-Jan_Gunnarsson-Miloslav_Mecir,Jan Gunnarsson,nonSnV2nd,49,24,0,0,0,2,3,2,2,3,244
19890125-M-Australian_Open-QF-Ivan_Lendl-John_Mcenroe,Ivan Lendl,SnV,2,0,0,0,0,0,0,0,0,0,4
19890125-M-Australian_Open-QF-Ivan_Lendl-John_Mcenroe,Ivan Lendl,SnV1st,1,0,0,0,0,0,0,0,0,0,2
19890125-M-Australian_Open-QF-Ivan_Lendl-John_Mcenroe,Ivan Lendl,SnV2nd,1,0,0,0,0,0,0,0,0,0,2
19890125-M-Australian_Open-QF-Ivan_Lendl-John_Mcenroe,Ivan Lendl,nonSnV,85,72,8,0,10,2,3,0,0,0,282
19890125-M-Australian_Open-QF-Ivan_Lendl-John_Mcenroe,Ivan Lendl,nonSnV1st,51,42,8,0,9,1,2,0,0,0,176
19890125-M-Australian_Open-QF-Ivan_Lendl-John_Mcenroe,Ivan Lendl,nonSnV2nd,34,30,0,0,1,1,1,0,0,0,106
19890125-M-Australian_Open-QF-Ivan_Lendl-John_Mcenroe,John Mcenroe,SnV,83,53,0,0,21,15,7,5,12,2,209
19890125-M-Australian_Open-QF-Ivan_Lendl-John_Mcenroe,John Mcenroe,SnV1st,58,41,0,0,20,14,6,2,8,0,155
19890125-M-Australian_Open-QF-Ivan_Lendl-John_Mcenroe,John Mcenroe,SnV2nd,25,12,0,0,1,1,1,3,4,2,54
19890125-M-Australian_Open-QF-Ivan_Lendl-John_Mcenroe,John Mcenroe,nonSnV,22,13,3,0,1,1,1,1,2,1,77
19890125-M-Australian_Open-QF-Ivan_Lendl-John_Mcenroe,John Mcenroe,nonSnV1st,6,6,3,0,1,0,0,0,0,0,14
19890125-M-Australian_Open-QF-Ivan_Lendl-John_Mcenroe,John Mcenroe,nonSnV2nd,16,7,0,0,0,1,1,1,2,1,63
19890123-M-Australian_Open-R16-Jonas_Svensson-Boris_Becker,Jonas Svensson,SnV,4,3,0,0,1,0,2,0,1,0,11
19890123-M-Australian_Open-R16-Jonas_Svensson-Boris_Becker,Jonas Svensson,SnV1st,4,3,0,0,1,0,2,0,1,0,11
19890123-M-Australian_Open-R16-Jonas_Svensson-Boris_Becker,Jonas Svensson,nonSnV,74,61,3,2,10,7,2,1,2,0,297
19890123-M-Australian_Open-R16-Jonas_Svensson-Boris_Becker,Jonas Svensson,nonSnV1st,44,39,3,2,10,2,1,1,2,0,163
19890123-M-Australian_Open-R16-Jonas_Svensson-Boris_Becker,Jonas Svensson,nonSnV2nd,30,22,0,0,0,5,1,0,0,0,134
19890123-M-Australian_Open-R16-Jonas_Svensson-Boris_Becker,Boris Becker,SnV,26,17,0,0,9,6,0,3,2,0,61
19890123-M-Australian_Open-R16-Jonas_Svensson-Boris_Becker,Boris Becker,SnV1st,22,14,0,0,8,4,0,3,2,0,52
19890123-M-Australian_Open-R16-Jonas_Svensson-Boris_Becker,Boris Becker,SnV2nd,4,3,0,0,1,2,0,0,0,0,9
19890123-M-Australian_Open-R16-Jonas_Svensson-Boris_Becker,Boris Becker,nonSnV,67,46,6,1,6,7,4,1,1,2,286
19890123-M-Australian_Open-R16-Jonas_Svensson-Boris_Becker,Boris Becker,nonSnV1st,24,20,5,1,5,4,0,0,0,0,80
19890123-M-Australian_Open-R16-Jonas_Svensson-Boris_Becker,Boris Becker,nonSnV2nd,43,26,1,0,1,3,4,1,1,2,206
19880911-M-US_Open-F-Mats_Wilander-Ivan_Lendl,Mats Wilander,SnV,61,38,0,0,11,9,7,0,13,3,210
19880911-M-US_Open-F-Mats_Wilander-Ivan_Lendl,Mats Wilander,SnV1st,59,36,0,0,11,8,7,0,13,3,206
19880911-M-US_Open-F-Mats_Wilander-Ivan_Lendl,Mats Wilander,SnV2nd,2,2,0,0,0,1,0,0,0,0,4
19880911-M-US_Open-F-Mats_Wilander-Ivan_Lendl,Mats Wilander,nonSnV,120,72,2,0,7,4,5,3,12,2,1246
19880911-M-US_Open-F-Mats_Wilander-Ivan_Lendl,Mats Wilander,nonSnV1st,97,58,2,0,7,3,4,2,10,1,1026
19880911-M-US_Open-F-Mats_Wilander-Ivan_Lendl,Mats Wilander,nonSnV2nd,23,14,0,0,0,1,1,1,2,1,220
19880911-M-US_Open-F-Mats_Wilander-Ivan_Lendl,Ivan Lendl,SnV,5,5,0,0,2,2,1,0,0,0,13
19880911-M-US_Open-F-Mats_Wilander-Ivan_Lendl,Ivan Lendl,SnV1st,5,5,0,0,2,2,1,0,0,0,13
19880911-M-US_Open-F-Mats_Wilander-Ivan_Lendl,Ivan Lendl,nonSnV,139,85,9,0,10,15,7,5,7,1,1023
19880911-M-US_Open-F-Mats_Wilander-Ivan_Lendl,Ivan Lendl,nonSnV1st,58,41,9,0,9,7,2,5,4,0,323
19880911-M-US_Open-F-Mats_Wilander-Ivan_Lendl,Ivan Lendl,nonSnV2nd,81,44,0,0,1,8,5,0,3,1,700
19880910-M-US_Open-SF-Andre_Agassi-Ivan_Lendl,Andre Agassi,SnV,5,2,0,0,2,0,0,1,1,0,10
19880910-M-US_Open-SF-Andre_Agassi-Ivan_Lendl,Andre Agassi,SnV1st,4,1,0,0,1,0,0,1,1,0,9
19880910-M-US_Open-SF-Andre_Agassi-Ivan_Lendl,Andre Agassi,SnV2nd,1,1,0,0,1,0,0,0,0,0,1
19880910-M-US_Open-SF-Andre_Agassi-Ivan_Lendl,Andre Agassi,nonSnV,97,58,1,0,13,1,6,3,2,0,520
19880910-M-US_Open-SF-Andre_Agassi-Ivan_Lendl,Andre Agassi,nonSnV1st,54,34,1,0,12,1,1,0,2,0,298
19880910-M-US_Open-SF-Andre_Agassi-Ivan_Lendl,Andre Agassi,nonSnV2nd,43,24,0,0,1,0,5,3,0,0,222
19880901-M-US_Open-R64-John_Mcenroe-Mark_Woodforde,John Mcenroe,SnV,102,55,0,0,16,15,14,23,10,1,327
19880901-M-US_Open-R64-John_Mcenroe-Mark_Woodforde,John Mcenroe,SnV1st,63,35,0,0,15,10,8,15,4,0,199
19880901-M-US_Open-R64-John_Mcenroe-Mark_Woodforde,John Mcenroe,SnV2nd,39,20,0,0,1,5,6,8,6,1,128
19880901-M-US_Open-R64-John_Mcenroe-Mark_Woodforde,John Mcenroe,nonSnV,17,10,6,0,0,0,0,0,0,0,70
19880901-M-US_Open-R64-John_Mcenroe-Mark_Woodforde,John Mcenroe,nonSnV1st,6,6,6,0,0,0,0,0,0,0,6
19880901-M-US_Open-R64-John_Mcenroe-Mark_Woodforde,John Mcenroe,nonSnV2nd,11,4,0,0,0,0,0,0,0,0,64
19880901-M-US_Open-R64-John_Mcenroe-Mark_Woodforde,Mark Woodforde,SnV,72,40,0,0,11,15,13,17,5,2,210
19880901-M-US_Open-R64-John_Mcenroe-Mark_Woodforde,Mark Woodforde,SnV1st,69,40,0,0,11,15,13,17,5,2,204
19880901-M-US_Open-R64-John_Mcenroe-Mark_Woodforde,Mark Woodforde,SnV2nd,3,0,0,0,0,0,0,0,0,0,6
19880901-M-US_Open-R64-John_Mcenroe-Mark_Woodforde,Mark Woodforde,nonSnV,66,40,1,2,2,1,3,2,1,1,304
19880901-M-US_Open-R64-John_Mcenroe-Mark_Woodforde,Mark Woodforde,nonSnV1st,20,13,1,2,2,0,1,1,0,0,99
19880901-M-US_Open-R64-John_Mcenroe-Mark_Woodforde,Mark Woodforde,nonSnV2nd,46,27,0,0,0,1,2,1,1,1,205
19880124-M-Australian_Open-F-Pat_Cash-Mats_Wilander,Pat Cash,SnV,151,98,4,0,30,33,9,13,9,6,444
19880124-M-Australian_Open-F-Pat_Cash-Mats_Wilander,Pat Cash,SnV1st,106,72,4,0,27,26,7,9,7,4,314
19880124-M-Australian_Open-F-Pat_Cash-Mats_Wilander,Pat Cash,SnV2nd,45,26,0,0,3,7,2,4,2,2,130
19880124-M-Australian_Open-F-Pat_Cash-Mats_Wilander,Pat Cash,nonSnV,18,8,0,0,0,3,1,1,1,1,98
19880124-M-Australian_Open-F-Pat_Cash-Mats_Wilander,Pat Cash,nonSnV2nd,18,8,0,0,0,3,1,1,1,1,98
19880124-M-Australian_Open-F-Pat_Cash-Mats_Wilander,Mats Wilander,SnV,46,34,0,0,12,8,7,1,5,2,136
19880124-M-Australian_Open-F-Pat_Cash-Mats_Wilander,Mats Wilander,SnV1st,42,32,0,0,12,8,7,1,4,1,122
19880124-M-Australian_Open-F-Pat_Cash-Mats_Wilander,Mats Wilander,SnV2nd,4,2,0,0,0,0,0,0,1,1,14
19880124-M-Australian_Open-F-Pat_Cash-Mats_Wilander,Mats Wilander,nonSnV,105,69,2,0,16,3,6,6,7,2,578
19880124-M-Australian_Open-F-Pat_Cash-Mats_Wilander,Mats Wilander,nonSnV1st,75,52,2,0,16,3,6,6,6,1,467
19880124-M-Australian_Open-F-Pat_Cash-Mats_Wilander,Mats Wilander,nonSnV2nd,30,17,0,0,0,0,0,0,1,1,111
19880123-M-Australian_Open-SF-Stefan_Edberg-Mats_Wilander,Stefan Edberg,SnV,99,54,0,0,16,22,9,15,9,7,286
19880123-M-Australian_Open-SF-Stefan_Edberg-Mats_Wilander,Stefan Edberg,SnV1st,63,39,0,0,15,15,6,7,4,5,179
19880123-M-Australian_Open-SF-Stefan_Edberg-Mats_Wilander,Stefan Edberg,SnV2nd,36,15,0,0,1,7,3,8,5,2,107
19880123-M-Australian_Open-SF-Stefan_Edberg-Mats_Wilander,Stefan Edberg,nonSnV,28,15,7,0,1,3,1,2,1,1,103
19880123-M-Australian_Open-SF-Stefan_Edberg-Mats_Wilander,Stefan Edberg,nonSnV1st,13,10,7,0,1,0,0,1,0,0,30
19880123-M-Australian_Open-SF-Stefan_Edberg-Mats_Wilander,Stefan Edberg,nonSnV2nd,15,5,0,0,0,3,1,1,1,1,73
19880123-M-Australian_Open-SF-Stefan_Edberg-Mats_Wilander,Mats Wilander,SnV,33,25,0,0,4,9,9,0,3,1,111
19880123-M-Australian_Open-SF-Stefan_Edberg-Mats_Wilander,Mats Wilander,SnV1st,30,23,0,0,4,8,9,0,3,1,97
19880123-M-Australian_Open-SF-Stefan_Edberg-Mats_Wilander,Mats Wilander,SnV2nd,3,2,0,0,0,1,0,0,0,0,14
19880123-M-Australian_Open-SF-Stefan_Edberg-Mats_Wilander,Mats Wilander,nonSnV,86,50,1,0,7,6,6,1,7,0,524
19880123-M-Australian_Open-SF-Stefan_Edberg-Mats_Wilander,Mats Wilander,nonSnV1st,62,37,1,0,7,5,6,0,5,0,399
19880123-M-Australian_Open-SF-Stefan_Edberg-Mats_Wilander,Mats Wilander,nonSnV2nd,24,13,0,0,0,1,0,1,2,0,125
19880122-M-Australian_Open-SF-Pat_Cash-Ivan_Lendl,Pat Cash,SnV,110,75,0,0,32,16,8,3,10,4,267
19880122-M-Australian_Open-SF-Pat_Cash-Ivan_Lendl,Pat Cash,SnV1st,77,57,0,0,32,13,6,1,6,2,181
19880122-M-Australian_Open-SF-Pat_Cash-Ivan_Lendl,Pat Cash,SnV2nd,33,18,0,0,0,3,2,2,4,2,86
19880122-M-Australian_Open-SF-Pat_Cash-Ivan_Lendl,Pat Cash,nonSnV,39,21,7,0,4,2,1,3,2,1,147
19880122-M-Australian_Open-SF-Pat_Cash-Ivan_Lendl,Pat Cash,nonSnV1st,12,11,7,0,3,0,0,1,0,0,15
19880122-M-Australian_Open-SF-Pat_Cash-Ivan_Lendl,Pat Cash,nonSnV2nd,27,10,0,0,1,2,1,2,2,1,132
19880122-M-Australian_Open-SF-Pat_Cash-Ivan_Lendl,Ivan Lendl,SnV,3,3,0,0,0,0,1,0,0,0,7
19880122-M-Australian_Open-SF-Pat_Cash-Ivan_Lendl,Ivan Lendl,SnV1st,1,1,0,0,0,0,1,0,0,0,3
19880122-M-Australian_Open-SF-Pat_Cash-Ivan_Lendl,Ivan Lendl,SnV2nd,2,2,0,0,0,0,0,0,0,0,4
19880122-M-Australian_Open-SF-Pat_Cash-Ivan_Lendl,Ivan Lendl,nonSnV,126,81,4,0,17,4,3,3,6,0,693
19880122-M-Australian_Open-SF-Pat_Cash-Ivan_Lendl,Ivan Lendl,nonSnV1st,84,57,4,0,17,2,3,2,2,0,441
19880122-M-Australian_Open-SF-Pat_Cash-Ivan_Lendl,Ivan Lendl,nonSnV2nd,42,24,0,0,0,2,0,1,4,0,252
19870914-M-US_Open-F-Ivan_Lendl-Mats_Wilander,Ivan Lendl,SnV,20,18,1,0,4,10,0,1,0,0,58
19870914-M-US_Open-F-Ivan_Lendl-Mats_Wilander,Ivan Lendl,SnV1st,19,17,1,0,4,10,0,1,0,0,53
19870914-M-US_Open-F-Ivan_Lendl-Mats_Wilander,Ivan Lendl,SnV2nd,1,1,0,0,0,0,0,0,0,0,5
19870914-M-US_Open-F-Ivan_Lendl-Mats_Wilander,Ivan Lendl,nonSnV,132,79,11,0,11,12,15,2,6,5,1209
19870914-M-US_Open-F-Ivan_Lendl-Mats_Wilander,Ivan Lendl,nonSnV1st,62,46,11,0,10,8,7,0,3,3,436
19870914-M-US_Open-F-Ivan_Lendl-Mats_Wilander,Ivan Lendl,nonSnV2nd,70,33,0,0,1,4,8,2,3,2,773
19870914-M-US_Open-F-Ivan_Lendl-Mats_Wilander,Mats Wilander,SnV,51,27,0,0,12,9,3,3,9,3,161
19870914-M-US_Open-F-Ivan_Lendl-Mats_Wilander,Mats Wilander,SnV1st,50,26,0,0,12,8,3,3,9,3,158
19870914-M-US_Open-F-Ivan_Lendl-Mats_Wilander,Mats Wilander,SnV2nd,1,1,0,0,0,1,0,0,0,0,3
19870914-M-US_Open-F-Ivan_Lendl-Mats_Wilander,Mats Wilander,nonSnV,86,50,2,0,15,4,1,2,3,1,730
19870914-M-US_Open-F-Ivan_Lendl-Mats_Wilander,Mats Wilander,nonSnV1st,44,31,2,0,13,3,0,2,0,0,369
19870914-M-US_Open-F-Ivan_Lendl-Mats_Wilander,Mats Wilander,nonSnV2nd,42,19,0,0,2,1,1,0,3,1,361
19870912-M-US_Open-SF-Stefan_Edberg-Mats_Wilander,Stefan Edberg,SnV,110,68,0,0,18,32,9,11,11,5,348
19870912-M-US_Open-SF-Stefan_Edberg-Mats_Wilander,Stefan Edberg,SnV1st,76,49,0,0,17,20,7,9,8,4,239
19870912-M-US_Open-SF-Stefan_Edberg-Mats_Wilander,Stefan Edberg,SnV2nd,34,19,0,0,1,12,2,2,3,1,109
19870912-M-US_Open-SF-Stefan_Edberg-Mats_Wilander,Stefan Edberg,nonSnV,19,12,3,0,0,6,1,1,1,1,110
19870912-M-US_Open-SF-Stefan_Edberg-Mats_Wilander,Stefan Edberg,nonSnV1st,12,8,3,0,0,4,1,0,1,1,54
19870912-M-US_Open-SF-Stefan_Edberg-Mats_Wilander,Stefan Edberg,nonSnV2nd,7,4,0,0,0,2,0,1,0,0,56
19870912-M-US_Open-SF-Stefan_Edberg-Mats_Wilander,Mats Wilander,SnV,51,33,0,0,10,8,7,2,9,2,171
19870912-M-US_Open-SF-Stefan_Edberg-Mats_Wilander,Mats Wilander,SnV1st,48,31,0,0,10,8,6,2,9,2,165
19870912-M-US_Open-SF-Stefan_Edberg-Mats_Wilander,Mats Wilander,SnV2nd,3,2,0,0,0,0,1,0,0,0,6
19870912-M-US_Open-SF-Stefan_Edberg-Mats_Wilander,Mats Wilander,nonSnV,81,52,3,0,8,3,1,0,6,0,472
19870912-M-US_Open-SF-Stefan_Edberg-Mats_Wilander,Mats Wilander,nonSnV1st,45,33,3,0,7,2,1,0,2,0,275
19870912-M-US_Open-SF-Stefan_Edberg-Mats_Wilander,Mats Wilander,nonSnV2nd,36,19,0,0,1,1,0,0,4,0,197
19870912-M-US_Open-SF-Jimmy_Connors-Ivan_Lendl,Jimmy Connors,SnV,7,4,0,0,1,1,1,1,2,0,26
19870912-M-US_Open-SF-Jimmy_Connors-Ivan_Lendl,Jimmy Connors,SnV1st,7,4,0,0,1,1,1,1,2,0,26
19870912-M-US_Open-SF-Jimmy_Connors-Ivan_Lendl,Jimmy Connors,nonSnV,85,42,2,0,5,3,9,6,3,8,686
19870912-M-US_Open-SF-Jimmy_Connors-Ivan_Lendl,Jimmy Connors,nonSnV1st,55,25,2,0,5,2,5,5,2,7,451
19870912-M-US_Open-SF-Jimmy_Connors-Ivan_Lendl,Jimmy Connors,nonSnV2nd,30,17,0,0,0,1,4,1,1,1,235
19870912-M-US_Open-SF-Jimmy_Connors-Ivan_Lendl,Ivan Lendl,SnV,1,1,0,0,0,1,0,0,0,0,3
19870912-M-US_Open-SF-Jimmy_Connors-Ivan_Lendl,Ivan Lendl,SnV1st,1,1,0,0,0,1,0,0,0,0,3
19870912-M-US_Open-SF-Jimmy_Connors-Ivan_Lendl,Ivan Lendl,nonSnV,80,52,5,0,13,2,2,2,2,0,458
19870912-M-US_Open-SF-Jimmy_Connors-Ivan_Lendl,Ivan Lendl,nonSnV1st,40,31,5,0,13,0,2,1,1,0,155
19870912-M-US_Open-SF-Jimmy_Connors-Ivan_Lendl,Ivan Lendl,nonSnV2nd,40,21,0,0,0,2,0,1,1,0,303
19870907-M-US_Open-R16-Brad_Gilbert-Boris_Becker,Brad Gilbert,SnV,46,30,0,0,11,8,10,7,3,1,132
19870907-M-US_Open-R16-Brad_Gilbert-Boris_Becker,Brad Gilbert,SnV1st,41,27,0,0,11,8,7,6,3,1,119
19870907-M-US_Open-R16-Brad_Gilbert-Boris_Becker,Brad Gilbert,SnV2nd,5,3,0,0,0,0,3,1,0,0,13
19870907-M-US_Open-R16-Brad_Gilbert-Boris_Becker,Brad Gilbert,nonSnV,83,54,1,2,18,4,2,1,4,1,296
19870907-M-US_Open-R16-Brad_Gilbert-Boris_Becker,Brad Gilbert,nonSnV1st,43,30,1,2,18,1,1,1,3,0,134
19870907-M-US_Open-R16-Brad_Gilbert-Boris_Becker,Brad Gilbert,nonSnV2nd,40,24,0,0,0,3,1,0,1,1,162
19870907-M-US_Open-R16-Brad_Gilbert-Boris_Becker,Boris Becker,SnV,116,74,0,0,17,36,18,14,16,4,376
19870907-M-US_Open-R16-Brad_Gilbert-Boris_Becker,Boris Becker,SnV1st,77,49,0,0,14,24,11,8,10,4,247
19870907-M-US_Open-R16-Brad_Gilbert-Boris_Becker,Boris Becker,SnV2nd,39,25,0,0,3,12,7,6,6,0,129
19870907-M-US_Open-R16-Brad_Gilbert-Boris_Becker,Boris Becker,nonSnV,31,18,2,2,1,2,3,0,0,1,128
19870907-M-US_Open-R16-Brad_Gilbert-Boris_Becker,Boris Becker,nonSnV1st,18,10,2,2,1,2,1,0,0,1,86
19870907-M-US_Open-R16-Brad_Gilbert-Boris_Becker,Boris Becker,nonSnV2nd,13,8,0,0,0,0,2,0,0,0,42
19870906-M-US_Open-R32-Stefan_Edberg-Kelly_Evernden,Stefan Edberg,SnV,66,45,0,0,22,11,8,10,1,2,141
19870906-M-US_Open-R32-Stefan_Edberg-Kelly_Evernden,Stefan Edberg,SnV1st,51,37,0,0,21,8,7,5,1,2,109
19870906-M-US_Open-R32-Stefan_Edberg-Kelly_Evernden,Stefan Edberg,SnV2nd,15,8,0,0,1,3,1,5,0,0,32
19870906-M-US_Open-R32-Stefan_Edberg-Kelly_Evernden,Stefan Edberg,nonSnV,6,2,1,0,0,0,0,2,0,0,24
19870906-M-US_Open-R32-Stefan_Edberg-Kelly_Evernden,Stefan Edberg,nonSnV1st,3,1,1,0,0,0,0,1,0,0,17
19870906-M-US_Open-R32-Stefan_Edberg-Kelly_Evernden,Stefan Edberg,nonSnV2nd,3,1,0,0,0,0,0,1,0,0,7
19870906-M-US_Open-R32-Stefan_Edberg-Kelly_Evernden,Kelly Evernden,SnV,31,13,0,0,4,4,4,3,9,3,105
19870906-M-US_Open-R32-Stefan_Edberg-Kelly_Evernden,Kelly Evernden,SnV1st,29,12,0,0,4,4,3,3,8,3,98
19870906-M-US_Open-R32-Stefan_Edberg-Kelly_Evernden,Kelly Evernden,SnV2nd,2,1,0,0,0,0,1,0,1,0,7
19870906-M-US_Open-R32-Stefan_Edberg-Kelly_Evernden,Kelly Evernden,nonSnV,45,24,0,0,5,0,4,2,1,0,212
19870906-M-US_Open-R32-Stefan_Edberg-Kelly_Evernden,Kelly Evernden,nonSnV1st,13,10,0,0,5,0,1,1,0,0,58
19870906-M-US_Open-R32-Stefan_Edberg-Kelly_Evernden,Kelly Evernden,nonSnV2nd,32,14,0,0,0,0,3,1,1,0,154
19870905-M-US_Open-R32-John_Mcenroe-Slobodan_Zivojinovic,John Mcenroe,SnV,119,83,0,0,36,20,13,3,6,3,299
19870905-M-US_Open-R32-John_Mcenroe-Slobodan_Zivojinovic,John Mcenroe,SnV1st,84,61,0,0,33,11,12,2,5,1,193
19870905-M-US_Open-R32-John_Mcenroe-Slobodan_Zivojinovic,John Mcenroe,SnV2nd,35,22,0,0,3,9,1,1,1,2,106
19870905-M-US_Open-R32-John_Mcenroe-Slobodan_Zivojinovic,John Mcenroe,nonSnV,31,22,11,0,1,1,3,0,1,0,102
19870905-M-US_Open-R32-John_Mcenroe-Slobodan_Zivojinovic,John Mcenroe,nonSnV1st,13,12,11,0,1,0,0,0,1,0,16
19870905-M-US_Open-R32-John_Mcenroe-Slobodan_Zivojinovic,John Mcenroe,nonSnV2nd,18,10,0,0,0,1,3,0,0,0,86
19870905-M-US_Open-R32-John_Mcenroe-Slobodan_Zivojinovic,Slobodan Zivojinovic,SnV,86,51,0,0,21,16,6,4,9,2,231
19870905-M-US_Open-R32-John_Mcenroe-Slobodan_Zivojinovic,Slobodan Zivojinovic,SnV1st,34,24,0,0,16,6,1,1,4,2,80
19870905-M-US_Open-R32-John_Mcenroe-Slobodan_Zivojinovic,Slobodan Zivojinovic,SnV2nd,52,27,0,0,5,10,5,3,5,0,151
19870905-M-US_Open-R32-John_Mcenroe-Slobodan_Zivojinovic,Slobodan Zivojinovic,nonSnV,59,45,17,0,12,4,4,3,1,2,161
19870905-M-US_Open-R32-John_Mcenroe-Slobodan_Zivojinovic,Slobodan Zivojinovic,nonSnV1st,27,26,16,0,8,1,1,0,0,0,38
19870905-M-US_Open-R32-John_Mcenroe-Slobodan_Zivojinovic,Slobodan Zivojinovic,nonSnV2nd,32,19,1,0,4,3,3,3,1,2,123
19870904-M-US_Open-R64-Stefan_Edberg-Dan_Goldie,Stefan Edberg,SnV,112,84,0,0,24,34,13,5,7,3,316
19870904-M-US_Open-R64-Stefan_Edberg-Dan_Goldie,Stefan Edberg,SnV1st,77,57,0,0,21,22,11,3,4,3,215
19870904-M-US_Open-R64-Stefan_Edberg-Dan_Goldie,Stefan Edberg,SnV2nd,35,27,0,0,3,12,2,2,3,0,101
19870904-M-US_Open-R64-Stefan_Edberg-Dan_Goldie,Stefan Edberg,nonSnV,11,7,3,0,0,0,0,1,0,1,45
19870904-M-US_Open-R64-Stefan_Edberg-Dan_Goldie,Stefan Edberg,nonSnV1st,7,5,3,0,0,0,0,1,0,0,15
19870904-M-US_Open-R64-Stefan_Edberg-Dan_Goldie,Stefan Edberg,nonSnV2nd,4,2,0,0,0,0,0,0,0,1,30
19870904-M-US_Open-R64-Stefan_Edberg-Dan_Goldie,Dan Goldie,SnV,109,71,0,0,15,20,14,15,11,1,307
19870904-M-US_Open-R64-Stefan_Edberg-Dan_Goldie,Dan Goldie,SnV1st,66,42,0,0,14,13,9,7,9,1,196
19870904-M-US_Open-R64-Stefan_Edberg-Dan_Goldie,Dan Goldie,SnV2nd,43,29,0,0,1,7,5,8,2,0,111
19870904-M-US_Open-R64-Stefan_Edberg-Dan_Goldie,Dan Goldie,nonSnV,6,6,3,0,1,0,0,0,0,0,6
19870904-M-US_Open-R64-Stefan_Edberg-Dan_Goldie,Dan Goldie,nonSnV1st,4,4,3,0,1,0,0,0,0,0,4
19870904-M-US_Open-R64-Stefan_Edberg-Dan_Goldie,Dan Goldie,nonSnV2nd,2,2,0,0,0,0,0,0,0,0,2
19870903-M-US_Open-R32-Andrew_Castle-Boris_Becker,Andrew Castle,SnV,96,54,0,0,19,20,12,11,12,2,274
19870903-M-US_Open-R32-Andrew_Castle-Boris_Becker,Andrew Castle,SnV1st,65,42,0,0,19,15,8,6,9,2,190
19870903-M-US_Open-R32-Andrew_Castle-Boris_Becker,Andrew Castle,SnV2nd,31,12,0,0,0,5,4,5,3,0,84
19870903-M-US_Open-R32-Andrew_Castle-Boris_Becker,Andrew Castle,nonSnV,24,16,5,3,0,0,1,0,2,0,86
19870903-M-US_Open-R32-Andrew_Castle-Boris_Becker,Andrew Castle,nonSnV1st,8,8,5,3,0,0,0,0,0,0,8
19870903-M-US_Open-R32-Andrew_Castle-Boris_Becker,Andrew Castle,nonSnV2nd,16,8,0,0,0,0,1,0,2,0,78
19870903-M-US_Open-R32-Andrew_Castle-Boris_Becker,Boris Becker,SnV,92,60,0,0,26,14,15,14,8,4,254
19870903-M-US_Open-R32-Andrew_Castle-Boris_Becker,Boris Becker,SnV1st,65,49,0,0,24,14,10,8,5,1,175
19870903-M-US_Open-R32-Andrew_Castle-Boris_Becker,Boris Becker,SnV2nd,27,11,0,0,2,0,5,6,3,3,79
19870903-M-US_Open-R32-Andrew_Castle-Boris_Becker,Boris Becker,nonSnV,19,18,11,3,0,1,0,0,0,0,54
19870903-M-US_Open-R32-Andrew_Castle-Boris_Becker,Boris Becker,nonSnV1st,16,15,11,3,0,1,0,0,0,0,25
19870903-M-US_Open-R32-Andrew_Castle-Boris_Becker,Boris Becker,nonSnV2nd,3,3,0,0,0,0,0,0,0,0,29
19870901-M-US_Open-R128-Boris_Becker-Tim_Wilkison,Boris Becker,SnV,32,26,0,0,6,16,3,1,3,1,106
19870901-M-US_Open-R128-Boris_Becker-Tim_Wilkison,Boris Becker,SnV1st,29,23,0,0,6,15,2,1,3,1,99
19870901-M-US_Open-R128-Boris_Becker-Tim_Wilkison,Boris Becker,SnV2nd,3,3,0,0,0,1,1,0,0,0,7
19870901-M-US_Open-R128-Boris_Becker-Tim_Wilkison,Boris Becker,nonSnV,84,54,5,3,3,11,14,3,9,1,444
19870901-M-US_Open-R128-Boris_Becker-Tim_Wilkison,Boris Becker,nonSnV1st,37,25,5,3,3,4,6,2,3,0,159
19870901-M-US_Open-R128-Boris_Becker-Tim_Wilkison,Boris Becker,nonSnV2nd,47,29,0,0,0,7,8,1,6,1,285
19870901-M-US_Open-R128-Boris_Becker-Tim_Wilkison,Tim Wilkison,SnV,113,68,0,0,30,10,16,11,16,5,346
19870901-M-US_Open-R128-Boris_Becker-Tim_Wilkison,Tim Wilkison,SnV1st,91,57,0,0,30,10,12,10,11,4,279
19870901-M-US_Open-R128-Boris_Becker-Tim_Wilkison,Tim Wilkison,SnV2nd,22,11,0,0,0,0,4,1,5,1,67
19870901-M-US_Open-R128-Boris_Becker-Tim_Wilkison,Tim Wilkison,nonSnV,13,8,6,0,0,0,0,0,1,1,32
19870901-M-US_Open-R128-Boris_Becker-Tim_Wilkison,Tim Wilkison,nonSnV1st,9,6,6,0,0,0,0,0,1,1,22
19870901-M-US_Open-R128-Boris_Becker-Tim_Wilkison,Tim Wilkison,nonSnV2nd,4,2,0,0,0,0,0,0,0,0,10
19870901-M-US_Open-QF-John_Mcenroe-Ivan_Lendl,John Mcenroe,SnV,69,46,0,0,25,11,5,3,5,2,160
19870901-M-US_Open-QF-John_Mcenroe-Ivan_Lendl,John Mcenroe,SnV1st,44,31,0,0,19,5,4,3,3,1,97
19870901-M-US_Open-QF-John_Mcenroe-Ivan_Lendl,John Mcenroe,SnV2nd,25,15,0,0,6,6,1,0,2,1,63
19870901-M-US_Open-QF-John_Mcenroe-Ivan_Lendl,John Mcenroe,nonSnV,11,8,1,0,4,1,0,0,0,1,22
19870901-M-US_Open-QF-John_Mcenroe-Ivan_Lendl,John Mcenroe,nonSnV1st,4,4,1,0,3,0,0,0,0,0,4
19870901-M-US_Open-QF-John_Mcenroe-Ivan_Lendl,John Mcenroe,nonSnV2nd,7,4,0,0,1,1,0,0,0,1,18
19870901-M-US_Open-QF-John_Mcenroe-Ivan_Lendl,Ivan Lendl,SnV,2,1,0,0,1,0,0,0,0,0,3
19870901-M-US_Open-QF-John_Mcenroe-Ivan_Lendl,Ivan Lendl,SnV1st,2,1,0,0,1,0,0,0,0,0,3
19870901-M-US_Open-QF-John_Mcenroe-Ivan_Lendl,Ivan Lendl,nonSnV,70,57,8,0,19,4,3,3,1,1,221
19870901-M-US_Open-QF-John_Mcenroe-Ivan_Lendl,Ivan Lendl,nonSnV1st,45,35,7,0,13,3,3,3,1,0,147
19870901-M-US_Open-QF-John_Mcenroe-Ivan_Lendl,Ivan Lendl,nonSnV2nd,25,22,1,0,6,1,0,0,0,1,74
19870125-M-Australian_Open-F-Stefan_Edberg-Pat_Cash,Stefan Edberg,SnV,143,95,5,0,28,33,23,15,10,3,363
19870125-M-Australian_Open-F-Stefan_Edberg-Pat_Cash,Stefan Edberg,SnV1st,91,64,5,0,25,21,12,6,7,3,230
19870125-M-Australian_Open-F-Stefan_Edberg-Pat_Cash,Stefan Edberg,SnV2nd,52,31,0,0,3,12,11,9,3,0,133
19870125-M-Australian_Open-F-Stefan_Edberg-Pat_Cash,Stefan Edberg,nonSnV,3,0,0,0,0,0,0,0,1,0,20
19870125-M-Australian_Open-F-Stefan_Edberg-Pat_Cash,Stefan Edberg,nonSnV1st,1,0,0,0,0,0,0,0,1,0,4
19870125-M-Australian_Open-F-Stefan_Edberg-Pat_Cash,Stefan Edberg,nonSnV2nd,2,0,0,0,0,0,0,0,0,0,16
19870125-M-Australian_Open-F-Stefan_Edberg-Pat_Cash,Pat Cash,SnV,155,99,6,0,33,24,17,10,14,8,443
19870125-M-Australian_Open-F-Stefan_Edberg-Pat_Cash,Pat Cash,SnV1st,95,68,6,0,28,15,12,5,7,4,264
19870125-M-Australian_Open-F-Stefan_Edberg-Pat_Cash,Pat Cash,SnV2nd,60,31,0,0,5,9,5,5,7,4,179
19870123-M-Australian_Open-SF-Wally_Masur-Stefan_Edberg,Wally Masur,SnV,117,64,0,0,28,15,11,7,18,3,322
19870123-M-Australian_Open-SF-Wally_Masur-Stefan_Edberg,Wally Masur,SnV1st,75,46,0,0,22,11,8,6,8,1,204
19870123-M-Australian_Open-SF-Wally_Masur-Stefan_Edberg,Wally Masur,SnV2nd,42,18,0,0,6,4,3,1,10,2,118
19870123-M-Australian_Open-SF-Wally_Masur-Stefan_Edberg,Wally Masur,nonSnV,3,3,2,0,0,0,1,0,0,0,5
19870123-M-Australian_Open-SF-Wally_Masur-Stefan_Edberg,Wally Masur,nonSnV1st,2,2,2,0,0,0,0,0,0,0,2
19870123-M-Australian_Open-SF-Wally_Masur-Stefan_Edberg,Wally Masur,nonSnV2nd,1,1,0,0,0,0,1,0,0,0,3
19870123-M-Australian_Open-SF-Wally_Masur-Stefan_Edberg,Stefan Edberg,SnV,78,59,0,0,19,24,6,3,4,1,209
19870123-M-Australian_Open-SF-Wally_Masur-Stefan_Edberg,Stefan Edberg,SnV1st,50,37,0,0,16,17,2,3,3,0,131
19870123-M-Australian_Open-SF-Wally_Masur-Stefan_Edberg,Stefan Edberg,SnV2nd,28,22,0,0,3,7,4,0,1,1,78
19870123-M-Australian_Open-SF-Wally_Masur-Stefan_Edberg,Stefan Edberg,nonSnV,4,4,3,0,0,1,0,0,0,0,6
19870123-M-Australian_Open-SF-Wally_Masur-Stefan_Edberg,Stefan Edberg,nonSnV1st,4,4,3,0,0,1,0,0,0,0,6
19870123-M-Australian_Open-SF-Pat_Cash-Ivan_Lendl,Pat Cash,SnV,84,52,0,0,18,18,6,6,9,2,238
19870123-M-Australian_Open-SF-Pat_Cash-Ivan_Lendl,Pat Cash,SnV1st,54,39,0,0,16,13,4,0,5,1,147
19870123-M-Australian_Open-SF-Pat_Cash-Ivan_Lendl,Pat Cash,SnV2nd,30,13,0,0,2,5,2,6,4,1,91
19870123-M-Australian_Open-SF-Pat_Cash-Ivan_Lendl,Pat Cash,nonSnV,7,7,7,0,0,0,0,0,0,0,7
19870123-M-Australian_Open-SF-Pat_Cash-Ivan_Lendl,Pat Cash,nonSnV1st,5,5,5,0,0,0,0,0,0,0,5
19870123-M-Australian_Open-SF-Pat_Cash-Ivan_Lendl,Pat Cash,nonSnV2nd,2,2,2,0,0,0,0,0,0,0,2
19870123-M-Australian_Open-SF-Pat_Cash-Ivan_Lendl,Ivan Lendl,SnV,107,68,0,0,21,24,12,12,9,2,298
19870123-M-Australian_Open-SF-Pat_Cash-Ivan_Lendl,Ivan Lendl,SnV1st,69,45,0,0,18,15,8,8,7,1,183
19870123-M-Australian_Open-SF-Pat_Cash-Ivan_Lendl,Ivan Lendl,SnV2nd,38,23,0,0,3,9,4,4,2,1,115
19870123-M-Australian_Open-SF-Pat_Cash-Ivan_Lendl,Ivan Lendl,nonSnV,12,5,3,0,1,0,1,0,1,1,27
19870123-M-Australian_Open-SF-Pat_Cash-Ivan_Lendl,Ivan Lendl,nonSnV1st,4,4,3,0,1,0,0,0,0,0,4
19870123-M-Australian_Open-SF-Pat_Cash-Ivan_Lendl,Ivan Lendl,nonSnV2nd,8,1,0,0,0,0,1,0,1,1,23
19860907-M-US_Open-F-Miloslav_Mecir-Ivan_Lendl,Miloslav Mecir,SnV,4,1,0,0,0,0,0,1,0,1,11
19860907-M-US_Open-F-Miloslav_Mecir-Ivan_Lendl,Miloslav Mecir,SnV1st,1,0,0,0,0,0,0,0,0,0,2
19860907-M-US_Open-F-Miloslav_Mecir-Ivan_Lendl,Miloslav Mecir,SnV2nd,3,1,0,0,0,0,0,1,0,1,9
19860907-M-US_Open-F-Miloslav_Mecir-Ivan_Lendl,Miloslav Mecir,nonSnV,92,47,1,0,11,5,7,2,8,2,503
19860907-M-US_Open-F-Miloslav_Mecir-Ivan_Lendl,Miloslav Mecir,nonSnV1st,59,31,1,0,10,3,4,1,5,1,323
19860907-M-US_Open-F-Miloslav_Mecir-Ivan_Lendl,Miloslav Mecir,nonSnV2nd,33,16,0,0,1,2,3,1,3,1,180
19860907-M-US_Open-F-Miloslav_Mecir-Ivan_Lendl,Ivan Lendl,SnV,1,1,0,0,0,0,1,0,0,0,3
19860907-M-US_Open-F-Miloslav_Mecir-Ivan_Lendl,Ivan Lendl,SnV1st,1,1,0,0,0,0,1,0,0,0,3
19860907-M-US_Open-F-Miloslav_Mecir-Ivan_Lendl,Ivan Lendl,nonSnV,56,41,10,0,5,1,3,1,0,0,299
19860907-M-US_Open-F-Miloslav_Mecir-Ivan_Lendl,Ivan Lendl,nonSnV1st,37,30,10,0,4,1,2,1,0,0,160
19860907-M-US_Open-F-Miloslav_Mecir-Ivan_Lendl,Ivan Lendl,nonSnV2nd,19,11,0,0,1,0,1,0,0,0,139
19860906-M-US_Open-SF-Stefan_Edberg-Ivan_Lendl,Stefan Edberg,SnV,87,56,0,0,25,15,8,4,10,2,220
19860906-M-US_Open-SF-Stefan_Edberg-Ivan_Lendl,Stefan Edberg,SnV1st,60,40,0,0,23,10,5,3,9,0,152
19860906-M-US_Open-SF-Stefan_Edberg-Ivan_Lendl,Stefan Edberg,SnV2nd,27,16,0,0,2,5,3,1,1,2,68
19860906-M-US_Open-SF-Stefan_Edberg-Ivan_Lendl,Stefan Edberg,nonSnV,12,5,0,0,1,2,1,1,1,0,81
19860906-M-US_Open-SF-Stefan_Edberg-Ivan_Lendl,Stefan Edberg,nonSnV1st,4,2,0,0,1,1,0,0,0,0,26
19860906-M-US_Open-SF-Stefan_Edberg-Ivan_Lendl,Stefan Edberg,nonSnV2nd,8,3,0,0,0,1,1,1,1,0,55
19860906-M-US_Open-SF-Stefan_Edberg-Ivan_Lendl,Ivan Lendl,SnV,3,2,0,0,1,0,1,0,0,0,6
19860906-M-US_Open-SF-Stefan_Edberg-Ivan_Lendl,Ivan Lendl,SnV1st,2,1,0,0,1,0,0,0,0,0,3
19860906-M-US_Open-SF-Stefan_Edberg-Ivan_Lendl,Ivan Lendl,SnV2nd,1,1,0,0,0,0,1,0,0,0,3
19860906-M-US_Open-SF-Stefan_Edberg-Ivan_Lendl,Ivan Lendl,nonSnV,90,68,5,0,18,3,2,1,2,0,374
19860906-M-US_Open-SF-Stefan_Edberg-Ivan_Lendl,Ivan Lendl,nonSnV1st,64,49,5,0,18,2,1,1,1,0,241
19860906-M-US_Open-SF-Stefan_Edberg-Ivan_Lendl,Ivan Lendl,nonSnV2nd,26,19,0,0,0,1,1,0,1,0,133
19860906-M-US_Open-SF-Miloslav_Mecir-Boris_Becker,Miloslav Mecir,SnV,7,6,0,0,0,4,1,0,0,0,20
19860906-M-US_Open-SF-Miloslav_Mecir-Boris_Becker,Miloslav Mecir,SnV1st,5,5,0,0,0,3,1,0,0,0,15
19860906-M-US_Open-SF-Miloslav_Mecir-Boris_Becker,Miloslav Mecir,SnV2nd,2,1,0,0,0,1,0,0,0,0,5
19860906-M-US_Open-SF-Miloslav_Mecir-Boris_Becker,Miloslav Mecir,nonSnV,153,95,2,0,25,12,9,7,4,2,685
19860906-M-US_Open-SF-Miloslav_Mecir-Boris_Becker,Miloslav Mecir,nonSnV1st,118,78,2,0,25,9,9,5,3,2,528
19860906-M-US_Open-SF-Miloslav_Mecir-Boris_Becker,Miloslav Mecir,nonSnV2nd,35,17,0,0,0,3,0,2,1,0,157
19860906-M-US_Open-SF-Miloslav_Mecir-Boris_Becker,Boris Becker,SnV,37,26,0,0,12,5,4,1,4,1,96
19860906-M-US_Open-SF-Miloslav_Mecir-Boris_Becker,Boris Becker,SnV1st,28,19,0,0,11,4,1,1,3,1,71
19860906-M-US_Open-SF-Miloslav_Mecir-Boris_Becker,Boris Becker,SnV2nd,9,7,0,0,1,1,3,0,1,0,25
19860906-M-US_Open-SF-Miloslav_Mecir-Boris_Becker,Boris Becker,nonSnV,115,76,13,0,24,5,2,2,3,0,348
19860906-M-US_Open-SF-Miloslav_Mecir-Boris_Becker,Boris Becker,nonSnV1st,71,52,13,0,22,4,1,1,2,0,166
19860906-M-US_Open-SF-Miloslav_Mecir-Boris_Becker,Boris Becker,nonSnV2nd,44,24,0,0,2,1,1,1,1,0,182
19860904-M-US_Open-QF-Henri_Leconte-Ivan_Lendl,Henri Leconte,SnV,50,29,0,0,10,8,3,4,5,3,125
19860904-M-US_Open-QF-Henri_Leconte-Ivan_Lendl,Henri Leconte,SnV1st,21,12,0,0,6,5,1,2,2,1,50
19860904-M-US_Open-QF-Henri_Leconte-Ivan_Lendl,Henri Leconte,SnV2nd,29,17,0,0,4,3,2,2,3,2,75
19860904-M-US_Open-QF-Henri_Leconte-Ivan_Lendl,Henri Leconte,nonSnV,20,19,7,0,5,2,2,0,0,0,37
19860904-M-US_Open-QF-Henri_Leconte-Ivan_Lendl,Henri Leconte,nonSnV1st,14,14,7,0,5,1,1,0,0,0,20
19860904-M-US_Open-QF-Henri_Leconte-Ivan_Lendl,Henri Leconte,nonSnV2nd,6,5,0,0,0,1,1,0,0,0,17
19860904-M-US_Open-QF-Henri_Leconte-Ivan_Lendl,Ivan Lendl,SnV,3,1,0,0,1,0,0,1,1,0,9
19860904-M-US_Open-QF-Henri_Leconte-Ivan_Lendl,Ivan Lendl,SnV1st,3,1,0,0,1,0,0,1,1,0,9
19860904-M-US_Open-QF-Henri_Leconte-Ivan_Lendl,Ivan Lendl,nonSnV,54,35,2,0,10,2,1,0,2,0,249
19860904-M-US_Open-QF-Henri_Leconte-Ivan_Lendl,Ivan Lendl,nonSnV1st,28,21,2,0,9,1,1,0,1,0,111
19860904-M-US_Open-QF-Henri_Leconte-Ivan_Lendl,Ivan Lendl,nonSnV2nd,26,14,0,0,1,1,0,0,1,0,138
19860826-M-US_Open-R128-John_Mcenroe-Paul_Annacone,John Mcenroe,SnV,83,49,0,0,9,17,5,18,9,0,269
19860826-M-US_Open-R128-John_Mcenroe-Paul_Annacone,John Mcenroe,SnV1st,53,33,0,0,8,11,4,10,6,0,173
19860826-M-US_Open-R128-John_Mcenroe-Paul_Annacone,John Mcenroe,SnV2nd,30,16,0,0,1,6,1,8,3,0,96
19860826-M-US_Open-R128-John_Mcenroe-Paul_Annacone,John Mcenroe,nonSnV,12,11,3,4,1,1,0,0,0,0,17
19860826-M-US_Open-R128-John_Mcenroe-Paul_Annacone,John Mcenroe,nonSnV1st,8,8,3,3,1,1,0,0,0,0,12
19860826-M-US_Open-R128-John_Mcenroe-Paul_Annacone,John Mcenroe,nonSnV2nd,4,3,0,1,0,0,0,0,0,0,5
19860826-M-US_Open-R128-John_Mcenroe-Paul_Annacone,Paul Annacone,SnV,45,27,0,0,4,8,3,4,8,1,145
19860826-M-US_Open-R128-John_Mcenroe-Paul_Annacone,Paul Annacone,SnV1st,32,20,0,0,4,7,2,4,4,1,96
19860826-M-US_Open-R128-John_Mcenroe-Paul_Annacone,Paul Annacone,SnV2nd,13,7,0,0,0,1,1,0,4,0,49
19860826-M-US_Open-R128-John_Mcenroe-Paul_Annacone,Paul Annacone,nonSnV,55,42,24,2,1,4,0,1,6,0,194
19860826-M-US_Open-R128-John_Mcenroe-Paul_Annacone,Paul Annacone,nonSnV1st,28,27,24,2,1,0,0,0,1,0,31
19860826-M-US_Open-R128-John_Mcenroe-Paul_Annacone,Paul Annacone,nonSnV2nd,27,15,0,0,0,4,0,1,5,0,163
19851208-M-Australian_Open-F-Stefan_Edberg-Mats_Wilander,Stefan Edberg,SnV,55,42,0,0,14,17,3,2,5,2,148
19851208-M-Australian_Open-F-Stefan_Edberg-Mats_Wilander,Stefan Edberg,SnV1st,33,28,0,0,13,12,1,1,3,0,90
19851208-M-Australian_Open-F-Stefan_Edberg-Mats_Wilander,Stefan Edberg,SnV2nd,22,14,0,0,1,5,2,1,2,2,58
19851208-M-Australian_Open-F-Stefan_Edberg-Mats_Wilander,Stefan Edberg,nonSnV,17,15,5,0,5,4,0,0,0,0,35
19851208-M-Australian_Open-F-Stefan_Edberg-Mats_Wilander,Stefan Edberg,nonSnV1st,11,11,5,0,4,2,0,0,0,0,15
19851208-M-Australian_Open-F-Stefan_Edberg-Mats_Wilander,Stefan Edberg,nonSnV2nd,6,4,0,0,1,2,0,0,0,0,20
19851208-M-Australian_Open-F-Stefan_Edberg-Mats_Wilander,Mats Wilander,SnV,38,25,0,0,7,7,6,2,5,2,111
19851208-M-Australian_Open-F-Stefan_Edberg-Mats_Wilander,Mats Wilander,SnV1st,37,24,0,0,7,7,6,2,5,2,110
19851208-M-Australian_Open-F-Stefan_Edberg-Mats_Wilander,Mats Wilander,SnV2nd,1,1,0,0,0,0,0,0,0,0,1
19851208-M-Australian_Open-F-Stefan_Edberg-Mats_Wilander,Mats Wilander,nonSnV,56,33,10,0,3,3,1,0,6,1,207
19851208-M-Australian_Open-F-Stefan_Edberg-Mats_Wilander,Mats Wilander,nonSnV1st,20,17,10,0,3,2,1,0,2,0,49
19851208-M-Australian_Open-F-Stefan_Edberg-Mats_Wilander,Mats Wilander,nonSnV2nd,36,16,0,0,0,1,0,0,4,1,158
19851207-M-Australian_Open-SF-Stefan_Edberg-Ivan_Lendl,Stefan Edberg,SnV,156,109,4,1,44,29,19,7,6,7,369
19851207-M-Australian_Open-SF-Stefan_Edberg-Ivan_Lendl,Stefan Edberg,SnV1st,108,78,4,1,33,21,14,3,5,4,260
19851207-M-Australian_Open-SF-Stefan_Edberg-Ivan_Lendl,Stefan Edberg,SnV2nd,48,31,0,0,11,8,5,4,1,3,109
19851207-M-Australian_Open-SF-Stefan_Edberg-Ivan_Lendl,Stefan Edberg,nonSnV,13,10,4,0,1,1,0,0,2,0,36
19851207-M-Australian_Open-SF-Stefan_Edberg-Ivan_Lendl,Stefan Edberg,nonSnV1st,5,5,4,0,0,1,0,0,0,0,7
19851207-M-Australian_Open-SF-Stefan_Edberg-Ivan_Lendl,Stefan Edberg,nonSnV2nd,8,5,0,0,1,0,0,0,2,0,29
19851207-M-Australian_Open-SF-Stefan_Edberg-Ivan_Lendl,Ivan Lendl,SnV,146,89,0,2,32,25,18,7,23,6,409
19851207-M-Australian_Open-SF-Stefan_Edberg-Ivan_Lendl,Ivan Lendl,SnV1st,104,64,0,2,29,15,15,6,17,5,284
19851207-M-Australian_Open-SF-Stefan_Edberg-Ivan_Lendl,Ivan Lendl,SnV2nd,42,25,0,0,3,10,3,1,6,1,125
19851207-M-Australian_Open-SF-Stefan_Edberg-Ivan_Lendl,Ivan Lendl,nonSnV,48,31,8,0,4,1,2,1,1,1,171
19851207-M-Australian_Open-SF-Stefan_Edberg-Ivan_Lendl,Ivan Lendl,nonSnV1st,20,17,8,0,4,1,0,0,1,0,49
19851207-M-Australian_Open-SF-Stefan_Edberg-Ivan_Lendl,Ivan Lendl,nonSnV2nd,28,14,0,0,0,0,2,1,0,1,122
19851206-M-Australian_Open-SF-Mats_Wilander-Slobodan_Zivojinovic,Mats Wilander,SnV,6,6,0,0,4,1,1,0,0,0,10
19851206-M-Australian_Open-SF-Mats_Wilander-Slobodan_Zivojinovic,Mats Wilander,SnV1st,6,6,0,0,4,1,1,0,0,0,10
19851206-M-Australian_Open-SF-Mats_Wilander-Slobodan_Zivojinovic,Mats Wilander,nonSnV,32,20,9,0,1,2,1,1,0,1,114
19851206-M-Australian_Open-SF-Mats_Wilander-Slobodan_Zivojinovic,Mats Wilander,nonSnV1st,17,14,9,0,1,1,1,1,0,0,38
19851206-M-Australian_Open-SF-Mats_Wilander-Slobodan_Zivojinovic,Mats Wilander,nonSnV2nd,15,6,0,0,0,1,0,0,0,1,76
19851206-M-Australian_Open-SF-Mats_Wilander-Slobodan_Zivojinovic,Slobodan Zivojinovic,SnV,20,11,0,0,5,3,2,4,3,0,47
19851206-M-Australian_Open-SF-Mats_Wilander-Slobodan_Zivojinovic,Slobodan Zivojinovic,SnV1st,18,9,0,0,4,3,2,4,3,0,45
19851206-M-Australian_Open-SF-Mats_Wilander-Slobodan_Zivojinovic,Slobodan Zivojinovic,SnV2nd,2,2,0,0,1,0,0,0,0,0,2
19851206-M-Australian_Open-SF-Mats_Wilander-Slobodan_Zivojinovic,Slobodan Zivojinovic,nonSnV,25,13,7,0,1,1,1,0,0,0,73
19851206-M-Australian_Open-SF-Mats_Wilander-Slobodan_Zivojinovic,Slobodan Zivojinovic,nonSnV1st,12,9,6,0,1,1,1,0,0,0,35
19851206-M-Australian_Open-SF-Mats_Wilander-Slobodan_Zivojinovic,Slobodan Zivojinovic,nonSnV2nd,13,4,1,0,0,0,0,0,0,0,38
19851202-M-Australian_Open-R16-Henri_Leconte-John_Mcenroe,Henri Leconte,SnV,133,90,0,0,26,25,18,17,11,1,338
19851202-M-Australian_Open-R16-Henri_Leconte-John_Mcenroe,Henri Leconte,SnV1st,70,45,0,0,24,12,7,10,9,1,189
19851202-M-Australian_Open-R16-Henri_Leconte-John_Mcenroe,Henri Leconte,SnV2nd,63,45,0,0,2,13,11,7,2,0,149
19851202-M-Australian_Open-R16-Henri_Leconte-John_Mcenroe,Henri Leconte,nonSnV,12,12,7,5,0,0,0,0,0,0,12
19851202-M-Australian_Open-R16-Henri_Leconte-John_Mcenroe,Henri Leconte,nonSnV1st,12,12,7,5,0,0,0,0,0,0,12
19851202-M-Australian_Open-R16-Henri_Leconte-John_Mcenroe,John Mcenroe,SnV,131,81,0,0,40,21,12,17,11,1,293
19851202-M-Australian_Open-R16-Henri_Leconte-John_Mcenroe,John Mcenroe,SnV1st,88,58,0,0,36,14,8,11,8,0,194
19851202-M-Australian_Open-R16-Henri_Leconte-John_Mcenroe,John Mcenroe,SnV2nd,43,23,0,0,4,7,4,6,3,1,99
19851202-M-Australian_Open-R16-Henri_Leconte-John_Mcenroe,John Mcenroe,nonSnV,55,38,12,4,1,0,1,0,3,0,150
19851202-M-Australian_Open-R16-Henri_Leconte-John_Mcenroe,John Mcenroe,nonSnV1st,18,17,11,3,0,0,0,0,0,0,31
19851202-M-Australian_Open-R16-Henri_Leconte-John_Mcenroe,John Mcenroe,nonSnV2nd,37,21,1,1,1,0,1,0,3,0,119
19850908-M-US_Open-F-John_Mcenroe-Ivan_Lendl,John Mcenroe,SnV,65,44,2,0,16,7,11,1,8,0,170
19850908-M-US_Open-F-John_Mcenroe-Ivan_Lendl,John Mcenroe,SnV1st,46,33,2,0,12,7,9,0,4,0,125
19850908-M-US_Open-F-John_Mcenroe-Ivan_Lendl,John Mcenroe,SnV2nd,19,11,0,0,4,0,2,1,4,0,45
19850908-M-US_Open-F-John_Mcenroe-Ivan_Lendl,John Mcenroe,nonSnV,22,13,3,0,3,1,1,1,1,0,61
19850908-M-US_Open-F-John_Mcenroe-Ivan_Lendl,John Mcenroe,nonSnV1st,5,5,3,0,2,0,0,0,0,0,5
19850908-M-US_Open-F-John_Mcenroe-Ivan_Lendl,John Mcenroe,nonSnV2nd,17,8,0,0,1,1,1,1,1,0,56
19850908-M-US_Open-F-John_Mcenroe-Ivan_Lendl,Ivan Lendl,SnV,22,19,0,0,8,6,3,2,0,0,57
19850908-M-US_Open-F-John_Mcenroe-Ivan_Lendl,Ivan Lendl,SnV1st,18,17,0,0,7,6,3,1,0,0,49
19850908-M-US_Open-F-John_Mcenroe-Ivan_Lendl,Ivan Lendl,SnV2nd,4,2,0,0,1,0,0,1,0,0,8
19850908-M-US_Open-F-John_Mcenroe-Ivan_Lendl,Ivan Lendl,nonSnV,62,48,4,0,11,7,5,0,0,0,194
19850908-M-US_Open-F-John_Mcenroe-Ivan_Lendl,Ivan Lendl,nonSnV1st,33,28,4,0,5,6,4,0,0,0,118
19850908-M-US_Open-F-John_Mcenroe-Ivan_Lendl,Ivan Lendl,nonSnV2nd,29,20,0,0,6,1,1,0,0,0,76
19850907-M-US_Open-SF-Mats_Wilander-John_Mcenroe,Mats Wilander,SnV,44,27,0,0,6,11,5,2,5,3,143
19850907-M-US_Open-SF-Mats_Wilander-John_Mcenroe,Mats Wilander,SnV1st,43,27,0,0,6,11,5,2,5,3,139
19850907-M-US_Open-SF-Mats_Wilander-John_Mcenroe,Mats Wilander,SnV2nd,1,0,0,0,0,0,0,0,0,0,4
19850907-M-US_Open-SF-Mats_Wilander-John_Mcenroe,Mats Wilander,nonSnV,101,57,5,0,8,2,4,0,5,4,441
19850907-M-US_Open-SF-Mats_Wilander-John_Mcenroe,Mats Wilander,nonSnV1st,57,31,5,0,8,2,4,0,1,3,267
19850907-M-US_Open-SF-Mats_Wilander-John_Mcenroe,Mats Wilander,nonSnV2nd,44,26,0,0,0,0,0,0,4,1,174
19850907-M-US_Open-SF-Mats_Wilander-John_Mcenroe,John Mcenroe,SnV,95,62,0,0,19,20,13,9,6,4,266
19850907-M-US_Open-SF-Mats_Wilander-John_Mcenroe,John Mcenroe,SnV1st,64,45,0,0,17,18,7,8,3,1,165
19850907-M-US_Open-SF-Mats_Wilander-John_Mcenroe,John Mcenroe,SnV2nd,31,17,0,0,2,2,6,1,3,3,101
19850907-M-US_Open-SF-Mats_Wilander-John_Mcenroe,John Mcenroe,nonSnV,45,25,6,0,2,3,4,2,3,0,191
19850907-M-US_Open-SF-Mats_Wilander-John_Mcenroe,John Mcenroe,nonSnV1st,9,8,6,0,2,0,0,0,0,0,10
19850907-M-US_Open-SF-Mats_Wilander-John_Mcenroe,John Mcenroe,nonSnV2nd,36,17,0,0,0,3,4,2,3,0,181
19850907-M-US_Open-SF-Ivan_Lendl-Jimmy_Connors,Ivan Lendl,SnV,6,4,0,0,1,3,0,0,1,0,16
19850907-M-US_Open-SF-Ivan_Lendl-Jimmy_Connors,Ivan Lendl,SnV1st,5,3,0,0,1,2,0,0,1,0,13
19850907-M-US_Open-SF-Ivan_Lendl-Jimmy_Connors,Ivan Lendl,SnV2nd,1,1,0,0,0,1,0,0,0,0,3
19850907-M-US_Open-SF-Ivan_Lendl-Jimmy_Connors,Ivan Lendl,nonSnV,74,53,11,0,8,1,3,2,0,1,411
19850907-M-US_Open-SF-Ivan_Lendl-Jimmy_Connors,Ivan Lendl,nonSnV1st,36,28,10,0,8,0,2,1,0,1,132
19850907-M-US_Open-SF-Ivan_Lendl-Jimmy_Connors,Ivan Lendl,nonSnV2nd,38,25,1,0,0,1,1,1,0,0,279
19850907-M-US_Open-SF-Ivan_Lendl-Jimmy_Connors,Jimmy Connors,SnV,10,6,0,0,3,2,1,2,0,0,22
19850907-M-US_Open-SF-Ivan_Lendl-Jimmy_Connors,Jimmy Connors,SnV1st,9,6,0,0,3,2,1,1,0,0,20
19850907-M-US_Open-SF-Ivan_Lendl-Jimmy_Connors,Jimmy Connors,SnV2nd,1,0,0,0,0,0,0,1,0,0,2
19850907-M-US_Open-SF-Ivan_Lendl-Jimmy_Connors,Jimmy Connors,nonSnV,56,28,1,0,5,2,5,0,2,1,416
19850907-M-US_Open-SF-Ivan_Lendl-Jimmy_Connors,Jimmy Connors,nonSnV1st,40,21,1,0,5,1,4,0,2,1,283
19850907-M-US_Open-SF-Ivan_Lendl-Jimmy_Connors,Jimmy Connors,nonSnV2nd,16,7,0,0,0,1,1,0,0,0,133
19850907-M-US_Open-SF-Ivan_Lendl-Jimmy_Connors,Ivan Lendl,SnV,6,4,0,0,1,3,0,0,1,0,16
19850907-M-US_Open-SF-Ivan_Lendl-Jimmy_Connors,Ivan Lendl,SnV1st,5,3,0,0,1,2,0,0,1,0,13
19850907-M-US_Open-SF-Ivan_Lendl-Jimmy_Connors,Ivan Lendl,SnV2nd,1,1,0,0,0,1,0,0,0,0,3
19850907-M-US_Open-SF-Ivan_Lendl-Jimmy_Connors,Ivan Lendl,nonSnV,72,53,11,0,8,1,3,2,0,1,391
19850907-M-US_Open-SF-Ivan_Lendl-Jimmy_Connors,Ivan Lendl,nonSnV1st,36,28,10,0,8,0,2,1,0,1,132
19850907-M-US_Open-SF-Ivan_Lendl-Jimmy_Connors,Ivan Lendl,nonSnV2nd,36,25,1,0,0,1,1,1,0,0,259
19850907-M-US_Open-SF-Ivan_Lendl-Jimmy_Connors,Jimmy Connors,SnV,10,6,0,0,3,2,1,2,0,0,22
19850907-M-US_Open-SF-Ivan_Lendl-Jimmy_Connors,Jimmy Connors,SnV1st,9,6,0,0,3,2,1,1,0,0,20
19850907-M-US_Open-SF-Ivan_Lendl-Jimmy_Connors,Jimmy Connors,SnV2nd,1,0,0,0,0,0,0,1,0,0,2
19850907-M-US_Open-SF-Ivan_Lendl-Jimmy_Connors,Jimmy Connors,nonSnV,50,26,1,0,3,2,4,0,2,1,386
19850907-M-US_Open-SF-Ivan_Lendl-Jimmy_Connors,Jimmy Connors,nonSnV1st,35,19,1,0,3,1,4,0,2,1,261
19850907-M-US_Open-SF-Ivan_Lendl-Jimmy_Connors,Jimmy Connors,nonSnV2nd,15,7,0,0,0,1,0,0,0,0,125
19841209-M-Australian_Open-F-Mats_Wilander-Kevin_Curren,Mats Wilander,SnV,112,78,0,0,37,21,9,1,13,5,303
19841209-M-Australian_Open-F-Mats_Wilander-Kevin_Curren,Mats Wilander,SnV1st,110,76,0,0,36,20,9,1,13,5,297
19841209-M-Australian_Open-F-Mats_Wilander-Kevin_Curren,Mats Wilander,SnV2nd,2,2,0,0,1,1,0,0,0,0,6
19841209-M-Australian_Open-F-Mats_Wilander-Kevin_Curren,Mats Wilander,nonSnV,37,23,4,0,0,2,0,0,1,1,177
19841209-M-Australian_Open-F-Mats_Wilander-Kevin_Curren,Mats Wilander,nonSnV1st,5,5,4,0,0,1,0,0,0,0,11
19841209-M-Australian_Open-F-Mats_Wilander-Kevin_Curren,Mats Wilander,nonSnV2nd,32,18,0,0,0,1,0,0,1,1,166
19841209-M-Australian_Open-F-Mats_Wilander-Kevin_Curren,Kevin Curren,SnV,136,77,0,0,25,21,23,15,17,11,397
19841209-M-Australian_Open-F-Mats_Wilander-Kevin_Curren,Kevin Curren,SnV1st,63,47,0,0,18,10,14,6,6,1,169
19841209-M-Australian_Open-F-Mats_Wilander-Kevin_Curren,Kevin Curren,SnV2nd,73,30,0,0,7,11,9,9,11,10,228
19841209-M-Australian_Open-F-Mats_Wilander-Kevin_Curren,Kevin Curren,nonSnV,10,10,9,0,1,0,0,0,0,0,10
19841209-M-Australian_Open-F-Mats_Wilander-Kevin_Curren,Kevin Curren,nonSnV1st,10,10,9,0,1,0,0,0,0,0,10
19840909-M-US_Open-F-John_Mcenroe-Ivan_Lendl,John Mcenroe,SnV,60,50,7,0,22,13,4,0,3,0,134
19840909-M-US_Open-F-John_Mcenroe-Ivan_Lendl,John Mcenroe,SnV1st,42,35,6,0,19,5,2,0,3,0,87
19840909-M-US_Open-F-John_Mcenroe-Ivan_Lendl,John Mcenroe,SnV2nd,18,15,1,0,3,8,2,0,0,0,47
19840909-M-US_Open-F-John_Mcenroe-Ivan_Lendl,John Mcenroe,nonSnV,6,5,1,0,2,0,0,0,1,0,15
19840909-M-US_Open-F-John_Mcenroe-Ivan_Lendl,John Mcenroe,nonSnV1st,2,2,1,0,1,0,0,0,0,0,2
19840909-M-US_Open-F-John_Mcenroe-Ivan_Lendl,John Mcenroe,nonSnV2nd,4,3,0,0,1,0,0,0,1,0,13
19840909-M-US_Open-F-John_Mcenroe-Ivan_Lendl,Ivan Lendl,SnV,29,17,0,0,6,4,4,3,4,1,81
19840909-M-US_Open-F-John_Mcenroe-Ivan_Lendl,Ivan Lendl,SnV1st,25,16,0,0,6,4,4,3,4,1,74
19840909-M-US_Open-F-John_Mcenroe-Ivan_Lendl,Ivan Lendl,SnV2nd,4,1,0,0,0,0,0,0,0,0,7
19840909-M-US_Open-F-John_Mcenroe-Ivan_Lendl,Ivan Lendl,nonSnV,53,30,3,0,4,4,2,0,4,0,200
19840909-M-US_Open-F-John_Mcenroe-Ivan_Lendl,Ivan Lendl,nonSnV1st,27,16,3,0,3,3,2,0,2,0,106
19840909-M-US_Open-F-John_Mcenroe-Ivan_Lendl,Ivan Lendl,nonSnV2nd,26,14,0,0,1,1,0,0,2,0,94
19840908-M-US_Open-SF-Pat_Cash-Ivan_Lendl,Pat Cash,SnV,106,70,1,1,28,19,12,10,14,6,312
19840908-M-US_Open-SF-Pat_Cash-Ivan_Lendl,Pat Cash,SnV1st,64,45,0,1,25,10,6,7,8,3,179
19840908-M-US_Open-SF-Pat_Cash-Ivan_Lendl,Pat Cash,SnV2nd,42,25,1,0,3,9,6,3,6,3,133
19840908-M-US_Open-SF-Pat_Cash-Ivan_Lendl,Pat Cash,nonSnV,52,37,8,0,11,2,6,1,4,0,181
19840908-M-US_Open-SF-Pat_Cash-Ivan_Lendl,Pat Cash,nonSnV1st,28,25,8,0,10,1,2,0,2,0,77
19840908-M-US_Open-SF-Pat_Cash-Ivan_Lendl,Pat Cash,nonSnV2nd,24,12,0,0,1,1,4,1,2,0,104
19840908-M-US_Open-SF-John_Mcenroe-Jimmy_Connors,John Mcenroe,SnV,128,82,8,1,30,26,9,4,11,5,336
19840908-M-US_Open-SF-John_Mcenroe-Jimmy_Connors,John Mcenroe,SnV1st,86,63,6,1,25,20,6,2,8,1,227
19840908-M-US_Open-SF-John_Mcenroe-Jimmy_Connors,John Mcenroe,SnV2nd,42,19,2,0,5,6,3,2,3,4,109
19840908-M-US_Open-SF-John_Mcenroe-Jimmy_Connors,John Mcenroe,nonSnV,23,15,10,1,0,0,0,0,1,0,87
19840908-M-US_Open-SF-John_Mcenroe-Jimmy_Connors,John Mcenroe,nonSnV1st,11,11,10,1,0,0,0,0,0,0,11
19840908-M-US_Open-SF-John_Mcenroe-Jimmy_Connors,John Mcenroe,nonSnV2nd,12,4,0,0,0,0,0,0,1,0,76
19840908-M-US_Open-SF-John_Mcenroe-Jimmy_Connors,Jimmy Connors,SnV,13,9,0,0,4,1,2,1,2,0,31
19840908-M-US_Open-SF-John_Mcenroe-Jimmy_Connors,Jimmy Connors,SnV1st,6,4,0,0,1,0,1,0,1,0,14
19840908-M-US_Open-SF-John_Mcenroe-Jimmy_Connors,Jimmy Connors,SnV2nd,7,5,0,0,3,1,1,1,1,0,17
19840908-M-US_Open-SF-John_Mcenroe-Jimmy_Connors,Jimmy Connors,nonSnV,147,83,1,0,17,10,6,3,8,2,721
19840908-M-US_Open-SF-John_Mcenroe-Jimmy_Connors,Jimmy Connors,nonSnV1st,118,66,1,0,16,8,4,3,6,2,620
19840908-M-US_Open-SF-John_Mcenroe-Jimmy_Connors,Jimmy Connors,nonSnV2nd,29,17,0,0,1,2,2,0,2,0,101
19831211-M-Australian_Open-F-Mats_Wilander-Ivan_Lendl,Mats Wilander,SnV,37,29,2,0,7,13,5,1,3,2,117
19831211-M-Australian_Open-F-Mats_Wilander-Ivan_Lendl,Mats Wilander,SnV1st,37,29,2,0,7,13,5,1,3,2,117
19831211-M-Australian_Open-F-Mats_Wilander-Ivan_Lendl,Mats Wilander,nonSnV,44,28,6,0,1,1,5,1,2,1,354
19831211-M-Australian_Open-F-Mats_Wilander-Ivan_Lendl,Mats Wilander,nonSnV1st,7,7,4,0,1,0,1,0,0,0,9
19831211-M-Australian_Open-F-Mats_Wilander-Ivan_Lendl,Mats Wilander,nonSnV2nd,37,21,2,0,0,1,4,1,2,1,345
19831211-M-Australian_Open-F-Mats_Wilander-Ivan_Lendl,Ivan Lendl,SnV,30,12,0,0,2,6,3,1,5,1,86
19831211-M-Australian_Open-F-Mats_Wilander-Ivan_Lendl,Ivan Lendl,SnV1st,16,6,0,0,1,5,0,0,3,1,52
19831211-M-Australian_Open-F-Mats_Wilander-Ivan_Lendl,Ivan Lendl,SnV2nd,14,6,0,0,1,1,3,1,2,0,34
19831211-M-Australian_Open-F-Mats_Wilander-Ivan_Lendl,Ivan Lendl,nonSnV,56,39,9,0,7,6,1,2,1,1,479
19831211-M-Australian_Open-F-Mats_Wilander-Ivan_Lendl,Ivan Lendl,nonSnV1st,21,19,9,0,7,1,0,0,0,0,105
19831211-M-Australian_Open-F-Mats_Wilander-Ivan_Lendl,Ivan Lendl,nonSnV2nd,35,20,0,0,0,5,1,2,1,1,374
19831209-M-Australian_Open-SF-Mats_Wilander-John_Mcenroe,Mats Wilander,SnV,10,7,0,0,2,1,1,1,1,0,31
19831209-M-Australian_Open-SF-Mats_Wilander-John_Mcenroe,Mats Wilander,SnV1st,10,7,0,0,2,1,1,1,1,0,31
19831209-M-Australian_Open-SF-Mats_Wilander-John_Mcenroe,Mats Wilander,nonSnV,9,6,0,0,0,0,0,0,1,0,92
19831209-M-Australian_Open-SF-Mats_Wilander-John_Mcenroe,Mats Wilander,nonSnV1st,1,0,0,0,0,0,0,0,0,0,30
19831209-M-Australian_Open-SF-Mats_Wilander-John_Mcenroe,Mats Wilander,nonSnV2nd,8,6,0,0,0,0,0,0,1,0,62
19831209-M-Australian_Open-SF-Mats_Wilander-John_Mcenroe,John Mcenroe,SnV,18,8,0,0,2,4,2,4,1,1,56
19831209-M-Australian_Open-SF-Mats_Wilander-John_Mcenroe,John Mcenroe,SnV1st,11,6,0,0,2,2,2,3,1,1,32
19831209-M-Australian_Open-SF-Mats_Wilander-John_Mcenroe,John Mcenroe,SnV2nd,7,2,0,0,0,2,0,1,0,0,24
19831209-M-Australian_Open-SF-Mats_Wilander-John_Mcenroe,John Mcenroe,nonSnV,2,1,1,0,0,0,0,0,1,0,11
19831209-M-Australian_Open-SF-Mats_Wilander-John_Mcenroe,John Mcenroe,nonSnV1st,1,1,1,0,0,0,0,0,0,0,1
19831209-M-Australian_Open-SF-Mats_Wilander-John_Mcenroe,John Mcenroe,nonSnV2nd,1,0,0,0,0,0,0,0,1,0,10
19830911-M-US_Open-F-Jimmy_Connors-Ivan_Lendl,Jimmy Connors,SnV,6,3,1,0,2,0,0,1,0,1,13
19830911-M-US_Open-F-Jimmy_Connors-Ivan_Lendl,Jimmy Connors,SnV1st,5,3,1,0,2,0,0,0,0,1,11
19830911-M-US_Open-F-Jimmy_Connors-Ivan_Lendl,Jimmy Connors,SnV2nd,1,0,0,0,0,0,0,1,0,0,2
19830911-M-US_Open-F-Jimmy_Connors-Ivan_Lendl,Jimmy Connors,nonSnV,104,64,5,0,18,6,4,5,4,4,552
19830911-M-US_Open-F-Jimmy_Connors-Ivan_Lendl,Jimmy Connors,nonSnV1st,81,50,5,0,16,3,4,3,4,4,428
19830911-M-US_Open-F-Jimmy_Connors-Ivan_Lendl,Jimmy Connors,nonSnV2nd,23,14,0,0,2,3,0,2,0,0,124
19830911-M-US_Open-F-Jimmy_Connors-Ivan_Lendl,Ivan Lendl,SnV,3,2,0,0,0,0,1,0,1,0,10
19830911-M-US_Open-F-Jimmy_Connors-Ivan_Lendl,Ivan Lendl,SnV1st,3,2,0,0,0,0,1,0,1,0,10
19830911-M-US_Open-F-Jimmy_Connors-Ivan_Lendl,Ivan Lendl,nonSnV,144,74,16,0,10,1,2,1,2,2,712
19830911-M-US_Open-F-Jimmy_Connors-Ivan_Lendl,Ivan Lendl,nonSnV1st,67,40,16,0,10,0,1,0,2,1,222
19830911-M-US_Open-F-Jimmy_Connors-Ivan_Lendl,Ivan Lendl,nonSnV2nd,77,34,0,0,0,1,1,1,0,1,490
19830909-M-US_Open-SF-Jimmy_Connors-Bill_Scanlon,Jimmy Connors,SnV,7,5,0,0,0,4,0,1,1,0,25
19830909-M-US_Open-SF-Jimmy_Connors-Bill_Scanlon,Jimmy Connors,SnV1st,6,4,0,0,0,3,0,1,1,0,22
19830909-M-US_Open-SF-Jimmy_Connors-Bill_Scanlon,Jimmy Connors,SnV2nd,1,1,0,0,0,1,0,0,0,0,3
19830909-M-US_Open-SF-Jimmy_Connors-Bill_Scanlon,Jimmy Connors,nonSnV,73,52,3,0,13,4,4,1,2,0,260
19830909-M-US_Open-SF-Jimmy_Connors-Bill_Scanlon,Jimmy Connors,nonSnV1st,47,32,3,0,12,4,2,1,1,0,174
19830909-M-US_Open-SF-Jimmy_Connors-Bill_Scanlon,Jimmy Connors,nonSnV2nd,26,20,0,0,1,0,2,0,1,0,86
19830909-M-US_Open-SF-Jimmy_Connors-Bill_Scanlon,Bill Scanlon,SnV,43,24,0,0,10,7,2,3,4,0,102
19830909-M-US_Open-SF-Jimmy_Connors-Bill_Scanlon,Bill Scanlon,SnV1st,30,17,0,0,9,5,2,2,4,0,75
19830909-M-US_Open-SF-Jimmy_Connors-Bill_Scanlon,Bill Scanlon,SnV2nd,13,7,0,0,1,2,0,1,0,0,27
19830909-M-US_Open-SF-Jimmy_Connors-Bill_Scanlon,Bill Scanlon,nonSnV,52,28,4,0,5,0,1,1,1,1,218
19830909-M-US_Open-SF-Jimmy_Connors-Bill_Scanlon,Bill Scanlon,nonSnV1st,20,13,4,0,3,0,1,1,1,0,79
19830909-M-US_Open-SF-Jimmy_Connors-Bill_Scanlon,Bill Scanlon,nonSnV2nd,32,15,0,0,2,0,0,0,0,1,139
19830909-M-US_Open-SF-Jimmy_Arias-Ivan_Lendl,Jimmy Arias,SnV,2,2,0,0,1,0,0,0,0,0,4
19830909-M-US_Open-SF-Jimmy_Arias-Ivan_Lendl,Jimmy Arias,SnV1st,2,2,0,0,1,0,0,0,0,0,4
19830909-M-US_Open-SF-Jimmy_Arias-Ivan_Lendl,Jimmy Arias,nonSnV,85,44,7,0,5,2,3,2,3,0,546
19830909-M-US_Open-SF-Jimmy_Arias-Ivan_Lendl,Jimmy Arias,nonSnV1st,48,25,6,0,5,1,1,1,1,0,295
19830909-M-US_Open-SF-Jimmy_Arias-Ivan_Lendl,Jimmy Arias,nonSnV2nd,37,19,1,0,0,1,2,1,2,0,251
19830909-M-US_Open-SF-Jimmy_Arias-Ivan_Lendl,Ivan Lendl,SnV,12,8,0,0,4,1,3,1,0,1,28
19830909-M-US_Open-SF-Jimmy_Arias-Ivan_Lendl,Ivan Lendl,SnV1st,12,8,0,0,4,1,3,1,0,1,28
19830909-M-US_Open-SF-Jimmy_Arias-Ivan_Lendl,Ivan Lendl,nonSnV,86,58,10,0,20,3,0,4,2,1,398
19830909-M-US_Open-SF-Jimmy_Arias-Ivan_Lendl,Ivan Lendl,nonSnV1st,45,37,10,0,18,1,0,3,1,0,123
19830909-M-US_Open-SF-Jimmy_Arias-Ivan_Lendl,Ivan Lendl,nonSnV2nd,41,21,0,0,2,2,0,1,1,1,275
19821213-M-Australian_Open-F-Steve_Denton-Johan_Kriek,Steve Denton,SnV,70,39,6,0,19,5,2,6,10,1,163
19821213-M-Australian_Open-F-Steve_Denton-Johan_Kriek,Steve Denton,SnV1st,41,29,5,0,18,2,1,2,5,0,81
19821213-M-Australian_Open-F-Steve_Denton-Johan_Kriek,Steve Denton,SnV2nd,29,10,1,0,1,3,1,4,5,1,82
19821213-M-Australian_Open-F-Steve_Denton-Johan_Kriek,Steve Denton,nonSnV,5,3,0,0,3,0,0,0,0,0,9
19821213-M-Australian_Open-F-Steve_Denton-Johan_Kriek,Steve Denton,nonSnV1st,3,2,0,0,2,0,0,0,0,0,4
19821213-M-Australian_Open-F-Steve_Denton-Johan_Kriek,Steve Denton,nonSnV2nd,2,1,0,0,1,0,0,0,0,0,5
19821213-M-Australian_Open-F-Steve_Denton-Johan_Kriek,Johan Kriek,SnV,69,50,4,0,16,14,4,4,2,2,152
19821213-M-Australian_Open-F-Steve_Denton-Johan_Kriek,Johan Kriek,SnV1st,40,30,4,0,15,9,0,3,1,0,82
19821213-M-Australian_Open-F-Steve_Denton-Johan_Kriek,Johan Kriek,SnV2nd,29,20,0,0,1,5,4,1,1,2,70
19821213-M-Australian_Open-F-Steve_Denton-Johan_Kriek,Johan Kriek,nonSnV,15,9,0,0,1,1,0,0,0,0,47
19821213-M-Australian_Open-F-Steve_Denton-Johan_Kriek,Johan Kriek,nonSnV1st,3,1,0,0,1,0,0,0,0,0,7
19821213-M-Australian_Open-F-Steve_Denton-Johan_Kriek,Johan Kriek,nonSnV2nd,12,8,0,0,0,1,0,0,0,0,40
19820912-M-US_Open-F-Jimmy_Connors-Ivan_Lendl,Jimmy Connors,SnV,6,4,0,0,1,2,1,0,0,0,14
19820912-M-US_Open-F-Jimmy_Connors-Ivan_Lendl,Jimmy Connors,SnV1st,6,4,0,0,1,2,1,0,0,0,14
19820912-M-US_Open-F-Jimmy_Connors-Ivan_Lendl,Jimmy Connors,nonSnV,106,69,3,0,11,14,5,7,5,3,599
19820912-M-US_Open-F-Jimmy_Connors-Ivan_Lendl,Jimmy Connors,nonSnV1st,66,45,3,0,11,10,3,4,4,3,349
19820912-M-US_Open-F-Jimmy_Connors-Ivan_Lendl,Jimmy Connors,nonSnV2nd,40,24,0,0,0,4,2,3,1,0,250
19820912-M-US_Open-F-Jimmy_Connors-Ivan_Lendl,Ivan Lendl,SnV,1,1,0,0,0,1,0,0,0,0,5
19820912-M-US_Open-F-Jimmy_Connors-Ivan_Lendl,Ivan Lendl,SnV1st,1,1,0,0,0,1,0,0,0,0,5
19820912-M-US_Open-F-Jimmy_Connors-Ivan_Lendl,Ivan Lendl,nonSnV,123,67,14,0,15,4,2,5,3,1,651
19820912-M-US_Open-F-Jimmy_Connors-Ivan_Lendl,Ivan Lendl,nonSnV1st,66,39,14,0,13,3,1,2,2,1,257
19820912-M-US_Open-F-Jimmy_Connors-Ivan_Lendl,Ivan Lendl,nonSnV2nd,57,28,0,0,2,1,1,3,1,0,394
19820911-M-US_Open-SF-John_Mcenroe-Ivan_Lendl,John Mcenroe,SnV,69,43,0,0,12,11,8,5,5,4,183
19820911-M-US_Open-SF-John_Mcenroe-Ivan_Lendl,John Mcenroe,SnV1st,37,22,0,0,9,6,4,3,2,2,98
19820911-M-US_Open-SF-John_Mcenroe-Ivan_Lendl,John Mcenroe,SnV2nd,32,21,0,0,3,5,4,2,3,2,85
19820911-M-US_Open-SF-John_Mcenroe-Ivan_Lendl,John Mcenroe,nonSnV,32,26,15,0,1,2,1,1,1,0,122
19820911-M-US_Open-SF-John_Mcenroe-Ivan_Lendl,John Mcenroe,nonSnV1st,14,14,14,0,0,0,0,0,0,0,14
19820911-M-US_Open-SF-John_Mcenroe-Ivan_Lendl,John Mcenroe,nonSnV2nd,18,12,1,0,1,2,1,1,1,0,108
19820911-M-US_Open-SF-John_Mcenroe-Ivan_Lendl,Ivan Lendl,SnV,13,10,0,0,4,3,1,0,1,0,34
19820911-M-US_Open-SF-John_Mcenroe-Ivan_Lendl,Ivan Lendl,SnV1st,11,9,0,0,4,3,1,0,1,0,25
19820911-M-US_Open-SF-John_Mcenroe-Ivan_Lendl,Ivan Lendl,SnV2nd,2,1,0,0,0,0,0,0,0,0,9
19820911-M-US_Open-SF-John_Mcenroe-Ivan_Lendl,Ivan Lendl,nonSnV,88,65,9,0,7,11,9,3,1,1,315
19820911-M-US_Open-SF-John_Mcenroe-Ivan_Lendl,Ivan Lendl,nonSnV1st,45,38,9,0,5,10,6,2,1,1,162
19820911-M-US_Open-SF-John_Mcenroe-Ivan_Lendl,Ivan Lendl,nonSnV2nd,43,27,0,0,2,1,3,1,0,0,153
19810913-M-US_Open-F-John_Mcenroe-Bjorn_Borg,John Mcenroe,SnV,83,58,8,0,18,18,5,9,2,3,206
19810913-M-US_Open-F-John_Mcenroe-Bjorn_Borg,John Mcenroe,SnV1st,55,41,8,0,15,12,2,7,1,2,131
19810913-M-US_Open-F-John_Mcenroe-Bjorn_Borg,John Mcenroe,SnV2nd,28,17,0,0,3,6,3,2,1,1,75
19810913-M-US_Open-F-John_Mcenroe-Bjorn_Borg,John Mcenroe,nonSnV,23,13,1,0,1,5,1,2,2,0,131
19810913-M-US_Open-F-John_Mcenroe-Bjorn_Borg,John Mcenroe,nonSnV1st,4,3,1,0,1,0,0,1,0,0,13
19810913-M-US_Open-F-John_Mcenroe-Bjorn_Borg,John Mcenroe,nonSnV2nd,19,10,0,0,0,5,1,1,2,0,118
19810913-M-US_Open-F-John_Mcenroe-Bjorn_Borg,Bjorn Borg,SnV,14,9,1,0,3,4,0,0,3,0,43
19810913-M-US_Open-F-John_Mcenroe-Bjorn_Borg,Bjorn Borg,SnV1st,13,8,1,0,3,3,0,0,3,0,40
19810913-M-US_Open-F-John_Mcenroe-Bjorn_Borg,Bjorn Borg,SnV2nd,1,1,0,0,0,1,0,0,0,0,3
19810913-M-US_Open-F-John_Mcenroe-Bjorn_Borg,Bjorn Borg,nonSnV,91,53,8,0,9,3,7,4,7,3,487
19810913-M-US_Open-F-John_Mcenroe-Bjorn_Borg,Bjorn Borg,nonSnV1st,49,31,8,0,9,1,3,2,4,3,273
19810913-M-US_Open-F-John_Mcenroe-Bjorn_Borg,Bjorn Borg,nonSnV2nd,42,22,0,0,0,2,4,2,3,0,214
19810912-M-US_Open-SF-Jimmy_Connors-Bjorn_Borg,Jimmy Connors,SnV,6,3,0,0,1,0,1,0,1,0,19
19810912-M-US_Open-SF-Jimmy_Connors-Bjorn_Borg,Jimmy Connors,SnV1st,6,3,0,0,1,0,1,0,1,0,19
19810912-M-US_Open-SF-Jimmy_Connors-Bjorn_Borg,Jimmy Connors,nonSnV,90,52,1,0,6,10,9,7,3,1,640
19810912-M-US_Open-SF-Jimmy_Connors-Bjorn_Borg,Jimmy Connors,nonSnV1st,70,41,1,0,6,7,8,5,2,1,505
19810912-M-US_Open-SF-Jimmy_Connors-Bjorn_Borg,Jimmy Connors,nonSnV2nd,20,11,0,0,0,3,1,2,1,0,135
19810912-M-US_Open-SF-Jimmy_Connors-Bjorn_Borg,Bjorn Borg,SnV,8,5,0,0,5,0,0,2,1,0,13
19810912-M-US_Open-SF-Jimmy_Connors-Bjorn_Borg,Bjorn Borg,SnV1st,8,5,0,0,5,0,0,2,1,0,13
19810912-M-US_Open-SF-Jimmy_Connors-Bjorn_Borg,Bjorn Borg,nonSnV,90,61,14,0,13,5,2,5,2,2,487
19810912-M-US_Open-SF-Jimmy_Connors-Bjorn_Borg,Bjorn Borg,nonSnV1st,39,34,14,0,12,1,0,0,1,0,128
19810912-M-US_Open-SF-Jimmy_Connors-Bjorn_Borg,Bjorn Borg,nonSnV2nd,51,27,0,0,1,4,2,5,1,2,359
19810911-M-US_Open-SF-Vitas_Gerulaitis-John_Mcenroe,Vitas Gerulaitis,SnV,52,37,0,0,9,10,7,2,6,3,165
19810911-M-US_Open-SF-Vitas_Gerulaitis-John_Mcenroe,Vitas Gerulaitis,SnV1st,42,30,0,0,8,8,5,2,5,2,130
19810911-M-US_Open-SF-Vitas_Gerulaitis-John_Mcenroe,Vitas Gerulaitis,SnV2nd,10,7,0,0,1,2,2,0,1,1,35
19810911-M-US_Open-SF-Vitas_Gerulaitis-John_Mcenroe,Vitas Gerulaitis,nonSnV,65,42,7,0,11,6,0,4,3,3,292
19810911-M-US_Open-SF-Vitas_Gerulaitis-John_Mcenroe,Vitas Gerulaitis,nonSnV1st,33,28,7,0,10,3,0,1,0,2,126
19810911-M-US_Open-SF-Vitas_Gerulaitis-John_Mcenroe,Vitas Gerulaitis,nonSnV2nd,32,14,0,0,1,3,0,3,3,1,166
19810911-M-US_Open-SF-Vitas_Gerulaitis-John_Mcenroe,John Mcenroe,SnV,98,68,0,0,27,19,12,9,10,3,282
19810911-M-US_Open-SF-Vitas_Gerulaitis-John_Mcenroe,John Mcenroe,SnV1st,71,52,0,0,24,14,8,4,6,2,192
19810911-M-US_Open-SF-Vitas_Gerulaitis-John_Mcenroe,John Mcenroe,SnV2nd,27,16,0,0,3,5,4,5,4,1,90
19810911-M-US_Open-SF-Vitas_Gerulaitis-John_Mcenroe,John Mcenroe,nonSnV,45,35,10,0,4,6,2,1,1,1,177
19810911-M-US_Open-SF-Vitas_Gerulaitis-John_Mcenroe,John Mcenroe,nonSnV1st,15,15,10,0,3,1,0,0,0,0,23
19810911-M-US_Open-SF-Vitas_Gerulaitis-John_Mcenroe,John Mcenroe,nonSnV2nd,30,20,0,0,1,5,2,1,1,1,154
19810104-M-Australian_Open-F-Kim_Warwick-Brian_Teacher,Kim Warwick,SnV,100,65,1,0,20,20,10,8,7,2,281
19810104-M-Australian_Open-F-Kim_Warwick-Brian_Teacher,Kim Warwick,SnV1st,74,50,1,0,19,16,7,7,4,2,216
19810104-M-Australian_Open-F-Kim_Warwick-Brian_Teacher,Kim Warwick,SnV2nd,26,15,0,0,1,4,3,1,3,0,65
19810104-M-Australian_Open-F-Kim_Warwick-Brian_Teacher,Kim Warwick,nonSnV,2,2,1,0,0,1,0,0,0,0,4
19810104-M-Australian_Open-F-Kim_Warwick-Brian_Teacher,Kim Warwick,nonSnV1st,1,1,0,0,0,1,0,0,0,0,3
19810104-M-Australian_Open-F-Kim_Warwick-Brian_Teacher,Kim Warwick,nonSnV2nd,1,1,1,0,0,0,0,0,0,0,1
19810104-M-Australian_Open-F-Kim_Warwick-Brian_Teacher,Brian Teacher,SnV,98,74,3,0,19,18,15,3,6,5,294
19810104-M-Australian_Open-F-Kim_Warwick-Brian_Teacher,Brian Teacher,SnV1st,70,54,3,0,18,16,9,3,5,3,216
19810104-M-Australian_Open-F-Kim_Warwick-Brian_Teacher,Brian Teacher,SnV2nd,28,20,0,0,1,2,6,0,1,2,78
19800907-M-US_Open-F-John_Mcenroe-Bjorn_Borg,John Mcenroe,SnV,136,94,4,0,42,20,10,10,6,4,316
19800907-M-US_Open-F-John_Mcenroe-Bjorn_Borg,John Mcenroe,SnV1st,92,68,3,0,38,15,7,7,2,2,206
19800907-M-US_Open-F-John_Mcenroe-Bjorn_Borg,John Mcenroe,SnV2nd,44,26,1,0,4,5,3,3,4,2,110
19800907-M-US_Open-F-John_Mcenroe-Bjorn_Borg,John Mcenroe,nonSnV,22,13,2,0,4,1,0,2,2,0,89
19800907-M-US_Open-F-John_Mcenroe-Bjorn_Borg,John Mcenroe,nonSnV1st,6,6,2,0,4,0,0,0,0,0,6
19800907-M-US_Open-F-John_Mcenroe-Bjorn_Borg,John Mcenroe,nonSnV2nd,16,7,0,0,0,1,0,2,2,0,83
19800907-M-US_Open-F-John_Mcenroe-Bjorn_Borg,Bjorn Borg,SnV,17,12,1,0,4,4,0,1,0,0,46
19800907-M-US_Open-F-John_Mcenroe-Bjorn_Borg,Bjorn Borg,SnV1st,15,11,1,0,4,4,0,1,0,0,41
19800907-M-US_Open-F-John_Mcenroe-Bjorn_Borg,Bjorn Borg,SnV2nd,2,1,0,0,0,0,0,0,0,0,5
19800907-M-US_Open-F-John_Mcenroe-Bjorn_Borg,Bjorn Borg,nonSnV,128,79,3,0,10,14,3,10,6,1,649
19800907-M-US_Open-F-John_Mcenroe-Bjorn_Borg,Bjorn Borg,nonSnV1st,63,41,3,0,9,6,2,4,5,1,317
19800907-M-US_Open-F-John_Mcenroe-Bjorn_Borg,Bjorn Borg,nonSnV2nd,65,38,0,0,1,8,1,6,1,0,332
19800906-M-US_Open-SF-John_Mcenroe-Jimmy_Connors,John Mcenroe,SnV,133,78,0,0,37,22,7,4,11,10,336
19800906-M-US_Open-SF-John_Mcenroe-Jimmy_Connors,John Mcenroe,SnV1st,83,48,0,0,31,13,2,3,9,7,204
19800906-M-US_Open-SF-John_Mcenroe-Jimmy_Connors,John Mcenroe,SnV2nd,50,30,0,0,6,9,5,1,2,3,132
19800906-M-US_Open-SF-John_Mcenroe-Jimmy_Connors,John Mcenroe,nonSnV,27,19,8,0,4,0,1,1,0,0,75
19800906-M-US_Open-SF-John_Mcenroe-Jimmy_Connors,John Mcenroe,nonSnV1st,15,13,8,0,4,0,0,0,0,0,19
19800906-M-US_Open-SF-John_Mcenroe-Jimmy_Connors,John Mcenroe,nonSnV2nd,12,6,0,0,0,0,1,1,0,0,56
19800906-M-US_Open-SF-John_Mcenroe-Jimmy_Connors,Jimmy Connors,SnV,18,11,0,0,0,7,3,3,0,2,73
19800906-M-US_Open-SF-John_Mcenroe-Jimmy_Connors,Jimmy Connors,SnV1st,12,7,0,0,0,4,3,3,0,1,55
19800906-M-US_Open-SF-John_Mcenroe-Jimmy_Connors,Jimmy Connors,SnV2nd,6,4,0,0,0,3,0,0,0,1,18
19800906-M-US_Open-SF-John_Mcenroe-Jimmy_Connors,Jimmy Connors,nonSnV,137,88,0,0,19,10,8,6,6,2,764
19800906-M-US_Open-SF-John_Mcenroe-Jimmy_Connors,Jimmy Connors,nonSnV1st,111,70,0,0,18,8,6,5,4,2,644
19800906-M-US_Open-SF-John_Mcenroe-Jimmy_Connors,Jimmy Connors,nonSnV2nd,26,18,0,0,1,2,2,1,2,0,120
19800906-M-US_Open-SF-Johan_Kriek-Bjorn_Borg,Johan Kriek,SnV,53,27,0,0,12,7,5,3,4,2,133
19800906-M-US_Open-SF-Johan_Kriek-Bjorn_Borg,Johan Kriek,SnV1st,32,18,0,0,9,5,3,1,3,2,84
19800906-M-US_Open-SF-Johan_Kriek-Bjorn_Borg,Johan Kriek,SnV2nd,21,9,0,0,3,2,2,2,1,0,49
19800906-M-US_Open-SF-Johan_Kriek-Bjorn_Borg,Johan Kriek,nonSnV,32,10,3,0,0,0,1,4,2,4,120
19800906-M-US_Open-SF-Johan_Kriek-Bjorn_Borg,Johan Kriek,nonSnV1st,8,4,3,0,0,0,1,0,0,2,24
19800906-M-US_Open-SF-Johan_Kriek-Bjorn_Borg,Johan Kriek,nonSnV2nd,24,6,0,0,0,0,0,4,2,2,96
19800906-M-US_Open-SF-Johan_Kriek-Bjorn_Borg,Bjorn Borg,SnV,12,7,0,0,4,3,0,3,0,0,25
19800906-M-US_Open-SF-Johan_Kriek-Bjorn_Borg,Bjorn Borg,SnV1st,11,7,0,0,4,3,0,2,0,0,23
19800906-M-US_Open-SF-Johan_Kriek-Bjorn_Borg,Bjorn Borg,SnV2nd,1,0,0,0,0,0,0,1,0,0,2
19800906-M-US_Open-SF-Johan_Kriek-Bjorn_Borg,Bjorn Borg,nonSnV,50,36,1,0,4,2,2,0,1,3,226
19800906-M-US_Open-SF-Johan_Kriek-Bjorn_Borg,Bjorn Borg,nonSnV1st,20,15,1,0,2,2,1,0,0,1,109
19800906-M-US_Open-SF-Johan_Kriek-Bjorn_Borg,Bjorn Borg,nonSnV2nd,30,21,0,0,2,0,1,0,1,2,117
19790107-M-Australian_Open-F-John_Marks-Guillermo_Vilas,John Marks,SnV,127,81,0,0,36,18,12,13,16,6,359
19790107-M-Australian_Open-F-John_Marks-Guillermo_Vilas,John Marks,SnV1st,80,52,0,0,33,6,5,9,9,4,206
19790107-M-Australian_Open-F-John_Marks-Guillermo_Vilas,John Marks,SnV2nd,47,29,0,0,3,12,7,4,7,2,153
19790107-M-Australian_Open-F-John_Marks-Guillermo_Vilas,Guillermo Vilas,SnV,101,70,0,0,20,25,12,11,9,2,300
19790107-M-Australian_Open-F-John_Marks-Guillermo_Vilas,Guillermo Vilas,SnV1st,75,52,0,0,18,19,10,11,6,1,222
19790107-M-Australian_Open-F-John_Marks-Guillermo_Vilas,Guillermo Vilas,SnV2nd,26,18,0,0,2,6,2,0,3,1,78
19790107-M-Australian_Open-F-John_Marks-Guillermo_Vilas,Guillermo Vilas,nonSnV,19,12,0,0,0,1,1,3,1,0,80
19790107-M-Australian_Open-F-John_Marks-Guillermo_Vilas,Guillermo Vilas,nonSnV1st,1,0,0,0,0,0,0,0,0,0,2
19790107-M-Australian_Open-F-John_Marks-Guillermo_Vilas,Guillermo Vilas,nonSnV2nd,18,12,0,0,0,1,1,3,1,0,78
19770911-M-US_Open-F-Guillermo_Vilas-Jimmy_Connors,Jimmy Connors,SnV,4,1,0,0,1,0,0,1,1,0,9
19770911-M-US_Open-F-Guillermo_Vilas-Jimmy_Connors,Jimmy Connors,SnV1st,4,1,0,0,1,0,0,1,1,0,9
19770911-M-US_Open-F-Guillermo_Vilas-Jimmy_Connors,Jimmy Connors,nonSnV,107,62,1,0,13,10,13,5,7,2,624
19770911-M-US_Open-F-Guillermo_Vilas-Jimmy_Connors,Jimmy Connors,nonSnV1st,65,41,1,0,12,7,6,3,6,1,349
19770911-M-US_Open-F-Guillermo_Vilas-Jimmy_Connors,Jimmy Connors,nonSnV2nd,42,21,0,0,1,3,7,2,1,1,275
19770109-M-Australian_Open-F-Roscoe_Tanner-Guillermo_Vilas,Roscoe Tanner,SnV,65,47,0,0,20,10,5,5,7,1,165
19770109-M-Australian_Open-F-Roscoe_Tanner-Guillermo_Vilas,Roscoe Tanner,SnV1st,22,22,0,0,16,2,0,0,0,0,34
19770109-M-Australian_Open-F-Roscoe_Tanner-Guillermo_Vilas,Roscoe Tanner,SnV2nd,43,25,0,0,4,8,5,5,7,1,131
19770109-M-Australian_Open-F-Roscoe_Tanner-Guillermo_Vilas,Roscoe Tanner,nonSnV,15,14,12,0,2,0,0,0,0,0,16
19770109-M-Australian_Open-F-Roscoe_Tanner-Guillermo_Vilas,Roscoe Tanner,nonSnV1st,15,14,12,0,2,0,0,0,0,0,16
19770109-M-Australian_Open-F-Roscoe_Tanner-Guillermo_Vilas,Guillermo Vilas,SnV,22,13,0,0,5,2,1,1,2,2,55
19770109-M-Australian_Open-F-Roscoe_Tanner-Guillermo_Vilas,Guillermo Vilas,SnV1st,17,10,0,0,3,2,1,1,1,1,44
19770109-M-Australian_Open-F-Roscoe_Tanner-Guillermo_Vilas,Guillermo Vilas,SnV2nd,5,3,0,0,2,0,0,0,1,1,11
19770109-M-Australian_Open-F-Roscoe_Tanner-Guillermo_Vilas,Guillermo Vilas,nonSnV,61,34,4,0,10,1,0,4,0,0,208
19770109-M-Australian_Open-F-Roscoe_Tanner-Guillermo_Vilas,Guillermo Vilas,nonSnV1st,34,22,4,0,9,0,0,2,0,0,98
19770109-M-Australian_Open-F-Roscoe_Tanner-Guillermo_Vilas,Guillermo Vilas,nonSnV2nd,27,12,0,0,1,1,0,2,0,0,110
19750907-M-US_Open-F-Manuel_Orantes-Jimmy_Connors,Manuel Orantes,SnV,2,2,0,0,1,1,0,0,0,0,6
19750907-M-US_Open-F-Manuel_Orantes-Jimmy_Connors,Manuel Orantes,SnV1st,2,2,0,0,1,1,0,0,0,0,6
19750907-M-US_Open-F-Manuel_Orantes-Jimmy_Connors,Manuel Orantes,nonSnV,82,45,3,0,11,2,1,1,7,0,549
19750907-M-US_Open-F-Manuel_Orantes-Jimmy_Connors,Manuel Orantes,nonSnV1st,35,22,3,0,11,1,0,1,1,0,166
19750907-M-US_Open-F-Manuel_Orantes-Jimmy_Connors,Manuel Orantes,nonSnV2nd,47,23,0,0,0,1,1,0,6,0,383
19750907-M-US_Open-F-Manuel_Orantes-Jimmy_Connors,Jimmy Connors,SnV,5,3,0,0,0,2,0,0,0,1,19
19750907-M-US_Open-F-Manuel_Orantes-Jimmy_Connors,Jimmy Connors,SnV1st,5,3,0,0,0,2,0,0,0,1,19
19750907-M-US_Open-F-Manuel_Orantes-Jimmy_Connors,Jimmy Connors,nonSnV,75,37,1,0,4,10,5,9,8,4,429
19750907-M-US_Open-F-Manuel_Orantes-Jimmy_Connors,Jimmy Connors,nonSnV1st,54,26,1,0,4,6,5,7,5,3,254
19750907-M-US_Open-F-Manuel_Orantes-Jimmy_Connors,Jimmy Connors,nonSnV2nd,21,11,0,0,0,4,0,2,3,1,175
19750101-M-Australian_Open-F-Jimmy_Connors-John_Newcombe,Jimmy Connors,SnV,84,56,1,2,22,22,6,6,6,5,252
19750101-M-Australian_Open-F-Jimmy_Connors-John_Newcombe,Jimmy Connors,SnV1st,73,47,1,2,21,16,6,6,6,4,215
19750101-M-Australian_Open-F-Jimmy_Connors-John_Newcombe,Jimmy Connors,SnV2nd,11,9,0,0,1,6,0,0,0,1,37
19750101-M-Australian_Open-F-Jimmy_Connors-John_Newcombe,Jimmy Connors,nonSnV,55,34,3,1,2,6,8,5,1,3,218
19750101-M-Australian_Open-F-Jimmy_Connors-John_Newcombe,Jimmy Connors,nonSnV1st,26,16,3,1,2,1,2,3,0,1,94
19750101-M-Australian_Open-F-Jimmy_Connors-John_Newcombe,Jimmy Connors,nonSnV2nd,29,18,0,0,0,5,6,2,1,2,124
19750101-M-Australian_Open-F-Jimmy_Connors-John_Newcombe,John Newcombe,SnV,109,72,0,2,21,17,18,5,8,3,286
19750101-M-Australian_Open-F-Jimmy_Connors-John_Newcombe,John Newcombe,SnV1st,66,49,0,2,17,12,12,3,4,0,167
19750101-M-Australian_Open-F-Jimmy_Connors-John_Newcombe,John Newcombe,SnV2nd,43,23,0,0,4,5,6,2,4,3,119
19750101-M-Australian_Open-F-Jimmy_Connors-John_Newcombe,John Newcombe,nonSnV,17,17,17,0,0,0,0,0,0,0,17
19750101-M-Australian_Open-F-Jimmy_Connors-John_Newcombe,John Newcombe,nonSnV1st,17,17,17,0,0,0,0,0,0,0,17
19740908-M-US_Open-F-Ken_Rosewall-Jimmy_Connors,Ken Rosewall,SnV,32,12,0,0,3,3,1,6,7,1,88
19740908-M-US_Open-F-Ken_Rosewall-Jimmy_Connors,Ken Rosewall,SnV1st,29,9,0,0,3,2,1,6,7,1,81
19740908-M-US_Open-F-Ken_Rosewall-Jimmy_Connors,Ken Rosewall,SnV2nd,3,3,0,0,0,1,0,0,0,0,7
19740908-M-US_Open-F-Ken_Rosewall-Jimmy_Connors,Ken Rosewall,nonSnV,16,7,0,0,0,0,2,1,2,0,55
19740908-M-US_Open-F-Ken_Rosewall-Jimmy_Connors,Ken Rosewall,nonSnV1st,4,1,0,0,0,0,0,0,0,0,11
19740908-M-US_Open-F-Ken_Rosewall-Jimmy_Connors,Ken Rosewall,nonSnV2nd,12,6,0,0,0,0,2,1,2,0,44
19740908-M-US_Open-F-Ken_Rosewall-Jimmy_Connors,Jimmy Connors,SnV,44,31,0,0,8,15,3,3,1,1,121
19740908-M-US_Open-F-Ken_Rosewall-Jimmy_Connors,Jimmy Connors,SnV1st,30,21,0,0,8,10,3,3,0,0,81
19740908-M-US_Open-F-Ken_Rosewall-Jimmy_Connors,Jimmy Connors,SnV2nd,14,10,0,0,0,5,0,0,1,1,40
19740908-M-US_Open-F-Ken_Rosewall-Jimmy_Connors,Jimmy Connors,nonSnV,26,16,2,0,6,1,1,1,1,0,76
19740908-M-US_Open-F-Ken_Rosewall-Jimmy_Connors,Jimmy Connors,nonSnV1st,17,11,2,0,4,0,1,1,1,0,49
19740908-M-US_Open-F-Ken_Rosewall-Jimmy_Connors,Jimmy Connors,nonSnV2nd,9,5,0,0,2,1,0,0,0,0,27
19730909-M-US_Open-F-Jan_Kodes-John_Newcombe,Jan Kodes,SnV,63,35,0,0,12,13,6,4,9,6,227
19730909-M-US_Open-F-Jan_Kodes-John_Newcombe,Jan Kodes,SnV1st,51,31,0,0,12,10,6,2,7,3,179
19730909-M-US_Open-F-Jan_Kodes-John_Newcombe,Jan Kodes,SnV2nd,12,4,0,0,0,3,0,2,2,3,48
19730909-M-US_Open-F-Jan_Kodes-John_Newcombe,Jan Kodes,nonSnV,3,3,2,0,0,0,1,0,0,0,5
19730909-M-US_Open-F-Jan_Kodes-John_Newcombe,Jan Kodes,nonSnV1st,3,3,2,0,0,0,1,0,0,0,5
19730909-M-US_Open-F-Jan_Kodes-John_Newcombe,John Newcombe,SnV,44,32,0,0,15,8,3,1,5,0,104
19730909-M-US_Open-F-Jan_Kodes-John_Newcombe,John Newcombe,SnV1st,25,17,0,0,11,4,0,0,3,0,53
19730909-M-US_Open-F-Jan_Kodes-John_Newcombe,John Newcombe,SnV2nd,19,15,0,0,4,4,3,1,2,0,51
19730909-M-US_Open-F-Jan_Kodes-John_Newcombe,John Newcombe,nonSnV,8,8,6,0,1,0,1,0,0,0,10
19730909-M-US_Open-F-Jan_Kodes-John_Newcombe,John Newcombe,nonSnV1st,7,7,6,0,1,0,0,0,0,0,7
19730909-M-US_Open-F-Jan_Kodes-John_Newcombe,John Newcombe,nonSnV2nd,1,1,0,0,0,0,1,0,0,0,3
19720910-M-US_Open-F-Arthur_Ashe-Ilie_Nastase,Arthur Ashe,SnV,93,63,0,0,14,19,5,14,5,2,249
19720910-M-US_Open-F-Arthur_Ashe-Ilie_Nastase,Arthur Ashe,SnV1st,54,40,0,0,13,13,4,7,2,1,152
19720910-M-US_Open-F-Arthur_Ashe-Ilie_Nastase,Arthur Ashe,SnV2nd,39,23,0,0,1,6,1,7,3,1,97
19720910-M-US_Open-F-Arthur_Ashe-Ilie_Nastase,Arthur Ashe,nonSnV,3,3,3,0,0,0,0,0,0,0,3
19720910-M-US_Open-F-Arthur_Ashe-Ilie_Nastase,Arthur Ashe,nonSnV1st,2,2,2,0,0,0,0,0,0,0,2
19720910-M-US_Open-F-Arthur_Ashe-Ilie_Nastase,Arthur Ashe,nonSnV2nd,1,1,1,0,0,0,0,0,0,0,1
19720910-M-US_Open-F-Arthur_Ashe-Ilie_Nastase,Ilie Nastase,SnV,99,67,0,0,18,10,5,10,5,2,259
19720910-M-US_Open-F-Arthur_Ashe-Ilie_Nastase,Ilie Nastase,SnV1st,59,38,0,0,17,5,4,7,2,2,156
19720910-M-US_Open-F-Arthur_Ashe-Ilie_Nastase,Ilie Nastase,SnV2nd,40,29,0,0,1,5,1,3,3,0,103
19720910-M-US_Open-F-Arthur_Ashe-Ilie_Nastase,Ilie Nastase,nonSnV,8,8,4,0,2,0,0,0,0,0,14
19720910-M-US_Open-F-Arthur_Ashe-Ilie_Nastase,Ilie Nastase,nonSnV1st,7,7,4,0,2,0,0,0,0,0,11
19720910-M-US_Open-F-Arthur_Ashe-Ilie_Nastase,Ilie Nastase,nonSnV2nd,1,1,0,0,0,0,0,0,0,0,3
19710916-M-US_Open-F-Jan_Kodes-Stan_Smith,Stan Smith,nonSnV,5,4,4,0,0,0,0,1,0,0,6
19710916-M-US_Open-F-Jan_Kodes-Stan_Smith,Jan Kodes,SnV,79,43,0,0,14,10,7,7,10,5,249
19710916-M-US_Open-F-Jan_Kodes-Stan_Smith,Jan Kodes,SnV1st,51,31,0,0,13,8,4,3,6,3,169
19710916-M-US_Open-F-Jan_Kodes-Stan_Smith,Jan Kodes,SnV2nd,28,12,0,0,1,2,3,4,4,2,80
19710916-M-US_Open-F-Jan_Kodes-Stan_Smith,Jan Kodes,nonSnV,8,5,1,0,0,0,0,1,1,0,17
19710916-M-US_Open-F-Jan_Kodes-Stan_Smith,Jan Kodes,nonSnV1st,3,1,1,0,0,0,0,1,1,0,9
19710916-M-US_Open-F-Jan_Kodes-Stan_Smith,Jan Kodes,nonSnV2nd,5,4,0,0,0,0,0,0,0,0,8
19710916-M-US_Open-F-Jan_Kodes-Stan_Smith,Stan Smith,SnV,67,41,0,0,17,11,5,7,7,1,187
19710916-M-US_Open-F-Jan_Kodes-Stan_Smith,Stan Smith,SnV1st,49,31,0,0,17,5,4,5,4,0,121
19710916-M-US_Open-F-Jan_Kodes-Stan_Smith,Stan Smith,SnV2nd,18,10,0,0,0,6,1,2,3,1,66
19710916-M-US_Open-F-Jan_Kodes-Stan_Smith,Stan Smith,nonSnV1st,3,3,3,0,0,0,0,0,0,0,3
19710916-M-US_Open-F-Jan_Kodes-Stan_Smith,Stan Smith,nonSnV2nd,2,1,1,0,0,0,0,1,0,0,3
19690907-M-US_Open-F-Rod_Laver-Tony_Roche,Rod Laver,SnV,109,72,0,0,21,23,8,10,6,3,294
19690907-M-US_Open-F-Rod_Laver-Tony_Roche,Rod Laver,SnV1st,59,42,0,0,20,10,5,4,4,2,160
19690907-M-US_Open-F-Rod_Laver-Tony_Roche,Rod Laver,SnV2nd,50,30,0,0,1,13,3,6,2,1,134
19690907-M-US_Open-F-Rod_Laver-Tony_Roche,Rod Laver,nonSnV,8,6,6,0,0,0,0,1,0,0,12
19690907-M-US_Open-F-Rod_Laver-Tony_Roche,Rod Laver,nonSnV1st,6,6,6,0,0,0,0,0,0,0,6
19690907-M-US_Open-F-Rod_Laver-Tony_Roche,Rod Laver,nonSnV2nd,2,0,0,0,0,0,0,1,0,0,6
19690907-M-US_Open-F-Rod_Laver-Tony_Roche,Tony Roche,SnV,119,65,0,0,30,16,9,13,21,6,353
19690907-M-US_Open-F-Rod_Laver-Tony_Roche,Tony Roche,SnV1st,82,52,0,0,29,10,8,7,10,3,220
19690907-M-US_Open-F-Rod_Laver-Tony_Roche,Tony Roche,SnV2nd,37,13,0,0,1,6,1,6,11,3,133
19690907-M-US_Open-F-Rod_Laver-Tony_Roche,Tony Roche,nonSnV,2,1,0,0,0,0,0,0,0,0,7
19690907-M-US_Open-F-Rod_Laver-Tony_Roche,Tony Roche,nonSnV1st,2,1,0,0,0,0,0,0,0,0,7
