match_id,player,row,snv_pts,pts_won,aces,unret,return_forced,net_winner,induced_forced,net_unforced,passed_at_net,passing_shot_induced_forced,total_shots
20260909-W-US_Open-QF-Coco_Gauff-Mirra_Andreeva,Coco Gauff,SnV,2,1,0,0,1,0,0,0,1,0,5
20260909-W-US_Open-QF-Coco_Gauff-Mirra_Andreeva,Coco Gauff,SnV1st,2,1,0,0,1,0,0,0,1,0,5
20260909-W-US_Open-QF-Coco_Gauff-Mirra_Andreeva,Coco Gauff,nonSnV,89,59,4,1,18,8,5,1,5,0,457
20260909-W-US_Open-QF-Coco_Gauff-Mirra_Andreeva,Coco Gauff,nonSnV1st,59,43,3,1,15,7,4,1,4,0,335
20260909-W-US_Open-QF-Coco_Gauff-Mirra_Andreeva,Coco Gauff,nonSnV2nd,30,16,1,0,3,1,1,0,1,0,122
20260907-W-US_Open-R16-Coco_Gauff-Iva_Jovic,Coco Gauff,SnV,2,2,0,0,1,0,1,0,0,0,4
20260907-W-US_Open-R16-Coco_Gauff-Iva_Jovic,Coco Gauff,SnV1st,2,2,0,0,1,0,1,0,0,0,4
20260907-W-US_Open-R16-Coco_Gauff-Iva_Jovic,Coco Gauff,nonSnV,46,30,2,0,9,3,3,1,0,1,194
20260907-W-US_Open-R16-Coco_Gauff-Iva_Jovic,Coco Gauff,nonSnV1st,29,19,2,0,6,2,2,1,0,0,129
20260907-W-US_Open-R16-Coco_Gauff-Iva_Jovic,Coco Gauff,nonSnV2nd,17,11,0,0,3,1,1,0,0,1,65
20260907-W-US_Open-R16-Anastasia_Potapova-Mirra_Andreeva,Mirra Andreeva,SnV,1,1,0,0,0,0,1,0,0,0,5
20260907-W-US_Open-R16-Anastasia_Potapova-Mirra_Andreeva,Mirra Andreeva,SnV1st,1,1,0,0,0,0,1,0,0,0,5
20260907-W-US_Open-R16-Anastasia_Potapova-Mirra_Andreeva,Mirra Andreeva,nonSnV,87,54,2,0,9,2,5,1,1,0,416
20260907-W-US_Open-R16-Anastasia_Potapova-Mirra_Andreeva,Mirra Andreeva,nonSnV1st,58,40,2,0,9,2,3,0,0,0,236
20260907-W-US_Open-R16-Anastasia_Potapova-Mirra_Andreeva,Mirra Andreeva,nonSnV2nd,29,14,0,0,0,0,2,1,1,0,180
20260905-W-US_Open-R32-Nikola_Bartunkova-Mirra_Andreeva,Nikola Bartunkova,SnV,3,3,0,0,0,0,2,0,0,0,13
20260905-W-US_Open-R32-Nikola_Bartunkova-Mirra_Andreeva,Nikola Bartunkova,SnV1st,3,3,0,0,0,0,2,0,0,0,13
20260905-W-US_Open-R32-Nikola_Bartunkova-Mirra_Andreeva,Nikola Bartunkova,nonSnV,64,36,3,0,10,2,6,1,6,2,262
20260905-W-US_Open-R32-Nikola_Bartunkova-Mirra_Andreeva,Nikola Bartunkova,nonSnV1st,39,26,3,0,9,1,5,0,3,2,142
20260905-W-US_Open-R32-Nikola_Bartunkova-Mirra_Andreeva,Nikola Bartunkova,nonSnV2nd,25,10,0,0,1,1,1,1,3,0,120
20260905-W-US_Open-R32-Coco_Gauff-Cristina_Bucsa,Coco Gauff,SnV,1,1,0,0,0,0,1,0,0,0,3
20260905-W-US_Open-R32-Coco_Gauff-Cristina_Bucsa,Coco Gauff,SnV1st,1,1,0,0,0,0,1,0,0,0,3
20260905-W-US_Open-R32-Coco_Gauff-Cristina_Bucsa,Coco Gauff,nonSnV,48,35,1,1,13,1,4,1,0,1,153
20260905-W-US_Open-R32-Coco_Gauff-Cristina_Bucsa,Coco Gauff,nonSnV1st,26,19,1,1,8,0,2,1,0,0,79
20260905-W-US_Open-R32-Coco_Gauff-Cristina_Bucsa,Coco Gauff,nonSnV2nd,22,16,0,0,5,1,2,0,0,1,74
20260905-W-US_Open-R32-Coco_Gauff-Cristina_Bucsa,Cristina Bucsa,SnV,1,1,0,0,0,1,0,0,0,0,3
20260905-W-US_Open-R32-Coco_Gauff-Cristina_Bucsa,Cristina Bucsa,SnV1st,1,1,0,0,0,1,0,0,0,0,3
20260905-W-US_Open-R32-Coco_Gauff-Cristina_Bucsa,Cristina Bucsa,nonSnV,69,34,0,0,7,5,1,2,2,4,396
20260905-W-US_Open-R32-Coco_Gauff-Cristina_Bucsa,Cristina Bucsa,nonSnV1st,44,23,0,0,7,3,0,2,1,3,275
20260905-W-US_Open-R32-Coco_Gauff-Cristina_Bucsa,Cristina Bucsa,nonSnV2nd,25,11,0,0,0,2,1,0,1,1,121
20260831-W-US_Open-R128-Karolina_Muchova-Sinja_Kraus,Karolina Muchova,SnV,3,3,0,0,0,2,0,0,0,0,11
20260831-W-US_Open-R128-Karolina_Muchova-Sinja_Kraus,Karolina Muchova,SnV1st,3,3,0,0,0,2,0,0,0,0,11
20260831-W-US_Open-R128-Karolina_Muchova-Sinja_Kraus,Karolina Muchova,nonSnV,36,29,1,0,9,2,1,0,0,1,113
20260831-W-US_Open-R128-Karolina_Muchova-Sinja_Kraus,Karolina Muchova,nonSnV1st,19,16,1,0,5,2,0,0,0,1,48
20260831-W-US_Open-R128-Karolina_Muchova-Sinja_Kraus,Karolina Muchova,nonSnV2nd,17,13,0,0,4,0,1,0,0,0,65
20260831-W-US_Open-R128-Caty_Mcnally-Anouk_Koevermans,Caty Mcnally,SnV,1,1,0,0,1,0,0,0,0,0,1
20260831-W-US_Open-R128-Caty_Mcnally-Anouk_Koevermans,Caty Mcnally,SnV2nd,1,1,0,0,1,0,0,0,0,0,1
20260831-W-US_Open-R128-Caty_Mcnally-Anouk_Koevermans,Caty Mcnally,nonSnV,64,45,0,0,13,3,6,0,2,0,261
20260831-W-US_Open-R128-Caty_Mcnally-Anouk_Koevermans,Caty Mcnally,nonSnV1st,45,33,0,0,13,2,3,0,2,0,173
20260831-W-US_Open-R128-Caty_Mcnally-Anouk_Koevermans,Caty Mcnally,nonSnV2nd,19,12,0,0,0,1,3,0,0,0,88
20260831-W-US_Open-R128-Caty_Mcnally-Anouk_Koevermans,Anouk Koevermans,SnV,2,1,0,0,1,0,0,0,0,0,3
20260831-W-US_Open-R128-Caty_Mcnally-Anouk_Koevermans,Anouk Koevermans,SnV1st,2,1,0,0,1,0,0,0,0,0,3
20260831-W-US_Open-R128-Caty_Mcnally-Anouk_Koevermans,Anouk Koevermans,nonSnV,45,26,1,1,5,6,1,1,2,1,164
20260831-W-US_Open-R128-Caty_Mcnally-Anouk_Koevermans,Anouk Koevermans,nonSnV1st,26,13,1,1,4,4,0,1,1,0,79
20260831-W-US_Open-R128-Caty_Mcnally-Anouk_Koevermans,Anouk Koevermans,nonSnV2nd,19,13,0,0,1,2,1,0,1,1,85
20260830-W-US_Open-R128-Emiliana_Arango-Xin_Yu_Wang,Xin Yu Wang,SnV,1,0,0,0,0,0,0,0,1,0,4
20260830-W-US_Open-R128-Emiliana_Arango-Xin_Yu_Wang,Xin Yu Wang,SnV1st,1,0,0,0,0,0,0,0,1,0,4
20260830-W-US_Open-R128-Emiliana_Arango-Xin_Yu_Wang,Xin Yu Wang,nonSnV,53,37,3,0,10,7,0,1,1,0,191
20260830-W-US_Open-R128-Emiliana_Arango-Xin_Yu_Wang,Xin Yu Wang,nonSnV1st,34,25,3,0,9,5,0,0,0,0,117
20260830-W-US_Open-R128-Emiliana_Arango-Xin_Yu_Wang,Xin Yu Wang,nonSnV2nd,19,12,0,0,1,2,0,1,1,0,74
20260827-W-US_Open-Q3-Tamara_Zidansek-Bianca_Andreescu,Bianca Andreescu,SnV,5,3,0,0,1,1,1,0,1,0,17
20260827-W-US_Open-Q3-Tamara_Zidansek-Bianca_Andreescu,Bianca Andreescu,SnV1st,5,3,0,0,1,1,1,0,1,0,17
20260827-W-US_Open-Q3-Tamara_Zidansek-Bianca_Andreescu,Bianca Andreescu,nonSnV,77,47,7,0,11,4,1,3,4,5,313
20260827-W-US_Open-Q3-Tamara_Zidansek-Bianca_Andreescu,Bianca Andreescu,nonSnV1st,39,28,5,0,10,1,1,2,0,2,132
20260827-W-US_Open-Q3-Tamara_Zidansek-Bianca_Andreescu,Bianca Andreescu,nonSnV2nd,38,19,2,0,1,3,0,1,4,3,181
20260826-W-US_Open-Q2-Bianca_Andreescu-Veronika_Podrez,Bianca Andreescu,SnV,4,4,1,1,1,1,0,0,0,0,8
20260826-W-US_Open-Q2-Bianca_Andreescu-Veronika_Podrez,Bianca Andreescu,SnV1st,4,4,1,1,1,1,0,0,0,0,8
20260826-W-US_Open-Q2-Bianca_Andreescu-Veronika_Podrez,Bianca Andreescu,nonSnV,47,32,1,0,11,5,0,1,0,0,148
20260826-W-US_Open-Q2-Bianca_Andreescu-Veronika_Podrez,Bianca Andreescu,nonSnV1st,29,21,1,0,10,3,0,1,0,0,93
20260826-W-US_Open-Q2-Bianca_Andreescu-Veronika_Podrez,Bianca Andreescu,nonSnV2nd,18,11,0,0,1,2,0,0,0,0,55
20260824-W-US_Open-Q1-Bianca_Andreescu-Eva_Vedder,Bianca Andreescu,SnV,8,8,1,0,4,3,0,0,0,0,16
20260824-W-US_Open-Q1-Bianca_Andreescu-Eva_Vedder,Bianca Andreescu,SnV1st,8,8,1,0,4,3,0,0,0,0,16
20260824-W-US_Open-Q1-Bianca_Andreescu-Eva_Vedder,Bianca Andreescu,nonSnV,44,29,4,0,10,2,3,1,3,1,145
20260824-W-US_Open-Q1-Bianca_Andreescu-Eva_Vedder,Bianca Andreescu,nonSnV1st,29,19,4,0,9,1,2,1,3,1,83
20260824-W-US_Open-Q1-Bianca_Andreescu-Eva_Vedder,Bianca Andreescu,nonSnV2nd,15,10,0,0,1,1,1,0,0,0,62
20260123-W-Australian_Open-R32-Magda_Linette-Karolina_Muchova,Karolina Muchova,SnV,2,1,0,0,0,1,0,0,0,0,5
20260123-W-Australian_Open-R32-Magda_Linette-Karolina_Muchova,Karolina Muchova,SnV1st,2,1,0,0,0,1,0,0,0,0,5
20260123-W-Australian_Open-R32-Magda_Linette-Karolina_Muchova,Karolina Muchova,nonSnV,35,28,1,0,8,2,1,0,0,0,148
20260123-W-Australian_Open-R32-Magda_Linette-Karolina_Muchova,Karolina Muchova,nonSnV1st,19,18,1,0,7,2,1,0,0,0,72
20260123-W-Australian_Open-R32-Magda_Linette-Karolina_Muchova,Karolina Muchova,nonSnV2nd,16,10,0,0,1,0,0,0,0,0,76
20260122-W-Australian_Open-R64-Mccartney_Kessler-Jessica_Pegula,Mccartney Kessler,SnV,1,0,0,0,0,0,0,0,1,0,4
20260122-W-Australian_Open-R64-Mccartney_Kessler-Jessica_Pegula,Mccartney Kessler,SnV1st,1,0,0,0,0,0,0,0,1,0,4
20260122-W-Australian_Open-R64-Mccartney_Kessler-Jessica_Pegula,Mccartney Kessler,nonSnV,36,14,3,0,4,1,0,0,3,2,152
20260122-W-Australian_Open-R64-Mccartney_Kessler-Jessica_Pegula,Mccartney Kessler,nonSnV1st,23,12,3,0,3,1,0,0,2,1,92
20260122-W-Australian_Open-R64-Mccartney_Kessler-Jessica_Pegula,Mccartney Kessler,nonSnV2nd,13,2,0,0,1,0,0,0,1,1,60
20260121-W-Australian_Open-R64-Victoria_Mboko-Caty_Mcnally,Caty Mcnally,SnV,1,0,0,0,0,0,0,0,1,0,4
20260121-W-Australian_Open-R64-Victoria_Mboko-Caty_Mcnally,Caty Mcnally,SnV1st,1,0,0,0,0,0,0,0,1,0,4
20260121-W-Australian_Open-R64-Victoria_Mboko-Caty_Mcnally,Caty Mcnally,nonSnV,59,32,0,0,5,7,3,1,3,0,336
20260121-W-Australian_Open-R64-Victoria_Mboko-Caty_Mcnally,Caty Mcnally,nonSnV1st,42,26,0,0,5,6,2,1,2,0,260
20260121-W-Australian_Open-R64-Victoria_Mboko-Caty_Mcnally,Caty Mcnally,nonSnV2nd,17,6,0,0,0,1,1,0,1,0,76
20260121-W-Australian_Open-R64-Iva_Jovic-Priscilla_Hon,Priscilla Hon,SnV,3,1,0,0,0,1,0,0,0,0,9
20260121-W-Australian_Open-R64-Iva_Jovic-Priscilla_Hon,Priscilla Hon,SnV1st,3,1,0,0,0,1,0,0,0,0,9
20260121-W-Australian_Open-R64-Iva_Jovic-Priscilla_Hon,Priscilla Hon,nonSnV,46,21,4,0,4,3,0,2,1,1,263
20260121-W-Australian_Open-R64-Iva_Jovic-Priscilla_Hon,Priscilla Hon,nonSnV1st,25,12,4,0,4,1,0,2,1,1,116
20260121-W-Australian_Open-R64-Iva_Jovic-Priscilla_Hon,Priscilla Hon,nonSnV2nd,21,9,0,0,0,2,0,0,0,0,147
20260121-W-Australian_Open-R64-Alycia_Parks-Karolina_Muchova,Karolina Muchova,SnV,2,2,0,0,2,0,0,0,0,0,2
20260121-W-Australian_Open-R64-Alycia_Parks-Karolina_Muchova,Karolina Muchova,SnV1st,2,2,0,0,2,0,0,0,0,0,2
20260121-W-Australian_Open-R64-Alycia_Parks-Karolina_Muchova,Karolina Muchova,nonSnV,100,64,3,1,29,2,1,1,2,0,298
20260121-W-Australian_Open-R64-Alycia_Parks-Karolina_Muchova,Karolina Muchova,nonSnV1st,60,40,2,1,25,1,1,1,1,0,144
20260121-W-Australian_Open-R64-Alycia_Parks-Karolina_Muchova,Karolina Muchova,nonSnV2nd,40,24,1,0,4,1,0,0,1,0,154
20260120-W-Australian_Open-R128-Leylah_Fernandez-Janice_Tjen,Leylah Fernandez,SnV,1,1,0,0,1,0,0,0,0,0,1
20260120-W-Australian_Open-R128-Leylah_Fernandez-Janice_Tjen,Leylah Fernandez,SnV1st,1,1,0,0,1,0,0,0,0,0,1
20260120-W-Australian_Open-R128-Leylah_Fernandez-Janice_Tjen,Leylah Fernandez,nonSnV,59,34,2,0,4,1,8,3,2,1,246
20260120-W-Australian_Open-R128-Leylah_Fernandez-Janice_Tjen,Leylah Fernandez,nonSnV1st,35,19,1,0,4,1,5,1,2,1,163
20260120-W-Australian_Open-R128-Leylah_Fernandez-Janice_Tjen,Leylah Fernandez,nonSnV2nd,24,15,1,0,0,0,3,2,0,0,83
20260120-W-Australian_Open-R128-Elena_Rybakina-Kaja_Juvan,Elena Rybakina,SnV,2,1,0,0,1,0,0,1,0,0,3
20260120-W-Australian_Open-R128-Elena_Rybakina-Kaja_Juvan,Elena Rybakina,SnV1st,2,1,0,0,1,0,0,1,0,0,3
20260120-W-Australian_Open-R128-Elena_Rybakina-Kaja_Juvan,Elena Rybakina,nonSnV,54,41,5,1,12,3,2,2,1,0,155
20260120-W-Australian_Open-R128-Elena_Rybakina-Kaja_Juvan,Elena Rybakina,nonSnV1st,33,28,5,1,7,3,2,2,0,0,90
20260120-W-Australian_Open-R128-Elena_Rybakina-Kaja_Juvan,Elena Rybakina,nonSnV2nd,21,13,0,0,5,0,0,0,1,0,65
20260118-W-Australian_Open-R128-Elsa_Jacquemot-Marta_Kostyuk,Elsa Jacquemot,SnV,1,0,0,0,0,0,0,0,0,1,6
20260118-W-Australian_Open-R128-Elsa_Jacquemot-Marta_Kostyuk,Elsa Jacquemot,SnV2nd,1,0,0,0,0,0,0,0,0,1,6
20260118-W-Australian_Open-R128-Elsa_Jacquemot-Marta_Kostyuk,Elsa Jacquemot,nonSnV,148,98,4,0,27,12,6,2,9,3,600
20260118-W-Australian_Open-R128-Elsa_Jacquemot-Marta_Kostyuk,Elsa Jacquemot,nonSnV1st,99,70,4,0,25,8,3,1,7,2,404
20260118-W-Australian_Open-R128-Elsa_Jacquemot-Marta_Kostyuk,Elsa Jacquemot,nonSnV2nd,49,28,0,0,2,4,3,1,2,1,196
20260118-W-Australian_Open-R128-Elsa_Jacquemot-Marta_Kostyuk,Marta Kostyuk,SnV,1,1,0,0,0,1,0,0,0,0,5
20260118-W-Australian_Open-R128-Elsa_Jacquemot-Marta_Kostyuk,Marta Kostyuk,SnV1st,1,1,0,0,0,1,0,0,0,0,5
20260118-W-Australian_Open-R128-Elsa_Jacquemot-Marta_Kostyuk,Marta Kostyuk,nonSnV,128,83,8,0,18,19,6,3,3,6,415
20260118-W-Australian_Open-R128-Elsa_Jacquemot-Marta_Kostyuk,Marta Kostyuk,nonSnV1st,77,56,8,0,18,15,6,2,0,5,228
20260118-W-Australian_Open-R128-Elsa_Jacquemot-Marta_Kostyuk,Marta Kostyuk,nonSnV2nd,51,27,0,0,0,4,0,1,3,1,187
20250904-W-US_Open-SF-Amanda_Anisimova-Naomi_Osaka,Amanda Anisimova,SnV,1,1,0,0,0,1,0,0,0,0,3
20250904-W-US_Open-SF-Amanda_Anisimova-Naomi_Osaka,Amanda Anisimova,SnV1st,1,1,0,0,0,1,0,0,0,0,3
20250904-W-US_Open-SF-Amanda_Anisimova-Naomi_Osaka,Amanda Anisimova,nonSnV,113,70,8,0,9,1,0,0,0,0,406
20250904-W-US_Open-SF-Amanda_Anisimova-Naomi_Osaka,Amanda Anisimova,nonSnV1st,73,49,8,0,9,1,0,0,0,0,279
20250904-W-US_Open-SF-Amanda_Anisimova-Naomi_Osaka,Amanda Anisimova,nonSnV2nd,40,21,0,0,0,0,0,0,0,0,127
20250902-W-US_Open-QF-Jessica_Pegula-Barbora_Krejcikova,Barbora Krejcikova,SnV,1,1,0,0,0,1,0,0,0,0,3
20250902-W-US_Open-QF-Jessica_Pegula-Barbora_Krejcikova,Barbora Krejcikova,SnV1st,1,1,0,0,0,1,0,0,0,0,3
20250902-W-US_Open-QF-Jessica_Pegula-Barbora_Krejcikova,Barbora Krejcikova,nonSnV,54,27,3,1,5,0,1,0,3,0,205
20250902-W-US_Open-QF-Jessica_Pegula-Barbora_Krejcikova,Barbora Krejcikova,nonSnV1st,25,16,3,1,3,0,1,0,3,0,96
20250902-W-US_Open-QF-Jessica_Pegula-Barbora_Krejcikova,Barbora Krejcikova,nonSnV2nd,29,11,0,0,2,0,0,0,0,0,109
20250901-W-US_Open-R16-Karolina_Muchova-Marta_Kostyuk,Karolina Muchova,SnV,9,7,0,0,0,3,0,1,0,0,25
20250901-W-US_Open-R16-Karolina_Muchova-Marta_Kostyuk,Karolina Muchova,SnV1st,9,7,0,0,0,3,0,1,0,0,25
20250901-W-US_Open-R16-Karolina_Muchova-Marta_Kostyuk,Karolina Muchova,nonSnV,116,71,2,1,14,5,0,1,1,2,487
20250901-W-US_Open-R16-Karolina_Muchova-Marta_Kostyuk,Karolina Muchova,nonSnV1st,66,44,2,1,12,5,0,0,0,0,278
20250901-W-US_Open-R16-Karolina_Muchova-Marta_Kostyuk,Karolina Muchova,nonSnV2nd,50,27,0,0,2,0,0,1,1,2,209
20250901-W-US_Open-R16-Beatriz_Haddad_Maia-Amanda_Anisimova,Beatriz Haddad Maia,SnV,1,1,0,0,0,1,0,0,0,0,3
20250901-W-US_Open-R16-Beatriz_Haddad_Maia-Amanda_Anisimova,Beatriz Haddad Maia,SnV1st,1,1,0,0,0,1,0,0,0,0,3
20250901-W-US_Open-R16-Beatriz_Haddad_Maia-Amanda_Anisimova,Beatriz Haddad Maia,nonSnV,55,25,1,1,4,0,0,0,0,0,213
20250901-W-US_Open-R16-Beatriz_Haddad_Maia-Amanda_Anisimova,Beatriz Haddad Maia,nonSnV1st,40,20,1,1,4,0,0,0,0,0,152
20250901-W-US_Open-R16-Beatriz_Haddad_Maia-Amanda_Anisimova,Beatriz Haddad Maia,nonSnV2nd,15,5,0,0,0,0,0,0,0,0,61
20250831-W-US_Open-R16-Barbora_Krejcikova-Taylor_Townsend,Barbora Krejcikova,SnV,4,1,0,0,0,0,0,1,2,0,13
20250831-W-US_Open-R16-Barbora_Krejcikova-Taylor_Townsend,Barbora Krejcikova,SnV1st,4,1,0,0,0,0,0,1,2,0,13
20250831-W-US_Open-R16-Barbora_Krejcikova-Taylor_Townsend,Barbora Krejcikova,nonSnV,113,65,1,1,13,6,1,1,2,1,455
20250831-W-US_Open-R16-Barbora_Krejcikova-Taylor_Townsend,Barbora Krejcikova,nonSnV1st,75,49,1,1,10,4,1,1,2,1,305
20250831-W-US_Open-R16-Barbora_Krejcikova-Taylor_Townsend,Barbora Krejcikova,nonSnV2nd,38,16,0,0,3,2,0,0,0,0,150
20250831-W-US_Open-R16-Barbora_Krejcikova-Taylor_Townsend,Taylor Townsend,SnV,3,2,0,0,0,2,0,0,1,0,10
20250831-W-US_Open-R16-Barbora_Krejcikova-Taylor_Townsend,Taylor Townsend,SnV1st,3,2,0,0,0,2,0,0,1,0,10
20250831-W-US_Open-R16-Barbora_Krejcikova-Taylor_Townsend,Taylor Townsend,nonSnV,103,62,4,2,13,3,0,1,2,1,368
20250831-W-US_Open-R16-Barbora_Krejcikova-Taylor_Townsend,Taylor Townsend,nonSnV1st,77,50,4,2,13,3,0,1,1,1,256
20250831-W-US_Open-R16-Barbora_Krejcikova-Taylor_Townsend,Taylor Townsend,nonSnV2nd,26,12,0,0,0,0,0,0,1,0,112
20250830-W-US_Open-R32-Karolina_Muchova-Linda_Noskova,Karolina Muchova,SnV,3,2,0,0,0,2,0,1,0,0,10
20250830-W-US_Open-R32-Karolina_Muchova-Linda_Noskova,Karolina Muchova,SnV1st,3,2,0,0,0,2,0,1,0,0,10
20250830-W-US_Open-R32-Karolina_Muchova-Linda_Noskova,Karolina Muchova,nonSnV,81,55,7,3,16,3,2,0,0,0,287
20250830-W-US_Open-R32-Karolina_Muchova-Linda_Noskova,Karolina Muchova,nonSnV1st,48,35,4,3,13,2,1,0,0,0,151
20250830-W-US_Open-R32-Karolina_Muchova-Linda_Noskova,Karolina Muchova,nonSnV2nd,33,20,3,0,3,1,1,0,0,0,136
20250829-W-US_Open-R32-Mirra_Andreeva-Taylor_Townsend,Taylor Townsend,SnV,4,4,0,0,1,3,0,0,0,0,12
20250829-W-US_Open-R32-Mirra_Andreeva-Taylor_Townsend,Taylor Townsend,SnV1st,3,3,0,0,1,2,0,0,0,0,9
20250829-W-US_Open-R32-Mirra_Andreeva-Taylor_Townsend,Taylor Townsend,SnV2nd,1,1,0,0,0,1,0,0,0,0,3
20250829-W-US_Open-R32-Mirra_Andreeva-Taylor_Townsend,Taylor Townsend,nonSnV,45,30,2,2,3,6,3,2,0,0,166
20250829-W-US_Open-R32-Mirra_Andreeva-Taylor_Townsend,Taylor Townsend,nonSnV1st,38,26,2,2,3,5,3,1,0,0,140
20250829-W-US_Open-R32-Mirra_Andreeva-Taylor_Townsend,Taylor Townsend,nonSnV2nd,7,4,0,0,0,1,0,1,0,0,26
20250826-W-US_Open-R128-Amanda_Anisimova-Kimberly_Birrell,Amanda Anisimova,SnV,1,0,0,0,0,0,0,0,1,0,4
20250826-W-US_Open-R128-Amanda_Anisimova-Kimberly_Birrell,Amanda Anisimova,SnV1st,1,0,0,0,0,0,0,0,1,0,4
20250826-W-US_Open-R128-Amanda_Anisimova-Kimberly_Birrell,Amanda Anisimova,nonSnV,42,34,6,0,12,3,0,0,1,0,124
20250826-W-US_Open-R128-Amanda_Anisimova-Kimberly_Birrell,Amanda Anisimova,nonSnV1st,27,24,6,0,8,3,0,0,0,0,70
20250826-W-US_Open-R128-Amanda_Anisimova-Kimberly_Birrell,Amanda Anisimova,nonSnV2nd,15,10,0,0,4,0,0,0,1,0,54
20250825-W-US_Open-R128-Venus_Williams-Karolina_Muchova,Karolina Muchova,SnV,1,1,0,0,1,0,0,0,0,0,1
20250825-W-US_Open-R128-Venus_Williams-Karolina_Muchova,Karolina Muchova,SnV1st,1,1,0,0,1,0,0,0,0,0,1
20250825-W-US_Open-R128-Venus_Williams-Karolina_Muchova,Karolina Muchova,nonSnV,66,44,7,2,17,3,2,2,0,0,208
20250825-W-US_Open-R128-Venus_Williams-Karolina_Muchova,Karolina Muchova,nonSnV1st,47,37,7,2,17,3,2,2,0,0,119
20250825-W-US_Open-R128-Venus_Williams-Karolina_Muchova,Karolina Muchova,nonSnV2nd,19,7,0,0,0,0,0,0,0,0,89
20250115-W-Australian_Open-R64-Moyuka_Uchijima-Mirra_Andreeva,Moyuka Uchijima,SnV,2,2,0,0,1,0,0,0,0,0,12
20250115-W-Australian_Open-R64-Moyuka_Uchijima-Mirra_Andreeva,Moyuka Uchijima,SnV1st,2,2,0,0,1,0,0,0,0,0,12
20250115-W-Australian_Open-R64-Moyuka_Uchijima-Mirra_Andreeva,Moyuka Uchijima,nonSnV,97,63,2,0,16,6,0,0,3,0,487
20250115-W-Australian_Open-R64-Moyuka_Uchijima-Mirra_Andreeva,Moyuka Uchijima,nonSnV1st,57,42,2,0,15,5,0,0,2,0,280
20250115-W-Australian_Open-R64-Moyuka_Uchijima-Mirra_Andreeva,Moyuka Uchijima,nonSnV2nd,40,21,0,0,1,1,0,0,1,0,207
20250114-W-Australian_Open-R128-Olivia_Gadecki-Veronika_Kudermetova,Olivia Gadecki,SnV,2,2,0,0,0,2,0,0,0,0,8
20250114-W-Australian_Open-R128-Olivia_Gadecki-Veronika_Kudermetova,Olivia Gadecki,SnV1st,2,2,0,0,0,2,0,0,0,0,8
20250114-W-Australian_Open-R128-Olivia_Gadecki-Veronika_Kudermetova,Olivia Gadecki,nonSnV,35,13,0,0,4,2,1,2,1,0,141
20250114-W-Australian_Open-R128-Olivia_Gadecki-Veronika_Kudermetova,Olivia Gadecki,nonSnV1st,19,8,0,0,3,2,0,1,0,0,66
20250114-W-Australian_Open-R128-Olivia_Gadecki-Veronika_Kudermetova,Olivia Gadecki,nonSnV2nd,16,5,0,0,1,0,1,1,1,0,75
20240907-W-US_Open-F-Aryna_Sabalenka-Jessica_Pegula,Aryna Sabalenka,SnV,1,0,0,0,0,0,0,0,0,0,2
20240907-W-US_Open-F-Aryna_Sabalenka-Jessica_Pegula,Aryna Sabalenka,SnV1st,1,0,0,0,0,0,0,0,0,0,2
20240907-W-US_Open-F-Aryna_Sabalenka-Jessica_Pegula,Aryna Sabalenka,nonSnV,76,46,6,0,12,10,3,1,1,1,274
20240907-W-US_Open-F-Aryna_Sabalenka-Jessica_Pegula,Aryna Sabalenka,nonSnV1st,48,32,6,0,10,6,2,1,1,1,146
20240907-W-US_Open-F-Aryna_Sabalenka-Jessica_Pegula,Aryna Sabalenka,nonSnV2nd,28,14,0,0,2,4,1,0,0,0,128
20240905-W-US_Open-SF-Karolina_Muchova-Jessica_Pegula,Karolina Muchova,SnV,9,8,0,0,3,5,0,0,0,0,26
20240905-W-US_Open-SF-Karolina_Muchova-Jessica_Pegula,Karolina Muchova,SnV1st,9,8,0,0,3,5,0,0,0,0,26
20240905-W-US_Open-SF-Karolina_Muchova-Jessica_Pegula,Karolina Muchova,nonSnV,74,40,6,0,13,6,3,2,0,1,324
20240905-W-US_Open-SF-Karolina_Muchova-Jessica_Pegula,Karolina Muchova,nonSnV1st,44,26,6,0,8,5,3,2,0,0,186
20240905-W-US_Open-SF-Karolina_Muchova-Jessica_Pegula,Karolina Muchova,nonSnV2nd,30,14,0,0,5,1,0,0,0,1,138
20240903-W-US_Open-QF-Aryna_Sabalenka-Qinwen_Zheng,Aryna Sabalenka,SnV,1,1,0,0,1,0,0,0,0,0,1
20240903-W-US_Open-QF-Aryna_Sabalenka-Qinwen_Zheng,Aryna Sabalenka,SnV1st,1,1,0,0,1,0,0,0,0,0,1
20240903-W-US_Open-QF-Aryna_Sabalenka-Qinwen_Zheng,Aryna Sabalenka,nonSnV,54,38,3,0,14,3,1,2,0,1,184
20240903-W-US_Open-QF-Aryna_Sabalenka-Qinwen_Zheng,Aryna Sabalenka,nonSnV1st,40,29,2,0,13,3,1,1,0,1,117
20240903-W-US_Open-QF-Aryna_Sabalenka-Qinwen_Zheng,Aryna Sabalenka,nonSnV2nd,14,9,1,0,1,0,0,1,0,0,67
20240902-W-US_Open-R16-Karolina_Muchova-Jasmine_Paolini,Karolina Muchova,SnV,5,5,0,0,3,2,0,0,0,0,9
20240902-W-US_Open-R16-Karolina_Muchova-Jasmine_Paolini,Karolina Muchova,SnV1st,5,5,0,0,3,2,0,0,0,0,9
20240902-W-US_Open-R16-Karolina_Muchova-Jasmine_Paolini,Karolina Muchova,nonSnV,39,29,3,0,9,2,0,0,3,0,145
20240902-W-US_Open-R16-Karolina_Muchova-Jasmine_Paolini,Karolina Muchova,nonSnV1st,23,18,2,0,8,2,0,0,1,0,70
20240902-W-US_Open-R16-Karolina_Muchova-Jasmine_Paolini,Karolina Muchova,nonSnV2nd,16,11,1,0,1,0,0,0,2,0,75
20240831-W-US_Open-R32-Caroline_Wozniacki-Jessika_Ponchet,Jessika Ponchet,SnV,3,2,0,0,0,0,1,0,0,0,10
20240831-W-US_Open-R32-Caroline_Wozniacki-Jessika_Ponchet,Jessika Ponchet,SnV1st,3,2,0,0,0,0,1,0,0,0,10
20240831-W-US_Open-R32-Caroline_Wozniacki-Jessika_Ponchet,Jessika Ponchet,nonSnV,52,31,4,1,9,4,2,1,4,0,257
20240831-W-US_Open-R32-Caroline_Wozniacki-Jessika_Ponchet,Jessika Ponchet,nonSnV1st,30,22,4,1,9,3,2,0,4,0,88
20240831-W-US_Open-R32-Caroline_Wozniacki-Jessika_Ponchet,Jessika Ponchet,nonSnV2nd,22,9,0,0,0,1,0,1,0,0,169
20240831-W-US_Open-R32-Anastasia_Potapova-Karolina_Muchova,Karolina Muchova,SnV,3,3,0,0,1,2,0,0,0,0,9
20240831-W-US_Open-R32-Anastasia_Potapova-Karolina_Muchova,Karolina Muchova,SnV1st,3,3,0,0,1,2,0,0,0,0,9
20240831-W-US_Open-R32-Anastasia_Potapova-Karolina_Muchova,Karolina Muchova,nonSnV,44,34,8,0,10,4,0,1,0,1,166
20240831-W-US_Open-R32-Anastasia_Potapova-Karolina_Muchova,Karolina Muchova,nonSnV1st,23,18,8,0,4,3,0,0,0,1,78
20240831-W-US_Open-R32-Anastasia_Potapova-Karolina_Muchova,Karolina Muchova,nonSnV2nd,21,16,0,0,6,1,0,1,0,0,88
20240830-W-US_Open-R32-Jule_Niemeier-Qinwen_Zheng,Jule Niemeier,SnV,4,1,0,0,0,1,0,0,2,0,17
20240830-W-US_Open-R32-Jule_Niemeier-Qinwen_Zheng,Jule Niemeier,SnV1st,4,1,0,0,0,1,0,0,2,0,17
20240830-W-US_Open-R32-Jule_Niemeier-Qinwen_Zheng,Jule Niemeier,nonSnV,34,17,2,0,6,3,0,0,1,1,139
20240830-W-US_Open-R32-Jule_Niemeier-Qinwen_Zheng,Jule Niemeier,nonSnV1st,15,8,1,0,4,1,0,0,1,1,52
20240830-W-US_Open-R32-Jule_Niemeier-Qinwen_Zheng,Jule Niemeier,nonSnV2nd,19,9,1,0,2,2,0,0,0,0,87
20240829-W-US_Open-R64-Naomi_Osaka-Karolina_Muchova,Karolina Muchova,SnV,12,10,0,1,4,4,1,0,0,0,26
20240829-W-US_Open-R64-Naomi_Osaka-Karolina_Muchova,Karolina Muchova,SnV1st,12,10,0,1,4,4,1,0,0,0,26
20240829-W-US_Open-R64-Naomi_Osaka-Karolina_Muchova,Karolina Muchova,nonSnV,45,32,6,0,9,4,1,0,0,3,166
20240829-W-US_Open-R64-Naomi_Osaka-Karolina_Muchova,Karolina Muchova,nonSnV1st,34,25,6,0,9,4,1,0,0,3,121
20240829-W-US_Open-R64-Naomi_Osaka-Karolina_Muchova,Karolina Muchova,nonSnV2nd,11,7,0,0,0,0,0,0,0,0,45
20240829-W-US_Open-R64-Iga_Swiatek-Ena_Shibahara,Ena Shibahara,SnV,3,1,0,0,0,1,0,1,1,0,11
20240829-W-US_Open-R64-Iga_Swiatek-Ena_Shibahara,Ena Shibahara,SnV1st,3,1,0,0,0,1,0,1,1,0,11
20240829-W-US_Open-R64-Iga_Swiatek-Ena_Shibahara,Ena Shibahara,nonSnV,48,22,1,8,1,0,0,1,1,0,220
20240829-W-US_Open-R64-Iga_Swiatek-Ena_Shibahara,Ena Shibahara,nonSnV1st,34,18,1,8,1,0,0,1,1,0,148
20240829-W-US_Open-R64-Iga_Swiatek-Ena_Shibahara,Ena Shibahara,nonSnV2nd,14,4,0,0,0,0,0,0,0,0,72
20240827-W-US_Open-R128-Alexa_Noel-Sara_Sorribes_Tormo,Alexa Noel,SnV,3,2,0,0,0,2,0,0,0,0,8
20240827-W-US_Open-R128-Alexa_Noel-Sara_Sorribes_Tormo,Alexa Noel,SnV1st,3,2,0,0,0,2,0,0,0,0,8
20240827-W-US_Open-R128-Alexa_Noel-Sara_Sorribes_Tormo,Alexa Noel,nonSnV,54,24,1,0,2,5,3,1,3,0,356
20240827-W-US_Open-R128-Alexa_Noel-Sara_Sorribes_Tormo,Alexa Noel,nonSnV1st,31,17,1,0,2,5,2,1,1,0,213
20240827-W-US_Open-R128-Alexa_Noel-Sara_Sorribes_Tormo,Alexa Noel,nonSnV2nd,23,7,0,0,0,0,1,0,2,0,143
20240827-W-US_Open-R128-Alexa_Noel-Sara_Sorribes_Tormo,Sara Sorribes Tormo,SnV,4,3,0,0,1,1,1,0,0,0,9
20240827-W-US_Open-R128-Alexa_Noel-Sara_Sorribes_Tormo,Sara Sorribes Tormo,SnV1st,4,3,0,0,1,1,1,0,0,0,9
20240827-W-US_Open-R128-Alexa_Noel-Sara_Sorribes_Tormo,Sara Sorribes Tormo,nonSnV,38,27,0,0,6,4,2,1,1,0,303
20240827-W-US_Open-R128-Alexa_Noel-Sara_Sorribes_Tormo,Sara Sorribes Tormo,nonSnV1st,25,16,0,0,6,2,2,1,1,0,210
20240827-W-US_Open-R128-Alexa_Noel-Sara_Sorribes_Tormo,Sara Sorribes Tormo,nonSnV2nd,13,11,0,0,0,2,0,0,0,0,93
20240826-W-US_Open-R128-Priscilla_Hon-Aryna_Sabalenka,Priscilla Hon,SnV,3,2,0,0,1,1,0,0,0,0,8
20240826-W-US_Open-R128-Priscilla_Hon-Aryna_Sabalenka,Priscilla Hon,SnV1st,3,2,0,0,1,1,0,0,0,0,8
20240826-W-US_Open-R128-Priscilla_Hon-Aryna_Sabalenka,Priscilla Hon,nonSnV,49,26,3,0,8,1,0,1,1,1,180
20240826-W-US_Open-R128-Priscilla_Hon-Aryna_Sabalenka,Priscilla Hon,nonSnV1st,23,15,3,0,4,0,0,1,1,1,85
20240826-W-US_Open-R128-Priscilla_Hon-Aryna_Sabalenka,Priscilla Hon,nonSnV2nd,26,11,0,0,4,1,0,0,0,0,95
20240822-W-US_Open-Q3-Arianne_Hartono-Ena_Shibahara,Ena Shibahara,SnV,2,0,0,0,0,0,0,0,1,0,6
20240822-W-US_Open-Q3-Arianne_Hartono-Ena_Shibahara,Ena Shibahara,SnV1st,2,0,0,0,0,0,0,0,1,0,6
20240822-W-US_Open-Q3-Arianne_Hartono-Ena_Shibahara,Ena Shibahara,nonSnV,80,47,7,1,13,2,5,1,0,0,305
20240822-W-US_Open-Q3-Arianne_Hartono-Ena_Shibahara,Ena Shibahara,nonSnV1st,51,35,7,1,13,1,3,0,0,0,161
20240822-W-US_Open-Q3-Arianne_Hartono-Ena_Shibahara,Ena Shibahara,nonSnV2nd,29,12,0,0,0,1,2,1,0,0,144
20240120-W-Australian_Open-R16-Marta_Kostyuk-Maria_Timofeeva,Marta Kostyuk,SnV,1,1,0,0,0,1,0,0,0,0,3
20240120-W-Australian_Open-R16-Marta_Kostyuk-Maria_Timofeeva,Marta Kostyuk,SnV1st,1,1,0,0,0,1,0,0,0,0,3
20240120-W-Australian_Open-R16-Marta_Kostyuk-Maria_Timofeeva,Marta Kostyuk,nonSnV,54,38,1,0,10,10,3,1,3,1,278
20240120-W-Australian_Open-R16-Marta_Kostyuk-Maria_Timofeeva,Marta Kostyuk,nonSnV1st,35,25,1,0,9,6,2,1,2,0,169
20240120-W-Australian_Open-R16-Marta_Kostyuk-Maria_Timofeeva,Marta Kostyuk,nonSnV2nd,19,13,0,0,1,4,1,0,1,1,109
20240119-W-Australian_Open-R32-Diane_Parry-Mirra_Andreeva,Diane Parry,SnV,1,0,0,0,0,0,0,0,1,0,4
20240119-W-Australian_Open-R32-Diane_Parry-Mirra_Andreeva,Diane Parry,SnV1st,1,0,0,0,0,0,0,0,1,0,4
20240119-W-Australian_Open-R32-Diane_Parry-Mirra_Andreeva,Diane Parry,nonSnV,88,49,0,0,12,4,9,1,9,0,601
20240119-W-Australian_Open-R32-Diane_Parry-Mirra_Andreeva,Diane Parry,nonSnV1st,54,35,0,0,12,4,6,1,4,0,315
20240119-W-Australian_Open-R32-Diane_Parry-Mirra_Andreeva,Diane Parry,nonSnV2nd,34,14,0,0,0,0,3,0,5,0,286
20230905-W-US_Open-QF-Sorana_Cirstea-Karolina_Muchova,Karolina Muchova,SnV,4,2,0,0,0,2,0,0,0,0,12
20230905-W-US_Open-QF-Sorana_Cirstea-Karolina_Muchova,Karolina Muchova,SnV1st,4,2,0,0,0,2,0,0,0,0,12
20230905-W-US_Open-QF-Sorana_Cirstea-Karolina_Muchova,Karolina Muchova,nonSnV,62,38,6,0,7,4,3,0,3,1,274
20230905-W-US_Open-QF-Sorana_Cirstea-Karolina_Muchova,Karolina Muchova,nonSnV1st,43,26,6,0,5,2,3,0,3,1,160
20230905-W-US_Open-QF-Sorana_Cirstea-Karolina_Muchova,Karolina Muchova,nonSnV2nd,19,12,0,0,2,2,0,0,0,0,114
20230903-W-US_Open-R16-Xin_Yu_Wang-Karolina_Muchova,Karolina Muchova,SnV,4,0,0,0,0,0,0,0,0,0,8
20230903-W-US_Open-R16-Xin_Yu_Wang-Karolina_Muchova,Karolina Muchova,SnV1st,1,0,0,0,0,0,0,0,0,0,2
20230903-W-US_Open-R16-Xin_Yu_Wang-Karolina_Muchova,Karolina Muchova,SnV2nd,3,0,0,0,0,0,0,0,0,0,6
20230903-W-US_Open-R16-Xin_Yu_Wang-Karolina_Muchova,Karolina Muchova,nonSnV,97,58,3,4,14,5,4,0,2,1,348
20230903-W-US_Open-R16-Xin_Yu_Wang-Karolina_Muchova,Karolina Muchova,nonSnV1st,61,40,2,4,13,4,3,0,2,1,208
20230903-W-US_Open-R16-Xin_Yu_Wang-Karolina_Muchova,Karolina Muchova,nonSnV2nd,36,18,1,0,1,1,1,0,0,0,140
20230901-W-US_Open-R32-Taylor_Townsend-Karolina_Muchova,Taylor Townsend,SnV,9,6,0,0,1,4,1,1,1,0,26
20230901-W-US_Open-R32-Taylor_Townsend-Karolina_Muchova,Taylor Townsend,SnV1st,6,4,0,0,1,3,0,1,0,0,16
20230901-W-US_Open-R32-Taylor_Townsend-Karolina_Muchova,Taylor Townsend,SnV2nd,3,2,0,0,0,1,1,0,1,0,10
20230901-W-US_Open-R32-Taylor_Townsend-Karolina_Muchova,Taylor Townsend,nonSnV,61,35,1,1,9,7,4,4,1,1,255
20230901-W-US_Open-R32-Taylor_Townsend-Karolina_Muchova,Taylor Townsend,nonSnV1st,38,24,1,1,9,5,2,3,1,1,134
20230901-W-US_Open-R32-Taylor_Townsend-Karolina_Muchova,Taylor Townsend,nonSnV2nd,23,11,0,0,0,2,2,1,0,0,121
20230901-W-US_Open-R32-Taylor_Townsend-Karolina_Muchova,Karolina Muchova,SnV,4,3,0,0,1,1,1,0,0,0,13
20230901-W-US_Open-R32-Taylor_Townsend-Karolina_Muchova,Karolina Muchova,SnV1st,4,3,0,0,1,1,1,0,0,0,13
20230901-W-US_Open-R32-Taylor_Townsend-Karolina_Muchova,Karolina Muchova,nonSnV,69,49,1,0,11,7,5,0,3,5,301
20230901-W-US_Open-R32-Taylor_Townsend-Karolina_Muchova,Karolina Muchova,nonSnV1st,41,32,1,0,11,4,5,0,1,3,164
20230901-W-US_Open-R32-Taylor_Townsend-Karolina_Muchova,Karolina Muchova,nonSnV2nd,28,17,0,0,0,3,0,0,2,2,137
20230831-W-US_Open-R64-Caroline_Wozniacki-Petra_Kvitova,Petra Kvitova,SnV,1,1,0,0,0,1,0,0,0,0,3
20230831-W-US_Open-R64-Caroline_Wozniacki-Petra_Kvitova,Petra Kvitova,SnV1st,1,1,0,0,0,1,0,0,0,0,3
20230831-W-US_Open-R64-Caroline_Wozniacki-Petra_Kvitova,Petra Kvitova,nonSnV,90,54,3,0,14,8,3,4,2,1,344
20230831-W-US_Open-R64-Caroline_Wozniacki-Petra_Kvitova,Petra Kvitova,nonSnV1st,53,35,3,0,12,8,2,3,2,1,191
20230831-W-US_Open-R64-Caroline_Wozniacki-Petra_Kvitova,Petra Kvitova,nonSnV2nd,37,19,0,0,2,0,1,1,0,0,153
20230830-W-US_Open-R128-Barbora_Strycova-Kaia_Kanepi,Barbora Strycova,SnV,10,7,1,0,1,4,1,2,0,0,31
20230830-W-US_Open-R128-Barbora_Strycova-Kaia_Kanepi,Barbora Strycova,SnV1st,10,7,1,0,1,4,1,2,0,0,31
20230830-W-US_Open-R128-Barbora_Strycova-Kaia_Kanepi,Barbora Strycova,nonSnV,59,37,2,0,5,1,3,1,3,1,289
20230830-W-US_Open-R128-Barbora_Strycova-Kaia_Kanepi,Barbora Strycova,nonSnV1st,30,19,1,0,4,0,2,1,3,0,167
20230830-W-US_Open-R128-Barbora_Strycova-Kaia_Kanepi,Barbora Strycova,nonSnV2nd,29,18,1,0,1,1,1,0,0,1,122
20230829-W-US_Open-R128-Elsa_Jacquemot-Lesia_Tsurenko,Elsa Jacquemot,SnV,4,1,0,0,0,0,1,0,0,0,19
20230829-W-US_Open-R128-Elsa_Jacquemot-Lesia_Tsurenko,Elsa Jacquemot,SnV1st,3,1,0,0,0,0,1,0,0,0,17
20230829-W-US_Open-R128-Elsa_Jacquemot-Lesia_Tsurenko,Elsa Jacquemot,SnV2nd,1,0,0,0,0,0,0,0,0,0,2
20230829-W-US_Open-R128-Elsa_Jacquemot-Lesia_Tsurenko,Elsa Jacquemot,nonSnV,71,37,2,0,12,1,1,0,9,0,315
20230829-W-US_Open-R128-Elsa_Jacquemot-Lesia_Tsurenko,Elsa Jacquemot,nonSnV1st,41,22,2,0,12,1,1,0,6,0,162
20230829-W-US_Open-R128-Elsa_Jacquemot-Lesia_Tsurenko,Elsa Jacquemot,nonSnV2nd,30,15,0,0,0,0,0,0,3,0,153
20230828-W-US_Open-R128-Coco_Gauff-Laura_Siegemund,Laura Siegemund,SnV,3,2,0,0,0,1,1,1,0,0,10
20230828-W-US_Open-R128-Coco_Gauff-Laura_Siegemund,Laura Siegemund,SnV1st,2,2,0,0,0,1,1,0,0,0,8
20230828-W-US_Open-R128-Coco_Gauff-Laura_Siegemund,Laura Siegemund,SnV2nd,1,0,0,0,0,0,0,1,0,0,2
20230828-W-US_Open-R128-Coco_Gauff-Laura_Siegemund,Laura Siegemund,nonSnV,102,57,0,0,10,14,7,5,9,2,545
20230828-W-US_Open-R128-Coco_Gauff-Laura_Siegemund,Laura Siegemund,nonSnV1st,85,49,0,0,9,12,6,5,7,2,459
20230828-W-US_Open-R128-Coco_Gauff-Laura_Siegemund,Laura Siegemund,nonSnV2nd,17,8,0,0,1,2,1,0,2,0,86
20230828-W-US_Open-R128-Anhelina_Kalinina-Sara_Sorribes_Tormo,Sara Sorribes Tormo,SnV,1,0,0,0,0,0,0,0,0,0,2
20230828-W-US_Open-R128-Anhelina_Kalinina-Sara_Sorribes_Tormo,Sara Sorribes Tormo,SnV1st,1,0,0,0,0,0,0,0,0,0,2
20230828-W-US_Open-R128-Anhelina_Kalinina-Sara_Sorribes_Tormo,Sara Sorribes Tormo,nonSnV,63,32,1,0,1,4,0,2,3,2,468
20230828-W-US_Open-R128-Anhelina_Kalinina-Sara_Sorribes_Tormo,Sara Sorribes Tormo,nonSnV1st,40,20,1,0,1,4,0,2,1,1,298
20230828-W-US_Open-R128-Anhelina_Kalinina-Sara_Sorribes_Tormo,Sara Sorribes Tormo,nonSnV2nd,23,12,0,0,0,0,0,0,2,1,170
20230120-W-Australian_Open-R32-Marta_Kostyuk-Jessica_Pegula,Marta Kostyuk,SnV,2,1,0,0,0,1,0,0,1,0,7
20230120-W-Australian_Open-R32-Marta_Kostyuk-Jessica_Pegula,Marta Kostyuk,SnV1st,2,1,0,0,0,1,0,0,1,0,7
20230120-W-Australian_Open-R32-Marta_Kostyuk-Jessica_Pegula,Marta Kostyuk,nonSnV,48,24,1,1,9,4,1,2,0,0,178
20230120-W-Australian_Open-R32-Marta_Kostyuk-Jessica_Pegula,Marta Kostyuk,nonSnV1st,34,20,1,1,9,4,1,1,0,0,132
20230120-W-Australian_Open-R32-Marta_Kostyuk-Jessica_Pegula,Marta Kostyuk,nonSnV2nd,14,4,0,0,0,0,0,1,0,0,46
20230119-W-Australian_Open-R64-Marketa_Vondrousova-Ons_Jabeur,Ons Jabeur,SnV,1,1,0,0,0,1,0,0,0,0,3
20230119-W-Australian_Open-R64-Marketa_Vondrousova-Ons_Jabeur,Ons Jabeur,SnV1st,1,1,0,0,0,1,0,0,0,0,3
20230119-W-Australian_Open-R64-Marketa_Vondrousova-Ons_Jabeur,Ons Jabeur,nonSnV,84,40,4,1,9,7,1,3,3,2,366
20230119-W-Australian_Open-R64-Marketa_Vondrousova-Ons_Jabeur,Ons Jabeur,nonSnV1st,52,28,4,1,8,5,1,2,1,2,194
20230119-W-Australian_Open-R64-Marketa_Vondrousova-Ons_Jabeur,Ons Jabeur,nonSnV2nd,32,12,0,0,1,2,0,1,2,0,172
20230119-W-Australian_Open-R64-Caroline_Garcia-Leylah_Fernandez,Leylah Fernandez,SnV,1,0,0,0,0,0,0,0,1,0,4
20230119-W-Australian_Open-R64-Caroline_Garcia-Leylah_Fernandez,Leylah Fernandez,SnV1st,1,0,0,0,0,0,0,0,1,0,4
20230119-W-Australian_Open-R64-Caroline_Garcia-Leylah_Fernandez,Leylah Fernandez,nonSnV,66,49,0,2,27,2,0,0,2,0,209
20230119-W-Australian_Open-R64-Caroline_Garcia-Leylah_Fernandez,Leylah Fernandez,nonSnV1st,47,34,0,0,19,2,0,0,2,0,156
20230119-W-Australian_Open-R64-Caroline_Garcia-Leylah_Fernandez,Leylah Fernandez,nonSnV2nd,19,15,0,2,8,0,0,0,0,0,53
20230118-W-Australian_Open-R64-Petra_Kvitova-Anhelina_Kalinina,Petra Kvitova,SnV,3,2,0,0,1,1,0,0,0,0,6
20230118-W-Australian_Open-R64-Petra_Kvitova-Anhelina_Kalinina,Petra Kvitova,SnV1st,3,2,0,0,1,1,0,0,0,0,6
20230118-W-Australian_Open-R64-Petra_Kvitova-Anhelina_Kalinina,Petra Kvitova,nonSnV,77,46,6,1,7,3,1,0,2,1,334
20230118-W-Australian_Open-R64-Petra_Kvitova-Anhelina_Kalinina,Petra Kvitova,nonSnV1st,49,33,6,1,5,3,1,0,0,1,169
20230118-W-Australian_Open-R64-Petra_Kvitova-Anhelina_Kalinina,Petra Kvitova,nonSnV2nd,28,13,0,0,2,0,0,0,2,0,165
20230118-W-Australian_Open-R64-Danielle_Collins-Karolina_Muchova,Karolina Muchova,SnV,1,0,0,0,0,0,0,1,0,0,4
20230118-W-Australian_Open-R64-Danielle_Collins-Karolina_Muchova,Karolina Muchova,SnV1st,1,0,0,0,0,0,0,1,0,0,4
20230118-W-Australian_Open-R64-Danielle_Collins-Karolina_Muchova,Karolina Muchova,nonSnV,111,65,4,0,6,9,1,2,2,1,473
20230118-W-Australian_Open-R64-Danielle_Collins-Karolina_Muchova,Karolina Muchova,nonSnV1st,77,45,4,0,6,7,1,2,2,1,337
20230118-W-Australian_Open-R64-Danielle_Collins-Karolina_Muchova,Karolina Muchova,nonSnV2nd,34,20,0,0,0,2,0,0,0,0,136
20230118-W-Australian_Open-R128-Beatriz_Haddad_Maia-Nuria_Parrizas_Diaz,Beatriz Haddad Maia,SnV,1,1,0,0,1,0,0,0,0,0,1
20230118-W-Australian_Open-R128-Beatriz_Haddad_Maia-Nuria_Parrizas_Diaz,Beatriz Haddad Maia,SnV1st,1,1,0,0,1,0,0,0,0,0,1
20230118-W-Australian_Open-R128-Beatriz_Haddad_Maia-Nuria_Parrizas_Diaz,Beatriz Haddad Maia,nonSnV,71,38,4,0,8,2,1,3,4,0,308
20230118-W-Australian_Open-R128-Beatriz_Haddad_Maia-Nuria_Parrizas_Diaz,Beatriz Haddad Maia,nonSnV1st,52,31,4,0,7,1,0,2,2,0,215
20230118-W-Australian_Open-R128-Beatriz_Haddad_Maia-Nuria_Parrizas_Diaz,Beatriz Haddad Maia,nonSnV2nd,19,7,0,0,1,1,1,1,2,0,93
20230117-W-Australian_Open-R128-Leylah_Fernandez-Alize_Cornet,Leylah Fernandez,SnV,1,0,0,0,0,0,0,0,0,0,2
20230117-W-Australian_Open-R128-Leylah_Fernandez-Alize_Cornet,Leylah Fernandez,SnV1st,1,0,0,0,0,0,0,0,0,0,2
20230117-W-Australian_Open-R128-Leylah_Fernandez-Alize_Cornet,Leylah Fernandez,nonSnV,61,41,1,1,7,6,1,3,4,0,271
20230117-W-Australian_Open-R128-Leylah_Fernandez-Alize_Cornet,Leylah Fernandez,nonSnV1st,40,25,1,1,5,4,1,3,4,0,169
20230117-W-Australian_Open-R128-Leylah_Fernandez-Alize_Cornet,Leylah Fernandez,nonSnV2nd,21,16,0,0,2,2,0,0,0,0,102
20230116-W-Australian_Open-R128-Marta_Kostyuk-Amanda_Anisimova,Marta Kostyuk,SnV,1,1,0,0,0,1,0,0,0,0,3
20230116-W-Australian_Open-R128-Marta_Kostyuk-Amanda_Anisimova,Marta Kostyuk,SnV1st,1,1,0,0,0,1,0,0,0,0,3
20230116-W-Australian_Open-R128-Marta_Kostyuk-Amanda_Anisimova,Marta Kostyuk,nonSnV,67,44,8,1,10,8,1,0,2,0,258
20230116-W-Australian_Open-R128-Marta_Kostyuk-Amanda_Anisimova,Marta Kostyuk,nonSnV1st,45,33,8,1,9,6,1,0,0,0,153
20230116-W-Australian_Open-R128-Marta_Kostyuk-Amanda_Anisimova,Marta Kostyuk,nonSnV2nd,22,11,0,0,1,2,0,0,2,0,105
20230116-W-Australian_Open-R128-Iga_Swiatek-Jule_Niemeier,Jule Niemeier,SnV,1,0,0,0,0,0,0,0,0,0,2
20230116-W-Australian_Open-R128-Iga_Swiatek-Jule_Niemeier,Jule Niemeier,SnV1st,1,0,0,0,0,0,0,0,0,0,2
20230116-W-Australian_Open-R128-Iga_Swiatek-Jule_Niemeier,Jule Niemeier,nonSnV,69,41,3,0,13,5,0,1,2,0,263
20230116-W-Australian_Open-R128-Iga_Swiatek-Jule_Niemeier,Jule Niemeier,nonSnV1st,44,32,3,0,13,5,0,1,1,0,152
20230116-W-Australian_Open-R128-Iga_Swiatek-Jule_Niemeier,Jule Niemeier,nonSnV2nd,25,9,0,0,0,0,0,0,1,0,111
20220906-W-US_Open-QF-Caroline_Garcia-Coco_Gauff,Coco Gauff,SnV,4,3,1,0,1,1,0,0,1,0,11
20220906-W-US_Open-QF-Caroline_Garcia-Coco_Gauff,Coco Gauff,SnV1st,4,3,1,0,1,1,0,0,1,0,11
20220906-W-US_Open-QF-Caroline_Garcia-Coco_Gauff,Coco Gauff,nonSnV,58,35,4,1,9,2,1,1,1,1,191
20220906-W-US_Open-QF-Caroline_Garcia-Coco_Gauff,Coco Gauff,nonSnV1st,49,31,4,0,9,2,1,1,1,1,163
20220906-W-US_Open-QF-Caroline_Garcia-Coco_Gauff,Coco Gauff,nonSnV2nd,9,4,0,1,0,0,0,0,0,0,28
20220905-W-US_Open-R16-Petra_Kvitova-Jessica_Pegula,Petra Kvitova,SnV,2,1,0,0,0,1,0,0,0,0,5
20220905-W-US_Open-R16-Petra_Kvitova-Jessica_Pegula,Petra Kvitova,SnV1st,2,1,0,0,0,1,0,0,0,0,5
20220905-W-US_Open-R16-Petra_Kvitova-Jessica_Pegula,Petra Kvitova,nonSnV,37,16,3,0,2,2,0,1,0,1,156
20220905-W-US_Open-R16-Petra_Kvitova-Jessica_Pegula,Petra Kvitova,nonSnV1st,30,14,3,0,2,2,0,0,0,1,126
20220905-W-US_Open-R16-Petra_Kvitova-Jessica_Pegula,Petra Kvitova,nonSnV2nd,7,2,0,0,0,0,0,1,0,0,30
20220905-W-US_Open-R16-Iga_Swiatek-Jule_Niemeier,Jule Niemeier,SnV,3,2,0,0,2,0,0,0,0,0,4
20220905-W-US_Open-R16-Iga_Swiatek-Jule_Niemeier,Jule Niemeier,SnV1st,2,1,0,0,1,0,0,0,0,0,3
20220905-W-US_Open-R16-Iga_Swiatek-Jule_Niemeier,Jule Niemeier,SnV2nd,1,1,0,0,1,0,0,0,0,0,1
20220905-W-US_Open-R16-Iga_Swiatek-Jule_Niemeier,Jule Niemeier,nonSnV,81,43,5,2,9,3,1,3,2,1,283
20220905-W-US_Open-R16-Iga_Swiatek-Jule_Niemeier,Jule Niemeier,nonSnV1st,45,22,5,1,6,2,0,2,2,1,144
20220905-W-US_Open-R16-Iga_Swiatek-Jule_Niemeier,Jule Niemeier,nonSnV2nd,36,21,0,1,3,1,1,1,0,0,139
20220903-W-US_Open-R32-Serena_Williams-Ajla_Tomljanovic,Serena Williams,SnV,1,0,0,0,0,0,0,1,0,0,2
20220903-W-US_Open-R32-Serena_Williams-Ajla_Tomljanovic,Serena Williams,SnV1st,1,0,0,0,0,0,0,1,0,0,2
20220903-W-US_Open-R32-Serena_Williams-Ajla_Tomljanovic,Serena Williams,nonSnV,98,55,11,0,8,12,7,3,4,2,401
20220903-W-US_Open-R32-Serena_Williams-Ajla_Tomljanovic,Serena Williams,nonSnV1st,60,39,11,0,8,8,6,1,4,1,227
20220903-W-US_Open-R32-Serena_Williams-Ajla_Tomljanovic,Serena Williams,nonSnV2nd,38,16,0,0,0,4,1,2,0,1,174
20220903-W-US_Open-R32-Petra_Kvitova-Garbine_Muguruza,Petra Kvitova,SnV,1,0,0,0,0,0,0,0,1,0,4
20220903-W-US_Open-R32-Petra_Kvitova-Garbine_Muguruza,Petra Kvitova,SnV1st,1,0,0,0,0,0,0,0,1,0,4
20220903-W-US_Open-R32-Petra_Kvitova-Garbine_Muguruza,Petra Kvitova,nonSnV,102,73,14,1,17,0,1,0,1,1,317
20220903-W-US_Open-R32-Petra_Kvitova-Garbine_Muguruza,Petra Kvitova,nonSnV1st,69,56,13,1,16,0,1,0,0,1,204
20220903-W-US_Open-R32-Petra_Kvitova-Garbine_Muguruza,Petra Kvitova,nonSnV2nd,33,17,1,0,1,0,0,0,1,0,113
20220902-W-US_Open-R32-Coco_Gauff-Madison_Keys,Coco Gauff,SnV,1,1,0,0,1,0,0,0,0,0,1
20220902-W-US_Open-R32-Coco_Gauff-Madison_Keys,Coco Gauff,SnV1st,1,1,0,0,1,0,0,0,0,0,1
20220902-W-US_Open-R32-Coco_Gauff-Madison_Keys,Coco Gauff,nonSnV,49,31,2,0,12,0,2,1,0,1,197
20220902-W-US_Open-R32-Coco_Gauff-Madison_Keys,Coco Gauff,nonSnV1st,35,24,2,0,12,0,0,1,0,0,138
20220902-W-US_Open-R32-Coco_Gauff-Madison_Keys,Coco Gauff,nonSnV2nd,14,7,0,0,0,0,2,0,0,1,59
20220902-W-US_Open-R32-Caroline_Garcia-Bianca_Andreescu,Bianca Andreescu,SnV,1,0,0,0,0,0,0,0,0,0,2
20220902-W-US_Open-R32-Caroline_Garcia-Bianca_Andreescu,Bianca Andreescu,SnV1st,1,0,0,0,0,0,0,0,0,0,2
20220902-W-US_Open-R32-Caroline_Garcia-Bianca_Andreescu,Bianca Andreescu,nonSnV,50,23,2,0,7,1,3,1,0,1,185
20220902-W-US_Open-R32-Caroline_Garcia-Bianca_Andreescu,Bianca Andreescu,nonSnV1st,35,16,2,0,7,1,1,1,0,1,120
20220902-W-US_Open-R32-Caroline_Garcia-Bianca_Andreescu,Bianca Andreescu,nonSnV2nd,15,7,0,0,0,0,2,0,0,0,65
20220901-W-US_Open-R64-Beatriz_Haddad_Maia-Bianca_Andreescu,Beatriz Haddad Maia,SnV,1,1,0,0,1,0,0,0,0,0,1
20220901-W-US_Open-R64-Beatriz_Haddad_Maia-Bianca_Andreescu,Beatriz Haddad Maia,SnV1st,1,1,0,0,1,0,0,0,0,0,1
20220901-W-US_Open-R64-Beatriz_Haddad_Maia-Bianca_Andreescu,Beatriz Haddad Maia,nonSnV,42,28,0,0,6,4,2,1,0,0,232
20220901-W-US_Open-R64-Beatriz_Haddad_Maia-Bianca_Andreescu,Beatriz Haddad Maia,nonSnV1st,32,23,0,0,6,2,1,1,0,0,167
20220901-W-US_Open-R64-Beatriz_Haddad_Maia-Bianca_Andreescu,Beatriz Haddad Maia,nonSnV2nd,10,5,0,0,0,2,1,0,0,0,65
20220830-W-US_Open-R128-Marie_Bouzkova-Linda_Noskova,Marie Bouzkova,SnV,1,1,0,0,0,1,0,0,0,0,3
20220830-W-US_Open-R128-Marie_Bouzkova-Linda_Noskova,Marie Bouzkova,SnV1st,1,1,0,0,0,1,0,0,0,0,3
20220830-W-US_Open-R128-Marie_Bouzkova-Linda_Noskova,Marie Bouzkova,nonSnV,81,58,12,0,8,8,2,0,4,1,324
20220830-W-US_Open-R128-Marie_Bouzkova-Linda_Noskova,Marie Bouzkova,nonSnV1st,61,45,12,0,8,7,1,0,3,1,217
20220830-W-US_Open-R128-Marie_Bouzkova-Linda_Noskova,Marie Bouzkova,nonSnV2nd,20,13,0,0,0,1,1,0,1,0,107
20220829-W-US_Open-R128-Harmony_Tan-Bianca_Andreescu,Harmony Tan,SnV,3,1,0,0,1,0,0,1,1,0,11
20220829-W-US_Open-R128-Harmony_Tan-Bianca_Andreescu,Harmony Tan,SnV1st,3,1,0,0,1,0,0,1,1,0,11
20220829-W-US_Open-R128-Harmony_Tan-Bianca_Andreescu,Harmony Tan,nonSnV,61,33,1,0,11,4,3,1,2,1,239
20220829-W-US_Open-R128-Harmony_Tan-Bianca_Andreescu,Harmony Tan,nonSnV1st,34,23,1,0,11,3,2,0,0,1,139
20220829-W-US_Open-R128-Harmony_Tan-Bianca_Andreescu,Harmony Tan,nonSnV2nd,27,10,0,0,0,1,1,1,2,0,100
20220117-W-Australian_Open-R128-Kirsten_Flipkens-Sara_Sorribes_Tormo,Kirsten Flipkens,SnV,8,5,0,0,1,2,2,0,2,0,29
20220117-W-Australian_Open-R128-Kirsten_Flipkens-Sara_Sorribes_Tormo,Kirsten Flipkens,SnV1st,7,4,0,0,1,1,2,0,2,0,26
20220117-W-Australian_Open-R128-Kirsten_Flipkens-Sara_Sorribes_Tormo,Kirsten Flipkens,SnV2nd,1,1,0,0,0,1,0,0,0,0,3
20220117-W-Australian_Open-R128-Kirsten_Flipkens-Sara_Sorribes_Tormo,Kirsten Flipkens,nonSnV,61,25,0,0,3,10,6,6,3,2,305
20220117-W-Australian_Open-R128-Kirsten_Flipkens-Sara_Sorribes_Tormo,Kirsten Flipkens,nonSnV1st,45,23,0,0,3,10,5,4,1,2,237
20220117-W-Australian_Open-R128-Kirsten_Flipkens-Sara_Sorribes_Tormo,Kirsten Flipkens,nonSnV2nd,16,2,0,0,0,0,1,2,2,0,68
20220117-W-Australian_Open-R128-Kirsten_Flipkens-Sara_Sorribes_Tormo,Sara Sorribes Tormo,SnV,1,1,0,0,1,0,0,0,0,0,1
20220117-W-Australian_Open-R128-Kirsten_Flipkens-Sara_Sorribes_Tormo,Sara Sorribes Tormo,SnV1st,1,1,0,0,1,0,0,0,0,0,1
20220117-W-Australian_Open-R128-Kirsten_Flipkens-Sara_Sorribes_Tormo,Sara Sorribes Tormo,nonSnV,53,33,1,0,6,7,6,2,3,0,303
20220117-W-Australian_Open-R128-Kirsten_Flipkens-Sara_Sorribes_Tormo,Sara Sorribes Tormo,nonSnV1st,48,30,0,0,6,7,6,2,3,0,284
20220117-W-Australian_Open-R128-Kirsten_Flipkens-Sara_Sorribes_Tormo,Sara Sorribes Tormo,nonSnV2nd,5,3,1,0,0,0,0,0,0,0,19
20220114-W-Australian_Open-Q3-Arianne_Hartono-Jule_Niemeier,Jule Niemeier,SnV,1,1,0,0,0,1,0,0,0,0,3
20220114-W-Australian_Open-Q3-Arianne_Hartono-Jule_Niemeier,Jule Niemeier,SnV2nd,1,1,0,0,0,1,0,0,0,0,3
20220114-W-Australian_Open-Q3-Arianne_Hartono-Jule_Niemeier,Jule Niemeier,nonSnV,84,48,5,0,16,4,2,1,0,0,266
20220114-W-Australian_Open-Q3-Arianne_Hartono-Jule_Niemeier,Jule Niemeier,nonSnV1st,53,36,3,0,16,3,2,0,0,0,150
20220114-W-Australian_Open-Q3-Arianne_Hartono-Jule_Niemeier,Jule Niemeier,nonSnV2nd,31,12,2,0,0,1,0,1,0,0,116
20210909-W-US_Open-SF-Emma_Raducanu-Maria_Sakkari,Emma Raducanu,SnV,1,1,0,0,0,0,1,0,0,0,3
20210909-W-US_Open-SF-Emma_Raducanu-Maria_Sakkari,Emma Raducanu,SnV1st,1,1,0,0,0,0,1,0,0,0,3
20210909-W-US_Open-SF-Emma_Raducanu-Maria_Sakkari,Emma Raducanu,nonSnV,53,39,4,0,10,2,0,0,0,0,239
20210909-W-US_Open-SF-Emma_Raducanu-Maria_Sakkari,Emma Raducanu,nonSnV1st,39,28,4,0,6,2,0,0,0,0,188
20210909-W-US_Open-SF-Emma_Raducanu-Maria_Sakkari,Emma Raducanu,nonSnV2nd,14,11,0,0,4,0,0,0,0,0,51
20210906-W-US_Open-R16-Bianca_Andreescu-Maria_Sakkari,Bianca Andreescu,SnV,1,1,0,0,1,0,0,0,0,0,1
20210906-W-US_Open-R16-Bianca_Andreescu-Maria_Sakkari,Bianca Andreescu,SnV1st,1,1,0,0,1,0,0,0,0,0,1
20210906-W-US_Open-R16-Bianca_Andreescu-Maria_Sakkari,Bianca Andreescu,nonSnV,117,66,7,0,21,5,3,2,5,1,520
20210906-W-US_Open-R16-Bianca_Andreescu-Maria_Sakkari,Bianca Andreescu,nonSnV1st,82,51,7,0,21,3,3,2,4,1,355
20210906-W-US_Open-R16-Bianca_Andreescu-Maria_Sakkari,Bianca Andreescu,nonSnV2nd,35,15,0,0,0,2,0,0,1,0,165
20210902-W-US_Open-R64-Sara_Sorribes_Tormo-Su_Wei_Hsieh,Sara Sorribes Tormo,SnV,1,1,0,0,0,1,0,0,0,0,3
20210902-W-US_Open-R64-Sara_Sorribes_Tormo-Su_Wei_Hsieh,Sara Sorribes Tormo,SnV1st,1,1,0,0,0,1,0,0,0,0,3
20210902-W-US_Open-R64-Sara_Sorribes_Tormo-Su_Wei_Hsieh,Sara Sorribes Tormo,nonSnV,43,24,1,0,1,1,1,0,0,0,236
20210902-W-US_Open-R64-Sara_Sorribes_Tormo-Su_Wei_Hsieh,Sara Sorribes Tormo,nonSnV1st,32,19,1,0,1,1,1,0,0,0,163
20210902-W-US_Open-R64-Sara_Sorribes_Tormo-Su_Wei_Hsieh,Sara Sorribes Tormo,nonSnV2nd,11,5,0,0,0,0,0,0,0,0,73
20210902-W-US_Open-R64-Bianca_Andreescu-Lauren_Davis,Bianca Andreescu,SnV,1,1,0,0,1,0,0,0,0,0,1
20210902-W-US_Open-R64-Bianca_Andreescu-Lauren_Davis,Bianca Andreescu,SnV1st,1,1,0,0,1,0,0,0,0,0,1
20210902-W-US_Open-R64-Bianca_Andreescu-Lauren_Davis,Bianca Andreescu,nonSnV,65,35,6,0,7,4,3,1,1,1,245
20210902-W-US_Open-R64-Bianca_Andreescu-Lauren_Davis,Bianca Andreescu,nonSnV1st,40,23,6,0,6,3,2,1,1,1,133
20210902-W-US_Open-R64-Bianca_Andreescu-Lauren_Davis,Bianca Andreescu,nonSnV2nd,25,12,0,0,1,1,1,0,0,0,112
20210831-W-US_Open-R128-Sara_Sorribes_Tormo-Karolina_Muchova,Sara Sorribes Tormo,SnV,2,1,0,0,0,1,0,0,0,0,5
20210831-W-US_Open-R128-Sara_Sorribes_Tormo-Karolina_Muchova,Sara Sorribes Tormo,SnV1st,2,1,0,0,0,1,0,0,0,0,5
20210831-W-US_Open-R128-Sara_Sorribes_Tormo-Karolina_Muchova,Sara Sorribes Tormo,nonSnV,62,36,1,0,4,5,3,0,2,2,416
20210831-W-US_Open-R128-Sara_Sorribes_Tormo-Karolina_Muchova,Sara Sorribes Tormo,nonSnV1st,42,25,1,0,4,5,3,0,2,2,273
20210831-W-US_Open-R128-Sara_Sorribes_Tormo-Karolina_Muchova,Sara Sorribes Tormo,nonSnV2nd,20,11,0,0,0,0,0,0,0,0,143
20210831-W-US_Open-R128-Sara_Sorribes_Tormo-Karolina_Muchova,Karolina Muchova,SnV,6,4,0,0,0,4,0,0,0,0,22
20210831-W-US_Open-R128-Sara_Sorribes_Tormo-Karolina_Muchova,Karolina Muchova,SnV1st,6,4,0,0,0,4,0,0,0,0,22
20210831-W-US_Open-R128-Sara_Sorribes_Tormo-Karolina_Muchova,Karolina Muchova,nonSnV,85,41,4,0,6,8,8,4,6,2,587
20210831-W-US_Open-R128-Sara_Sorribes_Tormo-Karolina_Muchova,Karolina Muchova,nonSnV1st,49,26,4,0,5,6,4,3,4,0,314
20210831-W-US_Open-R128-Sara_Sorribes_Tormo-Karolina_Muchova,Karolina Muchova,nonSnV2nd,36,15,0,0,1,2,4,1,2,2,273
20210830-W-US_Open-R128-Elina_Svitolina-Rebecca_Marino,Elina Svitolina,SnV,1,0,0,0,0,0,0,0,1,0,4
20210830-W-US_Open-R128-Elina_Svitolina-Rebecca_Marino,Elina Svitolina,SnV1st,1,0,0,0,0,0,0,0,1,0,4
20210830-W-US_Open-R128-Elina_Svitolina-Rebecca_Marino,Elina Svitolina,nonSnV,50,38,2,0,14,1,0,0,0,0,174
20210830-W-US_Open-R128-Elina_Svitolina-Rebecca_Marino,Elina Svitolina,nonSnV1st,39,27,2,0,14,1,0,0,0,0,129
20210830-W-US_Open-R128-Elina_Svitolina-Rebecca_Marino,Elina Svitolina,nonSnV2nd,11,11,0,0,0,0,0,0,0,0,45
20210830-W-US_Open-R128-Donna_Vekic-Garbine_Muguruza,Garbine Muguruza,SnV,1,1,0,0,0,1,0,0,0,0,3
20210830-W-US_Open-R128-Donna_Vekic-Garbine_Muguruza,Garbine Muguruza,SnV1st,1,1,0,0,0,1,0,0,0,0,3
20210830-W-US_Open-R128-Donna_Vekic-Garbine_Muguruza,Garbine Muguruza,nonSnV,88,59,9,10,7,5,3,0,2,1,361
20210830-W-US_Open-R128-Donna_Vekic-Garbine_Muguruza,Garbine Muguruza,nonSnV1st,55,42,9,9,6,4,3,0,1,1,204
20210830-W-US_Open-R128-Donna_Vekic-Garbine_Muguruza,Garbine Muguruza,nonSnV2nd,33,17,0,1,1,1,0,0,1,0,157
20210218-W-Australian_Open-SF-Jennifer_Brady-Karolina_Muchova,Karolina Muchova,SnV,3,3,0,0,1,2,0,0,0,0,9
20210218-W-Australian_Open-SF-Jennifer_Brady-Karolina_Muchova,Karolina Muchova,SnV1st,3,3,0,0,1,2,0,0,0,0,9
20210218-W-Australian_Open-SF-Jennifer_Brady-Karolina_Muchova,Karolina Muchova,nonSnV,62,45,1,0,7,5,3,0,0,3,221
20210218-W-Australian_Open-SF-Jennifer_Brady-Karolina_Muchova,Karolina Muchova,nonSnV1st,42,30,1,0,7,5,2,0,0,3,144
20210218-W-Australian_Open-SF-Jennifer_Brady-Karolina_Muchova,Karolina Muchova,nonSnV2nd,20,15,0,0,0,0,1,0,0,0,77
20210217-W-Australian_Open-QF-Ashleigh_Barty-Karolina_Muchova,Karolina Muchova,SnV,3,2,0,0,2,0,0,0,0,0,4
20210217-W-Australian_Open-QF-Ashleigh_Barty-Karolina_Muchova,Karolina Muchova,SnV1st,3,2,0,0,2,0,0,0,0,0,4
20210217-W-Australian_Open-QF-Ashleigh_Barty-Karolina_Muchova,Karolina Muchova,nonSnV,75,48,2,0,6,6,7,3,1,2,352
20210217-W-Australian_Open-QF-Ashleigh_Barty-Karolina_Muchova,Karolina Muchova,nonSnV1st,43,26,2,0,6,3,5,3,0,2,202
20210217-W-Australian_Open-QF-Ashleigh_Barty-Karolina_Muchova,Karolina Muchova,nonSnV2nd,32,22,0,0,0,3,2,0,1,0,150
20210214-W-Australian_Open-R16-Karolina_Muchova-Elise_Mertens,Karolina Muchova,SnV,2,1,0,0,0,1,0,0,1,0,9
20210214-W-Australian_Open-R16-Karolina_Muchova-Elise_Mertens,Karolina Muchova,SnV1st,2,1,0,0,0,1,0,0,1,0,9
20210214-W-Australian_Open-R16-Karolina_Muchova-Elise_Mertens,Karolina Muchova,nonSnV,68,42,4,0,8,5,0,3,1,0,292
20210214-W-Australian_Open-R16-Karolina_Muchova-Elise_Mertens,Karolina Muchova,nonSnV1st,50,34,4,0,8,3,0,2,1,0,200
20210214-W-Australian_Open-R16-Karolina_Muchova-Elise_Mertens,Karolina Muchova,nonSnV2nd,18,8,0,0,0,2,0,1,0,0,92
20210213-W-Australian_Open-R32-Karolina_Pliskova-Karolina_Muchova,Karolina Muchova,SnV,4,2,1,0,0,0,1,0,0,0,8
20210213-W-Australian_Open-R32-Karolina_Pliskova-Karolina_Muchova,Karolina Muchova,SnV1st,4,2,1,0,0,0,1,0,0,0,8
20210213-W-Australian_Open-R32-Karolina_Pliskova-Karolina_Muchova,Karolina Muchova,nonSnV,75,43,2,0,16,4,0,4,2,3,287
20210213-W-Australian_Open-R32-Karolina_Pliskova-Karolina_Muchova,Karolina Muchova,nonSnV1st,49,25,2,0,16,1,0,4,1,3,171
20210213-W-Australian_Open-R32-Karolina_Pliskova-Karolina_Muchova,Karolina Muchova,nonSnV2nd,26,18,0,0,0,3,0,0,1,0,116
20210211-W-Australian_Open-R64-Samantha_Stosur-Jessica_Pegula,Samantha Stosur,SnV,2,0,0,0,0,0,0,0,0,0,4
20210211-W-Australian_Open-R64-Samantha_Stosur-Jessica_Pegula,Samantha Stosur,SnV1st,2,0,0,0,0,0,0,0,0,0,4
20210211-W-Australian_Open-R64-Samantha_Stosur-Jessica_Pegula,Samantha Stosur,nonSnV,36,15,1,0,7,4,1,0,3,1,157
20210211-W-Australian_Open-R64-Samantha_Stosur-Jessica_Pegula,Samantha Stosur,nonSnV1st,24,12,1,0,7,2,1,0,2,1,92
20210211-W-Australian_Open-R64-Samantha_Stosur-Jessica_Pegula,Samantha Stosur,nonSnV2nd,12,3,0,0,0,2,0,0,1,0,65
20210211-W-Australian_Open-R64-Samantha_Stosur-Jessica_Pegula,Jessica Pegula,SnV,1,0,0,0,0,0,0,0,0,0,2
20210211-W-Australian_Open-R64-Samantha_Stosur-Jessica_Pegula,Jessica Pegula,SnV1st,1,0,0,0,0,0,0,0,0,0,2
20210211-W-Australian_Open-R64-Samantha_Stosur-Jessica_Pegula,Jessica Pegula,nonSnV,36,27,4,0,4,1,2,0,1,0,153
20210211-W-Australian_Open-R64-Samantha_Stosur-Jessica_Pegula,Jessica Pegula,nonSnV1st,24,19,4,0,4,1,1,0,1,0,107
20210211-W-Australian_Open-R64-Samantha_Stosur-Jessica_Pegula,Jessica Pegula,nonSnV2nd,12,8,0,0,0,0,1,0,0,0,46
20210209-W-Australian_Open-R128-Barbora_Strycova-Svetlana_Kuznetsova,Barbora Strycova,SnV,5,4,0,0,1,3,0,0,0,0,12
20210209-W-Australian_Open-R128-Barbora_Strycova-Svetlana_Kuznetsova,Barbora Strycova,SnV1st,5,4,0,0,1,3,0,0,0,0,12
20210209-W-Australian_Open-R128-Barbora_Strycova-Svetlana_Kuznetsova,Barbora Strycova,nonSnV,46,24,0,0,4,2,2,1,2,3,272
20210209-W-Australian_Open-R128-Barbora_Strycova-Svetlana_Kuznetsova,Barbora Strycova,nonSnV1st,26,16,0,0,4,2,1,1,0,1,154
20210209-W-Australian_Open-R128-Barbora_Strycova-Svetlana_Kuznetsova,Barbora Strycova,nonSnV2nd,20,8,0,0,0,0,1,0,2,2,118
20200907-W-US_Open-R16-Victoria_Azarenka-Karolina_Muchova,Karolina Muchova,SnV,6,4,1,0,1,2,0,1,0,0,12
20200907-W-US_Open-R16-Victoria_Azarenka-Karolina_Muchova,Karolina Muchova,SnV1st,6,4,1,0,1,2,0,1,0,0,12
20200907-W-US_Open-R16-Victoria_Azarenka-Karolina_Muchova,Karolina Muchova,nonSnV,103,54,6,0,13,7,3,1,2,1,522
20200907-W-US_Open-R16-Victoria_Azarenka-Karolina_Muchova,Karolina Muchova,nonSnV1st,72,38,6,0,13,4,1,1,2,0,318
20200907-W-US_Open-R16-Victoria_Azarenka-Karolina_Muchova,Karolina Muchova,nonSnV2nd,31,16,0,0,0,3,2,0,0,1,204
20200905-W-US_Open-R32-Victoria_Azarenka-Iga_Swiatek,Iga Swiatek,SnV,1,1,0,0,0,1,0,0,0,0,3
20200905-W-US_Open-R32-Victoria_Azarenka-Iga_Swiatek,Iga Swiatek,SnV2nd,1,1,0,0,0,1,0,0,0,0,3
20200905-W-US_Open-R32-Victoria_Azarenka-Iga_Swiatek,Iga Swiatek,nonSnV,76,32,0,0,5,4,0,1,6,0,371
20200905-W-US_Open-R32-Victoria_Azarenka-Iga_Swiatek,Iga Swiatek,nonSnV1st,48,24,0,0,5,3,0,0,3,0,213
20200905-W-US_Open-R32-Victoria_Azarenka-Iga_Swiatek,Iga Swiatek,nonSnV2nd,28,8,0,0,0,1,0,1,3,0,158
20200904-W-US_Open-R32-Jennifer_Brady-Caroline_Garcia,Caroline Garcia,SnV,1,0,0,0,0,0,0,1,0,0,2
20200904-W-US_Open-R32-Jennifer_Brady-Caroline_Garcia,Caroline Garcia,SnV1st,1,0,0,0,0,0,0,1,0,0,2
20200904-W-US_Open-R32-Jennifer_Brady-Caroline_Garcia,Caroline Garcia,nonSnV,51,31,4,0,13,3,0,0,1,0,165
20200904-W-US_Open-R32-Jennifer_Brady-Caroline_Garcia,Caroline Garcia,nonSnV1st,35,24,4,0,13,2,0,0,0,0,98
20200904-W-US_Open-R32-Jennifer_Brady-Caroline_Garcia,Caroline Garcia,nonSnV2nd,16,7,0,0,0,1,0,0,1,0,67
20200201-W-Australian_Open-F-Sofia_Kenin-Garbine_Muguruza,Garbine Muguruza,SnV,1,0,0,0,0,0,0,0,0,0,2
20200201-W-Australian_Open-F-Sofia_Kenin-Garbine_Muguruza,Garbine Muguruza,SnV1st,1,0,0,0,0,0,0,0,0,0,2
20200201-W-Australian_Open-F-Sofia_Kenin-Garbine_Muguruza,Garbine Muguruza,nonSnV,73,46,9,0,6,8,4,1,1,0,340
20200201-W-Australian_Open-F-Sofia_Kenin-Garbine_Muguruza,Garbine Muguruza,nonSnV1st,47,36,9,0,6,6,3,0,0,0,208
20200201-W-Australian_Open-F-Sofia_Kenin-Garbine_Muguruza,Garbine Muguruza,nonSnV2nd,26,10,0,0,0,2,1,1,1,0,132
20200125-W-Australian_Open-R32-Anastasia_Pavlyuchenkova-Karolina_Pliskova,Karolina Pliskova,SnV,1,0,0,0,0,0,0,1,0,0,2
20200125-W-Australian_Open-R32-Anastasia_Pavlyuchenkova-Karolina_Pliskova,Karolina Pliskova,SnV1st,1,0,0,0,0,0,0,1,0,0,2
20200125-W-Australian_Open-R32-Anastasia_Pavlyuchenkova-Karolina_Pliskova,Karolina Pliskova,nonSnV,114,69,6,0,12,7,8,1,3,0,423
20200125-W-Australian_Open-R32-Anastasia_Pavlyuchenkova-Karolina_Pliskova,Karolina Pliskova,nonSnV1st,74,49,5,0,11,5,6,0,2,0,289
20200125-W-Australian_Open-R32-Anastasia_Pavlyuchenkova-Karolina_Pliskova,Karolina Pliskova,nonSnV2nd,40,20,1,0,1,2,2,1,1,0,134
20200123-W-Australian_Open-R64-Karolina_Muchova-Catherine_Cartan_Bellis,Karolina Muchova,SnV,2,1,1,0,0,0,0,0,0,0,3
20200123-W-Australian_Open-R64-Karolina_Muchova-Catherine_Cartan_Bellis,Karolina Muchova,SnV1st,2,1,1,0,0,0,0,0,0,0,3
20200123-W-Australian_Open-R64-Karolina_Muchova-Catherine_Cartan_Bellis,Karolina Muchova,nonSnV,61,38,3,0,5,9,4,1,1,0,296
20200123-W-Australian_Open-R64-Karolina_Muchova-Catherine_Cartan_Bellis,Karolina Muchova,nonSnV1st,42,30,3,0,5,7,0,1,0,0,182
20200123-W-Australian_Open-R64-Karolina_Muchova-Catherine_Cartan_Bellis,Karolina Muchova,nonSnV2nd,19,8,0,0,0,2,4,0,1,0,114
20200123-W-Australian_Open-R64-Karolina_Muchova-Catherine_Cartan_Bellis,Catherine Cartan Bellis,SnV,1,0,0,0,0,0,0,0,1,0,10
20200123-W-Australian_Open-R64-Karolina_Muchova-Catherine_Cartan_Bellis,Catherine Cartan Bellis,SnV1st,1,0,0,0,0,0,0,0,1,0,10
20200123-W-Australian_Open-R64-Karolina_Muchova-Catherine_Cartan_Bellis,Catherine Cartan Bellis,nonSnV,55,38,1,0,6,3,3,0,1,1,242
20200123-W-Australian_Open-R64-Karolina_Muchova-Catherine_Cartan_Bellis,Catherine Cartan Bellis,nonSnV1st,39,28,1,0,6,2,3,0,1,1,170
20200123-W-Australian_Open-R64-Karolina_Muchova-Catherine_Cartan_Bellis,Catherine Cartan Bellis,nonSnV2nd,16,10,0,0,0,1,0,0,0,0,72
20200121-W-Australian_Open-R64-Coco_Gauff-Sorana_Cirstea,Coco Gauff,SnV,1,0,0,0,0,0,0,0,0,0,2
20200121-W-Australian_Open-R64-Coco_Gauff-Sorana_Cirstea,Coco Gauff,SnV1st,1,0,0,0,0,0,0,0,0,0,2
20200121-W-Australian_Open-R64-Coco_Gauff-Sorana_Cirstea,Coco Gauff,nonSnV,84,60,2,0,21,6,2,1,2,3,334
20200121-W-Australian_Open-R64-Coco_Gauff-Sorana_Cirstea,Coco Gauff,nonSnV1st,62,46,1,0,17,5,1,0,2,3,248
20200121-W-Australian_Open-R64-Coco_Gauff-Sorana_Cirstea,Coco Gauff,nonSnV2nd,22,14,1,0,4,1,1,1,0,0,86
20200121-W-Australian_Open-R128-Kirsten_Flipkens-Karolina_Muchova,Kirsten Flipkens,SnV,12,9,0,0,2,6,1,0,3,0,37
20200121-W-Australian_Open-R128-Kirsten_Flipkens-Karolina_Muchova,Kirsten Flipkens,SnV1st,12,9,0,0,2,6,1,0,3,0,37
20200121-W-Australian_Open-R128-Kirsten_Flipkens-Karolina_Muchova,Kirsten Flipkens,nonSnV,90,48,2,1,12,10,3,2,4,2,366
20200121-W-Australian_Open-R128-Kirsten_Flipkens-Karolina_Muchova,Kirsten Flipkens,nonSnV1st,56,33,2,1,12,7,2,2,3,2,217
20200121-W-Australian_Open-R128-Kirsten_Flipkens-Karolina_Muchova,Kirsten Flipkens,nonSnV2nd,34,15,0,0,0,3,1,0,1,0,149
20200121-W-Australian_Open-R128-Kirsten_Flipkens-Karolina_Muchova,Karolina Muchova,SnV,9,4,1,0,0,1,2,2,1,1,24
20200121-W-Australian_Open-R128-Kirsten_Flipkens-Karolina_Muchova,Karolina Muchova,SnV1st,9,4,1,0,0,1,2,2,1,1,24
20200121-W-Australian_Open-R128-Kirsten_Flipkens-Karolina_Muchova,Karolina Muchova,nonSnV,93,56,2,0,8,15,11,3,3,4,414
20200121-W-Australian_Open-R128-Kirsten_Flipkens-Karolina_Muchova,Karolina Muchova,nonSnV1st,53,37,2,0,8,12,6,2,1,2,237
20200121-W-Australian_Open-R128-Kirsten_Flipkens-Karolina_Muchova,Karolina Muchova,nonSnV2nd,40,19,0,0,0,3,5,1,2,2,177
20200121-W-Australian_Open-R128-Alize_Cornet-Monica_Niculescu,Monica Niculescu,SnV,1,1,0,0,0,1,0,0,0,0,3
20200121-W-Australian_Open-R128-Alize_Cornet-Monica_Niculescu,Monica Niculescu,SnV1st,1,1,0,0,0,1,0,0,0,0,3
20200121-W-Australian_Open-R128-Alize_Cornet-Monica_Niculescu,Monica Niculescu,nonSnV,74,32,1,0,8,5,9,0,7,5,512
20200121-W-Australian_Open-R128-Alize_Cornet-Monica_Niculescu,Monica Niculescu,nonSnV1st,58,27,1,0,8,5,7,0,5,5,401
20200121-W-Australian_Open-R128-Alize_Cornet-Monica_Niculescu,Monica Niculescu,nonSnV2nd,16,5,0,0,0,0,2,0,2,0,111
20200120-W-Australian_Open-R128-Ashleigh_Barty-Lesia_Tsurenko,Ashleigh Barty,SnV,1,1,0,0,0,1,0,0,0,0,3
20200120-W-Australian_Open-R128-Ashleigh_Barty-Lesia_Tsurenko,Ashleigh Barty,SnV1st,1,1,0,0,0,1,0,0,0,0,3
20200120-W-Australian_Open-R128-Ashleigh_Barty-Lesia_Tsurenko,Ashleigh Barty,nonSnV,70,46,10,0,11,3,2,2,1,1,298
20200120-W-Australian_Open-R128-Ashleigh_Barty-Lesia_Tsurenko,Ashleigh Barty,nonSnV1st,40,31,9,0,11,2,2,1,0,0,129
20200120-W-Australian_Open-R128-Ashleigh_Barty-Lesia_Tsurenko,Ashleigh Barty,nonSnV2nd,30,15,1,0,0,1,0,1,1,1,169
20190902-W-US_Open-R16-Bianca_Andreescu-Taylor_Townsend,Taylor Townsend,SnV,26,11,2,0,4,2,3,1,3,0,63
20190902-W-US_Open-R16-Bianca_Andreescu-Taylor_Townsend,Taylor Townsend,SnV1st,21,8,2,0,4,1,1,1,3,0,48
20190902-W-US_Open-R16-Bianca_Andreescu-Taylor_Townsend,Taylor Townsend,SnV2nd,5,3,0,0,0,1,2,0,0,0,15
20190902-W-US_Open-R16-Bianca_Andreescu-Taylor_Townsend,Taylor Townsend,nonSnV,54,30,2,0,8,3,4,0,3,2,214
20190902-W-US_Open-R16-Bianca_Andreescu-Taylor_Townsend,Taylor Townsend,nonSnV1st,35,19,2,0,8,2,4,0,3,1,121
20190902-W-US_Open-R16-Bianca_Andreescu-Taylor_Townsend,Taylor Townsend,nonSnV2nd,19,11,0,0,0,1,0,0,0,1,93
20190831-W-US_Open-R32-Sorana_Cirstea-Taylor_Townsend,Taylor Townsend,SnV,57,37,3,0,12,10,4,6,3,1,135
20190831-W-US_Open-R32-Sorana_Cirstea-Taylor_Townsend,Taylor Townsend,SnV1st,41,28,3,0,12,8,3,2,3,0,96
20190831-W-US_Open-R32-Sorana_Cirstea-Taylor_Townsend,Taylor Townsend,SnV2nd,16,9,0,0,0,2,1,4,0,1,39
20190831-W-US_Open-R32-Sorana_Cirstea-Taylor_Townsend,Taylor Townsend,nonSnV,11,6,1,0,0,1,1,0,0,0,58
20190831-W-US_Open-R32-Sorana_Cirstea-Taylor_Townsend,Taylor Townsend,nonSnV1st,6,4,1,0,0,1,1,0,0,0,34
20190831-W-US_Open-R32-Sorana_Cirstea-Taylor_Townsend,Taylor Townsend,nonSnV2nd,5,2,0,0,0,0,0,0,0,0,24
20190831-W-US_Open-R32-Caroline_Wozniacki-Bianca_Andreescu,Bianca Andreescu,SnV,1,1,0,0,0,1,0,0,0,0,5
20190831-W-US_Open-R32-Caroline_Wozniacki-Bianca_Andreescu,Bianca Andreescu,SnV1st,1,1,0,0,0,1,0,0,0,0,5
20190831-W-US_Open-R32-Caroline_Wozniacki-Bianca_Andreescu,Bianca Andreescu,nonSnV,56,33,2,0,5,5,3,0,2,0,299
20190831-W-US_Open-R32-Caroline_Wozniacki-Bianca_Andreescu,Bianca Andreescu,nonSnV1st,38,24,2,0,5,3,3,0,2,0,178
20190831-W-US_Open-R32-Caroline_Wozniacki-Bianca_Andreescu,Bianca Andreescu,nonSnV2nd,18,9,0,0,0,2,0,0,0,0,121
20190829-W-US_Open-R64-Taylor_Townsend-Simona_Halep,Taylor Townsend,SnV,69,43,0,0,9,16,15,6,10,2,215
20190829-W-US_Open-R64-Taylor_Townsend-Simona_Halep,Taylor Townsend,SnV1st,58,35,0,0,9,11,13,4,9,2,175
20190829-W-US_Open-R64-Taylor_Townsend-Simona_Halep,Taylor Townsend,SnV2nd,11,8,0,0,0,5,2,2,1,0,40
20190829-W-US_Open-R64-Taylor_Townsend-Simona_Halep,Taylor Townsend,nonSnV,33,18,0,0,4,2,6,0,1,0,178
20190829-W-US_Open-R64-Taylor_Townsend-Simona_Halep,Taylor Townsend,nonSnV1st,13,10,0,0,4,1,2,0,0,0,56
20190829-W-US_Open-R64-Taylor_Townsend-Simona_Halep,Taylor Townsend,nonSnV2nd,20,8,0,0,0,1,4,0,1,0,122
20190829-W-US_Open-R64-Su_Wei_Hsieh-Karolina_Muchova,Su Wei Hsieh,SnV,4,3,0,0,2,1,0,0,0,0,11
20190829-W-US_Open-R64-Su_Wei_Hsieh-Karolina_Muchova,Su Wei Hsieh,SnV1st,3,3,0,0,2,1,0,0,0,0,9
20190829-W-US_Open-R64-Su_Wei_Hsieh-Karolina_Muchova,Su Wei Hsieh,SnV2nd,1,0,0,0,0,0,0,0,0,0,2
20190829-W-US_Open-R64-Su_Wei_Hsieh-Karolina_Muchova,Su Wei Hsieh,nonSnV,84,40,0,0,5,5,4,0,1,1,330
20190829-W-US_Open-R64-Su_Wei_Hsieh-Karolina_Muchova,Su Wei Hsieh,nonSnV1st,50,25,0,0,5,3,2,0,0,1,209
20190829-W-US_Open-R64-Su_Wei_Hsieh-Karolina_Muchova,Su Wei Hsieh,nonSnV2nd,34,15,0,0,0,2,2,0,1,0,121
20190829-W-US_Open-R64-Su_Wei_Hsieh-Karolina_Muchova,Karolina Muchova,SnV,5,4,1,0,2,1,0,0,0,0,8
20190829-W-US_Open-R64-Su_Wei_Hsieh-Karolina_Muchova,Karolina Muchova,SnV1st,5,4,1,0,2,1,0,0,0,0,8
20190829-W-US_Open-R64-Su_Wei_Hsieh-Karolina_Muchova,Karolina Muchova,nonSnV,86,49,10,0,5,11,8,6,0,4,331
20190829-W-US_Open-R64-Su_Wei_Hsieh-Karolina_Muchova,Karolina Muchova,nonSnV1st,51,33,10,0,4,9,5,5,0,2,191
20190829-W-US_Open-R64-Su_Wei_Hsieh-Karolina_Muchova,Karolina Muchova,nonSnV2nd,35,16,0,0,1,2,3,1,0,2,140
20190829-W-US_Open-R64-Laura_Siegemund-Sofia_Kenin,Laura Siegemund,SnV,2,1,0,0,0,1,0,0,0,0,7
20190829-W-US_Open-R64-Laura_Siegemund-Sofia_Kenin,Laura Siegemund,SnV1st,2,1,0,0,0,1,0,0,0,0,7
20190829-W-US_Open-R64-Laura_Siegemund-Sofia_Kenin,Laura Siegemund,nonSnV,70,37,1,0,9,7,2,1,1,0,309
20190829-W-US_Open-R64-Laura_Siegemund-Sofia_Kenin,Laura Siegemund,nonSnV1st,49,28,1,0,8,5,1,1,0,0,220
20190829-W-US_Open-R64-Laura_Siegemund-Sofia_Kenin,Laura Siegemund,nonSnV2nd,21,9,0,0,1,2,1,0,1,0,89
20190829-W-US_Open-R64-Kirsten_Flipkens-Bianca_Andreescu,Kirsten Flipkens,SnV,12,9,1,0,4,3,1,0,0,0,23
20190829-W-US_Open-R64-Kirsten_Flipkens-Bianca_Andreescu,Kirsten Flipkens,SnV1st,12,9,1,0,4,3,1,0,0,0,23
20190829-W-US_Open-R64-Kirsten_Flipkens-Bianca_Andreescu,Kirsten Flipkens,nonSnV,59,31,1,0,10,4,4,1,3,2,223
20190829-W-US_Open-R64-Kirsten_Flipkens-Bianca_Andreescu,Kirsten Flipkens,nonSnV1st,39,22,1,0,10,3,3,1,2,0,138
20190829-W-US_Open-R64-Kirsten_Flipkens-Bianca_Andreescu,Kirsten Flipkens,nonSnV2nd,20,9,0,0,0,1,1,0,1,2,85
20190829-W-US_Open-R64-Anastasia_Pavlyuchenkova-Kiki_Bertens,Anastasia Pavlyuchenkova,SnV,2,1,0,0,0,0,1,0,1,0,7
20190829-W-US_Open-R64-Anastasia_Pavlyuchenkova-Kiki_Bertens,Anastasia Pavlyuchenkova,SnV1st,2,1,0,0,0,0,1,0,1,0,7
20190829-W-US_Open-R64-Anastasia_Pavlyuchenkova-Kiki_Bertens,Anastasia Pavlyuchenkova,nonSnV,67,42,1,0,14,5,2,4,5,1,242
20190829-W-US_Open-R64-Anastasia_Pavlyuchenkova-Kiki_Bertens,Anastasia Pavlyuchenkova,nonSnV1st,38,27,0,0,14,4,1,2,2,1,123
20190829-W-US_Open-R64-Anastasia_Pavlyuchenkova-Kiki_Bertens,Anastasia Pavlyuchenkova,nonSnV2nd,29,15,1,0,0,1,1,2,3,0,119
20190826-W-US_Open-R128-Priscilla_Hon-Margarita_Gasparyan,Priscilla Hon,SnV,3,2,0,0,1,1,0,0,0,1,8
20190826-W-US_Open-R128-Priscilla_Hon-Margarita_Gasparyan,Priscilla Hon,SnV1st,3,2,0,0,1,1,0,0,0,1,8
20190826-W-US_Open-R128-Priscilla_Hon-Margarita_Gasparyan,Priscilla Hon,nonSnV,63,34,0,0,10,5,5,1,1,1,276
20190826-W-US_Open-R128-Priscilla_Hon-Margarita_Gasparyan,Priscilla Hon,nonSnV1st,40,23,0,0,10,4,2,1,0,1,157
20190826-W-US_Open-R128-Priscilla_Hon-Margarita_Gasparyan,Priscilla Hon,nonSnV2nd,23,11,0,0,0,1,3,0,1,0,119
20190117-W-Australian_Open-R64-Camila_Giorgi-Iga_Swiatek,Iga Swiatek,SnV,1,1,1,0,0,0,0,0,0,0,1
20190117-W-Australian_Open-R64-Camila_Giorgi-Iga_Swiatek,Iga Swiatek,SnV1st,1,1,1,0,0,0,0,0,0,0,1
20190117-W-Australian_Open-R64-Camila_Giorgi-Iga_Swiatek,Iga Swiatek,nonSnV,53,24,3,1,9,2,0,2,1,1,150
20190117-W-Australian_Open-R64-Camila_Giorgi-Iga_Swiatek,Iga Swiatek,nonSnV1st,30,14,3,0,9,0,0,2,0,1,68
20190117-W-Australian_Open-R64-Camila_Giorgi-Iga_Swiatek,Iga Swiatek,nonSnV2nd,23,10,0,1,0,2,0,0,1,0,82
20190116-W-Australian_Open-R64-Caroline_Wozniacki-Johanna_Larsson,Johanna Larsson,SnV,2,2,0,0,0,2,0,0,0,0,10
20190116-W-Australian_Open-R64-Caroline_Wozniacki-Johanna_Larsson,Johanna Larsson,SnV1st,2,2,0,0,0,2,0,0,0,0,10
20190116-W-Australian_Open-R64-Caroline_Wozniacki-Johanna_Larsson,Johanna Larsson,nonSnV,51,24,1,0,5,3,1,0,2,1,356
20190116-W-Australian_Open-R64-Caroline_Wozniacki-Johanna_Larsson,Johanna Larsson,nonSnV1st,32,17,1,0,5,3,1,0,0,1,219
20190116-W-Australian_Open-R64-Caroline_Wozniacki-Johanna_Larsson,Johanna Larsson,nonSnV2nd,19,7,0,0,0,0,0,0,2,0,137
20190115-W-Australian_Open-R128-Samantha_Stosur-Dayana_Yastremska,Samantha Stosur,SnV,1,0,0,0,0,0,0,0,0,0,2
20190115-W-Australian_Open-R128-Samantha_Stosur-Dayana_Yastremska,Samantha Stosur,SnV1st,1,0,0,0,0,0,0,0,0,0,2
20190115-W-Australian_Open-R128-Samantha_Stosur-Dayana_Yastremska,Samantha Stosur,nonSnV,60,35,4,0,14,2,2,0,2,0,189
20190115-W-Australian_Open-R128-Samantha_Stosur-Dayana_Yastremska,Samantha Stosur,nonSnV1st,35,24,4,0,10,2,1,0,2,0,92
20190115-W-Australian_Open-R128-Samantha_Stosur-Dayana_Yastremska,Samantha Stosur,nonSnV2nd,25,11,0,0,4,0,1,0,0,0,97
20190114-W-Australian_Open-R128-Astra_Sharma-Priscilla_Hon,Astra Sharma,SnV,6,5,0,0,0,2,2,0,0,0,19
20190114-W-Australian_Open-R128-Astra_Sharma-Priscilla_Hon,Astra Sharma,SnV1st,6,5,0,0,0,2,2,0,0,0,19
20190114-W-Australian_Open-R128-Astra_Sharma-Priscilla_Hon,Astra Sharma,nonSnV,96,60,12,0,17,4,3,0,1,0,292
20190114-W-Australian_Open-R128-Astra_Sharma-Priscilla_Hon,Astra Sharma,nonSnV1st,66,48,12,0,15,2,3,0,1,0,198
20190114-W-Australian_Open-R128-Astra_Sharma-Priscilla_Hon,Astra Sharma,nonSnV2nd,30,12,0,0,2,2,0,0,0,0,94
20190108-W-Australian_Open-Q1-Isabelle_Wallace-Sabine_Lisicki,Sabine Lisicki,SnV,4,2,2,0,0,0,0,2,0,0,6
20190108-W-Australian_Open-Q1-Isabelle_Wallace-Sabine_Lisicki,Sabine Lisicki,SnV1st,4,2,2,0,0,0,0,2,0,0,6
20190108-W-Australian_Open-Q1-Isabelle_Wallace-Sabine_Lisicki,Sabine Lisicki,nonSnV,77,50,3,10,10,7,1,1,1,2,200
20190108-W-Australian_Open-Q1-Isabelle_Wallace-Sabine_Lisicki,Sabine Lisicki,nonSnV1st,40,31,3,9,6,4,1,0,0,1,85
20190108-W-Australian_Open-Q1-Isabelle_Wallace-Sabine_Lisicki,Sabine Lisicki,nonSnV2nd,37,19,0,1,4,3,0,1,1,1,115
20190108-W-Australian_Open-Q1-Iga_Swiatek-Olga_Danilovic,Iga Swiatek,SnV,1,1,0,0,1,0,0,0,0,0,1
20190108-W-Australian_Open-Q1-Iga_Swiatek-Olga_Danilovic,Iga Swiatek,SnV1st,1,1,0,0,1,0,0,0,0,0,1
20190108-W-Australian_Open-Q1-Iga_Swiatek-Olga_Danilovic,Iga Swiatek,nonSnV,99,59,3,2,15,4,2,1,0,0,287
20190108-W-Australian_Open-Q1-Iga_Swiatek-Olga_Danilovic,Iga Swiatek,nonSnV1st,63,40,3,2,14,4,2,0,0,0,190
20190108-W-Australian_Open-Q1-Iga_Swiatek-Olga_Danilovic,Iga Swiatek,nonSnV2nd,36,19,0,0,1,0,0,1,0,0,97
20180827-W-US_Open-R128-Venus_Williams-Svetlana_Kuznetsova,Venus Williams,SnV,2,1,0,0,0,1,0,0,1,0,9
20180827-W-US_Open-R128-Venus_Williams-Svetlana_Kuznetsova,Venus Williams,SnV1st,2,1,0,0,0,1,0,0,1,0,9
20180827-W-US_Open-R128-Venus_Williams-Svetlana_Kuznetsova,Venus Williams,nonSnV,95,53,0,0,9,9,4,4,4,3,415
20180827-W-US_Open-R128-Venus_Williams-Svetlana_Kuznetsova,Venus Williams,nonSnV1st,59,37,0,0,8,9,3,4,3,2,285
20180827-W-US_Open-R128-Venus_Williams-Svetlana_Kuznetsova,Venus Williams,nonSnV2nd,36,16,0,0,1,0,1,0,1,1,130
20180827-W-US_Open-R128-Venus_Williams-Svetlana_Kuznetsova,Svetlana Kuznetsova,SnV,2,2,1,0,0,1,0,0,0,0,4
20180827-W-US_Open-R128-Venus_Williams-Svetlana_Kuznetsova,Svetlana Kuznetsova,SnV1st,1,1,0,0,0,1,0,0,0,0,3
20180827-W-US_Open-R128-Venus_Williams-Svetlana_Kuznetsova,Svetlana Kuznetsova,SnV2nd,1,1,1,0,0,0,0,0,0,0,1
20180827-W-US_Open-R128-Venus_Williams-Svetlana_Kuznetsova,Svetlana Kuznetsova,nonSnV,114,59,8,3,14,2,0,1,2,0,401
20180827-W-US_Open-R128-Venus_Williams-Svetlana_Kuznetsova,Svetlana Kuznetsova,nonSnV1st,77,46,8,3,14,1,0,0,2,0,254
20180827-W-US_Open-R128-Venus_Williams-Svetlana_Kuznetsova,Svetlana Kuznetsova,nonSnV2nd,37,13,0,0,0,1,0,1,0,0,147
20180122-W-Australian_Open-R16-Su_Wei_Hsieh-Angelique_Kerber,Angelique Kerber,SnV,1,0,0,0,0,0,0,1,0,0,2
20180122-W-Australian_Open-R16-Su_Wei_Hsieh-Angelique_Kerber,Angelique Kerber,SnV1st,1,0,0,0,0,0,0,1,0,0,2
20180122-W-Australian_Open-R16-Su_Wei_Hsieh-Angelique_Kerber,Angelique Kerber,nonSnV,83,55,3,3,12,5,1,1,2,0,377
20180122-W-Australian_Open-R16-Su_Wei_Hsieh-Angelique_Kerber,Angelique Kerber,nonSnV1st,59,39,3,3,10,2,1,1,2,0,279
20180122-W-Australian_Open-R16-Su_Wei_Hsieh-Angelique_Kerber,Angelique Kerber,nonSnV2nd,24,16,0,0,2,3,0,0,0,0,98
20180122-W-Australian_Open-QF-Elina_Svitolina-Elise_Mertens,Elina Svitolina,SnV,1,0,0,0,0,0,0,1,0,0,2
20180122-W-Australian_Open-QF-Elina_Svitolina-Elise_Mertens,Elina Svitolina,SnV1st,1,0,0,0,0,0,0,1,0,0,2
20180122-W-Australian_Open-QF-Elina_Svitolina-Elise_Mertens,Elina Svitolina,nonSnV,51,24,3,1,4,1,1,1,3,0,262
20180122-W-Australian_Open-QF-Elina_Svitolina-Elise_Mertens,Elina Svitolina,nonSnV1st,26,14,3,1,4,0,0,1,3,0,116
20180122-W-Australian_Open-QF-Elina_Svitolina-Elise_Mertens,Elina Svitolina,nonSnV2nd,25,10,0,0,0,1,1,0,0,0,146
20180121-W-Australian_Open-R16-Caroline_Wozniacki-Magdalena_Rybarikova,Magdalena Rybarikova,SnV,4,1,0,0,1,0,0,0,1,0,9
20180121-W-Australian_Open-R16-Caroline_Wozniacki-Magdalena_Rybarikova,Magdalena Rybarikova,SnV1st,4,1,0,0,1,0,0,0,1,0,9
20180121-W-Australian_Open-R16-Caroline_Wozniacki-Magdalena_Rybarikova,Magdalena Rybarikova,nonSnV,36,15,2,2,2,4,2,0,1,2,191
20180121-W-Australian_Open-R16-Caroline_Wozniacki-Magdalena_Rybarikova,Magdalena Rybarikova,nonSnV1st,25,12,2,2,2,3,1,0,1,1,122
20180121-W-Australian_Open-R16-Caroline_Wozniacki-Magdalena_Rybarikova,Magdalena Rybarikova,nonSnV2nd,11,3,0,0,0,1,1,0,0,1,69
20170907-W-US_Open-SF-Madison_Keys-Coco_Vandeweghe,Coco Vandeweghe,SnV,12,8,0,0,4,4,0,1,2,1,32
20170907-W-US_Open-SF-Madison_Keys-Coco_Vandeweghe,Coco Vandeweghe,SnV1st,12,8,0,0,4,4,0,1,2,1,32
20170907-W-US_Open-SF-Madison_Keys-Coco_Vandeweghe,Coco Vandeweghe,nonSnV,37,16,0,0,8,0,1,1,1,1,132
20170907-W-US_Open-SF-Madison_Keys-Coco_Vandeweghe,Coco Vandeweghe,nonSnV1st,19,6,0,0,5,0,0,1,1,1,76
20170907-W-US_Open-SF-Madison_Keys-Coco_Vandeweghe,Coco Vandeweghe,nonSnV2nd,18,10,0,0,3,0,1,0,0,0,56
20170120-W-Australian_Open-R32-Eugenie_Bouchard-Coco_Vandeweghe,Coco Vandeweghe,SnV,2,0,0,0,0,0,0,0,2,0,10
20170120-W-Australian_Open-R32-Eugenie_Bouchard-Coco_Vandeweghe,Coco Vandeweghe,SnV1st,2,0,0,0,0,0,0,0,2,0,10
20170120-W-Australian_Open-R32-Eugenie_Bouchard-Coco_Vandeweghe,Coco Vandeweghe,nonSnV,79,62,11,8,13,6,1,0,0,0,234
20170120-W-Australian_Open-R32-Eugenie_Bouchard-Coco_Vandeweghe,Coco Vandeweghe,nonSnV1st,50,44,11,7,11,5,1,0,0,0,118
20170120-W-Australian_Open-R32-Eugenie_Bouchard-Coco_Vandeweghe,Coco Vandeweghe,nonSnV2nd,29,18,0,1,2,1,0,0,0,0,116
20150912-W-US_Open-F-Roberta_Vinci-Flavia_Pennetta,Roberta Vinci,SnV,1,1,0,0,1,0,0,0,0,0,1
20150912-W-US_Open-F-Roberta_Vinci-Flavia_Pennetta,Roberta Vinci,SnV1st,1,1,0,0,1,0,0,0,0,0,1
20150912-W-US_Open-F-Roberta_Vinci-Flavia_Pennetta,Roberta Vinci,nonSnV,71,38,0,0,11,5,2,4,2,1,384
20150912-W-US_Open-F-Roberta_Vinci-Flavia_Pennetta,Roberta Vinci,nonSnV1st,46,25,0,0,11,4,1,4,2,0,225
20150912-W-US_Open-F-Roberta_Vinci-Flavia_Pennetta,Roberta Vinci,nonSnV2nd,25,13,0,0,0,1,1,0,0,1,159
20150904-W-US_Open-R32-Bethanie_Mattek_Sands-Serena_Williams,Bethanie Mattek Sands,SnV,2,1,0,0,0,0,1,0,0,0,5
20150904-W-US_Open-R32-Bethanie_Mattek_Sands-Serena_Williams,Bethanie Mattek Sands,SnV1st,2,1,0,0,0,0,1,0,0,0,5
20150904-W-US_Open-R32-Bethanie_Mattek_Sands-Serena_Williams,Bethanie Mattek Sands,nonSnV,94,51,0,0,32,2,1,0,9,2,301
20150904-W-US_Open-R32-Bethanie_Mattek_Sands-Serena_Williams,Bethanie Mattek Sands,nonSnV1st,51,30,0,0,20,2,0,0,6,1,158
20150904-W-US_Open-R32-Bethanie_Mattek_Sands-Serena_Williams,Bethanie Mattek Sands,nonSnV2nd,43,21,0,0,12,0,1,0,3,1,143
20150125-W-Australian_Open-R16-Agnieszka_Radwanska-Venus_Williams,Venus Williams,SnV,2,2,0,0,0,0,2,0,0,0,6
20150125-W-Australian_Open-R16-Agnieszka_Radwanska-Venus_Williams,Venus Williams,SnV1st,2,2,0,0,0,0,2,0,0,0,6
20150125-W-Australian_Open-R16-Agnieszka_Radwanska-Venus_Williams,Venus Williams,nonSnV,84,50,6,0,11,2,2,5,2,0,352
20150125-W-Australian_Open-R16-Agnieszka_Radwanska-Venus_Williams,Venus Williams,nonSnV1st,49,33,5,0,11,2,1,4,1,0,175
20150125-W-Australian_Open-R16-Agnieszka_Radwanska-Venus_Williams,Venus Williams,nonSnV2nd,35,17,1,0,0,0,1,1,1,0,177
20150122-W-Australian_Open-R64-Samantha_Stosur-Coco_Vandeweghe,Coco Vandeweghe,SnV,3,1,0,0,0,1,0,1,0,0,7
20150122-W-Australian_Open-R64-Samantha_Stosur-Coco_Vandeweghe,Coco Vandeweghe,SnV1st,3,1,0,0,0,1,0,1,0,0,7
20150122-W-Australian_Open-R64-Samantha_Stosur-Coco_Vandeweghe,Coco Vandeweghe,nonSnV,49,39,11,2,11,2,0,1,0,1,131
20150122-W-Australian_Open-R64-Samantha_Stosur-Coco_Vandeweghe,Coco Vandeweghe,nonSnV1st,29,27,10,2,11,1,0,1,0,0,45
20150122-W-Australian_Open-R64-Samantha_Stosur-Coco_Vandeweghe,Coco Vandeweghe,nonSnV2nd,20,12,1,0,0,1,0,0,0,1,86
20150121-W-Australian_Open-R64-Eugenie_Bouchard-Kiki_Bertens,Kiki Bertens,SnV,1,1,0,0,1,0,0,0,0,0,1
20150121-W-Australian_Open-R64-Eugenie_Bouchard-Kiki_Bertens,Kiki Bertens,SnV1st,1,1,0,0,1,0,0,0,0,0,1
20150121-W-Australian_Open-R64-Eugenie_Bouchard-Kiki_Bertens,Kiki Bertens,nonSnV,42,15,1,0,4,2,0,5,1,1,143
20150121-W-Australian_Open-R64-Eugenie_Bouchard-Kiki_Bertens,Kiki Bertens,nonSnV1st,25,11,1,0,4,2,0,3,0,1,97
20150121-W-Australian_Open-R64-Eugenie_Bouchard-Kiki_Bertens,Kiki Bertens,nonSnV2nd,17,4,0,0,0,0,0,2,1,0,46
20150121-W-Australian_Open-R64-Agnieszka_Radwanska-Johanna_Larsson,Agnieszka Radwanska,SnV,1,1,0,0,1,0,0,0,0,0,1
20150121-W-Australian_Open-R64-Agnieszka_Radwanska-Johanna_Larsson,Agnieszka Radwanska,SnV1st,1,1,0,0,1,0,0,0,0,0,1
20150121-W-Australian_Open-R64-Agnieszka_Radwanska-Johanna_Larsson,Agnieszka Radwanska,nonSnV,35,29,3,0,6,5,1,0,0,0,199
20150121-W-Australian_Open-R64-Agnieszka_Radwanska-Johanna_Larsson,Agnieszka Radwanska,nonSnV1st,22,20,3,0,5,5,0,0,0,0,106
20150121-W-Australian_Open-R64-Agnieszka_Radwanska-Johanna_Larsson,Agnieszka Radwanska,nonSnV2nd,13,9,0,0,1,0,1,0,0,0,93
20150119-W-Australian_Open-R128-Magdalena_Rybarikova-Ana_Konjuh,Magdalena Rybarikova,SnV,5,2,0,0,0,0,2,0,2,1,18
20150119-W-Australian_Open-R128-Magdalena_Rybarikova-Ana_Konjuh,Magdalena Rybarikova,SnV1st,5,2,0,0,0,0,2,0,2,1,18
20150119-W-Australian_Open-R128-Magdalena_Rybarikova-Ana_Konjuh,Magdalena Rybarikova,nonSnV,51,33,6,2,3,2,0,0,3,0,199
20150119-W-Australian_Open-R128-Magdalena_Rybarikova-Ana_Konjuh,Magdalena Rybarikova,nonSnV1st,34,26,6,2,3,2,0,0,3,0,120
20150119-W-Australian_Open-R128-Magdalena_Rybarikova-Ana_Konjuh,Magdalena Rybarikova,nonSnV2nd,17,7,0,0,0,0,0,0,0,0,79
20140902-W-US_Open-QF-Caroline_Wozniacki-Sara_Errani,Sara Errani,SnV,1,0,0,0,0,0,0,0,0,0,8
20140902-W-US_Open-QF-Caroline_Wozniacki-Sara_Errani,Sara Errani,SnV1st,1,0,0,0,0,0,0,0,0,0,8
20140902-W-US_Open-QF-Caroline_Wozniacki-Sara_Errani,Sara Errani,nonSnV,33,8,0,0,0,2,0,1,4,2,258
20140902-W-US_Open-QF-Caroline_Wozniacki-Sara_Errani,Sara Errani,nonSnV1st,27,5,0,0,0,1,0,1,3,2,203
20140902-W-US_Open-QF-Caroline_Wozniacki-Sara_Errani,Sara Errani,nonSnV2nd,6,3,0,0,0,1,0,0,1,0,55
20140125-W-Australian_Open-F-Dominika_Cibulkova-Na_Li,Na Li,SnV,1,0,0,0,0,0,0,0,1,0,6
20140125-W-Australian_Open-F-Dominika_Cibulkova-Na_Li,Na Li,SnV1st,1,0,0,0,0,0,0,0,1,0,6
20140125-W-Australian_Open-F-Dominika_Cibulkova-Na_Li,Na Li,nonSnV,56,36,2,0,4,4,0,0,0,1,274
20140125-W-Australian_Open-F-Dominika_Cibulkova-Na_Li,Na Li,nonSnV1st,35,21,2,0,3,4,0,0,0,0,161
20140125-W-Australian_Open-F-Dominika_Cibulkova-Na_Li,Na Li,nonSnV2nd,21,15,0,0,1,0,0,0,0,1,113
20140119-W-Australian_Open-R16-Agnieszka_Radwanska-Garbine_Muguruza,Agnieszka Radwanska,SnV,1,1,0,0,0,1,0,0,0,0,3
20140119-W-Australian_Open-R16-Agnieszka_Radwanska-Garbine_Muguruza,Agnieszka Radwanska,SnV1st,1,1,0,0,0,1,0,0,0,0,3
20140119-W-Australian_Open-R16-Agnieszka_Radwanska-Garbine_Muguruza,Agnieszka Radwanska,nonSnV,64,44,2,0,13,0,2,1,1,0,318
20140119-W-Australian_Open-R16-Agnieszka_Radwanska-Garbine_Muguruza,Agnieszka Radwanska,nonSnV1st,47,33,2,0,12,0,0,1,1,0,215
20140119-W-Australian_Open-R16-Agnieszka_Radwanska-Garbine_Muguruza,Agnieszka Radwanska,nonSnV2nd,17,11,0,0,1,0,2,0,0,0,103
20140117-W-Australian_Open-R32-Serena_Williams-Daniela_Hantuchova,Serena Williams,SnV,1,0,0,0,0,0,0,1,0,0,2
20140117-W-Australian_Open-R32-Serena_Williams-Daniela_Hantuchova,Serena Williams,SnV1st,1,0,0,0,0,0,0,1,0,0,2
20140117-W-Australian_Open-R32-Serena_Williams-Daniela_Hantuchova,Serena Williams,nonSnV,53,35,10,2,5,2,0,1,0,1,141
20140117-W-Australian_Open-R32-Serena_Williams-Daniela_Hantuchova,Serena Williams,nonSnV1st,26,20,8,2,4,2,0,1,0,0,56
20140117-W-Australian_Open-R32-Serena_Williams-Daniela_Hantuchova,Serena Williams,nonSnV2nd,27,15,2,0,1,0,0,0,0,1,85
20140113-W-Australian_Open-R64-Alla_Kudryavtseva-Angelique_Kerber,Angelique Kerber,SnV,1,0,0,0,0,0,0,1,0,0,2
20140113-W-Australian_Open-R64-Alla_Kudryavtseva-Angelique_Kerber,Angelique Kerber,SnV1st,1,0,0,0,0,0,0,1,0,0,2
20140113-W-Australian_Open-R64-Alla_Kudryavtseva-Angelique_Kerber,Angelique Kerber,nonSnV,47,35,3,3,13,1,0,0,1,0,131
20140113-W-Australian_Open-R64-Alla_Kudryavtseva-Angelique_Kerber,Angelique Kerber,nonSnV1st,28,24,3,3,9,1,0,0,0,0,60
20140113-W-Australian_Open-R64-Alla_Kudryavtseva-Angelique_Kerber,Angelique Kerber,nonSnV2nd,19,11,0,0,4,0,0,0,1,0,71
20140113-W-Australian_Open-R128-Venus_Williams-Kate_Makarova,Kate Makarova,SnV,1,0,0,0,0,0,0,0,0,0,4
20140113-W-Australian_Open-R128-Venus_Williams-Kate_Makarova,Kate Makarova,SnV1st,1,0,0,0,0,0,0,0,0,0,4
20140113-W-Australian_Open-R128-Venus_Williams-Kate_Makarova,Kate Makarova,nonSnV,105,60,1,1,9,5,0,1,5,1,460
20140113-W-Australian_Open-R128-Venus_Williams-Kate_Makarova,Kate Makarova,nonSnV1st,69,43,1,1,7,4,0,1,2,0,321
20140113-W-Australian_Open-R128-Venus_Williams-Kate_Makarova,Kate Makarova,nonSnV2nd,36,17,0,0,2,1,0,0,3,1,139
20140113-W-Australian_Open-R128-Ana_Konjuh-Na_Li,Na Li,SnV,3,1,0,0,0,1,0,1,0,0,9
20140113-W-Australian_Open-R128-Ana_Konjuh-Na_Li,Na Li,SnV1st,3,1,0,0,0,1,0,1,0,0,9
20140113-W-Australian_Open-R128-Ana_Konjuh-Na_Li,Na Li,nonSnV,42,30,3,0,7,2,0,2,1,0,134
20140113-W-Australian_Open-R128-Ana_Konjuh-Na_Li,Na Li,nonSnV1st,31,23,3,0,7,2,0,1,1,0,99
20140113-W-Australian_Open-R128-Ana_Konjuh-Na_Li,Na Li,nonSnV2nd,11,7,0,0,0,0,0,1,0,0,35
20130115-W-Australian_Open-R128-Nadia_Petrova-Kimiko_Date_Krumm,Kimiko Date Krumm,SnV,1,0,0,0,0,0,0,0,0,0,2
20130115-W-Australian_Open-R128-Nadia_Petrova-Kimiko_Date_Krumm,Kimiko Date Krumm,SnV1st,1,0,0,0,0,0,0,0,0,0,2
20130115-W-Australian_Open-R128-Nadia_Petrova-Kimiko_Date_Krumm,Kimiko Date Krumm,nonSnV,48,32,1,0,7,2,2,0,0,0,230
20130115-W-Australian_Open-R128-Nadia_Petrova-Kimiko_Date_Krumm,Kimiko Date Krumm,nonSnV1st,37,26,1,0,5,2,2,0,0,0,184
20130115-W-Australian_Open-R128-Nadia_Petrova-Kimiko_Date_Krumm,Kimiko Date Krumm,nonSnV2nd,11,6,0,0,2,0,0,0,0,0,46
20120829-W-US_Open-R64-Maria_Sharapova-Lourdes_Dominguez_Lino,Maria Sharapova,SnV,1,0,0,0,0,0,0,0,0,0,4
20120829-W-US_Open-R64-Maria_Sharapova-Lourdes_Dominguez_Lino,Maria Sharapova,SnV1st,1,0,0,0,0,0,0,0,0,0,4
20120829-W-US_Open-R64-Maria_Sharapova-Lourdes_Dominguez_Lino,Maria Sharapova,nonSnV,34,30,6,0,6,2,3,1,0,0,130
20120829-W-US_Open-R64-Maria_Sharapova-Lourdes_Dominguez_Lino,Maria Sharapova,nonSnV1st,23,20,6,0,5,0,1,0,0,0,68
20120829-W-US_Open-R64-Maria_Sharapova-Lourdes_Dominguez_Lino,Maria Sharapova,nonSnV2nd,11,10,0,0,1,2,2,1,0,0,62
20120828-W-US_Open-R128-Venus_Williams-Bethanie_Mattek_Sands,Venus Williams,SnV,1,1,0,0,0,0,0,0,0,0,3
20120828-W-US_Open-R128-Venus_Williams-Bethanie_Mattek_Sands,Venus Williams,SnV1st,1,1,0,0,0,0,0,0,0,0,3
20120828-W-US_Open-R128-Venus_Williams-Bethanie_Mattek_Sands,Venus Williams,nonSnV,38,30,5,0,8,0,0,0,0,0,78
20120828-W-US_Open-R128-Venus_Williams-Bethanie_Mattek_Sands,Venus Williams,nonSnV1st,22,18,5,0,8,0,0,0,0,0,42
20120828-W-US_Open-R128-Venus_Williams-Bethanie_Mattek_Sands,Venus Williams,nonSnV2nd,16,12,0,0,0,0,0,0,0,0,36
20120828-W-US_Open-R128-Venus_Williams-Bethanie_Mattek_Sands,Bethanie Mattek Sands,SnV,2,1,0,0,0,1,0,0,0,0,5
20120828-W-US_Open-R128-Venus_Williams-Bethanie_Mattek_Sands,Bethanie Mattek Sands,SnV1st,2,1,0,0,0,1,0,0,0,0,5
20120828-W-US_Open-R128-Venus_Williams-Bethanie_Mattek_Sands,Bethanie Mattek Sands,nonSnV,44,20,1,0,2,1,1,0,0,0,120
20120828-W-US_Open-R128-Venus_Williams-Bethanie_Mattek_Sands,Bethanie Mattek Sands,nonSnV1st,25,15,1,0,2,0,1,0,0,0,63
20120828-W-US_Open-R128-Venus_Williams-Bethanie_Mattek_Sands,Bethanie Mattek Sands,nonSnV2nd,19,5,0,0,0,1,0,0,0,0,57
20110125-W-Australian_Open-QF-Francesca_Schiavone-Caroline_Wozniacki,Francesca Schiavone,SnV,2,2,0,0,0,2,0,0,0,0,6
20110125-W-Australian_Open-QF-Francesca_Schiavone-Caroline_Wozniacki,Francesca Schiavone,SnV1st,2,2,0,0,0,2,0,0,0,0,6
20110125-W-Australian_Open-QF-Francesca_Schiavone-Caroline_Wozniacki,Francesca Schiavone,nonSnV,88,47,3,0,9,9,1,4,5,2,477
20110125-W-Australian_Open-QF-Francesca_Schiavone-Caroline_Wozniacki,Francesca Schiavone,nonSnV1st,52,29,3,0,9,5,0,2,3,2,243
20110125-W-Australian_Open-QF-Francesca_Schiavone-Caroline_Wozniacki,Francesca Schiavone,nonSnV2nd,36,18,0,0,0,4,1,2,2,0,234
20110123-W-Australian_Open-R16-Francesca_Schiavone-Svetlana_Kuznetsova,Francesca Schiavone,SnV,2,1,0,0,0,1,0,0,0,0,5
20110123-W-Australian_Open-R16-Francesca_Schiavone-Svetlana_Kuznetsova,Francesca Schiavone,SnV1st,2,1,0,0,0,1,0,0,0,0,5
20110123-W-Australian_Open-R16-Francesca_Schiavone-Svetlana_Kuznetsova,Francesca Schiavone,nonSnV,183,106,3,7,14,21,9,3,10,4,952
20110123-W-Australian_Open-R16-Francesca_Schiavone-Svetlana_Kuznetsova,Francesca Schiavone,nonSnV1st,110,65,3,6,12,14,6,2,8,2,537
20110123-W-Australian_Open-R16-Francesca_Schiavone-Svetlana_Kuznetsova,Francesca Schiavone,nonSnV2nd,73,41,0,1,2,7,3,1,2,2,415
20110123-W-Australian_Open-R16-Francesca_Schiavone-Svetlana_Kuznetsova,Svetlana Kuznetsova,SnV,1,1,0,0,0,0,1,0,0,0,3
20110123-W-Australian_Open-R16-Francesca_Schiavone-Svetlana_Kuznetsova,Svetlana Kuznetsova,SnV1st,1,1,0,0,0,0,1,0,0,0,3
20110123-W-Australian_Open-R16-Francesca_Schiavone-Svetlana_Kuznetsova,Svetlana Kuznetsova,nonSnV,158,91,5,3,9,18,7,7,5,4,855
20110123-W-Australian_Open-R16-Francesca_Schiavone-Svetlana_Kuznetsova,Svetlana Kuznetsova,nonSnV1st,111,70,5,3,9,14,6,4,5,3,554
20110123-W-Australian_Open-R16-Francesca_Schiavone-Svetlana_Kuznetsova,Svetlana Kuznetsova,nonSnV2nd,47,21,0,0,0,4,1,3,0,1,301
20110123-W-Australian_Open-R16-Caroline_Wozniacki-Anastasija_Sevastova,Anastasija Sevastova,SnV,1,0,0,0,0,0,0,0,1,0,4
20110123-W-Australian_Open-R16-Caroline_Wozniacki-Anastasija_Sevastova,Anastasija Sevastova,SnV1st,1,0,0,0,0,0,0,0,1,0,4
20110123-W-Australian_Open-R16-Caroline_Wozniacki-Anastasija_Sevastova,Anastasija Sevastova,nonSnV,62,31,3,0,3,4,1,2,3,1,355
20110123-W-Australian_Open-R16-Caroline_Wozniacki-Anastasija_Sevastova,Anastasija Sevastova,nonSnV1st,42,22,3,0,3,4,1,1,3,1,252
20110123-W-Australian_Open-R16-Caroline_Wozniacki-Anastasija_Sevastova,Anastasija Sevastova,nonSnV2nd,20,9,0,0,0,0,0,1,0,0,103
20100902-W-US_Open-R64-Andrea_Petkovic-Bethanie_Mattek_Sands,Andrea Petkovic,SnV,1,1,0,0,1,0,0,0,0,0,1
20100902-W-US_Open-R64-Andrea_Petkovic-Bethanie_Mattek_Sands,Andrea Petkovic,SnV1st,1,1,0,0,1,0,0,0,0,0,1
20100902-W-US_Open-R64-Andrea_Petkovic-Bethanie_Mattek_Sands,Andrea Petkovic,nonSnV,93,55,2,0,13,4,3,1,2,1,345
20100902-W-US_Open-R64-Andrea_Petkovic-Bethanie_Mattek_Sands,Andrea Petkovic,nonSnV1st,70,43,2,0,13,3,2,1,2,1,267
20100902-W-US_Open-R64-Andrea_Petkovic-Bethanie_Mattek_Sands,Andrea Petkovic,nonSnV2nd,23,12,0,0,0,1,1,0,0,0,78
20100902-W-US_Open-R64-Andrea_Petkovic-Bethanie_Mattek_Sands,Bethanie Mattek Sands,SnV,6,2,0,0,1,1,0,0,2,0,20
20100902-W-US_Open-R64-Andrea_Petkovic-Bethanie_Mattek_Sands,Bethanie Mattek Sands,SnV1st,6,2,0,0,1,1,0,0,2,0,20
20100902-W-US_Open-R64-Andrea_Petkovic-Bethanie_Mattek_Sands,Bethanie Mattek Sands,nonSnV,98,55,5,0,7,12,4,1,2,1,415
20100902-W-US_Open-R64-Andrea_Petkovic-Bethanie_Mattek_Sands,Bethanie Mattek Sands,nonSnV1st,66,42,5,0,6,10,4,1,2,1,256
20100902-W-US_Open-R64-Andrea_Petkovic-Bethanie_Mattek_Sands,Bethanie Mattek Sands,nonSnV2nd,32,13,0,0,1,2,0,0,0,0,159
20100130-W-Australian_Open-F-Serena_Williams-Justine_Henin,Serena Williams,SnV,1,0,0,0,0,0,0,0,0,0,2
20100130-W-Australian_Open-F-Serena_Williams-Justine_Henin,Serena Williams,SnV1st,1,0,0,0,0,0,0,0,0,0,2
20100130-W-Australian_Open-F-Serena_Williams-Justine_Henin,Serena Williams,nonSnV,94,54,12,0,13,3,2,1,5,0,320
20100130-W-Australian_Open-F-Serena_Williams-Justine_Henin,Serena Williams,nonSnV1st,61,37,11,0,9,3,2,0,4,0,223
20100130-W-Australian_Open-F-Serena_Williams-Justine_Henin,Serena Williams,nonSnV2nd,33,17,1,0,4,0,0,1,1,0,97
20090907-W-US_Open-R16-Svetlana_Kuznetsova-Caroline_Wozniacki,Svetlana Kuznetsova,SnV,1,0,0,0,0,0,0,0,0,0,2
20090907-W-US_Open-R16-Svetlana_Kuznetsova-Caroline_Wozniacki,Svetlana Kuznetsova,SnV1st,1,0,0,0,0,0,0,0,0,0,2
20090907-W-US_Open-R16-Svetlana_Kuznetsova-Caroline_Wozniacki,Svetlana Kuznetsova,nonSnV,106,61,9,3,8,9,2,2,2,3,501
20090907-W-US_Open-R16-Svetlana_Kuznetsova-Caroline_Wozniacki,Svetlana Kuznetsova,nonSnV1st,69,45,9,2,7,6,1,2,2,2,345
20090907-W-US_Open-R16-Svetlana_Kuznetsova-Caroline_Wozniacki,Svetlana Kuznetsova,nonSnV2nd,37,16,0,1,1,3,1,0,0,1,156
20090128-W-Australian_Open-QF-Carla_Suarez_Navarro-Elena_Dementieva,Elena Dementieva,SnV,1,1,0,0,1,0,0,0,0,0,1
20090128-W-Australian_Open-QF-Carla_Suarez_Navarro-Elena_Dementieva,Elena Dementieva,SnV1st,1,1,0,0,1,0,0,0,0,0,1
20090128-W-Australian_Open-QF-Carla_Suarez_Navarro-Elena_Dementieva,Elena Dementieva,nonSnV,66,46,0,0,10,4,1,1,2,0,336
20090128-W-Australian_Open-QF-Carla_Suarez_Navarro-Elena_Dementieva,Elena Dementieva,nonSnV1st,36,28,0,0,9,3,1,1,2,0,180
20090128-W-Australian_Open-QF-Carla_Suarez_Navarro-Elena_Dementieva,Elena Dementieva,nonSnV2nd,30,18,0,0,1,1,0,0,0,0,156
20090124-W-Australian_Open-R32-Samantha_Stosur-Elena_Dementieva,Samantha Stosur,SnV,15,9,1,0,3,5,0,3,1,0,35
20090124-W-Australian_Open-R32-Samantha_Stosur-Elena_Dementieva,Samantha Stosur,SnV1st,11,7,1,0,3,3,0,2,0,0,23
20090124-W-Australian_Open-R32-Samantha_Stosur-Elena_Dementieva,Samantha Stosur,SnV2nd,4,2,0,0,0,2,0,1,1,0,12
20090124-W-Australian_Open-R32-Samantha_Stosur-Elena_Dementieva,Samantha Stosur,nonSnV,58,28,3,2,6,3,1,2,2,0,270
20090124-W-Australian_Open-R32-Samantha_Stosur-Elena_Dementieva,Samantha Stosur,nonSnV1st,31,18,3,2,4,1,1,2,1,0,134
20090124-W-Australian_Open-R32-Samantha_Stosur-Elena_Dementieva,Samantha Stosur,nonSnV2nd,27,10,0,0,2,2,0,0,1,0,136
20080116-W-Australian_Open-R64-Olga_Puchkova-Justine_Henin,Justine Henin,SnV,4,3,0,0,2,0,0,0,0,0,7
20080116-W-Australian_Open-R64-Olga_Puchkova-Justine_Henin,Justine Henin,SnV1st,4,3,0,0,2,0,0,0,0,0,7
20080116-W-Australian_Open-R64-Olga_Puchkova-Justine_Henin,Justine Henin,nonSnV,45,30,3,0,7,5,0,0,2,1,210
20080116-W-Australian_Open-R64-Olga_Puchkova-Justine_Henin,Justine Henin,nonSnV1st,29,17,3,0,3,2,0,0,2,0,139
20080116-W-Australian_Open-R64-Olga_Puchkova-Justine_Henin,Justine Henin,nonSnV2nd,16,13,0,0,4,3,0,0,0,1,71
20070904-W-US_Open-QF-Serena_Williams-Justine_Henin,Serena Williams,SnV,3,1,1,0,0,0,0,0,0,1,7
20070904-W-US_Open-QF-Serena_Williams-Justine_Henin,Serena Williams,SnV1st,3,1,1,0,0,0,0,0,0,1,7
20070904-W-US_Open-QF-Serena_Williams-Justine_Henin,Serena Williams,nonSnV,68,40,3,0,12,1,2,0,4,0,284
20070904-W-US_Open-QF-Serena_Williams-Justine_Henin,Serena Williams,nonSnV1st,37,22,3,0,8,1,2,0,3,0,162
20070904-W-US_Open-QF-Serena_Williams-Justine_Henin,Serena Williams,nonSnV2nd,31,18,0,0,4,0,0,0,1,0,122
20070902-W-US_Open-R16-Dinara_Safina-Justine_Henin,Justine Henin,SnV,6,3,0,0,3,0,0,0,1,1,13
20070902-W-US_Open-R16-Dinara_Safina-Justine_Henin,Justine Henin,SnV1st,6,3,0,0,3,0,0,0,1,1,13
20070902-W-US_Open-R16-Dinara_Safina-Justine_Henin,Justine Henin,nonSnV,32,20,2,0,8,0,0,0,1,0,140
20070902-W-US_Open-R16-Dinara_Safina-Justine_Henin,Justine Henin,nonSnV1st,17,13,2,0,4,0,0,0,0,0,67
20070902-W-US_Open-R16-Dinara_Safina-Justine_Henin,Justine Henin,nonSnV2nd,15,7,0,0,4,0,0,0,1,0,73
20070831-W-US_Open-R32-Justine_Henin-Kate_Makarova,Justine Henin,SnV,5,2,0,0,0,2,0,0,2,0,22
20070831-W-US_Open-R32-Justine_Henin-Kate_Makarova,Justine Henin,SnV1st,5,2,0,0,0,2,0,0,2,0,22
20070831-W-US_Open-R32-Justine_Henin-Kate_Makarova,Justine Henin,nonSnV,28,24,3,0,6,2,1,0,0,0,94
20070831-W-US_Open-R32-Justine_Henin-Kate_Makarova,Justine Henin,nonSnV1st,16,14,3,0,5,2,0,0,0,0,46
20070831-W-US_Open-R32-Justine_Henin-Kate_Makarova,Justine Henin,nonSnV2nd,12,10,0,0,1,0,1,0,0,0,48
20070829-W-US_Open-R64-Tsvetana_Pironkova-Justine_Henin,Justine Henin,SnV,7,5,0,0,3,1,0,0,0,1,15
20070829-W-US_Open-R64-Tsvetana_Pironkova-Justine_Henin,Justine Henin,SnV1st,7,5,0,0,3,1,0,0,0,1,15
20070829-W-US_Open-R64-Tsvetana_Pironkova-Justine_Henin,Justine Henin,nonSnV,34,24,3,0,5,2,0,1,1,0,140
20070829-W-US_Open-R64-Tsvetana_Pironkova-Justine_Henin,Justine Henin,nonSnV1st,15,10,3,0,4,0,0,0,0,0,52
20070829-W-US_Open-R64-Tsvetana_Pironkova-Justine_Henin,Justine Henin,nonSnV2nd,19,14,0,0,1,2,0,1,1,0,88
20070127-W-Australian_Open-F-Serena_Williams-Maria_Sharapova,Serena Williams,SnV,2,2,0,0,0,2,0,0,0,0,6
20070127-W-Australian_Open-F-Serena_Williams-Maria_Sharapova,Serena Williams,SnV1st,2,2,0,0,0,2,0,0,0,0,6
20070127-W-Australian_Open-F-Serena_Williams-Maria_Sharapova,Serena Williams,nonSnV,45,34,7,0,10,2,0,0,0,0,118
20070127-W-Australian_Open-F-Serena_Williams-Maria_Sharapova,Serena Williams,nonSnV1st,31,24,7,0,8,2,0,0,0,0,78
20070127-W-Australian_Open-F-Serena_Williams-Maria_Sharapova,Serena Williams,nonSnV2nd,14,10,0,0,2,0,0,0,0,0,40
20070124-W-Australian_Open-QF-Kim_Clijsters-Martina_Hingis,Kim Clijsters,SnV,1,1,0,0,0,1,0,0,0,0,5
20070124-W-Australian_Open-QF-Kim_Clijsters-Martina_Hingis,Kim Clijsters,SnV1st,1,1,0,0,0,1,0,0,0,0,5
20070124-W-Australian_Open-QF-Kim_Clijsters-Martina_Hingis,Kim Clijsters,nonSnV,98,57,2,0,12,7,5,0,3,2,461
20070124-W-Australian_Open-QF-Kim_Clijsters-Martina_Hingis,Kim Clijsters,nonSnV1st,66,38,2,0,10,5,2,0,1,2,294
20070124-W-Australian_Open-QF-Kim_Clijsters-Martina_Hingis,Kim Clijsters,nonSnV2nd,32,19,0,0,2,2,3,0,2,0,167
20070124-W-Australian_Open-QF-Kim_Clijsters-Martina_Hingis,Martina Hingis,SnV,1,1,0,0,0,1,0,0,0,0,3
20070124-W-Australian_Open-QF-Kim_Clijsters-Martina_Hingis,Martina Hingis,SnV1st,1,1,0,0,0,1,0,0,0,0,3
20070124-W-Australian_Open-QF-Kim_Clijsters-Martina_Hingis,Martina Hingis,nonSnV,89,48,0,0,6,5,0,1,8,1,496
20070124-W-Australian_Open-QF-Kim_Clijsters-Martina_Hingis,Martina Hingis,nonSnV1st,64,34,0,0,6,5,0,1,7,1,366
20070124-W-Australian_Open-QF-Kim_Clijsters-Martina_Hingis,Martina Hingis,nonSnV2nd,25,14,0,0,0,0,0,0,1,0,130
20070117-W-Australian_Open-R64-Martina_Hingis-Alla_Kudryavtseva,Martina Hingis,SnV,1,0,0,0,0,0,0,0,1,0,4
20070117-W-Australian_Open-R64-Martina_Hingis-Alla_Kudryavtseva,Martina Hingis,SnV1st,1,0,0,0,0,0,0,0,1,0,4
20070117-W-Australian_Open-R64-Martina_Hingis-Alla_Kudryavtseva,Martina Hingis,nonSnV,49,28,1,0,7,3,2,1,2,0,212
20070117-W-Australian_Open-R64-Martina_Hingis-Alla_Kudryavtseva,Martina Hingis,nonSnV1st,33,21,1,0,7,2,2,1,2,0,131
20070117-W-Australian_Open-R64-Martina_Hingis-Alla_Kudryavtseva,Martina Hingis,nonSnV2nd,16,7,0,0,0,1,0,0,0,0,81
20070116-W-Australian_Open-R128-Martina_Hingis-Nathalie_Dechy,Martina Hingis,SnV,1,1,1,0,0,0,0,0,0,0,1
20070116-W-Australian_Open-R128-Martina_Hingis-Nathalie_Dechy,Martina Hingis,SnV1st,1,1,1,0,0,0,0,0,0,0,1
20070116-W-Australian_Open-R128-Martina_Hingis-Nathalie_Dechy,Martina Hingis,nonSnV,37,30,1,0,11,5,3,1,1,0,148
20070116-W-Australian_Open-R128-Martina_Hingis-Nathalie_Dechy,Martina Hingis,nonSnV1st,24,22,1,0,10,3,1,0,0,0,80
20070116-W-Australian_Open-R128-Martina_Hingis-Nathalie_Dechy,Martina Hingis,nonSnV2nd,13,8,0,0,1,2,2,1,1,0,68
20060908-W-US_Open-SF-Amelie_Mauresmo-Maria_Sharapova,Amelie Mauresmo,SnV,1,0,0,0,0,0,0,1,0,0,4
20060908-W-US_Open-SF-Amelie_Mauresmo-Maria_Sharapova,Amelie Mauresmo,SnV1st,1,0,0,0,0,0,0,1,0,0,4
20060908-W-US_Open-SF-Amelie_Mauresmo-Maria_Sharapova,Amelie Mauresmo,nonSnV,59,30,1,0,6,3,5,3,4,1,332
20060908-W-US_Open-SF-Amelie_Mauresmo-Maria_Sharapova,Amelie Mauresmo,nonSnV1st,41,23,1,0,6,2,4,3,2,1,197
20060908-W-US_Open-SF-Amelie_Mauresmo-Maria_Sharapova,Amelie Mauresmo,nonSnV2nd,18,7,0,0,0,1,1,0,2,0,135
20060903-W-US_Open-R16-Justine_Henin-Shahar_Peer,Justine Henin,SnV,8,7,0,0,0,4,2,0,1,0,33
20060903-W-US_Open-R16-Justine_Henin-Shahar_Peer,Justine Henin,SnV1st,8,7,0,0,0,4,2,0,1,0,33
20060903-W-US_Open-R16-Justine_Henin-Shahar_Peer,Justine Henin,nonSnV,24,21,3,0,7,4,1,0,0,0,87
20060903-W-US_Open-R16-Justine_Henin-Shahar_Peer,Justine Henin,nonSnV1st,14,12,3,0,3,2,0,0,0,0,48
20060903-W-US_Open-R16-Justine_Henin-Shahar_Peer,Justine Henin,nonSnV2nd,10,9,0,0,4,2,1,0,0,0,39
20060125-W-Australian_Open-QF-Kim_Clijsters-Martina_Hingis,Martina Hingis,SnV,5,3,0,0,1,2,0,1,0,0,13
20060125-W-Australian_Open-QF-Kim_Clijsters-Martina_Hingis,Martina Hingis,SnV1st,5,3,0,0,1,2,0,1,0,0,13
20060125-W-Australian_Open-QF-Kim_Clijsters-Martina_Hingis,Martina Hingis,nonSnV,91,52,1,0,18,7,3,1,1,2,394
20060125-W-Australian_Open-QF-Kim_Clijsters-Martina_Hingis,Martina Hingis,nonSnV1st,56,34,0,0,13,6,2,1,1,1,242
20060125-W-Australian_Open-QF-Kim_Clijsters-Martina_Hingis,Martina Hingis,nonSnV2nd,35,18,1,0,5,1,1,0,0,1,152
20060122-W-Australian_Open-R16-Daniela_Hantuchova-Maria_Sharapova,Daniela Hantuchova,SnV,1,1,0,0,1,0,0,0,0,0,1
20060122-W-Australian_Open-R16-Daniela_Hantuchova-Maria_Sharapova,Daniela Hantuchova,SnV1st,1,1,0,0,1,0,0,0,0,0,1
20060122-W-Australian_Open-R16-Daniela_Hantuchova-Maria_Sharapova,Daniela Hantuchova,nonSnV,54,26,1,0,11,0,0,0,2,0,238
20060122-W-Australian_Open-R16-Daniela_Hantuchova-Maria_Sharapova,Daniela Hantuchova,nonSnV1st,38,20,1,0,11,0,0,0,1,0,142
20060122-W-Australian_Open-R16-Daniela_Hantuchova-Maria_Sharapova,Daniela Hantuchova,nonSnV2nd,16,6,0,0,0,0,0,0,1,0,96
20050908-W-US_Open-SF-Mary_Pierce-Elena_Dementieva,Mary Pierce,SnV,1,1,0,0,0,0,1,0,0,0,3
20050908-W-US_Open-SF-Mary_Pierce-Elena_Dementieva,Mary Pierce,SnV1st,1,1,0,0,0,0,1,0,0,0,3
20050908-W-US_Open-SF-Mary_Pierce-Elena_Dementieva,Mary Pierce,nonSnV,75,50,4,10,9,0,1,1,3,1,292
20050908-W-US_Open-SF-Mary_Pierce-Elena_Dementieva,Mary Pierce,nonSnV1st,51,39,4,9,9,0,0,1,1,1,195
20050908-W-US_Open-SF-Mary_Pierce-Elena_Dementieva,Mary Pierce,nonSnV2nd,24,11,0,1,0,0,1,0,2,0,97
20050907-W-US_Open-QF-Mary_Pierce-Amelie_Mauresmo,Mary Pierce,SnV,1,1,0,0,1,0,0,0,0,0,1
20050907-W-US_Open-QF-Mary_Pierce-Amelie_Mauresmo,Mary Pierce,SnV1st,1,1,0,0,1,0,0,0,0,0,1
20050907-W-US_Open-QF-Mary_Pierce-Amelie_Mauresmo,Mary Pierce,nonSnV,46,34,1,1,6,3,4,1,6,0,188
20050907-W-US_Open-QF-Mary_Pierce-Amelie_Mauresmo,Mary Pierce,nonSnV1st,35,25,1,1,6,2,3,0,6,0,143
20050907-W-US_Open-QF-Mary_Pierce-Amelie_Mauresmo,Mary Pierce,nonSnV2nd,11,9,0,0,0,1,1,1,0,0,45
20050907-W-US_Open-QF-Mary_Pierce-Amelie_Mauresmo,Amelie Mauresmo,SnV,5,4,0,0,0,4,0,0,0,0,18
20050907-W-US_Open-QF-Mary_Pierce-Amelie_Mauresmo,Amelie Mauresmo,SnV1st,5,4,0,0,0,4,0,0,0,0,18
20050907-W-US_Open-QF-Mary_Pierce-Amelie_Mauresmo,Amelie Mauresmo,nonSnV,38,21,3,1,4,3,0,3,0,0,137
20050907-W-US_Open-QF-Mary_Pierce-Amelie_Mauresmo,Amelie Mauresmo,nonSnV1st,23,14,3,1,4,1,0,3,0,0,76
20050907-W-US_Open-QF-Mary_Pierce-Amelie_Mauresmo,Amelie Mauresmo,nonSnV2nd,15,7,0,0,0,2,0,0,0,0,61
20050907-W-US_Open-QF-Maria_Sharapova-Nadia_Petrova,Nadia Petrova,SnV,1,1,0,0,0,0,0,0,0,0,3
20050907-W-US_Open-QF-Maria_Sharapova-Nadia_Petrova,Nadia Petrova,SnV1st,1,1,0,0,0,0,0,0,0,0,3
20050907-W-US_Open-QF-Maria_Sharapova-Nadia_Petrova,Nadia Petrova,nonSnV,115,65,4,1,12,2,3,4,2,1,555
20050907-W-US_Open-QF-Maria_Sharapova-Nadia_Petrova,Nadia Petrova,nonSnV1st,73,40,4,1,12,2,3,3,2,1,312
20050907-W-US_Open-QF-Maria_Sharapova-Nadia_Petrova,Nadia Petrova,nonSnV2nd,42,25,0,0,0,0,0,1,0,0,243
20050906-W-US_Open-QF-Lindsay_Davenport-Elena_Dementieva,Elena Dementieva,SnV,1,0,0,0,0,0,0,0,1,0,4
20050906-W-US_Open-QF-Lindsay_Davenport-Elena_Dementieva,Elena Dementieva,SnV2nd,1,0,0,0,0,0,0,0,1,0,4
20050906-W-US_Open-QF-Lindsay_Davenport-Elena_Dementieva,Elena Dementieva,nonSnV,115,67,1,0,16,0,0,0,1,0,559
20050906-W-US_Open-QF-Lindsay_Davenport-Elena_Dementieva,Elena Dementieva,nonSnV1st,80,51,1,0,15,0,0,0,1,0,339
20050906-W-US_Open-QF-Lindsay_Davenport-Elena_Dementieva,Elena Dementieva,nonSnV2nd,35,16,0,0,1,0,0,0,0,0,220
20050905-W-US_Open-R16-Mary_Pierce-Justine_Henin,Justine Henin,SnV,1,0,0,0,0,0,0,0,1,0,4
20050905-W-US_Open-R16-Mary_Pierce-Justine_Henin,Justine Henin,SnV1st,1,0,0,0,0,0,0,0,1,0,4
20050905-W-US_Open-R16-Mary_Pierce-Justine_Henin,Justine Henin,nonSnV,61,36,1,2,9,4,1,0,1,1,224
20050905-W-US_Open-R16-Mary_Pierce-Justine_Henin,Justine Henin,nonSnV1st,42,25,1,1,8,3,1,0,1,0,153
20050905-W-US_Open-R16-Mary_Pierce-Justine_Henin,Justine Henin,nonSnV2nd,19,11,0,1,1,1,0,0,0,1,71
20050830-W-US_Open-R128-Maria_Sharapova-Eleni_Daniilidou,Maria Sharapova,SnV,1,1,0,0,1,0,0,0,0,0,1
20050830-W-US_Open-R128-Maria_Sharapova-Eleni_Daniilidou,Maria Sharapova,SnV2nd,1,1,0,0,1,0,0,0,0,0,1
20050830-W-US_Open-R128-Maria_Sharapova-Eleni_Daniilidou,Maria Sharapova,nonSnV,42,30,4,0,6,1,3,0,1,0,178
20050830-W-US_Open-R128-Maria_Sharapova-Eleni_Daniilidou,Maria Sharapova,nonSnV1st,31,23,2,0,5,1,3,0,1,0,127
20050830-W-US_Open-R128-Maria_Sharapova-Eleni_Daniilidou,Maria Sharapova,nonSnV2nd,11,7,2,0,1,0,0,0,0,0,51
20050830-W-US_Open-R128-Maria_Sharapova-Eleni_Daniilidou,Eleni Daniilidou,SnV,2,1,0,0,0,0,1,0,1,0,7
20050830-W-US_Open-R128-Maria_Sharapova-Eleni_Daniilidou,Eleni Daniilidou,SnV1st,2,1,0,0,0,0,1,0,1,0,7
20050830-W-US_Open-R128-Maria_Sharapova-Eleni_Daniilidou,Eleni Daniilidou,nonSnV,31,17,0,0,0,1,0,0,0,0,179
20050830-W-US_Open-R128-Maria_Sharapova-Eleni_Daniilidou,Eleni Daniilidou,nonSnV1st,19,11,0,0,0,1,0,0,0,0,125
20050830-W-US_Open-R128-Maria_Sharapova-Eleni_Daniilidou,Eleni Daniilidou,nonSnV2nd,12,6,0,0,0,0,0,0,0,0,54
20050127-W-Australian_Open-SF-Serena_Williams-Maria_Sharapova,Serena Williams,SnV,2,2,0,0,0,2,0,0,0,0,10
20050127-W-Australian_Open-SF-Serena_Williams-Maria_Sharapova,Serena Williams,SnV1st,2,2,0,0,0,2,0,0,0,0,10
20050127-W-Australian_Open-SF-Serena_Williams-Maria_Sharapova,Serena Williams,nonSnV,106,64,6,2,12,8,2,1,3,1,428
20050127-W-Australian_Open-SF-Serena_Williams-Maria_Sharapova,Serena Williams,nonSnV1st,66,43,6,2,12,5,2,1,3,1,227
20050127-W-Australian_Open-SF-Serena_Williams-Maria_Sharapova,Serena Williams,nonSnV2nd,40,21,0,0,0,3,0,0,0,0,201
20050127-W-Australian_Open-SF-Serena_Williams-Maria_Sharapova,Maria Sharapova,SnV,2,1,0,1,0,0,0,0,0,0,3
20050127-W-Australian_Open-SF-Serena_Williams-Maria_Sharapova,Maria Sharapova,SnV1st,2,1,0,1,0,0,0,0,0,0,3
20050127-W-Australian_Open-SF-Serena_Williams-Maria_Sharapova,Maria Sharapova,nonSnV,105,63,5,3,12,1,1,1,3,0,461
20050127-W-Australian_Open-SF-Serena_Williams-Maria_Sharapova,Maria Sharapova,nonSnV1st,70,47,5,3,10,1,0,1,3,0,321
20050127-W-Australian_Open-SF-Serena_Williams-Maria_Sharapova,Maria Sharapova,nonSnV2nd,35,16,0,0,2,0,1,0,0,0,140
20040907-W-US_Open-QF-Elena_Dementieva-Amelie_Mauresmo,Elena Dementieva,SnV,4,4,0,0,1,2,0,0,0,0,14
20040907-W-US_Open-QF-Elena_Dementieva-Amelie_Mauresmo,Elena Dementieva,SnV1st,3,3,0,0,1,2,0,0,0,0,9
20040907-W-US_Open-QF-Elena_Dementieva-Amelie_Mauresmo,Elena Dementieva,SnV2nd,1,1,0,0,0,0,0,0,0,0,5
20040907-W-US_Open-QF-Elena_Dementieva-Amelie_Mauresmo,Elena Dementieva,nonSnV,68,43,0,0,6,2,5,0,0,0,385
20040907-W-US_Open-QF-Elena_Dementieva-Amelie_Mauresmo,Elena Dementieva,nonSnV1st,44,29,0,0,5,2,4,0,0,0,253
20040907-W-US_Open-QF-Elena_Dementieva-Amelie_Mauresmo,Elena Dementieva,nonSnV2nd,24,14,0,0,1,0,1,0,0,0,132
20030906-W-US_Open-SF-Kim_Clijsters-Lindsay_Davenport,Lindsay Davenport,SnV,1,1,0,0,0,1,0,0,0,0,3
20030906-W-US_Open-SF-Kim_Clijsters-Lindsay_Davenport,Lindsay Davenport,SnV1st,1,1,0,0,0,1,0,0,0,0,3
20030906-W-US_Open-SF-Kim_Clijsters-Lindsay_Davenport,Lindsay Davenport,nonSnV,58,26,2,0,8,2,1,4,3,0,248
20030906-W-US_Open-SF-Kim_Clijsters-Lindsay_Davenport,Lindsay Davenport,nonSnV1st,31,16,2,0,7,1,1,1,3,0,130
20030906-W-US_Open-SF-Kim_Clijsters-Lindsay_Davenport,Lindsay Davenport,nonSnV2nd,27,10,0,0,1,1,0,3,0,0,118
20030119-W-Australian_Open-R16-Justine_Henin-Lindsay_Davenport,Justine Henin,SnV,3,2,1,0,1,0,0,0,0,0,4
20030119-W-Australian_Open-R16-Justine_Henin-Lindsay_Davenport,Justine Henin,SnV1st,3,2,1,0,1,0,0,0,0,0,4
20030119-W-Australian_Open-R16-Justine_Henin-Lindsay_Davenport,Justine Henin,nonSnV,124,70,7,1,9,5,0,1,5,0,626
20030119-W-Australian_Open-R16-Justine_Henin-Lindsay_Davenport,Justine Henin,nonSnV1st,69,43,6,1,5,4,0,1,5,0,337
20030119-W-Australian_Open-R16-Justine_Henin-Lindsay_Davenport,Justine Henin,nonSnV2nd,55,27,1,0,4,1,0,0,0,0,289
20030119-W-Australian_Open-R16-Justine_Henin-Lindsay_Davenport,Lindsay Davenport,SnV,3,2,0,0,0,1,0,0,1,0,10
20030119-W-Australian_Open-R16-Justine_Henin-Lindsay_Davenport,Lindsay Davenport,SnV1st,3,2,0,0,0,1,0,0,1,0,10
20030119-W-Australian_Open-R16-Justine_Henin-Lindsay_Davenport,Lindsay Davenport,nonSnV,145,77,4,3,16,5,5,2,5,2,663
20030119-W-Australian_Open-R16-Justine_Henin-Lindsay_Davenport,Lindsay Davenport,nonSnV1st,76,48,4,3,14,3,4,1,3,2,298
20030119-W-Australian_Open-R16-Justine_Henin-Lindsay_Davenport,Lindsay Davenport,nonSnV2nd,69,29,0,0,2,2,1,1,2,0,365
20020828-W-US_Open-R64-Elena_Bovina-Jelena_Dokic,Elena Bovina,SnV,2,1,0,0,0,1,0,1,0,0,7
20020828-W-US_Open-R64-Elena_Bovina-Jelena_Dokic,Elena Bovina,SnV1st,2,1,0,0,0,1,0,1,0,0,7
20020828-W-US_Open-R64-Elena_Bovina-Jelena_Dokic,Elena Bovina,nonSnV,53,37,5,1,10,3,2,0,0,0,159
20020828-W-US_Open-R64-Elena_Bovina-Jelena_Dokic,Elena Bovina,nonSnV1st,34,28,5,1,8,2,2,0,0,0,92
20020828-W-US_Open-R64-Elena_Bovina-Jelena_Dokic,Elena Bovina,nonSnV2nd,19,9,0,0,2,1,0,0,0,0,67
20020828-W-US_Open-R64-Elena_Bovina-Jelena_Dokic,Jelena Dokic,SnV,1,1,0,0,0,0,0,0,0,0,3
20020828-W-US_Open-R64-Elena_Bovina-Jelena_Dokic,Jelena Dokic,SnV1st,1,1,0,0,0,0,0,0,0,0,3
20020828-W-US_Open-R64-Elena_Bovina-Jelena_Dokic,Jelena Dokic,nonSnV,54,30,1,0,5,2,0,0,0,0,236
20020828-W-US_Open-R64-Elena_Bovina-Jelena_Dokic,Jelena Dokic,nonSnV1st,30,16,1,0,3,1,0,0,0,0,142
20020828-W-US_Open-R64-Elena_Bovina-Jelena_Dokic,Jelena Dokic,nonSnV2nd,24,14,0,0,2,1,0,0,0,0,94
20010127-W-Australian_Open-F-Martina_Hingis-Jennifer_Capriati,Jennifer Capriati,SnV,2,2,0,0,2,0,0,0,0,0,2
20010127-W-Australian_Open-F-Martina_Hingis-Jennifer_Capriati,Jennifer Capriati,SnV1st,1,1,0,0,1,0,0,0,0,0,1
20010127-W-Australian_Open-F-Martina_Hingis-Jennifer_Capriati,Jennifer Capriati,SnV2nd,1,1,0,0,1,0,0,0,0,0,1
20010127-W-Australian_Open-F-Martina_Hingis-Jennifer_Capriati,Jennifer Capriati,nonSnV,45,32,2,0,6,1,3,0,1,0,246
20010127-W-Australian_Open-F-Martina_Hingis-Jennifer_Capriati,Jennifer Capriati,nonSnV1st,32,21,2,0,6,1,2,0,1,0,185
20010127-W-Australian_Open-F-Martina_Hingis-Jennifer_Capriati,Jennifer Capriati,nonSnV2nd,13,11,0,0,0,0,1,0,0,0,61
20010124-W-Australian_Open-QF-Serena_Williams-Martina_Hingis,Serena Williams,SnV,1,0,0,0,0,0,0,0,1,0,6
20010124-W-Australian_Open-QF-Serena_Williams-Martina_Hingis,Serena Williams,SnV1st,1,0,0,0,0,0,0,0,1,0,6
20010124-W-Australian_Open-QF-Serena_Williams-Martina_Hingis,Serena Williams,nonSnV,99,51,5,0,13,8,3,2,6,3,577
20010124-W-Australian_Open-QF-Serena_Williams-Martina_Hingis,Serena Williams,nonSnV1st,55,34,4,0,12,6,3,1,1,2,240
20010124-W-Australian_Open-QF-Serena_Williams-Martina_Hingis,Serena Williams,nonSnV2nd,44,17,1,0,1,2,0,1,5,1,337
20000906-W-US_Open-QF-Serena_Williams-Lindsay_Davenport,Serena Williams,SnV,1,0,0,0,0,0,0,0,0,0,2
20000906-W-US_Open-QF-Serena_Williams-Lindsay_Davenport,Serena Williams,SnV1st,1,0,0,0,0,0,0,0,0,0,2
20000906-W-US_Open-QF-Serena_Williams-Lindsay_Davenport,Serena Williams,nonSnV,79,46,8,0,10,5,1,1,0,0,288
20000906-W-US_Open-QF-Serena_Williams-Lindsay_Davenport,Serena Williams,nonSnV1st,53,34,8,0,10,4,1,1,0,0,174
20000906-W-US_Open-QF-Serena_Williams-Lindsay_Davenport,Serena Williams,nonSnV2nd,26,12,0,0,0,1,0,0,0,0,114
20000902-W-US_Open-F-Venus_Williams-Lindsay_Davenport,Venus Williams,SnV,3,2,0,0,0,1,1,1,0,0,10
20000902-W-US_Open-F-Venus_Williams-Lindsay_Davenport,Venus Williams,SnV1st,3,2,0,0,0,1,1,1,0,0,10
20000902-W-US_Open-F-Venus_Williams-Lindsay_Davenport,Venus Williams,nonSnV,71,45,8,0,13,3,3,1,2,0,229
20000902-W-US_Open-F-Venus_Williams-Lindsay_Davenport,Venus Williams,nonSnV1st,45,31,8,0,11,2,2,0,2,0,139
20000902-W-US_Open-F-Venus_Williams-Lindsay_Davenport,Venus Williams,nonSnV2nd,26,14,0,0,2,1,1,1,0,0,90
20000117-W-Australian_Open-R64-Martina_Hingis-Justine_Henin,Martina Hingis,SnV,1,0,0,0,0,0,0,0,0,0,2
20000117-W-Australian_Open-R64-Martina_Hingis-Justine_Henin,Martina Hingis,SnV2nd,1,0,0,0,0,0,0,0,0,0,2
20000117-W-Australian_Open-R64-Martina_Hingis-Justine_Henin,Martina Hingis,nonSnV,50,36,0,0,9,6,2,1,2,0,268
20000117-W-Australian_Open-R64-Martina_Hingis-Justine_Henin,Martina Hingis,nonSnV1st,36,26,0,0,9,4,1,1,2,0,192
20000117-W-Australian_Open-R64-Martina_Hingis-Justine_Henin,Martina Hingis,nonSnV2nd,14,10,0,0,0,2,1,0,0,0,76
20000117-W-Australian_Open-R64-Martina_Hingis-Justine_Henin,Justine Henin,SnV,13,8,0,0,1,2,2,1,0,1,34
20000117-W-Australian_Open-R64-Martina_Hingis-Justine_Henin,Justine Henin,SnV1st,12,7,0,0,1,1,2,1,0,1,31
20000117-W-Australian_Open-R64-Martina_Hingis-Justine_Henin,Justine Henin,SnV2nd,1,1,0,0,0,1,0,0,0,0,3
20000117-W-Australian_Open-R64-Martina_Hingis-Justine_Henin,Justine Henin,nonSnV,41,22,0,0,5,2,0,1,3,0,238
20000117-W-Australian_Open-R64-Martina_Hingis-Justine_Henin,Justine Henin,nonSnV1st,20,14,0,0,5,1,0,1,1,0,78
20000117-W-Australian_Open-R64-Martina_Hingis-Justine_Henin,Justine Henin,nonSnV2nd,21,8,0,0,0,1,0,0,2,0,160
19990909-W-US_Open-SF-Serena_Williams-Lindsay_Davenport,Serena Williams,SnV,2,0,0,0,0,0,0,2,0,0,6
19990909-W-US_Open-SF-Serena_Williams-Lindsay_Davenport,Serena Williams,SnV1st,2,0,0,0,0,0,0,2,0,0,6
19990909-W-US_Open-SF-Serena_Williams-Lindsay_Davenport,Serena Williams,nonSnV,88,56,12,0,6,4,2,1,1,0,294
19990909-W-US_Open-SF-Serena_Williams-Lindsay_Davenport,Serena Williams,nonSnV1st,54,37,12,0,5,4,1,1,0,0,189
19990909-W-US_Open-SF-Serena_Williams-Lindsay_Davenport,Serena Williams,nonSnV2nd,34,19,0,0,1,0,1,0,1,0,105
19990130-W-Australian_Open-F-Amelie_Mauresmo-Martina_Hingis,Martina Hingis,SnV,1,1,0,0,0,1,0,0,0,0,3
19990130-W-Australian_Open-F-Amelie_Mauresmo-Martina_Hingis,Martina Hingis,SnV1st,1,1,0,0,0,1,0,0,0,0,3
19990130-W-Australian_Open-F-Amelie_Mauresmo-Martina_Hingis,Martina Hingis,nonSnV,49,29,1,0,6,1,3,0,1,0,231
19990130-W-Australian_Open-F-Amelie_Mauresmo-Martina_Hingis,Martina Hingis,nonSnV1st,35,23,1,0,6,1,2,0,1,0,161
19990130-W-Australian_Open-F-Amelie_Mauresmo-Martina_Hingis,Martina Hingis,nonSnV2nd,14,6,0,0,0,0,1,0,0,0,70
19990128-W-Australian_Open-SF-Amelie_Mauresmo-Lindsay_Davenport,Amelie Mauresmo,SnV,3,3,0,1,0,2,0,0,0,0,7
19990128-W-Australian_Open-SF-Amelie_Mauresmo-Lindsay_Davenport,Amelie Mauresmo,SnV1st,3,3,0,1,0,2,0,0,0,0,7
19990128-W-Australian_Open-SF-Amelie_Mauresmo-Lindsay_Davenport,Amelie Mauresmo,nonSnV,95,58,9,2,10,3,2,1,1,2,332
19990128-W-Australian_Open-SF-Amelie_Mauresmo-Lindsay_Davenport,Amelie Mauresmo,nonSnV1st,55,35,7,2,9,3,2,1,1,1,187
19990128-W-Australian_Open-SF-Amelie_Mauresmo-Lindsay_Davenport,Amelie Mauresmo,nonSnV2nd,40,23,2,0,1,0,0,0,0,1,145
19990128-W-Australian_Open-SF-Amelie_Mauresmo-Lindsay_Davenport,Lindsay Davenport,SnV,3,1,0,0,0,1,0,1,1,0,9
19990128-W-Australian_Open-SF-Amelie_Mauresmo-Lindsay_Davenport,Lindsay Davenport,SnV1st,3,1,0,0,0,1,0,1,1,0,9
19990128-W-Australian_Open-SF-Amelie_Mauresmo-Lindsay_Davenport,Lindsay Davenport,nonSnV,96,61,8,1,15,7,1,0,3,1,397
19990128-W-Australian_Open-SF-Amelie_Mauresmo-Lindsay_Davenport,Lindsay Davenport,nonSnV1st,71,48,7,1,13,7,1,0,2,1,286
19990128-W-Australian_Open-SF-Amelie_Mauresmo-Lindsay_Davenport,Lindsay Davenport,nonSnV2nd,25,13,1,0,2,0,0,0,1,0,111
19990127-W-Australian_Open-QF-Monica_Seles-Steffi_Graf,Monica Seles,SnV,1,1,0,0,0,1,0,0,0,0,3
19990127-W-Australian_Open-QF-Monica_Seles-Steffi_Graf,Monica Seles,SnV1st,1,1,0,0,0,1,0,0,0,0,3
19990127-W-Australian_Open-QF-Monica_Seles-Steffi_Graf,Monica Seles,nonSnV,68,43,3,0,12,3,2,0,1,0,311
19990127-W-Australian_Open-QF-Monica_Seles-Steffi_Graf,Monica Seles,nonSnV1st,46,32,1,0,11,3,1,0,1,0,210
19990127-W-Australian_Open-QF-Monica_Seles-Steffi_Graf,Monica Seles,nonSnV2nd,22,11,2,0,1,0,1,0,0,0,101
19990127-W-Australian_Open-QF-Martina_Hingis-Mary_Pierce,Martina Hingis,SnV,2,1,0,0,1,0,0,0,0,0,3
19990127-W-Australian_Open-QF-Martina_Hingis-Mary_Pierce,Martina Hingis,SnV1st,2,1,0,0,1,0,0,0,0,0,3
19990127-W-Australian_Open-QF-Martina_Hingis-Mary_Pierce,Martina Hingis,nonSnV,67,41,3,0,10,6,4,0,0,0,267
19990127-W-Australian_Open-QF-Martina_Hingis-Mary_Pierce,Martina Hingis,nonSnV1st,40,28,2,0,6,3,4,0,0,0,172
19990127-W-Australian_Open-QF-Martina_Hingis-Mary_Pierce,Martina Hingis,nonSnV2nd,27,13,1,0,4,3,0,0,0,0,95
19990127-W-Australian_Open-QF-Martina_Hingis-Mary_Pierce,Mary Pierce,SnV,1,0,0,0,0,0,0,0,1,0,4
19990127-W-Australian_Open-QF-Martina_Hingis-Mary_Pierce,Mary Pierce,SnV1st,1,0,0,0,0,0,0,0,1,0,4
19990127-W-Australian_Open-QF-Martina_Hingis-Mary_Pierce,Mary Pierce,nonSnV,63,33,3,0,9,4,3,2,1,0,231
19990127-W-Australian_Open-QF-Martina_Hingis-Mary_Pierce,Mary Pierce,nonSnV1st,47,27,3,0,7,3,2,2,0,0,171
19990127-W-Australian_Open-QF-Martina_Hingis-Mary_Pierce,Mary Pierce,nonSnV2nd,16,6,0,0,2,1,1,0,1,0,60
19980910-W-US_Open-SF-Martina_Hingis-Jana_Novotna,Martina Hingis,SnV,9,5,0,0,0,2,1,0,2,1,41
19980910-W-US_Open-SF-Martina_Hingis-Jana_Novotna,Martina Hingis,SnV1st,8,4,0,0,0,2,0,0,2,1,38
19980910-W-US_Open-SF-Martina_Hingis-Jana_Novotna,Martina Hingis,SnV2nd,1,1,0,0,0,0,1,0,0,0,3
19980910-W-US_Open-SF-Martina_Hingis-Jana_Novotna,Martina Hingis,nonSnV,68,37,1,0,2,7,1,3,4,0,473
19980910-W-US_Open-SF-Martina_Hingis-Jana_Novotna,Martina Hingis,nonSnV1st,48,24,1,0,2,7,1,3,3,0,392
19980910-W-US_Open-SF-Martina_Hingis-Jana_Novotna,Martina Hingis,nonSnV2nd,20,13,0,0,0,0,0,0,1,0,81
19980910-W-US_Open-SF-Martina_Hingis-Jana_Novotna,Jana Novotna,SnV,1,0,0,0,0,0,0,1,0,0,2
19980910-W-US_Open-SF-Martina_Hingis-Jana_Novotna,Jana Novotna,SnV2nd,1,0,0,0,0,0,0,1,0,0,2
19980910-W-US_Open-SF-Martina_Hingis-Jana_Novotna,Jana Novotna,nonSnV,80,38,0,0,5,7,6,7,4,7,506
19980910-W-US_Open-SF-Martina_Hingis-Jana_Novotna,Jana Novotna,nonSnV1st,55,27,0,0,4,6,3,6,4,5,365
19980910-W-US_Open-SF-Martina_Hingis-Jana_Novotna,Jana Novotna,nonSnV2nd,25,11,0,0,1,1,3,1,0,2,141
19980131-W-Australian_Open-F-Martina_Hingis-Conchita_Martinez,Martina Hingis,SnV,3,0,0,0,0,0,0,1,0,0,6
19980131-W-Australian_Open-F-Martina_Hingis-Conchita_Martinez,Martina Hingis,SnV1st,3,0,0,0,0,0,0,1,0,0,6
19980131-W-Australian_Open-F-Martina_Hingis-Conchita_Martinez,Martina Hingis,nonSnV,52,35,3,0,2,2,2,0,3,1,385
19980131-W-Australian_Open-F-Martina_Hingis-Conchita_Martinez,Martina Hingis,nonSnV1st,38,26,3,0,2,1,2,0,3,1,294
19980131-W-Australian_Open-F-Martina_Hingis-Conchita_Martinez,Martina Hingis,nonSnV2nd,14,9,0,0,0,1,0,0,0,0,91
19980127-W-Australian_Open-QF-Venus_Williams-Lindsay_Davenport,Lindsay Davenport,SnV,1,1,0,0,0,1,0,0,0,0,5
19980127-W-Australian_Open-QF-Venus_Williams-Lindsay_Davenport,Lindsay Davenport,SnV1st,1,1,0,0,0,1,0,0,0,0,5
19980127-W-Australian_Open-QF-Venus_Williams-Lindsay_Davenport,Lindsay Davenport,nonSnV,80,41,1,0,10,3,3,1,1,0,331
19980127-W-Australian_Open-QF-Venus_Williams-Lindsay_Davenport,Lindsay Davenport,nonSnV1st,53,28,1,0,9,2,2,1,1,0,228
19980127-W-Australian_Open-QF-Venus_Williams-Lindsay_Davenport,Lindsay Davenport,nonSnV2nd,27,13,0,0,1,1,1,0,0,0,103
19970906-W-US_Open-SF-Martina_Hingis-Lindsay_Davenport,Martina Hingis,SnV,3,2,0,0,0,1,1,0,0,0,8
19970906-W-US_Open-SF-Martina_Hingis-Lindsay_Davenport,Martina Hingis,SnV1st,2,2,0,0,0,1,1,0,0,0,6
19970906-W-US_Open-SF-Martina_Hingis-Lindsay_Davenport,Martina Hingis,SnV2nd,1,0,0,0,0,0,0,0,0,0,2
19970906-W-US_Open-SF-Martina_Hingis-Lindsay_Davenport,Martina Hingis,nonSnV,62,34,2,0,5,2,2,1,1,0,290
19970906-W-US_Open-SF-Martina_Hingis-Lindsay_Davenport,Martina Hingis,nonSnV1st,40,24,2,0,5,2,2,1,0,0,206
19970906-W-US_Open-SF-Martina_Hingis-Lindsay_Davenport,Martina Hingis,nonSnV2nd,22,10,0,0,0,0,0,0,1,0,84
19970906-W-US_Open-F-Venus_Williams-Martina_Hingis,Venus Williams,SnV,3,1,0,0,0,1,0,1,0,0,7
19970906-W-US_Open-F-Venus_Williams-Martina_Hingis,Venus Williams,SnV1st,3,1,0,0,0,1,0,1,0,0,7
19970906-W-US_Open-F-Venus_Williams-Martina_Hingis,Venus Williams,nonSnV,41,21,1,0,6,3,1,0,2,0,203
19970906-W-US_Open-F-Venus_Williams-Martina_Hingis,Venus Williams,nonSnV1st,29,15,1,0,6,2,1,0,2,0,133
19970906-W-US_Open-F-Venus_Williams-Martina_Hingis,Venus Williams,nonSnV2nd,12,6,0,0,0,1,0,0,0,0,70
19970906-W-US_Open-F-Venus_Williams-Martina_Hingis,Martina Hingis,SnV,4,4,0,0,0,3,1,0,0,0,16
19970906-W-US_Open-F-Venus_Williams-Martina_Hingis,Martina Hingis,SnV1st,4,4,0,0,0,3,1,0,0,0,16
19970906-W-US_Open-F-Venus_Williams-Martina_Hingis,Martina Hingis,nonSnV,37,25,0,0,3,5,2,1,1,0,201
19970906-W-US_Open-F-Venus_Williams-Martina_Hingis,Martina Hingis,nonSnV1st,23,16,0,0,3,4,1,1,0,0,140
19970906-W-US_Open-F-Venus_Williams-Martina_Hingis,Martina Hingis,nonSnV2nd,14,9,0,0,0,1,1,0,1,0,61
19970125-W-Australian_Open-F-Martina_Hingis-Mary_Pierce,Martina Hingis,SnV,1,1,0,0,0,1,0,0,0,0,3
19970125-W-Australian_Open-F-Martina_Hingis-Mary_Pierce,Martina Hingis,SnV2nd,1,1,0,0,0,1,0,0,0,0,3
19970125-W-Australian_Open-F-Martina_Hingis-Mary_Pierce,Martina Hingis,nonSnV,45,32,3,0,4,5,0,1,0,0,196
19970125-W-Australian_Open-F-Martina_Hingis-Mary_Pierce,Martina Hingis,nonSnV1st,30,23,3,0,3,4,0,1,0,0,139
19970125-W-Australian_Open-F-Martina_Hingis-Mary_Pierce,Martina Hingis,nonSnV2nd,15,9,0,0,1,1,0,0,0,0,57
19960907-W-US_Open-F-Monica_Seles-Steffi_Graf,Monica Seles,SnV,5,2,0,0,1,1,0,2,0,0,10
19960907-W-US_Open-F-Monica_Seles-Steffi_Graf,Monica Seles,SnV1st,5,2,0,0,1,1,0,2,0,0,10
19960907-W-US_Open-F-Monica_Seles-Steffi_Graf,Monica Seles,nonSnV,71,43,3,0,7,2,1,1,2,0,289
19960907-W-US_Open-F-Monica_Seles-Steffi_Graf,Monica Seles,nonSnV1st,41,25,1,0,6,0,1,1,2,0,153
19960907-W-US_Open-F-Monica_Seles-Steffi_Graf,Monica Seles,nonSnV2nd,30,18,2,0,1,2,0,0,0,0,136
19950905-W-US_Open-QF-Monica_Seles-Jana_Novotna,Jana Novotna,SnV,1,0,0,0,0,0,0,0,0,0,2
19950905-W-US_Open-QF-Monica_Seles-Jana_Novotna,Jana Novotna,SnV1st,1,0,0,0,0,0,0,0,0,0,2
19950905-W-US_Open-QF-Monica_Seles-Jana_Novotna,Jana Novotna,nonSnV,77,40,3,0,12,1,3,4,5,4,394
19950905-W-US_Open-QF-Monica_Seles-Jana_Novotna,Jana Novotna,nonSnV1st,63,34,3,0,10,1,3,1,5,4,314
19950905-W-US_Open-QF-Monica_Seles-Jana_Novotna,Jana Novotna,nonSnV2nd,14,6,0,0,2,0,0,3,0,0,80
19950128-W-Australian_Open-F-Mary_Pierce-Arantxa_Sanchez_Vicario,Arantxa Sanchez Vicario,SnV,1,1,0,0,0,1,0,0,0,0,3
19950128-W-Australian_Open-F-Mary_Pierce-Arantxa_Sanchez_Vicario,Arantxa Sanchez Vicario,SnV1st,1,1,0,0,0,1,0,0,0,0,3
19950128-W-Australian_Open-F-Mary_Pierce-Arantxa_Sanchez_Vicario,Arantxa Sanchez Vicario,nonSnV,57,24,0,0,2,1,0,0,3,0,406
19950128-W-Australian_Open-F-Mary_Pierce-Arantxa_Sanchez_Vicario,Arantxa Sanchez Vicario,nonSnV1st,27,15,0,0,2,1,0,0,2,0,219
19950128-W-Australian_Open-F-Mary_Pierce-Arantxa_Sanchez_Vicario,Arantxa Sanchez Vicario,nonSnV2nd,30,9,0,0,0,0,0,0,1,0,187
19940910-W-US_Open-SF-Arantxa_Sanchez_Vicario-Gabriela_Sabatini,Arantxa Sanchez Vicario,SnV,2,2,0,0,0,2,0,0,0,0,8
19940910-W-US_Open-SF-Arantxa_Sanchez_Vicario-Gabriela_Sabatini,Arantxa Sanchez Vicario,SnV1st,2,2,0,0,0,2,0,0,0,0,8
19940910-W-US_Open-SF-Arantxa_Sanchez_Vicario-Gabriela_Sabatini,Arantxa Sanchez Vicario,nonSnV,86,44,0,0,6,4,1,3,4,2,524
19940910-W-US_Open-SF-Arantxa_Sanchez_Vicario-Gabriela_Sabatini,Arantxa Sanchez Vicario,nonSnV1st,64,31,0,0,6,4,1,2,3,1,435
19940910-W-US_Open-SF-Arantxa_Sanchez_Vicario-Gabriela_Sabatini,Arantxa Sanchez Vicario,nonSnV2nd,22,13,0,0,0,0,0,1,1,1,89
19940910-W-US_Open-SF-Arantxa_Sanchez_Vicario-Gabriela_Sabatini,Gabriela Sabatini,SnV,1,1,0,0,0,0,0,0,0,0,3
19940910-W-US_Open-SF-Arantxa_Sanchez_Vicario-Gabriela_Sabatini,Gabriela Sabatini,SnV1st,1,1,0,0,0,0,0,0,0,0,3
19940910-W-US_Open-SF-Arantxa_Sanchez_Vicario-Gabriela_Sabatini,Gabriela Sabatini,nonSnV,50,24,1,0,0,4,3,3,5,2,388
19940910-W-US_Open-SF-Arantxa_Sanchez_Vicario-Gabriela_Sabatini,Gabriela Sabatini,nonSnV1st,25,12,1,0,0,1,1,2,4,2,224
19940910-W-US_Open-SF-Arantxa_Sanchez_Vicario-Gabriela_Sabatini,Gabriela Sabatini,nonSnV2nd,25,12,0,0,0,3,2,1,1,0,164
19940128-W-Australian_Open-F-Steffi_Graf-Arantxa_Sanchez_Vicario,Steffi Graf,SnV,2,1,0,0,0,1,0,1,0,0,7
19940128-W-Australian_Open-F-Steffi_Graf-Arantxa_Sanchez_Vicario,Steffi Graf,SnV1st,2,1,0,0,0,1,0,1,0,0,7
19940128-W-Australian_Open-F-Steffi_Graf-Arantxa_Sanchez_Vicario,Steffi Graf,nonSnV,45,28,1,0,7,3,3,0,2,1,220
19940128-W-Australian_Open-F-Steffi_Graf-Arantxa_Sanchez_Vicario,Steffi Graf,nonSnV1st,29,21,1,0,7,3,3,0,1,1,135
19940128-W-Australian_Open-F-Steffi_Graf-Arantxa_Sanchez_Vicario,Steffi Graf,nonSnV2nd,16,7,0,0,0,0,0,0,1,0,85
19940127-W-Australian_Open-SF-Steffi_Graf-Kimiko_Date_Krumm,Kimiko Date Krumm,SnV,1,1,0,0,0,1,0,0,0,0,3
19940127-W-Australian_Open-SF-Steffi_Graf-Kimiko_Date_Krumm,Kimiko Date Krumm,SnV1st,1,1,0,0,0,1,0,0,0,0,3
19940127-W-Australian_Open-SF-Steffi_Graf-Kimiko_Date_Krumm,Kimiko Date Krumm,nonSnV,49,26,0,0,6,5,2,0,0,1,192
19940127-W-Australian_Open-SF-Steffi_Graf-Kimiko_Date_Krumm,Kimiko Date Krumm,nonSnV1st,35,18,0,0,4,3,1,0,0,0,142
19940127-W-Australian_Open-SF-Steffi_Graf-Kimiko_Date_Krumm,Kimiko Date Krumm,nonSnV2nd,14,8,0,0,2,2,1,0,0,1,50
19930911-W-US_Open-F-Steffi_Graf-Helena_Sukova,Steffi Graf,SnV,1,1,0,0,0,0,1,0,0,0,3
19930911-W-US_Open-F-Steffi_Graf-Helena_Sukova,Steffi Graf,SnV1st,1,1,0,0,0,0,1,0,0,0,3
19930911-W-US_Open-F-Steffi_Graf-Helena_Sukova,Steffi Graf,nonSnV,50,31,0,0,6,1,4,3,2,0,197
19930911-W-US_Open-F-Steffi_Graf-Helena_Sukova,Steffi Graf,nonSnV1st,42,25,0,0,5,1,4,3,2,0,165
19930911-W-US_Open-F-Steffi_Graf-Helena_Sukova,Steffi Graf,nonSnV2nd,8,6,0,0,1,0,0,0,0,0,32
19930911-W-US_Open-F-Steffi_Graf-Helena_Sukova,Helena Sukova,SnV,32,17,0,0,7,3,3,1,9,2,97
19930911-W-US_Open-F-Steffi_Graf-Helena_Sukova,Helena Sukova,SnV1st,30,15,0,0,6,3,3,1,9,2,95
19930911-W-US_Open-F-Steffi_Graf-Helena_Sukova,Helena Sukova,SnV2nd,2,2,0,0,1,0,0,0,0,0,2
19930911-W-US_Open-F-Steffi_Graf-Helena_Sukova,Helena Sukova,nonSnV,9,3,2,0,1,0,0,1,2,1,29
19930911-W-US_Open-F-Steffi_Graf-Helena_Sukova,Helena Sukova,nonSnV1st,6,3,2,0,1,0,0,0,1,1,17
19930911-W-US_Open-F-Steffi_Graf-Helena_Sukova,Helena Sukova,nonSnV2nd,3,0,0,0,0,0,0,1,1,0,12
19930130-W-Australian_Open-F-Steffi_Graf-Monica_Seles,Monica Seles,SnV,2,2,0,0,1,1,0,0,0,0,4
19930130-W-Australian_Open-F-Steffi_Graf-Monica_Seles,Monica Seles,SnV1st,2,2,0,0,1,1,0,0,0,0,4
19930130-W-Australian_Open-F-Steffi_Graf-Monica_Seles,Monica Seles,nonSnV,74,48,7,0,9,3,1,1,3,0,464
19930130-W-Australian_Open-F-Steffi_Graf-Monica_Seles,Monica Seles,nonSnV1st,50,32,7,0,8,2,0,1,2,0,328
19930130-W-Australian_Open-F-Steffi_Graf-Monica_Seles,Monica Seles,nonSnV2nd,24,16,0,0,1,1,1,0,1,0,136
19920912-W-US_Open-F-Monica_Seles-Arantxa_Sanchez_Vicario,Arantxa Sanchez Vicario,SnV,2,0,0,0,0,0,0,0,1,0,6
19920912-W-US_Open-F-Monica_Seles-Arantxa_Sanchez_Vicario,Arantxa Sanchez Vicario,SnV1st,2,0,0,0,0,0,0,0,1,0,6
19920912-W-US_Open-F-Monica_Seles-Arantxa_Sanchez_Vicario,Arantxa Sanchez Vicario,nonSnV,75,37,1,0,8,2,4,1,4,2,451
19920912-W-US_Open-F-Monica_Seles-Arantxa_Sanchez_Vicario,Arantxa Sanchez Vicario,nonSnV1st,65,34,1,0,8,2,4,1,4,2,382
19920912-W-US_Open-F-Monica_Seles-Arantxa_Sanchez_Vicario,Arantxa Sanchez Vicario,nonSnV2nd,10,3,0,0,0,0,0,0,0,0,69
19910908-W-US_Open-F-Monica_Seles-Martina_Navratilova,Martina Navratilova,SnV,53,28,0,0,16,9,1,4,5,2,132
19910908-W-US_Open-F-Monica_Seles-Martina_Navratilova,Martina Navratilova,SnV1st,35,23,0,0,15,7,0,3,1,1,79
19910908-W-US_Open-F-Monica_Seles-Martina_Navratilova,Martina Navratilova,SnV2nd,18,5,0,0,1,2,1,1,4,1,53
19910908-W-US_Open-F-Monica_Seles-Martina_Navratilova,Martina Navratilova,nonSnV,10,5,3,0,0,0,1,1,0,1,35
19910908-W-US_Open-F-Monica_Seles-Martina_Navratilova,Martina Navratilova,nonSnV1st,2,2,2,0,0,0,0,0,0,0,2
19910908-W-US_Open-F-Monica_Seles-Martina_Navratilova,Martina Navratilova,nonSnV2nd,8,3,1,0,0,0,1,1,0,1,33
19900908-W-US_Open-F-Steffi_Graf-Gabriela_Sabatini,Steffi Graf,SnV,2,1,0,0,0,0,1,0,0,1,11
19900908-W-US_Open-F-Steffi_Graf-Gabriela_Sabatini,Steffi Graf,SnV1st,2,1,0,0,0,0,1,0,0,1,11
19900908-W-US_Open-F-Steffi_Graf-Gabriela_Sabatini,Steffi Graf,nonSnV,69,38,2,0,7,2,6,2,6,1,430
19900908-W-US_Open-F-Steffi_Graf-Gabriela_Sabatini,Steffi Graf,nonSnV1st,48,27,2,0,7,2,4,2,3,1,271
19900908-W-US_Open-F-Steffi_Graf-Gabriela_Sabatini,Steffi Graf,nonSnV2nd,21,11,0,0,0,0,2,0,3,0,159
19900908-W-US_Open-F-Steffi_Graf-Gabriela_Sabatini,Gabriela Sabatini,SnV,2,2,0,0,0,1,1,0,0,0,8
19900908-W-US_Open-F-Steffi_Graf-Gabriela_Sabatini,Gabriela Sabatini,SnV1st,2,2,0,0,0,1,1,0,0,0,8
19900908-W-US_Open-F-Steffi_Graf-Gabriela_Sabatini,Gabriela Sabatini,nonSnV,65,43,0,0,6,9,2,1,5,2,487
19900908-W-US_Open-F-Steffi_Graf-Gabriela_Sabatini,Gabriela Sabatini,nonSnV1st,50,33,0,0,6,8,1,1,3,2,391
19900908-W-US_Open-F-Steffi_Graf-Gabriela_Sabatini,Gabriela Sabatini,nonSnV2nd,15,10,0,0,0,1,1,0,2,0,96
19900827-W-US_Open-R16-Steffi_Graf-Jennifer_Capriati,Steffi Graf,SnV,1,1,0,0,0,1,0,0,0,0,3
19900827-W-US_Open-R16-Steffi_Graf-Jennifer_Capriati,Steffi Graf,SnV1st,1,1,0,0,0,1,0,0,0,0,3
19900827-W-US_Open-R16-Steffi_Graf-Jennifer_Capriati,Steffi Graf,nonSnV,44,31,1,0,6,2,4,0,2,2,249
19900827-W-US_Open-R16-Steffi_Graf-Jennifer_Capriati,Steffi Graf,nonSnV1st,34,25,1,0,6,2,4,0,2,2,201
19900827-W-US_Open-R16-Steffi_Graf-Jennifer_Capriati,Steffi Graf,nonSnV2nd,10,6,0,0,0,0,0,0,0,0,48
19900127-W-Australian_Open-F-Steffi_Graf-Mary_Joe_Fernandez,Steffi Graf,SnV,1,0,0,0,0,0,0,0,0,0,2
19900127-W-Australian_Open-F-Steffi_Graf-Mary_Joe_Fernandez,Steffi Graf,SnV1st,1,0,0,0,0,0,0,0,0,0,2
19900127-W-Australian_Open-F-Steffi_Graf-Mary_Joe_Fernandez,Steffi Graf,nonSnV,58,40,4,0,11,0,4,0,1,1,196
19900127-W-Australian_Open-F-Steffi_Graf-Mary_Joe_Fernandez,Steffi Graf,nonSnV1st,33,24,4,0,11,0,2,0,1,1,114
19900127-W-Australian_Open-F-Steffi_Graf-Mary_Joe_Fernandez,Steffi Graf,nonSnV2nd,25,16,0,0,0,0,2,0,0,0,82
19890909-W-US_Open-F-Martina_Navratilova-Steffi_Graf,Martina Navratilova,SnV,57,37,0,0,14,17,2,2,5,5,177
19890909-W-US_Open-F-Martina_Navratilova-Steffi_Graf,Martina Navratilova,SnV1st,44,29,0,0,12,13,2,2,4,3,141
19890909-W-US_Open-F-Martina_Navratilova-Steffi_Graf,Martina Navratilova,SnV2nd,13,8,0,0,2,4,0,0,1,2,36
19890909-W-US_Open-F-Martina_Navratilova-Steffi_Graf,Martina Navratilova,nonSnV,17,11,2,0,4,0,0,1,1,0,79
19890909-W-US_Open-F-Martina_Navratilova-Steffi_Graf,Martina Navratilova,nonSnV1st,9,7,2,0,3,0,0,0,0,0,31
19890909-W-US_Open-F-Martina_Navratilova-Steffi_Graf,Martina Navratilova,nonSnV2nd,8,4,0,0,1,0,0,1,1,0,48
19890909-W-US_Open-F-Martina_Navratilova-Steffi_Graf,Steffi Graf,SnV,2,1,0,0,0,0,1,0,0,0,5
19890909-W-US_Open-F-Martina_Navratilova-Steffi_Graf,Steffi Graf,SnV1st,2,1,0,0,0,0,1,0,0,0,5
19890909-W-US_Open-F-Martina_Navratilova-Steffi_Graf,Steffi Graf,nonSnV,82,55,5,0,9,5,4,3,3,2,339
19890909-W-US_Open-F-Martina_Navratilova-Steffi_Graf,Steffi Graf,nonSnV1st,56,40,4,0,8,5,4,3,1,1,264
19890909-W-US_Open-F-Martina_Navratilova-Steffi_Graf,Steffi Graf,nonSnV2nd,26,15,1,0,1,0,0,0,2,1,75
19890128-W-Australian_Open-F-Helena_Sukova-Steffi_Graf,Helena Sukova,SnV,18,9,0,0,3,2,2,1,1,2,47
19890128-W-Australian_Open-F-Helena_Sukova-Steffi_Graf,Helena Sukova,SnV1st,14,7,0,0,2,2,2,1,1,1,39
19890128-W-Australian_Open-F-Helena_Sukova-Steffi_Graf,Helena Sukova,SnV2nd,4,2,0,0,1,0,0,0,0,1,8
19890128-W-Australian_Open-F-Helena_Sukova-Steffi_Graf,Helena Sukova,nonSnV,44,27,4,0,10,1,3,3,3,3,135
19890128-W-Australian_Open-F-Helena_Sukova-Steffi_Graf,Helena Sukova,nonSnV1st,17,14,4,0,9,0,1,1,0,1,26
19890128-W-Australian_Open-F-Helena_Sukova-Steffi_Graf,Helena Sukova,nonSnV2nd,27,13,0,0,1,1,2,2,3,2,109
19890126-W-Australian_Open-QF-Martina_Navratilova-Helena_Sukova,Martina Navratilova,SnV,98,61,0,0,26,12,10,3,9,1,235
19890126-W-Australian_Open-QF-Martina_Navratilova-Helena_Sukova,Martina Navratilova,SnV1st,73,47,0,0,25,9,8,1,9,1,187
19890126-W-Australian_Open-QF-Martina_Navratilova-Helena_Sukova,Martina Navratilova,SnV2nd,25,14,0,0,1,3,2,2,0,0,48
19890126-W-Australian_Open-QF-Martina_Navratilova-Helena_Sukova,Martina Navratilova,nonSnV,11,4,2,0,0,0,0,0,2,1,32
19890126-W-Australian_Open-QF-Martina_Navratilova-Helena_Sukova,Martina Navratilova,nonSnV1st,2,2,2,0,0,0,0,0,0,0,2
19890126-W-Australian_Open-QF-Martina_Navratilova-Helena_Sukova,Martina Navratilova,nonSnV2nd,9,2,0,0,0,0,0,0,2,1,30
19890126-W-Australian_Open-QF-Martina_Navratilova-Helena_Sukova,Helena Sukova,SnV,84,52,0,0,11,17,6,5,9,3,268
19890126-W-Australian_Open-QF-Martina_Navratilova-Helena_Sukova,Helena Sukova,SnV1st,43,30,0,0,8,13,3,2,4,2,152
19890126-W-Australian_Open-QF-Martina_Navratilova-Helena_Sukova,Helena Sukova,SnV2nd,41,22,0,0,3,4,3,3,5,1,116
19890126-W-Australian_Open-QF-Martina_Navratilova-Helena_Sukova,Helena Sukova,nonSnV,17,11,7,0,0,1,0,1,2,1,49
19890126-W-Australian_Open-QF-Martina_Navratilova-Helena_Sukova,Helena Sukova,nonSnV1st,8,6,5,0,0,0,0,0,2,0,18
19890126-W-Australian_Open-QF-Martina_Navratilova-Helena_Sukova,Helena Sukova,nonSnV2nd,9,5,2,0,0,1,0,1,0,1,31
19880910-W-US_Open-F-Steffi_Graf-Gabriela_Sabatini,Gabriela Sabatini,SnV,4,2,0,0,0,1,1,1,0,0,12
19880910-W-US_Open-F-Steffi_Graf-Gabriela_Sabatini,Gabriela Sabatini,SnV1st,4,2,0,0,0,1,1,1,0,0,12
19880910-W-US_Open-F-Steffi_Graf-Gabriela_Sabatini,Gabriela Sabatini,nonSnV,47,29,3,0,3,4,1,0,2,0,285
19880910-W-US_Open-F-Steffi_Graf-Gabriela_Sabatini,Gabriela Sabatini,nonSnV1st,25,18,3,0,3,4,1,0,2,0,172
19880910-W-US_Open-F-Steffi_Graf-Gabriela_Sabatini,Gabriela Sabatini,nonSnV2nd,22,11,0,0,0,0,0,0,0,0,113
19880908-W-US_Open-SF-Zina_Garrison-Gabriela_Sabatini,Zina Garrison,SnV,40,22,0,0,11,6,4,4,3,4,108
19880908-W-US_Open-SF-Zina_Garrison-Gabriela_Sabatini,Zina Garrison,SnV1st,40,22,0,0,11,6,4,4,3,4,108
19880908-W-US_Open-SF-Zina_Garrison-Gabriela_Sabatini,Zina Garrison,nonSnV,34,19,0,0,2,7,3,1,1,1,157
19880908-W-US_Open-SF-Zina_Garrison-Gabriela_Sabatini,Zina Garrison,nonSnV1st,13,6,0,0,2,3,1,1,0,1,38
19880908-W-US_Open-SF-Zina_Garrison-Gabriela_Sabatini,Zina Garrison,nonSnV2nd,21,13,0,0,0,4,2,0,1,0,119
19880908-W-US_Open-SF-Zina_Garrison-Gabriela_Sabatini,Gabriela Sabatini,SnV,10,8,0,0,3,2,2,0,1,1,32
19880908-W-US_Open-SF-Zina_Garrison-Gabriela_Sabatini,Gabriela Sabatini,SnV1st,10,8,0,0,3,2,2,0,1,1,32
19880908-W-US_Open-SF-Zina_Garrison-Gabriela_Sabatini,Gabriela Sabatini,nonSnV,66,37,1,0,5,9,4,3,4,1,357
19880908-W-US_Open-SF-Zina_Garrison-Gabriela_Sabatini,Gabriela Sabatini,nonSnV1st,38,29,1,0,5,7,4,2,1,1,227
19880908-W-US_Open-SF-Zina_Garrison-Gabriela_Sabatini,Gabriela Sabatini,nonSnV2nd,28,8,0,0,0,2,0,1,3,0,130
19870913-W-US_Open-F-Steffi_Graf-Martina_Navratilova,Martina Navratilova,SnV,43,26,0,0,7,7,6,2,6,1,134
19870913-W-US_Open-F-Steffi_Graf-Martina_Navratilova,Martina Navratilova,SnV1st,36,20,0,0,7,4,5,1,6,1,114
19870913-W-US_Open-F-Steffi_Graf-Martina_Navratilova,Martina Navratilova,SnV2nd,7,6,0,0,0,3,1,1,0,0,20
19870913-W-US_Open-F-Steffi_Graf-Martina_Navratilova,Martina Navratilova,nonSnV,29,25,1,0,7,2,1,1,1,0,103
19870913-W-US_Open-F-Steffi_Graf-Martina_Navratilova,Martina Navratilova,nonSnV1st,16,16,1,0,7,2,1,0,0,0,38
19870913-W-US_Open-F-Steffi_Graf-Martina_Navratilova,Martina Navratilova,nonSnV2nd,13,9,0,0,0,0,0,1,1,0,65
19870124-W-Australian_Open-F-Hana_Mandlikova-Martina_Navratilova,Hana Mandlikova,SnV,45,28,4,0,11,7,2,1,4,0,102
19870124-W-Australian_Open-F-Hana_Mandlikova-Martina_Navratilova,Hana Mandlikova,SnV1st,32,20,4,0,9,3,2,0,3,0,72
19870124-W-Australian_Open-F-Hana_Mandlikova-Martina_Navratilova,Hana Mandlikova,SnV2nd,13,8,0,0,2,4,0,1,1,0,30
19870124-W-Australian_Open-F-Hana_Mandlikova-Martina_Navratilova,Hana Mandlikova,nonSnV,26,15,1,0,3,0,1,1,2,1,65
19870124-W-Australian_Open-F-Hana_Mandlikova-Martina_Navratilova,Hana Mandlikova,nonSnV1st,3,3,1,0,1,0,0,0,0,0,5
19870124-W-Australian_Open-F-Hana_Mandlikova-Martina_Navratilova,Hana Mandlikova,nonSnV2nd,23,12,0,0,2,0,1,1,2,1,60
19870124-W-Australian_Open-F-Hana_Mandlikova-Martina_Navratilova,Martina Navratilova,SnV,75,38,2,0,20,9,2,5,7,4,185
19870124-W-Australian_Open-F-Hana_Mandlikova-Martina_Navratilova,Martina Navratilova,SnV1st,52,32,2,0,19,7,1,3,4,4,126
19870124-W-Australian_Open-F-Hana_Mandlikova-Martina_Navratilova,Martina Navratilova,SnV2nd,23,6,0,0,1,2,1,2,3,0,59
19870124-W-Australian_Open-F-Hana_Mandlikova-Martina_Navratilova,Martina Navratilova,nonSnV,4,3,0,0,0,1,0,0,0,0,19
19870124-W-Australian_Open-F-Hana_Mandlikova-Martina_Navratilova,Martina Navratilova,nonSnV1st,1,1,0,0,0,0,0,0,0,0,3
19870124-W-Australian_Open-F-Hana_Mandlikova-Martina_Navratilova,Martina Navratilova,nonSnV2nd,3,2,0,0,0,1,0,0,0,0,16
19860906-W-US_Open-SF-Steffi_Graf-Martina_Navratilova,Steffi Graf,SnV,4,3,0,0,3,0,0,1,0,0,5
19860906-W-US_Open-SF-Steffi_Graf-Martina_Navratilova,Steffi Graf,SnV1st,4,3,0,0,3,0,0,1,0,0,5
19860906-W-US_Open-SF-Steffi_Graf-Martina_Navratilova,Steffi Graf,nonSnV,106,60,2,0,9,6,5,4,4,0,493
19860906-W-US_Open-SF-Steffi_Graf-Martina_Navratilova,Steffi Graf,nonSnV1st,81,45,2,0,9,5,5,4,3,0,410
19860906-W-US_Open-SF-Steffi_Graf-Martina_Navratilova,Steffi Graf,nonSnV2nd,25,15,0,0,0,1,0,0,1,0,83
19860906-W-US_Open-SF-Steffi_Graf-Martina_Navratilova,Martina Navratilova,SnV,74,45,0,0,18,14,8,2,4,7,223
19860906-W-US_Open-SF-Steffi_Graf-Martina_Navratilova,Martina Navratilova,SnV1st,59,38,0,0,17,13,6,1,3,5,180
19860906-W-US_Open-SF-Steffi_Graf-Martina_Navratilova,Martina Navratilova,SnV2nd,15,7,0,0,1,1,2,1,1,2,43
19860906-W-US_Open-SF-Steffi_Graf-Martina_Navratilova,Martina Navratilova,nonSnV,15,11,4,0,1,1,2,0,0,1,45
19860906-W-US_Open-SF-Steffi_Graf-Martina_Navratilova,Martina Navratilova,nonSnV1st,8,6,4,0,1,0,1,0,0,1,16
19860906-W-US_Open-SF-Steffi_Graf-Martina_Navratilova,Martina Navratilova,nonSnV2nd,7,5,0,0,0,1,1,0,0,0,29
19860905-W-US_Open-F-Martina_Navratilova-Helena_Sukova,Martina Navratilova,SnV,42,30,0,0,9,11,3,0,3,0,110
19860905-W-US_Open-F-Martina_Navratilova-Helena_Sukova,Martina Navratilova,SnV1st,28,21,0,0,9,6,3,0,3,0,77
19860905-W-US_Open-F-Martina_Navratilova-Helena_Sukova,Martina Navratilova,SnV2nd,14,9,0,0,0,5,0,0,0,0,33
19860905-W-US_Open-F-Martina_Navratilova-Helena_Sukova,Martina Navratilova,nonSnV,6,5,2,0,1,0,0,0,0,0,11
19860905-W-US_Open-F-Martina_Navratilova-Helena_Sukova,Martina Navratilova,nonSnV1st,4,4,2,0,1,0,0,0,0,0,6
19860905-W-US_Open-F-Martina_Navratilova-Helena_Sukova,Martina Navratilova,nonSnV2nd,2,1,0,0,0,0,0,0,0,0,5
19860905-W-US_Open-F-Martina_Navratilova-Helena_Sukova,Helena Sukova,SnV,26,16,0,0,6,5,1,1,4,2,94
19860905-W-US_Open-F-Martina_Navratilova-Helena_Sukova,Helena Sukova,SnV1st,24,16,0,0,6,5,1,1,4,1,88
19860905-W-US_Open-F-Martina_Navratilova-Helena_Sukova,Helena Sukova,SnV2nd,2,0,0,0,0,0,0,0,0,1,6
19860905-W-US_Open-F-Martina_Navratilova-Helena_Sukova,Helena Sukova,nonSnV,28,13,1,0,1,1,1,1,4,0,91
19860905-W-US_Open-F-Martina_Navratilova-Helena_Sukova,Helena Sukova,nonSnV1st,3,2,1,0,1,0,0,1,0,0,4
19860905-W-US_Open-F-Martina_Navratilova-Helena_Sukova,Helena Sukova,nonSnV2nd,25,11,0,0,0,1,1,0,4,0,87
19851207-W-Australian_Open-SF-Claudia_Kohde_Kilsch-Chris_Evert,Claudia Kohde Kilsch,SnV,64,39,0,0,8,19,7,4,10,1,219
19851207-W-Australian_Open-SF-Claudia_Kohde_Kilsch-Chris_Evert,Claudia Kohde Kilsch,SnV1st,51,32,0,0,8,15,6,3,5,1,174
19851207-W-Australian_Open-SF-Claudia_Kohde_Kilsch-Chris_Evert,Claudia Kohde Kilsch,SnV2nd,13,7,0,0,0,4,1,1,5,0,45
19851207-W-Australian_Open-SF-Claudia_Kohde_Kilsch-Chris_Evert,Claudia Kohde Kilsch,nonSnV,12,5,2,0,0,0,1,2,1,0,77
19851207-W-Australian_Open-SF-Claudia_Kohde_Kilsch-Chris_Evert,Claudia Kohde Kilsch,nonSnV1st,2,1,1,0,0,0,0,0,0,0,5
19851207-W-Australian_Open-SF-Claudia_Kohde_Kilsch-Chris_Evert,Claudia Kohde Kilsch,nonSnV2nd,10,4,1,0,0,0,1,2,1,0,72
19851207-W-Australian_Open-F-Martina_Navratilova-Chris_Evert,Martina Navratilova,SnV,80,54,1,0,22,17,8,3,6,3,198
19851207-W-Australian_Open-F-Martina_Navratilova-Chris_Evert,Martina Navratilova,SnV1st,51,34,1,0,20,7,4,2,5,2,118
19851207-W-Australian_Open-F-Martina_Navratilova-Chris_Evert,Martina Navratilova,SnV2nd,29,20,0,0,2,10,4,1,1,1,80
19851207-W-Australian_Open-F-Martina_Navratilova-Chris_Evert,Martina Navratilova,nonSnV,5,2,1,0,0,0,1,1,0,0,18
19851207-W-Australian_Open-F-Martina_Navratilova-Chris_Evert,Martina Navratilova,nonSnV1st,1,1,1,0,0,0,0,0,0,0,1
19851207-W-Australian_Open-F-Martina_Navratilova-Chris_Evert,Martina Navratilova,nonSnV2nd,4,1,0,0,0,0,1,1,0,0,17
19851207-W-Australian_Open-F-Martina_Navratilova-Chris_Evert,Chris Evert,SnV,2,2,0,0,1,0,0,0,0,0,4
19851207-W-Australian_Open-F-Martina_Navratilova-Chris_Evert,Chris Evert,SnV1st,1,1,0,0,1,0,0,0,0,0,1
19851207-W-Australian_Open-F-Martina_Navratilova-Chris_Evert,Chris Evert,SnV2nd,1,1,0,0,0,0,0,0,0,0,3
19851207-W-Australian_Open-F-Martina_Navratilova-Chris_Evert,Chris Evert,nonSnV,85,45,0,0,13,5,3,5,5,0,385
19851207-W-Australian_Open-F-Martina_Navratilova-Chris_Evert,Chris Evert,nonSnV1st,63,32,0,0,11,4,3,5,3,0,314
19851207-W-Australian_Open-F-Martina_Navratilova-Chris_Evert,Chris Evert,nonSnV2nd,22,13,0,0,2,1,0,0,2,0,71
19850907-W-US_Open-F-Hana_Mandlikova-Martina_Navratilova,Hana Mandlikova,SnV,64,37,0,0,14,10,7,4,8,0,179
19850907-W-US_Open-F-Hana_Mandlikova-Martina_Navratilova,Hana Mandlikova,SnV1st,46,29,0,0,13,7,6,4,6,0,127
19850907-W-US_Open-F-Hana_Mandlikova-Martina_Navratilova,Hana Mandlikova,SnV2nd,18,8,0,0,1,3,1,0,2,0,52
19850907-W-US_Open-F-Hana_Mandlikova-Martina_Navratilova,Hana Mandlikova,nonSnV,33,16,4,0,1,2,1,0,4,1,104
19850907-W-US_Open-F-Hana_Mandlikova-Martina_Navratilova,Hana Mandlikova,nonSnV1st,13,9,4,0,1,2,1,0,2,1,37
19850907-W-US_Open-F-Hana_Mandlikova-Martina_Navratilova,Hana Mandlikova,nonSnV2nd,20,7,0,0,0,0,0,0,2,0,67
19850907-W-US_Open-F-Hana_Mandlikova-Martina_Navratilova,Martina Navratilova,SnV,65,40,1,0,16,10,6,2,6,1,154
19850907-W-US_Open-F-Hana_Mandlikova-Martina_Navratilova,Martina Navratilova,SnV1st,43,28,1,0,14,6,5,1,3,1,102
19850907-W-US_Open-F-Hana_Mandlikova-Martina_Navratilova,Martina Navratilova,SnV2nd,22,12,0,0,2,4,1,1,3,0,52
19850907-W-US_Open-F-Hana_Mandlikova-Martina_Navratilova,Martina Navratilova,nonSnV,5,4,1,0,0,1,0,0,0,0,14
19850907-W-US_Open-F-Hana_Mandlikova-Martina_Navratilova,Martina Navratilova,nonSnV1st,3,2,1,0,0,1,0,0,0,0,8
19850907-W-US_Open-F-Hana_Mandlikova-Martina_Navratilova,Martina Navratilova,nonSnV2nd,2,2,0,0,0,0,0,0,0,0,6
19841208-W-Australian_Open-F-Helena_Sukova-Chris_Evert,Helena Sukova,SnV,67,40,0,0,8,23,2,1,7,3,214
19841208-W-Australian_Open-F-Helena_Sukova-Chris_Evert,Helena Sukova,SnV1st,35,25,0,0,8,13,1,1,2,2,111
19841208-W-Australian_Open-F-Helena_Sukova-Chris_Evert,Helena Sukova,SnV2nd,32,15,0,0,0,10,1,0,5,1,103
19841208-W-Australian_Open-F-Helena_Sukova-Chris_Evert,Helena Sukova,nonSnV,14,12,2,0,3,4,0,0,1,0,40
19841208-W-Australian_Open-F-Helena_Sukova-Chris_Evert,Helena Sukova,nonSnV1st,6,6,2,0,3,1,0,0,0,0,10
19841208-W-Australian_Open-F-Helena_Sukova-Chris_Evert,Helena Sukova,nonSnV2nd,8,6,0,0,0,3,0,0,1,0,30
19841208-W-Australian_Open-F-Helena_Sukova-Chris_Evert,Chris Evert,SnV,3,2,0,0,0,0,0,0,0,0,6
19841208-W-Australian_Open-F-Helena_Sukova-Chris_Evert,Chris Evert,SnV1st,2,1,0,0,0,0,0,0,0,0,5
19841208-W-Australian_Open-F-Helena_Sukova-Chris_Evert,Chris Evert,SnV2nd,1,1,0,0,0,0,0,0,0,0,1
19841208-W-Australian_Open-F-Helena_Sukova-Chris_Evert,Chris Evert,nonSnV,104,68,0,0,11,7,5,2,3,1,464
19841208-W-Australian_Open-F-Helena_Sukova-Chris_Evert,Chris Evert,nonSnV1st,71,47,0,0,10,6,4,2,2,1,363
19841208-W-Australian_Open-F-Helena_Sukova-Chris_Evert,Chris Evert,nonSnV2nd,33,21,0,0,1,1,1,0,1,0,101
19841207-W-Australian_Open-SF-Martina_Navratilova-Helena_Sukova,Martina Navratilova,SnV,97,57,0,0,17,16,7,6,4,3,263
19841207-W-Australian_Open-SF-Martina_Navratilova-Helena_Sukova,Martina Navratilova,SnV1st,71,46,0,0,17,12,7,3,3,2,190
19841207-W-Australian_Open-SF-Martina_Navratilova-Helena_Sukova,Martina Navratilova,SnV2nd,26,11,0,0,0,4,0,3,1,1,73
19841207-W-Australian_Open-SF-Martina_Navratilova-Helena_Sukova,Martina Navratilova,nonSnV,12,9,4,0,1,0,0,0,0,0,29
19841207-W-Australian_Open-SF-Martina_Navratilova-Helena_Sukova,Martina Navratilova,nonSnV1st,5,5,4,0,1,0,0,0,0,0,5
19841207-W-Australian_Open-SF-Martina_Navratilova-Helena_Sukova,Martina Navratilova,nonSnV2nd,7,4,0,0,0,0,0,0,0,0,24
19841207-W-Australian_Open-SF-Martina_Navratilova-Helena_Sukova,Helena Sukova,SnV,47,31,0,0,8,14,2,1,3,1,137
19841207-W-Australian_Open-SF-Martina_Navratilova-Helena_Sukova,Helena Sukova,SnV1st,31,21,0,0,7,10,1,1,2,0,93
19841207-W-Australian_Open-SF-Martina_Navratilova-Helena_Sukova,Helena Sukova,SnV2nd,16,10,0,0,1,4,1,0,1,1,44
19841207-W-Australian_Open-SF-Martina_Navratilova-Helena_Sukova,Helena Sukova,nonSnV,48,25,5,0,4,0,1,3,5,2,157
19841207-W-Australian_Open-SF-Martina_Navratilova-Helena_Sukova,Helena Sukova,nonSnV1st,23,13,5,0,3,0,1,3,4,0,67
19841207-W-Australian_Open-SF-Martina_Navratilova-Helena_Sukova,Helena Sukova,nonSnV2nd,25,12,0,0,1,0,0,0,1,2,90
19840908-W-US_Open-F-Chris_Evert-Martina_Navratilova,Martina Navratilova,SnV,66,43,1,0,16,11,6,3,5,5,187
19840908-W-US_Open-F-Chris_Evert-Martina_Navratilova,Martina Navratilova,SnV1st,40,30,1,0,16,5,4,1,1,3,100
19840908-W-US_Open-F-Chris_Evert-Martina_Navratilova,Martina Navratilova,SnV2nd,26,13,0,0,0,6,2,2,4,2,87
19840908-W-US_Open-F-Chris_Evert-Martina_Navratilova,Martina Navratilova,nonSnV,19,15,4,0,1,3,1,1,0,1,89
19840908-W-US_Open-F-Chris_Evert-Martina_Navratilova,Martina Navratilova,nonSnV1st,6,5,4,0,1,0,0,0,0,1,13
19840908-W-US_Open-F-Chris_Evert-Martina_Navratilova,Martina Navratilova,nonSnV2nd,13,10,0,0,0,3,1,1,0,0,76
19830910-W-US_Open-F-Martina_Navratilova-Chris_Evert,Martina Navratilova,SnV,42,29,0,0,8,12,2,1,7,0,143
19830910-W-US_Open-F-Martina_Navratilova-Chris_Evert,Martina Navratilova,SnV1st,25,17,0,0,7,7,0,1,4,0,91
19830910-W-US_Open-F-Martina_Navratilova-Chris_Evert,Martina Navratilova,SnV2nd,17,12,0,0,1,5,2,0,3,0,52
19830910-W-US_Open-F-Martina_Navratilova-Chris_Evert,Martina Navratilova,nonSnV,3,2,2,0,0,0,0,0,0,0,4
19830910-W-US_Open-F-Martina_Navratilova-Chris_Evert,Martina Navratilova,nonSnV1st,2,2,2,0,0,0,0,0,0,0,2
19830910-W-US_Open-F-Martina_Navratilova-Chris_Evert,Martina Navratilova,nonSnV2nd,1,0,0,0,0,0,0,0,0,0,2
19830910-W-US_Open-F-Martina_Navratilova-Chris_Evert,Chris Evert,SnV,1,0,0,0,0,0,0,0,1,0,6
19830910-W-US_Open-F-Martina_Navratilova-Chris_Evert,Chris Evert,SnV1st,1,0,0,0,0,0,0,0,1,0,6
19830910-W-US_Open-F-Martina_Navratilova-Chris_Evert,Chris Evert,nonSnV,53,26,0,0,3,0,0,0,2,0,274
19830910-W-US_Open-F-Martina_Navratilova-Chris_Evert,Chris Evert,nonSnV1st,40,19,0,0,2,0,0,0,2,0,231
19830910-W-US_Open-F-Martina_Navratilova-Chris_Evert,Chris Evert,nonSnV2nd,13,7,0,0,1,0,0,0,0,0,43
19821129-W-Australian_Open-F-Martina_Navratilova-Chris_Evert,Martina Navratilova,SnV,31,22,1,0,6,7,3,1,2,2,92
19821129-W-Australian_Open-F-Martina_Navratilova-Chris_Evert,Martina Navratilova,SnV1st,30,21,1,0,6,6,3,1,2,2,87
19821129-W-Australian_Open-F-Martina_Navratilova-Chris_Evert,Martina Navratilova,SnV2nd,1,1,0,0,0,1,0,0,0,0,5
19821129-W-Australian_Open-F-Martina_Navratilova-Chris_Evert,Martina Navratilova,nonSnV,41,14,0,0,1,3,2,2,4,1,282
19821129-W-Australian_Open-F-Martina_Navratilova-Chris_Evert,Martina Navratilova,nonSnV1st,15,6,0,0,1,1,1,1,2,0,82
19821129-W-Australian_Open-F-Martina_Navratilova-Chris_Evert,Martina Navratilova,nonSnV2nd,26,8,0,0,0,2,1,1,2,1,200
19820831-W-US_Open-F-Hana_Mandlikova-Chris_Evert,Hana Mandlikova,SnV,8,3,0,0,2,1,0,1,2,1,27
19820831-W-US_Open-F-Hana_Mandlikova-Chris_Evert,Hana Mandlikova,SnV1st,8,3,0,0,2,1,0,1,2,1,27
19820831-W-US_Open-F-Hana_Mandlikova-Chris_Evert,Hana Mandlikova,nonSnV,32,20,5,0,2,2,2,0,1,3,162
19820831-W-US_Open-F-Hana_Mandlikova-Chris_Evert,Hana Mandlikova,nonSnV1st,14,10,5,0,2,0,1,0,0,2,34
19820831-W-US_Open-F-Hana_Mandlikova-Chris_Evert,Hana Mandlikova,nonSnV2nd,18,10,0,0,0,2,1,0,1,1,128
19811130-W-Australian_Open-F-Martina_Navratilova-Chris_Evert,Martina Navratilova,SnV,71,45,0,1,18,15,9,8,3,1,185
19811130-W-Australian_Open-F-Martina_Navratilova-Chris_Evert,Martina Navratilova,SnV1st,64,42,0,1,17,14,9,7,3,1,168
19811130-W-Australian_Open-F-Martina_Navratilova-Chris_Evert,Martina Navratilova,SnV2nd,7,3,0,0,1,1,0,1,0,0,17
19811130-W-Australian_Open-F-Martina_Navratilova-Chris_Evert,Martina Navratilova,nonSnV,41,16,1,0,0,4,3,3,8,2,264
19811130-W-Australian_Open-F-Martina_Navratilova-Chris_Evert,Martina Navratilova,nonSnV1st,6,4,1,0,0,1,1,1,0,0,32
19811130-W-Australian_Open-F-Martina_Navratilova-Chris_Evert,Martina Navratilova,nonSnV2nd,35,12,0,0,0,3,2,2,8,2,232
19800906-W-US_Open-F-Hana_Mandlikova-Chris_Evert,Hana Mandlikova,SnV,33,21,1,0,4,9,5,4,0,2,95
19800906-W-US_Open-F-Hana_Mandlikova-Chris_Evert,Hana Mandlikova,SnV1st,27,15,1,0,4,6,4,4,0,2,77
19800906-W-US_Open-F-Hana_Mandlikova-Chris_Evert,Hana Mandlikova,SnV2nd,6,6,0,0,0,3,1,0,0,0,18
19800906-W-US_Open-F-Hana_Mandlikova-Chris_Evert,Hana Mandlikova,nonSnV,37,18,2,0,0,3,2,3,2,1,220
19800906-W-US_Open-F-Hana_Mandlikova-Chris_Evert,Hana Mandlikova,nonSnV1st,8,6,2,0,0,1,1,1,0,0,30
19800906-W-US_Open-F-Hana_Mandlikova-Chris_Evert,Hana Mandlikova,nonSnV2nd,29,12,0,0,0,2,1,2,2,1,190
