match_id,player,row,pts,won_1+,won_2+,won_3+,won_4+,won_5+,won_6+,won_7+,won_8+,won_9+,won_10+
20260201-M-Australian_Open-F-Novak_Djokovic-Carlos_Alcaraz,Novak Djokovic,1,85,65.9%,55.4%,69.2%,46.7%,60.9%,50.0%,64.3%,54.5%,60.0%,33.3%
20260201-M-Australian_Open-F-Novak_Djokovic-Carlos_Alcaraz,Novak Djokovic,2,36,55.6%,42.9%,54.5%,41.2%,50.0%,36.4%,50.0%,33.3%,40.0%,25.0%
20260201-M-Australian_Open-F-Novak_Djokovic-Carlos_Alcaraz,Carlos Alcaraz,1,66,77.3%,65.9%,74.4%,64.3%,78.3%,54.5%,60.0%,33.3%,50.0%,33.3%
20260201-M-Australian_Open-F-Novak_Djokovic-Carlos_Alcaraz,Carlos Alcaraz,2,33,60.6%,53.6%,57.7%,50.0%,55.0%,43.8%,50.0%,41.7%,50.0%,44.4%
20260130-M-Australian_Open-SF-Jannik_Sinner-Novak_Djokovic,Jannik Sinner,1,100,80.0%,63.0%,68.0%,50.0%,59.3%,50.0%,57.9%,38.5%,62.5%,50.0%
20260130-M-Australian_Open-SF-Jannik_Sinner-Novak_Djokovic,Jannik Sinner,2,31,54.8%,44.0%,50.0%,42.1%,50.0%,38.5%,41.7%,22.2%,28.6%,16.7%
20260130-M-Australian_Open-SF-Jannik_Sinner-Novak_Djokovic,Novak Djokovic,1,112,71.4%,55.6%,62.5%,50.0%,55.8%,40.6%,52.0%,40.0%,47.1%,40.0%
20260130-M-Australian_Open-SF-Jannik_Sinner-Novak_Djokovic,Novak Djokovic,2,44,54.5%,47.4%,58.1%,50.0%,54.2%,45.0%,64.3%,58.3%,70.0%,57.1%
20260130-M-Australian_Open-SF-Alexander_Zverev-Carlos_Alcaraz,Alexander Zverev,1,149,71.1%,52.2%,63.5%,52.6%,73.2%,65.6%,80.8%,72.2%,92.9%,83.3%
20260130-M-Australian_Open-SF-Alexander_Zverev-Carlos_Alcaraz,Alexander Zverev,2,54,57.4%,47.7%,61.8%,58.1%,66.7%,52.6%,66.7%,54.5%,100.0%,100.0%
20260130-M-Australian_Open-SF-Alexander_Zverev-Carlos_Alcaraz,Carlos Alcaraz,1,121,73.6%,61.0%,73.5%,55.0%,68.8%,50.0%,58.8%,50.0%,63.6%,42.9%
20260130-M-Australian_Open-SF-Alexander_Zverev-Carlos_Alcaraz,Carlos Alcaraz,2,61,67.2%,60.0%,75.0%,60.0%,78.9%,60.0%,75.0%,60.0%,100.0%,100.0%
20260128-M-Australian_Open-QF-Novak_Djokovic-Lorenzo_Musetti,Novak Djokovic,1,54,61.1%,51.2%,59.5%,37.5%,47.4%,33.3%,38.5%,11.1%,20.0%,20.0%
20260128-M-Australian_Open-QF-Novak_Djokovic-Lorenzo_Musetti,Novak Djokovic,2,30,40.0%,33.3%,40.9%,27.8%,38.5%,33.3%,57.1%,50.0%,100.0%,100.0%
20260128-M-Australian_Open-QF-Novak_Djokovic-Lorenzo_Musetti,Lorenzo Musetti,1,39,64.1%,46.2%,57.1%,50.0%,56.3%,53.3%,57.1%,50.0%,75.0%,60.0%
20260128-M-Australian_Open-QF-Novak_Djokovic-Lorenzo_Musetti,Lorenzo Musetti,2,22,54.5%,47.4%,64.3%,64.3%,75.0%,62.5%,71.4%,60.0%,75.0%,66.7%
20260128-M-Australian_Open-QF-Jannik_Sinner-Ben_Shelton,Jannik Sinner,1,54,77.8%,64.7%,71.0%,60.9%,73.7%,37.5%,60.0%,33.3%,33.3%,0.0%
20260128-M-Australian_Open-QF-Jannik_Sinner-Ben_Shelton,Jannik Sinner,2,35,68.6%,60.7%,68.0%,61.9%,68.4%,50.0%,50.0%,40.0%,50.0%,50.0%
20260128-M-Australian_Open-QF-Jannik_Sinner-Ben_Shelton,Ben Shelton,1,70,68.6%,52.2%,68.6%,57.7%,75.0%,64.3%,75.0%,62.5%,71.4%,33.3%
20260128-M-Australian_Open-QF-Jannik_Sinner-Ben_Shelton,Ben Shelton,2,29,44.8%,33.3%,40.0%,29.4%,38.5%,20.0%,25.0%,14.3%,20.0%,0.0%
20260127-M-Australian_Open-QF-Carlos_Alcaraz-Alex_De_Minaur,Carlos Alcaraz,1,48,77.1%,63.3%,63.3%,52.2%,80.0%,66.7%,85.7%,80.0%,80.0%,66.7%
20260127-M-Australian_Open-QF-Carlos_Alcaraz-Alex_De_Minaur,Carlos Alcaraz,2,32,59.4%,50.0%,61.9%,52.9%,60.0%,45.5%,55.6%,33.3%,50.0%,33.3%
20260127-M-Australian_Open-QF-Carlos_Alcaraz-Alex_De_Minaur,Alex De Minaur,1,51,58.8%,47.5%,57.6%,48.1%,54.2%,38.9%,43.8%,30.8%,36.4%,30.0%
20260127-M-Australian_Open-QF-Carlos_Alcaraz-Alex_De_Minaur,Alex De Minaur,2,42,38.1%,25.7%,33.3%,28.0%,35.0%,18.8%,27.3%,27.3%,37.5%,28.6%
20260127-M-Australian_Open-QF-Alexander_Zverev-Learner_Tien,Alexander Zverev,1,96,76.0%,57.4%,63.3%,30.8%,42.1%,21.4%,42.9%,42.9%,42.9%,33.3%
20260127-M-Australian_Open-QF-Alexander_Zverev-Learner_Tien,Alexander Zverev,2,36,66.7%,58.6%,63.0%,47.4%,64.3%,37.5%,50.0%,40.0%,50.0%,50.0%
20260127-M-Australian_Open-QF-Alexander_Zverev-Learner_Tien,Learner Tien,1,83,73.5%,62.7%,71.2%,58.3%,70.0%,52.6%,62.5%,45.5%,71.4%,33.3%
20260127-M-Australian_Open-QF-Alexander_Zverev-Learner_Tien,Learner Tien,2,38,55.3%,43.3%,50.0%,38.1%,50.0%,38.5%,55.6%,50.0%,66.7%,50.0%
20260126-M-Australian_Open-R16-Taylor_Fritz-Lorenzo_Musetti,Taylor Fritz,1,50,64.0%,41.9%,61.9%,42.9%,46.2%,30.0%,60.0%,60.0%,75.0%,50.0%
20260126-M-Australian_Open-R16-Taylor_Fritz-Lorenzo_Musetti,Taylor Fritz,2,33,57.6%,51.7%,65.2%,57.9%,68.8%,54.5%,60.0%,42.9%,50.0%,40.0%
20260126-M-Australian_Open-R16-Taylor_Fritz-Lorenzo_Musetti,Lorenzo Musetti,1,55,83.6%,71.9%,74.2%,50.0%,53.3%,41.7%,50.0%,44.4%,57.1%,57.1%
20260126-M-Australian_Open-R16-Taylor_Fritz-Lorenzo_Musetti,Lorenzo Musetti,2,24,75.0%,62.5%,62.5%,45.5%,55.6%,42.9%,75.0%,66.7%,100.0%,100.0%
20260126-M-Australian_Open-R16-Jannik_Sinner-Luciano_Darderi,Jannik Sinner,1,62,80.6%,64.7%,73.3%,57.9%,73.3%,63.6%,77.8%,75.0%,85.7%,80.0%
20260126-M-Australian_Open-R16-Jannik_Sinner-Luciano_Darderi,Jannik Sinner,2,24,62.5%,57.1%,75.0%,66.7%,66.7%,66.7%,66.7%,60.0%,85.7%,66.7%
20260126-M-Australian_Open-R16-Jannik_Sinner-Luciano_Darderi,Luciano Darderi,1,55,72.7%,48.3%,60.9%,40.0%,54.5%,44.4%,50.0%,33.3%,50.0%,33.3%
20260126-M-Australian_Open-R16-Jannik_Sinner-Luciano_Darderi,Luciano Darderi,2,37,45.9%,37.5%,50.0%,36.8%,43.8%,30.8%,44.4%,37.5%,60.0%,60.0%
20260125-M-Australian_Open-R32-Alex_De_Minaur-Alexander_Bublik,Alex De Minaur,1,37,81.1%,65.0%,81.3%,66.7%,85.7%,66.7%,100.0%,100.0%,100.0%,-
20260125-M-Australian_Open-R32-Alex_De_Minaur-Alexander_Bublik,Alex De Minaur,2,24,75.0%,64.7%,68.8%,61.5%,66.7%,50.0%,66.7%,33.3%,50.0%,50.0%
20260125-M-Australian_Open-R32-Alex_De_Minaur-Alexander_Bublik,Alexander Bublik,1,52,53.8%,38.5%,50.0%,21.1%,28.6%,9.1%,14.3%,14.3%,20.0%,0.0%
20260125-M-Australian_Open-R32-Alex_De_Minaur-Alexander_Bublik,Alexander Bublik,2,25,48.0%,40.9%,60.0%,53.8%,58.3%,28.6%,50.0%,33.3%,50.0%,50.0%
20260125-M-Australian_Open-R16-Daniil_Medvedev-Learner_Tien,Daniil Medvedev,1,58,58.6%,45.5%,58.8%,53.3%,72.7%,60.0%,81.8%,66.7%,80.0%,66.7%
20260125-M-Australian_Open-R16-Daniil_Medvedev-Learner_Tien,Daniil Medvedev,2,21,33.3%,26.3%,33.3%,28.6%,33.3%,11.1%,16.7%,0.0%,0.0%,0.0%
20260125-M-Australian_Open-R16-Daniil_Medvedev-Learner_Tien,Learner Tien,1,44,70.5%,56.7%,60.7%,45.0%,52.9%,33.3%,40.0%,25.0%,50.0%,0.0%
20260125-M-Australian_Open-R16-Daniil_Medvedev-Learner_Tien,Learner Tien,2,23,69.6%,61.1%,61.1%,50.0%,70.0%,66.7%,75.0%,71.4%,71.4%,66.7%
20260124-M-Australian_Open-R32-Novak_Djokovic-Botic_Van_De_Zandschulp,Novak Djokovic,1,61,77.0%,62.2%,71.9%,60.9%,77.8%,73.3%,84.6%,71.4%,83.3%,80.0%
20260124-M-Australian_Open-R32-Novak_Djokovic-Botic_Van_De_Zandschulp,Novak Djokovic,2,29,72.4%,63.6%,73.7%,61.5%,72.7%,62.5%,62.5%,50.0%,50.0%,40.0%
20260124-M-Australian_Open-R32-Novak_Djokovic-Botic_Van_De_Zandschulp,Botic Van De Zandschulp,1,62,67.7%,44.4%,57.1%,29.4%,41.7%,30.0%,30.0%,12.5%,25.0%,0.0%
20260124-M-Australian_Open-R32-Novak_Djokovic-Botic_Van_De_Zandschulp,Botic Van De Zandschulp,2,38,47.4%,42.9%,48.4%,42.9%,57.1%,47.1%,61.5%,50.0%,50.0%,16.7%
20260124-M-Australian_Open-R32-Jannik_Sinner-Eliot_Spizzirri,Jannik Sinner,1,88,64.8%,47.5%,53.8%,45.5%,55.6%,46.7%,56.0%,38.9%,38.9%,38.9%
20260124-M-Australian_Open-R32-Jannik_Sinner-Eliot_Spizzirri,Jannik Sinner,2,40,47.5%,36.4%,38.7%,36.7%,50.0%,35.3%,40.0%,25.0%,37.5%,37.5%
20260124-M-Australian_Open-R32-Jannik_Sinner-Eliot_Spizzirri,Eliot Spizzirri,1,70,65.7%,53.8%,62.2%,51.4%,64.3%,52.4%,57.9%,38.5%,41.7%,36.4%
20260124-M-Australian_Open-R32-Jannik_Sinner-Eliot_Spizzirri,Eliot Spizzirri,2,35,48.6%,40.0%,48.0%,40.9%,52.9%,46.7%,58.3%,44.4%,50.0%,42.9%
20260124-M-Australian_Open-R32-Ethan_Quinn-Jakub_Mensik,Ethan Quinn,1,54,72.2%,53.1%,63.0%,28.6%,40.0%,33.3%,50.0%,0.0%,0.0%,0.0%
20260124-M-Australian_Open-R32-Ethan_Quinn-Jakub_Mensik,Ethan Quinn,2,45,51.1%,46.3%,59.4%,45.8%,61.1%,46.2%,66.7%,57.1%,57.1%,40.0%
20260124-M-Australian_Open-R32-Ethan_Quinn-Jakub_Mensik,Jakub Mensik,1,51,74.5%,58.1%,66.7%,40.0%,66.7%,57.1%,57.1%,40.0%,40.0%,0.0%
20260124-M-Australian_Open-R32-Ethan_Quinn-Jakub_Mensik,Jakub Mensik,2,43,67.4%,58.8%,66.7%,52.4%,55.0%,18.2%,33.3%,33.3%,33.3%,20.0%
20260123-M-Australian_Open-R32-Learner_Tien-Nuno_Borges,Learner Tien,1,67,73.1%,52.6%,55.6%,50.0%,61.5%,41.2%,50.0%,36.4%,40.0%,40.0%
20260123-M-Australian_Open-R32-Learner_Tien-Nuno_Borges,Learner Tien,2,28,64.3%,54.5%,63.2%,50.0%,58.3%,50.0%,55.6%,55.6%,62.5%,50.0%
20260123-M-Australian_Open-R32-Learner_Tien-Nuno_Borges,Nuno Borges,1,79,64.6%,50.0%,60.9%,43.8%,60.9%,43.8%,46.7%,38.5%,41.7%,30.0%
20260123-M-Australian_Open-R32-Learner_Tien-Nuno_Borges,Nuno Borges,2,15,46.7%,38.5%,41.7%,41.7%,45.5%,40.0%,50.0%,33.3%,40.0%,40.0%
20260123-M-Australian_Open-R32-Corentin_Moutet-Carlos_Alcaraz,Corentin Moutet,1,57,52.6%,43.8%,52.5%,32.1%,36.0%,15.8%,20.0%,14.3%,33.3%,0.0%
20260123-M-Australian_Open-R32-Corentin_Moutet-Carlos_Alcaraz,Corentin Moutet,2,31,45.2%,37.0%,58.8%,41.7%,50.0%,37.5%,37.5%,28.6%,33.3%,33.3%
20260123-M-Australian_Open-R32-Corentin_Moutet-Carlos_Alcaraz,Carlos Alcaraz,1,52,73.1%,65.0%,76.5%,65.2%,78.9%,50.0%,57.1%,50.0%,50.0%,0.0%
20260123-M-Australian_Open-R32-Corentin_Moutet-Carlos_Alcaraz,Carlos Alcaraz,2,19,52.6%,43.8%,58.3%,44.4%,66.7%,33.3%,50.0%,0.0%,-,-
20260123-M-Australian_Open-R32-Alex_De_Minaur-Frances_Tiafoe,Alex De Minaur,1,60,78.3%,66.7%,74.3%,62.5%,68.2%,53.3%,80.0%,71.4%,71.4%,66.7%
20260123-M-Australian_Open-R32-Alex_De_Minaur-Frances_Tiafoe,Alex De Minaur,2,31,61.3%,55.6%,62.5%,57.1%,63.2%,53.3%,61.5%,58.3%,70.0%,62.5%
20260123-M-Australian_Open-R32-Alex_De_Minaur-Frances_Tiafoe,Frances Tiafoe,1,60,60.0%,42.9%,50.0%,33.3%,39.1%,22.2%,26.7%,26.7%,33.3%,11.1%
20260123-M-Australian_Open-R32-Alex_De_Minaur-Frances_Tiafoe,Frances Tiafoe,2,40,52.5%,47.2%,50.0%,50.0%,60.7%,56.0%,66.7%,56.3%,64.3%,54.5%
20260122-M-Australian_Open-R64-Stefanos_Tsitsipas-Tomas_Machac,Stefanos Tsitsipas,1,74,82.4%,53.6%,71.4%,50.0%,54.5%,16.7%,33.3%,0.0%,0.0%,0.0%
20260122-M-Australian_Open-R64-Stefanos_Tsitsipas-Tomas_Machac,Stefanos Tsitsipas,2,51,58.8%,52.3%,67.6%,54.2%,61.9%,42.9%,54.5%,28.6%,40.0%,0.0%
20260122-M-Australian_Open-R64-Stefanos_Tsitsipas-Tomas_Machac,Tomas Machac,1,94,70.2%,47.2%,54.3%,41.7%,50.0%,40.0%,55.6%,38.5%,55.6%,20.0%
20260122-M-Australian_Open-R64-Stefanos_Tsitsipas-Tomas_Machac,Tomas Machac,2,38,76.3%,65.4%,70.8%,56.3%,81.8%,77.8%,77.8%,60.0%,75.0%,50.0%
20260122-M-Australian_Open-R64-Jannik_Sinner-James_Duckworth,Jannik Sinner,1,50,86.0%,69.6%,84.2%,72.7%,100.0%,100.0%,100.0%,100.0%,100.0%,100.0%
20260122-M-Australian_Open-R64-Jannik_Sinner-James_Duckworth,Jannik Sinner,2,25,60.0%,41.2%,43.8%,25.0%,42.9%,33.3%,50.0%,0.0%,0.0%,0.0%
20260122-M-Australian_Open-R64-Jannik_Sinner-James_Duckworth,James Duckworth,1,49,69.4%,46.4%,56.5%,33.3%,62.5%,57.1%,57.1%,50.0%,60.0%,60.0%
20260122-M-Australian_Open-R64-Jannik_Sinner-James_Duckworth,James Duckworth,2,25,32.0%,22.7%,29.4%,7.7%,12.5%,12.5%,20.0%,20.0%,33.3%,33.3%
20260122-M-Australian_Open-R64-Hubert_Hurkacz-Ethan_Quinn,Hubert Hurkacz,1,56,67.9%,37.9%,45.8%,27.8%,62.5%,50.0%,50.0%,40.0%,40.0%,0.0%
20260122-M-Australian_Open-R64-Hubert_Hurkacz-Ethan_Quinn,Hubert Hurkacz,2,38,52.6%,41.9%,59.1%,55.0%,64.7%,53.8%,63.6%,33.3%,50.0%,50.0%
20260122-M-Australian_Open-R64-Hubert_Hurkacz-Ethan_Quinn,Ethan Quinn,1,72,77.8%,52.9%,66.7%,43.8%,63.6%,33.3%,40.0%,25.0%,33.3%,33.3%
20260122-M-Australian_Open-R64-Hubert_Hurkacz-Ethan_Quinn,Ethan Quinn,2,34,61.8%,53.6%,65.2%,50.0%,57.1%,14.3%,25.0%,25.0%,33.3%,33.3%
20260122-M-Australian_Open-R64-Casper_Ruud-Jaume_Munar,Casper Ruud,1,56,80.4%,71.1%,81.8%,72.7%,76.2%,58.3%,87.5%,66.7%,66.7%,50.0%
20260122-M-Australian_Open-R64-Casper_Ruud-Jaume_Munar,Casper Ruud,2,38,63.2%,60.0%,63.6%,60.0%,69.2%,61.9%,72.2%,66.7%,76.9%,66.7%
20260122-M-Australian_Open-R64-Casper_Ruud-Jaume_Munar,Jaume Munar,1,44,70.5%,58.1%,66.7%,52.6%,76.9%,57.1%,57.1%,40.0%,66.7%,66.7%
20260122-M-Australian_Open-R64-Casper_Ruud-Jaume_Munar,Jaume Munar,2,41,65.9%,57.6%,63.3%,45.0%,56.3%,53.3%,57.1%,50.0%,60.0%,42.9%
20260121-M-Australian_Open-R64-Hamad_Medjedovic-Alex_De_Minaur,Hamad Medjedovic,1,88,65.9%,42.3%,47.8%,25.0%,38.1%,31.6%,42.9%,20.0%,40.0%,40.0%
20260121-M-Australian_Open-R64-Hamad_Medjedovic-Alex_De_Minaur,Hamad Medjedovic,2,38,47.4%,31.0%,37.5%,28.6%,33.3%,29.4%,50.0%,37.5%,60.0%,50.0%
20260121-M-Australian_Open-R64-Hamad_Medjedovic-Alex_De_Minaur,Alex De Minaur,1,76,76.3%,60.0%,65.9%,46.2%,63.2%,53.3%,57.1%,53.8%,63.6%,50.0%
20260121-M-Australian_Open-R64-Hamad_Medjedovic-Alex_De_Minaur,Alex De Minaur,2,30,70.0%,59.1%,81.3%,75.0%,75.0%,70.0%,70.0%,57.1%,57.1%,50.0%
20260121-M-Australian_Open-R64-Alexander_Shevchenko-Learner_Tien,Alexander Shevchenko,1,59,52.5%,34.9%,46.9%,22.7%,33.3%,9.1%,20.0%,0.0%,0.0%,0.0%
20260121-M-Australian_Open-R64-Alexander_Shevchenko-Learner_Tien,Alexander Shevchenko,2,34,50.0%,39.3%,45.8%,23.5%,28.6%,28.6%,40.0%,25.0%,33.3%,20.0%
20260121-M-Australian_Open-R64-Alexander_Shevchenko-Learner_Tien,Learner Tien,1,54,81.5%,73.0%,84.4%,70.6%,85.7%,77.8%,87.5%,50.0%,50.0%,0.0%
20260121-M-Australian_Open-R64-Alexander_Shevchenko-Learner_Tien,Learner Tien,2,36,55.6%,48.4%,55.6%,45.5%,66.7%,54.5%,66.7%,62.5%,100.0%,100.0%
20260120-M-Australian_Open-R128-Jannik_Sinner-Hugo_Gaston,Jannik Sinner,1,29,86.2%,71.4%,71.4%,71.4%,90.9%,87.5%,100.0%,100.0%,100.0%,100.0%
20260120-M-Australian_Open-R128-Jannik_Sinner-Hugo_Gaston,Jannik Sinner,2,16,50.0%,33.3%,44.4%,37.5%,37.5%,28.6%,40.0%,25.0%,33.3%,0.0%
20260120-M-Australian_Open-R128-Jannik_Sinner-Hugo_Gaston,Hugo Gaston,1,23,60.9%,55.0%,64.7%,53.8%,70.0%,50.0%,60.0%,0.0%,0.0%,0.0%
20260120-M-Australian_Open-R128-Jannik_Sinner-Hugo_Gaston,Hugo Gaston,2,24,33.3%,27.3%,28.6%,16.7%,18.8%,7.1%,10.0%,0.0%,0.0%,0.0%
20260120-M-Australian_Open-R128-Hubert_Hurkacz-Zizou_Bergs,Hubert Hurkacz,1,88,87.5%,72.5%,82.9%,75.0%,81.8%,42.9%,60.0%,0.0%,0.0%,0.0%
20260120-M-Australian_Open-R128-Hubert_Hurkacz-Zizou_Bergs,Hubert Hurkacz,2,50,50.0%,37.5%,46.9%,34.6%,52.9%,33.3%,50.0%,33.3%,40.0%,40.0%
20260120-M-Australian_Open-R128-Hubert_Hurkacz-Zizou_Bergs,Zizou Bergs,1,86,74.4%,57.7%,76.9%,50.0%,69.2%,63.6%,100.0%,100.0%,100.0%,100.0%
20260120-M-Australian_Open-R128-Hubert_Hurkacz-Zizou_Bergs,Zizou Bergs,2,54,63.0%,48.7%,65.5%,52.4%,57.9%,57.9%,68.8%,54.5%,75.0%,60.0%
20260119-M-Australian_Open-R128-Stan_Wawrinka-Laslo_Djere,Stan Wawrinka,1,57,86.0%,69.2%,81.8%,71.4%,76.9%,40.0%,66.7%,66.7%,100.0%,100.0%
20260119-M-Australian_Open-R128-Stan_Wawrinka-Laslo_Djere,Stan Wawrinka,2,57,66.7%,55.8%,66.7%,58.6%,63.0%,50.0%,71.4%,69.2%,81.8%,71.4%
20260119-M-Australian_Open-R128-Stan_Wawrinka-Laslo_Djere,Laslo Djere,1,92,72.8%,57.6%,68.0%,54.3%,63.3%,52.2%,80.0%,70.0%,70.0%,62.5%
20260119-M-Australian_Open-R128-Stan_Wawrinka-Laslo_Djere,Laslo Djere,2,53,50.9%,44.7%,56.8%,46.7%,56.0%,35.3%,37.5%,37.5%,46.2%,30.0%
20260119-M-Australian_Open-R128-Rinky_Hijikata-Adrian_Mannarino,Rinky Hijikata,1,56,76.8%,64.9%,70.6%,54.5%,75.0%,55.6%,71.4%,60.0%,60.0%,50.0%
20260119-M-Australian_Open-R128-Rinky_Hijikata-Adrian_Mannarino,Rinky Hijikata,2,30,56.7%,51.9%,70.0%,66.7%,70.6%,64.3%,69.2%,63.6%,70.0%,66.7%
20260119-M-Australian_Open-R128-Rinky_Hijikata-Adrian_Mannarino,Adrian Mannarino,1,45,55.6%,37.5%,40.0%,18.2%,26.7%,15.4%,20.0%,0.0%,0.0%,0.0%
20260119-M-Australian_Open-R128-Rinky_Hijikata-Adrian_Mannarino,Adrian Mannarino,2,26,46.2%,22.2%,50.0%,50.0%,57.1%,25.0%,33.3%,0.0%,0.0%,0.0%
20260119-M-Australian_Open-R128-Learner_Tien-Marcos_Giron,Learner Tien,1,95,71.6%,53.4%,62.0%,45.7%,66.7%,52.9%,69.2%,55.6%,71.4%,33.3%
20260119-M-Australian_Open-R128-Learner_Tien-Marcos_Giron,Learner Tien,2,58,58.6%,47.8%,56.4%,46.9%,62.5%,50.0%,60.0%,57.1%,72.7%,62.5%
20260119-M-Australian_Open-R128-Learner_Tien-Marcos_Giron,Marcos Giron,1,107,68.2%,52.1%,60.7%,48.9%,60.5%,42.3%,55.0%,43.8%,58.3%,50.0%
20260119-M-Australian_Open-R128-Learner_Tien-Marcos_Giron,Marcos Giron,2,66,45.5%,39.0%,46.0%,40.0%,51.4%,46.9%,60.0%,52.4%,61.1%,50.0%
20260119-M-Australian_Open-R128-Jesper_De_Jong-Daniil_Medvedev,Jesper De Jong,1,61,65.6%,50.0%,56.8%,30.4%,43.8%,40.0%,60.0%,42.9%,42.9%,42.9%
20260119-M-Australian_Open-R128-Jesper_De_Jong-Daniil_Medvedev,Jesper De Jong,2,55,38.2%,32.0%,34.8%,25.0%,34.5%,29.6%,36.4%,17.6%,20.0%,7.7%
20260119-M-Australian_Open-R128-Jesper_De_Jong-Daniil_Medvedev,Daniil Medvedev,1,76,76.3%,67.3%,72.5%,57.6%,63.3%,35.3%,46.2%,22.2%,33.3%,20.0%
20260119-M-Australian_Open-R128-Jesper_De_Jong-Daniil_Medvedev,Daniil Medvedev,2,30,36.7%,29.6%,34.8%,28.6%,40.0%,30.8%,33.3%,11.1%,20.0%,20.0%
20260119-M-Australian_Open-R128-Brandon_Nakashima-Botic_Van_De_Zandschulp,Brandon Nakashima,1,91,73.6%,56.4%,64.6%,57.5%,69.7%,44.4%,53.3%,41.7%,45.5%,40.0%
20260119-M-Australian_Open-R128-Brandon_Nakashima-Botic_Van_De_Zandschulp,Brandon Nakashima,2,32,65.6%,56.0%,63.6%,60.0%,70.6%,44.4%,80.0%,75.0%,100.0%,100.0%
20260119-M-Australian_Open-R128-Brandon_Nakashima-Botic_Van_De_Zandschulp,Botic Van De Zandschulp,1,96,78.1%,56.3%,69.2%,53.8%,63.6%,46.7%,63.6%,55.6%,55.6%,33.3%
20260119-M-Australian_Open-R128-Brandon_Nakashima-Botic_Van_De_Zandschulp,Botic Van De Zandschulp,2,38,63.2%,50.0%,60.9%,55.0%,61.1%,46.2%,66.7%,50.0%,60.0%,50.0%
20260118-M-Australian_Open-R128-Miomir_Kecmanovic-Tomas_Martin_Etcheverry,Miomir Kecmanovic,1,104,69.2%,54.9%,61.9%,52.0%,65.0%,54.8%,56.7%,53.6%,62.5%,55.0%
20260118-M-Australian_Open-R128-Miomir_Kecmanovic-Tomas_Martin_Etcheverry,Miomir Kecmanovic,2,56,53.6%,49.0%,54.3%,44.7%,50.0%,39.3%,50.0%,42.1%,47.1%,43.8%
20260118-M-Australian_Open-R128-Miomir_Kecmanovic-Tomas_Martin_Etcheverry,Tomas Martin Etcheverry,1,79,86.1%,74.4%,76.2%,56.5%,59.1%,47.1%,61.5%,44.4%,50.0%,42.9%
20260118-M-Australian_Open-R128-Miomir_Kecmanovic-Tomas_Martin_Etcheverry,Tomas Martin Etcheverry,2,36,66.7%,62.5%,80.0%,72.2%,76.5%,66.7%,72.7%,66.7%,85.7%,66.7%
20260118-M-Australian_Open-R128-Jenson_Brooksby-Alexander_Bublik,Jenson Brooksby,1,60,63.3%,43.6%,50.0%,32.0%,44.4%,28.6%,44.4%,37.5%,60.0%,33.3%
20260118-M-Australian_Open-R128-Jenson_Brooksby-Alexander_Bublik,Jenson Brooksby,2,35,54.3%,40.7%,45.8%,38.1%,57.1%,40.0%,80.0%,66.7%,66.7%,50.0%
20260118-M-Australian_Open-R128-Jenson_Brooksby-Alexander_Bublik,Alexander Bublik,1,68,73.5%,57.1%,68.6%,54.2%,76.5%,60.0%,85.7%,75.0%,100.0%,100.0%
20260118-M-Australian_Open-R128-Jenson_Brooksby-Alexander_Bublik,Alexander Bublik,2,21,57.1%,50.0%,56.3%,22.2%,40.0%,40.0%,66.7%,50.0%,50.0%,50.0%
20260115-M-Australian_Open-Q3-Lukas_Klein-Michael_Zheng,Lukas Klein,1,79,67.1%,55.9%,66.0%,46.9%,65.2%,46.7%,77.8%,60.0%,75.0%,50.0%
20260115-M-Australian_Open-Q3-Lukas_Klein-Michael_Zheng,Lukas Klein,2,31,61.3%,50.0%,66.7%,53.8%,77.8%,33.3%,100.0%,-,-,-
20260115-M-Australian_Open-Q3-Lukas_Klein-Michael_Zheng,Michael Zheng,1,60,80.0%,70.0%,77.8%,60.0%,70.6%,50.0%,55.6%,20.0%,25.0%,25.0%
20260115-M-Australian_Open-Q3-Lukas_Klein-Michael_Zheng,Michael Zheng,2,37,54.1%,37.0%,43.5%,18.8%,25.0%,25.0%,33.3%,0.0%,0.0%,0.0%
20250907-M-US_Open-F-Jannik_Sinner-Carlos_Alcaraz,Jannik Sinner,1,54,68.5%,54.1%,62.5%,40.0%,50.0%,33.3%,44.4%,28.6%,50.0%,50.0%
20250907-M-US_Open-F-Jannik_Sinner-Carlos_Alcaraz,Jannik Sinner,2,54,51.9%,39.5%,45.9%,33.3%,62.5%,50.0%,54.5%,50.0%,55.6%,55.6%
20250907-M-US_Open-F-Jannik_Sinner-Carlos_Alcaraz,Carlos Alcaraz,1,54,83.3%,65.4%,68.0%,52.9%,69.2%,55.6%,71.4%,60.0%,75.0%,66.7%
20250907-M-US_Open-F-Jannik_Sinner-Carlos_Alcaraz,Carlos Alcaraz,2,35,57.1%,48.3%,56.0%,31.3%,38.5%,20.0%,50.0%,33.3%,50.0%,50.0%
20250906-M-US_Open-SF-Jannik_Sinner-Felix_Auger_Aliassime,Jannik Sinner,1,58,75.9%,58.8%,64.5%,56.0%,66.7%,56.3%,69.2%,60.0%,66.7%,62.5%
20250906-M-US_Open-SF-Jannik_Sinner-Felix_Auger_Aliassime,Jannik Sinner,2,47,72.3%,59.4%,70.4%,61.9%,72.2%,64.3%,81.8%,75.0%,85.7%,80.0%
20250906-M-US_Open-SF-Jannik_Sinner-Felix_Auger_Aliassime,Felix Auger Aliassime,1,72,70.8%,48.8%,57.1%,31.8%,41.2%,28.6%,36.4%,36.4%,50.0%,33.3%
20250906-M-US_Open-SF-Jannik_Sinner-Felix_Auger_Aliassime,Felix Auger Aliassime,2,34,52.9%,48.4%,55.6%,47.8%,55.0%,43.8%,63.6%,50.0%,66.7%,60.0%
20250905-M-US_Open-SF-Novak_Djokovic-Carlos_Alcaraz,Novak Djokovic,1,56,66.1%,54.8%,71.9%,57.1%,63.2%,50.0%,87.5%,66.7%,66.7%,50.0%
20250905-M-US_Open-SF-Novak_Djokovic-Carlos_Alcaraz,Novak Djokovic,2,32,56.3%,44.0%,52.4%,44.4%,50.0%,33.3%,50.0%,42.9%,60.0%,33.3%
20250905-M-US_Open-SF-Novak_Djokovic-Carlos_Alcaraz,Carlos Alcaraz,1,50,84.0%,74.2%,85.2%,63.6%,87.5%,66.7%,66.7%,0.0%,-,-
20250905-M-US_Open-SF-Novak_Djokovic-Carlos_Alcaraz,Carlos Alcaraz,2,37,56.8%,44.8%,56.5%,56.5%,72.2%,61.5%,72.7%,66.7%,85.7%,50.0%
20250903-M-US_Open-QF-Jannik_Sinner-Lorenzo_Musetti,Jannik Sinner,1,46,91.3%,82.6%,90.5%,88.2%,88.2%,83.3%,83.3%,60.0%,75.0%,50.0%
20250903-M-US_Open-QF-Jannik_Sinner-Lorenzo_Musetti,Jannik Sinner,2,29,51.7%,44.0%,50.0%,45.0%,52.9%,50.0%,57.1%,45.5%,55.6%,42.9%
20250903-M-US_Open-QF-Jannik_Sinner-Lorenzo_Musetti,Lorenzo Musetti,1,41,73.2%,57.7%,65.2%,50.0%,61.5%,50.0%,62.5%,50.0%,60.0%,33.3%
20250903-M-US_Open-QF-Jannik_Sinner-Lorenzo_Musetti,Lorenzo Musetti,2,24,33.3%,27.3%,33.3%,25.0%,40.0%,25.0%,33.3%,33.3%,50.0%,33.3%
20250903-M-US_Open-QF-Felix_Auger_Aliassime-Alex_De_Minaur,Felix Auger Aliassime,1,96,82.3%,67.9%,76.6%,62.1%,69.2%,55.6%,62.5%,50.0%,66.7%,25.0%
20250903-M-US_Open-QF-Felix_Auger_Aliassime-Alex_De_Minaur,Felix Auger Aliassime,2,41,39.0%,26.5%,33.3%,18.2%,25.0%,7.7%,20.0%,0.0%,0.0%,0.0%
20250903-M-US_Open-QF-Felix_Auger_Aliassime-Alex_De_Minaur,Alex De Minaur,1,70,77.1%,61.0%,65.8%,51.9%,82.4%,75.0%,90.0%,85.7%,100.0%,100.0%
20250903-M-US_Open-QF-Felix_Auger_Aliassime-Alex_De_Minaur,Alex De Minaur,2,81,55.6%,42.9%,50.0%,44.9%,59.5%,48.3%,70.0%,57.1%,66.7%,55.6%
20250902-M-US_Open-QF-Novak_Djokovic-Taylor_Fritz,Novak Djokovic,1,88,71.6%,57.6%,63.0%,50.0%,60.6%,50.0%,68.4%,62.5%,76.9%,75.0%
20250902-M-US_Open-QF-Novak_Djokovic-Taylor_Fritz,Novak Djokovic,2,43,65.1%,58.3%,67.7%,58.3%,66.7%,58.8%,66.7%,61.5%,72.7%,57.1%
20250902-M-US_Open-QF-Novak_Djokovic-Taylor_Fritz,Taylor Fritz,1,65,81.5%,68.4%,78.8%,69.6%,72.7%,62.5%,71.4%,55.6%,62.5%,57.1%
20250902-M-US_Open-QF-Novak_Djokovic-Taylor_Fritz,Taylor Fritz,2,46,52.2%,43.6%,51.5%,44.8%,54.2%,47.6%,62.5%,53.8%,63.6%,50.0%
20250902-M-US_Open-QF-Jiri_Lehecka-Carlos_Alcaraz,Jiri Lehecka,1,55,67.3%,55.0%,64.7%,42.9%,69.2%,60.0%,66.7%,57.1%,66.7%,33.3%
20250902-M-US_Open-QF-Jiri_Lehecka-Carlos_Alcaraz,Jiri Lehecka,2,27,51.9%,38.1%,40.0%,29.4%,41.7%,30.0%,33.3%,25.0%,40.0%,0.0%
20250902-M-US_Open-QF-Jiri_Lehecka-Carlos_Alcaraz,Carlos Alcaraz,1,45,84.4%,73.1%,82.6%,71.4%,83.3%,80.0%,88.9%,85.7%,100.0%,100.0%
20250902-M-US_Open-QF-Jiri_Lehecka-Carlos_Alcaraz,Carlos Alcaraz,2,24,79.2%,64.3%,69.2%,60.0%,75.0%,50.0%,100.0%,100.0%,100.0%,100.0%
20250901-M-US_Open-R16-Taylor_Fritz-Tomas_Machac,Taylor Fritz,1,43,90.7%,69.2%,75.0%,66.7%,85.7%,50.0%,50.0%,50.0%,50.0%,0.0%
20250901-M-US_Open-R16-Taylor_Fritz-Tomas_Machac,Taylor Fritz,2,24,70.8%,66.7%,66.7%,53.3%,61.5%,44.4%,66.7%,60.0%,75.0%,75.0%
20250901-M-US_Open-R16-Taylor_Fritz-Tomas_Machac,Tomas Machac,1,44,68.2%,50.0%,63.6%,46.7%,58.3%,16.7%,50.0%,0.0%,0.0%,0.0%
20250901-M-US_Open-R16-Taylor_Fritz-Tomas_Machac,Tomas Machac,2,34,58.8%,51.7%,65.2%,50.0%,53.3%,30.0%,60.0%,50.0%,50.0%,50.0%
20250901-M-US_Open-R16-Alexander_Bublik-Jannik_Sinner,Alexander Bublik,1,48,58.3%,39.4%,48.1%,41.7%,58.8%,41.7%,62.5%,57.1%,80.0%,66.7%
20250901-M-US_Open-R16-Alexander_Bublik-Jannik_Sinner,Alexander Bublik,2,18,33.3%,25.0%,33.3%,27.3%,50.0%,40.0%,40.0%,0.0%,0.0%,0.0%
20250901-M-US_Open-R16-Alexander_Bublik-Jannik_Sinner,Jannik Sinner,1,31,80.6%,53.8%,70.0%,62.5%,83.3%,0.0%,-,-,-,-
20250901-M-US_Open-R16-Alexander_Bublik-Jannik_Sinner,Jannik Sinner,2,21,76.2%,70.6%,85.7%,77.8%,87.5%,80.0%,80.0%,66.7%,100.0%,-
20250831-M-US_Open-R16-Novak_Djokovic-Jan_Lennard_Struff,Novak Djokovic,1,48,79.2%,61.5%,80.0%,66.7%,72.7%,66.7%,100.0%,100.0%,100.0%,100.0%
20250831-M-US_Open-R16-Novak_Djokovic-Jan_Lennard_Struff,Novak Djokovic,2,26,57.7%,47.6%,62.5%,53.8%,63.6%,55.6%,71.4%,50.0%,50.0%,33.3%
20250831-M-US_Open-R16-Novak_Djokovic-Jan_Lennard_Struff,Jan Lennard Struff,1,40,62.5%,40.0%,50.0%,28.6%,44.4%,0.0%,0.0%,0.0%,0.0%,0.0%
20250831-M-US_Open-R16-Novak_Djokovic-Jan_Lennard_Struff,Jan Lennard Struff,2,32,50.0%,40.7%,55.0%,50.0%,56.3%,53.3%,66.7%,55.6%,55.6%,42.9%
20250830-M-US_Open-R32-Lorenzo_Musetti-Flavio_Cobolli,Lorenzo Musetti,1,32,78.1%,66.7%,70.0%,62.5%,66.7%,54.5%,66.7%,50.0%,50.0%,0.0%
20250830-M-US_Open-R32-Lorenzo_Musetti-Flavio_Cobolli,Lorenzo Musetti,2,25,64.0%,55.0%,57.9%,50.0%,72.7%,66.7%,66.7%,50.0%,60.0%,60.0%
20250830-M-US_Open-R32-Lorenzo_Musetti-Flavio_Cobolli,Flavio Cobolli,1,31,54.8%,36.4%,47.1%,30.8%,44.4%,37.5%,42.9%,33.3%,40.0%,40.0%
20250830-M-US_Open-R32-Lorenzo_Musetti-Flavio_Cobolli,Flavio Cobolli,2,20,35.0%,23.5%,40.0%,33.3%,50.0%,25.0%,25.0%,0.0%,0.0%,0.0%
20250829-M-US_Open-R32-Denis_Shapovalov-Jannik_Sinner,Denis Shapovalov,1,65,73.8%,48.5%,55.2%,43.5%,52.6%,25.0%,30.0%,12.5%,16.7%,0.0%
20250829-M-US_Open-R32-Denis_Shapovalov-Jannik_Sinner,Denis Shapovalov,2,51,52.9%,35.1%,50.0%,35.0%,43.8%,18.2%,50.0%,33.3%,50.0%,0.0%
20250829-M-US_Open-R32-Denis_Shapovalov-Jannik_Sinner,Jannik Sinner,1,65,84.6%,76.7%,80.5%,72.4%,84.0%,76.5%,81.3%,70.0%,70.0%,62.5%
20250829-M-US_Open-R32-Denis_Shapovalov-Jannik_Sinner,Jannik Sinner,2,40,55.0%,51.4%,59.4%,50.0%,61.9%,50.0%,57.1%,50.0%,66.7%,62.5%
20250829-M-US_Open-R32-Carlos_Alcaraz-Luciano_Darderi,Carlos Alcaraz,1,47,78.7%,58.3%,70.0%,45.5%,55.6%,33.3%,50.0%,33.3%,33.3%,0.0%
20250829-M-US_Open-R32-Carlos_Alcaraz-Luciano_Darderi,Carlos Alcaraz,2,22,59.1%,43.8%,46.7%,38.5%,50.0%,37.5%,60.0%,50.0%,66.7%,50.0%
20250829-M-US_Open-R32-Carlos_Alcaraz-Luciano_Darderi,Luciano Darderi,1,40,62.5%,44.4%,52.2%,42.1%,66.7%,50.0%,57.1%,50.0%,100.0%,100.0%
20250829-M-US_Open-R32-Carlos_Alcaraz-Luciano_Darderi,Luciano Darderi,2,29,37.9%,28.0%,41.2%,28.6%,36.4%,30.0%,50.0%,25.0%,100.0%,100.0%
20250828-M-US_Open-R64-Jannik_Sinner-Alexei_Popyrin,Jannik Sinner,1,41,80.5%,65.2%,68.2%,50.0%,53.8%,40.0%,57.1%,40.0%,50.0%,33.3%
20250828-M-US_Open-R64-Jannik_Sinner-Alexei_Popyrin,Jannik Sinner,2,36,66.7%,52.0%,61.9%,50.0%,57.1%,40.0%,50.0%,42.9%,50.0%,40.0%
20250828-M-US_Open-R64-Jannik_Sinner-Alexei_Popyrin,Alexei Popyrin,1,44,61.4%,46.9%,60.0%,47.4%,64.3%,54.5%,75.0%,50.0%,100.0%,100.0%
20250828-M-US_Open-R64-Jannik_Sinner-Alexei_Popyrin,Alexei Popyrin,2,27,37.0%,26.1%,35.3%,21.4%,30.0%,12.5%,20.0%,0.0%,0.0%,0.0%
20250828-M-US_Open-R64-Carlos_Alcaraz-Mattia_Bellucci,Carlos Alcaraz,1,35,85.7%,72.2%,86.7%,60.0%,75.0%,66.7%,100.0%,-,-,-
20250828-M-US_Open-R64-Carlos_Alcaraz-Mattia_Bellucci,Carlos Alcaraz,2,21,71.4%,62.5%,62.5%,50.0%,66.7%,57.1%,66.7%,33.3%,50.0%,0.0%
20250828-M-US_Open-R64-Carlos_Alcaraz-Mattia_Bellucci,Mattia Bellucci,1,52,42.3%,26.8%,37.9%,25.0%,42.9%,27.3%,30.0%,22.2%,33.3%,20.0%
20250828-M-US_Open-R64-Carlos_Alcaraz-Mattia_Bellucci,Mattia Bellucci,2,29,58.6%,50.0%,60.0%,42.9%,54.5%,50.0%,62.5%,25.0%,25.0%,25.0%
20250827-M-US_Open-R64-Zachary_Svajda-Novak_Djokovic,Zachary Svajda,1,83,63.9%,52.4%,58.9%,45.2%,59.4%,45.8%,64.7%,53.8%,63.6%,55.6%
20250827-M-US_Open-R64-Zachary_Svajda-Novak_Djokovic,Zachary Svajda,2,29,58.6%,50.0%,54.5%,52.4%,57.9%,50.0%,61.5%,54.5%,54.5%,54.5%
20250827-M-US_Open-R64-Zachary_Svajda-Novak_Djokovic,Novak Djokovic,1,62,83.9%,69.7%,74.2%,57.9%,68.8%,58.3%,77.8%,66.7%,100.0%,100.0%
20250827-M-US_Open-R64-Zachary_Svajda-Novak_Djokovic,Novak Djokovic,2,38,73.7%,70.6%,80.0%,71.4%,75.0%,61.5%,72.7%,62.5%,100.0%,100.0%
20250827-M-US_Open-R64-Joao_Fonseca-Tomas_Machac,Joao Fonseca,1,50,74.0%,59.4%,67.9%,43.8%,63.6%,20.0%,25.0%,0.0%,0.0%,0.0%
20250827-M-US_Open-R64-Joao_Fonseca-Tomas_Machac,Joao Fonseca,2,23,69.6%,58.8%,71.4%,63.6%,70.0%,62.5%,71.4%,60.0%,75.0%,50.0%
20250827-M-US_Open-R64-Joao_Fonseca-Tomas_Machac,Tomas Machac,1,56,78.6%,70.0%,77.8%,61.9%,76.5%,60.0%,75.0%,50.0%,66.7%,0.0%
20250827-M-US_Open-R64-Joao_Fonseca-Tomas_Machac,Tomas Machac,2,35,71.4%,61.5%,72.7%,64.7%,78.6%,70.0%,100.0%,100.0%,100.0%,100.0%
20250827-M-US_Open-R64-Casper_Ruud-Raphael_Collignon,Casper Ruud,1,84,75.0%,59.6%,73.8%,59.3%,66.7%,55.6%,62.5%,25.0%,33.3%,20.0%
20250827-M-US_Open-R64-Casper_Ruud-Raphael_Collignon,Casper Ruud,2,53,50.9%,40.9%,50.0%,33.3%,50.0%,35.7%,50.0%,37.5%,37.5%,16.7%
20250827-M-US_Open-R64-Casper_Ruud-Raphael_Collignon,Raphael Collignon,1,97,69.1%,53.1%,61.8%,40.0%,48.3%,37.5%,52.9%,46.7%,50.0%,30.0%
20250827-M-US_Open-R64-Casper_Ruud-Raphael_Collignon,Raphael Collignon,2,47,59.6%,50.0%,59.4%,45.8%,55.0%,52.6%,55.6%,52.9%,64.3%,44.4%
20250826-M-US_Open-R128-Reilly_Opelka-Carlos_Alcaraz,Carlos Alcaraz,2,20,85.0%,76.9%,90.9%,85.7%,100.0%,100.0%,100.0%,-,-,-
20250826-M-US_Open-R128-Reilly_Opelka-Carlos_Alcaraz,Reilly Opelka,1,66,75.8%,51.5%,63.0%,41.2%,58.3%,44.4%,100.0%,100.0%,100.0%,-
20250826-M-US_Open-R128-Reilly_Opelka-Carlos_Alcaraz,Reilly Opelka,2,29,51.7%,44.0%,64.7%,40.0%,44.4%,28.6%,66.7%,66.7%,100.0%,100.0%
20250826-M-US_Open-R128-Reilly_Opelka-Carlos_Alcaraz,Carlos Alcaraz,1,58,86.2%,68.0%,81.0%,63.6%,87.5%,66.7%,100.0%,100.0%,100.0%,-
20250826-M-US_Open-R128-Jannik_Sinner-Vit_Kopriva,Jannik Sinner,1,40,82.5%,61.1%,68.8%,54.5%,60.0%,20.0%,33.3%,0.0%,0.0%,0.0%
20250826-M-US_Open-R128-Jannik_Sinner-Vit_Kopriva,Jannik Sinner,2,27,55.6%,42.9%,56.3%,46.2%,60.0%,33.3%,33.3%,33.3%,50.0%,50.0%
20250826-M-US_Open-R128-Jannik_Sinner-Vit_Kopriva,Vit Kopriva,1,32,59.4%,43.5%,52.6%,47.1%,57.1%,40.0%,80.0%,75.0%,100.0%,100.0%
20250826-M-US_Open-R128-Jannik_Sinner-Vit_Kopriva,Vit Kopriva,2,23,34.8%,31.8%,43.8%,43.8%,50.0%,41.7%,62.5%,40.0%,40.0%,40.0%
20250826-M-US_Open-R128-Daniel_Altmaier-Hamad_Medjedovic,Daniel Altmaier,1,118,80.5%,62.9%,73.6%,62.2%,74.2%,65.2%,75.0%,68.8%,73.3%,33.3%
20250826-M-US_Open-R128-Daniel_Altmaier-Hamad_Medjedovic,Daniel Altmaier,2,60,50.0%,36.2%,53.1%,44.4%,54.5%,50.0%,62.5%,53.8%,70.0%,57.1%
20250826-M-US_Open-R128-Daniel_Altmaier-Hamad_Medjedovic,Hamad Medjedovic,1,123,81.3%,62.3%,73.1%,51.7%,68.2%,22.2%,50.0%,0.0%,0.0%,0.0%
20250826-M-US_Open-R128-Daniel_Altmaier-Hamad_Medjedovic,Hamad Medjedovic,2,63,50.8%,40.4%,58.3%,40.0%,62.5%,45.5%,50.0%,16.7%,25.0%,25.0%
20250825-M-US_Open-R128-Martin_Damm-Darwin_Blanch,Martin Damm,1,55,83.6%,55.0%,84.6%,50.0%,66.7%,0.0%,-,-,-,-
20250825-M-US_Open-R128-Martin_Damm-Darwin_Blanch,Martin Damm,2,26,69.2%,52.9%,64.3%,28.6%,40.0%,0.0%,0.0%,0.0%,0.0%,0.0%
20250825-M-US_Open-R128-Martin_Damm-Darwin_Blanch,Darwin Blanch,1,55,70.9%,44.8%,56.5%,33.3%,50.0%,28.6%,66.7%,50.0%,50.0%,0.0%
20250825-M-US_Open-R128-Martin_Damm-Darwin_Blanch,Darwin Blanch,2,20,60.0%,42.9%,66.7%,40.0%,50.0%,0.0%,0.0%,0.0%,0.0%,0.0%
20250824-M-US_Open-R128-Taylor_Fritz-Emilio_Nava,Taylor Fritz,1,50,78.0%,52.2%,57.1%,30.8%,50.0%,42.9%,75.0%,50.0%,100.0%,100.0%
20250824-M-US_Open-R128-Taylor_Fritz-Emilio_Nava,Taylor Fritz,2,33,78.8%,69.6%,80.0%,75.0%,80.0%,70.0%,77.8%,60.0%,60.0%,50.0%
20250824-M-US_Open-R128-Taylor_Fritz-Emilio_Nava,Emilio Nava,1,62,64.5%,38.9%,48.3%,31.8%,41.2%,28.6%,57.1%,40.0%,66.7%,66.7%
20250824-M-US_Open-R128-Taylor_Fritz-Emilio_Nava,Emilio Nava,2,31,61.3%,50.0%,63.2%,30.0%,37.5%,37.5%,50.0%,40.0%,40.0%,25.0%
20250824-M-US_Open-R128-Novak_Djokovic-Learner_Tien,Novak Djokovic,1,56,76.8%,62.9%,71.0%,47.1%,61.5%,37.5%,50.0%,25.0%,33.3%,33.3%
20250824-M-US_Open-R128-Novak_Djokovic-Learner_Tien,Novak Djokovic,2,34,52.9%,46.7%,60.9%,57.1%,63.2%,61.1%,73.3%,63.6%,70.0%,57.1%
20250824-M-US_Open-R128-Novak_Djokovic-Learner_Tien,Learner Tien,1,57,54.4%,45.8%,55.0%,47.1%,57.1%,47.8%,64.7%,53.8%,58.3%,44.4%
20250824-M-US_Open-R128-Novak_Djokovic-Learner_Tien,Learner Tien,2,25,44.0%,30.0%,33.3%,33.3%,40.0%,30.8%,50.0%,42.9%,50.0%,40.0%
20250824-M-US_Open-R128-Jesper_De_Jong-Brandon_Nakashima,Jesper De Jong,1,85,68.2%,48.1%,62.5%,44.4%,50.0%,40.0%,57.1%,33.3%,60.0%,50.0%
20250824-M-US_Open-R128-Jesper_De_Jong-Brandon_Nakashima,Jesper De Jong,2,54,68.5%,55.3%,65.6%,57.7%,75.0%,61.5%,72.7%,70.0%,77.8%,33.3%
20250824-M-US_Open-R128-Jesper_De_Jong-Brandon_Nakashima,Brandon Nakashima,1,87,81.6%,68.0%,70.8%,58.8%,74.1%,53.3%,66.7%,60.0%,66.7%,57.1%
20250824-M-US_Open-R128-Jesper_De_Jong-Brandon_Nakashima,Brandon Nakashima,2,58,58.6%,46.7%,56.8%,48.4%,60.0%,47.4%,64.3%,50.0%,62.5%,57.1%
20250824-M-US_Open-R128-Benjamin_Bonzi-Daniil_Medvedev,Benjamin Bonzi,1,105,68.6%,54.8%,62.5%,57.1%,69.6%,57.6%,65.5%,47.4%,60.0%,45.5%
20250824-M-US_Open-R128-Benjamin_Bonzi-Daniil_Medvedev,Benjamin Bonzi,2,48,56.3%,41.7%,44.1%,36.7%,44.0%,36.4%,47.1%,35.7%,62.5%,50.0%
20250824-M-US_Open-R128-Benjamin_Bonzi-Daniil_Medvedev,Daniil Medvedev,1,91,74.7%,57.4%,60.8%,45.9%,56.7%,35.0%,53.8%,45.5%,50.0%,44.4%
20250824-M-US_Open-R128-Benjamin_Bonzi-Daniil_Medvedev,Daniil Medvedev,2,48,50.0%,35.1%,50.0%,38.1%,57.1%,45.5%,62.5%,0.0%,0.0%,0.0%
20250824-M-US_Open-R128-Adrian_Mannarino-Tallon_Griekspoor,Adrian Mannarino,1,47,89.4%,79.2%,90.5%,88.2%,93.8%,90.0%,90.0%,83.3%,83.3%,66.7%
20250824-M-US_Open-R128-Adrian_Mannarino-Tallon_Griekspoor,Adrian Mannarino,2,36,55.6%,52.9%,75.0%,72.7%,80.0%,76.5%,81.3%,76.9%,76.9%,62.5%
20250824-M-US_Open-R128-Adrian_Mannarino-Tallon_Griekspoor,Tallon Griekspoor,1,57,70.2%,46.9%,62.5%,35.7%,55.6%,42.9%,50.0%,25.0%,33.3%,0.0%
20250824-M-US_Open-R128-Adrian_Mannarino-Tallon_Griekspoor,Tallon Griekspoor,2,32,34.4%,25.0%,38.9%,35.3%,66.7%,50.0%,60.0%,60.0%,60.0%,50.0%
20250126-M-Australian_Open-F-Jannik_Sinner-Alexander_Zverev,Jannik Sinner,1,57,84.2%,72.7%,75.0%,60.0%,70.6%,58.3%,70.0%,66.7%,66.7%,57.1%
20250126-M-Australian_Open-F-Jannik_Sinner-Alexander_Zverev,Jannik Sinner,2,36,66.7%,64.7%,68.8%,67.7%,75.0%,69.6%,80.0%,77.8%,82.4%,82.4%
20250126-M-Australian_Open-F-Jannik_Sinner-Alexander_Zverev,Alexander Zverev,1,65,69.2%,50.0%,57.1%,46.4%,59.1%,47.1%,53.3%,36.4%,50.0%,42.9%
20250126-M-Australian_Open-F-Jannik_Sinner-Alexander_Zverev,Alexander Zverev,2,28,53.6%,43.5%,50.0%,37.5%,54.5%,50.0%,62.5%,50.0%,50.0%,50.0%
20250124-M-Australian_Open-SF-Novak_Djokovic-Alexander_Zverev,Novak Djokovic,1,31,67.7%,41.2%,46.7%,33.3%,44.4%,44.4%,57.1%,40.0%,66.7%,66.7%
20250124-M-Australian_Open-SF-Novak_Djokovic-Alexander_Zverev,Novak Djokovic,2,23,65.2%,63.6%,63.6%,55.6%,71.4%,66.7%,72.7%,66.7%,75.0%,71.4%
20250124-M-Australian_Open-SF-Novak_Djokovic-Alexander_Zverev,Alexander Zverev,1,30,83.3%,73.7%,82.4%,81.3%,92.9%,88.9%,88.9%,85.7%,85.7%,83.3%
20250124-M-Australian_Open-SF-Novak_Djokovic-Alexander_Zverev,Alexander Zverev,2,7,85.7%,75.0%,75.0%,66.7%,100.0%,100.0%,100.0%,100.0%,100.0%,100.0%
20250124-M-Australian_Open-SF-Jannik_Sinner-Ben_Shelton,Jannik Sinner,1,50,74.0%,55.2%,59.3%,47.6%,55.6%,46.7%,46.7%,42.9%,50.0%,33.3%
20250124-M-Australian_Open-SF-Jannik_Sinner-Ben_Shelton,Jannik Sinner,2,39,64.1%,57.6%,65.5%,52.4%,68.8%,64.3%,69.2%,55.6%,62.5%,57.1%
20250124-M-Australian_Open-SF-Jannik_Sinner-Ben_Shelton,Ben Shelton,1,70,57.1%,37.5%,51.4%,32.0%,42.1%,31.3%,35.7%,25.0%,33.3%,14.3%
20250124-M-Australian_Open-SF-Jannik_Sinner-Ben_Shelton,Ben Shelton,2,42,52.4%,45.9%,60.7%,50.0%,55.0%,47.1%,61.5%,58.3%,77.8%,66.7%
20250122-M-Australian_Open-QF-Lorenzo_Sonego-Ben_Shelton,Lorenzo Sonego,1,102,70.6%,64.3%,71.1%,56.0%,71.8%,52.2%,70.6%,44.4%,66.7%,60.0%
20250122-M-Australian_Open-QF-Lorenzo_Sonego-Ben_Shelton,Lorenzo Sonego,2,50,54.0%,48.9%,57.9%,46.7%,63.6%,46.7%,70.0%,57.1%,57.1%,57.1%
20250122-M-Australian_Open-QF-Lorenzo_Sonego-Ben_Shelton,Ben Shelton,1,101,74.3%,62.3%,70.5%,41.9%,50.0%,31.6%,42.9%,20.0%,40.0%,40.0%
20250122-M-Australian_Open-QF-Lorenzo_Sonego-Ben_Shelton,Ben Shelton,2,36,66.7%,57.1%,66.7%,57.9%,68.8%,54.5%,66.7%,50.0%,100.0%,100.0%
20250122-M-Australian_Open-QF-Jannik_Sinner-Alex_De_Minaur,Jannik Sinner,1,39,84.6%,72.7%,76.2%,64.3%,75.0%,62.5%,71.4%,66.7%,80.0%,66.7%
20250122-M-Australian_Open-QF-Jannik_Sinner-Alex_De_Minaur,Jannik Sinner,2,20,80.0%,76.5%,81.3%,76.9%,76.9%,62.5%,71.4%,66.7%,66.7%,50.0%
20250122-M-Australian_Open-QF-Jannik_Sinner-Alex_De_Minaur,Alex De Minaur,1,40,65.0%,53.3%,66.7%,52.9%,60.0%,53.8%,58.3%,37.5%,42.9%,42.9%
20250122-M-Australian_Open-QF-Jannik_Sinner-Alex_De_Minaur,Alex De Minaur,2,37,40.5%,33.3%,40.7%,33.3%,38.1%,27.8%,38.5%,38.5%,38.5%,38.5%
20250121-M-Australian_Open-QF-Novak_Djokovic-Carlos_Alcaraz,Novak Djokovic,1,86,62.8%,47.5%,54.7%,44.2%,57.6%,39.1%,47.4%,37.5%,46.2%,36.4%
20250121-M-Australian_Open-QF-Novak_Djokovic-Carlos_Alcaraz,Novak Djokovic,2,47,61.7%,48.6%,51.5%,38.5%,47.6%,42.1%,50.0%,33.3%,50.0%,42.9%
20250121-M-Australian_Open-QF-Novak_Djokovic-Carlos_Alcaraz,Carlos Alcaraz,1,92,67.4%,49.2%,63.0%,45.2%,60.9%,40.0%,54.5%,28.6%,28.6%,28.6%
20250121-M-Australian_Open-QF-Novak_Djokovic-Carlos_Alcaraz,Carlos Alcaraz,2,28,39.3%,32.0%,47.1%,35.7%,41.7%,36.4%,36.4%,30.0%,42.9%,42.9%
20250121-M-Australian_Open-QF-Alexander_Zverev-Tommy_Paul,Alexander Zverev,1,93,72.0%,58.7%,63.8%,48.8%,58.8%,36.4%,44.4%,37.5%,46.2%,30.0%
20250121-M-Australian_Open-QF-Alexander_Zverev-Tommy_Paul,Alexander Zverev,2,37,59.5%,44.4%,57.1%,47.1%,57.1%,45.5%,55.6%,50.0%,50.0%,33.3%
20250121-M-Australian_Open-QF-Alexander_Zverev-Tommy_Paul,Tommy Paul,1,73,67.1%,52.9%,67.5%,48.0%,57.1%,35.7%,55.6%,42.9%,42.9%,42.9%
20250121-M-Australian_Open-QF-Alexander_Zverev-Tommy_Paul,Tommy Paul,2,41,51.2%,47.4%,64.3%,52.4%,61.1%,53.3%,57.1%,45.5%,45.5%,33.3%
20250120-M-Australian_Open-R16-Jannik_Sinner-Holger_Rune,Jannik Sinner,1,59,83.1%,66.7%,80.0%,70.6%,80.0%,57.1%,66.7%,60.0%,75.0%,75.0%
20250120-M-Australian_Open-R16-Jannik_Sinner-Holger_Rune,Jannik Sinner,2,40,67.5%,59.4%,76.0%,66.7%,70.6%,64.3%,75.0%,57.1%,80.0%,80.0%
20250120-M-Australian_Open-R16-Jannik_Sinner-Holger_Rune,Holger Rune,1,69,66.7%,53.1%,65.0%,41.7%,62.5%,50.0%,60.0%,0.0%,0.0%,0.0%
20250120-M-Australian_Open-R16-Jannik_Sinner-Holger_Rune,Holger Rune,2,37,54.1%,41.4%,46.2%,36.4%,50.0%,33.3%,44.4%,44.4%,57.1%,25.0%
20250120-M-Australian_Open-R16-Ben_Shelton-Gael_Monfils,Ben Shelton,1,83,80.7%,68.6%,77.8%,63.0%,77.3%,54.5%,75.0%,50.0%,50.0%,33.3%
20250120-M-Australian_Open-R16-Ben_Shelton-Gael_Monfils,Ben Shelton,2,34,58.8%,48.1%,52.0%,33.3%,40.0%,25.0%,50.0%,40.0%,66.7%,66.7%
20250120-M-Australian_Open-R16-Ben_Shelton-Gael_Monfils,Gael Monfils,1,74,82.4%,72.3%,77.3%,54.5%,63.2%,36.4%,50.0%,42.9%,50.0%,40.0%
20250120-M-Australian_Open-R16-Ben_Shelton-Gael_Monfils,Gael Monfils,2,41,56.1%,52.6%,58.8%,50.0%,56.0%,50.0%,50.0%,47.6%,62.5%,45.5%
20250119-M-Australian_Open-R16-Ugo_Humbert-Alexander_Zverev,Ugo Humbert,1,74,70.3%,45.0%,58.1%,51.9%,63.6%,42.9%,54.5%,37.5%,42.9%,20.0%
20250119-M-Australian_Open-R16-Ugo_Humbert-Alexander_Zverev,Ugo Humbert,2,26,23.1%,23.1%,26.1%,19.0%,25.0%,20.0%,37.5%,0.0%,0.0%,0.0%
20250119-M-Australian_Open-R16-Ugo_Humbert-Alexander_Zverev,Alexander Zverev,1,62,82.3%,64.5%,80.0%,68.8%,84.6%,71.4%,83.3%,66.7%,100.0%,100.0%
20250119-M-Australian_Open-R16-Ugo_Humbert-Alexander_Zverev,Alexander Zverev,2,21,57.1%,47.1%,57.1%,45.5%,83.3%,66.7%,66.7%,50.0%,50.0%,50.0%
20250119-M-Australian_Open-R16-Novak_Djokovic-Jiri_Lehecka,Novak Djokovic,1,54,81.5%,61.5%,69.6%,56.3%,69.2%,55.6%,71.4%,71.4%,71.4%,33.3%
20250119-M-Australian_Open-R16-Novak_Djokovic-Jiri_Lehecka,Novak Djokovic,2,35,68.6%,57.7%,60.0%,54.5%,63.2%,56.3%,60.0%,57.1%,80.0%,66.7%
20250119-M-Australian_Open-R16-Novak_Djokovic-Jiri_Lehecka,Jiri Lehecka,1,60,78.3%,56.7%,68.0%,42.9%,50.0%,33.3%,60.0%,33.3%,33.3%,0.0%
20250119-M-Australian_Open-R16-Novak_Djokovic-Jiri_Lehecka,Jiri Lehecka,2,42,45.2%,36.1%,44.8%,30.4%,33.3%,30.0%,37.5%,16.7%,22.2%,22.2%
20250118-M-Australian_Open-R32-Taylor_Fritz-Gael_Monfils,Taylor Fritz,1,86,74.4%,56.9%,61.7%,47.1%,57.1%,40.0%,50.0%,38.5%,41.7%,36.4%
20250118-M-Australian_Open-R32-Taylor_Fritz-Gael_Monfils,Taylor Fritz,2,44,59.1%,53.8%,65.6%,54.2%,65.0%,56.3%,56.3%,50.0%,63.6%,55.6%
20250118-M-Australian_Open-R32-Taylor_Fritz-Gael_Monfils,Gael Monfils,1,74,82.4%,65.8%,65.8%,58.1%,69.2%,61.9%,81.3%,72.7%,72.7%,70.0%
20250118-M-Australian_Open-R32-Taylor_Fritz-Gael_Monfils,Gael Monfils,2,43,74.4%,67.6%,69.7%,56.5%,59.1%,47.1%,61.5%,50.0%,50.0%,37.5%
20250118-M-Australian_Open-R32-Miomir_Kecmanovic-Holger_Rune,Miomir Kecmanovic,1,95,69.5%,51.7%,59.6%,44.7%,58.6%,45.5%,58.8%,30.0%,60.0%,50.0%
20250118-M-Australian_Open-R32-Miomir_Kecmanovic-Holger_Rune,Miomir Kecmanovic,2,48,56.3%,41.7%,53.6%,35.0%,53.8%,45.5%,50.0%,37.5%,37.5%,28.6%
20250118-M-Australian_Open-R32-Miomir_Kecmanovic-Holger_Rune,Holger Rune,1,95,76.8%,60.7%,72.3%,53.6%,71.4%,53.8%,77.8%,60.0%,60.0%,33.3%
20250118-M-Australian_Open-R32-Miomir_Kecmanovic-Holger_Rune,Holger Rune,2,58,48.3%,36.2%,47.2%,34.5%,45.5%,29.4%,41.7%,22.2%,33.3%,33.3%
20250118-M-Australian_Open-R32-Jannik_Sinner-Marcos_Giron,Jannik Sinner,1,49,81.6%,66.7%,78.3%,64.3%,75.0%,50.0%,75.0%,75.0%,75.0%,75.0%
20250118-M-Australian_Open-R32-Jannik_Sinner-Marcos_Giron,Jannik Sinner,2,31,54.8%,48.1%,54.2%,45.0%,56.3%,36.4%,50.0%,42.9%,50.0%,40.0%
20250118-M-Australian_Open-R32-Jannik_Sinner-Marcos_Giron,Marcos Giron,1,45,68.9%,54.8%,60.7%,52.2%,66.7%,40.0%,50.0%,20.0%,25.0%,25.0%
20250118-M-Australian_Open-R32-Jannik_Sinner-Marcos_Giron,Marcos Giron,2,33,39.4%,37.5%,42.9%,40.7%,50.0%,47.6%,71.4%,55.6%,71.4%,60.0%
20250118-M-Australian_Open-R32-Ben_Shelton-Lorenzo_Musetti,Ben Shelton,1,83,80.7%,65.2%,73.2%,57.7%,78.9%,66.7%,100.0%,100.0%,100.0%,100.0%
20250118-M-Australian_Open-R32-Ben_Shelton-Lorenzo_Musetti,Ben Shelton,2,33,51.5%,30.4%,38.9%,15.4%,25.0%,14.3%,16.7%,16.7%,20.0%,0.0%
20250118-M-Australian_Open-R32-Ben_Shelton-Lorenzo_Musetti,Lorenzo Musetti,1,70,74.3%,66.0%,71.4%,61.1%,68.8%,56.5%,76.5%,60.0%,66.7%,50.0%
20250118-M-Australian_Open-R32-Ben_Shelton-Lorenzo_Musetti,Lorenzo Musetti,2,43,62.8%,54.3%,70.4%,57.9%,64.7%,50.0%,54.5%,44.4%,50.0%,33.3%
20250118-M-Australian_Open-R32-Alex_Michelsen-Karen_Khachanov,Alex Michelsen,1,62,72.6%,56.4%,68.8%,58.3%,70.0%,57.1%,66.7%,66.7%,80.0%,66.7%
20250118-M-Australian_Open-R32-Alex_Michelsen-Karen_Khachanov,Alex Michelsen,2,33,66.7%,63.3%,67.9%,50.0%,64.3%,58.3%,70.0%,50.0%,75.0%,50.0%
20250118-M-Australian_Open-R32-Alex_Michelsen-Karen_Khachanov,Karen Khachanov,1,52,73.1%,51.7%,60.0%,37.5%,42.9%,38.5%,62.5%,62.5%,71.4%,66.7%
20250118-M-Australian_Open-R32-Alex_Michelsen-Karen_Khachanov,Karen Khachanov,2,30,50.0%,37.5%,47.4%,28.6%,30.8%,30.8%,50.0%,20.0%,50.0%,0.0%
20250117-M-Australian_Open-R32-Nuno_Borges-Carlos_Alcaraz,Nuno Borges,1,97,63.9%,51.4%,59.7%,46.8%,59.5%,46.4%,65.0%,50.0%,63.6%,60.0%
20250117-M-Australian_Open-R32-Nuno_Borges-Carlos_Alcaraz,Nuno Borges,2,39,53.8%,30.8%,50.0%,27.3%,33.3%,25.0%,28.6%,16.7%,50.0%,50.0%
20250117-M-Australian_Open-R32-Nuno_Borges-Carlos_Alcaraz,Carlos Alcaraz,1,67,83.6%,73.8%,81.6%,63.2%,75.0%,66.7%,88.9%,80.0%,100.0%,100.0%
20250117-M-Australian_Open-R32-Nuno_Borges-Carlos_Alcaraz,Carlos Alcaraz,2,39,61.5%,51.6%,55.2%,27.8%,41.7%,36.4%,50.0%,33.3%,40.0%,40.0%
20250117-M-Australian_Open-R32-Novak_Djokovic-Tomas_Machac,Novak Djokovic,1,51,80.4%,66.7%,71.4%,66.7%,76.2%,72.2%,76.5%,69.2%,75.0%,62.5%
20250117-M-Australian_Open-R32-Novak_Djokovic-Tomas_Machac,Novak Djokovic,2,24,62.5%,50.0%,52.9%,46.7%,58.3%,54.5%,60.0%,50.0%,66.7%,66.7%
20250117-M-Australian_Open-R32-Novak_Djokovic-Tomas_Machac,Tomas Machac,1,55,63.6%,51.2%,63.6%,52.0%,65.0%,58.8%,66.7%,54.5%,75.0%,66.7%
20250117-M-Australian_Open-R32-Novak_Djokovic-Tomas_Machac,Tomas Machac,2,27,44.4%,44.4%,52.2%,38.9%,43.8%,30.8%,36.4%,30.0%,37.5%,37.5%
20250117-M-Australian_Open-R32-Corentin_Moutet-Learner_Tien,Corentin Moutet,1,76,59.2%,51.6%,64.0%,52.6%,69.0%,62.5%,83.3%,75.0%,75.0%,62.5%
20250117-M-Australian_Open-R32-Corentin_Moutet-Learner_Tien,Corentin Moutet,2,29,51.7%,44.0%,57.9%,46.7%,58.3%,37.5%,42.9%,20.0%,25.0%,25.0%
20250117-M-Australian_Open-R32-Corentin_Moutet-Learner_Tien,Learner Tien,1,56,73.2%,65.9%,74.4%,71.4%,73.5%,55.0%,73.3%,55.6%,71.4%,66.7%
20250117-M-Australian_Open-R32-Corentin_Moutet-Learner_Tien,Learner Tien,2,46,60.9%,56.1%,65.7%,52.0%,65.0%,58.8%,66.7%,54.5%,60.0%,20.0%
20250116-M-Australian_Open-R64-Tristan_Schoolkate-Jannik_Sinner,Tristan Schoolkate,1,83,71.1%,50.0%,58.5%,26.1%,46.2%,30.0%,42.9%,42.9%,50.0%,25.0%
20250116-M-Australian_Open-R64-Tristan_Schoolkate-Jannik_Sinner,Tristan Schoolkate,2,45,42.2%,27.8%,43.5%,38.1%,57.1%,40.0%,57.1%,50.0%,50.0%,25.0%
20250116-M-Australian_Open-R64-Tristan_Schoolkate-Jannik_Sinner,Jannik Sinner,1,62,77.4%,54.8%,65.4%,43.8%,70.0%,50.0%,60.0%,50.0%,66.7%,66.7%
20250116-M-Australian_Open-R64-Tristan_Schoolkate-Jannik_Sinner,Jannik Sinner,2,33,63.6%,47.8%,61.1%,56.3%,69.2%,55.6%,71.4%,50.0%,66.7%,50.0%
20250116-M-Australian_Open-R64-Taylor_Fritz-Cristian_Garin,Taylor Fritz,1,42,78.6%,55.0%,64.7%,50.0%,66.7%,50.0%,60.0%,60.0%,75.0%,75.0%
20250116-M-Australian_Open-R64-Taylor_Fritz-Cristian_Garin,Taylor Fritz,2,17,64.7%,62.5%,66.7%,50.0%,62.5%,40.0%,66.7%,66.7%,66.7%,66.7%
20250116-M-Australian_Open-R64-Taylor_Fritz-Cristian_Garin,Cristian Garin,1,41,51.2%,39.4%,46.4%,37.5%,45.0%,38.9%,46.7%,33.3%,50.0%,42.9%
20250116-M-Australian_Open-R64-Taylor_Fritz-Cristian_Garin,Cristian Garin,2,18,33.3%,14.3%,18.2%,18.2%,33.3%,20.0%,25.0%,25.0%,50.0%,50.0%
20250116-M-Australian_Open-R64-Lorenzo_Sonego-Joao_Fonseca,Lorenzo Sonego,1,93,77.4%,66.1%,78.8%,60.7%,68.0%,42.9%,60.0%,20.0%,33.3%,0.0%
20250116-M-Australian_Open-R64-Lorenzo_Sonego-Joao_Fonseca,Lorenzo Sonego,2,44,61.4%,46.9%,68.2%,46.2%,50.0%,25.0%,40.0%,25.0%,33.3%,0.0%
20250116-M-Australian_Open-R64-Lorenzo_Sonego-Joao_Fonseca,Joao Fonseca,1,89,70.8%,57.4%,66.0%,51.4%,79.2%,64.3%,81.8%,33.3%,33.3%,33.3%
20250116-M-Australian_Open-R64-Lorenzo_Sonego-Joao_Fonseca,Joao Fonseca,2,51,54.9%,43.9%,51.4%,39.3%,57.9%,46.7%,58.3%,28.6%,50.0%,0.0%
20250116-M-Australian_Open-R64-Learner_Tien-Daniil_Medvedev,Learner Tien,1,142,60.6%,53.3%,62.1%,55.2%,60.0%,50.8%,55.0%,50.0%,57.4%,53.5%
20250116-M-Australian_Open-R64-Learner_Tien-Daniil_Medvedev,Learner Tien,2,55,47.3%,44.2%,47.9%,40.5%,43.6%,40.5%,50.0%,50.0%,62.5%,55.0%
20250116-M-Australian_Open-R64-Learner_Tien-Daniil_Medvedev,Daniil Medvedev,1,95,69.5%,49.1%,58.3%,41.2%,50.0%,41.7%,47.6%,38.9%,53.8%,40.0%
20250116-M-Australian_Open-R64-Learner_Tien-Daniil_Medvedev,Daniil Medvedev,2,65,50.8%,43.9%,53.2%,46.3%,50.0%,44.1%,45.5%,40.0%,46.2%,39.1%
20250116-M-Australian_Open-R64-Hubert_Hurkacz-Miomir_Kecmanovic,Hubert Hurkacz,1,53,77.4%,55.6%,62.5%,43.8%,70.0%,40.0%,100.0%,-,-,-
20250116-M-Australian_Open-R64-Hubert_Hurkacz-Miomir_Kecmanovic,Hubert Hurkacz,2,23,47.8%,33.3%,35.3%,15.4%,20.0%,0.0%,0.0%,0.0%,0.0%,0.0%
20250116-M-Australian_Open-R64-Hubert_Hurkacz-Miomir_Kecmanovic,Miomir Kecmanovic,1,49,77.6%,67.6%,71.9%,43.8%,58.3%,44.4%,80.0%,0.0%,0.0%,0.0%
20250116-M-Australian_Open-R64-Hubert_Hurkacz-Miomir_Kecmanovic,Miomir Kecmanovic,2,35,68.6%,64.5%,69.0%,64.0%,76.2%,70.6%,80.0%,70.0%,87.5%,50.0%
20250116-M-Australian_Open-R64-Gael_Monfils-Daniel_Altmaier,Gael Monfils,1,56,82.1%,66.7%,71.4%,55.6%,66.7%,58.3%,70.0%,57.1%,57.1%,57.1%
20250116-M-Australian_Open-R64-Gael_Monfils-Daniel_Altmaier,Gael Monfils,2,35,62.9%,55.2%,61.5%,47.4%,50.0%,47.1%,61.5%,54.5%,66.7%,57.1%
20250116-M-Australian_Open-R64-Gael_Monfils-Daniel_Altmaier,Daniel Altmaier,1,55,65.5%,54.8%,65.7%,42.9%,50.0%,47.1%,57.1%,45.5%,55.6%,42.9%
20250116-M-Australian_Open-R64-Gael_Monfils-Daniel_Altmaier,Daniel Altmaier,2,42,52.4%,45.9%,47.2%,26.9%,35.0%,31.6%,37.5%,23.1%,42.9%,33.3%
20250116-M-Australian_Open-Q3-Mark_Lajal-Jaime_Faria,Mark Lajal,1,61,72.1%,54.1%,60.6%,43.5%,66.7%,50.0%,50.0%,28.6%,40.0%,25.0%
20250116-M-Australian_Open-Q3-Mark_Lajal-Jaime_Faria,Mark Lajal,2,22,59.1%,47.1%,61.5%,44.4%,44.4%,28.6%,33.3%,20.0%,25.0%,25.0%
20250116-M-Australian_Open-Q3-Mark_Lajal-Jaime_Faria,Jaime Faria,1,53,83.0%,67.9%,79.2%,58.3%,77.8%,66.7%,100.0%,100.0%,100.0%,100.0%
20250116-M-Australian_Open-Q3-Mark_Lajal-Jaime_Faria,Jaime Faria,2,30,46.7%,30.4%,41.2%,28.6%,36.4%,22.2%,33.3%,33.3%,40.0%,25.0%
20250115-M-Australian_Open-R64-Ugo_Humbert-Hady_Habib,Ugo Humbert,1,50,86.0%,61.1%,68.8%,44.4%,66.7%,33.3%,33.3%,0.0%,-,-
20250115-M-Australian_Open-R64-Ugo_Humbert-Hady_Habib,Ugo Humbert,2,24,75.0%,64.7%,84.6%,71.4%,71.4%,60.0%,75.0%,66.7%,66.7%,50.0%
20250115-M-Australian_Open-R64-Ugo_Humbert-Hady_Habib,Hady Habib,1,58,70.7%,46.9%,65.2%,42.9%,75.0%,66.7%,100.0%,-,-,-
20250115-M-Australian_Open-R64-Ugo_Humbert-Hady_Habib,Hady Habib,2,27,55.6%,33.3%,46.2%,22.2%,25.0%,0.0%,0.0%,0.0%,0.0%,0.0%
20250115-M-Australian_Open-R64-Kei_Nishikori-Tommy_Paul,Kei Nishikori,1,87,48.3%,42.3%,51.6%,39.2%,52.6%,40.0%,50.0%,33.3%,42.9%,11.1%
20250115-M-Australian_Open-R64-Kei_Nishikori-Tommy_Paul,Kei Nishikori,2,37,45.9%,33.3%,45.5%,40.0%,44.4%,41.2%,43.8%,30.8%,44.4%,37.5%
20250115-M-Australian_Open-R64-Kei_Nishikori-Tommy_Paul,Tommy Paul,1,73,75.3%,58.1%,69.4%,56.0%,82.4%,72.7%,88.9%,83.3%,100.0%,100.0%
20250115-M-Australian_Open-R64-Kei_Nishikori-Tommy_Paul,Tommy Paul,2,29,37.9%,33.3%,45.0%,35.3%,54.5%,37.5%,42.9%,42.9%,60.0%,33.3%
20250115-M-Australian_Open-R64-Casper_Ruud-Jakub_Mensik,Casper Ruud,1,78,64.1%,46.2%,53.3%,30.0%,40.9%,27.8%,62.5%,40.0%,40.0%,25.0%
20250115-M-Australian_Open-R64-Casper_Ruud-Jakub_Mensik,Casper Ruud,2,37,51.4%,45.5%,60.0%,52.6%,55.6%,38.5%,41.7%,36.4%,44.4%,16.7%
20250115-M-Australian_Open-R64-Casper_Ruud-Jakub_Mensik,Jakub Mensik,1,65,70.8%,48.6%,66.7%,43.8%,63.6%,50.0%,57.1%,40.0%,50.0%,0.0%
20250115-M-Australian_Open-R64-Casper_Ruud-Jakub_Mensik,Jakub Mensik,2,42,66.7%,51.7%,65.2%,52.9%,69.2%,60.0%,75.0%,60.0%,60.0%,60.0%
20250115-M-Australian_Open-R64-Carlos_Alcaraz-Yoshihito_Nishioka,Carlos Alcaraz,1,36,88.9%,69.2%,90.0%,83.3%,83.3%,66.7%,66.7%,50.0%,100.0%,100.0%
20250115-M-Australian_Open-R64-Carlos_Alcaraz-Yoshihito_Nishioka,Carlos Alcaraz,2,21,81.0%,73.3%,91.7%,85.7%,100.0%,100.0%,100.0%,100.0%,100.0%,100.0%
20250115-M-Australian_Open-R64-Carlos_Alcaraz-Yoshihito_Nishioka,Yoshihito Nishioka,1,33,57.6%,44.0%,50.0%,45.0%,60.0%,40.0%,66.7%,50.0%,50.0%,0.0%
20250115-M-Australian_Open-R64-Carlos_Alcaraz-Yoshihito_Nishioka,Yoshihito Nishioka,2,25,44.0%,33.3%,53.8%,25.0%,28.6%,16.7%,33.3%,0.0%,0.0%,0.0%
20250115-M-Australian_Open-R64-Alexander_Zverev-Pedro_Martinez,Alexander Zverev,1,53,77.4%,63.6%,77.8%,57.1%,61.5%,50.0%,50.0%,28.6%,50.0%,33.3%
20250115-M-Australian_Open-R64-Alexander_Zverev-Pedro_Martinez,Alexander Zverev,2,17,70.6%,61.5%,66.7%,63.6%,70.0%,62.5%,62.5%,57.1%,57.1%,40.0%
20250115-M-Australian_Open-R64-Alexander_Zverev-Pedro_Martinez,Pedro Martinez,1,50,54.0%,43.9%,47.4%,31.0%,39.1%,30.0%,42.9%,27.3%,37.5%,37.5%
20250115-M-Australian_Open-R64-Alexander_Zverev-Pedro_Martinez,Pedro Martinez,2,18,38.9%,35.3%,40.0%,40.0%,50.0%,33.3%,60.0%,50.0%,66.7%,50.0%
20250114-M-Australian_Open-R128-Taylor_Fritz-Jenson_Brooksby,Taylor Fritz,1,47,83.0%,68.0%,81.0%,66.7%,72.7%,25.0%,50.0%,0.0%,-,-
20250114-M-Australian_Open-R128-Taylor_Fritz-Jenson_Brooksby,Taylor Fritz,2,22,63.6%,55.6%,71.4%,66.7%,72.7%,50.0%,60.0%,33.3%,50.0%,50.0%
20250114-M-Australian_Open-R128-Taylor_Fritz-Jenson_Brooksby,Jenson Brooksby,1,47,66.0%,60.0%,64.9%,56.7%,65.4%,52.6%,52.6%,43.8%,50.0%,46.2%
20250114-M-Australian_Open-R128-Taylor_Fritz-Jenson_Brooksby,Jenson Brooksby,2,29,24.1%,15.4%,22.2%,17.6%,23.1%,16.7%,22.2%,12.5%,20.0%,20.0%
20250114-M-Australian_Open-R128-Stan_Wawrinka-Lorenzo_Sonego,Stan Wawrinka,1,57,73.7%,57.1%,64.5%,31.3%,41.7%,12.5%,20.0%,20.0%,33.3%,0.0%
20250114-M-Australian_Open-R128-Stan_Wawrinka-Lorenzo_Sonego,Stan Wawrinka,2,52,75.0%,60.6%,66.7%,52.4%,57.9%,42.9%,60.0%,50.0%,100.0%,-
20250114-M-Australian_Open-R128-Stan_Wawrinka-Lorenzo_Sonego,Lorenzo Sonego,1,82,84.1%,69.0%,78.4%,46.7%,70.0%,50.0%,60.0%,33.3%,33.3%,33.3%
20250114-M-Australian_Open-R128-Stan_Wawrinka-Lorenzo_Sonego,Lorenzo Sonego,2,44,61.4%,51.4%,72.0%,50.0%,70.0%,40.0%,50.0%,50.0%,66.7%,66.7%
20250114-M-Australian_Open-R128-Matteo_Arnaldi-Lorenzo_Musetti,Matteo Arnaldi,1,97,61.9%,48.6%,61.4%,37.1%,59.1%,25.0%,30.0%,0.0%,0.0%,0.0%
20250114-M-Australian_Open-R128-Matteo_Arnaldi-Lorenzo_Musetti,Matteo Arnaldi,2,73,54.8%,47.6%,57.7%,43.6%,54.8%,33.3%,41.2%,23.1%,33.3%,25.0%
20250114-M-Australian_Open-R128-Matteo_Arnaldi-Lorenzo_Musetti,Lorenzo Musetti,1,89,62.9%,45.0%,58.7%,42.4%,53.8%,45.5%,58.8%,50.0%,58.3%,50.0%
20250114-M-Australian_Open-R128-Matteo_Arnaldi-Lorenzo_Musetti,Lorenzo Musetti,2,53,56.6%,43.9%,64.3%,50.0%,55.6%,50.0%,57.1%,50.0%,60.0%,50.0%
20250114-M-Australian_Open-R128-Kasidit_Samrej-Daniil_Medvedev,Kasidit Samrej,1,90,64.4%,52.9%,65.5%,55.8%,63.2%,41.7%,50.0%,33.3%,45.5%,45.5%
20250114-M-Australian_Open-R128-Kasidit_Samrej-Daniil_Medvedev,Kasidit Samrej,2,59,50.8%,35.6%,44.4%,35.5%,40.7%,30.4%,50.0%,46.2%,66.7%,57.1%
20250114-M-Australian_Open-R128-Kasidit_Samrej-Daniil_Medvedev,Daniil Medvedev,1,58,91.4%,78.3%,81.8%,71.4%,83.3%,60.0%,75.0%,50.0%,50.0%,50.0%
20250114-M-Australian_Open-R128-Kasidit_Samrej-Daniil_Medvedev,Daniil Medvedev,2,38,73.7%,65.5%,73.1%,53.3%,66.7%,50.0%,66.7%,33.3%,100.0%,-
20250114-M-Australian_Open-R128-Hubert_Hurkacz-Tallon_Griekspoor,Hubert Hurkacz,1,63,77.8%,54.8%,68.0%,55.6%,71.4%,50.0%,80.0%,50.0%,50.0%,0.0%
20250114-M-Australian_Open-R128-Hubert_Hurkacz-Tallon_Griekspoor,Hubert Hurkacz,2,19,68.4%,62.5%,90.9%,88.9%,100.0%,100.0%,100.0%,100.0%,100.0%,100.0%
20250114-M-Australian_Open-R128-Hubert_Hurkacz-Tallon_Griekspoor,Tallon Griekspoor,1,70,71.4%,51.2%,61.8%,40.9%,45.0%,21.4%,37.5%,16.7%,20.0%,0.0%
20250114-M-Australian_Open-R128-Hubert_Hurkacz-Tallon_Griekspoor,Tallon Griekspoor,2,45,48.9%,42.5%,54.8%,48.1%,65.0%,56.3%,75.0%,57.1%,66.7%,33.3%
20250114-M-Australian_Open-R128-Giovanni_Mpetshi_Perricard-Gael_Monfils,Giovanni Mpetshi Perricard,1,114,74.6%,58.0%,71.4%,52.9%,69.2%,50.0%,53.3%,30.0%,42.9%,33.3%
20250114-M-Australian_Open-R128-Giovanni_Mpetshi_Perricard-Gael_Monfils,Giovanni Mpetshi Perricard,2,58,70.7%,57.5%,65.7%,52.0%,68.4%,60.0%,75.0%,62.5%,83.3%,75.0%
20250114-M-Australian_Open-R128-Giovanni_Mpetshi_Perricard-Gael_Monfils,Gael Monfils,1,103,84.5%,73.3%,75.9%,65.0%,74.3%,64.0%,72.7%,57.1%,72.7%,50.0%
20250114-M-Australian_Open-R128-Giovanni_Mpetshi_Perricard-Gael_Monfils,Gael Monfils,2,55,74.5%,58.8%,76.9%,66.7%,80.0%,75.0%,81.8%,77.8%,87.5%,83.3%
20250114-M-Australian_Open-R128-Andrey_Rublev-Joao_Fonseca,Andrey Rublev,1,73,68.5%,46.5%,55.6%,27.3%,42.9%,33.3%,44.4%,16.7%,33.3%,33.3%
20250114-M-Australian_Open-R128-Andrey_Rublev-Joao_Fonseca,Andrey Rublev,2,27,66.7%,52.6%,71.4%,55.6%,83.3%,0.0%,-,-,-,-
20250114-M-Australian_Open-R128-Andrey_Rublev-Joao_Fonseca,Joao Fonseca,1,84,78.6%,58.1%,69.4%,45.0%,56.3%,22.2%,28.6%,0.0%,0.0%,0.0%
20250114-M-Australian_Open-R128-Andrey_Rublev-Joao_Fonseca,Joao Fonseca,2,35,54.3%,50.0%,69.6%,63.2%,70.6%,50.0%,62.5%,50.0%,75.0%,66.7%
20250114-M-Australian_Open-R128-Alex_De_Minaur-Botic_Van_De_Zandschulp,Alex De Minaur,1,59,81.4%,66.7%,73.3%,66.7%,80.0%,71.4%,76.9%,70.0%,70.0%,66.7%
20250114-M-Australian_Open-R128-Alex_De_Minaur-Botic_Van_De_Zandschulp,Alex De Minaur,2,30,56.7%,45.8%,55.0%,50.0%,52.9%,46.7%,53.8%,45.5%,55.6%,50.0%
20250114-M-Australian_Open-R128-Alex_De_Minaur-Botic_Van_De_Zandschulp,Botic Van De Zandschulp,1,44,63.6%,40.7%,47.8%,25.0%,30.8%,10.0%,10.0%,0.0%,0.0%,0.0%
20250114-M-Australian_Open-R128-Alex_De_Minaur-Botic_Van_De_Zandschulp,Botic Van De Zandschulp,2,39,56.4%,43.3%,48.1%,41.7%,45.5%,40.0%,53.3%,46.2%,60.0%,55.6%
20250114-M-Australian_Open-R128-Adrian_Mannarino-Karen_Khachanov,Adrian Mannarino,1,47,63.8%,48.5%,57.1%,45.5%,58.8%,46.2%,54.5%,44.4%,57.1%,25.0%
20250114-M-Australian_Open-R128-Adrian_Mannarino-Karen_Khachanov,Adrian Mannarino,2,52,50.0%,44.7%,52.5%,38.7%,48.0%,38.1%,42.1%,26.7%,40.0%,33.3%
20250114-M-Australian_Open-R128-Adrian_Mannarino-Karen_Khachanov,Karen Khachanov,1,53,83.0%,71.9%,79.3%,68.4%,72.2%,54.5%,75.0%,66.7%,100.0%,100.0%
20250114-M-Australian_Open-R128-Adrian_Mannarino-Karen_Khachanov,Karen Khachanov,2,24,58.3%,50.0%,71.4%,63.6%,70.0%,62.5%,83.3%,80.0%,80.0%,66.7%
20250113-M-Australian_Open-R128-Novak_Djokovic-Nishesh_Basavareddy,Novak Djokovic,1,72,77.8%,40.7%,57.9%,52.9%,69.2%,60.0%,66.7%,62.5%,62.5%,50.0%
20250113-M-Australian_Open-R128-Novak_Djokovic-Nishesh_Basavareddy,Novak Djokovic,2,30,70.0%,60.9%,66.7%,58.8%,76.9%,75.0%,90.0%,87.5%,100.0%,100.0%
20250113-M-Australian_Open-R128-Novak_Djokovic-Nishesh_Basavareddy,Nishesh Basavareddy,1,71,71.8%,63.6%,70.0%,54.5%,66.7%,52.6%,62.5%,50.0%,66.7%,57.1%
20250113-M-Australian_Open-R128-Novak_Djokovic-Nishesh_Basavareddy,Nishesh Basavareddy,2,50,52.0%,36.8%,42.4%,32.1%,40.9%,23.5%,33.3%,20.0%,28.6%,28.6%
20250113-M-Australian_Open-R128-Jannik_Sinner-Nicolas_Jarry,Jannik Sinner,1,58,82.8%,65.5%,73.1%,50.0%,63.6%,33.3%,66.7%,50.0%,100.0%,100.0%
20250113-M-Australian_Open-R128-Jannik_Sinner-Nicolas_Jarry,Jannik Sinner,2,42,71.4%,61.3%,73.1%,50.0%,58.3%,44.4%,44.4%,28.6%,50.0%,33.3%
20250113-M-Australian_Open-R128-Jannik_Sinner-Nicolas_Jarry,Nicolas Jarry,1,71,73.2%,53.7%,61.1%,46.2%,75.0%,63.6%,70.0%,50.0%,75.0%,66.7%
20250113-M-Australian_Open-R128-Jannik_Sinner-Nicolas_Jarry,Nicolas Jarry,2,23,56.5%,44.4%,57.1%,33.3%,37.5%,16.7%,50.0%,50.0%,50.0%,0.0%
20250113-M-Australian_Open-R128-Christopher_Oconnell-Tommy_Paul,Christopher Oconnell,1,114,66.7%,52.5%,59.2%,37.0%,54.8%,41.7%,71.4%,42.9%,50.0%,40.0%
20250113-M-Australian_Open-R128-Christopher_Oconnell-Tommy_Paul,Christopher Oconnell,2,63,46.0%,39.3%,48.9%,41.0%,48.5%,43.3%,54.2%,35.3%,46.2%,30.0%
20250113-M-Australian_Open-R128-Christopher_Oconnell-Tommy_Paul,Tommy Paul,1,91,80.2%,68.4%,78.0%,56.0%,73.7%,44.4%,100.0%,100.0%,100.0%,100.0%
20250113-M-Australian_Open-R128-Christopher_Oconnell-Tommy_Paul,Tommy Paul,2,55,52.7%,44.7%,55.3%,48.5%,57.1%,47.8%,57.9%,46.7%,53.8%,45.5%
20250113-M-Australian_Open-R128-Brandon_Nakashima-Ben_Shelton,Brandon Nakashima,1,73,71.2%,41.7%,50.0%,37.5%,42.9%,29.4%,41.7%,12.5%,20.0%,20.0%
20250113-M-Australian_Open-R128-Brandon_Nakashima-Ben_Shelton,Brandon Nakashima,2,36,61.1%,53.3%,61.5%,58.3%,70.0%,60.0%,64.3%,50.0%,55.6%,55.6%
20250113-M-Australian_Open-R128-Brandon_Nakashima-Ben_Shelton,Ben Shelton,1,67,71.6%,42.4%,53.8%,42.9%,52.9%,33.3%,57.1%,50.0%,100.0%,100.0%
20250113-M-Australian_Open-R128-Brandon_Nakashima-Ben_Shelton,Ben Shelton,2,43,72.1%,60.0%,75.0%,68.4%,86.7%,81.8%,90.0%,80.0%,80.0%,66.7%
20250113-M-Australian_Open-R128-Alexander_Shevchenko-Carlos_Alcaraz,Alexander Shevchenko,1,54,51.9%,38.1%,50.0%,33.3%,42.1%,38.9%,58.3%,28.6%,100.0%,100.0%
20250113-M-Australian_Open-R128-Alexander_Shevchenko-Carlos_Alcaraz,Alexander Shevchenko,2,35,40.0%,32.3%,43.5%,31.6%,42.9%,33.3%,50.0%,42.9%,50.0%,25.0%
20250113-M-Australian_Open-R128-Alexander_Shevchenko-Carlos_Alcaraz,Carlos Alcaraz,1,48,68.8%,48.3%,70.0%,45.5%,83.3%,80.0%,80.0%,0.0%,0.0%,0.0%
20250113-M-Australian_Open-R128-Alexander_Shevchenko-Carlos_Alcaraz,Carlos Alcaraz,2,29,75.9%,69.6%,80.0%,63.6%,70.0%,66.7%,85.7%,50.0%,50.0%,50.0%
20250113-M-Australian_Open-R128-Alex_Michelsen-Stefanos_Tsitsipas,Alex Michelsen,1,85,69.4%,52.7%,64.4%,52.9%,64.3%,37.5%,50.0%,33.3%,33.3%,33.3%
20250113-M-Australian_Open-R128-Alex_Michelsen-Stefanos_Tsitsipas,Alex Michelsen,2,31,64.5%,59.3%,69.6%,61.1%,73.3%,50.0%,57.1%,57.1%,80.0%,66.7%
20250113-M-Australian_Open-R128-Alex_Michelsen-Stefanos_Tsitsipas,Stefanos Tsitsipas,1,72,68.1%,48.9%,64.7%,29.4%,35.7%,25.0%,33.3%,25.0%,40.0%,0.0%
20250113-M-Australian_Open-R128-Alex_Michelsen-Stefanos_Tsitsipas,Stefanos Tsitsipas,2,42,57.1%,45.5%,51.7%,41.7%,52.6%,35.7%,55.6%,33.3%,40.0%,25.0%
20250112-M-Australian_Open-R128-Otto_Virtanen-Arthur_Fils,Otto Virtanen,1,81,74.1%,54.3%,71.4%,50.0%,66.7%,50.0%,62.5%,25.0%,33.3%,0.0%
20250112-M-Australian_Open-R128-Otto_Virtanen-Arthur_Fils,Otto Virtanen,2,53,58.5%,46.3%,57.6%,41.7%,52.6%,25.0%,30.0%,22.2%,28.6%,28.6%
20250112-M-Australian_Open-R128-Otto_Virtanen-Arthur_Fils,Arthur Fils,1,74,81.1%,65.0%,81.3%,68.4%,68.4%,50.0%,60.0%,33.3%,40.0%,25.0%
20250112-M-Australian_Open-R128-Otto_Virtanen-Arthur_Fils,Arthur Fils,2,40,57.5%,46.9%,60.0%,41.2%,58.3%,28.6%,50.0%,33.3%,50.0%,0.0%
20250112-M-Australian_Open-R128-Kei_Nishikori-Thiago_Monteiro,Kei Nishikori,1,101,81.2%,67.8%,72.7%,42.3%,64.7%,50.0%,85.7%,66.7%,100.0%,100.0%
20250112-M-Australian_Open-R128-Kei_Nishikori-Thiago_Monteiro,Kei Nishikori,2,36,61.1%,46.2%,70.6%,58.3%,63.6%,50.0%,66.7%,60.0%,75.0%,66.7%
20250112-M-Australian_Open-R128-Kei_Nishikori-Thiago_Monteiro,Thiago Monteiro,1,109,73.4%,49.1%,58.3%,37.5%,46.2%,36.4%,44.4%,37.5%,60.0%,60.0%
20250112-M-Australian_Open-R128-Kei_Nishikori-Thiago_Monteiro,Thiago Monteiro,2,55,56.4%,40.0%,53.3%,41.7%,55.6%,38.5%,55.6%,42.9%,50.0%,40.0%
20250112-M-Australian_Open-R128-Casper_Ruud-Jaume_Munar,Casper Ruud,1,83,68.7%,58.1%,70.6%,57.1%,69.0%,40.0%,54.5%,44.4%,66.7%,50.0%
20250112-M-Australian_Open-R128-Casper_Ruud-Jaume_Munar,Casper Ruud,2,38,60.5%,44.4%,46.2%,30.0%,31.6%,23.5%,28.6%,23.1%,30.0%,30.0%
20250112-M-Australian_Open-R128-Casper_Ruud-Jaume_Munar,Jaume Munar,1,90,73.3%,60.7%,68.5%,50.0%,60.7%,42.1%,53.3%,36.4%,66.7%,60.0%
20250112-M-Australian_Open-R128-Casper_Ruud-Jaume_Munar,Jaume Munar,2,45,40.0%,27.0%,35.7%,28.0%,30.4%,30.4%,38.9%,26.7%,40.0%,25.0%
20250107-M-Australian_Open-Q1-Dominik_Koepfer-Ignacio_Buse,Dominik Koepfer,1,53,73.6%,51.7%,57.7%,47.6%,58.8%,22.2%,50.0%,0.0%,0.0%,0.0%
20250107-M-Australian_Open-Q1-Dominik_Koepfer-Ignacio_Buse,Dominik Koepfer,2,33,66.7%,54.2%,61.9%,50.0%,66.7%,50.0%,50.0%,42.9%,50.0%,40.0%
20250107-M-Australian_Open-Q1-Dominik_Koepfer-Ignacio_Buse,Ignacio Buse,1,76,69.7%,55.8%,65.9%,54.5%,64.3%,52.4%,73.3%,66.7%,88.9%,83.3%
20250107-M-Australian_Open-Q1-Dominik_Koepfer-Ignacio_Buse,Ignacio Buse,2,27,44.4%,37.5%,52.9%,46.7%,50.0%,36.4%,40.0%,33.3%,37.5%,37.5%
20250106-M-Australian_Open-Q1-Elmer_Moller-Lukas_Neumayer,Elmer Moller,1,65,70.8%,53.7%,66.7%,59.3%,66.7%,52.9%,64.3%,37.5%,42.9%,42.9%
20250106-M-Australian_Open-Q1-Elmer_Moller-Lukas_Neumayer,Elmer Moller,2,36,47.2%,45.7%,55.2%,50.0%,68.4%,45.5%,55.6%,42.9%,42.9%,0.0%
20250106-M-Australian_Open-Q1-Elmer_Moller-Lukas_Neumayer,Lukas Neumayer,1,74,71.6%,61.1%,71.7%,55.2%,64.0%,55.0%,64.7%,50.0%,60.0%,50.0%
20250106-M-Australian_Open-Q1-Elmer_Moller-Lukas_Neumayer,Lukas Neumayer,2,43,48.8%,40.5%,55.6%,33.3%,46.2%,36.4%,44.4%,37.5%,75.0%,66.7%
20240908-M-US_Open-F-Taylor_Fritz-Jannik_Sinner,Taylor Fritz,1,54,68.5%,45.2%,58.3%,37.5%,46.2%,36.4%,50.0%,33.3%,50.0%,50.0%
20240908-M-US_Open-F-Taylor_Fritz-Jannik_Sinner,Taylor Fritz,2,32,46.9%,39.3%,42.3%,37.5%,40.9%,38.1%,42.1%,42.1%,53.3%,50.0%
20240908-M-US_Open-F-Taylor_Fritz-Jannik_Sinner,Jannik Sinner,1,43,88.4%,82.1%,92.0%,80.0%,88.9%,85.7%,100.0%,100.0%,100.0%,100.0%
20240908-M-US_Open-F-Taylor_Fritz-Jannik_Sinner,Jannik Sinner,2,36,52.8%,39.3%,52.4%,41.2%,46.7%,38.5%,50.0%,44.4%,57.1%,50.0%
20240906-M-US_Open-SF-Taylor_Fritz-Frances_Tiafoe,Taylor Fritz,1,77,74.0%,52.4%,62.9%,40.9%,56.3%,46.2%,60.0%,50.0%,80.0%,75.0%
20240906-M-US_Open-SF-Taylor_Fritz-Frances_Tiafoe,Taylor Fritz,2,51,70.6%,59.5%,71.0%,60.9%,63.6%,55.6%,66.7%,61.5%,66.7%,50.0%
20240906-M-US_Open-SF-Taylor_Fritz-Frances_Tiafoe,Frances Tiafoe,1,71,80.3%,67.4%,74.4%,63.0%,73.9%,45.5%,50.0%,44.4%,57.1%,25.0%
20240906-M-US_Open-SF-Taylor_Fritz-Frances_Tiafoe,Frances Tiafoe,2,51,52.9%,47.8%,62.9%,56.7%,68.0%,57.9%,64.7%,50.0%,66.7%,50.0%
20240906-M-US_Open-SF-Jack_Draper-Jannik_Sinner,Jack Draper,1,64,67.2%,46.2%,52.9%,36.0%,42.9%,36.8%,50.0%,30.0%,60.0%,50.0%
20240906-M-US_Open-SF-Jack_Draper-Jannik_Sinner,Jack Draper,2,57,56.1%,47.9%,57.5%,45.2%,53.8%,45.5%,58.8%,41.7%,55.6%,33.3%
20240906-M-US_Open-SF-Jack_Draper-Jannik_Sinner,Jannik Sinner,1,62,77.4%,60.0%,75.0%,66.7%,73.7%,64.3%,64.3%,50.0%,62.5%,50.0%
20240906-M-US_Open-SF-Jack_Draper-Jannik_Sinner,Jannik Sinner,2,32,78.1%,74.1%,87.0%,81.3%,86.7%,66.7%,66.7%,60.0%,75.0%,66.7%
20240904-M-US_Open-QF-Daniil_Medvedev-Jannik_Sinner,Daniil Medvedev,1,61,67.2%,55.6%,55.6%,42.9%,55.6%,42.9%,56.3%,50.0%,63.6%,55.6%
20240904-M-US_Open-QF-Daniil_Medvedev-Jannik_Sinner,Daniil Medvedev,2,42,47.6%,40.5%,46.9%,39.3%,47.8%,40.0%,47.1%,40.0%,75.0%,50.0%
20240904-M-US_Open-QF-Daniil_Medvedev-Jannik_Sinner,Jannik Sinner,1,51,76.5%,65.7%,71.9%,55.0%,68.8%,58.3%,58.3%,50.0%,55.6%,42.9%
20240904-M-US_Open-QF-Daniil_Medvedev-Jannik_Sinner,Jannik Sinner,2,45,62.2%,51.4%,56.3%,53.3%,57.1%,47.8%,55.0%,50.0%,52.9%,52.9%
20240903-M-US_Open-QF-Grigor_Dimitrov-Frances_Tiafoe,Grigor Dimitrov,1,71,74.6%,59.1%,72.2%,61.5%,76.2%,66.7%,76.9%,72.7%,100.0%,100.0%
20240903-M-US_Open-QF-Grigor_Dimitrov-Frances_Tiafoe,Grigor Dimitrov,2,48,45.8%,39.5%,48.6%,43.8%,60.9%,50.0%,64.3%,58.3%,87.5%,80.0%
20240903-M-US_Open-QF-Grigor_Dimitrov-Frances_Tiafoe,Frances Tiafoe,1,53,73.6%,48.1%,54.2%,42.1%,50.0%,42.9%,46.2%,46.2%,66.7%,50.0%
20240903-M-US_Open-QF-Grigor_Dimitrov-Frances_Tiafoe,Frances Tiafoe,2,49,73.5%,68.3%,75.7%,67.9%,70.4%,65.2%,78.9%,69.2%,81.8%,75.0%
20240902-M-US_Open-R16-Nuno_Borges-Daniil_Medvedev,Nuno Borges,1,36,52.8%,34.6%,39.1%,33.3%,46.7%,38.5%,55.6%,42.9%,75.0%,50.0%
20240902-M-US_Open-R16-Nuno_Borges-Daniil_Medvedev,Nuno Borges,2,43,44.2%,40.0%,48.5%,37.0%,52.6%,35.7%,38.5%,27.3%,42.9%,20.0%
20240902-M-US_Open-R16-Nuno_Borges-Daniil_Medvedev,Daniil Medvedev,1,46,78.3%,60.0%,71.4%,64.7%,78.6%,62.5%,71.4%,0.0%,0.0%,0.0%
20240902-M-US_Open-R16-Nuno_Borges-Daniil_Medvedev,Daniil Medvedev,2,22,63.6%,57.9%,61.1%,56.3%,69.2%,63.6%,63.6%,33.3%,50.0%,33.3%
20240902-M-US_Open-R16-Jannik_Sinner-Tommy_Paul,Jannik Sinner,1,49,79.6%,64.3%,72.0%,46.2%,54.5%,37.5%,50.0%,0.0%,0.0%,0.0%
20240902-M-US_Open-R16-Jannik_Sinner-Tommy_Paul,Jannik Sinner,2,48,58.3%,48.7%,61.3%,45.5%,58.8%,56.3%,75.0%,70.0%,77.8%,60.0%
20240902-M-US_Open-R16-Jannik_Sinner-Tommy_Paul,Tommy Paul,1,68,64.7%,53.8%,62.2%,46.9%,51.7%,26.3%,31.3%,15.4%,25.0%,25.0%
20240902-M-US_Open-R16-Jannik_Sinner-Tommy_Paul,Tommy Paul,2,40,45.0%,37.1%,43.3%,32.0%,44.4%,33.3%,55.6%,50.0%,66.7%,33.3%
20240901-M-US_Open-R32-Daniil_Medvedev-Flavio_Cobolli,Daniil Medvedev,1,47,80.9%,60.9%,63.6%,57.9%,64.7%,40.0%,44.4%,28.6%,50.0%,33.3%
20240901-M-US_Open-R32-Daniil_Medvedev-Flavio_Cobolli,Daniil Medvedev,2,31,54.8%,50.0%,58.3%,50.0%,55.6%,46.7%,50.0%,50.0%,53.8%,40.0%
20240901-M-US_Open-R32-Daniil_Medvedev-Flavio_Cobolli,Flavio Cobolli,1,37,48.6%,26.9%,36.8%,25.0%,40.0%,0.0%,0.0%,0.0%,0.0%,0.0%
20240901-M-US_Open-R32-Daniil_Medvedev-Flavio_Cobolli,Flavio Cobolli,2,55,52.7%,50.0%,60.5%,51.4%,64.3%,56.5%,65.0%,53.3%,61.5%,58.3%
20240901-M-US_Open-R16-Grigor_Dimitrov-Andrey_Rublev,Grigor Dimitrov,1,99,79.8%,62.3%,68.8%,55.9%,70.4%,63.6%,73.7%,64.3%,69.2%,60.0%
20240901-M-US_Open-R16-Grigor_Dimitrov-Andrey_Rublev,Grigor Dimitrov,2,62,50.0%,40.4%,52.5%,34.5%,41.7%,36.4%,50.0%,46.7%,70.0%,40.0%
20240901-M-US_Open-R16-Grigor_Dimitrov-Andrey_Rublev,Andrey Rublev,1,75,80.0%,61.5%,66.7%,45.5%,52.6%,30.8%,50.0%,42.9%,60.0%,50.0%
20240901-M-US_Open-R16-Grigor_Dimitrov-Andrey_Rublev,Andrey Rublev,2,46,60.9%,50.0%,58.1%,45.8%,55.0%,40.0%,54.5%,50.0%,55.6%,50.0%
20240901-M-US_Open-R16-Casper_Ruud-Taylor_Fritz,Casper Ruud,1,70,80.0%,71.4%,79.5%,67.9%,73.1%,53.3%,57.1%,45.5%,62.5%,50.0%
20240901-M-US_Open-R16-Casper_Ruud-Taylor_Fritz,Casper Ruud,2,35,51.4%,45.2%,56.0%,38.9%,58.3%,28.6%,40.0%,25.0%,25.0%,0.0%
20240901-M-US_Open-R16-Casper_Ruud-Taylor_Fritz,Taylor Fritz,1,63,84.1%,67.7%,77.8%,50.0%,54.5%,37.5%,60.0%,33.3%,50.0%,50.0%
20240901-M-US_Open-R16-Casper_Ruud-Taylor_Fritz,Taylor Fritz,2,34,64.7%,55.6%,62.5%,57.1%,66.7%,57.1%,61.5%,28.6%,40.0%,25.0%
20240831-M-US_Open-R32-Jannik_Sinner-Christopher_Oconnell,Jannik Sinner,1,45,82.2%,65.2%,75.0%,66.7%,90.9%,83.3%,83.3%,66.7%,100.0%,100.0%
20240831-M-US_Open-R32-Jannik_Sinner-Christopher_Oconnell,Jannik Sinner,2,22,72.7%,68.4%,72.2%,68.8%,84.6%,77.8%,77.8%,60.0%,60.0%,33.3%
20240831-M-US_Open-R32-Jannik_Sinner-Christopher_Oconnell,Christopher Oconnell,1,45,57.8%,42.4%,56.0%,31.3%,50.0%,37.5%,50.0%,40.0%,50.0%,33.3%
20240831-M-US_Open-R32-Jannik_Sinner-Christopher_Oconnell,Christopher Oconnell,2,31,48.4%,46.7%,63.6%,60.0%,66.7%,50.0%,60.0%,42.9%,50.0%,25.0%
20240831-M-US_Open-R32-Jack_Draper-Botic_Van_De_Zandschulp,Jack Draper,1,61,77.0%,58.8%,62.5%,50.0%,54.5%,41.2%,53.8%,45.5%,50.0%,16.7%
20240831-M-US_Open-R32-Jack_Draper-Botic_Van_De_Zandschulp,Jack Draper,2,40,50.0%,37.5%,48.0%,43.5%,55.6%,42.9%,54.5%,37.5%,50.0%,25.0%
20240831-M-US_Open-R32-Jack_Draper-Botic_Van_De_Zandschulp,Botic Van De Zandschulp,1,41,70.7%,57.1%,64.0%,50.0%,60.0%,50.0%,54.5%,28.6%,50.0%,33.3%
20240831-M-US_Open-R32-Jack_Draper-Botic_Van_De_Zandschulp,Botic Van De Zandschulp,2,21,42.9%,40.0%,61.5%,54.5%,60.0%,60.0%,75.0%,66.7%,100.0%,100.0%
20240831-M-US_Open-R32-David_Goffin-Tomas_Machac,David Goffin,1,39,61.5%,57.1%,66.7%,47.4%,52.9%,38.5%,45.5%,25.0%,33.3%,0.0%
20240831-M-US_Open-R32-David_Goffin-Tomas_Machac,David Goffin,2,27,44.4%,37.5%,47.4%,41.2%,63.6%,60.0%,85.7%,75.0%,75.0%,75.0%
20240831-M-US_Open-R32-David_Goffin-Tomas_Machac,Tomas Machac,1,32,87.5%,60.0%,75.0%,66.7%,80.0%,50.0%,50.0%,0.0%,-,-
20240831-M-US_Open-R32-David_Goffin-Tomas_Machac,Tomas Machac,2,27,66.7%,57.1%,70.6%,61.5%,66.7%,50.0%,57.1%,40.0%,50.0%,50.0%
20240830-M-US_Open-R32-Novak_Djokovic-Alexei_Popyrin,Novak Djokovic,1,76,71.1%,53.2%,56.8%,42.4%,50.0%,33.3%,53.8%,25.0%,66.7%,0.0%
20240830-M-US_Open-R32-Novak_Djokovic-Alexei_Popyrin,Novak Djokovic,2,40,62.5%,42.3%,52.4%,41.2%,50.0%,46.2%,54.5%,44.4%,57.1%,25.0%
20240830-M-US_Open-R32-Novak_Djokovic-Alexei_Popyrin,Alexei Popyrin,1,74,74.3%,56.8%,71.4%,58.3%,70.0%,57.1%,80.0%,71.4%,83.3%,83.3%
20240830-M-US_Open-R32-Novak_Djokovic-Alexei_Popyrin,Alexei Popyrin,2,47,51.1%,41.0%,55.2%,43.5%,55.6%,42.9%,46.2%,41.7%,62.5%,57.1%
20240830-M-US_Open-R32-Lorenzo_Musetti-Brandon_Nakashima,Lorenzo Musetti,1,68,69.1%,56.3%,60.0%,48.6%,60.7%,45.0%,56.3%,36.4%,50.0%,33.3%
20240830-M-US_Open-R32-Lorenzo_Musetti-Brandon_Nakashima,Lorenzo Musetti,2,48,58.3%,53.5%,56.1%,51.4%,57.6%,51.7%,60.0%,52.4%,55.0%,43.8%
20240830-M-US_Open-R32-Lorenzo_Musetti-Brandon_Nakashima,Brandon Nakashima,1,84,76.2%,59.2%,65.9%,53.1%,58.6%,42.9%,52.9%,42.9%,54.5%,50.0%
20240830-M-US_Open-R32-Lorenzo_Musetti-Brandon_Nakashima,Brandon Nakashima,2,39,51.3%,47.2%,50.0%,46.9%,50.0%,46.4%,56.5%,44.4%,53.3%,46.2%
20240830-M-US_Open-R32-Grigor_Dimitrov-Tallon_Griekspoor,Grigor Dimitrov,1,38,92.1%,80.0%,92.3%,85.7%,85.7%,80.0%,80.0%,66.7%,66.7%,50.0%
20240830-M-US_Open-R32-Grigor_Dimitrov-Tallon_Griekspoor,Grigor Dimitrov,2,29,62.1%,47.6%,66.7%,54.5%,60.0%,42.9%,50.0%,50.0%,50.0%,25.0%
20240830-M-US_Open-R32-Grigor_Dimitrov-Tallon_Griekspoor,Tallon Griekspoor,1,36,69.4%,45.0%,56.3%,30.0%,42.9%,20.0%,33.3%,0.0%,0.0%,0.0%
20240830-M-US_Open-R32-Grigor_Dimitrov-Tallon_Griekspoor,Tallon Griekspoor,2,28,53.6%,35.0%,50.0%,30.0%,33.3%,14.3%,20.0%,0.0%,0.0%,0.0%
20240830-M-US_Open-R32-Ben_Shelton-Frances_Tiafoe,Ben Shelton,1,114,71.1%,51.5%,64.8%,48.6%,60.0%,47.8%,64.7%,25.0%,33.3%,20.0%
20240830-M-US_Open-R32-Ben_Shelton-Frances_Tiafoe,Ben Shelton,2,54,51.9%,43.5%,48.8%,25.0%,33.3%,17.6%,25.0%,10.0%,12.5%,12.5%
20240830-M-US_Open-R32-Ben_Shelton-Frances_Tiafoe,Frances Tiafoe,1,92,76.1%,62.7%,77.1%,59.3%,69.6%,53.3%,80.0%,75.0%,85.7%,80.0%
20240830-M-US_Open-R32-Ben_Shelton-Frances_Tiafoe,Frances Tiafoe,2,62,64.5%,58.5%,66.0%,57.9%,68.8%,58.3%,66.7%,50.0%,63.6%,55.6%
20240830-M-US_Open-R32-Andrey_Rublev-Jiri_Lehecka,Andrey Rublev,1,54,88.9%,71.4%,83.3%,78.6%,78.6%,66.7%,85.7%,75.0%,100.0%,100.0%
20240830-M-US_Open-R32-Andrey_Rublev-Jiri_Lehecka,Andrey Rublev,2,28,50.0%,30.0%,66.7%,62.5%,71.4%,60.0%,75.0%,66.7%,100.0%,100.0%
20240830-M-US_Open-R32-Andrey_Rublev-Jiri_Lehecka,Jiri Lehecka,1,62,62.9%,36.1%,50.0%,27.8%,38.5%,11.1%,14.3%,14.3%,25.0%,25.0%
20240830-M-US_Open-R32-Andrey_Rublev-Jiri_Lehecka,Jiri Lehecka,2,39,56.4%,43.3%,65.0%,30.0%,42.9%,33.3%,40.0%,25.0%,33.3%,33.3%
20240829-M-US_Open-R64-Taylor_Fritz-Matteo_Berrettini,Taylor Fritz,1,40,90.0%,78.9%,83.3%,72.7%,88.9%,83.3%,100.0%,100.0%,100.0%,100.0%
20240829-M-US_Open-R64-Taylor_Fritz-Matteo_Berrettini,Taylor Fritz,2,30,90.0%,85.0%,89.5%,80.0%,100.0%,100.0%,100.0%,100.0%,100.0%,100.0%
20240829-M-US_Open-R64-Taylor_Fritz-Matteo_Berrettini,Matteo Berrettini,1,44,75.0%,57.7%,65.2%,38.5%,55.6%,50.0%,57.1%,40.0%,50.0%,50.0%
20240829-M-US_Open-R64-Taylor_Fritz-Matteo_Berrettini,Matteo Berrettini,2,42,47.6%,38.9%,50.0%,30.0%,40.0%,25.0%,30.0%,30.0%,37.5%,16.7%
20240829-M-US_Open-R64-Otto_Virtanen-Alex_De_Minaur,Otto Virtanen,1,65,63.1%,44.2%,55.9%,37.5%,52.9%,20.0%,28.6%,0.0%,0.0%,0.0%
20240829-M-US_Open-R64-Otto_Virtanen-Alex_De_Minaur,Otto Virtanen,2,43,48.8%,37.1%,41.9%,33.3%,47.4%,23.1%,30.0%,30.0%,33.3%,14.3%
20240829-M-US_Open-R64-Otto_Virtanen-Alex_De_Minaur,Alex De Minaur,1,41,70.7%,58.6%,70.8%,56.3%,69.2%,50.0%,66.7%,60.0%,100.0%,100.0%
20240829-M-US_Open-R64-Otto_Virtanen-Alex_De_Minaur,Alex De Minaur,2,42,78.6%,72.7%,77.4%,74.1%,80.0%,68.8%,78.6%,72.7%,80.0%,75.0%
20240829-M-US_Open-R64-Hubert_Hurkacz-Jordan_Thompson,Hubert Hurkacz,1,54,61.1%,36.4%,54.5%,37.5%,60.0%,33.3%,50.0%,33.3%,100.0%,100.0%
20240829-M-US_Open-R64-Hubert_Hurkacz-Jordan_Thompson,Hubert Hurkacz,2,36,52.8%,43.3%,50.0%,27.8%,35.7%,30.8%,50.0%,33.3%,50.0%,33.3%
20240829-M-US_Open-R64-Hubert_Hurkacz-Jordan_Thompson,Jordan Thompson,1,51,82.4%,57.1%,70.6%,50.0%,62.5%,50.0%,60.0%,50.0%,66.7%,50.0%
20240829-M-US_Open-R64-Hubert_Hurkacz-Jordan_Thompson,Jordan Thompson,2,50,52.0%,46.7%,53.8%,43.8%,53.8%,45.5%,55.6%,38.5%,62.5%,57.1%
20240829-M-US_Open-R64-Gabriel_Diallo-Arthur_Fils,Gabriel Diallo,1,75,77.3%,52.8%,59.4%,45.8%,57.9%,33.3%,50.0%,20.0%,25.0%,25.0%
20240829-M-US_Open-R64-Gabriel_Diallo-Arthur_Fils,Gabriel Diallo,2,49,63.3%,45.5%,55.6%,50.0%,66.7%,62.5%,66.7%,64.3%,69.2%,55.6%
20240829-M-US_Open-R64-Gabriel_Diallo-Arthur_Fils,Arthur Fils,1,76,68.4%,48.9%,65.7%,52.0%,72.2%,58.3%,77.8%,66.7%,66.7%,33.3%
20240829-M-US_Open-R64-Gabriel_Diallo-Arthur_Fils,Arthur Fils,2,56,57.1%,41.5%,54.8%,41.7%,50.0%,33.3%,50.0%,37.5%,42.9%,33.3%
20240829-M-US_Open-R64-Fabian_Marozsan-Daniil_Medvedev,Fabian Marozsan,1,61,65.6%,48.8%,55.6%,46.7%,60.9%,55.0%,55.0%,43.8%,53.8%,40.0%
20240829-M-US_Open-R64-Fabian_Marozsan-Daniil_Medvedev,Fabian Marozsan,2,31,32.3%,30.0%,36.0%,30.4%,43.8%,30.8%,36.4%,30.0%,42.9%,20.0%
20240829-M-US_Open-R64-Fabian_Marozsan-Daniil_Medvedev,Daniil Medvedev,1,41,65.9%,41.7%,45.5%,33.3%,37.5%,33.3%,62.5%,50.0%,60.0%,33.3%
20240829-M-US_Open-R64-Fabian_Marozsan-Daniil_Medvedev,Daniil Medvedev,2,39,66.7%,60.6%,66.7%,54.5%,70.6%,64.3%,81.8%,71.4%,71.4%,66.7%
20240829-M-US_Open-R64-Botic_Van_De_Zandschulp-Carlos_Alcaraz,Botic Van De Zandschulp,1,63,77.8%,70.8%,77.3%,68.8%,73.3%,52.9%,69.2%,60.0%,75.0%,60.0%
20240829-M-US_Open-R64-Botic_Van_De_Zandschulp-Carlos_Alcaraz,Botic Van De Zandschulp,2,25,52.0%,47.8%,50.0%,42.1%,47.1%,43.8%,58.3%,44.4%,57.1%,50.0%
20240829-M-US_Open-R64-Botic_Van_De_Zandschulp-Carlos_Alcaraz,Carlos Alcaraz,1,43,60.5%,39.3%,50.0%,26.7%,40.0%,25.0%,28.6%,0.0%,0.0%,0.0%
20240829-M-US_Open-R64-Botic_Van_De_Zandschulp-Carlos_Alcaraz,Carlos Alcaraz,2,26,53.8%,45.5%,52.6%,43.8%,58.3%,50.0%,55.6%,20.0%,33.3%,0.0%
20240829-M-US_Open-R64-Alex_Michelsen-Jannik_Sinner,Alex Michelsen,1,43,65.1%,53.1%,58.6%,40.0%,61.5%,44.4%,57.1%,40.0%,50.0%,50.0%
20240829-M-US_Open-R64-Alex_Michelsen-Jannik_Sinner,Alex Michelsen,2,25,20.0%,20.0%,25.0%,11.8%,16.7%,9.1%,25.0%,25.0%,33.3%,0.0%
20240829-M-US_Open-R64-Alex_Michelsen-Jannik_Sinner,Jannik Sinner,1,37,81.1%,63.2%,66.7%,45.5%,71.4%,66.7%,100.0%,100.0%,100.0%,100.0%
20240829-M-US_Open-R64-Alex_Michelsen-Jannik_Sinner,Jannik Sinner,2,26,57.7%,42.1%,44.4%,41.2%,53.8%,45.5%,55.6%,33.3%,66.7%,50.0%
20240829-M-US_Open-R64-Adrian_Mannarino-David_Goffin,Adrian Mannarino,1,73,56.2%,42.9%,49.0%,24.2%,28.6%,23.1%,31.6%,23.5%,33.3%,20.0%
20240829-M-US_Open-R64-Adrian_Mannarino-David_Goffin,Adrian Mannarino,2,65,52.3%,44.6%,56.8%,54.8%,65.7%,55.6%,65.2%,55.6%,71.4%,60.0%
20240829-M-US_Open-R64-Adrian_Mannarino-David_Goffin,David Goffin,1,86,70.9%,60.3%,66.7%,56.8%,64.1%,54.8%,63.0%,41.2%,50.0%,50.0%
20240829-M-US_Open-R64-Adrian_Mannarino-David_Goffin,David Goffin,2,50,52.0%,41.5%,45.9%,39.4%,50.0%,43.5%,52.6%,47.1%,61.5%,50.0%
20240828-M-US_Open-R64-Novak_Djokovic-Laslo_Djere,Novak Djokovic,1,42,78.6%,66.7%,72.0%,58.8%,76.9%,62.5%,62.5%,50.0%,50.0%,40.0%
20240828-M-US_Open-R64-Novak_Djokovic-Laslo_Djere,Novak Djokovic,2,39,59.0%,40.7%,55.0%,47.1%,53.3%,53.3%,61.5%,54.5%,66.7%,62.5%
20240828-M-US_Open-R64-Novak_Djokovic-Laslo_Djere,Laslo Djere,1,44,65.9%,44.4%,57.1%,47.1%,53.3%,36.4%,44.4%,37.5%,42.9%,33.3%
20240828-M-US_Open-R64-Novak_Djokovic-Laslo_Djere,Laslo Djere,2,28,35.7%,28.0%,31.8%,31.8%,38.9%,31.3%,45.5%,40.0%,50.0%,42.9%
20240828-M-US_Open-R64-Lorenzo_Musetti-Miomir_Kecmanovic,Lorenzo Musetti,1,100,67.0%,47.6%,65.2%,52.9%,56.3%,33.3%,77.8%,71.4%,71.4%,60.0%
20240828-M-US_Open-R64-Lorenzo_Musetti-Miomir_Kecmanovic,Lorenzo Musetti,2,44,56.8%,42.4%,56.0%,52.2%,63.2%,36.4%,50.0%,33.3%,40.0%,40.0%
20240828-M-US_Open-R64-Lorenzo_Musetti-Miomir_Kecmanovic,Miomir Kecmanovic,1,83,71.1%,62.5%,70.2%,54.1%,69.0%,59.1%,68.4%,64.7%,91.7%,90.0%
20240828-M-US_Open-R64-Lorenzo_Musetti-Miomir_Kecmanovic,Miomir Kecmanovic,2,66,54.5%,47.4%,61.4%,39.3%,50.0%,45.0%,56.3%,41.7%,62.5%,0.0%
20240827-M-US_Open-R128-Tristan_Schoolkate-Taro_Daniel,Tristan Schoolkate,1,94,77.7%,52.3%,67.6%,38.9%,70.0%,50.0%,75.0%,66.7%,100.0%,100.0%
20240827-M-US_Open-R128-Tristan_Schoolkate-Taro_Daniel,Tristan Schoolkate,2,53,56.6%,42.5%,48.6%,40.0%,57.1%,40.0%,66.7%,50.0%,75.0%,50.0%
20240827-M-US_Open-R128-Tristan_Schoolkate-Taro_Daniel,Taro Daniel,1,91,75.8%,60.7%,70.8%,62.2%,71.9%,43.8%,50.0%,36.4%,50.0%,33.3%
20240827-M-US_Open-R128-Tristan_Schoolkate-Taro_Daniel,Taro Daniel,2,63,57.1%,44.9%,64.7%,40.0%,50.0%,11.1%,16.7%,16.7%,33.3%,0.0%
20240827-M-US_Open-R128-Stefanos_Tsitsipas-Thanasi_Kokkinakis,Stefanos Tsitsipas,1,66,68.2%,38.2%,54.2%,15.4%,25.0%,0.0%,0.0%,0.0%,0.0%,0.0%
20240827-M-US_Open-R128-Stefanos_Tsitsipas-Thanasi_Kokkinakis,Stefanos Tsitsipas,2,56,62.5%,44.7%,58.6%,45.5%,66.7%,37.5%,50.0%,40.0%,50.0%,33.3%
20240827-M-US_Open-R128-Stefanos_Tsitsipas-Thanasi_Kokkinakis,Thanasi Kokkinakis,1,65,80.0%,59.4%,67.9%,50.0%,64.3%,50.0%,71.4%,33.3%,50.0%,50.0%
20240827-M-US_Open-R128-Stefanos_Tsitsipas-Thanasi_Kokkinakis,Thanasi Kokkinakis,2,61,62.3%,51.1%,63.2%,46.2%,52.2%,26.7%,36.4%,22.2%,40.0%,25.0%
20240827-M-US_Open-R128-Stan_Wawrinka-Mattia_Bellucci,Stan Wawrinka,1,46,82.6%,57.9%,68.8%,58.3%,87.5%,80.0%,80.0%,50.0%,50.0%,0.0%
20240827-M-US_Open-R128-Stan_Wawrinka-Mattia_Bellucci,Stan Wawrinka,2,48,58.3%,53.5%,60.5%,44.4%,63.2%,46.2%,54.5%,37.5%,60.0%,50.0%
20240827-M-US_Open-R128-Stan_Wawrinka-Mattia_Bellucci,Mattia Bellucci,1,59,88.1%,65.0%,86.7%,77.8%,100.0%,100.0%,100.0%,100.0%,100.0%,100.0%
20240827-M-US_Open-R128-Stan_Wawrinka-Mattia_Bellucci,Mattia Bellucci,2,30,63.3%,50.0%,61.1%,50.0%,58.3%,54.5%,54.5%,44.4%,50.0%,42.9%
20240827-M-US_Open-R128-Radu_Albot-Novak_Djokovic,Radu Albot,1,67,58.2%,44.0%,59.5%,51.6%,64.0%,43.8%,50.0%,41.7%,41.7%,36.4%
20240827-M-US_Open-R128-Radu_Albot-Novak_Djokovic,Radu Albot,2,23,43.5%,35.0%,38.9%,31.3%,33.3%,28.6%,40.0%,40.0%,50.0%,42.9%
20240827-M-US_Open-R128-Radu_Albot-Novak_Djokovic,Novak Djokovic,1,39,74.4%,54.5%,63.2%,30.0%,37.5%,28.6%,50.0%,0.0%,0.0%,0.0%
20240827-M-US_Open-R128-Radu_Albot-Novak_Djokovic,Novak Djokovic,2,34,73.5%,64.0%,84.2%,80.0%,80.0%,62.5%,62.5%,50.0%,60.0%,50.0%
20240827-M-US_Open-R128-Li_Tu-Carlos_Alcaraz,Li Tu,1,72,58.3%,45.5%,56.8%,40.6%,56.5%,41.2%,50.0%,36.4%,80.0%,75.0%
20240827-M-US_Open-R128-Li_Tu-Carlos_Alcaraz,Li Tu,2,43,48.8%,33.3%,36.7%,24.0%,33.3%,14.3%,22.2%,22.2%,40.0%,25.0%
20240827-M-US_Open-R128-Li_Tu-Carlos_Alcaraz,Carlos Alcaraz,1,56,80.4%,69.4%,78.1%,68.2%,78.9%,71.4%,90.9%,80.0%,100.0%,100.0%
20240827-M-US_Open-R128-Li_Tu-Carlos_Alcaraz,Carlos Alcaraz,2,30,73.3%,68.0%,73.9%,60.0%,75.0%,62.5%,62.5%,25.0%,50.0%,50.0%
20240827-M-US_Open-R128-Learner_Tien-Arthur_Fils,Learner Tien,1,63,54.0%,38.3%,48.6%,32.1%,39.1%,36.4%,47.1%,25.0%,30.0%,30.0%
20240827-M-US_Open-R128-Learner_Tien-Arthur_Fils,Learner Tien,2,39,59.0%,48.4%,55.6%,45.5%,55.6%,46.7%,63.6%,50.0%,66.7%,60.0%
20240827-M-US_Open-R128-Learner_Tien-Arthur_Fils,Arthur Fils,1,65,76.9%,65.9%,72.5%,56.0%,73.7%,58.3%,77.8%,71.4%,83.3%,66.7%
20240827-M-US_Open-R128-Learner_Tien-Arthur_Fils,Arthur Fils,2,43,48.8%,40.5%,48.4%,30.4%,38.9%,35.3%,46.2%,30.0%,42.9%,20.0%
20240827-M-US_Open-R128-Karen_Khachanov-Daniel_Evans,Karen Khachanov,1,103,64.1%,48.6%,61.4%,45.0%,64.3%,41.2%,70.0%,66.7%,75.0%,33.3%
20240827-M-US_Open-R128-Karen_Khachanov-Daniel_Evans,Karen Khachanov,2,74,59.5%,51.6%,64.0%,51.4%,61.3%,47.8%,52.4%,37.5%,50.0%,33.3%
20240827-M-US_Open-R128-Karen_Khachanov-Daniel_Evans,Daniel Evans,1,108,74.1%,61.1%,69.8%,48.6%,66.7%,47.1%,66.7%,50.0%,57.1%,50.0%
20240827-M-US_Open-R128-Karen_Khachanov-Daniel_Evans,Daniel Evans,2,88,53.4%,46.1%,55.6%,44.0%,55.0%,47.1%,61.5%,52.4%,55.0%,52.6%
20240827-M-US_Open-R128-Jannik_Sinner-Mackenzie_Mcdonald,Jannik Sinner,1,52,75.0%,50.0%,59.1%,40.0%,54.5%,37.5%,42.9%,42.9%,42.9%,20.0%
20240827-M-US_Open-R128-Jannik_Sinner-Mackenzie_Mcdonald,Jannik Sinner,2,37,56.8%,50.0%,61.5%,50.0%,55.6%,55.6%,71.4%,60.0%,66.7%,50.0%
20240827-M-US_Open-R128-Jannik_Sinner-Mackenzie_Mcdonald,Mackenzie Mcdonald,1,59,55.9%,44.7%,53.8%,40.0%,57.1%,35.7%,50.0%,28.6%,40.0%,25.0%
20240827-M-US_Open-R128-Jannik_Sinner-Mackenzie_Mcdonald,Mackenzie Mcdonald,2,33,48.5%,43.3%,59.1%,47.1%,53.3%,50.0%,63.6%,42.9%,50.0%,40.0%
20240827-M-US_Open-R128-Jakub_Mensik-Felix_Auger_Aliassime,Jakub Mensik,1,45,86.7%,72.7%,76.2%,61.5%,72.7%,62.5%,83.3%,66.7%,66.7%,66.7%
20240827-M-US_Open-R128-Jakub_Mensik-Felix_Auger_Aliassime,Jakub Mensik,2,36,47.2%,36.7%,42.3%,21.1%,33.3%,20.0%,25.0%,0.0%,0.0%,0.0%
20240827-M-US_Open-R128-Jakub_Mensik-Felix_Auger_Aliassime,Felix Auger Aliassime,1,41,68.3%,43.5%,62.5%,40.0%,44.4%,28.6%,33.3%,33.3%,50.0%,33.3%
20240827-M-US_Open-R128-Jakub_Mensik-Felix_Auger_Aliassime,Felix Auger Aliassime,2,27,51.9%,38.1%,53.3%,36.4%,50.0%,33.3%,66.7%,50.0%,100.0%,100.0%
20240827-M-US_Open-R128-Hubert_Hurkacz-Timofey_Skatov,Hubert Hurkacz,1,56,85.7%,46.7%,63.6%,42.9%,60.0%,33.3%,100.0%,100.0%,100.0%,100.0%
20240827-M-US_Open-R128-Hubert_Hurkacz-Timofey_Skatov,Hubert Hurkacz,2,45,57.8%,38.7%,52.2%,31.3%,50.0%,44.4%,50.0%,42.9%,42.9%,0.0%
20240827-M-US_Open-R128-Hubert_Hurkacz-Timofey_Skatov,Timofey Skatov,1,77,70.1%,54.0%,60.0%,41.9%,61.9%,42.9%,66.7%,50.0%,60.0%,50.0%
20240827-M-US_Open-R128-Hubert_Hurkacz-Timofey_Skatov,Timofey Skatov,2,50,50.0%,43.2%,50.0%,42.4%,50.0%,41.7%,55.6%,42.9%,46.2%,36.4%
20240827-M-US_Open-R128-Alex_De_Minaur-Marcos_Giron,Alex De Minaur,1,57,66.7%,45.7%,55.2%,40.9%,56.3%,41.7%,50.0%,16.7%,25.0%,25.0%
20240827-M-US_Open-R128-Alex_De_Minaur-Marcos_Giron,Alex De Minaur,2,70,68.6%,65.6%,73.7%,68.1%,74.4%,65.6%,84.0%,66.7%,72.7%,50.0%
20240827-M-US_Open-R128-Alex_De_Minaur-Marcos_Giron,Marcos Giron,1,68,63.2%,47.9%,50.0%,30.3%,37.0%,29.2%,36.8%,29.4%,38.5%,27.3%
20240827-M-US_Open-R128-Alex_De_Minaur-Marcos_Giron,Marcos Giron,2,64,53.1%,50.0%,56.6%,48.9%,57.9%,48.4%,57.7%,45.0%,52.9%,50.0%
20240826-M-US_Open-R128-Taylor_Fritz-Camilo_Ugo_Carabelli,Taylor Fritz,1,43,81.4%,66.7%,76.2%,61.5%,66.7%,50.0%,66.7%,33.3%,100.0%,100.0%
20240826-M-US_Open-R128-Taylor_Fritz-Camilo_Ugo_Carabelli,Taylor Fritz,2,30,60.0%,33.3%,46.2%,36.4%,40.0%,33.3%,33.3%,33.3%,42.9%,42.9%
20240826-M-US_Open-R128-Taylor_Fritz-Camilo_Ugo_Carabelli,Camilo Ugo Carabelli,1,34,58.8%,36.4%,50.0%,33.3%,44.4%,37.5%,42.9%,20.0%,33.3%,0.0%
20240826-M-US_Open-R128-Taylor_Fritz-Camilo_Ugo_Carabelli,Camilo Ugo Carabelli,2,38,50.0%,42.4%,58.3%,52.4%,57.9%,52.9%,69.2%,63.6%,70.0%,50.0%
20240826-M-US_Open-R128-Pedro_Martinez-Maks_Kasnikowski,Pedro Martinez,1,92,68.5%,56.1%,66.1%,57.8%,72.2%,50.0%,66.7%,58.3%,58.3%,37.5%
20240826-M-US_Open-R128-Pedro_Martinez-Maks_Kasnikowski,Pedro Martinez,2,49,71.4%,62.2%,74.2%,60.0%,80.0%,62.5%,71.4%,60.0%,60.0%,33.3%
20240826-M-US_Open-R128-Pedro_Martinez-Maks_Kasnikowski,Maks Kasnikowski,1,97,61.9%,48.6%,55.6%,46.2%,57.1%,43.8%,58.3%,54.5%,63.2%,53.3%
20240826-M-US_Open-R128-Pedro_Martinez-Maks_Kasnikowski,Maks Kasnikowski,2,63,49.2%,41.8%,52.3%,43.2%,53.3%,46.2%,66.7%,53.8%,63.6%,55.6%
20240826-M-US_Open-R128-Lorenzo_Musetti-Reilly_Opelka,Lorenzo Musetti,1,57,75.4%,53.3%,64.0%,30.8%,44.4%,28.6%,33.3%,20.0%,33.3%,33.3%
20240826-M-US_Open-R128-Lorenzo_Musetti-Reilly_Opelka,Lorenzo Musetti,2,51,70.6%,54.5%,72.0%,56.3%,75.0%,0.0%,0.0%,0.0%,-,-
20240826-M-US_Open-R128-Lorenzo_Musetti-Reilly_Opelka,Reilly Opelka,1,81,72.8%,38.9%,58.3%,28.6%,44.4%,0.0%,0.0%,0.0%,0.0%,0.0%
20240826-M-US_Open-R128-Lorenzo_Musetti-Reilly_Opelka,Reilly Opelka,2,44,47.7%,32.4%,52.4%,23.1%,42.9%,0.0%,-,-,-,-
20240826-M-US_Open-R128-Kyrian_Jacquet-Grigor_Dimitrov,Kyrian Jacquet,1,60,53.3%,31.7%,44.8%,33.3%,50.0%,27.3%,42.9%,20.0%,50.0%,50.0%
20240826-M-US_Open-R128-Kyrian_Jacquet-Grigor_Dimitrov,Kyrian Jacquet,2,27,51.9%,43.5%,55.6%,46.7%,63.6%,42.9%,50.0%,40.0%,50.0%,0.0%
20240826-M-US_Open-R128-Kyrian_Jacquet-Grigor_Dimitrov,Grigor Dimitrov,1,38,86.8%,73.7%,87.5%,75.0%,85.7%,80.0%,100.0%,100.0%,100.0%,-
20240826-M-US_Open-R128-Kyrian_Jacquet-Grigor_Dimitrov,Grigor Dimitrov,2,35,62.9%,50.0%,76.5%,73.3%,84.6%,77.8%,77.8%,66.7%,80.0%,66.7%
20240826-M-US_Open-R128-Giovanni_Mpetshi_Perricard-Tomas_Martin_Etcheverry,Giovanni Mpetshi Perricard,1,53,69.8%,33.3%,47.1%,40.0%,54.5%,28.6%,33.3%,20.0%,33.3%,0.0%
20240826-M-US_Open-R128-Giovanni_Mpetshi_Perricard-Tomas_Martin_Etcheverry,Giovanni Mpetshi Perricard,2,30,56.7%,45.8%,61.1%,50.0%,70.0%,57.1%,80.0%,75.0%,100.0%,100.0%
20240826-M-US_Open-R128-Giovanni_Mpetshi_Perricard-Tomas_Martin_Etcheverry,Tomas Martin Etcheverry,1,46,87.0%,76.0%,86.4%,76.9%,76.9%,40.0%,40.0%,0.0%,0.0%,0.0%
20240826-M-US_Open-R128-Giovanni_Mpetshi_Perricard-Tomas_Martin_Etcheverry,Tomas Martin Etcheverry,2,16,81.3%,62.5%,83.3%,80.0%,100.0%,100.0%,100.0%,100.0%,100.0%,100.0%
20240826-M-US_Open-R128-Gael_Monfils-Diego_Schwartzman,Gael Monfils,1,66,77.3%,60.5%,67.6%,47.6%,62.5%,50.0%,66.7%,57.1%,66.7%,60.0%
20240826-M-US_Open-R128-Gael_Monfils-Diego_Schwartzman,Gael Monfils,2,50,60.0%,48.7%,55.9%,44.4%,57.1%,43.8%,50.0%,36.4%,50.0%,42.9%
20240826-M-US_Open-R128-Gael_Monfils-Diego_Schwartzman,Diego Schwartzman,1,74,52.7%,43.5%,51.9%,39.0%,44.4%,37.5%,44.4%,31.8%,46.7%,42.9%
20240826-M-US_Open-R128-Gael_Monfils-Diego_Schwartzman,Diego Schwartzman,2,39,53.8%,52.6%,66.7%,58.3%,58.3%,50.0%,55.6%,42.9%,75.0%,71.4%
20240826-M-US_Open-R128-Casper_Ruud-Bu_Yunchaokete,Casper Ruud,1,43,86.0%,68.4%,81.3%,75.0%,81.8%,66.7%,66.7%,50.0%,50.0%,33.3%
20240826-M-US_Open-R128-Casper_Ruud-Bu_Yunchaokete,Casper Ruud,2,30,70.0%,62.5%,62.5%,40.0%,50.0%,40.0%,44.4%,44.4%,50.0%,42.9%
20240826-M-US_Open-R128-Casper_Ruud-Bu_Yunchaokete,Bu Yunchaokete,1,46,67.4%,46.4%,59.1%,43.8%,58.3%,44.4%,66.7%,60.0%,75.0%,66.7%
20240826-M-US_Open-R128-Casper_Ruud-Bu_Yunchaokete,Bu Yunchaokete,2,44,34.1%,27.5%,39.3%,29.2%,38.9%,35.3%,50.0%,45.5%,55.6%,33.3%
20240826-M-US_Open-R128-Brandon_Nakashima-Holger_Rune,Brandon Nakashima,1,50,84.0%,63.6%,82.4%,72.7%,80.0%,66.7%,80.0%,75.0%,75.0%,50.0%
20240826-M-US_Open-R128-Brandon_Nakashima-Holger_Rune,Brandon Nakashima,2,22,63.6%,42.9%,50.0%,40.0%,57.1%,40.0%,50.0%,50.0%,50.0%,50.0%
20240826-M-US_Open-R128-Brandon_Nakashima-Holger_Rune,Holger Rune,1,34,67.6%,59.3%,66.7%,57.9%,64.7%,53.8%,58.3%,50.0%,62.5%,40.0%
20240826-M-US_Open-R128-Brandon_Nakashima-Holger_Rune,Holger Rune,2,44,47.7%,39.5%,57.7%,50.0%,57.9%,50.0%,57.1%,57.1%,66.7%,42.9%
20240826-M-US_Open-R128-Ben_Shelton-Dominic_Thiem,Ben Shelton,1,45,91.1%,82.6%,86.4%,70.0%,87.5%,66.7%,66.7%,50.0%,100.0%,-
20240826-M-US_Open-R128-Ben_Shelton-Dominic_Thiem,Ben Shelton,2,14,85.7%,77.8%,87.5%,75.0%,100.0%,100.0%,100.0%,-,-,-
20240826-M-US_Open-R128-Ben_Shelton-Dominic_Thiem,Dominic Thiem,1,43,67.4%,50.0%,63.6%,42.9%,54.5%,16.7%,25.0%,0.0%,0.0%,0.0%
20240826-M-US_Open-R128-Ben_Shelton-Dominic_Thiem,Dominic Thiem,2,43,51.2%,40.0%,48.3%,25.0%,33.3%,16.7%,25.0%,25.0%,28.6%,0.0%
20240822-M-US_Open-Q3-Joao_Fonseca-Eliot_Spizzirri,Joao Fonseca,1,83,69.9%,47.9%,60.5%,53.1%,68.0%,60.0%,63.2%,50.0%,58.3%,50.0%
20240822-M-US_Open-Q3-Joao_Fonseca-Eliot_Spizzirri,Joao Fonseca,2,41,56.1%,35.7%,52.6%,43.8%,58.3%,50.0%,55.6%,42.9%,50.0%,40.0%
20240822-M-US_Open-Q3-Joao_Fonseca-Eliot_Spizzirri,Eliot Spizzirri,1,56,75.0%,63.2%,70.6%,52.4%,61.1%,50.0%,77.8%,66.7%,80.0%,75.0%
20240822-M-US_Open-Q3-Joao_Fonseca-Eliot_Spizzirri,Eliot Spizzirri,2,44,70.5%,62.9%,81.5%,70.6%,80.0%,62.5%,83.3%,75.0%,75.0%,50.0%
20240822-M-US_Open-Q3-Jesper_De_Jong-Li_Tu,Jesper De Jong,1,49,65.3%,46.9%,60.0%,47.4%,52.9%,33.3%,36.4%,22.2%,25.0%,0.0%
20240822-M-US_Open-Q3-Jesper_De_Jong-Li_Tu,Jesper De Jong,2,28,53.6%,48.0%,57.1%,35.7%,41.7%,22.2%,33.3%,20.0%,25.0%,0.0%
20240822-M-US_Open-Q3-Jesper_De_Jong-Li_Tu,Li Tu,1,50,62.0%,45.7%,55.2%,38.1%,53.3%,36.4%,50.0%,20.0%,25.0%,0.0%
20240822-M-US_Open-Q3-Jesper_De_Jong-Li_Tu,Li Tu,2,38,71.1%,63.3%,73.1%,58.8%,66.7%,54.5%,54.5%,44.4%,57.1%,40.0%
20240128-M-Australian_Open-F-Jannik_Sinner-Daniil_Medvedev,Jannik Sinner,1,88,73.9%,63.5%,67.8%,53.7%,56.4%,41.4%,57.1%,55.0%,73.3%,63.6%
20240128-M-Australian_Open-F-Jannik_Sinner-Daniil_Medvedev,Jannik Sinner,2,51,58.8%,50.0%,58.3%,51.6%,59.3%,57.7%,68.2%,61.1%,64.7%,53.8%
20240128-M-Australian_Open-F-Jannik_Sinner-Daniil_Medvedev,Daniil Medvedev,1,95,75.8%,61.7%,66.1%,53.7%,71.0%,59.1%,68.4%,57.1%,66.7%,60.0%
20240128-M-Australian_Open-F-Jannik_Sinner-Daniil_Medvedev,Daniil Medvedev,2,40,47.5%,43.2%,50.0%,50.0%,51.6%,46.4%,52.0%,45.5%,58.8%,53.3%
20240126-M-Australian_Open-SF-Jannik_Sinner-Novak_Djokovic,Jannik Sinner,1,64,82.8%,66.7%,68.8%,50.0%,66.7%,44.4%,66.7%,50.0%,66.7%,66.7%
20240126-M-Australian_Open-SF-Jannik_Sinner-Novak_Djokovic,Jannik Sinner,2,45,64.4%,59.0%,60.5%,51.6%,61.5%,50.0%,58.8%,41.7%,50.0%,44.4%
20240126-M-Australian_Open-SF-Jannik_Sinner-Novak_Djokovic,Novak Djokovic,1,78,66.7%,53.6%,63.8%,54.1%,58.8%,50.0%,73.7%,61.5%,80.0%,71.4%
20240126-M-Australian_Open-SF-Jannik_Sinner-Novak_Djokovic,Novak Djokovic,2,34,52.9%,50.0%,64.0%,55.0%,61.1%,53.3%,61.5%,44.4%,57.1%,50.0%
20240126-M-Australian_Open-SF-Daniil_Medvedev-Alexander_Zverev,Daniil Medvedev,1,94,76.6%,62.7%,66.1%,51.3%,58.8%,39.1%,47.4%,33.3%,50.0%,44.4%
20240126-M-Australian_Open-SF-Daniil_Medvedev-Alexander_Zverev,Daniil Medvedev,2,56,62.5%,57.1%,63.6%,52.9%,60.0%,53.8%,73.7%,61.5%,66.7%,60.0%
20240126-M-Australian_Open-SF-Daniil_Medvedev-Alexander_Zverev,Alexander Zverev,1,132,71.2%,57.8%,67.5%,46.8%,52.4%,25.9%,41.2%,16.7%,18.2%,18.2%
20240126-M-Australian_Open-SF-Daniil_Medvedev-Alexander_Zverev,Alexander Zverev,2,37,59.5%,55.9%,67.9%,62.5%,71.4%,64.7%,68.8%,58.3%,58.3%,54.5%
20240124-M-Australian_Open-QF-Hubert_Hurkacz-Daniil_Medvedev,Hubert Hurkacz,1,89,80.9%,63.0%,72.5%,54.2%,65.0%,46.2%,50.0%,25.0%,40.0%,25.0%
20240124-M-Australian_Open-QF-Hubert_Hurkacz-Daniil_Medvedev,Hubert Hurkacz,2,45,57.8%,45.7%,48.5%,32.0%,40.0%,33.3%,35.3%,26.7%,40.0%,33.3%
20240124-M-Australian_Open-QF-Hubert_Hurkacz-Daniil_Medvedev,Daniil Medvedev,1,109,78.0%,68.4%,72.2%,63.6%,71.4%,63.2%,75.0%,66.7%,72.7%,64.7%
20240124-M-Australian_Open-QF-Hubert_Hurkacz-Daniil_Medvedev,Daniil Medvedev,2,61,49.2%,44.6%,47.2%,42.9%,50.0%,41.7%,51.7%,48.1%,56.5%,52.4%
20240124-M-Australian_Open-QF-Alexander_Zverev-Carlos_Alcaraz,Alexander Zverev,1,94,73.4%,60.3%,64.4%,53.3%,63.2%,48.1%,61.9%,50.0%,57.1%,45.5%
20240124-M-Australian_Open-QF-Alexander_Zverev-Carlos_Alcaraz,Alexander Zverev,2,16,50.0%,27.3%,42.9%,42.9%,60.0%,33.3%,50.0%,50.0%,100.0%,100.0%
20240124-M-Australian_Open-QF-Alexander_Zverev-Carlos_Alcaraz,Carlos Alcaraz,1,79,67.1%,52.7%,58.0%,34.4%,42.3%,31.8%,43.8%,25.0%,37.5%,16.7%
20240124-M-Australian_Open-QF-Alexander_Zverev-Carlos_Alcaraz,Carlos Alcaraz,2,36,44.4%,42.9%,57.7%,42.1%,44.4%,28.6%,44.4%,37.5%,60.0%,50.0%
20240123-M-Australian_Open-QF-Andrey_Rublev-Jannik_Sinner,Andrey Rublev,1,71,76.1%,59.5%,73.5%,64.0%,76.2%,61.5%,72.7%,50.0%,60.0%,60.0%
20240123-M-Australian_Open-QF-Andrey_Rublev-Jannik_Sinner,Andrey Rublev,2,28,39.3%,26.1%,30.0%,17.6%,20.0%,20.0%,23.1%,9.1%,12.5%,12.5%
20240123-M-Australian_Open-QF-Andrey_Rublev-Jannik_Sinner,Jannik Sinner,1,75,76.0%,60.0%,64.3%,42.3%,50.0%,31.3%,41.7%,22.2%,33.3%,0.0%
20240123-M-Australian_Open-QF-Andrey_Rublev-Jannik_Sinner,Jannik Sinner,2,39,56.4%,43.3%,48.1%,39.1%,47.4%,33.3%,35.7%,30.8%,40.0%,33.3%
20240122-M-Australian_Open-R16-Miomir_Kecmanovic-Carlos_Alcaraz,Miomir Kecmanovic,1,54,59.3%,42.1%,45.7%,38.7%,44.4%,25.0%,27.8%,23.5%,33.3%,27.3%
20240122-M-Australian_Open-R16-Miomir_Kecmanovic-Carlos_Alcaraz,Miomir Kecmanovic,2,29,51.7%,39.1%,45.0%,38.9%,53.8%,33.3%,42.9%,20.0%,33.3%,33.3%
20240122-M-Australian_Open-R16-Miomir_Kecmanovic-Carlos_Alcaraz,Carlos Alcaraz,1,47,83.0%,75.8%,89.3%,82.4%,82.4%,62.5%,83.3%,80.0%,100.0%,-
20240122-M-Australian_Open-R16-Miomir_Kecmanovic-Carlos_Alcaraz,Carlos Alcaraz,2,22,63.6%,52.9%,56.3%,46.2%,50.0%,45.5%,55.6%,50.0%,50.0%,42.9%
20240122-M-Australian_Open-R16-Cameron_Norrie-Alexander_Zverev,Cameron Norrie,1,105,67.6%,51.4%,59.0%,34.2%,48.1%,33.3%,43.8%,25.0%,33.3%,33.3%
20240122-M-Australian_Open-R16-Cameron_Norrie-Alexander_Zverev,Cameron Norrie,2,62,56.5%,52.6%,58.8%,47.5%,57.6%,44.0%,61.1%,50.0%,58.3%,28.6%
20240122-M-Australian_Open-R16-Cameron_Norrie-Alexander_Zverev,Alexander Zverev,1,114,76.3%,64.5%,67.1%,52.9%,60.0%,40.0%,54.5%,23.1%,33.3%,14.3%
20240122-M-Australian_Open-R16-Cameron_Norrie-Alexander_Zverev,Alexander Zverev,2,30,53.3%,44.0%,50.0%,35.3%,42.9%,33.3%,57.1%,40.0%,40.0%,40.0%
20240122-M-Australian_Open-R16-Arthur_Cazaux-Hubert_Hurkacz,Arthur Cazaux,1,68,77.9%,57.1%,64.5%,63.3%,70.4%,46.7%,70.0%,62.5%,71.4%,71.4%
20240122-M-Australian_Open-R16-Arthur_Cazaux-Hubert_Hurkacz,Arthur Cazaux,2,44,54.5%,47.4%,56.3%,50.0%,58.3%,44.4%,50.0%,38.5%,62.5%,57.1%
20240122-M-Australian_Open-R16-Arthur_Cazaux-Hubert_Hurkacz,Hubert Hurkacz,1,54,90.7%,79.2%,86.4%,57.1%,80.0%,50.0%,100.0%,-,-,-
20240122-M-Australian_Open-R16-Arthur_Cazaux-Hubert_Hurkacz,Hubert Hurkacz,2,32,78.1%,66.7%,73.7%,61.5%,61.5%,44.4%,66.7%,60.0%,60.0%,60.0%
20240121-M-Australian_Open-R16-Stefanos_Tsitsipas-Taylor_Fritz,Stefanos Tsitsipas,1,86,75.6%,61.8%,70.8%,56.3%,66.7%,50.0%,69.2%,42.9%,50.0%,40.0%
20240121-M-Australian_Open-R16-Stefanos_Tsitsipas-Taylor_Fritz,Stefanos Tsitsipas,2,43,51.2%,41.7%,51.7%,39.1%,45.0%,35.3%,42.9%,38.5%,62.5%,25.0%
20240121-M-Australian_Open-R16-Stefanos_Tsitsipas-Taylor_Fritz,Taylor Fritz,1,80,86.3%,71.1%,77.1%,60.0%,70.6%,54.5%,66.7%,62.5%,62.5%,57.1%
20240121-M-Australian_Open-R16-Stefanos_Tsitsipas-Taylor_Fritz,Taylor Fritz,2,31,54.8%,44.0%,61.1%,50.0%,53.8%,33.3%,50.0%,50.0%,50.0%,50.0%
20240121-M-Australian_Open-R16-Karen_Khachanov-Jannik_Sinner,Karen Khachanov,1,61,65.6%,50.0%,56.8%,40.7%,45.8%,35.0%,46.7%,33.3%,44.4%,16.7%
20240121-M-Australian_Open-R16-Karen_Khachanov-Jannik_Sinner,Karen Khachanov,2,30,46.7%,44.8%,48.1%,39.1%,47.4%,47.4%,50.0%,40.0%,54.5%,44.4%
20240121-M-Australian_Open-R16-Karen_Khachanov-Jannik_Sinner,Jannik Sinner,1,52,78.8%,65.6%,75.0%,58.8%,66.7%,50.0%,62.5%,62.5%,71.4%,60.0%
20240121-M-Australian_Open-R16-Karen_Khachanov-Jannik_Sinner,Jannik Sinner,2,42,61.9%,55.6%,60.6%,53.6%,62.5%,40.0%,50.0%,33.3%,42.9%,42.9%
20240120-M-Australian_Open-R32-Ugo_Humbert-Hubert_Hurkacz,Ugo Humbert,1,81,63.0%,49.2%,60.4%,40.6%,52.0%,25.0%,26.7%,26.7%,50.0%,33.3%
20240120-M-Australian_Open-R32-Ugo_Humbert-Hubert_Hurkacz,Ugo Humbert,2,41,58.5%,54.1%,66.7%,60.0%,71.4%,58.3%,77.8%,66.7%,80.0%,0.0%
20240120-M-Australian_Open-R32-Ugo_Humbert-Hubert_Hurkacz,Hubert Hurkacz,1,78,80.8%,57.1%,69.0%,43.8%,53.8%,14.3%,20.0%,20.0%,33.3%,33.3%
20240120-M-Australian_Open-R32-Ugo_Humbert-Hubert_Hurkacz,Hubert Hurkacz,2,44,45.5%,33.3%,44.4%,31.8%,36.8%,20.0%,30.0%,22.2%,40.0%,40.0%
20240120-M-Australian_Open-R32-Felix_Auger_Aliassime-Daniil_Medvedev,Felix Auger Aliassime,1,49,67.3%,46.7%,56.0%,38.9%,53.8%,40.0%,44.4%,37.5%,60.0%,60.0%
20240120-M-Australian_Open-R32-Felix_Auger_Aliassime-Daniil_Medvedev,Felix Auger Aliassime,2,27,51.9%,40.9%,45.0%,42.1%,47.1%,30.8%,36.4%,30.0%,42.9%,42.9%
20240120-M-Australian_Open-R32-Felix_Auger_Aliassime-Daniil_Medvedev,Daniil Medvedev,1,55,78.2%,61.3%,70.4%,61.9%,65.0%,58.8%,66.7%,58.3%,58.3%,54.5%
20240120-M-Australian_Open-R32-Felix_Auger_Aliassime-Daniil_Medvedev,Daniil Medvedev,2,27,55.6%,45.5%,47.6%,35.3%,46.2%,36.4%,44.4%,28.6%,50.0%,50.0%
20240120-M-Australian_Open-R32-Casper_Ruud-Cameron_Norrie,Casper Ruud,1,84,75.0%,57.1%,62.2%,34.6%,45.0%,21.4%,33.3%,14.3%,33.3%,0.0%
20240120-M-Australian_Open-R32-Casper_Ruud-Cameron_Norrie,Casper Ruud,2,34,52.9%,42.9%,50.0%,36.8%,58.3%,54.5%,100.0%,100.0%,100.0%,100.0%
20240120-M-Australian_Open-R32-Casper_Ruud-Cameron_Norrie,Cameron Norrie,1,79,77.2%,67.9%,77.6%,71.1%,84.4%,72.2%,76.5%,69.2%,75.0%,66.7%
20240120-M-Australian_Open-R32-Casper_Ruud-Cameron_Norrie,Cameron Norrie,2,46,65.2%,52.9%,60.0%,50.0%,63.2%,41.7%,62.5%,50.0%,50.0%,50.0%
20240120-M-Australian_Open-R16-Novak_Djokovic-Adrian_Mannarino,Novak Djokovic,1,48,81.3%,59.1%,61.9%,46.7%,46.7%,33.3%,36.4%,22.2%,28.6%,28.6%
20240120-M-Australian_Open-R16-Novak_Djokovic-Adrian_Mannarino,Novak Djokovic,2,16,81.3%,76.9%,83.3%,77.8%,87.5%,83.3%,83.3%,66.7%,66.7%,50.0%
20240120-M-Australian_Open-R16-Novak_Djokovic-Adrian_Mannarino,Adrian Mannarino,1,34,50.0%,22.7%,29.4%,7.7%,10.0%,0.0%,0.0%,0.0%,0.0%,0.0%
20240120-M-Australian_Open-R16-Novak_Djokovic-Adrian_Mannarino,Adrian Mannarino,2,24,33.3%,23.8%,27.8%,23.5%,28.6%,23.1%,27.3%,20.0%,22.2%,22.2%
20240119-M-Australian_Open-R32-Tommy_Paul-Miomir_Kecmanovic,Tommy Paul,1,108,63.9%,43.5%,56.6%,43.9%,51.4%,26.1%,37.5%,28.6%,33.3%,27.3%
20240119-M-Australian_Open-R32-Tommy_Paul-Miomir_Kecmanovic,Tommy Paul,2,75,49.3%,43.3%,56.9%,47.6%,52.6%,41.9%,68.4%,50.0%,60.0%,50.0%
20240119-M-Australian_Open-R32-Tommy_Paul-Miomir_Kecmanovic,Miomir Kecmanovic,1,87,70.1%,52.7%,59.2%,47.4%,56.3%,44.0%,52.4%,44.4%,61.5%,50.0%
20240119-M-Australian_Open-R32-Tommy_Paul-Miomir_Kecmanovic,Miomir Kecmanovic,2,55,49.1%,44.0%,53.7%,42.4%,48.3%,42.3%,52.4%,44.4%,57.1%,50.0%
20240119-M-Australian_Open-R32-Novak_Djokovic-Tomas_Martin_Etcheverry,Novak Djokovic,1,57,86.0%,72.4%,77.8%,71.4%,75.0%,66.7%,76.9%,66.7%,85.7%,83.3%
20240119-M-Australian_Open-R32-Novak_Djokovic-Tomas_Martin_Etcheverry,Novak Djokovic,2,27,59.3%,56.0%,66.7%,61.1%,61.1%,46.2%,60.0%,60.0%,66.7%,62.5%
20240119-M-Australian_Open-R32-Novak_Djokovic-Tomas_Martin_Etcheverry,Tomas Martin Etcheverry,1,72,70.8%,54.3%,59.5%,52.8%,61.3%,45.5%,55.6%,42.9%,50.0%,45.5%
20240119-M-Australian_Open-R32-Novak_Djokovic-Tomas_Martin_Etcheverry,Tomas Martin Etcheverry,2,27,37.0%,32.0%,36.4%,33.3%,41.2%,28.6%,40.0%,33.3%,42.9%,42.9%
20240119-M-Australian_Open-R32-Jannik_Sinner-Sebastian_Baez,Jannik Sinner,1,45,77.8%,58.3%,66.7%,56.3%,69.2%,63.6%,63.6%,50.0%,50.0%,33.3%
20240119-M-Australian_Open-R32-Jannik_Sinner-Sebastian_Baez,Jannik Sinner,2,25,52.0%,50.0%,54.5%,50.0%,52.6%,40.0%,42.9%,33.3%,40.0%,25.0%
20240119-M-Australian_Open-R32-Jannik_Sinner-Sebastian_Baez,Sebastian Baez,1,55,54.5%,45.7%,50.0%,44.7%,56.7%,48.0%,54.5%,50.0%,55.6%,46.7%
20240119-M-Australian_Open-R32-Jannik_Sinner-Sebastian_Baez,Sebastian Baez,2,19,21.1%,0.0%,0.0%,0.0%,0.0%,0.0%,0.0%,0.0%,0.0%,0.0%
20240119-M-Australian_Open-R32-Ben_Shelton-Adrian_Mannarino,Ben Shelton,1,128,67.2%,50.0%,56.8%,45.8%,60.0%,47.1%,59.3%,50.0%,61.1%,53.3%
20240119-M-Australian_Open-R32-Ben_Shelton-Adrian_Mannarino,Ben Shelton,2,46,52.2%,38.9%,42.4%,24.0%,30.0%,26.3%,38.5%,27.3%,37.5%,37.5%
20240119-M-Australian_Open-R32-Ben_Shelton-Adrian_Mannarino,Adrian Mannarino,1,121,62.8%,51.6%,62.3%,51.7%,58.5%,50.0%,62.9%,55.2%,64.0%,50.0%
20240119-M-Australian_Open-R32-Ben_Shelton-Adrian_Mannarino,Adrian Mannarino,2,58,62.1%,56.0%,66.7%,64.1%,73.5%,65.4%,73.9%,66.7%,70.6%,61.5%
20240118-M-Australian_Open-R64-Jakub_Mensik-Hubert_Hurkacz,Jakub Mensik,1,101,75.2%,57.6%,69.4%,57.1%,69.0%,43.8%,50.0%,41.7%,55.6%,50.0%
20240118-M-Australian_Open-R64-Jakub_Mensik-Hubert_Hurkacz,Jakub Mensik,2,56,42.9%,36.0%,46.2%,40.0%,60.9%,35.7%,45.5%,40.0%,44.4%,37.5%
20240118-M-Australian_Open-R64-Jakub_Mensik-Hubert_Hurkacz,Hubert Hurkacz,1,91,82.4%,64.4%,70.7%,58.6%,68.0%,57.9%,61.1%,53.3%,57.1%,50.0%
20240118-M-Australian_Open-R64-Jakub_Mensik-Hubert_Hurkacz,Hubert Hurkacz,2,42,61.9%,48.4%,57.7%,38.9%,53.8%,45.5%,50.0%,44.4%,57.1%,40.0%
20240118-M-Australian_Open-R64-Emil_Ruusuvuori-Daniil_Medvedev,Emil Ruusuvuori,1,109,57.8%,48.3%,53.1%,39.7%,46.3%,38.3%,48.6%,40.6%,50.0%,45.8%
20240118-M-Australian_Open-R64-Emil_Ruusuvuori-Daniil_Medvedev,Emil Ruusuvuori,2,64,56.3%,52.5%,57.4%,52.1%,54.3%,48.8%,52.6%,41.9%,48.1%,41.7%
20240118-M-Australian_Open-R64-Emil_Ruusuvuori-Daniil_Medvedev,Daniil Medvedev,1,107,70.1%,50.0%,56.1%,43.2%,59.4%,40.9%,52.9%,38.5%,62.5%,57.1%
20240118-M-Australian_Open-R64-Emil_Ruusuvuori-Daniil_Medvedev,Daniil Medvedev,2,60,50.0%,45.5%,52.1%,50.0%,56.1%,50.0%,58.1%,45.8%,68.8%,64.3%
20240118-M-Australian_Open-R64-Casper_Ruud-Max_Purcell,Casper Ruud,1,126,78.6%,61.4%,67.2%,50.0%,56.8%,44.8%,65.0%,50.0%,63.6%,50.0%
20240118-M-Australian_Open-R64-Casper_Ruud-Max_Purcell,Casper Ruud,2,44,63.6%,55.6%,76.9%,64.7%,73.3%,55.6%,55.6%,33.3%,40.0%,25.0%
20240118-M-Australian_Open-R64-Casper_Ruud-Max_Purcell,Max Purcell,1,106,78.3%,61.7%,74.0%,55.2%,72.7%,53.8%,63.6%,20.0%,50.0%,0.0%
20240118-M-Australian_Open-R64-Casper_Ruud-Max_Purcell,Max Purcell,2,48,64.6%,54.1%,66.7%,56.5%,68.4%,57.1%,66.7%,42.9%,75.0%,66.7%
20240118-M-Australian_Open-R64-Arthur_Cazaux-Holger_Rune,Arthur Cazaux,1,74,82.4%,66.7%,72.2%,58.3%,66.7%,46.2%,66.7%,66.7%,66.7%,62.5%
20240118-M-Australian_Open-R64-Arthur_Cazaux-Holger_Rune,Arthur Cazaux,2,42,59.5%,52.8%,65.5%,60.0%,65.2%,50.0%,66.7%,55.6%,62.5%,50.0%
20240118-M-Australian_Open-R64-Arthur_Cazaux-Holger_Rune,Holger Rune,1,76,72.4%,56.3%,69.2%,52.0%,68.4%,40.0%,57.1%,40.0%,66.7%,66.7%
20240118-M-Australian_Open-R64-Arthur_Cazaux-Holger_Rune,Holger Rune,2,57,61.4%,50.0%,57.9%,51.5%,60.7%,54.2%,65.0%,46.2%,66.7%,50.0%
20240117-M-Australian_Open-R64-Novak_Djokovic-Alexei_Popyrin,Novak Djokovic,1,73,82.2%,69.8%,76.9%,65.4%,77.3%,66.7%,76.9%,62.5%,71.4%,60.0%
20240117-M-Australian_Open-R64-Novak_Djokovic-Alexei_Popyrin,Novak Djokovic,2,46,58.7%,45.7%,59.3%,52.2%,66.7%,50.0%,54.5%,50.0%,62.5%,40.0%
20240117-M-Australian_Open-R64-Novak_Djokovic-Alexei_Popyrin,Alexei Popyrin,1,65,72.3%,57.1%,66.7%,53.8%,70.0%,60.0%,69.2%,63.6%,100.0%,100.0%
20240117-M-Australian_Open-R64-Novak_Djokovic-Alexei_Popyrin,Alexei Popyrin,2,42,64.3%,58.3%,65.6%,57.7%,57.7%,42.1%,66.7%,42.9%,60.0%,60.0%
20240117-M-Australian_Open-R64-Matteo_Arnaldi-Alex_De_Minaur,Matteo Arnaldi,1,40,60.0%,42.9%,52.2%,42.1%,53.3%,46.2%,75.0%,66.7%,80.0%,66.7%
20240117-M-Australian_Open-R64-Matteo_Arnaldi-Alex_De_Minaur,Matteo Arnaldi,2,40,37.5%,35.9%,45.2%,34.6%,45.0%,26.7%,36.4%,22.2%,33.3%,20.0%
20240117-M-Australian_Open-R64-Matteo_Arnaldi-Alex_De_Minaur,Alex De Minaur,1,49,75.5%,65.7%,74.2%,66.7%,72.7%,57.1%,80.0%,66.7%,80.0%,50.0%
20240117-M-Australian_Open-R64-Matteo_Arnaldi-Alex_De_Minaur,Alex De Minaur,2,30,56.7%,55.2%,66.7%,57.9%,64.7%,57.1%,57.1%,53.8%,77.8%,75.0%
20240117-M-Australian_Open-R64-Luca_Van_Assche-Lorenzo_Musetti,Luca Van Assche,1,75,76.0%,65.4%,69.4%,54.5%,69.2%,50.0%,53.3%,50.0%,63.6%,60.0%
20240117-M-Australian_Open-R64-Luca_Van_Assche-Lorenzo_Musetti,Luca Van Assche,2,55,63.6%,59.2%,65.9%,60.5%,69.7%,61.5%,69.6%,66.7%,73.7%,66.7%
20240117-M-Australian_Open-R64-Luca_Van_Assche-Lorenzo_Musetti,Lorenzo Musetti,1,89,71.9%,59.0%,72.0%,54.8%,65.4%,55.0%,68.8%,50.0%,71.4%,71.4%
20240117-M-Australian_Open-R64-Luca_Van_Assche-Lorenzo_Musetti,Lorenzo Musetti,2,64,42.2%,37.3%,43.1%,37.0%,48.6%,41.9%,44.8%,38.5%,47.6%,35.3%
20240117-M-Australian_Open-R64-Jesper_De_Jong-Jannik_Sinner,Jesper De Jong,1,50,58.0%,36.4%,42.9%,23.8%,29.4%,7.7%,11.1%,11.1%,14.3%,0.0%
20240117-M-Australian_Open-R64-Jesper_De_Jong-Jannik_Sinner,Jesper De Jong,2,27,44.4%,44.4%,52.2%,38.9%,50.0%,41.7%,71.4%,60.0%,60.0%,50.0%
20240117-M-Australian_Open-R64-Jesper_De_Jong-Jannik_Sinner,Jannik Sinner,1,37,86.5%,78.3%,90.0%,80.0%,88.9%,75.0%,100.0%,100.0%,100.0%,100.0%
20240117-M-Australian_Open-R64-Jesper_De_Jong-Jannik_Sinner,Jannik Sinner,2,20,80.0%,71.4%,76.9%,66.7%,85.7%,66.7%,66.7%,50.0%,50.0%,50.0%
20240117-M-Australian_Open-R64-Christopher_Eubanks-Andrey_Rublev,Christopher Eubanks,1,74,66.2%,37.5%,65.2%,52.9%,75.0%,40.0%,50.0%,50.0%,66.7%,0.0%
20240117-M-Australian_Open-R64-Christopher_Eubanks-Andrey_Rublev,Christopher Eubanks,2,19,57.9%,33.3%,57.1%,40.0%,50.0%,33.3%,50.0%,50.0%,100.0%,100.0%
20240117-M-Australian_Open-R64-Christopher_Eubanks-Andrey_Rublev,Andrey Rublev,1,61,83.6%,69.7%,82.1%,75.0%,78.9%,33.3%,50.0%,0.0%,0.0%,0.0%
20240117-M-Australian_Open-R64-Christopher_Eubanks-Andrey_Rublev,Andrey Rublev,2,18,77.8%,69.2%,90.0%,83.3%,83.3%,50.0%,50.0%,50.0%,100.0%,100.0%
20240116-M-Australian_Open-R128-Tommy_Paul-Gregoire_Barrere,Tommy Paul,1,44,84.1%,63.2%,63.2%,30.0%,42.9%,20.0%,50.0%,0.0%,0.0%,0.0%
20240116-M-Australian_Open-R128-Tommy_Paul-Gregoire_Barrere,Tommy Paul,2,24,75.0%,60.0%,64.3%,58.3%,77.8%,71.4%,83.3%,80.0%,80.0%,66.7%
20240116-M-Australian_Open-R128-Tommy_Paul-Gregoire_Barrere,Gregoire Barrere,1,47,63.8%,41.4%,46.2%,30.0%,40.0%,18.2%,28.6%,16.7%,20.0%,0.0%
20240116-M-Australian_Open-R128-Tommy_Paul-Gregoire_Barrere,Gregoire Barrere,2,24,45.8%,43.5%,58.8%,36.4%,44.4%,28.6%,40.0%,0.0%,0.0%,0.0%
20240116-M-Australian_Open-R128-Roman_Safiullin-Tallon_Griekspoor,Roman Safiullin,1,83,77.1%,60.4%,82.9%,62.5%,76.9%,57.1%,66.7%,50.0%,100.0%,100.0%
20240116-M-Australian_Open-R128-Roman_Safiullin-Tallon_Griekspoor,Roman Safiullin,2,56,67.9%,59.1%,72.2%,47.4%,69.2%,55.6%,71.4%,60.0%,75.0%,66.7%
20240116-M-Australian_Open-R128-Roman_Safiullin-Tallon_Griekspoor,Tallon Griekspoor,1,89,73.0%,50.0%,64.9%,35.0%,58.3%,50.0%,62.5%,50.0%,75.0%,66.7%
20240116-M-Australian_Open-R128-Roman_Safiullin-Tallon_Griekspoor,Tallon Griekspoor,2,69,60.9%,41.3%,63.3%,45.0%,56.3%,46.2%,66.7%,50.0%,60.0%,0.0%
20240116-M-Australian_Open-R128-Juncheng_Shang-Mackenzie_Mcdonald,Juncheng Shang,1,84,69.0%,55.9%,67.3%,52.9%,62.1%,38.9%,43.8%,40.0%,54.5%,50.0%
20240116-M-Australian_Open-R128-Juncheng_Shang-Mackenzie_Mcdonald,Juncheng Shang,2,55,52.7%,45.8%,57.9%,46.7%,56.0%,45.0%,60.0%,45.5%,55.6%,20.0%
20240116-M-Australian_Open-R128-Juncheng_Shang-Mackenzie_Mcdonald,Mackenzie Mcdonald,1,78,66.7%,48.0%,63.2%,53.3%,66.7%,38.5%,45.5%,40.0%,50.0%,33.3%
20240116-M-Australian_Open-R128-Juncheng_Shang-Mackenzie_Mcdonald,Mackenzie Mcdonald,2,35,57.1%,42.3%,55.0%,47.1%,57.1%,40.0%,66.7%,33.3%,33.3%,0.0%
20240116-M-Australian_Open-R128-Andy_Murray-Tomas_Martin_Etcheverry,Andy Murray,1,43,72.1%,60.0%,69.2%,60.0%,75.0%,66.7%,72.7%,50.0%,75.0%,75.0%
20240116-M-Australian_Open-R128-Andy_Murray-Tomas_Martin_Etcheverry,Andy Murray,2,37,35.1%,31.4%,39.3%,32.0%,34.8%,25.0%,27.8%,27.8%,33.3%,16.7%
20240116-M-Australian_Open-R128-Andy_Murray-Tomas_Martin_Etcheverry,Tomas Martin Etcheverry,1,57,75.4%,60.0%,65.6%,47.6%,62.5%,50.0%,66.7%,50.0%,60.0%,60.0%
20240116-M-Australian_Open-R128-Andy_Murray-Tomas_Martin_Etcheverry,Tomas Martin Etcheverry,2,23,60.9%,57.1%,66.7%,60.0%,69.2%,60.0%,66.7%,62.5%,83.3%,80.0%
20240115-M-Australian_Open-R128-Stefanos_Tsitsipas-Zizou_Bergs,Stefanos Tsitsipas,1,67,73.1%,48.6%,63.0%,33.3%,55.6%,20.0%,33.3%,0.0%,0.0%,0.0%
20240115-M-Australian_Open-R128-Stefanos_Tsitsipas-Zizou_Bergs,Stefanos Tsitsipas,2,43,60.5%,50.0%,63.0%,50.0%,58.8%,36.4%,80.0%,50.0%,100.0%,-
20240115-M-Australian_Open-R128-Stefanos_Tsitsipas-Zizou_Bergs,Zizou Bergs,1,60,63.3%,47.6%,62.5%,42.9%,56.3%,41.7%,71.4%,60.0%,60.0%,50.0%
20240115-M-Australian_Open-R128-Stefanos_Tsitsipas-Zizou_Bergs,Zizou Bergs,2,50,52.0%,38.5%,46.9%,32.0%,47.1%,43.8%,53.8%,45.5%,71.4%,66.7%
20240115-M-Australian_Open-R128-Stan_Wawrinka-Adrian_Mannarino,Stan Wawrinka,1,70,74.3%,47.1%,59.3%,47.6%,66.7%,54.5%,66.7%,62.5%,62.5%,50.0%
20240115-M-Australian_Open-R128-Stan_Wawrinka-Adrian_Mannarino,Stan Wawrinka,2,68,44.1%,33.3%,44.2%,29.4%,37.0%,32.0%,47.1%,40.0%,46.2%,30.0%
20240115-M-Australian_Open-R128-Stan_Wawrinka-Adrian_Mannarino,Adrian Mannarino,1,75,81.3%,68.2%,76.9%,67.9%,70.4%,57.9%,91.7%,87.5%,87.5%,85.7%
20240115-M-Australian_Open-R128-Stan_Wawrinka-Adrian_Mannarino,Adrian Mannarino,2,50,56.0%,37.1%,46.4%,46.4%,52.0%,40.0%,53.3%,41.7%,45.5%,33.3%
20240115-M-Australian_Open-R128-Rinky_Hijikata-Jan_Lennard_Struff,Rinky Hijikata,1,95,76.8%,53.2%,65.8%,31.6%,37.5%,16.7%,25.0%,25.0%,40.0%,40.0%
20240115-M-Australian_Open-R128-Rinky_Hijikata-Jan_Lennard_Struff,Rinky Hijikata,2,63,49.2%,39.6%,47.7%,39.5%,50.0%,28.6%,42.9%,11.1%,25.0%,0.0%
20240115-M-Australian_Open-R128-Rinky_Hijikata-Jan_Lennard_Struff,Jan Lennard Struff,1,107,76.6%,56.9%,70.2%,36.4%,66.7%,50.0%,100.0%,-,-,-
20240115-M-Australian_Open-R128-Rinky_Hijikata-Jan_Lennard_Struff,Jan Lennard Struff,2,66,50.0%,37.7%,48.8%,32.3%,41.7%,26.3%,33.3%,23.1%,37.5%,28.6%
20240115-M-Australian_Open-R128-Hubert_Hurkacz-Omar_Jasika,Hubert Hurkacz,1,56,85.7%,69.2%,81.8%,63.6%,77.8%,60.0%,75.0%,66.7%,100.0%,-
20240115-M-Australian_Open-R128-Hubert_Hurkacz-Omar_Jasika,Hubert Hurkacz,2,35,57.1%,44.4%,57.1%,43.8%,70.0%,62.5%,62.5%,50.0%,50.0%,50.0%
20240115-M-Australian_Open-R128-Hubert_Hurkacz-Omar_Jasika,Omar Jasika,1,65,61.5%,49.0%,55.8%,44.1%,50.0%,40.0%,52.6%,47.1%,50.0%,38.5%
20240115-M-Australian_Open-R128-Hubert_Hurkacz-Omar_Jasika,Omar Jasika,2,33,63.6%,57.1%,64.0%,59.1%,65.0%,46.2%,54.5%,37.5%,42.9%,33.3%
20240115-M-Australian_Open-R128-Felix_Auger_Aliassime-Dominic_Thiem,Felix Auger Aliassime,1,97,77.3%,59.3%,68.1%,37.5%,42.9%,29.4%,45.5%,25.0%,33.3%,20.0%
20240115-M-Australian_Open-R128-Felix_Auger_Aliassime-Dominic_Thiem,Felix Auger Aliassime,2,59,67.8%,57.8%,59.1%,43.8%,58.3%,41.2%,63.6%,55.6%,55.6%,20.0%
20240115-M-Australian_Open-R128-Felix_Auger_Aliassime-Dominic_Thiem,Dominic Thiem,1,121,70.2%,57.1%,71.6%,54.8%,71.9%,47.1%,61.5%,37.5%,100.0%,100.0%
20240115-M-Australian_Open-R128-Felix_Auger_Aliassime-Dominic_Thiem,Dominic Thiem,2,51,54.9%,48.9%,71.0%,57.1%,60.0%,46.7%,58.3%,37.5%,50.0%,25.0%
20240115-M-Australian_Open-R128-Alex_Michelsen-James_Mccabe,Alex Michelsen,1,80,70.0%,56.4%,67.4%,51.6%,64.0%,40.0%,60.0%,55.6%,55.6%,50.0%
20240115-M-Australian_Open-R128-Alex_Michelsen-James_Mccabe,Alex Michelsen,2,34,67.6%,57.7%,57.7%,52.2%,70.6%,50.0%,55.6%,50.0%,57.1%,25.0%
20240115-M-Australian_Open-R128-Alex_Michelsen-James_Mccabe,James Mccabe,1,70,68.6%,51.1%,60.5%,50.0%,60.0%,50.0%,52.6%,40.0%,60.0%,50.0%
20240115-M-Australian_Open-R128-Alex_Michelsen-James_Mccabe,James Mccabe,2,40,42.5%,36.1%,48.1%,33.3%,46.7%,38.5%,62.5%,50.0%,60.0%,33.3%
20240114-M-Australian_Open-R128-Thiago_Seyboth_Wild-Andrey_Rublev,Thiago Seyboth Wild,1,131,69.5%,53.5%,66.7%,37.8%,60.9%,43.8%,50.0%,46.2%,75.0%,50.0%
20240114-M-Australian_Open-R128-Thiago_Seyboth_Wild-Andrey_Rublev,Thiago Seyboth Wild,2,62,54.8%,42.9%,55.3%,34.6%,45.0%,8.3%,14.3%,0.0%,0.0%,0.0%
20240114-M-Australian_Open-R128-Thiago_Seyboth_Wild-Andrey_Rublev,Andrey Rublev,1,98,82.7%,72.6%,81.8%,70.6%,77.4%,63.2%,80.0%,66.7%,85.7%,66.7%
20240114-M-Australian_Open-R128-Thiago_Seyboth_Wild-Andrey_Rublev,Andrey Rublev,2,52,46.2%,28.2%,50.0%,38.9%,77.8%,66.7%,100.0%,100.0%,100.0%,-
20240114-M-Australian_Open-R128-Matteo_Arnaldi-Adam_Walton,Matteo Arnaldi,1,72,72.2%,51.2%,60.0%,48.1%,65.0%,50.0%,70.0%,50.0%,60.0%,60.0%
20240114-M-Australian_Open-R128-Matteo_Arnaldi-Adam_Walton,Matteo Arnaldi,2,41,51.2%,47.4%,56.3%,50.0%,70.0%,60.0%,81.8%,60.0%,75.0%,0.0%
20240114-M-Australian_Open-R128-Matteo_Arnaldi-Adam_Walton,Adam Walton,1,58,67.2%,61.2%,69.8%,53.6%,55.6%,36.8%,43.8%,25.0%,42.9%,33.3%
20240114-M-Australian_Open-R128-Matteo_Arnaldi-Adam_Walton,Adam Walton,2,34,47.1%,37.9%,45.8%,38.1%,53.3%,50.0%,63.6%,33.3%,33.3%,0.0%
20240114-M-Australian_Open-R128-Jesper_De_Jong-Pedro_Cachin,Jesper De Jong,1,75,74.7%,60.4%,67.4%,51.7%,68.2%,65.0%,72.2%,58.3%,77.8%,60.0%
20240114-M-Australian_Open-R128-Jesper_De_Jong-Pedro_Cachin,Jesper De Jong,2,35,65.7%,61.3%,63.3%,47.6%,50.0%,37.5%,42.9%,27.3%,33.3%,14.3%
20240114-M-Australian_Open-R128-Jesper_De_Jong-Pedro_Cachin,Pedro Cachin,1,66,68.2%,52.3%,62.2%,54.8%,77.3%,54.5%,75.0%,60.0%,75.0%,66.7%
20240114-M-Australian_Open-R128-Jesper_De_Jong-Pedro_Cachin,Pedro Cachin,2,36,52.8%,43.3%,56.5%,52.4%,64.7%,53.8%,63.6%,55.6%,71.4%,60.0%
20240114-M-Australian_Open-R128-Dino_Prizmic-Novak_Djokovic,Dino Prizmic,1,81,65.4%,52.5%,58.5%,46.3%,51.4%,48.6%,53.1%,46.4%,61.9%,55.6%
20240114-M-Australian_Open-R128-Dino_Prizmic-Novak_Djokovic,Dino Prizmic,2,32,37.5%,31.0%,34.6%,29.2%,35.0%,31.6%,33.3%,25.0%,30.8%,30.8%
20240114-M-Australian_Open-R128-Dino_Prizmic-Novak_Djokovic,Novak Djokovic,1,77,66.2%,46.9%,54.8%,34.5%,40.0%,25.0%,33.3%,33.3%,35.7%,35.7%
20240114-M-Australian_Open-R128-Dino_Prizmic-Novak_Djokovic,Novak Djokovic,2,51,62.7%,52.5%,58.3%,50.0%,57.7%,50.0%,55.0%,40.0%,46.2%,41.7%
20240114-M-Australian_Open-R128-Daniel_Elahi_Galan-Jason_Kubler,Daniel Elahi Galan,1,137,65.7%,50.0%,61.8%,46.3%,56.8%,38.7%,44.4%,37.5%,40.9%,31.6%
20240114-M-Australian_Open-R128-Daniel_Elahi_Galan-Jason_Kubler,Daniel Elahi Galan,2,63,44.4%,38.6%,51.2%,47.5%,59.4%,58.1%,72.0%,65.0%,72.2%,64.3%
20240114-M-Australian_Open-R128-Daniel_Elahi_Galan-Jason_Kubler,Jason Kubler,1,109,65.1%,51.3%,58.8%,46.2%,63.2%,50.0%,60.9%,57.1%,66.7%,40.0%
20240114-M-Australian_Open-R128-Daniel_Elahi_Galan-Jason_Kubler,Jason Kubler,2,62,53.2%,43.1%,48.9%,36.1%,41.9%,35.7%,47.6%,42.1%,47.1%,35.7%
20240114-M-Australian_Open-R128-Cristian_Garin-Christopher_Oconnell,Cristian Garin,1,84,67.9%,51.8%,60.4%,50.0%,73.1%,63.2%,75.0%,71.4%,76.9%,62.5%
20240114-M-Australian_Open-R128-Cristian_Garin-Christopher_Oconnell,Cristian Garin,2,54,55.6%,45.5%,54.1%,45.2%,63.6%,50.0%,61.5%,58.3%,70.0%,62.5%
20240114-M-Australian_Open-R128-Cristian_Garin-Christopher_Oconnell,Christopher Oconnell,1,97,75.3%,58.6%,63.0%,42.9%,51.7%,22.2%,40.0%,0.0%,0.0%,0.0%
20240114-M-Australian_Open-R128-Cristian_Garin-Christopher_Oconnell,Christopher Oconnell,2,71,46.5%,36.7%,48.9%,39.5%,44.1%,20.8%,35.7%,25.0%,42.9%,33.3%
20240114-M-Australian_Open-R128-Botic_Van_De_Zandschulp-Jannik_Sinner,Botic Van De Zandschulp,1,69,65.2%,52.9%,64.3%,50.0%,62.5%,52.6%,66.7%,50.0%,62.5%,40.0%
20240114-M-Australian_Open-R128-Botic_Van_De_Zandschulp-Jannik_Sinner,Botic Van De Zandschulp,2,36,41.7%,32.3%,45.5%,40.0%,50.0%,38.5%,41.7%,30.0%,42.9%,33.3%
20240114-M-Australian_Open-R128-Botic_Van_De_Zandschulp-Jannik_Sinner,Jannik Sinner,1,51,68.6%,52.9%,64.3%,44.4%,50.0%,33.3%,33.3%,0.0%,0.0%,0.0%
20240114-M-Australian_Open-R128-Botic_Van_De_Zandschulp-Jannik_Sinner,Jannik Sinner,2,35,68.6%,56.0%,66.7%,61.1%,78.6%,72.7%,80.0%,71.4%,83.3%,83.3%
20240112-M-Australian_Open-Q3-Jesper_De_Jong-Camilo_Ugo_Carabelli,Jesper De Jong,1,72,75.0%,58.1%,71.4%,58.3%,73.7%,50.0%,62.5%,50.0%,75.0%,50.0%
20240112-M-Australian_Open-Q3-Jesper_De_Jong-Camilo_Ugo_Carabelli,Jesper De Jong,2,46,58.7%,51.3%,58.8%,53.3%,64.0%,52.6%,58.8%,50.0%,63.6%,42.9%
20240112-M-Australian_Open-Q3-Jesper_De_Jong-Camilo_Ugo_Carabelli,Camilo Ugo Carabelli,1,58,82.8%,70.6%,80.0%,75.0%,85.7%,76.9%,90.9%,83.3%,100.0%,100.0%
20240112-M-Australian_Open-Q3-Jesper_De_Jong-Camilo_Ugo_Carabelli,Camilo Ugo Carabelli,2,56,53.6%,48.0%,57.1%,48.6%,58.6%,50.0%,57.1%,52.6%,71.4%,50.0%
20240111-M-Australian_Open-Q2-John_Millman-Alex_Molcan,John Millman,1,33,45.5%,35.7%,41.7%,36.4%,42.1%,38.9%,38.9%,31.3%,38.5%,33.3%
20240111-M-Australian_Open-Q2-John_Millman-Alex_Molcan,John Millman,2,24,58.3%,52.4%,57.9%,50.0%,53.3%,53.3%,61.5%,54.5%,60.0%,50.0%
20240111-M-Australian_Open-Q2-John_Millman-Alex_Molcan,Alex Molcan,1,48,72.9%,63.9%,71.9%,59.1%,61.9%,55.6%,66.7%,54.5%,60.0%,50.0%
20240111-M-Australian_Open-Q2-John_Millman-Alex_Molcan,Alex Molcan,2,14,35.7%,25.0%,33.3%,33.3%,37.5%,28.6%,33.3%,33.3%,50.0%,50.0%
20240110-M-Australian_Open-Q1-John_Millman-Alessandro_Giannessi,John Millman,1,44,72.7%,60.0%,66.7%,62.5%,71.4%,64.7%,73.3%,71.4%,76.9%,66.7%
20240110-M-Australian_Open-Q1-John_Millman-Alessandro_Giannessi,John Millman,2,20,50.0%,44.4%,53.3%,41.7%,55.6%,42.9%,50.0%,25.0%,33.3%,33.3%
20240110-M-Australian_Open-Q1-John_Millman-Alessandro_Giannessi,Alessandro Giannessi,1,31,71.0%,50.0%,60.0%,50.0%,50.0%,40.0%,50.0%,42.9%,42.9%,20.0%
20240110-M-Australian_Open-Q1-John_Millman-Alessandro_Giannessi,Alessandro Giannessi,2,12,66.7%,55.6%,62.5%,57.1%,57.1%,40.0%,40.0%,0.0%,0.0%,0.0%
20230910-M-US_Open-F-Novak_Djokovic-Daniil_Medvedev,Novak Djokovic,1,60,81.7%,75.0%,80.5%,68.0%,70.8%,50.0%,53.8%,50.0%,60.0%,55.6%
20230910-M-US_Open-F-Novak_Djokovic-Daniil_Medvedev,Novak Djokovic,2,43,60.5%,56.4%,62.9%,60.6%,66.7%,60.0%,62.5%,55.0%,61.1%,53.3%
20230910-M-US_Open-F-Novak_Djokovic-Daniil_Medvedev,Daniil Medvedev,1,69,71.0%,59.2%,67.4%,57.6%,63.3%,50.0%,52.4%,44.4%,53.3%,50.0%
20230910-M-US_Open-F-Novak_Djokovic-Daniil_Medvedev,Daniil Medvedev,2,31,45.2%,41.4%,52.2%,50.0%,52.4%,47.4%,56.3%,53.3%,53.3%,46.2%
20230909-M-US_Open-SF-Carlos_Alcaraz-Daniil_Medvedev,Carlos Alcaraz,1,94,69.1%,59.7%,78.2%,66.7%,82.8%,70.6%,80.0%,70.0%,77.8%,71.4%
20230909-M-US_Open-SF-Carlos_Alcaraz-Daniil_Medvedev,Carlos Alcaraz,2,39,46.2%,36.4%,42.9%,38.5%,47.6%,45.0%,47.4%,44.4%,53.3%,50.0%
20230909-M-US_Open-SF-Carlos_Alcaraz-Daniil_Medvedev,Daniil Medvedev,1,83,81.9%,70.0%,72.9%,60.6%,71.4%,61.9%,86.7%,80.0%,80.0%,71.4%
20230909-M-US_Open-SF-Carlos_Alcaraz-Daniil_Medvedev,Daniil Medvedev,2,36,63.9%,48.0%,52.2%,31.3%,50.0%,37.5%,60.0%,33.3%,33.3%,33.3%
20230908-M-US_Open-SF-Novak_Djokovic-Ben_Shelton,Novak Djokovic,1,68,82.4%,75.5%,82.2%,73.3%,78.6%,71.4%,78.9%,66.7%,66.7%,55.6%
20230908-M-US_Open-SF-Novak_Djokovic-Ben_Shelton,Novak Djokovic,2,28,39.3%,26.1%,33.3%,25.0%,33.3%,27.3%,33.3%,14.3%,16.7%,16.7%
20230908-M-US_Open-SF-Novak_Djokovic-Ben_Shelton,Ben Shelton,1,72,59.7%,42.0%,52.5%,36.7%,52.4%,37.5%,50.0%,40.0%,80.0%,50.0%
20230908-M-US_Open-SF-Novak_Djokovic-Ben_Shelton,Ben Shelton,2,25,56.0%,47.6%,62.5%,50.0%,66.7%,50.0%,60.0%,50.0%,66.7%,50.0%
20230906-M-US_Open-QF-Carlos_Alcaraz-Alexander_Zverev,Carlos Alcaraz,1,55,76.4%,60.6%,69.0%,52.6%,58.8%,36.4%,44.4%,28.6%,50.0%,50.0%
20230906-M-US_Open-QF-Carlos_Alcaraz-Alexander_Zverev,Carlos Alcaraz,2,39,61.5%,55.9%,65.5%,60.0%,68.2%,53.3%,66.7%,50.0%,80.0%,75.0%
20230906-M-US_Open-QF-Carlos_Alcaraz-Alexander_Zverev,Alexander Zverev,1,52,73.1%,54.8%,60.7%,47.6%,71.4%,60.0%,66.7%,50.0%,50.0%,25.0%
20230906-M-US_Open-QF-Carlos_Alcaraz-Alexander_Zverev,Alexander Zverev,2,21,33.3%,26.3%,45.5%,40.0%,44.4%,28.6%,40.0%,0.0%,0.0%,0.0%
20230906-M-US_Open-QF-Andrey_Rublev-Daniil_Medvedev,Andrey Rublev,1,59,64.4%,53.3%,57.1%,48.6%,60.7%,56.0%,66.7%,63.2%,85.7%,77.8%
20230906-M-US_Open-QF-Andrey_Rublev-Daniil_Medvedev,Andrey Rublev,2,34,32.4%,32.4%,34.4%,30.0%,33.3%,25.0%,28.6%,25.0%,29.4%,20.0%
20230906-M-US_Open-QF-Andrey_Rublev-Daniil_Medvedev,Daniil Medvedev,1,55,74.5%,62.2%,65.7%,33.3%,42.9%,38.5%,55.6%,42.9%,50.0%,40.0%
20230906-M-US_Open-QF-Andrey_Rublev-Daniil_Medvedev,Daniil Medvedev,2,36,36.1%,32.4%,39.3%,19.0%,25.0%,25.0%,33.3%,20.0%,25.0%,14.3%
20230905-M-US_Open-QF-Novak_Djokovic-Taylor_Fritz,Novak Djokovic,1,56,69.6%,60.5%,68.4%,53.8%,60.9%,47.1%,61.5%,44.4%,57.1%,50.0%
20230905-M-US_Open-QF-Novak_Djokovic-Taylor_Fritz,Novak Djokovic,2,33,63.6%,53.8%,66.7%,56.3%,60.0%,40.0%,57.1%,40.0%,66.7%,50.0%
20230905-M-US_Open-QF-Novak_Djokovic-Taylor_Fritz,Taylor Fritz,1,49,73.5%,55.2%,61.5%,37.5%,50.0%,0.0%,0.0%,0.0%,0.0%,0.0%
20230905-M-US_Open-QF-Novak_Djokovic-Taylor_Fritz,Taylor Fritz,2,38,28.9%,28.9%,42.3%,34.8%,50.0%,27.3%,27.3%,20.0%,22.2%,0.0%
20230905-M-US_Open-QF-Frances_Tiafoe-Ben_Shelton,Frances Tiafoe,1,69,62.3%,44.7%,55.3%,41.4%,66.7%,50.0%,75.0%,60.0%,75.0%,50.0%
20230905-M-US_Open-QF-Frances_Tiafoe-Ben_Shelton,Frances Tiafoe,2,49,55.1%,35.3%,50.0%,40.0%,47.1%,35.7%,45.5%,33.3%,50.0%,0.0%
20230905-M-US_Open-QF-Frances_Tiafoe-Ben_Shelton,Ben Shelton,1,63,76.2%,58.3%,63.6%,42.9%,52.9%,38.5%,62.5%,40.0%,50.0%,50.0%
20230905-M-US_Open-QF-Frances_Tiafoe-Ben_Shelton,Ben Shelton,2,34,67.6%,57.7%,65.2%,52.9%,64.3%,37.5%,50.0%,50.0%,75.0%,66.7%
20230904-M-US_Open-R16-Jannik_Sinner-Alexander_Zverev,Jannik Sinner,1,88,68.2%,47.2%,53.2%,37.1%,46.4%,34.8%,53.3%,41.7%,55.6%,33.3%
20230904-M-US_Open-R16-Jannik_Sinner-Alexander_Zverev,Jannik Sinner,2,65,55.4%,49.1%,60.9%,51.4%,55.9%,50.0%,65.2%,52.9%,64.3%,58.3%
20230904-M-US_Open-R16-Jannik_Sinner-Alexander_Zverev,Alexander Zverev,1,113,69.9%,57.5%,65.7%,50.0%,57.1%,41.9%,50.0%,23.5%,36.4%,22.2%
20230904-M-US_Open-R16-Jannik_Sinner-Alexander_Zverev,Alexander Zverev,2,43,55.8%,47.2%,58.6%,52.0%,61.9%,52.9%,60.0%,53.8%,70.0%,62.5%
20230904-M-US_Open-R16-Daniil_Medvedev-Alex_De_Minaur,Daniil Medvedev,1,67,80.6%,68.3%,77.8%,72.4%,80.8%,73.7%,82.4%,75.0%,75.0%,66.7%
20230904-M-US_Open-R16-Daniil_Medvedev-Alex_De_Minaur,Daniil Medvedev,2,31,48.4%,42.9%,48.0%,43.5%,62.5%,53.8%,63.6%,60.0%,75.0%,50.0%
20230904-M-US_Open-R16-Daniil_Medvedev-Alex_De_Minaur,Alex De Minaur,1,50,70.0%,58.3%,61.8%,38.1%,47.1%,35.7%,55.6%,55.6%,55.6%,42.9%
20230904-M-US_Open-R16-Daniil_Medvedev-Alex_De_Minaur,Alex De Minaur,2,43,48.8%,35.3%,41.4%,34.6%,37.5%,28.6%,33.3%,29.4%,35.7%,25.0%
20230903-M-US_Open-R16-Tommy_Paul-Ben_Shelton,Tommy Paul,1,64,76.6%,65.9%,74.4%,54.5%,75.0%,50.0%,66.7%,60.0%,75.0%,75.0%
20230903-M-US_Open-R16-Tommy_Paul-Ben_Shelton,Tommy Paul,2,36,52.8%,34.6%,42.9%,36.8%,43.8%,30.8%,44.4%,37.5%,37.5%,16.7%
20230903-M-US_Open-R16-Tommy_Paul-Ben_Shelton,Ben Shelton,1,83,74.7%,55.3%,65.0%,50.0%,56.0%,31.3%,55.6%,33.3%,50.0%,50.0%
20230903-M-US_Open-R16-Tommy_Paul-Ben_Shelton,Ben Shelton,2,31,61.3%,47.8%,61.1%,41.7%,62.5%,25.0%,33.3%,0.0%,0.0%,0.0%
20230903-M-US_Open-R16-Taylor_Fritz-Dominic_Stricker,Taylor Fritz,1,54,81.5%,58.3%,63.6%,38.5%,50.0%,28.6%,28.6%,0.0%,0.0%,0.0%
20230903-M-US_Open-R16-Taylor_Fritz-Dominic_Stricker,Taylor Fritz,2,38,63.2%,51.7%,62.5%,55.0%,64.7%,50.0%,60.0%,20.0%,33.3%,33.3%
20230903-M-US_Open-R16-Taylor_Fritz-Dominic_Stricker,Dominic Stricker,1,49,81.6%,60.9%,70.0%,40.0%,57.1%,50.0%,75.0%,0.0%,0.0%,0.0%
20230903-M-US_Open-R16-Taylor_Fritz-Dominic_Stricker,Dominic Stricker,2,36,52.8%,45.2%,53.8%,36.8%,43.8%,30.8%,36.4%,22.2%,25.0%,25.0%
20230903-M-US_Open-R16-Rinky_Hijikata-Frances_Tiafoe,Rinky Hijikata,1,44,56.8%,47.2%,65.4%,47.1%,61.5%,28.6%,28.6%,0.0%,0.0%,0.0%
20230903-M-US_Open-R16-Rinky_Hijikata-Frances_Tiafoe,Rinky Hijikata,2,41,48.8%,44.7%,50.0%,34.6%,47.4%,33.3%,41.7%,30.0%,33.3%,33.3%
20230903-M-US_Open-R16-Rinky_Hijikata-Frances_Tiafoe,Frances Tiafoe,1,36,83.3%,45.5%,55.6%,0.0%,-,-,-,-,-,-
20230903-M-US_Open-R16-Rinky_Hijikata-Frances_Tiafoe,Frances Tiafoe,2,26,61.5%,50.0%,58.8%,41.7%,50.0%,28.6%,40.0%,0.0%,-,-
20230903-M-US_Open-R16-Borna_Gojo-Novak_Djokovic,Borna Gojo,1,73,65.8%,41.9%,47.4%,31.0%,36.0%,11.1%,16.7%,16.7%,20.0%,20.0%
20230903-M-US_Open-R16-Borna_Gojo-Novak_Djokovic,Borna Gojo,2,33,48.5%,45.2%,58.3%,44.4%,53.3%,41.7%,41.7%,22.2%,33.3%,20.0%
20230903-M-US_Open-R16-Borna_Gojo-Novak_Djokovic,Novak Djokovic,1,51,88.2%,72.7%,76.2%,54.5%,100.0%,100.0%,100.0%,-,-,-
20230903-M-US_Open-R16-Borna_Gojo-Novak_Djokovic,Novak Djokovic,2,22,59.1%,47.1%,61.5%,54.5%,75.0%,60.0%,100.0%,-,-,-
20230902-M-US_Open-R32-Sebastian_Baez-Daniil_Medvedev,Sebastian Baez,1,56,57.1%,50.0%,60.0%,48.4%,53.6%,40.9%,42.9%,25.0%,33.3%,20.0%
20230902-M-US_Open-R32-Sebastian_Baez-Daniil_Medvedev,Sebastian Baez,2,26,42.3%,42.3%,50.0%,45.0%,50.0%,40.0%,40.0%,35.7%,38.5%,27.3%
20230902-M-US_Open-R32-Sebastian_Baez-Daniil_Medvedev,Daniil Medvedev,1,74,70.3%,58.5%,64.6%,54.1%,60.6%,55.2%,69.6%,61.1%,64.7%,57.1%
20230902-M-US_Open-R32-Sebastian_Baez-Daniil_Medvedev,Daniil Medvedev,2,39,51.3%,40.6%,52.0%,47.8%,52.4%,41.2%,46.7%,42.9%,50.0%,45.5%
20230902-M-US_Open-R32-Nicolas_Jarry-Alex_De_Minaur,Nicolas Jarry,1,44,63.6%,46.7%,56.0%,31.3%,41.7%,30.0%,60.0%,33.3%,33.3%,0.0%
20230902-M-US_Open-R32-Nicolas_Jarry-Alex_De_Minaur,Nicolas Jarry,2,24,33.3%,27.3%,35.3%,31.3%,41.7%,12.5%,14.3%,14.3%,20.0%,20.0%
20230902-M-US_Open-R32-Nicolas_Jarry-Alex_De_Minaur,Alex De Minaur,1,35,85.7%,79.2%,79.2%,72.2%,76.5%,55.6%,71.4%,66.7%,66.7%,50.0%
20230902-M-US_Open-R32-Nicolas_Jarry-Alex_De_Minaur,Alex De Minaur,2,30,70.0%,59.1%,65.0%,63.2%,66.7%,53.8%,63.6%,50.0%,57.1%,25.0%
20230902-M-US_Open-R32-Jannik_Sinner-Stan_Wawrinka,Jannik Sinner,1,74,71.6%,60.4%,71.1%,58.1%,64.3%,50.0%,52.6%,30.8%,50.0%,42.9%
20230902-M-US_Open-R32-Jannik_Sinner-Stan_Wawrinka,Jannik Sinner,2,45,51.1%,48.8%,55.3%,52.8%,61.3%,53.8%,63.6%,50.0%,61.5%,50.0%
20230902-M-US_Open-R32-Jannik_Sinner-Stan_Wawrinka,Stan Wawrinka,1,52,59.6%,36.4%,44.4%,28.6%,40.0%,35.7%,38.5%,33.3%,50.0%,20.0%
20230902-M-US_Open-R32-Jannik_Sinner-Stan_Wawrinka,Stan Wawrinka,2,51,58.8%,51.2%,55.0%,41.9%,56.5%,50.0%,71.4%,63.6%,87.5%,66.7%
20230902-M-US_Open-R32-Grigor_Dimitrov-Alexander_Zverev,Grigor Dimitrov,1,78,60.3%,50.8%,57.1%,45.5%,55.6%,48.4%,60.0%,50.0%,52.6%,47.1%
20230902-M-US_Open-R32-Grigor_Dimitrov-Alexander_Zverev,Grigor Dimitrov,2,49,67.3%,61.0%,69.4%,63.3%,70.4%,61.9%,68.4%,57.1%,61.5%,50.0%
20230902-M-US_Open-R32-Grigor_Dimitrov-Alexander_Zverev,Alexander Zverev,1,85,70.6%,51.0%,53.1%,41.0%,57.1%,42.9%,47.4%,33.3%,41.7%,41.7%
20230902-M-US_Open-R32-Grigor_Dimitrov-Alexander_Zverev,Alexander Zverev,2,36,72.2%,65.5%,67.9%,65.4%,70.8%,58.8%,62.5%,57.1%,66.7%,50.0%
20230902-M-US_Open-R32-Daniel_Evans-Carlos_Alcaraz,Daniel Evans,1,77,68.8%,52.9%,58.7%,36.7%,45.8%,18.8%,30.0%,12.5%,16.7%,16.7%
20230902-M-US_Open-R32-Daniel_Evans-Carlos_Alcaraz,Daniel Evans,2,50,46.0%,32.5%,52.0%,36.8%,50.0%,30.0%,37.5%,16.7%,16.7%,16.7%
20230902-M-US_Open-R32-Daniel_Evans-Carlos_Alcaraz,Carlos Alcaraz,1,60,73.3%,62.8%,71.1%,54.2%,65.0%,50.0%,58.3%,50.0%,71.4%,60.0%
20230902-M-US_Open-R32-Daniel_Evans-Carlos_Alcaraz,Carlos Alcaraz,2,42,76.2%,73.0%,84.4%,78.3%,81.8%,71.4%,100.0%,100.0%,100.0%,100.0%
20230901-M-US_Open-R32-Rinky_Hijikata-Zhizhen_Zhang,Rinky Hijikata,1,70,71.4%,57.4%,61.4%,48.5%,59.3%,35.3%,50.0%,40.0%,66.7%,66.7%
20230901-M-US_Open-R32-Rinky_Hijikata-Zhizhen_Zhang,Rinky Hijikata,2,45,51.1%,45.0%,52.9%,40.7%,52.4%,33.3%,55.6%,33.3%,40.0%,25.0%
20230901-M-US_Open-R32-Rinky_Hijikata-Zhizhen_Zhang,Zhizhen Zhang,1,79,62.0%,43.4%,52.3%,36.4%,50.0%,40.0%,66.7%,50.0%,57.1%,50.0%
20230901-M-US_Open-R32-Rinky_Hijikata-Zhizhen_Zhang,Zhizhen Zhang,2,52,46.2%,34.9%,45.5%,33.3%,47.4%,28.6%,40.0%,33.3%,37.5%,28.6%
20230901-M-US_Open-R32-Novak_Djokovic-Laslo_Djere,Novak Djokovic,1,81,79.0%,63.0%,67.4%,50.0%,63.6%,55.6%,76.9%,72.7%,80.0%,66.7%
20230901-M-US_Open-R32-Novak_Djokovic-Laslo_Djere,Novak Djokovic,2,40,60.0%,48.4%,60.0%,54.5%,57.1%,55.0%,68.8%,58.3%,58.3%,44.4%
20230901-M-US_Open-R32-Novak_Djokovic-Laslo_Djere,Laslo Djere,1,100,66.0%,52.8%,63.3%,52.2%,58.5%,45.2%,58.3%,50.0%,52.6%,47.1%
20230901-M-US_Open-R32-Novak_Djokovic-Laslo_Djere,Laslo Djere,2,41,43.9%,37.8%,45.2%,39.3%,42.3%,42.3%,45.8%,40.9%,50.0%,43.8%
20230831-M-US_Open-R64-Lloyd_Harris-Carlos_Alcaraz,Lloyd Harris,1,63,68.3%,54.5%,61.5%,46.4%,52.0%,36.8%,43.8%,30.8%,33.3%,27.3%
20230831-M-US_Open-R64-Lloyd_Harris-Carlos_Alcaraz,Lloyd Harris,2,23,39.1%,22.2%,40.0%,25.0%,40.0%,25.0%,50.0%,50.0%,50.0%,0.0%
20230831-M-US_Open-R64-Lloyd_Harris-Carlos_Alcaraz,Carlos Alcaraz,1,66,68.2%,55.3%,63.4%,51.6%,64.0%,47.1%,53.3%,30.0%,50.0%,25.0%
20230831-M-US_Open-R64-Lloyd_Harris-Carlos_Alcaraz,Carlos Alcaraz,2,37,64.9%,53.6%,57.7%,52.2%,60.0%,46.7%,58.3%,58.3%,63.6%,60.0%
20230831-M-US_Open-R64-John_Isner-Michael_Mmoh,John Isner,1,111,86.5%,64.3%,75.0%,52.6%,71.4%,50.0%,57.1%,40.0%,50.0%,50.0%
20230831-M-US_Open-R64-John_Isner-Michael_Mmoh,John Isner,2,46,56.5%,45.9%,60.7%,42.1%,66.7%,42.9%,100.0%,100.0%,100.0%,-
20230831-M-US_Open-R64-John_Isner-Michael_Mmoh,Michael Mmoh,1,115,79.1%,61.9%,69.6%,57.5%,65.7%,55.6%,57.7%,42.1%,57.1%,40.0%
20230831-M-US_Open-R64-John_Isner-Michael_Mmoh,Michael Mmoh,2,40,70.0%,45.5%,62.5%,45.5%,45.5%,33.3%,42.9%,0.0%,0.0%,0.0%
20230831-M-US_Open-R64-Hubert_Hurkacz-Jack_Draper,Hubert Hurkacz,1,58,67.2%,47.2%,63.0%,41.2%,58.3%,44.4%,80.0%,66.7%,66.7%,50.0%
20230831-M-US_Open-R64-Hubert_Hurkacz-Jack_Draper,Hubert Hurkacz,2,45,42.2%,40.9%,48.6%,44.1%,55.6%,40.0%,50.0%,42.9%,50.0%,25.0%
20230831-M-US_Open-R64-Hubert_Hurkacz-Jack_Draper,Jack Draper,1,51,76.5%,63.6%,67.7%,54.5%,66.7%,62.5%,66.7%,58.3%,77.8%,60.0%
20230831-M-US_Open-R64-Hubert_Hurkacz-Jack_Draper,Jack Draper,2,31,74.2%,68.0%,73.9%,64.7%,73.3%,63.6%,63.6%,33.3%,40.0%,25.0%
20230831-M-US_Open-R64-Grigor_Dimitrov-Andy_Murray,Grigor Dimitrov,1,60,66.7%,57.4%,57.4%,44.4%,50.0%,46.7%,51.9%,43.5%,43.5%,31.6%
20230831-M-US_Open-R64-Grigor_Dimitrov-Andy_Murray,Grigor Dimitrov,2,33,60.6%,59.4%,65.5%,61.5%,64.0%,60.9%,60.9%,50.0%,56.3%,53.3%
20230831-M-US_Open-R64-Grigor_Dimitrov-Andy_Murray,Andy Murray,1,50,60.0%,44.4%,51.6%,40.0%,52.6%,40.0%,46.2%,36.4%,44.4%,28.6%
20230831-M-US_Open-R64-Grigor_Dimitrov-Andy_Murray,Andy Murray,2,30,40.0%,35.7%,38.5%,33.3%,44.4%,37.5%,40.0%,30.8%,40.0%,25.0%
20230831-M-US_Open-R64-Christopher_Oconnell-Daniil_Medvedev,Christopher Oconnell,1,80,57.5%,46.9%,54.5%,39.0%,53.3%,46.2%,63.2%,50.0%,53.8%,50.0%
20230831-M-US_Open-R64-Christopher_Oconnell-Daniil_Medvedev,Christopher Oconnell,2,51,49.0%,43.5%,51.3%,42.4%,43.8%,37.9%,45.8%,35.0%,43.8%,25.0%
20230831-M-US_Open-R64-Christopher_Oconnell-Daniil_Medvedev,Daniil Medvedev,1,59,81.4%,65.6%,77.8%,72.7%,72.7%,64.7%,73.3%,66.7%,72.7%,57.1%
20230831-M-US_Open-R64-Christopher_Oconnell-Daniil_Medvedev,Daniil Medvedev,2,40,67.5%,60.6%,66.7%,61.5%,69.6%,66.7%,66.7%,56.3%,60.0%,45.5%
20230830-M-US_Open-R64-Stefanos_Tsitsipas-Dominic_Stricker,Stefanos Tsitsipas,1,111,81.1%,65.6%,76.9%,57.1%,61.5%,16.7%,33.3%,0.0%,-,-
20230830-M-US_Open-R64-Stefanos_Tsitsipas-Dominic_Stricker,Stefanos Tsitsipas,2,69,44.9%,28.3%,38.5%,20.0%,40.0%,18.2%,28.6%,16.7%,50.0%,50.0%
20230830-M-US_Open-R64-Stefanos_Tsitsipas-Dominic_Stricker,Dominic Stricker,1,105,76.2%,64.8%,73.0%,56.4%,73.3%,42.9%,85.7%,66.7%,66.7%,50.0%
20230830-M-US_Open-R64-Stefanos_Tsitsipas-Dominic_Stricker,Dominic Stricker,2,71,59.2%,49.1%,66.7%,51.7%,60.0%,50.0%,66.7%,37.5%,60.0%,33.3%
20230830-M-US_Open-R64-Casper_Ruud-Zhizhen_Zhang,Casper Ruud,1,93,69.9%,54.1%,68.8%,58.3%,72.4%,60.0%,70.6%,58.3%,63.6%,42.9%
20230830-M-US_Open-R64-Casper_Ruud-Zhizhen_Zhang,Casper Ruud,2,50,48.0%,39.5%,45.9%,37.5%,42.9%,30.4%,46.7%,33.3%,40.0%,33.3%
20230830-M-US_Open-R64-Casper_Ruud-Zhizhen_Zhang,Zhizhen Zhang,1,78,74.4%,56.5%,63.4%,48.3%,66.7%,50.0%,70.0%,62.5%,62.5%,57.1%
20230830-M-US_Open-R64-Casper_Ruud-Zhizhen_Zhang,Zhizhen Zhang,2,38,60.5%,50.0%,65.2%,57.9%,73.3%,63.6%,77.8%,60.0%,60.0%,33.3%
20230830-M-US_Open-R64-Bernabe_Zapata_Miralles-Novak_Djokovic,Bernabe Zapata Miralles,1,55,56.4%,46.7%,55.3%,41.4%,50.0%,42.9%,52.9%,46.7%,50.0%,36.4%
20230830-M-US_Open-R64-Bernabe_Zapata_Miralles-Novak_Djokovic,Bernabe Zapata Miralles,2,23,43.5%,35.0%,43.8%,40.0%,46.2%,12.5%,25.0%,0.0%,0.0%,0.0%
20230830-M-US_Open-R64-Bernabe_Zapata_Miralles-Novak_Djokovic,Novak Djokovic,1,42,76.2%,65.5%,70.4%,52.9%,75.0%,66.7%,75.0%,71.4%,83.3%,66.7%
20230830-M-US_Open-R64-Bernabe_Zapata_Miralles-Novak_Djokovic,Novak Djokovic,2,30,73.3%,68.0%,77.3%,68.8%,73.3%,66.7%,80.0%,66.7%,66.7%,50.0%
20230829-M-US_Open-R128-John_Isner-Facundo_Diaz_Acosta,John Isner,1,53,79.2%,63.3%,70.4%,50.0%,61.5%,0.0%,0.0%,0.0%,0.0%,0.0%
20230829-M-US_Open-R128-John_Isner-Facundo_Diaz_Acosta,John Isner,2,30,83.3%,68.8%,84.6%,71.4%,83.3%,0.0%,-,-,-,-
20230829-M-US_Open-R128-John_Isner-Facundo_Diaz_Acosta,Facundo Diaz Acosta,1,75,69.3%,52.1%,61.0%,44.8%,56.5%,33.3%,55.6%,33.3%,66.7%,66.7%
20230829-M-US_Open-R128-John_Isner-Facundo_Diaz_Acosta,Facundo Diaz Acosta,2,32,50.0%,40.7%,52.4%,37.5%,54.5%,44.4%,57.1%,40.0%,50.0%,33.3%
20230829-M-US_Open-R128-Hubert_Hurkacz-Marc_Andrea_Huesler,Hubert Hurkacz,1,93,80.6%,60.9%,71.8%,42.1%,50.0%,38.5%,45.5%,40.0%,50.0%,42.9%
20230829-M-US_Open-R128-Hubert_Hurkacz-Marc_Andrea_Huesler,Hubert Hurkacz,2,44,52.3%,41.7%,55.6%,29.4%,38.5%,27.3%,37.5%,28.6%,50.0%,33.3%
20230829-M-US_Open-R128-Hubert_Hurkacz-Marc_Andrea_Huesler,Marc Andrea Huesler,1,91,74.7%,56.6%,68.2%,41.7%,52.6%,30.8%,44.4%,16.7%,25.0%,25.0%
20230829-M-US_Open-R128-Hubert_Hurkacz-Marc_Andrea_Huesler,Marc Andrea Huesler,2,48,45.8%,33.3%,41.9%,30.8%,47.1%,30.8%,50.0%,42.9%,60.0%,60.0%
20230829-M-US_Open-R128-Grigor_Dimitrov-Alex_Molcan,Grigor Dimitrov,1,112,77.7%,65.8%,75.0%,54.3%,73.1%,58.8%,71.4%,42.9%,75.0%,50.0%
20230829-M-US_Open-R128-Grigor_Dimitrov-Alex_Molcan,Grigor Dimitrov,2,64,64.1%,58.2%,72.7%,57.1%,69.6%,61.1%,84.6%,80.0%,80.0%,77.8%
20230829-M-US_Open-R128-Grigor_Dimitrov-Alex_Molcan,Alex Molcan,1,107,71.0%,59.2%,68.2%,57.1%,63.6%,52.9%,60.0%,42.9%,52.9%,46.7%
20230829-M-US_Open-R128-Grigor_Dimitrov-Alex_Molcan,Alex Molcan,2,66,65.2%,53.1%,60.5%,56.4%,62.9%,45.8%,55.0%,47.1%,53.3%,36.4%
20230829-M-US_Open-R128-Dominik_Koepfer-Carlos_Alcaraz,Dominik Koepfer,1,36,61.1%,51.7%,62.5%,35.7%,41.7%,36.4%,40.0%,25.0%,50.0%,33.3%
20230829-M-US_Open-R128-Dominik_Koepfer-Carlos_Alcaraz,Dominik Koepfer,2,17,35.3%,26.7%,40.0%,25.0%,40.0%,25.0%,33.3%,33.3%,100.0%,-
20230829-M-US_Open-R128-Dominik_Koepfer-Carlos_Alcaraz,Carlos Alcaraz,1,24,83.3%,66.7%,72.7%,57.1%,100.0%,100.0%,100.0%,100.0%,100.0%,-
20230829-M-US_Open-R128-Dominik_Koepfer-Carlos_Alcaraz,Carlos Alcaraz,2,9,66.7%,62.5%,83.3%,66.7%,100.0%,100.0%,100.0%,-,-,-
20230829-M-US_Open-R128-Attila_Balazs-Daniil_Medvedev,Attila Balazs,1,45,37.8%,30.0%,37.5%,20.0%,33.3%,9.1%,33.3%,33.3%,50.0%,0.0%
20230829-M-US_Open-R128-Attila_Balazs-Daniil_Medvedev,Attila Balazs,2,13,38.5%,33.3%,33.3%,27.3%,33.3%,25.0%,28.6%,16.7%,33.3%,0.0%
20230829-M-US_Open-R128-Attila_Balazs-Daniil_Medvedev,Daniil Medvedev,1,36,86.1%,77.3%,81.0%,63.6%,70.0%,25.0%,50.0%,50.0%,50.0%,50.0%
20230829-M-US_Open-R128-Attila_Balazs-Daniil_Medvedev,Daniil Medvedev,2,15,60.0%,45.5%,55.6%,50.0%,57.1%,25.0%,25.0%,0.0%,-,-
20230829-M-US_Open-R128-Arthur_Fils-Tallon_Griekspoor,Arthur Fils,1,110,77.3%,58.3%,72.9%,59.4%,82.6%,69.2%,81.8%,71.4%,83.3%,75.0%
20230829-M-US_Open-R128-Arthur_Fils-Tallon_Griekspoor,Arthur Fils,2,53,47.2%,33.3%,45.2%,32.0%,44.4%,41.2%,53.8%,33.3%,37.5%,37.5%
20230829-M-US_Open-R128-Arthur_Fils-Tallon_Griekspoor,Tallon Griekspoor,1,91,78.0%,60.0%,73.2%,52.2%,60.0%,20.0%,50.0%,50.0%,100.0%,-
20230829-M-US_Open-R128-Arthur_Fils-Tallon_Griekspoor,Tallon Griekspoor,2,56,50.0%,36.4%,47.1%,35.7%,50.0%,41.2%,58.3%,44.4%,80.0%,75.0%
20230829-M-US_Open-R128-Alexandre_Muller-Novak_Djokovic,Alexandre Muller,1,45,57.8%,40.6%,48.1%,39.1%,52.9%,46.7%,53.8%,45.5%,45.5%,40.0%
20230829-M-US_Open-R128-Alexandre_Muller-Novak_Djokovic,Alexandre Muller,2,18,38.9%,31.3%,33.3%,16.7%,25.0%,25.0%,33.3%,20.0%,20.0%,20.0%
20230829-M-US_Open-R128-Alexandre_Muller-Novak_Djokovic,Novak Djokovic,1,33,84.8%,76.2%,76.2%,64.3%,90.0%,85.7%,85.7%,75.0%,100.0%,100.0%
20230829-M-US_Open-R128-Alexandre_Muller-Novak_Djokovic,Novak Djokovic,2,22,68.2%,56.3%,60.0%,45.5%,55.6%,33.3%,40.0%,25.0%,25.0%,0.0%
20230828-M-US_Open-R128-Stefanos_Tsitsipas-Milos_Raonic,Stefanos Tsitsipas,1,45,84.4%,72.0%,78.3%,58.3%,77.8%,66.7%,100.0%,100.0%,100.0%,100.0%
20230828-M-US_Open-R128-Stefanos_Tsitsipas-Milos_Raonic,Stefanos Tsitsipas,2,26,65.4%,59.1%,68.4%,60.0%,81.8%,75.0%,85.7%,66.7%,100.0%,-
20230828-M-US_Open-R128-Stefanos_Tsitsipas-Milos_Raonic,Milos Raonic,1,40,80.0%,63.6%,73.7%,50.0%,62.5%,40.0%,66.7%,66.7%,100.0%,100.0%
20230828-M-US_Open-R128-Stefanos_Tsitsipas-Milos_Raonic,Milos Raonic,2,36,41.7%,34.4%,47.8%,33.3%,50.0%,14.3%,20.0%,20.0%,25.0%,0.0%
20230828-M-US_Open-R128-Jiri_Lehecka-Aslan_Karatsev,Jiri Lehecka,1,52,63.5%,40.6%,46.4%,40.0%,55.6%,42.9%,75.0%,50.0%,66.7%,50.0%
20230828-M-US_Open-R128-Jiri_Lehecka-Aslan_Karatsev,Jiri Lehecka,2,30,40.0%,21.7%,41.7%,30.0%,60.0%,33.3%,33.3%,33.3%,33.3%,33.3%
20230828-M-US_Open-R128-Jiri_Lehecka-Aslan_Karatsev,Aslan Karatsev,1,39,89.7%,77.8%,82.4%,66.7%,75.0%,33.3%,50.0%,50.0%,100.0%,100.0%
20230828-M-US_Open-R128-Jiri_Lehecka-Aslan_Karatsev,Aslan Karatsev,2,40,47.5%,38.2%,54.2%,38.9%,46.7%,33.3%,57.1%,50.0%,75.0%,75.0%
20230828-M-US_Open-R128-Holger_Rune-Roberto_Carballes_Baena,Holger Rune,1,66,60.6%,52.7%,64.4%,44.8%,52.0%,36.8%,53.8%,40.0%,44.4%,28.6%
20230828-M-US_Open-R128-Holger_Rune-Roberto_Carballes_Baena,Holger Rune,2,38,52.6%,50.0%,60.0%,52.0%,81.3%,72.7%,72.7%,50.0%,75.0%,66.7%
20230828-M-US_Open-R128-Holger_Rune-Roberto_Carballes_Baena,Roberto Carballes Baena,1,54,75.9%,56.7%,68.0%,42.9%,54.5%,37.5%,37.5%,28.6%,50.0%,50.0%
20230828-M-US_Open-R128-Holger_Rune-Roberto_Carballes_Baena,Roberto Carballes Baena,2,42,71.4%,58.6%,70.8%,58.8%,62.5%,53.8%,70.0%,57.1%,66.7%,60.0%
20230828-M-US_Open-R128-Gregoire_Barrere-Jakub_Mensik,Gregoire Barrere,1,76,71.1%,58.5%,68.9%,54.8%,68.0%,52.9%,64.3%,61.5%,61.5%,28.6%
20230828-M-US_Open-R128-Gregoire_Barrere-Jakub_Mensik,Gregoire Barrere,2,47,59.6%,48.6%,60.0%,42.9%,56.3%,46.2%,54.5%,37.5%,60.0%,33.3%
20230828-M-US_Open-R128-Gregoire_Barrere-Jakub_Mensik,Jakub Mensik,1,70,80.0%,63.2%,72.7%,55.0%,64.7%,45.5%,55.6%,33.3%,66.7%,66.7%
20230828-M-US_Open-R128-Gregoire_Barrere-Jakub_Mensik,Jakub Mensik,2,55,61.8%,43.2%,59.3%,57.7%,71.4%,62.5%,71.4%,63.6%,77.8%,66.7%
20230828-M-US_Open-R128-Dominic_Thiem-Alexander_Bublik,Dominic Thiem,1,48,72.9%,59.4%,73.1%,65.0%,86.7%,77.8%,100.0%,100.0%,100.0%,100.0%
20230828-M-US_Open-R128-Dominic_Thiem-Alexander_Bublik,Dominic Thiem,2,28,67.9%,47.1%,47.1%,40.0%,42.9%,33.3%,33.3%,20.0%,25.0%,25.0%
20230828-M-US_Open-R128-Dominic_Thiem-Alexander_Bublik,Alexander Bublik,1,42,73.8%,52.2%,60.0%,46.7%,53.8%,40.0%,66.7%,33.3%,100.0%,-
20230828-M-US_Open-R128-Dominic_Thiem-Alexander_Bublik,Alexander Bublik,2,28,50.0%,46.2%,57.1%,47.1%,61.5%,54.5%,75.0%,33.3%,50.0%,0.0%
20230828-M-US_Open-R128-Casper_Ruud-Emilio_Nava,Casper Ruud,1,87,73.6%,58.2%,64.0%,45.5%,60.0%,44.4%,53.3%,41.7%,55.6%,50.0%
20230828-M-US_Open-R128-Casper_Ruud-Emilio_Nava,Casper Ruud,2,48,62.5%,48.6%,60.7%,59.3%,64.0%,57.1%,66.7%,62.5%,71.4%,63.6%
20230828-M-US_Open-R128-Casper_Ruud-Emilio_Nava,Emilio Nava,1,93,76.3%,66.2%,72.9%,57.9%,73.3%,50.0%,61.5%,50.0%,50.0%,37.5%
20230828-M-US_Open-R128-Casper_Ruud-Emilio_Nava,Emilio Nava,2,32,62.5%,58.6%,73.9%,62.5%,66.7%,64.3%,81.8%,77.8%,77.8%,60.0%
20230129-M-Australian_Open-F-Novak_Djokovic-Stefanos_Tsitsipas,Novak Djokovic,1,66,81.8%,71.4%,81.1%,70.8%,89.5%,84.6%,84.6%,77.8%,77.8%,60.0%
20230129-M-Australian_Open-F-Novak_Djokovic-Stefanos_Tsitsipas,Novak Djokovic,2,31,67.7%,66.7%,80.0%,73.7%,77.8%,71.4%,83.3%,75.0%,75.0%,71.4%
20230129-M-Australian_Open-F-Novak_Djokovic-Stefanos_Tsitsipas,Stefanos Tsitsipas,1,70,72.9%,54.8%,63.9%,45.8%,68.8%,64.3%,75.0%,70.0%,70.0%,40.0%
20230129-M-Australian_Open-F-Novak_Djokovic-Stefanos_Tsitsipas,Stefanos Tsitsipas,2,33,54.5%,51.6%,64.0%,59.1%,65.0%,63.2%,63.2%,58.8%,66.7%,64.3%
20230127-M-Australian_Open-SF-Stefanos_Tsitsipas-Karen_Khachanov,Stefanos Tsitsipas,1,82,84.1%,69.0%,78.4%,61.9%,76.5%,50.0%,57.1%,0.0%,0.0%,0.0%
20230127-M-Australian_Open-SF-Stefanos_Tsitsipas-Karen_Khachanov,Stefanos Tsitsipas,2,42,59.5%,45.2%,53.8%,40.0%,53.3%,41.7%,50.0%,28.6%,33.3%,20.0%
20230127-M-Australian_Open-SF-Stefanos_Tsitsipas-Karen_Khachanov,Karen Khachanov,1,94,66.0%,45.8%,58.7%,45.7%,51.6%,37.5%,50.0%,35.7%,45.5%,25.0%
20230127-M-Australian_Open-SF-Stefanos_Tsitsipas-Karen_Khachanov,Karen Khachanov,2,44,59.1%,53.8%,56.8%,44.8%,48.1%,26.3%,41.7%,30.0%,37.5%,37.5%
20230124-M-Australian_Open-QF-Stefanos_Tsitsipas-Jiri_Lehecka,Stefanos Tsitsipas,1,66,80.3%,59.4%,67.9%,40.0%,54.5%,44.4%,57.1%,0.0%,0.0%,0.0%
20230124-M-Australian_Open-QF-Stefanos_Tsitsipas-Jiri_Lehecka,Stefanos Tsitsipas,2,32,68.8%,54.5%,63.2%,53.3%,72.7%,62.5%,71.4%,50.0%,66.7%,66.7%
20230124-M-Australian_Open-QF-Stefanos_Tsitsipas-Jiri_Lehecka,Jiri Lehecka,1,62,79.0%,69.0%,74.4%,63.0%,77.3%,66.7%,76.9%,66.7%,85.7%,75.0%
20230124-M-Australian_Open-QF-Stefanos_Tsitsipas-Jiri_Lehecka,Jiri Lehecka,2,31,48.4%,36.0%,45.0%,35.3%,37.5%,16.7%,22.2%,12.5%,25.0%,25.0%
20230124-M-Australian_Open-QF-Karen_Khachanov-Sebastian_Korda,Karen Khachanov,1,49,79.6%,56.5%,68.4%,53.8%,63.6%,50.0%,57.1%,25.0%,33.3%,33.3%
20230124-M-Australian_Open-QF-Karen_Khachanov-Sebastian_Korda,Karen Khachanov,2,26,53.8%,47.8%,50.0%,45.0%,60.0%,50.0%,54.5%,44.4%,66.7%,60.0%
20230124-M-Australian_Open-QF-Karen_Khachanov-Sebastian_Korda,Sebastian Korda,1,49,61.2%,42.4%,53.8%,25.0%,36.4%,36.4%,66.7%,60.0%,100.0%,100.0%
20230124-M-Australian_Open-QF-Karen_Khachanov-Sebastian_Korda,Sebastian Korda,2,25,52.0%,47.8%,57.9%,33.3%,50.0%,20.0%,25.0%,25.0%,50.0%,50.0%
20230122-M-Australian_Open-R16-Jannik_Sinner-Stefanos_Tsitsipas,Jannik Sinner,1,92,71.7%,55.9%,60.0%,48.8%,53.8%,47.1%,57.1%,52.0%,81.3%,70.0%
20230122-M-Australian_Open-R16-Jannik_Sinner-Stefanos_Tsitsipas,Jannik Sinner,2,41,56.1%,51.4%,59.4%,45.8%,52.4%,41.2%,50.0%,36.4%,57.1%,50.0%
20230122-M-Australian_Open-R16-Jannik_Sinner-Stefanos_Tsitsipas,Stefanos Tsitsipas,1,120,66.7%,52.4%,65.7%,50.0%,62.2%,46.2%,63.2%,46.2%,60.0%,42.9%
20230122-M-Australian_Open-R16-Jannik_Sinner-Stefanos_Tsitsipas,Stefanos Tsitsipas,2,46,58.7%,44.1%,60.0%,47.4%,60.0%,33.3%,42.9%,20.0%,33.3%,0.0%
20230122-M-Australian_Open-R16-Hubert_Hurkacz-Sebastian_Korda,Hubert Hurkacz,1,88,75.0%,50.0%,64.7%,50.0%,63.2%,50.0%,63.6%,55.6%,62.5%,57.1%
20230122-M-Australian_Open-R16-Hubert_Hurkacz-Sebastian_Korda,Hubert Hurkacz,2,50,54.0%,47.7%,56.8%,48.4%,60.0%,37.5%,37.5%,23.1%,37.5%,28.6%
20230122-M-Australian_Open-R16-Hubert_Hurkacz-Sebastian_Korda,Sebastian Korda,1,87,74.7%,65.1%,74.5%,60.0%,65.6%,52.2%,60.0%,46.7%,63.6%,60.0%
20230122-M-Australian_Open-R16-Hubert_Hurkacz-Sebastian_Korda,Sebastian Korda,2,57,57.9%,47.8%,68.8%,60.0%,71.4%,53.8%,77.8%,71.4%,100.0%,100.0%
20230121-M-Australian_Open-R32-Roberto_Bautista_Agut-Andy_Murray,Roberto Bautista Agut,1,80,78.8%,70.7%,74.5%,57.6%,63.3%,50.0%,64.7%,50.0%,54.5%,37.5%
20230121-M-Australian_Open-R32-Roberto_Bautista_Agut-Andy_Murray,Roberto Bautista Agut,2,27,70.4%,60.0%,70.6%,66.7%,71.4%,63.6%,63.6%,55.6%,62.5%,50.0%
20230121-M-Australian_Open-R32-Roberto_Bautista_Agut-Andy_Murray,Andy Murray,1,82,61.0%,49.2%,56.4%,46.7%,51.2%,37.5%,42.9%,33.3%,44.4%,33.3%
20230121-M-Australian_Open-R32-Roberto_Bautista_Agut-Andy_Murray,Andy Murray,2,50,54.0%,51.1%,54.5%,51.2%,56.8%,52.9%,64.3%,63.0%,77.3%,70.6%
20230121-M-Australian_Open-R32-Grigor_Dimitrov-Novak_Djokovic,Grigor Dimitrov,1,69,68.1%,48.8%,52.5%,36.7%,44.0%,30.0%,37.5%,23.1%,30.0%,30.0%
20230121-M-Australian_Open-R32-Grigor_Dimitrov-Novak_Djokovic,Grigor Dimitrov,2,43,44.2%,38.5%,53.6%,38.1%,44.4%,41.2%,50.0%,50.0%,70.0%,70.0%
20230121-M-Australian_Open-R32-Grigor_Dimitrov-Novak_Djokovic,Novak Djokovic,1,81,74.1%,61.8%,66.7%,52.8%,59.4%,51.9%,70.0%,64.7%,84.6%,80.0%
20230121-M-Australian_Open-R32-Grigor_Dimitrov-Novak_Djokovic,Novak Djokovic,2,29,44.8%,33.3%,40.0%,36.8%,46.7%,38.5%,50.0%,44.4%,66.7%,33.3%
20230120-M-Australian_Open-R32-Tallon_Griekspoor-Stefanos_Tsitsipas,Tallon Griekspoor,1,62,66.1%,50.0%,58.3%,31.8%,41.2%,28.6%,50.0%,20.0%,33.3%,0.0%
20230120-M-Australian_Open-R32-Tallon_Griekspoor-Stefanos_Tsitsipas,Tallon Griekspoor,2,33,54.5%,46.4%,68.4%,60.0%,81.8%,66.7%,66.7%,50.0%,100.0%,100.0%
20230120-M-Australian_Open-R32-Tallon_Griekspoor-Stefanos_Tsitsipas,Stefanos Tsitsipas,1,54,81.5%,67.7%,77.8%,60.0%,75.0%,62.5%,71.4%,66.7%,66.7%,60.0%
20230120-M-Australian_Open-R32-Tallon_Griekspoor-Stefanos_Tsitsipas,Stefanos Tsitsipas,2,25,80.0%,72.2%,76.5%,66.7%,80.0%,50.0%,50.0%,33.3%,50.0%,0.0%
20230120-M-Australian_Open-R32-Jannik_Sinner-Marton_Fucsovics,Jannik Sinner,1,81,70.4%,55.6%,58.8%,46.2%,52.9%,40.7%,52.4%,33.3%,38.5%,27.3%
20230120-M-Australian_Open-R32-Jannik_Sinner-Marton_Fucsovics,Jannik Sinner,2,49,51.0%,47.8%,52.4%,45.9%,56.7%,48.0%,52.2%,35.3%,40.0%,40.0%
20230120-M-Australian_Open-R32-Jannik_Sinner-Marton_Fucsovics,Marton Fucsovics,1,86,52.3%,37.9%,47.2%,36.4%,44.4%,35.5%,40.7%,23.8%,27.8%,18.8%
20230120-M-Australian_Open-R32-Jannik_Sinner-Marton_Fucsovics,Marton Fucsovics,2,28,50.0%,44.0%,64.7%,62.5%,62.5%,45.5%,71.4%,60.0%,60.0%,60.0%
20230120-M-Australian_Open-R32-Hubert_Hurkacz-Denis_Shapovalov,Hubert Hurkacz,1,105,76.2%,60.9%,69.6%,45.2%,66.7%,41.7%,50.0%,37.5%,50.0%,40.0%
20230120-M-Australian_Open-R32-Hubert_Hurkacz-Denis_Shapovalov,Hubert Hurkacz,2,47,36.2%,23.1%,28.1%,23.3%,33.3%,22.2%,30.8%,25.0%,42.9%,20.0%
20230120-M-Australian_Open-R32-Hubert_Hurkacz-Denis_Shapovalov,Denis Shapovalov,1,91,70.3%,55.0%,67.3%,46.7%,70.0%,57.1%,61.5%,28.6%,33.3%,20.0%
20230120-M-Australian_Open-R32-Hubert_Hurkacz-Denis_Shapovalov,Denis Shapovalov,2,58,58.6%,47.8%,59.5%,40.0%,47.6%,31.3%,41.7%,30.0%,42.9%,33.3%
20230120-M-Australian_Open-R32-Felix_Auger_Aliassime-Francisco_Cerundolo,Felix Auger Aliassime,1,59,84.7%,71.9%,76.7%,56.3%,64.3%,50.0%,100.0%,100.0%,100.0%,100.0%
20230120-M-Australian_Open-R32-Felix_Auger_Aliassime-Francisco_Cerundolo,Felix Auger Aliassime,2,29,55.2%,43.5%,50.0%,28.6%,36.4%,30.0%,42.9%,33.3%,33.3%,20.0%
20230120-M-Australian_Open-R32-Felix_Auger_Aliassime-Francisco_Cerundolo,Francisco Cerundolo,1,72,59.7%,51.7%,58.5%,43.6%,54.8%,39.1%,45.0%,38.9%,43.8%,10.0%
20230120-M-Australian_Open-R32-Felix_Auger_Aliassime-Francisco_Cerundolo,Francisco Cerundolo,2,32,46.9%,41.4%,46.2%,30.0%,46.2%,30.0%,42.9%,20.0%,20.0%,0.0%
20230120-M-Australian_Open-R32-Cameron_Norrie-Jiri_Lehecka,Cameron Norrie,1,87,67.8%,54.8%,65.4%,51.4%,59.4%,50.0%,72.2%,66.7%,76.9%,50.0%
20230120-M-Australian_Open-R32-Cameron_Norrie-Jiri_Lehecka,Cameron Norrie,2,49,59.2%,50.0%,62.5%,52.0%,61.9%,38.5%,62.5%,50.0%,50.0%,40.0%
20230120-M-Australian_Open-R32-Cameron_Norrie-Jiri_Lehecka,Jiri Lehecka,1,84,75.0%,52.3%,60.5%,44.4%,60.0%,55.6%,55.6%,42.9%,46.2%,36.4%
20230120-M-Australian_Open-R32-Cameron_Norrie-Jiri_Lehecka,Jiri Lehecka,2,51,64.7%,58.1%,65.8%,55.2%,59.3%,47.6%,52.6%,35.7%,45.5%,33.3%
20230119-M-Australian_Open-R64-Taylor_Fritz-Alexei_Popyrin,Taylor Fritz,1,119,73.9%,59.7%,64.8%,50.0%,56.8%,42.4%,56.0%,50.0%,57.9%,46.7%
20230119-M-Australian_Open-R64-Taylor_Fritz-Alexei_Popyrin,Taylor Fritz,2,54,57.4%,51.1%,70.6%,61.5%,76.2%,64.3%,75.0%,62.5%,71.4%,60.0%
20230119-M-Australian_Open-R64-Taylor_Fritz-Alexei_Popyrin,Alexei Popyrin,1,106,86.8%,75.4%,79.6%,67.6%,82.1%,61.5%,80.0%,75.0%,85.7%,75.0%
20230119-M-Australian_Open-R64-Taylor_Fritz-Alexei_Popyrin,Alexei Popyrin,2,49,63.3%,52.6%,58.8%,51.7%,65.2%,52.9%,64.3%,37.5%,42.9%,42.9%
20230119-M-Australian_Open-R64-Novak_Djokovic-Enzo_Couacaud,Novak Djokovic,1,64,84.4%,73.7%,87.5%,81.0%,89.5%,77.8%,77.8%,66.7%,80.0%,0.0%
20230119-M-Australian_Open-R64-Novak_Djokovic-Enzo_Couacaud,Novak Djokovic,2,36,66.7%,58.6%,73.9%,68.4%,81.3%,75.0%,75.0%,66.7%,66.7%,40.0%
20230119-M-Australian_Open-R64-Novak_Djokovic-Enzo_Couacaud,Enzo Couacaud,1,92,57.6%,45.8%,53.2%,37.0%,44.7%,32.3%,37.0%,26.1%,37.5%,23.1%
20230119-M-Australian_Open-R64-Novak_Djokovic-Enzo_Couacaud,Enzo Couacaud,2,46,43.5%,36.6%,46.9%,45.2%,53.8%,42.9%,50.0%,35.7%,45.5%,40.0%
20230119-M-Australian_Open-R64-Emil_Ruusuvuori-Andrey_Rublev,Emil Ruusuvuori,1,79,69.6%,46.7%,55.3%,34.6%,47.4%,33.3%,41.7%,22.2%,28.6%,28.6%
20230119-M-Australian_Open-R64-Emil_Ruusuvuori-Andrey_Rublev,Emil Ruusuvuori,2,41,51.2%,39.4%,50.0%,35.0%,53.8%,53.8%,77.8%,71.4%,71.4%,50.0%
20230119-M-Australian_Open-R64-Emil_Ruusuvuori-Andrey_Rublev,Andrey Rublev,1,95,75.8%,57.4%,63.3%,45.5%,68.2%,63.2%,80.0%,66.7%,85.7%,80.0%
20230119-M-Australian_Open-R64-Emil_Ruusuvuori-Andrey_Rublev,Andrey Rublev,2,40,52.5%,44.1%,51.7%,33.3%,43.8%,35.7%,45.5%,25.0%,28.6%,28.6%
20230119-M-Australian_Open-R64-Casper_Ruud-Jenson_Brooksby,Casper Ruud,1,83,62.7%,45.6%,57.8%,44.1%,50.0%,34.8%,42.1%,8.3%,11.1%,11.1%
20230119-M-Australian_Open-R64-Casper_Ruud-Jenson_Brooksby,Casper Ruud,2,46,41.3%,27.0%,34.5%,32.1%,37.5%,25.0%,31.3%,15.4%,20.0%,0.0%
20230119-M-Australian_Open-R64-Casper_Ruud-Jenson_Brooksby,Jenson Brooksby,1,81,63.0%,55.2%,60.7%,52.9%,64.3%,57.1%,62.5%,57.1%,72.7%,64.7%
20230119-M-Australian_Open-R64-Casper_Ruud-Jenson_Brooksby,Jenson Brooksby,2,60,60.0%,55.6%,61.2%,57.8%,61.9%,59.0%,63.9%,58.1%,66.7%,59.1%
20230119-M-Australian_Open-R64-Andy_Murray-Thanasi_Kokkinakis,Andy Murray,1,119,71.4%,60.5%,69.3%,52.1%,62.5%,51.6%,61.5%,50.0%,62.5%,40.0%
20230119-M-Australian_Open-R64-Andy_Murray-Thanasi_Kokkinakis,Andy Murray,2,61,55.7%,49.1%,55.3%,46.2%,52.9%,36.0%,45.0%,42.1%,44.4%,37.5%
20230119-M-Australian_Open-R64-Andy_Murray-Thanasi_Kokkinakis,Thanasi Kokkinakis,1,143,70.6%,52.8%,64.4%,51.9%,63.6%,46.7%,58.3%,52.4%,64.7%,40.0%
20230119-M-Australian_Open-R64-Andy_Murray-Thanasi_Kokkinakis,Thanasi Kokkinakis,2,57,47.4%,41.2%,43.8%,32.5%,44.8%,36.0%,47.4%,23.1%,33.3%,33.3%
20230119-M-Australian_Open-R64-Adrian_Mannarino-Alex_De_Minaur,Adrian Mannarino,1,84,60.7%,46.8%,53.7%,44.4%,57.1%,44.4%,50.0%,45.5%,52.6%,47.1%
20230119-M-Australian_Open-R64-Adrian_Mannarino-Alex_De_Minaur,Adrian Mannarino,2,36,52.8%,50.0%,53.1%,44.4%,46.2%,44.0%,52.4%,50.0%,55.6%,38.5%
20230119-M-Australian_Open-R64-Adrian_Mannarino-Alex_De_Minaur,Alex De Minaur,1,68,72.1%,58.7%,64.3%,50.0%,65.2%,55.6%,55.6%,52.9%,60.0%,50.0%
20230119-M-Australian_Open-R64-Adrian_Mannarino-Alex_De_Minaur,Alex De Minaur,2,49,61.2%,58.7%,64.3%,60.5%,63.9%,53.6%,57.7%,50.0%,57.9%,50.0%
20230118-M-Australian_Open-R64-Stefanos_Tsitsipas-Rinky_Hijikata,Stefanos Tsitsipas,1,47,78.7%,65.5%,67.9%,52.6%,71.4%,50.0%,100.0%,100.0%,100.0%,100.0%
20230118-M-Australian_Open-R64-Stefanos_Tsitsipas-Rinky_Hijikata,Stefanos Tsitsipas,2,23,69.6%,58.8%,66.7%,44.4%,57.1%,50.0%,60.0%,50.0%,66.7%,66.7%
20230118-M-Australian_Open-R64-Stefanos_Tsitsipas-Rinky_Hijikata,Rinky Hijikata,1,34,50.0%,32.0%,36.4%,26.3%,29.4%,20.0%,37.5%,28.6%,40.0%,25.0%
20230118-M-Australian_Open-R64-Stefanos_Tsitsipas-Rinky_Hijikata,Rinky Hijikata,2,22,45.5%,33.3%,42.9%,33.3%,50.0%,33.3%,40.0%,25.0%,25.0%,0.0%
20230118-M-Australian_Open-R64-Rafael_Nadal-Mackenzie_Mcdonald,Rafael Nadal,1,65,61.5%,46.8%,55.0%,43.8%,53.8%,42.9%,60.0%,33.3%,33.3%,25.0%
20230118-M-Australian_Open-R64-Rafael_Nadal-Mackenzie_Mcdonald,Rafael Nadal,2,35,51.4%,41.4%,57.1%,52.6%,66.7%,58.3%,77.8%,60.0%,60.0%,33.3%
20230118-M-Australian_Open-R64-Rafael_Nadal-Mackenzie_Mcdonald,Mackenzie Mcdonald,1,64,67.2%,50.0%,53.8%,40.0%,44.4%,31.8%,50.0%,36.4%,57.1%,57.1%
20230118-M-Australian_Open-R64-Rafael_Nadal-Mackenzie_Mcdonald,Mackenzie Mcdonald,2,29,69.0%,60.9%,70.0%,50.0%,75.0%,50.0%,50.0%,50.0%,50.0%,50.0%
20230118-M-Australian_Open-R64-Lorenzo_Sonego-Hubert_Hurkacz,Lorenzo Sonego,1,98,68.4%,57.5%,70.0%,51.4%,65.5%,50.0%,66.7%,54.5%,66.7%,40.0%
20230118-M-Australian_Open-R64-Lorenzo_Sonego-Hubert_Hurkacz,Lorenzo Sonego,2,51,56.9%,46.3%,59.4%,45.8%,50.0%,42.1%,66.7%,50.0%,50.0%,50.0%
20230118-M-Australian_Open-R64-Lorenzo_Sonego-Hubert_Hurkacz,Hubert Hurkacz,1,100,79.0%,63.8%,72.5%,44.0%,64.7%,40.0%,57.1%,40.0%,66.7%,50.0%
20230118-M-Australian_Open-R64-Lorenzo_Sonego-Hubert_Hurkacz,Hubert Hurkacz,2,45,33.3%,18.9%,26.9%,20.8%,31.3%,26.7%,50.0%,33.3%,40.0%,25.0%
20230118-M-Australian_Open-R64-John_Millman-Daniil_Medvedev,John Millman,1,53,52.8%,45.7%,47.7%,42.5%,44.7%,32.3%,37.0%,19.0%,20.0%,15.8%
20230118-M-Australian_Open-R64-John_Millman-Daniil_Medvedev,John Millman,2,27,37.0%,29.2%,33.3%,33.3%,33.3%,33.3%,41.2%,33.3%,38.5%,27.3%
20230118-M-Australian_Open-R64-John_Millman-Daniil_Medvedev,Daniil Medvedev,1,67,74.6%,62.2%,66.7%,54.8%,63.0%,50.0%,55.6%,46.7%,53.8%,50.0%
20230118-M-Australian_Open-R64-John_Millman-Daniil_Medvedev,Daniil Medvedev,2,28,35.7%,35.7%,40.0%,34.8%,40.0%,40.0%,47.1%,43.8%,50.0%,41.7%
20230118-M-Australian_Open-R64-Jason_Kubler-Karen_Khachanov,Jason Kubler,1,86,66.3%,50.0%,56.9%,43.6%,53.1%,34.8%,36.4%,26.3%,38.5%,0.0%
20230118-M-Australian_Open-R64-Jason_Kubler-Karen_Khachanov,Jason Kubler,2,35,57.1%,44.4%,60.0%,46.7%,58.3%,44.4%,57.1%,50.0%,60.0%,60.0%
20230118-M-Australian_Open-R64-Jason_Kubler-Karen_Khachanov,Karen Khachanov,1,81,79.0%,65.3%,69.6%,51.7%,65.2%,52.9%,81.8%,77.8%,77.8%,75.0%
20230118-M-Australian_Open-R64-Jason_Kubler-Karen_Khachanov,Karen Khachanov,2,34,52.9%,50.0%,55.2%,43.5%,50.0%,44.4%,57.1%,45.5%,55.6%,42.9%
20230118-M-Australian_Open-R64-Jannik_Sinner-Tomas_Martin_Etcheverry,Jannik Sinner,1,42,88.1%,80.0%,90.9%,86.7%,92.9%,90.0%,90.0%,75.0%,100.0%,100.0%
20230118-M-Australian_Open-R64-Jannik_Sinner-Tomas_Martin_Etcheverry,Jannik Sinner,2,23,69.6%,65.0%,68.4%,66.7%,66.7%,62.5%,71.4%,60.0%,75.0%,50.0%
20230118-M-Australian_Open-R64-Jannik_Sinner-Tomas_Martin_Etcheverry,Tomas Martin Etcheverry,1,40,60.0%,38.5%,47.6%,31.3%,41.7%,22.2%,28.6%,16.7%,25.0%,25.0%
20230118-M-Australian_Open-R64-Jannik_Sinner-Tomas_Martin_Etcheverry,Tomas Martin Etcheverry,2,24,45.8%,35.0%,46.7%,46.7%,50.0%,36.4%,40.0%,33.3%,42.9%,20.0%
20230118-M-Australian_Open-R64-Botic_Van_De_Zandschulp-Tallon_Griekspoor,Botic Van De Zandschulp,1,55,63.6%,41.2%,51.9%,40.9%,60.0%,40.0%,44.4%,28.6%,40.0%,40.0%
20230118-M-Australian_Open-R64-Botic_Van_De_Zandschulp-Tallon_Griekspoor,Botic Van De Zandschulp,2,29,58.6%,45.5%,62.5%,57.1%,72.7%,50.0%,50.0%,40.0%,50.0%,33.3%
20230118-M-Australian_Open-R64-Botic_Van_De_Zandschulp-Tallon_Griekspoor,Tallon Griekspoor,1,69,73.9%,58.1%,69.4%,54.2%,68.4%,57.1%,80.0%,50.0%,50.0%,33.3%
20230118-M-Australian_Open-R64-Botic_Van_De_Zandschulp-Tallon_Griekspoor,Tallon Griekspoor,2,25,60.0%,50.0%,58.8%,50.0%,63.6%,60.0%,75.0%,50.0%,100.0%,100.0%
20230117-M-Australian_Open-R128-Yu_Hsiou_Hsu-Alex_De_Minaur,Yu Hsiou Hsu,1,74,58.1%,43.6%,54.5%,42.9%,53.6%,38.1%,50.0%,27.3%,42.9%,20.0%
20230117-M-Australian_Open-R128-Yu_Hsiou_Hsu-Alex_De_Minaur,Yu Hsiou Hsu,2,26,38.5%,30.4%,35.0%,31.6%,42.9%,33.3%,40.0%,40.0%,50.0%,33.3%
20230117-M-Australian_Open-R128-Yu_Hsiou_Hsu-Alex_De_Minaur,Alex De Minaur,1,35,85.7%,66.7%,83.3%,66.7%,100.0%,100.0%,100.0%,-,-,-
20230117-M-Australian_Open-R128-Yu_Hsiou_Hsu-Alex_De_Minaur,Alex De Minaur,2,27,74.1%,70.8%,85.0%,70.0%,77.8%,60.0%,75.0%,66.7%,66.7%,0.0%
20230117-M-Australian_Open-R128-Tommy_Paul-Jan_Lennard_Struff,Tommy Paul,1,54,83.3%,47.1%,53.3%,46.2%,66.7%,25.0%,50.0%,0.0%,-,-
20230117-M-Australian_Open-R128-Tommy_Paul-Jan_Lennard_Struff,Tommy Paul,2,24,62.5%,47.1%,57.1%,33.3%,50.0%,40.0%,100.0%,100.0%,100.0%,100.0%
20230117-M-Australian_Open-R128-Tommy_Paul-Jan_Lennard_Struff,Jan Lennard Struff,1,42,69.0%,40.9%,60.0%,45.5%,55.6%,33.3%,50.0%,50.0%,100.0%,100.0%
20230117-M-Australian_Open-R128-Tommy_Paul-Jan_Lennard_Struff,Jan Lennard Struff,2,31,45.2%,34.6%,42.9%,29.4%,45.5%,45.5%,55.6%,33.3%,50.0%,33.3%
20230117-M-Australian_Open-R128-Oleksii_Krutykh-Diego_Schwartzman,Oleksii Krutykh,1,69,73.9%,51.4%,61.3%,47.8%,64.7%,53.8%,77.8%,66.7%,100.0%,100.0%
20230117-M-Australian_Open-R128-Oleksii_Krutykh-Diego_Schwartzman,Oleksii Krutykh,2,67,53.7%,47.5%,54.9%,46.5%,54.1%,45.2%,53.8%,40.0%,53.3%,41.7%
20230117-M-Australian_Open-R128-Oleksii_Krutykh-Diego_Schwartzman,Diego Schwartzman,1,103,68.0%,52.2%,64.3%,51.2%,63.6%,47.8%,57.9%,42.9%,60.0%,55.6%
20230117-M-Australian_Open-R128-Oleksii_Krutykh-Diego_Schwartzman,Diego Schwartzman,2,45,64.4%,57.9%,73.3%,65.2%,83.3%,70.0%,70.0%,62.5%,71.4%,60.0%
20230117-M-Australian_Open-R128-Novak_Djokovic-Roberto_Carballes_Baena,Novak Djokovic,1,45,86.7%,75.0%,81.8%,69.2%,69.2%,60.0%,75.0%,71.4%,83.3%,75.0%
20230117-M-Australian_Open-R128-Novak_Djokovic-Roberto_Carballes_Baena,Novak Djokovic,2,24,66.7%,57.9%,68.8%,64.3%,69.2%,63.6%,63.6%,50.0%,66.7%,66.7%
20230117-M-Australian_Open-R128-Novak_Djokovic-Roberto_Carballes_Baena,Roberto Carballes Baena,1,39,66.7%,43.5%,50.0%,41.2%,46.7%,33.3%,36.4%,12.5%,20.0%,0.0%
20230117-M-Australian_Open-R128-Novak_Djokovic-Roberto_Carballes_Baena,Roberto Carballes Baena,2,38,36.8%,29.4%,32.3%,30.0%,33.3%,28.0%,35.0%,18.8%,27.3%,11.1%
20230117-M-Australian_Open-R128-Nicolas_Jarry-Miomir_Kecmanovic,Nicolas Jarry,1,58,84.5%,65.4%,73.9%,45.5%,50.0%,28.6%,100.0%,100.0%,100.0%,-
20230117-M-Australian_Open-R128-Nicolas_Jarry-Miomir_Kecmanovic,Nicolas Jarry,2,23,82.6%,75.0%,100.0%,100.0%,100.0%,100.0%,100.0%,100.0%,100.0%,-
20230117-M-Australian_Open-R128-Nicolas_Jarry-Miomir_Kecmanovic,Miomir Kecmanovic,1,53,71.7%,50.0%,71.4%,60.0%,69.2%,50.0%,57.1%,0.0%,0.0%,0.0%
20230117-M-Australian_Open-R128-Nicolas_Jarry-Miomir_Kecmanovic,Miomir Kecmanovic,2,39,59.0%,44.8%,52.0%,40.0%,57.1%,33.3%,37.5%,28.6%,40.0%,25.0%
20230117-M-Australian_Open-R128-John_Isner-Adrian_Mannarino,John Isner,1,90,74.4%,45.2%,55.9%,28.6%,42.9%,20.0%,40.0%,25.0%,100.0%,-
20230117-M-Australian_Open-R128-John_Isner-Adrian_Mannarino,John Isner,2,36,52.8%,41.4%,57.1%,40.0%,85.7%,75.0%,100.0%,-,-,-
20230117-M-Australian_Open-R128-John_Isner-Adrian_Mannarino,Adrian Mannarino,1,76,92.1%,85.4%,89.7%,76.5%,86.7%,71.4%,71.4%,50.0%,66.7%,50.0%
20230117-M-Australian_Open-R128-John_Isner-Adrian_Mannarino,Adrian Mannarino,2,39,61.5%,50.0%,68.2%,63.2%,70.6%,58.3%,70.0%,62.5%,71.4%,60.0%
20230117-M-Australian_Open-R128-Grigor_Dimitrov-Aslan_Karatsev,Grigor Dimitrov,1,56,87.5%,72.0%,78.3%,64.3%,81.8%,71.4%,83.3%,66.7%,100.0%,100.0%
20230117-M-Australian_Open-R128-Grigor_Dimitrov-Aslan_Karatsev,Grigor Dimitrov,2,26,76.9%,66.7%,80.0%,57.1%,66.7%,66.7%,100.0%,100.0%,100.0%,100.0%
20230117-M-Australian_Open-R128-Grigor_Dimitrov-Aslan_Karatsev,Aslan Karatsev,1,66,75.8%,44.8%,65.0%,30.0%,75.0%,75.0%,75.0%,50.0%,50.0%,0.0%
20230117-M-Australian_Open-R128-Grigor_Dimitrov-Aslan_Karatsev,Aslan Karatsev,2,37,48.6%,32.1%,45.0%,26.7%,40.0%,40.0%,66.7%,50.0%,66.7%,0.0%
20230117-M-Australian_Open-R128-Filip_Krajinovic-Holger_Rune,Filip Krajinovic,1,61,63.9%,45.0%,51.4%,39.3%,61.1%,36.4%,44.4%,16.7%,25.0%,25.0%
20230117-M-Australian_Open-R128-Filip_Krajinovic-Holger_Rune,Filip Krajinovic,2,30,36.7%,34.5%,50.0%,33.3%,50.0%,37.5%,60.0%,50.0%,66.7%,50.0%
20230117-M-Australian_Open-R128-Filip_Krajinovic-Holger_Rune,Holger Rune,1,56,71.4%,51.5%,65.4%,47.1%,57.1%,40.0%,57.1%,25.0%,100.0%,100.0%
20230117-M-Australian_Open-R128-Filip_Krajinovic-Holger_Rune,Holger Rune,2,23,60.9%,30.8%,36.4%,22.2%,33.3%,20.0%,25.0%,25.0%,25.0%,0.0%
20230117-M-Australian_Open-R128-Andy_Murray-Matteo_Berrettini,Andy Murray,1,120,71.7%,55.3%,62.7%,52.8%,62.2%,41.4%,48.0%,27.8%,50.0%,44.4%
20230117-M-Australian_Open-R128-Andy_Murray-Matteo_Berrettini,Andy Murray,2,50,70.0%,68.1%,76.2%,69.7%,74.2%,55.6%,55.6%,46.7%,53.8%,40.0%
20230117-M-Australian_Open-R128-Andy_Murray-Matteo_Berrettini,Matteo Berrettini,1,108,83.3%,66.7%,81.8%,66.7%,76.2%,54.5%,75.0%,50.0%,66.7%,50.0%
20230117-M-Australian_Open-R128-Andy_Murray-Matteo_Berrettini,Matteo Berrettini,2,46,43.5%,40.9%,51.4%,46.9%,62.5%,57.1%,75.0%,55.6%,71.4%,60.0%
20230117-M-Australian_Open-R128-Alexander_Zverev-Juan_Pablo_Varillas,Alexander Zverev,1,106,83.0%,69.5%,78.8%,66.7%,73.3%,55.6%,76.9%,70.0%,77.8%,60.0%
20230117-M-Australian_Open-R128-Alexander_Zverev-Juan_Pablo_Varillas,Alexander Zverev,2,34,50.0%,46.9%,51.7%,36.4%,44.4%,37.5%,54.5%,50.0%,62.5%,40.0%
20230117-M-Australian_Open-R128-Alexander_Zverev-Juan_Pablo_Varillas,Juan Pablo Varillas,1,109,70.6%,46.7%,56.0%,35.3%,44.4%,31.8%,46.7%,38.5%,50.0%,28.6%
20230117-M-Australian_Open-R128-Alexander_Zverev-Juan_Pablo_Varillas,Juan Pablo Varillas,2,68,48.5%,42.6%,47.3%,40.8%,51.3%,36.7%,50.0%,42.1%,47.1%,35.7%
20230117-M-Australian_Open-R128-Alejandro_Davidovich_Fokina-Alexander_Bublik,Alejandro Davidovich Fokina,1,96,71.9%,60.3%,68.3%,50.0%,67.9%,52.6%,83.3%,71.4%,100.0%,100.0%
20230117-M-Australian_Open-R128-Alejandro_Davidovich_Fokina-Alexander_Bublik,Alejandro Davidovich Fokina,2,39,66.7%,60.6%,71.4%,52.9%,56.3%,41.7%,50.0%,28.6%,66.7%,50.0%
20230117-M-Australian_Open-R128-Alejandro_Davidovich_Fokina-Alexander_Bublik,Alexander Bublik,1,74,78.4%,51.5%,58.6%,36.8%,53.8%,50.0%,54.5%,16.7%,33.3%,33.3%
20230117-M-Australian_Open-R128-Alejandro_Davidovich_Fokina-Alexander_Bublik,Alexander Bublik,2,46,58.7%,44.1%,75.0%,58.3%,70.0%,40.0%,50.0%,33.3%,50.0%,50.0%
20230116-M-Australian_Open-R128-Stefanos_Tsitsipas-Quentin_Halys,Stefanos Tsitsipas,1,61,83.6%,63.0%,81.0%,55.6%,71.4%,0.0%,0.0%,0.0%,-,-
20230116-M-Australian_Open-R128-Stefanos_Tsitsipas-Quentin_Halys,Stefanos Tsitsipas,2,28,60.7%,54.2%,65.0%,53.3%,72.7%,57.1%,66.7%,50.0%,66.7%,50.0%
20230116-M-Australian_Open-R128-Stefanos_Tsitsipas-Quentin_Halys,Quentin Halys,1,57,80.7%,64.5%,74.1%,56.3%,90.0%,80.0%,100.0%,100.0%,100.0%,-
20230116-M-Australian_Open-R128-Stefanos_Tsitsipas-Quentin_Halys,Quentin Halys,2,27,37.0%,29.2%,43.8%,30.8%,66.7%,60.0%,75.0%,50.0%,100.0%,-
20230116-M-Australian_Open-R128-Rafael_Nadal-Jack_Draper,Rafael Nadal,1,78,73.1%,61.8%,69.4%,55.9%,61.3%,47.8%,61.1%,53.3%,61.5%,50.0%
20230116-M-Australian_Open-R128-Rafael_Nadal-Jack_Draper,Rafael Nadal,2,38,55.3%,50.0%,58.6%,47.8%,50.0%,47.6%,58.8%,56.3%,69.2%,63.6%
20230116-M-Australian_Open-R128-Rafael_Nadal-Jack_Draper,Jack Draper,1,69,63.8%,41.9%,46.2%,22.2%,25.0%,25.0%,33.3%,14.3%,40.0%,25.0%
20230116-M-Australian_Open-R128-Rafael_Nadal-Jack_Draper,Jack Draper,2,43,58.1%,51.4%,63.3%,50.0%,61.1%,56.3%,64.3%,50.0%,62.5%,40.0%
20230116-M-Australian_Open-R128-Kyle_Edmund-Jannik_Sinner,Kyle Edmund,1,45,53.3%,36.4%,42.9%,30.4%,33.3%,26.3%,35.7%,30.8%,44.4%,37.5%
20230116-M-Australian_Open-R128-Kyle_Edmund-Jannik_Sinner,Kyle Edmund,2,34,38.2%,30.0%,39.1%,30.0%,42.9%,33.3%,57.1%,50.0%,50.0%,40.0%
20230116-M-Australian_Open-R128-Kyle_Edmund-Jannik_Sinner,Jannik Sinner,1,54,81.5%,69.7%,76.7%,61.1%,78.6%,50.0%,75.0%,75.0%,100.0%,100.0%
20230116-M-Australian_Open-R128-Kyle_Edmund-Jannik_Sinner,Jannik Sinner,2,26,46.2%,30.0%,35.3%,31.3%,45.5%,33.3%,50.0%,0.0%,0.0%,0.0%
20230116-M-Australian_Open-R128-John_Millman-Marc_Andrea_Huesler,John Millman,1,117,77.8%,67.1%,73.6%,60.4%,70.7%,64.7%,71.0%,66.7%,69.2%,65.2%
20230116-M-Australian_Open-R128-John_Millman-Marc_Andrea_Huesler,John Millman,2,51,56.9%,43.6%,58.6%,45.5%,62.5%,45.5%,55.6%,20.0%,33.3%,0.0%
20230116-M-Australian_Open-R128-John_Millman-Marc_Andrea_Huesler,Marc Andrea Huesler,1,104,71.2%,46.4%,59.1%,35.7%,62.5%,14.3%,20.0%,0.0%,0.0%,0.0%
20230116-M-Australian_Open-R128-John_Millman-Marc_Andrea_Huesler,Marc Andrea Huesler,2,65,60.0%,52.7%,59.2%,41.2%,53.8%,36.8%,43.8%,40.0%,50.0%,50.0%
20230116-M-Australian_Open-R128-Hubert_Hurkacz-Pedro_Martinez,Hubert Hurkacz,1,51,90.2%,72.2%,86.7%,80.0%,88.9%,75.0%,100.0%,100.0%,100.0%,-
20230116-M-Australian_Open-R128-Hubert_Hurkacz-Pedro_Martinez,Hubert Hurkacz,2,18,77.8%,69.2%,75.0%,66.7%,100.0%,100.0%,100.0%,100.0%,100.0%,100.0%
20230116-M-Australian_Open-R128-Hubert_Hurkacz-Pedro_Martinez,Pedro Martinez,1,62,62.9%,55.8%,60.4%,50.0%,55.9%,46.4%,54.2%,47.6%,55.6%,42.9%
20230116-M-Australian_Open-R128-Hubert_Hurkacz-Pedro_Martinez,Pedro Martinez,2,18,50.0%,47.1%,61.5%,54.5%,75.0%,60.0%,60.0%,60.0%,60.0%,50.0%
20230116-M-Australian_Open-R128-Denis_Shapovalov-Dusan_Lajovic,Denis Shapovalov,1,63,82.5%,67.6%,74.2%,60.0%,75.0%,42.9%,50.0%,50.0%,60.0%,50.0%
20230116-M-Australian_Open-R128-Denis_Shapovalov-Dusan_Lajovic,Denis Shapovalov,2,41,58.5%,45.2%,70.0%,60.0%,69.2%,33.3%,66.7%,50.0%,50.0%,0.0%
20230116-M-Australian_Open-R128-Denis_Shapovalov-Dusan_Lajovic,Dusan Lajovic,1,76,68.4%,54.7%,61.7%,47.1%,55.2%,40.9%,52.9%,42.9%,60.0%,42.9%
20230116-M-Australian_Open-R128-Denis_Shapovalov-Dusan_Lajovic,Dusan Lajovic,2,24,54.2%,47.6%,66.7%,61.5%,80.0%,75.0%,100.0%,100.0%,100.0%,100.0%
20230116-M-Australian_Open-R128-Daniil_Medvedev-Marcos_Giron,Daniil Medvedev,1,51,78.4%,65.6%,80.8%,66.7%,76.9%,62.5%,71.4%,60.0%,75.0%,0.0%
20230116-M-Australian_Open-R128-Daniil_Medvedev-Marcos_Giron,Daniil Medvedev,2,18,72.2%,66.7%,83.3%,75.0%,85.7%,75.0%,75.0%,50.0%,50.0%,50.0%
20230116-M-Australian_Open-R128-Daniil_Medvedev-Marcos_Giron,Marcos Giron,1,46,45.7%,34.2%,38.2%,30.0%,34.6%,22.7%,27.8%,18.8%,21.4%,8.3%
20230116-M-Australian_Open-R128-Daniil_Medvedev-Marcos_Giron,Marcos Giron,2,23,43.5%,38.1%,42.1%,35.3%,40.0%,30.8%,33.3%,33.3%,40.0%,33.3%
20230116-M-Australian_Open-R128-Brandon_Nakashima-Mackenzie_Mcdonald,Brandon Nakashima,1,120,81.7%,69.0%,80.3%,61.3%,70.4%,52.9%,69.2%,63.6%,70.0%,25.0%
20230116-M-Australian_Open-R128-Brandon_Nakashima-Mackenzie_Mcdonald,Brandon Nakashima,2,48,50.0%,36.8%,48.3%,34.8%,40.0%,29.4%,35.7%,25.0%,30.0%,22.2%
20230116-M-Australian_Open-R128-Brandon_Nakashima-Mackenzie_Mcdonald,Mackenzie Mcdonald,1,105,78.1%,63.5%,70.2%,54.1%,66.7%,50.0%,58.8%,46.2%,54.5%,44.4%
20230116-M-Australian_Open-R128-Brandon_Nakashima-Mackenzie_Mcdonald,Mackenzie Mcdonald,2,47,63.8%,58.5%,66.7%,58.6%,68.0%,46.7%,63.6%,20.0%,33.3%,0.0%
20230109-M-Australian_Open-Q1-Dimitar_Kuzmanov-Damir_Dzumhur,Dimitar Kuzmanov,1,31,45.2%,37.0%,45.5%,36.8%,38.9%,31.3%,33.3%,28.6%,36.4%,30.0%
20230109-M-Australian_Open-Q1-Dimitar_Kuzmanov-Damir_Dzumhur,Dimitar Kuzmanov,2,18,50.0%,47.1%,50.0%,50.0%,66.7%,60.0%,75.0%,60.0%,75.0%,66.7%
20230109-M-Australian_Open-Q1-Dimitar_Kuzmanov-Damir_Dzumhur,Damir Dzumhur,1,32,78.1%,69.6%,80.0%,73.3%,91.7%,80.0%,100.0%,100.0%,100.0%,100.0%
20230109-M-Australian_Open-Q1-Dimitar_Kuzmanov-Damir_Dzumhur,Damir Dzumhur,2,16,62.5%,60.0%,64.3%,50.0%,55.6%,50.0%,50.0%,50.0%,57.1%,50.0%
20220911-M-US_Open-F-Casper_Ruud-Carlos_Alcaraz,Casper Ruud,1,71,66.2%,52.0%,68.4%,55.6%,65.2%,46.7%,58.3%,50.0%,62.5%,40.0%
20220911-M-US_Open-F-Casper_Ruud-Carlos_Alcaraz,Casper Ruud,2,44,68.2%,61.1%,73.3%,60.0%,60.0%,50.0%,66.7%,50.0%,57.1%,40.0%
20220911-M-US_Open-F-Casper_Ruud-Carlos_Alcaraz,Carlos Alcaraz,1,85,74.1%,60.7%,70.8%,50.0%,70.0%,53.8%,63.6%,50.0%,50.0%,33.3%
20220911-M-US_Open-F-Casper_Ruud-Carlos_Alcaraz,Carlos Alcaraz,2,44,54.5%,47.4%,54.5%,42.3%,52.4%,44.4%,53.3%,30.0%,60.0%,60.0%
20220909-M-US_Open-SF-Frances_Tiafoe-Carlos_Alcaraz,Frances Tiafoe,1,76,71.1%,50.0%,57.9%,33.3%,40.0%,14.3%,22.2%,22.2%,25.0%,14.3%
20220909-M-US_Open-SF-Frances_Tiafoe-Carlos_Alcaraz,Frances Tiafoe,2,81,53.1%,38.7%,50.0%,38.5%,50.0%,37.5%,50.0%,30.8%,36.4%,22.2%
20220909-M-US_Open-SF-Frances_Tiafoe-Carlos_Alcaraz,Carlos Alcaraz,1,105,74.3%,64.5%,72.1%,60.4%,78.4%,61.9%,68.4%,53.8%,70.0%,40.0%
20220909-M-US_Open-SF-Frances_Tiafoe-Carlos_Alcaraz,Carlos Alcaraz,2,42,64.3%,60.5%,71.9%,60.9%,82.4%,72.7%,80.0%,66.7%,80.0%,66.7%
20220907-M-US_Open-QF-Jannik_Sinner-Carlos_Alcaraz,Jannik Sinner,1,115,66.1%,51.9%,60.9%,44.9%,53.7%,36.7%,55.0%,43.8%,63.6%,33.3%
20220907-M-US_Open-QF-Jannik_Sinner-Carlos_Alcaraz,Jannik Sinner,2,85,49.4%,34.8%,46.9%,33.3%,48.1%,36.4%,50.0%,33.3%,44.4%,37.5%
20220907-M-US_Open-QF-Jannik_Sinner-Carlos_Alcaraz,Carlos Alcaraz,1,108,63.0%,53.5%,64.8%,43.2%,52.8%,39.3%,50.0%,35.3%,54.5%,50.0%
20220907-M-US_Open-QF-Jannik_Sinner-Carlos_Alcaraz,Carlos Alcaraz,2,55,65.5%,57.8%,72.2%,61.5%,66.7%,63.6%,82.4%,75.0%,90.0%,80.0%
20220907-M-US_Open-QF-Andrey_Rublev-Frances_Tiafoe,Andrey Rublev,1,60,76.7%,51.7%,60.0%,44.4%,61.5%,50.0%,55.6%,50.0%,66.7%,50.0%
20220907-M-US_Open-QF-Andrey_Rublev-Frances_Tiafoe,Andrey Rublev,2,48,54.2%,43.6%,60.7%,45.0%,56.3%,36.4%,50.0%,42.9%,42.9%,42.9%
20220907-M-US_Open-QF-Andrey_Rublev-Frances_Tiafoe,Frances Tiafoe,1,54,88.9%,72.7%,80.0%,66.7%,80.0%,60.0%,60.0%,50.0%,66.7%,50.0%
20220907-M-US_Open-QF-Andrey_Rublev-Frances_Tiafoe,Frances Tiafoe,2,53,66.0%,59.1%,70.3%,62.1%,72.0%,61.1%,68.8%,54.5%,66.7%,62.5%
20220906-M-US_Open-QF-Casper_Ruud-Matteo_Berrettini,Casper Ruud,1,63,74.6%,65.2%,68.2%,58.8%,69.0%,60.9%,66.7%,50.0%,58.3%,44.4%
20220906-M-US_Open-QF-Casper_Ruud-Matteo_Berrettini,Casper Ruud,2,32,53.1%,42.3%,45.8%,35.0%,53.8%,53.8%,87.5%,80.0%,80.0%,50.0%
20220906-M-US_Open-QF-Casper_Ruud-Matteo_Berrettini,Matteo Berrettini,1,59,64.4%,41.7%,50.0%,25.0%,41.7%,22.2%,28.6%,16.7%,33.3%,33.3%
20220906-M-US_Open-QF-Casper_Ruud-Matteo_Berrettini,Matteo Berrettini,2,36,50.0%,43.8%,53.8%,45.5%,55.6%,50.0%,57.1%,45.5%,71.4%,66.7%
20220905-M-US_Open-R16-Rafael_Nadal-Frances_Tiafoe,Rafael Nadal,1,60,71.7%,52.8%,70.4%,57.9%,73.3%,66.7%,66.7%,42.9%,60.0%,33.3%
20220905-M-US_Open-R16-Rafael_Nadal-Frances_Tiafoe,Rafael Nadal,2,45,66.7%,54.5%,64.3%,54.5%,60.0%,46.7%,58.3%,54.5%,85.7%,75.0%
20220905-M-US_Open-R16-Rafael_Nadal-Frances_Tiafoe,Frances Tiafoe,1,56,75.0%,50.0%,60.9%,40.0%,46.2%,30.0%,50.0%,40.0%,66.7%,50.0%
20220905-M-US_Open-R16-Rafael_Nadal-Frances_Tiafoe,Frances Tiafoe,2,56,66.1%,57.8%,66.7%,60.6%,69.0%,55.0%,78.6%,66.7%,75.0%,33.3%
20220905-M-US_Open-R16-Nick_Kyrgios-Daniil_Medvedev,Nick Kyrgios,1,85,75.3%,48.8%,58.8%,26.3%,41.7%,12.5%,14.3%,14.3%,25.0%,25.0%
20220905-M-US_Open-R16-Nick_Kyrgios-Daniil_Medvedev,Nick Kyrgios,2,28,57.1%,47.8%,57.9%,55.6%,66.7%,61.5%,72.7%,66.7%,66.7%,57.1%
20220905-M-US_Open-R16-Nick_Kyrgios-Daniil_Medvedev,Daniil Medvedev,1,76,73.7%,51.2%,60.0%,39.1%,50.0%,25.0%,60.0%,0.0%,0.0%,0.0%
20220905-M-US_Open-R16-Nick_Kyrgios-Daniil_Medvedev,Daniil Medvedev,2,49,46.9%,38.1%,53.3%,48.1%,59.1%,40.0%,54.5%,44.4%,57.1%,50.0%
20220905-M-US_Open-R16-Marin_Cilic-Carlos_Alcaraz,Marin Cilic,1,73,74.0%,53.7%,66.7%,42.1%,50.0%,33.3%,44.4%,16.7%,25.0%,0.0%
20220905-M-US_Open-R16-Marin_Cilic-Carlos_Alcaraz,Marin Cilic,2,56,58.9%,47.7%,60.0%,46.2%,57.1%,40.0%,50.0%,33.3%,75.0%,66.7%
20220905-M-US_Open-R16-Marin_Cilic-Carlos_Alcaraz,Carlos Alcaraz,1,102,61.8%,40.9%,50.0%,38.6%,51.5%,27.3%,40.0%,25.0%,42.9%,33.3%
20220905-M-US_Open-R16-Marin_Cilic-Carlos_Alcaraz,Carlos Alcaraz,2,37,67.6%,55.6%,65.2%,61.9%,76.5%,66.7%,80.0%,50.0%,50.0%,33.3%
20220905-M-US_Open-R16-Jannik_Sinner-Ilya_Ivashka,Jannik Sinner,2,55,58.2%,54.9%,63.6%,50.0%,57.1%,33.3%,42.9%,42.9%,54.5%,37.5%
20220905-M-US_Open-R16-Jannik_Sinner-Ilya_Ivashka,Ilya Ivashka,1,103,61.2%,46.7%,53.0%,44.6%,51.0%,35.1%,43.3%,32.0%,36.4%,33.3%
20220905-M-US_Open-R16-Jannik_Sinner-Ilya_Ivashka,Jannik Sinner,1,64,73.4%,58.5%,72.7%,60.9%,63.6%,46.7%,53.8%,25.0%,50.0%,33.3%
20220905-M-US_Open-R16-Jannik_Sinner-Ilya_Ivashka,Ilya Ivashka,2,50,40.0%,31.8%,38.9%,31.3%,43.5%,27.8%,33.3%,9.1%,20.0%,20.0%
20220905-M-US_Open-R16-Cameron_Norrie-Andrey_Rublev,Cameron Norrie,1,50,78.0%,60.7%,81.0%,71.4%,76.9%,70.0%,77.8%,50.0%,66.7%,66.7%
20220905-M-US_Open-R16-Cameron_Norrie-Andrey_Rublev,Cameron Norrie,2,35,40.0%,27.6%,32.0%,19.0%,26.7%,15.4%,28.6%,28.6%,50.0%,33.3%
20220905-M-US_Open-R16-Cameron_Norrie-Andrey_Rublev,Andrey Rublev,1,59,79.7%,66.7%,75.0%,61.9%,65.0%,56.3%,60.0%,25.0%,33.3%,0.0%
20220905-M-US_Open-R16-Cameron_Norrie-Andrey_Rublev,Andrey Rublev,2,25,64.0%,50.0%,56.3%,50.0%,77.8%,66.7%,66.7%,60.0%,60.0%,60.0%
20220904-M-US_Open-R16-Casper_Ruud-Corentin_Moutet,Casper Ruud,1,84,72.6%,62.9%,84.8%,75.9%,81.5%,61.5%,80.0%,66.7%,66.7%,50.0%
20220904-M-US_Open-R16-Casper_Ruud-Corentin_Moutet,Casper Ruud,2,32,65.6%,59.3%,64.0%,47.1%,47.1%,43.8%,58.3%,44.4%,50.0%,42.9%
20220904-M-US_Open-R16-Casper_Ruud-Corentin_Moutet,Corentin Moutet,1,76,57.9%,48.4%,62.5%,43.8%,56.0%,35.3%,42.9%,38.5%,41.7%,12.5%
20220904-M-US_Open-R16-Casper_Ruud-Corentin_Moutet,Corentin Moutet,2,40,60.0%,50.0%,64.0%,59.1%,68.4%,62.5%,66.7%,54.5%,66.7%,57.1%
20220903-M-US_Open-R32-J_J_Wolf-Nick_Kyrgios,J J Wolf,1,54,68.5%,51.4%,62.1%,35.3%,46.2%,30.0%,42.9%,33.3%,50.0%,33.3%
20220903-M-US_Open-R32-J_J_Wolf-Nick_Kyrgios,J J Wolf,2,25,52.0%,36.8%,50.0%,46.2%,50.0%,40.0%,57.1%,25.0%,33.3%,0.0%
20220903-M-US_Open-R32-J_J_Wolf-Nick_Kyrgios,Nick Kyrgios,1,61,77.0%,48.1%,56.5%,41.2%,63.6%,33.3%,40.0%,40.0%,50.0%,50.0%
20220903-M-US_Open-R32-J_J_Wolf-Nick_Kyrgios,Nick Kyrgios,2,20,70.0%,50.0%,54.5%,28.6%,40.0%,40.0%,50.0%,50.0%,50.0%,50.0%
20220903-M-US_Open-R32-Carlos_Alcaraz-Jenson_Brooksby,Carlos Alcaraz,1,51,76.5%,63.6%,72.4%,52.9%,64.3%,44.4%,57.1%,57.1%,57.1%,25.0%
20220903-M-US_Open-R32-Carlos_Alcaraz-Jenson_Brooksby,Carlos Alcaraz,2,20,50.0%,47.4%,60.0%,53.8%,70.0%,50.0%,75.0%,50.0%,50.0%,50.0%
20220903-M-US_Open-R32-Carlos_Alcaraz-Jenson_Brooksby,Jenson Brooksby,1,63,60.3%,44.4%,55.6%,44.8%,50.0%,45.8%,52.4%,44.4%,66.7%,60.0%
20220903-M-US_Open-R32-Carlos_Alcaraz-Jenson_Brooksby,Jenson Brooksby,2,27,29.6%,24.0%,37.5%,33.3%,71.4%,50.0%,50.0%,50.0%,66.7%,50.0%
20220903-M-US_Open-R32-Brandon_Nakashima-Jannik_Sinner,Brandon Nakashima,1,69,62.3%,50.9%,52.9%,29.4%,41.7%,39.1%,52.9%,42.9%,54.5%,44.4%
20220903-M-US_Open-R32-Brandon_Nakashima-Jannik_Sinner,Brandon Nakashima,2,46,47.8%,41.5%,48.6%,40.0%,44.4%,25.0%,33.3%,23.1%,25.0%,18.2%
20220903-M-US_Open-R32-Brandon_Nakashima-Jannik_Sinner,Jannik Sinner,1,71,73.2%,48.6%,56.3%,30.0%,50.0%,45.5%,62.5%,50.0%,50.0%,50.0%
20220903-M-US_Open-R32-Brandon_Nakashima-Jannik_Sinner,Jannik Sinner,2,41,56.1%,48.6%,53.1%,48.3%,70.0%,53.8%,70.0%,57.1%,80.0%,66.7%
20220903-M-US_Open-R32-Andrey_Rublev-Denis_Shapovalov,Andrey Rublev,1,119,74.8%,60.0%,68.2%,44.7%,54.8%,48.1%,56.5%,50.0%,55.6%,46.7%
20220903-M-US_Open-R32-Andrey_Rublev-Denis_Shapovalov,Andrey Rublev,2,68,48.5%,38.6%,56.4%,41.4%,60.0%,57.9%,61.1%,22.2%,33.3%,20.0%
20220903-M-US_Open-R32-Andrey_Rublev-Denis_Shapovalov,Denis Shapovalov,1,99,78.8%,60.4%,69.6%,44.0%,68.8%,58.3%,63.6%,60.0%,75.0%,66.7%
20220903-M-US_Open-R32-Andrey_Rublev-Denis_Shapovalov,Denis Shapovalov,2,69,53.6%,41.8%,57.5%,26.1%,37.5%,28.6%,40.0%,14.3%,33.3%,0.0%
20220902-M-US_Open-R32-Andy_Murray-Matteo_Berrettini,Andy Murray,1,65,67.7%,55.3%,66.7%,61.8%,65.6%,38.9%,46.7%,33.3%,44.4%,28.6%
20220902-M-US_Open-R32-Andy_Murray-Matteo_Berrettini,Andy Murray,2,52,59.6%,53.3%,61.5%,55.9%,61.3%,50.0%,57.1%,43.8%,53.8%,45.5%
20220902-M-US_Open-R32-Andy_Murray-Matteo_Berrettini,Matteo Berrettini,1,90,74.4%,59.6%,69.4%,40.0%,55.6%,20.0%,28.6%,0.0%,0.0%,0.0%
20220902-M-US_Open-R32-Andy_Murray-Matteo_Berrettini,Matteo Berrettini,2,40,52.5%,44.1%,50.0%,28.6%,33.3%,25.0%,33.3%,20.0%,33.3%,0.0%
20220901-M-US_Open-R64-Hubert_Hurkacz-Ilya_Ivashka,Hubert Hurkacz,1,68,80.9%,63.9%,76.7%,50.0%,50.0%,30.0%,50.0%,40.0%,40.0%,25.0%
20220901-M-US_Open-R64-Hubert_Hurkacz-Ilya_Ivashka,Hubert Hurkacz,2,49,57.1%,50.0%,60.0%,51.7%,55.6%,40.0%,53.3%,50.0%,70.0%,62.5%
20220901-M-US_Open-R64-Hubert_Hurkacz-Ilya_Ivashka,Ilya Ivashka,1,83,73.5%,63.9%,73.6%,64.1%,65.8%,56.7%,65.4%,52.6%,55.6%,42.9%
20220901-M-US_Open-R64-Hubert_Hurkacz-Ilya_Ivashka,Ilya Ivashka,2,52,59.6%,50.0%,60.0%,51.7%,68.2%,58.8%,66.7%,54.5%,60.0%,55.6%
20220901-M-US_Open-R64-Christopher_Eubanks-Jannik_Sinner,Christopher Eubanks,1,74,67.6%,44.2%,63.3%,38.9%,70.0%,57.1%,66.7%,50.0%,66.7%,0.0%
20220901-M-US_Open-R64-Christopher_Eubanks-Jannik_Sinner,Christopher Eubanks,2,26,46.2%,26.3%,38.5%,11.1%,14.3%,14.3%,20.0%,20.0%,100.0%,100.0%
20220901-M-US_Open-R64-Christopher_Eubanks-Jannik_Sinner,Jannik Sinner,1,45,86.7%,71.4%,78.9%,63.6%,77.8%,0.0%,-,-,-,-
20220901-M-US_Open-R64-Christopher_Eubanks-Jannik_Sinner,Jannik Sinner,2,38,71.1%,60.7%,73.9%,60.0%,75.0%,62.5%,71.4%,71.4%,83.3%,75.0%
20220831-M-US_Open-R64-Sebastian_Korda-Tommy_Paul,Sebastian Korda,1,89,71.9%,61.5%,74.1%,60.0%,75.0%,63.2%,66.7%,45.5%,71.4%,60.0%
20220831-M-US_Open-R64-Sebastian_Korda-Tommy_Paul,Sebastian Korda,2,39,46.2%,36.4%,50.0%,45.5%,66.7%,50.0%,55.6%,42.9%,60.0%,33.3%
20220831-M-US_Open-R64-Sebastian_Korda-Tommy_Paul,Tommy Paul,1,95,71.6%,59.1%,69.6%,52.8%,61.3%,50.0%,57.1%,43.8%,46.7%,38.5%
20220831-M-US_Open-R64-Sebastian_Korda-Tommy_Paul,Tommy Paul,2,55,60.0%,51.1%,59.0%,51.5%,63.0%,47.4%,69.2%,50.0%,57.1%,57.1%
20220831-M-US_Open-R64-Pedro_Cachin-Brandon_Holt,Pedro Cachin,1,92,68.5%,50.0%,61.7%,48.6%,65.4%,50.0%,64.3%,50.0%,62.5%,62.5%
20220831-M-US_Open-R64-Pedro_Cachin-Brandon_Holt,Pedro Cachin,2,55,58.2%,47.7%,55.3%,48.5%,51.6%,46.4%,48.1%,39.1%,50.0%,35.7%
20220831-M-US_Open-R64-Pedro_Cachin-Brandon_Holt,Brandon Holt,1,97,73.2%,62.3%,64.2%,50.0%,63.2%,54.8%,58.6%,40.0%,57.1%,40.0%
20220831-M-US_Open-R64-Pedro_Cachin-Brandon_Holt,Brandon Holt,2,57,47.4%,41.2%,48.8%,43.6%,51.5%,48.4%,57.7%,47.6%,58.8%,41.7%
20220831-M-US_Open-R64-Daniel_Elahi_Galan-Jordan_Thompson,Daniel Elahi Galan,1,103,66.0%,47.8%,56.1%,43.2%,52.8%,37.0%,43.5%,27.8%,38.5%,27.3%
20220831-M-US_Open-R64-Daniel_Elahi_Galan-Jordan_Thompson,Daniel Elahi Galan,2,68,47.1%,35.7%,48.8%,41.7%,55.6%,47.8%,57.9%,46.7%,50.0%,41.7%
20220831-M-US_Open-R64-Daniel_Elahi_Galan-Jordan_Thompson,Jordan Thompson,1,88,72.7%,55.6%,69.8%,60.6%,69.0%,60.9%,70.0%,62.5%,66.7%,64.3%
20220831-M-US_Open-R64-Daniel_Elahi_Galan-Jordan_Thompson,Jordan Thompson,2,42,40.5%,32.4%,37.5%,25.9%,26.9%,20.8%,29.4%,25.0%,25.0%,20.0%
20220831-M-US_Open-R64-Casper_Ruud-Tim_Van_Rijthoven,Casper Ruud,1,84,79.8%,65.3%,74.4%,57.7%,71.4%,53.8%,70.0%,25.0%,33.3%,0.0%
20220831-M-US_Open-R64-Casper_Ruud-Tim_Van_Rijthoven,Casper Ruud,2,30,70.0%,60.9%,66.7%,58.8%,71.4%,63.6%,63.6%,63.6%,77.8%,71.4%
20220831-M-US_Open-R64-Casper_Ruud-Tim_Van_Rijthoven,Tim Van Rijthoven,1,66,83.3%,70.3%,81.3%,71.4%,83.3%,57.1%,66.7%,33.3%,33.3%,33.3%
20220831-M-US_Open-R64-Casper_Ruud-Tim_Van_Rijthoven,Tim Van Rijthoven,2,44,65.9%,46.4%,56.5%,33.3%,50.0%,37.5%,50.0%,25.0%,33.3%,33.3%
20220831-M-US_Open-R64-Botic_Van_De_Zandschulp-Corentin_Moutet,Botic Van De Zandschulp,1,66,72.7%,53.8%,65.6%,35.3%,54.5%,0.0%,-,-,-,-
20220831-M-US_Open-R64-Botic_Van_De_Zandschulp-Corentin_Moutet,Botic Van De Zandschulp,2,30,46.7%,36.0%,47.4%,28.6%,44.4%,28.6%,40.0%,25.0%,25.0%,25.0%
20220831-M-US_Open-R64-Botic_Van_De_Zandschulp-Corentin_Moutet,Corentin Moutet,1,71,66.2%,61.3%,73.1%,60.0%,77.8%,62.5%,66.7%,54.5%,54.5%,54.5%
20220831-M-US_Open-R64-Botic_Van_De_Zandschulp-Corentin_Moutet,Corentin Moutet,2,39,56.4%,46.9%,60.0%,47.4%,56.3%,50.0%,63.6%,60.0%,75.0%,60.0%
20220830-M-US_Open-R64-Gijs_Brouwer-Lorenzo_Musetti,Gijs Brouwer,1,72,79.2%,65.9%,78.4%,60.0%,66.7%,53.8%,70.0%,50.0%,60.0%,0.0%
20220830-M-US_Open-R64-Gijs_Brouwer-Lorenzo_Musetti,Gijs Brouwer,2,32,31.3%,21.4%,33.3%,20.0%,33.3%,33.3%,50.0%,50.0%,75.0%,50.0%
20220830-M-US_Open-R64-Gijs_Brouwer-Lorenzo_Musetti,Lorenzo Musetti,1,74,70.3%,57.7%,68.2%,44.0%,64.7%,40.0%,57.1%,25.0%,33.3%,33.3%
20220830-M-US_Open-R64-Gijs_Brouwer-Lorenzo_Musetti,Lorenzo Musetti,2,45,75.6%,67.6%,76.7%,66.7%,77.8%,55.6%,55.6%,42.9%,60.0%,0.0%
20220830-M-US_Open-R128-Soon_Woo_Kwon-Fernando_Verdasco,Soon Woo Kwon,1,74,74.3%,53.7%,62.9%,45.8%,64.7%,25.0%,100.0%,100.0%,100.0%,100.0%
20220830-M-US_Open-R128-Soon_Woo_Kwon-Fernando_Verdasco,Soon Woo Kwon,2,44,68.2%,60.0%,67.7%,58.3%,70.0%,50.0%,60.0%,55.6%,55.6%,33.3%
20220830-M-US_Open-R128-Soon_Woo_Kwon-Fernando_Verdasco,Fernando Verdasco,1,68,67.6%,43.6%,53.1%,31.8%,46.7%,33.3%,80.0%,0.0%,0.0%,0.0%
20220830-M-US_Open-R128-Soon_Woo_Kwon-Fernando_Verdasco,Fernando Verdasco,2,47,55.3%,38.2%,54.2%,42.1%,53.3%,36.4%,44.4%,16.7%,33.3%,0.0%
20220830-M-US_Open-R128-Sam_Querrey-Ilya_Ivashka,Sam Querrey,1,88,77.3%,52.4%,75.9%,65.0%,86.7%,66.7%,80.0%,75.0%,100.0%,100.0%
20220830-M-US_Open-R128-Sam_Querrey-Ilya_Ivashka,Sam Querrey,2,39,43.6%,31.3%,41.7%,12.5%,40.0%,40.0%,66.7%,50.0%,50.0%,50.0%
20220830-M-US_Open-R128-Sam_Querrey-Ilya_Ivashka,Ilya Ivashka,1,74,75.7%,57.1%,64.9%,31.6%,42.9%,27.3%,33.3%,0.0%,0.0%,0.0%
20220830-M-US_Open-R128-Sam_Querrey-Ilya_Ivashka,Ilya Ivashka,2,49,63.3%,45.5%,60.0%,41.2%,70.0%,0.0%,-,-,-,-
20220830-M-US_Open-R128-Oscar_Otte-Hubert_Hurkacz,Oscar Otte,1,45,71.1%,50.0%,76.5%,69.2%,100.0%,100.0%,100.0%,-,-,-
20220830-M-US_Open-R128-Oscar_Otte-Hubert_Hurkacz,Oscar Otte,2,43,58.1%,51.4%,59.4%,40.9%,52.9%,33.3%,66.7%,50.0%,100.0%,100.0%
20220830-M-US_Open-R128-Oscar_Otte-Hubert_Hurkacz,Hubert Hurkacz,1,45,84.4%,65.0%,86.7%,75.0%,100.0%,100.0%,100.0%,100.0%,100.0%,-
20220830-M-US_Open-R128-Oscar_Otte-Hubert_Hurkacz,Hubert Hurkacz,2,27,74.1%,58.8%,90.9%,87.5%,100.0%,100.0%,100.0%,100.0%,100.0%,100.0%
20220830-M-US_Open-R128-Miomir_Kecmanovic-Learner_Tien,Miomir Kecmanovic,1,63,76.2%,60.5%,69.7%,44.4%,53.3%,41.7%,55.6%,50.0%,57.1%,50.0%
20220830-M-US_Open-R128-Miomir_Kecmanovic-Learner_Tien,Miomir Kecmanovic,2,39,56.4%,45.2%,50.0%,30.0%,42.9%,27.3%,42.9%,20.0%,25.0%,0.0%
20220830-M-US_Open-R128-Miomir_Kecmanovic-Learner_Tien,Learner Tien,1,74,66.2%,56.9%,78.6%,65.4%,81.0%,63.6%,63.6%,60.0%,75.0%,50.0%
20220830-M-US_Open-R128-Miomir_Kecmanovic-Learner_Tien,Learner Tien,2,33,42.4%,36.7%,47.8%,47.8%,55.0%,52.6%,62.5%,50.0%,66.7%,57.1%
20220830-M-US_Open-R128-Lorenzo_Musetti-David_Goffin,Lorenzo Musetti,1,108,64.8%,49.3%,57.8%,41.3%,50.0%,42.4%,58.3%,44.4%,57.1%,45.5%
20220830-M-US_Open-R128-Lorenzo_Musetti-David_Goffin,Lorenzo Musetti,2,62,51.6%,45.5%,52.1%,41.0%,51.6%,40.0%,50.0%,33.3%,55.6%,33.3%
20220830-M-US_Open-R128-Lorenzo_Musetti-David_Goffin,David Goffin,1,95,74.7%,60.7%,68.5%,55.3%,67.7%,44.4%,61.5%,54.5%,66.7%,40.0%
20220830-M-US_Open-R128-Lorenzo_Musetti-David_Goffin,David Goffin,2,81,49.4%,36.9%,43.6%,32.6%,42.9%,25.9%,35.0%,18.8%,25.0%,10.0%
20220830-M-US_Open-R128-John_Isner-Federico_Delbonis,John Isner,1,51,86.3%,50.0%,63.6%,33.3%,50.0%,0.0%,0.0%,0.0%,0.0%,0.0%
20220830-M-US_Open-R128-John_Isner-Federico_Delbonis,John Isner,2,21,57.1%,35.7%,62.5%,25.0%,50.0%,50.0%,100.0%,-,-,-
20220830-M-US_Open-R128-John_Isner-Federico_Delbonis,Federico Delbonis,1,41,70.7%,58.6%,70.8%,56.3%,64.3%,44.4%,66.7%,33.3%,50.0%,0.0%
20220830-M-US_Open-R128-John_Isner-Federico_Delbonis,Federico Delbonis,2,28,57.1%,42.9%,64.3%,37.5%,42.9%,33.3%,40.0%,25.0%,33.3%,33.3%
20220830-M-US_Open-R128-Jannik_Sinner-Daniel_Altmaier,Jannik Sinner,1,68,76.5%,59.0%,65.7%,52.0%,56.5%,44.4%,61.5%,44.4%,50.0%,20.0%
20220830-M-US_Open-R128-Jannik_Sinner-Daniel_Altmaier,Jannik Sinner,2,48,72.9%,70.5%,75.6%,64.3%,66.7%,59.1%,68.4%,60.0%,75.0%,66.7%
20220830-M-US_Open-R128-Jannik_Sinner-Daniel_Altmaier,Daniel Altmaier,1,78,61.5%,48.3%,54.9%,42.5%,56.7%,45.8%,64.7%,60.0%,75.0%,62.5%
20220830-M-US_Open-R128-Jannik_Sinner-Daniel_Altmaier,Daniel Altmaier,2,47,46.8%,44.4%,54.1%,46.9%,53.6%,40.9%,52.9%,42.9%,60.0%,50.0%
20220830-M-US_Open-R128-Hugo_Gaston-Alexander_Bublik,Hugo Gaston,1,46,63.0%,43.3%,56.5%,33.3%,55.6%,33.3%,100.0%,100.0%,100.0%,100.0%
20220830-M-US_Open-R128-Hugo_Gaston-Alexander_Bublik,Hugo Gaston,2,33,57.6%,50.0%,58.3%,41.2%,58.3%,44.4%,57.1%,25.0%,50.0%,0.0%
20220830-M-US_Open-R128-Hugo_Gaston-Alexander_Bublik,Alexander Bublik,1,52,76.9%,57.1%,76.2%,44.4%,57.1%,25.0%,50.0%,50.0%,50.0%,0.0%
20220830-M-US_Open-R128-Hugo_Gaston-Alexander_Bublik,Alexander Bublik,2,27,63.0%,47.4%,64.3%,44.4%,66.7%,60.0%,75.0%,75.0%,75.0%,0.0%
20220830-M-US_Open-R128-Grigor_Dimitrov-Steve_Johnson,Grigor Dimitrov,1,38,94.7%,71.4%,83.3%,66.7%,100.0%,-,-,-,-,-
20220830-M-US_Open-R128-Grigor_Dimitrov-Steve_Johnson,Grigor Dimitrov,2,22,77.3%,68.8%,78.6%,62.5%,71.4%,50.0%,66.7%,0.0%,-,-
20220830-M-US_Open-R128-Grigor_Dimitrov-Steve_Johnson,Steve Johnson,1,51,68.6%,54.3%,82.6%,60.0%,75.0%,50.0%,66.7%,50.0%,100.0%,100.0%
20220830-M-US_Open-R128-Grigor_Dimitrov-Steve_Johnson,Steve Johnson,2,31,41.9%,25.0%,33.3%,14.3%,22.2%,22.2%,33.3%,20.0%,33.3%,33.3%
20220830-M-US_Open-R128-Gijs_Brouwer-Adrian_Mannarino,Gijs Brouwer,1,56,73.2%,61.5%,72.7%,55.0%,61.1%,50.0%,77.8%,71.4%,71.4%,50.0%
20220830-M-US_Open-R128-Gijs_Brouwer-Adrian_Mannarino,Gijs Brouwer,2,27,66.7%,50.0%,50.0%,40.0%,60.0%,55.6%,71.4%,66.7%,66.7%,60.0%
20220830-M-US_Open-R128-Gijs_Brouwer-Adrian_Mannarino,Adrian Mannarino,1,41,58.5%,39.3%,50.0%,38.9%,43.8%,35.7%,55.6%,42.9%,50.0%,50.0%
20220830-M-US_Open-R128-Gijs_Brouwer-Adrian_Mannarino,Adrian Mannarino,2,42,64.3%,51.6%,66.7%,60.0%,63.2%,56.3%,60.0%,53.8%,63.6%,50.0%
20220830-M-US_Open-R128-Benoit_Paire-Cameron_Norrie,Benoit Paire,1,35,71.4%,56.5%,76.5%,50.0%,100.0%,100.0%,100.0%,-,-,-
20220830-M-US_Open-R128-Benoit_Paire-Cameron_Norrie,Benoit Paire,2,31,35.5%,31.0%,45.0%,21.4%,33.3%,25.0%,25.0%,0.0%,0.0%,0.0%
20220830-M-US_Open-R128-Benoit_Paire-Cameron_Norrie,Cameron Norrie,1,50,84.0%,72.4%,77.8%,64.7%,78.6%,66.7%,75.0%,71.4%,71.4%,33.3%
20220830-M-US_Open-R128-Benoit_Paire-Cameron_Norrie,Cameron Norrie,2,20,50.0%,33.3%,55.6%,50.0%,80.0%,75.0%,75.0%,66.7%,66.7%,50.0%
20220829-M-US_Open-R128-Zhizhen_Zhang-Tim_Van_Rijthoven,Zhizhen Zhang,1,105,73.3%,48.1%,60.5%,37.0%,52.6%,47.1%,57.1%,40.0%,57.1%,57.1%
20220829-M-US_Open-R128-Zhizhen_Zhang-Tim_Van_Rijthoven,Zhizhen Zhang,2,48,60.4%,47.2%,65.4%,43.8%,63.6%,42.9%,50.0%,25.0%,33.3%,0.0%
20220829-M-US_Open-R128-Zhizhen_Zhang-Tim_Van_Rijthoven,Tim Van Rijthoven,1,102,76.5%,51.0%,67.6%,50.0%,63.2%,46.2%,60.0%,50.0%,66.7%,60.0%
20220829-M-US_Open-R128-Zhizhen_Zhang-Tim_Van_Rijthoven,Tim Van Rijthoven,2,62,64.5%,48.8%,77.8%,57.1%,66.7%,42.9%,50.0%,40.0%,50.0%,0.0%
20220829-M-US_Open-R128-Tomas_Machac-Botic_Van_De_Zandschulp,Tomas Machac,1,94,66.0%,50.8%,66.0%,56.4%,68.8%,60.0%,71.4%,45.5%,71.4%,33.3%
20220829-M-US_Open-R128-Tomas_Machac-Botic_Van_De_Zandschulp,Tomas Machac,2,72,62.5%,51.8%,55.8%,48.9%,59.5%,51.6%,69.6%,50.0%,63.6%,50.0%
20220829-M-US_Open-R128-Tomas_Machac-Botic_Van_De_Zandschulp,Botic Van De Zandschulp,1,83,83.1%,65.0%,74.3%,59.1%,72.2%,61.5%,80.0%,60.0%,75.0%,66.7%
20220829-M-US_Open-R128-Tomas_Machac-Botic_Van_De_Zandschulp,Botic Van De Zandschulp,2,58,55.2%,51.9%,71.8%,59.3%,72.7%,66.7%,85.7%,71.4%,83.3%,66.7%
20220829-M-US_Open-R128-Pablo_Carreno_Busta-Dominic_Thiem,Pablo Carreno Busta,1,76,65.8%,45.8%,52.4%,28.6%,47.1%,18.2%,18.2%,10.0%,14.3%,0.0%
20220829-M-US_Open-R128-Pablo_Carreno_Busta-Dominic_Thiem,Pablo Carreno Busta,2,39,69.2%,58.6%,63.0%,52.4%,64.7%,53.8%,87.5%,75.0%,75.0%,66.7%
20220829-M-US_Open-R128-Pablo_Carreno_Busta-Dominic_Thiem,Dominic Thiem,1,76,57.9%,34.7%,53.1%,34.8%,57.1%,40.0%,57.1%,57.1%,100.0%,100.0%
20220829-M-US_Open-R128-Pablo_Carreno_Busta-Dominic_Thiem,Dominic Thiem,2,54,57.4%,48.9%,66.7%,52.2%,63.2%,53.3%,72.7%,62.5%,71.4%,66.7%
20220829-M-US_Open-R128-Nuno_Borges-Ben_Shelton,Nuno Borges,1,119,73.9%,56.9%,71.9%,61.0%,75.8%,65.2%,78.9%,66.7%,88.9%,87.5%
20220829-M-US_Open-R128-Nuno_Borges-Ben_Shelton,Nuno Borges,2,53,67.9%,56.4%,75.9%,69.6%,84.2%,78.6%,78.6%,66.7%,66.7%,50.0%
20220829-M-US_Open-R128-Nuno_Borges-Ben_Shelton,Ben Shelton,1,115,77.4%,51.9%,59.6%,32.1%,40.9%,18.8%,33.3%,33.3%,60.0%,0.0%
20220829-M-US_Open-R128-Nuno_Borges-Ben_Shelton,Ben Shelton,2,69,50.7%,37.0%,52.6%,43.8%,63.6%,55.6%,71.4%,50.0%,66.7%,33.3%
20220829-M-US_Open-R128-Nicolas_Jarry-Matteo_Berrettini,Nicolas Jarry,1,45,71.1%,51.9%,73.7%,16.7%,33.3%,0.0%,0.0%,0.0%,-,-
20220829-M-US_Open-R128-Nicolas_Jarry-Matteo_Berrettini,Nicolas Jarry,2,33,42.4%,29.6%,42.1%,21.4%,33.3%,14.3%,100.0%,100.0%,100.0%,-
20220829-M-US_Open-R128-Nicolas_Jarry-Matteo_Berrettini,Matteo Berrettini,1,45,86.7%,68.4%,76.5%,60.0%,75.0%,60.0%,100.0%,-,-,-
20220829-M-US_Open-R128-Nicolas_Jarry-Matteo_Berrettini,Matteo Berrettini,2,24,62.5%,35.7%,45.5%,14.3%,25.0%,0.0%,0.0%,0.0%,0.0%,0.0%
20220829-M-US_Open-R128-John_Millman-Emilio_Nava,John Millman,1,111,67.6%,47.8%,62.3%,42.9%,53.6%,43.5%,76.9%,66.7%,100.0%,100.0%
20220829-M-US_Open-R128-John_Millman-Emilio_Nava,John Millman,2,67,62.7%,51.9%,65.9%,51.7%,62.5%,30.8%,44.4%,28.6%,40.0%,25.0%
20220829-M-US_Open-R128-John_Millman-Emilio_Nava,Emilio Nava,1,94,72.3%,54.4%,68.9%,41.7%,58.8%,53.3%,66.7%,55.6%,71.4%,60.0%
20220829-M-US_Open-R128-John_Millman-Emilio_Nava,Emilio Nava,2,51,64.7%,57.1%,64.9%,45.8%,73.3%,63.6%,77.8%,33.3%,33.3%,0.0%
20220829-M-US_Open-R128-Andy_Murray-Francisco_Cerundolo,Andy Murray,1,52,75.0%,64.9%,75.0%,69.2%,72.0%,56.3%,64.3%,61.5%,66.7%,60.0%
20220829-M-US_Open-R128-Andy_Murray-Francisco_Cerundolo,Andy Murray,2,30,50.0%,42.3%,50.0%,35.3%,42.9%,33.3%,44.4%,37.5%,42.9%,33.3%
20220829-M-US_Open-R128-Andy_Murray-Francisco_Cerundolo,Francisco Cerundolo,1,59,67.8%,61.2%,81.1%,75.9%,84.6%,81.0%,94.4%,92.3%,100.0%,100.0%
20220829-M-US_Open-R128-Andy_Murray-Francisco_Cerundolo,Francisco Cerundolo,2,35,25.7%,21.2%,25.9%,20.0%,25.0%,16.7%,30.0%,0.0%,0.0%,0.0%
20220829-M-US_Open-R128-Alejandro_Davidovich_Fokina-Yoshihito_Nishioka,Alejandro Davidovich Fokina,1,46,80.4%,60.9%,66.7%,50.0%,58.3%,37.5%,60.0%,0.0%,0.0%,0.0%
20220829-M-US_Open-R128-Alejandro_Davidovich_Fokina-Yoshihito_Nishioka,Alejandro Davidovich Fokina,2,33,51.5%,33.3%,34.8%,25.0%,45.5%,25.0%,25.0%,14.3%,25.0%,0.0%
20220829-M-US_Open-R128-Alejandro_Davidovich_Fokina-Yoshihito_Nishioka,Yoshihito Nishioka,1,50,56.0%,42.1%,51.6%,31.8%,41.2%,16.7%,25.0%,25.0%,28.6%,16.7%
20220829-M-US_Open-R128-Alejandro_Davidovich_Fokina-Yoshihito_Nishioka,Yoshihito Nishioka,2,41,48.8%,43.2%,51.6%,44.4%,54.5%,33.3%,45.5%,33.3%,37.5%,16.7%
20220826-M-US_Open-Q3-Paul_Jubb-Gijs_Brouwer,Paul Jubb,1,74,68.9%,55.8%,69.0%,59.4%,70.4%,42.9%,46.2%,36.4%,44.4%,28.6%
20220826-M-US_Open-Q3-Paul_Jubb-Gijs_Brouwer,Paul Jubb,2,38,42.1%,35.3%,46.2%,36.4%,38.1%,23.5%,26.7%,21.4%,50.0%,0.0%
20220826-M-US_Open-Q3-Paul_Jubb-Gijs_Brouwer,Gijs Brouwer,1,61,59.0%,46.8%,56.4%,45.2%,63.6%,42.9%,66.7%,57.1%,100.0%,100.0%
20220826-M-US_Open-Q3-Paul_Jubb-Gijs_Brouwer,Gijs Brouwer,2,25,64.0%,57.1%,66.7%,53.8%,63.6%,50.0%,57.1%,50.0%,75.0%,50.0%
20220130-M-Australian_Open-F-Rafael_Nadal-Daniil_Medvedev,Rafael Nadal,1,117,66.7%,57.1%,65.0%,54.8%,64.2%,53.7%,61.1%,54.8%,65.4%,52.6%
20220130-M-Australian_Open-F-Rafael_Nadal-Daniil_Medvedev,Rafael Nadal,2,67,50.7%,48.4%,53.4%,43.8%,46.7%,40.0%,48.5%,43.3%,48.1%,44.0%
20220130-M-Australian_Open-F-Rafael_Nadal-Daniil_Medvedev,Daniil Medvedev,1,127,70.1%,56.3%,64.5%,47.1%,66.7%,53.8%,63.6%,55.6%,62.5%,57.1%
20220130-M-Australian_Open-F-Rafael_Nadal-Daniil_Medvedev,Daniil Medvedev,2,50,46.0%,41.3%,45.2%,37.8%,43.8%,37.9%,45.8%,23.5%,33.3%,27.3%
20220128-M-Australian_Open-SF-Stefanos_Tsitsipas-Daniil_Medvedev,Stefanos Tsitsipas,1,83,67.5%,55.0%,63.5%,45.7%,66.7%,42.9%,54.5%,54.5%,66.7%,57.1%
20220128-M-Australian_Open-SF-Stefanos_Tsitsipas-Daniil_Medvedev,Stefanos Tsitsipas,2,36,63.9%,58.1%,66.7%,55.0%,64.7%,60.0%,69.2%,60.0%,66.7%,25.0%
20220128-M-Australian_Open-SF-Stefanos_Tsitsipas-Daniil_Medvedev,Daniil Medvedev,1,71,85.9%,66.7%,80.0%,70.6%,80.0%,72.7%,72.7%,66.7%,75.0%,66.7%
20220128-M-Australian_Open-SF-Stefanos_Tsitsipas-Daniil_Medvedev,Daniil Medvedev,2,25,84.0%,81.0%,89.5%,83.3%,83.3%,75.0%,75.0%,60.0%,75.0%,75.0%
20220128-M-Australian_Open-SF-Rafael_Nadal-Matteo_Berrettini,Rafael Nadal,1,70,72.9%,60.4%,69.0%,56.7%,70.8%,56.3%,60.0%,45.5%,55.6%,42.9%
20220128-M-Australian_Open-SF-Rafael_Nadal-Matteo_Berrettini,Rafael Nadal,2,30,66.7%,64.3%,69.2%,63.6%,73.7%,70.6%,75.0%,69.2%,75.0%,57.1%
20220128-M-Australian_Open-SF-Rafael_Nadal-Matteo_Berrettini,Matteo Berrettini,1,68,73.5%,50.0%,58.1%,45.8%,57.9%,38.5%,41.7%,30.0%,50.0%,50.0%
20220128-M-Australian_Open-SF-Rafael_Nadal-Matteo_Berrettini,Matteo Berrettini,2,32,46.9%,29.2%,41.2%,41.2%,53.8%,53.8%,58.3%,37.5%,42.9%,33.3%
20220126-M-Australian_Open-QF-Stefanos_Tsitsipas-Jannik_Sinner,Stefanos Tsitsipas,1,53,79.2%,64.5%,69.0%,57.1%,75.0%,60.0%,75.0%,50.0%,66.7%,50.0%
20220126-M-Australian_Open-QF-Stefanos_Tsitsipas-Jannik_Sinner,Stefanos Tsitsipas,2,23,65.2%,50.0%,61.5%,37.5%,75.0%,66.7%,66.7%,0.0%,0.0%,0.0%
20220126-M-Australian_Open-QF-Stefanos_Tsitsipas-Jannik_Sinner,Jannik Sinner,1,42,71.4%,53.8%,58.3%,28.6%,33.3%,27.3%,33.3%,33.3%,37.5%,28.6%
20220126-M-Australian_Open-QF-Stefanos_Tsitsipas-Jannik_Sinner,Jannik Sinner,2,23,56.5%,56.5%,59.1%,40.0%,50.0%,45.5%,50.0%,28.6%,33.3%,20.0%
20220126-M-Australian_Open-QF-Daniil_Medvedev-Felix_Auger_Aliassime,Daniil Medvedev,1,126,74.6%,60.0%,71.6%,60.4%,69.0%,51.9%,63.6%,46.7%,70.0%,50.0%
20220126-M-Australian_Open-QF-Daniil_Medvedev-Felix_Auger_Aliassime,Daniil Medvedev,2,61,59.0%,50.0%,62.5%,51.6%,69.6%,63.2%,70.6%,64.3%,69.2%,66.7%
20220126-M-Australian_Open-QF-Daniil_Medvedev-Felix_Auger_Aliassime,Felix Auger Aliassime,1,115,78.3%,59.7%,68.5%,54.1%,64.5%,47.6%,58.8%,46.2%,60.0%,55.6%
20220126-M-Australian_Open-QF-Daniil_Medvedev-Felix_Auger_Aliassime,Felix Auger Aliassime,2,48,52.1%,45.2%,52.8%,43.3%,59.1%,43.8%,53.8%,40.0%,50.0%,50.0%
20220125-M-Australian_Open-QF-Rafael_Nadal-Denis_Shapovalov,Rafael Nadal,1,100,79.0%,62.5%,71.4%,54.8%,58.6%,40.0%,47.1%,25.0%,33.3%,25.0%
20220125-M-Australian_Open-QF-Rafael_Nadal-Denis_Shapovalov,Rafael Nadal,2,35,60.0%,39.1%,50.0%,47.1%,57.1%,50.0%,54.5%,28.6%,33.3%,33.3%
20220125-M-Australian_Open-QF-Rafael_Nadal-Denis_Shapovalov,Denis Shapovalov,1,80,72.5%,40.5%,50.0%,16.7%,23.1%,23.1%,33.3%,0.0%,0.0%,0.0%
20220125-M-Australian_Open-QF-Rafael_Nadal-Denis_Shapovalov,Denis Shapovalov,2,52,59.6%,44.7%,65.4%,40.0%,50.0%,14.3%,50.0%,0.0%,0.0%,0.0%
20220125-M-Australian_Open-QF-Gael_Monfils-Matteo_Berrettini,Gael Monfils,1,76,76.3%,58.1%,67.6%,45.5%,45.5%,33.3%,42.9%,38.5%,45.5%,40.0%
20220125-M-Australian_Open-QF-Gael_Monfils-Matteo_Berrettini,Gael Monfils,2,53,60.4%,50.0%,65.6%,52.2%,60.0%,42.9%,60.0%,50.0%,66.7%,60.0%
20220125-M-Australian_Open-QF-Gael_Monfils-Matteo_Berrettini,Matteo Berrettini,1,103,73.8%,52.6%,63.8%,45.2%,66.7%,50.0%,53.8%,25.0%,25.0%,25.0%
20220125-M-Australian_Open-QF-Gael_Monfils-Matteo_Berrettini,Matteo Berrettini,2,65,52.3%,45.6%,54.2%,42.1%,50.0%,38.5%,47.6%,42.1%,47.1%,35.7%
20220124-M-Australian_Open-R16-Maxime_Cressy-Daniil_Medvedev,Maxime Cressy,1,104,74.0%,58.5%,76.0%,55.6%,88.2%,0.0%,0.0%,0.0%,-,-
20220124-M-Australian_Open-R16-Maxime_Cressy-Daniil_Medvedev,Maxime Cressy,2,43,74.4%,59.3%,69.6%,36.4%,80.0%,50.0%,100.0%,-,-,-
20220124-M-Australian_Open-R16-Maxime_Cressy-Daniil_Medvedev,Daniil Medvedev,1,84,84.5%,73.5%,83.7%,72.0%,85.7%,78.6%,91.7%,83.3%,83.3%,75.0%
20220124-M-Australian_Open-R16-Maxime_Cressy-Daniil_Medvedev,Daniil Medvedev,2,39,74.4%,58.3%,73.7%,64.3%,75.0%,62.5%,83.3%,66.7%,100.0%,-
20220123-M-Australian_Open-R16-Stefanos_Tsitsipas-Taylor_Fritz,Stefanos Tsitsipas,1,108,78.7%,62.3%,70.4%,52.9%,60.0%,36.8%,53.8%,33.3%,42.9%,20.0%
20220123-M-Australian_Open-R16-Stefanos_Tsitsipas-Taylor_Fritz,Stefanos Tsitsipas,2,50,50.0%,46.8%,61.1%,46.2%,52.2%,42.1%,50.0%,42.9%,60.0%,42.9%
20220123-M-Australian_Open-R16-Stefanos_Tsitsipas-Taylor_Fritz,Taylor Fritz,1,84,78.6%,64.0%,86.5%,73.7%,77.8%,66.7%,66.7%,55.6%,71.4%,60.0%
20220123-M-Australian_Open-R16-Stefanos_Tsitsipas-Taylor_Fritz,Taylor Fritz,2,48,60.4%,53.7%,66.7%,54.2%,56.5%,44.4%,50.0%,38.5%,55.6%,50.0%
20220123-M-Australian_Open-R16-Pablo_Carreno_Busta-Matteo_Berrettini,Pablo Carreno Busta,1,80,70.0%,63.1%,70.7%,50.0%,63.0%,50.0%,62.5%,40.0%,66.7%,50.0%
20220123-M-Australian_Open-R16-Pablo_Carreno_Busta-Matteo_Berrettini,Pablo Carreno Busta,2,33,54.5%,48.3%,60.9%,47.1%,53.3%,41.7%,50.0%,16.7%,33.3%,33.3%
20220123-M-Australian_Open-R16-Pablo_Carreno_Busta-Matteo_Berrettini,Matteo Berrettini,1,71,87.3%,71.0%,78.6%,53.8%,77.8%,50.0%,66.7%,0.0%,0.0%,0.0%
20220123-M-Australian_Open-R16-Pablo_Carreno_Busta-Matteo_Berrettini,Matteo Berrettini,2,20,60.0%,52.9%,75.0%,62.5%,71.4%,50.0%,50.0%,33.3%,50.0%,50.0%
20220123-M-Australian_Open-R16-Gael_Monfils-Miomir_Kecmanovic,Gael Monfils,1,59,81.4%,60.7%,65.4%,47.1%,57.1%,40.0%,50.0%,33.3%,66.7%,66.7%
20220123-M-Australian_Open-R16-Gael_Monfils-Miomir_Kecmanovic,Gael Monfils,2,37,56.8%,50.0%,61.5%,52.4%,61.1%,50.0%,58.3%,58.3%,70.0%,62.5%
20220123-M-Australian_Open-R16-Gael_Monfils-Miomir_Kecmanovic,Miomir Kecmanovic,1,73,65.8%,56.1%,65.3%,45.2%,63.6%,57.9%,68.8%,64.3%,75.0%,57.1%
20220123-M-Australian_Open-R16-Gael_Monfils-Miomir_Kecmanovic,Miomir Kecmanovic,2,52,53.8%,46.7%,55.3%,54.1%,62.5%,50.0%,57.1%,50.0%,64.3%,58.3%
20220122-M-Australian_Open-R32-Marin_Cilic-Andrey_Rublev,Marin Cilic,1,61,85.2%,64.0%,80.0%,63.6%,87.5%,66.7%,66.7%,50.0%,50.0%,50.0%
20220122-M-Australian_Open-R32-Marin_Cilic-Andrey_Rublev,Marin Cilic,2,49,59.2%,55.6%,73.5%,59.1%,81.3%,70.0%,87.5%,75.0%,75.0%,0.0%
20220122-M-Australian_Open-R32-Marin_Cilic-Andrey_Rublev,Andrey Rublev,1,85,74.1%,48.8%,65.6%,50.0%,78.6%,50.0%,60.0%,33.3%,50.0%,50.0%
20220122-M-Australian_Open-R32-Marin_Cilic-Andrey_Rublev,Andrey Rublev,2,38,52.6%,25.0%,40.0%,25.0%,42.9%,42.9%,75.0%,50.0%,100.0%,100.0%
20220122-M-Australian_Open-R32-Botic_Van_De_Zandschulp-Daniil_Medvedev,Botic Van De Zandschulp,1,56,58.9%,43.9%,62.1%,38.9%,50.0%,30.0%,37.5%,16.7%,33.3%,33.3%
20220122-M-Australian_Open-R32-Botic_Van_De_Zandschulp-Daniil_Medvedev,Botic Van De Zandschulp,2,30,63.3%,57.7%,62.5%,59.1%,72.2%,61.5%,88.9%,85.7%,85.7%,66.7%
20220122-M-Australian_Open-R32-Botic_Van_De_Zandschulp-Daniil_Medvedev,Daniil Medvedev,1,57,82.5%,66.7%,71.4%,55.6%,62.5%,57.1%,66.7%,55.6%,62.5%,57.1%
20220122-M-Australian_Open-R32-Botic_Van_De_Zandschulp-Daniil_Medvedev,Daniil Medvedev,2,23,65.2%,50.0%,57.1%,50.0%,66.7%,40.0%,66.7%,66.7%,66.7%,66.7%
20220122-M-Australian_Open-R16-Rafael_Nadal-Adrian_Mannarino,Rafael Nadal,1,50,88.0%,71.4%,75.0%,54.5%,66.7%,62.5%,83.3%,75.0%,75.0%,66.7%
20220122-M-Australian_Open-R16-Rafael_Nadal-Adrian_Mannarino,Rafael Nadal,2,32,68.8%,61.5%,69.6%,53.3%,61.5%,54.5%,75.0%,75.0%,85.7%,75.0%
20220122-M-Australian_Open-R16-Rafael_Nadal-Adrian_Mannarino,Adrian Mannarino,1,59,71.2%,57.5%,65.7%,33.3%,42.9%,11.1%,33.3%,0.0%,0.0%,0.0%
20220122-M-Australian_Open-R16-Rafael_Nadal-Adrian_Mannarino,Adrian Mannarino,2,41,51.2%,35.5%,45.8%,38.1%,53.3%,36.4%,66.7%,50.0%,66.7%,66.7%
20220121-M-Australian_Open-R32-Lorenzo_Sonego-Miomir_Kecmanovic,Lorenzo Sonego,1,86,68.6%,47.1%,57.1%,35.7%,55.6%,27.3%,42.9%,0.0%,0.0%,0.0%
20220121-M-Australian_Open-R32-Lorenzo_Sonego-Miomir_Kecmanovic,Lorenzo Sonego,2,27,63.0%,60.0%,75.0%,66.7%,83.3%,66.7%,100.0%,100.0%,100.0%,100.0%
20220121-M-Australian_Open-R32-Lorenzo_Sonego-Miomir_Kecmanovic,Miomir Kecmanovic,1,76,72.4%,60.4%,62.7%,53.7%,71.0%,55.0%,64.7%,40.0%,50.0%,50.0%
20220121-M-Australian_Open-R32-Lorenzo_Sonego-Miomir_Kecmanovic,Miomir Kecmanovic,2,63,63.5%,55.8%,65.9%,57.1%,64.5%,57.7%,75.0%,66.7%,76.9%,57.1%
20220121-M-Australian_Open-R32-Carlos_Alcaraz-Matteo_Berrettini,Carlos Alcaraz,1,96,74.0%,59.7%,74.0%,63.9%,79.3%,57.1%,80.0%,66.7%,80.0%,0.0%
20220121-M-Australian_Open-R32-Carlos_Alcaraz-Matteo_Berrettini,Carlos Alcaraz,2,51,70.6%,59.5%,71.0%,59.1%,68.4%,45.5%,50.0%,16.7%,25.0%,0.0%
20220121-M-Australian_Open-R32-Carlos_Alcaraz-Matteo_Berrettini,Matteo Berrettini,1,115,78.3%,60.3%,71.7%,60.5%,63.9%,50.0%,54.2%,31.3%,55.6%,50.0%
20220121-M-Australian_Open-R32-Carlos_Alcaraz-Matteo_Berrettini,Matteo Berrettini,2,46,45.7%,34.2%,43.3%,37.0%,52.6%,35.7%,50.0%,44.4%,66.7%,50.0%
20220121-M-Australian_Open-R32-Aslan_Karatsev-Adrian_Mannarino,Aslan Karatsev,1,117,73.5%,61.7%,68.5%,51.1%,66.7%,58.6%,70.8%,56.3%,69.2%,55.6%
20220121-M-Australian_Open-R32-Aslan_Karatsev-Adrian_Mannarino,Aslan Karatsev,2,64,48.4%,38.9%,50.0%,32.3%,47.6%,31.3%,41.7%,36.4%,50.0%,20.0%
20220121-M-Australian_Open-R32-Aslan_Karatsev-Adrian_Mannarino,Adrian Mannarino,1,93,71.0%,53.4%,56.4%,42.9%,52.9%,44.8%,59.1%,50.0%,64.3%,54.5%
20220121-M-Australian_Open-R32-Aslan_Karatsev-Adrian_Mannarino,Adrian Mannarino,2,60,63.3%,50.0%,56.4%,50.0%,65.4%,59.1%,65.0%,53.3%,66.7%,63.6%
20220120-M-Australian_Open-R64-Taylor_Fritz-Frances_Tiafoe,Taylor Fritz,1,77,72.7%,44.7%,51.5%,15.8%,30.0%,12.5%,20.0%,0.0%,0.0%,0.0%
20220120-M-Australian_Open-R64-Taylor_Fritz-Frances_Tiafoe,Taylor Fritz,2,37,59.5%,53.1%,65.4%,50.0%,52.9%,38.5%,50.0%,37.5%,37.5%,28.6%
20220120-M-Australian_Open-R64-Taylor_Fritz-Frances_Tiafoe,Frances Tiafoe,1,64,64.1%,46.5%,55.6%,36.0%,40.9%,18.8%,33.3%,25.0%,40.0%,25.0%
20220120-M-Australian_Open-R64-Taylor_Fritz-Frances_Tiafoe,Frances Tiafoe,2,49,53.1%,42.5%,51.5%,36.0%,45.0%,35.3%,50.0%,45.5%,62.5%,50.0%
20220120-M-Australian_Open-R64-Steve_Johnson-Jannik_Sinner,Steve Johnson,1,47,70.2%,53.3%,66.7%,38.5%,41.7%,22.2%,50.0%,33.3%,100.0%,-
20220120-M-Australian_Open-R64-Steve_Johnson-Jannik_Sinner,Steve Johnson,2,36,41.7%,34.4%,50.0%,45.0%,50.0%,40.0%,54.5%,37.5%,42.9%,33.3%
20220120-M-Australian_Open-R64-Steve_Johnson-Jannik_Sinner,Jannik Sinner,1,45,82.2%,66.7%,72.7%,57.1%,80.0%,71.4%,83.3%,66.7%,100.0%,100.0%
20220120-M-Australian_Open-R64-Steve_Johnson-Jannik_Sinner,Jannik Sinner,2,24,75.0%,66.7%,70.6%,61.5%,61.5%,44.4%,57.1%,50.0%,50.0%,40.0%
20220120-M-Australian_Open-R64-Nick_Kyrgios-Daniil_Medvedev,Nick Kyrgios,1,92,72.8%,56.1%,64.0%,43.8%,56.0%,47.6%,62.5%,50.0%,54.5%,50.0%
20220120-M-Australian_Open-R64-Nick_Kyrgios-Daniil_Medvedev,Nick Kyrgios,2,34,41.2%,35.5%,40.7%,36.0%,42.9%,29.4%,35.7%,30.8%,36.4%,30.0%
20220120-M-Australian_Open-R64-Nick_Kyrgios-Daniil_Medvedev,Daniil Medvedev,1,78,83.3%,61.8%,75.0%,61.1%,73.3%,63.6%,70.0%,40.0%,50.0%,50.0%
20220120-M-Australian_Open-R64-Nick_Kyrgios-Daniil_Medvedev,Daniil Medvedev,2,34,58.8%,51.7%,65.2%,42.9%,50.0%,25.0%,28.6%,28.6%,50.0%,50.0%
20220120-M-Australian_Open-R128-Christopher_Oconnell-Diego_Schwartzman,Christopher Oconnell,1,72,75.0%,61.7%,74.4%,68.8%,71.0%,55.0%,64.7%,53.8%,58.3%,50.0%
20220120-M-Australian_Open-R128-Christopher_Oconnell-Diego_Schwartzman,Christopher Oconnell,2,47,46.8%,40.5%,45.9%,37.5%,41.4%,26.1%,35.3%,35.3%,54.5%,44.4%
20220120-M-Australian_Open-R128-Christopher_Oconnell-Diego_Schwartzman,Diego Schwartzman,1,70,68.6%,56.0%,65.1%,58.3%,65.6%,45.0%,56.3%,41.7%,50.0%,50.0%
20220120-M-Australian_Open-R128-Christopher_Oconnell-Diego_Schwartzman,Diego Schwartzman,2,39,46.2%,38.2%,44.8%,36.0%,45.0%,42.1%,47.1%,35.7%,41.7%,22.2%
20220119-M-Australian_Open-R64-Pablo_Carreno_Busta-Tallon_Griekspoor,Pablo Carreno Busta,1,110,70.9%,59.0%,71.9%,48.6%,56.7%,43.5%,62.5%,40.0%,44.4%,16.7%
20220119-M-Australian_Open-R64-Pablo_Carreno_Busta-Tallon_Griekspoor,Pablo Carreno Busta,2,43,55.8%,44.1%,57.7%,52.2%,66.7%,45.5%,55.6%,50.0%,66.7%,50.0%
20220119-M-Australian_Open-R64-Pablo_Carreno_Busta-Tallon_Griekspoor,Tallon Griekspoor,1,100,70.0%,48.3%,54.9%,41.0%,53.3%,26.3%,38.5%,11.1%,14.3%,14.3%
20220119-M-Australian_Open-R64-Pablo_Carreno_Busta-Tallon_Griekspoor,Tallon Griekspoor,2,73,56.2%,46.7%,59.6%,53.7%,61.1%,48.1%,68.4%,57.1%,80.0%,71.4%
20220119-M-Australian_Open-R64-Hubert_Hurkacz-Adrian_Mannarino,Hubert Hurkacz,1,61,55.7%,30.8%,41.4%,10.5%,22.2%,0.0%,0.0%,0.0%,0.0%,0.0%
20220119-M-Australian_Open-R64-Hubert_Hurkacz-Adrian_Mannarino,Hubert Hurkacz,2,29,48.3%,46.4%,56.5%,47.4%,52.9%,46.7%,63.6%,50.0%,66.7%,60.0%
20220119-M-Australian_Open-R64-Hubert_Hurkacz-Adrian_Mannarino,Adrian Mannarino,1,59,71.2%,56.4%,61.1%,54.8%,63.0%,44.4%,44.4%,28.6%,40.0%,33.3%
20220119-M-Australian_Open-R64-Hubert_Hurkacz-Adrian_Mannarino,Adrian Mannarino,2,30,56.7%,43.5%,50.0%,41.2%,46.7%,42.9%,54.5%,50.0%,71.4%,71.4%
20220119-M-Australian_Open-R64-Gael_Monfils-Alexander_Bublik,Gael Monfils,1,47,74.5%,53.8%,60.9%,47.1%,61.5%,44.4%,57.1%,25.0%,25.0%,25.0%
20220119-M-Australian_Open-R64-Gael_Monfils-Alexander_Bublik,Gael Monfils,2,25,72.0%,63.2%,70.6%,58.3%,63.6%,42.9%,60.0%,50.0%,50.0%,50.0%
20220119-M-Australian_Open-R64-Gael_Monfils-Alexander_Bublik,Alexander Bublik,1,54,59.3%,43.6%,54.8%,30.0%,50.0%,33.3%,75.0%,50.0%,50.0%,0.0%
20220119-M-Australian_Open-R64-Gael_Monfils-Alexander_Bublik,Alexander Bublik,2,26,46.2%,33.3%,38.9%,21.4%,37.5%,0.0%,0.0%,0.0%,0.0%,0.0%
20220118-M-Australian_Open-R128-Lorenzo_Musetti-Alex_De_Minaur,Lorenzo Musetti,1,69,55.1%,47.5%,51.9%,39.5%,50.0%,26.1%,35.3%,21.4%,30.0%,12.5%
20220118-M-Australian_Open-R128-Lorenzo_Musetti-Alex_De_Minaur,Lorenzo Musetti,2,42,47.6%,45.0%,48.6%,36.7%,45.8%,35.0%,46.7%,20.0%,25.0%,0.0%
20220118-M-Australian_Open-R128-Lorenzo_Musetti-Alex_De_Minaur,Alex De Minaur,1,63,66.7%,53.3%,66.7%,60.0%,66.7%,57.1%,75.0%,50.0%,50.0%,20.0%
20220118-M-Australian_Open-R128-Lorenzo_Musetti-Alex_De_Minaur,Alex De Minaur,2,29,65.5%,60.0%,83.3%,80.0%,80.0%,66.7%,66.7%,57.1%,57.1%,50.0%
20220118-M-Australian_Open-R128-Daniil_Medvedev-Henri_Laaksonen,Daniil Medvedev,1,62,79.0%,56.7%,63.0%,54.5%,63.2%,46.2%,54.5%,50.0%,55.6%,42.9%
20220118-M-Australian_Open-R128-Daniil_Medvedev-Henri_Laaksonen,Daniil Medvedev,2,27,63.0%,47.4%,64.3%,50.0%,50.0%,37.5%,42.9%,20.0%,25.0%,25.0%
20220118-M-Australian_Open-R128-Daniil_Medvedev-Henri_Laaksonen,Henri Laaksonen,1,57,61.4%,51.1%,60.5%,50.0%,60.0%,37.5%,46.2%,22.2%,40.0%,25.0%
20220118-M-Australian_Open-R128-Daniil_Medvedev-Henri_Laaksonen,Henri Laaksonen,2,33,42.4%,36.7%,42.3%,25.0%,33.3%,23.1%,30.0%,30.0%,33.3%,14.3%
20220118-M-Australian_Open-R128-Daniel_Evans-David_Goffin,Daniel Evans,1,42,81.0%,63.6%,77.8%,66.7%,80.0%,77.8%,77.8%,50.0%,50.0%,33.3%
20220118-M-Australian_Open-R128-Daniel_Evans-David_Goffin,Daniel Evans,2,23,65.2%,50.0%,61.5%,50.0%,62.5%,50.0%,60.0%,50.0%,50.0%,50.0%
20220118-M-Australian_Open-R128-Daniel_Evans-David_Goffin,David Goffin,1,42,57.1%,37.9%,47.8%,25.0%,33.3%,27.3%,33.3%,25.0%,28.6%,16.7%
20220118-M-Australian_Open-R128-Daniel_Evans-David_Goffin,David Goffin,2,32,46.9%,41.4%,50.0%,45.5%,47.6%,31.3%,45.5%,40.0%,57.1%,40.0%
20220118-M-Australian_Open-R128-Alex_Molcan-Roman_Safiullin,Alex Molcan,1,111,73.0%,63.9%,69.7%,58.2%,66.7%,54.3%,65.5%,58.3%,73.7%,61.5%
20220118-M-Australian_Open-R128-Alex_Molcan-Roman_Safiullin,Alex Molcan,2,34,64.7%,60.0%,62.1%,59.3%,72.7%,64.7%,68.8%,58.3%,70.0%,70.0%
20220118-M-Australian_Open-R128-Alex_Molcan-Roman_Safiullin,Roman Safiullin,1,108,71.3%,60.3%,67.1%,54.0%,65.9%,53.3%,64.0%,47.1%,53.3%,46.2%
20220118-M-Australian_Open-R128-Alex_Molcan-Roman_Safiullin,Roman Safiullin,2,47,53.2%,52.2%,60.0%,51.5%,56.7%,53.6%,68.2%,65.0%,81.3%,75.0%
20220117-M-Australian_Open-R128-Tallon_Griekspoor-Fabio_Fognini,Tallon Griekspoor,1,50,82.0%,65.4%,68.0%,50.0%,72.7%,62.5%,62.5%,40.0%,50.0%,0.0%
20220117-M-Australian_Open-R128-Tallon_Griekspoor-Fabio_Fognini,Tallon Griekspoor,2,28,67.9%,52.6%,62.5%,45.5%,50.0%,50.0%,62.5%,40.0%,66.7%,50.0%
20220117-M-Australian_Open-R128-Tallon_Griekspoor-Fabio_Fognini,Fabio Fognini,1,39,66.7%,38.1%,50.0%,27.3%,33.3%,25.0%,50.0%,33.3%,50.0%,0.0%
20220117-M-Australian_Open-R128-Tallon_Griekspoor-Fabio_Fognini,Fabio Fognini,2,41,53.7%,44.1%,60.0%,37.5%,46.2%,41.7%,62.5%,40.0%,50.0%,33.3%
20220117-M-Australian_Open-R128-John_Millman-Feliciano_Lopez,John Millman,1,77,71.4%,59.3%,61.5%,53.5%,62.2%,51.7%,65.2%,57.9%,68.8%,58.3%
20220117-M-Australian_Open-R128-John_Millman-Feliciano_Lopez,John Millman,2,44,56.8%,44.1%,60.0%,41.2%,53.8%,53.8%,58.3%,37.5%,50.0%,0.0%
20220117-M-Australian_Open-R128-John_Millman-Feliciano_Lopez,Feliciano Lopez,1,78,73.1%,47.5%,63.3%,31.3%,55.6%,33.3%,100.0%,100.0%,100.0%,100.0%
20220117-M-Australian_Open-R128-John_Millman-Feliciano_Lopez,Feliciano Lopez,2,49,36.7%,22.5%,30.0%,19.2%,41.7%,0.0%,0.0%,0.0%,0.0%,0.0%
20220117-M-Australian_Open-R128-Hubert_Hurkacz-Egor_Gerasimov,Hubert Hurkacz,1,101,71.3%,50.0%,70.7%,58.6%,68.0%,46.7%,53.8%,40.0%,50.0%,42.9%
20220117-M-Australian_Open-R128-Hubert_Hurkacz-Egor_Gerasimov,Hubert Hurkacz,2,49,49.0%,40.5%,50.0%,39.3%,55.0%,40.0%,50.0%,45.5%,50.0%,37.5%
20220117-M-Australian_Open-R128-Hubert_Hurkacz-Egor_Gerasimov,Egor Gerasimov,1,83,72.3%,58.9%,66.0%,41.4%,54.5%,33.3%,50.0%,37.5%,50.0%,40.0%
20220117-M-Australian_Open-R128-Hubert_Hurkacz-Egor_Gerasimov,Egor Gerasimov,2,49,42.9%,34.9%,42.9%,33.3%,38.5%,23.8%,31.3%,21.4%,27.3%,27.3%
20220117-M-Australian_Open-R128-Federico_Delbonis-Pedro_Martinez,Federico Delbonis,1,106,66.0%,55.0%,62.9%,51.9%,66.7%,57.6%,65.5%,52.4%,78.6%,72.7%
20220117-M-Australian_Open-R128-Federico_Delbonis-Pedro_Martinez,Federico Delbonis,2,34,32.4%,25.8%,32.0%,29.2%,33.3%,17.6%,25.0%,10.0%,20.0%,20.0%
20220117-M-Australian_Open-R128-Federico_Delbonis-Pedro_Martinez,Pedro Martinez,1,94,60.6%,43.1%,53.8%,38.5%,50.0%,37.5%,50.0%,35.7%,55.6%,33.3%
20220117-M-Australian_Open-R128-Federico_Delbonis-Pedro_Martinez,Pedro Martinez,2,43,65.1%,53.1%,56.7%,45.8%,57.9%,52.9%,52.9%,38.5%,62.5%,25.0%
20220117-M-Australian_Open-R128-Aslan_Karatsev-Jaume_Munar,Aslan Karatsev,1,110,65.5%,54.2%,63.4%,52.7%,63.0%,39.3%,45.8%,31.6%,46.2%,22.2%
20220117-M-Australian_Open-R128-Aslan_Karatsev-Jaume_Munar,Aslan Karatsev,2,74,51.4%,45.5%,62.5%,48.6%,63.0%,50.0%,58.8%,46.2%,66.7%,40.0%
20220117-M-Australian_Open-R128-Aslan_Karatsev-Jaume_Munar,Jaume Munar,1,126,61.9%,46.1%,55.4%,38.9%,45.7%,30.6%,37.9%,33.3%,50.0%,40.0%
20220117-M-Australian_Open-R128-Aslan_Karatsev-Jaume_Munar,Jaume Munar,2,50,56.0%,46.3%,51.4%,33.3%,37.5%,16.7%,25.0%,0.0%,0.0%,0.0%
20220111-M-Australian_Open-Q1-J_J_Wolf-Sergiy_Stakhovsky,J J Wolf,1,36,75.0%,52.6%,58.8%,41.7%,50.0%,0.0%,0.0%,0.0%,0.0%,0.0%
20220111-M-Australian_Open-Q1-J_J_Wolf-Sergiy_Stakhovsky,J J Wolf,2,21,61.9%,52.9%,69.2%,50.0%,50.0%,20.0%,25.0%,25.0%,50.0%,50.0%
20220111-M-Australian_Open-Q1-J_J_Wolf-Sergiy_Stakhovsky,Sergiy Stakhovsky,1,30,76.7%,56.3%,75.0%,25.0%,100.0%,-,-,-,-,-
20220111-M-Australian_Open-Q1-J_J_Wolf-Sergiy_Stakhovsky,Sergiy Stakhovsky,2,31,38.7%,24.0%,33.3%,20.0%,33.3%,25.0%,50.0%,33.3%,100.0%,-
20220110-M-Australian_Open-Q1-Robin_Haase-Andrej_Martin,Robin Haase,1,43,74.4%,62.1%,69.2%,42.9%,66.7%,57.1%,66.7%,50.0%,66.7%,50.0%
20220110-M-Australian_Open-Q1-Robin_Haase-Andrej_Martin,Robin Haase,2,37,62.2%,51.7%,57.7%,42.1%,47.1%,25.0%,33.3%,25.0%,33.3%,20.0%
20220110-M-Australian_Open-Q1-Robin_Haase-Andrej_Martin,Andrej Martin,1,55,58.2%,47.7%,60.0%,41.7%,47.6%,31.3%,35.7%,18.2%,25.0%,0.0%
20220110-M-Australian_Open-Q1-Robin_Haase-Andrej_Martin,Andrej Martin,2,39,43.6%,29.0%,40.9%,27.8%,31.3%,26.7%,50.0%,42.9%,50.0%,40.0%
20210912-M-US_Open-F-Novak_Djokovic-Daniil_Medvedev,Daniil Medvedev,1,52,80.8%,60.0%,62.5%,43.8%,58.3%,54.5%,66.7%,50.0%,60.0%,60.0%
20210912-M-US_Open-F-Novak_Djokovic-Daniil_Medvedev,Novak Djokovic,1,50,80.0%,67.7%,75.0%,53.3%,57.1%,33.3%,42.9%,20.0%,25.0%,25.0%
20210912-M-US_Open-F-Novak_Djokovic-Daniil_Medvedev,Novak Djokovic,2,39,43.6%,38.9%,43.8%,33.3%,39.1%,33.3%,50.0%,30.0%,42.9%,42.9%
20210912-M-US_Open-F-Novak_Djokovic-Daniil_Medvedev,Daniil Medvedev,2,29,75.9%,69.6%,76.2%,72.2%,81.3%,75.0%,81.8%,80.0%,80.0%,77.8%
20210910-M-US_Open-SF-Novak_Djokovic-Alexander_Zverev,Novak Djokovic,1,99,76.8%,62.9%,72.2%,50.0%,55.6%,40.0%,42.1%,35.3%,50.0%,50.0%
20210910-M-US_Open-SF-Novak_Djokovic-Alexander_Zverev,Novak Djokovic,2,49,44.9%,42.6%,50.0%,41.2%,46.7%,38.5%,45.5%,33.3%,46.2%,46.2%
20210910-M-US_Open-SF-Novak_Djokovic-Alexander_Zverev,Alexander Zverev,1,77,75.3%,52.5%,60.0%,50.0%,53.8%,42.9%,47.4%,44.4%,47.1%,43.8%
20210910-M-US_Open-SF-Novak_Djokovic-Alexander_Zverev,Alexander Zverev,2,39,59.0%,52.9%,56.3%,48.1%,54.2%,50.0%,57.9%,42.9%,60.0%,60.0%
20210910-M-US_Open-SF-Felix_Auger_Aliassime-Daniil_Medvedev,Felix Auger Aliassime,1,57,64.9%,42.9%,50.0%,42.3%,57.9%,42.9%,50.0%,33.3%,33.3%,25.0%
20210910-M-US_Open-SF-Felix_Auger_Aliassime-Daniil_Medvedev,Felix Auger Aliassime,2,24,50.0%,40.0%,47.1%,43.8%,53.8%,40.0%,57.1%,57.1%,66.7%,33.3%
20210910-M-US_Open-SF-Felix_Auger_Aliassime-Daniil_Medvedev,Daniil Medvedev,1,59,81.4%,63.3%,70.4%,46.7%,50.0%,36.4%,40.0%,25.0%,33.3%,0.0%
20210910-M-US_Open-SF-Felix_Auger_Aliassime-Daniil_Medvedev,Daniil Medvedev,2,23,60.9%,52.6%,71.4%,60.0%,66.7%,62.5%,83.3%,80.0%,100.0%,100.0%
20210908-M-US_Open-QF-Novak_Djokovic-Matteo_Berrettini,Novak Djokovic,1,72,73.6%,52.5%,61.8%,45.8%,52.4%,28.6%,40.0%,14.3%,20.0%,0.0%
20210908-M-US_Open-QF-Novak_Djokovic-Matteo_Berrettini,Novak Djokovic,2,41,73.2%,66.7%,78.6%,71.4%,75.0%,66.7%,76.9%,66.7%,75.0%,71.4%
20210908-M-US_Open-QF-Novak_Djokovic-Matteo_Berrettini,Matteo Berrettini,1,90,60.0%,34.5%,44.2%,27.3%,40.9%,18.8%,25.0%,25.0%,50.0%,40.0%
20210908-M-US_Open-QF-Novak_Djokovic-Matteo_Berrettini,Matteo Berrettini,2,55,52.7%,43.5%,52.6%,40.0%,54.5%,44.4%,61.5%,58.3%,70.0%,62.5%
20210907-M-US_Open-QF-Botic_Van_De_Zandschulp-Daniil_Medvedev,Botic Van De Zandschulp,1,76,60.5%,47.4%,55.1%,38.9%,46.7%,33.3%,53.3%,22.2%,28.6%,28.6%
20210907-M-US_Open-QF-Botic_Van_De_Zandschulp-Daniil_Medvedev,Botic Van De Zandschulp,2,34,58.8%,54.8%,63.0%,52.4%,61.1%,53.3%,57.1%,50.0%,60.0%,55.6%
20210907-M-US_Open-QF-Botic_Van_De_Zandschulp-Daniil_Medvedev,Daniil Medvedev,1,65,83.1%,65.6%,80.8%,68.8%,78.6%,72.7%,80.0%,60.0%,60.0%,60.0%
20210907-M-US_Open-QF-Botic_Van_De_Zandschulp-Daniil_Medvedev,Daniil Medvedev,2,33,57.6%,46.2%,52.2%,45.0%,47.4%,44.4%,57.1%,50.0%,54.5%,44.4%
20210906-M-US_Open-R16-Jenson_Brooksby-Novak_Djokovic,Jenson Brooksby,1,78,61.5%,50.8%,57.4%,51.1%,63.2%,54.8%,58.6%,52.0%,56.5%,44.4%
20210906-M-US_Open-R16-Jenson_Brooksby-Novak_Djokovic,Jenson Brooksby,2,27,40.7%,33.3%,38.1%,23.5%,28.6%,23.1%,37.5%,37.5%,50.0%,50.0%
20210906-M-US_Open-R16-Jenson_Brooksby-Novak_Djokovic,Novak Djokovic,1,66,72.7%,53.8%,65.6%,52.2%,57.1%,47.1%,53.3%,36.4%,40.0%,25.0%
20210906-M-US_Open-R16-Jenson_Brooksby-Novak_Djokovic,Novak Djokovic,2,38,55.3%,50.0%,51.5%,40.7%,50.0%,42.1%,47.1%,40.0%,42.9%,38.5%
20210906-M-US_Open-R16-Jannik_Sinner-Alexander_Zverev,Jannik Sinner,1,64,73.4%,54.1%,62.5%,45.5%,58.8%,41.7%,55.6%,42.9%,50.0%,50.0%
20210906-M-US_Open-R16-Jannik_Sinner-Alexander_Zverev,Jannik Sinner,2,40,52.5%,45.7%,53.3%,50.0%,58.3%,41.2%,50.0%,30.0%,60.0%,50.0%
20210906-M-US_Open-R16-Jannik_Sinner-Alexander_Zverev,Alexander Zverev,1,73,72.6%,47.4%,66.7%,50.0%,64.3%,64.3%,75.0%,62.5%,71.4%,60.0%
20210906-M-US_Open-R16-Jannik_Sinner-Alexander_Zverev,Alexander Zverev,2,31,64.5%,52.2%,60.0%,50.0%,57.1%,50.0%,60.0%,42.9%,50.0%,40.0%
20210905-M-US_Open-R32-Reilly_Opelka-Nikoloz_Basilashvili,Reilly Opelka,1,69,73.9%,37.9%,52.4%,33.3%,55.6%,20.0%,50.0%,50.0%,50.0%,0.0%
20210905-M-US_Open-R32-Reilly_Opelka-Nikoloz_Basilashvili,Reilly Opelka,2,31,58.1%,48.0%,70.6%,50.0%,62.5%,25.0%,50.0%,0.0%,0.0%,0.0%
20210905-M-US_Open-R32-Reilly_Opelka-Nikoloz_Basilashvili,Nikoloz Basilashvili,1,43,72.1%,47.8%,68.8%,28.6%,33.3%,0.0%,0.0%,0.0%,0.0%,0.0%
20210905-M-US_Open-R32-Reilly_Opelka-Nikoloz_Basilashvili,Nikoloz Basilashvili,2,46,58.7%,42.4%,53.8%,29.4%,38.5%,38.5%,55.6%,33.3%,50.0%,33.3%
20210905-M-US_Open-R16-Peter_Gojowczyk-Carlos_Alcaraz,Peter Gojowczyk,1,80,50.0%,37.5%,45.3%,21.6%,34.8%,25.0%,35.7%,25.0%,42.9%,20.0%
20210905-M-US_Open-R16-Peter_Gojowczyk-Carlos_Alcaraz,Peter Gojowczyk,2,57,52.6%,42.6%,55.6%,40.7%,47.8%,40.0%,47.1%,30.8%,33.3%,27.3%
20210905-M-US_Open-R16-Peter_Gojowczyk-Carlos_Alcaraz,Carlos Alcaraz,1,93,60.2%,49.3%,61.0%,43.9%,58.1%,38.1%,47.1%,35.7%,55.6%,0.0%
20210905-M-US_Open-R16-Peter_Gojowczyk-Carlos_Alcaraz,Carlos Alcaraz,2,45,57.8%,51.3%,62.5%,57.1%,76.2%,64.3%,90.0%,85.7%,85.7%,85.7%
20210905-M-US_Open-R16-Diego_Schwartzman-Botic_Van_De_Zandschulp,Diego Schwartzman,1,99,66.7%,59.3%,65.8%,59.7%,63.8%,55.3%,59.1%,52.6%,57.1%,46.4%
20210905-M-US_Open-R16-Diego_Schwartzman-Botic_Van_De_Zandschulp,Diego Schwartzman,2,42,54.8%,48.6%,56.3%,53.3%,53.3%,44.0%,50.0%,47.6%,52.6%,47.1%
20210905-M-US_Open-R16-Diego_Schwartzman-Botic_Van_De_Zandschulp,Botic Van De Zandschulp,1,109,77.1%,63.2%,71.7%,59.5%,73.5%,65.4%,70.8%,56.3%,69.2%,63.6%
20210905-M-US_Open-R16-Diego_Schwartzman-Botic_Van_De_Zandschulp,Botic Van De Zandschulp,2,46,50.0%,47.7%,53.8%,43.8%,58.3%,54.5%,57.1%,50.0%,50.0%,43.8%
20210905-M-US_Open-R16-Daniil_Medvedev-Daniel_Evans,Daniil Medvedev,1,56,83.9%,64.0%,69.6%,58.8%,71.4%,55.6%,71.4%,50.0%,66.7%,50.0%
20210905-M-US_Open-R16-Daniil_Medvedev-Daniel_Evans,Daniil Medvedev,2,20,55.0%,47.1%,53.3%,36.4%,40.0%,25.0%,25.0%,25.0%,28.6%,0.0%
20210905-M-US_Open-R16-Daniil_Medvedev-Daniel_Evans,Daniel Evans,1,51,62.7%,56.8%,67.6%,50.0%,63.2%,36.4%,57.1%,50.0%,75.0%,66.7%
20210905-M-US_Open-R16-Daniil_Medvedev-Daniel_Evans,Daniel Evans,2,23,39.1%,36.4%,44.4%,28.6%,40.0%,40.0%,40.0%,33.3%,50.0%,40.0%
20210904-M-US_Open-R32-Novak_Djokovic-Kei_Nishikori,Novak Djokovic,1,82,76.8%,56.8%,71.4%,58.3%,70.0%,53.8%,77.8%,60.0%,75.0%,66.7%
20210904-M-US_Open-R32-Novak_Djokovic-Kei_Nishikori,Novak Djokovic,2,42,59.5%,51.4%,69.2%,61.9%,68.4%,62.5%,66.7%,58.3%,70.0%,62.5%
20210904-M-US_Open-R32-Novak_Djokovic-Kei_Nishikori,Kei Nishikori,1,93,63.4%,52.1%,62.7%,47.6%,66.7%,54.5%,63.2%,36.4%,50.0%,42.9%
20210904-M-US_Open-R32-Novak_Djokovic-Kei_Nishikori,Kei Nishikori,2,47,46.8%,43.2%,51.4%,40.0%,50.0%,45.5%,66.7%,58.3%,63.6%,60.0%
20210904-M-US_Open-R32-Jannik_Sinner-Gael_Monfils,Jannik Sinner,1,94,68.1%,50.8%,57.4%,39.5%,45.5%,35.7%,66.7%,54.5%,60.0%,33.3%
20210904-M-US_Open-R32-Jannik_Sinner-Gael_Monfils,Jannik Sinner,2,67,59.7%,55.7%,61.8%,53.3%,66.7%,50.0%,66.7%,62.5%,76.9%,75.0%
20210904-M-US_Open-R32-Jannik_Sinner-Gael_Monfils,Gael Monfils,1,99,72.7%,44.9%,59.5%,40.0%,50.0%,28.6%,50.0%,20.0%,33.3%,0.0%
20210904-M-US_Open-R32-Jannik_Sinner-Gael_Monfils,Gael Monfils,2,61,44.3%,38.2%,50.0%,36.4%,50.0%,40.0%,61.5%,50.0%,71.4%,60.0%
20210903-M-US_Open-R32-Stefanos_Tsitsipas-Carlos_Alcaraz,Stefanos Tsitsipas,1,94,74.5%,53.8%,60.9%,50.0%,66.7%,50.0%,64.3%,44.4%,50.0%,42.9%
20210903-M-US_Open-R32-Stefanos_Tsitsipas-Carlos_Alcaraz,Stefanos Tsitsipas,2,57,50.9%,40.4%,57.6%,39.1%,50.0%,43.8%,50.0%,41.7%,45.5%,25.0%
20210903-M-US_Open-R32-Stefanos_Tsitsipas-Carlos_Alcaraz,Carlos Alcaraz,1,110,60.0%,47.6%,59.7%,50.0%,69.2%,55.6%,62.5%,52.6%,76.9%,50.0%
20210903-M-US_Open-R32-Stefanos_Tsitsipas-Carlos_Alcaraz,Carlos Alcaraz,2,58,62.1%,56.0%,58.3%,48.7%,55.9%,34.8%,47.1%,25.0%,30.0%,0.0%
20210903-M-US_Open-R32-Pablo_Andujar-Daniil_Medvedev,Pablo Andujar,1,60,63.3%,54.2%,57.8%,47.2%,65.4%,47.1%,53.3%,46.2%,60.0%,55.6%
20210903-M-US_Open-R32-Pablo_Andujar-Daniil_Medvedev,Pablo Andujar,2,27,22.2%,16.0%,18.2%,10.0%,11.1%,11.1%,16.7%,16.7%,20.0%,0.0%
20210903-M-US_Open-R32-Pablo_Andujar-Daniil_Medvedev,Daniil Medvedev,1,43,74.4%,57.7%,71.4%,50.0%,50.0%,33.3%,33.3%,0.0%,0.0%,0.0%
20210903-M-US_Open-R32-Pablo_Andujar-Daniil_Medvedev,Daniil Medvedev,2,27,59.3%,47.6%,71.4%,63.6%,63.6%,50.0%,57.1%,50.0%,50.0%,40.0%
20210903-M-US_Open-R32-Felix_Auger_Aliassime-Roberto_Bautista_Agut,Felix Auger Aliassime,1,90,82.2%,65.2%,78.9%,69.2%,75.0%,57.1%,72.7%,62.5%,83.3%,80.0%
20210903-M-US_Open-R32-Felix_Auger_Aliassime-Roberto_Bautista_Agut,Felix Auger Aliassime,2,46,52.2%,47.6%,51.3%,38.7%,42.9%,36.0%,45.0%,35.3%,40.0%,35.7%
20210903-M-US_Open-R32-Felix_Auger_Aliassime-Roberto_Bautista_Agut,Roberto Bautista Agut,1,108,72.2%,65.1%,70.0%,60.0%,65.5%,55.8%,64.9%,55.2%,61.5%,47.4%
20210903-M-US_Open-R32-Felix_Auger_Aliassime-Roberto_Bautista_Agut,Roberto Bautista Agut,2,50,44.0%,34.9%,45.5%,37.9%,45.8%,35.0%,53.8%,50.0%,54.5%,44.4%
20210903-M-US_Open-R32-Facundo_Bagnis-Botic_Van_De_Zandschulp,Facundo Bagnis,1,79,62.0%,47.4%,56.3%,38.2%,48.1%,30.0%,37.5%,28.6%,44.4%,44.4%
20210903-M-US_Open-R32-Facundo_Bagnis-Botic_Van_De_Zandschulp,Facundo Bagnis,2,32,40.6%,32.1%,39.1%,33.3%,43.8%,35.7%,45.5%,40.0%,44.4%,44.4%
20210903-M-US_Open-R32-Facundo_Bagnis-Botic_Van_De_Zandschulp,Botic Van De Zandschulp,1,60,85.0%,74.3%,76.5%,63.6%,77.8%,71.4%,76.9%,50.0%,60.0%,50.0%
20210903-M-US_Open-R32-Facundo_Bagnis-Botic_Van_De_Zandschulp,Botic Van De Zandschulp,2,40,42.5%,34.3%,44.4%,28.6%,37.5%,37.5%,54.5%,54.5%,75.0%,60.0%
20210902-M-US_Open-R64-Taylor_Fritz-Jenson_Brooksby,Taylor Fritz,1,91,71.4%,53.6%,68.2%,53.3%,64.0%,43.8%,63.6%,55.6%,83.3%,75.0%
20210902-M-US_Open-R64-Taylor_Fritz-Jenson_Brooksby,Taylor Fritz,2,64,56.3%,51.7%,63.8%,56.4%,59.5%,50.0%,55.6%,42.9%,50.0%,47.1%
20210902-M-US_Open-R64-Taylor_Fritz-Jenson_Brooksby,Jenson Brooksby,1,110,70.0%,59.8%,66.2%,51.9%,61.4%,54.1%,58.8%,44.0%,61.1%,56.3%
20210902-M-US_Open-R64-Taylor_Fritz-Jenson_Brooksby,Jenson Brooksby,2,48,56.3%,44.7%,53.1%,44.4%,46.2%,41.7%,50.0%,33.3%,38.5%,33.3%
20210902-M-US_Open-R64-Reilly_Opelka-Lorenzo_Musetti,Reilly Opelka,1,73,82.2%,51.9%,60.9%,40.0%,66.7%,50.0%,100.0%,100.0%,100.0%,100.0%
20210902-M-US_Open-R64-Reilly_Opelka-Lorenzo_Musetti,Reilly Opelka,2,26,73.1%,63.2%,70.6%,44.4%,66.7%,0.0%,0.0%,0.0%,0.0%,0.0%
20210902-M-US_Open-R64-Reilly_Opelka-Lorenzo_Musetti,Lorenzo Musetti,1,60,73.3%,42.9%,57.1%,25.0%,42.9%,33.3%,50.0%,0.0%,0.0%,0.0%
20210902-M-US_Open-R64-Reilly_Opelka-Lorenzo_Musetti,Lorenzo Musetti,2,36,72.2%,52.4%,61.1%,53.3%,80.0%,75.0%,85.7%,75.0%,100.0%,100.0%
20210902-M-US_Open-R64-Novak_Djokovic-Tallon_Griekspoor,Novak Djokovic,1,47,80.9%,55.0%,64.7%,45.5%,83.3%,66.7%,66.7%,0.0%,-,-
20210902-M-US_Open-R64-Novak_Djokovic-Tallon_Griekspoor,Novak Djokovic,2,20,65.0%,36.4%,40.0%,33.3%,42.9%,42.9%,60.0%,50.0%,50.0%,0.0%
20210902-M-US_Open-R64-Novak_Djokovic-Tallon_Griekspoor,Tallon Griekspoor,1,50,56.0%,42.1%,51.6%,40.0%,52.6%,47.1%,61.5%,44.4%,57.1%,40.0%
20210902-M-US_Open-R64-Novak_Djokovic-Tallon_Griekspoor,Tallon Griekspoor,2,24,37.5%,28.6%,33.3%,25.0%,30.8%,18.2%,28.6%,16.7%,25.0%,0.0%
20210902-M-US_Open-R64-Jordan_Thompson-Aslan_Karatsev,Jordan Thompson,1,75,78.7%,55.6%,62.5%,42.9%,47.4%,41.2%,53.8%,33.3%,37.5%,28.6%
20210902-M-US_Open-R64-Jordan_Thompson-Aslan_Karatsev,Jordan Thompson,2,51,51.0%,41.9%,50.0%,43.8%,51.9%,38.1%,44.4%,28.6%,44.4%,28.6%
20210902-M-US_Open-R64-Jordan_Thompson-Aslan_Karatsev,Aslan Karatsev,1,61,73.8%,54.3%,67.9%,50.0%,52.9%,27.3%,42.9%,20.0%,25.0%,0.0%
20210902-M-US_Open-R64-Jordan_Thompson-Aslan_Karatsev,Aslan Karatsev,2,37,62.2%,51.7%,65.2%,50.0%,57.1%,50.0%,66.7%,50.0%,75.0%,0.0%
20210901-M-US_Open-R64-Casper_Ruud-Botic_Van_De_Zandschulp,Casper Ruud,1,75,62.7%,48.1%,53.1%,32.4%,37.9%,25.0%,35.3%,26.7%,36.4%,22.2%
20210901-M-US_Open-R64-Casper_Ruud-Botic_Van_De_Zandschulp,Casper Ruud,2,37,67.6%,58.6%,70.8%,66.7%,70.0%,60.0%,64.3%,58.3%,70.0%,66.7%
20210901-M-US_Open-R64-Casper_Ruud-Botic_Van_De_Zandschulp,Botic Van De Zandschulp,1,71,73.2%,56.8%,65.8%,51.9%,66.7%,41.7%,62.5%,50.0%,100.0%,100.0%
20210901-M-US_Open-R64-Casper_Ruud-Botic_Van_De_Zandschulp,Botic Van De Zandschulp,2,48,62.5%,56.1%,67.6%,59.3%,66.7%,63.6%,66.7%,61.1%,68.8%,68.8%
20210831-M-US_Open-R128-Tallon_Griekspoor-Jan_Lennard_Struff,Tallon Griekspoor,1,122,75.4%,43.4%,63.9%,43.5%,58.8%,30.0%,50.0%,40.0%,50.0%,33.3%
20210831-M-US_Open-R128-Tallon_Griekspoor-Jan_Lennard_Struff,Tallon Griekspoor,2,51,52.9%,36.8%,56.0%,26.7%,80.0%,66.7%,66.7%,0.0%,-,-
20210831-M-US_Open-R128-Tallon_Griekspoor-Jan_Lennard_Struff,Jan Lennard Struff,1,78,80.8%,53.1%,65.4%,47.1%,80.0%,50.0%,66.7%,66.7%,66.7%,0.0%
20210831-M-US_Open-R128-Tallon_Griekspoor-Jan_Lennard_Struff,Jan Lennard Struff,2,67,67.2%,52.2%,68.6%,57.7%,75.0%,64.3%,81.8%,66.7%,66.7%,60.0%
20210831-M-US_Open-R128-Roberto_Bautista_Agut-Nick_Kyrgios,Roberto Bautista Agut,1,51,80.4%,66.7%,74.1%,56.3%,60.0%,57.1%,57.1%,40.0%,40.0%,33.3%
20210831-M-US_Open-R128-Roberto_Bautista_Agut-Nick_Kyrgios,Roberto Bautista Agut,2,28,57.1%,50.0%,66.7%,62.5%,62.5%,57.1%,66.7%,42.9%,50.0%,40.0%
20210831-M-US_Open-R128-Roberto_Bautista_Agut-Nick_Kyrgios,Nick Kyrgios,1,33,60.6%,38.1%,53.3%,36.4%,50.0%,42.9%,60.0%,50.0%,66.7%,0.0%
20210831-M-US_Open-R128-Roberto_Bautista_Agut-Nick_Kyrgios,Nick Kyrgios,2,30,53.3%,41.7%,52.6%,30.8%,44.4%,16.7%,20.0%,0.0%,0.0%,0.0%
20210831-M-US_Open-R128-Mikael_Ymer-Jenson_Brooksby,Mikael Ymer,1,74,55.4%,41.1%,47.9%,39.0%,51.6%,31.8%,38.9%,26.7%,36.4%,36.4%
20210831-M-US_Open-R128-Mikael_Ymer-Jenson_Brooksby,Mikael Ymer,2,58,46.6%,42.6%,46.9%,45.8%,53.7%,42.4%,48.3%,37.5%,50.0%,50.0%
20210831-M-US_Open-R128-Mikael_Ymer-Jenson_Brooksby,Jenson Brooksby,1,82,59.8%,52.2%,57.1%,43.8%,46.7%,35.1%,46.4%,34.8%,44.4%,37.5%
20210831-M-US_Open-R128-Mikael_Ymer-Jenson_Brooksby,Jenson Brooksby,2,54,46.3%,45.3%,51.1%,42.5%,47.2%,38.7%,44.4%,40.0%,45.5%,29.4%
20210831-M-US_Open-R128-Maxime_Cressy-Pablo_Carreno_Busta,Maxime Cressy,1,90,86.7%,60.0%,72.0%,46.2%,100.0%,100.0%,100.0%,-,-,-
20210831-M-US_Open-R128-Maxime_Cressy-Pablo_Carreno_Busta,Maxime Cressy,2,41,70.7%,52.0%,68.4%,45.5%,83.3%,0.0%,-,-,-,-
20210831-M-US_Open-R128-Maxime_Cressy-Pablo_Carreno_Busta,Pablo Carreno Busta,1,126,74.6%,61.4%,70.8%,54.3%,64.1%,48.1%,61.9%,50.0%,57.1%,45.5%
20210831-M-US_Open-R128-Maxime_Cressy-Pablo_Carreno_Busta,Pablo Carreno Busta,2,32,46.9%,37.0%,47.6%,31.3%,55.6%,50.0%,80.0%,75.0%,100.0%,100.0%
20210831-M-US_Open-R128-Feliciano_Lopez-Bernabe_Zapata_Miralles,Feliciano Lopez,1,89,84.3%,64.1%,78.1%,46.2%,100.0%,-,-,-,-,-
20210831-M-US_Open-R128-Feliciano_Lopez-Bernabe_Zapata_Miralles,Feliciano Lopez,2,50,64.0%,48.6%,68.0%,55.6%,83.3%,71.4%,83.3%,50.0%,100.0%,100.0%
20210831-M-US_Open-R128-Feliciano_Lopez-Bernabe_Zapata_Miralles,Bernabe Zapata Miralles,1,102,74.5%,57.4%,64.8%,50.0%,57.6%,41.7%,58.8%,41.7%,50.0%,50.0%
20210831-M-US_Open-R128-Feliciano_Lopez-Bernabe_Zapata_Miralles,Bernabe Zapata Miralles,2,38,81.6%,73.1%,76.0%,70.0%,82.4%,80.0%,85.7%,83.3%,83.3%,81.8%
20210831-M-US_Open-R128-Daniil_Medvedev-Richard_Gasquet,Daniil Medvedev,1,41,87.8%,72.2%,76.5%,55.6%,55.6%,33.3%,50.0%,50.0%,50.0%,33.3%
20210831-M-US_Open-R128-Daniil_Medvedev-Richard_Gasquet,Daniil Medvedev,2,23,78.3%,66.7%,83.3%,60.0%,60.0%,0.0%,0.0%,0.0%,0.0%,0.0%
20210831-M-US_Open-R128-Daniil_Medvedev-Richard_Gasquet,Richard Gasquet,1,58,62.1%,55.1%,73.0%,47.4%,56.3%,41.7%,50.0%,37.5%,60.0%,33.3%
20210831-M-US_Open-R128-Daniil_Medvedev-Richard_Gasquet,Richard Gasquet,2,41,48.8%,44.7%,51.5%,42.9%,52.2%,42.1%,53.3%,41.7%,50.0%,44.4%
20210831-M-US_Open-R128-Andreas_Seppi-Marton_Fucsovics,Andreas Seppi,1,92,77.2%,61.1%,75.0%,57.7%,65.2%,33.3%,36.4%,36.4%,100.0%,100.0%
20210831-M-US_Open-R128-Andreas_Seppi-Marton_Fucsovics,Andreas Seppi,2,65,49.2%,43.1%,53.2%,42.1%,48.5%,45.2%,60.9%,43.8%,50.0%,50.0%
20210831-M-US_Open-R128-Andreas_Seppi-Marton_Fucsovics,Marton Fucsovics,1,88,78.4%,64.8%,76.1%,62.1%,72.0%,63.2%,70.6%,50.0%,55.6%,50.0%
20210831-M-US_Open-R128-Andreas_Seppi-Marton_Fucsovics,Marton Fucsovics,2,60,65.0%,58.0%,64.4%,46.7%,60.9%,57.1%,70.6%,66.7%,76.9%,70.0%
20210830-M-US_Open-R128-Stefanos_Tsitsipas-Andy_Murray,Stefanos Tsitsipas,1,82,76.8%,57.8%,63.4%,48.3%,63.6%,38.5%,55.6%,0.0%,0.0%,0.0%
20210830-M-US_Open-R128-Stefanos_Tsitsipas-Andy_Murray,Stefanos Tsitsipas,2,59,64.4%,56.3%,58.7%,48.6%,60.0%,52.0%,65.0%,56.3%,60.0%,40.0%
20210830-M-US_Open-R128-Stefanos_Tsitsipas-Andy_Murray,Andy Murray,1,102,69.6%,50.0%,57.4%,45.2%,52.8%,34.6%,45.0%,31.3%,45.5%,33.3%
20210830-M-US_Open-R128-Stefanos_Tsitsipas-Andy_Murray,Andy Murray,2,58,58.6%,52.9%,57.4%,44.4%,53.3%,39.1%,47.4%,41.2%,43.8%,25.0%
20210830-M-US_Open-R128-Carlos_Taberner-Botic_Van_De_Zandschulp,Carlos Taberner,1,80,68.8%,37.5%,45.5%,30.8%,33.3%,15.8%,27.3%,20.0%,40.0%,0.0%
20210830-M-US_Open-R128-Carlos_Taberner-Botic_Van_De_Zandschulp,Carlos Taberner,2,57,63.2%,52.3%,60.5%,53.1%,60.7%,42.1%,50.0%,42.9%,50.0%,33.3%
20210830-M-US_Open-R128-Carlos_Taberner-Botic_Van_De_Zandschulp,Botic Van De Zandschulp,1,91,79.1%,62.7%,82.1%,63.2%,80.0%,62.5%,71.4%,66.7%,80.0%,66.7%
20210830-M-US_Open-R128-Carlos_Taberner-Botic_Van_De_Zandschulp,Botic Van De Zandschulp,2,44,40.9%,31.6%,42.9%,33.3%,38.1%,23.5%,30.8%,25.0%,42.9%,0.0%
20210830-M-US_Open-R128-Cameron_Norrie-Carlos_Alcaraz,Cameron Norrie,1,56,69.6%,54.1%,66.7%,50.0%,55.6%,33.3%,50.0%,42.9%,50.0%,40.0%
20210830-M-US_Open-R128-Cameron_Norrie-Carlos_Alcaraz,Cameron Norrie,2,36,38.9%,29.0%,40.9%,31.6%,46.2%,36.4%,50.0%,42.9%,50.0%,25.0%
20210830-M-US_Open-R128-Cameron_Norrie-Carlos_Alcaraz,Carlos Alcaraz,1,48,79.2%,65.5%,76.0%,60.0%,75.0%,57.1%,66.7%,60.0%,75.0%,66.7%
20210830-M-US_Open-R128-Cameron_Norrie-Carlos_Alcaraz,Carlos Alcaraz,2,23,60.9%,52.6%,71.4%,60.0%,85.7%,80.0%,100.0%,100.0%,100.0%,100.0%
20210830-M-US_Open-R128-Andrey_Rublev-Ivo_Karlovic,Andrey Rublev,1,68,85.3%,72.2%,83.9%,70.6%,85.7%,71.4%,100.0%,100.0%,100.0%,-
20210830-M-US_Open-R128-Andrey_Rublev-Ivo_Karlovic,Andrey Rublev,2,18,72.2%,50.0%,83.3%,66.7%,66.7%,0.0%,-,-,-,-
20210830-M-US_Open-R128-Andrey_Rublev-Ivo_Karlovic,Ivo Karlovic,1,56,82.1%,52.4%,78.6%,40.0%,100.0%,-,-,-,-,-
20210830-M-US_Open-R128-Andrey_Rublev-Ivo_Karlovic,Ivo Karlovic,2,21,52.4%,37.5%,75.0%,50.0%,100.0%,-,-,-,-,-
20210827-M-US_Open-Q3-Ivo_Karlovic-Yuichi_Sugita,Ivo Karlovic,1,32,90.6%,66.7%,100.0%,100.0%,100.0%,-,-,-,-,-
20210827-M-US_Open-Q3-Ivo_Karlovic-Yuichi_Sugita,Ivo Karlovic,2,17,58.8%,36.4%,57.1%,50.0%,60.0%,0.0%,-,-,-,-
20210827-M-US_Open-Q3-Ivo_Karlovic-Yuichi_Sugita,Yuichi Sugita,1,45,64.4%,50.0%,57.1%,20.0%,27.3%,20.0%,33.3%,33.3%,66.7%,66.7%
20210827-M-US_Open-Q3-Ivo_Karlovic-Yuichi_Sugita,Yuichi Sugita,2,15,66.7%,61.5%,72.7%,62.5%,83.3%,83.3%,83.3%,75.0%,75.0%,50.0%
20210827-M-US_Open-Q3-Enzo_Couacaud-Botic_Van_De_Zandschulp,Enzo Couacaud,1,49,75.5%,58.6%,73.9%,60.0%,81.8%,71.4%,83.3%,75.0%,100.0%,100.0%
20210827-M-US_Open-Q3-Enzo_Couacaud-Botic_Van_De_Zandschulp,Enzo Couacaud,2,34,52.9%,38.5%,52.6%,40.0%,54.5%,50.0%,62.5%,25.0%,33.3%,33.3%
20210827-M-US_Open-Q3-Enzo_Couacaud-Botic_Van_De_Zandschulp,Botic Van De Zandschulp,1,67,65.7%,54.0%,65.9%,54.8%,68.0%,46.7%,63.6%,60.0%,66.7%,50.0%
20210827-M-US_Open-Q3-Enzo_Couacaud-Botic_Van_De_Zandschulp,Botic Van De Zandschulp,2,33,57.6%,50.0%,63.6%,42.9%,66.7%,57.1%,57.1%,50.0%,75.0%,66.7%
20210826-M-US_Open-Q2-Ben_Shelton-Botic_Van_De_Zandschulp,Ben Shelton,1,48,75.0%,55.6%,65.2%,33.3%,50.0%,20.0%,25.0%,0.0%,0.0%,0.0%
20210826-M-US_Open-Q2-Ben_Shelton-Botic_Van_De_Zandschulp,Ben Shelton,2,39,51.3%,34.5%,58.8%,50.0%,58.3%,50.0%,83.3%,80.0%,80.0%,66.7%
20210826-M-US_Open-Q2-Ben_Shelton-Botic_Van_De_Zandschulp,Botic Van De Zandschulp,1,51,74.5%,55.2%,66.7%,46.7%,58.3%,37.5%,50.0%,40.0%,50.0%,33.3%
20210826-M-US_Open-Q2-Ben_Shelton-Botic_Van_De_Zandschulp,Botic Van De Zandschulp,2,26,73.1%,68.2%,83.3%,76.9%,100.0%,100.0%,100.0%,100.0%,100.0%,100.0%
20210825-M-US_Open-Q1-Botic_Van_De_Zandschulp-Tomas_Barrios_Vera,Botic Van De Zandschulp,1,49,77.6%,60.7%,73.9%,50.0%,66.7%,0.0%,-,-,-,-
20210825-M-US_Open-Q1-Botic_Van_De_Zandschulp-Tomas_Barrios_Vera,Botic Van De Zandschulp,2,33,54.5%,42.3%,64.7%,45.5%,62.5%,40.0%,50.0%,33.3%,50.0%,0.0%
20210825-M-US_Open-Q1-Botic_Van_De_Zandschulp-Tomas_Barrios_Vera,Tomas Barrios Vera,1,49,63.3%,45.5%,60.0%,47.4%,64.3%,50.0%,71.4%,66.7%,80.0%,66.7%
20210825-M-US_Open-Q1-Botic_Van_De_Zandschulp-Tomas_Barrios_Vera,Tomas Barrios Vera,2,28,42.9%,30.4%,43.8%,40.0%,60.0%,33.3%,100.0%,100.0%,100.0%,-
20210221-M-Australian_Open-F-Novak_Djokovic-Daniil_Medvedev,Novak Djokovic,1,52,73.1%,58.8%,66.7%,50.0%,52.6%,35.7%,50.0%,37.5%,42.9%,33.3%
20210221-M-Australian_Open-F-Novak_Djokovic-Daniil_Medvedev,Novak Djokovic,2,24,62.5%,59.1%,61.9%,57.9%,73.3%,71.4%,71.4%,60.0%,66.7%,57.1%
20210221-M-Australian_Open-F-Novak_Djokovic-Daniil_Medvedev,Daniil Medvedev,1,49,69.4%,51.6%,64.0%,50.0%,52.9%,50.0%,57.1%,40.0%,57.1%,57.1%
20210221-M-Australian_Open-F-Novak_Djokovic-Daniil_Medvedev,Daniil Medvedev,2,24,37.5%,25.0%,38.5%,27.3%,37.5%,28.6%,33.3%,33.3%,40.0%,40.0%
20210219-M-Australian_Open-SF-Stefanos_Tsitsipas-Daniil_Medvedev,Stefanos Tsitsipas,1,70,61.4%,43.8%,50.0%,34.4%,45.8%,23.5%,33.3%,27.3%,30.0%,22.2%
20210219-M-Australian_Open-SF-Stefanos_Tsitsipas-Daniil_Medvedev,Stefanos Tsitsipas,2,28,46.4%,44.4%,48.0%,38.1%,50.0%,38.5%,50.0%,0.0%,0.0%,0.0%
20210219-M-Australian_Open-SF-Stefanos_Tsitsipas-Daniil_Medvedev,Daniil Medvedev,1,56,87.5%,69.6%,72.7%,45.5%,62.5%,50.0%,75.0%,66.7%,66.7%,50.0%
20210219-M-Australian_Open-SF-Stefanos_Tsitsipas-Daniil_Medvedev,Daniil Medvedev,2,24,50.0%,36.8%,46.7%,33.3%,50.0%,50.0%,57.1%,57.1%,80.0%,75.0%
20210217-M-Australian_Open-QF-Rafael_Nadal-Stefanos_Tsitsipas,Rafael Nadal,1,103,77.7%,59.6%,66.7%,48.5%,55.2%,43.5%,50.0%,28.6%,40.0%,14.3%
20210217-M-Australian_Open-QF-Rafael_Nadal-Stefanos_Tsitsipas,Rafael Nadal,2,46,60.9%,57.1%,66.7%,61.3%,65.5%,56.5%,59.1%,52.6%,62.5%,40.0%
20210217-M-Australian_Open-QF-Rafael_Nadal-Stefanos_Tsitsipas,Stefanos Tsitsipas,1,84,78.6%,63.3%,72.1%,57.1%,66.7%,55.6%,62.5%,57.1%,66.7%,60.0%
20210217-M-Australian_Open-QF-Rafael_Nadal-Stefanos_Tsitsipas,Stefanos Tsitsipas,2,52,69.2%,61.0%,73.5%,64.0%,66.7%,60.0%,66.7%,53.8%,77.8%,71.4%
20210215-M-Australian_Open-QF-Grigor_Dimitrov-Aslan_Karatsev,Grigor Dimitrov,1,64,59.4%,35.0%,53.8%,36.8%,50.0%,36.4%,57.1%,25.0%,25.0%,25.0%
20210215-M-Australian_Open-QF-Grigor_Dimitrov-Aslan_Karatsev,Grigor Dimitrov,2,27,55.6%,42.9%,60.0%,53.8%,70.0%,57.1%,66.7%,60.0%,60.0%,60.0%
20210215-M-Australian_Open-QF-Grigor_Dimitrov-Aslan_Karatsev,Aslan Karatsev,1,58,67.2%,38.7%,52.2%,38.9%,63.6%,50.0%,57.1%,0.0%,0.0%,0.0%
20210215-M-Australian_Open-QF-Grigor_Dimitrov-Aslan_Karatsev,Aslan Karatsev,2,41,63.4%,51.6%,64.0%,50.0%,56.3%,50.0%,53.8%,45.5%,55.6%,33.3%
20210213-M-Australian_Open-R32-Karen_Khachanov-Matteo_Berrettini,Karen Khachanov,1,77,72.7%,62.5%,72.9%,48.0%,66.7%,53.8%,58.3%,44.4%,57.1%,50.0%
20210213-M-Australian_Open-R32-Karen_Khachanov-Matteo_Berrettini,Karen Khachanov,2,42,57.1%,52.6%,58.8%,53.3%,59.3%,50.0%,55.0%,47.1%,61.5%,58.3%
20210213-M-Australian_Open-R32-Karen_Khachanov-Matteo_Berrettini,Matteo Berrettini,1,76,84.2%,70.0%,75.7%,60.9%,66.7%,50.0%,63.6%,42.9%,75.0%,50.0%
20210213-M-Australian_Open-R32-Karen_Khachanov-Matteo_Berrettini,Matteo Berrettini,2,45,51.1%,43.6%,56.7%,45.8%,55.0%,50.0%,69.2%,42.9%,42.9%,33.3%
20210212-M-Australian_Open-R32-Novak_Djokovic-Taylor_Fritz,Novak Djokovic,1,105,75.2%,60.0%,69.6%,52.8%,67.9%,50.0%,75.0%,50.0%,75.0%,50.0%
20210212-M-Australian_Open-R32-Novak_Djokovic-Taylor_Fritz,Novak Djokovic,2,49,55.1%,42.1%,55.2%,48.0%,60.0%,55.6%,71.4%,60.0%,60.0%,55.6%
20210212-M-Australian_Open-R32-Novak_Djokovic-Taylor_Fritz,Taylor Fritz,1,98,70.4%,42.0%,55.3%,34.6%,50.0%,30.8%,44.4%,37.5%,50.0%,25.0%
20210212-M-Australian_Open-R32-Novak_Djokovic-Taylor_Fritz,Taylor Fritz,2,54,61.1%,53.3%,58.5%,50.0%,63.0%,50.0%,52.6%,35.7%,41.7%,36.4%
20210212-M-Australian_Open-R32-Dominic_Thiem-Nick_Kyrgios,Dominic Thiem,1,86,77.9%,62.7%,71.1%,58.1%,78.3%,58.3%,70.0%,62.5%,71.4%,60.0%
20210212-M-Australian_Open-R32-Dominic_Thiem-Nick_Kyrgios,Dominic Thiem,2,49,73.5%,68.3%,75.7%,67.9%,76.0%,68.4%,76.5%,69.2%,75.0%,50.0%
20210212-M-Australian_Open-R32-Dominic_Thiem-Nick_Kyrgios,Nick Kyrgios,1,107,81.3%,60.0%,69.8%,48.0%,66.7%,53.8%,77.8%,66.7%,80.0%,80.0%
20210212-M-Australian_Open-R32-Dominic_Thiem-Nick_Kyrgios,Nick Kyrgios,2,40,45.0%,26.7%,36.4%,30.0%,37.5%,9.1%,10.0%,10.0%,14.3%,14.3%
20210212-M-Australian_Open-R32-Andrey_Rublev-Feliciano_Lopez,Andrey Rublev,1,41,92.7%,78.6%,84.6%,71.4%,83.3%,75.0%,75.0%,75.0%,75.0%,75.0%
20210212-M-Australian_Open-R32-Andrey_Rublev-Feliciano_Lopez,Andrey Rublev,2,37,67.6%,57.1%,64.0%,52.6%,62.5%,50.0%,66.7%,25.0%,100.0%,-
20210212-M-Australian_Open-R32-Andrey_Rublev-Feliciano_Lopez,Feliciano Lopez,1,44,72.7%,40.0%,66.7%,42.9%,60.0%,33.3%,50.0%,0.0%,0.0%,0.0%
20210212-M-Australian_Open-R32-Andrey_Rublev-Feliciano_Lopez,Feliciano Lopez,2,27,63.0%,37.5%,46.2%,30.0%,50.0%,25.0%,33.3%,0.0%,0.0%,0.0%
20210211-M-Australian_Open-R64-Stefanos_Tsitsipas-Thanasi_Kokkinakis,Stefanos Tsitsipas,1,93,86.0%,72.9%,77.8%,61.5%,80.0%,69.2%,81.8%,71.4%,83.3%,75.0%
20210211-M-Australian_Open-R64-Stefanos_Tsitsipas-Thanasi_Kokkinakis,Stefanos Tsitsipas,2,44,68.2%,57.6%,67.9%,40.0%,60.0%,33.3%,33.3%,0.0%,0.0%,0.0%
20210211-M-Australian_Open-R64-Stefanos_Tsitsipas-Thanasi_Kokkinakis,Thanasi Kokkinakis,1,130,71.5%,54.3%,63.8%,43.2%,54.3%,44.8%,65.0%,50.0%,53.8%,45.5%
20210211-M-Australian_Open-R64-Stefanos_Tsitsipas-Thanasi_Kokkinakis,Thanasi Kokkinakis,2,69,52.2%,40.0%,47.8%,33.3%,40.0%,28.0%,36.8%,33.3%,46.2%,30.0%
20210211-M-Australian_Open-R64-Lorenzo_Sonego-Feliciano_Lopez,Lorenzo Sonego,1,104,75.0%,51.9%,70.0%,53.8%,60.9%,43.8%,58.3%,16.7%,33.3%,0.0%
20210211-M-Australian_Open-R64-Lorenzo_Sonego-Feliciano_Lopez,Lorenzo Sonego,2,34,67.6%,52.2%,60.0%,33.3%,44.4%,28.6%,40.0%,25.0%,50.0%,0.0%
20210211-M-Australian_Open-R64-Lorenzo_Sonego-Feliciano_Lopez,Feliciano Lopez,1,92,80.4%,53.8%,77.8%,25.0%,50.0%,0.0%,-,-,-,-
20210211-M-Australian_Open-R64-Lorenzo_Sonego-Feliciano_Lopez,Feliciano Lopez,2,58,60.3%,48.9%,61.1%,36.4%,53.3%,30.0%,42.9%,0.0%,0.0%,0.0%
20210211-M-Australian_Open-R64-Daniil_Medvedev-Roberto_Carballes_Baena,Daniil Medvedev,1,49,85.7%,75.9%,75.9%,53.3%,61.5%,44.4%,66.7%,50.0%,66.7%,0.0%
20210211-M-Australian_Open-R64-Daniil_Medvedev-Roberto_Carballes_Baena,Daniil Medvedev,2,24,54.2%,45.0%,52.9%,42.9%,50.0%,33.3%,60.0%,50.0%,66.7%,0.0%
20210211-M-Australian_Open-R64-Daniil_Medvedev-Roberto_Carballes_Baena,Roberto Carballes Baena,1,39,46.2%,41.7%,53.6%,38.1%,44.4%,41.2%,63.6%,55.6%,55.6%,50.0%
20210211-M-Australian_Open-R64-Daniil_Medvedev-Roberto_Carballes_Baena,Roberto Carballes Baena,2,30,46.7%,42.9%,50.0%,36.8%,53.8%,50.0%,50.0%,45.5%,50.0%,37.5%
20210210-M-Australian_Open-R64-Stan_Wawrinka-Marton_Fucsovics,Stan Wawrinka,1,99,64.6%,53.3%,63.5%,46.5%,54.1%,32.0%,50.0%,38.5%,50.0%,28.6%
20210210-M-Australian_Open-R64-Stan_Wawrinka-Marton_Fucsovics,Stan Wawrinka,2,69,55.1%,46.6%,57.4%,44.4%,57.1%,47.8%,55.0%,50.0%,69.2%,63.6%
20210210-M-Australian_Open-R64-Stan_Wawrinka-Marton_Fucsovics,Marton Fucsovics,1,76,65.8%,54.4%,58.5%,43.6%,58.6%,45.5%,50.0%,33.3%,38.5%,38.5%
20210210-M-Australian_Open-R64-Stan_Wawrinka-Marton_Fucsovics,Marton Fucsovics,2,53,71.7%,61.5%,68.6%,56.0%,66.7%,50.0%,70.0%,40.0%,66.7%,0.0%
20210209-M-Australian_Open-R128-Vasek_Pospisil-Daniil_Medvedev,Vasek Pospisil,1,45,71.1%,51.9%,77.8%,0.0%,0.0%,0.0%,0.0%,0.0%,0.0%,0.0%
20210209-M-Australian_Open-R128-Vasek_Pospisil-Daniil_Medvedev,Vasek Pospisil,2,30,40.0%,33.3%,45.0%,35.3%,46.2%,36.4%,50.0%,50.0%,66.7%,60.0%
20210209-M-Australian_Open-R128-Vasek_Pospisil-Daniil_Medvedev,Daniil Medvedev,1,50,78.0%,57.7%,71.4%,60.0%,64.3%,50.0%,83.3%,66.7%,66.7%,0.0%
20210209-M-Australian_Open-R128-Vasek_Pospisil-Daniil_Medvedev,Daniil Medvedev,2,22,72.7%,60.0%,69.2%,55.6%,55.6%,33.3%,33.3%,20.0%,25.0%,0.0%
20210209-M-Australian_Open-R128-Robin_Haase-Filip_Krajinovic,Robin Haase,1,64,70.3%,50.0%,55.9%,48.3%,60.9%,35.7%,55.6%,50.0%,100.0%,100.0%
20210209-M-Australian_Open-R128-Robin_Haase-Filip_Krajinovic,Robin Haase,2,39,64.1%,53.3%,64.0%,55.0%,64.7%,45.5%,62.5%,50.0%,60.0%,50.0%
20210209-M-Australian_Open-R128-Robin_Haase-Filip_Krajinovic,Filip Krajinovic,1,74,82.4%,62.9%,75.9%,58.8%,71.4%,50.0%,57.1%,40.0%,50.0%,33.3%
20210209-M-Australian_Open-R128-Robin_Haase-Filip_Krajinovic,Filip Krajinovic,2,36,58.3%,48.3%,60.9%,50.0%,56.3%,46.2%,60.0%,42.9%,50.0%,25.0%
20210209-M-Australian_Open-R128-Hubert_Hurkacz-Mikael_Ymer,Hubert Hurkacz,1,95,70.5%,50.0%,54.9%,36.1%,52.0%,33.3%,42.9%,33.3%,40.0%,25.0%
20210209-M-Australian_Open-R128-Hubert_Hurkacz-Mikael_Ymer,Hubert Hurkacz,2,37,62.2%,53.3%,59.3%,56.0%,58.3%,47.4%,47.4%,33.3%,35.7%,25.0%
20210209-M-Australian_Open-R128-Hubert_Hurkacz-Mikael_Ymer,Mikael Ymer,1,138,65.9%,56.9%,65.3%,51.5%,58.3%,46.8%,61.1%,53.3%,69.6%,65.0%
20210209-M-Australian_Open-R128-Hubert_Hurkacz-Mikael_Ymer,Mikael Ymer,2,37,54.1%,43.3%,59.1%,52.6%,66.7%,58.3%,58.3%,54.5%,60.0%,50.0%
20210209-M-Australian_Open-R128-Feliciano_Lopez-Li_Tu,Feliciano Lopez,1,62,87.1%,69.2%,75.0%,57.1%,72.7%,62.5%,71.4%,33.3%,50.0%,50.0%
20210209-M-Australian_Open-R128-Feliciano_Lopez-Li_Tu,Feliciano Lopez,2,57,71.9%,57.9%,62.9%,51.9%,73.7%,44.4%,57.1%,40.0%,50.0%,33.3%
20210209-M-Australian_Open-R128-Feliciano_Lopez-Li_Tu,Li Tu,1,76,71.1%,53.2%,58.1%,40.0%,57.1%,30.8%,44.4%,28.6%,33.3%,33.3%
20210209-M-Australian_Open-R128-Feliciano_Lopez-Li_Tu,Li Tu,2,50,74.0%,63.9%,69.7%,56.5%,61.9%,55.6%,71.4%,55.6%,83.3%,50.0%
20210209-M-Australian_Open-R128-Carlos_Alcaraz-Botic_Van_De_Zandschulp,Carlos Alcaraz,1,48,77.1%,68.6%,85.7%,78.9%,93.8%,80.0%,100.0%,100.0%,100.0%,100.0%
20210209-M-Australian_Open-R128-Carlos_Alcaraz-Botic_Van_De_Zandschulp,Carlos Alcaraz,2,35,65.7%,53.8%,66.7%,58.8%,76.9%,50.0%,60.0%,60.0%,75.0%,66.7%
20210209-M-Australian_Open-R128-Carlos_Alcaraz-Botic_Van_De_Zandschulp,Botic Van De Zandschulp,1,49,71.4%,50.0%,66.7%,50.0%,70.0%,50.0%,75.0%,50.0%,100.0%,-
20210209-M-Australian_Open-R128-Carlos_Alcaraz-Botic_Van_De_Zandschulp,Botic Van De Zandschulp,2,35,45.7%,24.0%,40.0%,18.2%,25.0%,0.0%,0.0%,0.0%,0.0%,0.0%
20210208-M-Australian_Open-R128-Jannik_Sinner-Denis_Shapovalov,Jannik Sinner,1,101,67.3%,58.2%,65.7%,48.9%,59.0%,44.8%,52.0%,36.8%,58.3%,58.3%
20210208-M-Australian_Open-R128-Jannik_Sinner-Denis_Shapovalov,Jannik Sinner,2,40,60.0%,50.0%,57.1%,40.0%,44.4%,33.3%,38.5%,33.3%,40.0%,33.3%
20210208-M-Australian_Open-R128-Jannik_Sinner-Denis_Shapovalov,Denis Shapovalov,1,99,74.7%,63.2%,72.9%,55.6%,74.1%,50.0%,53.8%,45.5%,50.0%,37.5%
20210208-M-Australian_Open-R128-Jannik_Sinner-Denis_Shapovalov,Denis Shapovalov,2,49,57.1%,47.5%,57.6%,46.2%,54.5%,33.3%,45.5%,33.3%,50.0%,40.0%
20210208-M-Australian_Open-R128-Elias_Ymer-Diego_Schwartzman,Elias Ymer,1,67,61.2%,49.0%,55.6%,33.3%,45.5%,36.8%,43.8%,43.8%,63.6%,55.6%
20210208-M-Australian_Open-R128-Elias_Ymer-Diego_Schwartzman,Elias Ymer,2,42,50.0%,44.7%,53.1%,48.3%,50.0%,46.2%,52.2%,47.6%,58.8%,50.0%
20210208-M-Australian_Open-R128-Elias_Ymer-Diego_Schwartzman,Diego Schwartzman,1,87,58.6%,45.5%,47.6%,38.9%,42.9%,37.8%,53.1%,34.8%,44.4%,33.3%
20210208-M-Australian_Open-R128-Elias_Ymer-Diego_Schwartzman,Diego Schwartzman,2,38,60.5%,57.1%,71.4%,63.6%,73.7%,68.8%,73.3%,66.7%,72.7%,50.0%
20210208-M-Australian_Open-R128-Egor_Gerasimov-Benoit_Paire,Egor Gerasimov,1,97,61.9%,53.2%,58.3%,49.2%,60.4%,50.0%,61.3%,45.5%,71.4%,63.6%
20210208-M-Australian_Open-R128-Egor_Gerasimov-Benoit_Paire,Egor Gerasimov,2,58,50.0%,37.0%,51.5%,40.7%,57.9%,42.9%,60.0%,50.0%,80.0%,66.7%
20210208-M-Australian_Open-R128-Egor_Gerasimov-Benoit_Paire,Benoit Paire,1,82,65.9%,41.7%,57.1%,28.6%,60.0%,50.0%,57.1%,40.0%,50.0%,33.3%
20210208-M-Australian_Open-R128-Egor_Gerasimov-Benoit_Paire,Benoit Paire,2,47,55.3%,52.3%,69.7%,56.5%,72.2%,54.5%,60.0%,55.6%,62.5%,57.1%
20200913-M-US_Open-F-Dominic_Thiem-Alexander_Zverev,Dominic Thiem,1,103,68.0%,52.9%,58.7%,42.2%,54.3%,44.8%,52.0%,42.9%,50.0%,43.8%
20200913-M-US_Open-F-Dominic_Thiem-Alexander_Zverev,Dominic Thiem,2,54,55.6%,52.0%,59.1%,53.8%,63.6%,53.8%,60.9%,57.1%,66.7%,60.0%
20200913-M-US_Open-F-Dominic_Thiem-Alexander_Zverev,Alexander Zverev,1,101,70.3%,53.8%,61.4%,40.5%,53.6%,35.0%,38.9%,26.7%,44.4%,37.5%
20200913-M-US_Open-F-Dominic_Thiem-Alexander_Zverev,Alexander Zverev,2,41,56.1%,51.4%,54.3%,42.9%,57.1%,55.0%,64.7%,50.0%,60.0%,50.0%
20200911-M-US_Open-SF-Dominic_Thiem-Daniil_Medvedev,Dominic Thiem,1,67,77.6%,63.4%,74.3%,55.0%,57.9%,50.0%,61.5%,44.4%,50.0%,50.0%
20200911-M-US_Open-SF-Dominic_Thiem-Daniil_Medvedev,Dominic Thiem,2,44,61.4%,56.4%,61.1%,50.0%,56.0%,47.6%,55.6%,42.9%,54.5%,44.4%
20200911-M-US_Open-SF-Dominic_Thiem-Daniil_Medvedev,Daniil Medvedev,1,73,75.3%,59.1%,78.8%,70.8%,81.0%,75.0%,75.0%,66.7%,66.7%,55.6%
20200911-M-US_Open-SF-Dominic_Thiem-Daniil_Medvedev,Daniil Medvedev,2,46,45.7%,43.2%,48.7%,42.9%,51.7%,46.2%,50.0%,45.5%,55.6%,42.9%
20200909-M-US_Open-QF-Andrey_Rublev-Daniil_Medvedev,Andrey Rublev,1,51,78.4%,63.3%,65.5%,54.5%,60.0%,46.7%,53.8%,45.5%,55.6%,50.0%
20200909-M-US_Open-QF-Andrey_Rublev-Daniil_Medvedev,Andrey Rublev,2,46,60.9%,57.1%,70.6%,64.3%,66.7%,62.5%,71.4%,60.0%,60.0%,57.1%
20200909-M-US_Open-QF-Andrey_Rublev-Daniil_Medvedev,Daniil Medvedev,1,56,89.3%,72.7%,80.0%,50.0%,50.0%,20.0%,25.0%,25.0%,33.3%,33.3%
20200909-M-US_Open-QF-Andrey_Rublev-Daniil_Medvedev,Daniil Medvedev,2,35,71.4%,63.0%,68.0%,50.0%,88.9%,80.0%,80.0%,66.7%,66.7%,50.0%
20200908-M-US_Open-QF-Denis_Shapovalov-Pablo_Carreno_Busta,Denis Shapovalov,1,103,78.6%,65.1%,77.4%,63.6%,75.0%,36.4%,40.0%,33.3%,50.0%,25.0%
20200908-M-US_Open-QF-Denis_Shapovalov-Pablo_Carreno_Busta,Denis Shapovalov,2,55,49.1%,41.7%,50.0%,44.4%,61.5%,58.3%,70.0%,62.5%,71.4%,50.0%
20200908-M-US_Open-QF-Denis_Shapovalov-Pablo_Carreno_Busta,Pablo Carreno Busta,1,102,67.6%,54.8%,59.7%,44.9%,55.0%,47.1%,55.2%,40.9%,52.9%,33.3%
20200908-M-US_Open-QF-Denis_Shapovalov-Pablo_Carreno_Busta,Pablo Carreno Busta,2,41,56.1%,51.4%,54.3%,46.7%,56.0%,45.0%,69.2%,63.6%,70.0%,40.0%
20200908-M-US_Open-QF-Borna_Coric-Alexander_Zverev,Borna Coric,1,92,69.6%,56.3%,58.1%,46.9%,59.0%,36.0%,45.0%,38.9%,58.3%,54.5%
20200908-M-US_Open-QF-Borna_Coric-Alexander_Zverev,Borna Coric,2,33,60.6%,53.6%,62.5%,55.0%,61.1%,50.0%,50.0%,36.4%,57.1%,40.0%
20200908-M-US_Open-QF-Borna_Coric-Alexander_Zverev,Alexander Zverev,1,99,76.8%,54.9%,63.6%,44.8%,61.9%,38.5%,55.6%,33.3%,40.0%,40.0%
20200908-M-US_Open-QF-Borna_Coric-Alexander_Zverev,Alexander Zverev,2,30,56.7%,43.5%,55.6%,50.0%,57.1%,53.8%,53.8%,40.0%,50.0%,42.9%
20200907-M-US_Open-R16-Vasek_Pospisil-Alex_De_Minaur,Vasek Pospisil,1,66,72.7%,58.1%,65.8%,51.9%,73.7%,61.5%,88.9%,75.0%,75.0%,50.0%
20200907-M-US_Open-R16-Vasek_Pospisil-Alex_De_Minaur,Vasek Pospisil,2,38,36.8%,27.3%,33.3%,28.0%,41.2%,33.3%,50.0%,28.6%,40.0%,25.0%
20200907-M-US_Open-R16-Vasek_Pospisil-Alex_De_Minaur,Alex De Minaur,1,49,79.6%,67.7%,75.0%,58.8%,66.7%,58.3%,58.3%,37.5%,42.9%,42.9%
20200907-M-US_Open-R16-Vasek_Pospisil-Alex_De_Minaur,Alex De Minaur,2,28,67.9%,47.1%,66.7%,60.0%,60.0%,33.3%,66.7%,50.0%,50.0%,0.0%
20200907-M-US_Open-R16-Felix_Auger_Aliassime-Dominic_Thiem,Felix Auger Aliassime,1,53,60.4%,27.6%,33.3%,20.0%,33.3%,20.0%,33.3%,33.3%,66.7%,66.7%
20200907-M-US_Open-R16-Felix_Auger_Aliassime-Dominic_Thiem,Felix Auger Aliassime,2,33,42.4%,32.1%,40.9%,31.6%,40.0%,30.8%,40.0%,33.3%,60.0%,33.3%
20200907-M-US_Open-R16-Felix_Auger_Aliassime-Dominic_Thiem,Dominic Thiem,1,53,73.6%,63.2%,75.0%,66.7%,76.2%,61.5%,66.7%,63.6%,77.8%,71.4%
20200907-M-US_Open-R16-Felix_Auger_Aliassime-Dominic_Thiem,Dominic Thiem,2,25,76.0%,71.4%,75.0%,66.7%,83.3%,75.0%,75.0%,66.7%,66.7%,50.0%
20200907-M-US_Open-R16-Andrey_Rublev-Matteo_Berrettini,Andrey Rublev,1,69,85.5%,75.0%,83.3%,71.4%,83.3%,75.0%,90.0%,80.0%,100.0%,100.0%
20200907-M-US_Open-R16-Andrey_Rublev-Matteo_Berrettini,Andrey Rublev,2,44,52.3%,43.2%,57.1%,42.9%,56.3%,46.2%,54.5%,37.5%,42.9%,33.3%
20200907-M-US_Open-R16-Andrey_Rublev-Matteo_Berrettini,Matteo Berrettini,1,61,70.5%,55.0%,64.7%,45.5%,58.8%,36.4%,40.0%,40.0%,57.1%,25.0%
20200907-M-US_Open-R16-Andrey_Rublev-Matteo_Berrettini,Matteo Berrettini,2,46,56.5%,48.7%,57.6%,50.0%,53.8%,40.0%,47.1%,25.0%,33.3%,14.3%
20200906-M-US_Open-R32-Marin_Cilic-Dominic_Thiem,Marin Cilic,1,61,73.8%,61.0%,69.4%,47.6%,62.5%,45.5%,62.5%,40.0%,50.0%,33.3%
20200906-M-US_Open-R32-Marin_Cilic-Dominic_Thiem,Marin Cilic,2,34,47.1%,35.7%,41.7%,33.3%,41.2%,28.6%,40.0%,14.3%,16.7%,16.7%
20200906-M-US_Open-R32-Marin_Cilic-Dominic_Thiem,Dominic Thiem,1,61,86.9%,70.4%,79.2%,66.7%,83.3%,66.7%,66.7%,50.0%,66.7%,50.0%
20200906-M-US_Open-R32-Marin_Cilic-Dominic_Thiem,Dominic Thiem,2,41,48.8%,41.7%,60.0%,47.4%,60.0%,50.0%,60.0%,33.3%,50.0%,33.3%
20200906-M-US_Open-R16-Novak_Djokovic-Pablo_Carreno_Busta,Novak Djokovic,1,20,80.0%,50.0%,50.0%,33.3%,33.3%,20.0%,33.3%,33.3%,33.3%,33.3%
20200906-M-US_Open-R16-Novak_Djokovic-Pablo_Carreno_Busta,Novak Djokovic,2,8,62.5%,40.0%,50.0%,0.0%,0.0%,0.0%,0.0%,0.0%,0.0%,0.0%
20200906-M-US_Open-R16-Novak_Djokovic-Pablo_Carreno_Busta,Pablo Carreno Busta,1,24,75.0%,64.7%,78.6%,75.0%,75.0%,62.5%,83.3%,80.0%,80.0%,80.0%
20200906-M-US_Open-R16-Novak_Djokovic-Pablo_Carreno_Busta,Pablo Carreno Busta,2,12,50.0%,40.0%,44.4%,37.5%,37.5%,37.5%,42.9%,33.3%,50.0%,50.0%
20200905-M-US_Open-R32-Novak_Djokovic-Jan_Lennard_Struff,Novak Djokovic,1,53,79.2%,64.5%,74.1%,58.8%,71.4%,55.6%,55.6%,33.3%,33.3%,33.3%
20200905-M-US_Open-R32-Novak_Djokovic-Jan_Lennard_Struff,Novak Djokovic,2,23,69.6%,65.0%,76.5%,71.4%,76.9%,62.5%,83.3%,75.0%,75.0%,50.0%
20200905-M-US_Open-R32-Novak_Djokovic-Jan_Lennard_Struff,Jan Lennard Struff,1,43,62.8%,46.7%,60.9%,30.8%,36.4%,12.5%,20.0%,0.0%,0.0%,0.0%
20200905-M-US_Open-R32-Novak_Djokovic-Jan_Lennard_Struff,Jan Lennard Struff,2,30,46.7%,36.0%,42.9%,33.3%,40.0%,18.2%,28.6%,28.6%,40.0%,40.0%
20200905-M-US_Open-R32-Felix_Auger_Aliassime-Corentin_Moutet,Felix Auger Aliassime,1,48,72.9%,61.8%,67.7%,50.0%,66.7%,50.0%,62.5%,50.0%,60.0%,33.3%
20200905-M-US_Open-R32-Felix_Auger_Aliassime-Corentin_Moutet,Felix Auger Aliassime,2,24,75.0%,62.5%,76.9%,70.0%,77.8%,60.0%,75.0%,66.7%,66.7%,50.0%
20200905-M-US_Open-R32-Felix_Auger_Aliassime-Corentin_Moutet,Corentin Moutet,1,45,48.9%,42.5%,60.7%,52.2%,60.0%,27.3%,75.0%,66.7%,66.7%,66.7%
20200905-M-US_Open-R32-Felix_Auger_Aliassime-Corentin_Moutet,Corentin Moutet,2,28,42.9%,36.0%,56.3%,46.2%,60.0%,20.0%,50.0%,50.0%,100.0%,-
20200905-M-US_Open-R32-Casper_Ruud-Matteo_Berrettini,Casper Ruud,1,54,68.5%,54.1%,64.5%,35.3%,54.5%,44.4%,50.0%,42.9%,60.0%,50.0%
20200905-M-US_Open-R32-Casper_Ruud-Matteo_Berrettini,Casper Ruud,2,29,55.2%,50.0%,50.0%,40.9%,47.4%,44.4%,53.3%,46.2%,66.7%,57.1%
20200905-M-US_Open-R32-Casper_Ruud-Matteo_Berrettini,Matteo Berrettini,1,53,84.9%,70.4%,70.4%,42.9%,50.0%,25.0%,40.0%,25.0%,50.0%,0.0%
20200905-M-US_Open-R32-Casper_Ruud-Matteo_Berrettini,Matteo Berrettini,2,31,61.3%,45.5%,66.7%,58.3%,77.8%,60.0%,100.0%,100.0%,100.0%,-
20200904-M-US_Open-R32-Taylor_Fritz-Denis_Shapovalov,Taylor Fritz,1,77,81.8%,58.8%,64.5%,31.3%,50.0%,28.6%,40.0%,40.0%,50.0%,33.3%
20200904-M-US_Open-R32-Taylor_Fritz-Denis_Shapovalov,Taylor Fritz,2,53,50.9%,44.7%,53.8%,37.9%,57.9%,38.5%,50.0%,50.0%,62.5%,40.0%
20200904-M-US_Open-R32-Taylor_Fritz-Denis_Shapovalov,Denis Shapovalov,1,103,75.7%,57.6%,63.0%,37.5%,50.0%,33.3%,46.2%,22.2%,33.3%,33.3%
20200904-M-US_Open-R32-Taylor_Fritz-Denis_Shapovalov,Denis Shapovalov,2,37,62.2%,50.0%,63.6%,55.6%,66.7%,44.4%,50.0%,50.0%,57.1%,57.1%
20200903-M-US_Open-R64-Ugo_Humbert-Matteo_Berrettini,Ugo Humbert,1,63,71.4%,56.1%,63.9%,38.1%,53.3%,36.4%,57.1%,50.0%,50.0%,0.0%
20200903-M-US_Open-R64-Ugo_Humbert-Matteo_Berrettini,Ugo Humbert,2,31,61.3%,50.0%,57.1%,47.1%,50.0%,38.5%,41.7%,22.2%,33.3%,20.0%
20200903-M-US_Open-R64-Ugo_Humbert-Matteo_Berrettini,Matteo Berrettini,1,58,86.2%,55.6%,66.7%,28.6%,50.0%,0.0%,0.0%,0.0%,0.0%,0.0%
20200903-M-US_Open-R64-Ugo_Humbert-Matteo_Berrettini,Matteo Berrettini,2,26,69.2%,61.9%,68.4%,57.1%,80.0%,71.4%,83.3%,66.7%,100.0%,100.0%
20200903-M-US_Open-R64-Milos_Raonic-Vasek_Pospisil,Milos Raonic,1,91,82.4%,59.0%,76.7%,58.8%,71.4%,42.9%,75.0%,50.0%,100.0%,100.0%
20200903-M-US_Open-R64-Milos_Raonic-Vasek_Pospisil,Milos Raonic,2,31,61.3%,42.9%,52.9%,38.5%,45.5%,14.3%,25.0%,0.0%,0.0%,0.0%
20200903-M-US_Open-R64-Milos_Raonic-Vasek_Pospisil,Vasek Pospisil,1,90,81.1%,59.5%,78.1%,56.3%,69.2%,50.0%,80.0%,50.0%,50.0%,50.0%
20200903-M-US_Open-R64-Milos_Raonic-Vasek_Pospisil,Vasek Pospisil,2,37,70.3%,62.1%,69.2%,50.0%,72.7%,57.1%,100.0%,100.0%,100.0%,100.0%
20200903-M-US_Open-R64-Felix_Auger_Aliassime-Andy_Murray,Felix Auger Aliassime,1,46,89.1%,72.2%,86.7%,80.0%,88.9%,83.3%,83.3%,66.7%,100.0%,-
20200903-M-US_Open-R64-Felix_Auger_Aliassime-Andy_Murray,Felix Auger Aliassime,2,22,68.2%,58.8%,71.4%,63.6%,70.0%,57.1%,80.0%,66.7%,100.0%,100.0%
20200903-M-US_Open-R64-Felix_Auger_Aliassime-Andy_Murray,Andy Murray,1,52,55.8%,43.9%,50.0%,25.0%,40.0%,35.7%,50.0%,37.5%,37.5%,0.0%
20200903-M-US_Open-R64-Felix_Auger_Aliassime-Andy_Murray,Andy Murray,2,41,61.0%,52.9%,64.3%,47.4%,60.0%,40.0%,50.0%,33.3%,50.0%,33.3%
20200902-M-US_Open-R128-John_Millman-Nikoloz_Basilashvili,John Millman,1,55,80.0%,62.1%,69.2%,46.7%,53.8%,14.3%,20.0%,20.0%,25.0%,0.0%
20200902-M-US_Open-R128-John_Millman-Nikoloz_Basilashvili,John Millman,2,38,57.9%,46.7%,51.9%,51.9%,66.7%,50.0%,58.3%,54.5%,66.7%,66.7%
20200902-M-US_Open-R128-John_Millman-Nikoloz_Basilashvili,Nikoloz Basilashvili,1,48,64.6%,46.9%,53.6%,43.5%,62.5%,50.0%,60.0%,55.6%,55.6%,42.9%
20200902-M-US_Open-R128-John_Millman-Nikoloz_Basilashvili,Nikoloz Basilashvili,2,32,53.1%,44.4%,60.0%,50.0%,57.1%,53.8%,58.3%,58.3%,63.6%,50.0%
20200901-M-US_Open-R128-Jeremy_Chardy-Andrey_Rublev,Jeremy Chardy,1,82,70.7%,42.9%,64.3%,44.4%,66.7%,60.0%,85.7%,66.7%,100.0%,100.0%
20200901-M-US_Open-R128-Jeremy_Chardy-Andrey_Rublev,Jeremy Chardy,2,33,42.4%,26.9%,43.8%,35.7%,71.4%,60.0%,75.0%,50.0%,50.0%,50.0%
20200901-M-US_Open-R128-Jeremy_Chardy-Andrey_Rublev,Andrey Rublev,1,48,83.3%,61.9%,68.4%,45.5%,83.3%,75.0%,75.0%,66.7%,66.7%,0.0%
20200901-M-US_Open-R128-Jeremy_Chardy-Andrey_Rublev,Andrey Rublev,2,39,56.4%,46.9%,57.7%,38.9%,50.0%,30.0%,42.9%,42.9%,50.0%,25.0%
20200901-M-US_Open-R128-Andy_Murray-Yoshihito_Nishioka,Andy Murray,1,108,77.8%,64.2%,71.7%,46.9%,57.7%,42.1%,57.1%,53.8%,63.6%,50.0%
20200901-M-US_Open-R128-Andy_Murray-Yoshihito_Nishioka,Andy Murray,2,72,55.6%,50.0%,61.5%,50.0%,60.6%,48.0%,63.2%,46.2%,66.7%,62.5%
20200901-M-US_Open-R128-Andy_Murray-Yoshihito_Nishioka,Yoshihito Nishioka,1,109,70.6%,61.4%,67.1%,56.9%,68.8%,57.1%,62.5%,53.8%,63.6%,52.9%
20200901-M-US_Open-R128-Andy_Murray-Yoshihito_Nishioka,Yoshihito Nishioka,2,48,62.5%,50.0%,58.1%,55.2%,66.7%,63.6%,73.7%,66.7%,66.7%,61.5%
20200202-M-Australian_Open-F-Novak_Djokovic-Dominic_Thiem,Novak Djokovic,1,87,75.9%,66.7%,75.0%,65.0%,70.3%,59.3%,66.7%,55.6%,66.7%,54.5%
20200202-M-Australian_Open-F-Novak_Djokovic-Dominic_Thiem,Novak Djokovic,2,42,57.1%,47.1%,64.0%,57.1%,60.0%,55.6%,66.7%,64.3%,69.2%,69.2%
20200202-M-Australian_Open-F-Novak_Djokovic-Dominic_Thiem,Dominic Thiem,1,110,69.1%,59.0%,69.0%,60.0%,66.0%,57.5%,63.9%,55.2%,69.6%,53.3%
20200202-M-Australian_Open-F-Novak_Djokovic-Dominic_Thiem,Dominic Thiem,2,55,49.1%,40.4%,54.3%,48.4%,57.7%,52.2%,60.0%,38.5%,62.5%,50.0%
20200131-M-Australian_Open-SF-Dominic_Thiem-Alexander_Zverev,Dominic Thiem,1,99,76.8%,64.1%,71.9%,52.9%,62.1%,54.2%,68.4%,60.0%,64.3%,37.5%
20200131-M-Australian_Open-SF-Dominic_Thiem-Alexander_Zverev,Dominic Thiem,2,41,41.5%,36.8%,45.2%,37.0%,43.5%,31.6%,50.0%,25.0%,28.6%,28.6%
20200131-M-Australian_Open-SF-Dominic_Thiem-Alexander_Zverev,Alexander Zverev,1,102,67.6%,49.2%,56.1%,41.9%,47.4%,33.3%,43.5%,35.0%,38.9%,26.7%
20200131-M-Australian_Open-SF-Dominic_Thiem-Alexander_Zverev,Alexander Zverev,2,21,57.1%,50.0%,60.0%,45.5%,45.5%,45.5%,50.0%,50.0%,62.5%,62.5%
20200130-M-Australian_Open-SF-Roger_Federer-Novak_Djokovic,Roger Federer,1,68,66.2%,47.7%,60.0%,33.3%,50.0%,22.2%,33.3%,20.0%,100.0%,100.0%
20200130-M-Australian_Open-SF-Roger_Federer-Novak_Djokovic,Roger Federer,2,33,45.5%,33.3%,34.6%,19.0%,28.6%,16.7%,18.2%,0.0%,0.0%,0.0%
20200130-M-Australian_Open-SF-Roger_Federer-Novak_Djokovic,Novak Djokovic,1,73,72.6%,56.5%,70.3%,54.2%,65.0%,46.2%,54.5%,37.5%,60.0%,0.0%
20200130-M-Australian_Open-SF-Roger_Federer-Novak_Djokovic,Novak Djokovic,2,28,57.1%,52.0%,61.9%,50.0%,80.0%,75.0%,85.7%,75.0%,75.0%,66.7%
20200129-M-Australian_Open-QF-Stan_Wawrinka-Alexander_Zverev,Stan Wawrinka,1,60,68.3%,47.2%,56.7%,43.5%,52.6%,25.0%,42.9%,33.3%,50.0%,50.0%
20200129-M-Australian_Open-QF-Stan_Wawrinka-Alexander_Zverev,Stan Wawrinka,2,40,60.0%,51.5%,65.4%,60.9%,63.6%,38.5%,45.5%,33.3%,42.9%,33.3%
20200129-M-Australian_Open-QF-Stan_Wawrinka-Alexander_Zverev,Alexander Zverev,1,73,75.3%,51.4%,61.3%,36.8%,53.8%,25.0%,33.3%,33.3%,66.7%,50.0%
20200129-M-Australian_Open-QF-Stan_Wawrinka-Alexander_Zverev,Alexander Zverev,2,18,44.4%,41.2%,46.7%,33.3%,40.0%,25.0%,33.3%,0.0%,0.0%,0.0%
20200129-M-Australian_Open-QF-Rafael_Nadal-Dominic_Thiem,Rafael Nadal,1,105,68.6%,50.0%,55.0%,28.9%,39.3%,19.0%,22.2%,6.7%,10.0%,0.0%
20200129-M-Australian_Open-QF-Rafael_Nadal-Dominic_Thiem,Rafael Nadal,2,43,55.8%,47.2%,60.7%,52.2%,57.1%,47.1%,50.0%,46.7%,58.3%,50.0%
20200129-M-Australian_Open-QF-Rafael_Nadal-Dominic_Thiem,Dominic Thiem,1,83,78.3%,64.7%,78.6%,62.5%,75.0%,61.5%,80.0%,66.7%,80.0%,66.7%
20200129-M-Australian_Open-QF-Rafael_Nadal-Dominic_Thiem,Dominic Thiem,2,53,52.8%,50.0%,58.1%,47.1%,53.3%,39.1%,52.9%,42.9%,66.7%,66.7%
20200128-M-Australian_Open-QF-Roger_Federer-Tennys_Sandgren,Roger Federer,1,112,71.4%,54.9%,66.1%,42.9%,68.2%,41.7%,71.4%,50.0%,66.7%,50.0%
20200128-M-Australian_Open-QF-Roger_Federer-Tennys_Sandgren,Roger Federer,2,56,55.4%,44.4%,54.1%,43.3%,52.0%,40.0%,57.1%,50.0%,75.0%,60.0%
20200128-M-Australian_Open-QF-Roger_Federer-Tennys_Sandgren,Tennys Sandgren,1,97,79.4%,60.0%,71.4%,53.8%,70.0%,40.0%,50.0%,42.9%,75.0%,75.0%
20200128-M-Australian_Open-QF-Roger_Federer-Tennys_Sandgren,Tennys Sandgren,2,48,50.0%,44.2%,52.8%,46.9%,68.2%,58.8%,66.7%,54.5%,60.0%,42.9%
20200128-M-Australian_Open-QF-Novak_Djokovic-Milos_Raonic,Novak Djokovic,1,66,87.9%,77.8%,80.0%,70.8%,81.0%,77.8%,87.5%,84.6%,91.7%,80.0%
20200128-M-Australian_Open-QF-Novak_Djokovic-Milos_Raonic,Novak Djokovic,2,27,48.1%,33.3%,43.8%,30.8%,33.3%,33.3%,40.0%,14.3%,25.0%,0.0%
20200128-M-Australian_Open-QF-Novak_Djokovic-Milos_Raonic,Milos Raonic,1,76,71.1%,47.6%,58.8%,26.3%,33.3%,16.7%,28.6%,0.0%,0.0%,0.0%
20200128-M-Australian_Open-QF-Novak_Djokovic-Milos_Raonic,Milos Raonic,2,40,45.0%,35.3%,48.0%,35.0%,43.8%,30.8%,36.4%,22.2%,50.0%,50.0%
20200127-M-Australian_Open-R16-Stan_Wawrinka-Daniil_Medvedev,Stan Wawrinka,1,94,76.6%,61.4%,63.6%,39.4%,44.8%,36.0%,52.9%,38.5%,62.5%,50.0%
20200127-M-Australian_Open-R16-Stan_Wawrinka-Daniil_Medvedev,Stan Wawrinka,2,43,51.2%,48.8%,60.6%,55.2%,64.0%,59.1%,59.1%,50.0%,69.2%,66.7%
20200127-M-Australian_Open-R16-Stan_Wawrinka-Daniil_Medvedev,Daniil Medvedev,1,99,67.7%,50.8%,58.9%,46.5%,54.1%,41.4%,48.0%,45.8%,55.0%,43.8%
20200127-M-Australian_Open-R16-Stan_Wawrinka-Daniil_Medvedev,Daniil Medvedev,2,42,59.5%,55.3%,58.3%,46.4%,56.5%,44.4%,47.1%,30.8%,36.4%,30.0%
20200127-M-Australian_Open-R16-Rafael_Nadal-Nick_Kyrgios,Rafael Nadal,1,80,83.8%,77.6%,83.3%,79.1%,85.0%,71.4%,78.9%,75.0%,92.3%,90.0%
20200127-M-Australian_Open-R16-Rafael_Nadal-Nick_Kyrgios,Rafael Nadal,2,37,70.3%,64.5%,69.0%,60.9%,66.7%,58.8%,62.5%,50.0%,54.5%,50.0%
20200127-M-Australian_Open-R16-Rafael_Nadal-Nick_Kyrgios,Nick Kyrgios,1,111,73.9%,56.1%,64.9%,50.0%,64.5%,50.0%,57.9%,42.9%,46.2%,36.4%
20200127-M-Australian_Open-R16-Rafael_Nadal-Nick_Kyrgios,Nick Kyrgios,2,33,42.4%,38.7%,42.9%,36.0%,45.0%,31.3%,55.6%,55.6%,62.5%,50.0%
20200127-M-Australian_Open-R16-Gael_Monfils-Dominic_Thiem,Gael Monfils,1,79,60.8%,39.2%,52.6%,41.9%,52.0%,29.4%,33.3%,16.7%,20.0%,0.0%
20200127-M-Australian_Open-R16-Gael_Monfils-Dominic_Thiem,Gael Monfils,2,25,48.0%,43.5%,55.6%,46.7%,63.6%,42.9%,50.0%,25.0%,33.3%,0.0%
20200127-M-Australian_Open-R16-Gael_Monfils-Dominic_Thiem,Dominic Thiem,1,46,84.8%,74.1%,80.0%,66.7%,76.9%,57.1%,66.7%,60.0%,100.0%,-
20200127-M-Australian_Open-R16-Gael_Monfils-Dominic_Thiem,Dominic Thiem,2,23,78.3%,73.7%,73.7%,64.3%,69.2%,69.2%,90.0%,85.7%,85.7%,83.3%
20200127-M-Australian_Open-R16-Andrey_Rublev-Alexander_Zverev,Andrey Rublev,1,53,77.4%,65.7%,76.7%,56.3%,60.0%,40.0%,40.0%,33.3%,42.9%,33.3%
20200127-M-Australian_Open-R16-Andrey_Rublev-Alexander_Zverev,Andrey Rublev,2,23,60.9%,52.6%,58.8%,50.0%,53.8%,53.8%,53.8%,40.0%,40.0%,40.0%
20200127-M-Australian_Open-R16-Andrey_Rublev-Alexander_Zverev,Alexander Zverev,1,54,90.7%,79.2%,82.6%,69.2%,81.8%,75.0%,75.0%,71.4%,83.3%,75.0%
20200127-M-Australian_Open-R16-Andrey_Rublev-Alexander_Zverev,Alexander Zverev,2,15,73.3%,69.2%,75.0%,70.0%,77.8%,66.7%,80.0%,66.7%,66.7%,66.7%
20200126-M-Australian_Open-R16-Tennys_Sandgren-Fabio_Fognini,Tennys Sandgren,1,94,72.3%,45.8%,55.0%,47.1%,57.1%,42.9%,52.9%,38.5%,55.6%,42.9%
20200126-M-Australian_Open-R16-Tennys_Sandgren-Fabio_Fognini,Tennys Sandgren,2,42,54.8%,44.1%,51.7%,44.0%,47.8%,40.0%,57.1%,45.5%,45.5%,40.0%
20200126-M-Australian_Open-R16-Tennys_Sandgren-Fabio_Fognini,Fabio Fognini,1,69,75.4%,63.0%,76.3%,67.9%,82.6%,71.4%,90.9%,83.3%,83.3%,0.0%
20200126-M-Australian_Open-R16-Tennys_Sandgren-Fabio_Fognini,Fabio Fognini,2,60,55.0%,50.0%,61.4%,45.2%,51.9%,45.8%,52.4%,33.3%,38.5%,27.3%
20200126-M-Australian_Open-R16-Roger_Federer-Marton_Fucsovics,Roger Federer,1,63,76.2%,70.0%,85.4%,75.0%,85.7%,75.0%,90.0%,85.7%,85.7%,83.3%
20200126-M-Australian_Open-R16-Roger_Federer-Marton_Fucsovics,Roger Federer,2,40,52.5%,47.2%,60.7%,50.0%,68.8%,58.3%,58.3%,44.4%,57.1%,25.0%
20200126-M-Australian_Open-R16-Roger_Federer-Marton_Fucsovics,Marton Fucsovics,1,44,56.8%,38.7%,48.0%,13.3%,20.0%,20.0%,33.3%,0.0%,0.0%,0.0%
20200126-M-Australian_Open-R16-Roger_Federer-Marton_Fucsovics,Marton Fucsovics,2,44,54.5%,51.2%,56.8%,50.0%,59.3%,47.6%,52.6%,25.0%,30.0%,12.5%
20200126-M-Australian_Open-R16-Novak_Djokovic-Diego_Schwartzman,Novak Djokovic,1,54,74.1%,57.6%,57.6%,36.4%,44.4%,41.2%,70.0%,62.5%,71.4%,66.7%
20200126-M-Australian_Open-R16-Novak_Djokovic-Diego_Schwartzman,Novak Djokovic,2,30,70.0%,64.0%,69.6%,61.1%,68.8%,54.5%,66.7%,57.1%,57.1%,40.0%
20200126-M-Australian_Open-R16-Novak_Djokovic-Diego_Schwartzman,Diego Schwartzman,1,48,60.4%,47.2%,53.1%,42.3%,45.8%,31.6%,33.3%,25.0%,28.6%,16.7%
20200126-M-Australian_Open-R16-Novak_Djokovic-Diego_Schwartzman,Diego Schwartzman,2,33,54.5%,40.0%,52.6%,40.0%,42.9%,33.3%,40.0%,25.0%,33.3%,33.3%
20200125-M-Australian_Open-R32-Taylor_Fritz-Dominic_Thiem,Taylor Fritz,1,85,70.6%,46.8%,56.4%,37.0%,45.5%,20.0%,23.1%,0.0%,0.0%,0.0%
20200125-M-Australian_Open-R32-Taylor_Fritz-Dominic_Thiem,Taylor Fritz,2,33,51.5%,48.4%,62.5%,55.0%,73.3%,66.7%,80.0%,77.8%,87.5%,66.7%
20200125-M-Australian_Open-R32-Taylor_Fritz-Dominic_Thiem,Dominic Thiem,1,90,76.7%,61.8%,70.8%,48.1%,52.0%,36.8%,46.7%,27.3%,50.0%,50.0%
20200125-M-Australian_Open-R32-Taylor_Fritz-Dominic_Thiem,Dominic Thiem,2,39,61.5%,51.6%,64.0%,55.0%,57.9%,42.9%,66.7%,25.0%,50.0%,0.0%
20200125-M-Australian_Open-R32-Rafael_Nadal-Pablo_Carreno_Busta,Rafael Nadal,1,39,87.2%,73.7%,87.5%,71.4%,71.4%,33.3%,50.0%,50.0%,50.0%,50.0%
20200125-M-Australian_Open-R32-Rafael_Nadal-Pablo_Carreno_Busta,Rafael Nadal,2,23,78.3%,68.8%,78.6%,72.7%,80.0%,75.0%,85.7%,80.0%,80.0%,80.0%
20200125-M-Australian_Open-R32-Rafael_Nadal-Pablo_Carreno_Busta,Pablo Carreno Busta,1,41,70.7%,52.0%,54.2%,42.1%,50.0%,27.3%,42.9%,33.3%,50.0%,50.0%
20200125-M-Australian_Open-R32-Rafael_Nadal-Pablo_Carreno_Busta,Pablo Carreno Busta,2,21,33.3%,26.3%,31.3%,31.3%,35.7%,30.8%,50.0%,33.3%,50.0%,0.0%
20200125-M-Australian_Open-R32-Fernando_Verdasco-Alexander_Zverev,Fernando Verdasco,1,49,55.1%,37.1%,54.2%,42.1%,50.0%,38.5%,55.6%,50.0%,80.0%,80.0%
20200125-M-Australian_Open-R32-Fernando_Verdasco-Alexander_Zverev,Fernando Verdasco,2,33,48.5%,45.2%,56.0%,45.0%,52.9%,42.9%,60.0%,33.3%,40.0%,25.0%
20200125-M-Australian_Open-R32-Fernando_Verdasco-Alexander_Zverev,Alexander Zverev,1,61,77.0%,51.7%,71.4%,53.8%,53.8%,40.0%,44.4%,28.6%,33.3%,33.3%
20200125-M-Australian_Open-R32-Fernando_Verdasco-Alexander_Zverev,Alexander Zverev,2,18,44.4%,41.2%,50.0%,41.7%,55.6%,50.0%,57.1%,40.0%,40.0%,25.0%
20200125-M-Australian_Open-R32-Alexei_Popyrin-Daniil_Medvedev,Alexei Popyrin,1,50,68.0%,50.0%,55.2%,38.1%,61.5%,50.0%,55.6%,42.9%,60.0%,60.0%
20200125-M-Australian_Open-R32-Alexei_Popyrin-Daniil_Medvedev,Alexei Popyrin,2,23,39.1%,26.3%,38.5%,20.0%,28.6%,28.6%,40.0%,0.0%,0.0%,0.0%
20200125-M-Australian_Open-R32-Alexei_Popyrin-Daniil_Medvedev,Daniil Medvedev,1,43,76.7%,65.5%,76.0%,66.7%,66.7%,40.0%,57.1%,50.0%,60.0%,60.0%
20200125-M-Australian_Open-R32-Alexei_Popyrin-Daniil_Medvedev,Daniil Medvedev,2,30,73.3%,69.2%,81.8%,80.0%,94.1%,90.0%,100.0%,100.0%,100.0%,100.0%
20200124-M-Australian_Open-R32-John_Millman-Roger_Federer,John Millman,1,118,67.8%,51.9%,59.4%,46.2%,55.8%,50.0%,54.3%,46.7%,58.3%,50.0%
20200124-M-Australian_Open-R32-John_Millman-Roger_Federer,John Millman,2,67,64.2%,53.8%,59.6%,47.2%,65.4%,59.1%,76.5%,63.6%,77.8%,77.8%
20200124-M-Australian_Open-R32-John_Millman-Roger_Federer,Roger Federer,1,112,75.9%,61.4%,72.9%,48.4%,62.5%,55.0%,68.8%,54.5%,60.0%,50.0%
20200124-M-Australian_Open-R32-John_Millman-Roger_Federer,Roger Federer,2,52,57.7%,50.0%,61.1%,44.0%,55.0%,43.8%,53.8%,25.0%,28.6%,28.6%
20200124-M-Australian_Open-R32-Guido_Pella-Fabio_Fognini,Guido Pella,1,61,62.3%,53.1%,59.1%,41.9%,59.1%,47.1%,57.1%,50.0%,66.7%,50.0%
20200124-M-Australian_Open-R32-Guido_Pella-Fabio_Fognini,Guido Pella,2,25,48.0%,43.5%,50.0%,41.2%,50.0%,41.7%,50.0%,16.7%,20.0%,0.0%
20200124-M-Australian_Open-R32-Guido_Pella-Fabio_Fognini,Fabio Fognini,1,61,77.0%,67.4%,70.7%,53.8%,60.9%,47.1%,50.0%,38.5%,45.5%,33.3%
20200124-M-Australian_Open-R32-Guido_Pella-Fabio_Fognini,Fabio Fognini,2,29,65.5%,65.5%,70.4%,61.9%,86.7%,77.8%,87.5%,75.0%,75.0%,66.7%
20200123-M-Australian_Open-R64-Gael_Monfils-Ivo_Karlovic,Gael Monfils,1,91,85.7%,75.9%,80.4%,61.5%,72.7%,62.5%,83.3%,60.0%,100.0%,100.0%
20200123-M-Australian_Open-R64-Gael_Monfils-Ivo_Karlovic,Gael Monfils,2,28,57.1%,29.4%,45.5%,33.3%,75.0%,50.0%,50.0%,0.0%,-,-
20200123-M-Australian_Open-R64-Gael_Monfils-Ivo_Karlovic,Ivo Karlovic,1,85,83.5%,68.9%,83.8%,57.1%,100.0%,100.0%,100.0%,100.0%,100.0%,100.0%
20200123-M-Australian_Open-R64-Gael_Monfils-Ivo_Karlovic,Ivo Karlovic,2,45,55.6%,42.9%,68.2%,53.3%,72.7%,0.0%,-,-,-,-
20200122-M-Australian_Open-R64-Tennys_Sandgren-Matteo_Berrettini,Tennys Sandgren,1,105,80.0%,59.6%,72.1%,60.0%,69.2%,60.0%,63.2%,46.2%,54.5%,37.5%
20200122-M-Australian_Open-R64-Tennys_Sandgren-Matteo_Berrettini,Tennys Sandgren,2,39,59.0%,36.0%,40.9%,31.6%,40.0%,30.8%,44.4%,37.5%,50.0%,25.0%
20200122-M-Australian_Open-R64-Tennys_Sandgren-Matteo_Berrettini,Matteo Berrettini,1,100,82.0%,66.0%,79.5%,43.8%,70.0%,57.1%,80.0%,66.7%,66.7%,50.0%
20200122-M-Australian_Open-R64-Tennys_Sandgren-Matteo_Berrettini,Matteo Berrettini,2,51,60.8%,50.0%,57.1%,48.3%,60.9%,40.0%,54.5%,44.4%,66.7%,60.0%
20200122-M-Australian_Open-R64-Jannik_Sinner-Marton_Fucsovics,Jannik Sinner,1,55,65.5%,52.5%,58.3%,42.3%,47.8%,36.8%,46.7%,42.9%,46.2%,46.2%
20200122-M-Australian_Open-R64-Jannik_Sinner-Marton_Fucsovics,Jannik Sinner,2,42,40.5%,35.9%,48.3%,37.5%,45.0%,38.9%,50.0%,46.2%,54.5%,50.0%
20200122-M-Australian_Open-R64-Jannik_Sinner-Marton_Fucsovics,Marton Fucsovics,1,55,69.1%,46.9%,60.0%,41.2%,46.7%,33.3%,33.3%,20.0%,22.2%,12.5%
20200122-M-Australian_Open-R64-Jannik_Sinner-Marton_Fucsovics,Marton Fucsovics,2,30,53.3%,48.1%,52.0%,47.8%,52.4%,41.2%,46.7%,20.0%,28.6%,16.7%
20200122-M-Australian_Open-R64-Diego_Schwartzman-Alejandro_Davidovich_Fokina,Diego Schwartzman,1,49,67.3%,51.5%,60.7%,38.9%,41.2%,33.3%,45.5%,25.0%,33.3%,20.0%
20200122-M-Australian_Open-R64-Diego_Schwartzman-Alejandro_Davidovich_Fokina,Diego Schwartzman,2,33,66.7%,54.2%,65.0%,61.1%,68.8%,61.5%,66.7%,55.6%,55.6%,50.0%
20200122-M-Australian_Open-R64-Diego_Schwartzman-Alejandro_Davidovich_Fokina,Alejandro Davidovich Fokina,1,57,52.6%,42.6%,52.6%,40.0%,54.5%,47.4%,69.2%,50.0%,80.0%,50.0%
20200122-M-Australian_Open-R64-Diego_Schwartzman-Alejandro_Davidovich_Fokina,Alejandro Davidovich Fokina,2,24,37.5%,28.6%,37.5%,33.3%,50.0%,44.4%,50.0%,33.3%,40.0%,25.0%
20200121-M-Australian_Open-R128-Vasek_Pospisil-Ivo_Karlovic,Vasek Pospisil,1,54,81.5%,61.5%,66.7%,33.3%,80.0%,50.0%,100.0%,-,-,-
20200121-M-Australian_Open-R128-Vasek_Pospisil-Ivo_Karlovic,Vasek Pospisil,2,33,69.7%,54.5%,75.0%,42.9%,60.0%,33.3%,50.0%,0.0%,-,-
20200121-M-Australian_Open-R128-Vasek_Pospisil-Ivo_Karlovic,Ivo Karlovic,1,64,90.6%,73.9%,81.0%,42.9%,75.0%,50.0%,100.0%,-,-,-
20200121-M-Australian_Open-R128-Vasek_Pospisil-Ivo_Karlovic,Ivo Karlovic,2,27,66.7%,47.1%,72.7%,57.1%,100.0%,100.0%,100.0%,100.0%,100.0%,-
20200121-M-Australian_Open-R128-Taylor_Fritz-Tallon_Griekspoor,Taylor Fritz,1,46,95.7%,88.2%,100.0%,100.0%,100.0%,-,-,-,-,-
20200121-M-Australian_Open-R128-Taylor_Fritz-Tallon_Griekspoor,Taylor Fritz,2,23,56.5%,33.3%,50.0%,37.5%,42.9%,33.3%,50.0%,33.3%,50.0%,50.0%
20200121-M-Australian_Open-R128-Taylor_Fritz-Tallon_Griekspoor,Tallon Griekspoor,1,58,69.0%,55.0%,71.0%,57.1%,66.7%,45.5%,55.6%,20.0%,25.0%,25.0%
20200121-M-Australian_Open-R128-Taylor_Fritz-Tallon_Griekspoor,Tallon Griekspoor,2,28,42.9%,23.8%,35.7%,18.2%,25.0%,0.0%,0.0%,0.0%,0.0%,0.0%
20200121-M-Australian_Open-R128-Pedro_Martinez-Dominik_Koepfer,Pedro Martinez,1,60,73.3%,69.2%,76.6%,63.3%,76.0%,53.8%,58.3%,37.5%,60.0%,0.0%
20200121-M-Australian_Open-R128-Pedro_Martinez-Dominik_Koepfer,Pedro Martinez,2,30,66.7%,64.3%,66.7%,55.0%,64.7%,53.8%,58.3%,44.4%,50.0%,42.9%
20200121-M-Australian_Open-R128-Pedro_Martinez-Dominik_Koepfer,Dominik Koepfer,1,72,69.4%,58.5%,67.4%,50.0%,55.6%,45.5%,71.4%,50.0%,57.1%,40.0%
20200121-M-Australian_Open-R128-Pedro_Martinez-Dominik_Koepfer,Dominik Koepfer,2,25,40.0%,34.8%,42.1%,35.3%,60.0%,50.0%,50.0%,50.0%,66.7%,60.0%
20200121-M-Australian_Open-R128-Marc_Polmans-Mikhail_Kukushkin,Marc Polmans,1,121,68.6%,47.9%,58.3%,40.5%,51.5%,30.4%,43.8%,40.0%,50.0%,45.5%
20200121-M-Australian_Open-R128-Marc_Polmans-Mikhail_Kukushkin,Marc Polmans,2,48,43.8%,30.8%,33.3%,22.6%,31.8%,25.0%,41.7%,36.4%,44.4%,37.5%
20200121-M-Australian_Open-R128-Marc_Polmans-Mikhail_Kukushkin,Mikhail Kukushkin,1,112,61.6%,53.3%,62.0%,47.4%,56.3%,43.2%,57.1%,47.8%,64.7%,60.0%
20200121-M-Australian_Open-R128-Marc_Polmans-Mikhail_Kukushkin,Mikhail Kukushkin,2,59,52.5%,47.2%,56.8%,44.1%,50.0%,42.3%,52.4%,37.5%,42.9%,27.3%
20200121-M-Australian_Open-R128-Ernests_Gulbis-Felix_Auger_Aliassime,Ernests Gulbis,1,75,78.7%,51.5%,68.0%,50.0%,61.5%,54.5%,75.0%,66.7%,66.7%,50.0%
20200121-M-Australian_Open-R128-Ernests_Gulbis-Felix_Auger_Aliassime,Ernests Gulbis,2,55,63.6%,47.4%,56.3%,44.0%,61.1%,50.0%,50.0%,46.2%,54.5%,44.4%
20200121-M-Australian_Open-R128-Ernests_Gulbis-Felix_Auger_Aliassime,Felix Auger Aliassime,1,86,77.9%,60.4%,67.4%,51.7%,62.5%,47.1%,66.7%,50.0%,80.0%,66.7%
20200121-M-Australian_Open-R128-Ernests_Gulbis-Felix_Auger_Aliassime,Felix Auger Aliassime,2,47,53.2%,43.6%,45.9%,31.0%,45.0%,38.9%,50.0%,36.4%,66.7%,50.0%
20200121-M-Australian_Open-R128-Casper_Ruud-Egor_Gerasimov,Casper Ruud,1,121,71.1%,58.8%,63.3%,48.2%,57.4%,39.4%,54.2%,35.3%,50.0%,33.3%
20200121-M-Australian_Open-R128-Casper_Ruud-Egor_Gerasimov,Casper Ruud,2,42,64.3%,59.5%,64.7%,60.0%,66.7%,59.1%,72.2%,64.3%,75.0%,66.7%
20200121-M-Australian_Open-R128-Casper_Ruud-Egor_Gerasimov,Egor Gerasimov,1,113,71.7%,58.4%,71.4%,55.0%,66.7%,35.3%,50.0%,40.0%,50.0%,42.9%
20200121-M-Australian_Open-R128-Casper_Ruud-Egor_Gerasimov,Egor Gerasimov,2,43,58.1%,52.6%,60.6%,55.2%,72.7%,64.7%,78.6%,70.0%,70.0%,62.5%
20200120-M-Australian_Open-R128-Roger_Federer-Steve_Johnson,Roger Federer,1,49,81.6%,64.0%,80.0%,66.7%,66.7%,50.0%,80.0%,50.0%,100.0%,100.0%
20200120-M-Australian_Open-R128-Roger_Federer-Steve_Johnson,Roger Federer,2,16,81.3%,75.0%,75.0%,40.0%,100.0%,100.0%,100.0%,100.0%,100.0%,-
20200120-M-Australian_Open-R128-Roger_Federer-Steve_Johnson,Steve Johnson,1,46,56.5%,39.4%,52.0%,42.9%,52.9%,20.0%,40.0%,25.0%,33.3%,0.0%
20200120-M-Australian_Open-R128-Roger_Federer-Steve_Johnson,Steve Johnson,2,25,52.0%,33.3%,33.3%,20.0%,30.0%,0.0%,0.0%,0.0%,0.0%,0.0%
20200120-M-Australian_Open-R128-Denis_Shapovalov-Marton_Fucsovics,Denis Shapovalov,1,86,75.6%,65.0%,76.5%,55.6%,78.9%,60.0%,85.7%,80.0%,80.0%,75.0%
20200120-M-Australian_Open-R128-Denis_Shapovalov-Marton_Fucsovics,Denis Shapovalov,2,48,45.8%,31.6%,40.0%,33.3%,47.4%,33.3%,35.7%,18.2%,28.6%,28.6%
20200120-M-Australian_Open-R128-Denis_Shapovalov-Marton_Fucsovics,Marton Fucsovics,1,80,81.3%,68.8%,75.0%,64.5%,87.0%,80.0%,80.0%,62.5%,71.4%,0.0%
20200120-M-Australian_Open-R128-Denis_Shapovalov-Marton_Fucsovics,Marton Fucsovics,2,41,61.0%,46.7%,50.0%,39.1%,45.0%,21.4%,33.3%,14.3%,33.3%,33.3%
20200118-M-Australian_Open-Q3-Lorenzo_Musetti-Tallon_Griekspoor,Lorenzo Musetti,1,42,78.6%,64.0%,76.2%,54.5%,66.7%,50.0%,75.0%,66.7%,100.0%,-
20200118-M-Australian_Open-Q3-Lorenzo_Musetti-Tallon_Griekspoor,Lorenzo Musetti,2,29,55.2%,40.9%,45.0%,35.3%,46.2%,41.7%,55.6%,33.3%,50.0%,50.0%
20200118-M-Australian_Open-Q3-Lorenzo_Musetti-Tallon_Griekspoor,Tallon Griekspoor,1,56,80.4%,70.3%,78.8%,68.2%,83.3%,57.1%,80.0%,0.0%,-,-
20200118-M-Australian_Open-Q3-Lorenzo_Musetti-Tallon_Griekspoor,Tallon Griekspoor,2,24,50.0%,47.8%,61.1%,41.7%,50.0%,28.6%,66.7%,50.0%,50.0%,50.0%
20200115-M-Australian_Open-Q1-Elliot_Benchetrit-Steve_Darcis,Elliot Benchetrit,1,39,74.4%,58.3%,66.7%,61.1%,68.8%,61.5%,72.7%,62.5%,71.4%,60.0%
20200115-M-Australian_Open-Q1-Elliot_Benchetrit-Steve_Darcis,Elliot Benchetrit,2,24,54.2%,47.6%,62.5%,45.5%,71.4%,66.7%,80.0%,66.7%,66.7%,50.0%
20200115-M-Australian_Open-Q1-Elliot_Benchetrit-Steve_Darcis,Steve Darcis,1,44,65.9%,53.1%,56.7%,48.0%,54.5%,44.4%,53.3%,41.7%,45.5%,33.3%
20200115-M-Australian_Open-Q1-Elliot_Benchetrit-Steve_Darcis,Steve Darcis,2,28,46.4%,44.4%,57.1%,52.6%,58.8%,41.7%,50.0%,44.4%,50.0%,42.9%
20190906-M-US_Open-SF-Grigor_Dimitrov-Daniil_Medvedev,Grigor Dimitrov,1,59,62.7%,50.0%,56.4%,39.3%,47.8%,33.3%,37.5%,33.3%,41.7%,36.4%
20190906-M-US_Open-SF-Grigor_Dimitrov-Daniil_Medvedev,Grigor Dimitrov,2,36,50.0%,45.5%,50.0%,42.3%,44.0%,39.1%,42.9%,36.8%,41.2%,33.3%
20190906-M-US_Open-SF-Grigor_Dimitrov-Daniil_Medvedev,Daniil Medvedev,1,55,74.5%,51.7%,57.7%,45.0%,52.9%,46.7%,63.6%,50.0%,66.7%,66.7%
20190906-M-US_Open-SF-Grigor_Dimitrov-Daniil_Medvedev,Daniil Medvedev,2,54,55.6%,46.7%,52.5%,44.1%,46.9%,41.4%,48.0%,40.9%,56.3%,50.0%
20190904-M-US_Open-QF-Rafael_Nadal-Diego_Schwartzman,Rafael Nadal,1,57,71.9%,61.0%,65.8%,43.5%,50.0%,33.3%,35.7%,18.2%,28.6%,16.7%
20190904-M-US_Open-QF-Rafael_Nadal-Diego_Schwartzman,Rafael Nadal,2,33,48.5%,41.4%,57.1%,50.0%,52.9%,46.7%,58.3%,50.0%,55.6%,42.9%
20190904-M-US_Open-QF-Rafael_Nadal-Diego_Schwartzman,Diego Schwartzman,1,57,57.9%,46.7%,58.3%,50.0%,53.6%,38.1%,44.4%,41.2%,46.7%,33.3%
20190904-M-US_Open-QF-Rafael_Nadal-Diego_Schwartzman,Diego Schwartzman,2,33,48.5%,43.3%,52.0%,47.8%,50.0%,35.3%,46.2%,30.0%,37.5%,28.6%
20190903-M-US_Open-QF-Stan_Wawrinka-Daniil_Medvedev,Stan Wawrinka,1,72,79.2%,62.5%,69.4%,59.3%,80.0%,63.6%,77.8%,66.7%,80.0%,50.0%
20190903-M-US_Open-QF-Stan_Wawrinka-Daniil_Medvedev,Stan Wawrinka,2,35,40.0%,27.6%,34.8%,21.1%,26.7%,21.4%,30.0%,30.0%,37.5%,37.5%
20190903-M-US_Open-QF-Stan_Wawrinka-Daniil_Medvedev,Daniil Medvedev,1,77,71.4%,46.3%,57.6%,48.1%,54.2%,42.1%,53.3%,36.4%,66.7%,60.0%
20190903-M-US_Open-QF-Stan_Wawrinka-Daniil_Medvedev,Daniil Medvedev,2,41,75.6%,65.5%,70.4%,60.0%,63.2%,50.0%,53.8%,45.5%,50.0%,50.0%
20190902-M-US_Open-R16-Novak_Djokovic-Stan_Wawrinka,Novak Djokovic,1,40,70.0%,52.0%,65.0%,53.3%,57.1%,33.3%,60.0%,50.0%,66.7%,50.0%
20190902-M-US_Open-R16-Novak_Djokovic-Stan_Wawrinka,Novak Djokovic,2,24,50.0%,36.8%,46.7%,42.9%,54.5%,37.5%,60.0%,60.0%,60.0%,33.3%
20190902-M-US_Open-R16-Novak_Djokovic-Stan_Wawrinka,Stan Wawrinka,1,33,87.9%,63.6%,63.6%,55.6%,55.6%,42.9%,50.0%,40.0%,40.0%,0.0%
20190902-M-US_Open-R16-Novak_Djokovic-Stan_Wawrinka,Stan Wawrinka,2,25,60.0%,50.0%,62.5%,50.0%,50.0%,45.5%,50.0%,50.0%,71.4%,60.0%
20190901-M-US_Open-R16-Roger_Federer-David_Goffin,Roger Federer,1,41,85.4%,71.4%,78.9%,60.0%,85.7%,80.0%,100.0%,100.0%,100.0%,100.0%
20190901-M-US_Open-R16-Roger_Federer-David_Goffin,Roger Federer,2,18,44.4%,44.4%,53.3%,30.0%,50.0%,25.0%,50.0%,50.0%,100.0%,100.0%
20190901-M-US_Open-R16-Roger_Federer-David_Goffin,David Goffin,1,30,40.0%,25.0%,42.9%,20.0%,25.0%,14.3%,20.0%,0.0%,0.0%,0.0%
20190901-M-US_Open-R16-Roger_Federer-David_Goffin,David Goffin,2,26,30.8%,25.0%,30.0%,22.2%,26.7%,15.4%,25.0%,25.0%,40.0%,25.0%
20190901-M-US_Open-R16-Grigor_Dimitrov-Alex_De_Minaur,Grigor Dimitrov,1,56,78.6%,66.7%,70.6%,60.0%,68.2%,63.2%,66.7%,57.1%,66.7%,42.9%
20190901-M-US_Open-R16-Grigor_Dimitrov-Alex_De_Minaur,Grigor Dimitrov,2,36,66.7%,64.7%,75.9%,72.0%,81.8%,71.4%,83.3%,80.0%,88.9%,80.0%
20190901-M-US_Open-R16-Grigor_Dimitrov-Alex_De_Minaur,Alex De Minaur,1,61,68.9%,62.0%,70.5%,55.2%,72.7%,66.7%,66.7%,62.5%,83.3%,66.7%
20190901-M-US_Open-R16-Grigor_Dimitrov-Alex_De_Minaur,Alex De Minaur,2,30,63.3%,54.2%,65.0%,63.2%,70.6%,58.3%,63.6%,60.0%,100.0%,100.0%
20190831-M-US_Open-R32-Denis_Shapovalov-Gael_Monfils,Denis Shapovalov,1,114,70.2%,55.3%,71.2%,51.4%,66.7%,55.0%,64.7%,40.0%,57.1%,50.0%
20190831-M-US_Open-R32-Denis_Shapovalov-Gael_Monfils,Denis Shapovalov,2,55,60.0%,51.1%,69.7%,61.5%,80.0%,69.2%,75.0%,50.0%,75.0%,75.0%
20190831-M-US_Open-R32-Denis_Shapovalov-Gael_Monfils,Gael Monfils,1,124,74.2%,57.3%,62.3%,48.0%,63.2%,41.7%,52.6%,43.8%,58.3%,37.5%
20190831-M-US_Open-R32-Denis_Shapovalov-Gael_Monfils,Gael Monfils,2,48,54.2%,45.0%,51.4%,41.4%,54.5%,47.4%,69.2%,55.6%,83.3%,66.7%
20190830-M-US_Open-R32-Roger_Federer-Daniel_Evans,Roger Federer,1,36,77.8%,63.6%,70.0%,33.3%,60.0%,33.3%,100.0%,-,-,-
20190830-M-US_Open-R32-Roger_Federer-Daniel_Evans,Roger Federer,2,17,76.5%,69.2%,69.2%,50.0%,66.7%,66.7%,80.0%,66.7%,66.7%,50.0%
20190830-M-US_Open-R32-Roger_Federer-Daniel_Evans,Daniel Evans,1,32,37.5%,25.9%,38.9%,8.3%,14.3%,14.3%,25.0%,25.0%,50.0%,0.0%
20190830-M-US_Open-R32-Roger_Federer-Daniel_Evans,Daniel Evans,2,27,40.7%,40.7%,50.0%,38.9%,41.2%,37.5%,60.0%,50.0%,66.7%,50.0%
20190830-M-US_Open-R32-Feliciano_Lopez-Daniil_Medvedev,Feliciano Lopez,1,83,74.7%,59.6%,77.5%,57.1%,66.7%,45.5%,71.4%,50.0%,50.0%,33.3%
20190830-M-US_Open-R32-Feliciano_Lopez-Daniil_Medvedev,Feliciano Lopez,2,75,56.0%,50.7%,54.8%,42.9%,55.3%,50.0%,58.6%,45.5%,62.5%,50.0%
20190830-M-US_Open-R32-Feliciano_Lopez-Daniil_Medvedev,Daniil Medvedev,1,80,83.8%,61.8%,72.4%,52.9%,60.0%,40.0%,50.0%,42.9%,50.0%,40.0%
20190830-M-US_Open-R32-Feliciano_Lopez-Daniil_Medvedev,Daniil Medvedev,2,41,75.6%,69.7%,76.7%,68.2%,88.2%,85.7%,92.3%,90.0%,100.0%,100.0%
20190829-M-US_Open-R64-Thomas_Fabbiano-Alexander_Bublik,Thomas Fabbiano,1,106,66.0%,57.1%,70.6%,62.3%,75.0%,62.1%,75.0%,62.5%,76.9%,70.0%
20190829-M-US_Open-R64-Thomas_Fabbiano-Alexander_Bublik,Thomas Fabbiano,2,47,74.5%,67.6%,75.8%,65.2%,83.3%,78.6%,91.7%,87.5%,100.0%,-
20190829-M-US_Open-R64-Thomas_Fabbiano-Alexander_Bublik,Alexander Bublik,1,98,81.6%,47.1%,59.3%,35.3%,46.2%,30.0%,42.9%,20.0%,33.3%,0.0%
20190829-M-US_Open-R64-Thomas_Fabbiano-Alexander_Bublik,Alexander Bublik,2,72,58.3%,38.8%,48.7%,31.0%,50.0%,30.8%,57.1%,40.0%,100.0%,-
20190829-M-US_Open-R64-Paolo_Lorenzi-Miomir_Kecmanovic,Paolo Lorenzi,1,106,78.3%,60.3%,71.4%,54.8%,60.7%,38.9%,46.7%,42.9%,54.5%,44.4%
20190829-M-US_Open-R64-Paolo_Lorenzi-Miomir_Kecmanovic,Paolo Lorenzi,2,82,54.9%,47.1%,51.6%,44.6%,53.2%,48.8%,53.8%,48.6%,58.6%,42.9%
20190829-M-US_Open-R64-Paolo_Lorenzi-Miomir_Kecmanovic,Miomir Kecmanovic,1,115,72.2%,64.0%,73.1%,58.0%,70.7%,63.6%,72.4%,66.7%,72.7%,66.7%
20190829-M-US_Open-R64-Paolo_Lorenzi-Miomir_Kecmanovic,Miomir Kecmanovic,2,73,60.3%,55.4%,62.1%,51.1%,67.6%,59.3%,66.7%,55.6%,71.4%,63.6%
20190829-M-US_Open-R64-Hugo_Dellien-Daniil_Medvedev,Hugo Dellien,1,108,56.5%,46.6%,53.9%,41.7%,54.3%,38.2%,46.4%,40.0%,52.6%,35.7%
20190829-M-US_Open-R64-Hugo_Dellien-Daniil_Medvedev,Hugo Dellien,2,34,44.1%,36.7%,40.7%,36.0%,52.9%,50.0%,72.7%,66.7%,75.0%,66.7%
20190829-M-US_Open-R64-Hugo_Dellien-Daniil_Medvedev,Daniil Medvedev,1,61,77.0%,58.8%,64.5%,42.1%,57.1%,25.0%,33.3%,33.3%,50.0%,33.3%
20190829-M-US_Open-R64-Hugo_Dellien-Daniil_Medvedev,Daniil Medvedev,2,48,54.2%,42.1%,47.1%,33.3%,45.0%,42.1%,50.0%,38.5%,55.6%,42.9%
20190829-M-US_Open-R64-Feliciano_Lopez-Yoshihito_Nishioka,Feliciano Lopez,1,50,86.0%,50.0%,70.0%,50.0%,75.0%,66.7%,66.7%,0.0%,0.0%,0.0%
20190829-M-US_Open-R64-Feliciano_Lopez-Yoshihito_Nishioka,Feliciano Lopez,2,48,75.0%,68.4%,74.3%,64.0%,76.2%,61.5%,80.0%,50.0%,100.0%,-
20190829-M-US_Open-R64-Feliciano_Lopez-Yoshihito_Nishioka,Yoshihito Nishioka,1,107,57.0%,42.5%,48.6%,45.5%,56.6%,46.5%,51.3%,38.7%,48.0%,43.5%
20190829-M-US_Open-R64-Feliciano_Lopez-Yoshihito_Nishioka,Yoshihito Nishioka,2,53,56.6%,50.0%,56.1%,51.4%,61.3%,55.6%,65.2%,52.9%,69.2%,60.0%
20190828-M-US_Open-R64-Reilly_Opelka-Dominik_Koepfer,Reilly Opelka,1,68,75.0%,46.9%,65.2%,46.7%,58.3%,28.6%,40.0%,25.0%,100.0%,-
20190828-M-US_Open-R64-Reilly_Opelka-Dominik_Koepfer,Reilly Opelka,2,39,35.9%,24.2%,36.4%,26.3%,38.5%,38.5%,45.5%,25.0%,28.6%,16.7%
20190828-M-US_Open-R64-Reilly_Opelka-Dominik_Koepfer,Dominik Koepfer,1,69,75.4%,63.0%,70.7%,57.1%,64.0%,47.1%,66.7%,55.6%,62.5%,25.0%
20190828-M-US_Open-R64-Reilly_Opelka-Dominik_Koepfer,Dominik Koepfer,2,41,63.4%,55.9%,61.3%,50.0%,66.7%,62.5%,71.4%,55.6%,71.4%,66.7%
20190828-M-US_Open-R64-Alex_De_Minaur-Cristian_Garin,Alex De Minaur,1,56,78.6%,64.7%,73.3%,60.0%,63.2%,36.4%,40.0%,33.3%,42.9%,33.3%
20190828-M-US_Open-R64-Alex_De_Minaur-Cristian_Garin,Alex De Minaur,2,38,60.5%,50.0%,55.6%,45.5%,55.6%,46.7%,70.0%,50.0%,50.0%,50.0%
20190828-M-US_Open-R64-Alex_De_Minaur-Cristian_Garin,Cristian Garin,1,56,66.1%,47.2%,58.6%,45.5%,50.0%,33.3%,55.6%,42.9%,75.0%,66.7%
20190828-M-US_Open-R64-Alex_De_Minaur-Cristian_Garin,Cristian Garin,2,43,53.5%,45.9%,60.7%,45.0%,50.0%,47.1%,57.1%,40.0%,66.7%,50.0%
20190827-M-US_Open-R128-Stefanos_Tsitsipas-Andrey_Rublev,Stefanos Tsitsipas,1,101,68.3%,50.0%,65.3%,54.1%,64.5%,47.6%,66.7%,50.0%,71.4%,33.3%
20190827-M-US_Open-R128-Stefanos_Tsitsipas-Andrey_Rublev,Stefanos Tsitsipas,2,78,55.1%,49.3%,57.6%,39.0%,48.5%,34.6%,45.0%,31.3%,38.5%,27.3%
20190827-M-US_Open-R128-Stefanos_Tsitsipas-Andrey_Rublev,Andrey Rublev,1,90,74.4%,50.0%,53.5%,47.4%,64.3%,44.4%,53.3%,53.3%,57.1%,50.0%
20190827-M-US_Open-R128-Stefanos_Tsitsipas-Andrey_Rublev,Andrey Rublev,2,61,57.4%,45.8%,57.9%,42.9%,52.2%,42.1%,61.5%,37.5%,42.9%,33.3%
20190827-M-US_Open-R128-Stan_Wawrinka-Jannik_Sinner,Stan Wawrinka,1,90,71.1%,43.5%,48.8%,30.0%,40.9%,18.8%,27.3%,0.0%,0.0%,0.0%
20190827-M-US_Open-R128-Stan_Wawrinka-Jannik_Sinner,Stan Wawrinka,2,52,59.6%,47.5%,59.4%,50.0%,68.4%,40.0%,44.4%,28.6%,50.0%,33.3%
20190827-M-US_Open-R128-Stan_Wawrinka-Jannik_Sinner,Jannik Sinner,1,73,61.6%,50.9%,63.0%,48.5%,59.3%,35.3%,54.5%,54.5%,66.7%,50.0%
20190827-M-US_Open-R128-Stan_Wawrinka-Jannik_Sinner,Jannik Sinner,2,44,68.2%,60.0%,72.4%,63.6%,77.8%,63.6%,77.8%,66.7%,66.7%,0.0%
20190827-M-US_Open-R128-Robin_Haase-Diego_Schwartzman,Robin Haase,1,50,66.0%,52.8%,55.9%,34.8%,40.0%,33.3%,37.5%,16.7%,28.6%,16.7%
20190827-M-US_Open-R128-Robin_Haase-Diego_Schwartzman,Robin Haase,2,38,47.4%,35.5%,44.0%,36.4%,53.3%,30.0%,37.5%,16.7%,16.7%,16.7%
20190827-M-US_Open-R128-Robin_Haase-Diego_Schwartzman,Diego Schwartzman,1,50,76.0%,71.4%,81.1%,69.6%,80.0%,69.2%,69.2%,60.0%,75.0%,71.4%
20190827-M-US_Open-R128-Robin_Haase-Diego_Schwartzman,Diego Schwartzman,2,35,62.9%,55.2%,69.6%,63.2%,63.2%,56.3%,75.0%,70.0%,77.8%,66.7%
20190827-M-US_Open-R128-Dominic_Thiem-Thomas_Fabbiano,Dominic Thiem,1,56,75.0%,46.2%,63.2%,22.2%,33.3%,0.0%,0.0%,0.0%,0.0%,0.0%
20190827-M-US_Open-R128-Dominic_Thiem-Thomas_Fabbiano,Dominic Thiem,2,40,52.5%,44.1%,53.6%,38.1%,57.1%,40.0%,66.7%,66.7%,80.0%,66.7%
20190827-M-US_Open-R128-Dominic_Thiem-Thomas_Fabbiano,Thomas Fabbiano,1,77,75.3%,62.0%,67.4%,51.6%,61.5%,56.5%,65.0%,50.0%,58.3%,54.5%
20190827-M-US_Open-R128-Dominic_Thiem-Thomas_Fabbiano,Thomas Fabbiano,2,30,66.7%,50.0%,66.7%,50.0%,62.5%,25.0%,25.0%,25.0%,33.3%,33.3%
20190826-M-US_Open-R128-Nikoloz_Basilashvili-Marton_Fucsovics,Nikoloz Basilashvili,1,77,61.0%,53.1%,63.0%,51.2%,56.8%,42.9%,57.1%,40.0%,50.0%,33.3%
20190826-M-US_Open-R128-Nikoloz_Basilashvili-Marton_Fucsovics,Nikoloz Basilashvili,2,60,55.0%,50.9%,58.3%,51.2%,65.6%,54.2%,65.0%,53.3%,61.5%,50.0%
20190826-M-US_Open-R128-Nikoloz_Basilashvili-Marton_Fucsovics,Marton Fucsovics,1,64,59.4%,45.8%,51.2%,38.2%,43.3%,22.7%,29.4%,25.0%,30.8%,0.0%
20190826-M-US_Open-R128-Nikoloz_Basilashvili-Marton_Fucsovics,Marton Fucsovics,2,64,50.0%,47.5%,54.7%,45.5%,62.5%,52.0%,65.0%,56.3%,75.0%,75.0%
20190826-M-US_Open-R128-Janko_Tipsarevic-Denis_Kudla,Janko Tipsarevic,1,81,63.0%,46.4%,54.2%,38.9%,45.2%,19.0%,25.0%,7.7%,12.5%,12.5%
20190826-M-US_Open-R128-Janko_Tipsarevic-Denis_Kudla,Janko Tipsarevic,2,46,47.8%,44.2%,50.0%,44.1%,60.0%,47.4%,60.0%,53.8%,70.0%,57.1%
20190826-M-US_Open-R128-Janko_Tipsarevic-Denis_Kudla,Denis Kudla,1,63,81.0%,69.2%,69.2%,45.5%,66.7%,54.5%,60.0%,42.9%,60.0%,50.0%
20190826-M-US_Open-R128-Janko_Tipsarevic-Denis_Kudla,Denis Kudla,2,37,59.5%,51.6%,66.7%,61.9%,72.2%,64.3%,75.0%,70.0%,77.8%,66.7%
20190125-M-Australian_Open-SF-Novak_Djokovic-Lucas_Pouille,Novak Djokovic,1,38,84.2%,75.0%,75.0%,60.0%,69.2%,55.6%,83.3%,80.0%,100.0%,100.0%
20190125-M-Australian_Open-SF-Novak_Djokovic-Lucas_Pouille,Novak Djokovic,2,15,86.7%,77.8%,77.8%,75.0%,75.0%,50.0%,66.7%,66.7%,66.7%,50.0%
20190125-M-Australian_Open-SF-Novak_Djokovic-Lucas_Pouille,Lucas Pouille,1,40,67.5%,48.0%,57.1%,40.0%,50.0%,0.0%,0.0%,0.0%,0.0%,0.0%
20190125-M-Australian_Open-SF-Novak_Djokovic-Lucas_Pouille,Lucas Pouille,2,31,29.0%,24.1%,35.0%,23.5%,30.8%,30.8%,40.0%,25.0%,50.0%,50.0%
20190124-M-Australian_Open-SF-Stefanos_Tsitsipas-Rafael_Nadal,Stefanos Tsitsipas,1,45,64.4%,48.4%,55.6%,33.3%,46.2%,30.0%,37.5%,0.0%,0.0%,0.0%
20190124-M-Australian_Open-SF-Stefanos_Tsitsipas-Rafael_Nadal,Stefanos Tsitsipas,2,18,33.3%,29.4%,38.5%,27.3%,27.3%,20.0%,33.3%,20.0%,50.0%,0.0%
20190124-M-Australian_Open-SF-Stefanos_Tsitsipas-Rafael_Nadal,Rafael Nadal,1,40,85.0%,73.9%,77.3%,66.7%,83.3%,66.7%,100.0%,100.0%,100.0%,100.0%
20190124-M-Australian_Open-SF-Stefanos_Tsitsipas-Rafael_Nadal,Rafael Nadal,2,21,71.4%,66.7%,80.0%,70.0%,77.8%,71.4%,83.3%,75.0%,75.0%,50.0%
20190123-M-Australian_Open-QF-Novak_Djokovic-Kei_Nishikori,Novak Djokovic,1,20,85.0%,76.9%,76.9%,62.5%,100.0%,100.0%,100.0%,100.0%,100.0%,-
20190123-M-Australian_Open-QF-Novak_Djokovic-Kei_Nishikori,Novak Djokovic,2,8,100.0%,100.0%,100.0%,100.0%,100.0%,100.0%,100.0%,100.0%,100.0%,100.0%
20190123-M-Australian_Open-QF-Novak_Djokovic-Kei_Nishikori,Kei Nishikori,1,33,48.5%,37.0%,50.0%,37.5%,46.2%,36.4%,40.0%,14.3%,20.0%,20.0%
20190123-M-Australian_Open-QF-Novak_Djokovic-Kei_Nishikori,Kei Nishikori,2,11,45.5%,25.0%,40.0%,25.0%,50.0%,0.0%,0.0%,0.0%,0.0%,0.0%
20190121-M-Australian_Open-R16-Novak_Djokovic-Daniil_Medvedev,Novak Djokovic,1,84,72.6%,62.9%,73.6%,58.8%,66.7%,54.5%,63.2%,58.8%,66.7%,58.3%
20190121-M-Australian_Open-R16-Novak_Djokovic-Daniil_Medvedev,Novak Djokovic,2,37,56.8%,50.0%,55.2%,51.9%,53.8%,45.5%,50.0%,37.5%,46.2%,36.4%
20190121-M-Australian_Open-R16-Novak_Djokovic-Daniil_Medvedev,Daniil Medvedev,1,93,69.9%,50.0%,56.0%,47.6%,52.6%,41.9%,52.0%,45.5%,52.6%,50.0%
20190121-M-Australian_Open-R16-Novak_Djokovic-Daniil_Medvedev,Daniil Medvedev,2,43,39.5%,35.0%,46.7%,38.5%,50.0%,47.4%,50.0%,43.8%,50.0%,46.2%
20190121-M-Australian_Open-R16-Milos_Raonic-Alexander_Zverev,Milos Raonic,1,54,79.6%,52.2%,75.0%,20.0%,100.0%,-,-,-,-,-
20190121-M-Australian_Open-R16-Milos_Raonic-Alexander_Zverev,Milos Raonic,2,23,56.5%,50.0%,62.5%,53.8%,77.8%,66.7%,100.0%,100.0%,100.0%,-
20190121-M-Australian_Open-R16-Milos_Raonic-Alexander_Zverev,Alexander Zverev,1,56,67.9%,43.8%,48.3%,31.8%,43.8%,10.0%,20.0%,20.0%,33.3%,33.3%
20190121-M-Australian_Open-R16-Milos_Raonic-Alexander_Zverev,Alexander Zverev,2,24,50.0%,40.0%,44.4%,37.5%,50.0%,45.5%,50.0%,16.7%,20.0%,20.0%
20190120-M-Australian_Open-R16-Stefanos_Tsitsipas-Roger_Federer,Stefanos Tsitsipas,1,112,77.7%,61.5%,69.0%,50.0%,66.7%,40.0%,50.0%,40.0%,66.7%,0.0%
20190120-M-Australian_Open-R16-Stefanos_Tsitsipas-Roger_Federer,Stefanos Tsitsipas,2,75,65.3%,55.9%,64.7%,55.0%,64.7%,55.6%,65.2%,42.9%,50.0%,14.3%
20190120-M-Australian_Open-R16-Stefanos_Tsitsipas-Roger_Federer,Roger Federer,1,105,79.0%,60.7%,70.8%,48.1%,59.1%,30.8%,50.0%,33.3%,50.0%,50.0%
20190120-M-Australian_Open-R16-Stefanos_Tsitsipas-Roger_Federer,Roger Federer,2,51,60.8%,53.5%,63.9%,55.2%,64.0%,35.7%,38.5%,27.3%,42.9%,20.0%
20190119-M-Australian_Open-R32-Fabio_Fognini-Pablo_Carreno_Busta,Fabio Fognini,1,74,70.3%,58.5%,66.0%,55.6%,66.7%,54.5%,66.7%,57.1%,72.7%,70.0%
20190119-M-Australian_Open-R32-Fabio_Fognini-Pablo_Carreno_Busta,Fabio Fognini,2,35,25.7%,18.8%,30.0%,26.3%,38.5%,11.1%,16.7%,16.7%,25.0%,25.0%
20190119-M-Australian_Open-R32-Fabio_Fognini-Pablo_Carreno_Busta,Pablo Carreno Busta,1,75,64.0%,48.1%,52.1%,17.9%,21.7%,10.0%,16.7%,0.0%,0.0%,0.0%
20190119-M-Australian_Open-R32-Fabio_Fognini-Pablo_Carreno_Busta,Pablo Carreno Busta,2,29,55.2%,50.0%,61.9%,55.6%,55.6%,46.7%,63.6%,42.9%,60.0%,0.0%
20190119-M-Australian_Open-R32-Alexei_Popyrin-Lucas_Pouille,Alexei Popyrin,1,111,75.7%,56.5%,70.0%,55.9%,73.1%,58.8%,83.3%,50.0%,50.0%,33.3%
20190119-M-Australian_Open-R32-Alexei_Popyrin-Lucas_Pouille,Alexei Popyrin,2,59,59.3%,45.5%,52.6%,41.9%,50.0%,35.0%,50.0%,30.0%,75.0%,66.7%
20190119-M-Australian_Open-R32-Alexei_Popyrin-Lucas_Pouille,Lucas Pouille,1,103,74.8%,58.1%,72.0%,54.8%,60.7%,35.3%,75.0%,50.0%,66.7%,0.0%
20190119-M-Australian_Open-R32-Alexei_Popyrin-Lucas_Pouille,Lucas Pouille,2,60,75.0%,62.5%,75.8%,65.2%,68.2%,56.3%,81.8%,66.7%,80.0%,0.0%
20190118-M-Australian_Open-R32-Stefanos_Tsitsipas-Nikoloz_Basilashvili,Stefanos Tsitsipas,1,83,78.3%,50.0%,54.5%,34.8%,47.1%,30.8%,40.0%,40.0%,40.0%,25.0%
20190118-M-Australian_Open-R32-Stefanos_Tsitsipas-Nikoloz_Basilashvili,Stefanos Tsitsipas,2,47,55.3%,46.2%,54.5%,40.0%,52.6%,35.7%,45.5%,33.3%,60.0%,60.0%
20190118-M-Australian_Open-R32-Stefanos_Tsitsipas-Nikoloz_Basilashvili,Nikoloz Basilashvili,1,77,70.1%,50.0%,65.7%,52.0%,72.2%,58.3%,77.8%,50.0%,100.0%,100.0%
20190118-M-Australian_Open-R32-Stefanos_Tsitsipas-Nikoloz_Basilashvili,Nikoloz Basilashvili,2,47,66.0%,55.6%,76.9%,68.4%,72.2%,64.3%,75.0%,66.7%,85.7%,75.0%
20190118-M-Australian_Open-R32-Fernando_Verdasco-Marin_Cilic,Fernando Verdasco,1,113,68.1%,42.9%,52.9%,35.1%,50.0%,35.0%,50.0%,30.0%,37.5%,28.6%
20190118-M-Australian_Open-R32-Fernando_Verdasco-Marin_Cilic,Fernando Verdasco,2,46,60.9%,47.1%,61.5%,41.2%,58.3%,37.5%,42.9%,33.3%,40.0%,0.0%
20190118-M-Australian_Open-R32-Fernando_Verdasco-Marin_Cilic,Marin Cilic,1,89,82.0%,70.9%,76.5%,57.1%,80.0%,71.4%,76.9%,72.7%,80.0%,80.0%
20190118-M-Australian_Open-R32-Fernando_Verdasco-Marin_Cilic,Marin Cilic,2,59,55.9%,51.9%,68.3%,56.7%,63.0%,52.4%,57.9%,42.9%,54.5%,44.4%
20190117-M-Australian_Open-R64-Marius_Copil-David_Goffin,Marius Copil,1,74,71.6%,47.5%,59.4%,38.1%,66.7%,33.3%,50.0%,33.3%,100.0%,-
20190117-M-Australian_Open-R64-Marius_Copil-David_Goffin,Marius Copil,2,46,54.3%,36.4%,42.9%,33.3%,42.1%,26.7%,40.0%,25.0%,33.3%,0.0%
20190117-M-Australian_Open-R64-Marius_Copil-David_Goffin,David Goffin,1,82,80.5%,62.8%,73.0%,50.0%,66.7%,28.6%,40.0%,25.0%,50.0%,0.0%
20190117-M-Australian_Open-R64-Marius_Copil-David_Goffin,David Goffin,2,28,53.6%,40.9%,52.9%,38.5%,71.4%,50.0%,66.7%,66.7%,100.0%,-
20190117-M-Australian_Open-R64-Denis_Shapovalov-Taro_Daniel,Denis Shapovalov,1,68,82.4%,62.5%,76.9%,50.0%,66.7%,50.0%,60.0%,50.0%,66.7%,0.0%
20190117-M-Australian_Open-R64-Denis_Shapovalov-Taro_Daniel,Denis Shapovalov,2,27,63.0%,50.0%,71.4%,50.0%,80.0%,66.7%,66.7%,50.0%,100.0%,-
20190117-M-Australian_Open-R64-Denis_Shapovalov-Taro_Daniel,Taro Daniel,1,49,83.7%,70.4%,79.2%,64.3%,75.0%,57.1%,100.0%,100.0%,100.0%,100.0%
20190117-M-Australian_Open-R64-Denis_Shapovalov-Taro_Daniel,Taro Daniel,2,24,45.8%,23.5%,30.8%,0.0%,0.0%,0.0%,0.0%,0.0%,0.0%,0.0%
20190115-M-Australian_Open-R128-Ugo_Humbert-Jeremy_Chardy,Ugo Humbert,1,117,80.3%,67.1%,77.0%,62.2%,74.2%,60.0%,75.0%,20.0%,50.0%,50.0%
20190115-M-Australian_Open-R128-Ugo_Humbert-Jeremy_Chardy,Ugo Humbert,2,63,57.1%,50.0%,73.0%,65.5%,70.4%,61.9%,81.3%,57.1%,66.7%,50.0%
20190115-M-Australian_Open-R128-Ugo_Humbert-Jeremy_Chardy,Jeremy Chardy,1,126,77.8%,57.6%,74.5%,59.4%,76.0%,60.0%,64.3%,44.4%,57.1%,50.0%
20190115-M-Australian_Open-R128-Ugo_Humbert-Jeremy_Chardy,Jeremy Chardy,2,53,56.6%,42.5%,48.6%,40.0%,48.0%,27.8%,41.7%,41.7%,55.6%,33.3%
20190115-M-Australian_Open-R128-Pierre_Hugues_Herbert-Sam_Querrey,Pierre Hugues Herbert,1,72,77.8%,42.9%,60.0%,33.3%,66.7%,50.0%,66.7%,50.0%,100.0%,100.0%
20190115-M-Australian_Open-R128-Pierre_Hugues_Herbert-Sam_Querrey,Pierre Hugues Herbert,2,41,68.3%,51.9%,73.7%,70.6%,75.0%,63.6%,77.8%,66.7%,80.0%,75.0%
20190115-M-Australian_Open-R128-Pierre_Hugues_Herbert-Sam_Querrey,Sam Querrey,1,85,75.3%,40.0%,56.0%,26.7%,44.4%,28.6%,50.0%,33.3%,33.3%,0.0%
20190115-M-Australian_Open-R128-Pierre_Hugues_Herbert-Sam_Querrey,Sam Querrey,2,45,44.4%,32.4%,46.2%,17.6%,30.0%,0.0%,0.0%,0.0%,0.0%,0.0%
20190115-M-Australian_Open-R128-Milos_Raonic-Nick_Kyrgios,Milos Raonic,1,59,88.1%,65.0%,81.3%,57.1%,100.0%,100.0%,100.0%,-,-,-
20190115-M-Australian_Open-R128-Milos_Raonic-Nick_Kyrgios,Milos Raonic,2,20,85.0%,78.6%,84.6%,80.0%,88.9%,75.0%,75.0%,66.7%,100.0%,100.0%
20190115-M-Australian_Open-R128-Milos_Raonic-Nick_Kyrgios,Nick Kyrgios,1,68,75.0%,50.0%,63.0%,37.5%,54.5%,28.6%,50.0%,50.0%,66.7%,66.7%
20190115-M-Australian_Open-R128-Milos_Raonic-Nick_Kyrgios,Nick Kyrgios,2,21,76.2%,54.5%,66.7%,0.0%,0.0%,0.0%,-,-,-,-
20190115-M-Australian_Open-R128-Dominic_Thiem-Benoit_Paire,Dominic Thiem,1,103,66.0%,54.5%,61.8%,48.0%,60.0%,46.7%,56.0%,45.0%,64.3%,54.5%
20190115-M-Australian_Open-R128-Dominic_Thiem-Benoit_Paire,Dominic Thiem,2,63,60.3%,51.0%,70.3%,57.7%,75.0%,64.3%,81.8%,71.4%,100.0%,100.0%
20190115-M-Australian_Open-R128-Dominic_Thiem-Benoit_Paire,Benoit Paire,1,77,75.3%,52.5%,70.0%,50.0%,69.2%,50.0%,80.0%,0.0%,0.0%,0.0%
20190115-M-Australian_Open-R128-Dominic_Thiem-Benoit_Paire,Benoit Paire,2,70,48.6%,37.9%,55.0%,41.9%,48.1%,39.1%,52.9%,46.7%,53.8%,53.8%
20190115-M-Australian_Open-R128-Andy_Murray-Roberto_Bautista_Agut,Andy Murray,1,94,79.8%,60.4%,65.9%,40.0%,47.6%,21.4%,33.3%,33.3%,42.9%,33.3%
20190115-M-Australian_Open-R128-Andy_Murray-Roberto_Bautista_Agut,Andy Murray,2,60,50.0%,41.2%,50.0%,38.2%,44.8%,33.3%,40.0%,36.8%,41.2%,37.5%
20190115-M-Australian_Open-R128-Andy_Murray-Roberto_Bautista_Agut,Roberto Bautista Agut,1,108,83.3%,76.6%,83.1%,76.0%,82.6%,75.0%,77.4%,66.7%,77.8%,71.4%
20190115-M-Australian_Open-R128-Andy_Murray-Roberto_Bautista_Agut,Roberto Bautista Agut,2,39,59.0%,54.3%,65.5%,50.0%,55.6%,42.9%,42.9%,27.3%,37.5%,28.6%
20190115-M-Australian_Open-R128-Alexander_Zverev-Aljaz_Bedene,Alexander Zverev,1,46,82.6%,65.2%,75.0%,54.5%,85.7%,66.7%,66.7%,50.0%,100.0%,-
20190115-M-Australian_Open-R128-Alexander_Zverev-Aljaz_Bedene,Alexander Zverev,2,25,56.0%,47.6%,62.5%,57.1%,66.7%,63.6%,70.0%,25.0%,50.0%,50.0%
20190115-M-Australian_Open-R128-Alexander_Zverev-Aljaz_Bedene,Aljaz Bedene,1,50,68.0%,55.6%,64.5%,45.0%,69.2%,60.0%,75.0%,60.0%,60.0%,60.0%
20190115-M-Australian_Open-R128-Alexander_Zverev-Aljaz_Bedene,Aljaz Bedene,2,32,25.0%,22.6%,29.2%,26.1%,35.3%,26.7%,50.0%,33.3%,50.0%,33.3%
20190114-M-Australian_Open-R128-Taylor_Fritz-Cameron_Norrie,Taylor Fritz,1,67,76.1%,54.3%,67.9%,47.1%,53.3%,41.7%,62.5%,57.1%,66.7%,50.0%
20190114-M-Australian_Open-R128-Taylor_Fritz-Cameron_Norrie,Taylor Fritz,2,34,64.7%,55.6%,62.5%,52.6%,58.8%,46.2%,54.5%,37.5%,42.9%,42.9%
20190114-M-Australian_Open-R128-Taylor_Fritz-Cameron_Norrie,Cameron Norrie,1,68,69.1%,48.8%,60.6%,40.9%,52.9%,38.5%,55.6%,42.9%,50.0%,40.0%
20190114-M-Australian_Open-R128-Taylor_Fritz-Cameron_Norrie,Cameron Norrie,2,39,43.6%,33.3%,42.3%,34.8%,47.1%,40.0%,54.5%,44.4%,66.7%,66.7%
20190114-M-Australian_Open-R128-Stefanos_Tsitsipas-Matteo_Berrettini,Stefanos Tsitsipas,1,88,80.7%,61.4%,71.1%,47.6%,66.7%,16.7%,33.3%,0.0%,0.0%,0.0%
20190114-M-Australian_Open-R128-Stefanos_Tsitsipas-Matteo_Berrettini,Stefanos Tsitsipas,2,36,69.4%,59.3%,80.0%,63.6%,87.5%,0.0%,0.0%,0.0%,-,-
20190114-M-Australian_Open-R128-Stefanos_Tsitsipas-Matteo_Berrettini,Matteo Berrettini,1,82,80.5%,67.3%,84.6%,60.0%,75.0%,57.1%,80.0%,75.0%,75.0%,50.0%
20190114-M-Australian_Open-R128-Stefanos_Tsitsipas-Matteo_Berrettini,Matteo Berrettini,2,43,65.1%,57.1%,62.5%,58.6%,63.0%,54.5%,60.0%,42.9%,54.5%,28.6%
20190114-M-Australian_Open-R128-Mirza_Basic-Henri_Laaksonen,Mirza Basic,1,82,68.3%,52.7%,63.0%,46.9%,51.7%,39.1%,52.9%,50.0%,66.7%,42.9%
20190114-M-Australian_Open-R128-Mirza_Basic-Henri_Laaksonen,Mirza Basic,2,46,60.9%,45.5%,62.5%,47.1%,57.1%,40.0%,57.1%,50.0%,75.0%,66.7%
20190114-M-Australian_Open-R128-Mirza_Basic-Henri_Laaksonen,Henri Laaksonen,1,94,71.3%,48.1%,59.5%,43.3%,68.4%,62.5%,83.3%,77.8%,77.8%,71.4%
20190114-M-Australian_Open-R128-Mirza_Basic-Henri_Laaksonen,Henri Laaksonen,2,40,57.5%,32.0%,42.1%,15.4%,25.0%,0.0%,0.0%,0.0%,0.0%,0.0%
20190114-M-Australian_Open-R128-Jason_Kubler-Thomas_Fabbiano,Jason Kubler,1,79,68.4%,51.0%,63.4%,42.3%,55.0%,30.8%,40.0%,0.0%,0.0%,0.0%
20190114-M-Australian_Open-R128-Jason_Kubler-Thomas_Fabbiano,Jason Kubler,2,37,62.2%,46.2%,48.0%,40.9%,56.3%,30.0%,60.0%,60.0%,75.0%,75.0%
20190114-M-Australian_Open-R128-Jason_Kubler-Thomas_Fabbiano,Thomas Fabbiano,1,99,59.6%,50.0%,61.5%,45.7%,60.0%,46.2%,70.6%,58.3%,100.0%,100.0%
20190114-M-Australian_Open-R128-Jason_Kubler-Thomas_Fabbiano,Thomas Fabbiano,2,33,75.8%,70.4%,73.1%,66.7%,77.8%,76.5%,81.3%,70.0%,87.5%,80.0%
20180909-M-US_Open-F-Novak_Djokovic-Juan_Martin_Del_Potro,Novak Djokovic,1,74,67.6%,61.9%,67.2%,53.7%,61.1%,54.8%,68.0%,60.0%,66.7%,53.8%
20180909-M-US_Open-F-Novak_Djokovic-Juan_Martin_Del_Potro,Novak Djokovic,2,42,61.9%,56.8%,60.0%,54.8%,60.7%,54.2%,59.1%,52.6%,62.5%,53.8%
20180909-M-US_Open-F-Novak_Djokovic-Juan_Martin_Del_Potro,Juan Martin Del Potro,1,57,66.7%,52.5%,56.8%,42.9%,52.2%,42.1%,50.0%,46.7%,63.6%,33.3%
20180909-M-US_Open-F-Novak_Djokovic-Juan_Martin_Del_Potro,Juan Martin Del Potro,2,31,51.6%,50.0%,55.6%,45.5%,55.6%,52.9%,64.3%,58.3%,58.3%,54.5%
20180907-M-US_Open-SF-Rafael_Nadal-Juan_Martin_Del_Potro,Rafael Nadal,1,53,60.4%,47.5%,52.8%,37.0%,58.8%,41.7%,41.7%,36.4%,50.0%,33.3%
20180907-M-US_Open-SF-Rafael_Nadal-Juan_Martin_Del_Potro,Rafael Nadal,2,17,41.2%,33.3%,45.5%,40.0%,50.0%,33.3%,50.0%,33.3%,33.3%,0.0%
20180907-M-US_Open-SF-Rafael_Nadal-Juan_Martin_Del_Potro,Juan Martin Del Potro,1,43,69.8%,60.6%,71.4%,46.7%,58.3%,44.4%,50.0%,0.0%,0.0%,0.0%
20180907-M-US_Open-SF-Rafael_Nadal-Juan_Martin_Del_Potro,Juan Martin Del Potro,2,22,54.5%,50.0%,55.6%,52.9%,60.0%,50.0%,60.0%,42.9%,50.0%,25.0%
20180907-M-US_Open-SF-Novak_Djokovic-Kei_Nishikori,Novak Djokovic,1,50,80.0%,66.7%,74.1%,61.1%,61.1%,12.5%,25.0%,25.0%,33.3%,0.0%
20180907-M-US_Open-SF-Novak_Djokovic-Kei_Nishikori,Novak Djokovic,2,26,76.9%,64.7%,68.8%,61.5%,72.7%,62.5%,62.5%,25.0%,25.0%,25.0%
20180907-M-US_Open-SF-Novak_Djokovic-Kei_Nishikori,Kei Nishikori,1,63,58.7%,48.0%,61.5%,46.4%,59.1%,47.1%,66.7%,55.6%,55.6%,50.0%
20180907-M-US_Open-SF-Novak_Djokovic-Kei_Nishikori,Kei Nishikori,2,36,55.6%,46.7%,56.0%,52.2%,63.2%,58.8%,62.5%,53.8%,58.3%,54.5%
20180905-M-US_Open-QF-Rafael_Nadal-Dominic_Thiem,Rafael Nadal,1,110,67.3%,56.1%,65.7%,45.5%,58.8%,41.7%,52.6%,35.7%,50.0%,37.5%
20180905-M-US_Open-QF-Rafael_Nadal-Dominic_Thiem,Rafael Nadal,2,53,60.4%,51.2%,62.9%,55.2%,61.5%,52.4%,68.8%,54.5%,54.5%,50.0%
20180905-M-US_Open-QF-Rafael_Nadal-Dominic_Thiem,Dominic Thiem,1,97,72.2%,56.5%,67.3%,41.4%,54.5%,44.4%,57.1%,40.0%,50.0%,33.3%
20180905-M-US_Open-QF-Rafael_Nadal-Dominic_Thiem,Dominic Thiem,2,69,58.0%,49.1%,59.6%,45.7%,59.3%,52.2%,60.0%,33.3%,44.4%,28.6%
20180904-M-US_Open-QF-John_Isner-Juan_Martin_Del_Potro,John Isner,1,89,70.8%,44.7%,61.8%,40.9%,75.0%,40.0%,50.0%,0.0%,0.0%,0.0%
20180904-M-US_Open-QF-John_Isner-Juan_Martin_Del_Potro,John Isner,2,51,58.8%,43.2%,59.3%,31.3%,55.6%,33.3%,100.0%,100.0%,100.0%,100.0%
20180904-M-US_Open-QF-John_Isner-Juan_Martin_Del_Potro,Juan Martin Del Potro,1,75,89.3%,79.5%,88.6%,78.9%,78.9%,66.7%,88.9%,80.0%,80.0%,66.7%
20180904-M-US_Open-QF-John_Isner-Juan_Martin_Del_Potro,Juan Martin Del Potro,2,42,71.4%,65.7%,76.7%,63.2%,66.7%,62.5%,71.4%,50.0%,80.0%,75.0%
20180903-M-US_Open-R16-Roger_Federer-John_Millman,Roger Federer,1,85,81.2%,66.7%,84.2%,71.4%,78.9%,33.3%,66.7%,0.0%,0.0%,0.0%
20180903-M-US_Open-R16-Roger_Federer-John_Millman,Roger Federer,2,78,52.6%,43.9%,53.7%,39.0%,55.2%,27.8%,55.6%,42.9%,50.0%,25.0%
20180903-M-US_Open-R16-Roger_Federer-John_Millman,John Millman,1,91,74.7%,61.0%,69.2%,56.8%,61.8%,45.8%,55.0%,35.7%,50.0%,44.4%
20180903-M-US_Open-R16-Roger_Federer-John_Millman,John Millman,2,52,61.5%,47.4%,62.1%,47.6%,62.5%,33.3%,60.0%,33.3%,50.0%,0.0%
20180903-M-US_Open-R16-Juan_Martin_Del_Potro-Borna_Coric,Juan Martin Del Potro,1,54,79.6%,68.6%,77.4%,53.3%,66.7%,42.9%,42.9%,33.3%,40.0%,25.0%
20180903-M-US_Open-R16-Juan_Martin_Del_Potro-Borna_Coric,Juan Martin Del Potro,2,14,57.1%,33.3%,37.5%,0.0%,0.0%,0.0%,0.0%,0.0%,0.0%,0.0%
20180903-M-US_Open-R16-Juan_Martin_Del_Potro-Borna_Coric,Borna Coric,1,53,54.7%,42.9%,48.6%,33.3%,47.4%,44.4%,47.1%,30.8%,40.0%,40.0%
20180903-M-US_Open-R16-Juan_Martin_Del_Potro-Borna_Coric,Borna Coric,2,24,58.3%,52.4%,61.1%,53.3%,66.7%,50.0%,80.0%,75.0%,75.0%,66.7%
20180902-M-US_Open-R16-Rafael_Nadal-Nikoloz_Basilashvili,Rafael Nadal,1,76,76.3%,64.7%,76.7%,58.3%,63.6%,33.3%,50.0%,42.9%,60.0%,33.3%
20180902-M-US_Open-R16-Rafael_Nadal-Nikoloz_Basilashvili,Rafael Nadal,2,39,64.1%,56.3%,69.2%,57.9%,64.7%,50.0%,54.5%,37.5%,42.9%,33.3%
20180902-M-US_Open-R16-Rafael_Nadal-Nikoloz_Basilashvili,Nikoloz Basilashvili,1,73,68.5%,58.9%,68.8%,54.5%,60.0%,47.8%,64.7%,57.1%,61.5%,58.3%
20180902-M-US_Open-R16-Rafael_Nadal-Nikoloz_Basilashvili,Nikoloz Basilashvili,2,47,59.6%,47.2%,54.8%,44.0%,47.8%,33.3%,46.2%,41.7%,50.0%,37.5%
20180901-M-US_Open-R32-Roger_Federer-Nick_Kyrgios,Roger Federer,1,61,86.9%,74.2%,82.1%,61.5%,100.0%,100.0%,100.0%,100.0%,100.0%,100.0%
20180901-M-US_Open-R32-Roger_Federer-Nick_Kyrgios,Roger Federer,2,30,50.0%,40.0%,58.8%,46.2%,60.0%,42.9%,75.0%,66.7%,66.7%,0.0%
20180901-M-US_Open-R32-Roger_Federer-Nick_Kyrgios,Nick Kyrgios,1,57,63.2%,22.2%,26.1%,15.0%,37.5%,0.0%,0.0%,0.0%,0.0%,0.0%
20180901-M-US_Open-R32-Roger_Federer-Nick_Kyrgios,Nick Kyrgios,2,35,62.9%,55.2%,64.0%,47.1%,57.1%,25.0%,66.7%,50.0%,100.0%,100.0%
20180831-M-US_Open-R32-Rafael_Nadal-Karen_Khachanov,Rafael Nadal,1,89,70.8%,58.7%,62.7%,52.2%,60.0%,38.5%,43.5%,31.6%,40.0%,35.7%
20180831-M-US_Open-R32-Rafael_Nadal-Karen_Khachanov,Rafael Nadal,2,52,65.4%,60.9%,73.7%,60.0%,75.0%,72.2%,76.5%,55.6%,62.5%,57.1%
20180831-M-US_Open-R32-Rafael_Nadal-Karen_Khachanov,Karen Khachanov,1,116,69.8%,53.3%,59.7%,43.8%,53.8%,40.0%,48.0%,40.9%,52.9%,42.9%
20180831-M-US_Open-R32-Rafael_Nadal-Karen_Khachanov,Karen Khachanov,2,49,57.1%,51.2%,57.9%,54.3%,63.3%,59.3%,80.0%,71.4%,83.3%,75.0%
20180831-M-US_Open-R32-Kevin_Anderson-Denis_Shapovalov,Kevin Anderson,1,102,75.5%,51.9%,65.9%,44.0%,55.0%,43.8%,63.6%,50.0%,57.1%,25.0%
20180831-M-US_Open-R32-Kevin_Anderson-Denis_Shapovalov,Kevin Anderson,2,42,61.9%,36.0%,47.4%,33.3%,55.6%,50.0%,66.7%,33.3%,33.3%,33.3%
20180831-M-US_Open-R32-Kevin_Anderson-Denis_Shapovalov,Denis Shapovalov,1,84,76.2%,60.0%,69.8%,45.8%,73.3%,63.6%,77.8%,50.0%,50.0%,33.3%
20180831-M-US_Open-R32-Kevin_Anderson-Denis_Shapovalov,Denis Shapovalov,2,50,62.0%,53.7%,73.3%,57.9%,64.7%,45.5%,62.5%,50.0%,75.0%,50.0%
20180831-M-US_Open-R32-Fernando_Verdasco-Juan_Martin_Del_Potro,Fernando Verdasco,1,69,68.1%,52.2%,66.7%,53.8%,66.7%,61.1%,64.7%,50.0%,54.5%,37.5%
20180831-M-US_Open-R32-Fernando_Verdasco-Juan_Martin_Del_Potro,Fernando Verdasco,2,37,43.2%,40.0%,53.8%,36.8%,50.0%,41.7%,50.0%,37.5%,37.5%,16.7%
20180831-M-US_Open-R32-Fernando_Verdasco-Juan_Martin_Del_Potro,Juan Martin Del Potro,1,69,79.7%,67.4%,72.5%,56.0%,60.9%,40.0%,54.5%,37.5%,50.0%,50.0%
20180831-M-US_Open-R32-Fernando_Verdasco-Juan_Martin_Del_Potro,Juan Martin Del Potro,2,30,50.0%,48.3%,66.7%,46.2%,54.5%,50.0%,62.5%,57.1%,66.7%,33.3%
20180831-M-US_Open-R32-Borna_Coric-Daniil_Medvedev,Borna Coric,1,55,72.7%,55.9%,65.5%,44.4%,66.7%,60.0%,60.0%,55.6%,55.6%,33.3%
20180831-M-US_Open-R32-Borna_Coric-Daniil_Medvedev,Borna Coric,2,33,60.6%,56.7%,58.6%,50.0%,57.1%,47.1%,61.5%,50.0%,100.0%,100.0%
20180831-M-US_Open-R32-Borna_Coric-Daniil_Medvedev,Daniil Medvedev,1,45,60.0%,33.3%,39.1%,26.3%,35.7%,10.0%,12.5%,0.0%,0.0%,0.0%
20180831-M-US_Open-R32-Borna_Coric-Daniil_Medvedev,Daniil Medvedev,2,41,58.5%,50.0%,65.4%,57.1%,70.6%,58.3%,63.6%,50.0%,66.7%,66.7%
20180830-M-US_Open-R64-Benoit_Paire-Roger_Federer,Benoit Paire,1,57,63.2%,38.2%,54.2%,26.7%,66.7%,33.3%,33.3%,0.0%,0.0%,0.0%
20180830-M-US_Open-R64-Benoit_Paire-Roger_Federer,Benoit Paire,2,34,64.7%,50.0%,60.0%,38.5%,45.5%,25.0%,40.0%,25.0%,33.3%,0.0%
20180830-M-US_Open-R64-Benoit_Paire-Roger_Federer,Roger Federer,1,55,74.5%,60.0%,72.4%,60.0%,75.0%,55.6%,62.5%,25.0%,33.3%,33.3%
20180830-M-US_Open-R64-Benoit_Paire-Roger_Federer,Roger Federer,2,35,71.4%,65.5%,76.0%,60.0%,75.0%,50.0%,60.0%,33.3%,50.0%,0.0%
20180829-M-US_Open-R64-Denis_Kudla-Juan_Martin_Del_Potro,Denis Kudla,1,44,72.7%,52.0%,56.5%,44.4%,57.1%,40.0%,66.7%,33.3%,33.3%,33.3%
20180829-M-US_Open-R64-Denis_Kudla-Juan_Martin_Del_Potro,Denis Kudla,2,36,52.8%,41.4%,50.0%,29.4%,38.5%,20.0%,22.2%,22.2%,22.2%,0.0%
20180829-M-US_Open-R64-Denis_Kudla-Juan_Martin_Del_Potro,Juan Martin Del Potro,1,55,85.5%,63.6%,73.7%,37.5%,50.0%,50.0%,60.0%,60.0%,100.0%,100.0%
20180829-M-US_Open-R64-Denis_Kudla-Juan_Martin_Del_Potro,Juan Martin Del Potro,2,19,68.4%,60.0%,69.2%,55.6%,55.6%,42.9%,50.0%,25.0%,25.0%,25.0%
20180829-M-US_Open-R64-Andy_Murray-Fernando_Verdasco,Andy Murray,1,62,69.4%,54.8%,60.5%,44.4%,70.6%,54.5%,75.0%,50.0%,66.7%,66.7%
20180829-M-US_Open-R64-Andy_Murray-Fernando_Verdasco,Andy Murray,2,44,47.7%,43.9%,52.9%,44.8%,54.2%,45.0%,60.0%,50.0%,66.7%,57.1%
20180829-M-US_Open-R64-Andy_Murray-Fernando_Verdasco,Fernando Verdasco,1,83,65.1%,55.4%,64.3%,45.9%,56.7%,38.1%,42.1%,31.3%,38.5%,33.3%
20180829-M-US_Open-R64-Andy_Murray-Fernando_Verdasco,Fernando Verdasco,2,43,53.5%,45.5%,53.6%,40.9%,52.9%,38.5%,55.6%,42.9%,60.0%,50.0%
20180828-M-US_Open-R128-Yoshihito_Nishioka-Roger_Federer,Yoshihito Nishioka,1,65,44.6%,29.4%,34.1%,19.4%,33.3%,30.0%,42.9%,27.3%,50.0%,25.0%
20180828-M-US_Open-R128-Yoshihito_Nishioka-Roger_Federer,Yoshihito Nishioka,2,41,65.9%,56.3%,64.3%,47.4%,75.0%,57.1%,80.0%,50.0%,100.0%,-
20180828-M-US_Open-R128-Yoshihito_Nishioka-Roger_Federer,Roger Federer,1,55,78.2%,63.6%,75.0%,46.2%,85.7%,75.0%,100.0%,100.0%,100.0%,100.0%
20180828-M-US_Open-R128-Yoshihito_Nishioka-Roger_Federer,Roger Federer,2,24,54.2%,47.6%,58.8%,53.3%,80.0%,75.0%,75.0%,60.0%,75.0%,0.0%
20180828-M-US_Open-R128-Nikoloz_Basilashvili-Aljaz_Bedene,Nikoloz Basilashvili,1,83,67.5%,55.0%,75.0%,60.7%,68.0%,57.9%,73.3%,69.2%,75.0%,40.0%
20180828-M-US_Open-R128-Nikoloz_Basilashvili-Aljaz_Bedene,Nikoloz Basilashvili,2,50,56.0%,45.0%,51.4%,43.3%,54.2%,35.3%,42.9%,33.3%,44.4%,37.5%
20180828-M-US_Open-R128-Nikoloz_Basilashvili-Aljaz_Bedene,Aljaz Bedene,1,74,75.7%,43.8%,58.3%,16.7%,22.2%,12.5%,50.0%,50.0%,100.0%,-
20180828-M-US_Open-R128-Nikoloz_Basilashvili-Aljaz_Bedene,Aljaz Bedene,2,66,47.0%,37.5%,60.0%,41.7%,55.6%,38.5%,55.6%,42.9%,60.0%,50.0%
20180128-M-Australian_Open-F-Marin_Cilic-Roger_Federer,Marin Cilic,1,88,69.3%,42.6%,60.6%,45.8%,57.9%,33.3%,57.1%,25.0%,50.0%,50.0%
20180128-M-Australian_Open-F-Marin_Cilic-Roger_Federer,Marin Cilic,2,48,56.3%,44.7%,63.0%,58.3%,70.0%,53.8%,70.0%,57.1%,80.0%,50.0%
20180128-M-Australian_Open-F-Marin_Cilic-Roger_Federer,Roger Federer,1,84,79.8%,52.8%,65.5%,44.4%,61.5%,44.4%,50.0%,33.3%,66.7%,66.7%
20180128-M-Australian_Open-F-Marin_Cilic-Roger_Federer,Roger Federer,2,51,62.7%,44.1%,51.7%,41.7%,62.5%,50.0%,66.7%,50.0%,50.0%,40.0%
20180126-M-Australian_Open-SF-Hyeon_Chung-Roger_Federer,Hyeon Chung,1,30,56.7%,38.1%,47.1%,25.0%,42.9%,33.3%,40.0%,40.0%,50.0%,50.0%
20180126-M-Australian_Open-SF-Hyeon_Chung-Roger_Federer,Hyeon Chung,2,20,45.0%,35.3%,50.0%,33.3%,75.0%,75.0%,100.0%,100.0%,100.0%,100.0%
20180126-M-Australian_Open-SF-Hyeon_Chung-Roger_Federer,Roger Federer,1,16,93.8%,75.0%,100.0%,-,-,-,-,-,-,-
20180126-M-Australian_Open-SF-Hyeon_Chung-Roger_Federer,Roger Federer,2,20,75.0%,68.8%,91.7%,83.3%,83.3%,75.0%,75.0%,75.0%,100.0%,100.0%
20180124-M-Australian_Open-QF-Tomas_Berdych-Roger_Federer,Tomas Berdych,1,53,69.8%,55.6%,62.5%,42.9%,56.3%,30.0%,37.5%,28.6%,40.0%,40.0%
20180124-M-Australian_Open-QF-Tomas_Berdych-Roger_Federer,Tomas Berdych,2,40,52.5%,48.6%,54.5%,44.4%,54.5%,33.3%,35.7%,18.2%,33.3%,20.0%
20180124-M-Australian_Open-QF-Tomas_Berdych-Roger_Federer,Roger Federer,1,60,83.3%,71.4%,78.1%,61.1%,84.6%,75.0%,75.0%,60.0%,75.0%,66.7%
20180124-M-Australian_Open-QF-Tomas_Berdych-Roger_Federer,Roger Federer,2,31,61.3%,53.8%,60.9%,57.1%,80.0%,66.7%,100.0%,100.0%,100.0%,100.0%
20180123-M-Australian_Open-QF-Rafael_Nadal-Marin_Cilic,Rafael Nadal,1,123,67.5%,54.0%,61.8%,46.3%,59.5%,43.3%,56.5%,41.2%,63.6%,42.9%
20180123-M-Australian_Open-QF-Rafael_Nadal-Marin_Cilic,Rafael Nadal,2,39,33.3%,33.3%,48.1%,33.3%,41.2%,16.7%,22.2%,12.5%,33.3%,0.0%
20180123-M-Australian_Open-QF-Rafael_Nadal-Marin_Cilic,Marin Cilic,1,93,77.4%,61.1%,76.7%,56.5%,68.4%,45.5%,71.4%,33.3%,33.3%,0.0%
20180123-M-Australian_Open-QF-Rafael_Nadal-Marin_Cilic,Marin Cilic,2,37,45.9%,31.0%,34.6%,29.2%,35.0%,18.8%,37.5%,37.5%,60.0%,33.3%
20180123-M-Australian_Open-QF-Grigor_Dimitrov-Kyle_Edmund,Grigor Dimitrov,1,73,68.5%,53.1%,60.5%,37.0%,43.5%,31.6%,37.5%,16.7%,25.0%,0.0%
20180123-M-Australian_Open-QF-Grigor_Dimitrov-Kyle_Edmund,Grigor Dimitrov,2,36,63.9%,45.8%,64.7%,53.8%,70.0%,50.0%,60.0%,50.0%,100.0%,100.0%
20180123-M-Australian_Open-QF-Grigor_Dimitrov-Kyle_Edmund,Kyle Edmund,1,80,75.0%,60.0%,68.2%,53.3%,59.3%,45.0%,52.9%,20.0%,28.6%,16.7%
20180123-M-Australian_Open-QF-Grigor_Dimitrov-Kyle_Edmund,Kyle Edmund,2,40,47.5%,34.4%,40.7%,36.0%,39.1%,26.3%,41.7%,30.0%,37.5%,28.6%
20180122-M-Australian_Open-R16-Roger_Federer-Marton_Fucsovics,Roger Federer,1,48,83.3%,71.4%,87.0%,82.4%,87.5%,77.8%,100.0%,100.0%,100.0%,100.0%
20180122-M-Australian_Open-R16-Roger_Federer-Marton_Fucsovics,Roger Federer,2,31,80.6%,76.9%,83.3%,75.0%,85.7%,75.0%,85.7%,75.0%,100.0%,100.0%
20180122-M-Australian_Open-R16-Roger_Federer-Marton_Fucsovics,Marton Fucsovics,1,57,66.7%,47.2%,58.6%,42.9%,60.0%,45.5%,50.0%,50.0%,55.6%,42.9%
20180122-M-Australian_Open-R16-Roger_Federer-Marton_Fucsovics,Marton Fucsovics,2,45,60.0%,50.0%,60.0%,45.5%,55.6%,50.0%,61.5%,44.4%,57.1%,57.1%
20180122-M-Australian_Open-R16-Novak_Djokovic-Hyeon_Chung,Novak Djokovic,1,79,64.6%,55.6%,63.6%,48.7%,61.3%,36.8%,50.0%,41.7%,50.0%,37.5%
20180122-M-Australian_Open-R16-Novak_Djokovic-Hyeon_Chung,Novak Djokovic,2,37,48.6%,36.7%,45.8%,31.6%,37.5%,33.3%,41.7%,36.4%,66.7%,60.0%
20180122-M-Australian_Open-R16-Novak_Djokovic-Hyeon_Chung,Hyeon Chung,1,90,64.4%,56.8%,61.8%,53.6%,63.8%,58.5%,63.2%,51.7%,71.4%,62.5%
20180122-M-Australian_Open-R16-Novak_Djokovic-Hyeon_Chung,Hyeon Chung,2,42,47.6%,45.0%,58.1%,55.2%,61.5%,56.5%,68.4%,64.7%,68.8%,66.7%
20180121-M-Australian_Open-R16-Grigor_Dimitrov-Nick_Kyrgios,Grigor Dimitrov,1,111,81.1%,69.6%,75.0%,52.9%,64.3%,50.0%,58.8%,30.0%,37.5%,28.6%
20180121-M-Australian_Open-R16-Grigor_Dimitrov-Nick_Kyrgios,Grigor Dimitrov,2,40,47.5%,41.7%,57.7%,45.0%,50.0%,30.8%,40.0%,33.3%,60.0%,50.0%
20180121-M-Australian_Open-R16-Grigor_Dimitrov-Nick_Kyrgios,Nick Kyrgios,1,101,79.2%,53.3%,66.7%,53.8%,66.7%,53.3%,72.7%,40.0%,40.0%,0.0%
20180121-M-Australian_Open-R16-Grigor_Dimitrov-Nick_Kyrgios,Nick Kyrgios,2,46,58.7%,48.6%,56.3%,41.7%,45.5%,42.9%,52.9%,42.9%,54.5%,16.7%
20180120-M-Australian_Open-R32-Roger_Federer-Richard_Gasquet,Roger Federer,1,61,80.3%,67.6%,75.8%,55.6%,62.5%,25.0%,40.0%,40.0%,100.0%,100.0%
20180120-M-Australian_Open-R32-Roger_Federer-Richard_Gasquet,Roger Federer,2,32,43.8%,25.0%,37.5%,16.7%,28.6%,16.7%,25.0%,0.0%,0.0%,0.0%
20180120-M-Australian_Open-R32-Roger_Federer-Richard_Gasquet,Richard Gasquet,1,61,67.2%,54.5%,61.5%,42.3%,52.4%,28.6%,40.0%,33.3%,37.5%,28.6%
20180120-M-Australian_Open-R32-Roger_Federer-Richard_Gasquet,Richard Gasquet,2,26,46.2%,30.0%,42.9%,27.3%,33.3%,14.3%,20.0%,0.0%,0.0%,0.0%
20180120-M-Australian_Open-R32-Novak_Djokovic-Albert_Ramos,Novak Djokovic,1,55,80.0%,71.8%,77.8%,69.2%,81.8%,73.3%,84.6%,83.3%,90.9%,85.7%
20180120-M-Australian_Open-R32-Novak_Djokovic-Albert_Ramos,Novak Djokovic,2,29,55.2%,43.5%,50.0%,44.4%,53.3%,41.7%,50.0%,50.0%,55.6%,42.9%
20180120-M-Australian_Open-R32-Novak_Djokovic-Albert_Ramos,Albert Ramos,1,56,60.7%,48.8%,67.7%,60.0%,65.2%,55.6%,71.4%,63.6%,63.6%,55.6%
20180120-M-Australian_Open-R32-Novak_Djokovic-Albert_Ramos,Albert Ramos,2,36,55.6%,51.5%,63.0%,52.4%,61.1%,50.0%,50.0%,41.7%,45.5%,14.3%
20180118-M-Australian_Open-R64-Novak_Djokovic-Gael_Monfils,Novak Djokovic,1,75,73.3%,67.7%,76.4%,61.8%,70.0%,59.1%,81.3%,70.0%,70.0%,40.0%
20180118-M-Australian_Open-R64-Novak_Djokovic-Gael_Monfils,Novak Djokovic,2,28,60.7%,50.0%,61.1%,61.1%,73.3%,50.0%,50.0%,33.3%,40.0%,40.0%
20180118-M-Australian_Open-R64-Novak_Djokovic-Gael_Monfils,Gael Monfils,1,60,63.3%,48.8%,60.0%,50.0%,60.9%,55.0%,64.7%,50.0%,50.0%,40.0%
20180118-M-Australian_Open-R64-Novak_Djokovic-Gael_Monfils,Gael Monfils,2,39,56.4%,45.2%,56.0%,54.2%,72.2%,58.3%,63.6%,42.9%,60.0%,60.0%
20180118-M-Australian_Open-R64-Karen_Khachanov-Juan_Martin_Del_Potro,Karen Khachanov,1,100,75.0%,52.9%,57.4%,37.5%,52.2%,47.6%,62.5%,45.5%,55.6%,33.3%
20180118-M-Australian_Open-R64-Karen_Khachanov-Juan_Martin_Del_Potro,Karen Khachanov,2,46,52.2%,42.1%,53.3%,41.7%,55.6%,38.5%,55.6%,50.0%,57.1%,50.0%
20180118-M-Australian_Open-R64-Karen_Khachanov-Juan_Martin_Del_Potro,Juan Martin Del Potro,1,91,80.2%,69.2%,80.0%,66.7%,75.0%,62.5%,66.7%,50.0%,71.4%,60.0%
20180118-M-Australian_Open-R64-Karen_Khachanov-Juan_Martin_Del_Potro,Juan Martin Del Potro,2,48,52.1%,39.5%,51.7%,41.7%,52.6%,40.0%,46.2%,22.2%,28.6%,16.7%
20180118-M-Australian_Open-R64-Jan_Lennard_Struff-Roger_Federer,Jan Lennard Struff,1,53,75.5%,62.9%,81.5%,50.0%,71.4%,33.3%,50.0%,0.0%,0.0%,0.0%
20180118-M-Australian_Open-R64-Jan_Lennard_Struff-Roger_Federer,Jan Lennard Struff,2,49,57.1%,51.2%,66.7%,56.0%,73.7%,66.7%,83.3%,75.0%,100.0%,100.0%
20180118-M-Australian_Open-R64-Jan_Lennard_Struff-Roger_Federer,Roger Federer,1,52,82.7%,57.1%,60.0%,33.3%,57.1%,25.0%,50.0%,0.0%,-,-
20180118-M-Australian_Open-R64-Jan_Lennard_Struff-Roger_Federer,Roger Federer,2,39,69.2%,53.8%,60.9%,47.1%,61.5%,37.5%,50.0%,40.0%,40.0%,25.0%
20180117-M-Australian_Open-R64-Grigor_Dimitrov-Mackenzie_Mcdonald,Grigor Dimitrov,1,101,77.2%,64.1%,71.9%,57.9%,62.9%,40.9%,56.3%,36.4%,50.0%,33.3%
20180117-M-Australian_Open-R64-Grigor_Dimitrov-Mackenzie_Mcdonald,Grigor Dimitrov,2,37,35.1%,25.0%,44.4%,23.1%,33.3%,25.0%,33.3%,20.0%,33.3%,33.3%
20180117-M-Australian_Open-R64-Grigor_Dimitrov-Mackenzie_Mcdonald,Mackenzie Mcdonald,1,85,74.1%,62.7%,68.5%,50.0%,68.0%,50.0%,72.7%,57.1%,66.7%,60.0%
20180117-M-Australian_Open-R64-Grigor_Dimitrov-Mackenzie_Mcdonald,Mackenzie Mcdonald,2,60,51.7%,45.3%,57.1%,43.8%,60.9%,52.6%,62.5%,40.0%,50.0%,42.9%
20180117-M-Australian_Open-R64-Denis_Shapovalov-Jo_Wilfried_Tsonga,Denis Shapovalov,1,88,73.9%,55.8%,65.9%,42.3%,64.7%,40.0%,57.1%,25.0%,33.3%,0.0%
20180117-M-Australian_Open-R64-Denis_Shapovalov-Jo_Wilfried_Tsonga,Denis Shapovalov,2,59,66.1%,54.5%,68.6%,52.2%,60.0%,20.0%,25.0%,0.0%,0.0%,0.0%
20180117-M-Australian_Open-R64-Denis_Shapovalov-Jo_Wilfried_Tsonga,Jo Wilfried Tsonga,1,78,84.6%,69.2%,75.0%,50.0%,69.2%,63.6%,70.0%,25.0%,33.3%,0.0%
20180117-M-Australian_Open-R64-Denis_Shapovalov-Jo_Wilfried_Tsonga,Jo Wilfried Tsonga,2,72,50.0%,33.3%,43.9%,34.3%,52.2%,38.9%,63.6%,33.3%,100.0%,100.0%
20180116-M-Australian_Open-R64-Rafael_Nadal-Leonardo_Mayer,Rafael Nadal,1,69,79.7%,67.4%,74.4%,63.0%,70.8%,50.0%,58.3%,54.5%,75.0%,60.0%
20180116-M-Australian_Open-R64-Rafael_Nadal-Leonardo_Mayer,Rafael Nadal,2,24,62.5%,52.6%,62.5%,45.5%,55.6%,50.0%,66.7%,50.0%,66.7%,0.0%
20180116-M-Australian_Open-R64-Rafael_Nadal-Leonardo_Mayer,Leonardo Mayer,1,71,69.0%,43.6%,53.1%,28.6%,35.3%,21.4%,30.0%,12.5%,25.0%,0.0%
20180116-M-Australian_Open-R64-Rafael_Nadal-Leonardo_Mayer,Leonardo Mayer,2,32,53.1%,48.3%,53.8%,36.8%,43.8%,40.0%,60.0%,50.0%,57.1%,50.0%
20180116-M-Australian_Open-R128-Roger_Federer-Aljaz_Bedene,Roger Federer,1,58,77.6%,62.9%,78.6%,53.8%,77.8%,33.3%,33.3%,33.3%,50.0%,50.0%
20180116-M-Australian_Open-R128-Roger_Federer-Aljaz_Bedene,Roger Federer,2,20,70.0%,62.5%,76.9%,40.0%,66.7%,0.0%,-,-,-,-
20180116-M-Australian_Open-R128-Roger_Federer-Aljaz_Bedene,Aljaz Bedene,1,50,70.0%,53.1%,63.0%,41.2%,50.0%,36.4%,57.1%,50.0%,75.0%,75.0%
20180116-M-Australian_Open-R128-Roger_Federer-Aljaz_Bedene,Aljaz Bedene,2,35,51.4%,45.2%,58.3%,41.2%,50.0%,36.4%,50.0%,42.9%,60.0%,50.0%
20180114-M-Australian_Open-R128-Rafael_Nadal-Victor_Estrella,Rafael Nadal,1,48,77.1%,67.6%,69.7%,58.3%,70.0%,57.1%,61.5%,44.4%,50.0%,42.9%
20180114-M-Australian_Open-R128-Rafael_Nadal-Victor_Estrella,Rafael Nadal,2,17,70.6%,66.7%,66.7%,54.5%,66.7%,57.1%,57.1%,50.0%,60.0%,60.0%
20180114-M-Australian_Open-R128-Rafael_Nadal-Victor_Estrella,Victor Estrella,1,40,47.5%,27.6%,32.0%,26.1%,33.3%,25.0%,40.0%,33.3%,50.0%,40.0%
20180114-M-Australian_Open-R128-Rafael_Nadal-Victor_Estrella,Victor Estrella,2,20,25.0%,25.0%,31.3%,21.4%,30.0%,22.2%,28.6%,16.7%,16.7%,0.0%
20170910-M-US_Open-F-Kevin_Anderson-Rafael_Nadal,Kevin Anderson,1,64,73.4%,52.8%,61.3%,45.5%,66.7%,50.0%,71.4%,60.0%,75.0%,75.0%
20170910-M-US_Open-F-Kevin_Anderson-Rafael_Nadal,Kevin Anderson,2,40,40.0%,27.3%,33.3%,21.7%,35.7%,25.0%,33.3%,25.0%,33.3%,33.3%
20170910-M-US_Open-F-Kevin_Anderson-Rafael_Nadal,Rafael Nadal,1,44,84.1%,70.8%,81.0%,71.4%,76.9%,70.0%,70.0%,62.5%,83.3%,50.0%
20170910-M-US_Open-F-Kevin_Anderson-Rafael_Nadal,Rafael Nadal,2,27,74.1%,65.0%,72.2%,66.7%,71.4%,55.6%,62.5%,0.0%,-,-
20170908-M-US_Open-SF-Rafael_Nadal-Juan_Martin_Del_Potro,Rafael Nadal,1,66,77.3%,69.4%,72.3%,56.7%,63.0%,58.3%,73.7%,64.3%,75.0%,70.0%
20170908-M-US_Open-SF-Rafael_Nadal-Juan_Martin_Del_Potro,Rafael Nadal,2,22,77.3%,75.0%,75.0%,70.6%,100.0%,100.0%,100.0%,100.0%,100.0%,100.0%
20170908-M-US_Open-SF-Rafael_Nadal-Juan_Martin_Del_Potro,Juan Martin Del Potro,1,63,71.4%,56.1%,60.5%,40.0%,47.6%,31.3%,41.7%,30.0%,37.5%,28.6%
20170908-M-US_Open-SF-Rafael_Nadal-Juan_Martin_Del_Potro,Juan Martin Del Potro,2,28,32.1%,24.0%,33.3%,29.4%,41.7%,36.4%,44.4%,44.4%,57.1%,40.0%
20170831-M-US_Open-R64-Roger_Federer-Mikhail_Youzhny,Roger Federer,1,86,79.1%,67.3%,82.2%,71.4%,76.9%,40.0%,57.1%,57.1%,100.0%,-
20170831-M-US_Open-R64-Roger_Federer-Mikhail_Youzhny,Roger Federer,2,52,51.9%,39.0%,55.2%,48.0%,60.0%,46.7%,58.3%,28.6%,50.0%,33.3%
20170831-M-US_Open-R64-Roger_Federer-Mikhail_Youzhny,Mikhail Youzhny,1,109,62.4%,49.4%,57.1%,44.4%,55.8%,44.1%,53.6%,40.9%,50.0%,40.0%
20170831-M-US_Open-R64-Roger_Federer-Mikhail_Youzhny,Mikhail Youzhny,2,60,50.0%,34.8%,43.2%,30.0%,36.0%,20.0%,30.8%,25.0%,50.0%,25.0%
20170829-M-US_Open-R128-Roger_Federer-Frances_Tiafoe,Roger Federer,1,63,77.8%,46.2%,60.0%,42.9%,60.0%,20.0%,25.0%,0.0%,0.0%,0.0%
20170829-M-US_Open-R128-Roger_Federer-Frances_Tiafoe,Roger Federer,2,49,59.2%,48.7%,70.4%,60.0%,66.7%,50.0%,54.5%,44.4%,57.1%,50.0%
20170829-M-US_Open-R128-Roger_Federer-Frances_Tiafoe,Frances Tiafoe,1,71,67.6%,47.7%,56.8%,44.8%,68.4%,50.0%,60.0%,33.3%,40.0%,25.0%
20170829-M-US_Open-R128-Roger_Federer-Frances_Tiafoe,Frances Tiafoe,2,61,57.4%,50.9%,64.3%,41.7%,62.5%,40.0%,50.0%,42.9%,60.0%,50.0%
20170828-M-US_Open-R16-Dominic_Thiem-Juan_Martin_Del_Potro,Dominic Thiem,1,91,62.6%,54.7%,65.1%,50.0%,62.9%,55.2%,69.6%,63.2%,75.0%,69.2%
20170828-M-US_Open-R16-Dominic_Thiem-Juan_Martin_Del_Potro,Dominic Thiem,2,48,64.6%,56.4%,64.7%,52.0%,65.0%,50.0%,58.3%,50.0%,83.3%,80.0%
20170828-M-US_Open-R16-Dominic_Thiem-Juan_Martin_Del_Potro,Juan Martin Del Potro,1,78,64.1%,47.2%,54.3%,41.7%,50.0%,37.5%,50.0%,25.0%,27.3%,20.0%
20170828-M-US_Open-R16-Dominic_Thiem-Juan_Martin_Del_Potro,Juan Martin Del Potro,2,54,61.1%,52.3%,60.5%,46.4%,54.2%,31.3%,35.7%,25.0%,33.3%,14.3%
20170127-M-Australian_Open-SF-Rafael_Nadal-Grigor_Dimitrov,Rafael Nadal,1,135,68.9%,58.4%,64.1%,56.0%,61.8%,50.0%,56.5%,48.7%,65.5%,61.5%
20170127-M-Australian_Open-SF-Rafael_Nadal-Grigor_Dimitrov,Rafael Nadal,2,46,58.7%,51.3%,57.1%,51.6%,61.5%,52.4%,68.8%,61.5%,66.7%,50.0%
20170127-M-Australian_Open-SF-Rafael_Nadal-Grigor_Dimitrov,Grigor Dimitrov,1,124,70.2%,57.5%,65.8%,51.9%,66.7%,53.3%,59.3%,42.1%,61.5%,37.5%
20170127-M-Australian_Open-SF-Rafael_Nadal-Grigor_Dimitrov,Grigor Dimitrov,2,52,53.8%,48.9%,59.0%,46.7%,51.9%,45.8%,55.0%,25.0%,30.0%,22.2%
20170126-M-Australian_Open-SF-Roger_Federer-Stan_Wawrinka,Roger Federer,1,86,72.1%,54.7%,67.4%,50.0%,60.9%,35.7%,45.5%,25.0%,33.3%,33.3%
20170126-M-Australian_Open-SF-Roger_Federer-Stan_Wawrinka,Roger Federer,2,54,61.1%,50.0%,61.8%,48.0%,63.2%,46.2%,50.0%,25.0%,33.3%,33.3%
20170126-M-Australian_Open-SF-Roger_Federer-Stan_Wawrinka,Stan Wawrinka,1,88,62.5%,43.1%,53.2%,24.1%,33.3%,22.2%,30.8%,0.0%,0.0%,0.0%
20170126-M-Australian_Open-SF-Roger_Federer-Stan_Wawrinka,Stan Wawrinka,2,44,72.7%,64.7%,75.9%,61.1%,78.6%,62.5%,71.4%,60.0%,60.0%,33.3%
20170124-M-Australian_Open-QF-Roger_Federer-Mischa_Zverev,Roger Federer,1,54,68.5%,52.8%,65.5%,41.2%,43.8%,35.7%,55.6%,33.3%,50.0%,0.0%
20170124-M-Australian_Open-QF-Roger_Federer-Mischa_Zverev,Roger Federer,2,24,70.8%,63.2%,80.0%,66.7%,75.0%,50.0%,100.0%,100.0%,100.0%,100.0%
20170124-M-Australian_Open-QF-Roger_Federer-Mischa_Zverev,Mischa Zverev,1,72,52.8%,34.6%,38.3%,25.6%,76.9%,40.0%,50.0%,50.0%,66.7%,0.0%
20170124-M-Australian_Open-QF-Roger_Federer-Mischa_Zverev,Mischa Zverev,2,25,52.0%,42.9%,60.0%,40.0%,66.7%,0.0%,-,-,-,-
20170124-M-Australian_Open-QF-Milos_Raonic-Rafael_Nadal,Milos Raonic,1,71,67.6%,50.0%,62.2%,26.3%,38.5%,0.0%,0.0%,0.0%,0.0%,0.0%
20170124-M-Australian_Open-QF-Milos_Raonic-Rafael_Nadal,Milos Raonic,2,34,58.8%,48.1%,59.1%,50.0%,64.3%,50.0%,71.4%,66.7%,80.0%,50.0%
20170124-M-Australian_Open-QF-Milos_Raonic-Rafael_Nadal,Rafael Nadal,1,76,82.9%,75.0%,79.6%,72.2%,76.5%,66.7%,72.7%,60.0%,69.2%,60.0%
20170124-M-Australian_Open-QF-Milos_Raonic-Rafael_Nadal,Rafael Nadal,2,25,60.0%,47.4%,60.0%,45.5%,55.6%,20.0%,25.0%,0.0%,0.0%,0.0%
20170124-M-Australian_Open-QF-Grigor_Dimitrov-David_Goffin,Grigor Dimitrov,1,59,74.6%,57.1%,60.6%,48.0%,60.0%,33.3%,36.4%,36.4%,44.4%,37.5%
20170124-M-Australian_Open-QF-Grigor_Dimitrov-David_Goffin,Grigor Dimitrov,2,32,50.0%,44.8%,52.0%,47.8%,57.9%,42.9%,60.0%,55.6%,62.5%,57.1%
20170124-M-Australian_Open-QF-Grigor_Dimitrov-David_Goffin,David Goffin,1,44,68.2%,53.3%,64.0%,55.0%,55.0%,47.1%,57.1%,45.5%,45.5%,33.3%
20170124-M-Australian_Open-QF-Grigor_Dimitrov-David_Goffin,David Goffin,2,47,40.4%,31.7%,35.1%,27.3%,32.1%,26.9%,30.4%,23.8%,29.4%,20.0%
20170123-M-Australian_Open-R16-David_Goffin-Dominic_Thiem,David Goffin,1,70,72.9%,44.1%,50.0%,42.3%,50.0%,31.3%,41.7%,30.0%,42.9%,20.0%
20170123-M-Australian_Open-R16-David_Goffin-Dominic_Thiem,David Goffin,2,53,62.3%,52.4%,59.5%,51.6%,72.7%,62.5%,83.3%,80.0%,88.9%,87.5%
20170123-M-Australian_Open-R16-David_Goffin-Dominic_Thiem,Dominic Thiem,1,77,68.8%,47.8%,64.7%,50.0%,66.7%,50.0%,75.0%,60.0%,60.0%,50.0%
20170123-M-Australian_Open-R16-David_Goffin-Dominic_Thiem,Dominic Thiem,2,46,50.0%,30.3%,41.7%,33.3%,38.9%,31.3%,55.6%,50.0%,50.0%,33.3%
20170122-M-Australian_Open-R16-Roger_Federer-Kei_Nishikori,Roger Federer,1,96,81.3%,61.7%,74.4%,50.0%,71.4%,20.0%,25.0%,25.0%,100.0%,100.0%
20170122-M-Australian_Open-R16-Roger_Federer-Kei_Nishikori,Roger Federer,2,40,52.5%,42.4%,60.9%,43.8%,63.6%,42.9%,75.0%,66.7%,66.7%,50.0%
20170122-M-Australian_Open-R16-Roger_Federer-Kei_Nishikori,Kei Nishikori,1,107,68.2%,54.1%,66.7%,57.4%,69.2%,50.0%,60.0%,42.9%,75.0%,60.0%
20170122-M-Australian_Open-R16-Roger_Federer-Kei_Nishikori,Kei Nishikori,2,52,46.2%,34.9%,50.0%,40.0%,50.0%,28.6%,36.4%,36.4%,50.0%,42.9%
20170121-M-Australian_Open-R32-Rafael_Nadal-Alexander_Zverev,Rafael Nadal,1,113,72.6%,57.5%,64.6%,46.5%,55.6%,40.7%,47.8%,33.3%,46.2%,41.7%
20170121-M-Australian_Open-R32-Rafael_Nadal-Alexander_Zverev,Rafael Nadal,2,33,69.7%,63.0%,70.8%,63.2%,75.0%,71.4%,76.9%,75.0%,75.0%,66.7%
20170121-M-Australian_Open-R32-Rafael_Nadal-Alexander_Zverev,Alexander Zverev,1,104,71.2%,53.8%,64.8%,38.7%,48.0%,35.0%,43.8%,40.0%,50.0%,45.5%
20170121-M-Australian_Open-R32-Rafael_Nadal-Alexander_Zverev,Alexander Zverev,2,52,51.9%,44.4%,55.6%,46.7%,53.8%,36.8%,43.8%,35.7%,50.0%,37.5%
20170121-M-Australian_Open-R32-Milos_Raonic-Gilles_Simon,Milos Raonic,1,74,71.6%,44.7%,60.7%,35.3%,46.2%,12.5%,20.0%,0.0%,0.0%,0.0%
20170121-M-Australian_Open-R32-Milos_Raonic-Gilles_Simon,Milos Raonic,2,35,65.7%,47.8%,50.0%,31.3%,62.5%,25.0%,25.0%,25.0%,50.0%,0.0%
20170121-M-Australian_Open-R32-Milos_Raonic-Gilles_Simon,Gilles Simon,1,83,69.9%,58.3%,64.8%,51.3%,57.1%,46.4%,52.0%,33.3%,46.2%,30.0%
20170121-M-Australian_Open-R32-Milos_Raonic-Gilles_Simon,Gilles Simon,2,23,43.5%,38.1%,53.3%,36.4%,44.4%,28.6%,50.0%,50.0%,50.0%,0.0%
20170120-M-Australian_Open-R32-Tomas_Berdych-Roger_Federer,Tomas Berdych,1,50,86.0%,70.0%,82.4%,62.5%,83.3%,0.0%,0.0%,0.0%,-,-
20170120-M-Australian_Open-R32-Tomas_Berdych-Roger_Federer,Tomas Berdych,2,26,34.6%,26.1%,28.6%,16.7%,27.3%,11.1%,14.3%,14.3%,33.3%,0.0%
20170120-M-Australian_Open-R32-Tomas_Berdych-Roger_Federer,Roger Federer,1,40,95.0%,90.0%,90.0%,77.8%,87.5%,75.0%,100.0%,100.0%,100.0%,-
20170120-M-Australian_Open-R32-Tomas_Berdych-Roger_Federer,Roger Federer,2,26,61.5%,56.5%,72.2%,58.3%,63.6%,33.3%,66.7%,0.0%,-,-
20170119-M-Australian_Open-R64-Novak_Djokovic-Denis_Istomin,Novak Djokovic,1,106,72.6%,57.4%,68.4%,57.1%,75.0%,65.2%,68.2%,36.4%,44.4%,44.4%
20170119-M-Australian_Open-R64-Novak_Djokovic-Denis_Istomin,Novak Djokovic,2,69,62.3%,55.9%,62.3%,53.5%,62.2%,48.1%,59.1%,43.8%,53.8%,40.0%
20170119-M-Australian_Open-R64-Novak_Djokovic-Denis_Istomin,Denis Istomin,1,130,70.0%,53.6%,57.0%,46.0%,51.8%,38.6%,43.6%,29.0%,45.0%,42.1%
20170119-M-Australian_Open-R64-Novak_Djokovic-Denis_Istomin,Denis Istomin,2,55,45.5%,38.8%,43.2%,37.5%,46.9%,39.3%,45.8%,43.5%,45.5%,36.8%
20170118-M-Australian_Open-R64-Nick_Kyrgios-Andreas_Seppi,Nick Kyrgios,1,118,74.6%,44.4%,58.5%,41.4%,48.0%,31.6%,42.9%,33.3%,40.0%,14.3%
20170118-M-Australian_Open-R64-Nick_Kyrgios-Andreas_Seppi,Nick Kyrgios,2,45,60.0%,53.8%,72.4%,63.6%,77.8%,60.0%,75.0%,75.0%,100.0%,100.0%
20170118-M-Australian_Open-R64-Nick_Kyrgios-Andreas_Seppi,Andreas Seppi,1,85,76.5%,60.8%,70.5%,55.2%,69.6%,50.0%,63.6%,60.0%,60.0%,50.0%
20170118-M-Australian_Open-R64-Nick_Kyrgios-Andreas_Seppi,Andreas Seppi,2,60,68.3%,61.2%,73.2%,68.6%,75.0%,68.0%,70.8%,56.3%,60.0%,50.0%
20170117-M-Australian_Open-R128-Rafael_Nadal-Florian_Mayer,Rafael Nadal,1,53,77.4%,71.4%,78.9%,60.0%,80.0%,66.7%,75.0%,66.7%,80.0%,66.7%
20170117-M-Australian_Open-R128-Rafael_Nadal-Florian_Mayer,Rafael Nadal,2,22,86.4%,82.4%,87.5%,84.6%,84.6%,80.0%,88.9%,75.0%,100.0%,100.0%
20170117-M-Australian_Open-R128-Rafael_Nadal-Florian_Mayer,Florian Mayer,1,65,63.1%,45.5%,51.3%,34.5%,50.0%,23.1%,37.5%,28.6%,33.3%,0.0%
20170117-M-Australian_Open-R128-Rafael_Nadal-Florian_Mayer,Florian Mayer,2,34,61.8%,53.6%,65.2%,55.6%,76.9%,66.7%,66.7%,50.0%,75.0%,75.0%
20170117-M-Australian_Open-R128-Novak_Djokovic-Fernando_Verdasco,Novak Djokovic,1,59,74.6%,60.5%,71.9%,50.0%,60.0%,40.0%,50.0%,33.3%,40.0%,25.0%
20170117-M-Australian_Open-R128-Novak_Djokovic-Fernando_Verdasco,Novak Djokovic,2,33,54.5%,46.4%,56.5%,47.4%,69.2%,63.6%,63.6%,55.6%,62.5%,50.0%
20170117-M-Australian_Open-R128-Novak_Djokovic-Fernando_Verdasco,Fernando Verdasco,1,55,58.2%,32.4%,39.3%,32.0%,47.1%,30.8%,40.0%,25.0%,50.0%,33.3%
20170117-M-Australian_Open-R128-Novak_Djokovic-Fernando_Verdasco,Fernando Verdasco,2,45,44.4%,34.2%,50.0%,27.8%,38.5%,11.1%,16.7%,16.7%,25.0%,25.0%
20170116-M-Australian_Open-R128-Jurgen_Melzer-Roger_Federer,Jurgen Melzer,1,83,56.6%,41.9%,52.0%,22.6%,36.8%,25.0%,33.3%,20.0%,25.0%,14.3%
20170116-M-Australian_Open-R128-Jurgen_Melzer-Roger_Federer,Jurgen Melzer,2,26,53.8%,40.0%,47.1%,35.7%,50.0%,16.7%,33.3%,0.0%,0.0%,0.0%
20170116-M-Australian_Open-R128-Jurgen_Melzer-Roger_Federer,Roger Federer,1,67,76.1%,46.7%,60.9%,50.0%,60.0%,40.0%,57.1%,50.0%,75.0%,66.7%
20170116-M-Australian_Open-R128-Jurgen_Melzer-Roger_Federer,Roger Federer,2,35,57.1%,42.3%,57.9%,38.5%,50.0%,28.6%,50.0%,0.0%,0.0%,0.0%
20160911-M-US_Open-F-Novak_Djokovic-Stan_Wawrinka,Novak Djokovic,1,63,77.8%,63.2%,66.7%,55.6%,65.2%,50.0%,66.7%,42.9%,75.0%,66.7%
20160911-M-US_Open-F-Novak_Djokovic-Stan_Wawrinka,Novak Djokovic,2,53,60.4%,53.3%,60.0%,55.6%,60.6%,50.0%,56.5%,37.5%,50.0%,45.5%
20160911-M-US_Open-F-Novak_Djokovic-Stan_Wawrinka,Stan Wawrinka,1,91,70.3%,58.5%,67.9%,59.1%,72.2%,63.0%,70.8%,66.7%,66.7%,65.0%
20160911-M-US_Open-F-Novak_Djokovic-Stan_Wawrinka,Stan Wawrinka,2,69,53.6%,44.8%,53.1%,45.2%,54.3%,48.4%,55.6%,47.8%,55.0%,50.0%
20160909-M-US_Open-SF-Stan_Wawrinka-Kei_Nishikori,Stan Wawrinka,1,73,76.7%,60.5%,68.4%,50.0%,57.1%,35.7%,50.0%,44.4%,50.0%,42.9%
20160909-M-US_Open-SF-Stan_Wawrinka-Kei_Nishikori,Stan Wawrinka,2,35,60.0%,44.0%,64.7%,60.0%,81.8%,81.8%,90.0%,80.0%,100.0%,100.0%
20160909-M-US_Open-SF-Stan_Wawrinka-Kei_Nishikori,Kei Nishikori,1,71,73.2%,64.2%,75.6%,64.3%,69.2%,46.7%,58.3%,50.0%,62.5%,57.1%
20160909-M-US_Open-SF-Stan_Wawrinka-Kei_Nishikori,Kei Nishikori,2,45,42.2%,38.1%,44.4%,31.0%,40.9%,18.8%,30.0%,12.5%,20.0%,0.0%
20160909-M-US_Open-SF-Novak_Djokovic-Gael_Monfils,Novak Djokovic,1,68,67.6%,56.9%,64.4%,50.0%,57.1%,45.5%,47.6%,26.7%,40.0%,25.0%
20160909-M-US_Open-SF-Novak_Djokovic-Gael_Monfils,Novak Djokovic,2,31,64.5%,52.2%,63.2%,53.3%,66.7%,42.9%,60.0%,50.0%,66.7%,0.0%
20160909-M-US_Open-SF-Novak_Djokovic-Gael_Monfils,Gael Monfils,1,59,62.7%,43.6%,58.6%,45.5%,50.0%,33.3%,71.4%,50.0%,66.7%,66.7%
20160909-M-US_Open-SF-Novak_Djokovic-Gael_Monfils,Gael Monfils,2,40,47.5%,34.4%,52.4%,44.4%,53.3%,12.5%,16.7%,16.7%,25.0%,25.0%
20160908-M-US_Open-QF-Juan_Martin_Del_Potro-Stan_Wawrinka,Juan Martin Del Potro,1,71,76.1%,66.7%,75.6%,68.6%,80.0%,64.7%,64.7%,45.5%,62.5%,57.1%
20160908-M-US_Open-QF-Juan_Martin_Del_Potro-Stan_Wawrinka,Juan Martin Del Potro,2,43,60.5%,51.4%,58.1%,45.8%,47.8%,40.0%,47.1%,40.0%,46.2%,41.7%
20160908-M-US_Open-QF-Juan_Martin_Del_Potro-Stan_Wawrinka,Stan Wawrinka,1,68,76.5%,62.8%,71.1%,54.2%,61.9%,52.9%,60.0%,40.0%,44.4%,0.0%
20160908-M-US_Open-QF-Juan_Martin_Del_Potro-Stan_Wawrinka,Stan Wawrinka,2,50,64.0%,60.0%,67.5%,60.6%,83.3%,76.5%,92.9%,85.7%,85.7%,80.0%
20160907-M-US_Open-QF-Andy_Murray-Kei_Nishikori,Andy Murray,1,77,68.8%,52.9%,61.4%,46.9%,53.6%,38.1%,50.0%,38.5%,62.5%,62.5%
20160907-M-US_Open-QF-Andy_Murray-Kei_Nishikori,Andy Murray,2,61,41.0%,32.1%,41.5%,29.4%,35.7%,25.0%,37.5%,28.6%,50.0%,50.0%
20160907-M-US_Open-QF-Andy_Murray-Kei_Nishikori,Kei Nishikori,1,78,71.8%,63.3%,73.1%,61.1%,68.8%,52.4%,61.1%,53.3%,66.7%,60.0%
20160907-M-US_Open-QF-Andy_Murray-Kei_Nishikori,Kei Nishikori,2,48,45.8%,29.7%,37.9%,37.9%,55.0%,40.0%,60.0%,55.6%,71.4%,66.7%
20160906-M-US_Open-QF-Lucas_Pouille-Gael_Monfils,Lucas Pouille,1,53,73.6%,56.3%,69.2%,55.6%,76.9%,62.5%,83.3%,75.0%,100.0%,100.0%
20160906-M-US_Open-QF-Lucas_Pouille-Gael_Monfils,Lucas Pouille,2,33,39.4%,33.3%,43.5%,40.9%,45.0%,35.3%,46.2%,36.4%,66.7%,60.0%
20160906-M-US_Open-QF-Lucas_Pouille-Gael_Monfils,Gael Monfils,1,47,85.1%,70.8%,77.3%,66.7%,71.4%,63.6%,70.0%,66.7%,75.0%,50.0%
20160906-M-US_Open-QF-Lucas_Pouille-Gael_Monfils,Gael Monfils,2,26,65.4%,62.5%,68.2%,56.3%,69.2%,60.0%,100.0%,100.0%,100.0%,100.0%
20160904-M-US_Open-R16-Lucas_Pouille-Rafael_Nadal,Lucas Pouille,1,73,67.1%,50.0%,61.5%,42.3%,55.0%,50.0%,60.0%,33.3%,60.0%,33.3%
20160904-M-US_Open-R16-Lucas_Pouille-Rafael_Nadal,Lucas Pouille,2,85,60.0%,53.4%,60.9%,52.8%,66.7%,57.6%,67.9%,52.6%,62.5%,57.1%
20160904-M-US_Open-R16-Lucas_Pouille-Rafael_Nadal,Rafael Nadal,1,90,71.1%,64.9%,71.6%,56.8%,65.8%,53.6%,62.5%,55.0%,78.6%,75.0%
20160904-M-US_Open-R16-Lucas_Pouille-Rafael_Nadal,Rafael Nadal,2,56,53.6%,50.9%,54.0%,42.5%,47.2%,36.7%,45.8%,35.0%,43.8%,25.0%
20160829-M-US_Open-R128-Novak_Djokovic-Jerzy_Janowicz,Novak Djokovic,1,71,69.0%,51.1%,63.9%,50.0%,59.1%,30.8%,44.4%,28.6%,40.0%,40.0%
20160829-M-US_Open-R128-Novak_Djokovic-Jerzy_Janowicz,Novak Djokovic,2,38,71.1%,54.2%,81.3%,70.0%,87.5%,80.0%,100.0%,100.0%,100.0%,-
20160829-M-US_Open-R128-Novak_Djokovic-Jerzy_Janowicz,Jerzy Janowicz,1,62,62.9%,42.5%,53.1%,40.0%,52.6%,25.0%,33.3%,14.3%,33.3%,33.3%
20160829-M-US_Open-R128-Novak_Djokovic-Jerzy_Janowicz,Jerzy Janowicz,2,41,53.7%,47.2%,54.8%,44.0%,55.0%,35.7%,62.5%,50.0%,60.0%,33.3%
20160131-M-Australian_Open-F-Novak_Djokovic-Andy_Murray,Novak Djokovic,1,73,74.00%,63.50%,67.30%,52.90%,58.10%,45.80%,55.00%,47.10%,57.10%,53.80%
20160131-M-Australian_Open-F-Novak_Djokovic-Andy_Murray,Novak Djokovic,2,35,57.10%,53.10%,63.00%,61.50%,66.70%,61.90%,76.50%,75.00%,85.70%,80.00%
20160131-M-Australian_Open-F-Novak_Djokovic-Andy_Murray,Andy Murray,1,71,67.60%,52.10%,58.10%,45.50%,53.60%,48.00%,63.20%,56.30%,60.00%,40.00%
20160131-M-Australian_Open-F-Novak_Djokovic-Andy_Murray,Andy Murray,2,35,40.00%,34.40%,45.80%,38.10%,44.40%,41.20%,46.70%,42.90%,46.20%,41.70%
20160129-M-Australian_Open-SF-Andy_Murray-Milos_Raonic,Andy Murray,1,99,78.80%,66.70%,75.00%,65.00%,78.80%,70.80%,89.50%,77.80%,77.80%,60.00%
20160129-M-Australian_Open-SF-Andy_Murray-Milos_Raonic,Andy Murray,2,45,71.10%,61.80%,70.00%,57.10%,66.70%,50.00%,66.70%,57.10%,80.00%,0.00%
20160129-M-Australian_Open-SF-Andy_Murray-Milos_Raonic,Milos Raonic,1,115,76.50%,60.30%,77.40%,60.00%,78.30%,58.30%,77.80%,60.00%,75.00%,50.00%
20160129-M-Australian_Open-SF-Andy_Murray-Milos_Raonic,Milos Raonic,2,49,51.00%,44.20%,54.30%,44.80%,61.90%,55.60%,76.90%,66.70%,75.00%,66.70%
20160128-M-Australian_Open-SF-Novak_Djokovic-Roger_Federer,Novak Djokovic,1,65,76.90%,58.30%,61.80%,40.90%,50.00%,30.80%,44.40%,28.60%,50.00%,33.30%
20160128-M-Australian_Open-SF-Novak_Djokovic-Roger_Federer,Novak Djokovic,2,31,67.70%,60.00%,75.00%,68.80%,73.30%,66.70%,72.70%,70.00%,77.80%,75.00%
20160128-M-Australian_Open-SF-Novak_Djokovic-Roger_Federer,Roger Federer,1,57,61.40%,38.90%,51.90%,38.10%,50.00%,38.50%,45.50%,33.30%,50.00%,0.00%
20160128-M-Australian_Open-SF-Novak_Djokovic-Roger_Federer,Roger Federer,2,42,50.00%,40.00%,45.20%,32.00%,40.00%,25.00%,30.80%,10.00%,14.30%,0.00%
20160127-M-Australian_Open-QF-Milos_Raonic-Gael_Monfils,Milos Raonic,1,62,83.90%,71.40%,86.20%,69.20%,81.80%,33.30%,50.00%,50.00%,100.00%,100.00%
20160127-M-Australian_Open-QF-Milos_Raonic-Gael_Monfils,Milos Raonic,2,35,68.60%,52.20%,63.20%,46.20%,66.70%,40.00%,40.00%,25.00%,25.00%,25.00%
20160127-M-Australian_Open-QF-Milos_Raonic-Gael_Monfils,Gael Monfils,1,65,78.50%,58.80%,62.50%,33.30%,42.90%,11.10%,20.00%,0.00%,0.00%,0.00%
20160127-M-Australian_Open-QF-Milos_Raonic-Gael_Monfils,Gael Monfils,2,36,58.30%,46.40%,59.10%,52.60%,66.70%,54.50%,66.70%,50.00%,50.00%,40.00%
20160126-M-Australian_Open-QF-Roger_Federer-Tomas_Berdych,Roger Federer,1,60,83.3%,68.8%,75.9%,61.1%,91.7%,75.0%,100.0%,100.0%,100.0%,100.0%
20160126-M-Australian_Open-QF-Roger_Federer-Tomas_Berdych,Roger Federer,2,24,54.2%,47.6%,52.6%,30.8%,50.0%,50.0%,57.1%,40.0%,50.0%,33.3%
20160126-M-Australian_Open-QF-Roger_Federer-Tomas_Berdych,Tomas Berdych,1,60,68.3%,40.6%,48.1%,33.3%,46.7%,33.3%,36.4%,22.2%,28.6%,16.7%
20160126-M-Australian_Open-QF-Roger_Federer-Tomas_Berdych,Tomas Berdych,2,46,52.2%,43.6%,53.1%,48.3%,58.3%,37.5%,50.0%,0.0%,0.0%,0.0%
20160126-M-Australian_Open-QF-Novak_Djokovic-Kei_Nishikori,Novak Djokovic,1,51,64.70%,47.10%,64.00%,47.10%,53.30%,41.70%,55.60%,50.00%,57.10%,50.00%
20160126-M-Australian_Open-QF-Novak_Djokovic-Kei_Nishikori,Novak Djokovic,2,36,69.40%,59.30%,66.70%,57.90%,61.10%,46.20%,54.50%,50.00%,62.50%,50.00%
20160126-M-Australian_Open-QF-Novak_Djokovic-Kei_Nishikori,Kei Nishikori,1,49,59.20%,39.40%,54.20%,42.10%,66.70%,63.60%,77.80%,60.00%,75.00%,50.00%
20160126-M-Australian_Open-QF-Novak_Djokovic-Kei_Nishikori,Kei Nishikori,2,31,45.20%,32.00%,40.00%,33.30%,54.50%,16.70%,33.30%,33.30%,33.30%,0.00%
20160125-M-Australian_Open-R16-Stan_Wawrinka-Milos_Raonic,Stan Wawrinka,1,99,70.70%,57.40%,67.20%,48.60%,54.50%,31.80%,58.30%,37.50%,60.00%,50.00%
20160125-M-Australian_Open-R16-Stan_Wawrinka-Milos_Raonic,Stan Wawrinka,2,63,58.70%,44.70%,51.20%,35.50%,55.00%,40.00%,85.70%,75.00%,75.00%,66.70%
20160125-M-Australian_Open-R16-Stan_Wawrinka-Milos_Raonic,Milos Raonic,1,101,79.20%,59.60%,72.10%,52.00%,76.50%,20.00%,50.00%,0.00%,-,-
20160125-M-Australian_Open-R16-Stan_Wawrinka-Milos_Raonic,Milos Raonic,2,42,54.80%,45.70%,48.50%,37.00%,55.60%,50.00%,66.70%,33.30%,50.00%,0.00%
20160124-M-Australian_Open-R16-Novak_Djokovic-Gilles_Simon,Novak Djokovic,1,108,69.40%,55.40%,59.40%,42.90%,52.50%,36.70%,44.00%,41.70%,50.00%,37.50%
20160124-M-Australian_Open-R16-Novak_Djokovic-Gilles_Simon,Novak Djokovic,2,66,56.10%,49.10%,54.90%,52.10%,62.50%,54.50%,58.10%,50.00%,61.90%,46.70%
20160124-M-Australian_Open-R16-Novak_Djokovic-Gilles_Simon,Gilles Simon,1,126,69.00%,62.10%,65.30%,56.40%,62.90%,55.90%,63.50%,52.50%,65.60%,63.30%
20160124-M-Australian_Open-R16-Novak_Djokovic-Gilles_Simon,Gilles Simon,2,61,39.30%,36.20%,42.90%,41.70%,50.00%,48.70%,52.80%,46.90%,55.60%,45.50%
20160123-M-Australian_Open-R32-Stan_Wawrinka-Lukas_Rosol,Stan Wawrinka,1,47,78.7%,54.5%,70.6%,44.4%,44.4%,50.0%,57.1%,0.0%,0.0%,0.0%
20160123-M-Australian_Open-R32-Stan_Wawrinka-Lukas_Rosol,Stan Wawrinka,2,36,66.7%,55.6%,71.4%,45.5%,55.6%,42.9%,50.0%,50.0%,60.0%,60.0%
20160123-M-Australian_Open-R32-Stan_Wawrinka-Lukas_Rosol,Lukas Rosol,1,47,70.2%,48.1%,50.0%,27.8%,55.6%,20.0%,25.0%,25.0%,50.0%,0.0%
20160123-M-Australian_Open-R32-Stan_Wawrinka-Lukas_Rosol,Lukas Rosol,2,38,50.0%,44.1%,62.5%,43.8%,63.6%,42.9%,42.9%,33.3%,66.7%,66.7%
20160122-M-Australian_Open-R32-Grigor_Dimitrov-Roger_Federer,Grigor Dimitrov,1,76,63.2%,47.2%,61.0%,48.4%,65.2%,46.7%,58.3%,50.0%,55.6%,42.9%
20160122-M-Australian_Open-R32-Grigor_Dimitrov-Roger_Federer,Grigor Dimitrov,2,47,57.4%,47.4%,60.0%,42.9%,52.9%,38.5%,45.5%,25.0%,40.0%,0.0%
20160122-M-Australian_Open-R32-Grigor_Dimitrov-Roger_Federer,Roger Federer,1,70,75.7%,54.1%,66.7%,44.4%,57.1%,40.0%,50.0%,33.3%,40.0%,0.0%
20160122-M-Australian_Open-R32-Grigor_Dimitrov-Roger_Federer,Roger Federer,2,37,62.2%,57.6%,63.3%,50.0%,61.1%,41.7%,62.5%,40.0%,66.7%,66.7%
20160122-M-Australian_Open-R32-Gilles_Simon-Federico_Delbonis,Gilles Simon,1,46,71.70%,55.20%,61.50%,52.40%,64.70%,53.80%,70.00%,50.00%,50.00%,25.00%
20160122-M-Australian_Open-R32-Gilles_Simon-Federico_Delbonis,Gilles Simon,2,19,84.20%,76.90%,83.30%,77.80%,77.80%,75.00%,85.70%,83.30%,83.30%,83.30%
20160122-M-Australian_Open-R32-Gilles_Simon-Federico_Delbonis,Federico Delbonis,1,45,64.40%,46.70%,50.00%,30.00%,35.30%,31.30%,50.00%,44.40%,57.10%,40.00%
20160122-M-Australian_Open-R32-Gilles_Simon-Federico_Delbonis,Federico Delbonis,2,33,36.40%,32.30%,37.00%,32.00%,40.00%,29.40%,55.60%,33.30%,40.00%,25.00%
20160122-M-Australian_Open-R32-David_Goffin-Dominic_Thiem,David Goffin,1,60,76.7%,62.2%,65.7%,52.0%,56.5%,47.4%,56.3%,46.2%,54.5%,37.5%
20160122-M-Australian_Open-R32-David_Goffin-Dominic_Thiem,David Goffin,2,42,54.8%,45.7%,55.2%,43.5%,45.5%,40.0%,44.4%,37.5%,50.0%,33.3%
20160122-M-Australian_Open-R32-David_Goffin-Dominic_Thiem,Dominic Thiem,1,55,63.6%,41.2%,56.0%,42.1%,50.0%,46.7%,50.0%,41.7%,71.4%,66.7%
20160122-M-Australian_Open-R32-David_Goffin-Dominic_Thiem,Dominic Thiem,2,29,65.5%,58.3%,66.7%,53.3%,61.5%,58.3%,63.6%,50.0%,57.1%,40.0%
20160120-M-Australian_Open-R64-Roger_Federer-Alexandr_Dolgopolov,Roger Federer,1,48,87.5%,57.1%,66.7%,60.0%,85.7%,75.0%,100.0%,100.0%,100.0%,100.0%
20160120-M-Australian_Open-R64-Roger_Federer-Alexandr_Dolgopolov,Roger Federer,2,20,60.0%,38.5%,45.5%,40.0%,57.1%,25.0%,100.0%,100.0%,100.0%,100.0%
20160120-M-Australian_Open-R64-Roger_Federer-Alexandr_Dolgopolov,Alexandr Dolgopolov,1,53,64.2%,48.6%,64.3%,44.4%,66.7%,55.6%,71.4%,60.0%,75.0%,66.7%
20160120-M-Australian_Open-R64-Roger_Federer-Alexandr_Dolgopolov,Alexandr Dolgopolov,2,34,52.9%,30.4%,58.3%,37.5%,42.9%,33.3%,50.0%,33.3%,100.0%,100.0%
20160119-M-Australian_Open-R128-Rafael_Nadal-Fernando_Verdasco,Rafael Nadal,1,108,69.4%,50.7%,63.0%,41.2%,53.8%,33.3%,54.5%,44.4%,80.0%,50.0%
20160119-M-Australian_Open-R128-Rafael_Nadal-Fernando_Verdasco,Rafael Nadal,2,56,55.4%,41.9%,51.4%,41.4%,63.2%,46.2%,46.2%,41.7%,62.5%,57.1%
20160119-M-Australian_Open-R128-Rafael_Nadal-Fernando_Verdasco,Fernando Verdasco,1,119,72.3%,52.2%,72.0%,63.2%,75.0%,61.9%,68.4%,50.0%,60.0%,50.0%
20160119-M-Australian_Open-R128-Rafael_Nadal-Fernando_Verdasco,Fernando Verdasco,2,63,50.8%,38.0%,61.3%,45.5%,62.5%,50.0%,75.0%,66.7%,80.0%,66.7%
20150913-M-US_Open-F-Roger_Federer-Novak_Djokovic,Roger Federer,1,87,71.30%,51.90%,65.90%,48.10%,54.20%,26.70%,40.00%,25.00%,40.00%,25.00%
20150913-M-US_Open-F-Roger_Federer-Novak_Djokovic,Roger Federer,2,45,51.10%,38.90%,48.30%,37.50%,56.30%,46.20%,46.20%,22.20%,28.60%,0.00%
20150913-M-US_Open-F-Roger_Federer-Novak_Djokovic,Novak Djokovic,1,96,65.60%,54.20%,59.10%,44.90%,52.40%,42.90%,62.50%,52.60%,66.70%,61.50%
20150913-M-US_Open-F-Roger_Federer-Novak_Djokovic,Novak Djokovic,2,54,59.30%,53.20%,59.50%,54.10%,62.50%,53.80%,70.00%,60.00%,75.00%,57.10%
20150911-M-US_Open-SF-Stan_Wawrinka-Roger_Federer,Stan Wawrinka,1,38,57.90%,23.80%,33.30%,23.10%,33.30%,33.30%,50.00%,0.00%,0.00%,0.00%
20150911-M-US_Open-SF-Stan_Wawrinka-Roger_Federer,Stan Wawrinka,2,39,51.30%,26.90%,38.90%,21.40%,42.90%,33.30%,40.00%,25.00%,33.30%,33.30%
20150911-M-US_Open-SF-Stan_Wawrinka-Roger_Federer,Roger Federer,1,50,80.00%,64.30%,72.00%,46.20%,85.70%,75.00%,75.00%,0.00%,-,-
20150911-M-US_Open-SF-Stan_Wawrinka-Roger_Federer,Roger Federer,2,25,68.00%,61.90%,65.00%,53.30%,57.10%,25.00%,33.30%,20.00%,33.30%,0.00%
20150911-M-US_Open-SF-Novak_Djokovic-Marin_Cilic,Novak Djokovic,1,37,75.70%,60.90%,73.70%,66.70%,71.40%,50.00%,57.10%,57.10%,100.00%,100.00%
20150911-M-US_Open-SF-Novak_Djokovic-Marin_Cilic,Novak Djokovic,2,18,83.30%,76.90%,83.30%,75.00%,100.00%,100.00%,100.00%,100.00%,100.00%,-
20150911-M-US_Open-SF-Novak_Djokovic-Marin_Cilic,Marin Cilic,1,31,61.30%,42.90%,52.90%,33.30%,66.70%,33.30%,50.00%,50.00%,50.00%,0.00%
20150911-M-US_Open-SF-Novak_Djokovic-Marin_Cilic,Marin Cilic,2,30,23.30%,14.80%,18.20%,14.30%,20.00%,0.00%,0.00%,0.00%,0.00%,0.00%
20150910-M-US_Open-QF-Roger_Federer-Richard_Gasquet,Roger Federer,1,53,86.80%,76.70%,85.20%,69.20%,75.00%,25.00%,33.30%,0.00%,0.00%,0.00%
20150910-M-US_Open-QF-Roger_Federer-Richard_Gasquet,Roger Federer,2,15,53.30%,41.70%,55.60%,33.30%,40.00%,25.00%,33.30%,0.00%,0.00%,0.00%
20150910-M-US_Open-QF-Roger_Federer-Richard_Gasquet,Richard Gasquet,1,44,61.40%,43.30%,56.50%,28.60%,36.40%,12.50%,16.70%,16.70%,25.00%,25.00%
20150910-M-US_Open-QF-Roger_Federer-Richard_Gasquet,Richard Gasquet,2,27,44.40%,28.60%,37.50%,23.10%,33.30%,25.00%,50.00%,50.00%,66.70%,0.00%
20150909-M-US_Open-QF-Novak_Djokovic-Feliciano_Lopez,Novak Djokovic,1,68,76.50%,64.40%,78.40%,68.00%,70.80%,56.30%,69.20%,60.00%,100.00%,100.00%
20150909-M-US_Open-QF-Novak_Djokovic-Feliciano_Lopez,Novak Djokovic,2,49,67.30%,54.30%,59.40%,48.00%,66.70%,57.10%,66.70%,60.00%,66.70%,50.00%
20150909-M-US_Open-QF-Novak_Djokovic-Feliciano_Lopez,Feliciano Lopez,1,59,76.30%,39.10%,56.30%,36.40%,44.40%,16.70%,33.30%,0.00%,0.00%,0.00%
20150909-M-US_Open-QF-Novak_Djokovic-Feliciano_Lopez,Feliciano Lopez,2,51,60.80%,42.90%,53.60%,40.90%,52.90%,46.70%,58.30%,50.00%,62.50%,40.00%
20150908-M-US_Open-R16-Roger_Federer-John_Isner,Roger Federer,1,63,82.50%,56.00%,70.00%,50.00%,66.70%,57.10%,66.70%,50.00%,100.00%,100.00%
20150908-M-US_Open-R16-Roger_Federer-John_Isner,Roger Federer,2,43,72.10%,57.10%,84.20%,72.70%,88.90%,85.70%,100.00%,100.00%,100.00%,100.00%
20150908-M-US_Open-R16-Roger_Federer-John_Isner,John Isner,1,91,69.20%,48.10%,55.30%,36.40%,57.10%,35.70%,55.60%,33.30%,66.70%,50.00%
20150908-M-US_Open-R16-Roger_Federer-John_Isner,John Isner,2,41,53.70%,32.10%,47.40%,16.70%,33.30%,0.00%,0.00%,0.00%,0.00%,0.00%
20150907-M-US_Open-R16-Andy_Murray-Kevin_Anderson,Andy Murray,1,92,73.90%,50.00%,66.70%,52.00%,59.10%,43.80%,53.80%,40.00%,66.70%,50.00%
20150907-M-US_Open-R16-Andy_Murray-Kevin_Anderson,Andy Murray,2,53,47.20%,40.40%,47.50%,40.00%,58.30%,47.40%,60.00%,40.00%,44.40%,28.60%
20150907-M-US_Open-R16-Andy_Murray-Kevin_Anderson,Kevin Anderson,1,111,79.30%,57.40%,70.50%,58.10%,78.30%,44.40%,50.00%,20.00%,25.00%,0.00%
20150907-M-US_Open-R16-Andy_Murray-Kevin_Anderson,Kevin Anderson,2,54,44.40%,38.80%,59.40%,45.80%,52.40%,41.20%,63.60%,55.60%,62.50%,57.10%
20150905-M-US_Open-R32-Roger_Federer-Philipp_Kohlschreiber,Roger Federer,1,51,72.50%,56.30%,69.20%,50.00%,80.00%,71.40%,83.30%,50.00%,50.00%,50.00%
20150905-M-US_Open-R32-Roger_Federer-Philipp_Kohlschreiber,Roger Federer,2,28,60.70%,45.00%,56.30%,22.20%,50.00%,33.30%,50.00%,50.00%,100.00%,100.00%
20150905-M-US_Open-R32-Roger_Federer-Philipp_Kohlschreiber,Philipp Kohlschreiber,1,44,70.50%,59.40%,70.40%,46.70%,70.00%,40.00%,50.00%,50.00%,100.00%,100.00%
20150905-M-US_Open-R32-Roger_Federer-Philipp_Kohlschreiber,Philipp Kohlschreiber,2,22,63.60%,50.00%,61.50%,44.40%,57.10%,0.00%,0.00%,0.00%,0.00%,0.00%
20150904-M-US_Open-R32-Novak_Djokovic-Andreas_Seppi,Novak Djokovic,1,61,77.0%,63.2%,70.6%,58.3%,70.0%,60.0%,75.0%,66.7%,75.0%,66.7%
20150904-M-US_Open-R32-Novak_Djokovic-Andreas_Seppi,Novak Djokovic,2,27,63.0%,58.3%,66.7%,53.3%,53.3%,50.0%,70.0%,62.5%,83.3%,80.0%
20150904-M-US_Open-R32-Novak_Djokovic-Andreas_Seppi,Andreas Seppi,1,57,70.2%,62.2%,71.8%,62.1%,62.1%,56.0%,60.9%,52.6%,62.5%,45.5%
20150904-M-US_Open-R32-Novak_Djokovic-Andreas_Seppi,Andreas Seppi,2,49,53.1%,52.1%,61.0%,56.8%,75.0%,69.6%,76.2%,68.8%,73.3%,69.2%
20150903-M-US_Open-R64-Steve_Darcis-Roger_Federer,Steve Darcis,1,43,53.50%,37.50%,50.00%,29.40%,38.50%,20.00%,33.30%,0.00%,0.00%,0.00%
20150903-M-US_Open-R64-Steve_Darcis-Roger_Federer,Steve Darcis,2,35,42.90%,23.10%,27.30%,15.80%,27.30%,11.10%,12.50%,0.00%,0.00%,0.00%
20150903-M-US_Open-R64-Steve_Darcis-Roger_Federer,Roger Federer,1,43,86.00%,70.00%,87.50%,60.00%,75.00%,75.00%,100.00%,100.00%,100.00%,100.00%
20150903-M-US_Open-R64-Steve_Darcis-Roger_Federer,Roger Federer,2,17,58.80%,50.00%,63.60%,50.00%,66.70%,50.00%,66.70%,50.00%,100.00%,100.00%
20150903-M-US_Open-R64-Bernard_Tomic-Lleyton_Hewitt,Bernard Tomic,1,105,64.80%,39.30%,50.00%,33.30%,38.70%,24.00%,37.50%,28.60%,40.00%,33.30%
20150903-M-US_Open-R64-Bernard_Tomic-Lleyton_Hewitt,Bernard Tomic,2,50,58.00%,55.30%,65.00%,53.30%,61.50%,54.50%,66.70%,50.00%,54.50%,44.40%
20150903-M-US_Open-R64-Bernard_Tomic-Lleyton_Hewitt,Lleyton Hewitt,1,87,65.50%,45.50%,58.10%,33.30%,45.00%,21.40%,27.30%,27.30%,37.50%,28.60%
20150903-M-US_Open-R64-Bernard_Tomic-Lleyton_Hewitt,Lleyton Hewitt,2,66,56.10%,47.30%,61.90%,56.80%,67.70%,52.40%,57.90%,46.70%,77.80%,75.00%
20150902-M-US_Open-R64-Fernando_Verdasco-Milos_Raonic,Fernando Verdasco,1,84,75.00%,56.30%,62.80%,38.50%,47.60%,21.40%,30.00%,12.50%,20.00%,20.00%
20150902-M-US_Open-R64-Fernando_Verdasco-Milos_Raonic,Fernando Verdasco,2,35,62.90%,43.50%,58.80%,50.00%,77.80%,60.00%,100.00%,100.00%,100.00%,100.00%
20150902-M-US_Open-R64-Fernando_Verdasco-Milos_Raonic,Milos Raonic,1,77,80.50%,60.50%,85.20%,69.20%,90.00%,83.30%,100.00%,100.00%,100.00%,-
20150902-M-US_Open-R64-Fernando_Verdasco-Milos_Raonic,Milos Raonic,2,42,78.60%,64.00%,80.00%,71.40%,90.90%,80.00%,80.00%,50.00%,50.00%,0.00%
20150902-M-US_Open-R128-Andy_Murray-Nick_Kyrgios,Andy Murray,1,73,71.2%,50.0%,63.6%,50.0%,60.0%,27.3%,37.5%,28.6%,40.0%,25.0%
20150902-M-US_Open-R128-Andy_Murray-Nick_Kyrgios,Andy Murray,2,50,56.0%,48.8%,60.0%,53.3%,59.3%,50.0%,64.7%,53.8%,70.0%,50.0%
20150902-M-US_Open-R128-Andy_Murray-Nick_Kyrgios,Nick Kyrgios,1,68,64.7%,44.2%,55.9%,40.0%,52.6%,40.0%,54.5%,37.5%,50.0%,40.0%
20150902-M-US_Open-R128-Andy_Murray-Nick_Kyrgios,Nick Kyrgios,2,38,44.7%,38.2%,44.8%,20.0%,40.0%,40.0%,57.1%,40.0%,50.0%,50.0%
20150901-M-US_Open-R128-Roger_Federer-Leonardo_Mayer,Roger Federer,1,44,81.80%,61.90%,72.20%,37.50%,100.00%,-,-,-,-,-
20150901-M-US_Open-R128-Roger_Federer-Leonardo_Mayer,Roger Federer,2,17,82.40%,70.00%,100.00%,100.00%,100.00%,-,-,-,-,-
20150901-M-US_Open-R128-Roger_Federer-Leonardo_Mayer,Leonardo Mayer,1,38,55.30%,39.30%,50.00%,15.40%,20.00%,11.10%,16.70%,16.70%,25.00%,0.00%
20150901-M-US_Open-R128-Roger_Federer-Leonardo_Mayer,Leonardo Mayer,2,23,60.90%,50.00%,81.80%,66.70%,66.70%,50.00%,66.70%,50.00%,50.00%,50.00%
20150831-M-US_Open-R128-Tim_Smyczek-Milos_Raonic,Tim Smyczek,1,62,66.10%,46.20%,64.30%,47.40%,64.30%,44.40%,50.00%,33.30%,50.00%,50.00%
20150831-M-US_Open-R128-Tim_Smyczek-Milos_Raonic,Tim Smyczek,2,27,55.60%,45.50%,66.70%,44.40%,57.10%,40.00%,100.00%,100.00%,100.00%,100.00%
20150831-M-US_Open-R128-Tim_Smyczek-Milos_Raonic,Milos Raonic,1,44,86.40%,57.10%,66.70%,50.00%,80.00%,0.00%,-,-,-,-
20150831-M-US_Open-R128-Tim_Smyczek-Milos_Raonic,Milos Raonic,2,39,74.40%,63.00%,73.90%,33.30%,50.00%,25.00%,100.00%,-,-,-
20150201-M-Australian_Open-F-Novak_Djokovic-Andy_Murray,Novak Djokovic,1,81,59.30%,48.40%,55.40%,35.90%,41.20%,28.60%,32.00%,22.70%,22.70%,19.00%
20150201-M-Australian_Open-F-Novak_Djokovic-Andy_Murray,Novak Djokovic,2,54,63.00%,57.40%,61.40%,58.50%,63.20%,56.30%,58.10%,43.50%,47.60%,35.30%
20150201-M-Australian_Open-F-Novak_Djokovic-Andy_Murray,Andy Murray,1,76,64.50%,47.10%,58.50%,45.20%,48.30%,46.40%,48.10%,41.70%,43.50%,38.10%
20150201-M-Australian_Open-F-Novak_Djokovic-Andy_Murray,Andy Murray,2,38,36.80%,31.40%,39.30%,34.60%,42.90%,33.30%,50.00%,50.00%,50.00%,50.00%
20150130-M-Australian_Open-SF-Novak_Djokovic-Stan_Wawrinka,Novak Djokovic,1,87,70.1%,58.1%,65.5%,51.3%,58.8%,39.1%,50.0%,30.8%,44.4%,44.4%
20150130-M-Australian_Open-SF-Novak_Djokovic-Stan_Wawrinka,Novak Djokovic,2,45,62.2%,50.0%,54.8%,48.1%,54.2%,42.1%,53.3%,36.4%,66.7%,50.0%
20150130-M-Australian_Open-SF-Novak_Djokovic-Stan_Wawrinka,Stan Wawrinka,1,94,62.8%,43.5%,55.1%,42.1%,48.5%,34.6%,39.1%,22.2%,28.6%,16.7%
20150130-M-Australian_Open-SF-Novak_Djokovic-Stan_Wawrinka,Stan Wawrinka,2,59,55.9%,46.9%,54.8%,52.5%,60.0%,53.3%,66.7%,60.0%,66.7%,62.5%
20150129-M-Australian_Open-SF-Tomas_Berdych-Andy_Murray,Tomas Berdych,1,75,66.7%,54.5%,65.2%,50.0%,64.0%,52.9%,60.0%,25.0%,25.0%,25.0%
20150129-M-Australian_Open-SF-Tomas_Berdych-Andy_Murray,Tomas Berdych,2,46,56.5%,47.4%,58.1%,45.8%,55.0%,43.8%,50.0%,41.7%,50.0%,37.5%
20150129-M-Australian_Open-SF-Tomas_Berdych-Andy_Murray,Andy Murray,1,85,75.3%,61.8%,65.4%,47.1%,50.0%,42.9%,50.0%,40.0%,57.1%,53.8%
20150129-M-Australian_Open-SF-Tomas_Berdych-Andy_Murray,Andy Murray,2,43,55.8%,50.0%,65.5%,60.0%,68.2%,53.3%,72.7%,57.1%,66.7%,66.7%
20150127-M-Australian_Open-QF-Tomas_Berdych-Rafael_Nadal,Tomas Berdych,1,57,82.50%,69.70%,76.70%,56.30%,75.00%,57.10%,80.00%,66.70%,66.70%,66.70%
20150127-M-Australian_Open-QF-Tomas_Berdych-Rafael_Nadal,Tomas Berdych,2,30,46.70%,38.50%,45.50%,36.80%,50.00%,36.40%,50.00%,42.90%,50.00%,25.00%
20150127-M-Australian_Open-QF-Tomas_Berdych-Rafael_Nadal,Rafael Nadal,1,61,63.90%,50.00%,57.90%,44.80%,52.00%,45.50%,58.80%,46.20%,50.00%,33.30%
20150127-M-Australian_Open-QF-Tomas_Berdych-Rafael_Nadal,Rafael Nadal,2,15,40.00%,35.70%,50.00%,44.40%,57.10%,40.00%,66.70%,66.70%,66.70%,66.70%
20150127-M-Australian_Open-QF-Stan_Wawrinka-Kei_Nishikori,Stan Wawrinka,1,57,86.0%,63.6%,87.5%,83.3%,100.0%,100.0%,100.0%,100.0%,100.0%,100.0%
20150127-M-Australian_Open-QF-Stan_Wawrinka-Kei_Nishikori,Stan Wawrinka,2,30,60.0%,52.0%,65.0%,58.8%,62.5%,53.8%,58.3%,44.4%,57.1%,57.1%
20150127-M-Australian_Open-QF-Stan_Wawrinka-Kei_Nishikori,Kei Nishikori,1,59,72.9%,61.0%,71.4%,52.4%,78.6%,62.5%,62.5%,50.0%,60.0%,50.0%
20150127-M-Australian_Open-QF-Stan_Wawrinka-Kei_Nishikori,Kei Nishikori,2,33,54.5%,42.3%,45.8%,31.6%,42.9%,11.1%,16.7%,0.0%,0.0%,0.0%
20150127-M-Australian_Open-QF-Andy_Murray-Nick_Kyrgios,Andy Murray,1,60,80.0%,62.5%,74.1%,56.3%,81.8%,66.7%,66.7%,33.3%,100.0%,-
20150127-M-Australian_Open-QF-Andy_Murray-Nick_Kyrgios,Andy Murray,2,26,69.2%,63.6%,70.0%,60.0%,64.3%,44.4%,57.1%,50.0%,75.0%,50.0%
20150127-M-Australian_Open-QF-Andy_Murray-Nick_Kyrgios,Nick Kyrgios,1,69,65.2%,50.0%,54.5%,37.5%,50.0%,33.3%,37.5%,23.1%,23.1%,16.7%
20150127-M-Australian_Open-QF-Andy_Murray-Nick_Kyrgios,Nick Kyrgios,2,38,55.3%,50.0%,60.7%,54.2%,65.0%,53.3%,72.7%,62.5%,62.5%,57.1%
20150126-M-Australian_Open-QF-Novak_Djokovic-Milos_Raonic,Novak Djokovic,1,55,89.1%,82.4%,84.8%,72.2%,81.3%,57.1%,66.7%,60.0%,100.0%,100.0%
20150126-M-Australian_Open-QF-Novak_Djokovic-Milos_Raonic,Novak Djokovic,2,21,81.0%,76.5%,76.5%,60.0%,85.7%,80.0%,100.0%,100.0%,100.0%,-
20150126-M-Australian_Open-QF-Novak_Djokovic-Milos_Raonic,Milos Raonic,1,68,70.6%,41.2%,48.3%,34.8%,47.1%,30.8%,40.0%,0.0%,0.0%,0.0%
20150126-M-Australian_Open-QF-Novak_Djokovic-Milos_Raonic,Milos Raonic,2,29,58.6%,50.0%,57.1%,43.8%,53.8%,40.0%,57.1%,57.1%,80.0%,66.7%
20150125-M-Australian_Open-R16-Nick_Kyrgios-Andreas_Seppi,Nick Kyrgios,1,116,75.0%,50.0%,60.4%,44.1%,51.7%,36.4%,61.5%,44.4%,66.7%,50.0%
20150125-M-Australian_Open-R16-Nick_Kyrgios-Andreas_Seppi,Nick Kyrgios,2,64,57.8%,48.1%,56.8%,47.2%,63.0%,47.4%,56.3%,41.7%,55.6%,42.9%
20150125-M-Australian_Open-R16-Nick_Kyrgios-Andreas_Seppi,Andreas Seppi,1,115,73.9%,58.3%,72.4%,56.8%,65.6%,57.7%,65.2%,57.9%,64.7%,60.0%
20150125-M-Australian_Open-R16-Nick_Kyrgios-Andreas_Seppi,Andreas Seppi,2,59,55.9%,49.0%,55.6%,42.9%,51.7%,36.4%,42.1%,31.3%,45.5%,33.3%
20150125-M-Australian_Open-R16-Grigor_Dimitrov-Andy_Murray,Grigor Dimitrov,1,106,67.0%,57.8%,65.8%,53.7%,58.0%,48.8%,64.5%,45.0%,60.0%,50.0%
20150125-M-Australian_Open-R16-Grigor_Dimitrov-Andy_Murray,Grigor Dimitrov,2,44,36.4%,26.3%,32.3%,25.0%,31.8%,21.1%,30.8%,25.0%,33.3%,25.0%
20150125-M-Australian_Open-R16-Grigor_Dimitrov-Andy_Murray,Andy Murray,1,92,76.1%,59.3%,64.0%,51.4%,55.9%,42.3%,50.0%,38.9%,46.7%,27.3%
20150125-M-Australian_Open-R16-Grigor_Dimitrov-Andy_Murray,Andy Murray,2,40,45.0%,21.4%,28.6%,28.6%,50.0%,50.0%,54.5%,54.5%,60.0%,50.0%
20150125-M-Australian_Open-R16-Bernard_Tomic-Tomas_Berdych,Bernard Tomic,1,68,72.10%,60.40%,64.40%,51.50%,63.00%,58.30%,63.60%,52.90%,64.30%,50.00%
20150125-M-Australian_Open-R16-Bernard_Tomic-Tomas_Berdych,Bernard Tomic,2,36,36.10%,29.00%,36.00%,23.80%,31.30%,15.40%,16.70%,0.00%,0.00%,0.00%
20150125-M-Australian_Open-R16-Bernard_Tomic-Tomas_Berdych,Tomas Berdych,1,46,84.80%,56.30%,69.20%,42.90%,60.00%,50.00%,66.70%,0.00%,0.00%,0.00%
20150125-M-Australian_Open-R16-Bernard_Tomic-Tomas_Berdych,Tomas Berdych,2,39,64.10%,59.40%,70.40%,57.90%,68.80%,54.50%,66.70%,50.00%,100.00%,100.00%
20150123-M-Australian_Open-R32-Roger_Federer-Andreas_Seppi,Roger Federer,1,82,80.5%,59.0%,67.6%,50.0%,68.8%,50.0%,100.0%,100.0%,100.0%,100.0%
20150123-M-Australian_Open-R32-Roger_Federer-Andreas_Seppi,Roger Federer,2,47,57.4%,51.2%,60.0%,39.1%,45.0%,35.3%,42.9%,27.3%,33.3%,25.0%
20150123-M-Australian_Open-R32-Roger_Federer-Andreas_Seppi,Andreas Seppi,1,86,77.9%,67.2%,73.6%,54.8%,70.8%,50.0%,58.3%,28.6%,40.0%,40.0%
20150123-M-Australian_Open-R32-Roger_Federer-Andreas_Seppi,Andreas Seppi,2,61,52.5%,47.3%,53.1%,41.0%,55.2%,40.9%,50.0%,18.2%,22.2%,22.2%
20150123-M-Australian_Open-R32-Nick_Kyrgios-Malek_Jaziri,Malek Jaziri,1,47,72.3%,50.0%,56.5%,47.4%,52.9%,42.9%,54.5%,37.5%,60.0%,33.3%
20150123-M-Australian_Open-R32-Nick_Kyrgios-Malek_Jaziri,Nick Kyrgios,1,72,80.6%,44.0%,47.8%,25.0%,40.0%,0.0%,0.0%,0.0%,0.0%,0.0%
20150123-M-Australian_Open-R32-Nick_Kyrgios-Malek_Jaziri,Nick Kyrgios,2,27,51.9%,45.8%,55.0%,40.0%,50.0%,33.3%,50.0%,40.0%,50.0%,33.3%
20150123-M-Australian_Open-R32-Nick_Kyrgios-Malek_Jaziri,Malek Jaziri,2,41,51.2%,39.4%,50.0%,43.5%,52.6%,30.8%,44.4%,16.7%,33.3%,33.3%
20150123-M-Australian_Open-R32-Fernando_Verdasco-Novak_Djokovic,Fernando Verdasco,1,76,76.3%,55.0%,64.7%,40.0%,57.1%,53.8%,58.3%,37.5%,75.0%,75.0%
20150123-M-Australian_Open-R32-Fernando_Verdasco-Novak_Djokovic,Fernando Verdasco,2,42,40.5%,30.6%,42.3%,25.0%,29.4%,0.0%,0.0%,0.0%,0.0%,0.0%
20150123-M-Australian_Open-R32-Fernando_Verdasco-Novak_Djokovic,Novak Djokovic,1,66,81.8%,69.2%,79.4%,63.2%,66.7%,40.0%,44.4%,16.7%,20.0%,20.0%
20150123-M-Australian_Open-R32-Fernando_Verdasco-Novak_Djokovic,Novak Djokovic,2,25,68.0%,60.0%,75.0%,63.6%,63.6%,33.3%,66.7%,50.0%,50.0%,0.0%
20150121-M-Australian_Open-R64-Simone_Bolelli-Roger_Federer,Simone Bolelli,1,57,61.4%,43.6%,50.0%,34.6%,60.0%,40.0%,44.4%,16.7%,50.0%,0.0%
20150121-M-Australian_Open-R64-Simone_Bolelli-Roger_Federer,Simone Bolelli,2,49,59.2%,52.4%,64.7%,52.0%,68.4%,60.0%,64.3%,28.6%,66.7%,0.0%
20150121-M-Australian_Open-R64-Simone_Bolelli-Roger_Federer,Roger Federer,1,62,79.0%,51.9%,60.9%,25.0%,60.0%,33.3%,100.0%,100.0%,100.0%,-
20150121-M-Australian_Open-R64-Simone_Bolelli-Roger_Federer,Roger Federer,2,30,70.0%,59.1%,76.5%,55.6%,62.5%,40.0%,100.0%,100.0%,100.0%,100.0%
20150121-M-Australian_Open-R64-Rafael_Nadal-Tim_Smyczek,Rafael Nadal,1,104,68.3%,54.2%,63.9%,46.3%,59.4%,31.6%,54.5%,16.7%,33.3%,33.3%
20150121-M-Australian_Open-R64-Rafael_Nadal-Tim_Smyczek,Rafael Nadal,2,43,60.5%,57.5%,62.2%,53.3%,66.7%,61.9%,81.3%,75.0%,75.0%,70.0%
20150121-M-Australian_Open-R64-Rafael_Nadal-Tim_Smyczek,Tim Smyczek,1,106,64.2%,45.7%,58.2%,32.4%,45.8%,43.5%,52.6%,40.0%,54.5%,44.4%
20150121-M-Australian_Open-R64-Rafael_Nadal-Tim_Smyczek,Tim Smyczek,2,49,55.1%,50.0%,66.7%,59.3%,64.0%,52.6%,62.5%,50.0%,66.7%,50.0%
20150119-M-Australian_Open-R128-Yen_Hsun_Lu-Roger_Federer,Yen Hsun Lu,1,56,62.5%,52.3%,60.5%,42.3%,57.9%,46.7%,58.3%,16.7%,20.0%,20.0%
20150119-M-Australian_Open-R128-Yen_Hsun_Lu-Roger_Federer,Yen Hsun Lu,2,39,56.4%,54.1%,60.6%,45.8%,57.9%,42.9%,54.5%,50.0%,71.4%,71.4%
20150119-M-Australian_Open-R128-Yen_Hsun_Lu-Roger_Federer,Roger Federer,1,56,85.7%,75.0%,82.8%,50.0%,71.4%,0.0%,-,-,-,-
20150119-M-Australian_Open-R128-Yen_Hsun_Lu-Roger_Federer,Roger Federer,2,23,69.6%,68.2%,75.0%,61.5%,72.7%,66.7%,85.7%,80.0%,80.0%,75.0%
20150119-M-Australian_Open-R128-Mikhail_Youzhny-Rafael_Nadal,Mikhail Youzhny,1,44,56.8%,42.4%,56.0%,38.9%,43.8%,35.7%,50.0%,50.0%,62.5%,25.0%
20150119-M-Australian_Open-R128-Mikhail_Youzhny-Rafael_Nadal,Mikhail Youzhny,2,32,43.8%,30.8%,36.4%,22.2%,28.6%,28.6%,36.4%,36.4%,66.7%,60.0%
20150119-M-Australian_Open-R128-Mikhail_Youzhny-Rafael_Nadal,Rafael Nadal,1,35,88.6%,80.0%,88.9%,84.6%,91.7%,83.3%,83.3%,66.7%,66.7%,50.0%
20150119-M-Australian_Open-R128-Mikhail_Youzhny-Rafael_Nadal,Rafael Nadal,2,19,94.7%,93.8%,93.8%,92.9%,92.9%,88.9%,88.9%,80.0%,80.0%,66.7%
20140906-M-US_Open-SF-Novak_Djokovic-Kei_Nishikori,Novak Djokovic,1,66,80.3%,58.1%,66.7%,52.6%,71.4%,55.6%,83.3%,80.0%,80.0%,80.0%
20140906-M-US_Open-SF-Novak_Djokovic-Kei_Nishikori,Novak Djokovic,2,42,40.5%,26.5%,39.1%,26.3%,50.0%,44.4%,57.1%,57.1%,66.7%,60.0%
20140906-M-US_Open-SF-Novak_Djokovic-Kei_Nishikori,Kei Nishikori,1,73,67.1%,51.0%,62.5%,48.3%,58.3%,47.4%,60.0%,57.1%,61.5%,50.0%
20140906-M-US_Open-SF-Novak_Djokovic-Kei_Nishikori,Kei Nishikori,2,48,54.2%,43.6%,53.1%,48.3%,56.0%,45.0%,60.0%,40.0%,57.1%,25.0%
20140905-M-US_Open-QF-Roger_Federer-Gael_Monfils,Roger Federer,1,85,76.5%,63.6%,67.3%,48.5%,66.7%,38.5%,62.5%,40.0%,66.7%,0.0%
20140905-M-US_Open-QF-Roger_Federer-Gael_Monfils,Roger Federer,2,64,57.8%,44.9%,56.4%,46.9%,55.6%,47.8%,68.8%,58.3%,77.8%,75.0%
20140905-M-US_Open-QF-Roger_Federer-Gael_Monfils,Gael Monfils,1,97,64.9%,46.0%,52.7%,39.5%,56.7%,40.9%,60.0%,53.8%,63.6%,55.6%
20140905-M-US_Open-QF-Roger_Federer-Gael_Monfils,Gael Monfils,2,49,61.2%,57.8%,66.7%,55.2%,66.7%,55.6%,66.7%,54.5%,60.0%,50.0%
20140903-M-US_Open-QF-Novak_Djokovic-Andy_Murray,Novak Djokovic,1,97,66.0%,50.0%,56.9%,41.9%,60.0%,50.0%,60.0%,42.9%,60.0%,33.3%
20140903-M-US_Open-QF-Novak_Djokovic-Andy_Murray,Novak Djokovic,2,52,55.8%,43.9%,54.5%,44.4%,48.0%,38.1%,42.1%,35.3%,46.2%,41.7%
20140903-M-US_Open-QF-Novak_Djokovic-Andy_Murray,Andy Murray,1,75,65.3%,45.8%,57.9%,38.5%,45.5%,42.9%,52.9%,42.9%,60.0%,42.9%
20140903-M-US_Open-QF-Novak_Djokovic-Andy_Murray,Andy Murray,2,54,50.0%,43.8%,58.3%,50.0%,53.6%,45.8%,57.9%,46.7%,53.8%,40.0%
20140901-M-US_Open-R16-Milos_Raonic-Kei_Nishikori,Milos Raonic,1,106,82.1%,50.0%,65.5%,41.2%,43.8%,18.2%,40.0%,40.0%,100.0%,100.0%
20140901-M-US_Open-R16-Milos_Raonic-Kei_Nishikori,Milos Raonic,2,76,52.6%,37.9%,51.2%,19.2%,35.7%,18.2%,33.3%,20.0%,33.3%,0.0%
20140901-M-US_Open-R16-Milos_Raonic-Kei_Nishikori,Kei Nishikori,1,93,74.2%,61.9%,72.2%,59.5%,73.3%,60.0%,75.0%,66.7%,88.9%,75.0%
20140901-M-US_Open-R16-Milos_Raonic-Kei_Nishikori,Kei Nishikori,2,63,73.0%,62.2%,84.8%,72.2%,81.3%,70.0%,100.0%,100.0%,100.0%,100.0%
20140826-M-US_Open-R128-Roger_Federer-Marinko_Matosevic,Roger Federer,1,60,88.3%,77.4%,85.7%,71.4%,83.3%,50.0%,66.7%,50.0%,100.0%,-
20140826-M-US_Open-R128-Roger_Federer-Marinko_Matosevic,Roger Federer,2,26,57.7%,35.3%,60.0%,33.3%,50.0%,0.0%,0.0%,0.0%,-,-
20140826-M-US_Open-R128-Roger_Federer-Marinko_Matosevic,Marinko Matosevic,1,71,62.0%,46.0%,56.1%,40.0%,63.2%,41.7%,83.3%,75.0%,100.0%,100.0%
20140826-M-US_Open-R128-Roger_Federer-Marinko_Matosevic,Marinko Matosevic,2,45,57.8%,47.2%,60.7%,50.0%,57.9%,38.5%,50.0%,37.5%,50.0%,25.0%
20140126-M-Australian_Open-F-Stan_Wawrinka-Rafael_Nadal,Stan Wawrinka,1,52,86.50%,68.20%,83.30%,50.00%,60.00%,50.00%,50.00%,33.30%,50.00%,0.00%
20140126-M-Australian_Open-F-Stan_Wawrinka-Rafael_Nadal,Stan Wawrinka,2,41,53.70%,34.50%,45.50%,29.40%,35.70%,18.20%,33.30%,33.30%,50.00%,50.00%
20140126-M-Australian_Open-F-Stan_Wawrinka-Rafael_Nadal,Rafael Nadal,1,84,59.50%,46.00%,53.70%,34.20%,41.90%,30.80%,34.80%,25.00%,35.70%,18.20%
20140126-M-Australian_Open-F-Stan_Wawrinka-Rafael_Nadal,Rafael Nadal,2,21,47.60%,35.30%,46.20%,30.00%,33.30%,25.00%,33.30%,20.00%,20.00%,20.00%
20140123-M-Australian_Open-SF-Stan_Wawrinka-Tomas_Berdych,Stan Wawrinka,1,88,81.8%,66.7%,74.4%,57.7%,71.4%,57.1%,57.1%,33.3%,42.9%,20.0%
20140123-M-Australian_Open-SF-Stan_Wawrinka-Tomas_Berdych,Stan Wawrinka,2,53,60.4%,46.2%,60.0%,52.0%,61.9%,55.6%,71.4%,50.0%,66.7%,60.0%
20140123-M-Australian_Open-SF-Stan_Wawrinka-Tomas_Berdych,Tomas Berdych,1,87,81.6%,66.0%,75.6%,64.3%,85.7%,70.0%,87.5%,85.7%,85.7%,66.7%
20140123-M-Australian_Open-SF-Stan_Wawrinka-Tomas_Berdych,Tomas Berdych,2,46,65.2%,55.6%,66.7%,52.4%,61.1%,41.7%,45.5%,14.3%,16.7%,16.7%
20140122-M-Australian_Open-QF-Roger_Federer-Andy_Murray,Roger Federer,1,78,76.90%,64.70%,76.70%,61.50%,69.60%,50.00%,70.00%,40.00%,40.00%,0.00%
20140122-M-Australian_Open-QF-Roger_Federer-Andy_Murray,Roger Federer,2,43,65.10%,53.10%,63.00%,61.50%,69.60%,65.00%,68.40%,50.00%,66.70%,62.50%
20140122-M-Australian_Open-QF-Roger_Federer-Andy_Murray,Andy Murray,1,89,67.40%,52.50%,59.30%,53.20%,65.80%,55.20%,64.00%,55.00%,61.10%,41.70%
20140122-M-Australian_Open-QF-Roger_Federer-Andy_Murray,Andy Murray,2,56,50.00%,45.10%,56.10%,48.60%,54.80%,33.30%,50.00%,36.40%,44.40%,44.40%
20140122-M-Australian_Open-QF-Novak_Djokovic-Stan_Wawrinka,Novak Djokovic,1,105,71.4%,56.5%,61.9%,52.9%,61.4%,50.0%,70.8%,56.3%,64.3%,37.5%
20140122-M-Australian_Open-QF-Novak_Djokovic-Stan_Wawrinka,Novak Djokovic,2,38,60.5%,54.5%,62.1%,57.7%,62.5%,47.1%,57.1%,45.5%,55.6%,33.3%
20140122-M-Australian_Open-QF-Novak_Djokovic-Stan_Wawrinka,Stan Wawrinka,1,98,72.4%,53.4%,58.5%,43.6%,50.0%,37.0%,41.7%,30.0%,31.6%,18.8%
20140122-M-Australian_Open-QF-Novak_Djokovic-Stan_Wawrinka,Stan Wawrinka,2,67,53.7%,42.6%,48.9%,40.0%,48.5%,43.3%,48.1%,46.2%,54.5%,54.5%
20140122-M-Australian_Open-QF-Grigor_Dimitrov-Rafael_Nadal,Grigor Dimitrov,1,92,71.70%,57.40%,71.40%,50.00%,63.60%,55.60%,83.30%,80.00%,80.00%,71.40%
20140122-M-Australian_Open-QF-Grigor_Dimitrov-Rafael_Nadal,Grigor Dimitrov,2,58,51.70%,47.20%,58.10%,50.00%,60.00%,42.90%,50.00%,25.00%,33.30%,25.00%
20140122-M-Australian_Open-QF-Grigor_Dimitrov-Rafael_Nadal,Rafael Nadal,1,92,72.80%,64.30%,73.80%,64.40%,67.40%,58.80%,64.50%,50.00%,57.90%,46.70%
20140122-M-Australian_Open-QF-Grigor_Dimitrov-Rafael_Nadal,Rafael Nadal,2,25,84.00%,78.90%,88.20%,85.70%,100.00%,100.00%,100.00%,100.00%,100.00%,100.00%
20140121-M-Australian_Open-QF-Tomas_Berdych-David_Ferrer,Tomas Berdych,1,68,76.5%,61.0%,67.6%,42.9%,52.9%,27.3%,42.9%,20.0%,20.0%,20.0%
20140121-M-Australian_Open-QF-Tomas_Berdych-David_Ferrer,Tomas Berdych,2,56,48.2%,35.6%,40.0%,33.3%,37.5%,33.3%,45.5%,33.3%,46.2%,41.7%
20140121-M-Australian_Open-QF-Tomas_Berdych-David_Ferrer,David Ferrer,1,72,62.5%,53.4%,67.4%,61.5%,66.7%,60.0%,69.2%,60.0%,70.6%,58.3%
20140121-M-Australian_Open-QF-Tomas_Berdych-David_Ferrer,David Ferrer,2,44,52.3%,48.8%,51.3%,45.7%,57.1%,52.0%,59.1%,47.1%,57.1%,45.5%
20140120-M-Australian_Open-R16-Kei_Nishikori-Rafael_Nadal,Kei Nishikori,1,76,67.10%,51.90%,61.40%,43.30%,50.00%,35.00%,46.70%,42.90%,54.50%,44.40%
20140120-M-Australian_Open-R16-Kei_Nishikori-Rafael_Nadal,Kei Nishikori,2,38,42.10%,38.90%,46.70%,42.90%,57.10%,52.60%,62.50%,50.00%,50.00%,25.00%
20140120-M-Australian_Open-R16-Kei_Nishikori-Rafael_Nadal,Rafael Nadal,1,88,76.10%,57.10%,63.60%,44.80%,54.20%,47.60%,52.60%,40.00%,50.00%,25.00%
20140120-M-Australian_Open-R16-Kei_Nishikori-Rafael_Nadal,Rafael Nadal,2,35,40.00%,32.30%,41.70%,39.10%,52.90%,38.50%,50.00%,16.70%,16.70%,16.70%
20140118-M-Australian_Open-R32-Gael_Monfils-Rafael_Nadal,Gael Monfils,1,68,57.40%,44.20%,54.80%,34.50%,43.50%,31.60%,66.70%,66.70%,75.00%,66.70%
20140118-M-Australian_Open-R32-Gael_Monfils-Rafael_Nadal,Gael Monfils,2,25,40.00%,37.50%,60.00%,50.00%,54.50%,44.40%,50.00%,50.00%,66.70%,66.70%
20140118-M-Australian_Open-R32-Gael_Monfils-Rafael_Nadal,Rafael Nadal,1,53,71.70%,59.50%,66.70%,52.20%,57.10%,47.10%,72.70%,57.10%,80.00%,75.00%
20140118-M-Australian_Open-R32-Gael_Monfils-Rafael_Nadal,Rafael Nadal,2,26,76.90%,73.90%,85.00%,81.30%,81.30%,75.00%,90.00%,85.70%,100.00%,100.00%
20140116-M-Australian_Open-R64-Thanasi_Kokkinakis-Rafael_Nadal,Thanasi Kokkinakis,1,52,63.50%,47.20%,53.10%,34.80%,44.40%,23.10%,33.30%,14.30%,33.30%,33.30%
20140116-M-Australian_Open-R64-Thanasi_Kokkinakis-Rafael_Nadal,Thanasi Kokkinakis,2,23,43.50%,38.10%,50.00%,38.50%,50.00%,37.50%,75.00%,75.00%,75.00%,50.00%
20140116-M-Australian_Open-R64-Thanasi_Kokkinakis-Rafael_Nadal,Rafael Nadal,1,55,81.80%,65.50%,76.00%,57.10%,66.70%,42.90%,75.00%,0.00%,0.00%,0.00%
20140116-M-Australian_Open-R64-Thanasi_Kokkinakis-Rafael_Nadal,Rafael Nadal,2,18,61.10%,56.30%,75.00%,66.70%,75.00%,66.70%,100.00%,100.00%,100.00%,100.00%
20140116-M-Australian_Open-R64-Nick_Kyrgios-Benoit_Paire,Nick Kyrgios,1,123,69.9%,53.2%,62.7%,37.5%,51.7%,39.1%,50.0%,35.7%,71.4%,66.7%
20140116-M-Australian_Open-R64-Nick_Kyrgios-Benoit_Paire,Nick Kyrgios,2,52,51.9%,35.9%,51.9%,38.1%,53.3%,36.4%,57.1%,50.0%,60.0%,33.3%
20140116-M-Australian_Open-R64-Nick_Kyrgios-Benoit_Paire,Benoit Paire,1,80,85.0%,61.3%,82.6%,60.0%,66.7%,25.0%,100.0%,100.0%,100.0%,-
20140116-M-Australian_Open-R64-Nick_Kyrgios-Benoit_Paire,Benoit Paire,2,76,61.8%,51.7%,66.0%,48.4%,71.4%,33.3%,60.0%,33.3%,100.0%,-
20140115-M-Australian_Open-R64-Richard_Gasquet-Nikolay_Davydenko,Richard Gasquet,1,58,70.7%,51.4%,60.0%,45.5%,66.7%,37.5%,42.9%,33.3%,50.0%,33.3%
20140115-M-Australian_Open-R64-Richard_Gasquet-Nikolay_Davydenko,Richard Gasquet,2,37,56.8%,44.8%,52.0%,40.0%,57.1%,45.5%,62.5%,50.0%,60.0%,50.0%
20140115-M-Australian_Open-R64-Richard_Gasquet-Nikolay_Davydenko,Nikolay Davydenko,1,81,59.3%,47.6%,51.7%,40.4%,55.9%,46.4%,52.0%,45.5%,62.5%,45.5%
20140115-M-Australian_Open-R64-Richard_Gasquet-Nikolay_Davydenko,Nikolay Davydenko,2,25,44.0%,36.4%,50.0%,38.5%,50.0%,28.6%,40.0%,25.0%,25.0%,25.0%
20140114-M-Australian_Open-R64-Leonardo_Mayer-Novak_Djokovic,Leonardo Mayer,1,44,63.6%,36.0%,52.9%,27.3%,30.0%,22.2%,28.6%,16.7%,20.0%,20.0%
20140114-M-Australian_Open-R64-Leonardo_Mayer-Novak_Djokovic,Leonardo Mayer,2,34,50.0%,34.6%,40.9%,35.0%,46.7%,27.3%,37.5%,37.5%,60.0%,33.3%
20140114-M-Australian_Open-R64-Leonardo_Mayer-Novak_Djokovic,Novak Djokovic,1,45,80.0%,52.6%,66.7%,50.0%,83.3%,75.0%,75.0%,66.7%,66.7%,50.0%
20140114-M-Australian_Open-R64-Leonardo_Mayer-Novak_Djokovic,Novak Djokovic,2,20,85.0%,72.7%,80.0%,75.0%,85.7%,50.0%,100.0%,-,-,-
20140114-M-Australian_Open-R64-Blaz_Kavcic-Roger_Federer,Blaz Kavcic,1,61,52.5%,37.0%,44.7%,36.4%,50.0%,40.0%,57.1%,45.5%,71.4%,50.0%
20140114-M-Australian_Open-R64-Blaz_Kavcic-Roger_Federer,Blaz Kavcic,2,35,51.4%,37.0%,41.7%,36.4%,57.1%,50.0%,60.0%,33.3%,66.7%,66.7%
20140114-M-Australian_Open-R64-Blaz_Kavcic-Roger_Federer,Roger Federer,1,58,77.6%,58.1%,72.0%,53.3%,88.9%,75.0%,75.0%,0.0%,-,-
20140114-M-Australian_Open-R64-Blaz_Kavcic-Roger_Federer,Roger Federer,2,18,50.0%,40.0%,60.0%,50.0%,66.7%,66.7%,100.0%,100.0%,100.0%,100.0%
20140114-M-Australian_Open-R128-James_Duckworth-Roger_Federer,James Duckworth,1,49,75.5%,55.6%,78.9%,60.0%,66.7%,40.0%,66.7%,0.0%,0.0%,0.0%
20140114-M-Australian_Open-R128-James_Duckworth-Roger_Federer,James Duckworth,2,40,45.0%,35.3%,46.2%,33.3%,50.0%,36.4%,66.7%,60.0%,60.0%,50.0%
20140114-M-Australian_Open-R128-James_Duckworth-Roger_Federer,Roger Federer,1,48,89.6%,78.3%,81.8%,60.0%,85.7%,66.7%,100.0%,-,-,-
20140114-M-Australian_Open-R128-James_Duckworth-Roger_Federer,Roger Federer,2,25,64.0%,55.0%,73.3%,60.0%,75.0%,60.0%,75.0%,66.7%,66.7%,0.0%
20140113-M-Australian_Open-R128-Ricardas_Berankis-Alexandr_Dolgopolov,Ricardas Berankis,1,56,69.6%,45.2%,66.7%,53.3%,88.9%,80.0%,100.0%,100.0%,100.0%,100.0%
20140113-M-Australian_Open-R128-Ricardas_Berankis-Alexandr_Dolgopolov,Ricardas Berankis,2,55,47.3%,31.0%,61.9%,52.9%,69.2%,55.6%,71.4%,0.0%,0.0%,0.0%
20140113-M-Australian_Open-R128-Ricardas_Berankis-Alexandr_Dolgopolov,Alexandr Dolgopolov,1,54,79.6%,59.3%,69.6%,56.3%,69.2%,50.0%,57.1%,40.0%,66.7%,50.0%
20140113-M-Australian_Open-R128-Ricardas_Berankis-Alexandr_Dolgopolov,Alexandr Dolgopolov,2,33,66.7%,54.2%,61.9%,52.9%,64.3%,37.5%,50.0%,40.0%,50.0%,33.3%
20140113-M-Australian_Open-R128-Bernard_Tomic-Rafael_Nadal,Bernard Tomic,1,19,78.90%,63.60%,63.60%,33.30%,50.00%,33.30%,50.00%,0.00%,0.00%,0.00%
20140113-M-Australian_Open-R128-Bernard_Tomic-Rafael_Nadal,Bernard Tomic,2,8,37.50%,16.70%,25.00%,0.00%,0.00%,0.00%,0.00%,0.00%,0.00%,0.00%
20140113-M-Australian_Open-R128-Bernard_Tomic-Rafael_Nadal,Rafael Nadal,1,16,87.50%,60.00%,75.00%,50.00%,50.00%,0.00%,-,-,-,-
20140113-M-Australian_Open-R128-Bernard_Tomic-Rafael_Nadal,Rafael Nadal,2,9,66.70%,57.10%,57.10%,50.00%,60.00%,50.00%,50.00%,50.00%,100.00%,100.00%
20130904-M-US_Open-QF-Tommy_Robredo-Rafael_Nadal,Tommy Robredo,1,34,58.8%,53.3%,57.1%,40.0%,47.1%,40.0%,50.0%,40.0%,44.4%,0.0%
20130904-M-US_Open-QF-Tommy_Robredo-Rafael_Nadal,Tommy Robredo,2,28,32.1%,26.9%,28.0%,18.2%,25.0%,14.3%,18.2%,10.0%,16.7%,16.7%
20130904-M-US_Open-QF-Tommy_Robredo-Rafael_Nadal,Rafael Nadal,1,36,86.1%,78.3%,85.7%,75.0%,100.0%,100.0%,100.0%,100.0%,100.0%,100.0%
20130904-M-US_Open-QF-Tommy_Robredo-Rafael_Nadal,Rafael Nadal,2,23,60.9%,59.1%,61.9%,42.9%,42.9%,38.5%,41.7%,22.2%,28.6%,28.6%
20130903-M-US_Open-R16-Roger_Federer-Tommy_Robredo,Roger Federer,1,52,73.1%,54.8%,68.0%,60.0%,66.7%,45.5%,62.5%,40.0%,40.0%,0.0%
20130903-M-US_Open-R16-Roger_Federer-Tommy_Robredo,Roger Federer,2,34,47.1%,40.0%,44.4%,28.6%,35.3%,15.4%,40.0%,25.0%,50.0%,50.0%
20130903-M-US_Open-R16-Roger_Federer-Tommy_Robredo,Tommy Robredo,1,89,69.7%,59.1%,63.9%,51.1%,59.0%,46.7%,60.9%,47.1%,66.7%,63.6%
20130903-M-US_Open-R16-Roger_Federer-Tommy_Robredo,Tommy Robredo,2,32,50.0%,33.3%,44.4%,28.6%,50.0%,20.0%,50.0%,0.0%,-,-
20130903-M-US_Open-R16-Mikhail_Youzhny-Lleyton_Hewitt,Mikhail Youzhny,1,85,64.7%,50.8%,62.0%,44.1%,53.6%,45.8%,50.0%,50.0%,55.0%,40.0%
20130903-M-US_Open-R16-Mikhail_Youzhny-Lleyton_Hewitt,Mikhail Youzhny,2,54,53.7%,47.9%,56.1%,51.4%,57.6%,51.7%,60.0%,56.5%,59.1%,52.6%
20130903-M-US_Open-R16-Mikhail_Youzhny-Lleyton_Hewitt,Lleyton Hewitt,1,74,63.5%,49.1%,55.3%,46.2%,50.0%,40.0%,54.5%,47.4%,60.0%,60.0%
20130903-M-US_Open-R16-Mikhail_Youzhny-Lleyton_Hewitt,Lleyton Hewitt,2,63,60.3%,56.9%,62.3%,57.4%,65.9%,56.3%,66.7%,60.9%,60.9%,50.0%
20130828-M-US_Open-R128-Novak_Djokovic-Ricardas_Berankis,Novak Djokovic,1,49,73.5%,35.0%,41.2%,28.6%,44.4%,37.5%,42.9%,33.3%,66.7%,0.0%
20130828-M-US_Open-R128-Novak_Djokovic-Ricardas_Berankis,Novak Djokovic,2,22,63.6%,55.6%,66.7%,58.3%,77.8%,71.4%,83.3%,80.0%,80.0%,66.7%
20130828-M-US_Open-R128-Novak_Djokovic-Ricardas_Berankis,Ricardas Berankis,1,34,47.1%,18.2%,25.0%,14.3%,22.2%,0.0%,0.0%,0.0%,-,-
20130828-M-US_Open-R128-Novak_Djokovic-Ricardas_Berankis,Ricardas Berankis,2,25,32.0%,26.1%,37.5%,33.3%,41.7%,36.4%,40.0%,40.0%,50.0%,20.0%
20130127-M-Australian_Open-F-Novak_Djokovic-Andy_Murray,Novak Djokovic,1,89,73.00%,63.10%,69.50%,55.00%,71.00%,62.50%,65.20%,61.90%,81.30%,75.00%
20130127-M-Australian_Open-F-Novak_Djokovic-Andy_Murray,Novak Djokovic,2,42,73.80%,71.10%,73.00%,66.70%,66.70%,56.50%,65.00%,58.80%,66.70%,61.50%
20130127-M-Australian_Open-F-Novak_Djokovic-Andy_Murray,Andy Murray,1,84,78.60%,67.90%,76.00%,68.40%,72.20%,64.30%,72.00%,65.00%,72.20%,68.80%
20130127-M-Australian_Open-F-Novak_Djokovic-Andy_Murray,Andy Murray,2,42,52.40%,42.90%,48.40%,44.80%,48.10%,41.70%,52.60%,50.00%,56.30%,46.20%
20130125-M-Australian_Open-SF-Roger_Federer-Andy_Murray,Roger Federer,1,106,73.60%,62.20%,70.80%,52.50%,60.00%,30.00%,40.00%,25.00%,42.90%,42.90%
20130125-M-Australian_Open-SF-Roger_Federer-Andy_Murray,Roger Federer,2,63,42.90%,32.10%,38.60%,27.00%,32.30%,25.00%,31.80%,28.60%,33.30%,20.00%
20130125-M-Australian_Open-SF-Roger_Federer-Andy_Murray,Andy Murray,1,102,75.50%,54.50%,61.20%,50.00%,51.40%,33.30%,47.40%,33.30%,35.70%,30.80%
20130125-M-Australian_Open-SF-Roger_Federer-Andy_Murray,Andy Murray,2,55,61.80%,57.10%,68.30%,58.10%,60.00%,53.80%,66.70%,61.10%,64.70%,53.80%
20130125-M-Australian_Open-SF-David_Ferrer-Novak_Djokovic,David Ferrer,1,45,55.60%,42.90%,53.60%,48.00%,52.20%,31.30%,38.50%,20.00%,22.20%,12.50%
20130125-M-Australian_Open-SF-David_Ferrer-Novak_Djokovic,David Ferrer,2,27,33.30%,33.30%,39.10%,36.40%,40.00%,20.00%,25.00%,18.20%,22.20%,12.50%
20130125-M-Australian_Open-SF-David_Ferrer-Novak_Djokovic,Novak Djokovic,1,33,90.90%,80.00%,85.70%,80.00%,88.90%,85.70%,100.00%,100.00%,100.00%,100.00%
20130125-M-Australian_Open-SF-David_Ferrer-Novak_Djokovic,Novak Djokovic,2,18,77.80%,73.30%,84.60%,77.80%,87.50%,85.70%,85.70%,80.00%,80.00%,66.70%
20130123-M-Australian_Open-QF-Jo_Wilfried_Tsonga-Roger_Federer,Jo Wilfried Tsonga,1,117,75.2%,58.6%,68.3%,50.0%,67.9%,47.1%,57.1%,45.5%,62.5%,50.0%
20130123-M-Australian_Open-QF-Jo_Wilfried_Tsonga-Roger_Federer,Jo Wilfried Tsonga,2,57,47.4%,40.0%,44.4%,39.0%,55.2%,50.0%,65.0%,61.1%,68.8%,44.4%
20130123-M-Australian_Open-QF-Jo_Wilfried_Tsonga-Roger_Federer,Roger Federer,1,97,77.3%,70.7%,80.3%,61.8%,70.0%,50.0%,52.9%,20.0%,33.3%,33.3%
20130123-M-Australian_Open-QF-Jo_Wilfried_Tsonga-Roger_Federer,Roger Federer,2,58,58.6%,47.8%,56.4%,41.4%,54.5%,37.5%,50.0%,25.0%,50.0%,33.3%
20130123-M-Australian_Open-QF-Jeremy_Chardy-Andy_Murray,Jeremy Chardy,1,42,59.5%,45.2%,58.3%,41.2%,53.8%,45.5%,50.0%,28.6%,50.0%,33.3%
20130123-M-Australian_Open-QF-Jeremy_Chardy-Andy_Murray,Jeremy Chardy,2,17,17.6%,17.6%,23.1%,23.1%,33.3%,25.0%,50.0%,50.0%,50.0%,33.3%
20130123-M-Australian_Open-QF-Jeremy_Chardy-Andy_Murray,Andy Murray,1,42,76.2%,58.3%,63.6%,42.9%,42.9%,38.5%,55.6%,50.0%,66.7%,66.7%
20130123-M-Australian_Open-QF-Jeremy_Chardy-Andy_Murray,Andy Murray,2,23,34.8%,21.1%,33.3%,27.3%,27.3%,27.3%,37.5%,16.7%,33.3%,33.3%
20130122-M-Australian_Open-QF-David_Ferrer-Nicolas_Almagro,David Ferrer,1,103,71.8%,50.8%,55.6%,41.5%,47.2%,44.1%,55.6%,47.8%,52.4%,37.5%
20130122-M-Australian_Open-QF-David_Ferrer-Nicolas_Almagro,David Ferrer,2,46,50.0%,30.3%,38.5%,30.4%,41.2%,33.3%,45.5%,45.5%,55.6%,42.9%
20130122-M-Australian_Open-QF-David_Ferrer-Nicolas_Almagro,Nicolas Almagro,1,77,74.0%,52.4%,64.7%,55.6%,83.3%,70.0%,87.5%,87.5%,87.5%,85.7%
20130122-M-Australian_Open-QF-David_Ferrer-Nicolas_Almagro,Nicolas Almagro,2,84,48.8%,40.3%,49.2%,37.5%,43.9%,28.1%,33.3%,25.0%,33.3%,25.0%
20130120-M-Australian_Open-R16-Novak_Djokovic-Stan_Wawrinka,Novak Djokovic,1,129,71.30%,58.40%,63.40%,52.40%,62.30%,42.90%,53.60%,43.50%,52.60%,35.70%
20130120-M-Australian_Open-R16-Novak_Djokovic-Stan_Wawrinka,Novak Djokovic,2,60,58.30%,50.00%,55.60%,45.90%,54.80%,39.10%,50.00%,47.10%,57.10%,45.50%
20130120-M-Australian_Open-R16-Novak_Djokovic-Stan_Wawrinka,Stan Wawrinka,1,133,68.40%,53.80%,60.50%,47.50%,59.20%,45.90%,63.00%,44.40%,47.10%,35.70%
20130120-M-Australian_Open-R16-Novak_Djokovic-Stan_Wawrinka,Stan Wawrinka,2,79,53.20%,43.90%,50.00%,44.20%,53.50%,41.20%,53.80%,36.80%,46.70%,38.50%
20130118-M-Australian_Open-R32-Novak_Djokovic-Radek_Stepanek,Novak Djokovic,1,56,85.7%,78.4%,85.3%,77.3%,85.0%,76.9%,83.3%,71.4%,83.3%,75.0%
20130118-M-Australian_Open-R32-Novak_Djokovic-Radek_Stepanek,Novak Djokovic,2,28,67.9%,64.0%,69.6%,58.8%,71.4%,55.6%,71.4%,60.0%,100.0%,100.0%
20130118-M-Australian_Open-R32-Novak_Djokovic-Radek_Stepanek,Radek Stepanek,1,73,69.9%,56.9%,65.9%,57.1%,71.4%,42.9%,60.0%,42.9%,50.0%,40.0%
20130118-M-Australian_Open-R32-Novak_Djokovic-Radek_Stepanek,Radek Stepanek,2,30,46.7%,40.7%,55.0%,55.0%,61.1%,50.0%,53.8%,45.5%,50.0%,50.0%
20130117-M-Australian_Open-R64-Roger_Federer-Nikolay_Davydenko,Roger Federer,1,62,75.8%,53.1%,70.8%,46.2%,75.0%,50.0%,100.0%,-,-,-
20130117-M-Australian_Open-R64-Roger_Federer-Nikolay_Davydenko,Roger Federer,2,27,70.4%,61.9%,92.9%,88.9%,88.9%,80.0%,80.0%,50.0%,50.0%,0.0%
20130117-M-Australian_Open-R64-Roger_Federer-Nikolay_Davydenko,Nikolay Davydenko,1,70,62.9%,44.7%,58.3%,40.0%,52.6%,40.0%,50.0%,33.3%,37.5%,28.6%
20130117-M-Australian_Open-R64-Roger_Federer-Nikolay_Davydenko,Nikolay Davydenko,2,33,51.5%,40.7%,52.4%,44.4%,53.3%,30.0%,42.9%,20.0%,25.0%,25.0%
20130113-M-Australian_Open-R128-Paul_Henri_Mathieu-Novak_Djokovic,Paul Henri Mathieu,1,58,72.4%,56.8%,60.0%,46.2%,52.2%,31.3%,50.0%,16.7%,25.0%,0.0%
20130113-M-Australian_Open-R128-Paul_Henri_Mathieu-Novak_Djokovic,Paul Henri Mathieu,2,23,47.8%,33.3%,46.2%,36.4%,50.0%,42.9%,60.0%,60.0%,100.0%,100.0%
20130113-M-Australian_Open-R128-Paul_Henri_Mathieu-Novak_Djokovic,Novak Djokovic,1,48,83.3%,65.2%,68.2%,56.3%,69.2%,60.0%,75.0%,71.4%,100.0%,100.0%
20130113-M-Australian_Open-R128-Paul_Henri_Mathieu-Novak_Djokovic,Novak Djokovic,2,27,81.5%,68.8%,78.6%,66.7%,75.0%,71.4%,83.3%,0.0%,0.0%,0.0%
20120909-M-US_Open-SF-Novak_Djokovic-David_Ferrer,Novak Djokovic,1,60,71.7%,51.4%,56.3%,44.0%,55.0%,43.8%,53.8%,45.5%,62.5%,62.5%
20120909-M-US_Open-SF-Novak_Djokovic-David_Ferrer,Novak Djokovic,2,40,60.0%,56.8%,70.0%,64.0%,76.2%,72.2%,72.2%,70.6%,75.0%,63.6%
20120909-M-US_Open-SF-Novak_Djokovic-David_Ferrer,David Ferrer,1,55,63.6%,50.0%,58.8%,51.7%,57.7%,52.2%,60.0%,33.3%,44.4%,37.5%
20120909-M-US_Open-SF-Novak_Djokovic-David_Ferrer,David Ferrer,2,34,50.0%,45.2%,48.3%,44.4%,48.0%,31.6%,46.2%,41.7%,55.6%,50.0%
20120909-M-US_Open-F-Novak_Djokovic-Andy_Murray,Novak Djokovic,1,103,60.20%,48.80%,54.20%,45.00%,50.90%,39.50%,47.20%,42.40%,50.00%,46.20%
20120909-M-US_Open-F-Novak_Djokovic-Andy_Murray,Novak Djokovic,2,53,49.10%,44.90%,51.20%,47.50%,51.40%,47.10%,51.60%,48.30%,51.90%,51.90%
20120909-M-US_Open-F-Novak_Djokovic-Andy_Murray,Andy Murray,1,90,61.10%,43.50%,50.90%,42.20%,47.50%,40.00%,50.00%,39.10%,47.40%,44.40%
20120909-M-US_Open-F-Novak_Djokovic-Andy_Murray,Andy Murray,2,47,53.20%,45.00%,52.90%,44.80%,48.10%,39.10%,47.40%,47.40%,60.00%,53.80%
20120908-M-US_Open-SF-Tomas_Berdych-Andy_Murray,Tomas Berdych,1,99,59.6%,48.1%,57.8%,46.0%,59.0%,38.5%,71.4%,63.6%,77.8%,71.4%
20120908-M-US_Open-SF-Tomas_Berdych-Andy_Murray,Tomas Berdych,2,53,54.7%,47.8%,53.7%,45.7%,57.1%,50.0%,60.0%,38.5%,55.6%,50.0%
20120908-M-US_Open-SF-Tomas_Berdych-Andy_Murray,Andy Murray,1,85,72.9%,62.9%,73.6%,63.2%,66.7%,57.1%,66.7%,50.0%,61.5%,16.7%
20120908-M-US_Open-SF-Tomas_Berdych-Andy_Murray,Andy Murray,2,27,63.0%,54.5%,70.6%,64.3%,75.0%,75.0%,100.0%,100.0%,100.0%,100.0%
20120905-M-US_Open-R16-Andy_Roddick-Juan_Martin_Del_Potro,Andy Roddick,1,73,82.2%,63.9%,71.9%,52.6%,58.8%,53.3%,57.1%,45.5%,55.6%,50.0%
20120905-M-US_Open-R16-Andy_Roddick-Juan_Martin_Del_Potro,Andy Roddick,2,39,53.8%,50.0%,60.0%,53.8%,73.7%,54.5%,66.7%,62.5%,62.5%,57.1%
20120905-M-US_Open-R16-Andy_Roddick-Juan_Martin_Del_Potro,Juan Martin Del Potro,1,78,78.2%,64.6%,73.8%,68.6%,75.0%,61.9%,76.5%,66.7%,80.0%,66.7%
20120905-M-US_Open-R16-Andy_Roddick-Juan_Martin_Del_Potro,Juan Martin Del Potro,2,33,63.6%,52.0%,54.2%,47.6%,71.4%,60.0%,66.7%,62.5%,71.4%,66.7%
20120905-M-US_Open-QF-Tomas_Berdych-Roger_Federer,Tomas Berdych,1,65,80.0%,58.1%,69.2%,50.0%,66.7%,33.3%,66.7%,0.0%,-,-
20120905-M-US_Open-QF-Tomas_Berdych-Roger_Federer,Tomas Berdych,2,42,54.8%,42.4%,51.9%,43.5%,47.6%,38.9%,58.3%,44.4%,66.7%,50.0%
20120905-M-US_Open-QF-Tomas_Berdych-Roger_Federer,Roger Federer,1,73,71.2%,55.3%,68.4%,45.5%,66.7%,58.3%,70.0%,57.1%,66.7%,50.0%
20120905-M-US_Open-QF-Tomas_Berdych-Roger_Federer,Roger Federer,2,39,48.7%,37.5%,57.1%,50.0%,69.2%,55.6%,71.4%,60.0%,75.0%,66.7%
20120904-M-US_Open-QF-Novak_Djokovic-Juan_Martin_Del_Potro,Novak Djokovic,1,50,84.00%,74.20%,82.10%,73.70%,73.70%,61.50%,66.70%,60.00%,60.00%,60.00%
20120904-M-US_Open-QF-Novak_Djokovic-Juan_Martin_Del_Potro,Novak Djokovic,2,36,58.30%,53.10%,60.70%,52.20%,63.20%,50.00%,53.80%,50.00%,75.00%,75.00%
20120904-M-US_Open-QF-Novak_Djokovic-Juan_Martin_Del_Potro,Juan Martin Del Potro,1,78,65.40%,46.00%,53.50%,31.00%,40.90%,31.60%,40.00%,30.80%,36.40%,36.40%
20120904-M-US_Open-QF-Novak_Djokovic-Juan_Martin_Del_Potro,Juan Martin Del Potro,2,38,47.40%,37.50%,44.40%,42.30%,52.40%,50.00%,66.70%,61.50%,66.70%,60.00%
20120903-M-US_Open-R16-Milos_Raonic-Andy_Murray,Milos Raonic,1,61,70.5%,48.6%,53.1%,21.1%,40.0%,0.0%,0.0%,0.0%,0.0%,0.0%
20120903-M-US_Open-R16-Milos_Raonic-Andy_Murray,Milos Raonic,2,20,40.0%,29.4%,35.7%,30.8%,36.4%,36.4%,66.7%,50.0%,100.0%,100.0%
20120903-M-US_Open-R16-Milos_Raonic-Andy_Murray,Andy Murray,1,48,85.4%,66.7%,73.7%,66.7%,66.7%,50.0%,83.3%,80.0%,80.0%,66.7%
20120903-M-US_Open-R16-Milos_Raonic-Andy_Murray,Andy Murray,2,24,62.5%,52.6%,58.8%,46.2%,66.7%,40.0%,100.0%,100.0%,100.0%,-
20120830-M-US_Open-R64-Roger_Federer-Bjorn_Phau,Roger Federer,1,53,79.2%,64.5%,71.4%,55.6%,71.4%,42.9%,60.0%,33.3%,50.0%,50.0%
20120830-M-US_Open-R64-Roger_Federer-Bjorn_Phau,Roger Federer,2,21,61.9%,55.6%,66.7%,58.3%,70.0%,66.7%,75.0%,60.0%,100.0%,100.0%
20120830-M-US_Open-R64-Roger_Federer-Bjorn_Phau,Bjorn Phau,1,40,65.0%,53.3%,59.3%,35.3%,42.9%,27.3%,30.0%,12.5%,33.3%,0.0%
20120830-M-US_Open-R64-Roger_Federer-Bjorn_Phau,Bjorn Phau,2,27,51.9%,43.5%,45.5%,36.8%,43.8%,18.2%,22.2%,12.5%,33.3%,33.3%
20120829-M-US_Open-R64-Ivan_Dodig-Andy_Murray,Ivan Dodig,1,40,60.00%,48.40%,55.60%,42.90%,56.30%,56.30%,75.00%,70.00%,77.80%,77.80%
20120829-M-US_Open-R64-Ivan_Dodig-Andy_Murray,Ivan Dodig,2,29,48.30%,44.40%,50.00%,36.80%,38.90%,31.30%,35.70%,25.00%,30.00%,22.20%
20120829-M-US_Open-R64-Ivan_Dodig-Andy_Murray,Andy Murray,1,41,87.80%,75.00%,78.90%,73.30%,84.60%,75.00%,100.00%,100.00%,100.00%,100.00%
20120829-M-US_Open-R64-Ivan_Dodig-Andy_Murray,Andy Murray,2,32,53.10%,46.40%,48.10%,41.70%,50.00%,33.30%,38.50%,27.30%,37.50%,37.50%
20120129-M-Australian_Open-F-Novak_Djokovic-Rafael_Nadal,Novak Djokovic,1,113,67.30%,54.30%,62.00%,50.90%,57.10%,51.20%,62.90%,55.20%,64.00%,57.10%
20120129-M-Australian_Open-F-Novak_Djokovic-Rafael_Nadal,Novak Djokovic,2,48,66.70%,62.80%,67.50%,60.60%,74.10%,70.80%,77.30%,58.30%,58.30%,44.40%
20120129-M-Australian_Open-F-Novak_Djokovic-Rafael_Nadal,Rafael Nadal,1,143,63.60%,45.80%,54.30%,44.80%,54.50%,49.00%,58.50%,52.80%,63.30%,57.70%
20120129-M-Australian_Open-F-Novak_Djokovic-Rafael_Nadal,Rafael Nadal,2,55,52.70%,43.50%,58.80%,50.00%,60.90%,57.10%,66.70%,57.10%,57.10%,50.00%
20120127-M-Australian_Open-SF-Roger_Federer-Rafael_Nadal,Roger Federer,1,87,66.70%,54.00%,61.80%,47.50%,67.90%,62.50%,71.40%,68.40%,81.30%,66.70%
20120127-M-Australian_Open-SF-Roger_Federer-Rafael_Nadal,Roger Federer,2,43,60.50%,50.00%,63.00%,58.30%,73.70%,54.50%,60.00%,55.60%,62.50%,50.00%
20120127-M-Australian_Open-SF-Roger_Federer-Rafael_Nadal,Rafael Nadal,1,109,67.90%,57.80%,64.00%,53.40%,63.30%,48.60%,58.60%,40.00%,61.50%,50.00%
20120127-M-Australian_Open-SF-Roger_Federer-Rafael_Nadal,Rafael Nadal,2,31,64.50%,47.60%,52.60%,40.00%,54.50%,37.50%,60.00%,60.00%,75.00%,66.70%
20120127-M-Australian_Open-SF-Novak_Djokovic-Andy_Murray,Novak Djokovic,1,104,66.30%,55.70%,59.50%,43.40%,50.00%,45.20%,50.00%,44.10%,50.00%,46.40%
20120127-M-Australian_Open-SF-Novak_Djokovic-Andy_Murray,Novak Djokovic,2,61,49.20%,40.40%,48.80%,46.30%,51.40%,45.50%,55.60%,47.80%,52.40%,44.40%
20120127-M-Australian_Open-SF-Novak_Djokovic-Andy_Murray,Andy Murray,1,108,63.00%,45.20%,52.40%,40.00%,46.50%,34.30%,52.20%,52.20%,70.60%,68.80%
20120127-M-Australian_Open-SF-Novak_Djokovic-Andy_Murray,Andy Murray,2,54,35.20%,27.10%,33.30%,29.70%,40.70%,33.30%,38.10%,38.10%,57.10%,57.10%
20120125-M-Australian_Open-QF-Roger_Federer-Juan_Martin_Del_Potro,Roger Federer,1,44,88.6%,79.2%,95.0%,85.7%,100.0%,100.0%,100.0%,100.0%,100.0%,100.0%
20120125-M-Australian_Open-QF-Roger_Federer-Juan_Martin_Del_Potro,Roger Federer,2,32,59.4%,55.2%,61.5%,52.4%,55.0%,43.8%,46.7%,42.9%,54.5%,37.5%
20120125-M-Australian_Open-QF-Roger_Federer-Juan_Martin_Del_Potro,Juan Martin Del Potro,1,58,56.9%,39.0%,43.2%,32.3%,45.5%,25.0%,28.6%,28.6%,44.4%,44.4%
20120125-M-Australian_Open-QF-Roger_Federer-Juan_Martin_Del_Potro,Juan Martin Del Potro,2,26,61.5%,56.5%,61.9%,42.9%,46.2%,36.4%,57.1%,57.1%,57.1%,57.1%
20120125-M-Australian_Open-QF-Andy_Murray-Kei_Nishikori,Andy Murray,1,36,77.80%,63.60%,70.00%,53.80%,70.00%,57.10%,66.70%,50.00%,66.70%,66.70%
20120125-M-Australian_Open-QF-Andy_Murray-Kei_Nishikori,Andy Murray,2,42,61.90%,55.60%,64.50%,56.00%,66.70%,53.30%,66.70%,42.90%,60.00%,50.00%
20120125-M-Australian_Open-QF-Andy_Murray-Kei_Nishikori,Kei Nishikori,1,56,53.60%,43.50%,50.00%,35.50%,44.00%,33.30%,41.20%,23.10%,30.00%,30.00%
20120125-M-Australian_Open-QF-Andy_Murray-Kei_Nishikori,Kei Nishikori,2,36,38.90%,31.30%,41.70%,26.30%,33.30%,28.60%,36.40%,30.00%,33.30%,25.00%
20120124-M-Australian_Open-QF-David_Ferrer-Novak_Djokovic,David Ferrer,1,64,60.90%,49.00%,54.50%,41.20%,45.20%,32.00%,42.10%,42.10%,50.00%,33.30%
20120124-M-Australian_Open-QF-David_Ferrer-Novak_Djokovic,David Ferrer,2,33,51.50%,46.70%,48.30%,44.40%,50.00%,42.90%,45.00%,42.10%,57.10%,50.00%
20120124-M-Australian_Open-QF-David_Ferrer-Novak_Djokovic,Novak Djokovic,1,47,72.30%,61.80%,65.60%,52.20%,66.70%,57.10%,61.50%,54.50%,60.00%,55.60%
20120124-M-Australian_Open-QF-David_Ferrer-Novak_Djokovic,Novak Djokovic,2,44,65.90%,62.50%,64.10%,53.30%,59.30%,54.20%,61.90%,57.90%,73.30%,71.40%
20120122-M-Australian_Open-R16-Tomas_Berdych-Nicolas_Almagro,Tomas Berdych,1,83,86.7%,67.6%,71.9%,60.9%,66.7%,58.8%,76.9%,50.0%,75.0%,66.7%
20120122-M-Australian_Open-R16-Tomas_Berdych-Nicolas_Almagro,Tomas Berdych,2,59,61.0%,57.4%,67.4%,58.3%,61.8%,45.8%,57.9%,46.7%,53.8%,40.0%
20120122-M-Australian_Open-R16-Tomas_Berdych-Nicolas_Almagro,Nicolas Almagro,1,92,76.1%,55.1%,62.8%,40.7%,45.8%,27.8%,41.7%,30.0%,37.5%,28.6%
20120122-M-Australian_Open-R16-Tomas_Berdych-Nicolas_Almagro,Nicolas Almagro,2,62,59.7%,54.5%,65.2%,51.5%,73.9%,53.8%,63.6%,55.6%,83.3%,75.0%
20120122-M-Australian_Open-R16-Bernard_Tomic-Roger_Federer,Bernard Tomic,1,71,56.3%,39.2%,45.5%,31.4%,47.8%,42.9%,60.0%,53.8%,70.0%,62.5%
20120122-M-Australian_Open-R16-Bernard_Tomic-Roger_Federer,Bernard Tomic,2,22,40.9%,35.0%,46.7%,33.3%,44.4%,37.5%,42.9%,20.0%,33.3%,0.0%
20120122-M-Australian_Open-R16-Bernard_Tomic-Roger_Federer,Roger Federer,1,44,84.1%,73.1%,76.0%,62.5%,71.4%,60.0%,66.7%,62.5%,71.4%,60.0%
20120122-M-Australian_Open-R16-Bernard_Tomic-Roger_Federer,Roger Federer,2,29,62.1%,59.3%,61.5%,41.2%,41.2%,33.3%,50.0%,28.6%,40.0%,0.0%
20120121-M-Australian_Open-R32-Michael_Llodra-Andy_Murray,Michael Llodra,1,45,71.1%,56.7%,63.0%,44.4%,72.7%,0.0%,0.0%,0.0%,-,-
20120121-M-Australian_Open-R32-Michael_Llodra-Andy_Murray,Michael Llodra,2,29,20.7%,14.8%,20.0%,11.1%,28.6%,0.0%,0.0%,0.0%,-,-
20120121-M-Australian_Open-R32-Michael_Llodra-Andy_Murray,Andy Murray,1,46,69.6%,58.8%,62.5%,57.1%,64.0%,50.0%,60.0%,53.8%,63.6%,60.0%
20120121-M-Australian_Open-R32-Michael_Llodra-Andy_Murray,Andy Murray,2,29,75.9%,66.7%,77.8%,66.7%,80.0%,66.7%,66.7%,50.0%,100.0%,-
20120120-M-Australian_Open-R32-Ivo_Karlovic-Roger_Federer,Ivo Karlovic,1,84,76.2%,55.6%,71.4%,41.2%,63.6%,20.0%,50.0%,0.0%,-,-
20120120-M-Australian_Open-R32-Ivo_Karlovic-Roger_Federer,Ivo Karlovic,2,32,37.5%,20.0%,29.4%,0.0%,0.0%,0.0%,0.0%,0.0%,0.0%,0.0%
20120120-M-Australian_Open-R32-Ivo_Karlovic-Roger_Federer,Roger Federer,1,61,80.3%,64.7%,73.3%,46.7%,58.3%,16.7%,25.0%,25.0%,33.3%,0.0%
20120120-M-Australian_Open-R32-Ivo_Karlovic-Roger_Federer,Roger Federer,2,38,73.7%,65.5%,79.2%,64.3%,75.0%,50.0%,75.0%,66.7%,100.0%,100.0%
20120118-M-Australian_Open-R64-Tommy_Haas-Rafael_Nadal,Tommy Haas,1,59,61.0%,42.5%,50.0%,29.2%,38.9%,26.7%,36.4%,22.2%,28.6%,28.6%
20120118-M-Australian_Open-R64-Tommy_Haas-Rafael_Nadal,Tommy Haas,2,31,51.6%,48.3%,51.9%,40.9%,45.0%,26.7%,40.0%,25.0%,50.0%,50.0%
20120118-M-Australian_Open-R64-Tommy_Haas-Rafael_Nadal,Rafael Nadal,1,51,74.5%,68.3%,70.0%,57.1%,69.6%,61.1%,68.8%,58.3%,70.0%,62.5%
20120118-M-Australian_Open-R64-Tommy_Haas-Rafael_Nadal,Rafael Nadal,2,27,59.3%,52.2%,54.5%,52.4%,73.3%,63.6%,70.0%,62.5%,71.4%,50.0%
20120115-M-Australian_Open-R128-Juan_Martin_Del_Potro-Adrian_Mannarino,Juan Martin Del Potro,1,79,75.9%,55.8%,66.7%,60.0%,69.2%,52.9%,69.2%,55.6%,62.5%,50.0%
20120115-M-Australian_Open-R128-Juan_Martin_Del_Potro-Adrian_Mannarino,Juan Martin Del Potro,2,53,43.4%,33.3%,44.1%,40.6%,52.0%,40.0%,50.0%,33.3%,57.1%,50.0%
20120115-M-Australian_Open-R128-Juan_Martin_Del_Potro-Adrian_Mannarino,Adrian Mannarino,1,70,68.6%,56.0%,71.8%,52.2%,70.6%,61.5%,72.7%,57.1%,57.1%,40.0%
20120115-M-Australian_Open-R128-Juan_Martin_Del_Potro-Adrian_Mannarino,Adrian Mannarino,2,28,39.3%,34.6%,37.5%,31.8%,43.8%,25.0%,37.5%,28.6%,40.0%,0.0%
20110911-M-US_Open-SF-Andy_Murray-Rafael_Nadal,Andy Murray,1,61,65.6%,53.3%,63.2%,41.7%,52.6%,30.8%,44.4%,44.4%,57.1%,40.0%
20110911-M-US_Open-SF-Andy_Murray-Rafael_Nadal,Andy Murray,2,52,48.1%,42.6%,55.6%,44.8%,54.2%,50.0%,64.7%,50.0%,66.7%,57.1%
20110911-M-US_Open-SF-Andy_Murray-Rafael_Nadal,Rafael Nadal,1,73,71.2%,59.6%,63.3%,51.4%,59.4%,43.5%,50.0%,41.2%,53.8%,45.5%
20110911-M-US_Open-SF-Andy_Murray-Rafael_Nadal,Rafael Nadal,2,36,58.3%,55.9%,59.4%,55.2%,66.7%,61.9%,72.2%,66.7%,76.9%,66.7%
20110911-M-US_Open-F-Rafael_Nadal-Novak_Djokovic,Rafael Nadal,1,96,52.10%,39.50%,44.80%,40.30%,50.00%,43.20%,47.50%,40.00%,46.70%,38.50%
20110911-M-US_Open-F-Rafael_Nadal-Novak_Djokovic,Rafael Nadal,2,42,45.20%,42.50%,47.20%,40.60%,46.40%,44.40%,48.00%,43.50%,52.60%,47.10%
20110911-M-US_Open-F-Rafael_Nadal-Novak_Djokovic,Novak Djokovic,1,84,65.50%,57.40%,63.90%,52.20%,60.00%,44.80%,56.50%,44.40%,44.40%,28.60%
20110911-M-US_Open-F-Rafael_Nadal-Novak_Djokovic,Novak Djokovic,2,42,45.20%,37.80%,40.00%,32.30%,38.50%,33.30%,42.10%,35.30%,42.90%,33.30%
20110909-M-US_Open-SF-Roger_Federer-Novak_Djokovic,Roger Federer,1,101,67.3%,47.6%,57.7%,38.9%,51.9%,40.9%,60.0%,45.5%,71.4%,71.4%
20110909-M-US_Open-SF-Roger_Federer-Novak_Djokovic,Roger Federer,2,59,59.3%,51.0%,58.1%,43.8%,60.9%,43.8%,53.8%,50.0%,54.5%,28.6%
20110909-M-US_Open-SF-Roger_Federer-Novak_Djokovic,Novak Djokovic,1,82,82.9%,72.5%,77.1%,67.6%,76.7%,69.6%,84.2%,70.0%,77.8%,66.7%
20110909-M-US_Open-SF-Roger_Federer-Novak_Djokovic,Novak Djokovic,2,52,61.5%,52.4%,59.5%,42.3%,50.0%,35.3%,46.2%,41.7%,55.6%,42.9%
20110909-M-US_Open-QF-Jo_Wilfried_Tsonga-Roger_Federer,Jo Wilfried Tsonga,1,45,68.9%,50.0%,66.7%,56.3%,81.8%,77.8%,87.5%,75.0%,100.0%,100.0%
20110909-M-US_Open-QF-Jo_Wilfried_Tsonga-Roger_Federer,Jo Wilfried Tsonga,2,37,43.2%,36.4%,44.4%,28.6%,46.2%,30.0%,42.9%,0.0%,0.0%,0.0%
20110909-M-US_Open-QF-Jo_Wilfried_Tsonga-Roger_Federer,Roger Federer,1,61,77.0%,62.2%,67.6%,50.0%,68.8%,37.5%,60.0%,33.3%,50.0%,0.0%
20110909-M-US_Open-QF-Jo_Wilfried_Tsonga-Roger_Federer,Roger Federer,2,23,47.8%,36.8%,50.0%,30.0%,37.5%,16.7%,20.0%,0.0%,0.0%,0.0%
20110909-M-US_Open-QF-Andy_Roddick-Rafael_Nadal,Andy Roddick,1,40,62.5%,44.4%,50.0%,33.3%,46.2%,36.4%,50.0%,33.3%,40.0%,40.0%
20110909-M-US_Open-QF-Andy_Roddick-Rafael_Nadal,Andy Roddick,2,25,36.0%,15.8%,20.0%,14.3%,22.2%,12.5%,33.3%,33.3%,33.3%,33.3%
20110909-M-US_Open-QF-Andy_Roddick-Rafael_Nadal,Rafael Nadal,1,45,84.4%,74.1%,76.9%,68.4%,76.5%,69.2%,69.2%,55.6%,71.4%,60.0%
20110909-M-US_Open-QF-Andy_Roddick-Rafael_Nadal,Rafael Nadal,2,21,57.1%,52.6%,71.4%,66.7%,72.7%,66.7%,66.7%,50.0%,50.0%,50.0%
20110906-M-US_Open-R16-Roger_Federer-Juan_Monaco,Roger Federer,1,39,84.6%,64.7%,73.3%,60.0%,66.7%,40.0%,66.7%,0.0%,0.0%,0.0%
20110906-M-US_Open-R16-Roger_Federer-Juan_Monaco,Roger Federer,2,19,68.4%,62.5%,62.5%,45.5%,55.6%,50.0%,66.7%,50.0%,50.0%,50.0%
20110906-M-US_Open-R16-Roger_Federer-Juan_Monaco,Juan Monaco,1,45,40.0%,22.9%,29.6%,17.4%,23.5%,18.8%,20.0%,14.3%,22.2%,0.0%
20110906-M-US_Open-R16-Roger_Federer-Juan_Monaco,Juan Monaco,2,21,52.4%,41.2%,46.7%,33.3%,33.3%,27.3%,37.5%,28.6%,33.3%,33.3%
20110904-M-US_Open-R32-Rafael_Nadal-David_Nalbandian,Rafael Nadal,1,78,69.2%,64.7%,68.8%,55.6%,64.1%,48.1%,54.2%,42.1%,47.1%,35.7%
20110904-M-US_Open-R32-Rafael_Nadal-David_Nalbandian,Rafael Nadal,2,20,55.0%,35.7%,41.7%,36.4%,44.4%,28.6%,50.0%,33.3%,33.3%,33.3%
20110904-M-US_Open-R32-Rafael_Nadal-David_Nalbandian,David Nalbandian,1,48,62.5%,50.0%,52.9%,36.0%,50.0%,30.8%,36.4%,22.2%,28.6%,16.7%
20110904-M-US_Open-R32-Rafael_Nadal-David_Nalbandian,David Nalbandian,2,36,47.2%,42.4%,48.3%,40.0%,62.5%,45.5%,50.0%,37.5%,75.0%,50.0%
20110903-M-US_Open-R32-Roger_Federer-Marin_Cilic,Roger Federer,1,63,74.6%,55.6%,71.4%,55.6%,66.7%,54.5%,66.7%,50.0%,60.0%,60.0%
20110903-M-US_Open-R32-Roger_Federer-Marin_Cilic,Roger Federer,2,42,66.7%,53.3%,64.0%,47.1%,61.5%,50.0%,71.4%,60.0%,100.0%,100.0%
20110903-M-US_Open-R32-Roger_Federer-Marin_Cilic,Marin Cilic,1,57,68.4%,45.5%,55.6%,25.0%,40.0%,25.0%,40.0%,0.0%,0.0%,0.0%
20110903-M-US_Open-R32-Roger_Federer-Marin_Cilic,Marin Cilic,2,56,57.1%,50.0%,55.8%,36.7%,44.0%,41.7%,58.8%,50.0%,53.8%,25.0%
20110901-M-US_Open-R64-Novak_Djokovic-Carlos_Berlocq,Novak Djokovic,1,37,67.6%,52.0%,65.0%,41.7%,55.6%,42.9%,75.0%,66.7%,100.0%,100.0%
20110901-M-US_Open-R64-Novak_Djokovic-Carlos_Berlocq,Novak Djokovic,2,19,63.2%,58.8%,66.7%,54.5%,60.0%,60.0%,66.7%,57.1%,66.7%,60.0%
20110901-M-US_Open-R64-Novak_Djokovic-Carlos_Berlocq,Carlos Berlocq,1,45,37.8%,26.3%,28.6%,24.2%,36.4%,26.3%,38.5%,20.0%,40.0%,40.0%
20110901-M-US_Open-R64-Novak_Djokovic-Carlos_Berlocq,Carlos Berlocq,2,16,31.3%,8.3%,11.1%,11.1%,14.3%,14.3%,33.3%,33.3%,100.0%,-
20110130-M-Australian_Open-F-Novak_Djokovic-Andy_Murray,Novak Djokovic,1,52,67.30%,55.30%,67.70%,61.50%,66.70%,57.90%,68.80%,58.30%,63.60%,55.60%
20110130-M-Australian_Open-F-Novak_Djokovic-Andy_Murray,Novak Djokovic,2,23,65.20%,63.60%,66.70%,58.80%,76.90%,72.70%,72.70%,66.70%,75.00%,50.00%
20110130-M-Australian_Open-F-Novak_Djokovic-Andy_Murray,Andy Murray,1,58,63.80%,43.20%,48.50%,41.40%,48.00%,31.60%,37.50%,37.50%,50.00%,45.50%
20110130-M-Australian_Open-F-Novak_Djokovic-Andy_Murray,Andy Murray,2,47,34.00%,22.50%,26.50%,26.50%,31.00%,28.60%,33.30%,27.30%,35.30%,31.30%
20110128-M-Australian_Open-SF-David_Ferrer-Andy_Murray,David Ferrer,1,96,60.4%,51.3%,55.6%,47.5%,63.0%,54.1%,64.5%,45.0%,52.9%,27.3%
20110128-M-Australian_Open-SF-David_Ferrer-Andy_Murray,David Ferrer,2,44,50.0%,43.6%,45.9%,39.4%,50.0%,50.0%,68.4%,62.5%,62.5%,60.0%
20110128-M-Australian_Open-SF-David_Ferrer-Andy_Murray,Andy Murray,1,91,74.7%,57.4%,67.4%,50.0%,57.7%,47.6%,55.6%,50.0%,72.7%,57.1%
20110128-M-Australian_Open-SF-David_Ferrer-Andy_Murray,Andy Murray,2,57,38.6%,36.4%,40.0%,37.5%,48.6%,42.4%,53.8%,47.8%,55.0%,50.0%
20110127-M-Australian_Open-SF-Novak_Djokovic-Roger_Federer,Novak Djokovic,1,86,72.1%,61.0%,66.7%,55.0%,68.8%,58.3%,70.0%,66.7%,75.0%,66.7%
20110127-M-Australian_Open-SF-Novak_Djokovic-Roger_Federer,Novak Djokovic,2,34,50.0%,45.2%,48.3%,40.0%,45.5%,33.3%,40.0%,30.8%,44.4%,37.5%
20110127-M-Australian_Open-SF-Novak_Djokovic-Roger_Federer,Roger Federer,1,61,72.1%,57.5%,62.2%,50.0%,53.8%,47.8%,61.1%,50.0%,58.3%,58.3%
20110127-M-Australian_Open-SF-Novak_Djokovic-Roger_Federer,Roger Federer,2,44,47.7%,36.1%,40.6%,34.5%,38.5%,36.0%,42.9%,40.0%,42.1%,26.7%
20110126-M-Australian_Open-QF-Roger_Federer-Stan_Wawrinka,Roger Federer,1,58,72.4%,61.9%,76.5%,65.2%,78.9%,63.6%,77.8%,60.0%,60.0%,50.0%
20110126-M-Australian_Open-QF-Roger_Federer-Stan_Wawrinka,Roger Federer,2,17,76.5%,69.2%,69.2%,63.6%,70.0%,57.1%,66.7%,60.0%,100.0%,100.0%
20110126-M-Australian_Open-QF-Roger_Federer-Stan_Wawrinka,Stan Wawrinka,1,47,57.4%,51.2%,58.3%,44.4%,50.0%,36.8%,43.8%,25.0%,37.5%,28.6%
20110126-M-Australian_Open-QF-Roger_Federer-Stan_Wawrinka,Stan Wawrinka,2,35,54.3%,46.7%,56.0%,47.6%,52.6%,43.8%,63.6%,50.0%,66.7%,60.0%
20110126-M-Australian_Open-QF-David_Ferrer-Rafael_Nadal,David Ferrer,1,50,72.0%,54.8%,68.0%,50.0%,57.1%,50.0%,66.7%,50.0%,50.0%,40.0%
20110126-M-Australian_Open-QF-David_Ferrer-Rafael_Nadal,David Ferrer,2,21,61.9%,55.6%,58.8%,56.3%,64.3%,58.3%,63.6%,33.3%,40.0%,25.0%
20110126-M-Australian_Open-QF-David_Ferrer-Rafael_Nadal,Rafael Nadal,1,69,55.1%,45.6%,51.0%,40.5%,43.6%,31.3%,43.5%,38.1%,53.3%,36.4%
20110126-M-Australian_Open-QF-David_Ferrer-Rafael_Nadal,Rafael Nadal,2,34,38.2%,27.6%,34.8%,31.8%,33.3%,26.3%,41.7%,36.4%,44.4%,37.5%
20110125-M-Australian_Open-QF-Novak_Djokovic-Tomas_Berdych,Novak Djokovic,1,61,82.0%,69.4%,75.8%,70.4%,82.6%,71.4%,83.3%,75.0%,85.7%,75.0%
20110125-M-Australian_Open-QF-Novak_Djokovic-Tomas_Berdych,Novak Djokovic,2,28,42.9%,38.5%,50.0%,37.5%,40.0%,40.0%,50.0%,33.3%,50.0%,25.0%
20110125-M-Australian_Open-QF-Novak_Djokovic-Tomas_Berdych,Tomas Berdych,1,51,70.6%,48.3%,53.8%,42.9%,50.0%,35.7%,45.5%,25.0%,33.3%,20.0%
20110125-M-Australian_Open-QF-Novak_Djokovic-Tomas_Berdych,Tomas Berdych,2,40,40.0%,38.5%,48.4%,46.7%,51.9%,43.5%,45.5%,33.3%,40.0%,25.0%
20110124-M-Australian_Open-R16-Andy_Murray-Jurgen_Melzer,Andy Murray,1,41,82.9%,66.7%,77.8%,71.4%,83.3%,80.0%,100.0%,100.0%,100.0%,100.0%
20110124-M-Australian_Open-R16-Andy_Murray-Jurgen_Melzer,Andy Murray,2,26,61.5%,52.4%,55.0%,40.0%,40.0%,35.7%,45.5%,25.0%,28.6%,28.6%
20110124-M-Australian_Open-R16-Andy_Murray-Jurgen_Melzer,Jurgen Melzer,1,48,52.1%,46.5%,57.1%,50.0%,65.2%,46.7%,63.6%,55.6%,55.6%,42.9%
20110124-M-Australian_Open-R16-Andy_Murray-Jurgen_Melzer,Jurgen Melzer,2,23,30.4%,27.3%,37.5%,33.3%,55.6%,42.9%,60.0%,50.0%,50.0%,33.3%
20110123-M-Australian_Open-R16-Robin_Soderling-Alexandr_Dolgopolov,Robin Soderling,1,86,59.3%,45.3%,52.7%,33.3%,40.6%,20.8%,29.4%,20.0%,33.3%,25.0%
20110123-M-Australian_Open-R16-Robin_Soderling-Alexandr_Dolgopolov,Robin Soderling,2,46,43.5%,35.0%,50.0%,41.7%,52.6%,30.8%,50.0%,42.9%,75.0%,66.7%
20110123-M-Australian_Open-R16-Robin_Soderling-Alexandr_Dolgopolov,Alexandr Dolgopolov,1,53,79.2%,57.7%,62.5%,35.7%,50.0%,37.5%,60.0%,0.0%,0.0%,0.0%
20110123-M-Australian_Open-R16-Robin_Soderling-Alexandr_Dolgopolov,Alexandr Dolgopolov,2,50,46.0%,32.5%,40.6%,36.7%,40.7%,33.3%,44.4%,41.2%,53.8%,45.5%
20110122-M-Australian_Open-R32-Roger_Federer-Xavier_Malisse,Roger Federer,1,51,68.6%,54.3%,73.1%,63.2%,85.7%,71.4%,83.3%,66.7%,100.0%,100.0%
20110122-M-Australian_Open-R32-Roger_Federer-Xavier_Malisse,Roger Federer,2,31,54.8%,50.0%,50.0%,41.7%,43.5%,35.0%,46.7%,33.3%,40.0%,33.3%
20110122-M-Australian_Open-R32-Roger_Federer-Xavier_Malisse,Xavier Malisse,1,52,51.9%,37.5%,44.1%,26.9%,41.2%,33.3%,38.5%,33.3%,57.1%,40.0%
20110122-M-Australian_Open-R32-Roger_Federer-Xavier_Malisse,Xavier Malisse,2,31,38.7%,24.0%,31.6%,23.5%,28.6%,23.1%,42.9%,33.3%,50.0%,50.0%
20110120-M-Australian_Open-R64-Mikhail_Youzhny-Blaz_Kavcic,Mikhail Youzhny,1,78,75.6%,62.7%,72.7%,57.1%,76.2%,54.5%,60.0%,33.3%,33.3%,0.0%
20110120-M-Australian_Open-R64-Mikhail_Youzhny-Blaz_Kavcic,Mikhail Youzhny,2,50,56.0%,48.8%,55.3%,52.8%,57.6%,36.4%,42.1%,31.3%,45.5%,33.3%
20110120-M-Australian_Open-R64-Mikhail_Youzhny-Blaz_Kavcic,Blaz Kavcic,1,84,63.1%,48.3%,59.2%,45.9%,56.7%,45.8%,61.1%,53.3%,61.5%,37.5%
20110120-M-Australian_Open-R64-Mikhail_Youzhny-Blaz_Kavcic,Blaz Kavcic,2,43,53.5%,42.9%,46.9%,41.4%,48.0%,38.1%,50.0%,42.9%,54.5%,44.4%
20110120-M-Australian_Open-R64-Gilles_Simon-Roger_Federer,Gilles Simon,1,88,55.7%,39.1%,47.2%,41.7%,47.6%,37.1%,43.3%,32.0%,44.4%,33.3%
20110120-M-Australian_Open-R64-Gilles_Simon-Roger_Federer,Gilles Simon,2,62,59.7%,54.5%,62.5%,55.0%,64.7%,52.0%,56.5%,47.4%,52.9%,52.9%
20110120-M-Australian_Open-R64-Gilles_Simon-Roger_Federer,Roger Federer,1,77,79.2%,66.0%,73.8%,59.3%,66.7%,52.9%,75.0%,62.5%,71.4%,66.7%
20110120-M-Australian_Open-R64-Gilles_Simon-Roger_Federer,Roger Federer,2,48,43.8%,37.2%,48.5%,43.3%,48.1%,33.3%,43.8%,30.8%,44.4%,37.5%
20110120-M-Australian_Open-R64-Andy_Murray-Illya_Marchenko,Andy Murray,1,52,78.8%,45.0%,52.9%,20.0%,25.0%,25.0%,28.6%,28.6%,40.0%,0.0%
20110120-M-Australian_Open-R64-Andy_Murray-Illya_Marchenko,Andy Murray,2,30,43.3%,32.0%,44.4%,37.5%,46.2%,41.7%,50.0%,44.4%,57.1%,57.1%
20110120-M-Australian_Open-R64-Andy_Murray-Illya_Marchenko,Illya Marchenko,1,38,55.3%,43.3%,50.0%,38.1%,44.4%,33.3%,38.5%,11.1%,11.1%,11.1%
20110120-M-Australian_Open-R64-Andy_Murray-Illya_Marchenko,Illya Marchenko,2,29,44.8%,36.0%,45.0%,45.0%,64.3%,58.3%,70.0%,62.5%,62.5%,40.0%
20110118-M-Australian_Open-R128-David_Nalbandian-Lleyton_Hewitt,David Nalbandian,1,136,64.00%,54.20%,63.00%,54.10%,66.70%,52.40%,62.90%,51.90%,58.30%,44.40%
20110118-M-Australian_Open-R128-David_Nalbandian-Lleyton_Hewitt,David Nalbandian,2,68,55.90%,50.00%,61.20%,59.60%,71.80%,65.60%,72.40%,66.70%,69.60%,56.30%
20110118-M-Australian_Open-R128-David_Nalbandian-Lleyton_Hewitt,Lleyton Hewitt,1,104,71.20%,57.70%,66.10%,51.20%,62.90%,51.90%,58.30%,44.40%,50.00%,42.90%
20110118-M-Australian_Open-R128-David_Nalbandian-Lleyton_Hewitt,Lleyton Hewitt,2,67,50.70%,43.10%,51.00%,45.50%,52.60%,50.00%,62.10%,52.20%,70.60%,64.30%
20110117-M-Australian_Open-R128-Roger_Federer-Lukas_Lacko,Roger Federer,1,37,86.5%,66.7%,71.4%,42.9%,60.0%,33.3%,33.3%,33.3%,50.0%,50.0%
20110117-M-Australian_Open-R128-Roger_Federer-Lukas_Lacko,Roger Federer,2,20,70.0%,64.7%,78.6%,57.1%,57.1%,40.0%,66.7%,50.0%,50.0%,50.0%
20110117-M-Australian_Open-R128-Roger_Federer-Lukas_Lacko,Lukas Lacko,1,56,58.9%,43.9%,47.4%,41.2%,48.3%,44.4%,50.0%,29.4%,50.0%,37.5%
20110117-M-Australian_Open-R128-Roger_Federer-Lukas_Lacko,Lukas Lacko,2,26,23.1%,9.1%,11.8%,6.3%,6.7%,0.0%,0.0%,0.0%,0.0%,0.0%
20110117-M-Australian_Open-R128-Novak_Djokovic-Marcel_Granollers,Novak Djokovic,1,38,71.1%,54.2%,68.4%,53.8%,77.8%,60.0%,60.0%,33.3%,50.0%,0.0%
20110117-M-Australian_Open-R128-Novak_Djokovic-Marcel_Granollers,Novak Djokovic,2,15,73.3%,71.4%,76.9%,72.7%,100.0%,100.0%,100.0%,100.0%,100.0%,-
20110117-M-Australian_Open-R128-Novak_Djokovic-Marcel_Granollers,Marcel Granollers,1,25,72.0%,58.8%,58.8%,41.7%,55.6%,33.3%,50.0%,33.3%,50.0%,50.0%
20110117-M-Australian_Open-R128-Novak_Djokovic-Marcel_Granollers,Marcel Granollers,2,27,25.9%,16.7%,18.2%,18.2%,22.2%,22.2%,26.7%,21.4%,33.3%,14.3%
20100912-M-US_Open-F-Novak_Djokovic-Rafael_Nadal,Novak Djokovic,1,96,64.60%,57.00%,66.20%,48.90%,56.40%,41.40%,60.00%,50.00%,80.00%,60.00%
20100912-M-US_Open-F-Novak_Djokovic-Rafael_Nadal,Novak Djokovic,2,43,48.80%,46.30%,51.40%,43.80%,48.30%,25.00%,33.30%,23.10%,27.30%,20.00%
20100912-M-US_Open-F-Novak_Djokovic-Rafael_Nadal,Rafael Nadal,1,75,73.30%,55.60%,59.50%,45.20%,51.90%,38.10%,50.00%,50.00%,57.10%,57.10%
20100912-M-US_Open-F-Novak_Djokovic-Rafael_Nadal,Rafael Nadal,2,35,60.00%,57.60%,65.50%,58.30%,60.90%,57.10%,63.20%,56.30%,69.20%,66.70%
20100911-M-US_Open-SF-Rafael_Nadal-Mikhail_Youzhny,Rafael Nadal,1,50,78.0%,62.1%,64.3%,54.5%,85.7%,75.0%,85.7%,66.7%,66.7%,66.7%
20100911-M-US_Open-SF-Rafael_Nadal-Mikhail_Youzhny,Rafael Nadal,2,26,73.1%,65.0%,68.4%,62.5%,66.7%,54.5%,66.7%,50.0%,60.0%,50.0%
20100911-M-US_Open-SF-Rafael_Nadal-Mikhail_Youzhny,Mikhail Youzhny,1,48,66.7%,51.5%,56.7%,40.9%,50.0%,35.7%,50.0%,44.4%,57.1%,25.0%
20100911-M-US_Open-SF-Rafael_Nadal-Mikhail_Youzhny,Mikhail Youzhny,2,28,46.4%,40.0%,43.5%,31.6%,46.2%,41.7%,50.0%,37.5%,50.0%,25.0%
20100908-M-US_Open-QF-Novak_Djokovic-Gael_Monfils,Novak Djokovic,1,74,68.9%,64.6%,72.4%,57.9%,68.8%,54.5%,57.1%,43.8%,70.0%,66.7%
20100908-M-US_Open-QF-Novak_Djokovic-Gael_Monfils,Novak Djokovic,2,22,59.1%,52.6%,62.5%,45.5%,55.6%,42.9%,60.0%,33.3%,50.0%,50.0%
20100908-M-US_Open-QF-Novak_Djokovic-Gael_Monfils,Gael Monfils,1,61,52.5%,38.3%,41.9%,28.6%,34.5%,32.1%,42.9%,33.3%,50.0%,33.3%
20100908-M-US_Open-QF-Novak_Djokovic-Gael_Monfils,Gael Monfils,2,42,47.6%,45.0%,47.4%,35.5%,42.3%,37.5%,45.0%,35.3%,50.0%,33.3%
20100907-M-US_Open-R16-Rafael_Nadal-Feliciano_Lopez,Rafael Nadal,1,51,90.2%,81.5%,81.5%,79.2%,90.5%,84.6%,84.6%,77.8%,77.8%,77.8%
20100907-M-US_Open-R16-Rafael_Nadal-Feliciano_Lopez,Rafael Nadal,2,27,63.0%,47.4%,52.9%,38.5%,41.7%,30.0%,37.5%,28.6%,33.3%,20.0%
20100907-M-US_Open-R16-Rafael_Nadal-Feliciano_Lopez,Feliciano Lopez,1,52,75.0%,55.2%,72.7%,45.5%,83.3%,66.7%,100.0%,-,-,-
20100907-M-US_Open-R16-Rafael_Nadal-Feliciano_Lopez,Feliciano Lopez,2,42,47.6%,35.3%,41.4%,26.1%,28.6%,11.8%,16.7%,16.7%,33.3%,20.0%
20100905-M-US_Open-R32-Stan_Wawrinka-Andy_Murray,Stan Wawrinka,1,47,76.6%,54.2%,56.5%,28.6%,44.4%,16.7%,25.0%,25.0%,33.3%,0.0%
20100905-M-US_Open-R32-Stan_Wawrinka-Andy_Murray,Stan Wawrinka,2,43,48.8%,46.3%,50.0%,32.1%,37.5%,25.0%,27.8%,23.5%,26.7%,21.4%
20100905-M-US_Open-R32-Stan_Wawrinka-Andy_Murray,Andy Murray,1,54,63.0%,39.4%,46.4%,31.8%,53.8%,40.0%,50.0%,20.0%,25.0%,25.0%
20100905-M-US_Open-R32-Stan_Wawrinka-Andy_Murray,Andy Murray,2,57,49.1%,40.8%,51.3%,38.7%,48.0%,38.1%,50.0%,38.5%,50.0%,44.4%
20100904-M-US_Open-R32-Novak_Djokovic-James_Blake,Novak Djokovic,1,72,69.4%,48.8%,65.6%,45.0%,60.0%,33.3%,60.0%,50.0%,50.0%,33.3%
20100904-M-US_Open-R32-Novak_Djokovic-James_Blake,Novak Djokovic,2,19,73.7%,64.3%,75.0%,70.0%,70.0%,62.5%,62.5%,40.0%,50.0%,33.3%
20100904-M-US_Open-R32-Novak_Djokovic-James_Blake,James Blake,1,53,64.2%,50.0%,67.9%,60.9%,82.4%,70.0%,70.0%,50.0%,75.0%,75.0%
20100904-M-US_Open-R32-Novak_Djokovic-James_Blake,James Blake,2,19,68.4%,62.5%,83.3%,71.4%,100.0%,100.0%,100.0%,100.0%,100.0%,100.0%
20100903-M-US_Open-SF-Novak_Djokovic-Roger_Federer,Novak Djokovic,1,94,68.1%,56.5%,62.9%,47.7%,56.8%,46.7%,58.3%,41.2%,63.6%,55.6%
20100903-M-US_Open-SF-Novak_Djokovic-Roger_Federer,Novak Djokovic,2,54,66.7%,61.7%,70.7%,53.8%,66.7%,56.3%,64.3%,50.0%,55.6%,42.9%
20100903-M-US_Open-SF-Novak_Djokovic-Roger_Federer,Roger Federer,1,84,73.8%,56.0%,68.3%,55.2%,64.0%,30.8%,44.4%,28.6%,50.0%,50.0%
20100903-M-US_Open-SF-Novak_Djokovic-Roger_Federer,Roger Federer,2,71,49.3%,37.9%,47.8%,45.5%,54.1%,41.4%,44.4%,37.5%,45.0%,31.3%
20100901-M-US_Open-QF-Robin_Soderling-Roger_Federer,Robin Soderling,1,53,66.0%,51.4%,59.4%,38.1%,53.3%,36.4%,44.4%,37.5%,50.0%,40.0%
20100901-M-US_Open-QF-Robin_Soderling-Roger_Federer,Robin Soderling,2,35,57.1%,48.3%,51.9%,43.5%,52.6%,40.0%,66.7%,40.0%,50.0%,33.3%
20100901-M-US_Open-QF-Robin_Soderling-Roger_Federer,Roger Federer,1,58,86.2%,65.2%,68.2%,30.0%,42.9%,20.0%,25.0%,25.0%,33.3%,33.3%
20100901-M-US_Open-QF-Robin_Soderling-Roger_Federer,Roger Federer,2,31,48.4%,30.4%,36.8%,14.3%,20.0%,11.1%,14.3%,14.3%,20.0%,20.0%
20100831-M-US_Open-R128-Teymuraz_Gabashvili-Rafael_Nadal,Teymuraz Gabashvili,1,83,71.1%,63.6%,71.2%,50.0%,63.0%,37.5%,46.2%,36.4%,50.0%,42.9%
20100831-M-US_Open-R128-Teymuraz_Gabashvili-Rafael_Nadal,Teymuraz Gabashvili,2,35,51.4%,45.2%,50.0%,22.2%,30.8%,10.0%,20.0%,20.0%,50.0%,50.0%
20100831-M-US_Open-R128-Teymuraz_Gabashvili-Rafael_Nadal,Rafael Nadal,1,68,79.4%,64.1%,71.4%,52.4%,64.7%,50.0%,66.7%,50.0%,75.0%,75.0%
20100831-M-US_Open-R128-Teymuraz_Gabashvili-Rafael_Nadal,Rafael Nadal,2,32,75.0%,52.9%,69.2%,55.6%,71.4%,60.0%,75.0%,50.0%,50.0%,50.0%
20100831-M-US_Open-R128-Roger_Federer-Brian_Dabul,Roger Federer,1,39,87.2%,70.6%,92.3%,75.0%,100.0%,100.0%,100.0%,-,-,-
20100831-M-US_Open-R128-Roger_Federer-Brian_Dabul,Roger Federer,2,21,57.1%,50.0%,60.0%,33.3%,60.0%,33.3%,50.0%,50.0%,50.0%,0.0%
20100831-M-US_Open-R128-Roger_Federer-Brian_Dabul,Brian Dabul,1,48,64.6%,54.1%,64.5%,42.1%,61.5%,44.4%,57.1%,25.0%,25.0%,0.0%
20100831-M-US_Open-R128-Roger_Federer-Brian_Dabul,Brian Dabul,2,19,42.1%,35.3%,50.0%,40.0%,50.0%,50.0%,66.7%,66.7%,100.0%,100.0%
20100131-M-Australian_Open-F-Roger_Federer-Andy_Murray,Roger Federer,1,76,69.70%,57.40%,66.00%,44.80%,54.20%,42.10%,57.10%,50.00%,60.00%,60.00%
20100131-M-Australian_Open-F-Roger_Federer-Andy_Murray,Roger Federer,2,35,65.70%,65.60%,67.70%,56.50%,61.90%,57.90%,61.10%,50.00%,70.00%,66.70%
20100131-M-Australian_Open-F-Roger_Federer-Andy_Murray,Andy Murray,1,62,69.40%,56.10%,60.50%,48.30%,60.90%,50.00%,64.30%,58.30%,58.30%,54.50%
20100131-M-Australian_Open-F-Roger_Federer-Andy_Murray,Andy Murray,2,38,55.30%,50.00%,54.80%,51.70%,62.50%,55.00%,68.80%,54.50%,54.50%,16.70%
20100128-M-Australian_Open-SF-Roger_Federer-Jo_Wilfried_Tsonga,Roger Federer,1,44,84.1%,75.9%,88.0%,78.6%,91.7%,88.9%,100.0%,100.0%,100.0%,100.0%
20100128-M-Australian_Open-SF-Roger_Federer-Jo_Wilfried_Tsonga,Roger Federer,2,25,68.0%,60.0%,70.6%,61.5%,66.7%,60.0%,66.7%,57.1%,80.0%,75.0%
20100128-M-Australian_Open-SF-Roger_Federer-Jo_Wilfried_Tsonga,Jo Wilfried Tsonga,1,39,69.2%,42.9%,42.9%,33.3%,60.0%,33.3%,50.0%,33.3%,33.3%,0.0%
20100128-M-Australian_Open-SF-Roger_Federer-Jo_Wilfried_Tsonga,Jo Wilfried Tsonga,2,26,46.2%,41.7%,45.5%,36.8%,63.6%,50.0%,80.0%,66.7%,66.7%,0.0%
20100128-M-Australian_Open-SF-Andy_Murray-Marin_Cilic,Andy Murray,1,67,76.1%,68.0%,72.3%,66.7%,76.5%,66.7%,69.6%,63.2%,70.6%,64.3%
20100128-M-Australian_Open-SF-Andy_Murray-Marin_Cilic,Andy Murray,2,39,59.0%,50.0%,59.3%,54.2%,65.0%,58.8%,66.7%,61.5%,80.0%,66.7%
20100128-M-Australian_Open-SF-Andy_Murray-Marin_Cilic,Marin Cilic,1,70,70.0%,57.1%,66.7%,54.8%,60.7%,45.0%,56.3%,46.2%,54.5%,54.5%
20100128-M-Australian_Open-SF-Andy_Murray-Marin_Cilic,Marin Cilic,2,48,50.0%,36.8%,48.3%,40.0%,41.7%,22.2%,26.7%,21.4%,30.0%,22.2%
20100126-M-Australian_Open-R16-John_Isner-Andy_Murray,John Isner,1,55,69.1%,54.1%,64.5%,45.0%,75.0%,40.0%,50.0%,33.3%,33.3%,33.3%
20100126-M-Australian_Open-R16-John_Isner-Andy_Murray,John Isner,2,22,22.7%,22.7%,31.3%,21.4%,23.1%,9.1%,20.0%,20.0%,33.3%,0.0%
20100126-M-Australian_Open-R16-John_Isner-Andy_Murray,Andy Murray,1,61,80.3%,73.9%,77.3%,69.7%,79.3%,70.0%,87.5%,81.8%,100.0%,100.0%
20100126-M-Australian_Open-R16-John_Isner-Andy_Murray,Andy Murray,2,22,68.2%,65.0%,76.5%,63.6%,87.5%,80.0%,80.0%,66.7%,66.7%,50.0%
20100126-M-Australian_Open-QF-Roger_Federer-Nikolay_Davydenko,Roger Federer,1,74,66.2%,40.5%,54.8%,33.3%,46.7%,33.3%,40.0%,14.3%,20.0%,0.0%
20100126-M-Australian_Open-QF-Roger_Federer-Nikolay_Davydenko,Roger Federer,2,44,54.5%,47.4%,56.3%,36.4%,47.1%,40.0%,60.0%,33.3%,33.3%,33.3%
20100126-M-Australian_Open-QF-Roger_Federer-Nikolay_Davydenko,Nikolay Davydenko,1,64,57.8%,50.9%,59.6%,51.3%,62.5%,53.8%,58.3%,47.4%,64.3%,58.3%
20100126-M-Australian_Open-QF-Roger_Federer-Nikolay_Davydenko,Nikolay Davydenko,2,37,43.2%,30.0%,33.3%,18.2%,25.0%,14.3%,22.2%,12.5%,14.3%,0.0%
20100126-M-Australian_Open-QF-Novak_Djokovic-Jo_Wilfried_Tsonga,Novak Djokovic,1,100,67.0%,58.8%,62.7%,52.5%,63.3%,50.0%,66.7%,50.0%,60.0%,40.0%
20100126-M-Australian_Open-QF-Novak_Djokovic-Jo_Wilfried_Tsonga,Novak Djokovic,2,36,61.1%,53.3%,61.5%,44.4%,61.5%,54.5%,66.7%,57.1%,80.0%,80.0%
20100126-M-Australian_Open-QF-Novak_Djokovic-Jo_Wilfried_Tsonga,Jo Wilfried Tsonga,1,107,68.2%,50.0%,55.7%,43.8%,58.3%,34.8%,42.1%,31.3%,38.5%,20.0%
20100126-M-Australian_Open-QF-Novak_Djokovic-Jo_Wilfried_Tsonga,Jo Wilfried Tsonga,2,59,49.2%,42.3%,46.8%,34.2%,50.0%,38.1%,44.4%,37.5%,42.9%,27.3%
20100126-M-Australian_Open-QF-Andy_Roddick-Marin_Cilic,Andy Roddick,1,88,67.0%,47.3%,54.2%,38.9%,50.0%,36.4%,44.4%,28.6%,36.4%,30.0%
20100126-M-Australian_Open-QF-Andy_Roddick-Marin_Cilic,Andy Roddick,2,49,53.1%,43.9%,48.6%,42.4%,50.0%,36.4%,40.0%,33.3%,40.0%,25.0%
20100126-M-Australian_Open-QF-Andy_Roddick-Marin_Cilic,Marin Cilic,1,76,76.3%,62.5%,68.2%,50.0%,63.6%,52.9%,64.3%,61.5%,66.7%,60.0%
20100126-M-Australian_Open-QF-Andy_Roddick-Marin_Cilic,Marin Cilic,2,69,49.3%,40.7%,53.3%,47.5%,57.6%,46.2%,54.5%,37.5%,50.0%,40.0%
20100126-M-Australian_Open-QF-Andy_Murray-Rafael_Nadal,Andy Murray,1,58,75.90%,57.60%,61.30%,40.00%,47.10%,43.80%,50.00%,30.00%,42.90%,42.90%
20100126-M-Australian_Open-QF-Andy_Murray-Rafael_Nadal,Andy Murray,2,38,47.40%,35.50%,42.30%,34.80%,36.40%,26.30%,35.70%,10.00%,16.70%,0.00%
20100126-M-Australian_Open-QF-Andy_Murray-Rafael_Nadal,Rafael Nadal,1,48,62.50%,48.60%,56.70%,40.90%,45.00%,38.90%,50.00%,36.40%,44.40%,37.50%
20100126-M-Australian_Open-QF-Andy_Murray-Rafael_Nadal,Rafael Nadal,2,23,43.50%,40.90%,45.00%,42.10%,53.30%,36.40%,57.10%,40.00%,50.00%,50.00%
20100124-M-Australian_Open-R16-Roger_Federer-Lleyton_Hewitt,Roger Federer,1,47,74.5%,53.8%,63.6%,55.6%,71.4%,50.0%,80.0%,75.0%,75.0%,75.0%
20100124-M-Australian_Open-R16-Roger_Federer-Lleyton_Hewitt,Roger Federer,2,26,69.2%,63.6%,73.7%,66.7%,71.4%,60.0%,66.7%,66.7%,66.7%,50.0%
20100124-M-Australian_Open-R16-Roger_Federer-Lleyton_Hewitt,Lleyton Hewitt,1,57,59.6%,42.5%,48.6%,43.8%,58.3%,41.2%,50.0%,41.7%,50.0%,50.0%
20100124-M-Australian_Open-R16-Roger_Federer-Lleyton_Hewitt,Lleyton Hewitt,2,36,47.2%,42.4%,53.8%,45.5%,55.6%,52.9%,60.0%,53.8%,63.6%,60.0%
20100124-M-Australian_Open-R16-Fernando_Verdasco-Nikolay_Davydenko,Fernando Verdasco,1,88,72.7%,44.2%,51.4%,28.0%,50.0%,36.4%,36.4%,12.5%,25.0%,0.0%
20100124-M-Australian_Open-R16-Fernando_Verdasco-Nikolay_Davydenko,Fernando Verdasco,2,47,63.8%,46.9%,55.6%,45.5%,50.0%,37.5%,60.0%,55.6%,100.0%,100.0%
20100124-M-Australian_Open-R16-Fernando_Verdasco-Nikolay_Davydenko,Nikolay Davydenko,1,108,67.6%,58.3%,72.1%,60.4%,72.5%,63.3%,70.4%,61.9%,76.5%,60.0%
20100124-M-Australian_Open-R16-Fernando_Verdasco-Nikolay_Davydenko,Nikolay Davydenko,2,60,61.7%,48.9%,56.4%,52.8%,61.3%,50.0%,54.5%,41.2%,58.3%,50.0%
20100124-M-Australian_Open-R16-Andy_Roddick-Fernando_Gonzalez,Andy Roddick,1,80,86.3%,57.7%,60.0%,50.0%,58.8%,53.3%,61.5%,50.0%,71.4%,60.0%
20100124-M-Australian_Open-R16-Andy_Roddick-Fernando_Gonzalez,Andy Roddick,2,39,51.3%,36.7%,45.8%,35.0%,38.9%,26.7%,33.3%,11.1%,20.0%,20.0%
20100124-M-Australian_Open-R16-Andy_Roddick-Fernando_Gonzalez,Fernando Gonzalez,1,104,75.0%,61.8%,65.6%,50.0%,61.1%,44.0%,55.0%,43.8%,63.6%,42.9%
20100124-M-Australian_Open-R16-Andy_Roddick-Fernando_Gonzalez,Fernando Gonzalez,2,58,50.0%,40.8%,45.5%,38.5%,46.9%,32.0%,44.4%,37.5%,50.0%,33.3%
20100121-M-Australian_Open-R64-Roger_Federer-Victor_Hanescu,Roger Federer,1,49,81.6%,71.0%,81.5%,64.3%,69.2%,33.3%,66.7%,50.0%,100.0%,-
20100121-M-Australian_Open-R64-Roger_Federer-Victor_Hanescu,Roger Federer,2,23,65.2%,60.0%,70.6%,37.5%,75.0%,66.7%,66.7%,50.0%,50.0%,0.0%
20100121-M-Australian_Open-R64-Roger_Federer-Victor_Hanescu,Victor Hanescu,1,61,55.7%,37.2%,41.0%,20.7%,26.1%,10.5%,15.4%,8.3%,12.5%,0.0%
20100121-M-Australian_Open-R64-Roger_Federer-Victor_Hanescu,Victor Hanescu,2,25,48.0%,43.5%,50.0%,41.2%,58.3%,50.0%,62.5%,50.0%,75.0%,0.0%
20100121-M-Australian_Open-R64-David_Ferrer-Marcos_Baghdatis,David Ferrer,1,114,59.6%,54.0%,60.0%,53.2%,57.7%,46.4%,55.3%,46.2%,56.3%,54.8%
20100121-M-Australian_Open-R64-David_Ferrer-Marcos_Baghdatis,David Ferrer,2,58,53.4%,46.0%,54.8%,48.6%,50.0%,33.3%,42.9%,42.9%,52.9%,42.9%
20100121-M-Australian_Open-R64-David_Ferrer-Marcos_Baghdatis,Marcos Baghdatis,1,71,74.6%,53.8%,65.6%,54.2%,54.2%,35.3%,50.0%,40.0%,57.1%,25.0%
20100121-M-Australian_Open-R64-David_Ferrer-Marcos_Baghdatis,Marcos Baghdatis,2,61,54.1%,46.2%,55.8%,48.6%,52.9%,42.9%,54.5%,37.5%,42.9%,38.5%
20100120-M-Australian_Open-R64-Bernard_Tomic-Marin_Cilic,Bernard Tomic,1,122,65.6%,51.7%,61.6%,49.1%,60.0%,51.4%,61.3%,52.0%,56.5%,52.4%
20100120-M-Australian_Open-R64-Bernard_Tomic-Marin_Cilic,Bernard Tomic,2,54,50.0%,44.9%,51.2%,44.7%,51.5%,40.7%,50.0%,42.1%,53.3%,41.7%
20100120-M-Australian_Open-R64-Bernard_Tomic-Marin_Cilic,Marin Cilic,1,72,77.8%,46.7%,70.0%,40.0%,50.0%,42.9%,42.9%,20.0%,25.0%,25.0%
20100120-M-Australian_Open-R64-Bernard_Tomic-Marin_Cilic,Marin Cilic,2,81,59.3%,51.5%,64.8%,55.8%,68.6%,60.7%,68.0%,65.2%,71.4%,60.0%
20100118-M-Australian_Open-R128-Roger_Federer-Igor_Andreev,Roger Federer,1,56,76.8%,55.2%,61.5%,41.2%,46.7%,33.3%,66.7%,66.7%,66.7%,60.0%
20100118-M-Australian_Open-R128-Roger_Federer-Igor_Andreev,Roger Federer,2,38,50.0%,36.7%,50.0%,35.3%,46.2%,22.2%,33.3%,33.3%,33.3%,33.3%
20100118-M-Australian_Open-R128-Roger_Federer-Igor_Andreev,Igor Andreev,1,81,58.0%,44.3%,55.1%,45.0%,52.9%,23.8%,29.4%,25.0%,33.3%,27.3%
20100118-M-Australian_Open-R128-Roger_Federer-Igor_Andreev,Igor Andreev,2,45,40.0%,37.2%,45.7%,32.1%,40.9%,35.0%,41.2%,35.7%,45.5%,33.3%
20090914-M-US_Open-F-Roger_Federer-Juan_Martin_Del_Potro,Roger Federer,1,90,71.1%,51.9%,58.3%,39.4%,56.5%,41.2%,63.6%,55.6%,62.5%,40.0%
20090914-M-US_Open-F-Roger_Federer-Juan_Martin_Del_Potro,Roger Federer,2,80,63.7%,58.0%,71.4%,56.8%,67.7%,56.5%,72.2%,64.3%,90.0%,85.7%
20090914-M-US_Open-F-Roger_Federer-Juan_Martin_Del_Potro,Juan Martin Del Potro,1,111,73.0%,61.0%,69.1%,50.0%,56.8%,38.5%,47.6%,31.3%,35.7%,25.0%
20090914-M-US_Open-F-Roger_Federer-Juan_Martin_Del_Potro,Juan Martin Del Potro,2,54,61.1%,58.0%,61.7%,51.4%,63.3%,52.2%,66.7%,60.0%,75.0%,66.7%
20090913-M-US_Open-SF-Novak_Djokovic-Roger_Federer,Novak Djokovic,1,78,67.9%,52.8%,60.9%,41.9%,54.2%,35.3%,46.2%,22.2%,50.0%,50.0%
20090913-M-US_Open-SF-Novak_Djokovic-Roger_Federer,Novak Djokovic,2,33,60.6%,48.0%,54.5%,33.3%,41.7%,30.0%,30.0%,22.2%,40.0%,25.0%
20090913-M-US_Open-SF-Novak_Djokovic-Roger_Federer,Roger Federer,1,63,77.8%,65.0%,81.3%,64.7%,68.8%,64.3%,81.8%,71.4%,100.0%,100.0%
20090913-M-US_Open-SF-Novak_Djokovic-Roger_Federer,Roger Federer,2,43,65.1%,50.0%,60.0%,50.0%,66.7%,61.5%,80.0%,66.7%,80.0%,80.0%
20090913-M-US_Open-SF-Juan_Martin_Del_Potro-Rafael_Nadal,Juan Martin Del Potro,1,55,78.2%,67.6%,69.4%,56.0%,66.7%,56.3%,60.0%,45.5%,50.0%,50.0%
20090913-M-US_Open-SF-Juan_Martin_Del_Potro-Rafael_Nadal,Juan Martin Del Potro,2,27,48.1%,30.0%,40.0%,35.7%,62.5%,57.1%,57.1%,25.0%,50.0%,50.0%
20090913-M-US_Open-SF-Juan_Martin_Del_Potro-Rafael_Nadal,Rafael Nadal,1,70,57.1%,47.4%,51.9%,39.0%,48.5%,41.4%,50.0%,40.0%,47.1%,25.0%
20090913-M-US_Open-SF-Juan_Martin_Del_Potro-Rafael_Nadal,Rafael Nadal,2,17,35.3%,31.3%,38.5%,27.3%,42.9%,42.9%,42.9%,42.9%,50.0%,40.0%
20090910-M-US_Open-QF-Juan_Martin_Del_Potro-Marin_Cilic,Juan Martin Del Potro,1,60,83.3%,75.0%,83.3%,72.7%,80.0%,75.0%,80.0%,66.7%,100.0%,100.0%
20090910-M-US_Open-QF-Juan_Martin_Del_Potro-Marin_Cilic,Juan Martin Del Potro,2,30,46.7%,38.5%,47.6%,31.3%,33.3%,23.1%,27.3%,11.1%,16.7%,16.7%
20090910-M-US_Open-QF-Juan_Martin_Del_Potro-Marin_Cilic,Marin Cilic,1,63,65.1%,43.6%,56.7%,43.5%,58.8%,36.4%,40.0%,40.0%,57.1%,40.0%
20090910-M-US_Open-QF-Juan_Martin_Del_Potro-Marin_Cilic,Marin Cilic,2,39,41.0%,30.3%,35.7%,28.0%,41.2%,28.6%,36.4%,30.0%,33.3%,25.0%
20090909-M-US_Open-QF-Roger_Federer-Robin_Soderling,Roger Federer,1,85,85.9%,67.6%,78.1%,61.1%,73.3%,55.6%,55.6%,33.3%,50.0%,50.0%
20090909-M-US_Open-QF-Roger_Federer-Robin_Soderling,Roger Federer,2,40,60.0%,51.5%,54.8%,46.2%,63.2%,53.3%,61.5%,44.4%,57.1%,40.0%
20090909-M-US_Open-QF-Roger_Federer-Robin_Soderling,Robin Soderling,1,85,72.9%,52.1%,61.0%,52.9%,66.7%,57.1%,85.7%,75.0%,85.7%,66.7%
20090909-M-US_Open-QF-Roger_Federer-Robin_Soderling,Robin Soderling,2,37,51.4%,45.5%,53.6%,45.8%,61.1%,41.7%,71.4%,50.0%,50.0%,50.0%
20090909-M-US_Open-QF-Fernando_Verdasco-Novak_Djokovic,Fernando Verdasco,1,66,66.7%,53.2%,64.1%,44.0%,57.9%,46.7%,53.8%,40.0%,57.1%,40.0%
20090909-M-US_Open-QF-Fernando_Verdasco-Novak_Djokovic,Fernando Verdasco,2,45,60.0%,41.9%,52.0%,45.5%,58.8%,53.3%,53.3%,36.4%,57.1%,40.0%
20090909-M-US_Open-QF-Fernando_Verdasco-Novak_Djokovic,Novak Djokovic,1,90,72.2%,47.9%,59.0%,48.4%,60.0%,54.5%,66.7%,53.8%,63.6%,42.9%
20090909-M-US_Open-QF-Fernando_Verdasco-Novak_Djokovic,Novak Djokovic,2,39,53.8%,45.5%,53.6%,43.5%,58.8%,46.2%,46.2%,36.4%,44.4%,37.5%
20090908-M-US_Open-R16-Jo_Wilfried_Tsonga-Fernando_Gonzalez,Jo Wilfried Tsonga,1,78,80.8%,68.8%,80.5%,57.9%,68.8%,44.4%,80.0%,66.7%,100.0%,100.0%
20090908-M-US_Open-R16-Jo_Wilfried_Tsonga-Fernando_Gonzalez,Jo Wilfried Tsonga,2,45,48.9%,34.3%,44.4%,22.2%,33.3%,27.3%,42.9%,20.0%,33.3%,0.0%
20090908-M-US_Open-R16-Jo_Wilfried_Tsonga-Fernando_Gonzalez,Fernando Gonzalez,1,78,80.8%,65.9%,80.6%,53.3%,80.0%,66.7%,80.0%,75.0%,75.0%,0.0%
20090908-M-US_Open-R16-Jo_Wilfried_Tsonga-Fernando_Gonzalez,Fernando Gonzalez,2,53,62.3%,52.4%,66.7%,54.2%,68.4%,57.1%,80.0%,66.7%,100.0%,100.0%
20090905-M-US_Open-R32-Roger_Federer-Lleyton_Hewitt,Roger Federer,1,73,74.0%,56.8%,67.6%,50.0%,63.2%,46.2%,54.5%,54.5%,75.0%,33.3%
20090905-M-US_Open-R32-Roger_Federer-Lleyton_Hewitt,Roger Federer,2,57,57.9%,50.0%,64.9%,56.7%,77.3%,68.8%,84.6%,75.0%,75.0%,66.7%
20090905-M-US_Open-R32-Roger_Federer-Lleyton_Hewitt,Lleyton Hewitt,1,56,69.6%,54.1%,66.7%,50.0%,71.4%,0.0%,0.0%,0.0%,0.0%,0.0%
20090905-M-US_Open-R32-Roger_Federer-Lleyton_Hewitt,Lleyton Hewitt,2,50,60.0%,55.6%,65.8%,40.9%,52.9%,27.3%,33.3%,14.3%,25.0%,25.0%
20090905-M-US_Open-R32-Andy_Roddick-John_Isner,Andy Roddick,1,102,83.3%,63.8%,68.2%,54.8%,63.0%,44.4%,50.0%,38.5%,45.5%,33.3%
20090905-M-US_Open-R32-Andy_Roddick-John_Isner,Andy Roddick,2,50,66.0%,59.5%,65.8%,51.9%,58.3%,37.5%,46.2%,30.0%,33.3%,33.3%
20090905-M-US_Open-R32-Andy_Roddick-John_Isner,John Isner,1,106,80.2%,63.8%,78.7%,56.5%,68.4%,45.5%,55.6%,33.3%,100.0%,100.0%
20090905-M-US_Open-R32-Andy_Roddick-John_Isner,John Isner,2,50,68.0%,54.3%,67.9%,50.0%,81.8%,50.0%,50.0%,33.3%,50.0%,50.0%
20090901-M-US_Open-R128-Roger_Federer-Devin_Britton,Roger Federer,1,45,82.2%,68.0%,77.3%,58.3%,70.0%,40.0%,40.0%,25.0%,33.3%,0.0%
20090901-M-US_Open-R128-Roger_Federer-Devin_Britton,Roger Federer,2,21,61.9%,33.3%,44.4%,16.7%,20.0%,0.0%,0.0%,0.0%,-,-
20090901-M-US_Open-R128-Roger_Federer-Devin_Britton,Devin Britton,1,57,59.6%,37.8%,56.0%,15.4%,33.3%,20.0%,50.0%,0.0%,-,-
20090901-M-US_Open-R128-Roger_Federer-Devin_Britton,Devin Britton,2,34,44.1%,34.5%,50.0%,41.2%,70.0%,57.1%,57.1%,40.0%,100.0%,100.0%
20090901-M-US_Open-R128-Fernando_Gonzalez-Nicolas_Massu,Fernando Gonzalez,1,42,73.8%,42.1%,47.1%,40.0%,50.0%,45.5%,71.4%,33.3%,100.0%,100.0%
20090901-M-US_Open-R128-Fernando_Gonzalez-Nicolas_Massu,Fernando Gonzalez,2,36,63.9%,48.0%,66.7%,50.0%,54.5%,28.6%,66.7%,50.0%,100.0%,-
20090901-M-US_Open-R128-Fernando_Gonzalez-Nicolas_Massu,Nicolas Massu,1,60,53.3%,36.4%,48.5%,26.1%,40.0%,30.8%,40.0%,14.3%,25.0%,25.0%
20090901-M-US_Open-R128-Fernando_Gonzalez-Nicolas_Massu,Nicolas Massu,2,37,48.6%,34.5%,52.6%,47.1%,57.1%,45.5%,83.3%,75.0%,75.0%,66.7%
20090831-M-US_Open-R128-Andy_Roddick-Bjorn_Phau,Andy Roddick,1,56,80.4%,60.7%,65.4%,50.0%,56.3%,46.2%,66.7%,62.5%,83.3%,66.7%
20090831-M-US_Open-R128-Andy_Roddick-Bjorn_Phau,Andy Roddick,2,12,66.7%,55.6%,62.5%,40.0%,40.0%,25.0%,33.3%,0.0%,0.0%,0.0%
20090831-M-US_Open-R128-Andy_Roddick-Bjorn_Phau,Bjorn Phau,1,41,65.9%,54.8%,60.7%,54.2%,65.0%,46.2%,60.0%,50.0%,57.1%,40.0%
20090831-M-US_Open-R128-Andy_Roddick-Bjorn_Phau,Bjorn Phau,2,35,34.3%,34.3%,40.0%,28.0%,36.8%,20.0%,21.4%,15.4%,20.0%,11.1%
20090201-M-Australian_Open-F-Roger_Federer-Rafael_Nadal,Roger Federer,1,90,73.30%,60.00%,66.70%,45.50%,60.00%,41.20%,53.80%,45.50%,50.00%,44.40%
20090201-M-Australian_Open-F-Roger_Federer-Rafael_Nadal,Roger Federer,2,76,48.70%,40.00%,52.00%,42.90%,52.90%,42.90%,48.00%,27.80%,41.70%,41.70%
20090201-M-Australian_Open-F-Roger_Federer-Rafael_Nadal,Rafael Nadal,1,112,66.10%,54.20%,58.40%,46.70%,54.90%,39.50%,48.40%,33.30%,44.40%,33.30%
20090201-M-Australian_Open-F-Roger_Federer-Rafael_Nadal,Rafael Nadal,2,59,50.80%,47.30%,57.80%,48.60%,62.10%,54.20%,56.50%,47.40%,52.90%,46.70%
20090130-M-Australian_Open-SF-Fernando_Verdasco-Rafael_Nadal,Fernando Verdasco,1,149,69.80%,51.60%,60.30%,48.30%,59.20%,44.40%,61.50%,50.00%,58.80%,50.00%
20090130-M-Australian_Open-SF-Fernando_Verdasco-Rafael_Nadal,Fernando Verdasco,2,59,59.30%,52.00%,63.40%,57.10%,62.50%,55.60%,60.00%,52.40%,68.80%,58.30%
20090130-M-Australian_Open-SF-Fernando_Verdasco-Rafael_Nadal,Rafael Nadal,1,128,72.70%,59.80%,65.80%,42.60%,57.10%,40.00%,45.50%,33.30%,50.00%,45.50%
20090130-M-Australian_Open-SF-Fernando_Verdasco-Rafael_Nadal,Rafael Nadal,2,42,64.30%,50.00%,65.20%,60.00%,66.70%,53.80%,63.60%,50.00%,80.00%,66.70%
20090129-M-Australian_Open-SF-Andy_Roddick-Roger_Federer,Andy Roddick,1,61,70.5%,45.5%,53.6%,31.6%,40.0%,35.7%,50.0%,16.7%,33.3%,0.0%
20090129-M-Australian_Open-SF-Andy_Roddick-Roger_Federer,Andy Roddick,2,31,54.8%,44.0%,50.0%,45.0%,60.0%,53.8%,70.0%,50.0%,60.0%,50.0%
20090129-M-Australian_Open-SF-Andy_Roddick-Roger_Federer,Roger Federer,1,63,82.5%,68.6%,77.4%,58.8%,83.3%,71.4%,71.4%,50.0%,66.7%,50.0%
20090129-M-Australian_Open-SF-Andy_Roddick-Roger_Federer,Roger Federer,2,33,57.6%,44.0%,52.4%,47.4%,52.9%,27.3%,37.5%,37.5%,42.9%,42.9%
20090128-M-Australian_Open-QF-Roger_Federer-Juan_Martin_Del_Potro,Roger Federer,1,32,87.5%,77.8%,77.8%,63.6%,87.5%,75.0%,75.0%,0.0%,-,-
20090128-M-Australian_Open-QF-Roger_Federer-Juan_Martin_Del_Potro,Roger Federer,2,16,75.0%,69.2%,69.2%,55.6%,71.4%,66.7%,100.0%,100.0%,100.0%,100.0%
20090128-M-Australian_Open-QF-Roger_Federer-Juan_Martin_Del_Potro,Juan Martin Del Potro,1,38,44.7%,22.2%,25.0%,21.7%,31.3%,31.3%,38.5%,33.3%,36.4%,22.2%
20090128-M-Australian_Open-QF-Roger_Federer-Juan_Martin_Del_Potro,Juan Martin Del Potro,2,24,33.3%,27.3%,31.6%,27.8%,45.5%,40.0%,50.0%,42.9%,50.0%,40.0%
20090128-M-Australian_Open-QF-Gilles_Simon-Rafael_Nadal,Gilles Simon,1,52,71.2%,60.5%,65.7%,50.0%,63.2%,50.0%,63.6%,33.3%,33.3%,33.3%
20090128-M-Australian_Open-QF-Gilles_Simon-Rafael_Nadal,Gilles Simon,2,38,42.1%,38.9%,43.8%,33.3%,36.0%,27.3%,35.3%,21.4%,30.0%,30.0%
20090128-M-Australian_Open-QF-Gilles_Simon-Rafael_Nadal,Rafael Nadal,1,63,73.0%,62.2%,62.2%,45.2%,46.7%,38.5%,45.5%,40.0%,57.1%,45.5%
20090128-M-Australian_Open-QF-Gilles_Simon-Rafael_Nadal,Rafael Nadal,2,29,62.1%,59.3%,64.0%,59.1%,61.9%,46.7%,58.3%,44.4%,80.0%,50.0%
20090128-M-Australian_Open-QF-Fernando_Verdasco-Jo_Wilfried_Tsonga,Fernando Verdasco,1,101,69.3%,59.2%,63.4%,53.6%,65.2%,54.3%,67.9%,55.0%,78.6%,62.5%
20090128-M-Australian_Open-QF-Fernando_Verdasco-Jo_Wilfried_Tsonga,Fernando Verdasco,2,25,64.0%,47.1%,57.1%,53.8%,53.8%,40.0%,50.0%,42.9%,42.9%,20.0%
20090128-M-Australian_Open-QF-Fernando_Verdasco-Jo_Wilfried_Tsonga,Jo Wilfried Tsonga,1,66,72.7%,57.1%,70.6%,44.4%,72.7%,50.0%,100.0%,100.0%,100.0%,-
20090128-M-Australian_Open-QF-Fernando_Verdasco-Jo_Wilfried_Tsonga,Jo Wilfried Tsonga,2,32,53.1%,48.3%,51.9%,43.5%,58.8%,53.3%,61.5%,37.5%,42.9%,20.0%
20090127-M-Australian_Open-QF-Andy_Roddick-Novak_Djokovic,Andy Roddick,1,62,87.1%,66.7%,69.6%,50.0%,63.6%,50.0%,80.0%,0.0%,-,-
20090127-M-Australian_Open-QF-Andy_Roddick-Novak_Djokovic,Andy Roddick,2,20,55.0%,47.1%,57.1%,45.5%,50.0%,28.6%,33.3%,33.3%,50.0%,33.3%
20090127-M-Australian_Open-QF-Andy_Roddick-Novak_Djokovic,Novak Djokovic,1,73,63.0%,46.0%,59.0%,50.0%,64.0%,50.0%,69.2%,50.0%,66.7%,60.0%
20090127-M-Australian_Open-QF-Andy_Roddick-Novak_Djokovic,Novak Djokovic,2,37,54.1%,51.4%,58.1%,51.9%,60.9%,52.6%,55.6%,38.5%,45.5%,33.3%
20090126-M-Australian_Open-R16-Roger_Federer-Tomas_Berdych,Roger Federer,1,106,70.8%,46.6%,61.4%,32.0%,44.4%,16.7%,20.0%,0.0%,0.0%,0.0%
20090126-M-Australian_Open-R16-Roger_Federer-Tomas_Berdych,Roger Federer,2,48,52.1%,42.5%,53.1%,37.5%,52.9%,33.3%,44.4%,28.6%,40.0%,40.0%
20090126-M-Australian_Open-R16-Roger_Federer-Tomas_Berdych,Tomas Berdych,1,92,70.7%,57.1%,69.2%,46.7%,66.7%,36.4%,44.4%,28.6%,50.0%,50.0%
20090126-M-Australian_Open-R16-Roger_Federer-Tomas_Berdych,Tomas Berdych,2,57,47.4%,40.0%,47.6%,40.5%,50.0%,42.3%,47.8%,36.8%,46.7%,20.0%
20090125-M-Australian_Open-R16-Fernando_Verdasco-Andy_Murray,Fernando Verdasco,1,97,69.1%,53.8%,60.3%,52.1%,56.8%,45.7%,51.6%,40.0%,47.6%,38.9%
20090125-M-Australian_Open-R16-Fernando_Verdasco-Andy_Murray,Fernando Verdasco,2,27,37.0%,34.6%,45.0%,38.9%,46.7%,42.9%,54.5%,44.4%,80.0%,75.0%
20090125-M-Australian_Open-R16-Fernando_Verdasco-Andy_Murray,Andy Murray,1,83,63.9%,50.0%,65.2%,46.7%,70.0%,45.5%,50.0%,28.6%,40.0%,0.0%
20090125-M-Australian_Open-R16-Fernando_Verdasco-Andy_Murray,Andy Murray,2,51,60.8%,58.3%,66.7%,58.8%,62.5%,50.0%,60.0%,57.9%,64.7%,60.0%
20090124-M-Australian_Open-R32-Tommy_Haas-Rafael_Nadal,Tommy Haas,1,61,57.4%,40.9%,46.2%,34.4%,45.8%,27.8%,50.0%,16.7%,16.7%,16.7%
20090124-M-Australian_Open-R32-Tommy_Haas-Rafael_Nadal,Tommy Haas,2,37,40.5%,35.3%,48.0%,40.9%,45.0%,31.3%,55.6%,55.6%,55.6%,33.3%
20090124-M-Australian_Open-R32-Tommy_Haas-Rafael_Nadal,Rafael Nadal,1,44,81.8%,76.5%,81.3%,71.4%,88.2%,77.8%,77.8%,66.7%,80.0%,66.7%
20090124-M-Australian_Open-R32-Tommy_Haas-Rafael_Nadal,Rafael Nadal,2,18,77.8%,71.4%,71.4%,69.2%,75.0%,72.7%,80.0%,71.4%,83.3%,66.7%
20090124-M-Australian_Open-R32-Richard_Gasquet-Fernando_Gonzalez,Richard Gasquet,1,115,80.0%,72.3%,78.9%,64.4%,72.5%,54.2%,72.2%,64.3%,81.8%,71.4%
20090124-M-Australian_Open-R32-Richard_Gasquet-Fernando_Gonzalez,Richard Gasquet,2,57,47.4%,40.0%,52.6%,43.8%,56.0%,31.3%,45.5%,40.0%,57.1%,57.1%
20090124-M-Australian_Open-R32-Richard_Gasquet-Fernando_Gonzalez,Fernando Gonzalez,1,139,72.7%,58.2%,66.3%,44.9%,57.9%,40.7%,55.0%,30.8%,33.3%,11.1%
20090124-M-Australian_Open-R32-Richard_Gasquet-Fernando_Gonzalez,Fernando Gonzalez,2,57,52.6%,41.3%,54.3%,36.0%,56.3%,41.7%,50.0%,37.5%,50.0%,50.0%
20090123-M-Australian_Open-R32-Roger_Federer-Marat_Safin,Roger Federer,1,54,85.2%,66.7%,76.2%,58.3%,63.6%,33.3%,50.0%,33.3%,50.0%,0.0%
20090123-M-Australian_Open-R32-Roger_Federer-Marat_Safin,Roger Federer,2,34,64.7%,57.1%,66.7%,50.0%,57.1%,25.0%,28.6%,16.7%,20.0%,20.0%
20090123-M-Australian_Open-R32-Roger_Federer-Marat_Safin,Marat Safin,1,43,67.4%,33.3%,36.8%,25.0%,57.1%,50.0%,75.0%,75.0%,75.0%,66.7%
20090123-M-Australian_Open-R32-Roger_Federer-Marat_Safin,Marat Safin,2,43,58.1%,56.1%,59.0%,38.5%,52.6%,40.0%,54.5%,16.7%,33.3%,33.3%
20080908-M-US_Open-F-Roger_Federer-Andy_Murray,Roger Federer,1,47,78.70%,65.50%,73.10%,66.70%,87.50%,77.80%,100.00%,100.00%,100.00%,100.00%
20080908-M-US_Open-F-Roger_Federer-Andy_Murray,Roger Federer,2,34,47.10%,37.90%,50.00%,47.60%,52.60%,43.80%,50.00%,41.70%,50.00%,50.00%
20080908-M-US_Open-F-Roger_Federer-Andy_Murray,Andy Murray,1,45,51.10%,38.90%,40.00%,30.00%,39.10%,17.60%,23.10%,16.70%,22.20%,22.20%
20080908-M-US_Open-F-Roger_Federer-Andy_Murray,Andy Murray,2,33,51.50%,42.90%,57.10%,43.80%,58.30%,44.40%,57.10%,57.10%,66.70%,0.00%
20080905-M-US_Open-SF-Rafael_Nadal-Andy_Murray,Rafael Nadal,1,120,59.2%,46.2%,51.2%,36.5%,45.1%,33.3%,41.2%,35.5%,50.0%,31.3%
20080905-M-US_Open-SF-Rafael_Nadal-Andy_Murray,Rafael Nadal,2,45,57.8%,53.7%,62.9%,53.6%,62.5%,47.1%,66.7%,55.6%,71.4%,66.7%
20080905-M-US_Open-SF-Rafael_Nadal-Andy_Murray,Andy Murray,1,70,78.6%,53.1%,73.9%,53.8%,77.8%,66.7%,100.0%,100.0%,100.0%,-
20080905-M-US_Open-SF-Rafael_Nadal-Andy_Murray,Andy Murray,2,35,68.6%,57.7%,68.2%,53.3%,72.7%,50.0%,50.0%,25.0%,33.3%,0.0%
20080904-M-US_Open-QF-Roger_Federer-Gilles_Muller,Roger Federer,1,63,85.7%,72.7%,88.9%,75.0%,75.0%,57.1%,80.0%,66.7%,66.7%,50.0%
20080904-M-US_Open-QF-Roger_Federer-Gilles_Muller,Roger Federer,2,40,65.0%,61.1%,68.8%,56.5%,76.5%,50.0%,66.7%,50.0%,66.7%,50.0%
20080904-M-US_Open-QF-Roger_Federer-Gilles_Muller,Gilles Muller,1,75,77.3%,60.5%,70.3%,56.0%,63.6%,38.5%,50.0%,28.6%,40.0%,0.0%
20080904-M-US_Open-QF-Roger_Federer-Gilles_Muller,Gilles Muller,2,42,61.9%,54.3%,65.5%,47.4%,69.2%,42.9%,60.0%,33.3%,100.0%,-
20080903-M-US_Open-R16-Roger_Federer-Igor_Andreev,Roger Federer,1,113,76.1%,62.0%,72.1%,55.3%,67.7%,33.3%,55.6%,42.9%,42.9%,33.3%
20080903-M-US_Open-R16-Roger_Federer-Igor_Andreev,Roger Federer,2,50,62.0%,50.0%,61.3%,47.8%,61.1%,36.4%,57.1%,25.0%,33.3%,0.0%
20080903-M-US_Open-R16-Roger_Federer-Igor_Andreev,Igor Andreev,1,100,78.0%,64.5%,69.0%,52.6%,76.9%,66.7%,75.0%,50.0%,66.7%,33.3%
20080903-M-US_Open-R16-Roger_Federer-Igor_Andreev,Igor Andreev,2,58,55.2%,48.0%,53.3%,36.4%,50.0%,33.3%,42.9%,27.3%,50.0%,25.0%
20080831-M-US_Open-R32-Roger_Federer-Radek_Stepanek,Roger Federer,1,55,74.5%,53.3%,64.0%,50.0%,75.0%,57.1%,66.7%,60.0%,60.0%,33.3%
20080831-M-US_Open-R32-Roger_Federer-Radek_Stepanek,Roger Federer,2,18,77.8%,73.3%,91.7%,83.3%,83.3%,66.7%,66.7%,0.0%,0.0%,0.0%
20080831-M-US_Open-R32-Roger_Federer-Radek_Stepanek,Radek Stepanek,1,59,62.7%,47.6%,60.6%,40.9%,60.0%,40.0%,57.1%,25.0%,100.0%,-
20080831-M-US_Open-R32-Roger_Federer-Radek_Stepanek,Radek Stepanek,2,22,36.4%,22.2%,28.6%,23.1%,30.0%,22.2%,28.6%,28.6%,50.0%,33.3%
20080830-M-US_Open-R32-James_Blake-Mardy_Fish,James Blake,1,57,68.4%,41.9%,52.0%,29.4%,35.7%,18.2%,28.6%,16.7%,33.3%,33.3%
20080830-M-US_Open-R32-James_Blake-Mardy_Fish,James Blake,2,42,52.4%,40.6%,65.0%,41.7%,83.3%,80.0%,100.0%,100.0%,100.0%,-
20080830-M-US_Open-R32-James_Blake-Mardy_Fish,Mardy Fish,1,56,83.9%,55.0%,73.3%,50.0%,57.1%,25.0%,50.0%,0.0%,-,-
20080830-M-US_Open-R32-James_Blake-Mardy_Fish,Mardy Fish,2,39,48.7%,40.6%,52.0%,33.3%,60.0%,42.9%,60.0%,50.0%,100.0%,100.0%
20080830-M-US_Open-R32-Gilles_Simon-Juan_Martin_Del_Potro,Gilles Simon,1,74,71.6%,52.3%,54.8%,44.1%,48.4%,38.5%,45.5%,29.4%,38.5%,27.3%
20080830-M-US_Open-R32-Gilles_Simon-Juan_Martin_Del_Potro,Gilles Simon,2,70,54.3%,48.4%,60.0%,53.5%,62.2%,48.1%,52.0%,42.9%,52.9%,50.0%
20080830-M-US_Open-R32-Gilles_Simon-Juan_Martin_Del_Potro,Juan Martin Del Potro,1,88,72.7%,57.1%,64.0%,50.0%,64.3%,47.4%,56.3%,50.0%,63.6%,63.6%
20080830-M-US_Open-R32-Gilles_Simon-Juan_Martin_Del_Potro,Juan Martin Del Potro,2,44,72.7%,63.6%,75.0%,68.2%,71.4%,70.0%,70.0%,53.8%,77.8%,75.0%
20080827-M-US_Open-R128-Roger_Federer-Maximo_Gonzalez,Roger Federer,1,56,73.2%,55.9%,70.4%,52.9%,69.2%,55.6%,71.4%,50.0%,66.7%,50.0%
20080827-M-US_Open-R128-Roger_Federer-Maximo_Gonzalez,Roger Federer,2,19,57.9%,42.9%,50.0%,40.0%,57.1%,25.0%,33.3%,0.0%,0.0%,0.0%
20080827-M-US_Open-R128-Roger_Federer-Maximo_Gonzalez,Maximo Gonzalez,1,49,55.1%,45.0%,58.1%,51.9%,70.0%,57.1%,66.7%,60.0%,66.7%,40.0%
20080827-M-US_Open-R128-Roger_Federer-Maximo_Gonzalez,Maximo Gonzalez,2,23,39.1%,30.0%,42.9%,33.3%,44.4%,37.5%,100.0%,100.0%,100.0%,100.0%
20080127-M-Australian_Open-SF-Novak_Djokovic-Roger_Federer,Novak Djokovic,1,73,76.7%,55.3%,61.8%,40.9%,47.4%,33.3%,41.7%,30.0%,33.3%,25.0%
20080127-M-Australian_Open-SF-Novak_Djokovic-Roger_Federer,Novak Djokovic,2,28,50.0%,48.1%,54.2%,35.3%,40.0%,30.8%,50.0%,42.9%,60.0%,33.3%
20080127-M-Australian_Open-SF-Novak_Djokovic-Roger_Federer,Roger Federer,1,62,71.0%,47.1%,51.6%,31.8%,43.8%,18.2%,25.0%,14.3%,20.0%,20.0%
20080127-M-Australian_Open-SF-Novak_Djokovic-Roger_Federer,Roger Federer,2,36,47.2%,42.4%,48.3%,37.5%,47.4%,44.4%,47.1%,40.0%,66.7%,50.0%
20080125-M-Australian_Open-SF-Jo_Wilfried_Tsonga-Rafael_Nadal,Jo Wilfried Tsonga,1,49,85.7%,70.8%,73.9%,50.0%,66.7%,50.0%,50.0%,0.0%,-,-
20080125-M-Australian_Open-SF-Jo_Wilfried_Tsonga-Rafael_Nadal,Jo Wilfried Tsonga,2,26,57.7%,52.2%,63.2%,46.2%,50.0%,33.3%,42.9%,33.3%,40.0%,40.0%
20080125-M-Australian_Open-SF-Jo_Wilfried_Tsonga-Rafael_Nadal,Rafael Nadal,1,48,56.3%,50.0%,50.0%,41.7%,48.4%,30.4%,38.9%,21.4%,30.0%,22.2%
20080125-M-Australian_Open-SF-Jo_Wilfried_Tsonga-Rafael_Nadal,Rafael Nadal,2,21,52.4%,33.3%,38.5%,0.0%,0.0%,0.0%,0.0%,0.0%,0.0%,0.0%
20080123-M-Australian_Open-QF-Roger_Federer-James_Blake,Roger Federer,1,65,75.4%,52.9%,75.0%,50.0%,85.7%,80.0%,80.0%,66.7%,100.0%,100.0%
20080123-M-Australian_Open-QF-Roger_Federer-James_Blake,Roger Federer,2,31,58.1%,43.5%,55.6%,42.9%,66.7%,50.0%,60.0%,33.3%,100.0%,100.0%
20080123-M-Australian_Open-QF-Roger_Federer-James_Blake,James Blake,1,68,70.6%,55.6%,64.1%,50.0%,60.9%,40.0%,75.0%,60.0%,60.0%,50.0%
20080123-M-Australian_Open-QF-Roger_Federer-James_Blake,James Blake,2,42,47.6%,42.1%,51.6%,28.6%,46.2%,30.0%,37.5%,16.7%,33.3%,33.3%
20080122-M-Australian_Open-QF-Jo_Wilfried_Tsonga-Mikhail_Youzhny,Jo Wilfried Tsonga,1,54,88.9%,81.8%,90.0%,85.0%,89.5%,85.7%,92.3%,85.7%,85.7%,80.0%
20080122-M-Australian_Open-QF-Jo_Wilfried_Tsonga-Mikhail_Youzhny,Jo Wilfried Tsonga,2,31,58.1%,40.9%,45.0%,31.3%,41.7%,22.2%,28.6%,16.7%,25.0%,25.0%
20080122-M-Australian_Open-QF-Jo_Wilfried_Tsonga-Mikhail_Youzhny,Mikhail Youzhny,1,77,68.8%,64.7%,69.8%,61.2%,75.0%,67.7%,72.4%,63.6%,73.7%,66.7%
20080122-M-Australian_Open-QF-Jo_Wilfried_Tsonga-Mikhail_Youzhny,Mikhail Youzhny,2,26,34.6%,22.7%,31.3%,31.3%,38.5%,20.0%,33.3%,33.3%,50.0%,50.0%
20080122-M-Australian_Open-QF-Jarkko_Nieminen-Rafael_Nadal,Jarkko Nieminen,1,67,64.2%,53.8%,59.6%,48.6%,52.9%,38.5%,47.6%,38.9%,43.8%,35.7%
20080122-M-Australian_Open-QF-Jarkko_Nieminen-Rafael_Nadal,Jarkko Nieminen,2,22,31.8%,25.0%,35.7%,35.7%,50.0%,28.6%,50.0%,33.3%,50.0%,50.0%
20080122-M-Australian_Open-QF-Jarkko_Nieminen-Rafael_Nadal,Rafael Nadal,1,59,74.6%,68.1%,74.4%,62.1%,72.0%,63.2%,66.7%,53.8%,58.3%,37.5%
20080122-M-Australian_Open-QF-Jarkko_Nieminen-Rafael_Nadal,Rafael Nadal,2,27,59.3%,47.6%,47.6%,42.1%,44.4%,33.3%,45.5%,33.3%,50.0%,50.0%
20080121-M-Australian_Open-R16-Tomas_Berdych-Roger_Federer,Tomas Berdych,1,52,73.1%,54.8%,68.0%,55.6%,71.4%,50.0%,50.0%,33.3%,33.3%,33.3%
20080121-M-Australian_Open-R16-Tomas_Berdych-Roger_Federer,Tomas Berdych,2,30,50.0%,37.5%,45.0%,35.3%,46.2%,46.2%,85.7%,85.7%,85.7%,50.0%
20080121-M-Australian_Open-R16-Tomas_Berdych-Roger_Federer,Roger Federer,1,59,76.3%,58.8%,71.4%,46.7%,70.0%,50.0%,75.0%,0.0%,0.0%,0.0%
20080121-M-Australian_Open-R16-Tomas_Berdych-Roger_Federer,Roger Federer,2,28,82.1%,75.0%,83.3%,78.6%,84.6%,66.7%,100.0%,100.0%,100.0%,-
20080120-M-Australian_Open-R16-Richard_Gasquet-Jo_Wilfried_Tsonga,Richard Gasquet,1,92,69.6%,60.6%,66.2%,53.2%,71.4%,44.4%,66.7%,50.0%,66.7%,60.0%
20080120-M-Australian_Open-R16-Richard_Gasquet-Jo_Wilfried_Tsonga,Richard Gasquet,2,55,52.7%,44.7%,55.3%,41.4%,54.5%,47.4%,50.0%,40.0%,40.0%,30.8%
20080120-M-Australian_Open-R16-Richard_Gasquet-Jo_Wilfried_Tsonga,Jo Wilfried Tsonga,1,83,83.1%,72.0%,76.6%,59.3%,80.0%,75.0%,85.7%,75.0%,85.7%,75.0%
20080120-M-Australian_Open-R16-Richard_Gasquet-Jo_Wilfried_Tsonga,Jo Wilfried Tsonga,2,43,53.5%,47.4%,60.0%,45.5%,66.7%,64.3%,69.2%,55.6%,62.5%,57.1%
20080119-M-Australian_Open-R32-Roger_Federer-Janko_Tipsarevic,Roger Federer,1,108,88.9%,70.0%,80.0%,58.8%,76.9%,62.5%,100.0%,100.0%,100.0%,100.0%
20080119-M-Australian_Open-R32-Roger_Federer-Janko_Tipsarevic,Roger Federer,2,59,54.2%,47.1%,58.5%,45.2%,60.9%,52.6%,58.8%,30.0%,42.9%,0.0%
20080119-M-Australian_Open-R32-Roger_Federer-Janko_Tipsarevic,Janko Tipsarevic,1,106,70.8%,50.0%,54.4%,31.6%,48.0%,35.0%,41.2%,16.7%,22.2%,12.5%
20080119-M-Australian_Open-R32-Roger_Federer-Janko_Tipsarevic,Janko Tipsarevic,2,95,61.1%,55.4%,62.2%,54.1%,71.7%,62.9%,68.8%,60.0%,68.2%,56.3%
20080119-M-Australian_Open-R32-Lleyton_Hewitt-Marcos_Baghdatis,Lleyton Hewitt,1,95,75.8%,59.6%,65.4%,51.4%,59.4%,45.8%,61.1%,53.3%,57.1%,45.5%
20080119-M-Australian_Open-R32-Lleyton_Hewitt-Marcos_Baghdatis,Lleyton Hewitt,2,67,53.7%,47.5%,56.0%,51.1%,56.1%,45.5%,48.4%,38.5%,43.5%,31.6%
20080119-M-Australian_Open-R32-Lleyton_Hewitt-Marcos_Baghdatis,Marcos Baghdatis,1,106,75.5%,58.1%,73.5%,61.8%,67.7%,54.5%,63.2%,61.1%,78.6%,57.1%
20080119-M-Australian_Open-R32-Lleyton_Hewitt-Marcos_Baghdatis,Marcos Baghdatis,2,92,44.6%,34.6%,45.0%,40.0%,48.9%,32.4%,36.7%,29.6%,40.0%,36.8%
20080117-M-Australian_Open-R64-Roger_Federer-Fabrice_Santoro,Roger Federer,1,42,76.2%,67.7%,77.8%,62.5%,71.4%,42.9%,50.0%,25.0%,50.0%,0.0%
20080117-M-Australian_Open-R64-Roger_Federer-Fabrice_Santoro,Roger Federer,2,18,83.3%,81.3%,81.3%,78.6%,91.7%,87.5%,87.5%,75.0%,100.0%,100.0%
20080117-M-Australian_Open-R64-Roger_Federer-Fabrice_Santoro,Fabrice Santoro,1,44,45.5%,33.3%,36.4%,19.2%,27.8%,7.1%,11.1%,11.1%,16.7%,16.7%
20080117-M-Australian_Open-R64-Roger_Federer-Fabrice_Santoro,Fabrice Santoro,2,25,36.0%,30.4%,33.3%,26.3%,31.3%,26.7%,40.0%,25.0%,33.3%,0.0%
20080117-M-Australian_Open-R64-Marat_Safin-Marcos_Baghdatis,Marat Safin,1,85,68.2%,48.1%,56.8%,36.7%,50.0%,31.3%,55.6%,42.9%,42.9%,20.0%
20080117-M-Australian_Open-R64-Marat_Safin-Marcos_Baghdatis,Marat Safin,2,65,55.4%,47.3%,52.0%,45.5%,57.1%,53.1%,65.4%,52.6%,62.5%,53.8%
20080117-M-Australian_Open-R64-Marat_Safin-Marcos_Baghdatis,Marcos Baghdatis,1,80,73.8%,56.3%,61.4%,45.2%,56.0%,38.9%,63.6%,55.6%,83.3%,80.0%
20080117-M-Australian_Open-R64-Marat_Safin-Marcos_Baghdatis,Marcos Baghdatis,2,50,58.0%,53.3%,61.5%,53.1%,63.0%,47.4%,69.2%,60.0%,60.0%,55.6%
20080115-M-Australian_Open-R128-Roger_Federer-Diego_Hartfield,Roger Federer,1,47,83.0%,70.4%,76.0%,45.5%,71.4%,33.3%,100.0%,-,-,-
20080115-M-Australian_Open-R128-Roger_Federer-Diego_Hartfield,Roger Federer,2,17,58.8%,56.3%,60.0%,50.0%,60.0%,33.3%,50.0%,33.3%,50.0%,50.0%
20080115-M-Australian_Open-R128-Roger_Federer-Diego_Hartfield,Diego Hartfield,1,39,51.3%,24.0%,30.0%,17.6%,33.3%,33.3%,50.0%,40.0%,50.0%,50.0%
20080115-M-Australian_Open-R128-Roger_Federer-Diego_Hartfield,Diego Hartfield,2,22,27.3%,23.8%,33.3%,28.6%,30.8%,18.2%,28.6%,16.7%,25.0%,25.0%
20080114-M-Australian_Open-R128-Novak_Djokovic-Benjamin_Becker,Novak Djokovic,1,52,82.7%,69.0%,80.0%,70.6%,70.6%,61.5%,72.7%,62.5%,83.3%,75.0%
20080114-M-Australian_Open-R128-Novak_Djokovic-Benjamin_Becker,Novak Djokovic,2,23,52.2%,38.9%,70.0%,70.0%,77.8%,60.0%,75.0%,75.0%,75.0%,66.7%
20080114-M-Australian_Open-R128-Novak_Djokovic-Benjamin_Becker,Benjamin Becker,1,40,55.0%,30.8%,36.4%,22.2%,30.8%,18.2%,25.0%,0.0%,0.0%,0.0%
20080114-M-Australian_Open-R128-Novak_Djokovic-Benjamin_Becker,Benjamin Becker,2,40,47.5%,36.4%,42.9%,33.3%,40.0%,33.3%,40.0%,30.8%,44.4%,28.6%
20070909-M-US_Open-F-Roger_Federer-Novak_Djokovic,Roger Federer,1,63,79.40%,61.80%,67.70%,54.50%,66.70%,50.00%,54.50%,28.60%,33.30%,33.30%
20070909-M-US_Open-F-Roger_Federer-Novak_Djokovic,Roger Federer,2,38,71.10%,64.50%,71.40%,52.90%,64.30%,58.30%,58.30%,54.50%,85.70%,83.30%
20070909-M-US_Open-F-Roger_Federer-Novak_Djokovic,Novak Djokovic,1,62,71.00%,52.60%,71.40%,46.70%,63.60%,42.90%,60.00%,33.30%,50.00%,0.00%
20070909-M-US_Open-F-Roger_Federer-Novak_Djokovic,Novak Djokovic,2,47,63.80%,55.30%,70.00%,59.10%,76.50%,66.70%,66.70%,42.90%,60.00%,33.30%
20070908-M-US_Open-SF-Roger_Federer-Nikolay_Davydenko,Roger Federer,1,60,65.0%,38.2%,44.8%,15.8%,23.1%,0.0%,0.0%,0.0%,0.0%,0.0%
20070908-M-US_Open-SF-Roger_Federer-Nikolay_Davydenko,Roger Federer,2,45,51.1%,48.8%,53.8%,37.9%,50.0%,47.6%,62.5%,40.0%,50.0%,33.3%
20070908-M-US_Open-SF-Roger_Federer-Nikolay_Davydenko,Nikolay Davydenko,1,67,53.7%,38.0%,43.2%,30.6%,44.0%,36.4%,57.1%,50.0%,60.0%,55.6%
20070908-M-US_Open-SF-Roger_Federer-Nikolay_Davydenko,Nikolay Davydenko,2,27,44.4%,42.3%,52.4%,47.4%,52.9%,38.5%,55.6%,42.9%,50.0%,40.0%
20070908-M-US_Open-SF-David_Ferrer-Novak_Djokovic,David Ferrer,1,71,60.6%,49.1%,51.9%,37.5%,51.7%,36.4%,44.4%,37.5%,40.0%,35.7%
20070908-M-US_Open-SF-David_Ferrer-Novak_Djokovic,David Ferrer,2,25,40.0%,31.8%,33.3%,30.0%,35.3%,21.4%,25.0%,18.2%,33.3%,20.0%
20070908-M-US_Open-SF-David_Ferrer-Novak_Djokovic,Novak Djokovic,1,61,67.2%,51.2%,70.0%,57.1%,75.0%,69.2%,75.0%,66.7%,75.0%,71.4%
20070908-M-US_Open-SF-David_Ferrer-Novak_Djokovic,Novak Djokovic,2,27,70.4%,61.9%,72.2%,61.5%,72.7%,66.7%,66.7%,40.0%,50.0%,33.3%
20070905-M-US_Open-QF-Tommy_Haas-Nikolay_Davydenko,Tommy Haas,1,74,62.2%,42.9%,52.5%,36.7%,45.8%,27.8%,35.7%,25.0%,37.5%,16.7%
20070905-M-US_Open-QF-Tommy_Haas-Nikolay_Davydenko,Tommy Haas,2,36,25.0%,20.6%,25.9%,23.1%,30.0%,17.6%,25.0%,18.2%,22.2%,22.2%
20070905-M-US_Open-QF-Tommy_Haas-Nikolay_Davydenko,Nikolay Davydenko,1,62,71.0%,60.9%,68.3%,53.6%,60.0%,50.0%,58.8%,50.0%,87.5%,80.0%
20070905-M-US_Open-QF-Tommy_Haas-Nikolay_Davydenko,Nikolay Davydenko,2,19,36.8%,25.0%,30.8%,18.2%,25.0%,14.3%,20.0%,20.0%,25.0%,25.0%
20070905-M-US_Open-QF-Roger_Federer-Andy_Roddick,Roger Federer,1,62,80.6%,65.7%,71.9%,55.0%,73.3%,60.0%,75.0%,71.4%,71.4%,60.0%
20070905-M-US_Open-QF-Roger_Federer-Andy_Roddick,Roger Federer,2,39,71.8%,60.7%,68.0%,52.9%,75.0%,66.7%,66.7%,40.0%,50.0%,50.0%
20070905-M-US_Open-QF-Roger_Federer-Andy_Roddick,Andy Roddick,1,73,76.7%,52.8%,57.6%,44.0%,61.1%,46.2%,66.7%,50.0%,50.0%,40.0%
20070905-M-US_Open-QF-Roger_Federer-Andy_Roddick,Andy Roddick,2,30,50.0%,37.5%,45.0%,26.7%,33.3%,11.1%,12.5%,0.0%,0.0%,0.0%
20070904-M-US_Open-R16-Tommy_Haas-James_Blake,Tommy Haas,1,106,66.0%,50.0%,64.3%,47.4%,62.1%,45.0%,60.0%,33.3%,37.5%,28.6%
20070904-M-US_Open-R16-Tommy_Haas-James_Blake,Tommy Haas,2,59,54.2%,41.3%,59.4%,43.5%,52.6%,40.0%,46.2%,30.0%,37.5%,16.7%
20070904-M-US_Open-R16-Tommy_Haas-James_Blake,James Blake,1,75,70.7%,55.1%,65.9%,48.1%,56.5%,16.7%,28.6%,28.6%,33.3%,0.0%
20070904-M-US_Open-R16-Tommy_Haas-James_Blake,James Blake,2,58,50.0%,37.0%,51.5%,38.5%,62.5%,50.0%,75.0%,50.0%,100.0%,100.0%
20070904-M-US_Open-R16-David_Ferrer-Rafael_Nadal,David Ferrer,1,84,70.2%,62.7%,72.4%,60.0%,70.6%,54.5%,63.2%,53.3%,61.5%,58.3%
20070904-M-US_Open-R16-David_Ferrer-Rafael_Nadal,David Ferrer,2,39,61.5%,50.0%,60.0%,56.5%,65.0%,63.2%,75.0%,63.6%,70.0%,70.0%
20070904-M-US_Open-R16-David_Ferrer-Rafael_Nadal,Rafael Nadal,1,97,63.9%,52.1%,60.3%,47.9%,52.3%,38.2%,41.9%,33.3%,45.0%,26.7%
20070904-M-US_Open-R16-David_Ferrer-Rafael_Nadal,Rafael Nadal,2,35,54.3%,40.7%,45.8%,43.5%,45.5%,45.5%,50.0%,28.6%,33.3%,11.1%
20070830-M-US_Open-R64-Roger_Federer-Paul_Capdeville,Roger Federer,1,45,75.6%,65.6%,80.8%,64.3%,81.8%,71.4%,83.3%,50.0%,100.0%,100.0%
20070830-M-US_Open-R64-Roger_Federer-Paul_Capdeville,Roger Federer,2,26,76.9%,68.4%,81.3%,75.0%,81.8%,77.8%,87.5%,75.0%,100.0%,100.0%
20070830-M-US_Open-R64-Roger_Federer-Paul_Capdeville,Paul Capdeville,1,51,64.7%,48.6%,54.8%,41.7%,52.6%,25.0%,37.5%,16.7%,33.3%,33.3%
20070830-M-US_Open-R64-Roger_Federer-Paul_Capdeville,Paul Capdeville,2,31,41.9%,33.3%,36.0%,23.8%,31.3%,15.4%,25.0%,14.3%,25.0%,25.0%
20070126-M-Australian_Open-SF-Tommy_Haas-Fernando_Gonzalez,Tommy Haas,1,47,57.4%,50.0%,52.6%,43.8%,60.9%,43.8%,50.0%,41.7%,50.0%,37.5%
20070126-M-Australian_Open-SF-Tommy_Haas-Fernando_Gonzalez,Tommy Haas,2,16,31.3%,21.4%,23.1%,9.1%,12.5%,0.0%,0.0%,0.0%,0.0%,0.0%
20070126-M-Australian_Open-SF-Tommy_Haas-Fernando_Gonzalez,Fernando Gonzalez,1,42,83.3%,75.0%,77.8%,71.4%,83.3%,72.7%,80.0%,50.0%,66.7%,50.0%
20070126-M-Australian_Open-SF-Tommy_Haas-Fernando_Gonzalez,Fernando Gonzalez,2,18,66.7%,60.0%,60.0%,50.0%,75.0%,50.0%,66.7%,50.0%,100.0%,100.0%
20070125-M-Australian_Open-SF-Andy_Roddick-Roger_Federer,Andy Roddick,1,40,52.5%,26.9%,36.8%,20.0%,30.0%,12.5%,33.3%,0.0%,0.0%,0.0%
20070125-M-Australian_Open-SF-Andy_Roddick-Roger_Federer,Andy Roddick,2,23,34.8%,25.0%,33.3%,28.6%,36.4%,12.5%,12.5%,12.5%,25.0%,25.0%
20070125-M-Australian_Open-SF-Andy_Roddick-Roger_Federer,Roger Federer,1,33,81.8%,64.7%,78.6%,50.0%,50.0%,40.0%,50.0%,33.3%,50.0%,50.0%
20070125-M-Australian_Open-SF-Andy_Roddick-Roger_Federer,Roger Federer,2,28,71.4%,69.2%,72.0%,66.7%,77.8%,66.7%,80.0%,75.0%,75.0%,71.4%
20070124-M-Australian_Open-QF-Roger_Federer-Tommy_Robredo,Roger Federer,1,60,70.0%,56.1%,67.6%,52.2%,63.2%,36.4%,44.4%,16.7%,33.3%,33.3%
20070124-M-Australian_Open-QF-Roger_Federer-Tommy_Robredo,Roger Federer,2,33,63.6%,61.3%,63.3%,52.2%,60.0%,38.5%,50.0%,44.4%,66.7%,60.0%
20070124-M-Australian_Open-QF-Roger_Federer-Tommy_Robredo,Tommy Robredo,1,71,63.4%,51.9%,54.9%,43.9%,58.1%,45.8%,64.7%,53.8%,58.3%,44.4%
20070124-M-Australian_Open-QF-Roger_Federer-Tommy_Robredo,Tommy Robredo,2,42,40.5%,34.2%,41.9%,33.3%,37.5%,28.6%,35.3%,21.4%,27.3%,20.0%
20070123-M-Australian_Open-QF-Rafael_Nadal-Fernando_Gonzalez,Rafael Nadal,1,56,69.6%,63.0%,70.7%,52.0%,59.1%,40.0%,46.2%,30.0%,33.3%,25.0%
20070123-M-Australian_Open-QF-Rafael_Nadal-Fernando_Gonzalez,Rafael Nadal,2,21,38.1%,27.8%,33.3%,9.1%,14.3%,0.0%,0.0%,0.0%,0.0%,0.0%
20070123-M-Australian_Open-QF-Rafael_Nadal-Fernando_Gonzalez,Fernando Gonzalez,1,55,72.7%,55.9%,67.9%,47.1%,50.0%,33.3%,36.4%,22.2%,33.3%,20.0%
20070123-M-Australian_Open-QF-Rafael_Nadal-Fernando_Gonzalez,Fernando Gonzalez,2,28,60.7%,57.7%,71.4%,50.0%,54.5%,44.4%,57.1%,0.0%,0.0%,0.0%
20070122-M-Australian_Open-R16-Roger_Federer-Novak_Djokovic,Roger Federer,1,54,77.8%,58.6%,63.0%,47.4%,69.2%,42.9%,60.0%,50.0%,66.7%,0.0%
20070122-M-Australian_Open-R16-Roger_Federer-Novak_Djokovic,Roger Federer,2,25,72.0%,68.2%,75.0%,61.5%,72.7%,40.0%,50.0%,33.3%,50.0%,50.0%
20070122-M-Australian_Open-R16-Roger_Federer-Novak_Djokovic,Novak Djokovic,1,67,58.2%,40.4%,51.4%,40.0%,50.0%,40.0%,57.1%,40.0%,50.0%,20.0%
20070122-M-Australian_Open-R16-Roger_Federer-Novak_Djokovic,Novak Djokovic,2,32,53.1%,44.4%,52.2%,45.0%,52.9%,50.0%,61.5%,44.4%,66.7%,60.0%
20070122-M-Australian_Open-R16-Rafael_Nadal-Andy_Murray,Rafael Nadal,1,117,69.2%,61.7%,69.9%,60.3%,67.9%,48.6%,60.7%,31.3%,41.7%,30.0%
20070122-M-Australian_Open-R16-Rafael_Nadal-Andy_Murray,Rafael Nadal,2,37,54.1%,41.4%,54.5%,44.4%,61.5%,58.3%,70.0%,66.7%,85.7%,80.0%
20070122-M-Australian_Open-R16-Rafael_Nadal-Andy_Murray,Andy Murray,1,88,71.6%,57.6%,70.8%,51.7%,65.2%,46.7%,63.6%,60.0%,66.7%,40.0%
20070122-M-Australian_Open-R16-Rafael_Nadal-Andy_Murray,Andy Murray,2,61,50.8%,46.4%,55.3%,46.2%,51.4%,37.0%,41.7%,33.3%,70.0%,62.5%
20070122-M-Australian_Open-R16-James_Blake-Fernando_Gonzalez,James Blake,1,55,74.5%,65.0%,76.5%,57.9%,78.6%,57.1%,80.0%,50.0%,50.0%,50.0%
20070122-M-Australian_Open-R16-James_Blake-Fernando_Gonzalez,James Blake,2,50,52.0%,45.5%,60.6%,45.8%,61.1%,50.0%,70.0%,62.5%,83.3%,80.0%
20070122-M-Australian_Open-R16-James_Blake-Fernando_Gonzalez,Fernando Gonzalez,1,73,74.0%,51.3%,57.1%,34.8%,53.3%,22.2%,40.0%,0.0%,0.0%,0.0%
20070122-M-Australian_Open-R16-James_Blake-Fernando_Gonzalez,Fernando Gonzalez,2,28,57.1%,36.8%,41.2%,28.6%,44.4%,28.6%,40.0%,0.0%,0.0%,0.0%
20070119-M-Australian_Open-R32-Roger_Federer-Mikhail_Youzhny,Roger Federer,1,53,83.0%,71.0%,78.6%,50.0%,60.0%,42.9%,50.0%,40.0%,50.0%,33.3%
20070119-M-Australian_Open-R32-Roger_Federer-Mikhail_Youzhny,Roger Federer,2,46,54.3%,46.2%,58.1%,40.9%,47.4%,28.6%,44.4%,37.5%,75.0%,50.0%
20070119-M-Australian_Open-R32-Roger_Federer-Mikhail_Youzhny,Mikhail Youzhny,1,56,76.8%,59.4%,63.3%,50.0%,57.9%,42.9%,50.0%,45.5%,55.6%,50.0%
20070119-M-Australian_Open-R32-Roger_Federer-Mikhail_Youzhny,Mikhail Youzhny,2,44,40.9%,33.3%,40.6%,34.5%,50.0%,41.2%,63.6%,50.0%,66.7%,50.0%
20070119-M-Australian_Open-R32-Andy_Roddick-Marat_Safin,Andy Roddick,1,86,74.4%,56.0%,65.1%,50.0%,62.5%,47.1%,66.7%,42.9%,60.0%,33.3%
20070119-M-Australian_Open-R32-Andy_Roddick-Marat_Safin,Andy Roddick,2,36,55.6%,44.8%,65.0%,46.2%,54.5%,37.5%,60.0%,33.3%,50.0%,50.0%
20070119-M-Australian_Open-R32-Andy_Roddick-Marat_Safin,Marat Safin,1,92,70.7%,48.1%,53.2%,42.1%,45.7%,36.7%,40.7%,30.4%,31.8%,25.0%
20070119-M-Australian_Open-R32-Andy_Roddick-Marat_Safin,Marat Safin,2,42,47.6%,38.9%,48.3%,42.3%,47.8%,45.5%,52.6%,47.1%,50.0%,42.9%
20070118-M-Australian_Open-R64-Juan_Martin_Del_Potro-Fernando_Gonzalez,Juan Martin Del Potro,1,91,67.0%,53.8%,62.5%,46.2%,64.3%,50.0%,66.7%,44.4%,80.0%,50.0%
20070118-M-Australian_Open-R64-Juan_Martin_Del_Potro-Fernando_Gonzalez,Juan Martin Del Potro,2,53,56.6%,41.0%,44.4%,35.5%,40.7%,30.4%,63.6%,50.0%,66.7%,60.0%
20070118-M-Australian_Open-R64-Juan_Martin_Del_Potro-Fernando_Gonzalez,Fernando Gonzalez,1,82,79.3%,63.0%,69.0%,48.0%,63.2%,41.7%,50.0%,28.6%,33.3%,0.0%
20070118-M-Australian_Open-R64-Juan_Martin_Del_Potro-Fernando_Gonzalez,Fernando Gonzalez,2,48,47.9%,35.9%,53.8%,42.9%,64.3%,44.4%,80.0%,66.7%,100.0%,100.0%
20070116-M-Australian_Open-R128-Robert_Kendrick-Rafael_Nadal,Robert Kendrick,1,39,84.6%,70.0%,100.0%,100.0%,100.0%,-,-,-,-,-
20070116-M-Australian_Open-R128-Robert_Kendrick-Rafael_Nadal,Robert Kendrick,2,31,54.8%,46.2%,75.0%,55.6%,55.6%,42.9%,60.0%,60.0%,100.0%,100.0%
20070116-M-Australian_Open-R128-Robert_Kendrick-Rafael_Nadal,Rafael Nadal,1,46,78.3%,67.7%,84.0%,76.5%,86.7%,75.0%,85.7%,66.7%,66.7%,0.0%
20070116-M-Australian_Open-R128-Robert_Kendrick-Rafael_Nadal,Rafael Nadal,2,24,75.0%,66.7%,75.0%,60.0%,85.7%,75.0%,75.0%,66.7%,66.7%,50.0%
20070115-M-Australian_Open-R128-Novak_Djokovic-Nicolas_Massu,Novak Djokovic,1,40,82.5%,68.2%,75.0%,64.3%,75.0%,40.0%,50.0%,50.0%,66.7%,0.0%
20070115-M-Australian_Open-R128-Novak_Djokovic-Nicolas_Massu,Novak Djokovic,2,18,61.1%,41.7%,50.0%,37.5%,50.0%,40.0%,66.7%,50.0%,50.0%,0.0%
20070115-M-Australian_Open-R128-Novak_Djokovic-Nicolas_Massu,Nicolas Massu,1,37,45.9%,23.1%,40.0%,30.8%,50.0%,33.3%,33.3%,33.3%,40.0%,0.0%
20070115-M-Australian_Open-R128-Novak_Djokovic-Nicolas_Massu,Nicolas Massu,2,28,42.9%,38.5%,45.5%,33.3%,42.9%,27.3%,30.0%,22.2%,33.3%,33.3%
20060910-M-US_Open-F-Roger_Federer-Andy_Roddick,Roger Federer,1,63,84.1%,74.4%,80.6%,65.0%,72.2%,58.3%,77.8%,60.0%,60.0%,60.0%
20060910-M-US_Open-F-Roger_Federer-Andy_Roddick,Roger Federer,2,40,50.0%,44.4%,51.6%,40.0%,47.6%,35.3%,40.0%,18.2%,40.0%,25.0%
20060910-M-US_Open-F-Roger_Federer-Andy_Roddick,Andy Roddick,1,81,65.4%,44.0%,47.8%,33.3%,50.0%,29.4%,45.5%,33.3%,42.9%,20.0%
20060910-M-US_Open-F-Roger_Federer-Andy_Roddick,Andy Roddick,2,40,40.0%,38.5%,44.1%,36.7%,42.3%,28.6%,37.5%,23.1%,27.3%,11.1%
20060909-M-US_Open-SF-Roger_Federer-Nikolay_Davydenko,Roger Federer,1,53,77.4%,60.0%,66.7%,55.0%,73.3%,50.0%,50.0%,33.3%,40.0%,40.0%
20060909-M-US_Open-SF-Roger_Federer-Nikolay_Davydenko,Roger Federer,2,27,59.3%,50.0%,64.7%,57.1%,57.1%,45.5%,71.4%,60.0%,75.0%,0.0%
20060909-M-US_Open-SF-Roger_Federer-Nikolay_Davydenko,Nikolay Davydenko,1,60,53.3%,40.4%,55.9%,37.5%,50.0%,40.0%,54.5%,28.6%,33.3%,20.0%
20060909-M-US_Open-SF-Roger_Federer-Nikolay_Davydenko,Nikolay Davydenko,2,21,61.9%,55.6%,76.9%,70.0%,77.8%,66.7%,80.0%,75.0%,100.0%,100.0%
20060909-M-US_Open-SF-Andy_Roddick-Mikhail_Youzhny,Andy Roddick,1,82,80.5%,66.0%,68.9%,57.6%,76.0%,60.0%,75.0%,62.5%,71.4%,33.3%
20060909-M-US_Open-SF-Andy_Roddick-Mikhail_Youzhny,Andy Roddick,2,38,63.2%,54.8%,68.0%,61.9%,76.5%,60.0%,60.0%,55.6%,71.4%,66.7%
20060909-M-US_Open-SF-Andy_Roddick-Mikhail_Youzhny,Mikhail Youzhny,1,87,69.0%,58.5%,66.7%,60.4%,70.7%,58.6%,68.0%,55.6%,58.8%,50.0%
20060909-M-US_Open-SF-Andy_Roddick-Mikhail_Youzhny,Mikhail Youzhny,2,37,40.5%,37.1%,46.4%,34.8%,44.4%,37.5%,46.2%,46.2%,54.5%,37.5%
20060907-M-US_Open-QF-James_Blake-Roger_Federer,James Blake,1,91,59.3%,37.3%,52.4%,31.0%,47.4%,33.3%,45.5%,14.3%,25.0%,0.0%
20060907-M-US_Open-QF-James_Blake-Roger_Federer,James Blake,2,58,51.7%,42.9%,47.7%,37.8%,53.8%,40.0%,47.1%,43.8%,70.0%,57.1%
20060907-M-US_Open-QF-James_Blake-Roger_Federer,Roger Federer,1,83,78.3%,63.3%,70.5%,45.8%,57.9%,38.5%,55.6%,42.9%,100.0%,100.0%
20060907-M-US_Open-QF-James_Blake-Roger_Federer,Roger Federer,2,49,49.0%,26.5%,34.6%,22.7%,35.7%,25.0%,42.9%,20.0%,33.3%,0.0%
20060906-M-US_Open-QF-Tommy_Haas-Nikolay_Davydenko,Tommy Haas,1,89,71.9%,52.8%,62.2%,46.9%,65.2%,46.7%,53.8%,53.8%,77.8%,71.4%
20060906-M-US_Open-QF-Tommy_Haas-Nikolay_Davydenko,Tommy Haas,2,44,54.5%,45.9%,60.7%,52.2%,66.7%,40.0%,40.0%,25.0%,50.0%,33.3%
20060906-M-US_Open-QF-Tommy_Haas-Nikolay_Davydenko,Nikolay Davydenko,1,133,64.7%,59.1%,66.0%,50.0%,60.3%,45.2%,57.6%,48.1%,54.2%,31.3%
20060906-M-US_Open-QF-Tommy_Haas-Nikolay_Davydenko,Nikolay Davydenko,2,39,59.0%,50.0%,66.7%,61.9%,68.4%,57.1%,61.5%,50.0%,62.5%,50.0%
20060906-M-US_Open-QF-Mikhail_Youzhny-Rafael_Nadal,Mikhail Youzhny,1,83,72.3%,62.3%,70.4%,54.3%,61.3%,50.0%,70.6%,54.5%,54.5%,37.5%
20060906-M-US_Open-QF-Mikhail_Youzhny-Rafael_Nadal,Mikhail Youzhny,2,42,71.4%,64.7%,73.3%,68.0%,73.9%,70.0%,73.7%,64.3%,75.0%,70.0%
20060906-M-US_Open-QF-Mikhail_Youzhny-Rafael_Nadal,Rafael Nadal,1,78,66.7%,48.0%,49.0%,37.5%,53.6%,45.8%,57.9%,42.9%,60.0%,50.0%
20060906-M-US_Open-QF-Mikhail_Youzhny-Rafael_Nadal,Rafael Nadal,2,44,50.0%,43.6%,48.6%,41.9%,48.1%,36.4%,40.0%,29.4%,45.5%,33.3%
20060906-M-US_Open-QF-Andy_Roddick-Lleyton_Hewitt,Andy Roddick,1,64,81.3%,62.5%,66.7%,47.4%,52.9%,33.3%,44.4%,37.5%,50.0%,50.0%
20060906-M-US_Open-QF-Andy_Roddick-Lleyton_Hewitt,Andy Roddick,2,23,60.9%,59.1%,72.2%,70.6%,75.0%,71.4%,83.3%,77.8%,100.0%,100.0%
20060906-M-US_Open-QF-Andy_Roddick-Lleyton_Hewitt,Lleyton Hewitt,1,39,76.9%,57.1%,63.2%,46.2%,46.2%,22.2%,22.2%,22.2%,25.0%,25.0%
20060906-M-US_Open-QF-Andy_Roddick-Lleyton_Hewitt,Lleyton Hewitt,2,36,55.6%,48.4%,53.6%,43.5%,45.5%,29.4%,35.7%,25.0%,42.9%,33.3%
20060904-M-US_Open-R16-Richard_Gasquet-Lleyton_Hewitt,Richard Gasquet,1,94,69.1%,58.0%,66.7%,50.0%,60.6%,43.5%,52.6%,40.0%,46.2%,36.4%
20060904-M-US_Open-R16-Richard_Gasquet-Lleyton_Hewitt,Richard Gasquet,2,41,51.2%,42.9%,45.5%,37.9%,42.3%,31.8%,50.0%,50.0%,58.3%,54.5%
20060904-M-US_Open-R16-Richard_Gasquet-Lleyton_Hewitt,Lleyton Hewitt,1,86,64.0%,48.3%,56.9%,37.1%,44.8%,36.0%,40.9%,18.8%,30.0%,22.2%
20060904-M-US_Open-R16-Richard_Gasquet-Lleyton_Hewitt,Lleyton Hewitt,2,75,57.3%,46.7%,53.8%,45.5%,51.3%,42.4%,53.8%,40.0%,61.5%,58.3%
20060901-M-US_Open-R32-Vincent_Spadea-Roger_Federer,Vincent Spadea,1,43,53.5%,42.9%,50.0%,37.5%,45.0%,31.3%,35.7%,18.2%,25.0%,25.0%
20060901-M-US_Open-R32-Vincent_Spadea-Roger_Federer,Vincent Spadea,2,30,53.3%,51.7%,57.7%,50.0%,57.9%,46.7%,63.6%,42.9%,60.0%,0.0%
20060901-M-US_Open-R32-Vincent_Spadea-Roger_Federer,Roger Federer,1,45,82.2%,66.7%,80.0%,66.7%,88.9%,66.7%,66.7%,50.0%,100.0%,100.0%
20060901-M-US_Open-R32-Vincent_Spadea-Roger_Federer,Roger Federer,2,29,58.6%,36.8%,50.0%,36.4%,40.0%,33.3%,50.0%,50.0%,60.0%,0.0%
20060831-M-US_Open-R64-Marcos_Baghdatis-Andre_Agassi,Marcos Baghdatis,1,99,73.7%,55.9%,67.3%,48.4%,62.5%,47.1%,88.9%,80.0%,80.0%,80.0%
20060831-M-US_Open-R64-Marcos_Baghdatis-Andre_Agassi,Marcos Baghdatis,2,76,46.1%,38.8%,50.0%,45.8%,57.9%,48.4%,57.7%,50.0%,61.1%,53.3%
20060831-M-US_Open-R64-Marcos_Baghdatis-Andre_Agassi,Andre Agassi,1,113,69.0%,55.7%,67.7%,58.8%,63.8%,51.4%,58.1%,48.0%,60.0%,55.6%
20060831-M-US_Open-R64-Marcos_Baghdatis-Andre_Agassi,Andre Agassi,2,61,55.7%,51.8%,58.0%,52.3%,59.0%,55.6%,62.5%,40.0%,44.4%,33.3%
20060831-M-US_Open-R64-Marat_Safin-David_Nalbandian,Marat Safin,1,83,74.7%,55.3%,59.1%,50.0%,64.3%,52.4%,64.7%,53.8%,70.0%,62.5%
20060831-M-US_Open-R64-Marat_Safin-David_Nalbandian,Marat Safin,2,60,58.3%,47.9%,59.0%,48.4%,57.7%,45.0%,52.9%,27.3%,37.5%,16.7%
20060831-M-US_Open-R64-Marat_Safin-David_Nalbandian,David Nalbandian,1,97,73.2%,53.6%,65.2%,44.8%,65.0%,46.2%,60.0%,50.0%,57.1%,40.0%
20060831-M-US_Open-R64-Marat_Safin-David_Nalbandian,David Nalbandian,2,56,60.7%,47.6%,57.1%,51.6%,72.7%,57.1%,66.7%,50.0%,100.0%,100.0%
20060830-M-US_Open-R64-Andy_Roddick-Kristian_Pless,Andy Roddick,1,61,91.8%,80.0%,95.2%,87.5%,100.0%,100.0%,100.0%,-,-,-
20060830-M-US_Open-R64-Andy_Roddick-Kristian_Pless,Andy Roddick,2,18,72.2%,58.3%,70.0%,57.1%,57.1%,50.0%,50.0%,25.0%,33.3%,0.0%
20060830-M-US_Open-R64-Andy_Roddick-Kristian_Pless,Kristian Pless,1,52,76.9%,58.6%,70.8%,56.3%,64.3%,50.0%,83.3%,66.7%,66.7%,66.7%
20060830-M-US_Open-R64-Andy_Roddick-Kristian_Pless,Kristian Pless,2,26,53.8%,50.0%,60.0%,52.9%,64.3%,50.0%,62.5%,57.1%,66.7%,60.0%
20060830-M-US_Open-R128-Jimmy_Wang-Roger_Federer,Jimmy Wang,1,44,47.7%,37.8%,46.7%,36.0%,60.0%,33.3%,60.0%,50.0%,100.0%,100.0%
20060830-M-US_Open-R128-Jimmy_Wang-Roger_Federer,Jimmy Wang,2,42,45.2%,36.1%,41.9%,33.3%,50.0%,35.7%,71.4%,60.0%,60.0%,60.0%
20060830-M-US_Open-R128-Jimmy_Wang-Roger_Federer,Roger Federer,1,35,88.6%,80.0%,88.9%,80.0%,88.9%,66.7%,66.7%,50.0%,50.0%,0.0%
20060830-M-US_Open-R128-Jimmy_Wang-Roger_Federer,Roger Federer,2,23,43.5%,23.5%,50.0%,42.9%,60.0%,50.0%,66.7%,0.0%,0.0%,0.0%
20060828-M-US_Open-R128-Andre_Agassi-Andrei_Pavel,Andre Agassi,1,88,79.5%,67.3%,75.5%,52.0%,61.9%,52.9%,64.3%,37.5%,42.9%,33.3%
20060828-M-US_Open-R128-Andre_Agassi-Andrei_Pavel,Andre Agassi,2,58,51.7%,40.4%,52.8%,43.3%,54.2%,42.1%,61.5%,61.5%,66.7%,33.3%
20060828-M-US_Open-R128-Andre_Agassi-Andrei_Pavel,Andrei Pavel,1,111,69.4%,54.1%,61.5%,43.2%,55.9%,44.4%,54.5%,44.4%,66.7%,55.6%
20060828-M-US_Open-R128-Andre_Agassi-Andrei_Pavel,Andrei Pavel,2,54,48.1%,40.4%,45.2%,41.0%,51.6%,40.0%,55.6%,50.0%,57.1%,50.0%
20060126-M-Australian_Open-SF-Roger_Federer-Nicolas_Kiefer,Roger Federer,1,69,71.0%,60.0%,69.8%,43.5%,55.6%,38.5%,50.0%,50.0%,62.5%,57.1%
20060126-M-Australian_Open-SF-Roger_Federer-Nicolas_Kiefer,Roger Federer,2,32,78.1%,66.7%,77.8%,69.2%,81.8%,77.8%,87.5%,83.3%,83.3%,80.0%
20060126-M-Australian_Open-SF-Roger_Federer-Nicolas_Kiefer,Nicolas Kiefer,1,62,71.0%,41.9%,61.9%,33.3%,44.4%,16.7%,33.3%,33.3%,33.3%,33.3%
20060126-M-Australian_Open-SF-Roger_Federer-Nicolas_Kiefer,Nicolas Kiefer,2,53,43.4%,33.3%,41.7%,32.3%,40.0%,34.8%,42.1%,38.9%,41.2%,23.1%
20060126-M-Australian_Open-SF-David_Nalbandian-Marcos_Baghdatis,David Nalbandian,1,95,63.2%,54.5%,66.7%,57.1%,73.7%,52.4%,64.7%,50.0%,66.7%,62.5%
20060126-M-Australian_Open-SF-David_Nalbandian-Marcos_Baghdatis,David Nalbandian,2,45,51.1%,45.0%,51.4%,34.6%,42.9%,36.8%,50.0%,30.0%,50.0%,40.0%
20060126-M-Australian_Open-SF-David_Nalbandian-Marcos_Baghdatis,Marcos Baghdatis,1,86,69.8%,49.0%,62.5%,48.3%,56.0%,38.9%,70.0%,62.5%,71.4%,0.0%
20060126-M-Australian_Open-SF-David_Nalbandian-Marcos_Baghdatis,Marcos Baghdatis,2,66,51.5%,41.8%,53.5%,47.4%,51.4%,41.4%,50.0%,42.9%,52.9%,27.3%
20060125-M-Australian_Open-QF-Roger_Federer-Nikolay_Davydenko,Roger Federer,1,85,74.1%,60.7%,68.0%,51.5%,68.0%,55.6%,71.4%,55.6%,71.4%,60.0%
20060125-M-Australian_Open-QF-Roger_Federer-Nikolay_Davydenko,Roger Federer,2,54,53.7%,44.4%,60.6%,48.0%,66.7%,50.0%,60.0%,50.0%,50.0%,33.3%
20060125-M-Australian_Open-QF-Roger_Federer-Nikolay_Davydenko,Nikolay Davydenko,1,110,70.0%,61.6%,70.7%,57.7%,61.2%,48.6%,54.5%,44.4%,52.2%,45.0%
20060125-M-Australian_Open-QF-Roger_Federer-Nikolay_Davydenko,Nikolay Davydenko,2,32,46.9%,43.3%,48.1%,44.0%,47.8%,36.8%,58.3%,44.4%,57.1%,40.0%
20060124-M-Australian_Open-QF-Ivan_Ljubicic-Marcos_Baghdatis,Ivan Ljubicic,1,98,71.4%,61.6%,69.2%,45.9%,58.6%,40.0%,44.4%,37.5%,60.0%,55.6%
20060124-M-Australian_Open-QF-Ivan_Ljubicic-Marcos_Baghdatis,Ivan Ljubicic,2,53,56.6%,52.1%,62.5%,53.1%,56.7%,45.8%,57.9%,52.9%,60.0%,50.0%
20060124-M-Australian_Open-QF-Ivan_Ljubicic-Marcos_Baghdatis,Marcos Baghdatis,1,70,78.6%,62.5%,71.4%,60.0%,71.4%,57.1%,72.7%,66.7%,66.7%,50.0%
20060124-M-Australian_Open-QF-Ivan_Ljubicic-Marcos_Baghdatis,Marcos Baghdatis,2,57,64.9%,60.0%,68.2%,64.1%,73.5%,65.4%,70.8%,53.3%,61.5%,50.0%
20060123-M-Australian_Open-R16-Tommy_Haas-Roger_Federer,Tommy Haas,1,89,62.9%,50.0%,53.2%,40.8%,51.3%,29.6%,38.1%,27.8%,33.3%,28.6%
20060123-M-Australian_Open-R16-Tommy_Haas-Roger_Federer,Tommy Haas,2,49,57.1%,48.8%,55.6%,44.8%,59.1%,43.8%,53.8%,50.0%,66.7%,50.0%
20060123-M-Australian_Open-R16-Tommy_Haas-Roger_Federer,Roger Federer,1,77,77.9%,71.2%,77.8%,61.3%,76.0%,57.1%,80.0%,71.4%,71.4%,60.0%
20060123-M-Australian_Open-R16-Tommy_Haas-Roger_Federer,Roger Federer,2,54,53.7%,45.7%,50.0%,40.0%,50.0%,39.1%,56.3%,50.0%,58.3%,28.6%
20060123-M-Australian_Open-QF-David_Nalbandian-Fabrice_Santoro,David Nalbandian,1,46,73.90%,68.40%,74.30%,60.90%,63.60%,50.00%,57.10%,40.00%,44.40%,44.40%
20060123-M-Australian_Open-QF-David_Nalbandian-Fabrice_Santoro,David Nalbandian,2,18,72.20%,66.70%,71.40%,50.00%,80.00%,66.70%,66.70%,66.70%,100.00%,100.00%
20060123-M-Australian_Open-QF-David_Nalbandian-Fabrice_Santoro,Fabrice Santoro,1,53,52.80%,35.90%,40.00%,34.40%,57.90%,42.90%,54.50%,54.50%,66.70%,62.50%
20060123-M-Australian_Open-QF-David_Nalbandian-Fabrice_Santoro,Fabrice Santoro,2,22,22.70%,19.00%,25.00%,20.00%,20.00%,14.30%,16.70%,0.00%,0.00%,0.00%
20060122-M-Australian_Open-R16-Andy_Roddick-Marcos_Baghdatis,Andy Roddick,1,63,71.4%,41.9%,54.2%,42.1%,61.5%,37.5%,50.0%,40.0%,50.0%,33.3%
20060122-M-Australian_Open-R16-Andy_Roddick-Marcos_Baghdatis,Andy Roddick,2,35,62.9%,53.6%,68.2%,61.1%,78.6%,62.5%,83.3%,80.0%,100.0%,100.0%
20060122-M-Australian_Open-R16-Andy_Roddick-Marcos_Baghdatis,Marcos Baghdatis,1,60,71.7%,48.5%,57.1%,40.0%,53.3%,41.7%,55.6%,50.0%,66.7%,60.0%
20060122-M-Australian_Open-R16-Andy_Roddick-Marcos_Baghdatis,Marcos Baghdatis,2,59,55.9%,51.9%,56.0%,51.1%,63.9%,50.0%,61.9%,60.0%,75.0%,63.6%
20060121-M-Australian_Open-R32-Roger_Federer-Max_Mirnyi,Roger Federer,1,48,79.2%,68.8%,75.9%,61.1%,78.6%,66.7%,100.0%,100.0%,100.0%,100.0%
20060121-M-Australian_Open-R32-Roger_Federer-Max_Mirnyi,Roger Federer,2,18,94.4%,90.0%,90.0%,80.0%,100.0%,100.0%,100.0%,100.0%,100.0%,100.0%
20060121-M-Australian_Open-R32-Roger_Federer-Max_Mirnyi,Max Mirnyi,1,72,69.4%,48.8%,63.6%,36.8%,70.0%,50.0%,100.0%,-,-,-
20060121-M-Australian_Open-R32-Roger_Federer-Max_Mirnyi,Max Mirnyi,2,30,36.7%,9.5%,16.7%,0.0%,0.0%,0.0%,0.0%,0.0%,-,-
20060117-M-Australian_Open-R128-Roger_Federer-Denis_Istomin,Roger Federer,1,45,82.2%,71.4%,76.9%,62.5%,83.3%,60.0%,100.0%,100.0%,100.0%,100.0%
20060117-M-Australian_Open-R128-Roger_Federer-Denis_Istomin,Roger Federer,2,21,57.1%,25.0%,33.3%,14.3%,20.0%,0.0%,0.0%,0.0%,0.0%,0.0%
20060117-M-Australian_Open-R128-Roger_Federer-Denis_Istomin,Denis Istomin,1,54,59.3%,42.1%,53.3%,30.0%,42.9%,11.1%,20.0%,20.0%,25.0%,25.0%
20060117-M-Australian_Open-R128-Roger_Federer-Denis_Istomin,Denis Istomin,2,26,38.5%,33.3%,53.3%,30.0%,50.0%,40.0%,50.0%,50.0%,50.0%,0.0%
20050911-M-US_Open-F-Roger_Federer-Andre_Agassi,Roger Federer,1,81,74.10%,50.00%,67.70%,47.40%,56.30%,41.70%,83.30%,50.00%,100.00%,100.00%
20050911-M-US_Open-F-Roger_Federer-Andre_Agassi,Roger Federer,2,26,57.70%,50.00%,68.80%,37.50%,42.90%,20.00%,33.30%,0.00%,-,-
20050911-M-US_Open-F-Roger_Federer-Andre_Agassi,Andre Agassi,1,78,57.70%,43.10%,51.00%,31.40%,40.70%,33.30%,53.30%,41.70%,45.50%,33.30%
20050911-M-US_Open-F-Roger_Federer-Andre_Agassi,Andre Agassi,2,49,59.20%,53.50%,62.20%,51.70%,62.50%,52.60%,71.40%,63.60%,87.50%,85.70%
20050910-M-US_Open-SF-Roger_Federer-Lleyton_Hewitt,Roger Federer,1,91,68.1%,54.0%,63.0%,35.5%,47.8%,40.0%,47.1%,43.8%,50.0%,41.7%
20050910-M-US_Open-SF-Roger_Federer-Lleyton_Hewitt,Roger Federer,2,57,59.6%,48.9%,59.5%,42.3%,50.0%,38.9%,50.0%,50.0%,58.3%,44.4%
20050910-M-US_Open-SF-Roger_Federer-Lleyton_Hewitt,Lleyton Hewitt,1,69,76.8%,63.6%,71.8%,60.7%,81.0%,66.7%,72.7%,70.0%,87.5%,75.0%
20050910-M-US_Open-SF-Roger_Federer-Lleyton_Hewitt,Lleyton Hewitt,2,63,44.4%,40.7%,50.0%,44.2%,55.9%,46.4%,61.9%,52.9%,69.2%,50.0%
20050910-M-US_Open-SF-Robby_Ginepri-Andre_Agassi,Robby Ginepri,1,101,66.3%,39.3%,52.4%,28.6%,44.4%,33.3%,38.5%,11.1%,20.0%,20.0%
20050910-M-US_Open-SF-Robby_Ginepri-Andre_Agassi,Robby Ginepri,2,53,62.3%,53.5%,60.5%,50.0%,65.2%,52.9%,60.0%,45.5%,50.0%,28.6%
20050910-M-US_Open-SF-Robby_Ginepri-Andre_Agassi,Andre Agassi,1,87,75.9%,52.3%,67.6%,52.2%,60.0%,52.9%,75.0%,70.0%,77.8%,71.4%
20050910-M-US_Open-SF-Robby_Ginepri-Andre_Agassi,Andre Agassi,2,62,56.5%,46.0%,60.5%,55.9%,67.9%,57.1%,80.0%,70.0%,87.5%,75.0%
20050908-M-US_Open-QF-Lleyton_Hewitt-Jarkko_Nieminen,Lleyton Hewitt,1,63,81.0%,68.4%,81.3%,64.7%,68.8%,54.5%,60.0%,42.9%,50.0%,40.0%
20050908-M-US_Open-QF-Lleyton_Hewitt-Jarkko_Nieminen,Lleyton Hewitt,2,41,61.0%,57.9%,64.7%,55.6%,68.2%,58.8%,71.4%,55.6%,55.6%,33.3%
20050908-M-US_Open-QF-Lleyton_Hewitt-Jarkko_Nieminen,Jarkko Nieminen,1,83,60.2%,49.2%,56.1%,46.8%,59.5%,40.0%,47.6%,26.7%,30.8%,18.2%
20050908-M-US_Open-QF-Lleyton_Hewitt-Jarkko_Nieminen,Jarkko Nieminen,2,48,58.3%,39.4%,52.0%,47.8%,57.9%,42.9%,60.0%,42.9%,42.9%,20.0%
20050908-M-US_Open-QF-Andre_Agassi-James_Blake,Andre Agassi,1,105,64.8%,43.1%,65.1%,55.9%,70.4%,60.0%,92.3%,85.7%,85.7%,75.0%
20050908-M-US_Open-QF-Andre_Agassi-James_Blake,Andre Agassi,2,54,55.6%,45.5%,57.1%,48.3%,60.9%,55.0%,64.7%,53.8%,63.6%,42.9%
20050908-M-US_Open-QF-Andre_Agassi-James_Blake,James Blake,1,89,65.2%,42.6%,57.5%,37.0%,47.6%,42.1%,61.5%,44.4%,57.1%,50.0%
20050908-M-US_Open-QF-Andre_Agassi-James_Blake,James Blake,2,59,52.5%,41.7%,58.8%,53.3%,69.6%,58.8%,83.3%,75.0%,85.7%,75.0%
20050905-M-US_Open-R32-Roger_Federer-Olivier_Rochus,Roger Federer,1,66,84.8%,66.7%,76.9%,60.0%,75.0%,50.0%,60.0%,0.0%,0.0%,0.0%
20050905-M-US_Open-R32-Roger_Federer-Olivier_Rochus,Roger Federer,2,27,48.1%,36.4%,47.1%,25.0%,37.5%,37.5%,42.9%,20.0%,33.3%,33.3%
20050905-M-US_Open-R32-Roger_Federer-Olivier_Rochus,Olivier Rochus,1,61,63.9%,50.0%,59.5%,46.4%,61.9%,46.7%,50.0%,36.4%,57.1%,40.0%
20050905-M-US_Open-R32-Roger_Federer-Olivier_Rochus,Olivier Rochus,2,33,54.5%,50.0%,68.2%,53.3%,66.7%,33.3%,50.0%,50.0%,100.0%,100.0%
20050831-M-US_Open-R64-Scoville_Jenkins-Rafael_Nadal,Scoville Jenkins,1,68,66.2%,53.1%,65.0%,33.3%,58.3%,28.6%,50.0%,0.0%,0.0%,0.0%
20050831-M-US_Open-R64-Scoville_Jenkins-Rafael_Nadal,Scoville Jenkins,2,41,58.5%,54.1%,69.0%,55.0%,68.8%,54.5%,66.7%,50.0%,50.0%,25.0%
20050831-M-US_Open-R64-Scoville_Jenkins-Rafael_Nadal,Rafael Nadal,1,53,77.4%,68.4%,74.3%,62.5%,71.4%,62.5%,66.7%,50.0%,83.3%,50.0%
20050831-M-US_Open-R64-Scoville_Jenkins-Rafael_Nadal,Rafael Nadal,2,25,88.0%,82.4%,82.4%,72.7%,80.0%,71.4%,83.3%,0.0%,0.0%,0.0%
20050831-M-US_Open-R64-Roger_Federer-Fabrice_Santoro,Roger Federer,1,72,80.6%,69.6%,80.0%,66.7%,80.0%,50.0%,66.7%,33.3%,100.0%,-
20050831-M-US_Open-R64-Roger_Federer-Fabrice_Santoro,Roger Federer,2,32,53.1%,48.3%,58.3%,47.4%,69.2%,63.6%,70.0%,40.0%,66.7%,66.7%
20050831-M-US_Open-R64-Roger_Federer-Fabrice_Santoro,Fabrice Santoro,1,68,63.2%,44.4%,54.1%,37.0%,55.6%,27.3%,60.0%,50.0%,50.0%,0.0%
20050831-M-US_Open-R64-Roger_Federer-Fabrice_Santoro,Fabrice Santoro,2,39,56.4%,48.5%,57.1%,45.5%,55.6%,33.3%,57.1%,50.0%,60.0%,60.0%
20050831-M-US_Open-R64-Arnaud_Clement-Andy_Murray,Arnaud Clement,1,93,72.0%,57.4%,62.5%,46.2%,56.3%,41.7%,47.6%,35.3%,42.9%,11.1%
20050831-M-US_Open-R64-Arnaud_Clement-Andy_Murray,Arnaud Clement,2,72,59.7%,53.2%,63.5%,56.8%,62.5%,54.5%,60.0%,53.8%,63.6%,63.6%
20050831-M-US_Open-R64-Arnaud_Clement-Andy_Murray,Andy Murray,1,82,74.4%,50.0%,58.3%,42.3%,47.8%,36.8%,50.0%,41.7%,55.6%,42.9%
20050831-M-US_Open-R64-Arnaud_Clement-Andy_Murray,Andy Murray,2,61,55.7%,52.6%,57.7%,50.0%,61.1%,53.3%,59.3%,52.2%,66.7%,53.8%
20050830-M-US_Open-R128-Novak_Djokovic-Gael_Monfils,Novak Djokovic,1,119,68.1%,59.6%,74.7%,60.4%,74.4%,58.3%,70.0%,60.0%,69.2%,42.9%
20050830-M-US_Open-R128-Novak_Djokovic-Gael_Monfils,Novak Djokovic,2,55,52.7%,43.5%,51.3%,42.4%,53.8%,36.8%,50.0%,36.4%,44.4%,28.6%
20050830-M-US_Open-R128-Novak_Djokovic-Gael_Monfils,Gael Monfils,1,78,87.2%,69.7%,79.3%,68.4%,86.7%,77.8%,87.5%,83.3%,83.3%,80.0%
20050830-M-US_Open-R128-Novak_Djokovic-Gael_Monfils,Gael Monfils,2,64,59.4%,51.9%,59.6%,45.7%,55.2%,43.5%,55.6%,38.5%,55.6%,55.6%
20050130-M-Australian_Open-F-Lleyton_Hewitt-Marat_Safin,Lleyton Hewitt,1,60,71.7%,55.3%,60.0%,39.1%,45.0%,38.9%,46.7%,38.5%,45.5%,45.5%
20050130-M-Australian_Open-F-Lleyton_Hewitt-Marat_Safin,Lleyton Hewitt,2,60,55.0%,46.0%,52.3%,43.2%,48.5%,43.3%,54.2%,45.0%,60.0%,50.0%
20050130-M-Australian_Open-F-Lleyton_Hewitt-Marat_Safin,Marat Safin,1,66,72.7%,50.0%,56.3%,41.7%,50.0%,37.5%,66.7%,50.0%,75.0%,66.7%
20050130-M-Australian_Open-F-Lleyton_Hewitt-Marat_Safin,Marat Safin,2,43,58.1%,48.6%,58.6%,47.8%,55.0%,47.1%,57.1%,53.8%,63.6%,50.0%
20050128-M-Australian_Open-SF-Andy_Roddick-Lleyton_Hewitt,Andy Roddick,1,75,81.3%,57.6%,73.1%,46.2%,75.0%,66.7%,66.7%,0.0%,0.0%,0.0%
20050128-M-Australian_Open-SF-Andy_Roddick-Lleyton_Hewitt,Andy Roddick,2,50,50.0%,40.5%,50.0%,34.6%,42.9%,33.3%,40.0%,30.8%,40.0%,33.3%
20050128-M-Australian_Open-SF-Andy_Roddick-Lleyton_Hewitt,Lleyton Hewitt,1,83,83.1%,68.2%,78.9%,68.0%,73.9%,68.4%,81.3%,76.9%,83.3%,60.0%
20050128-M-Australian_Open-SF-Andy_Roddick-Lleyton_Hewitt,Lleyton Hewitt,2,45,55.6%,42.9%,60.0%,52.4%,61.1%,56.3%,69.2%,66.7%,72.7%,70.0%
20050127-M-Australian_Open-SF-Roger_Federer-Marat_Safin,Roger Federer,1,107,82.2%,67.8%,78.4%,54.2%,81.3%,66.7%,100.0%,100.0%,100.0%,-
20050127-M-Australian_Open-SF-Roger_Federer-Marat_Safin,Roger Federer,2,73,56.2%,45.8%,50.9%,33.3%,44.8%,33.3%,44.4%,28.6%,36.4%,30.0%
20050127-M-Australian_Open-SF-Roger_Federer-Marat_Safin,Marat Safin,1,122,73.8%,57.3%,65.2%,51.1%,72.7%,55.0%,64.7%,45.5%,55.6%,50.0%
20050127-M-Australian_Open-SF-Roger_Federer-Marat_Safin,Marat Safin,2,84,53.6%,48.0%,57.1%,44.9%,55.0%,40.0%,54.5%,50.0%,66.7%,54.5%
20050126-M-Australian_Open-QF-Roger_Federer-Andre_Agassi,Roger Federer,1,66,77.3%,44.4%,52.2%,38.9%,58.3%,37.5%,42.9%,33.3%,50.0%,50.0%
20050126-M-Australian_Open-QF-Roger_Federer-Andre_Agassi,Roger Federer,2,29,69.0%,59.1%,72.2%,44.4%,57.1%,40.0%,50.0%,33.3%,33.3%,33.3%
20050126-M-Australian_Open-QF-Roger_Federer-Andre_Agassi,Andre Agassi,1,44,75.0%,59.3%,69.6%,58.8%,76.9%,62.5%,71.4%,50.0%,50.0%,0.0%
20050126-M-Australian_Open-QF-Roger_Federer-Andre_Agassi,Andre Agassi,2,33,54.5%,50.0%,68.2%,58.8%,66.7%,37.5%,60.0%,33.3%,100.0%,-
20050126-M-Australian_Open-QF-Lleyton_Hewitt-David_Nalbandian,Lleyton Hewitt,1,79,73.4%,51.2%,56.4%,37.0%,47.6%,31.3%,45.5%,40.0%,44.4%,28.6%
20050126-M-Australian_Open-QF-Lleyton_Hewitt-David_Nalbandian,Lleyton Hewitt,2,72,55.6%,44.8%,50.0%,43.5%,54.1%,51.4%,56.3%,50.0%,60.9%,47.1%
20050126-M-Australian_Open-QF-Lleyton_Hewitt-David_Nalbandian,David Nalbandian,1,96,70.8%,56.9%,64.9%,53.5%,60.5%,48.3%,60.9%,57.1%,66.7%,57.1%
20050126-M-Australian_Open-QF-Lleyton_Hewitt-David_Nalbandian,David Nalbandian,2,54,48.1%,42.9%,50.0%,41.7%,50.0%,50.0%,57.7%,54.2%,59.1%,47.1%
20050120-M-Australian_Open-R64-Lleyton_Hewitt-James_Blake,Lleyton Hewitt,1,65,83.1%,71.8%,82.4%,71.4%,78.9%,71.4%,71.4%,55.6%,62.5%,50.0%
20050120-M-Australian_Open-R64-Lleyton_Hewitt-James_Blake,Lleyton Hewitt,2,37,54.1%,37.0%,47.6%,42.1%,53.3%,41.7%,62.5%,50.0%,60.0%,33.3%
20050120-M-Australian_Open-R64-Lleyton_Hewitt-James_Blake,James Blake,1,74,62.2%,42.9%,61.8%,40.9%,47.4%,33.3%,41.7%,36.4%,50.0%,50.0%
20050120-M-Australian_Open-R64-Lleyton_Hewitt-James_Blake,James Blake,2,55,54.5%,47.9%,56.1%,45.5%,53.6%,23.5%,26.7%,26.7%,33.3%,33.3%
20050119-M-Australian_Open-R64-Roger_Federer-Takao_Suzuki,Roger Federer,1,62,77.4%,58.8%,62.5%,50.0%,70.6%,50.0%,71.4%,50.0%,100.0%,100.0%
20050119-M-Australian_Open-R64-Roger_Federer-Takao_Suzuki,Roger Federer,2,22,63.6%,60.0%,75.0%,55.6%,83.3%,0.0%,0.0%,0.0%,-,-
20050119-M-Australian_Open-R64-Roger_Federer-Takao_Suzuki,Takao Suzuki,1,72,55.6%,30.4%,43.8%,25.0%,54.5%,28.6%,66.7%,66.7%,100.0%,-
20050119-M-Australian_Open-R64-Roger_Federer-Takao_Suzuki,Takao Suzuki,2,30,66.7%,56.5%,72.2%,54.5%,85.7%,66.7%,66.7%,50.0%,50.0%,50.0%
20050119-M-Australian_Open-R64-Bohdan_Ulihrach-Marat_Safin,Bohdan Ulihrach,1,46,56.5%,39.4%,48.1%,36.4%,66.7%,55.6%,71.4%,33.3%,33.3%,33.3%
20050119-M-Australian_Open-R64-Bohdan_Ulihrach-Marat_Safin,Bohdan Ulihrach,2,31,54.8%,48.1%,54.2%,45.0%,64.3%,44.4%,66.7%,50.0%,50.0%,33.3%
20050119-M-Australian_Open-R64-Bohdan_Ulihrach-Marat_Safin,Marat Safin,1,40,85.0%,64.7%,78.6%,66.7%,100.0%,100.0%,100.0%,-,-,-
20050119-M-Australian_Open-R64-Bohdan_Ulihrach-Marat_Safin,Marat Safin,2,27,59.3%,50.0%,68.8%,54.5%,66.7%,62.5%,71.4%,50.0%,66.7%,50.0%
20050117-M-Australian_Open-R128-Roger_Federer-Fabrice_Santoro,Roger Federer,1,36,80.6%,72.0%,81.8%,73.3%,84.6%,66.7%,100.0%,100.0%,100.0%,-
20050117-M-Australian_Open-R128-Roger_Federer-Fabrice_Santoro,Roger Federer,2,15,60.0%,57.1%,66.7%,55.6%,62.5%,62.5%,83.3%,66.7%,100.0%,100.0%
20050117-M-Australian_Open-R128-Roger_Federer-Fabrice_Santoro,Fabrice Santoro,1,59,44.1%,28.3%,33.3%,25.7%,42.9%,33.3%,54.5%,28.6%,50.0%,0.0%
20050117-M-Australian_Open-R128-Roger_Federer-Fabrice_Santoro,Fabrice Santoro,2,27,48.1%,36.4%,50.0%,33.3%,40.0%,14.3%,25.0%,25.0%,50.0%,0.0%
20050117-M-Australian_Open-R128-Novak_Djokovic-Marat_Safin,Novak Djokovic,1,39,41.0%,30.3%,43.5%,35.0%,46.7%,27.3%,33.3%,25.0%,33.3%,33.3%
20050117-M-Australian_Open-R128-Novak_Djokovic-Marat_Safin,Novak Djokovic,2,22,22.7%,22.7%,25.0%,21.1%,28.6%,9.1%,14.3%,14.3%,33.3%,33.3%
20050117-M-Australian_Open-R128-Novak_Djokovic-Marat_Safin,Marat Safin,1,27,92.6%,84.6%,84.6%,71.4%,83.3%,50.0%,100.0%,100.0%,100.0%,100.0%
20050117-M-Australian_Open-R128-Novak_Djokovic-Marat_Safin,Marat Safin,2,23,56.5%,47.4%,60.0%,50.0%,54.5%,44.4%,80.0%,50.0%,50.0%,50.0%
20050114-M-Australian_Open-R16-Lleyton_Hewitt-Rafael_Nadal,Lleyton Hewitt,1,74,77.0%,62.2%,70.0%,45.5%,58.8%,41.7%,71.4%,66.7%,66.7%,60.0%
20050114-M-Australian_Open-R16-Lleyton_Hewitt-Rafael_Nadal,Lleyton Hewitt,2,66,56.1%,49.1%,60.9%,50.0%,60.0%,58.6%,63.0%,52.4%,61.1%,56.3%
20050114-M-Australian_Open-R16-Lleyton_Hewitt-Rafael_Nadal,Rafael Nadal,1,112,64.3%,54.0%,56.6%,44.6%,54.7%,47.8%,52.4%,44.4%,57.1%,45.5%
20050114-M-Australian_Open-R16-Lleyton_Hewitt-Rafael_Nadal,Rafael Nadal,2,45,62.2%,52.8%,57.6%,51.7%,60.0%,54.5%,66.7%,60.0%,81.8%,80.0%
20040912-M-US_Open-F-Lleyton_Hewitt-Roger_Federer,Lleyton Hewitt,1,41,56.1%,35.7%,40.0%,34.8%,47.1%,30.8%,57.1%,40.0%,66.7%,66.7%
20040912-M-US_Open-F-Lleyton_Hewitt-Roger_Federer,Lleyton Hewitt,2,29,41.4%,39.3%,40.7%,27.3%,31.6%,23.5%,26.7%,21.4%,30.0%,12.5%
20040912-M-US_Open-F-Lleyton_Hewitt-Roger_Federer,Roger Federer,1,49,77.6%,59.3%,66.7%,52.9%,64.3%,37.5%,60.0%,50.0%,50.0%,50.0%
20040912-M-US_Open-F-Lleyton_Hewitt-Roger_Federer,Roger Federer,2,39,56.4%,54.1%,55.6%,52.9%,64.3%,54.5%,75.0%,66.7%,80.0%,75.0%
20040911-M-US_Open-SF-Roger_Federer-Tim_Henman,Roger Federer,1,53,75.5%,55.2%,64.0%,55.0%,64.7%,50.0%,75.0%,50.0%,50.0%,50.0%
20040911-M-US_Open-SF-Roger_Federer-Tim_Henman,Roger Federer,2,29,69.0%,57.1%,63.2%,30.0%,37.5%,28.6%,50.0%,33.3%,50.0%,50.0%
20040911-M-US_Open-SF-Roger_Federer-Tim_Henman,Tim Henman,1,45,62.2%,39.3%,55.0%,25.0%,42.9%,33.3%,33.3%,20.0%,50.0%,0.0%
20040911-M-US_Open-SF-Roger_Federer-Tim_Henman,Tim Henman,2,28,64.3%,54.5%,57.1%,43.8%,70.0%,57.1%,100.0%,100.0%,100.0%,100.0%
20040911-M-US_Open-SF-Lleyton_Hewitt-Joachim_Johansson,Lleyton Hewitt,1,57,82.5%,66.7%,74.1%,63.2%,75.0%,55.6%,83.3%,83.3%,83.3%,50.0%
20040911-M-US_Open-SF-Lleyton_Hewitt-Joachim_Johansson,Lleyton Hewitt,2,29,72.4%,61.9%,72.2%,61.5%,80.0%,75.0%,85.7%,66.7%,66.7%,50.0%
20040911-M-US_Open-SF-Lleyton_Hewitt-Joachim_Johansson,Joachim Johansson,1,61,70.5%,37.9%,45.8%,13.3%,15.4%,8.3%,11.1%,0.0%,0.0%,0.0%
20040911-M-US_Open-SF-Lleyton_Hewitt-Joachim_Johansson,Joachim Johansson,2,34,44.1%,36.7%,45.8%,23.5%,36.4%,12.5%,16.7%,0.0%,0.0%,0.0%
20040909-M-US_Open-QF-Roger_Federer-Andre_Agassi,Roger Federer,1,100,74.0%,51.9%,60.9%,37.9%,45.8%,27.8%,38.5%,27.3%,37.5%,28.6%
20040909-M-US_Open-QF-Roger_Federer-Andre_Agassi,Roger Federer,2,49,57.1%,46.2%,50.0%,45.5%,51.7%,39.1%,47.4%,41.2%,50.0%,36.4%
20040909-M-US_Open-QF-Roger_Federer-Andre_Agassi,Andre Agassi,1,97,71.1%,59.4%,66.1%,55.3%,65.0%,53.3%,72.7%,60.0%,69.2%,63.6%
20040909-M-US_Open-QF-Roger_Federer-Andre_Agassi,Andre Agassi,2,41,65.9%,63.2%,66.7%,52.0%,56.5%,50.0%,55.6%,33.3%,50.0%,42.9%
20040909-M-US_Open-QF-Lleyton_Hewitt-Tommy_Haas,Lleyton Hewitt,1,41,73.2%,66.7%,75.9%,58.8%,62.5%,53.8%,63.6%,33.3%,33.3%,33.3%
20040909-M-US_Open-QF-Lleyton_Hewitt-Tommy_Haas,Lleyton Hewitt,2,23,69.6%,65.0%,76.5%,71.4%,71.4%,63.6%,70.0%,66.7%,66.7%,50.0%
20040909-M-US_Open-QF-Lleyton_Hewitt-Tommy_Haas,Tommy Haas,1,56,51.8%,42.6%,50.0%,37.5%,60.0%,50.0%,66.7%,63.6%,77.8%,60.0%
20040909-M-US_Open-QF-Lleyton_Hewitt-Tommy_Haas,Tommy Haas,2,18,27.8%,18.8%,18.8%,7.1%,9.1%,0.0%,0.0%,0.0%,0.0%,0.0%
20040909-M-US_Open-QF-Andy_Roddick-Joachim_Johansson,Andy Roddick,1,74,85.1%,42.1%,57.1%,25.0%,33.3%,0.0%,0.0%,0.0%,-,-
20040909-M-US_Open-QF-Andy_Roddick-Joachim_Johansson,Andy Roddick,2,38,71.1%,45.0%,52.9%,38.5%,55.6%,33.3%,50.0%,33.3%,33.3%,0.0%
20040909-M-US_Open-QF-Andy_Roddick-Joachim_Johansson,Joachim Johansson,1,99,74.7%,46.8%,57.9%,42.9%,63.2%,30.0%,60.0%,33.3%,33.3%,33.3%
20040909-M-US_Open-QF-Andy_Roddick-Joachim_Johansson,Joachim Johansson,2,57,47.4%,42.3%,53.7%,42.4%,66.7%,46.2%,50.0%,25.0%,25.0%,14.3%
20040904-M-US_Open-R32-Andy_Roddick-Guillermo_Canas,Andy Roddick,1,49,87.8%,62.5%,66.7%,58.3%,77.8%,60.0%,75.0%,66.7%,100.0%,100.0%
20040904-M-US_Open-R32-Andy_Roddick-Guillermo_Canas,Andy Roddick,2,20,55.0%,47.1%,57.1%,25.0%,33.3%,33.3%,40.0%,40.0%,66.7%,0.0%
20040904-M-US_Open-R32-Andy_Roddick-Guillermo_Canas,Guillermo Canas,1,58,69.0%,60.9%,70.0%,60.0%,69.2%,57.9%,73.3%,66.7%,72.7%,62.5%
20040904-M-US_Open-R32-Andy_Roddick-Guillermo_Canas,Guillermo Canas,2,26,38.5%,30.4%,35.0%,27.8%,35.7%,30.8%,36.4%,30.0%,50.0%,50.0%
20040902-M-US_Open-R64-Rafael_Nadal-Andy_Roddick,Rafael Nadal,1,61,49.2%,41.5%,44.0%,34.9%,44.1%,38.7%,50.0%,42.9%,52.9%,50.0%
20040902-M-US_Open-R64-Rafael_Nadal-Andy_Roddick,Rafael Nadal,2,9,33.3%,25.0%,33.3%,33.3%,40.0%,25.0%,25.0%,0.0%,0.0%,0.0%
20040902-M-US_Open-R64-Rafael_Nadal-Andy_Roddick,Andy Roddick,1,45,68.9%,36.4%,44.4%,16.7%,66.7%,66.7%,100.0%,100.0%,100.0%,-
20040902-M-US_Open-R64-Rafael_Nadal-Andy_Roddick,Andy Roddick,2,26,73.1%,53.3%,53.3%,41.7%,50.0%,16.7%,25.0%,0.0%,0.0%,0.0%
20040902-M-US_Open-R64-Marcos_Baghdatis-Roger_Federer,Marcos Baghdatis,1,62,66.1%,46.2%,56.3%,26.3%,41.7%,22.2%,33.3%,20.0%,25.0%,25.0%
20040902-M-US_Open-R64-Marcos_Baghdatis-Roger_Federer,Marcos Baghdatis,2,42,42.9%,40.0%,50.0%,33.3%,47.1%,35.7%,45.5%,33.3%,37.5%,37.5%
20040902-M-US_Open-R64-Marcos_Baghdatis-Roger_Federer,Roger Federer,1,57,80.7%,63.3%,79.2%,72.2%,81.3%,62.5%,62.5%,0.0%,0.0%,0.0%
20040902-M-US_Open-R64-Marcos_Baghdatis-Roger_Federer,Roger Federer,2,36,66.7%,58.6%,73.9%,68.4%,76.5%,71.4%,90.9%,75.0%,75.0%,0.0%
20040201-M-Australian_Open-F-Roger_Federer-Marat_Safin,Roger Federer,1,48,75.0%,55.6%,62.5%,43.8%,87.5%,75.0%,100.0%,100.0%,100.0%,-
20040201-M-Australian_Open-F-Roger_Federer-Marat_Safin,Roger Federer,2,40,62.5%,53.1%,60.7%,50.0%,64.7%,53.8%,58.3%,44.4%,50.0%,20.0%
20040201-M-Australian_Open-F-Roger_Federer-Marat_Safin,Marat Safin,1,56,64.3%,52.4%,59.5%,44.4%,50.0%,42.9%,56.3%,41.7%,50.0%,50.0%
20040201-M-Australian_Open-F-Roger_Federer-Marat_Safin,Marat Safin,2,54,51.9%,48.0%,61.5%,57.1%,66.7%,60.0%,78.9%,71.4%,71.4%,60.0%
20040130-M-Australian_Open-SF-Roger_Federer-Juan_Carlos_Ferrero,Roger Federer,1,60,83.3%,68.8%,78.6%,53.8%,70.0%,57.1%,100.0%,100.0%,100.0%,100.0%
20040130-M-Australian_Open-SF-Roger_Federer-Juan_Carlos_Ferrero,Roger Federer,2,22,45.5%,36.8%,43.8%,30.8%,50.0%,42.9%,50.0%,40.0%,66.7%,66.7%
20040130-M-Australian_Open-SF-Roger_Federer-Juan_Carlos_Ferrero,Juan Carlos Ferrero,1,41,65.9%,51.7%,60.0%,54.5%,75.0%,60.0%,85.7%,75.0%,100.0%,100.0%
20040130-M-Australian_Open-SF-Roger_Federer-Juan_Carlos_Ferrero,Juan Carlos Ferrero,2,30,53.3%,48.1%,59.1%,40.0%,50.0%,40.0%,66.7%,50.0%,66.7%,0.0%
20040129-M-Australian_Open-SF-Andre_Agassi-Marat_Safin,Andre Agassi,1,106,75.5%,55.9%,67.3%,57.9%,71.0%,59.1%,68.4%,60.0%,60.0%,50.0%
20040129-M-Australian_Open-SF-Andre_Agassi-Marat_Safin,Andre Agassi,2,71,53.5%,38.9%,60.0%,46.2%,54.5%,47.4%,47.4%,33.3%,41.7%,36.4%
20040129-M-Australian_Open-SF-Andre_Agassi-Marat_Safin,Marat Safin,1,88,77.3%,33.3%,55.6%,42.9%,60.0%,55.6%,55.6%,55.6%,62.5%,57.1%
20040129-M-Australian_Open-SF-Andre_Agassi-Marat_Safin,Marat Safin,2,73,56.2%,47.5%,58.0%,48.8%,55.6%,46.7%,58.3%,41.2%,50.0%,46.2%
20040128-M-Australian_Open-QF-Roger_Federer-David_Nalbandian,Roger Federer,1,76,82.9%,59.4%,63.3%,38.9%,43.8%,30.8%,66.7%,50.0%,66.7%,50.0%
20040128-M-Australian_Open-QF-Roger_Federer-David_Nalbandian,Roger Federer,2,48,45.8%,39.5%,54.8%,44.0%,55.0%,50.0%,56.3%,53.3%,57.1%,45.5%
20040128-M-Australian_Open-QF-Roger_Federer-David_Nalbandian,David Nalbandian,1,75,68.0%,59.3%,76.1%,67.6%,82.1%,70.6%,75.0%,63.6%,70.0%,57.1%
20040128-M-Australian_Open-QF-Roger_Federer-David_Nalbandian,David Nalbandian,2,40,65.0%,62.2%,65.7%,60.0%,69.2%,57.9%,61.1%,56.3%,69.2%,60.0%
20040127-M-Australian_Open-QF-Andy_Roddick-Marat_Safin,Andy Roddick,1,95,74.7%,45.5%,55.6%,50.0%,55.2%,38.1%,42.1%,31.3%,41.7%,30.0%
20040127-M-Australian_Open-QF-Andy_Roddick-Marat_Safin,Andy Roddick,2,53,58.5%,45.0%,52.9%,33.3%,47.1%,40.0%,46.2%,36.4%,36.4%,30.0%
20040127-M-Australian_Open-QF-Andy_Roddick-Marat_Safin,Marat Safin,1,84,75.0%,52.3%,62.2%,50.0%,58.3%,37.5%,50.0%,40.0%,44.4%,44.4%
20040127-M-Australian_Open-QF-Andy_Roddick-Marat_Safin,Marat Safin,2,62,59.7%,54.5%,58.8%,54.3%,58.1%,51.4%,61.3%,53.8%,58.3%,54.5%
20040126-M-Australian_Open-R16-Roger_Federer-Lleyton_Hewitt,Roger Federer,1,69,73.9%,56.1%,65.7%,42.9%,56.3%,22.2%,28.6%,16.7%,16.7%,16.7%
20040126-M-Australian_Open-R16-Roger_Federer-Lleyton_Hewitt,Roger Federer,2,44,61.4%,51.4%,60.0%,53.8%,60.9%,50.0%,50.0%,35.7%,41.7%,36.4%
20040126-M-Australian_Open-R16-Roger_Federer-Lleyton_Hewitt,Lleyton Hewitt,1,74,66.2%,44.4%,51.3%,45.7%,59.3%,45.0%,50.0%,25.0%,37.5%,16.7%
20040126-M-Australian_Open-R16-Roger_Federer-Lleyton_Hewitt,Lleyton Hewitt,2,34,55.9%,51.6%,53.3%,46.2%,60.0%,50.0%,61.5%,58.3%,58.3%,44.4%
20040124-M-Australian_Open-R32-Roger_Federer-Todd_Reid,Roger Federer,1,31,74.2%,63.6%,77.8%,66.7%,88.9%,85.7%,85.7%,75.0%,100.0%,100.0%
20040124-M-Australian_Open-R32-Roger_Federer-Todd_Reid,Roger Federer,2,23,73.9%,64.7%,73.3%,60.0%,60.0%,33.3%,50.0%,50.0%,100.0%,100.0%
20040124-M-Australian_Open-R32-Roger_Federer-Todd_Reid,Todd Reid,1,41,43.9%,36.1%,52.0%,40.0%,47.1%,43.8%,53.8%,53.8%,70.0%,57.1%
20040124-M-Australian_Open-R32-Roger_Federer-Todd_Reid,Todd Reid,2,27,37.0%,32.0%,42.1%,35.3%,46.2%,36.4%,50.0%,33.3%,50.0%,33.3%
20040124-M-Australian_Open-R16-Andy_Roddick-Sjeng_Schalken,Andy Roddick,1,40,87.5%,61.5%,80.0%,75.0%,85.7%,66.7%,66.7%,0.0%,0.0%,0.0%
20040124-M-Australian_Open-R16-Andy_Roddick-Sjeng_Schalken,Andy Roddick,2,23,52.2%,47.6%,58.8%,46.2%,54.5%,44.4%,50.0%,42.9%,42.9%,42.9%
20040124-M-Australian_Open-R16-Andy_Roddick-Sjeng_Schalken,Sjeng Schalken,1,38,50.0%,38.7%,42.9%,38.5%,50.0%,41.2%,53.8%,45.5%,50.0%,16.7%
20040124-M-Australian_Open-R16-Andy_Roddick-Sjeng_Schalken,Sjeng Schalken,2,10,30.0%,22.2%,22.2%,22.2%,22.2%,12.5%,14.3%,0.0%,0.0%,0.0%
20040120-M-Australian_Open-R128-Roger_Federer-Alex_Bogomolov_Jr,Roger Federer,1,27,77.8%,57.1%,66.7%,50.0%,50.0%,20.0%,33.3%,33.3%,100.0%,-
20040120-M-Australian_Open-R128-Roger_Federer-Alex_Bogomolov_Jr,Roger Federer,2,12,100.0%,100.0%,100.0%,100.0%,100.0%,100.0%,100.0%,100.0%,100.0%,100.0%
20040120-M-Australian_Open-R128-Roger_Federer-Alex_Bogomolov_Jr,Alex Bogomolov Jr,1,33,60.6%,53.6%,62.5%,47.1%,53.3%,46.2%,60.0%,20.0%,25.0%,0.0%
20040120-M-Australian_Open-R128-Roger_Federer-Alex_Bogomolov_Jr,Alex Bogomolov Jr,2,18,27.8%,18.8%,20.0%,14.3%,25.0%,0.0%,0.0%,0.0%,0.0%,0.0%
20030907-M-US_Open-F-Andy_Roddick-Juan_Carlos_Ferrero,Andy Roddick,1,56,89.30%,66.70%,85.70%,71.40%,100.00%,100.00%,100.00%,100.00%,100.00%,100.00%
20030907-M-US_Open-F-Andy_Roddick-Juan_Carlos_Ferrero,Andy Roddick,2,29,62.10%,52.20%,63.20%,50.00%,63.60%,20.00%,50.00%,0.00%,0.00%,0.00%
20030907-M-US_Open-F-Andy_Roddick-Juan_Carlos_Ferrero,Juan Carlos Ferrero,1,56,73.20%,55.90%,65.50%,47.40%,56.30%,50.00%,58.30%,50.00%,50.00%,44.40%
20030907-M-US_Open-F-Andy_Roddick-Juan_Carlos_Ferrero,Juan Carlos Ferrero,2,33,48.50%,39.30%,50.00%,31.30%,38.50%,27.30%,50.00%,40.00%,66.70%,66.70%
20030906-M-US_Open-SF-Andy_Roddick-David_Nalbandian,Andy Roddick,1,95,81.1%,52.6%,54.1%,37.0%,47.6%,21.4%,33.3%,25.0%,28.6%,16.7%
20030906-M-US_Open-SF-Andy_Roddick-David_Nalbandian,Andy Roddick,2,50,66.0%,61.4%,71.1%,65.6%,75.0%,65.0%,76.5%,69.2%,75.0%,40.0%
20030906-M-US_Open-SF-Andy_Roddick-David_Nalbandian,David Nalbandian,1,130,64.6%,58.6%,67.0%,56.8%,70.0%,63.3%,72.1%,58.6%,65.4%,57.1%
20030906-M-US_Open-SF-Andy_Roddick-David_Nalbandian,David Nalbandian,2,43,67.4%,61.1%,68.8%,65.5%,73.1%,65.0%,81.3%,66.7%,75.0%,66.7%
20030906-M-US_Open-SF-Andre_Agassi-Juan_Carlos_Ferrero,Andre Agassi,1,67,74.6%,58.5%,68.6%,50.0%,78.6%,66.7%,75.0%,71.4%,71.4%,60.0%
20030906-M-US_Open-SF-Andre_Agassi-Juan_Carlos_Ferrero,Andre Agassi,2,54,50.0%,43.8%,63.6%,55.6%,78.9%,69.2%,69.2%,60.0%,75.0%,66.7%
20030906-M-US_Open-SF-Andre_Agassi-Juan_Carlos_Ferrero,Juan Carlos Ferrero,1,76,75.0%,54.8%,59.0%,30.4%,50.0%,41.7%,45.5%,25.0%,50.0%,0.0%
20030906-M-US_Open-SF-Andre_Agassi-Juan_Carlos_Ferrero,Juan Carlos Ferrero,2,46,50.0%,48.9%,61.1%,41.7%,50.0%,23.1%,33.3%,14.3%,16.7%,16.7%
20030905-M-US_Open-QF-Juan_Carlos_Ferrero-Lleyton_Hewitt,Juan Carlos Ferrero,1,74,75.7%,53.8%,61.8%,50.0%,56.5%,37.5%,42.9%,20.0%,22.2%,22.2%
20030905-M-US_Open-QF-Juan_Carlos_Ferrero-Lleyton_Hewitt,Juan Carlos Ferrero,2,49,61.2%,55.8%,64.9%,50.0%,65.0%,36.4%,50.0%,42.9%,75.0%,75.0%
20030905-M-US_Open-QF-Juan_Carlos_Ferrero-Lleyton_Hewitt,Lleyton Hewitt,1,61,67.2%,53.5%,65.7%,50.0%,66.7%,45.5%,50.0%,44.4%,57.1%,50.0%
20030905-M-US_Open-QF-Juan_Carlos_Ferrero-Lleyton_Hewitt,Lleyton Hewitt,2,53,56.6%,41.0%,50.0%,44.8%,56.5%,47.4%,52.9%,42.9%,50.0%,40.0%
20030902-M-US_Open-R16-Roger_Federer-David_Nalbandian,Roger Federer,1,79,67.1%,43.5%,69.0%,47.1%,66.7%,20.0%,50.0%,50.0%,100.0%,100.0%
20030902-M-US_Open-R16-Roger_Federer-David_Nalbandian,Roger Federer,2,60,45.0%,34.0%,50.0%,43.3%,59.1%,43.8%,63.6%,55.6%,71.4%,60.0%
20030902-M-US_Open-R16-Roger_Federer-David_Nalbandian,David Nalbandian,1,67,67.2%,54.2%,63.4%,53.1%,65.4%,59.1%,68.4%,45.5%,62.5%,50.0%
20030902-M-US_Open-R16-Roger_Federer-David_Nalbandian,David Nalbandian,2,41,68.3%,59.4%,65.5%,58.3%,66.7%,61.1%,73.3%,66.7%,72.7%,50.0%
20030901-M-US_Open-R32-Roger_Federer-James_Blake,Roger Federer,1,61,77.0%,58.8%,80.0%,58.3%,77.8%,33.3%,33.3%,33.3%,50.0%,50.0%
20030901-M-US_Open-R32-Roger_Federer-James_Blake,Roger Federer,2,37,67.6%,55.6%,83.3%,76.9%,83.3%,66.7%,100.0%,100.0%,100.0%,-
20030901-M-US_Open-R32-Roger_Federer-James_Blake,James Blake,1,76,68.4%,55.6%,68.2%,51.7%,60.0%,33.3%,50.0%,37.5%,42.9%,33.3%
20030901-M-US_Open-R32-Roger_Federer-James_Blake,James Blake,2,46,52.2%,42.1%,57.1%,47.8%,68.8%,54.5%,75.0%,60.0%,75.0%,66.7%
20030829-M-US_Open-R64-Roger_Federer-Jean_Rene_Lisnard,Roger Federer,1,40,85.0%,64.7%,78.6%,50.0%,75.0%,50.0%,100.0%,100.0%,100.0%,100.0%
20030829-M-US_Open-R64-Roger_Federer-Jean_Rene_Lisnard,Roger Federer,2,19,63.2%,56.3%,75.0%,57.1%,66.7%,0.0%,0.0%,0.0%,-,-
20030829-M-US_Open-R64-Roger_Federer-Jean_Rene_Lisnard,Jean Rene Lisnard,1,33,48.5%,34.6%,45.0%,38.9%,77.8%,50.0%,66.7%,0.0%,-,-
20030829-M-US_Open-R64-Roger_Federer-Jean_Rene_Lisnard,Jean Rene Lisnard,2,35,51.4%,41.4%,48.0%,31.6%,46.2%,30.0%,33.3%,25.0%,40.0%,25.0%
20030829-M-US_Open-R64-Andy_Roddick-Ivan_Ljubicic,Andy Roddick,1,87,75.9%,55.3%,65.0%,46.2%,66.7%,53.8%,63.6%,50.0%,66.7%,60.0%
20030829-M-US_Open-R64-Andy_Roddick-Ivan_Ljubicic,Andy Roddick,2,44,68.2%,61.1%,68.8%,58.3%,66.7%,36.4%,44.4%,16.7%,50.0%,50.0%
20030829-M-US_Open-R64-Andy_Roddick-Ivan_Ljubicic,Ivan Ljubicic,1,74,79.7%,60.5%,74.2%,61.9%,76.5%,50.0%,80.0%,66.7%,66.7%,0.0%
20030829-M-US_Open-R64-Andy_Roddick-Ivan_Ljubicic,Ivan Ljubicic,2,58,50.0%,43.1%,53.7%,44.1%,57.7%,38.9%,53.8%,40.0%,44.4%,28.6%
20030126-M-Australian_Open-F-Rainer_Schuettler-Andre_Agassi,Rainer Schuettler,1,34,58.80%,46.20%,57.10%,55.00%,73.30%,55.60%,62.50%,50.00%,60.00%,50.00%
20030126-M-Australian_Open-F-Rainer_Schuettler-Andre_Agassi,Rainer Schuettler,2,27,29.60%,20.80%,27.80%,13.30%,20.00%,20.00%,25.00%,14.30%,16.70%,16.70%
20030126-M-Australian_Open-F-Rainer_Schuettler-Andre_Agassi,Andre Agassi,1,39,74.40%,64.30%,64.30%,56.50%,65.00%,56.30%,69.20%,60.00%,66.70%,62.50%
20030126-M-Australian_Open-F-Rainer_Schuettler-Andre_Agassi,Andre Agassi,2,18,77.80%,63.60%,63.60%,55.60%,55.60%,50.00%,57.10%,40.00%,50.00%,33.30%
20030125-M-Australian_Open-SF-Wayne_Ferreira-Andre_Agassi,Wayne Ferreira,1,47,63.8%,37.0%,40.0%,25.0%,31.3%,21.4%,42.9%,33.3%,66.7%,50.0%
20030125-M-Australian_Open-SF-Wayne_Ferreira-Andre_Agassi,Wayne Ferreira,2,27,37.0%,22.7%,33.3%,23.1%,30.0%,30.0%,60.0%,60.0%,75.0%,66.7%
20030125-M-Australian_Open-SF-Wayne_Ferreira-Andre_Agassi,Andre Agassi,1,52,84.6%,74.2%,79.3%,70.0%,77.8%,69.2%,90.0%,85.7%,85.7%,75.0%
20030125-M-Australian_Open-SF-Wayne_Ferreira-Andre_Agassi,Andre Agassi,2,16,50.0%,42.9%,50.0%,45.5%,45.5%,40.0%,44.4%,37.5%,42.9%,42.9%
20030125-M-Australian_Open-SF-Rainer_Schuettler-Andy_Roddick,Rainer Schuettler,1,54,75.9%,67.5%,73.0%,64.3%,72.0%,66.7%,82.4%,70.0%,87.5%,83.3%
20030125-M-Australian_Open-SF-Rainer_Schuettler-Andy_Roddick,Rainer Schuettler,2,44,68.2%,61.1%,68.8%,56.5%,61.9%,38.5%,55.6%,50.0%,80.0%,66.7%
20030125-M-Australian_Open-SF-Rainer_Schuettler-Andy_Roddick,Andy Roddick,1,75,68.0%,44.2%,51.4%,40.0%,54.5%,41.2%,43.8%,25.0%,37.5%,28.6%
20030125-M-Australian_Open-SF-Rainer_Schuettler-Andy_Roddick,Andy Roddick,2,44,50.0%,42.1%,48.5%,32.0%,40.0%,25.0%,36.4%,22.2%,28.6%,16.7%
20030122-M-Australian_Open-QF-Andy_Roddick-Younes_El_Aynaoui,Andy Roddick,1,143,79.7%,62.8%,71.0%,63.0%,72.3%,55.2%,55.2%,38.1%,66.7%,50.0%
20030122-M-Australian_Open-QF-Andy_Roddick-Younes_El_Aynaoui,Andy Roddick,2,86,70.9%,64.8%,76.7%,61.1%,75.9%,63.2%,75.0%,63.6%,70.0%,50.0%
20030122-M-Australian_Open-QF-Andy_Roddick-Younes_El_Aynaoui,Younes El Aynaoui,1,179,78.8%,67.2%,72.9%,56.1%,67.3%,50.0%,69.2%,52.9%,64.3%,44.4%
20030122-M-Australian_Open-QF-Andy_Roddick-Younes_El_Aynaoui,Younes El Aynaoui,2,66,56.1%,47.3%,59.1%,48.6%,63.0%,37.5%,60.0%,33.3%,40.0%,40.0%
20030120-M-Australian_Open-R16-Roger_Federer-David_Nalbandian,Roger Federer,1,78,74.4%,57.4%,67.5%,50.0%,68.4%,53.8%,63.6%,55.6%,62.5%,62.5%
20030120-M-Australian_Open-R16-Roger_Federer-David_Nalbandian,Roger Federer,2,61,42.6%,35.2%,44.2%,36.8%,50.0%,30.0%,50.0%,33.3%,42.9%,0.0%
20030120-M-Australian_Open-R16-Roger_Federer-David_Nalbandian,David Nalbandian,1,79,63.3%,49.1%,53.8%,38.5%,51.7%,39.1%,52.9%,38.5%,50.0%,28.6%
20030120-M-Australian_Open-R16-Roger_Federer-David_Nalbandian,David Nalbandian,2,52,57.7%,51.1%,60.5%,44.4%,52.2%,45.0%,64.3%,50.0%,62.5%,57.1%
20030115-M-Australian_Open-R128-Paradorn_Srichaphan-Mark_Philippoussis,Paradorn Srichaphan,1,61,83.6%,70.6%,75.0%,60.0%,63.2%,41.7%,62.5%,57.1%,66.7%,0.0%
20030115-M-Australian_Open-R128-Paradorn_Srichaphan-Mark_Philippoussis,Paradorn Srichaphan,2,42,61.9%,54.3%,61.3%,47.8%,68.8%,58.3%,77.8%,60.0%,60.0%,60.0%
20030115-M-Australian_Open-R128-Paradorn_Srichaphan-Mark_Philippoussis,Mark Philippoussis,1,78,75.6%,53.7%,66.7%,38.9%,53.8%,25.0%,50.0%,0.0%,-,-
20030115-M-Australian_Open-R128-Paradorn_Srichaphan-Mark_Philippoussis,Mark Philippoussis,2,44,59.1%,45.5%,51.7%,36.4%,47.1%,35.7%,50.0%,44.4%,44.4%,44.4%
20030114-M-Australian_Open-R128-Roger_Federer-Flavio_Saretta,Roger Federer,1,64,67.2%,50.0%,60.0%,39.1%,60.0%,50.0%,54.5%,44.4%,80.0%,50.0%
20030114-M-Australian_Open-R128-Roger_Federer-Flavio_Saretta,Roger Federer,2,44,59.1%,45.5%,60.0%,56.5%,65.0%,46.2%,46.2%,36.4%,40.0%,40.0%
20030114-M-Australian_Open-R128-Roger_Federer-Flavio_Saretta,Flavio Saretta,1,64,70.3%,63.5%,68.8%,58.3%,61.8%,45.8%,68.8%,54.5%,66.7%,50.0%
20030114-M-Australian_Open-R128-Roger_Federer-Flavio_Saretta,Flavio Saretta,2,67,40.3%,33.3%,45.5%,36.8%,42.4%,36.7%,40.7%,33.3%,47.1%,40.0%
20020908-M-US_Open-F-Pete_Sampras-Andre_Agassi,Pete Sampras,1,86,80.20%,51.40%,75.00%,45.50%,83.30%,50.00%,100.00%,-,-,-
20020908-M-US_Open-F-Pete_Sampras-Andre_Agassi,Pete Sampras,2,53,66.00%,51.40%,73.10%,36.40%,57.10%,25.00%,100.00%,-,-,-
20020908-M-US_Open-F-Pete_Sampras-Andre_Agassi,Andre Agassi,1,81,66.70%,49.10%,61.90%,42.90%,57.10%,35.70%,41.70%,12.50%,14.30%,0.00%
20020908-M-US_Open-F-Pete_Sampras-Andre_Agassi,Andre Agassi,2,40,60.00%,46.70%,73.70%,58.30%,70.00%,50.00%,75.00%,66.70%,66.70%,50.00%
20020907-M-US_Open-SF-Pete_Sampras-Sjeng_Schalken,Pete Sampras,1,71,83.1%,61.3%,73.1%,22.2%,50.0%,0.0%,-,-,-,-
20020907-M-US_Open-SF-Pete_Sampras-Sjeng_Schalken,Pete Sampras,2,18,83.3%,62.5%,71.4%,60.0%,75.0%,0.0%,-,-,-,-
20020907-M-US_Open-SF-Pete_Sampras-Sjeng_Schalken,Sjeng Schalken,1,77,72.7%,58.0%,65.9%,50.0%,65.2%,55.6%,62.5%,50.0%,66.7%,57.1%
20020907-M-US_Open-SF-Pete_Sampras-Sjeng_Schalken,Sjeng Schalken,2,34,47.1%,40.0%,48.0%,23.5%,40.0%,33.3%,60.0%,50.0%,50.0%,33.3%
20020907-M-US_Open-SF-Lleyton_Hewitt-Andre_Agassi,Lleyton Hewitt,1,47,63.8%,34.6%,39.1%,22.2%,28.6%,23.1%,37.5%,16.7%,20.0%,20.0%
20020907-M-US_Open-SF-Lleyton_Hewitt-Andre_Agassi,Lleyton Hewitt,2,59,61.0%,54.9%,65.1%,55.9%,59.4%,56.7%,68.0%,61.9%,76.5%,63.6%
20020907-M-US_Open-SF-Lleyton_Hewitt-Andre_Agassi,Andre Agassi,1,84,65.5%,54.7%,64.8%,53.7%,62.9%,56.7%,73.9%,72.7%,88.9%,81.8%
20020907-M-US_Open-SF-Lleyton_Hewitt-Andre_Agassi,Andre Agassi,2,43,58.1%,52.6%,60.6%,58.1%,66.7%,57.1%,60.0%,52.9%,60.0%,50.0%
20020905-M-US_Open-QF-Sjeng_Schalken-Fernando_Gonzalez,Sjeng Schalken,1,120,75.0%,56.5%,68.4%,53.8%,67.7%,47.4%,64.3%,44.4%,80.0%,50.0%
20020905-M-US_Open-QF-Sjeng_Schalken-Fernando_Gonzalez,Sjeng Schalken,2,45,64.4%,44.8%,59.1%,47.1%,57.1%,33.3%,60.0%,33.3%,50.0%,0.0%
20020905-M-US_Open-QF-Sjeng_Schalken-Fernando_Gonzalez,Fernando Gonzalez,1,88,73.9%,55.8%,65.9%,37.5%,64.3%,37.5%,42.9%,33.3%,100.0%,-
20020905-M-US_Open-QF-Sjeng_Schalken-Fernando_Gonzalez,Fernando Gonzalez,2,69,62.3%,50.9%,65.9%,57.6%,67.9%,57.1%,70.6%,58.3%,63.6%,33.3%
20020905-M-US_Open-QF-Pete_Sampras-Andy_Roddick,Pete Sampras,1,34,85.3%,70.6%,92.3%,85.7%,100.0%,-,-,-,-,-
20020905-M-US_Open-QF-Pete_Sampras-Andy_Roddick,Pete Sampras,2,33,84.8%,80.0%,90.9%,71.4%,83.3%,66.7%,100.0%,-,-,-
20020905-M-US_Open-QF-Pete_Sampras-Andy_Roddick,Andy Roddick,1,47,72.3%,43.5%,47.6%,21.4%,27.3%,11.1%,25.0%,25.0%,25.0%,25.0%
20020905-M-US_Open-QF-Pete_Sampras-Andy_Roddick,Andy Roddick,2,19,52.6%,47.1%,66.7%,42.9%,75.0%,50.0%,100.0%,100.0%,100.0%,-
20020902-M-US_Open-R32-Greg_Rusedski-Pete_Sampras,Greg Rusedski,1,92,82.6%,55.6%,76.9%,40.0%,100.0%,100.0%,100.0%,-,-,-
20020902-M-US_Open-R32-Greg_Rusedski-Pete_Sampras,Greg Rusedski,2,72,56.9%,35.4%,48.6%,25.0%,50.0%,40.0%,57.1%,40.0%,100.0%,-
20020902-M-US_Open-R32-Greg_Rusedski-Pete_Sampras,Pete Sampras,1,89,80.9%,60.5%,76.5%,42.9%,85.7%,0.0%,0.0%,0.0%,0.0%,0.0%
20020902-M-US_Open-R32-Greg_Rusedski-Pete_Sampras,Pete Sampras,2,57,63.2%,53.3%,77.4%,53.3%,80.0%,33.3%,50.0%,0.0%,-,-
20020830-M-US_Open-R64-Marat_Safin-Gustavo_Kuerten,Marat Safin,1,61,72.1%,46.9%,55.6%,33.3%,50.0%,25.0%,28.6%,28.6%,50.0%,33.3%
20020830-M-US_Open-R64-Marat_Safin-Gustavo_Kuerten,Marat Safin,2,41,53.7%,52.5%,58.3%,44.4%,52.2%,35.3%,50.0%,33.3%,50.0%,25.0%
20020830-M-US_Open-R64-Marat_Safin-Gustavo_Kuerten,Gustavo Kuerten,1,55,81.8%,52.4%,55.0%,43.8%,53.8%,33.3%,33.3%,33.3%,50.0%,40.0%
20020830-M-US_Open-R64-Marat_Safin-Gustavo_Kuerten,Gustavo Kuerten,2,39,64.1%,57.6%,73.1%,66.7%,77.8%,71.4%,90.9%,83.3%,100.0%,100.0%
20020829-M-US_Open-R64-James_Blake-Nikolay_Davydenko,James Blake,1,66,68.2%,52.3%,65.7%,53.8%,82.4%,57.1%,80.0%,66.7%,66.7%,50.0%
20020829-M-US_Open-R64-James_Blake-Nikolay_Davydenko,James Blake,2,31,48.4%,42.9%,52.2%,26.7%,33.3%,20.0%,25.0%,14.3%,25.0%,25.0%
20020829-M-US_Open-R64-James_Blake-Nikolay_Davydenko,Nikolay Davydenko,1,64,59.4%,44.7%,55.3%,37.0%,43.5%,35.0%,50.0%,22.2%,40.0%,25.0%
20020829-M-US_Open-R64-James_Blake-Nikolay_Davydenko,Nikolay Davydenko,2,23,39.1%,30.0%,35.3%,15.4%,25.0%,0.0%,0.0%,0.0%,0.0%,0.0%
20020826-M-US_Open-R128-Jiri_Vanek-Roger_Federer,Jiri Vanek,1,59,61.0%,37.8%,53.8%,33.3%,46.2%,12.5%,20.0%,0.0%,0.0%,0.0%
20020826-M-US_Open-R128-Jiri_Vanek-Roger_Federer,Jiri Vanek,2,56,53.6%,42.2%,51.4%,40.0%,60.0%,33.3%,50.0%,20.0%,33.3%,33.3%
20020826-M-US_Open-R128-Jiri_Vanek-Roger_Federer,Roger Federer,1,59,76.3%,56.3%,75.0%,50.0%,66.7%,25.0%,33.3%,0.0%,-,-
20020826-M-US_Open-R128-Jiri_Vanek-Roger_Federer,Roger Federer,2,39,69.2%,53.8%,73.7%,50.0%,100.0%,-,-,-,-,-
20020127-M-Australian_Open-F-Thomas_Johansson-Marat_Safin,Thomas Johansson,1,64,85.9%,69.0%,87.0%,78.6%,84.6%,75.0%,75.0%,60.0%,75.0%,66.7%
20020127-M-Australian_Open-F-Thomas_Johansson-Marat_Safin,Thomas Johansson,2,47,57.4%,48.7%,61.3%,55.6%,62.5%,55.0%,84.6%,71.4%,71.4%,60.0%
20020127-M-Australian_Open-F-Thomas_Johansson-Marat_Safin,Marat Safin,1,90,66.7%,44.4%,54.5%,45.9%,54.8%,39.1%,60.0%,53.8%,77.8%,50.0%
20020127-M-Australian_Open-F-Thomas_Johansson-Marat_Safin,Marat Safin,2,50,56.0%,52.2%,57.1%,50.0%,56.3%,51.7%,57.7%,50.0%,61.1%,41.7%
20020126-M-Australian_Open-SF-Tommy_Haas-Marat_Safin,Tommy Haas,1,71,73.2%,53.7%,61.1%,44.0%,57.9%,46.7%,53.8%,25.0%,33.3%,0.0%
20020126-M-Australian_Open-SF-Tommy_Haas-Marat_Safin,Tommy Haas,2,85,55.3%,45.7%,56.1%,51.0%,61.9%,50.0%,66.7%,55.6%,66.7%,50.0%
20020126-M-Australian_Open-SF-Tommy_Haas-Marat_Safin,Marat Safin,1,72,81.9%,60.6%,71.4%,57.9%,91.7%,75.0%,75.0%,66.7%,100.0%,100.0%
20020126-M-Australian_Open-SF-Tommy_Haas-Marat_Safin,Marat Safin,2,67,58.2%,50.9%,63.0%,48.5%,57.1%,40.0%,53.3%,41.7%,50.0%,44.4%
20020126-M-Australian_Open-SF-Thomas_Johansson-Jiri_Novak,Thomas Johansson,1,76,86.8%,75.6%,81.6%,63.2%,70.6%,54.5%,85.7%,83.3%,100.0%,100.0%
20020126-M-Australian_Open-SF-Thomas_Johansson-Jiri_Novak,Thomas Johansson,2,43,48.8%,43.6%,53.1%,46.4%,52.0%,40.0%,61.5%,50.0%,62.5%,40.0%
20020126-M-Australian_Open-SF-Thomas_Johansson-Jiri_Novak,Jiri Novak,1,114,67.5%,50.7%,54.3%,37.3%,48.7%,47.4%,56.3%,33.3%,46.7%,33.3%
20020126-M-Australian_Open-SF-Thomas_Johansson-Jiri_Novak,Jiri Novak,2,45,64.4%,57.9%,64.7%,60.0%,69.2%,63.6%,82.4%,78.6%,84.6%,75.0%
20020122-M-Australian_Open-R16-Roger_Federer-Tommy_Haas,Roger Federer,1,107,73.8%,53.3%,66.7%,55.6%,71.4%,46.7%,63.6%,50.0%,66.7%,60.0%
20020122-M-Australian_Open-R16-Roger_Federer-Tommy_Haas,Roger Federer,2,62,56.5%,46.0%,59.0%,52.9%,75.0%,62.5%,62.5%,57.1%,61.5%,50.0%
20020122-M-Australian_Open-R16-Roger_Federer-Tommy_Haas,Tommy Haas,1,90,73.3%,60.7%,72.5%,50.0%,58.3%,41.2%,63.6%,63.6%,77.8%,71.4%
20020122-M-Australian_Open-R16-Roger_Federer-Tommy_Haas,Tommy Haas,2,78,62.8%,54.0%,60.7%,54.2%,65.0%,56.3%,62.1%,52.2%,63.2%,56.3%
20020121-M-Australian_Open-R16-Pete_Sampras-Marat_Safin,Pete Sampras,1,98,74.5%,49.0%,70.6%,52.4%,84.6%,50.0%,100.0%,-,-,-
20020121-M-Australian_Open-R16-Pete_Sampras-Marat_Safin,Pete Sampras,2,56,51.8%,42.6%,58.8%,33.3%,50.0%,22.2%,28.6%,28.6%,33.3%,33.3%
20020121-M-Australian_Open-R16-Pete_Sampras-Marat_Safin,Marat Safin,1,69,82.6%,64.7%,73.3%,63.6%,73.7%,66.7%,83.3%,75.0%,85.7%,80.0%
20020121-M-Australian_Open-R16-Pete_Sampras-Marat_Safin,Marat Safin,2,83,59.0%,52.1%,61.7%,50.0%,63.9%,58.1%,72.0%,63.2%,66.7%,60.0%
20010909-M-US_Open-F-Pete_Sampras-Lleyton_Hewitt,Pete Sampras,1,59,62.70%,35.30%,66.70%,45.50%,83.30%,0.00%,-,-,-,-
20010909-M-US_Open-F-Pete_Sampras-Lleyton_Hewitt,Pete Sampras,2,34,50.00%,34.60%,52.90%,27.30%,75.00%,0.00%,0.00%,0.00%,-,-
20010909-M-US_Open-F-Pete_Sampras-Lleyton_Hewitt,Lleyton Hewitt,1,49,83.70%,71.40%,76.90%,72.70%,72.70%,64.70%,78.60%,72.70%,80.00%,50.00%
20010909-M-US_Open-F-Pete_Sampras-Lleyton_Hewitt,Lleyton Hewitt,2,22,59.10%,52.60%,66.70%,44.40%,57.10%,40.00%,50.00%,0.00%,0.00%,0.00%
20010908-M-US_Open-SF-Pete_Sampras-Marat_Safin,Pete Sampras,1,65,81.5%,58.6%,81.0%,50.0%,100.0%,100.0%,100.0%,-,-,-
20010908-M-US_Open-SF-Pete_Sampras-Marat_Safin,Pete Sampras,2,29,69.0%,59.1%,76.5%,60.0%,100.0%,-,-,-,-,-
20010908-M-US_Open-SF-Pete_Sampras-Marat_Safin,Marat Safin,1,47,87.2%,66.7%,80.0%,66.7%,85.7%,75.0%,100.0%,100.0%,100.0%,100.0%
20010908-M-US_Open-SF-Pete_Sampras-Marat_Safin,Marat Safin,2,30,53.3%,41.7%,50.0%,33.3%,55.6%,42.9%,75.0%,66.7%,100.0%,100.0%
20010907-M-US_Open-SF-Yevgeny_Kafelnikov-Lleyton_Hewitt,Yevgeny Kafelnikov,1,34,61.8%,38.1%,47.1%,18.2%,33.3%,33.3%,66.7%,0.0%,0.0%,0.0%
20010907-M-US_Open-SF-Yevgeny_Kafelnikov-Lleyton_Hewitt,Yevgeny Kafelnikov,2,20,10.0%,5.3%,7.1%,7.1%,9.1%,9.1%,16.7%,16.7%,33.3%,33.3%
20010907-M-US_Open-SF-Yevgeny_Kafelnikov-Lleyton_Hewitt,Lleyton Hewitt,1,38,78.9%,72.4%,77.8%,75.0%,75.0%,57.1%,57.1%,53.8%,63.6%,50.0%
20010907-M-US_Open-SF-Yevgeny_Kafelnikov-Lleyton_Hewitt,Lleyton Hewitt,2,22,68.2%,65.0%,72.2%,58.3%,63.6%,55.6%,83.3%,80.0%,80.0%,80.0%
20010906-M-US_Open-QF-Pete_Sampras-Andre_Agassi,Pete Sampras,1,105,79.0%,57.7%,78.9%,52.9%,75.0%,0.0%,0.0%,0.0%,0.0%,0.0%
20010906-M-US_Open-QF-Pete_Sampras-Andre_Agassi,Pete Sampras,2,51,72.5%,58.8%,90.9%,77.8%,100.0%,100.0%,100.0%,-,-,-
20010906-M-US_Open-QF-Pete_Sampras-Andre_Agassi,Andre Agassi,1,111,74.8%,63.6%,71.0%,58.3%,75.7%,55.0%,78.6%,72.7%,80.0%,71.4%
20010906-M-US_Open-QF-Pete_Sampras-Andre_Agassi,Andre Agassi,2,55,56.4%,44.2%,63.3%,45.0%,56.3%,41.7%,62.5%,50.0%,50.0%,40.0%
20010906-M-US_Open-QF-Andy_Roddick-Lleyton_Hewitt,Andy Roddick,1,81,76.5%,55.8%,63.2%,51.7%,62.5%,47.1%,61.5%,44.4%,66.7%,66.7%
20010906-M-US_Open-QF-Andy_Roddick-Lleyton_Hewitt,Andy Roddick,2,68,64.7%,54.7%,65.9%,58.3%,70.0%,62.5%,78.9%,63.6%,70.0%,62.5%
20010906-M-US_Open-QF-Andy_Roddick-Lleyton_Hewitt,Lleyton Hewitt,1,91,82.4%,69.2%,81.8%,72.4%,80.8%,75.0%,88.2%,83.3%,83.3%,80.0%
20010906-M-US_Open-QF-Andy_Roddick-Lleyton_Hewitt,Lleyton Hewitt,2,59,57.6%,52.8%,59.6%,52.5%,55.3%,52.8%,61.3%,55.6%,62.5%,50.0%
20010905-M-US_Open-R16-Tommy_Haas-Lleyton_Hewitt,Tommy Haas,1,73,74.0%,54.8%,59.0%,40.7%,52.4%,33.3%,50.0%,44.4%,50.0%,33.3%
20010905-M-US_Open-R16-Tommy_Haas-Lleyton_Hewitt,Tommy Haas,2,52,59.6%,50.0%,58.3%,46.4%,61.9%,33.3%,36.4%,30.0%,60.0%,50.0%
20010905-M-US_Open-R16-Tommy_Haas-Lleyton_Hewitt,Lleyton Hewitt,1,63,74.6%,64.4%,69.0%,62.9%,68.8%,52.4%,61.1%,36.4%,57.1%,57.1%
20010905-M-US_Open-R16-Tommy_Haas-Lleyton_Hewitt,Lleyton Hewitt,2,48,66.7%,60.0%,68.6%,60.7%,70.8%,65.0%,72.2%,66.7%,71.4%,63.6%
20010904-M-US_Open-R16-Andre_Agassi-Roger_Federer,Andre Agassi,1,51,72.5%,60.0%,70.0%,64.0%,72.7%,45.5%,55.6%,50.0%,57.1%,40.0%
20010904-M-US_Open-R16-Andre_Agassi-Roger_Federer,Andre Agassi,2,24,70.8%,63.2%,70.6%,61.5%,80.0%,66.7%,80.0%,66.7%,100.0%,100.0%
20010904-M-US_Open-R16-Andre_Agassi-Roger_Federer,Roger Federer,1,29,58.6%,36.8%,58.3%,28.6%,33.3%,0.0%,0.0%,0.0%,-,-
20010904-M-US_Open-R16-Andre_Agassi-Roger_Federer,Roger Federer,2,28,53.6%,38.1%,57.1%,45.5%,71.4%,66.7%,66.7%,33.3%,50.0%,50.0%
20010830-M-US_Open-R64-Robby_Ginepri-Roger_Federer,Robby Ginepri,1,44,59.1%,43.8%,51.9%,43.5%,62.5%,33.3%,75.0%,50.0%,50.0%,0.0%
20010830-M-US_Open-R64-Robby_Ginepri-Roger_Federer,Robby Ginepri,2,33,48.5%,32.0%,34.8%,21.1%,36.4%,12.5%,20.0%,20.0%,50.0%,0.0%
20010830-M-US_Open-R64-Robby_Ginepri-Roger_Federer,Roger Federer,1,51,80.4%,50.0%,58.8%,46.2%,85.7%,50.0%,100.0%,-,-,-
20010830-M-US_Open-R64-Robby_Ginepri-Roger_Federer,Roger Federer,2,25,60.0%,44.4%,72.7%,70.0%,100.0%,100.0%,100.0%,100.0%,100.0%,-
20010829-M-US_Open-R64-Jack_Brasington-Andy_Roddick,Jack Brasington,1,79,73.4%,54.3%,69.4%,47.6%,58.8%,30.0%,50.0%,40.0%,66.7%,66.7%
20010829-M-US_Open-R64-Jack_Brasington-Andy_Roddick,Jack Brasington,2,34,38.2%,30.0%,39.1%,26.3%,41.7%,36.4%,44.4%,37.5%,50.0%,25.0%
20010829-M-US_Open-R64-Jack_Brasington-Andy_Roddick,Andy Roddick,1,61,80.3%,52.0%,65.0%,41.7%,62.5%,40.0%,50.0%,50.0%,50.0%,33.3%
20010829-M-US_Open-R64-Jack_Brasington-Andy_Roddick,Andy Roddick,2,40,70.0%,61.3%,76.0%,60.0%,64.3%,58.3%,70.0%,50.0%,75.0%,50.0%
20010829-M-US_Open-R128-Daniel_Vacek-Gustavo_Kuerten,Daniel Vacek,1,88,75.0%,48.8%,70.0%,47.1%,80.0%,60.0%,75.0%,50.0%,50.0%,50.0%
20010829-M-US_Open-R128-Daniel_Vacek-Gustavo_Kuerten,Daniel Vacek,2,61,49.2%,36.7%,43.9%,37.8%,46.7%,36.0%,50.0%,43.8%,63.6%,55.6%
20010829-M-US_Open-R128-Daniel_Vacek-Gustavo_Kuerten,Gustavo Kuerten,1,71,83.1%,72.1%,75.6%,54.5%,75.0%,50.0%,80.0%,50.0%,100.0%,-
20010829-M-US_Open-R128-Daniel_Vacek-Gustavo_Kuerten,Gustavo Kuerten,2,45,57.8%,45.7%,59.3%,45.0%,75.0%,57.1%,100.0%,100.0%,100.0%,100.0%
20010827-M-US_Open-R32-Max_Mirnyi-Gustavo_Kuerten,Max Mirnyi,1,131,78.6%,56.9%,78.7%,50.0%,100.0%,100.0%,100.0%,-,-,-
20010827-M-US_Open-R32-Max_Mirnyi-Gustavo_Kuerten,Max Mirnyi,2,55,56.4%,38.5%,60.0%,33.3%,55.6%,0.0%,0.0%,0.0%,-,-
20010827-M-US_Open-R32-Max_Mirnyi-Gustavo_Kuerten,Gustavo Kuerten,1,119,81.5%,64.5%,74.1%,58.8%,87.0%,72.7%,100.0%,100.0%,100.0%,100.0%
20010827-M-US_Open-R32-Max_Mirnyi-Gustavo_Kuerten,Gustavo Kuerten,2,57,63.2%,50.0%,70.0%,47.1%,66.7%,42.9%,75.0%,66.7%,66.7%,0.0%
20010827-M-US_Open-R128-Mike_Bryan-Andre_Agassi,Mike Bryan,1,49,55.1%,33.3%,47.8%,29.4%,62.5%,40.0%,100.0%,100.0%,100.0%,100.0%
20010827-M-US_Open-R128-Mike_Bryan-Andre_Agassi,Mike Bryan,2,25,36.0%,5.9%,12.5%,12.5%,16.7%,16.7%,33.3%,33.3%,50.0%,50.0%
20010827-M-US_Open-R128-Mike_Bryan-Andre_Agassi,Andre Agassi,1,31,77.4%,41.7%,62.5%,57.1%,80.0%,66.7%,66.7%,66.7%,66.7%,66.7%
20010827-M-US_Open-R128-Mike_Bryan-Andre_Agassi,Andre Agassi,2,25,72.0%,50.0%,70.0%,62.5%,71.4%,71.4%,83.3%,0.0%,-,-
20010128-M-Australian_Open-F-Arnaud_Clement-Andre_Agassi,Arnaud Clement,1,47,59.6%,40.6%,50.0%,35.0%,41.2%,28.6%,50.0%,33.3%,66.7%,50.0%
20010128-M-Australian_Open-F-Arnaud_Clement-Andre_Agassi,Arnaud Clement,2,36,52.8%,48.5%,53.3%,41.7%,50.0%,41.2%,58.3%,37.5%,50.0%,40.0%
20010128-M-Australian_Open-F-Arnaud_Clement-Andre_Agassi,Andre Agassi,1,53,71.7%,53.1%,60.7%,50.0%,57.9%,46.7%,50.0%,41.7%,45.5%,25.0%
20010128-M-Australian_Open-F-Arnaud_Clement-Andre_Agassi,Andre Agassi,2,27,48.1%,39.1%,45.0%,38.9%,50.0%,30.0%,33.3%,14.3%,16.7%,16.7%
20010126-M-Australian_Open-SF-Patrick_Rafter-Andre_Agassi,Patrick Rafter,1,96,82.3%,69.1%,84.4%,50.0%,87.5%,0.0%,0.0%,0.0%,0.0%,0.0%
20010126-M-Australian_Open-SF-Patrick_Rafter-Andre_Agassi,Patrick Rafter,2,51,43.1%,29.3%,60.0%,33.3%,57.1%,25.0%,50.0%,50.0%,50.0%,0.0%
20010126-M-Australian_Open-SF-Patrick_Rafter-Andre_Agassi,Andre Agassi,1,106,78.3%,67.1%,75.8%,61.5%,70.6%,58.3%,70.0%,53.8%,58.3%,44.4%
20010126-M-Australian_Open-SF-Patrick_Rafter-Andre_Agassi,Andre Agassi,2,39,66.7%,53.6%,71.4%,45.5%,50.0%,37.5%,60.0%,50.0%,100.0%,100.0%
20010126-M-Australian_Open-SF-Arnaud_Clement-Sebastien_Grosjean,Arnaud Clement,1,110,65.5%,50.0%,59.4%,36.6%,45.5%,33.3%,40.9%,35.0%,41.2%,28.6%
20010126-M-Australian_Open-SF-Arnaud_Clement-Sebastien_Grosjean,Arnaud Clement,2,79,58.2%,52.9%,62.7%,53.2%,56.8%,50.0%,54.3%,48.4%,57.7%,45.0%
20010126-M-Australian_Open-SF-Arnaud_Clement-Sebastien_Grosjean,Sebastien Grosjean,1,79,78.5%,63.8%,73.2%,59.3%,66.7%,60.0%,66.7%,57.1%,61.5%,54.5%
20010126-M-Australian_Open-SF-Arnaud_Clement-Sebastien_Grosjean,Sebastien Grosjean,2,72,52.8%,47.7%,52.5%,42.9%,46.7%,42.9%,50.0%,41.9%,52.0%,45.5%
20010124-M-Australian_Open-QF-Patrick_Rafter-Dominik_Hrbaty,Patrick Rafter,1,67,88.1%,77.1%,87.1%,63.6%,100.0%,100.0%,100.0%,100.0%,100.0%,100.0%
20010124-M-Australian_Open-QF-Patrick_Rafter-Dominik_Hrbaty,Patrick Rafter,2,44,47.7%,32.4%,73.3%,50.0%,100.0%,100.0%,100.0%,100.0%,100.0%,-
20010124-M-Australian_Open-QF-Patrick_Rafter-Dominik_Hrbaty,Dominik Hrbaty,1,67,64.2%,44.2%,55.9%,42.3%,55.0%,43.8%,50.0%,12.5%,20.0%,20.0%
20010124-M-Australian_Open-QF-Patrick_Rafter-Dominik_Hrbaty,Dominik Hrbaty,2,53,56.6%,45.2%,63.3%,50.0%,68.8%,61.5%,72.7%,66.7%,75.0%,60.0%
20010120-M-Australian_Open-R32-Carlos_Moya-Lleyton_Hewitt,Carlos Moya,1,89,73.0%,53.8%,58.3%,42.9%,53.6%,35.0%,38.9%,31.3%,41.7%,22.2%
20010120-M-Australian_Open-R32-Carlos_Moya-Lleyton_Hewitt,Carlos Moya,2,47,55.3%,50.0%,58.3%,51.6%,59.3%,45.0%,50.0%,40.0%,42.9%,33.3%
20010120-M-Australian_Open-R32-Carlos_Moya-Lleyton_Hewitt,Lleyton Hewitt,1,78,67.9%,54.5%,61.2%,44.1%,57.7%,35.3%,50.0%,45.5%,50.0%,44.4%
20010120-M-Australian_Open-R32-Carlos_Moya-Lleyton_Hewitt,Lleyton Hewitt,2,65,58.5%,54.2%,57.1%,50.0%,57.1%,51.4%,59.4%,48.0%,60.0%,52.9%
20010117-M-Australian_Open-R64-Greg_Rusedski-Gustavo_Kuerten,Greg Rusedski,1,99,78.8%,63.2%,72.0%,45.8%,73.3%,0.0%,0.0%,0.0%,0.0%,0.0%
20010117-M-Australian_Open-R64-Greg_Rusedski-Gustavo_Kuerten,Greg Rusedski,2,38,52.6%,43.8%,58.3%,33.3%,50.0%,37.5%,60.0%,50.0%,66.7%,66.7%
20010117-M-Australian_Open-R64-Greg_Rusedski-Gustavo_Kuerten,Gustavo Kuerten,1,86,73.3%,61.7%,71.2%,54.5%,66.7%,43.8%,53.8%,50.0%,75.0%,71.4%
20010117-M-Australian_Open-R64-Greg_Rusedski-Gustavo_Kuerten,Gustavo Kuerten,2,61,59.0%,52.8%,75.7%,55.0%,61.1%,46.2%,60.0%,42.9%,42.9%,20.0%
20000910-M-US_Open-F-Pete_Sampras-Marat_Safin,Pete Sampras,1,51,74.50%,45.80%,64.70%,50.00%,100.00%,100.00%,100.00%,-,-,-
20000910-M-US_Open-F-Pete_Sampras-Marat_Safin,Pete Sampras,2,23,47.80%,33.30%,60.00%,42.90%,100.00%,-,-,-,-,-
20000910-M-US_Open-F-Pete_Sampras-Marat_Safin,Marat Safin,1,40,85.00%,68.40%,72.20%,64.30%,75.00%,66.70%,85.70%,66.70%,100.00%,100.00%
20000910-M-US_Open-F-Pete_Sampras-Marat_Safin,Marat Safin,2,40,65.00%,61.10%,62.90%,45.80%,55.00%,43.80%,53.80%,53.80%,63.60%,55.60%
20000909-M-US_Open-SF-Pete_Sampras-Lleyton_Hewitt,Pete Sampras,1,70,82.9%,60.0%,81.8%,50.0%,80.0%,0.0%,0.0%,0.0%,-,-
20000909-M-US_Open-SF-Pete_Sampras-Lleyton_Hewitt,Pete Sampras,2,39,66.7%,51.9%,70.0%,60.0%,100.0%,100.0%,100.0%,100.0%,100.0%,-
20000909-M-US_Open-SF-Pete_Sampras-Lleyton_Hewitt,Lleyton Hewitt,1,69,72.5%,50.0%,57.6%,44.0%,57.9%,33.3%,50.0%,33.3%,40.0%,0.0%
20000909-M-US_Open-SF-Pete_Sampras-Lleyton_Hewitt,Lleyton Hewitt,2,48,62.5%,52.6%,66.7%,56.5%,68.4%,57.1%,72.7%,57.1%,66.7%,60.0%
20000909-M-US_Open-SF-Marat_Safin-Todd_Martin,Marat Safin,1,64,79.7%,60.6%,69.0%,57.1%,85.7%,77.8%,77.8%,0.0%,0.0%,0.0%
20000909-M-US_Open-SF-Marat_Safin-Todd_Martin,Marat Safin,2,52,51.9%,40.5%,58.6%,33.3%,54.5%,28.6%,66.7%,50.0%,100.0%,100.0%
20000909-M-US_Open-SF-Marat_Safin-Todd_Martin,Todd Martin,1,57,75.4%,58.8%,66.7%,52.4%,84.6%,33.3%,100.0%,-,-,-
20000909-M-US_Open-SF-Marat_Safin-Todd_Martin,Todd Martin,2,34,50.0%,41.4%,52.2%,42.1%,47.1%,18.2%,40.0%,25.0%,25.0%,0.0%
20000906-M-US_Open-QF-Pete_Sampras-Richard_Krajicek,Pete Sampras,1,79,83.5%,68.3%,82.4%,50.0%,85.7%,0.0%,-,-,-,-
20000906-M-US_Open-QF-Pete_Sampras-Richard_Krajicek,Pete Sampras,2,34,55.9%,42.3%,68.8%,37.5%,100.0%,100.0%,100.0%,-,-,-
20000906-M-US_Open-QF-Pete_Sampras-Richard_Krajicek,Richard Krajicek,1,59,79.7%,52.0%,72.2%,0.0%,-,-,-,-,-,-
20000906-M-US_Open-QF-Pete_Sampras-Richard_Krajicek,Richard Krajicek,2,39,53.8%,35.7%,62.5%,40.0%,100.0%,-,-,-,-,-
20000902-M-US_Open-R32-Roger_Federer-Juan_Carlos_Ferrero,Roger Federer,1,70,82.9%,62.5%,74.1%,50.0%,70.0%,25.0%,100.0%,-,-,-
20000902-M-US_Open-R32-Roger_Federer-Juan_Carlos_Ferrero,Roger Federer,2,53,52.8%,40.5%,50.0%,34.6%,60.0%,14.3%,33.3%,0.0%,0.0%,0.0%
20000902-M-US_Open-R32-Roger_Federer-Juan_Carlos_Ferrero,Juan Carlos Ferrero,1,79,69.6%,54.7%,63.0%,41.4%,52.2%,31.3%,41.7%,0.0%,0.0%,0.0%
20000902-M-US_Open-R32-Roger_Federer-Juan_Carlos_Ferrero,Juan Carlos Ferrero,2,61,57.4%,42.2%,55.9%,44.4%,63.2%,56.3%,60.0%,25.0%,50.0%,50.0%
20000901-M-US_Open-R64-Roger_Federer-Daniel_Nestor,Roger Federer,1,55,87.3%,74.1%,87.0%,72.7%,88.9%,75.0%,100.0%,100.0%,100.0%,-
20000901-M-US_Open-R64-Roger_Federer-Daniel_Nestor,Roger Federer,2,32,56.3%,48.1%,68.4%,50.0%,75.0%,50.0%,50.0%,33.3%,50.0%,0.0%
20000901-M-US_Open-R64-Roger_Federer-Daniel_Nestor,Daniel Nestor,1,54,61.1%,34.4%,68.8%,16.7%,50.0%,0.0%,-,-,-,-
20000901-M-US_Open-R64-Roger_Federer-Daniel_Nestor,Daniel Nestor,2,20,50.0%,41.2%,63.6%,20.0%,100.0%,-,-,-,-,-
20000901-M-US_Open-R64-Marat_Safin-Gianluca_Pozzi,Marat Safin,1,43,76.7%,54.5%,57.1%,30.8%,50.0%,33.3%,100.0%,100.0%,100.0%,100.0%
20000901-M-US_Open-R64-Marat_Safin-Gianluca_Pozzi,Marat Safin,2,38,73.7%,67.7%,72.4%,66.7%,76.2%,73.7%,82.4%,78.6%,84.6%,80.0%
20000901-M-US_Open-R64-Marat_Safin-Gianluca_Pozzi,Gianluca Pozzi,1,61,75.4%,57.1%,69.0%,47.1%,80.0%,33.3%,50.0%,0.0%,0.0%,0.0%
20000901-M-US_Open-R64-Marat_Safin-Gianluca_Pozzi,Gianluca Pozzi,2,44,56.8%,50.0%,59.4%,50.0%,54.2%,45.0%,56.3%,36.4%,40.0%,25.0%
20000828-M-US_Open-R128-Marcelo_Rios-Nicolas_Massu,Marcelo Rios,1,61,75.4%,57.1%,71.4%,61.9%,68.4%,40.0%,57.1%,25.0%,25.0%,0.0%
20000828-M-US_Open-R128-Marcelo_Rios-Nicolas_Massu,Marcelo Rios,2,47,61.7%,55.0%,66.7%,45.0%,60.0%,33.3%,37.5%,28.6%,66.7%,50.0%
20000828-M-US_Open-R128-Marcelo_Rios-Nicolas_Massu,Nicolas Massu,1,61,73.8%,61.0%,75.8%,50.0%,72.7%,50.0%,60.0%,33.3%,50.0%,50.0%
20000828-M-US_Open-R128-Marcelo_Rios-Nicolas_Massu,Nicolas Massu,2,60,53.3%,49.1%,61.4%,52.8%,63.3%,54.2%,65.0%,56.3%,69.2%,50.0%
20000130-M-Australian_Open-F-Yevgeny_Kafelnikov-Andre_Agassi,Yevgeny Kafelnikov,1,64,65.6%,46.3%,50.0%,26.9%,35.0%,13.3%,20.0%,20.0%,33.3%,33.3%
20000130-M-Australian_Open-F-Yevgeny_Kafelnikov-Andre_Agassi,Yevgeny Kafelnikov,2,47,61.7%,55.0%,62.9%,55.2%,59.3%,35.3%,50.0%,45.5%,50.0%,44.4%
20000130-M-Australian_Open-F-Yevgeny_Kafelnikov-Andre_Agassi,Andre Agassi,1,76,69.7%,55.8%,65.9%,48.3%,51.9%,43.5%,52.6%,35.7%,50.0%,37.5%
20000130-M-Australian_Open-F-Yevgeny_Kafelnikov-Andre_Agassi,Andre Agassi,2,33,66.7%,59.3%,72.7%,70.0%,82.4%,76.9%,83.3%,71.4%,100.0%,100.0%
20000128-M-Australian_Open-SF-Yevgeny_Kafelnikov-Magnus_Norman,Yevgeny Kafelnikov,1,43,76.7%,60.0%,62.5%,43.8%,70.0%,40.0%,50.0%,50.0%,100.0%,100.0%
20000128-M-Australian_Open-SF-Yevgeny_Kafelnikov-Magnus_Norman,Yevgeny Kafelnikov,2,27,66.7%,64.0%,66.7%,60.0%,70.6%,68.8%,73.3%,66.7%,66.7%,55.6%
20000128-M-Australian_Open-SF-Yevgeny_Kafelnikov-Magnus_Norman,Magnus Norman,1,43,67.4%,46.2%,70.6%,61.5%,72.7%,40.0%,66.7%,50.0%,50.0%,0.0%
20000128-M-Australian_Open-SF-Yevgeny_Kafelnikov-Magnus_Norman,Magnus Norman,2,25,28.0%,25.0%,35.3%,26.7%,30.8%,25.0%,25.0%,25.0%,30.0%,22.2%
20000128-M-Australian_Open-SF-Pete_Sampras-Andre_Agassi,Pete Sampras,1,99,80.8%,50.0%,70.4%,33.3%,66.7%,33.3%,100.0%,-,-,-
20000128-M-Australian_Open-SF-Pete_Sampras-Andre_Agassi,Pete Sampras,2,52,53.8%,38.5%,60.0%,41.2%,87.5%,50.0%,100.0%,-,-,-
20000128-M-Australian_Open-SF-Pete_Sampras-Andre_Agassi,Andre Agassi,1,101,74.3%,52.7%,63.0%,39.3%,52.4%,37.5%,54.5%,28.6%,50.0%,50.0%
20000128-M-Australian_Open-SF-Pete_Sampras-Andre_Agassi,Andre Agassi,2,44,72.7%,62.5%,76.9%,53.8%,77.8%,71.4%,100.0%,100.0%,100.0%,100.0%
20000125-M-Australian_Open-QF-Pete_Sampras-Chris_Woodruff,Pete Sampras,1,45,86.7%,70.0%,100.0%,100.0%,100.0%,-,-,-,-,-
20000125-M-Australian_Open-QF-Pete_Sampras-Chris_Woodruff,Pete Sampras,2,26,69.2%,33.3%,50.0%,20.0%,50.0%,0.0%,0.0%,0.0%,-,-
20000125-M-Australian_Open-QF-Pete_Sampras-Chris_Woodruff,Chris Woodruff,1,65,75.4%,65.2%,81.1%,68.2%,78.9%,69.2%,75.0%,66.7%,75.0%,66.7%
20000125-M-Australian_Open-QF-Pete_Sampras-Chris_Woodruff,Chris Woodruff,2,33,39.4%,23.1%,26.1%,19.0%,30.8%,25.0%,33.3%,25.0%,40.0%,25.0%
20000125-M-Australian_Open-QF-Hicham_Arazi-Andre_Agassi,Hicham Arazi,1,48,72.9%,50.0%,56.5%,33.3%,50.0%,37.5%,42.9%,20.0%,20.0%,0.0%
20000125-M-Australian_Open-QF-Hicham_Arazi-Andre_Agassi,Hicham Arazi,2,40,40.0%,33.3%,40.0%,37.9%,52.4%,50.0%,52.6%,25.0%,30.0%,0.0%
20000125-M-Australian_Open-QF-Hicham_Arazi-Andre_Agassi,Andre Agassi,1,45,84.4%,75.0%,87.5%,81.3%,86.7%,80.0%,100.0%,100.0%,100.0%,100.0%
20000125-M-Australian_Open-QF-Hicham_Arazi-Andre_Agassi,Andre Agassi,2,22,72.7%,64.7%,68.8%,61.5%,80.0%,71.4%,83.3%,80.0%,100.0%,100.0%
20000119-M-Australian_Open-R64-Pete_Sampras-Mikael_Tillstrom,Pete Sampras,1,71,74.6%,47.1%,80.0%,33.3%,100.0%,-,-,-,-,-
20000119-M-Australian_Open-R64-Pete_Sampras-Mikael_Tillstrom,Pete Sampras,2,28,57.1%,36.8%,53.8%,33.3%,75.0%,0.0%,-,-,-,-
20000119-M-Australian_Open-R64-Pete_Sampras-Mikael_Tillstrom,Mikael Tillstrom,1,46,76.1%,56.0%,70.0%,57.1%,72.7%,40.0%,50.0%,0.0%,0.0%,0.0%
20000119-M-Australian_Open-R64-Pete_Sampras-Mikael_Tillstrom,Mikael Tillstrom,2,24,58.3%,41.2%,53.8%,25.0%,66.7%,50.0%,50.0%,0.0%,-,-
20000119-M-Australian_Open-R64-Jan_Kroslak-Roger_Federer,Jan Kroslak,1,68,60.3%,35.7%,53.6%,27.8%,50.0%,28.6%,50.0%,33.3%,100.0%,100.0%
20000119-M-Australian_Open-R64-Jan_Kroslak-Roger_Federer,Jan Kroslak,2,31,51.6%,34.8%,44.4%,16.7%,33.3%,20.0%,100.0%,-,-,-
20000119-M-Australian_Open-R64-Jan_Kroslak-Roger_Federer,Roger Federer,1,63,66.7%,40.0%,63.6%,33.3%,66.7%,50.0%,66.7%,0.0%,-,-
20000119-M-Australian_Open-R64-Jan_Kroslak-Roger_Federer,Roger Federer,2,39,74.4%,60.0%,65.2%,52.9%,60.0%,40.0%,57.1%,50.0%,100.0%,100.0%
19990912-M-US_Open-F-Todd_Martin-Andre_Agassi,Todd Martin,1,86,70.90%,46.80%,68.80%,9.10%,25.00%,0.00%,0.00%,0.00%,-,-
19990912-M-US_Open-F-Todd_Martin-Andre_Agassi,Todd Martin,2,49,65.30%,56.40%,66.70%,45.00%,56.30%,53.30%,66.70%,55.60%,71.40%,50.00%
19990912-M-US_Open-F-Todd_Martin-Andre_Agassi,Andre Agassi,1,97,74.20%,54.50%,62.50%,40.00%,52.20%,31.30%,50.00%,28.60%,50.00%,50.00%
19990912-M-US_Open-F-Todd_Martin-Andre_Agassi,Andre Agassi,2,50,68.00%,55.60%,74.10%,68.20%,75.00%,58.30%,87.50%,80.00%,80.00%,50.00%
19990908-M-US_Open-QF-Yevgeny_Kafelnikov-Richard_Krajicek,Yevgeny Kafelnikov,1,80,72.5%,43.6%,58.6%,33.3%,54.5%,44.4%,66.7%,33.3%,100.0%,100.0%
19990908-M-US_Open-QF-Yevgeny_Kafelnikov-Richard_Krajicek,Yevgeny Kafelnikov,2,72,66.7%,59.3%,76.1%,62.1%,66.7%,50.0%,64.3%,58.3%,70.0%,62.5%
19990908-M-US_Open-QF-Yevgeny_Kafelnikov-Richard_Krajicek,Richard Krajicek,1,103,87.4%,61.8%,72.4%,50.0%,100.0%,-,-,-,-,-
19990908-M-US_Open-QF-Yevgeny_Kafelnikov-Richard_Krajicek,Richard Krajicek,2,62,43.5%,28.6%,60.9%,40.0%,100.0%,-,-,-,-,-
19990908-M-US_Open-QF-Cedric_Pioline-Gustavo_Kuerten,Cedric Pioline,1,93,83.9%,73.2%,93.2%,87.5%,95.5%,83.3%,100.0%,100.0%,100.0%,100.0%
19990908-M-US_Open-QF-Cedric_Pioline-Gustavo_Kuerten,Cedric Pioline,2,62,62.9%,59.6%,77.3%,68.8%,75.9%,65.0%,81.3%,75.0%,90.0%,75.0%
19990908-M-US_Open-QF-Cedric_Pioline-Gustavo_Kuerten,Gustavo Kuerten,1,93,87.1%,70.7%,80.6%,61.1%,73.3%,55.6%,83.3%,66.7%,100.0%,100.0%
19990908-M-US_Open-QF-Cedric_Pioline-Gustavo_Kuerten,Gustavo Kuerten,2,74,55.4%,40.0%,51.2%,40.0%,63.6%,50.0%,61.5%,54.5%,66.7%,62.5%
19990904-M-US_Open-SF-Yevgeny_Kafelnikov-Andre_Agassi,Yevgeny Kafelnikov,1,64,65.6%,40.5%,51.7%,36.4%,50.0%,27.3%,33.3%,33.3%,50.0%,0.0%
19990904-M-US_Open-SF-Yevgeny_Kafelnikov-Andre_Agassi,Yevgeny Kafelnikov,2,48,47.9%,43.2%,54.3%,40.7%,50.0%,42.1%,50.0%,27.3%,42.9%,42.9%
19990904-M-US_Open-SF-Yevgeny_Kafelnikov-Andre_Agassi,Andre Agassi,1,51,72.5%,54.8%,63.0%,56.5%,72.2%,58.3%,58.3%,50.0%,71.4%,66.7%
19990904-M-US_Open-SF-Yevgeny_Kafelnikov-Andre_Agassi,Andre Agassi,2,47,59.6%,45.7%,57.1%,47.8%,50.0%,47.6%,58.8%,50.0%,58.3%,44.4%
19990904-M-US_Open-SF-Todd_Martin-Cedric_Pioline,Todd Martin,1,54,79.6%,54.2%,68.4%,25.0%,66.7%,0.0%,0.0%,0.0%,0.0%,0.0%
19990904-M-US_Open-SF-Todd_Martin-Cedric_Pioline,Todd Martin,2,25,56.0%,47.6%,62.5%,33.3%,75.0%,0.0%,-,-,-,-
19990904-M-US_Open-SF-Todd_Martin-Cedric_Pioline,Cedric Pioline,1,35,60.0%,41.7%,55.6%,33.3%,50.0%,33.3%,100.0%,100.0%,100.0%,100.0%
19990904-M-US_Open-SF-Todd_Martin-Cedric_Pioline,Cedric Pioline,2,34,47.1%,30.8%,38.1%,23.5%,50.0%,42.9%,75.0%,50.0%,50.0%,50.0%
19990131-M-Australian_Open-F-Yevgeny_Kafelnikov-Thomas_Enqvist,Yevgeny Kafelnikov,1,79,70.9%,51.1%,54.5%,44.4%,59.3%,41.2%,50.0%,30.0%,33.3%,25.0%
19990131-M-Australian_Open-F-Yevgeny_Kafelnikov-Thomas_Enqvist,Yevgeny Kafelnikov,2,45,62.2%,55.3%,61.8%,51.9%,66.7%,63.2%,70.6%,64.3%,69.2%,63.6%
19990131-M-Australian_Open-F-Yevgeny_Kafelnikov-Thomas_Enqvist,Thomas Enqvist,1,64,73.4%,46.9%,53.6%,43.5%,52.6%,30.8%,40.0%,25.0%,28.6%,0.0%
19990131-M-Australian_Open-F-Yevgeny_Kafelnikov-Thomas_Enqvist,Thomas Enqvist,2,38,47.4%,41.2%,53.8%,33.3%,37.5%,23.1%,33.3%,25.0%,40.0%,40.0%
19990129-M-Australian_Open-SF-Yevgeny_Kafelnikov-Tommy_Haas,Yevgeny Kafelnikov,1,50,84.0%,65.2%,71.4%,66.7%,75.0%,55.6%,62.5%,40.0%,40.0%,40.0%
19990129-M-Australian_Open-SF-Yevgeny_Kafelnikov-Tommy_Haas,Yevgeny Kafelnikov,2,38,63.2%,56.3%,60.0%,45.5%,47.6%,35.3%,50.0%,40.0%,57.1%,40.0%
19990129-M-Australian_Open-SF-Yevgeny_Kafelnikov-Tommy_Haas,Tommy Haas,1,53,64.2%,42.4%,45.2%,34.6%,39.1%,26.3%,35.7%,30.8%,50.0%,33.3%
19990129-M-Australian_Open-SF-Yevgeny_Kafelnikov-Tommy_Haas,Tommy Haas,2,36,55.6%,42.9%,57.1%,50.0%,52.9%,42.9%,46.2%,12.5%,14.3%,14.3%
19990129-M-Australian_Open-SF-Nicolas_Lapentti-Thomas_Enqvist,Nicolas Lapentti,1,53,66.0%,47.1%,51.6%,28.6%,54.5%,37.5%,37.5%,28.6%,33.3%,0.0%
19990129-M-Australian_Open-SF-Nicolas_Lapentti-Thomas_Enqvist,Nicolas Lapentti,2,29,41.4%,29.2%,36.8%,14.3%,22.2%,0.0%,0.0%,0.0%,0.0%,0.0%
19990129-M-Australian_Open-SF-Nicolas_Lapentti-Thomas_Enqvist,Thomas Enqvist,1,44,68.2%,39.1%,52.9%,38.5%,55.6%,20.0%,50.0%,50.0%,50.0%,50.0%
19990129-M-Australian_Open-SF-Nicolas_Lapentti-Thomas_Enqvist,Thomas Enqvist,2,30,80.0%,75.0%,90.0%,87.5%,100.0%,100.0%,100.0%,100.0%,100.0%,100.0%
19990122-M-Australian_Open-R32-Todd_Martin-Petr_Korda,Todd Martin,1,107,76.6%,43.2%,61.3%,25.0%,66.7%,0.0%,-,-,-,-
19990122-M-Australian_Open-R32-Todd_Martin-Petr_Korda,Todd Martin,2,47,61.7%,35.7%,66.7%,54.5%,85.7%,80.0%,100.0%,100.0%,100.0%,100.0%
19990122-M-Australian_Open-R32-Todd_Martin-Petr_Korda,Petr Korda,1,111,73.9%,61.8%,67.1%,47.7%,58.3%,34.8%,47.1%,40.0%,50.0%,33.3%
19990122-M-Australian_Open-R32-Todd_Martin-Petr_Korda,Petr Korda,2,50,60.0%,47.4%,58.1%,35.0%,53.8%,40.0%,80.0%,80.0%,100.0%,100.0%
19980913-M-US_Open-F-Patrick_Rafter-Mark_Philippoussis,Patrick Rafter,1,62,80.6%,61.3%,76.0%,40.0%,80.0%,50.0%,50.0%,0.0%,-,-
19980913-M-US_Open-F-Patrick_Rafter-Mark_Philippoussis,Patrick Rafter,2,23,60.9%,50.0%,81.8%,71.4%,100.0%,-,-,-,-,-
19980913-M-US_Open-F-Patrick_Rafter-Mark_Philippoussis,Mark Philippoussis,1,66,62.1%,43.2%,55.9%,16.7%,42.9%,0.0%,0.0%,0.0%,0.0%,0.0%
19980913-M-US_Open-F-Patrick_Rafter-Mark_Philippoussis,Mark Philippoussis,2,38,57.9%,42.9%,70.6%,44.4%,100.0%,-,-,-,-,-
19980912-M-US_Open-SF-Patrick_Rafter-Pete_Sampras,Patrick Rafter,1,82,74.4%,48.8%,76.9%,50.0%,66.7%,25.0%,100.0%,-,-,-
19980912-M-US_Open-SF-Patrick_Rafter-Pete_Sampras,Patrick Rafter,2,47,74.5%,45.5%,76.9%,40.0%,66.7%,50.0%,100.0%,100.0%,100.0%,-
19980912-M-US_Open-SF-Patrick_Rafter-Pete_Sampras,Pete Sampras,1,76,75.0%,54.8%,76.7%,56.3%,75.0%,40.0%,66.7%,50.0%,100.0%,-
19980912-M-US_Open-SF-Patrick_Rafter-Pete_Sampras,Pete Sampras,2,63,66.7%,55.3%,65.0%,44.0%,78.6%,57.1%,80.0%,66.7%,100.0%,100.0%
19980912-M-US_Open-SF-Mark_Philippoussis-Carlos_Moya,Mark Philippoussis,1,74,85.1%,69.4%,83.3%,54.5%,75.0%,33.3%,50.0%,0.0%,0.0%,0.0%
19980912-M-US_Open-SF-Mark_Philippoussis-Carlos_Moya,Mark Philippoussis,2,26,69.2%,50.0%,72.7%,40.0%,100.0%,-,-,-,-,-
19980912-M-US_Open-SF-Mark_Philippoussis-Carlos_Moya,Carlos Moya,1,66,77.3%,66.7%,75.0%,60.0%,78.9%,60.0%,60.0%,20.0%,50.0%,50.0%
19980912-M-US_Open-SF-Mark_Philippoussis-Carlos_Moya,Carlos Moya,2,44,50.0%,42.1%,64.0%,33.3%,57.1%,25.0%,50.0%,50.0%,100.0%,-
19980910-M-US_Open-QF-Mark_Philippoussis-Thomas_Johansson,Mark Philippoussis,1,100,82.0%,53.8%,87.5%,70.0%,87.5%,66.7%,66.7%,66.7%,100.0%,-
19980910-M-US_Open-QF-Mark_Philippoussis-Thomas_Johansson,Mark Philippoussis,2,46,47.8%,29.4%,50.0%,23.1%,37.5%,16.7%,33.3%,0.0%,0.0%,0.0%
19980910-M-US_Open-QF-Mark_Philippoussis-Thomas_Johansson,Thomas Johansson,1,83,83.1%,65.0%,72.2%,61.5%,76.2%,58.3%,70.0%,57.1%,57.1%,40.0%
19980910-M-US_Open-QF-Mark_Philippoussis-Thomas_Johansson,Thomas Johansson,2,69,56.5%,48.3%,63.6%,44.8%,76.5%,42.9%,60.0%,33.3%,50.0%,0.0%
19980909-M-US_Open-QF-Patrick_Rafter-Jonas_Bjorkman,Patrick Rafter,1,67,71.6%,54.8%,76.7%,58.8%,66.7%,28.6%,50.0%,33.3%,50.0%,0.0%
19980909-M-US_Open-QF-Patrick_Rafter-Jonas_Bjorkman,Patrick Rafter,2,25,60.0%,50.0%,66.7%,28.6%,66.7%,0.0%,-,-,-,-
19980909-M-US_Open-QF-Patrick_Rafter-Jonas_Bjorkman,Jonas Bjorkman,1,66,57.6%,41.7%,48.8%,38.2%,59.1%,43.8%,63.6%,55.6%,62.5%,62.5%
19980909-M-US_Open-QF-Patrick_Rafter-Jonas_Bjorkman,Jonas Bjorkman,2,22,54.5%,44.4%,53.3%,36.4%,50.0%,42.9%,60.0%,50.0%,100.0%,100.0%
19980901-M-US_Open-R128-Todd_Martin-Jeff_Tarango,Todd Martin,1,64,84.4%,61.5%,84.2%,50.0%,60.0%,33.3%,50.0%,50.0%,100.0%,100.0%
19980901-M-US_Open-R128-Todd_Martin-Jeff_Tarango,Todd Martin,2,27,59.3%,56.0%,63.6%,33.3%,57.1%,57.1%,57.1%,25.0%,33.3%,33.3%
19980901-M-US_Open-R128-Todd_Martin-Jeff_Tarango,Jeff Tarango,1,58,63.8%,48.8%,62.5%,25.0%,33.3%,20.0%,25.0%,25.0%,40.0%,0.0%
19980901-M-US_Open-R128-Todd_Martin-Jeff_Tarango,Jeff Tarango,2,35,71.4%,63.0%,73.9%,53.8%,63.6%,42.9%,60.0%,0.0%,0.0%,0.0%
19980201-M-Australian_Open-F-Petr_Korda-Marcelo_Rios,Petr Korda,1,40,77.50%,59.10%,68.40%,14.30%,25.00%,25.00%,50.00%,0.00%,-,-
19980201-M-Australian_Open-F-Petr_Korda-Marcelo_Rios,Petr Korda,2,33,63.60%,58.60%,73.90%,70.00%,82.40%,70.00%,100.00%,100.00%,100.00%,100.00%
19980201-M-Australian_Open-F-Petr_Korda-Marcelo_Rios,Marcelo Rios,1,41,58.50%,32.00%,40.00%,20.00%,30.00%,30.00%,75.00%,66.70%,66.70%,50.00%
19980201-M-Australian_Open-F-Petr_Korda-Marcelo_Rios,Marcelo Rios,2,26,34.60%,26.10%,42.90%,20.00%,50.00%,0.00%,0.00%,0.00%,-,-
19980131-M-Australian_Open-SF-Petr_Korda-Karol_Kucera,Petr Korda,1,60,58.3%,50.0%,59.5%,34.6%,47.4%,37.5%,50.0%,33.3%,50.0%,40.0%
19980131-M-Australian_Open-SF-Petr_Korda-Karol_Kucera,Petr Korda,2,44,65.9%,60.5%,67.6%,59.3%,76.2%,64.3%,81.8%,75.0%,100.0%,100.0%
19980131-M-Australian_Open-SF-Petr_Korda-Karol_Kucera,Karol Kucera,1,58,67.2%,47.2%,54.8%,30.0%,50.0%,40.0%,44.4%,16.7%,50.0%,50.0%
19980131-M-Australian_Open-SF-Petr_Korda-Karol_Kucera,Karol Kucera,2,39,41.0%,30.3%,33.3%,28.6%,42.1%,35.3%,46.2%,22.2%,28.6%,0.0%
19980131-M-Australian_Open-SF-Marcelo_Rios-Nicolas_Escude,Marcelo Rios,1,46,71.7%,55.2%,61.5%,37.5%,54.5%,37.5%,50.0%,25.0%,25.0%,25.0%
19980131-M-Australian_Open-SF-Marcelo_Rios-Nicolas_Escude,Marcelo Rios,2,26,53.8%,45.5%,52.6%,43.8%,58.3%,44.4%,57.1%,40.0%,66.7%,0.0%
19980131-M-Australian_Open-SF-Marcelo_Rios-Nicolas_Escude,Nicolas Escude,1,42,52.4%,37.5%,46.2%,33.3%,36.8%,20.0%,25.0%,0.0%,0.0%,0.0%
19980131-M-Australian_Open-SF-Marcelo_Rios-Nicolas_Escude,Nicolas Escude,2,33,30.3%,14.8%,23.5%,23.5%,28.6%,16.7%,22.2%,12.5%,20.0%,20.0%
19980128-M-Australian_Open-QF-Marcelo_Rios-Alberto_Berasategui,Marcelo Rios,1,69,75.4%,61.4%,64.3%,46.4%,59.1%,43.8%,53.8%,25.0%,28.6%,16.7%
19980128-M-Australian_Open-QF-Marcelo_Rios-Alberto_Berasategui,Marcelo Rios,2,46,65.2%,61.0%,64.1%,50.0%,60.9%,47.1%,53.3%,41.7%,45.5%,33.3%
19980128-M-Australian_Open-QF-Marcelo_Rios-Alberto_Berasategui,Alberto Berasategui,1,127,56.7%,45.0%,52.9%,43.7%,48.4%,34.0%,41.5%,27.3%,39.1%,30.0%
19980128-M-Australian_Open-QF-Marcelo_Rios-Alberto_Berasategui,Alberto Berasategui,2,23,60.9%,57.1%,60.0%,42.9%,54.5%,44.4%,66.7%,60.0%,60.0%,33.3%
19970907-M-US_Open-F-Patrick_Rafter-Greg_Rusedski,Patrick Rafter,1,67,82.10%,68.40%,78.80%,56.30%,75.00%,50.00%,100.00%,-,-,-
19970907-M-US_Open-F-Patrick_Rafter-Greg_Rusedski,Patrick Rafter,2,33,54.50%,42.30%,57.90%,33.30%,66.70%,33.30%,100.00%,100.00%,100.00%,-
19970907-M-US_Open-F-Patrick_Rafter-Greg_Rusedski,Greg Rusedski,1,74,63.50%,30.80%,46.20%,17.60%,42.90%,33.30%,50.00%,0.00%,-,-
19970907-M-US_Open-F-Patrick_Rafter-Greg_Rusedski,Greg Rusedski,2,45,55.60%,44.40%,61.50%,28.60%,40.00%,14.30%,25.00%,0.00%,0.00%,0.00%
19970906-M-US_Open-SF-Greg_Rusedski-Jonas_Bjorkman,Greg Rusedski,1,84,69.0%,45.8%,68.8%,50.0%,83.3%,60.0%,100.0%,100.0%,100.0%,-
19970906-M-US_Open-SF-Greg_Rusedski-Jonas_Bjorkman,Greg Rusedski,2,39,61.5%,46.4%,54.2%,45.0%,69.2%,50.0%,66.7%,50.0%,66.7%,0.0%
19970906-M-US_Open-SF-Greg_Rusedski-Jonas_Bjorkman,Jonas Bjorkman,1,80,70.0%,55.6%,76.9%,57.1%,92.3%,50.0%,100.0%,-,-,-
19970906-M-US_Open-SF-Greg_Rusedski-Jonas_Bjorkman,Jonas Bjorkman,2,45,57.8%,50.0%,54.3%,48.4%,60.0%,33.3%,55.6%,33.3%,33.3%,20.0%
19970905-M-US_Open-SF-Michael_Chang-Patrick_Rafter,Michael Chang,1,56,66.1%,53.7%,62.9%,56.7%,68.0%,55.6%,58.8%,41.7%,55.6%,50.0%
19970905-M-US_Open-SF-Michael_Chang-Patrick_Rafter,Michael Chang,2,29,55.2%,45.8%,52.4%,44.4%,57.1%,40.0%,57.1%,50.0%,60.0%,60.0%
19970905-M-US_Open-SF-Michael_Chang-Patrick_Rafter,Patrick Rafter,1,58,82.8%,66.7%,100.0%,100.0%,100.0%,100.0%,100.0%,-,-,-
19970905-M-US_Open-SF-Michael_Chang-Patrick_Rafter,Patrick Rafter,2,26,57.7%,35.3%,54.5%,16.7%,50.0%,0.0%,-,-,-,-
19970903-M-US_Open-R16-Patrick_Rafter-Andre_Agassi,Patrick Rafter,1,86,73.3%,58.9%,80.5%,52.9%,81.8%,0.0%,-,-,-,-
19970903-M-US_Open-R16-Patrick_Rafter-Andre_Agassi,Patrick Rafter,2,62,51.6%,33.3%,51.7%,33.3%,100.0%,100.0%,100.0%,100.0%,100.0%,100.0%
19970903-M-US_Open-R16-Patrick_Rafter-Andre_Agassi,Andre Agassi,1,73,64.4%,52.7%,60.4%,47.2%,58.6%,42.9%,56.3%,53.3%,66.7%,60.0%
19970903-M-US_Open-R16-Patrick_Rafter-Andre_Agassi,Andre Agassi,2,33,66.7%,59.3%,80.0%,66.7%,80.0%,71.4%,71.4%,71.4%,71.4%,66.7%
19970903-M-US_Open-QF-Patrick_Rafter-Magnus_Larsson,Patrick Rafter,1,59,78.0%,58.1%,75.0%,50.0%,75.0%,60.0%,100.0%,100.0%,100.0%,-
19970903-M-US_Open-QF-Patrick_Rafter-Magnus_Larsson,Patrick Rafter,2,28,60.7%,42.1%,57.1%,33.3%,100.0%,100.0%,100.0%,-,-,-
19970903-M-US_Open-QF-Patrick_Rafter-Magnus_Larsson,Magnus Larsson,1,58,74.1%,57.1%,60.6%,50.0%,56.5%,47.4%,64.3%,44.4%,80.0%,50.0%
19970903-M-US_Open-QF-Patrick_Rafter-Magnus_Larsson,Magnus Larsson,2,29,34.5%,20.8%,31.3%,26.7%,40.0%,25.0%,40.0%,0.0%,0.0%,0.0%
19970901-M-US_Open-R16-Petr_Korda-Pete_Sampras,Petr Korda,1,108,78.7%,65.7%,74.6%,53.1%,63.0%,50.0%,71.4%,63.6%,77.8%,66.7%
19970901-M-US_Open-R16-Petr_Korda-Pete_Sampras,Petr Korda,2,48,66.7%,55.6%,71.4%,60.0%,75.0%,66.7%,80.0%,66.7%,66.7%,50.0%
19970901-M-US_Open-R16-Petr_Korda-Pete_Sampras,Pete Sampras,1,104,75.0%,44.7%,63.6%,29.4%,71.4%,33.3%,33.3%,33.3%,100.0%,100.0%
19970901-M-US_Open-R16-Petr_Korda-Pete_Sampras,Pete Sampras,2,69,52.2%,35.3%,46.2%,32.3%,58.8%,22.2%,40.0%,25.0%,33.3%,0.0%
19970126-M-Australian_Open-F-Pete_Sampras-Carlos_Moya,Pete Sampras,1,50,82.0%,62.5%,71.4%,33.3%,100.0%,100.0%,100.0%,-,-,-
19970126-M-Australian_Open-F-Pete_Sampras-Carlos_Moya,Pete Sampras,2,17,58.8%,46.2%,54.5%,44.4%,57.1%,50.0%,75.0%,66.7%,66.7%,66.7%
19970126-M-Australian_Open-F-Pete_Sampras-Carlos_Moya,Carlos Moya,1,49,57.1%,32.3%,38.5%,11.1%,14.3%,7.7%,11.1%,11.1%,16.7%,0.0%
19970126-M-Australian_Open-F-Pete_Sampras-Carlos_Moya,Carlos Moya,2,24,50.0%,36.8%,50.0%,46.2%,50.0%,40.0%,50.0%,42.9%,50.0%,40.0%
19970125-M-Australian_Open-SF-Pete_Sampras-Thomas_Muster,Pete Sampras,1,63,81.0%,64.7%,73.3%,55.6%,100.0%,100.0%,100.0%,100.0%,100.0%,100.0%
19970125-M-Australian_Open-SF-Pete_Sampras-Thomas_Muster,Pete Sampras,2,24,62.5%,57.1%,75.0%,69.2%,69.2%,50.0%,66.7%,50.0%,66.7%,66.7%
19970125-M-Australian_Open-SF-Pete_Sampras-Thomas_Muster,Thomas Muster,1,59,62.7%,50.0%,53.7%,40.6%,50.0%,43.5%,45.5%,40.0%,44.4%,28.6%
19970125-M-Australian_Open-SF-Pete_Sampras-Thomas_Muster,Thomas Muster,2,32,59.4%,51.9%,56.0%,42.1%,57.1%,45.5%,55.6%,42.9%,42.9%,20.0%
19970124-M-Australian_Open-SF-Michael_Chang-Carlos_Moya,Michael Chang,1,62,67.7%,55.6%,64.1%,50.0%,58.3%,47.4%,60.0%,57.1%,72.7%,50.0%
19970124-M-Australian_Open-SF-Michael_Chang-Carlos_Moya,Michael Chang,2,51,33.3%,26.1%,30.8%,20.6%,25.0%,19.2%,26.3%,22.2%,30.8%,18.2%
19970124-M-Australian_Open-SF-Michael_Chang-Carlos_Moya,Carlos Moya,1,52,61.5%,54.5%,61.5%,55.9%,63.3%,35.3%,54.5%,28.6%,66.7%,0.0%
19970124-M-Australian_Open-SF-Michael_Chang-Carlos_Moya,Carlos Moya,2,33,66.7%,60.7%,68.0%,63.6%,70.0%,57.1%,72.7%,62.5%,83.3%,66.7%
19970120-M-Australian_Open-R16-Dominik_Hrbaty-Pete_Sampras,Dominik Hrbaty,1,81,80.2%,61.9%,66.7%,48.0%,63.2%,53.3%,80.0%,50.0%,66.7%,66.7%
19970120-M-Australian_Open-R16-Dominik_Hrbaty-Pete_Sampras,Dominik Hrbaty,2,52,53.8%,45.5%,55.6%,30.4%,43.8%,25.0%,37.5%,16.7%,33.3%,33.3%
19970120-M-Australian_Open-R16-Dominik_Hrbaty-Pete_Sampras,Pete Sampras,1,90,74.4%,47.7%,60.0%,30.0%,54.5%,16.7%,50.0%,50.0%,50.0%,0.0%
19970120-M-Australian_Open-R16-Dominik_Hrbaty-Pete_Sampras,Pete Sampras,2,40,60.0%,36.0%,39.1%,22.2%,36.4%,12.5%,25.0%,25.0%,25.0%,0.0%
19970113-M-Australian_Open-R128-Carlos_Moya-Boris_Becker,Carlos Moya,1,91,72.5%,60.9%,72.2%,62.5%,75.8%,61.9%,68.4%,45.5%,62.5%,25.0%
19970113-M-Australian_Open-R128-Carlos_Moya-Boris_Becker,Carlos Moya,2,46,54.3%,38.2%,46.4%,40.0%,47.6%,21.4%,27.3%,27.3%,37.5%,28.6%
19970113-M-Australian_Open-R128-Carlos_Moya-Boris_Becker,Boris Becker,1,73,79.5%,61.5%,80.0%,57.1%,88.9%,66.7%,100.0%,-,-,-
19970113-M-Australian_Open-R128-Carlos_Moya-Boris_Becker,Boris Becker,2,59,45.8%,30.4%,41.2%,16.7%,25.0%,20.0%,30.0%,30.0%,60.0%,0.0%
19960908-M-US_Open-F-Pete_Sampras-Michael_Chang,Pete Sampras,1,52,84.60%,57.90%,91.70%,80.00%,100.00%,-,-,-,-,-
19960908-M-US_Open-F-Pete_Sampras-Michael_Chang,Pete Sampras,2,39,64.10%,60.00%,65.60%,54.20%,72.20%,58.30%,77.80%,71.40%,100.00%,100.00%
19960908-M-US_Open-F-Pete_Sampras-Michael_Chang,Michael Chang,1,35,85.70%,72.20%,76.50%,69.20%,81.80%,66.70%,80.00%,75.00%,75.00%,66.70%
19960908-M-US_Open-F-Pete_Sampras-Michael_Chang,Michael Chang,2,36,52.80%,45.20%,51.90%,43.50%,55.60%,27.30%,33.30%,25.00%,33.30%,0.00%
19960907-M-US_Open-SF-Pete_Sampras-Goran_Ivanisevic,Pete Sampras,1,80,85.0%,52.0%,81.3%,25.0%,33.3%,0.0%,-,-,-,-
19960907-M-US_Open-SF-Pete_Sampras-Goran_Ivanisevic,Pete Sampras,2,46,63.0%,48.5%,61.5%,44.4%,57.1%,25.0%,50.0%,50.0%,50.0%,33.3%
19960907-M-US_Open-SF-Pete_Sampras-Goran_Ivanisevic,Goran Ivanisevic,1,61,85.2%,59.1%,76.5%,42.9%,75.0%,66.7%,100.0%,100.0%,100.0%,100.0%
19960907-M-US_Open-SF-Pete_Sampras-Goran_Ivanisevic,Goran Ivanisevic,2,46,58.7%,54.8%,65.7%,50.0%,60.0%,50.0%,66.7%,42.9%,60.0%,50.0%
19960907-M-US_Open-SF-Michael_Chang-Andre_Agassi,Michael Chang,1,47,80.9%,59.1%,68.4%,50.0%,54.5%,28.6%,50.0%,33.3%,100.0%,100.0%
19960907-M-US_Open-SF-Michael_Chang-Andre_Agassi,Michael Chang,2,47,57.4%,45.9%,53.1%,44.4%,63.2%,50.0%,77.8%,66.7%,80.0%,80.0%
19960907-M-US_Open-SF-Michael_Chang-Andre_Agassi,Andre Agassi,1,45,75.6%,66.7%,71.0%,59.1%,72.2%,37.5%,60.0%,50.0%,66.7%,0.0%
19960907-M-US_Open-SF-Michael_Chang-Andre_Agassi,Andre Agassi,2,31,32.3%,25.0%,35.0%,23.5%,33.3%,20.0%,33.3%,0.0%,0.0%,0.0%
19960905-M-US_Open-QF-Pete_Sampras-Alex_Corretja,Pete Sampras,1,105,81.9%,61.2%,76.9%,50.0%,90.0%,83.3%,83.3%,0.0%,0.0%,0.0%
19960905-M-US_Open-QF-Pete_Sampras-Alex_Corretja,Pete Sampras,2,63,57.1%,41.3%,54.3%,38.5%,58.8%,41.7%,62.5%,50.0%,75.0%,0.0%
19960905-M-US_Open-QF-Pete_Sampras-Alex_Corretja,Alex Corretja,1,117,80.3%,69.7%,74.6%,60.9%,63.6%,51.5%,58.6%,53.8%,66.7%,53.3%
19960905-M-US_Open-QF-Pete_Sampras-Alex_Corretja,Alex Corretja,2,61,57.4%,49.0%,54.3%,43.2%,53.3%,48.1%,65.0%,53.3%,61.5%,44.4%
19960904-M-US_Open-QF-Goran_Ivanisevic-Stefan_Edberg,Goran Ivanisevic,1,58,79.3%,47.8%,57.9%,33.3%,44.4%,28.6%,33.3%,20.0%,50.0%,0.0%
19960904-M-US_Open-QF-Goran_Ivanisevic-Stefan_Edberg,Goran Ivanisevic,2,45,51.1%,45.0%,62.1%,42.1%,50.0%,33.3%,57.1%,40.0%,66.7%,66.7%
19960904-M-US_Open-QF-Goran_Ivanisevic-Stefan_Edberg,Stefan Edberg,1,67,68.7%,54.3%,67.6%,42.9%,64.3%,37.5%,75.0%,50.0%,100.0%,100.0%
19960904-M-US_Open-QF-Goran_Ivanisevic-Stefan_Edberg,Stefan Edberg,2,42,59.5%,48.5%,64.0%,47.1%,66.7%,42.9%,75.0%,66.7%,66.7%,50.0%
19960903-M-US_Open-R16-Tim_Henman-Stefan_Edberg,Tim Henman,1,69,71.0%,52.4%,61.1%,39.1%,64.3%,37.5%,50.0%,40.0%,66.7%,50.0%
19960903-M-US_Open-R16-Tim_Henman-Stefan_Edberg,Tim Henman,2,76,60.5%,54.5%,76.6%,54.2%,76.5%,55.6%,83.3%,66.7%,66.7%,0.0%
19960903-M-US_Open-R16-Tim_Henman-Stefan_Edberg,Stefan Edberg,1,87,78.2%,57.8%,76.5%,52.9%,90.0%,75.0%,100.0%,100.0%,100.0%,-
19960903-M-US_Open-R16-Tim_Henman-Stefan_Edberg,Stefan Edberg,2,46,56.5%,48.7%,67.9%,52.6%,66.7%,44.4%,80.0%,75.0%,75.0%,0.0%
19960831-M-US_Open-R32-Paul_Haarhuis-Stefan_Edberg,Paul Haarhuis,1,47,63.8%,50.0%,54.8%,33.3%,50.0%,30.0%,42.9%,20.0%,25.0%,0.0%
19960831-M-US_Open-R32-Paul_Haarhuis-Stefan_Edberg,Paul Haarhuis,2,37,62.2%,61.1%,68.8%,44.4%,57.1%,33.3%,50.0%,25.0%,50.0%,50.0%
19960831-M-US_Open-R32-Paul_Haarhuis-Stefan_Edberg,Stefan Edberg,1,58,74.1%,57.1%,71.4%,33.3%,80.0%,0.0%,-,-,-,-
19960831-M-US_Open-R32-Paul_Haarhuis-Stefan_Edberg,Stefan Edberg,2,33,66.7%,57.7%,75.0%,68.8%,84.6%,75.0%,75.0%,60.0%,100.0%,100.0%
19960828-M-US_Open-R64-Leander_Paes-Andre_Agassi,Leander Paes,1,71,64.8%,50.0%,69.4%,47.6%,83.3%,71.4%,71.4%,50.0%,66.7%,50.0%
19960828-M-US_Open-R64-Leander_Paes-Andre_Agassi,Leander Paes,2,41,29.3%,19.4%,33.3%,12.5%,18.2%,10.0%,12.5%,0.0%,0.0%,0.0%
19960828-M-US_Open-R64-Leander_Paes-Andre_Agassi,Andre Agassi,1,77,66.2%,52.7%,64.4%,48.4%,71.4%,57.1%,80.0%,60.0%,100.0%,100.0%
19960828-M-US_Open-R64-Leander_Paes-Andre_Agassi,Andre Agassi,2,37,70.3%,57.7%,71.4%,40.0%,66.7%,60.0%,100.0%,100.0%,100.0%,100.0%
19960827-M-US_Open-R128-Richard_Krajicek-Stefan_Edberg,Richard Krajicek,1,46,67.4%,25.0%,50.0%,16.7%,100.0%,-,-,-,-,-
19960827-M-US_Open-R128-Richard_Krajicek-Stefan_Edberg,Richard Krajicek,2,34,55.9%,37.5%,60.0%,25.0%,66.7%,50.0%,100.0%,-,-,-
19960827-M-US_Open-R128-Richard_Krajicek-Stefan_Edberg,Stefan Edberg,1,59,79.7%,60.0%,78.3%,28.6%,100.0%,-,-,-,-,-
19960827-M-US_Open-R128-Richard_Krajicek-Stefan_Edberg,Stefan Edberg,2,26,65.4%,47.1%,72.7%,50.0%,60.0%,50.0%,66.7%,0.0%,-,-
19960826-M-US_Open-R128-Michael_Stich-Tommy_Haas,Michael Stich,1,48,83.3%,69.2%,75.0%,50.0%,75.0%,50.0%,66.7%,50.0%,100.0%,100.0%
19960826-M-US_Open-R128-Michael_Stich-Tommy_Haas,Michael Stich,2,49,55.1%,42.1%,59.3%,35.3%,46.2%,22.2%,50.0%,33.3%,50.0%,0.0%
19960826-M-US_Open-R128-Michael_Stich-Tommy_Haas,Tommy Haas,1,56,55.4%,43.2%,55.9%,37.5%,56.3%,22.2%,50.0%,33.3%,100.0%,100.0%
19960826-M-US_Open-R128-Michael_Stich-Tommy_Haas,Tommy Haas,2,42,64.3%,57.1%,66.7%,58.3%,73.7%,50.0%,71.4%,60.0%,75.0%,50.0%
19960128-M-Australian_Open-F-Michael_Chang-Boris_Becker,Michael Chang,1,53,77.40%,57.10%,64.00%,50.00%,56.30%,30.00%,37.50%,16.70%,50.00%,50.00%
19960128-M-Australian_Open-F-Michael_Chang-Boris_Becker,Michael Chang,2,52,51.90%,35.90%,42.40%,24.00%,33.30%,29.40%,38.50%,20.00%,22.20%,0.00%
19960128-M-Australian_Open-F-Michael_Chang-Boris_Becker,Boris Becker,1,50,84.00%,65.20%,83.30%,72.70%,80.00%,60.00%,75.00%,0.00%,-,-
19960128-M-Australian_Open-F-Michael_Chang-Boris_Becker,Boris Becker,2,46,58.70%,52.50%,72.40%,57.90%,68.80%,50.00%,71.40%,60.00%,75.00%,66.70%
19960127-M-Australian_Open-SF-Michael_Chang-Andre_Agassi,Michael Chang,1,41,75.6%,47.4%,52.9%,46.7%,53.8%,14.3%,16.7%,16.7%,33.3%,0.0%
19960127-M-Australian_Open-SF-Michael_Chang-Andre_Agassi,Michael Chang,2,41,65.9%,63.2%,68.6%,62.1%,78.3%,68.8%,84.6%,71.4%,83.3%,66.7%
19960127-M-Australian_Open-SF-Michael_Chang-Andre_Agassi,Andre Agassi,1,83,51.8%,45.2%,57.9%,44.2%,61.3%,45.5%,58.8%,30.0%,50.0%,40.0%
19960127-M-Australian_Open-SF-Michael_Chang-Andre_Agassi,Andre Agassi,2,46,56.5%,47.4%,64.3%,56.5%,56.5%,47.4%,75.0%,57.1%,57.1%,50.0%
19960126-M-Australian_Open-SF-Mark_Woodforde-Boris_Becker,Mark Woodforde,1,53,58.5%,42.1%,59.3%,31.3%,62.5%,0.0%,0.0%,0.0%,0.0%,0.0%
19960126-M-Australian_Open-SF-Mark_Woodforde-Boris_Becker,Mark Woodforde,2,24,45.8%,31.6%,46.2%,36.4%,66.7%,60.0%,60.0%,50.0%,66.7%,50.0%
19960126-M-Australian_Open-SF-Mark_Woodforde-Boris_Becker,Boris Becker,1,35,85.7%,68.8%,78.6%,57.1%,66.7%,33.3%,100.0%,-,-,-
19960126-M-Australian_Open-SF-Mark_Woodforde-Boris_Becker,Boris Becker,2,27,59.3%,42.1%,50.0%,42.9%,50.0%,33.3%,37.5%,28.6%,50.0%,33.3%
19960124-M-Australian_Open-QF-Yevgeny_Kafelnikov-Boris_Becker,Yevgeny Kafelnikov,1,57,75.4%,62.2%,67.6%,50.0%,61.1%,30.0%,37.5%,16.7%,33.3%,0.0%
19960124-M-Australian_Open-QF-Yevgeny_Kafelnikov-Boris_Becker,Yevgeny Kafelnikov,2,31,51.6%,40.0%,41.7%,33.3%,46.7%,27.3%,42.9%,42.9%,60.0%,33.3%
19960124-M-Australian_Open-QF-Yevgeny_Kafelnikov-Boris_Becker,Boris Becker,1,46,93.5%,66.7%,66.7%,40.0%,66.7%,0.0%,-,-,-,-
19960124-M-Australian_Open-QF-Yevgeny_Kafelnikov-Boris_Becker,Boris Becker,2,41,63.4%,50.0%,60.0%,47.4%,69.2%,50.0%,66.7%,50.0%,100.0%,-
19960123-M-Australian_Open-QF-Jim_Courier-Andre_Agassi,Jim Courier,1,91,64.8%,42.9%,54.5%,42.9%,60.0%,44.4%,57.1%,45.5%,50.0%,44.4%
19960123-M-Australian_Open-QF-Jim_Courier-Andre_Agassi,Jim Courier,2,48,64.6%,56.4%,62.9%,40.9%,56.3%,53.3%,66.7%,33.3%,40.0%,25.0%
19960123-M-Australian_Open-QF-Jim_Courier-Andre_Agassi,Andre Agassi,1,93,68.8%,57.4%,62.9%,43.9%,60.0%,45.5%,62.5%,40.0%,44.4%,37.5%
19960123-M-Australian_Open-QF-Jim_Courier-Andre_Agassi,Andre Agassi,2,47,61.7%,56.1%,65.7%,47.8%,57.9%,27.3%,42.9%,42.9%,60.0%,50.0%
19960119-M-Australian_Open-R32-Mark_Philippoussis-Pete_Sampras,Mark Philippoussis,1,72,77.8%,48.4%,68.2%,53.3%,80.0%,50.0%,100.0%,100.0%,100.0%,-
19960119-M-Australian_Open-R32-Mark_Philippoussis-Pete_Sampras,Mark Philippoussis,2,38,84.2%,80.0%,85.7%,76.5%,86.7%,71.4%,83.3%,50.0%,100.0%,100.0%
19960119-M-Australian_Open-R32-Mark_Philippoussis-Pete_Sampras,Pete Sampras,1,60,83.3%,67.7%,75.0%,56.3%,90.0%,66.7%,100.0%,-,-,-
19960119-M-Australian_Open-R32-Mark_Philippoussis-Pete_Sampras,Pete Sampras,2,51,60.8%,48.7%,59.4%,38.1%,61.5%,16.7%,33.3%,0.0%,0.0%,0.0%
19960115-M-Australian_Open-R128-Gaston_Etlis-Andre_Agassi,Gaston Etlis,1,97,74.2%,51.0%,59.1%,41.9%,61.9%,46.7%,58.3%,37.5%,50.0%,40.0%
19960115-M-Australian_Open-R128-Gaston_Etlis-Andre_Agassi,Gaston Etlis,2,62,54.8%,48.1%,57.8%,47.2%,56.7%,43.5%,58.8%,46.2%,50.0%,40.0%
19960115-M-Australian_Open-R128-Gaston_Etlis-Andre_Agassi,Andre Agassi,1,123,63.4%,47.7%,59.4%,37.8%,54.8%,39.1%,47.4%,28.6%,44.4%,16.7%
19960115-M-Australian_Open-R128-Gaston_Etlis-Andre_Agassi,Andre Agassi,2,63,60.3%,46.8%,64.7%,47.8%,61.1%,50.0%,53.8%,33.3%,50.0%,40.0%
19950910-M-US_Open-F-Pete_Sampras-Andre_Agassi,Pete Sampras,1,66,86.40%,57.10%,80.00%,62.50%,71.40%,0.00%,0.00%,0.00%,-,-
19950910-M-US_Open-F-Pete_Sampras-Andre_Agassi,Pete Sampras,2,49,59.20%,45.90%,54.80%,44.00%,73.30%,66.70%,80.00%,60.00%,60.00%,50.00%
19950910-M-US_Open-F-Pete_Sampras-Andre_Agassi,Andre Agassi,1,65,70.80%,56.80%,65.80%,50.00%,65.00%,50.00%,63.60%,55.60%,71.40%,60.00%
19950910-M-US_Open-F-Pete_Sampras-Andre_Agassi,Andre Agassi,2,45,68.90%,62.20%,69.70%,52.40%,57.90%,42.90%,50.00%,45.50%,62.50%,57.10%
19950909-M-US_Open-SF-Pete_Sampras-Jim_Courier,Pete Sampras,1,63,85.7%,65.4%,81.0%,50.0%,66.7%,33.3%,50.0%,0.0%,-,-
19950909-M-US_Open-SF-Pete_Sampras-Jim_Courier,Pete Sampras,2,57,64.9%,52.4%,61.1%,48.1%,68.4%,45.5%,62.5%,25.0%,100.0%,-
19950909-M-US_Open-SF-Pete_Sampras-Jim_Courier,Jim Courier,1,82,75.6%,62.3%,71.7%,59.4%,67.9%,43.8%,58.3%,50.0%,50.0%,37.5%
19950909-M-US_Open-SF-Pete_Sampras-Jim_Courier,Jim Courier,2,54,55.6%,45.5%,52.6%,43.8%,50.0%,36.4%,61.5%,50.0%,62.5%,57.1%
19950909-M-US_Open-SF-Andre_Agassi-Boris_Becker,Andre Agassi,1,84,77.4%,62.0%,70.5%,58.1%,69.2%,52.9%,64.3%,44.4%,100.0%,100.0%
19950909-M-US_Open-SF-Andre_Agassi-Boris_Becker,Andre Agassi,2,47,68.1%,50.0%,65.2%,33.3%,66.7%,50.0%,66.7%,0.0%,0.0%,0.0%
19950909-M-US_Open-SF-Andre_Agassi-Boris_Becker,Boris Becker,1,100,78.0%,52.2%,60.0%,30.4%,100.0%,100.0%,100.0%,-,-,-
19950909-M-US_Open-SF-Andre_Agassi-Boris_Becker,Boris Becker,2,54,46.3%,31.0%,52.0%,40.0%,53.3%,36.4%,57.1%,25.0%,50.0%,50.0%
19950902-M-US_Open-R32-Stefan_Edberg-Andre_Agassi,Stefan Edberg,1,41,65.9%,39.1%,56.3%,12.5%,33.3%,0.0%,0.0%,0.0%,-,-
19950902-M-US_Open-R32-Stefan_Edberg-Andre_Agassi,Stefan Edberg,2,31,41.9%,35.7%,55.6%,33.3%,44.4%,44.4%,50.0%,42.9%,60.0%,60.0%
19950902-M-US_Open-R32-Stefan_Edberg-Andre_Agassi,Andre Agassi,1,50,68.0%,36.0%,42.9%,33.3%,46.2%,22.2%,33.3%,20.0%,25.0%,0.0%
19950902-M-US_Open-R32-Stefan_Edberg-Andre_Agassi,Andre Agassi,2,36,58.3%,50.0%,62.5%,50.0%,75.0%,66.7%,85.7%,80.0%,100.0%,100.0%
19950831-M-US_Open-R64-Alex_Corretja-Andre_Agassi,Alex Corretja,1,130,56.2%,48.6%,54.0%,41.0%,49.2%,44.1%,53.1%,41.0%,59.3%,50.0%
19950831-M-US_Open-R64-Alex_Corretja-Andre_Agassi,Alex Corretja,2,36,36.1%,32.4%,35.5%,33.3%,38.5%,33.3%,40.0%,29.4%,41.7%,30.0%
19950831-M-US_Open-R64-Alex_Corretja-Andre_Agassi,Andre Agassi,1,83,71.1%,56.4%,68.9%,57.6%,73.1%,53.3%,61.5%,61.5%,72.7%,66.7%
19950831-M-US_Open-R64-Alex_Corretja-Andre_Agassi,Andre Agassi,2,30,50.0%,42.3%,44.0%,30.0%,40.0%,30.8%,40.0%,14.3%,20.0%,20.0%
19950129-M-Australian_Open-F-Pete_Sampras-Andre_Agassi,Pete Sampras,1,71,76.10%,41.40%,63.20%,12.50%,100.00%,-,-,-,-,-
19950129-M-Australian_Open-F-Pete_Sampras-Andre_Agassi,Pete Sampras,2,62,48.40%,31.90%,37.50%,30.60%,52.40%,28.60%,44.40%,44.40%,57.10%,40.00%
19950129-M-Australian_Open-F-Pete_Sampras-Andre_Agassi,Andre Agassi,1,82,70.70%,55.60%,61.20%,50.00%,55.90%,37.50%,50.00%,18.20%,40.00%,25.00%
19950129-M-Australian_Open-F-Pete_Sampras-Andre_Agassi,Andre Agassi,2,32,68.80%,58.30%,66.70%,50.00%,53.80%,40.00%,57.10%,57.10%,57.10%,50.00%
19950127-M-Australian_Open-SF-Michael_Chang-Pete_Sampras,Michael Chang,1,62,77.4%,60.0%,61.8%,43.5%,58.8%,46.2%,50.0%,45.5%,62.5%,57.1%
19950127-M-Australian_Open-SF-Michael_Chang-Pete_Sampras,Michael Chang,2,70,51.4%,46.0%,49.2%,37.5%,47.4%,37.5%,48.0%,23.5%,30.8%,30.8%
19950127-M-Australian_Open-SF-Michael_Chang-Pete_Sampras,Pete Sampras,1,69,82.6%,65.7%,92.0%,83.3%,100.0%,100.0%,100.0%,100.0%,100.0%,-
19950127-M-Australian_Open-SF-Michael_Chang-Pete_Sampras,Pete Sampras,2,65,56.9%,47.2%,52.1%,42.5%,50.0%,34.6%,47.4%,33.3%,50.0%,28.6%
19950127-M-Australian_Open-SF-Aaron_Krickstein-Andre_Agassi,Aaron Krickstein,1,32,56.3%,39.1%,50.0%,40.0%,60.0%,42.9%,42.9%,33.3%,33.3%,33.3%
19950127-M-Australian_Open-SF-Aaron_Krickstein-Andre_Agassi,Aaron Krickstein,2,28,50.0%,44.0%,45.8%,43.5%,55.6%,42.9%,50.0%,50.0%,54.5%,54.5%
19950127-M-Australian_Open-SF-Aaron_Krickstein-Andre_Agassi,Andre Agassi,1,38,76.3%,66.7%,75.0%,66.7%,85.7%,77.8%,100.0%,100.0%,100.0%,100.0%
19950127-M-Australian_Open-SF-Aaron_Krickstein-Andre_Agassi,Andre Agassi,2,15,66.7%,58.3%,58.3%,50.0%,71.4%,66.7%,80.0%,66.7%,66.7%,66.7%
19950124-M-Australian_Open-QF-Jim_Courier-Pete_Sampras,Jim Courier,1,117,69.2%,61.7%,68.2%,59.7%,70.2%,63.0%,72.5%,67.6%,76.7%,70.8%
19950124-M-Australian_Open-QF-Jim_Courier-Pete_Sampras,Jim Courier,2,59,61.0%,54.9%,58.3%,53.5%,62.2%,56.3%,60.0%,47.8%,55.0%,50.0%
19950124-M-Australian_Open-QF-Jim_Courier-Pete_Sampras,Pete Sampras,1,82,85.4%,67.6%,89.3%,72.7%,100.0%,-,-,-,-,-
19950124-M-Australian_Open-QF-Jim_Courier-Pete_Sampras,Pete Sampras,2,69,62.3%,53.6%,65.2%,54.3%,57.6%,46.2%,57.1%,25.0%,30.0%,30.0%
19950123-M-Australian_Open-R16-Patrick_Rafter-Andre_Agassi,Patrick Rafter,1,41,70.7%,47.8%,68.8%,37.5%,75.0%,50.0%,100.0%,-,-,-
19950123-M-Australian_Open-R16-Patrick_Rafter-Andre_Agassi,Patrick Rafter,2,28,35.7%,21.7%,45.5%,14.3%,100.0%,-,-,-,-,-
19950123-M-Australian_Open-R16-Patrick_Rafter-Andre_Agassi,Andre Agassi,1,39,94.9%,88.9%,94.1%,90.9%,90.9%,83.3%,83.3%,66.7%,100.0%,100.0%
19950123-M-Australian_Open-R16-Patrick_Rafter-Andre_Agassi,Andre Agassi,2,24,50.0%,42.9%,47.4%,28.6%,50.0%,50.0%,57.1%,50.0%,60.0%,50.0%
19950122-M-Australian_Open-R16-Aaron_Krickstein-Stefan_Edberg,Aaron Krickstein,1,122,63.9%,51.1%,55.4%,41.3%,55.3%,40.0%,46.7%,33.3%,40.0%,29.4%
19950122-M-Australian_Open-R16-Aaron_Krickstein-Stefan_Edberg,Aaron Krickstein,2,77,57.1%,45.9%,50.0%,36.4%,61.5%,37.5%,60.0%,55.6%,62.5%,50.0%
19950122-M-Australian_Open-R16-Aaron_Krickstein-Stefan_Edberg,Stefan Edberg,1,127,71.7%,56.6%,77.0%,51.7%,75.0%,0.0%,0.0%,0.0%,0.0%,0.0%
19950122-M-Australian_Open-R16-Aaron_Krickstein-Stefan_Edberg,Stefan Edberg,2,53,49.1%,37.2%,53.3%,33.3%,53.8%,33.3%,42.9%,20.0%,33.3%,33.3%
19950121-M-Australian_Open-R32-Greg_Rusedski-Andre_Agassi,Greg Rusedski,1,42,59.5%,39.3%,64.7%,40.0%,80.0%,0.0%,0.0%,0.0%,0.0%,0.0%
19950121-M-Australian_Open-R32-Greg_Rusedski-Andre_Agassi,Greg Rusedski,2,40,47.5%,36.4%,50.0%,33.3%,85.7%,66.7%,66.7%,50.0%,50.0%,50.0%
19950121-M-Australian_Open-R32-Greg_Rusedski-Andre_Agassi,Andre Agassi,1,41,80.5%,69.2%,75.0%,70.0%,77.8%,60.0%,66.7%,66.7%,85.7%,75.0%
19950121-M-Australian_Open-R32-Greg_Rusedski-Andre_Agassi,Andre Agassi,2,18,88.9%,83.3%,90.9%,85.7%,100.0%,100.0%,100.0%,100.0%,100.0%,100.0%
19950119-M-Australian_Open-R32-Hendrik_Dreekmann-Stefan_Edberg,Hendrik Dreekmann,1,57,64.9%,54.5%,63.2%,51.7%,65.2%,50.0%,53.3%,36.4%,50.0%,33.3%
19950119-M-Australian_Open-R32-Hendrik_Dreekmann-Stefan_Edberg,Hendrik Dreekmann,2,40,42.5%,37.8%,46.7%,30.4%,36.8%,29.4%,71.4%,66.7%,66.7%,50.0%
19950119-M-Australian_Open-R32-Hendrik_Dreekmann-Stefan_Edberg,Stefan Edberg,1,63,77.8%,65.9%,87.1%,63.6%,87.5%,50.0%,100.0%,100.0%,100.0%,100.0%
19950119-M-Australian_Open-R32-Hendrik_Dreekmann-Stefan_Edberg,Stefan Edberg,2,36,61.1%,48.1%,68.4%,53.8%,100.0%,100.0%,100.0%,-,-,-
19950116-M-Australian_Open-R128-Stefan_Edberg-Mark_Philippoussis,Stefan Edberg,1,73,74.0%,54.8%,65.7%,29.4%,71.4%,50.0%,66.7%,0.0%,0.0%,0.0%
19950116-M-Australian_Open-R128-Stefan_Edberg-Mark_Philippoussis,Stefan Edberg,2,47,80.9%,70.0%,84.0%,75.0%,92.3%,87.5%,100.0%,100.0%,100.0%,-
19950116-M-Australian_Open-R128-Stefan_Edberg-Mark_Philippoussis,Mark Philippoussis,1,78,71.8%,56.0%,71.8%,31.3%,71.4%,50.0%,66.7%,50.0%,50.0%,0.0%
19950116-M-Australian_Open-R128-Stefan_Edberg-Mark_Philippoussis,Mark Philippoussis,2,39,64.1%,54.8%,70.8%,53.3%,61.5%,50.0%,62.5%,50.0%,60.0%,60.0%
19940911-M-US_Open-F-Michael_Stich-Andre_Agassi,Michael Stich,1,50,72.0%,46.2%,66.7%,33.3%,75.0%,50.0%,100.0%,-,-,-
19940911-M-US_Open-F-Michael_Stich-Andre_Agassi,Michael Stich,2,49,63.3%,48.6%,60.7%,42.1%,61.5%,37.5%,75.0%,50.0%,100.0%,-
19940911-M-US_Open-F-Michael_Stich-Andre_Agassi,Andre Agassi,1,58,84.5%,76.9%,83.3%,76.0%,79.2%,68.8%,73.3%,63.6%,77.8%,71.4%
19940911-M-US_Open-F-Michael_Stich-Andre_Agassi,Andre Agassi,2,29,69.0%,57.1%,66.7%,62.5%,66.7%,58.3%,63.6%,50.0%,50.0%,42.9%
19940910-M-US_Open-SF-Todd_Martin-Andre_Agassi,Todd Martin,1,68,76.5%,46.7%,63.6%,38.5%,83.3%,66.7%,100.0%,100.0%,100.0%,100.0%
19940910-M-US_Open-SF-Todd_Martin-Andre_Agassi,Todd Martin,2,37,37.8%,23.3%,33.3%,22.2%,30.8%,30.8%,50.0%,42.9%,60.0%,50.0%
19940910-M-US_Open-SF-Todd_Martin-Andre_Agassi,Andre Agassi,1,62,79.0%,69.0%,76.3%,60.9%,77.8%,60.0%,75.0%,60.0%,75.0%,50.0%
19940910-M-US_Open-SF-Todd_Martin-Andre_Agassi,Andre Agassi,2,28,67.9%,47.1%,66.7%,55.6%,62.5%,40.0%,40.0%,25.0%,100.0%,-
19940910-M-US_Open-SF-Michael_Stich-Karel_Novacek,Michael Stich,1,56,80.4%,50.0%,78.6%,50.0%,75.0%,0.0%,0.0%,0.0%,-,-
19940910-M-US_Open-SF-Michael_Stich-Karel_Novacek,Michael Stich,2,31,74.2%,63.6%,82.4%,66.7%,66.7%,50.0%,100.0%,100.0%,100.0%,100.0%
19940910-M-US_Open-SF-Michael_Stich-Karel_Novacek,Karel Novacek,1,49,73.5%,56.7%,73.9%,33.3%,60.0%,0.0%,0.0%,0.0%,0.0%,0.0%
19940910-M-US_Open-SF-Michael_Stich-Karel_Novacek,Karel Novacek,2,48,52.1%,36.1%,44.8%,33.3%,40.0%,33.3%,46.2%,22.2%,50.0%,33.3%
19940907-M-US_Open-QF-Andre_Agassi-Thomas_Muster,Andre Agassi,1,48,70.8%,62.2%,69.7%,54.5%,75.0%,55.6%,71.4%,60.0%,75.0%,50.0%
19940907-M-US_Open-QF-Andre_Agassi-Thomas_Muster,Andre Agassi,2,36,63.9%,58.1%,62.1%,52.2%,63.2%,56.3%,60.0%,50.0%,54.5%,44.4%
19940907-M-US_Open-QF-Andre_Agassi-Thomas_Muster,Thomas Muster,1,40,70.0%,53.8%,56.0%,47.6%,47.6%,38.9%,53.8%,50.0%,66.7%,62.5%
19940907-M-US_Open-QF-Andre_Agassi-Thomas_Muster,Thomas Muster,2,39,41.0%,37.8%,50.0%,39.1%,39.1%,33.3%,43.8%,40.0%,66.7%,62.5%
19940906-M-US_Open-R16-Yevgeny_Kafelnikov-Michael_Stich,Yevgeny Kafelnikov,1,73,60.3%,50.0%,56.9%,42.1%,48.5%,37.0%,47.6%,15.4%,25.0%,14.3%
19940906-M-US_Open-R16-Yevgeny_Kafelnikov-Michael_Stich,Yevgeny Kafelnikov,2,47,53.2%,45.0%,50.0%,40.0%,48.0%,23.5%,30.8%,25.0%,27.3%,27.3%
19940906-M-US_Open-R16-Yevgeny_Kafelnikov-Michael_Stich,Michael Stich,1,46,84.8%,66.7%,87.5%,66.7%,80.0%,50.0%,100.0%,-,-,-
19940906-M-US_Open-R16-Yevgeny_Kafelnikov-Michael_Stich,Michael Stich,2,44,68.2%,57.6%,65.5%,58.3%,77.8%,55.6%,71.4%,50.0%,66.7%,50.0%
19940906-M-US_Open-R16-Pete_Sampras-Jaime_Yzaga,Pete Sampras,1,82,69.5%,50.0%,58.1%,43.8%,73.7%,50.0%,83.3%,80.0%,80.0%,75.0%
19940906-M-US_Open-R16-Pete_Sampras-Jaime_Yzaga,Pete Sampras,2,72,56.9%,46.6%,54.0%,42.5%,58.6%,47.8%,61.1%,41.7%,62.5%,40.0%
19940906-M-US_Open-R16-Pete_Sampras-Jaime_Yzaga,Jaime Yzaga,1,74,71.6%,61.8%,65.4%,50.0%,66.7%,55.0%,64.7%,40.0%,66.7%,60.0%
19940906-M-US_Open-R16-Pete_Sampras-Jaime_Yzaga,Jaime Yzaga,2,78,61.5%,56.5%,60.0%,50.9%,62.8%,50.0%,59.3%,50.0%,64.7%,57.1%
19940905-M-US_Open-R16-Michael_Chang-Andre_Agassi,Michael Chang,1,70,72.9%,57.8%,60.5%,46.9%,55.6%,45.5%,47.6%,35.3%,50.0%,33.3%
19940905-M-US_Open-R16-Michael_Chang-Andre_Agassi,Michael Chang,2,81,44.4%,40.8%,47.0%,38.6%,44.0%,39.1%,47.4%,37.5%,48.0%,27.8%
19940905-M-US_Open-R16-Michael_Chang-Andre_Agassi,Andre Agassi,1,81,79.0%,71.2%,80.8%,68.8%,73.3%,63.6%,70.0%,57.1%,72.7%,50.0%
19940905-M-US_Open-R16-Michael_Chang-Andre_Agassi,Andre Agassi,2,44,45.5%,40.0%,48.5%,34.6%,39.1%,30.0%,35.3%,21.4%,37.5%,16.7%
19940901-M-US_Open-R64-Guy_Forget-Andre_Agassi,Guy Forget,1,69,73.9%,47.1%,66.7%,42.9%,75.0%,0.0%,0.0%,0.0%,0.0%,0.0%
19940901-M-US_Open-R64-Guy_Forget-Andre_Agassi,Guy Forget,2,55,41.8%,30.4%,40.0%,27.6%,34.8%,25.0%,31.3%,21.4%,25.0%,18.2%
19940901-M-US_Open-R64-Guy_Forget-Andre_Agassi,Andre Agassi,1,84,69.0%,61.2%,66.1%,58.0%,64.4%,46.7%,58.3%,50.0%,55.6%,42.9%
19940901-M-US_Open-R64-Guy_Forget-Andre_Agassi,Andre Agassi,2,29,58.6%,50.0%,60.0%,50.0%,66.7%,63.6%,70.0%,40.0%,66.7%,50.0%
19940130-M-Australian_Open-F-Pete_Sampras-Todd_Martin,Pete Sampras,1,58,79.3%,58.6%,70.8%,41.7%,83.3%,50.0%,100.0%,-,-,-
19940130-M-Australian_Open-F-Pete_Sampras-Todd_Martin,Pete Sampras,2,43,62.8%,52.9%,72.0%,65.0%,81.3%,70.0%,77.8%,66.7%,100.0%,100.0%
19940130-M-Australian_Open-F-Pete_Sampras-Todd_Martin,Todd Martin,1,57,59.6%,41.0%,57.1%,29.4%,62.5%,40.0%,66.7%,66.7%,66.7%,66.7%
19940130-M-Australian_Open-F-Pete_Sampras-Todd_Martin,Todd Martin,2,49,63.3%,52.6%,54.1%,37.0%,52.6%,40.0%,60.0%,42.9%,50.0%,40.0%
19940128-M-Australian_Open-SF-Pete_Sampras-Jim_Courier,Pete Sampras,1,41,82.9%,68.2%,78.9%,55.6%,100.0%,-,-,-,-,-
19940128-M-Australian_Open-SF-Pete_Sampras-Jim_Courier,Pete Sampras,2,38,78.9%,75.0%,80.0%,68.4%,86.7%,80.0%,80.0%,50.0%,50.0%,50.0%
19940128-M-Australian_Open-SF-Pete_Sampras-Jim_Courier,Jim Courier,1,45,71.1%,61.8%,70.0%,40.0%,54.5%,37.5%,75.0%,50.0%,50.0%,0.0%
19940128-M-Australian_Open-SF-Pete_Sampras-Jim_Courier,Jim Courier,2,31,54.8%,46.2%,52.2%,45.0%,50.0%,35.7%,62.5%,57.1%,57.1%,25.0%
19940127-M-Australian_Open-SF-Todd_Martin-Stefan_Edberg,Todd Martin,1,82,69.5%,51.0%,72.2%,52.4%,78.6%,57.1%,80.0%,66.7%,66.7%,50.0%
19940127-M-Australian_Open-SF-Todd_Martin-Stefan_Edberg,Todd Martin,2,61,57.4%,42.2%,55.9%,40.0%,55.6%,46.7%,70.0%,50.0%,75.0%,0.0%
19940127-M-Australian_Open-SF-Todd_Martin-Stefan_Edberg,Stefan Edberg,1,112,59.8%,40.8%,70.5%,43.5%,90.9%,0.0%,0.0%,0.0%,-,-
19940127-M-Australian_Open-SF-Todd_Martin-Stefan_Edberg,Stefan Edberg,2,73,64.4%,52.7%,76.3%,59.1%,86.7%,50.0%,50.0%,0.0%,0.0%,0.0%
19940124-M-Australian_Open-R16-Pete_Sampras-Ivan_Lendl,Pete Sampras,1,53,77.4%,47.8%,61.1%,30.0%,75.0%,0.0%,0.0%,0.0%,-,-
19940124-M-Australian_Open-R16-Pete_Sampras-Ivan_Lendl,Pete Sampras,2,28,67.9%,60.9%,87.5%,77.8%,100.0%,100.0%,100.0%,100.0%,100.0%,100.0%
19940124-M-Australian_Open-R16-Pete_Sampras-Ivan_Lendl,Ivan Lendl,1,40,80.0%,65.2%,68.2%,50.0%,63.6%,20.0%,33.3%,33.3%,50.0%,0.0%
19940124-M-Australian_Open-R16-Pete_Sampras-Ivan_Lendl,Ivan Lendl,2,33,51.5%,46.7%,48.3%,42.3%,57.9%,52.9%,75.0%,72.7%,72.7%,62.5%
19930912-M-US_Open-F-Cedric_Pioline-Pete_Sampras,Cedric Pioline,1,50,68.00%,46.70%,60.90%,25.00%,42.90%,33.30%,40.00%,40.00%,50.00%,33.30%
19930912-M-US_Open-F-Cedric_Pioline-Pete_Sampras,Cedric Pioline,2,44,50.00%,43.60%,50.00%,41.40%,48.00%,31.60%,40.00%,30.80%,30.80%,25.00%
19930912-M-US_Open-F-Cedric_Pioline-Pete_Sampras,Pete Sampras,1,34,85.30%,50.00%,71.40%,33.30%,100.00%,-,-,-,-,-
19930912-M-US_Open-F-Cedric_Pioline-Pete_Sampras,Pete Sampras,2,32,68.80%,54.50%,66.70%,62.50%,71.40%,63.60%,77.80%,66.70%,66.70%,60.00%
19930911-M-US_Open-SF-Pete_Sampras-Alexander_Volkov,Pete Sampras,1,40,95.0%,87.5%,100.0%,100.0%,100.0%,100.0%,100.0%,-,-,-
19930911-M-US_Open-SF-Pete_Sampras-Alexander_Volkov,Pete Sampras,2,30,60.0%,53.8%,73.7%,44.4%,50.0%,0.0%,0.0%,0.0%,0.0%,0.0%
19930911-M-US_Open-SF-Pete_Sampras-Alexander_Volkov,Alexander Volkov,1,38,71.1%,47.6%,58.8%,41.7%,71.4%,60.0%,75.0%,50.0%,50.0%,50.0%
19930911-M-US_Open-SF-Pete_Sampras-Alexander_Volkov,Alexander Volkov,2,48,47.9%,39.0%,44.4%,41.2%,53.8%,40.0%,47.1%,40.0%,46.2%,22.2%
19930909-M-US_Open-QF-Michael_Chang-Pete_Sampras,Michael Chang,1,82,57.3%,50.0%,54.7%,42.0%,51.2%,44.4%,57.1%,42.9%,56.3%,36.4%
19930909-M-US_Open-QF-Michael_Chang-Pete_Sampras,Michael Chang,2,31,51.6%,46.4%,54.2%,47.6%,55.6%,38.5%,55.6%,42.9%,60.0%,33.3%
19930909-M-US_Open-QF-Michael_Chang-Pete_Sampras,Pete Sampras,1,50,86.0%,69.6%,84.2%,66.7%,100.0%,-,-,-,-,-
19930909-M-US_Open-QF-Michael_Chang-Pete_Sampras,Pete Sampras,2,50,58.0%,52.3%,65.7%,55.6%,75.0%,50.0%,55.6%,50.0%,66.7%,66.7%
19930905-M-US_Open-R32-Sergio_Cortes-Boris_Becker,Sergio Cortes,1,56,66.1%,62.7%,65.3%,57.5%,60.5%,58.3%,63.6%,53.8%,58.3%,50.0%
19930905-M-US_Open-R32-Sergio_Cortes-Boris_Becker,Sergio Cortes,2,21,38.1%,31.6%,42.9%,27.3%,50.0%,50.0%,60.0%,50.0%,66.7%,50.0%
19930905-M-US_Open-R32-Sergio_Cortes-Boris_Becker,Boris Becker,1,44,77.3%,58.3%,63.6%,38.5%,71.4%,0.0%,0.0%,0.0%,0.0%,0.0%
19930905-M-US_Open-R32-Sergio_Cortes-Boris_Becker,Boris Becker,2,24,79.2%,68.8%,84.6%,50.0%,66.7%,66.7%,100.0%,100.0%,100.0%,-
19930904-M-US_Open-SF-Cedric_Pioline-Wally_Masur,Cedric Pioline,1,81,77.8%,60.0%,71.1%,52.2%,66.7%,40.0%,57.1%,40.0%,100.0%,100.0%
19930904-M-US_Open-SF-Cedric_Pioline-Wally_Masur,Cedric Pioline,2,48,60.4%,47.2%,58.6%,50.0%,57.1%,50.0%,52.9%,33.3%,50.0%,33.3%
19930904-M-US_Open-SF-Cedric_Pioline-Wally_Masur,Wally Masur,1,85,62.4%,45.8%,55.1%,45.0%,58.1%,40.9%,56.3%,30.0%,42.9%,33.3%
19930904-M-US_Open-SF-Cedric_Pioline-Wally_Masur,Wally Masur,2,31,64.5%,52.2%,57.1%,47.1%,50.0%,38.5%,45.5%,40.0%,57.1%,50.0%
19930903-M-US_Open-R64-Mats_Wilander-Mikael_Pernfors,Mats Wilander,1,64,59.4%,46.9%,52.3%,39.4%,54.2%,31.3%,38.5%,20.0%,25.0%,14.3%
19930903-M-US_Open-R64-Mats_Wilander-Mikael_Pernfors,Mats Wilander,2,45,53.3%,51.2%,61.1%,51.7%,60.0%,52.4%,64.7%,53.8%,63.6%,55.6%
19930903-M-US_Open-R64-Mats_Wilander-Mikael_Pernfors,Mikael Pernfors,1,51,68.6%,60.0%,64.9%,55.2%,59.3%,35.3%,40.0%,30.8%,33.3%,33.3%
19930903-M-US_Open-R64-Mats_Wilander-Mikael_Pernfors,Mikael Pernfors,2,54,57.4%,51.1%,57.1%,55.0%,62.9%,58.1%,64.3%,56.5%,65.0%,46.2%
19930831-M-US_Open-R128-Thomas_Enqvist-Andre_Agassi,Thomas Enqvist,1,88,75.0%,51.1%,65.7%,47.8%,57.9%,33.3%,44.4%,28.6%,66.7%,50.0%
19930831-M-US_Open-R128-Thomas_Enqvist-Andre_Agassi,Thomas Enqvist,2,61,49.2%,43.6%,53.3%,41.7%,50.0%,40.0%,55.6%,38.5%,45.5%,33.3%
19930831-M-US_Open-R128-Thomas_Enqvist-Andre_Agassi,Andre Agassi,1,81,70.4%,59.3%,63.6%,57.4%,69.2%,63.6%,72.4%,61.9%,72.2%,68.8%
19930831-M-US_Open-R128-Thomas_Enqvist-Andre_Agassi,Andre Agassi,2,51,52.9%,50.0%,66.7%,55.6%,68.2%,61.1%,73.3%,60.0%,66.7%,62.5%
19930131-M-Australian_Open-SF-Jim_Courier-Michael_Stich,Jim Courier,1,49,81.6%,69.0%,71.4%,57.9%,64.7%,45.5%,62.5%,57.1%,100.0%,100.0%
19930131-M-Australian_Open-SF-Jim_Courier-Michael_Stich,Jim Courier,2,38,65.8%,56.7%,65.4%,55.0%,57.9%,38.5%,50.0%,37.5%,42.9%,33.3%
19930131-M-Australian_Open-SF-Jim_Courier-Michael_Stich,Michael Stich,1,48,72.9%,61.8%,75.0%,53.3%,88.9%,0.0%,-,-,-,-
19930131-M-Australian_Open-SF-Jim_Courier-Michael_Stich,Michael Stich,2,37,64.9%,59.4%,79.2%,44.4%,80.0%,0.0%,-,-,-,-
19930131-M-Australian_Open-F-Jim_Courier-Stefan_Edberg,Jim Courier,1,57,78.9%,63.6%,70.0%,55.0%,68.8%,50.0%,55.6%,42.9%,60.0%,50.0%
19930131-M-Australian_Open-F-Jim_Courier-Stefan_Edberg,Jim Courier,2,34,61.8%,50.0%,61.9%,38.5%,50.0%,37.5%,60.0%,0.0%,0.0%,0.0%
19930131-M-Australian_Open-F-Jim_Courier-Stefan_Edberg,Stefan Edberg,1,57,64.9%,45.9%,68.0%,42.9%,100.0%,100.0%,100.0%,-,-,-
19930131-M-Australian_Open-F-Jim_Courier-Stefan_Edberg,Stefan Edberg,2,39,48.7%,39.4%,65.0%,30.0%,50.0%,0.0%,0.0%,0.0%,0.0%,0.0%
19930128-M-Australian_Open-SF-Pete_Sampras-Stefan_Edberg,Pete Sampras,1,51,66.7%,39.3%,61.1%,30.0%,60.0%,0.0%,-,-,-,-
19930128-M-Australian_Open-SF-Pete_Sampras-Stefan_Edberg,Pete Sampras,2,55,58.2%,47.7%,61.8%,35.0%,58.3%,16.7%,25.0%,0.0%,0.0%,0.0%
19930128-M-Australian_Open-SF-Pete_Sampras-Stefan_Edberg,Stefan Edberg,1,67,73.1%,57.1%,75.0%,52.9%,100.0%,100.0%,100.0%,100.0%,100.0%,-
19930128-M-Australian_Open-SF-Pete_Sampras-Stefan_Edberg,Stefan Edberg,2,47,59.6%,48.6%,66.7%,52.6%,76.9%,57.1%,80.0%,50.0%,100.0%,-
19920913-M-US_Open-F-Pete_Sampras-Stefan_Edberg,Pete Sampras,1,75,72.00%,51.20%,71.00%,50.00%,100.00%,100.00%,100.00%,100.00%,100.00%,-
19920913-M-US_Open-F-Pete_Sampras-Stefan_Edberg,Pete Sampras,2,48,60.40%,52.50%,70.00%,55.00%,64.70%,45.50%,83.30%,66.70%,100.00%,100.00%
19920913-M-US_Open-F-Pete_Sampras-Stefan_Edberg,Stefan Edberg,1,76,80.30%,65.10%,82.40%,53.80%,100.00%,-,-,-,-,-
19920913-M-US_Open-F-Pete_Sampras-Stefan_Edberg,Stefan Edberg,2,40,52.50%,45.70%,76.20%,61.50%,72.70%,57.10%,66.70%,66.70%,80.00%,66.70%
19920912-M-US_Open-SF-Michael_Chang-Stefan_Edberg,Michael Chang,1,134,56.0%,48.2%,57.3%,46.8%,57.1%,44.9%,59.5%,37.5%,52.9%,20.0%
19920912-M-US_Open-SF-Michael_Chang-Stefan_Edberg,Michael Chang,2,55,41.8%,36.0%,45.0%,21.4%,37.5%,28.6%,50.0%,20.0%,33.3%,33.3%
19920912-M-US_Open-SF-Michael_Chang-Stefan_Edberg,Stefan Edberg,1,107,64.5%,47.9%,70.0%,48.3%,87.5%,33.3%,50.0%,0.0%,-,-
19920912-M-US_Open-SF-Michael_Chang-Stefan_Edberg,Stefan Edberg,2,84,53.6%,46.6%,64.2%,45.7%,57.1%,36.8%,50.0%,30.0%,42.9%,20.0%
19920909-M-US_Open-QF-Jim_Courier-Andre_Agassi,Jim Courier,1,72,68.1%,43.9%,52.9%,42.9%,46.2%,26.3%,33.3%,28.6%,36.4%,30.0%
19920909-M-US_Open-QF-Jim_Courier-Andre_Agassi,Jim Courier,2,55,56.4%,44.2%,52.8%,43.3%,50.0%,35.0%,43.8%,35.7%,38.5%,20.0%
19920909-M-US_Open-QF-Jim_Courier-Andre_Agassi,Andre Agassi,1,82,56.1%,40.0%,54.5%,42.9%,62.5%,43.8%,58.3%,44.4%,57.1%,25.0%
19920909-M-US_Open-QF-Jim_Courier-Andre_Agassi,Andre Agassi,2,60,53.3%,46.2%,50.0%,41.5%,54.8%,44.0%,55.0%,40.0%,46.2%,41.7%
19920908-M-US_Open-R16-Richard_Krajicek-Stefan_Edberg,Richard Krajicek,1,81,66.7%,42.6%,62.5%,25.0%,80.0%,0.0%,0.0%,0.0%,-,-
19920908-M-US_Open-R16-Richard_Krajicek-Stefan_Edberg,Richard Krajicek,2,87,54.0%,45.2%,73.3%,40.0%,80.0%,33.3%,50.0%,0.0%,-,-
19920908-M-US_Open-R16-Richard_Krajicek-Stefan_Edberg,Stefan Edberg,1,107,74.8%,63.0%,79.3%,33.3%,100.0%,-,-,-,-,-
19920908-M-US_Open-R16-Richard_Krajicek-Stefan_Edberg,Stefan Edberg,2,51,47.1%,34.1%,51.9%,18.8%,50.0%,25.0%,50.0%,0.0%,-,-
19920908-M-US_Open-R16-Ivan_Lendl-Boris_Becker,Ivan Lendl,1,106,76.4%,63.8%,68.8%,45.9%,56.7%,31.6%,42.9%,27.3%,37.5%,16.7%
19920908-M-US_Open-R16-Ivan_Lendl-Boris_Becker,Ivan Lendl,2,61,52.5%,44.2%,56.1%,43.8%,63.6%,42.9%,75.0%,66.7%,80.0%,50.0%
19920908-M-US_Open-R16-Ivan_Lendl-Boris_Becker,Boris Becker,1,99,66.7%,42.1%,63.2%,36.4%,80.0%,50.0%,100.0%,100.0%,100.0%,-
19920908-M-US_Open-R16-Ivan_Lendl-Boris_Becker,Boris Becker,2,82,61.0%,51.5%,73.9%,65.7%,88.5%,80.0%,92.3%,85.7%,100.0%,100.0%
19920905-M-US_Open-SF-Jim_Courier-Pete_Sampras,Jim Courier,1,50,62.0%,47.2%,53.1%,37.5%,47.4%,28.6%,40.0%,25.0%,28.6%,28.6%
19920905-M-US_Open-SF-Jim_Courier-Pete_Sampras,Jim Courier,2,34,52.9%,48.4%,68.2%,58.8%,62.5%,50.0%,54.5%,50.0%,50.0%,37.5%
19920905-M-US_Open-SF-Jim_Courier-Pete_Sampras,Pete Sampras,1,69,62.3%,36.6%,53.6%,40.9%,75.0%,25.0%,50.0%,50.0%,100.0%,-
19920905-M-US_Open-SF-Jim_Courier-Pete_Sampras,Pete Sampras,2,42,64.3%,60.5%,69.7%,56.5%,81.3%,62.5%,71.4%,66.7%,100.0%,100.0%
19920905-M-US_Open-R32-Pete_Sampras-Todd_Martin,Pete Sampras,1,105,72.4%,50.0%,67.4%,41.7%,90.9%,0.0%,0.0%,0.0%,-,-
19920905-M-US_Open-R32-Pete_Sampras-Todd_Martin,Pete Sampras,2,57,47.4%,36.2%,50.0%,43.3%,54.2%,35.3%,37.5%,23.1%,33.3%,25.0%
19920905-M-US_Open-R32-Pete_Sampras-Todd_Martin,Todd Martin,1,105,64.8%,47.1%,55.0%,34.1%,48.3%,16.7%,18.8%,7.1%,9.1%,9.1%
19920905-M-US_Open-R32-Pete_Sampras-Todd_Martin,Todd Martin,2,47,59.6%,48.6%,58.1%,45.8%,64.7%,53.8%,77.8%,77.8%,87.5%,80.0%
19920903-M-US_Open-QF-Ivan_Lendl-Stefan_Edberg,Ivan Lendl,1,118,68.6%,52.6%,63.1%,42.9%,60.0%,45.5%,55.6%,50.0%,61.5%,37.5%
19920903-M-US_Open-QF-Ivan_Lendl-Stefan_Edberg,Ivan Lendl,2,63,42.9%,37.9%,51.2%,34.4%,68.8%,50.0%,62.5%,50.0%,60.0%,33.3%
19920903-M-US_Open-QF-Ivan_Lendl-Stefan_Edberg,Stefan Edberg,1,99,74.7%,60.9%,83.0%,61.9%,86.7%,50.0%,66.7%,50.0%,100.0%,-
19920903-M-US_Open-QF-Ivan_Lendl-Stefan_Edberg,Stefan Edberg,2,43,55.8%,40.6%,54.2%,35.3%,75.0%,33.3%,50.0%,0.0%,0.0%,0.0%
19920901-M-US_Open-R128-Boris_Becker-Kevin_Curren,Boris Becker,1,60,76.7%,56.3%,72.0%,61.1%,78.6%,0.0%,0.0%,0.0%,-,-
19920901-M-US_Open-R128-Boris_Becker-Kevin_Curren,Boris Becker,2,37,67.6%,55.6%,60.0%,44.4%,61.5%,44.4%,66.7%,50.0%,66.7%,66.7%
19920901-M-US_Open-R128-Boris_Becker-Kevin_Curren,Kevin Curren,1,57,61.4%,38.9%,60.9%,50.0%,100.0%,100.0%,100.0%,-,-,-
19920901-M-US_Open-R128-Boris_Becker-Kevin_Curren,Kevin Curren,2,58,56.9%,49.0%,60.0%,36.0%,50.0%,25.0%,37.5%,16.7%,50.0%,50.0%
19920126-M-Australian_Open-F-Jim_Courier-Stefan_Edberg,Jim Courier,1,77,64.90%,54.20%,58.20%,50.00%,60.50%,46.40%,68.40%,62.50%,71.40%,55.60%
19920126-M-Australian_Open-F-Jim_Courier-Stefan_Edberg,Jim Courier,2,34,70.60%,54.50%,63.20%,36.40%,40.00%,33.30%,37.50%,37.50%,75.00%,50.00%
19920126-M-Australian_Open-F-Jim_Courier-Stefan_Edberg,Stefan Edberg,1,78,66.70%,48.00%,72.70%,47.10%,88.90%,75.00%,100.00%,-,-,-
19920126-M-Australian_Open-F-Jim_Courier-Stefan_Edberg,Stefan Edberg,2,38,50.00%,42.40%,73.70%,44.40%,100.00%,100.00%,100.00%,100.00%,100.00%,100.00%
19920125-M-Australian_Open-SF-Wayne_Ferreira-Stefan_Edberg,Wayne Ferreira,1,64,68.8%,55.6%,73.5%,52.6%,66.7%,37.5%,60.0%,50.0%,100.0%,-
19920125-M-Australian_Open-SF-Wayne_Ferreira-Stefan_Edberg,Wayne Ferreira,2,44,50.0%,38.9%,53.8%,50.0%,66.7%,53.8%,63.6%,55.6%,71.4%,50.0%
19920125-M-Australian_Open-SF-Wayne_Ferreira-Stefan_Edberg,Stefan Edberg,1,66,75.8%,50.0%,80.0%,33.3%,100.0%,-,-,-,-,-
19920125-M-Australian_Open-SF-Wayne_Ferreira-Stefan_Edberg,Stefan Edberg,2,36,58.3%,46.4%,68.4%,53.8%,87.5%,50.0%,50.0%,0.0%,-,-
19920122-M-Australian_Open-QF-Stefan_Edberg-Ivan_Lendl,Stefan Edberg,1,102,76.5%,60.0%,83.7%,63.2%,100.0%,100.0%,100.0%,-,-,-
19920122-M-Australian_Open-QF-Stefan_Edberg-Ivan_Lendl,Stefan Edberg,2,27,81.5%,58.3%,87.5%,50.0%,100.0%,100.0%,100.0%,-,-,-
19920122-M-Australian_Open-QF-Stefan_Edberg-Ivan_Lendl,Ivan Lendl,1,86,75.6%,61.1%,71.7%,59.4%,73.1%,56.3%,69.2%,63.6%,70.0%,57.1%
19920122-M-Australian_Open-QF-Stefan_Edberg-Ivan_Lendl,Ivan Lendl,2,59,47.5%,38.0%,47.5%,25.0%,36.8%,33.3%,46.2%,41.7%,55.6%,50.0%
19920122-M-Australian_Open-QF-John_Mcenroe-Wayne_Ferreira,John Mcenroe,1,48,77.1%,47.6%,66.7%,37.5%,100.0%,-,-,-,-,-
19920122-M-Australian_Open-QF-John_Mcenroe-Wayne_Ferreira,John Mcenroe,2,39,51.3%,40.6%,50.0%,38.1%,61.5%,37.5%,60.0%,0.0%,-,-
19920122-M-Australian_Open-QF-John_Mcenroe-Wayne_Ferreira,Wayne Ferreira,1,56,80.4%,56.0%,77.8%,42.9%,100.0%,100.0%,100.0%,-,-,-
19920122-M-Australian_Open-QF-John_Mcenroe-Wayne_Ferreira,Wayne Ferreira,2,33,63.6%,50.0%,63.2%,30.0%,37.5%,16.7%,25.0%,25.0%,100.0%,-
19920117-M-Australian_Open-R32-John_Mcenroe-Boris_Becker,John Mcenroe,1,65,70.8%,55.8%,75.0%,57.9%,100.0%,100.0%,100.0%,-,-,-
19920117-M-Australian_Open-R32-John_Mcenroe-Boris_Becker,John Mcenroe,2,33,51.5%,42.9%,50.0%,40.0%,57.1%,50.0%,60.0%,33.3%,50.0%,33.3%
19920117-M-Australian_Open-R32-John_Mcenroe-Boris_Becker,Boris Becker,1,55,60.0%,40.5%,51.7%,33.3%,50.0%,36.4%,66.7%,66.7%,66.7%,0.0%
19920117-M-Australian_Open-R32-John_Mcenroe-Boris_Becker,Boris Becker,2,38,52.6%,40.0%,75.0%,50.0%,80.0%,66.7%,100.0%,100.0%,100.0%,100.0%
19920117-M-Australian_Open-QF-Michael_Stich-Richard_Krajicek,Michael Stich,1,113,75.2%,51.7%,71.4%,47.8%,84.6%,0.0%,-,-,-,-
19920117-M-Australian_Open-QF-Michael_Stich-Richard_Krajicek,Michael Stich,2,63,65.1%,52.2%,80.0%,40.0%,100.0%,-,-,-,-,-
19920117-M-Australian_Open-QF-Michael_Stich-Richard_Krajicek,Richard Krajicek,1,103,84.5%,66.7%,84.2%,68.4%,92.9%,0.0%,-,-,-,-
19920117-M-Australian_Open-QF-Michael_Stich-Richard_Krajicek,Richard Krajicek,2,66,54.5%,38.8%,59.4%,40.9%,81.8%,50.0%,66.7%,0.0%,-,-
19910908-M-US_Open-F-Jim_Courier-Stefan_Edberg,Jim Courier,1,50,60.00%,52.40%,57.90%,38.50%,62.50%,33.30%,42.90%,20.00%,33.30%,0.00%
19910908-M-US_Open-F-Jim_Courier-Stefan_Edberg,Jim Courier,2,35,40.00%,32.30%,38.50%,20.00%,26.70%,8.30%,25.00%,25.00%,100.00%,100.00%
19910908-M-US_Open-F-Jim_Courier-Stefan_Edberg,Stefan Edberg,1,36,86.10%,78.30%,100.00%,100.00%,100.00%,-,-,-,-,-
19910908-M-US_Open-F-Jim_Courier-Stefan_Edberg,Stefan Edberg,2,27,70.40%,60.00%,85.70%,71.40%,100.00%,-,-,-,-,-
19910907-M-US_Open-SF-Jim_Courier-Jimmy_Connors,Jim Courier,1,45,80.0%,55.0%,68.8%,66.7%,71.4%,63.6%,63.6%,50.0%,80.0%,75.0%
19910907-M-US_Open-SF-Jim_Courier-Jimmy_Connors,Jim Courier,2,29,41.4%,37.0%,43.5%,35.0%,50.0%,36.4%,44.4%,16.7%,20.0%,0.0%
19910907-M-US_Open-SF-Jim_Courier-Jimmy_Connors,Jimmy Connors,1,57,49.1%,44.2%,50.0%,34.3%,50.0%,36.8%,50.0%,22.2%,40.0%,0.0%
19910907-M-US_Open-SF-Jim_Courier-Jimmy_Connors,Jimmy Connors,2,25,32.0%,22.7%,31.3%,26.7%,33.3%,20.0%,33.3%,20.0%,50.0%,50.0%
19910907-M-US_Open-SF-Jim_Courier-Jimmy_Connors,Jim Courier,1,45,80.0%,55.0%,68.8%,66.7%,71.4%,63.6%,63.6%,50.0%,80.0%,75.0%
19910907-M-US_Open-SF-Jim_Courier-Jimmy_Connors,Jim Courier,2,29,41.4%,37.0%,43.5%,35.0%,50.0%,36.4%,44.4%,16.7%,20.0%,0.0%
19910907-M-US_Open-SF-Jim_Courier-Jimmy_Connors,Jimmy Connors,1,54,50.0%,46.0%,51.1%,35.3%,50.0%,36.8%,50.0%,22.2%,40.0%,0.0%
19910907-M-US_Open-SF-Jim_Courier-Jimmy_Connors,Jimmy Connors,2,25,32.0%,22.7%,31.3%,26.7%,33.3%,20.0%,33.3%,20.0%,50.0%,50.0%
19910907-M-US_Open-SF-Ivan_Lendl-Stefan_Edberg,Ivan Lendl,1,41,65.9%,48.1%,52.0%,40.0%,50.0%,38.5%,62.5%,40.0%,66.7%,66.7%
19910907-M-US_Open-SF-Ivan_Lendl-Stefan_Edberg,Ivan Lendl,2,42,42.9%,35.1%,44.8%,40.7%,50.0%,38.9%,41.2%,28.6%,44.4%,37.5%
19910907-M-US_Open-SF-Ivan_Lendl-Stefan_Edberg,Stefan Edberg,1,55,72.7%,44.4%,75.0%,50.0%,66.7%,0.0%,0.0%,0.0%,-,-
19910907-M-US_Open-SF-Ivan_Lendl-Stefan_Edberg,Stefan Edberg,2,23,60.9%,30.8%,80.0%,66.7%,66.7%,50.0%,100.0%,-,-,-
19910905-M-US_Open-QF-Pete_Sampras-Jim_Courier,Pete Sampras,1,69,79.7%,65.9%,73.0%,47.4%,90.0%,75.0%,100.0%,100.0%,100.0%,100.0%
19910905-M-US_Open-QF-Pete_Sampras-Jim_Courier,Pete Sampras,2,51,51.0%,43.2%,48.7%,37.5%,46.2%,26.3%,38.5%,33.3%,40.0%,25.0%
19910905-M-US_Open-QF-Pete_Sampras-Jim_Courier,Jim Courier,1,62,83.9%,75.0%,76.9%,67.9%,79.2%,72.2%,92.9%,90.0%,90.0%,87.5%
19910905-M-US_Open-QF-Pete_Sampras-Jim_Courier,Jim Courier,2,33,75.8%,70.4%,70.4%,55.6%,55.6%,50.0%,72.7%,50.0%,60.0%,50.0%
19910905-M-US_Open-QF-Jimmy_Connors-Paul_Haarhuis,Jimmy Connors,1,58,75.9%,69.6%,82.1%,75.0%,91.3%,88.2%,100.0%,100.0%,100.0%,100.0%
19910905-M-US_Open-QF-Jimmy_Connors-Paul_Haarhuis,Jimmy Connors,2,47,63.8%,63.0%,67.4%,58.8%,66.7%,52.4%,73.3%,63.6%,87.5%,85.7%
19910905-M-US_Open-QF-Jimmy_Connors-Paul_Haarhuis,Paul Haarhuis,1,67,73.1%,56.1%,71.9%,59.1%,68.4%,64.7%,68.8%,66.7%,71.4%,55.6%
19910905-M-US_Open-QF-Jimmy_Connors-Paul_Haarhuis,Paul Haarhuis,2,40,52.5%,42.4%,53.8%,50.0%,54.5%,44.4%,47.1%,30.8%,40.0%,40.0%
19910904-M-US_Open-QF-Javier_Sanchez-Stefan_Edberg,Javier Sanchez,1,63,60.3%,45.7%,60.0%,48.1%,65.0%,36.4%,57.1%,0.0%,0.0%,0.0%
19910904-M-US_Open-QF-Javier_Sanchez-Stefan_Edberg,Javier Sanchez,2,31,41.9%,30.8%,33.3%,20.0%,30.8%,18.2%,33.3%,0.0%,0.0%,0.0%
19910904-M-US_Open-QF-Javier_Sanchez-Stefan_Edberg,Stefan Edberg,1,42,83.3%,73.1%,90.5%,71.4%,100.0%,100.0%,100.0%,100.0%,100.0%,100.0%
19910904-M-US_Open-QF-Javier_Sanchez-Stefan_Edberg,Stefan Edberg,2,18,66.7%,66.7%,85.7%,66.7%,80.0%,0.0%,-,-,-,-
19910902-M-US_Open-R16-Aaron_Krickstein-Jimmy_Connors,Aaron Krickstein,1,112,66.1%,52.5%,56.8%,52.9%,62.1%,57.7%,65.2%,57.9%,78.6%,72.7%
19910902-M-US_Open-R16-Aaron_Krickstein-Jimmy_Connors,Aaron Krickstein,2,87,58.6%,53.2%,57.7%,52.4%,61.1%,53.3%,68.6%,60.7%,81.0%,75.0%
19910902-M-US_Open-R16-Aaron_Krickstein-Jimmy_Connors,Jimmy Connors,1,110,66.4%,57.0%,65.3%,57.4%,71.4%,60.0%,63.6%,55.6%,62.5%,52.6%
19910902-M-US_Open-R16-Aaron_Krickstein-Jimmy_Connors,Jimmy Connors,2,54,59.3%,56.9%,64.4%,59.0%,65.7%,53.8%,66.7%,65.0%,65.0%,61.1%
19910902-M-US_Open-QF-Michael_Chang-Stefan_Edberg,Michael Chang,1,49,55.1%,45.0%,48.6%,38.7%,44.4%,31.8%,43.8%,30.8%,36.4%,30.0%
19910902-M-US_Open-QF-Michael_Chang-Stefan_Edberg,Michael Chang,2,50,62.0%,54.8%,57.5%,51.4%,60.0%,57.1%,72.7%,53.8%,53.8%,50.0%
19910902-M-US_Open-QF-Michael_Chang-Stefan_Edberg,Stefan Edberg,1,54,83.3%,73.5%,83.3%,66.7%,90.9%,50.0%,100.0%,100.0%,100.0%,-
19910902-M-US_Open-QF-Michael_Chang-Stefan_Edberg,Stefan Edberg,2,44,52.3%,47.5%,65.5%,52.4%,61.1%,46.2%,75.0%,60.0%,100.0%,100.0%
19910901-M-US_Open-R16-Ivan_Lendl-Goran_Ivanisevic,Ivan Lendl,1,63,81.0%,66.7%,75.0%,70.4%,73.1%,53.3%,61.5%,58.3%,63.6%,33.3%
19910901-M-US_Open-R16-Ivan_Lendl-Goran_Ivanisevic,Ivan Lendl,2,45,48.9%,47.7%,52.5%,47.2%,51.5%,42.9%,50.0%,36.8%,43.8%,43.8%
19910901-M-US_Open-R16-Ivan_Lendl-Goran_Ivanisevic,Goran Ivanisevic,1,54,75.9%,43.5%,62.5%,40.0%,57.1%,25.0%,25.0%,25.0%,50.0%,50.0%
19910901-M-US_Open-R16-Ivan_Lendl-Goran_Ivanisevic,Goran Ivanisevic,2,61,50.8%,43.4%,48.9%,36.8%,45.2%,41.4%,46.2%,41.7%,45.5%,36.8%
19910830-M-US_Open-R32-John_Mcenroe-Michael_Chang,John Mcenroe,1,95,54.7%,36.8%,55.6%,31.0%,64.3%,28.6%,66.7%,0.0%,0.0%,0.0%
19910830-M-US_Open-R32-John_Mcenroe-Michael_Chang,John Mcenroe,2,53,56.6%,39.5%,53.6%,27.8%,55.6%,20.0%,25.0%,25.0%,100.0%,-
19910830-M-US_Open-R32-John_Mcenroe-Michael_Chang,Michael Chang,1,64,65.6%,52.2%,55.8%,40.6%,56.5%,37.5%,46.2%,12.5%,20.0%,0.0%
19910830-M-US_Open-R32-John_Mcenroe-Michael_Chang,Michael Chang,2,67,52.2%,41.8%,51.1%,38.9%,58.3%,41.2%,63.6%,20.0%,50.0%,0.0%
19910829-M-US_Open-R64-Jimmy_Connors-Michiel_Schapers,Jimmy Connors,1,50,74.0%,65.8%,71.4%,58.3%,70.0%,64.7%,68.8%,64.3%,69.2%,50.0%
19910829-M-US_Open-R64-Jimmy_Connors-Michiel_Schapers,Jimmy Connors,2,19,68.4%,64.7%,78.6%,66.7%,75.0%,66.7%,80.0%,66.7%,66.7%,66.7%
19910829-M-US_Open-R64-Jimmy_Connors-Michiel_Schapers,Michiel Schapers,1,42,54.8%,32.1%,52.9%,33.3%,57.1%,25.0%,33.3%,0.0%,-,-
19910829-M-US_Open-R64-Jimmy_Connors-Michiel_Schapers,Michiel Schapers,2,12,33.3%,27.3%,37.5%,28.6%,66.7%,0.0%,0.0%,0.0%,0.0%,0.0%
19910827-M-US_Open-R128-Jimmy_Connors-Patrick_Mcenroe,Jimmy Connors,1,101,62.4%,47.9%,59.3%,45.5%,54.1%,39.3%,50.0%,38.9%,43.8%,25.0%
19910827-M-US_Open-R128-Jimmy_Connors-Patrick_Mcenroe,Jimmy Connors,2,47,63.8%,55.3%,63.6%,50.0%,57.1%,43.8%,63.6%,55.6%,62.5%,0.0%
19910827-M-US_Open-R128-Jimmy_Connors-Patrick_Mcenroe,Patrick Mcenroe,1,94,68.1%,45.5%,59.5%,46.9%,60.0%,44.4%,61.5%,44.4%,44.4%,28.6%
19910827-M-US_Open-R128-Jimmy_Connors-Patrick_Mcenroe,Patrick Mcenroe,2,75,44.0%,40.0%,52.8%,45.7%,53.8%,37.9%,52.4%,33.3%,41.7%,22.2%
19910127-M-Australian_Open-F-Ivan_Lendl-Boris_Becker,Ivan Lendl,1,60,75.00%,55.90%,70.40%,57.90%,73.30%,63.60%,70.00%,40.00%,66.70%,66.70%
19910127-M-Australian_Open-F-Ivan_Lendl-Boris_Becker,Ivan Lendl,2,43,48.80%,40.50%,55.60%,36.80%,41.20%,16.70%,20.00%,11.10%,12.50%,12.50%
19910127-M-Australian_Open-F-Ivan_Lendl-Boris_Becker,Boris Becker,1,73,68.50%,47.70%,58.30%,44.40%,60.00%,46.70%,58.30%,50.00%,71.40%,66.70%
19910127-M-Australian_Open-F-Ivan_Lendl-Boris_Becker,Boris Becker,2,32,53.10%,46.40%,61.90%,38.50%,55.60%,50.00%,50.00%,33.30%,40.00%,25.00%
19910126-M-Australian_Open-SF-Boris_Becker-Patrick_Mcenroe,Boris Becker,1,81,75.3%,56.5%,65.0%,44.0%,52.4%,37.5%,50.0%,25.0%,40.0%,25.0%
19910126-M-Australian_Open-SF-Boris_Becker-Patrick_Mcenroe,Boris Becker,2,36,58.3%,46.4%,65.0%,50.0%,58.3%,58.3%,70.0%,62.5%,83.3%,75.0%
19910126-M-Australian_Open-SF-Boris_Becker-Patrick_Mcenroe,Patrick Mcenroe,1,74,58.1%,48.3%,55.8%,37.8%,53.8%,33.3%,50.0%,25.0%,100.0%,-
19910126-M-Australian_Open-SF-Boris_Becker-Patrick_Mcenroe,Patrick Mcenroe,2,59,59.3%,50.0%,57.1%,45.5%,55.6%,33.3%,40.0%,18.2%,28.6%,28.6%
19910125-M-Australian_Open-SF-Stefan_Edberg-Ivan_Lendl,Stefan Edberg,1,96,71.9%,50.0%,73.0%,37.5%,85.7%,66.7%,100.0%,-,-,-
19910125-M-Australian_Open-SF-Stefan_Edberg-Ivan_Lendl,Stefan Edberg,2,53,66.0%,56.1%,82.1%,66.7%,83.3%,66.7%,66.7%,66.7%,100.0%,100.0%
19910125-M-Australian_Open-SF-Stefan_Edberg-Ivan_Lendl,Ivan Lendl,1,91,73.6%,62.5%,67.8%,54.8%,65.7%,53.8%,70.0%,64.7%,73.3%,73.3%
19910125-M-Australian_Open-SF-Stefan_Edberg-Ivan_Lendl,Ivan Lendl,2,70,52.9%,49.2%,56.1%,45.7%,53.8%,40.0%,52.2%,35.3%,40.0%,25.0%
19910123-M-Australian_Open-QF-Jaime_Yzaga-Stefan_Edberg,Jaime Yzaga,1,45,57.8%,53.7%,61.1%,57.6%,73.1%,66.7%,73.7%,68.8%,78.6%,66.7%
19910123-M-Australian_Open-QF-Jaime_Yzaga-Stefan_Edberg,Jaime Yzaga,2,26,46.2%,39.1%,45.0%,26.7%,36.4%,22.2%,40.0%,40.0%,50.0%,50.0%
19910123-M-Australian_Open-QF-Jaime_Yzaga-Stefan_Edberg,Stefan Edberg,1,46,73.9%,52.0%,76.5%,42.9%,100.0%,-,-,-,-,-
19910123-M-Australian_Open-QF-Jaime_Yzaga-Stefan_Edberg,Stefan Edberg,2,21,76.2%,66.7%,76.9%,57.1%,80.0%,50.0%,50.0%,50.0%,100.0%,-
19910122-M-Australian_Open-QF-Guy_Forget-Boris_Becker,Guy Forget,1,33,75.8%,50.0%,57.1%,14.3%,25.0%,25.0%,50.0%,0.0%,-,-
19910122-M-Australian_Open-QF-Guy_Forget-Boris_Becker,Guy Forget,2,46,60.9%,45.5%,51.7%,36.4%,61.5%,44.4%,100.0%,100.0%,100.0%,100.0%
19910122-M-Australian_Open-QF-Guy_Forget-Boris_Becker,Boris Becker,1,44,86.4%,66.7%,75.0%,66.7%,80.0%,71.4%,83.3%,50.0%,100.0%,-
19910122-M-Australian_Open-QF-Guy_Forget-Boris_Becker,Boris Becker,2,32,84.4%,76.2%,88.9%,84.6%,84.6%,50.0%,50.0%,33.3%,50.0%,0.0%
19910119-M-Australian_Open-R32-Pat_Cash-Stefan_Edberg,Pat Cash,1,74,59.5%,40.0%,54.1%,37.0%,83.3%,33.3%,100.0%,100.0%,100.0%,-
19910119-M-Australian_Open-R32-Pat_Cash-Stefan_Edberg,Pat Cash,2,28,46.4%,40.0%,62.5%,45.5%,71.4%,33.3%,50.0%,0.0%,0.0%,0.0%
19910119-M-Australian_Open-R32-Pat_Cash-Stefan_Edberg,Stefan Edberg,1,67,67.2%,48.8%,72.4%,42.9%,66.7%,25.0%,50.0%,0.0%,-,-
19910119-M-Australian_Open-R32-Pat_Cash-Stefan_Edberg,Stefan Edberg,2,31,54.8%,44.0%,73.3%,50.0%,66.7%,33.3%,50.0%,0.0%,0.0%,0.0%
19910118-M-Australian_Open-R32-Omar_Camporese-Boris_Becker,Omar Camporese,1,95,72.6%,53.6%,69.8%,59.4%,70.4%,50.0%,61.5%,44.4%,66.7%,50.0%
19910118-M-Australian_Open-R32-Omar_Camporese-Boris_Becker,Omar Camporese,2,96,57.3%,46.8%,58.1%,49.0%,71.4%,58.3%,82.4%,70.0%,100.0%,100.0%
19910118-M-Australian_Open-R32-Omar_Camporese-Boris_Becker,Boris Becker,1,128,75.0%,56.2%,71.9%,59.0%,67.6%,57.7%,68.2%,46.2%,100.0%,100.0%
19910118-M-Australian_Open-R32-Omar_Camporese-Boris_Becker,Boris Becker,2,59,50.8%,39.6%,50.0%,34.5%,50.0%,23.1%,50.0%,25.0%,50.0%,50.0%
19900909-M-US_Open-F-Andre_Agassi-Pete_Sampras,Andre Agassi,1,75,56.00%,48.40%,59.60%,48.80%,55.60%,36.00%,56.30%,22.20%,66.70%,50.00%
19900909-M-US_Open-F-Andre_Agassi-Pete_Sampras,Andre Agassi,2,23,60.90%,50.00%,60.00%,40.00%,50.00%,50.00%,66.70%,50.00%,50.00%,33.30%
19900909-M-US_Open-F-Andre_Agassi-Pete_Sampras,Pete Sampras,1,38,92.10%,81.30%,100.00%,100.00%,100.00%,100.00%,100.00%,-,-,-
19900909-M-US_Open-F-Andre_Agassi-Pete_Sampras,Pete Sampras,2,33,60.60%,48.00%,66.70%,50.00%,75.00%,66.70%,80.00%,66.70%,100.00%,-
19900908-M-US_Open-SF-John_Mcenroe-Pete_Sampras,John Mcenroe,1,73,68.5%,39.5%,68.2%,22.2%,50.0%,0.0%,0.0%,0.0%,-,-
19900908-M-US_Open-SF-John_Mcenroe-Pete_Sampras,John Mcenroe,2,35,60.0%,50.0%,70.0%,33.3%,60.0%,33.3%,100.0%,-,-,-
19900908-M-US_Open-SF-John_Mcenroe-Pete_Sampras,Pete Sampras,1,60,83.3%,64.3%,78.3%,66.7%,76.9%,25.0%,100.0%,-,-,-
19900908-M-US_Open-SF-John_Mcenroe-Pete_Sampras,Pete Sampras,2,43,60.5%,50.0%,60.7%,31.3%,55.6%,33.3%,100.0%,100.0%,100.0%,-
19900908-M-US_Open-SF-Andre_Agassi-Boris_Becker,Andre Agassi,1,75,70.7%,61.4%,68.6%,60.0%,63.2%,48.1%,56.5%,44.4%,57.1%,45.5%
19900908-M-US_Open-SF-Andre_Agassi-Boris_Becker,Andre Agassi,2,32,56.3%,48.1%,56.5%,47.4%,60.0%,53.8%,70.0%,62.5%,71.4%,60.0%
19900908-M-US_Open-SF-Andre_Agassi-Boris_Becker,Boris Becker,1,78,62.8%,50.8%,62.5%,35.7%,50.0%,23.1%,37.5%,33.3%,66.7%,50.0%
19900908-M-US_Open-SF-Andre_Agassi-Boris_Becker,Boris Becker,2,57,43.9%,36.0%,40.9%,31.6%,41.4%,34.6%,50.0%,40.0%,50.0%,45.5%
19900906-M-US_Open-QF-Andrei_Cherkasov-Andre_Agassi,Andrei Cherkasov,1,46,50.0%,37.8%,45.2%,29.2%,36.8%,25.0%,33.3%,20.0%,33.3%,33.3%
19900906-M-US_Open-QF-Andrei_Cherkasov-Andre_Agassi,Andrei Cherkasov,2,36,38.9%,35.3%,40.0%,25.0%,28.6%,28.6%,35.3%,21.4%,27.3%,11.1%
19900906-M-US_Open-QF-Andrei_Cherkasov-Andre_Agassi,Andre Agassi,1,45,66.7%,57.1%,64.5%,56.0%,60.9%,43.8%,63.6%,55.6%,83.3%,66.7%
19900906-M-US_Open-QF-Andrei_Cherkasov-Andre_Agassi,Andre Agassi,2,25,76.0%,72.7%,80.0%,76.5%,100.0%,100.0%,100.0%,100.0%,100.0%,100.0%
19900905-M-US_Open-QF-John_Mcenroe-David_Wheaton,John Mcenroe,1,39,82.1%,65.0%,72.2%,54.5%,75.0%,0.0%,0.0%,0.0%,-,-
19900905-M-US_Open-QF-John_Mcenroe-David_Wheaton,John Mcenroe,2,33,69.7%,58.3%,77.8%,60.0%,100.0%,100.0%,100.0%,-,-,-
19900905-M-US_Open-QF-John_Mcenroe-David_Wheaton,David Wheaton,1,53,67.9%,50.0%,58.6%,42.9%,69.2%,33.3%,50.0%,33.3%,50.0%,50.0%
19900905-M-US_Open-QF-John_Mcenroe-David_Wheaton,David Wheaton,2,29,48.3%,34.8%,47.1%,25.0%,37.5%,37.5%,60.0%,33.3%,100.0%,-
19900903-M-US_Open-R16-Darren_Cahill-Boris_Becker,Darren Cahill,1,90,64.4%,49.2%,67.4%,48.3%,73.7%,37.5%,75.0%,0.0%,-,-
19900903-M-US_Open-R16-Darren_Cahill-Boris_Becker,Darren Cahill,2,68,50.0%,42.4%,51.0%,40.0%,57.1%,40.0%,66.7%,42.9%,60.0%,33.3%
19900903-M-US_Open-R16-Darren_Cahill-Boris_Becker,Boris Becker,1,83,75.9%,63.0%,70.8%,53.3%,72.7%,40.0%,57.1%,40.0%,40.0%,40.0%
19900903-M-US_Open-R16-Darren_Cahill-Boris_Becker,Boris Becker,2,30,43.3%,37.0%,47.6%,21.4%,27.3%,20.0%,40.0%,40.0%,50.0%,33.3%
19900902-M-US_Open-R16-John_Mcenroe-Emilio_Sanchez,John Mcenroe,1,93,76.3%,56.0%,71.8%,45.0%,81.8%,33.3%,100.0%,-,-,-
19900902-M-US_Open-R16-John_Mcenroe-Emilio_Sanchez,John Mcenroe,2,57,63.2%,51.2%,66.7%,42.1%,88.9%,50.0%,100.0%,-,-,-
19900902-M-US_Open-R16-John_Mcenroe-Emilio_Sanchez,Emilio Sanchez,1,104,73.1%,61.1%,66.7%,47.6%,60.6%,40.9%,64.3%,37.5%,37.5%,28.6%
19900902-M-US_Open-R16-John_Mcenroe-Emilio_Sanchez,Emilio Sanchez,2,52,51.9%,44.4%,58.8%,36.4%,53.3%,30.0%,60.0%,0.0%,0.0%,0.0%
19900901-M-US_Open-R32-Tomas_Carbonell-Boris_Becker,Tomas Carbonell,1,42,57.1%,40.0%,52.2%,26.7%,44.4%,16.7%,25.0%,0.0%,0.0%,0.0%
19900901-M-US_Open-R32-Tomas_Carbonell-Boris_Becker,Tomas Carbonell,2,26,46.2%,44.0%,52.4%,44.4%,53.3%,46.2%,50.0%,40.0%,50.0%,33.3%
19900901-M-US_Open-R32-Tomas_Carbonell-Boris_Becker,Boris Becker,1,38,86.8%,72.2%,86.7%,66.7%,80.0%,0.0%,-,-,-,-
19900901-M-US_Open-R32-Tomas_Carbonell-Boris_Becker,Boris Becker,2,35,60.0%,50.0%,58.3%,52.4%,57.9%,46.7%,53.8%,50.0%,100.0%,100.0%
19900830-M-US_Open-R64-Yannick_Noah-Boris_Becker,Yannick Noah,1,35,80.0%,50.0%,63.6%,50.0%,100.0%,100.0%,100.0%,-,-,-
19900830-M-US_Open-R64-Yannick_Noah-Boris_Becker,Yannick Noah,2,48,50.0%,31.4%,45.8%,35.0%,77.8%,0.0%,0.0%,0.0%,-,-
19900830-M-US_Open-R64-Yannick_Noah-Boris_Becker,Boris Becker,1,59,79.7%,74.5%,83.3%,73.1%,86.4%,70.0%,77.8%,60.0%,75.0%,0.0%
19900830-M-US_Open-R64-Yannick_Noah-Boris_Becker,Boris Becker,2,27,63.0%,52.4%,84.6%,66.7%,80.0%,66.7%,100.0%,100.0%,100.0%,100.0%
19900829-M-US_Open-R64-Michael_Stich-Ivan_Lendl,Michael Stich,1,73,71.2%,57.1%,77.8%,60.0%,92.3%,66.7%,100.0%,-,-,-
19900829-M-US_Open-R64-Michael_Stich-Ivan_Lendl,Michael Stich,2,40,42.5%,32.4%,40.7%,20.0%,57.1%,50.0%,75.0%,66.7%,100.0%,100.0%
19900829-M-US_Open-R64-Michael_Stich-Ivan_Lendl,Ivan Lendl,1,87,69.0%,59.1%,67.2%,54.8%,59.0%,36.0%,52.9%,38.5%,50.0%,16.7%
19900829-M-US_Open-R64-Michael_Stich-Ivan_Lendl,Ivan Lendl,2,51,58.8%,50.0%,53.8%,41.9%,48.1%,39.1%,50.0%,47.1%,61.5%,37.5%
19900203-M-Australian_Open-SF-Yannick_Noah-Ivan_Lendl,Yannick Noah,1,39,61.5%,16.7%,27.3%,11.1%,33.3%,0.0%,0.0%,0.0%,-,-
19900203-M-Australian_Open-SF-Yannick_Noah-Ivan_Lendl,Yannick Noah,2,33,45.5%,35.7%,58.8%,36.4%,100.0%,-,-,-,-,-
19900203-M-Australian_Open-SF-Yannick_Noah-Ivan_Lendl,Ivan Lendl,1,43,86.0%,85.0%,87.2%,78.3%,90.0%,80.0%,88.9%,66.7%,100.0%,100.0%
19900203-M-Australian_Open-SF-Yannick_Noah-Ivan_Lendl,Ivan Lendl,2,21,71.4%,60.0%,75.0%,57.1%,80.0%,75.0%,75.0%,66.7%,66.7%,66.7%
19900128-M-Australian_Open-F-Ivan_Lendl-Stefan_Edberg,Ivan Lendl,1,48,68.80%,57.10%,60.60%,53.60%,57.70%,52.20%,60.00%,50.00%,61.50%,44.40%
19900128-M-Australian_Open-F-Ivan_Lendl-Stefan_Edberg,Ivan Lendl,2,37,54.10%,50.00%,60.70%,56.00%,56.00%,47.60%,52.60%,50.00%,69.20%,66.70%
19900128-M-Australian_Open-F-Ivan_Lendl-Stefan_Edberg,Stefan Edberg,1,75,56.00%,43.10%,56.80%,34.50%,55.60%,33.30%,57.10%,50.00%,50.00%,50.00%
19900128-M-Australian_Open-F-Ivan_Lendl-Stefan_Edberg,Stefan Edberg,2,25,64.00%,57.10%,75.00%,69.20%,81.80%,71.40%,71.40%,71.40%,71.40%,66.70%
19900127-M-Australian_Open-SF-Mats_Wilander-Stefan_Edberg,Mats Wilander,1,44,54.5%,44.4%,48.5%,22.7%,33.3%,23.1%,27.3%,27.3%,33.3%,0.0%
19900127-M-Australian_Open-SF-Mats_Wilander-Stefan_Edberg,Mats Wilander,2,25,32.0%,22.7%,26.3%,22.2%,30.8%,30.8%,36.4%,36.4%,40.0%,33.3%
19900127-M-Australian_Open-SF-Mats_Wilander-Stefan_Edberg,Stefan Edberg,1,44,81.8%,74.2%,88.5%,70.0%,87.5%,0.0%,-,-,-,-
19900127-M-Australian_Open-SF-Mats_Wilander-Stefan_Edberg,Stefan Edberg,2,11,81.8%,75.0%,100.0%,100.0%,100.0%,100.0%,100.0%,-,-,-
19900122-M-Australian_Open-R16-Jonas_Svensson-Stefan_Edberg,Jonas Svensson,1,54,63.0%,56.5%,60.5%,46.9%,55.6%,47.8%,55.0%,40.0%,46.2%,36.4%
19900122-M-Australian_Open-R16-Jonas_Svensson-Stefan_Edberg,Jonas Svensson,2,29,55.2%,45.8%,57.9%,52.9%,75.0%,70.0%,77.8%,66.7%,80.0%,80.0%
19900122-M-Australian_Open-R16-Jonas_Svensson-Stefan_Edberg,Stefan Edberg,1,57,73.7%,61.5%,82.8%,64.3%,81.8%,0.0%,-,-,-,-
19900122-M-Australian_Open-R16-Jonas_Svensson-Stefan_Edberg,Stefan Edberg,2,19,68.4%,57.1%,80.0%,50.0%,66.7%,0.0%,-,-,-,-
19900122-M-Australian_Open-R16-Boris_Becker-Miloslav_Mecir,Boris Becker,1,64,75.0%,44.8%,54.2%,35.3%,50.0%,25.0%,28.6%,28.6%,33.3%,20.0%
19900122-M-Australian_Open-R16-Boris_Becker-Miloslav_Mecir,Boris Becker,2,71,56.3%,53.7%,59.0%,49.0%,57.1%,48.6%,54.8%,50.0%,66.7%,50.0%
19900122-M-Australian_Open-R16-Boris_Becker-Miloslav_Mecir,Miloslav Mecir,1,82,62.2%,49.2%,56.6%,48.9%,61.1%,41.7%,58.8%,46.2%,54.5%,37.5%
19900122-M-Australian_Open-R16-Boris_Becker-Miloslav_Mecir,Miloslav Mecir,2,73,45.2%,41.2%,53.8%,41.5%,56.7%,51.9%,66.7%,46.2%,50.0%,45.5%
19900121-M-Australian_Open-R16-John_Mcenroe-Mikael_Pernfors,John Mcenroe,1,57,61.4%,35.3%,50.0%,20.0%,75.0%,50.0%,50.0%,0.0%,-,-
19900121-M-Australian_Open-R16-John_Mcenroe-Mikael_Pernfors,John Mcenroe,2,57,59.6%,52.1%,64.1%,39.1%,50.0%,30.8%,40.0%,14.3%,20.0%,20.0%
19900121-M-Australian_Open-R16-John_Mcenroe-Mikael_Pernfors,Mikael Pernfors,1,81,61.7%,53.7%,60.0%,45.5%,62.5%,50.0%,57.1%,43.8%,46.7%,38.5%
19900121-M-Australian_Open-R16-John_Mcenroe-Mikael_Pernfors,Mikael Pernfors,2,23,43.5%,43.5%,58.8%,46.2%,60.0%,50.0%,50.0%,42.9%,60.0%,60.0%
19890910-M-US_Open-F-Boris_Becker-Ivan_Lendl,Boris Becker,1,79,77.20%,50.00%,64.30%,41.20%,77.80%,33.30%,100.00%,-,-,-
19890910-M-US_Open-F-Boris_Becker-Ivan_Lendl,Boris Becker,2,53,47.20%,37.80%,48.60%,30.80%,40.00%,33.30%,54.50%,54.50%,66.70%,62.50%
19890910-M-US_Open-F-Boris_Becker-Ivan_Lendl,Ivan Lendl,1,79,63.30%,50.80%,56.60%,45.20%,57.60%,36.40%,38.10%,27.80%,33.30%,23.10%
19890910-M-US_Open-F-Boris_Becker-Ivan_Lendl,Ivan Lendl,2,41,65.90%,61.10%,68.80%,56.50%,68.40%,57.10%,72.70%,57.10%,66.70%,50.00%
19890909-M-US_Open-SF-Boris_Becker-Aaron_Krickstein,Boris Becker,1,50,72.0%,48.1%,61.9%,50.0%,72.7%,50.0%,75.0%,66.7%,66.7%,66.7%
19890909-M-US_Open-SF-Boris_Becker-Aaron_Krickstein,Boris Becker,2,55,52.7%,45.8%,55.0%,45.5%,57.7%,50.0%,61.1%,53.3%,57.1%,53.8%
19890909-M-US_Open-SF-Boris_Becker-Aaron_Krickstein,Aaron Krickstein,1,43,72.1%,60.0%,64.3%,54.5%,63.2%,56.3%,69.2%,33.3%,33.3%,20.0%
19890909-M-US_Open-SF-Boris_Becker-Aaron_Krickstein,Aaron Krickstein,2,49,40.8%,39.6%,50.0%,38.7%,54.5%,52.4%,61.1%,53.3%,66.7%,55.6%
19890909-M-US_Open-SF-Andre_Agassi-Ivan_Lendl,Andre Agassi,1,55,69.1%,34.6%,45.0%,31.3%,45.5%,40.0%,57.1%,40.0%,50.0%,33.3%
19890909-M-US_Open-SF-Andre_Agassi-Ivan_Lendl,Andre Agassi,2,52,51.9%,41.9%,47.4%,42.9%,57.7%,52.2%,70.6%,61.5%,80.0%,66.7%
19890909-M-US_Open-SF-Andre_Agassi-Ivan_Lendl,Ivan Lendl,1,55,85.5%,63.6%,73.7%,58.3%,77.8%,66.7%,80.0%,75.0%,100.0%,100.0%
19890909-M-US_Open-SF-Andre_Agassi-Ivan_Lendl,Ivan Lendl,2,54,57.4%,51.1%,64.9%,58.1%,66.7%,60.9%,77.8%,71.4%,71.4%,63.6%
19890907-M-US_Open-SF-Tim_Mayotte-Ivan_Lendl,Tim Mayotte,1,53,52.8%,35.9%,56.0%,38.9%,77.8%,33.3%,50.0%,50.0%,100.0%,100.0%
19890907-M-US_Open-SF-Tim_Mayotte-Ivan_Lendl,Tim Mayotte,2,19,52.6%,40.0%,54.5%,50.0%,55.6%,20.0%,33.3%,0.0%,0.0%,0.0%
19890907-M-US_Open-SF-Tim_Mayotte-Ivan_Lendl,Ivan Lendl,1,51,78.4%,70.3%,78.8%,72.0%,81.8%,78.9%,78.9%,66.7%,72.7%,62.5%
19890907-M-US_Open-SF-Tim_Mayotte-Ivan_Lendl,Ivan Lendl,2,17,52.9%,38.5%,55.6%,33.3%,50.0%,33.3%,100.0%,100.0%,100.0%,100.0%
19890905-M-US_Open-R16-Jimmy_Connors-Stefan_Edberg,Jimmy Connors,1,58,70.7%,60.5%,63.4%,58.3%,65.6%,52.2%,54.5%,41.2%,50.0%,41.7%
19890905-M-US_Open-R16-Jimmy_Connors-Stefan_Edberg,Jimmy Connors,2,15,46.7%,38.5%,45.5%,33.3%,37.5%,37.5%,60.0%,50.0%,66.7%,0.0%
19890905-M-US_Open-R16-Jimmy_Connors-Stefan_Edberg,Stefan Edberg,1,34,55.9%,25.0%,38.5%,0.0%,0.0%,0.0%,-,-,-,-
19890905-M-US_Open-R16-Jimmy_Connors-Stefan_Edberg,Stefan Edberg,2,24,29.2%,26.1%,46.2%,41.7%,62.5%,40.0%,66.7%,50.0%,50.0%,50.0%
19890129-M-Australian_Open-F-Ivan_Lendl-Miloslav_Mecir,Ivan Lendl,1,31,71.0%,35.7%,41.7%,22.2%,22.2%,22.2%,28.6%,28.6%,28.6%,28.6%
19890129-M-Australian_Open-F-Ivan_Lendl-Miloslav_Mecir,Ivan Lendl,2,29,37.9%,35.7%,38.5%,33.3%,44.4%,41.2%,46.7%,33.3%,40.0%,25.0%
19890129-M-Australian_Open-F-Ivan_Lendl-Miloslav_Mecir,Miloslav Mecir,1,32,50.0%,44.8%,50.0%,45.8%,57.9%,50.0%,66.7%,50.0%,50.0%,50.0%
19890129-M-Australian_Open-F-Ivan_Lendl-Miloslav_Mecir,Miloslav Mecir,2,12,25.0%,18.2%,25.0%,25.0%,33.3%,20.0%,33.3%,33.3%,33.3%,33.3%
19890127-M-Australian_Open-SF-Thomas_Muster-Ivan_Lendl,Thomas Muster,1,78,73.1%,59.6%,63.3%,52.6%,60.6%,55.2%,61.5%,52.4%,57.9%,42.9%
19890127-M-Australian_Open-SF-Thomas_Muster-Ivan_Lendl,Thomas Muster,2,40,50.0%,42.9%,53.6%,48.0%,57.1%,50.0%,64.3%,50.0%,62.5%,57.1%
19890127-M-Australian_Open-SF-Thomas_Muster-Ivan_Lendl,Ivan Lendl,1,70,74.3%,50.0%,60.0%,33.3%,42.9%,11.1%,14.3%,0.0%,0.0%,0.0%
19890127-M-Australian_Open-SF-Thomas_Muster-Ivan_Lendl,Ivan Lendl,2,50,70.0%,63.4%,65.0%,57.6%,65.5%,54.5%,66.7%,53.8%,58.3%,44.4%
19890127-M-Australian_Open-SF-Jan_Gunnarsson-Miloslav_Mecir,Jan Gunnarsson,1,34,55.9%,25.0%,38.5%,20.0%,33.3%,0.0%,-,-,-,-
19890127-M-Australian_Open-SF-Jan_Gunnarsson-Miloslav_Mecir,Jan Gunnarsson,2,49,49.0%,43.2%,48.7%,35.5%,47.8%,29.4%,41.7%,30.0%,50.0%,40.0%
19890127-M-Australian_Open-SF-Jan_Gunnarsson-Miloslav_Mecir,Miloslav Mecir,1,64,65.6%,56.0%,70.0%,64.7%,73.3%,61.9%,68.4%,64.7%,78.6%,75.0%
19890127-M-Australian_Open-SF-Jan_Gunnarsson-Miloslav_Mecir,Miloslav Mecir,2,24,66.7%,61.9%,76.5%,69.2%,75.0%,57.1%,80.0%,75.0%,100.0%,100.0%
19890125-M-Australian_Open-QF-Ivan_Lendl-John_Mcenroe,Ivan Lendl,1,52,80.8%,71.4%,80.6%,62.5%,71.4%,63.6%,77.8%,66.7%,100.0%,-
19890125-M-Australian_Open-QF-Ivan_Lendl-John_Mcenroe,Ivan Lendl,2,35,85.7%,81.5%,95.7%,87.5%,87.5%,66.7%,100.0%,100.0%,100.0%,-
19890125-M-Australian_Open-QF-Ivan_Lendl-John_Mcenroe,John Mcenroe,1,64,73.4%,57.5%,71.9%,52.6%,83.3%,0.0%,-,-,-,-
19890125-M-Australian_Open-QF-Ivan_Lendl-John_Mcenroe,John Mcenroe,2,41,46.3%,18.5%,29.4%,20.0%,50.0%,25.0%,33.3%,0.0%,0.0%,0.0%
19890123-M-Australian_Open-R16-Jonas_Svensson-Boris_Becker,Jonas Svensson,1,48,87.5%,80.6%,86.2%,81.0%,89.5%,77.8%,77.8%,33.3%,50.0%,0.0%
19890123-M-Australian_Open-R16-Jonas_Svensson-Boris_Becker,Jonas Svensson,2,30,73.3%,66.7%,80.0%,77.8%,100.0%,100.0%,100.0%,100.0%,100.0%,100.0%
19890123-M-Australian_Open-R16-Jonas_Svensson-Boris_Becker,Boris Becker,1,46,73.9%,55.6%,78.9%,69.2%,90.0%,80.0%,80.0%,66.7%,100.0%,100.0%
19890123-M-Australian_Open-R16-Jonas_Svensson-Boris_Becker,Boris Becker,2,47,61.7%,52.6%,64.5%,60.7%,77.3%,64.3%,75.0%,62.5%,71.4%,33.3%
19880911-M-US_Open-F-Mats_Wilander-Ivan_Lendl,Mats Wilander,1,156,60.30%,53.70%,58.10%,49.00%,64.10%,58.80%,66.70%,61.50%,64.00%,56.10%
19880911-M-US_Open-F-Mats_Wilander-Ivan_Lendl,Mats Wilander,2,25,64.00%,59.10%,68.40%,62.50%,62.50%,60.00%,75.00%,72.70%,88.90%,85.70%
19880911-M-US_Open-F-Mats_Wilander-Ivan_Lendl,Ivan Lendl,1,63,73.00%,60.50%,66.70%,51.90%,53.80%,36.80%,50.00%,46.20%,50.00%,50.00%
19880911-M-US_Open-F-Mats_Wilander-Ivan_Lendl,Ivan Lendl,2,81,54.30%,51.90%,58.00%,54.00%,59.60%,52.10%,62.50%,57.10%,64.50%,56.00%
19880910-M-US_Open-SF-Andre_Agassi-Ivan_Lendl,Andre Agassi,1,58,60.3%,47.7%,56.8%,42.9%,52.2%,45.0%,56.3%,46.2%,66.7%,66.7%
19880910-M-US_Open-SF-Andre_Agassi-Ivan_Lendl,Andre Agassi,2,44,56.8%,51.3%,57.1%,40.0%,52.6%,30.8%,36.4%,30.0%,42.9%,33.3%
19880910-M-US_Open-SF-Andre_Agassi-Ivan_Lendl,Ivan Lendl,1,49,75.5%,45.5%,50.0%,37.5%,42.9%,20.0%,25.0%,14.3%,20.0%,20.0%
19880910-M-US_Open-SF-Andre_Agassi-Ivan_Lendl,Ivan Lendl,2,48,64.6%,57.5%,60.5%,50.0%,55.6%,50.0%,63.2%,56.3%,69.2%,63.6%
19880901-M-US_Open-R64-John_Mcenroe-Mark_Woodforde,John Mcenroe,1,69,59.4%,41.7%,64.5%,42.1%,66.7%,42.9%,50.0%,25.0%,50.0%,50.0%
19880901-M-US_Open-R64-John_Mcenroe-Mark_Woodforde,John Mcenroe,2,50,48.0%,36.6%,55.6%,45.5%,62.5%,33.3%,50.0%,40.0%,50.0%,50.0%
19880901-M-US_Open-R64-John_Mcenroe-Mark_Woodforde,Mark Woodforde,1,89,59.6%,50.7%,69.8%,48.4%,75.0%,54.5%,75.0%,33.3%,33.3%,33.3%
19880901-M-US_Open-R64-John_Mcenroe-Mark_Woodforde,Mark Woodforde,2,49,55.1%,50.0%,71.0%,60.9%,70.0%,45.5%,71.4%,66.7%,66.7%,33.3%
19880124-M-Australian_Open-F-Pat_Cash-Mats_Wilander,Pat Cash,1,106,67.9%,54.7%,71.9%,50.0%,76.2%,37.5%,50.0%,0.0%,0.0%,0.0%
19880124-M-Australian_Open-F-Pat_Cash-Mats_Wilander,Pat Cash,2,63,54.0%,42.0%,63.6%,55.6%,78.9%,55.6%,71.4%,50.0%,50.0%,0.0%
19880124-M-Australian_Open-F-Pat_Cash-Mats_Wilander,Mats Wilander,1,117,71.8%,62.1%,66.7%,55.7%,66.7%,50.0%,58.6%,45.5%,55.6%,46.7%
19880124-M-Australian_Open-F-Pat_Cash-Mats_Wilander,Mats Wilander,2,34,55.9%,37.5%,42.9%,25.0%,44.4%,16.7%,20.0%,20.0%,50.0%,50.0%
19880123-M-Australian_Open-SF-Stefan_Edberg-Mats_Wilander,Stefan Edberg,1,76,64.5%,49.1%,66.7%,43.5%,83.3%,50.0%,100.0%,-,-,-
19880123-M-Australian_Open-SF-Stefan_Edberg-Mats_Wilander,Stefan Edberg,2,51,39.2%,31.1%,50.0%,36.4%,57.1%,33.3%,60.0%,0.0%,0.0%,0.0%
19880123-M-Australian_Open-SF-Stefan_Edberg-Mats_Wilander,Mats Wilander,1,92,65.2%,60.0%,65.8%,49.0%,61.5%,46.4%,56.5%,44.4%,57.1%,45.5%
19880123-M-Australian_Open-SF-Stefan_Edberg-Mats_Wilander,Mats Wilander,2,27,55.6%,52.0%,65.0%,56.3%,75.0%,62.5%,62.5%,40.0%,50.0%,50.0%
19880122-M-Australian_Open-SF-Pat_Cash-Ivan_Lendl,Pat Cash,1,89,76.4%,54.3%,73.5%,43.8%,87.5%,50.0%,100.0%,-,-,-
19880122-M-Australian_Open-SF-Pat_Cash-Ivan_Lendl,Pat Cash,2,60,46.7%,28.9%,41.9%,25.0%,37.5%,9.1%,14.3%,0.0%,0.0%,0.0%
19880122-M-Australian_Open-SF-Pat_Cash-Ivan_Lendl,Ivan Lendl,1,85,68.2%,57.8%,62.7%,53.2%,62.5%,48.3%,56.0%,50.0%,61.1%,50.0%
19880122-M-Australian_Open-SF-Pat_Cash-Ivan_Lendl,Ivan Lendl,2,44,59.1%,50.0%,58.1%,51.9%,60.9%,57.1%,63.2%,46.2%,66.7%,62.5%
19870914-M-US_Open-F-Ivan_Lendl-Mats_Wilander,Ivan Lendl,1,81,77.8%,67.3%,69.8%,56.8%,63.6%,45.5%,62.5%,60.0%,64.3%,61.5%
19870914-M-US_Open-F-Ivan_Lendl-Mats_Wilander,Ivan Lendl,2,71,47.9%,45.6%,53.4%,47.1%,50.0%,45.5%,47.6%,43.6%,54.8%,46.2%
19870914-M-US_Open-F-Ivan_Lendl-Mats_Wilander,Mats Wilander,1,94,60.6%,44.8%,53.6%,42.2%,59.4%,40.9%,45.0%,38.9%,43.8%,40.0%
19870914-M-US_Open-F-Ivan_Lendl-Mats_Wilander,Mats Wilander,2,43,46.5%,39.5%,45.5%,40.0%,50.0%,42.9%,50.0%,47.1%,53.3%,50.0%
19870912-M-US_Open-SF-Stefan_Edberg-Mats_Wilander,Stefan Edberg,1,88,64.8%,54.4%,68.5%,52.8%,70.4%,20.0%,50.0%,33.3%,50.0%,0.0%
19870912-M-US_Open-SF-Stefan_Edberg-Mats_Wilander,Stefan Edberg,2,41,56.1%,51.4%,76.0%,66.7%,85.7%,60.0%,60.0%,60.0%,75.0%,50.0%
19870912-M-US_Open-SF-Stefan_Edberg-Mats_Wilander,Mats Wilander,1,93,68.8%,60.3%,63.8%,50.0%,62.5%,44.4%,57.1%,47.1%,61.5%,44.4%
19870912-M-US_Open-SF-Stefan_Edberg-Mats_Wilander,Mats Wilander,2,39,53.8%,47.1%,64.0%,52.6%,58.8%,50.0%,70.0%,62.5%,71.4%,60.0%
19870912-M-US_Open-SF-Jimmy_Connors-Ivan_Lendl,Jimmy Connors,1,62,46.8%,38.9%,43.8%,37.2%,44.4%,37.5%,44.4%,42.3%,47.8%,42.9%
19870912-M-US_Open-SF-Jimmy_Connors-Ivan_Lendl,Jimmy Connors,2,30,56.7%,51.9%,53.8%,47.8%,61.1%,58.8%,58.8%,53.3%,80.0%,80.0%
19870912-M-US_Open-SF-Jimmy_Connors-Ivan_Lendl,Ivan Lendl,1,41,78.0%,60.9%,70.0%,62.5%,71.4%,63.6%,70.0%,50.0%,75.0%,66.7%
19870912-M-US_Open-SF-Jimmy_Connors-Ivan_Lendl,Ivan Lendl,2,40,52.5%,47.2%,48.6%,40.0%,46.2%,36.4%,40.0%,29.4%,41.7%,36.4%
19870907-M-US_Open-R16-Brad_Gilbert-Boris_Becker,Brad Gilbert,1,84,67.9%,48.1%,56.8%,38.7%,63.2%,41.7%,71.4%,0.0%,0.0%,0.0%
19870907-M-US_Open-R16-Brad_Gilbert-Boris_Becker,Brad Gilbert,2,45,60.0%,51.4%,59.4%,40.9%,56.3%,22.2%,33.3%,20.0%,50.0%,0.0%
19870907-M-US_Open-R16-Brad_Gilbert-Boris_Becker,Boris Becker,1,95,62.1%,52.6%,64.5%,50.0%,75.9%,22.2%,40.0%,25.0%,25.0%,0.0%
19870907-M-US_Open-R16-Brad_Gilbert-Boris_Becker,Boris Becker,2,52,63.5%,56.8%,73.5%,52.6%,83.3%,50.0%,66.7%,50.0%,100.0%,-
19870906-M-US_Open-R32-Stefan_Edberg-Kelly_Evernden,Stefan Edberg,1,54,70.4%,50.0%,76.2%,37.5%,60.0%,0.0%,0.0%,0.0%,0.0%,0.0%
19870906-M-US_Open-R32-Stefan_Edberg-Kelly_Evernden,Stefan Edberg,2,18,50.0%,35.7%,100.0%,100.0%,100.0%,-,-,-,-,-
19870906-M-US_Open-R32-Stefan_Edberg-Kelly_Evernden,Kelly Evernden,1,42,52.4%,39.4%,48.1%,36.4%,72.7%,50.0%,75.0%,50.0%,50.0%,0.0%
19870906-M-US_Open-R32-Stefan_Edberg-Kelly_Evernden,Kelly Evernden,2,34,44.1%,36.7%,42.3%,34.8%,44.4%,9.1%,12.5%,0.0%,0.0%,0.0%
19870905-M-US_Open-R32-John_Mcenroe-Slobodan_Zivojinovic,John Mcenroe,1,97,75.3%,53.8%,77.8%,46.7%,100.0%,100.0%,100.0%,-,-,-
19870905-M-US_Open-R32-John_Mcenroe-Slobodan_Zivojinovic,John Mcenroe,2,53,60.4%,52.3%,79.3%,64.7%,73.3%,55.6%,62.5%,40.0%,50.0%,50.0%
19870905-M-US_Open-R32-John_Mcenroe-Slobodan_Zivojinovic,Slobodan Zivojinovic,1,61,82.0%,47.6%,58.8%,30.0%,60.0%,0.0%,0.0%,0.0%,-,-
19870905-M-US_Open-R32-John_Mcenroe-Slobodan_Zivojinovic,Slobodan Zivojinovic,2,84,54.8%,45.7%,68.1%,44.4%,63.2%,30.0%,60.0%,0.0%,0.0%,0.0%
19870904-M-US_Open-R64-Stefan_Edberg-Dan_Goldie,Stefan Edberg,1,84,73.8%,63.3%,80.9%,40.0%,60.0%,20.0%,50.0%,0.0%,0.0%,0.0%
19870904-M-US_Open-R64-Stefan_Edberg-Dan_Goldie,Stefan Edberg,2,39,74.4%,64.3%,75.0%,50.0%,60.0%,33.3%,66.7%,50.0%,100.0%,100.0%
19870904-M-US_Open-R64-Stefan_Edberg-Dan_Goldie,Dan Goldie,1,70,65.7%,53.8%,70.0%,42.9%,75.0%,25.0%,100.0%,-,-,-
19870904-M-US_Open-R64-Stefan_Edberg-Dan_Goldie,Dan Goldie,2,45,68.9%,53.3%,80.0%,60.0%,85.7%,0.0%,-,-,-,-
19870903-M-US_Open-R32-Andrew_Castle-Boris_Becker,Andrew Castle,1,73,68.5%,50.0%,67.6%,52.2%,85.7%,50.0%,100.0%,100.0%,100.0%,-
19870903-M-US_Open-R32-Andrew_Castle-Boris_Becker,Andrew Castle,2,47,42.6%,34.1%,58.3%,47.4%,64.3%,44.4%,80.0%,50.0%,100.0%,-
19870903-M-US_Open-R32-Andrew_Castle-Boris_Becker,Boris Becker,1,81,79.0%,60.5%,74.3%,52.6%,71.4%,33.3%,100.0%,-,-,-
19870903-M-US_Open-R32-Andrew_Castle-Boris_Becker,Boris Becker,2,30,46.7%,33.3%,47.1%,25.0%,60.0%,60.0%,100.0%,100.0%,100.0%,100.0%
19870901-M-US_Open-R128-Boris_Becker-Tim_Wilkison,Boris Becker,1,66,72.7%,63.3%,72.1%,60.0%,78.3%,54.5%,60.0%,50.0%,57.1%,40.0%
19870901-M-US_Open-R128-Boris_Becker-Tim_Wilkison,Boris Becker,2,50,64.0%,60.0%,64.3%,55.9%,65.5%,50.0%,62.5%,57.1%,66.7%,50.0%
19870901-M-US_Open-R128-Boris_Becker-Tim_Wilkison,Tim Wilkison,1,100,63.0%,42.2%,55.1%,38.9%,73.7%,61.5%,80.0%,50.0%,66.7%,50.0%
19870901-M-US_Open-R128-Boris_Becker-Tim_Wilkison,Tim Wilkison,2,26,50.0%,35.0%,50.0%,30.0%,60.0%,0.0%,-,-,-,-
19870901-M-US_Open-QF-John_Mcenroe-Ivan_Lendl,John Mcenroe,1,48,72.90%,48.00%,70.60%,28.60%,66.70%,0.00%,-,-,-,-
19870901-M-US_Open-QF-John_Mcenroe-Ivan_Lendl,John Mcenroe,2,32,59.40%,43.50%,66.70%,37.50%,100.00%,-,-,-,-,-
19870901-M-US_Open-QF-John_Mcenroe-Ivan_Lendl,Ivan Lendl,1,47,76.60%,57.70%,78.90%,66.70%,66.70%,55.60%,55.60%,42.90%,60.00%,0.00%
19870901-M-US_Open-QF-John_Mcenroe-Ivan_Lendl,Ivan Lendl,2,25,88.00%,82.40%,87.50%,66.70%,80.00%,50.00%,50.00%,0.00%,-,-
19870125-M-Australian_Open-F-Stefan_Edberg-Pat_Cash,Stefan Edberg,1,92,69.6%,54.8%,75.6%,45.0%,90.0%,66.7%,100.0%,-,-,-
19870125-M-Australian_Open-F-Stefan_Edberg-Pat_Cash,Stefan Edberg,2,54,57.4%,51.1%,82.8%,37.5%,75.0%,0.0%,0.0%,0.0%,0.0%,0.0%
19870125-M-Australian_Open-F-Stefan_Edberg-Pat_Cash,Pat Cash,1,95,71.6%,55.7%,73.9%,61.3%,95.0%,80.0%,100.0%,100.0%,100.0%,-
19870125-M-Australian_Open-F-Stefan_Edberg-Pat_Cash,Pat Cash,2,60,51.7%,40.8%,62.5%,40.0%,72.7%,0.0%,0.0%,0.0%,-,-
19870123-M-Australian_Open-SF-Wally_Masur-Stefan_Edberg,Wally Masur,1,77,62.3%,45.3%,68.6%,52.2%,85.7%,0.0%,0.0%,0.0%,-,-
19870123-M-Australian_Open-SF-Wally_Masur-Stefan_Edberg,Wally Masur,2,43,44.2%,29.4%,45.5%,25.0%,80.0%,0.0%,-,-,-,-
19870123-M-Australian_Open-SF-Wally_Masur-Stefan_Edberg,Stefan Edberg,1,54,75.9%,62.9%,88.0%,70.0%,87.5%,50.0%,100.0%,100.0%,100.0%,-
19870123-M-Australian_Open-SF-Wally_Masur-Stefan_Edberg,Stefan Edberg,2,28,78.6%,71.4%,88.2%,66.7%,100.0%,100.0%,100.0%,-,-,-
19870123-M-Australian_Open-SF-Pat_Cash-Ivan_Lendl,Pat Cash,1,59,74.6%,60.5%,79.3%,57.1%,100.0%,100.0%,100.0%,-,-,-
19870123-M-Australian_Open-SF-Pat_Cash-Ivan_Lendl,Pat Cash,2,32,46.9%,34.6%,56.3%,30.0%,50.0%,0.0%,-,-,-,-
19870123-M-Australian_Open-SF-Pat_Cash-Ivan_Lendl,Ivan Lendl,1,73,67.1%,52.9%,73.0%,41.2%,87.5%,0.0%,-,-,-,-
19870123-M-Australian_Open-SF-Pat_Cash-Ivan_Lendl,Ivan Lendl,2,46,52.2%,47.6%,76.9%,50.0%,75.0%,33.3%,100.0%,-,-,-
19860907-M-US_Open-F-Miloslav_Mecir-Ivan_Lendl,Miloslav Mecir,1,60,51.7%,40.8%,51.3%,38.7%,46.2%,33.3%,43.8%,25.0%,42.9%,33.3%
19860907-M-US_Open-F-Miloslav_Mecir-Ivan_Lendl,Miloslav Mecir,2,36,47.2%,40.6%,46.4%,42.3%,52.4%,37.5%,60.0%,50.0%,100.0%,100.0%
19860907-M-US_Open-F-Miloslav_Mecir-Ivan_Lendl,Ivan Lendl,1,38,81.6%,70.8%,81.0%,71.4%,83.3%,80.0%,88.9%,87.5%,100.0%,100.0%
19860907-M-US_Open-F-Miloslav_Mecir-Ivan_Lendl,Ivan Lendl,2,19,57.9%,46.7%,46.7%,46.7%,53.8%,50.0%,54.5%,50.0%,62.5%,40.0%
19860906-M-US_Open-SF-Stefan_Edberg-Ivan_Lendl,Stefan Edberg,1,64,65.6%,45.0%,60.0%,25.0%,40.0%,25.0%,66.7%,50.0%,50.0%,0.0%
19860906-M-US_Open-SF-Stefan_Edberg-Ivan_Lendl,Stefan Edberg,2,35,54.3%,42.9%,66.7%,33.3%,42.9%,0.0%,0.0%,0.0%,0.0%,0.0%
19860906-M-US_Open-SF-Stefan_Edberg-Ivan_Lendl,Ivan Lendl,1,66,75.8%,61.9%,70.3%,56.0%,73.7%,64.3%,64.3%,50.0%,71.4%,60.0%
19860906-M-US_Open-SF-Stefan_Edberg-Ivan_Lendl,Ivan Lendl,2,27,74.1%,70.8%,81.0%,66.7%,80.0%,71.4%,83.3%,80.0%,80.0%,75.0%
19860906-M-US_Open-SF-Miloslav_Mecir-Boris_Becker,Miloslav Mecir,1,123,67.5%,58.3%,68.3%,55.2%,68.1%,62.5%,83.3%,73.7%,82.4%,57.1%
19860906-M-US_Open-SF-Miloslav_Mecir-Boris_Becker,Miloslav Mecir,2,37,48.6%,44.1%,60.0%,44.4%,57.1%,50.0%,60.0%,42.9%,75.0%,0.0%
19860906-M-US_Open-SF-Miloslav_Mecir-Boris_Becker,Boris Becker,1,99,71.7%,47.2%,64.1%,36.4%,57.1%,14.3%,50.0%,0.0%,-,-
19860906-M-US_Open-SF-Miloslav_Mecir-Boris_Becker,Boris Becker,2,53,58.5%,46.3%,54.3%,40.7%,55.0%,30.8%,50.0%,20.0%,50.0%,50.0%
19860904-M-US_Open-QF-Henri_Leconte-Ivan_Lendl,Henri Leconte,1,35,74.3%,47.1%,72.7%,40.0%,100.0%,-,-,-,-,-
19860904-M-US_Open-QF-Henri_Leconte-Ivan_Lendl,Henri Leconte,2,35,62.9%,45.8%,64.7%,33.3%,75.0%,50.0%,100.0%,-,-,-
19860904-M-US_Open-QF-Henri_Leconte-Ivan_Lendl,Ivan Lendl,1,31,71.0%,52.6%,52.6%,35.7%,50.0%,37.5%,50.0%,40.0%,66.7%,50.0%
19860904-M-US_Open-QF-Henri_Leconte-Ivan_Lendl,Ivan Lendl,2,26,53.8%,47.8%,57.9%,50.0%,57.1%,45.5%,62.5%,40.0%,50.0%,33.3%
19860826-M-US_Open-R128-John_Mcenroe-Paul_Annacone,John Mcenroe,1,61,67.2%,54.5%,68.6%,47.6%,83.3%,33.3%,50.0%,50.0%,50.0%,0.0%
19860826-M-US_Open-R128-John_Mcenroe-Paul_Annacone,John Mcenroe,2,34,55.9%,37.5%,64.3%,44.4%,66.7%,0.0%,0.0%,0.0%,0.0%,0.0%
19860826-M-US_Open-R128-John_Mcenroe-Paul_Annacone,Paul Annacone,1,60,78.3%,51.9%,66.7%,41.7%,100.0%,100.0%,100.0%,-,-,-
19860826-M-US_Open-R128-John_Mcenroe-Paul_Annacone,Paul Annacone,2,40,55.0%,47.1%,50.0%,36.0%,47.4%,33.3%,45.5%,40.0%,66.7%,50.0%
19851208-M-Australian_Open-F-Stefan_Edberg-Mats_Wilander,Stefan Edberg,1,44,88.6%,77.3%,85.0%,62.5%,83.3%,50.0%,50.0%,0.0%,-,-
19851208-M-Australian_Open-F-Stefan_Edberg-Mats_Wilander,Stefan Edberg,2,28,64.3%,54.5%,70.6%,28.6%,66.7%,0.0%,-,-,-,-
19851208-M-Australian_Open-F-Stefan_Edberg-Mats_Wilander,Mats Wilander,1,57,71.9%,56.8%,65.6%,35.3%,66.7%,25.0%,50.0%,0.0%,-,-
19851208-M-Australian_Open-F-Stefan_Edberg-Mats_Wilander,Mats Wilander,2,37,45.9%,33.3%,40.0%,31.8%,46.7%,27.3%,37.5%,16.7%,33.3%,0.0%
19851207-M-Australian_Open-SF-Stefan_Edberg-Ivan_Lendl,Stefan Edberg,1,113,73.5%,57.7%,82.0%,52.6%,100.0%,100.0%,100.0%,-,-,-
19851207-M-Australian_Open-SF-Stefan_Edberg-Ivan_Lendl,Stefan Edberg,2,56,64.3%,44.4%,72.7%,33.3%,75.0%,0.0%,0.0%,0.0%,0.0%,0.0%
19851207-M-Australian_Open-SF-Stefan_Edberg-Ivan_Lendl,Ivan Lendl,1,124,65.3%,46.9%,60.3%,34.2%,72.2%,16.7%,50.0%,0.0%,-,-
19851207-M-Australian_Open-SF-Stefan_Edberg-Ivan_Lendl,Ivan Lendl,2,70,55.7%,45.6%,59.1%,43.8%,66.7%,36.4%,80.0%,50.0%,100.0%,100.0%
19851206-M-Australian_Open-SF-Mats_Wilander-Slobodan_Zivojinovic,Mats Wilander,1,23,87.0%,66.7%,100.0%,100.0%,100.0%,100.0%,100.0%,-,-,-
19851206-M-Australian_Open-SF-Mats_Wilander-Slobodan_Zivojinovic,Mats Wilander,2,15,40.0%,35.7%,55.6%,50.0%,57.1%,25.0%,50.0%,50.0%,50.0%,50.0%
19851206-M-Australian_Open-SF-Mats_Wilander-Slobodan_Zivojinovic,Slobodan Zivojinovic,1,30,60.0%,36.8%,53.8%,25.0%,66.7%,50.0%,100.0%,100.0%,100.0%,100.0%
19851206-M-Australian_Open-SF-Mats_Wilander-Slobodan_Zivojinovic,Slobodan Zivojinovic,2,15,40.0%,10.0%,33.3%,0.0%,0.0%,0.0%,0.0%,0.0%,0.0%,0.0%
19851202-M-Australian_Open-R16-Henri_Leconte-John_Mcenroe,Henri Leconte,1,82,69.5%,45.7%,58.3%,37.5%,81.8%,0.0%,-,-,-,-
19851202-M-Australian_Open-R16-Henri_Leconte-John_Mcenroe,Henri Leconte,2,63,71.4%,58.1%,89.3%,62.5%,83.3%,0.0%,-,-,-,-
19851202-M-Australian_Open-R16-Henri_Leconte-John_Mcenroe,John Mcenroe,1,106,70.8%,44.6%,73.5%,47.1%,100.0%,100.0%,100.0%,100.0%,100.0%,-
19851202-M-Australian_Open-R16-Henri_Leconte-John_Mcenroe,John Mcenroe,2,80,55.0%,36.8%,65.6%,42.1%,72.7%,57.1%,100.0%,100.0%,100.0%,100.0%
19850908-M-US_Open-F-John_Mcenroe-Ivan_Lendl,John Mcenroe,1,51,74.50%,59.40%,79.20%,50.00%,71.40%,0.00%,0.00%,0.00%,0.00%,0.00%
19850908-M-US_Open-F-John_Mcenroe-Ivan_Lendl,John Mcenroe,2,36,52.80%,32.00%,50.00%,0.00%,0.00%,0.00%,0.00%,0.00%,0.00%,0.00%
19850908-M-US_Open-F-John_Mcenroe-Ivan_Lendl,Ivan Lendl,1,51,88.20%,82.90%,93.50%,88.90%,88.90%,66.70%,80.00%,50.00%,100.00%,-
19850908-M-US_Open-F-John_Mcenroe-Ivan_Lendl,Ivan Lendl,2,33,66.70%,45.00%,64.30%,28.60%,33.30%,0.00%,-,-,-,-
19850907-M-US_Open-SF-Mats_Wilander-John_Mcenroe,Mats Wilander,1,100,58.0%,47.5%,55.1%,34.0%,51.6%,31.8%,43.8%,25.0%,37.5%,37.5%
19850907-M-US_Open-SF-Mats_Wilander-John_Mcenroe,Mats Wilander,2,45,57.8%,51.3%,54.1%,32.0%,66.7%,50.0%,66.7%,50.0%,100.0%,-
19850907-M-US_Open-SF-Mats_Wilander-John_Mcenroe,John Mcenroe,1,73,72.6%,58.3%,87.5%,63.6%,87.5%,50.0%,100.0%,-,-,-
19850907-M-US_Open-SF-Mats_Wilander-John_Mcenroe,John Mcenroe,2,67,50.7%,40.0%,50.0%,40.5%,60.0%,23.1%,37.5%,0.0%,0.0%,0.0%
19850907-M-US_Open-SF-Ivan_Lendl-Jimmy_Connors,Ivan Lendl,1,41,75.6%,54.5%,63.2%,30.0%,37.5%,28.6%,33.3%,20.0%,25.0%,25.0%
19850907-M-US_Open-SF-Ivan_Lendl-Jimmy_Connors,Ivan Lendl,2,39,66.7%,60.6%,64.5%,59.3%,66.7%,57.9%,57.9%,55.6%,62.5%,60.0%
19850907-M-US_Open-SF-Ivan_Lendl-Jimmy_Connors,Jimmy Connors,1,49,55.1%,45.0%,52.9%,48.4%,55.6%,45.5%,62.5%,57.1%,72.7%,70.0%
19850907-M-US_Open-SF-Ivan_Lendl-Jimmy_Connors,Jimmy Connors,2,17,41.2%,37.5%,54.5%,54.5%,60.0%,50.0%,50.0%,42.9%,42.9%,33.3%
19850907-M-US_Open-SF-Ivan_Lendl-Jimmy_Connors,Ivan Lendl,1,41,75.6%,54.5%,63.2%,30.0%,37.5%,28.6%,33.3%,20.0%,25.0%,25.0%
19850907-M-US_Open-SF-Ivan_Lendl-Jimmy_Connors,Ivan Lendl,2,37,70.3%,64.5%,69.0%,64.0%,72.7%,64.7%,64.7%,62.5%,66.7%,64.3%
19850907-M-US_Open-SF-Ivan_Lendl-Jimmy_Connors,Jimmy Connors,1,44,56.8%,48.6%,58.1%,53.6%,60.0%,50.0%,71.4%,66.7%,72.7%,70.0%
19850907-M-US_Open-SF-Ivan_Lendl-Jimmy_Connors,Jimmy Connors,2,16,43.8%,40.0%,60.0%,60.0%,66.7%,57.1%,57.1%,50.0%,50.0%,50.0%
19841209-M-Australian_Open-F-Mats_Wilander-Kevin_Curren,Mats Wilander,1,115,70.4%,54.7%,67.2%,44.1%,83.3%,25.0%,100.0%,-,-,-
19841209-M-Australian_Open-F-Mats_Wilander-Kevin_Curren,Mats Wilander,2,34,58.8%,54.8%,56.7%,45.8%,68.8%,44.4%,57.1%,40.0%,40.0%,0.0%
19841209-M-Australian_Open-F-Mats_Wilander-Kevin_Curren,Kevin Curren,1,73,78.1%,64.4%,78.4%,38.5%,71.4%,33.3%,100.0%,-,-,-
19841209-M-Australian_Open-F-Mats_Wilander-Kevin_Curren,Kevin Curren,2,73,41.1%,31.7%,48.8%,34.4%,78.6%,25.0%,100.0%,-,-,-
19840909-M-US_Open-F-John_Mcenroe-Ivan_Lendl,John Mcenroe,1,44,84.10%,58.80%,66.70%,37.50%,100.00%,100.00%,100.00%,-,-,-
19840909-M-US_Open-F-John_Mcenroe-Ivan_Lendl,John Mcenroe,2,22,81.80%,73.30%,91.70%,80.00%,80.00%,0.00%,-,-,-,-
19840909-M-US_Open-F-John_Mcenroe-Ivan_Lendl,Ivan Lendl,1,52,61.50%,50.00%,58.80%,36.40%,61.50%,16.70%,25.00%,0.00%,0.00%,0.00%
19840909-M-US_Open-F-John_Mcenroe-Ivan_Lendl,Ivan Lendl,2,30,50.00%,44.40%,63.20%,36.40%,50.00%,0.00%,0.00%,0.00%,-,-
19840908-M-US_Open-SF-Pat_Cash-Ivan_Lendl,Pat Cash,1,92,76.1%,54.2%,65.0%,51.7%,75.0%,54.5%,66.7%,25.0%,50.0%,0.0%
19840908-M-US_Open-SF-Pat_Cash-Ivan_Lendl,Pat Cash,2,66,56.1%,43.1%,61.1%,46.2%,63.2%,36.4%,50.0%,33.3%,40.0%,25.0%
19840908-M-US_Open-SF-Pat_Cash-Ivan_Lendl,Ivan Lendl,1,86,80.2%,65.3%,71.1%,59.4%,73.1%,65.0%,68.4%,45.5%,55.6%,42.9%
19840908-M-US_Open-SF-Pat_Cash-Ivan_Lendl,Ivan Lendl,2,70,60.0%,50.0%,58.3%,48.7%,57.6%,46.2%,54.5%,41.2%,53.8%,40.0%
19840908-M-US_Open-SF-John_Mcenroe-Jimmy_Connors,John Mcenroe,1,97,76.3%,57.4%,75.6%,50.0%,83.3%,66.7%,80.0%,50.0%,100.0%,-
19840908-M-US_Open-SF-John_Mcenroe-Jimmy_Connors,John Mcenroe,2,54,42.6%,31.1%,51.9%,35.0%,63.6%,33.3%,50.0%,50.0%,50.0%,0.0%
19840908-M-US_Open-SF-John_Mcenroe-Jimmy_Connors,Jimmy Connors,1,124,56.5%,47.1%,56.5%,46.4%,58.2%,47.7%,58.3%,40.0%,52.6%,30.8%
19840908-M-US_Open-SF-John_Mcenroe-Jimmy_Connors,Jimmy Connors,2,36,61.1%,53.3%,69.6%,46.2%,75.0%,33.3%,50.0%,0.0%,0.0%,0.0%
19831211-M-Australian_Open-F-Mats_Wilander-Ivan_Lendl,Mats Wilander,1,44,81.8%,72.4%,80.8%,61.5%,88.9%,66.7%,100.0%,-,-,-
19831211-M-Australian_Open-F-Mats_Wilander-Ivan_Lendl,Mats Wilander,2,37,56.8%,40.7%,45.8%,40.9%,45.0%,45.0%,56.3%,56.3%,64.3%,61.5%
19831211-M-Australian_Open-F-Mats_Wilander-Ivan_Lendl,Ivan Lendl,1,37,67.6%,40.0%,57.1%,40.0%,50.0%,20.0%,33.3%,33.3%,50.0%,50.0%
19831211-M-Australian_Open-F-Mats_Wilander-Ivan_Lendl,Ivan Lendl,2,49,53.1%,48.9%,61.1%,54.8%,65.4%,60.9%,60.9%,52.6%,58.8%,53.3%
19831209-M-Australian_Open-SF-Mats_Wilander-John_Mcenroe,Mats Wilander,1,11,63.6%,55.6%,62.5%,25.0%,33.3%,0.0%,0.0%,0.0%,0.0%,0.0%
19831209-M-Australian_Open-SF-Mats_Wilander-John_Mcenroe,Mats Wilander,2,8,75.0%,75.0%,75.0%,66.7%,80.0%,80.0%,80.0%,66.7%,66.7%,50.0%
19831209-M-Australian_Open-SF-Mats_Wilander-John_Mcenroe,John Mcenroe,1,12,58.3%,44.4%,57.1%,25.0%,100.0%,-,-,-,-,-
19831209-M-Australian_Open-SF-Mats_Wilander-John_Mcenroe,John Mcenroe,2,8,25.0%,25.0%,50.0%,33.3%,33.3%,0.0%,0.0%,0.0%,0.0%,0.0%
19830911-M-US_Open-F-Jimmy_Connors-Ivan_Lendl,Jimmy Connors,1,86,61.6%,46.8%,53.7%,44.4%,55.6%,42.9%,54.5%,41.2%,46.7%,38.5%
19830911-M-US_Open-F-Jimmy_Connors-Ivan_Lendl,Jimmy Connors,2,24,58.3%,44.4%,50.0%,42.9%,50.0%,33.3%,37.5%,16.7%,20.0%,0.0%
19830911-M-US_Open-F-Jimmy_Connors-Ivan_Lendl,Ivan Lendl,1,70,60.0%,36.4%,50.0%,30.4%,50.0%,41.7%,55.6%,42.9%,50.0%,40.0%
19830911-M-US_Open-F-Jimmy_Connors-Ivan_Lendl,Ivan Lendl,2,77,44.2%,41.1%,48.4%,37.3%,45.2%,32.4%,42.3%,37.5%,47.4%,41.2%
19830909-M-US_Open-SF-Jimmy_Connors-Bill_Scanlon,Jimmy Connors,1,53,67.9%,55.3%,58.3%,40.0%,58.8%,22.2%,40.0%,40.0%,100.0%,100.0%
19830909-M-US_Open-SF-Jimmy_Connors-Bill_Scanlon,Jimmy Connors,2,27,77.8%,64.7%,78.6%,66.7%,85.7%,75.0%,75.0%,50.0%,50.0%,50.0%
19830909-M-US_Open-SF-Jimmy_Connors-Bill_Scanlon,Bill Scanlon,1,50,60.0%,41.2%,58.3%,47.4%,69.2%,20.0%,50.0%,50.0%,100.0%,100.0%
19830909-M-US_Open-SF-Jimmy_Connors-Bill_Scanlon,Bill Scanlon,2,45,48.9%,34.3%,54.5%,41.2%,53.8%,33.3%,42.9%,33.3%,40.0%,0.0%
19830909-M-US_Open-SF-Jimmy_Arias-Ivan_Lendl,Jimmy Arias,1,50,54.0%,39.5%,45.5%,33.3%,39.1%,36.4%,57.1%,53.8%,63.6%,55.6%
19830909-M-US_Open-SF-Jimmy_Arias-Ivan_Lendl,Jimmy Arias,2,37,51.4%,45.5%,53.6%,50.0%,59.1%,50.0%,56.3%,41.7%,50.0%,50.0%
19830909-M-US_Open-SF-Jimmy_Arias-Ivan_Lendl,Ivan Lendl,1,57,78.9%,52.0%,68.4%,50.0%,66.7%,50.0%,60.0%,33.3%,33.3%,33.3%
19830909-M-US_Open-SF-Jimmy_Arias-Ivan_Lendl,Ivan Lendl,2,41,51.2%,44.4%,51.6%,42.3%,52.4%,44.4%,50.0%,33.3%,40.0%,40.0%
19821213-M-Australian_Open-F-Steve_Denton-Johan_Kriek,Steve Denton,1,44,70.5%,31.6%,54.5%,28.6%,100.0%,100.0%,100.0%,-,-,-
19821213-M-Australian_Open-F-Steve_Denton-Johan_Kriek,Steve Denton,2,31,35.5%,20.0%,35.7%,18.2%,50.0%,0.0%,-,-,-,-
19821213-M-Australian_Open-F-Steve_Denton-Johan_Kriek,Johan Kriek,1,43,72.1%,47.8%,84.6%,66.7%,100.0%,-,-,-,-,-
19821213-M-Australian_Open-F-Steve_Denton-Johan_Kriek,Johan Kriek,2,41,68.3%,53.6%,68.2%,36.4%,66.7%,0.0%,-,-,-,-
19820912-M-US_Open-F-Jimmy_Connors-Ivan_Lendl,Jimmy Connors,1,72,68.10%,58.90%,68.80%,53.10%,58.60%,47.80%,52.40%,44.40%,53.30%,36.40%
19820912-M-US_Open-F-Jimmy_Connors-Ivan_Lendl,Jimmy Connors,2,40,60.00%,54.30%,63.30%,59.30%,76.20%,66.70%,66.70%,61.50%,72.70%,66.70%
19820912-M-US_Open-F-Jimmy_Connors-Ivan_Lendl,Ivan Lendl,1,67,59.70%,32.50%,39.40%,28.60%,34.80%,16.70%,30.00%,30.00%,37.50%,28.60%
19820912-M-US_Open-F-Jimmy_Connors-Ivan_Lendl,Ivan Lendl,2,57,49.10%,44.20%,46.90%,33.30%,41.90%,30.80%,36.40%,26.30%,38.50%,38.50%
19820911-M-US_Open-SF-John_Mcenroe-Ivan_Lendl,John Mcenroe,1,51,70.6%,46.4%,72.2%,28.6%,40.0%,0.0%,-,-,-,-
19820911-M-US_Open-SF-John_Mcenroe-Ivan_Lendl,John Mcenroe,2,50,66.0%,55.3%,65.6%,47.6%,62.5%,45.5%,71.4%,60.0%,100.0%,100.0%
19820911-M-US_Open-SF-John_Mcenroe-Ivan_Lendl,Ivan Lendl,1,56,83.9%,76.3%,87.9%,77.8%,93.3%,90.0%,100.0%,100.0%,100.0%,100.0%
19820911-M-US_Open-SF-John_Mcenroe-Ivan_Lendl,Ivan Lendl,2,45,62.2%,51.4%,66.7%,47.1%,72.7%,57.1%,66.7%,60.0%,75.0%,50.0%
19810913-M-US_Open-F-John_Mcenroe-Bjorn_Borg,John Mcenroe,1,59,74.60%,55.90%,82.60%,60.00%,100.00%,100.00%,100.00%,100.00%,100.00%,-
19810913-M-US_Open-F-John_Mcenroe-Bjorn_Borg,John Mcenroe,2,47,57.40%,47.40%,62.10%,45.00%,69.20%,60.00%,66.70%,57.10%,80.00%,66.70%
19810913-M-US_Open-F-John_Mcenroe-Bjorn_Borg,Bjorn Borg,1,62,62.90%,43.90%,47.40%,39.40%,52.00%,50.00%,66.70%,53.80%,58.30%,54.50%
19810913-M-US_Open-F-John_Mcenroe-Bjorn_Borg,Bjorn Borg,2,43,53.50%,50.00%,64.50%,47.60%,58.80%,46.20%,50.00%,40.00%,44.40%,0.00%
19810912-M-US_Open-SF-Jimmy_Connors-Bjorn_Borg,Jimmy Connors,1,76,57.9%,52.9%,62.1%,56.9%,61.7%,56.1%,63.9%,50.0%,56.5%,50.0%
19810912-M-US_Open-SF-Jimmy_Connors-Bjorn_Borg,Jimmy Connors,2,20,55.0%,50.0%,56.3%,46.2%,50.0%,40.0%,40.0%,25.0%,28.6%,16.7%
19810912-M-US_Open-SF-Jimmy_Connors-Bjorn_Borg,Bjorn Borg,1,47,83.0%,50.0%,66.7%,60.0%,66.7%,62.5%,71.4%,66.7%,80.0%,75.0%
19810912-M-US_Open-SF-Jimmy_Connors-Bjorn_Borg,Bjorn Borg,2,51,52.9%,46.7%,52.5%,47.2%,53.1%,42.3%,45.8%,35.0%,46.7%,42.9%
19810911-M-US_Open-SF-Vitas_Gerulaitis-John_Mcenroe,Vitas Gerulaitis,1,75,77.3%,66.0%,73.3%,50.0%,70.6%,44.4%,57.1%,50.0%,75.0%,50.0%
19810911-M-US_Open-SF-Vitas_Gerulaitis-John_Mcenroe,Vitas Gerulaitis,2,42,50.0%,41.7%,45.5%,30.8%,50.0%,27.3%,33.3%,25.0%,40.0%,25.0%
19810911-M-US_Open-SF-Vitas_Gerulaitis-John_Mcenroe,John Mcenroe,1,86,77.9%,61.2%,76.9%,52.6%,83.3%,60.0%,100.0%,100.0%,100.0%,-
19810911-M-US_Open-SF-Vitas_Gerulaitis-John_Mcenroe,John Mcenroe,2,57,63.2%,55.3%,70.3%,57.7%,83.3%,75.0%,90.0%,83.3%,83.3%,75.0%
19810104-M-Australian_Open-F-Kim_Warwick-Brian_Teacher,Kim Warwick,1,75,68.0%,56.4%,81.6%,68.2%,83.3%,40.0%,66.7%,50.0%,100.0%,-
19810104-M-Australian_Open-F-Kim_Warwick-Brian_Teacher,Kim Warwick,2,27,59.3%,38.9%,70.0%,40.0%,66.7%,50.0%,100.0%,-,-,-
19810104-M-Australian_Open-F-Kim_Warwick-Brian_Teacher,Brian Teacher,1,70,77.1%,67.3%,78.6%,65.4%,85.0%,40.0%,100.0%,100.0%,100.0%,-
19810104-M-Australian_Open-F-Kim_Warwick-Brian_Teacher,Brian Teacher,2,28,71.4%,57.9%,78.6%,66.7%,100.0%,100.0%,100.0%,-,-,-
19800907-M-US_Open-F-John_Mcenroe-Bjorn_Borg,John Mcenroe,1,98,75.5%,52.9%,79.4%,53.3%,88.9%,50.0%,50.0%,0.0%,-,-
19800907-M-US_Open-F-John_Mcenroe-Bjorn_Borg,John Mcenroe,2,60,55.0%,35.7%,55.6%,29.4%,62.5%,57.1%,57.1%,50.0%,75.0%,66.7%
19800907-M-US_Open-F-John_Mcenroe-Bjorn_Borg,Bjorn Borg,1,78,66.7%,57.4%,68.6%,60.0%,70.6%,47.4%,56.3%,41.7%,50.0%,28.6%
19800907-M-US_Open-F-John_Mcenroe-Bjorn_Borg,Bjorn Borg,2,67,58.2%,54.8%,63.0%,45.9%,70.8%,61.1%,68.8%,58.3%,70.0%,57.1%
19800906-M-US_Open-SF-John_Mcenroe-Jimmy_Connors,John Mcenroe,1,98,62.2%,32.7%,51.4%,32.0%,88.9%,0.0%,-,-,-,-
19800906-M-US_Open-SF-John_Mcenroe-Jimmy_Connors,John Mcenroe,2,62,58.1%,42.2%,65.5%,52.4%,78.6%,57.1%,80.0%,50.0%,50.0%,0.0%
19800906-M-US_Open-SF-John_Mcenroe-Jimmy_Connors,Jimmy Connors,1,123,62.6%,56.2%,62.8%,53.3%,62.5%,52.0%,59.1%,51.4%,65.5%,44.4%
19800906-M-US_Open-SF-John_Mcenroe-Jimmy_Connors,Jimmy Connors,2,32,68.8%,64.3%,81.8%,69.2%,81.8%,75.0%,85.7%,75.0%,75.0%,66.7%
19800906-M-US_Open-SF-Johan_Kriek-Bjorn_Borg,Johan Kriek,1,40,55.0%,35.7%,55.6%,33.3%,66.7%,33.3%,100.0%,-,-,-
19800906-M-US_Open-SF-Johan_Kriek-Bjorn_Borg,Johan Kriek,2,45,33.3%,23.1%,45.0%,21.4%,37.5%,16.7%,25.0%,25.0%,50.0%,50.0%
19800906-M-US_Open-SF-Johan_Kriek-Bjorn_Borg,Bjorn Borg,1,31,71.0%,62.5%,83.3%,75.0%,81.8%,60.0%,75.0%,75.0%,75.0%,66.7%
19800906-M-US_Open-SF-Johan_Kriek-Bjorn_Borg,Bjorn Borg,2,31,67.7%,58.3%,70.0%,60.0%,90.0%,80.0%,80.0%,75.0%,75.0%,0.0%
19790107-M-Australian_Open-F-John_Marks-Guillermo_Vilas,John Marks,1,80,65.0%,40.4%,52.8%,29.2%,77.8%,60.0%,75.0%,0.0%,-,-
19790107-M-Australian_Open-F-John_Marks-Guillermo_Vilas,John Marks,2,47,61.7%,51.4%,65.5%,54.5%,92.3%,66.7%,100.0%,-,-,-
19790107-M-Australian_Open-F-John_Marks-Guillermo_Vilas,Guillermo Vilas,1,76,68.4%,58.6%,79.1%,59.1%,81.3%,40.0%,100.0%,100.0%,100.0%,-
19790107-M-Australian_Open-F-John_Marks-Guillermo_Vilas,Guillermo Vilas,2,44,68.2%,58.8%,69.0%,52.6%,71.4%,50.0%,80.0%,0.0%,0.0%,0.0%
19770911-M-US_Open-F-Guillermo_Vilas-Jimmy_Connors,Guillermo Vilas,1,78,64.1%,48.1%,49.1%,44.9%,52.4%,41.2%,43.8%,35.7%,43.5%,31.6%
19770911-M-US_Open-F-Guillermo_Vilas-Jimmy_Connors,Guillermo Vilas,2,40,62.5%,55.9%,67.9%,60.9%,70.0%,57.1%,66.7%,50.0%,50.0%,42.9%
19770911-M-US_Open-F-Guillermo_Vilas-Jimmy_Connors,Jimmy Connors,1,69,60.9%,50.9%,62.2%,52.8%,57.6%,44.0%,55.0%,50.0%,69.2%,63.6%
19770911-M-US_Open-F-Guillermo_Vilas-Jimmy_Connors,Jimmy Connors,2,42,50.0%,46.2%,56.3%,54.8%,65.4%,52.6%,58.8%,50.0%,58.3%,44.4%
19770109-M-Australian_Open-F-Roscoe_Tanner-Guillermo_Vilas,Roscoe Tanner,1,37,97.3%,85.7%,100.0%,-,-,-,-,-,-,-
19770109-M-Australian_Open-F-Roscoe_Tanner-Guillermo_Vilas,Roscoe Tanner,2,43,58.1%,47.1%,64.0%,40.0%,75.0%,50.0%,100.0%,-,-,-
19770109-M-Australian_Open-F-Roscoe_Tanner-Guillermo_Vilas,Guillermo Vilas,1,51,62.7%,45.7%,69.6%,46.2%,66.7%,40.0%,66.7%,50.0%,100.0%,-
19770109-M-Australian_Open-F-Roscoe_Tanner-Guillermo_Vilas,Guillermo Vilas,2,32,46.9%,34.6%,50.0%,43.8%,63.6%,50.0%,100.0%,100.0%,100.0%,100.0%
19750907-M-US_Open-F-Manuel_Orantes-Jimmy_Connors,Manuel Orantes,1,37,64.9%,40.9%,52.9%,46.7%,50.0%,41.7%,50.0%,37.5%,37.5%,28.6%
19750907-M-US_Open-F-Manuel_Orantes-Jimmy_Connors,Manuel Orantes,2,47,48.9%,46.7%,50.0%,43.2%,51.6%,44.4%,52.2%,38.9%,41.2%,28.6%
19750907-M-US_Open-F-Manuel_Orantes-Jimmy_Connors,Jimmy Connors,1,59,49.2%,44.4%,54.5%,39.4%,56.5%,37.5%,54.5%,44.4%,50.0%,33.3%
19750907-M-US_Open-F-Manuel_Orantes-Jimmy_Connors,Jimmy Connors,2,21,52.4%,47.4%,47.4%,41.2%,43.8%,30.8%,33.3%,11.1%,12.5%,12.5%
19750101-M-Australian_Open-F-Jimmy_Connors-John_Newcombe,Jimmy Connors,1,99,63.6%,47.8%,70.2%,51.7%,71.4%,40.0%,66.7%,60.0%,60.0%,50.0%
19750101-M-Australian_Open-F-Jimmy_Connors-John_Newcombe,Jimmy Connors,2,40,67.5%,58.1%,72.0%,61.1%,78.6%,62.5%,83.3%,75.0%,100.0%,100.0%
19750101-M-Australian_Open-F-Jimmy_Connors-John_Newcombe,John Newcombe,1,83,79.5%,63.8%,88.2%,60.0%,85.7%,50.0%,100.0%,-,-,-
19750101-M-Australian_Open-F-Jimmy_Connors-John_Newcombe,John Newcombe,2,43,53.5%,42.9%,68.2%,36.4%,66.7%,0.0%,-,-,-,-
19740908-M-US_Open-F-Ken_Rosewall-Jimmy_Connors,Ken Rosewall,1,33,30.3%,23.3%,43.8%,0.0%,0.0%,0.0%,-,-,-,-
19740908-M-US_Open-F-Ken_Rosewall-Jimmy_Connors,Ken Rosewall,2,15,60.0%,53.8%,53.8%,25.0%,100.0%,-,-,-,-,-
19740908-M-US_Open-F-Ken_Rosewall-Jimmy_Connors,Jimmy Connors,1,47,68.1%,54.5%,81.8%,63.6%,87.5%,50.0%,50.0%,50.0%,50.0%,0.0%
19740908-M-US_Open-F-Ken_Rosewall-Jimmy_Connors,Jimmy Connors,2,23,65.2%,52.9%,81.8%,71.4%,83.3%,50.0%,100.0%,-,-,-
19730909-M-US_Open-F-Jan_Kodes-John_Newcombe,Jan Kodes,1,54,63.0%,50.0%,62.5%,42.9%,64.3%,44.4%,100.0%,100.0%,100.0%,100.0%
19730909-M-US_Open-F-Jan_Kodes-John_Newcombe,Jan Kodes,2,12,33.3%,27.3%,37.5%,28.6%,33.3%,0.0%,-,-,-,-
19730909-M-US_Open-F-Jan_Kodes-John_Newcombe,John Newcombe,1,32,75.0%,42.9%,66.7%,25.0%,100.0%,-,-,-,-,-
19730909-M-US_Open-F-Jan_Kodes-John_Newcombe,John Newcombe,2,20,80.0%,71.4%,83.3%,50.0%,100.0%,100.0%,100.0%,-,-,-
19720910-M-US_Open-F-Arthur_Ashe-Ilie_Nastase,Arthur Ashe,1,56,75.0%,65.0%,86.7%,66.7%,80.0%,33.3%,50.0%,0.0%,-,-
19720910-M-US_Open-F-Arthur_Ashe-Ilie_Nastase,Arthur Ashe,2,40,60.0%,38.5%,62.5%,33.3%,75.0%,50.0%,100.0%,-,-,-
19720910-M-US_Open-F-Arthur_Ashe-Ilie_Nastase,Ilie Nastase,1,66,68.2%,51.2%,78.6%,62.5%,83.3%,0.0%,-,-,-,-
19720910-M-US_Open-F-Arthur_Ashe-Ilie_Nastase,Ilie Nastase,2,41,73.2%,52.2%,75.0%,63.6%,77.8%,33.3%,50.0%,0.0%,-,-
19710916-M-US_Open-F-Jan_Kodes-Stan_Smith,Jan Kodes,1,54,59.3%,45.0%,60.0%,45.5%,76.9%,57.1%,80.0%,75.0%,100.0%,-
19710916-M-US_Open-F-Jan_Kodes-Stan_Smith,Jan Kodes,2,33,48.5%,32.0%,53.3%,12.5%,25.0%,0.0%,-,-,-,-
19710916-M-US_Open-F-Jan_Kodes-Stan_Smith,Stan Smith,1,52,65.4%,43.8%,70.0%,40.0%,80.0%,66.7%,100.0%,-,-,-
19710916-M-US_Open-F-Jan_Kodes-Stan_Smith,Stan Smith,2,20,55.0%,43.8%,58.3%,54.5%,85.7%,50.0%,100.0%,-,-,-
19690907-M-US_Open-F-Rod_Laver-Tony_Roche,Rod Laver,1,65,73.8%,56.4%,75.9%,56.3%,90.0%,75.0%,100.0%,-,-,-
19690907-M-US_Open-F-Rod_Laver-Tony_Roche,Rod Laver,2,52,57.7%,48.8%,77.8%,50.0%,100.0%,-,-,-,-,-
19690907-M-US_Open-F-Rod_Laver-Tony_Roche,Tony Roche,1,84,63.1%,43.6%,58.5%,37.0%,66.7%,0.0%,-,-,-,-
19690907-M-US_Open-F-Rod_Laver-Tony_Roche,Tony Roche,2,37,35.1%,27.3%,36.0%,30.4%,77.8%,33.3%,50.0%,0.0%,-,-
