match_id,player,row,net_pts,pts_won,net_winner,induced_forced,net_unforced,passed_at_net,passing_shot_induced_forced,total_shots
20260909-W-US_Open-QF-Coco_Gauff-Mirra_Andreeva,Coco Gauff,NetPoints,25,17,8,6,1,6,0,176
20260909-W-US_Open-QF-Coco_Gauff-Mirra_Andreeva,Coco Gauff,Approach,21,14,6,6,0,6,0,142
20260909-W-US_Open-QF-Coco_Gauff-Mirra_Andreeva,Coco Gauff,NetPointsRallies,23,16,8,6,1,5,0,171
20260909-W-US_Open-QF-Coco_Gauff-Mirra_Andreeva,Coco Gauff,ApproachRallies,19,13,6,6,0,5,0,137
20260909-W-US_Open-QF-Coco_Gauff-Mirra_Andreeva,Mirra Andreeva,NetPoints,12,6,4,2,2,1,1,83
20260909-W-US_Open-QF-Coco_Gauff-Mirra_Andreeva,Mirra Andreeva,Approach,9,4,2,2,2,1,1,61
20260909-W-US_Open-QF-Coco_Gauff-Mirra_Andreeva,Mirra Andreeva,NetPointsRallies,12,6,4,2,2,1,1,83
20260909-W-US_Open-QF-Coco_Gauff-Mirra_Andreeva,Mirra Andreeva,ApproachRallies,9,4,2,2,2,1,1,61
20260907-W-US_Open-R16-Elena_Rybakina-Naomi_Osaka,Elena Rybakina,NetPoints,7,6,5,1,0,1,0,50
20260907-W-US_Open-R16-Elena_Rybakina-Naomi_Osaka,Elena Rybakina,Approach,4,3,2,1,0,1,0,30
20260907-W-US_Open-R16-Elena_Rybakina-Naomi_Osaka,Elena Rybakina,NetPointsRallies,7,6,5,1,0,1,0,50
20260907-W-US_Open-R16-Elena_Rybakina-Naomi_Osaka,Elena Rybakina,ApproachRallies,4,3,2,1,0,1,0,30
20260907-W-US_Open-R16-Elena_Rybakina-Naomi_Osaka,Naomi Osaka,NetPoints,1,1,0,1,0,0,0,5
20260907-W-US_Open-R16-Elena_Rybakina-Naomi_Osaka,Naomi Osaka,NetPointsRallies,1,1,0,1,0,0,0,5
20260907-W-US_Open-R16-Coco_Gauff-Iva_Jovic,Coco Gauff,NetPoints,21,15,6,5,1,2,3,139
20260907-W-US_Open-R16-Coco_Gauff-Iva_Jovic,Coco Gauff,Approach,14,9,1,4,1,2,2,84
20260907-W-US_Open-R16-Coco_Gauff-Iva_Jovic,Coco Gauff,NetPointsRallies,19,13,6,4,1,2,3,135
20260907-W-US_Open-R16-Coco_Gauff-Iva_Jovic,Coco Gauff,ApproachRallies,12,7,1,3,1,2,2,80
20260907-W-US_Open-R16-Coco_Gauff-Iva_Jovic,Iva Jovic,NetPoints,19,10,5,5,3,2,2,187
20260907-W-US_Open-R16-Coco_Gauff-Iva_Jovic,Iva Jovic,Approach,17,10,5,5,2,1,2,173
20260907-W-US_Open-R16-Coco_Gauff-Iva_Jovic,Iva Jovic,NetPointsRallies,19,10,5,5,3,2,2,187
20260907-W-US_Open-R16-Coco_Gauff-Iva_Jovic,Iva Jovic,ApproachRallies,17,10,5,5,2,1,2,173
20260907-W-US_Open-R16-Anastasia_Potapova-Mirra_Andreeva,Anastasia Potapova,NetPoints,12,8,6,2,4,0,0,88
20260907-W-US_Open-R16-Anastasia_Potapova-Mirra_Andreeva,Anastasia Potapova,Approach,5,3,2,1,2,0,0,35
20260907-W-US_Open-R16-Anastasia_Potapova-Mirra_Andreeva,Anastasia Potapova,NetPointsRallies,12,8,6,2,4,0,0,88
20260907-W-US_Open-R16-Anastasia_Potapova-Mirra_Andreeva,Anastasia Potapova,ApproachRallies,5,3,2,1,2,0,0,35
20260907-W-US_Open-R16-Anastasia_Potapova-Mirra_Andreeva,Mirra Andreeva,NetPoints,20,15,6,6,3,1,1,135
20260907-W-US_Open-R16-Anastasia_Potapova-Mirra_Andreeva,Mirra Andreeva,Approach,15,10,3,4,3,1,1,92
20260907-W-US_Open-R16-Anastasia_Potapova-Mirra_Andreeva,Mirra Andreeva,NetPointsRallies,19,14,6,5,3,1,1,130
20260907-W-US_Open-R16-Anastasia_Potapova-Mirra_Andreeva,Mirra Andreeva,ApproachRallies,14,9,3,3,3,1,1,87
20260905-W-US_Open-R32-Nikola_Bartunkova-Mirra_Andreeva,Nikola Bartunkova,NetPoints,34,18,6,9,1,11,4,199
20260905-W-US_Open-R32-Nikola_Bartunkova-Mirra_Andreeva,Nikola Bartunkova,Approach,33,17,5,9,1,11,4,196
20260905-W-US_Open-R32-Nikola_Bartunkova-Mirra_Andreeva,Nikola Bartunkova,NetPointsRallies,31,15,6,7,1,11,4,186
20260905-W-US_Open-R32-Nikola_Bartunkova-Mirra_Andreeva,Nikola Bartunkova,ApproachRallies,30,14,5,7,1,11,4,183
20260905-W-US_Open-R32-Nikola_Bartunkova-Mirra_Andreeva,Mirra Andreeva,NetPoints,11,10,5,4,1,0,0,75
20260905-W-US_Open-R32-Nikola_Bartunkova-Mirra_Andreeva,Mirra Andreeva,Approach,9,9,5,3,0,0,0,67
20260905-W-US_Open-R32-Nikola_Bartunkova-Mirra_Andreeva,Mirra Andreeva,NetPointsRallies,11,10,5,4,1,0,0,75
20260905-W-US_Open-R32-Nikola_Bartunkova-Mirra_Andreeva,Mirra Andreeva,ApproachRallies,9,9,5,3,0,0,0,67
20260905-W-US_Open-R32-Elena_Rybakina-Yuliia_Starodubtseva,Elena Rybakina,NetPoints,12,11,4,4,1,0,0,86
20260905-W-US_Open-R32-Elena_Rybakina-Yuliia_Starodubtseva,Elena Rybakina,Approach,7,7,0,4,0,0,0,53
20260905-W-US_Open-R32-Elena_Rybakina-Yuliia_Starodubtseva,Elena Rybakina,NetPointsRallies,12,11,4,4,1,0,0,86
20260905-W-US_Open-R32-Elena_Rybakina-Yuliia_Starodubtseva,Elena Rybakina,ApproachRallies,7,7,0,4,0,0,0,53
20260905-W-US_Open-R32-Elena_Rybakina-Yuliia_Starodubtseva,Yuliia Starodubtseva,NetPoints,3,1,0,0,0,2,0,18
20260905-W-US_Open-R32-Elena_Rybakina-Yuliia_Starodubtseva,Yuliia Starodubtseva,Approach,3,1,0,0,0,2,0,18
20260905-W-US_Open-R32-Elena_Rybakina-Yuliia_Starodubtseva,Yuliia Starodubtseva,NetPointsRallies,3,1,0,0,0,2,0,18
20260905-W-US_Open-R32-Elena_Rybakina-Yuliia_Starodubtseva,Yuliia Starodubtseva,ApproachRallies,3,1,0,0,0,2,0,18
20260905-W-US_Open-R32-Coco_Gauff-Cristina_Bucsa,Coco Gauff,NetPoints,17,12,2,7,1,2,2,126
20260905-W-US_Open-R32-Coco_Gauff-Cristina_Bucsa,Coco Gauff,Approach,11,9,2,6,0,1,1,68
20260905-W-US_Open-R32-Coco_Gauff-Cristina_Bucsa,Coco Gauff,NetPointsRallies,16,11,2,6,1,2,2,123
20260905-W-US_Open-R32-Coco_Gauff-Cristina_Bucsa,Coco Gauff,ApproachRallies,10,8,2,5,0,1,1,65
20260905-W-US_Open-R32-Coco_Gauff-Cristina_Bucsa,Cristina Bucsa,NetPoints,17,9,6,1,2,3,3,152
20260905-W-US_Open-R32-Coco_Gauff-Cristina_Bucsa,Cristina Bucsa,Approach,12,6,4,1,2,2,2,96
20260905-W-US_Open-R32-Coco_Gauff-Cristina_Bucsa,Cristina Bucsa,NetPointsRallies,16,8,5,1,2,3,3,149
20260905-W-US_Open-R32-Coco_Gauff-Cristina_Bucsa,Cristina Bucsa,ApproachRallies,11,5,3,1,2,2,2,93
20260905-W-US_Open-R32-Alexandra_Eala-Iva_Jovic,Alexandra Eala,NetPoints,18,12,8,3,2,3,0,152
20260905-W-US_Open-R32-Alexandra_Eala-Iva_Jovic,Alexandra Eala,Approach,12,9,6,2,1,2,0,103
20260905-W-US_Open-R32-Alexandra_Eala-Iva_Jovic,Alexandra Eala,NetPointsRallies,18,12,8,3,2,3,0,152
20260905-W-US_Open-R32-Alexandra_Eala-Iva_Jovic,Alexandra Eala,ApproachRallies,12,9,6,2,1,2,0,103
20260905-W-US_Open-R32-Alexandra_Eala-Iva_Jovic,Iva Jovic,NetPoints,11,7,4,2,1,1,1,105
20260905-W-US_Open-R32-Alexandra_Eala-Iva_Jovic,Iva Jovic,Approach,2,1,1,0,0,0,0,17
20260905-W-US_Open-R32-Alexandra_Eala-Iva_Jovic,Iva Jovic,NetPointsRallies,11,7,4,2,1,1,1,105
20260905-W-US_Open-R32-Alexandra_Eala-Iva_Jovic,Iva Jovic,ApproachRallies,2,1,1,0,0,0,0,17
20260904-W-US_Open-R64-Eva_Lys-Mirra_Andreeva,Eva Lys,NetPoints,3,0,0,0,2,1,0,21
20260904-W-US_Open-R64-Eva_Lys-Mirra_Andreeva,Eva Lys,Approach,3,0,0,0,2,1,0,21
20260904-W-US_Open-R64-Eva_Lys-Mirra_Andreeva,Eva Lys,NetPointsRallies,3,0,0,0,2,1,0,21
20260904-W-US_Open-R64-Eva_Lys-Mirra_Andreeva,Eva Lys,ApproachRallies,3,0,0,0,2,1,0,21
20260904-W-US_Open-R64-Eva_Lys-Mirra_Andreeva,Mirra Andreeva,NetPoints,7,5,3,1,1,0,1,35
20260904-W-US_Open-R64-Eva_Lys-Mirra_Andreeva,Mirra Andreeva,Approach,5,4,2,1,0,0,1,24
20260904-W-US_Open-R64-Eva_Lys-Mirra_Andreeva,Mirra Andreeva,NetPointsRallies,7,5,3,1,1,0,1,35
20260904-W-US_Open-R64-Eva_Lys-Mirra_Andreeva,Mirra Andreeva,ApproachRallies,5,4,2,1,0,0,1,24
20260903-W-US_Open-R64-Francesca_Jones-Iva_Jovic,Francesca Jones,NetPoints,8,5,3,2,0,2,1,63
20260903-W-US_Open-R64-Francesca_Jones-Iva_Jovic,Francesca Jones,Approach,5,2,0,2,0,2,1,33
20260903-W-US_Open-R64-Francesca_Jones-Iva_Jovic,Francesca Jones,NetPointsRallies,8,5,3,2,0,2,1,63
20260903-W-US_Open-R64-Francesca_Jones-Iva_Jovic,Francesca Jones,ApproachRallies,5,2,0,2,0,2,1,33
20260903-W-US_Open-R64-Francesca_Jones-Iva_Jovic,Iva Jovic,NetPoints,9,6,6,0,1,1,1,70
20260903-W-US_Open-R64-Francesca_Jones-Iva_Jovic,Iva Jovic,Approach,2,1,1,0,0,0,1,16
20260903-W-US_Open-R64-Francesca_Jones-Iva_Jovic,Iva Jovic,NetPointsRallies,9,6,6,0,1,1,1,70
20260903-W-US_Open-R64-Francesca_Jones-Iva_Jovic,Iva Jovic,ApproachRallies,2,1,1,0,0,0,1,16
20260902-W-US_Open-R64-Diana_Shnaider-Karolina_Pliskova,Diana Shnaider,NetPoints,5,4,4,0,1,0,0,45
20260902-W-US_Open-R64-Diana_Shnaider-Karolina_Pliskova,Diana Shnaider,Approach,4,3,3,0,1,0,0,32
20260902-W-US_Open-R64-Diana_Shnaider-Karolina_Pliskova,Diana Shnaider,NetPointsRallies,5,4,4,0,1,0,0,45
20260902-W-US_Open-R64-Diana_Shnaider-Karolina_Pliskova,Diana Shnaider,ApproachRallies,4,3,3,0,1,0,0,32
20260902-W-US_Open-R64-Diana_Shnaider-Karolina_Pliskova,Karolina Pliskova,NetPoints,8,6,3,3,1,1,0,50
20260902-W-US_Open-R64-Diana_Shnaider-Karolina_Pliskova,Karolina Pliskova,Approach,6,4,1,3,1,1,0,36
20260902-W-US_Open-R64-Diana_Shnaider-Karolina_Pliskova,Karolina Pliskova,NetPointsRallies,8,6,3,3,1,1,0,50
20260902-W-US_Open-R64-Diana_Shnaider-Karolina_Pliskova,Karolina Pliskova,ApproachRallies,6,4,1,3,1,1,0,36
20260901-W-US_Open-R128-Madison_Keys-Alina_Korneeva,Madison Keys,NetPoints,12,6,5,1,1,4,1,96
20260901-W-US_Open-R128-Madison_Keys-Alina_Korneeva,Madison Keys,Approach,8,4,3,1,0,3,1,66
20260901-W-US_Open-R128-Madison_Keys-Alina_Korneeva,Madison Keys,NetPointsRallies,12,6,5,1,1,4,1,96
20260901-W-US_Open-R128-Madison_Keys-Alina_Korneeva,Madison Keys,ApproachRallies,8,4,3,1,0,3,1,66
20260901-W-US_Open-R128-Madison_Keys-Alina_Korneeva,Alina Korneeva,NetPoints,10,3,2,1,1,6,0,60
20260901-W-US_Open-R128-Madison_Keys-Alina_Korneeva,Alina Korneeva,Approach,10,3,2,1,1,6,0,60
20260901-W-US_Open-R128-Madison_Keys-Alina_Korneeva,Alina Korneeva,NetPointsRallies,10,3,2,1,1,6,0,60
20260901-W-US_Open-R128-Madison_Keys-Alina_Korneeva,Alina Korneeva,ApproachRallies,10,3,2,1,1,6,0,60
20260901-W-US_Open-R128-Janice_Tjen-Mirra_Andreeva,Janice Tjen,NetPoints,13,4,3,1,2,3,2,108
20260901-W-US_Open-R128-Janice_Tjen-Mirra_Andreeva,Janice Tjen,Approach,12,3,2,1,2,3,2,105
20260901-W-US_Open-R128-Janice_Tjen-Mirra_Andreeva,Janice Tjen,NetPointsRallies,13,4,3,1,2,3,2,108
20260901-W-US_Open-R128-Janice_Tjen-Mirra_Andreeva,Janice Tjen,ApproachRallies,12,3,2,1,2,3,2,105
20260901-W-US_Open-R128-Janice_Tjen-Mirra_Andreeva,Mirra Andreeva,NetPoints,11,11,6,5,0,0,0,55
20260901-W-US_Open-R128-Janice_Tjen-Mirra_Andreeva,Mirra Andreeva,Approach,10,10,5,5,0,0,0,48
20260901-W-US_Open-R128-Janice_Tjen-Mirra_Andreeva,Mirra Andreeva,NetPointsRallies,11,11,6,5,0,0,0,55
20260901-W-US_Open-R128-Janice_Tjen-Mirra_Andreeva,Mirra Andreeva,ApproachRallies,10,10,5,5,0,0,0,48
20260901-W-US_Open-R128-Iva_Jovic-Magdalena_Frech,Iva Jovic,NetPoints,9,9,7,2,0,0,0,70
20260901-W-US_Open-R128-Iva_Jovic-Magdalena_Frech,Iva Jovic,Approach,4,4,2,2,0,0,0,30
20260901-W-US_Open-R128-Iva_Jovic-Magdalena_Frech,Iva Jovic,NetPointsRallies,9,9,7,2,0,0,0,70
20260901-W-US_Open-R128-Iva_Jovic-Magdalena_Frech,Iva Jovic,ApproachRallies,4,4,2,2,0,0,0,30
20260901-W-US_Open-R128-Iva_Jovic-Magdalena_Frech,Magdalena Frech,NetPoints,9,4,3,1,3,1,1,64
20260901-W-US_Open-R128-Iva_Jovic-Magdalena_Frech,Magdalena Frech,Approach,6,2,1,1,2,1,1,47
20260901-W-US_Open-R128-Iva_Jovic-Magdalena_Frech,Magdalena Frech,NetPointsRallies,9,4,3,1,3,1,1,64
20260901-W-US_Open-R128-Iva_Jovic-Magdalena_Frech,Magdalena Frech,ApproachRallies,6,2,1,1,2,1,1,47
20260901-W-US_Open-R128-Coco_Gauff-Zeynep_Sonmez,Coco Gauff,NetPoints,8,4,3,1,0,2,2,53
20260901-W-US_Open-R128-Coco_Gauff-Zeynep_Sonmez,Coco Gauff,Approach,7,3,2,1,0,2,2,46
20260901-W-US_Open-R128-Coco_Gauff-Zeynep_Sonmez,Coco Gauff,NetPointsRallies,8,4,3,1,0,2,2,53
20260901-W-US_Open-R128-Coco_Gauff-Zeynep_Sonmez,Coco Gauff,ApproachRallies,7,3,2,1,0,2,2,46
20260901-W-US_Open-R128-Coco_Gauff-Zeynep_Sonmez,Zeynep Sonmez,NetPoints,17,12,11,1,0,2,2,146
20260901-W-US_Open-R128-Coco_Gauff-Zeynep_Sonmez,Zeynep Sonmez,Approach,12,9,8,1,0,2,1,86
20260901-W-US_Open-R128-Coco_Gauff-Zeynep_Sonmez,Zeynep Sonmez,NetPointsRallies,17,12,11,1,0,2,2,146
20260901-W-US_Open-R128-Coco_Gauff-Zeynep_Sonmez,Zeynep Sonmez,ApproachRallies,12,9,8,1,0,2,1,86
20260831-W-US_Open-R128-Karolina_Muchova-Sinja_Kraus,Karolina Muchova,NetPoints,10,8,5,1,1,0,1,36
20260831-W-US_Open-R128-Karolina_Muchova-Sinja_Kraus,Karolina Muchova,Approach,8,6,3,1,1,0,1,28
20260831-W-US_Open-R128-Karolina_Muchova-Sinja_Kraus,Karolina Muchova,NetPointsRallies,7,5,3,1,1,0,1,25
20260831-W-US_Open-R128-Karolina_Muchova-Sinja_Kraus,Karolina Muchova,ApproachRallies,5,3,1,1,1,0,1,17
20260831-W-US_Open-R128-Karolina_Muchova-Sinja_Kraus,Sinja Kraus,NetPoints,8,4,2,1,4,0,0,49
20260831-W-US_Open-R128-Karolina_Muchova-Sinja_Kraus,Sinja Kraus,Approach,5,3,1,1,2,0,0,23
20260831-W-US_Open-R128-Karolina_Muchova-Sinja_Kraus,Sinja Kraus,NetPointsRallies,8,4,2,1,4,0,0,49
20260831-W-US_Open-R128-Karolina_Muchova-Sinja_Kraus,Sinja Kraus,ApproachRallies,5,3,1,1,2,0,0,23
20260831-W-US_Open-R128-Caty_Mcnally-Anouk_Koevermans,Caty Mcnally,NetPoints,17,14,4,6,0,3,0,95
20260831-W-US_Open-R128-Caty_Mcnally-Anouk_Koevermans,Caty Mcnally,Approach,16,13,4,6,0,3,0,87
20260831-W-US_Open-R128-Caty_Mcnally-Anouk_Koevermans,Caty Mcnally,NetPointsRallies,16,13,4,6,0,3,0,94
20260831-W-US_Open-R128-Caty_Mcnally-Anouk_Koevermans,Caty Mcnally,ApproachRallies,15,12,4,6,0,3,0,86
20260831-W-US_Open-R128-Caty_Mcnally-Anouk_Koevermans,Anouk Koevermans,NetPoints,17,10,8,1,1,3,2,82
20260831-W-US_Open-R128-Caty_Mcnally-Anouk_Koevermans,Anouk Koevermans,Approach,13,7,5,1,1,2,2,54
20260831-W-US_Open-R128-Caty_Mcnally-Anouk_Koevermans,Anouk Koevermans,NetPointsRallies,15,9,8,1,1,3,2,79
20260831-W-US_Open-R128-Caty_Mcnally-Anouk_Koevermans,Anouk Koevermans,ApproachRallies,11,6,5,1,1,2,2,51
20260831-W-US_Open-R128-Anna_Kalinskaya-Anna_Blinkova,Anna Kalinskaya,NetPoints,8,7,6,1,0,1,0,59
20260831-W-US_Open-R128-Anna_Kalinskaya-Anna_Blinkova,Anna Kalinskaya,Approach,5,4,3,1,0,1,0,49
20260831-W-US_Open-R128-Anna_Kalinskaya-Anna_Blinkova,Anna Kalinskaya,NetPointsRallies,8,7,6,1,0,1,0,59
20260831-W-US_Open-R128-Anna_Kalinskaya-Anna_Blinkova,Anna Kalinskaya,ApproachRallies,5,4,3,1,0,1,0,49
20260831-W-US_Open-R128-Anna_Kalinskaya-Anna_Blinkova,Anna Blinkova,NetPoints,5,5,3,1,0,0,0,26
20260831-W-US_Open-R128-Anna_Kalinskaya-Anna_Blinkova,Anna Blinkova,Approach,2,2,0,1,0,0,0,10
20260831-W-US_Open-R128-Anna_Kalinskaya-Anna_Blinkova,Anna Blinkova,NetPointsRallies,5,5,3,1,0,0,0,26
20260831-W-US_Open-R128-Anna_Kalinskaya-Anna_Blinkova,Anna Blinkova,ApproachRallies,2,2,0,1,0,0,0,10
20260831-W-US_Open-R128-Amanda_Anisimova-Ashlyn_Krueger,Amanda Anisimova,NetPoints,10,9,5,2,1,0,0,66
20260831-W-US_Open-R128-Amanda_Anisimova-Ashlyn_Krueger,Amanda Anisimova,Approach,4,4,2,1,0,0,0,42
20260831-W-US_Open-R128-Amanda_Anisimova-Ashlyn_Krueger,Amanda Anisimova,NetPointsRallies,10,9,5,2,1,0,0,66
20260831-W-US_Open-R128-Amanda_Anisimova-Ashlyn_Krueger,Amanda Anisimova,ApproachRallies,4,4,2,1,0,0,0,42
20260831-W-US_Open-R128-Amanda_Anisimova-Ashlyn_Krueger,Ashlyn Krueger,NetPoints,2,0,0,0,0,1,1,24
20260831-W-US_Open-R128-Amanda_Anisimova-Ashlyn_Krueger,Ashlyn Krueger,Approach,1,0,0,0,0,0,1,13
20260831-W-US_Open-R128-Amanda_Anisimova-Ashlyn_Krueger,Ashlyn Krueger,NetPointsRallies,2,0,0,0,0,1,1,24
20260831-W-US_Open-R128-Amanda_Anisimova-Ashlyn_Krueger,Ashlyn Krueger,ApproachRallies,1,0,0,0,0,0,1,13
20260830-W-US_Open-R128-Talia_Gibson-Donna_Vekic,Talia Gibson,NetPoints,7,5,3,2,2,0,0,47
20260830-W-US_Open-R128-Talia_Gibson-Donna_Vekic,Talia Gibson,Approach,1,0,0,0,1,0,0,10
20260830-W-US_Open-R128-Talia_Gibson-Donna_Vekic,Talia Gibson,NetPointsRallies,7,5,3,2,2,0,0,47
20260830-W-US_Open-R128-Talia_Gibson-Donna_Vekic,Talia Gibson,ApproachRallies,1,0,0,0,1,0,0,10
20260830-W-US_Open-R128-Talia_Gibson-Donna_Vekic,Donna Vekic,NetPoints,2,2,1,0,0,0,0,18
20260830-W-US_Open-R128-Talia_Gibson-Donna_Vekic,Donna Vekic,Approach,1,1,0,0,0,0,0,15
20260830-W-US_Open-R128-Talia_Gibson-Donna_Vekic,Donna Vekic,NetPointsRallies,2,2,1,0,0,0,0,18
20260830-W-US_Open-R128-Talia_Gibson-Donna_Vekic,Donna Vekic,ApproachRallies,1,1,0,0,0,0,0,15
20260830-W-US_Open-R128-Emiliana_Arango-Xin_Yu_Wang,Emiliana Arango,NetPoints,6,5,3,2,0,0,1,35
20260830-W-US_Open-R128-Emiliana_Arango-Xin_Yu_Wang,Emiliana Arango,Approach,1,1,1,0,0,0,0,3
20260830-W-US_Open-R128-Emiliana_Arango-Xin_Yu_Wang,Emiliana Arango,NetPointsRallies,6,5,3,2,0,0,1,35
20260830-W-US_Open-R128-Emiliana_Arango-Xin_Yu_Wang,Emiliana Arango,ApproachRallies,1,1,1,0,0,0,0,3
20260830-W-US_Open-R128-Emiliana_Arango-Xin_Yu_Wang,Xin Yu Wang,NetPoints,16,12,11,0,2,1,1,109
20260830-W-US_Open-R128-Emiliana_Arango-Xin_Yu_Wang,Xin Yu Wang,Approach,10,7,6,0,2,1,0,64
20260830-W-US_Open-R128-Emiliana_Arango-Xin_Yu_Wang,Xin Yu Wang,NetPointsRallies,15,12,11,0,2,0,1,105
20260830-W-US_Open-R128-Emiliana_Arango-Xin_Yu_Wang,Xin Yu Wang,ApproachRallies,9,7,6,0,2,0,0,60
20260830-W-US_Open-R128-Elina_Svitolina-Solana_Sierra,Elina Svitolina,NetPoints,2,2,2,0,0,0,0,10
20260830-W-US_Open-R128-Elina_Svitolina-Solana_Sierra,Elina Svitolina,Approach,1,1,1,0,0,0,0,5
20260830-W-US_Open-R128-Elina_Svitolina-Solana_Sierra,Elina Svitolina,NetPointsRallies,2,2,2,0,0,0,0,10
20260830-W-US_Open-R128-Elina_Svitolina-Solana_Sierra,Elina Svitolina,ApproachRallies,1,1,1,0,0,0,0,5
20260830-W-US_Open-R128-Elina_Svitolina-Solana_Sierra,Solana Sierra,NetPoints,8,2,1,1,4,1,1,43
20260830-W-US_Open-R128-Elina_Svitolina-Solana_Sierra,Solana Sierra,Approach,5,2,1,1,2,0,1,28
20260830-W-US_Open-R128-Elina_Svitolina-Solana_Sierra,Solana Sierra,NetPointsRallies,8,2,1,1,4,1,1,43
20260830-W-US_Open-R128-Elina_Svitolina-Solana_Sierra,Solana Sierra,ApproachRallies,5,2,1,1,2,0,1,28
20260827-W-US_Open-Q3-Tamara_Zidansek-Bianca_Andreescu,Tamara Zidansek,NetPoints,17,14,9,5,1,1,1,135
20260827-W-US_Open-Q3-Tamara_Zidansek-Bianca_Andreescu,Tamara Zidansek,Approach,12,9,6,3,1,1,1,99
20260827-W-US_Open-Q3-Tamara_Zidansek-Bianca_Andreescu,Tamara Zidansek,NetPointsRallies,17,14,9,5,1,1,1,135
20260827-W-US_Open-Q3-Tamara_Zidansek-Bianca_Andreescu,Tamara Zidansek,ApproachRallies,12,9,6,3,1,1,1,99
20260827-W-US_Open-Q3-Tamara_Zidansek-Bianca_Andreescu,Bianca Andreescu,NetPoints,27,13,9,3,7,4,2,134
20260827-W-US_Open-Q3-Tamara_Zidansek-Bianca_Andreescu,Bianca Andreescu,Approach,23,11,7,3,6,4,1,115
20260827-W-US_Open-Q3-Tamara_Zidansek-Bianca_Andreescu,Bianca Andreescu,NetPointsRallies,22,10,8,2,7,3,2,117
20260827-W-US_Open-Q3-Tamara_Zidansek-Bianca_Andreescu,Bianca Andreescu,ApproachRallies,18,8,6,2,6,3,1,98
20260827-W-US_Open-Q2-Arantxa_Rus-Suzan_Lamens,Arantxa Rus,NetPoints,3,3,1,2,0,0,0,11
20260827-W-US_Open-Q2-Arantxa_Rus-Suzan_Lamens,Arantxa Rus,NetPointsRallies,3,3,1,2,0,0,0,11
20260827-W-US_Open-Q2-Arantxa_Rus-Suzan_Lamens,Suzan Lamens,NetPoints,7,5,3,2,1,1,0,52
20260827-W-US_Open-Q2-Arantxa_Rus-Suzan_Lamens,Suzan Lamens,Approach,6,4,2,2,1,1,0,47
20260827-W-US_Open-Q2-Arantxa_Rus-Suzan_Lamens,Suzan Lamens,NetPointsRallies,7,5,3,2,1,1,0,52
20260827-W-US_Open-Q2-Arantxa_Rus-Suzan_Lamens,Suzan Lamens,ApproachRallies,6,4,2,2,1,1,0,47
20260826-W-US_Open-Q2-Bianca_Andreescu-Veronika_Podrez,Bianca Andreescu,NetPoints,17,15,10,1,1,1,0,81
20260826-W-US_Open-Q2-Bianca_Andreescu-Veronika_Podrez,Bianca Andreescu,Approach,15,13,8,1,1,1,0,72
20260826-W-US_Open-Q2-Bianca_Andreescu-Veronika_Podrez,Bianca Andreescu,NetPointsRallies,13,11,9,1,1,1,0,73
20260826-W-US_Open-Q2-Bianca_Andreescu-Veronika_Podrez,Bianca Andreescu,ApproachRallies,11,9,7,1,1,1,0,64
20260826-W-US_Open-Q2-Bianca_Andreescu-Veronika_Podrez,Veronika Podrez,NetPoints,5,3,2,1,1,1,0,31
20260826-W-US_Open-Q2-Bianca_Andreescu-Veronika_Podrez,Veronika Podrez,Approach,2,1,0,1,1,0,0,7
20260826-W-US_Open-Q2-Bianca_Andreescu-Veronika_Podrez,Veronika Podrez,NetPointsRallies,5,3,2,1,1,1,0,31
20260826-W-US_Open-Q2-Bianca_Andreescu-Veronika_Podrez,Veronika Podrez,ApproachRallies,2,1,0,1,1,0,0,7
20260824-W-US_Open-Q1-Lisa_Pigato-Linda_Klimovicova,Lisa Pigato,NetPoints,4,1,0,1,1,1,1,23
20260824-W-US_Open-Q1-Lisa_Pigato-Linda_Klimovicova,Lisa Pigato,Approach,4,1,0,1,1,1,1,23
20260824-W-US_Open-Q1-Lisa_Pigato-Linda_Klimovicova,Lisa Pigato,NetPointsRallies,4,1,0,1,1,1,1,23
20260824-W-US_Open-Q1-Lisa_Pigato-Linda_Klimovicova,Lisa Pigato,ApproachRallies,4,1,0,1,1,1,1,23
20260824-W-US_Open-Q1-Lisa_Pigato-Linda_Klimovicova,Linda Klimovicova,NetPoints,3,3,0,3,0,0,0,13
20260824-W-US_Open-Q1-Lisa_Pigato-Linda_Klimovicova,Linda Klimovicova,Approach,3,3,0,3,0,0,0,13
20260824-W-US_Open-Q1-Lisa_Pigato-Linda_Klimovicova,Linda Klimovicova,NetPointsRallies,3,3,0,3,0,0,0,13
20260824-W-US_Open-Q1-Lisa_Pigato-Linda_Klimovicova,Linda Klimovicova,ApproachRallies,3,3,0,3,0,0,0,13
20260824-W-US_Open-Q1-Bianca_Andreescu-Eva_Vedder,Bianca Andreescu,NetPoints,24,18,8,4,1,4,1,120
20260824-W-US_Open-Q1-Bianca_Andreescu-Eva_Vedder,Bianca Andreescu,Approach,21,16,7,4,1,3,1,89
20260824-W-US_Open-Q1-Bianca_Andreescu-Eva_Vedder,Bianca Andreescu,NetPointsRallies,16,10,5,4,1,4,1,104
20260824-W-US_Open-Q1-Bianca_Andreescu-Eva_Vedder,Bianca Andreescu,ApproachRallies,13,8,4,4,1,3,1,73
20260824-W-US_Open-Q1-Bianca_Andreescu-Eva_Vedder,Eva Vedder,NetPoints,6,4,3,1,0,2,0,46
20260824-W-US_Open-Q1-Bianca_Andreescu-Eva_Vedder,Eva Vedder,Approach,2,1,1,0,0,1,0,11
20260824-W-US_Open-Q1-Bianca_Andreescu-Eva_Vedder,Eva Vedder,NetPointsRallies,6,4,3,1,0,2,0,46
20260824-W-US_Open-Q1-Bianca_Andreescu-Eva_Vedder,Eva Vedder,ApproachRallies,2,1,1,0,0,1,0,11
20260129-W-Australian_Open-SF-Elena_Rybakina-Jessica_Pegula,Elena Rybakina,NetPoints,10,8,6,1,2,0,0,58
20260129-W-Australian_Open-SF-Elena_Rybakina-Jessica_Pegula,Elena Rybakina,Approach,3,2,1,0,1,0,0,18
20260129-W-Australian_Open-SF-Elena_Rybakina-Jessica_Pegula,Elena Rybakina,NetPointsRallies,10,8,6,1,2,0,0,58
20260129-W-Australian_Open-SF-Elena_Rybakina-Jessica_Pegula,Elena Rybakina,ApproachRallies,3,2,1,0,1,0,0,18
20260129-W-Australian_Open-SF-Elena_Rybakina-Jessica_Pegula,Jessica Pegula,NetPoints,7,6,4,2,0,0,1,50
20260129-W-Australian_Open-SF-Elena_Rybakina-Jessica_Pegula,Jessica Pegula,Approach,2,2,1,1,0,0,0,11
20260129-W-Australian_Open-SF-Elena_Rybakina-Jessica_Pegula,Jessica Pegula,NetPointsRallies,7,6,4,2,0,0,1,50
20260129-W-Australian_Open-SF-Elena_Rybakina-Jessica_Pegula,Jessica Pegula,ApproachRallies,2,2,1,1,0,0,0,11
20260128-W-Australian_Open-QF-Elena_Rybakina-Iga_Swiatek,Elena Rybakina,NetPoints,6,5,3,2,0,0,1,31
20260128-W-Australian_Open-QF-Elena_Rybakina-Iga_Swiatek,Elena Rybakina,Approach,3,2,1,1,0,0,1,19
20260128-W-Australian_Open-QF-Elena_Rybakina-Iga_Swiatek,Elena Rybakina,NetPointsRallies,6,5,3,2,0,0,1,31
20260128-W-Australian_Open-QF-Elena_Rybakina-Iga_Swiatek,Elena Rybakina,ApproachRallies,3,2,1,1,0,0,1,19
20260128-W-Australian_Open-QF-Elena_Rybakina-Iga_Swiatek,Iga Swiatek,NetPoints,5,5,1,2,0,0,0,38
20260128-W-Australian_Open-QF-Elena_Rybakina-Iga_Swiatek,Iga Swiatek,Approach,5,5,1,2,0,0,0,38
20260128-W-Australian_Open-QF-Elena_Rybakina-Iga_Swiatek,Iga Swiatek,NetPointsRallies,5,5,1,2,0,0,0,38
20260128-W-Australian_Open-QF-Elena_Rybakina-Iga_Swiatek,Iga Swiatek,ApproachRallies,5,5,1,2,0,0,0,38
20260127-W-Australian_Open-QF-Coco_Gauff-Elina_Svitolina,Coco Gauff,NetPoints,3,2,0,2,1,0,0,11
20260127-W-Australian_Open-QF-Coco_Gauff-Elina_Svitolina,Coco Gauff,Approach,3,2,0,2,1,0,0,11
20260127-W-Australian_Open-QF-Coco_Gauff-Elina_Svitolina,Coco Gauff,NetPointsRallies,3,2,0,2,1,0,0,11
20260127-W-Australian_Open-QF-Coco_Gauff-Elina_Svitolina,Coco Gauff,ApproachRallies,3,2,0,2,1,0,0,11
20260127-W-Australian_Open-QF-Coco_Gauff-Elina_Svitolina,Elina Svitolina,NetPoints,3,3,1,2,0,0,0,18
20260127-W-Australian_Open-QF-Coco_Gauff-Elina_Svitolina,Elina Svitolina,Approach,2,2,1,1,0,0,0,15
20260127-W-Australian_Open-QF-Coco_Gauff-Elina_Svitolina,Elina Svitolina,NetPointsRallies,3,3,1,2,0,0,0,18
20260127-W-Australian_Open-QF-Coco_Gauff-Elina_Svitolina,Elina Svitolina,ApproachRallies,2,2,1,1,0,0,0,15
20260127-W-Australian_Open-QF-Amanda_Anisimova-Jessica_Pegula,Amanda Anisimova,NetPoints,10,7,7,0,2,1,0,56
20260127-W-Australian_Open-QF-Amanda_Anisimova-Jessica_Pegula,Amanda Anisimova,Approach,1,1,1,0,0,0,0,3
20260127-W-Australian_Open-QF-Amanda_Anisimova-Jessica_Pegula,Amanda Anisimova,NetPointsRallies,10,7,7,0,2,1,0,56
20260127-W-Australian_Open-QF-Amanda_Anisimova-Jessica_Pegula,Amanda Anisimova,ApproachRallies,1,1,1,0,0,0,0,3
20260127-W-Australian_Open-QF-Amanda_Anisimova-Jessica_Pegula,Jessica Pegula,NetPoints,6,5,4,1,1,0,0,35
20260127-W-Australian_Open-QF-Amanda_Anisimova-Jessica_Pegula,Jessica Pegula,Approach,2,1,1,0,1,0,0,13
20260127-W-Australian_Open-QF-Amanda_Anisimova-Jessica_Pegula,Jessica Pegula,NetPointsRallies,6,5,4,1,1,0,0,35
20260127-W-Australian_Open-QF-Amanda_Anisimova-Jessica_Pegula,Jessica Pegula,ApproachRallies,2,1,1,0,1,0,0,13
20260126-W-Australian_Open-R16-Jessica_Pegula-Madison_Keys,Jessica Pegula,NetPoints,10,9,4,5,0,0,1,49
20260126-W-Australian_Open-R16-Jessica_Pegula-Madison_Keys,Jessica Pegula,Approach,7,6,1,5,0,0,1,33
20260126-W-Australian_Open-R16-Jessica_Pegula-Madison_Keys,Jessica Pegula,NetPointsRallies,10,9,4,5,0,0,1,49
20260126-W-Australian_Open-R16-Jessica_Pegula-Madison_Keys,Jessica Pegula,ApproachRallies,7,6,1,5,0,0,1,33
20260126-W-Australian_Open-R16-Jessica_Pegula-Madison_Keys,Madison Keys,NetPoints,11,9,4,5,1,1,0,52
20260126-W-Australian_Open-R16-Jessica_Pegula-Madison_Keys,Madison Keys,Approach,7,6,2,4,0,1,0,35
20260126-W-Australian_Open-R16-Jessica_Pegula-Madison_Keys,Madison Keys,NetPointsRallies,11,9,4,5,1,1,0,52
20260126-W-Australian_Open-R16-Jessica_Pegula-Madison_Keys,Madison Keys,ApproachRallies,7,6,2,4,0,1,0,35
20260126-W-Australian_Open-R16-Iga_Swiatek-Maddison_Inglis,Iga Swiatek,NetPoints,9,9,7,1,0,0,0,66
20260126-W-Australian_Open-R16-Iga_Swiatek-Maddison_Inglis,Iga Swiatek,Approach,7,7,5,1,0,0,0,48
20260126-W-Australian_Open-R16-Iga_Swiatek-Maddison_Inglis,Iga Swiatek,NetPointsRallies,9,9,7,1,0,0,0,66
20260126-W-Australian_Open-R16-Iga_Swiatek-Maddison_Inglis,Iga Swiatek,ApproachRallies,7,7,5,1,0,0,0,48
20260126-W-Australian_Open-R16-Iga_Swiatek-Maddison_Inglis,Maddison Inglis,NetPoints,8,4,2,2,0,4,0,56
20260126-W-Australian_Open-R16-Iga_Swiatek-Maddison_Inglis,Maddison Inglis,Approach,7,4,2,2,0,3,0,42
20260126-W-Australian_Open-R16-Iga_Swiatek-Maddison_Inglis,Maddison Inglis,NetPointsRallies,8,4,2,2,0,4,0,56
20260126-W-Australian_Open-R16-Iga_Swiatek-Maddison_Inglis,Maddison Inglis,ApproachRallies,7,4,2,2,0,3,0,42
20260125-W-Australian_Open-R16-Iva_Jovic-Yulia_Putintseva,Iva Jovic,NetPoints,7,5,2,1,1,1,0,79
20260125-W-Australian_Open-R16-Iva_Jovic-Yulia_Putintseva,Iva Jovic,Approach,3,2,0,1,0,1,0,31
20260125-W-Australian_Open-R16-Iva_Jovic-Yulia_Putintseva,Iva Jovic,NetPointsRallies,7,5,2,1,1,1,0,79
20260125-W-Australian_Open-R16-Iva_Jovic-Yulia_Putintseva,Iva Jovic,ApproachRallies,3,2,0,1,0,1,0,31
20260125-W-Australian_Open-R16-Iva_Jovic-Yulia_Putintseva,Yulia Putintseva,NetPoints,2,0,0,0,1,1,0,10
20260125-W-Australian_Open-R16-Iva_Jovic-Yulia_Putintseva,Yulia Putintseva,Approach,1,0,0,0,0,1,0,6
20260125-W-Australian_Open-R16-Iva_Jovic-Yulia_Putintseva,Yulia Putintseva,NetPointsRallies,2,0,0,0,1,1,0,10
20260125-W-Australian_Open-R16-Iva_Jovic-Yulia_Putintseva,Yulia Putintseva,ApproachRallies,1,0,0,0,0,1,0,6
20260125-W-Australian_Open-R16-Elina_Svitolina-Mirra_Andreeva,Elina Svitolina,NetPoints,15,8,4,1,0,6,0,82
20260125-W-Australian_Open-R16-Elina_Svitolina-Mirra_Andreeva,Elina Svitolina,Approach,9,3,1,1,0,5,0,61
20260125-W-Australian_Open-R16-Elina_Svitolina-Mirra_Andreeva,Elina Svitolina,NetPointsRallies,15,8,4,1,0,6,0,82
20260125-W-Australian_Open-R16-Elina_Svitolina-Mirra_Andreeva,Elina Svitolina,ApproachRallies,9,3,1,1,0,5,0,61
20260125-W-Australian_Open-R16-Elina_Svitolina-Mirra_Andreeva,Mirra Andreeva,NetPoints,11,7,6,1,3,1,0,60
20260125-W-Australian_Open-R16-Elina_Svitolina-Mirra_Andreeva,Mirra Andreeva,Approach,7,4,3,1,2,1,0,44
20260125-W-Australian_Open-R16-Elina_Svitolina-Mirra_Andreeva,Mirra Andreeva,NetPointsRallies,11,7,6,1,3,1,0,60
20260125-W-Australian_Open-R16-Elina_Svitolina-Mirra_Andreeva,Mirra Andreeva,ApproachRallies,7,4,3,1,2,1,0,44
20260124-W-Australian_Open-R32-Linda_Noskova-Xin_Yu_Wang,Linda Noskova,NetPoints,12,8,6,1,2,1,1,52
20260124-W-Australian_Open-R32-Linda_Noskova-Xin_Yu_Wang,Linda Noskova,Approach,2,0,0,0,0,1,1,11
20260124-W-Australian_Open-R32-Linda_Noskova-Xin_Yu_Wang,Linda Noskova,NetPointsRallies,12,8,6,1,2,1,1,52
20260124-W-Australian_Open-R32-Linda_Noskova-Xin_Yu_Wang,Linda Noskova,ApproachRallies,2,0,0,0,0,1,1,11
20260124-W-Australian_Open-R32-Linda_Noskova-Xin_Yu_Wang,Xin Yu Wang,NetPoints,4,3,3,0,1,0,0,25
20260124-W-Australian_Open-R32-Linda_Noskova-Xin_Yu_Wang,Xin Yu Wang,Approach,2,2,2,0,0,0,0,13
20260124-W-Australian_Open-R32-Linda_Noskova-Xin_Yu_Wang,Xin Yu Wang,NetPointsRallies,4,3,3,0,1,0,0,25
20260124-W-Australian_Open-R32-Linda_Noskova-Xin_Yu_Wang,Xin Yu Wang,ApproachRallies,2,2,2,0,0,0,0,13
20260124-W-Australian_Open-R32-Iga_Swiatek-Anna_Kalinskaya,Iga Swiatek,NetPoints,7,5,2,3,2,0,0,33
20260124-W-Australian_Open-R32-Iga_Swiatek-Anna_Kalinskaya,Iga Swiatek,Approach,3,2,0,2,1,0,0,15
20260124-W-Australian_Open-R32-Iga_Swiatek-Anna_Kalinskaya,Iga Swiatek,NetPointsRallies,7,5,2,3,2,0,0,33
20260124-W-Australian_Open-R32-Iga_Swiatek-Anna_Kalinskaya,Iga Swiatek,ApproachRallies,3,2,0,2,1,0,0,15
20260124-W-Australian_Open-R32-Iga_Swiatek-Anna_Kalinskaya,Anna Kalinskaya,NetPoints,8,6,5,1,1,0,0,45
20260124-W-Australian_Open-R32-Iga_Swiatek-Anna_Kalinskaya,Anna Kalinskaya,Approach,5,4,3,1,0,0,0,27
20260124-W-Australian_Open-R32-Iga_Swiatek-Anna_Kalinskaya,Anna Kalinskaya,NetPointsRallies,8,6,5,1,1,0,0,45
20260124-W-Australian_Open-R32-Iga_Swiatek-Anna_Kalinskaya,Anna Kalinskaya,ApproachRallies,5,4,3,1,0,0,0,27
20260124-W-Australian_Open-R32-Elena_Rybakina-Tereza_Valentova,Elena Rybakina,NetPoints,8,3,2,1,2,3,0,52
20260124-W-Australian_Open-R32-Elena_Rybakina-Tereza_Valentova,Elena Rybakina,Approach,4,1,0,1,1,2,0,28
20260124-W-Australian_Open-R32-Elena_Rybakina-Tereza_Valentova,Elena Rybakina,NetPointsRallies,8,3,2,1,2,3,0,52
20260124-W-Australian_Open-R32-Elena_Rybakina-Tereza_Valentova,Elena Rybakina,ApproachRallies,4,1,0,1,1,2,0,28
20260124-W-Australian_Open-R32-Elena_Rybakina-Tereza_Valentova,Tereza Valentova,NetPoints,7,6,5,1,0,1,0,63
20260124-W-Australian_Open-R32-Elena_Rybakina-Tereza_Valentova,Tereza Valentova,Approach,2,1,0,1,0,1,0,20
20260124-W-Australian_Open-R32-Elena_Rybakina-Tereza_Valentova,Tereza Valentova,NetPointsRallies,7,6,5,1,0,1,0,63
20260124-W-Australian_Open-R32-Elena_Rybakina-Tereza_Valentova,Tereza Valentova,ApproachRallies,2,1,0,1,0,1,0,20
20260123-W-Australian_Open-R32-Mirra_Andreeva-Elena_Gabriela_Ruse,Mirra Andreeva,NetPoints,4,4,4,0,0,0,0,34
20260123-W-Australian_Open-R32-Mirra_Andreeva-Elena_Gabriela_Ruse,Mirra Andreeva,NetPointsRallies,4,4,4,0,0,0,0,34
20260123-W-Australian_Open-R32-Mirra_Andreeva-Elena_Gabriela_Ruse,Elena Gabriela Ruse,NetPoints,17,10,7,2,3,4,0,163
20260123-W-Australian_Open-R32-Mirra_Andreeva-Elena_Gabriela_Ruse,Elena Gabriela Ruse,Approach,14,9,6,2,1,4,0,145
20260123-W-Australian_Open-R32-Mirra_Andreeva-Elena_Gabriela_Ruse,Elena Gabriela Ruse,NetPointsRallies,17,10,7,2,3,4,0,163
20260123-W-Australian_Open-R32-Mirra_Andreeva-Elena_Gabriela_Ruse,Elena Gabriela Ruse,ApproachRallies,14,9,6,2,1,4,0,145
20260123-W-Australian_Open-R32-Magda_Linette-Karolina_Muchova,Magda Linette,NetPoints,4,3,1,2,0,1,0,27
20260123-W-Australian_Open-R32-Magda_Linette-Karolina_Muchova,Magda Linette,Approach,1,1,0,1,0,0,0,5
20260123-W-Australian_Open-R32-Magda_Linette-Karolina_Muchova,Magda Linette,NetPointsRallies,4,3,1,2,0,1,0,27
20260123-W-Australian_Open-R32-Magda_Linette-Karolina_Muchova,Magda Linette,ApproachRallies,1,1,0,1,0,0,0,5
20260123-W-Australian_Open-R32-Magda_Linette-Karolina_Muchova,Karolina Muchova,NetPoints,7,6,5,1,0,0,0,40
20260123-W-Australian_Open-R32-Magda_Linette-Karolina_Muchova,Karolina Muchova,Approach,5,4,3,1,0,0,0,25
20260123-W-Australian_Open-R32-Magda_Linette-Karolina_Muchova,Karolina Muchova,NetPointsRallies,5,5,4,1,0,0,0,35
20260123-W-Australian_Open-R32-Magda_Linette-Karolina_Muchova,Karolina Muchova,ApproachRallies,3,3,2,1,0,0,0,20
20260123-W-Australian_Open-R32-Jasmine_Paolini-Iva_Jovic,Jasmine Paolini,NetPoints,7,7,2,5,0,0,0,48
20260123-W-Australian_Open-R32-Jasmine_Paolini-Iva_Jovic,Jasmine Paolini,Approach,2,2,0,2,0,0,0,18
20260123-W-Australian_Open-R32-Jasmine_Paolini-Iva_Jovic,Jasmine Paolini,NetPointsRallies,7,7,2,5,0,0,0,48
20260123-W-Australian_Open-R32-Jasmine_Paolini-Iva_Jovic,Jasmine Paolini,ApproachRallies,2,2,0,2,0,0,0,18
20260123-W-Australian_Open-R32-Jasmine_Paolini-Iva_Jovic,Iva Jovic,NetPoints,10,7,4,2,0,1,1,82
20260123-W-Australian_Open-R32-Jasmine_Paolini-Iva_Jovic,Iva Jovic,Approach,2,1,0,0,0,0,1,22
20260123-W-Australian_Open-R32-Jasmine_Paolini-Iva_Jovic,Iva Jovic,NetPointsRallies,10,7,4,2,0,1,1,82
20260123-W-Australian_Open-R32-Jasmine_Paolini-Iva_Jovic,Iva Jovic,ApproachRallies,2,1,0,0,0,0,1,22
20260123-W-Australian_Open-R32-Diana_Shnaider-Elina_Svitolina,Diana Shnaider,NetPoints,10,3,2,1,4,3,0,65
20260123-W-Australian_Open-R32-Diana_Shnaider-Elina_Svitolina,Diana Shnaider,Approach,4,1,1,0,2,1,0,34
20260123-W-Australian_Open-R32-Diana_Shnaider-Elina_Svitolina,Diana Shnaider,NetPointsRallies,10,3,2,1,4,3,0,65
20260123-W-Australian_Open-R32-Diana_Shnaider-Elina_Svitolina,Diana Shnaider,ApproachRallies,4,1,1,0,2,1,0,34
20260123-W-Australian_Open-R32-Diana_Shnaider-Elina_Svitolina,Elina Svitolina,NetPoints,10,6,6,0,1,1,2,73
20260123-W-Australian_Open-R32-Diana_Shnaider-Elina_Svitolina,Elina Svitolina,Approach,5,2,2,0,1,0,2,42
20260123-W-Australian_Open-R32-Diana_Shnaider-Elina_Svitolina,Elina Svitolina,NetPointsRallies,10,6,6,0,1,1,2,73
20260123-W-Australian_Open-R32-Diana_Shnaider-Elina_Svitolina,Elina Svitolina,ApproachRallies,5,2,2,0,1,0,2,42
20260122-W-Australian_Open-R64-Mccartney_Kessler-Jessica_Pegula,Mccartney Kessler,NetPoints,8,3,3,0,1,3,1,60
20260122-W-Australian_Open-R64-Mccartney_Kessler-Jessica_Pegula,Mccartney Kessler,Approach,6,2,2,0,1,2,1,43
20260122-W-Australian_Open-R64-Mccartney_Kessler-Jessica_Pegula,Mccartney Kessler,NetPointsRallies,7,3,3,0,1,2,1,56
20260122-W-Australian_Open-R64-Mccartney_Kessler-Jessica_Pegula,Mccartney Kessler,ApproachRallies,5,2,2,0,1,1,1,39
20260122-W-Australian_Open-R64-Mccartney_Kessler-Jessica_Pegula,Jessica Pegula,NetPoints,8,6,3,3,1,1,0,42
20260122-W-Australian_Open-R64-Mccartney_Kessler-Jessica_Pegula,Jessica Pegula,Approach,4,2,1,1,1,1,0,19
20260122-W-Australian_Open-R64-Mccartney_Kessler-Jessica_Pegula,Jessica Pegula,NetPointsRallies,8,6,3,3,1,1,0,42
20260122-W-Australian_Open-R64-Mccartney_Kessler-Jessica_Pegula,Jessica Pegula,ApproachRallies,4,2,1,1,1,1,0,19
20260122-W-Australian_Open-R64-Iga_Swiatek-Marie_Bouzkova,Iga Swiatek,NetPoints,17,13,10,2,2,1,1,106
20260122-W-Australian_Open-R64-Iga_Swiatek-Marie_Bouzkova,Iga Swiatek,Approach,11,8,6,2,2,0,1,64
20260122-W-Australian_Open-R64-Iga_Swiatek-Marie_Bouzkova,Iga Swiatek,NetPointsRallies,17,13,10,2,2,1,1,106
20260122-W-Australian_Open-R64-Iga_Swiatek-Marie_Bouzkova,Iga Swiatek,ApproachRallies,11,8,6,2,2,0,1,64
20260122-W-Australian_Open-R64-Iga_Swiatek-Marie_Bouzkova,Marie Bouzkova,NetPoints,13,6,2,4,1,4,2,80
20260122-W-Australian_Open-R64-Iga_Swiatek-Marie_Bouzkova,Marie Bouzkova,Approach,13,6,2,4,1,4,2,80
20260122-W-Australian_Open-R64-Iga_Swiatek-Marie_Bouzkova,Marie Bouzkova,NetPointsRallies,13,6,2,4,1,4,2,80
20260122-W-Australian_Open-R64-Iga_Swiatek-Marie_Bouzkova,Marie Bouzkova,ApproachRallies,13,6,2,4,1,4,2,80
20260122-W-Australian_Open-R64-Elena_Rybakina-Varvara_Gracheva,Elena Rybakina,NetPoints,9,2,1,1,3,3,0,66
20260122-W-Australian_Open-R64-Elena_Rybakina-Varvara_Gracheva,Elena Rybakina,Approach,7,0,0,0,3,3,0,54
20260122-W-Australian_Open-R64-Elena_Rybakina-Varvara_Gracheva,Elena Rybakina,NetPointsRallies,9,2,1,1,3,3,0,66
20260122-W-Australian_Open-R64-Elena_Rybakina-Varvara_Gracheva,Elena Rybakina,ApproachRallies,7,0,0,0,3,3,0,54
20260122-W-Australian_Open-R64-Elena_Rybakina-Varvara_Gracheva,Varvara Gracheva,NetPoints,2,2,1,0,0,0,0,10
20260122-W-Australian_Open-R64-Elena_Rybakina-Varvara_Gracheva,Varvara Gracheva,Approach,1,1,0,0,0,0,0,7
20260122-W-Australian_Open-R64-Elena_Rybakina-Varvara_Gracheva,Varvara Gracheva,NetPointsRallies,2,2,1,0,0,0,0,10
20260122-W-Australian_Open-R64-Elena_Rybakina-Varvara_Gracheva,Varvara Gracheva,ApproachRallies,1,1,0,0,0,0,0,7
20260121-W-Australian_Open-R64-Victoria_Mboko-Caty_Mcnally,Victoria Mboko,NetPoints,5,3,3,0,0,2,0,41
20260121-W-Australian_Open-R64-Victoria_Mboko-Caty_Mcnally,Victoria Mboko,Approach,1,0,0,0,0,1,0,13
20260121-W-Australian_Open-R64-Victoria_Mboko-Caty_Mcnally,Victoria Mboko,NetPointsRallies,5,3,3,0,0,2,0,41
20260121-W-Australian_Open-R64-Victoria_Mboko-Caty_Mcnally,Victoria Mboko,ApproachRallies,1,0,0,0,0,1,0,13
20260121-W-Australian_Open-R64-Victoria_Mboko-Caty_Mcnally,Caty Mcnally,NetPoints,20,12,8,4,2,6,0,117
20260121-W-Australian_Open-R64-Victoria_Mboko-Caty_Mcnally,Caty Mcnally,Approach,12,7,5,2,0,5,0,59
20260121-W-Australian_Open-R64-Victoria_Mboko-Caty_Mcnally,Caty Mcnally,NetPointsRallies,19,12,8,4,2,5,0,113
20260121-W-Australian_Open-R64-Victoria_Mboko-Caty_Mcnally,Caty Mcnally,ApproachRallies,11,7,5,2,0,4,0,55
20260121-W-Australian_Open-R64-Maria_Sakkari-Mirra_Andreeva,Maria Sakkari,NetPoints,9,8,3,5,0,1,0,54
20260121-W-Australian_Open-R64-Maria_Sakkari-Mirra_Andreeva,Maria Sakkari,Approach,7,6,2,4,0,1,0,46
20260121-W-Australian_Open-R64-Maria_Sakkari-Mirra_Andreeva,Maria Sakkari,NetPointsRallies,9,8,3,5,0,1,0,54
20260121-W-Australian_Open-R64-Maria_Sakkari-Mirra_Andreeva,Maria Sakkari,ApproachRallies,7,6,2,4,0,1,0,46
20260121-W-Australian_Open-R64-Maria_Sakkari-Mirra_Andreeva,Mirra Andreeva,NetPoints,3,3,2,1,0,0,0,26
20260121-W-Australian_Open-R64-Maria_Sakkari-Mirra_Andreeva,Mirra Andreeva,NetPointsRallies,3,3,2,1,0,0,0,26
20260121-W-Australian_Open-R64-Iva_Jovic-Priscilla_Hon,Iva Jovic,NetPoints,7,6,2,3,0,1,0,52
20260121-W-Australian_Open-R64-Iva_Jovic-Priscilla_Hon,Iva Jovic,Approach,3,2,1,1,0,1,0,20
20260121-W-Australian_Open-R64-Iva_Jovic-Priscilla_Hon,Iva Jovic,NetPointsRallies,7,6,2,3,0,1,0,52
20260121-W-Australian_Open-R64-Iva_Jovic-Priscilla_Hon,Iva Jovic,ApproachRallies,3,2,1,1,0,1,0,20
20260121-W-Australian_Open-R64-Iva_Jovic-Priscilla_Hon,Priscilla Hon,NetPoints,19,10,6,3,2,2,3,127
20260121-W-Australian_Open-R64-Iva_Jovic-Priscilla_Hon,Priscilla Hon,Approach,14,8,4,3,0,1,3,85
20260121-W-Australian_Open-R64-Iva_Jovic-Priscilla_Hon,Priscilla Hon,NetPointsRallies,16,9,5,3,2,2,3,118
20260121-W-Australian_Open-R64-Iva_Jovic-Priscilla_Hon,Priscilla Hon,ApproachRallies,11,7,3,3,0,1,3,76
20260121-W-Australian_Open-R64-Diana_Shnaider-Talia_Gibson,Diana Shnaider,NetPoints,6,2,1,1,2,0,2,32
20260121-W-Australian_Open-R64-Diana_Shnaider-Talia_Gibson,Diana Shnaider,Approach,2,2,1,1,0,0,0,11
20260121-W-Australian_Open-R64-Diana_Shnaider-Talia_Gibson,Diana Shnaider,NetPointsRallies,6,2,1,1,2,0,2,32
20260121-W-Australian_Open-R64-Diana_Shnaider-Talia_Gibson,Diana Shnaider,ApproachRallies,2,2,1,1,0,0,0,11
20260121-W-Australian_Open-R64-Diana_Shnaider-Talia_Gibson,Talia Gibson,NetPoints,11,9,5,2,0,1,0,67
20260121-W-Australian_Open-R64-Diana_Shnaider-Talia_Gibson,Talia Gibson,Approach,4,3,1,0,0,1,0,23
20260121-W-Australian_Open-R64-Diana_Shnaider-Talia_Gibson,Talia Gibson,NetPointsRallies,11,9,5,2,0,1,0,67
20260121-W-Australian_Open-R64-Diana_Shnaider-Talia_Gibson,Talia Gibson,ApproachRallies,4,3,1,0,0,1,0,23
20260121-W-Australian_Open-R64-Coco_Gauff-Olga_Danilovic,Coco Gauff,NetPoints,11,7,5,1,0,2,2,78
20260121-W-Australian_Open-R64-Coco_Gauff-Olga_Danilovic,Coco Gauff,Approach,3,1,0,1,0,1,1,16
20260121-W-Australian_Open-R64-Coco_Gauff-Olga_Danilovic,Coco Gauff,NetPointsRallies,11,7,5,1,0,2,2,78
20260121-W-Australian_Open-R64-Coco_Gauff-Olga_Danilovic,Coco Gauff,ApproachRallies,3,1,0,1,0,1,1,16
20260121-W-Australian_Open-R64-Coco_Gauff-Olga_Danilovic,Olga Danilovic,NetPoints,11,6,3,2,3,1,1,73
20260121-W-Australian_Open-R64-Coco_Gauff-Olga_Danilovic,Olga Danilovic,Approach,7,3,1,1,3,0,1,49
20260121-W-Australian_Open-R64-Coco_Gauff-Olga_Danilovic,Olga Danilovic,NetPointsRallies,11,6,3,2,3,1,1,73
20260121-W-Australian_Open-R64-Coco_Gauff-Olga_Danilovic,Olga Danilovic,ApproachRallies,7,3,1,1,3,0,1,49
20260121-W-Australian_Open-R64-Anastasia_Potapova-Emma_Raducanu,Anastasia Potapova,NetPoints,7,6,4,0,1,0,0,72
20260121-W-Australian_Open-R64-Anastasia_Potapova-Emma_Raducanu,Anastasia Potapova,Approach,6,5,4,0,1,0,0,66
20260121-W-Australian_Open-R64-Anastasia_Potapova-Emma_Raducanu,Anastasia Potapova,NetPointsRallies,7,6,4,0,1,0,0,72
20260121-W-Australian_Open-R64-Anastasia_Potapova-Emma_Raducanu,Anastasia Potapova,ApproachRallies,6,5,4,0,1,0,0,66
20260121-W-Australian_Open-R64-Anastasia_Potapova-Emma_Raducanu,Emma Raducanu,NetPoints,5,3,3,0,1,1,0,29
20260121-W-Australian_Open-R64-Anastasia_Potapova-Emma_Raducanu,Emma Raducanu,Approach,3,2,2,0,1,0,0,16
20260121-W-Australian_Open-R64-Anastasia_Potapova-Emma_Raducanu,Emma Raducanu,NetPointsRallies,5,3,3,0,1,1,0,29
20260121-W-Australian_Open-R64-Anastasia_Potapova-Emma_Raducanu,Emma Raducanu,ApproachRallies,3,2,2,0,1,0,0,16
20260121-W-Australian_Open-R64-Alycia_Parks-Karolina_Muchova,Alycia Parks,NetPoints,17,11,8,3,3,1,2,89
20260121-W-Australian_Open-R64-Alycia_Parks-Karolina_Muchova,Alycia Parks,Approach,12,7,5,2,2,1,2,68
20260121-W-Australian_Open-R64-Alycia_Parks-Karolina_Muchova,Alycia Parks,NetPointsRallies,17,11,8,3,3,1,2,89
20260121-W-Australian_Open-R64-Alycia_Parks-Karolina_Muchova,Alycia Parks,ApproachRallies,12,7,5,2,2,1,2,68
20260121-W-Australian_Open-R64-Alycia_Parks-Karolina_Muchova,Karolina Muchova,NetPoints,10,7,3,2,1,1,1,44
20260121-W-Australian_Open-R64-Alycia_Parks-Karolina_Muchova,Karolina Muchova,Approach,9,6,2,2,1,1,1,41
20260121-W-Australian_Open-R64-Alycia_Parks-Karolina_Muchova,Karolina Muchova,NetPointsRallies,8,5,3,2,1,1,1,42
20260121-W-Australian_Open-R64-Alycia_Parks-Karolina_Muchova,Karolina Muchova,ApproachRallies,7,4,2,2,1,1,1,39
20260120-W-Australian_Open-R64-Elina_Svitolina-Linda_Klimovicova,Elina Svitolina,NetPoints,14,12,10,0,1,1,0,82
20260120-W-Australian_Open-R64-Elina_Svitolina-Linda_Klimovicova,Elina Svitolina,Approach,5,4,3,0,0,1,0,37
20260120-W-Australian_Open-R64-Elina_Svitolina-Linda_Klimovicova,Elina Svitolina,NetPointsRallies,14,12,10,0,1,1,0,82
20260120-W-Australian_Open-R64-Elina_Svitolina-Linda_Klimovicova,Elina Svitolina,ApproachRallies,5,4,3,0,0,1,0,37
20260120-W-Australian_Open-R64-Elina_Svitolina-Linda_Klimovicova,Linda Klimovicova,NetPoints,12,7,6,1,2,3,0,85
20260120-W-Australian_Open-R64-Elina_Svitolina-Linda_Klimovicova,Linda Klimovicova,Approach,5,3,2,1,1,1,0,38
20260120-W-Australian_Open-R64-Elina_Svitolina-Linda_Klimovicova,Linda Klimovicova,NetPointsRallies,12,7,6,1,2,3,0,85
20260120-W-Australian_Open-R64-Elina_Svitolina-Linda_Klimovicova,Linda Klimovicova,ApproachRallies,5,3,2,1,1,1,0,38
20260120-W-Australian_Open-R128-Maya_Joint-Tereza_Valentova,Maya Joint,NetPoints,9,5,2,3,2,2,0,64
20260120-W-Australian_Open-R128-Maya_Joint-Tereza_Valentova,Maya Joint,Approach,4,2,0,2,1,1,0,26
20260120-W-Australian_Open-R128-Maya_Joint-Tereza_Valentova,Maya Joint,NetPointsRallies,9,5,2,3,2,2,0,64
20260120-W-Australian_Open-R128-Maya_Joint-Tereza_Valentova,Maya Joint,ApproachRallies,4,2,0,2,1,1,0,26
20260120-W-Australian_Open-R128-Maya_Joint-Tereza_Valentova,Tereza Valentova,NetPoints,6,5,3,1,0,1,0,39
20260120-W-Australian_Open-R128-Maya_Joint-Tereza_Valentova,Tereza Valentova,Approach,2,1,0,1,0,1,0,13
20260120-W-Australian_Open-R128-Maya_Joint-Tereza_Valentova,Tereza Valentova,NetPointsRallies,6,5,3,1,0,1,0,39
20260120-W-Australian_Open-R128-Maya_Joint-Tereza_Valentova,Tereza Valentova,ApproachRallies,2,1,0,1,0,1,0,13
20260120-W-Australian_Open-R128-Madison_Keys-Oleksandra_Oliynykova,Madison Keys,NetPoints,18,11,5,5,1,2,3,133
20260120-W-Australian_Open-R128-Madison_Keys-Oleksandra_Oliynykova,Madison Keys,Approach,14,9,4,4,1,1,2,96
20260120-W-Australian_Open-R128-Madison_Keys-Oleksandra_Oliynykova,Madison Keys,NetPointsRallies,18,11,5,5,1,2,3,133
20260120-W-Australian_Open-R128-Madison_Keys-Oleksandra_Oliynykova,Madison Keys,ApproachRallies,14,9,4,4,1,1,2,96
20260120-W-Australian_Open-R128-Madison_Keys-Oleksandra_Oliynykova,Oleksandra Oliynykova,NetPoints,3,3,0,3,0,0,0,26
20260120-W-Australian_Open-R128-Madison_Keys-Oleksandra_Oliynykova,Oleksandra Oliynykova,Approach,2,2,0,2,0,0,0,15
20260120-W-Australian_Open-R128-Madison_Keys-Oleksandra_Oliynykova,Oleksandra Oliynykova,NetPointsRallies,3,3,0,3,0,0,0,26
20260120-W-Australian_Open-R128-Madison_Keys-Oleksandra_Oliynykova,Oleksandra Oliynykova,ApproachRallies,2,2,0,2,0,0,0,15
20260120-W-Australian_Open-R128-Leylah_Fernandez-Janice_Tjen,Leylah Fernandez,NetPoints,22,15,5,9,3,3,1,127
20260120-W-Australian_Open-R128-Leylah_Fernandez-Janice_Tjen,Leylah Fernandez,Approach,15,11,4,6,2,2,0,86
20260120-W-Australian_Open-R128-Leylah_Fernandez-Janice_Tjen,Leylah Fernandez,NetPointsRallies,21,14,5,9,3,3,1,126
20260120-W-Australian_Open-R128-Leylah_Fernandez-Janice_Tjen,Leylah Fernandez,ApproachRallies,14,10,4,6,2,2,0,85
20260120-W-Australian_Open-R128-Leylah_Fernandez-Janice_Tjen,Janice Tjen,NetPoints,10,6,3,2,1,1,1,76
20260120-W-Australian_Open-R128-Leylah_Fernandez-Janice_Tjen,Janice Tjen,Approach,4,3,1,2,0,0,1,19
20260120-W-Australian_Open-R128-Leylah_Fernandez-Janice_Tjen,Janice Tjen,NetPointsRallies,10,6,3,2,1,1,1,76
20260120-W-Australian_Open-R128-Leylah_Fernandez-Janice_Tjen,Janice Tjen,ApproachRallies,4,3,1,2,0,0,1,19
20260120-W-Australian_Open-R128-Elena_Rybakina-Kaja_Juvan,Elena Rybakina,NetPoints,11,6,3,2,4,1,0,50
20260120-W-Australian_Open-R128-Elena_Rybakina-Kaja_Juvan,Elena Rybakina,Approach,9,4,1,2,4,1,0,42
20260120-W-Australian_Open-R128-Elena_Rybakina-Kaja_Juvan,Elena Rybakina,NetPointsRallies,9,5,3,2,3,1,0,47
20260120-W-Australian_Open-R128-Elena_Rybakina-Kaja_Juvan,Elena Rybakina,ApproachRallies,7,3,1,2,3,1,0,39
20260120-W-Australian_Open-R128-Elena_Rybakina-Kaja_Juvan,Kaja Juvan,NetPoints,3,2,2,0,0,0,1,24
20260120-W-Australian_Open-R128-Elena_Rybakina-Kaja_Juvan,Kaja Juvan,Approach,1,1,1,0,0,0,0,12
20260120-W-Australian_Open-R128-Elena_Rybakina-Kaja_Juvan,Kaja Juvan,NetPointsRallies,3,2,2,0,0,0,1,24
20260120-W-Australian_Open-R128-Elena_Rybakina-Kaja_Juvan,Kaja Juvan,ApproachRallies,1,1,1,0,0,0,0,12
20260119-W-Australian_Open-R128-Solana_Sierra-Moyuka_Uchijima,Solana Sierra,NetPoints,5,2,0,2,2,0,1,28
20260119-W-Australian_Open-R128-Solana_Sierra-Moyuka_Uchijima,Solana Sierra,Approach,2,2,0,2,0,0,0,8
20260119-W-Australian_Open-R128-Solana_Sierra-Moyuka_Uchijima,Solana Sierra,NetPointsRallies,5,2,0,2,2,0,1,28
20260119-W-Australian_Open-R128-Solana_Sierra-Moyuka_Uchijima,Solana Sierra,ApproachRallies,2,2,0,2,0,0,0,8
20260119-W-Australian_Open-R128-Solana_Sierra-Moyuka_Uchijima,Moyuka Uchijima,NetPoints,6,4,2,1,2,0,0,34
20260119-W-Australian_Open-R128-Solana_Sierra-Moyuka_Uchijima,Moyuka Uchijima,Approach,4,3,2,0,1,0,0,26
20260119-W-Australian_Open-R128-Solana_Sierra-Moyuka_Uchijima,Moyuka Uchijima,NetPointsRallies,6,4,2,1,2,0,0,34
20260119-W-Australian_Open-R128-Solana_Sierra-Moyuka_Uchijima,Moyuka Uchijima,ApproachRallies,4,3,2,0,1,0,0,26
20260119-W-Australian_Open-R128-Mirra_Andreeva-Donna_Vekic,Mirra Andreeva,NetPoints,18,14,11,3,0,2,1,164
20260119-W-Australian_Open-R128-Mirra_Andreeva-Donna_Vekic,Mirra Andreeva,Approach,5,3,2,1,0,1,0,39
20260119-W-Australian_Open-R128-Mirra_Andreeva-Donna_Vekic,Mirra Andreeva,NetPointsRallies,18,14,11,3,0,2,1,164
20260119-W-Australian_Open-R128-Mirra_Andreeva-Donna_Vekic,Mirra Andreeva,ApproachRallies,5,3,2,1,0,1,0,39
20260119-W-Australian_Open-R128-Mirra_Andreeva-Donna_Vekic,Donna Vekic,NetPoints,12,7,5,2,2,3,0,72
20260119-W-Australian_Open-R128-Mirra_Andreeva-Donna_Vekic,Donna Vekic,Approach,7,4,3,1,1,2,0,37
20260119-W-Australian_Open-R128-Mirra_Andreeva-Donna_Vekic,Donna Vekic,NetPointsRallies,12,7,5,2,2,3,0,72
20260119-W-Australian_Open-R128-Mirra_Andreeva-Donna_Vekic,Donna Vekic,ApproachRallies,7,4,3,1,1,2,0,37
20260119-W-Australian_Open-R128-Iva_Jovic-Katie_Volynets,Iva Jovic,NetPoints,14,8,4,4,4,1,0,85
20260119-W-Australian_Open-R128-Iva_Jovic-Katie_Volynets,Iva Jovic,Approach,9,5,2,3,2,1,0,54
20260119-W-Australian_Open-R128-Iva_Jovic-Katie_Volynets,Iva Jovic,NetPointsRallies,14,8,4,4,4,1,0,85
20260119-W-Australian_Open-R128-Iva_Jovic-Katie_Volynets,Iva Jovic,ApproachRallies,9,5,2,3,2,1,0,54
20260119-W-Australian_Open-R128-Iva_Jovic-Katie_Volynets,Katie Volynets,NetPoints,4,1,0,1,1,0,2,26
20260119-W-Australian_Open-R128-Iva_Jovic-Katie_Volynets,Katie Volynets,Approach,4,1,0,1,1,0,2,26
20260119-W-Australian_Open-R128-Iva_Jovic-Katie_Volynets,Katie Volynets,NetPointsRallies,4,1,0,1,1,0,2,26
20260119-W-Australian_Open-R128-Iva_Jovic-Katie_Volynets,Katie Volynets,ApproachRallies,4,1,0,1,1,0,2,26
20260119-W-Australian_Open-R128-Iga_Swiatek-Yue_Yuan,Iga Swiatek,NetPoints,5,5,3,1,0,0,0,30
20260119-W-Australian_Open-R128-Iga_Swiatek-Yue_Yuan,Iga Swiatek,Approach,4,4,2,1,0,0,0,21
20260119-W-Australian_Open-R128-Iga_Swiatek-Yue_Yuan,Iga Swiatek,NetPointsRallies,5,5,3,1,0,0,0,30
20260119-W-Australian_Open-R128-Iga_Swiatek-Yue_Yuan,Iga Swiatek,ApproachRallies,4,4,2,1,0,0,0,21
20260119-W-Australian_Open-R128-Iga_Swiatek-Yue_Yuan,Yue Yuan,NetPoints,3,2,2,0,1,0,0,14
20260119-W-Australian_Open-R128-Iga_Swiatek-Yue_Yuan,Yue Yuan,Approach,2,1,1,0,1,0,0,6
20260119-W-Australian_Open-R128-Iga_Swiatek-Yue_Yuan,Yue Yuan,NetPointsRallies,3,2,2,0,1,0,0,14
20260119-W-Australian_Open-R128-Iga_Swiatek-Yue_Yuan,Yue Yuan,ApproachRallies,2,1,1,0,1,0,0,6
20260119-W-Australian_Open-R128-Emerson_Jones-Victoria_Mboko,Emerson Jones,NetPoints,3,1,0,1,1,1,0,28
20260119-W-Australian_Open-R128-Emerson_Jones-Victoria_Mboko,Emerson Jones,Approach,1,1,0,1,0,0,0,9
20260119-W-Australian_Open-R128-Emerson_Jones-Victoria_Mboko,Emerson Jones,NetPointsRallies,3,1,0,1,1,1,0,28
20260119-W-Australian_Open-R128-Emerson_Jones-Victoria_Mboko,Emerson Jones,ApproachRallies,1,1,0,1,0,0,0,9
20260119-W-Australian_Open-R128-Emerson_Jones-Victoria_Mboko,Victoria Mboko,NetPoints,6,6,2,3,0,0,0,38
20260119-W-Australian_Open-R128-Emerson_Jones-Victoria_Mboko,Victoria Mboko,Approach,2,2,0,1,0,0,0,24
20260119-W-Australian_Open-R128-Emerson_Jones-Victoria_Mboko,Victoria Mboko,NetPointsRallies,6,6,2,3,0,0,0,38
20260119-W-Australian_Open-R128-Emerson_Jones-Victoria_Mboko,Victoria Mboko,ApproachRallies,2,2,0,1,0,0,0,24
20260118-W-Australian_Open-R128-Venus_Williams-Olga_Danilovic,Venus Williams,NetPoints,4,3,2,1,0,1,0,28
20260118-W-Australian_Open-R128-Venus_Williams-Olga_Danilovic,Venus Williams,Approach,4,3,2,1,0,1,0,28
20260118-W-Australian_Open-R128-Venus_Williams-Olga_Danilovic,Venus Williams,NetPointsRallies,4,3,2,1,0,1,0,28
20260118-W-Australian_Open-R128-Venus_Williams-Olga_Danilovic,Venus Williams,ApproachRallies,4,3,2,1,0,1,0,28
20260118-W-Australian_Open-R128-Venus_Williams-Olga_Danilovic,Olga Danilovic,NetPoints,15,13,7,6,1,0,1,68
20260118-W-Australian_Open-R128-Venus_Williams-Olga_Danilovic,Olga Danilovic,Approach,11,9,3,6,1,0,1,48
20260118-W-Australian_Open-R128-Venus_Williams-Olga_Danilovic,Olga Danilovic,NetPointsRallies,15,13,7,6,1,0,1,68
20260118-W-Australian_Open-R128-Venus_Williams-Olga_Danilovic,Olga Danilovic,ApproachRallies,11,9,3,6,1,0,1,48
20260118-W-Australian_Open-R128-Emma_Raducanu-Mananchaya_Sawangkaew,Emma Raducanu,NetPoints,9,8,5,3,0,1,0,55
20260118-W-Australian_Open-R128-Emma_Raducanu-Mananchaya_Sawangkaew,Emma Raducanu,Approach,3,3,1,2,0,0,0,11
20260118-W-Australian_Open-R128-Emma_Raducanu-Mananchaya_Sawangkaew,Emma Raducanu,NetPointsRallies,9,8,5,3,0,1,0,55
20260118-W-Australian_Open-R128-Emma_Raducanu-Mananchaya_Sawangkaew,Emma Raducanu,ApproachRallies,3,3,1,2,0,0,0,11
20260118-W-Australian_Open-R128-Emma_Raducanu-Mananchaya_Sawangkaew,Mananchaya Sawangkaew,NetPoints,6,4,3,1,0,1,0,63
20260118-W-Australian_Open-R128-Emma_Raducanu-Mananchaya_Sawangkaew,Mananchaya Sawangkaew,Approach,4,3,2,1,0,0,0,44
20260118-W-Australian_Open-R128-Emma_Raducanu-Mananchaya_Sawangkaew,Mananchaya Sawangkaew,NetPointsRallies,6,4,3,1,0,1,0,63
20260118-W-Australian_Open-R128-Emma_Raducanu-Mananchaya_Sawangkaew,Mananchaya Sawangkaew,ApproachRallies,4,3,2,1,0,0,0,44
20260118-W-Australian_Open-R128-Emma_Navarro-Magda_Linette,Emma Navarro,NetPoints,2,0,0,0,0,2,0,18
20260118-W-Australian_Open-R128-Emma_Navarro-Magda_Linette,Emma Navarro,Approach,1,0,0,0,0,1,0,6
20260118-W-Australian_Open-R128-Emma_Navarro-Magda_Linette,Emma Navarro,NetPointsRallies,2,0,0,0,0,2,0,18
20260118-W-Australian_Open-R128-Emma_Navarro-Magda_Linette,Emma Navarro,ApproachRallies,1,0,0,0,0,1,0,6
20260118-W-Australian_Open-R128-Emma_Navarro-Magda_Linette,Magda Linette,NetPoints,7,6,3,3,1,0,0,49
20260118-W-Australian_Open-R128-Emma_Navarro-Magda_Linette,Magda Linette,Approach,3,3,2,1,0,0,0,33
20260118-W-Australian_Open-R128-Emma_Navarro-Magda_Linette,Magda Linette,NetPointsRallies,7,6,3,3,1,0,0,49
20260118-W-Australian_Open-R128-Emma_Navarro-Magda_Linette,Magda Linette,ApproachRallies,3,3,2,1,0,0,0,33
20260118-W-Australian_Open-R128-Elsa_Jacquemot-Marta_Kostyuk,Elsa Jacquemot,NetPoints,36,22,14,7,2,8,4,207
20260118-W-Australian_Open-R128-Elsa_Jacquemot-Marta_Kostyuk,Elsa Jacquemot,Approach,19,8,4,4,0,7,4,112
20260118-W-Australian_Open-R128-Elsa_Jacquemot-Marta_Kostyuk,Elsa Jacquemot,NetPointsRallies,35,22,14,7,2,8,3,201
20260118-W-Australian_Open-R128-Elsa_Jacquemot-Marta_Kostyuk,Elsa Jacquemot,ApproachRallies,18,8,4,4,0,7,3,106
20260118-W-Australian_Open-R128-Elsa_Jacquemot-Marta_Kostyuk,Marta Kostyuk,NetPoints,55,42,31,10,5,2,6,306
20260118-W-Australian_Open-R128-Elsa_Jacquemot-Marta_Kostyuk,Marta Kostyuk,Approach,34,25,19,6,3,0,6,186
20260118-W-Australian_Open-R128-Elsa_Jacquemot-Marta_Kostyuk,Marta Kostyuk,NetPointsRallies,54,41,30,10,5,2,6,301
20260118-W-Australian_Open-R128-Elsa_Jacquemot-Marta_Kostyuk,Marta Kostyuk,ApproachRallies,33,24,18,6,3,0,6,181
20260118-W-Australian_Open-R128-Anna_Blinkova-Talia_Gibson,Anna Blinkova,NetPoints,2,1,1,0,0,1,0,13
20260118-W-Australian_Open-R128-Anna_Blinkova-Talia_Gibson,Anna Blinkova,Approach,2,1,1,0,0,1,0,13
20260118-W-Australian_Open-R128-Anna_Blinkova-Talia_Gibson,Anna Blinkova,NetPointsRallies,2,1,1,0,0,1,0,13
20260118-W-Australian_Open-R128-Anna_Blinkova-Talia_Gibson,Anna Blinkova,ApproachRallies,2,1,1,0,0,1,0,13
20260118-W-Australian_Open-R128-Anna_Blinkova-Talia_Gibson,Talia Gibson,NetPoints,11,8,5,3,1,1,0,74
20260118-W-Australian_Open-R128-Anna_Blinkova-Talia_Gibson,Talia Gibson,Approach,2,2,1,1,0,0,0,21
20260118-W-Australian_Open-R128-Anna_Blinkova-Talia_Gibson,Talia Gibson,NetPointsRallies,11,8,5,3,1,1,0,74
20260118-W-Australian_Open-R128-Anna_Blinkova-Talia_Gibson,Talia Gibson,ApproachRallies,2,2,1,1,0,0,0,21
20260118-W-Australian_Open-R128-Anastasia_Potapova-Suzan_Lamens,Anastasia Potapova,NetPoints,11,8,4,2,2,0,1,119
20260118-W-Australian_Open-R128-Anastasia_Potapova-Suzan_Lamens,Anastasia Potapova,Approach,6,4,2,1,1,0,1,48
20260118-W-Australian_Open-R128-Anastasia_Potapova-Suzan_Lamens,Anastasia Potapova,NetPointsRallies,11,8,4,2,2,0,1,119
20260118-W-Australian_Open-R128-Anastasia_Potapova-Suzan_Lamens,Anastasia Potapova,ApproachRallies,6,4,2,1,1,0,1,48
20260118-W-Australian_Open-R128-Anastasia_Potapova-Suzan_Lamens,Suzan Lamens,NetPoints,16,11,6,4,0,3,0,153
20260118-W-Australian_Open-R128-Anastasia_Potapova-Suzan_Lamens,Suzan Lamens,Approach,13,9,6,2,0,2,0,107
20260118-W-Australian_Open-R128-Anastasia_Potapova-Suzan_Lamens,Suzan Lamens,NetPointsRallies,16,11,6,4,0,3,0,153
20260118-W-Australian_Open-R128-Anastasia_Potapova-Suzan_Lamens,Suzan Lamens,ApproachRallies,13,9,6,2,0,2,0,107
20250906-W-US_Open-F-Aryna_Sabalenka-Amanda_Anisimova,Aryna Sabalenka,NetPoints,3,2,1,1,1,0,0,18
20250906-W-US_Open-F-Aryna_Sabalenka-Amanda_Anisimova,Aryna Sabalenka,Approach,2,1,1,0,1,0,0,10
20250906-W-US_Open-F-Aryna_Sabalenka-Amanda_Anisimova,Aryna Sabalenka,NetPointsRallies,3,2,1,1,1,0,0,18
20250906-W-US_Open-F-Aryna_Sabalenka-Amanda_Anisimova,Aryna Sabalenka,ApproachRallies,2,1,1,0,1,0,0,10
20250906-W-US_Open-F-Aryna_Sabalenka-Amanda_Anisimova,Amanda Anisimova,NetPoints,3,2,1,0,0,1,0,16
20250906-W-US_Open-F-Aryna_Sabalenka-Amanda_Anisimova,Amanda Anisimova,Approach,2,1,0,0,0,1,0,12
20250906-W-US_Open-F-Aryna_Sabalenka-Amanda_Anisimova,Amanda Anisimova,NetPointsRallies,3,2,1,0,0,1,0,16
20250906-W-US_Open-F-Aryna_Sabalenka-Amanda_Anisimova,Amanda Anisimova,ApproachRallies,2,1,0,0,0,1,0,12
20250904-W-US_Open-SF-Aryna_Sabalenka-Jessica_Pegula,Aryna Sabalenka,NetPoints,27,16,12,3,4,3,3,149
20250904-W-US_Open-SF-Aryna_Sabalenka-Jessica_Pegula,Aryna Sabalenka,Approach,13,7,5,2,1,2,2,72
20250904-W-US_Open-SF-Aryna_Sabalenka-Jessica_Pegula,Aryna Sabalenka,NetPointsRallies,27,16,12,3,4,3,3,149
20250904-W-US_Open-SF-Aryna_Sabalenka-Jessica_Pegula,Aryna Sabalenka,ApproachRallies,13,7,5,2,1,2,2,72
20250904-W-US_Open-SF-Aryna_Sabalenka-Jessica_Pegula,Jessica Pegula,NetPoints,22,15,9,4,4,3,0,168
20250904-W-US_Open-SF-Aryna_Sabalenka-Jessica_Pegula,Jessica Pegula,Approach,8,7,4,2,1,0,0,68
20250904-W-US_Open-SF-Aryna_Sabalenka-Jessica_Pegula,Jessica Pegula,NetPointsRallies,22,15,9,4,4,3,0,168
20250904-W-US_Open-SF-Aryna_Sabalenka-Jessica_Pegula,Jessica Pegula,ApproachRallies,8,7,4,2,1,0,0,68
20250904-W-US_Open-SF-Amanda_Anisimova-Naomi_Osaka,Amanda Anisimova,NetPoints,7,5,3,0,0,0,1,40
20250904-W-US_Open-SF-Amanda_Anisimova-Naomi_Osaka,Amanda Anisimova,Approach,7,5,3,0,0,0,1,40
20250904-W-US_Open-SF-Amanda_Anisimova-Naomi_Osaka,Amanda Anisimova,NetPointsRallies,6,4,2,0,0,0,1,37
20250904-W-US_Open-SF-Amanda_Anisimova-Naomi_Osaka,Amanda Anisimova,ApproachRallies,6,4,2,0,0,0,1,37
20250904-W-US_Open-SF-Amanda_Anisimova-Naomi_Osaka,Naomi Osaka,NetPoints,3,3,1,0,0,0,0,23
20250904-W-US_Open-SF-Amanda_Anisimova-Naomi_Osaka,Naomi Osaka,Approach,2,2,0,0,0,0,0,17
20250904-W-US_Open-SF-Amanda_Anisimova-Naomi_Osaka,Naomi Osaka,NetPointsRallies,3,3,1,0,0,0,0,23
20250904-W-US_Open-SF-Amanda_Anisimova-Naomi_Osaka,Naomi Osaka,ApproachRallies,2,2,0,0,0,0,0,17
20250903-W-US_Open-QF-Amanda_Anisimova-Iga_Swiatek,Amanda Anisimova,NetPoints,4,3,2,1,0,1,0,22
20250903-W-US_Open-QF-Amanda_Anisimova-Iga_Swiatek,Amanda Anisimova,Approach,2,2,2,0,0,0,0,14
20250903-W-US_Open-QF-Amanda_Anisimova-Iga_Swiatek,Amanda Anisimova,NetPointsRallies,4,3,2,1,0,1,0,22
20250903-W-US_Open-QF-Amanda_Anisimova-Iga_Swiatek,Amanda Anisimova,ApproachRallies,2,2,2,0,0,0,0,14
20250903-W-US_Open-QF-Amanda_Anisimova-Iga_Swiatek,Iga Swiatek,NetPoints,3,3,3,0,0,0,0,27
20250903-W-US_Open-QF-Amanda_Anisimova-Iga_Swiatek,Iga Swiatek,NetPointsRallies,3,3,3,0,0,0,0,27
20250902-W-US_Open-QF-Jessica_Pegula-Barbora_Krejcikova,Jessica Pegula,NetPoints,7,5,4,1,0,2,0,38
20250902-W-US_Open-QF-Jessica_Pegula-Barbora_Krejcikova,Jessica Pegula,Approach,5,3,2,1,0,2,0,30
20250902-W-US_Open-QF-Jessica_Pegula-Barbora_Krejcikova,Jessica Pegula,NetPointsRallies,7,5,4,1,0,2,0,38
20250902-W-US_Open-QF-Jessica_Pegula-Barbora_Krejcikova,Jessica Pegula,ApproachRallies,5,3,2,1,0,2,0,30
20250902-W-US_Open-QF-Jessica_Pegula-Barbora_Krejcikova,Barbora Krejcikova,NetPoints,9,4,3,1,1,4,0,46
20250902-W-US_Open-QF-Jessica_Pegula-Barbora_Krejcikova,Barbora Krejcikova,Approach,8,3,2,1,1,4,0,40
20250902-W-US_Open-QF-Jessica_Pegula-Barbora_Krejcikova,Barbora Krejcikova,NetPointsRallies,8,3,2,1,1,4,0,43
20250902-W-US_Open-QF-Jessica_Pegula-Barbora_Krejcikova,Barbora Krejcikova,ApproachRallies,7,2,1,1,1,4,0,37
20250901-W-US_Open-R16-Karolina_Muchova-Marta_Kostyuk,Karolina Muchova,NetPoints,26,16,9,0,3,2,2,149
20250901-W-US_Open-R16-Karolina_Muchova-Marta_Kostyuk,Karolina Muchova,Approach,20,13,7,0,2,2,0,102
20250901-W-US_Open-R16-Karolina_Muchova-Marta_Kostyuk,Karolina Muchova,NetPointsRallies,17,9,6,0,2,2,2,124
20250901-W-US_Open-R16-Karolina_Muchova-Marta_Kostyuk,Karolina Muchova,ApproachRallies,11,6,4,0,1,2,0,77
20250901-W-US_Open-R16-Karolina_Muchova-Marta_Kostyuk,Marta Kostyuk,NetPoints,23,14,11,2,4,2,3,150
20250901-W-US_Open-R16-Karolina_Muchova-Marta_Kostyuk,Marta Kostyuk,Approach,15,6,4,1,4,2,3,96
20250901-W-US_Open-R16-Karolina_Muchova-Marta_Kostyuk,Marta Kostyuk,NetPointsRallies,23,14,11,2,4,2,3,150
20250901-W-US_Open-R16-Karolina_Muchova-Marta_Kostyuk,Marta Kostyuk,ApproachRallies,15,6,4,1,4,2,3,96
20250901-W-US_Open-R16-Coco_Gauff-Naomi_Osaka,Coco Gauff,NetPoints,6,3,0,1,0,1,0,36
20250901-W-US_Open-R16-Coco_Gauff-Naomi_Osaka,Coco Gauff,Approach,5,3,0,1,0,1,0,27
20250901-W-US_Open-R16-Coco_Gauff-Naomi_Osaka,Coco Gauff,NetPointsRallies,6,3,0,1,0,1,0,36
20250901-W-US_Open-R16-Coco_Gauff-Naomi_Osaka,Coco Gauff,ApproachRallies,5,3,0,1,0,1,0,27
20250901-W-US_Open-R16-Coco_Gauff-Naomi_Osaka,Naomi Osaka,NetPoints,2,1,0,0,0,1,0,11
20250901-W-US_Open-R16-Coco_Gauff-Naomi_Osaka,Naomi Osaka,Approach,1,1,0,0,0,0,0,4
20250901-W-US_Open-R16-Coco_Gauff-Naomi_Osaka,Naomi Osaka,NetPointsRallies,2,1,0,0,0,1,0,11
20250901-W-US_Open-R16-Coco_Gauff-Naomi_Osaka,Naomi Osaka,ApproachRallies,1,1,0,0,0,0,0,4
20250901-W-US_Open-R16-Beatriz_Haddad_Maia-Amanda_Anisimova,Beatriz Haddad Maia,NetPoints,1,1,1,0,0,0,0,3
20250901-W-US_Open-R16-Beatriz_Haddad_Maia-Amanda_Anisimova,Beatriz Haddad Maia,Approach,1,1,1,0,0,0,0,3
20250901-W-US_Open-R16-Beatriz_Haddad_Maia-Amanda_Anisimova,Amanda Anisimova,NetPoints,1,1,0,1,0,0,0,10
20250901-W-US_Open-R16-Beatriz_Haddad_Maia-Amanda_Anisimova,Amanda Anisimova,NetPointsRallies,1,1,0,1,0,0,0,10
20250831-W-US_Open-R16-Barbora_Krejcikova-Taylor_Townsend,Barbora Krejcikova,NetPoints,27,15,9,2,5,5,1,141
20250831-W-US_Open-R16-Barbora_Krejcikova-Taylor_Townsend,Barbora Krejcikova,Approach,20,10,4,2,4,4,1,98
20250831-W-US_Open-R16-Barbora_Krejcikova-Taylor_Townsend,Barbora Krejcikova,NetPointsRallies,23,14,9,2,4,3,1,128
20250831-W-US_Open-R16-Barbora_Krejcikova-Taylor_Townsend,Barbora Krejcikova,ApproachRallies,16,9,4,2,3,2,1,85
20250831-W-US_Open-R16-Barbora_Krejcikova-Taylor_Townsend,Taylor Townsend,NetPoints,16,9,8,0,4,2,1,83
20250831-W-US_Open-R16-Barbora_Krejcikova-Taylor_Townsend,Taylor Townsend,Approach,14,7,6,0,4,2,1,74
20250831-W-US_Open-R16-Barbora_Krejcikova-Taylor_Townsend,Taylor Townsend,NetPointsRallies,13,7,6,0,4,1,1,73
20250831-W-US_Open-R16-Barbora_Krejcikova-Taylor_Townsend,Taylor Townsend,ApproachRallies,11,5,4,0,4,1,1,64
20250830-W-US_Open-R32-Naomi_Osaka-Daria_Kasatkina,Naomi Osaka,NetPoints,2,1,1,0,0,0,0,11
20250830-W-US_Open-R32-Naomi_Osaka-Daria_Kasatkina,Naomi Osaka,Approach,2,1,1,0,0,0,0,11
20250830-W-US_Open-R32-Naomi_Osaka-Daria_Kasatkina,Naomi Osaka,NetPointsRallies,2,1,1,0,0,0,0,11
20250830-W-US_Open-R32-Naomi_Osaka-Daria_Kasatkina,Naomi Osaka,ApproachRallies,2,1,1,0,0,0,0,11
20250830-W-US_Open-R32-Naomi_Osaka-Daria_Kasatkina,Daria Kasatkina,NetPoints,1,1,1,0,0,0,0,4
20250830-W-US_Open-R32-Naomi_Osaka-Daria_Kasatkina,Daria Kasatkina,NetPointsRallies,1,1,1,0,0,0,0,4
20250830-W-US_Open-R32-Karolina_Muchova-Linda_Noskova,Karolina Muchova,NetPoints,15,12,9,2,1,1,0,83
20250830-W-US_Open-R32-Karolina_Muchova-Linda_Noskova,Karolina Muchova,Approach,9,7,5,1,1,1,0,48
20250830-W-US_Open-R32-Karolina_Muchova-Linda_Noskova,Karolina Muchova,NetPointsRallies,12,10,7,2,0,1,0,73
20250830-W-US_Open-R32-Karolina_Muchova-Linda_Noskova,Karolina Muchova,ApproachRallies,6,5,3,1,0,1,0,38
20250830-W-US_Open-R32-Karolina_Muchova-Linda_Noskova,Linda Noskova,NetPoints,22,14,10,2,3,5,0,141
20250830-W-US_Open-R32-Karolina_Muchova-Linda_Noskova,Linda Noskova,Approach,15,10,7,1,1,4,0,106
20250830-W-US_Open-R32-Karolina_Muchova-Linda_Noskova,Linda Noskova,NetPointsRallies,22,14,10,2,3,5,0,141
20250830-W-US_Open-R32-Karolina_Muchova-Linda_Noskova,Linda Noskova,ApproachRallies,15,10,7,1,1,4,0,106
20250830-W-US_Open-R32-Jaqueline_Cristian-Amanda_Anisimova,Jaqueline Cristian,NetPoints,4,2,1,1,0,2,0,32
20250830-W-US_Open-R32-Jaqueline_Cristian-Amanda_Anisimova,Jaqueline Cristian,Approach,2,0,0,0,0,2,0,22
20250830-W-US_Open-R32-Jaqueline_Cristian-Amanda_Anisimova,Jaqueline Cristian,NetPointsRallies,4,2,1,1,0,2,0,32
20250830-W-US_Open-R32-Jaqueline_Cristian-Amanda_Anisimova,Jaqueline Cristian,ApproachRallies,2,0,0,0,0,2,0,22
20250830-W-US_Open-R32-Jaqueline_Cristian-Amanda_Anisimova,Amanda Anisimova,NetPoints,12,7,6,0,2,2,0,84
20250830-W-US_Open-R32-Jaqueline_Cristian-Amanda_Anisimova,Amanda Anisimova,Approach,9,4,3,0,2,2,0,62
20250830-W-US_Open-R32-Jaqueline_Cristian-Amanda_Anisimova,Amanda Anisimova,NetPointsRallies,12,7,6,0,2,2,0,84
20250830-W-US_Open-R32-Jaqueline_Cristian-Amanda_Anisimova,Amanda Anisimova,ApproachRallies,9,4,3,0,2,2,0,62
20250830-W-US_Open-R32-Diane_Parry-Marta_Kostyuk,Diane Parry,NetPoints,9,5,5,0,3,1,0,51
20250830-W-US_Open-R32-Diane_Parry-Marta_Kostyuk,Diane Parry,NetPointsRallies,9,5,5,0,3,1,0,51
20250830-W-US_Open-R32-Diane_Parry-Marta_Kostyuk,Marta Kostyuk,NetPoints,18,14,10,2,2,1,1,115
20250830-W-US_Open-R32-Diane_Parry-Marta_Kostyuk,Marta Kostyuk,NetPointsRallies,18,14,10,2,2,1,1,115
20250829-W-US_Open-R32-Mirra_Andreeva-Taylor_Townsend,Mirra Andreeva,NetPoints,9,3,1,1,3,3,0,45
20250829-W-US_Open-R32-Mirra_Andreeva-Taylor_Townsend,Mirra Andreeva,Approach,7,2,0,1,3,2,0,34
20250829-W-US_Open-R32-Mirra_Andreeva-Taylor_Townsend,Mirra Andreeva,NetPointsRallies,9,3,1,1,3,3,0,45
20250829-W-US_Open-R32-Mirra_Andreeva-Taylor_Townsend,Mirra Andreeva,ApproachRallies,7,2,0,1,3,2,0,34
20250829-W-US_Open-R32-Mirra_Andreeva-Taylor_Townsend,Taylor Townsend,NetPoints,25,20,9,6,2,1,1,108
20250829-W-US_Open-R32-Mirra_Andreeva-Taylor_Townsend,Taylor Townsend,Approach,20,15,4,6,2,1,1,87
20250829-W-US_Open-R32-Mirra_Andreeva-Taylor_Townsend,Taylor Townsend,NetPointsRallies,21,16,6,6,2,1,1,96
20250829-W-US_Open-R32-Mirra_Andreeva-Taylor_Townsend,Taylor Townsend,ApproachRallies,16,11,1,6,2,1,1,75
20250829-W-US_Open-R32-Elena_Rybakina-Emma_Raducanu,Elena Rybakina,NetPoints,4,4,3,1,0,0,0,14
20250829-W-US_Open-R32-Elena_Rybakina-Emma_Raducanu,Elena Rybakina,NetPointsRallies,4,4,3,1,0,0,0,14
20250829-W-US_Open-R32-Elena_Rybakina-Emma_Raducanu,Emma Raducanu,NetPoints,1,1,1,0,0,0,0,3
20250829-W-US_Open-R32-Elena_Rybakina-Emma_Raducanu,Emma Raducanu,NetPointsRallies,1,1,1,0,0,0,0,3
20250828-W-US_Open-R64-Naomi_Osaka-Hailey_Baptiste,Naomi Osaka,NetPoints,4,4,3,1,0,0,0,25
20250828-W-US_Open-R64-Naomi_Osaka-Hailey_Baptiste,Naomi Osaka,Approach,2,2,1,1,0,0,0,12
20250828-W-US_Open-R64-Naomi_Osaka-Hailey_Baptiste,Naomi Osaka,NetPointsRallies,4,4,3,1,0,0,0,25
20250828-W-US_Open-R64-Naomi_Osaka-Hailey_Baptiste,Naomi Osaka,ApproachRallies,2,2,1,1,0,0,0,12
20250828-W-US_Open-R64-Naomi_Osaka-Hailey_Baptiste,Hailey Baptiste,NetPoints,11,6,3,2,0,2,0,67
20250828-W-US_Open-R64-Naomi_Osaka-Hailey_Baptiste,Hailey Baptiste,Approach,10,5,2,2,0,2,0,64
20250828-W-US_Open-R64-Naomi_Osaka-Hailey_Baptiste,Hailey Baptiste,NetPointsRallies,11,6,3,2,0,2,0,67
20250828-W-US_Open-R64-Naomi_Osaka-Hailey_Baptiste,Hailey Baptiste,ApproachRallies,10,5,2,2,0,2,0,64
20250828-W-US_Open-R64-Marta_Kostyuk-Zeynep_Sonmez,Marta Kostyuk,NetPoints,14,10,6,0,1,3,0,107
20250828-W-US_Open-R64-Marta_Kostyuk-Zeynep_Sonmez,Marta Kostyuk,Approach,9,7,4,0,1,1,0,62
20250828-W-US_Open-R64-Marta_Kostyuk-Zeynep_Sonmez,Marta Kostyuk,NetPointsRallies,14,10,6,0,1,3,0,107
20250828-W-US_Open-R64-Marta_Kostyuk-Zeynep_Sonmez,Marta Kostyuk,ApproachRallies,9,7,4,0,1,1,0,62
20250828-W-US_Open-R64-Marta_Kostyuk-Zeynep_Sonmez,Zeynep Sonmez,NetPoints,23,13,7,3,4,4,0,183
20250828-W-US_Open-R64-Marta_Kostyuk-Zeynep_Sonmez,Zeynep Sonmez,Approach,16,7,3,1,3,4,0,112
20250828-W-US_Open-R64-Marta_Kostyuk-Zeynep_Sonmez,Zeynep Sonmez,NetPointsRallies,23,13,7,3,4,4,0,183
20250828-W-US_Open-R64-Marta_Kostyuk-Zeynep_Sonmez,Zeynep Sonmez,ApproachRallies,16,7,3,1,3,4,0,112
20250828-W-US_Open-R64-Maria_Sakkari-Anna_Bondar,Anna Bondar,NetPoints,9,3,1,2,1,2,3,56
20250828-W-US_Open-R64-Maria_Sakkari-Anna_Bondar,Anna Bondar,Approach,7,3,1,2,1,2,1,31
20250828-W-US_Open-R64-Maria_Sakkari-Anna_Bondar,Maria Sakkari,NetPoints,5,4,2,2,1,0,0,22
20250828-W-US_Open-R64-Maria_Sakkari-Anna_Bondar,Maria Sakkari,Approach,3,2,0,2,1,0,0,13
20250828-W-US_Open-R64-Maria_Sakkari-Anna_Bondar,Maria Sakkari,NetPointsRallies,5,4,2,2,1,0,0,22
20250828-W-US_Open-R64-Maria_Sakkari-Anna_Bondar,Maria Sakkari,ApproachRallies,3,2,0,2,1,0,0,13
20250828-W-US_Open-R64-Maria_Sakkari-Anna_Bondar,Anna Bondar,NetPointsRallies,9,3,1,2,1,2,3,56
20250828-W-US_Open-R64-Maria_Sakkari-Anna_Bondar,Anna Bondar,ApproachRallies,7,3,1,2,1,2,1,31
20250828-W-US_Open-R64-Amanda_Anisimova-Maya_Joint,Amanda Anisimova,NetPoints,4,3,2,0,0,1,0,29
20250828-W-US_Open-R64-Amanda_Anisimova-Maya_Joint,Amanda Anisimova,Approach,3,2,1,0,0,1,0,19
20250828-W-US_Open-R64-Amanda_Anisimova-Maya_Joint,Amanda Anisimova,NetPointsRallies,4,3,2,0,0,1,0,29
20250828-W-US_Open-R64-Amanda_Anisimova-Maya_Joint,Amanda Anisimova,ApproachRallies,3,2,1,0,0,1,0,19
20250827-W-US_Open-R64-Jasmine_Paolini-Iva_Jovic,Jasmine Paolini,NetPoints,8,7,5,1,0,1,0,57
20250827-W-US_Open-R64-Jasmine_Paolini-Iva_Jovic,Jasmine Paolini,Approach,5,4,3,1,0,1,0,43
20250827-W-US_Open-R64-Jasmine_Paolini-Iva_Jovic,Jasmine Paolini,NetPointsRallies,8,7,5,1,0,1,0,57
20250827-W-US_Open-R64-Jasmine_Paolini-Iva_Jovic,Jasmine Paolini,ApproachRallies,5,4,3,1,0,1,0,43
20250827-W-US_Open-R64-Jasmine_Paolini-Iva_Jovic,Iva Jovic,NetPoints,5,4,3,0,0,0,1,36
20250827-W-US_Open-R64-Jasmine_Paolini-Iva_Jovic,Iva Jovic,Approach,5,4,3,0,0,0,1,36
20250827-W-US_Open-R64-Jasmine_Paolini-Iva_Jovic,Iva Jovic,NetPointsRallies,5,4,3,0,0,0,1,36
20250827-W-US_Open-R64-Jasmine_Paolini-Iva_Jovic,Iva Jovic,ApproachRallies,5,4,3,0,0,0,1,36
20250827-W-US_Open-R64-Emma_Raducanu-Janice_Tjen,Emma Raducanu,NetPoints,2,1,1,0,1,0,0,16
20250827-W-US_Open-R64-Emma_Raducanu-Janice_Tjen,Emma Raducanu,Approach,1,0,0,0,1,0,0,4
20250827-W-US_Open-R64-Emma_Raducanu-Janice_Tjen,Emma Raducanu,NetPointsRallies,2,1,1,0,1,0,0,16
20250827-W-US_Open-R64-Emma_Raducanu-Janice_Tjen,Emma Raducanu,ApproachRallies,1,0,0,0,1,0,0,4
20250827-W-US_Open-R64-Emma_Raducanu-Janice_Tjen,Janice Tjen,NetPoints,6,6,3,2,0,0,0,47
20250827-W-US_Open-R64-Emma_Raducanu-Janice_Tjen,Janice Tjen,Approach,5,5,2,2,0,0,0,42
20250827-W-US_Open-R64-Emma_Raducanu-Janice_Tjen,Janice Tjen,NetPointsRallies,6,6,3,2,0,0,0,47
20250827-W-US_Open-R64-Emma_Raducanu-Janice_Tjen,Janice Tjen,ApproachRallies,5,5,2,2,0,0,0,42
20250827-W-US_Open-R64-Elena_Rybakina-Tereza_Valentova,Elena Rybakina,NetPoints,10,6,4,0,1,2,1,54
20250827-W-US_Open-R64-Elena_Rybakina-Tereza_Valentova,Elena Rybakina,Approach,4,1,0,0,1,1,1,24
20250827-W-US_Open-R64-Elena_Rybakina-Tereza_Valentova,Elena Rybakina,NetPointsRallies,10,6,4,0,1,2,1,54
20250827-W-US_Open-R64-Elena_Rybakina-Tereza_Valentova,Elena Rybakina,ApproachRallies,4,1,0,0,1,1,1,24
20250827-W-US_Open-R64-Elena_Rybakina-Tereza_Valentova,Tereza Valentova,NetPoints,5,4,2,2,0,0,1,32
20250827-W-US_Open-R64-Elena_Rybakina-Tereza_Valentova,Tereza Valentova,Approach,3,2,0,2,0,0,1,20
20250827-W-US_Open-R64-Elena_Rybakina-Tereza_Valentova,Tereza Valentova,NetPointsRallies,5,4,2,2,0,0,1,32
20250827-W-US_Open-R64-Elena_Rybakina-Tereza_Valentova,Tereza Valentova,ApproachRallies,3,2,0,2,0,0,1,20
20250827-W-US_Open-R64-Caty_Mcnally-Emma_Navarro,Caty Mcnally,NetPoints,11,3,3,0,5,2,0,102
20250827-W-US_Open-R64-Caty_Mcnally-Emma_Navarro,Caty Mcnally,Approach,8,2,2,0,4,2,0,78
20250827-W-US_Open-R64-Caty_Mcnally-Emma_Navarro,Caty Mcnally,NetPointsRallies,11,3,3,0,5,2,0,102
20250827-W-US_Open-R64-Caty_Mcnally-Emma_Navarro,Caty Mcnally,ApproachRallies,8,2,2,0,4,2,0,78
20250827-W-US_Open-R64-Caty_Mcnally-Emma_Navarro,Emma Navarro,NetPoints,4,4,2,0,0,0,0,39
20250827-W-US_Open-R64-Caty_Mcnally-Emma_Navarro,Emma Navarro,Approach,1,1,0,0,0,0,0,11
20250827-W-US_Open-R64-Caty_Mcnally-Emma_Navarro,Emma Navarro,NetPointsRallies,4,4,2,0,0,0,0,39
20250827-W-US_Open-R64-Caty_Mcnally-Emma_Navarro,Emma Navarro,ApproachRallies,1,1,0,0,0,0,0,11
20250827-W-US_Open-R64-Anastasia_Potapova-Mirra_Andreeva,Anastasia Potapova,NetPoints,4,2,2,0,1,1,0,17
20250827-W-US_Open-R64-Anastasia_Potapova-Mirra_Andreeva,Anastasia Potapova,Approach,2,1,1,0,0,1,0,8
20250827-W-US_Open-R64-Anastasia_Potapova-Mirra_Andreeva,Anastasia Potapova,NetPointsRallies,4,2,2,0,1,1,0,17
20250827-W-US_Open-R64-Anastasia_Potapova-Mirra_Andreeva,Anastasia Potapova,ApproachRallies,2,1,1,0,0,1,0,8
20250827-W-US_Open-R64-Anastasia_Potapova-Mirra_Andreeva,Mirra Andreeva,NetPoints,13,12,6,4,0,0,0,116
20250827-W-US_Open-R64-Anastasia_Potapova-Mirra_Andreeva,Mirra Andreeva,Approach,7,6,2,2,0,0,0,64
20250827-W-US_Open-R64-Anastasia_Potapova-Mirra_Andreeva,Mirra Andreeva,NetPointsRallies,13,12,6,4,0,0,0,116
20250827-W-US_Open-R64-Anastasia_Potapova-Mirra_Andreeva,Mirra Andreeva,ApproachRallies,7,6,2,2,0,0,0,64
20250827-W-US_Open-R64-Anastasia_Pavlyuchenkova-Victoria_Azarenka,Anastasia Pavlyuchenkova,NetPoints,6,5,4,1,1,0,0,24
20250827-W-US_Open-R64-Anastasia_Pavlyuchenkova-Victoria_Azarenka,Anastasia Pavlyuchenkova,Approach,1,0,0,0,1,0,0,6
20250827-W-US_Open-R64-Anastasia_Pavlyuchenkova-Victoria_Azarenka,Anastasia Pavlyuchenkova,NetPointsRallies,6,5,4,1,1,0,0,24
20250827-W-US_Open-R64-Anastasia_Pavlyuchenkova-Victoria_Azarenka,Anastasia Pavlyuchenkova,ApproachRallies,1,0,0,0,1,0,0,6
20250827-W-US_Open-R64-Anastasia_Pavlyuchenkova-Victoria_Azarenka,Victoria Azarenka,NetPoints,5,5,5,0,0,0,0,23
20250827-W-US_Open-R64-Anastasia_Pavlyuchenkova-Victoria_Azarenka,Victoria Azarenka,Approach,1,1,1,0,0,0,0,3
20250827-W-US_Open-R64-Anastasia_Pavlyuchenkova-Victoria_Azarenka,Victoria Azarenka,NetPointsRallies,5,5,5,0,0,0,0,23
20250827-W-US_Open-R64-Anastasia_Pavlyuchenkova-Victoria_Azarenka,Victoria Azarenka,ApproachRallies,1,1,1,0,0,0,0,3
20250827-W-US_Open-R64 -Emma_Raducanu-Janice_Tjen,Emma Raducanu,NetPoints,2,1,1,0,1,0,0,16
20250827-W-US_Open-R64 -Emma_Raducanu-Janice_Tjen,Emma Raducanu,Approach,1,0,0,0,1,0,0,4
20250827-W-US_Open-R64 -Emma_Raducanu-Janice_Tjen,Emma Raducanu,NetPointsRallies,2,1,1,0,1,0,0,16
20250827-W-US_Open-R64 -Emma_Raducanu-Janice_Tjen,Emma Raducanu,ApproachRallies,1,0,0,0,1,0,0,4
20250827-W-US_Open-R64 -Emma_Raducanu-Janice_Tjen,Janice Tjen,NetPoints,6,6,3,2,0,0,0,47
20250827-W-US_Open-R64 -Emma_Raducanu-Janice_Tjen,Janice Tjen,Approach,5,5,2,2,0,0,0,42
20250827-W-US_Open-R64 -Emma_Raducanu-Janice_Tjen,Janice Tjen,NetPointsRallies,6,6,3,2,0,0,0,47
20250827-W-US_Open-R64 -Emma_Raducanu-Janice_Tjen,Janice Tjen,ApproachRallies,5,5,2,2,0,0,0,42
20250826-W-US_Open-R128-Valerie_Glozman-Suzan_Lamens,Valerie Glozman,NetPoints,25,17,13,4,0,4,4,169
20250826-W-US_Open-R128-Valerie_Glozman-Suzan_Lamens,Valerie Glozman,Approach,21,14,10,4,0,3,4,135
20250826-W-US_Open-R128-Valerie_Glozman-Suzan_Lamens,Valerie Glozman,NetPointsRallies,25,17,13,4,0,4,4,169
20250826-W-US_Open-R128-Valerie_Glozman-Suzan_Lamens,Valerie Glozman,ApproachRallies,21,14,10,4,0,3,4,135
20250826-W-US_Open-R128-Valerie_Glozman-Suzan_Lamens,Suzan Lamens,NetPoints,18,10,3,7,4,2,0,138
20250826-W-US_Open-R128-Valerie_Glozman-Suzan_Lamens,Suzan Lamens,Approach,11,5,1,4,4,2,0,83
20250826-W-US_Open-R128-Valerie_Glozman-Suzan_Lamens,Suzan Lamens,NetPointsRallies,18,10,3,7,4,2,0,138
20250826-W-US_Open-R128-Valerie_Glozman-Suzan_Lamens,Suzan Lamens,ApproachRallies,11,5,1,4,4,2,0,83
20250826-W-US_Open-R128-Maya_Joint-Victoria_Jimenez_Kasintseva,Maya Joint,NetPoints,13,8,6,1,2,3,0,72
20250826-W-US_Open-R128-Maya_Joint-Victoria_Jimenez_Kasintseva,Maya Joint,Approach,4,1,0,0,1,2,0,22
20250826-W-US_Open-R128-Maya_Joint-Victoria_Jimenez_Kasintseva,Maya Joint,NetPointsRallies,13,8,6,1,2,3,0,72
20250826-W-US_Open-R128-Maya_Joint-Victoria_Jimenez_Kasintseva,Maya Joint,ApproachRallies,4,1,0,0,1,2,0,22
20250826-W-US_Open-R128-Maya_Joint-Victoria_Jimenez_Kasintseva,Victoria Jimenez Kasintseva,NetPoints,2,1,1,0,1,0,0,14
20250826-W-US_Open-R128-Maya_Joint-Victoria_Jimenez_Kasintseva,Victoria Jimenez Kasintseva,Approach,1,1,1,0,0,0,0,9
20250826-W-US_Open-R128-Maya_Joint-Victoria_Jimenez_Kasintseva,Victoria Jimenez Kasintseva,NetPointsRallies,2,1,1,0,1,0,0,14
20250826-W-US_Open-R128-Maya_Joint-Victoria_Jimenez_Kasintseva,Victoria Jimenez Kasintseva,ApproachRallies,1,1,1,0,0,0,0,9
20250826-W-US_Open-R128-Amanda_Anisimova-Kimberly_Birrell,Amanda Anisimova,NetPoints,6,3,3,0,0,3,0,42
20250826-W-US_Open-R128-Amanda_Anisimova-Kimberly_Birrell,Amanda Anisimova,Approach,5,2,2,0,0,3,0,37
20250826-W-US_Open-R128-Amanda_Anisimova-Kimberly_Birrell,Amanda Anisimova,NetPointsRallies,5,3,3,0,0,2,0,38
20250826-W-US_Open-R128-Amanda_Anisimova-Kimberly_Birrell,Amanda Anisimova,ApproachRallies,4,2,2,0,0,2,0,33
20250826-W-US_Open-R128-Amanda_Anisimova-Kimberly_Birrell,Kimberly Birrell,NetPoints,2,2,2,0,0,0,0,22
20250826-W-US_Open-R128-Amanda_Anisimova-Kimberly_Birrell,Kimberly Birrell,NetPointsRallies,2,2,2,0,0,0,0,22
20250825-W-US_Open-R128-Victoria_Mboko-Barbora_Krejcikova,Victoria Mboko,NetPoints,3,1,1,0,2,0,0,18
20250825-W-US_Open-R128-Victoria_Mboko-Barbora_Krejcikova,Victoria Mboko,Approach,3,1,1,0,2,0,0,18
20250825-W-US_Open-R128-Victoria_Mboko-Barbora_Krejcikova,Victoria Mboko,NetPointsRallies,3,1,1,0,2,0,0,18
20250825-W-US_Open-R128-Victoria_Mboko-Barbora_Krejcikova,Victoria Mboko,ApproachRallies,3,1,1,0,2,0,0,18
20250825-W-US_Open-R128-Victoria_Mboko-Barbora_Krejcikova,Barbora Krejcikova,NetPoints,9,7,3,1,2,0,0,60
20250825-W-US_Open-R128-Victoria_Mboko-Barbora_Krejcikova,Barbora Krejcikova,Approach,9,7,3,1,2,0,0,60
20250825-W-US_Open-R128-Victoria_Mboko-Barbora_Krejcikova,Barbora Krejcikova,NetPointsRallies,9,7,3,1,2,0,0,60
20250825-W-US_Open-R128-Victoria_Mboko-Barbora_Krejcikova,Barbora Krejcikova,ApproachRallies,9,7,3,1,2,0,0,60
20250825-W-US_Open-R128-Venus_Williams-Karolina_Muchova,Venus Williams,NetPoints,15,10,5,5,3,0,1,73
20250825-W-US_Open-R128-Venus_Williams-Karolina_Muchova,Venus Williams,Approach,8,4,1,3,2,0,1,38
20250825-W-US_Open-R128-Venus_Williams-Karolina_Muchova,Venus Williams,NetPointsRallies,15,10,5,5,3,0,1,73
20250825-W-US_Open-R128-Venus_Williams-Karolina_Muchova,Venus Williams,ApproachRallies,8,4,1,3,2,0,1,38
20250825-W-US_Open-R128-Venus_Williams-Karolina_Muchova,Karolina Muchova,NetPoints,16,12,5,6,2,2,0,70
20250825-W-US_Open-R128-Venus_Williams-Karolina_Muchova,Karolina Muchova,Approach,13,10,3,6,1,2,0,62
20250825-W-US_Open-R128-Venus_Williams-Karolina_Muchova,Karolina Muchova,NetPointsRallies,15,11,5,6,2,2,0,69
20250825-W-US_Open-R128-Venus_Williams-Karolina_Muchova,Karolina Muchova,ApproachRallies,12,9,3,6,1,2,0,61
20250825-W-US_Open-R128-Iva_Jovic-Aliaksandra_Sasnovich,Iva Jovic,NetPoints,2,2,1,0,0,0,0,18
20250825-W-US_Open-R128-Iva_Jovic-Aliaksandra_Sasnovich,Iva Jovic,Approach,1,1,0,0,0,0,0,5
20250825-W-US_Open-R128-Iva_Jovic-Aliaksandra_Sasnovich,Iva Jovic,NetPointsRallies,2,2,1,0,0,0,0,18
20250825-W-US_Open-R128-Iva_Jovic-Aliaksandra_Sasnovich,Iva Jovic,ApproachRallies,1,1,0,0,0,0,0,5
20250825-W-US_Open-R128-Iva_Jovic-Aliaksandra_Sasnovich,Aliaksandra Sasnovich,NetPoints,9,7,6,1,1,0,1,51
20250825-W-US_Open-R128-Iva_Jovic-Aliaksandra_Sasnovich,Aliaksandra Sasnovich,Approach,7,5,4,1,1,0,1,42
20250825-W-US_Open-R128-Iva_Jovic-Aliaksandra_Sasnovich,Aliaksandra Sasnovich,NetPointsRallies,9,7,6,1,1,0,1,51
20250825-W-US_Open-R128-Iva_Jovic-Aliaksandra_Sasnovich,Aliaksandra Sasnovich,ApproachRallies,7,5,4,1,1,0,1,42
20250825-W-US_Open-R128-Emma_Raducanu-Ena_Shibahara,Emma Raducanu,NetPoints,6,5,3,1,0,1,0,35
20250825-W-US_Open-R128-Emma_Raducanu-Ena_Shibahara,Emma Raducanu,Approach,6,5,3,1,0,1,0,35
20250825-W-US_Open-R128-Emma_Raducanu-Ena_Shibahara,Emma Raducanu,NetPointsRallies,6,5,3,1,0,1,0,35
20250825-W-US_Open-R128-Emma_Raducanu-Ena_Shibahara,Emma Raducanu,ApproachRallies,6,5,3,1,0,1,0,35
20250825-W-US_Open-R128-Emma_Raducanu-Ena_Shibahara,Ena Shibahara,NetPoints,8,6,6,0,1,0,0,47
20250825-W-US_Open-R128-Emma_Raducanu-Ena_Shibahara,Ena Shibahara,Approach,5,4,4,0,0,0,0,24
20250825-W-US_Open-R128-Emma_Raducanu-Ena_Shibahara,Ena Shibahara,NetPointsRallies,8,6,6,0,1,0,0,47
20250825-W-US_Open-R128-Emma_Raducanu-Ena_Shibahara,Ena Shibahara,ApproachRallies,5,4,4,0,0,0,0,24
20250825-W-US_Open-R128-Elina_Svitolina-Anna_Bondar,Elina Svitolina,NetPoints,15,9,7,1,5,1,0,117
20250825-W-US_Open-R128-Elina_Svitolina-Anna_Bondar,Elina Svitolina,Approach,4,4,4,0,0,0,0,20
20250825-W-US_Open-R128-Elina_Svitolina-Anna_Bondar,Elina Svitolina,NetPointsRallies,15,9,7,1,5,1,0,117
20250825-W-US_Open-R128-Elina_Svitolina-Anna_Bondar,Elina Svitolina,ApproachRallies,4,4,4,0,0,0,0,20
20250825-W-US_Open-R128-Elina_Svitolina-Anna_Bondar,Anna Bondar,NetPoints,17,12,9,1,1,3,1,108
20250825-W-US_Open-R128-Elina_Svitolina-Anna_Bondar,Anna Bondar,Approach,11,6,3,1,1,3,1,64
20250825-W-US_Open-R128-Elina_Svitolina-Anna_Bondar,Anna Bondar,NetPointsRallies,17,12,9,1,1,3,1,108
20250825-W-US_Open-R128-Elina_Svitolina-Anna_Bondar,Anna Bondar,ApproachRallies,11,6,3,1,1,3,1,64
20250825-W-US_Open-R128-Clervie_Ngounoue-Anna_Kalinskaya,Clervie Ngounoue,NetPoints,8,6,4,1,0,0,2,49
20250825-W-US_Open-R128-Clervie_Ngounoue-Anna_Kalinskaya,Clervie Ngounoue,Approach,6,4,2,1,0,0,2,39
20250825-W-US_Open-R128-Clervie_Ngounoue-Anna_Kalinskaya,Clervie Ngounoue,NetPointsRallies,8,6,4,1,0,0,2,49
20250825-W-US_Open-R128-Clervie_Ngounoue-Anna_Kalinskaya,Clervie Ngounoue,ApproachRallies,6,4,2,1,0,0,2,39
20250825-W-US_Open-R128-Clervie_Ngounoue-Anna_Kalinskaya,Anna Kalinskaya,NetPoints,10,5,4,1,3,1,0,76
20250825-W-US_Open-R128-Clervie_Ngounoue-Anna_Kalinskaya,Anna Kalinskaya,NetPointsRallies,10,5,4,1,3,1,0,76
20250825-W-US_Open-R128-Alycia_Parks-Mirra_Andreeva,Alycia Parks,NetPoints,14,11,5,3,3,0,0,69
20250825-W-US_Open-R128-Alycia_Parks-Mirra_Andreeva,Alycia Parks,Approach,9,7,2,2,2,0,0,55
20250825-W-US_Open-R128-Alycia_Parks-Mirra_Andreeva,Alycia Parks,NetPointsRallies,14,11,5,3,3,0,0,69
20250825-W-US_Open-R128-Alycia_Parks-Mirra_Andreeva,Alycia Parks,ApproachRallies,9,7,2,2,2,0,0,55
20250824-W-US_Open-R128-Tereza_Valentova-Lucia_Bronzetti,Tereza Valentova,NetPoints,17,12,10,1,2,2,1,117
20250824-W-US_Open-R128-Tereza_Valentova-Lucia_Bronzetti,Tereza Valentova,Approach,10,7,6,0,2,1,0,81
20250824-W-US_Open-R128-Tereza_Valentova-Lucia_Bronzetti,Tereza Valentova,NetPointsRallies,17,12,10,1,2,2,1,117
20250824-W-US_Open-R128-Tereza_Valentova-Lucia_Bronzetti,Tereza Valentova,ApproachRallies,10,7,6,0,2,1,0,81
20250824-W-US_Open-R128-Tereza_Valentova-Lucia_Bronzetti,Lucia Bronzetti,NetPoints,6,0,0,0,2,3,1,46
20250824-W-US_Open-R128-Tereza_Valentova-Lucia_Bronzetti,Lucia Bronzetti,Approach,1,0,0,0,0,0,1,4
20250824-W-US_Open-R128-Tereza_Valentova-Lucia_Bronzetti,Lucia Bronzetti,NetPointsRallies,6,0,0,0,2,3,1,46
20250824-W-US_Open-R128-Tereza_Valentova-Lucia_Bronzetti,Lucia Bronzetti,ApproachRallies,1,0,0,0,0,0,1,4
20250824-W-US_Open-R128-Clara_Tauson-Alexandra_Eala,Clara Tauson,NetPoints,13,8,7,1,2,2,1,73
20250824-W-US_Open-R128-Clara_Tauson-Alexandra_Eala,Clara Tauson,Approach,8,5,4,1,0,2,1,53
20250824-W-US_Open-R128-Clara_Tauson-Alexandra_Eala,Clara Tauson,NetPointsRallies,13,8,7,1,2,2,1,73
20250824-W-US_Open-R128-Clara_Tauson-Alexandra_Eala,Clara Tauson,ApproachRallies,8,5,4,1,0,2,1,53
20250824-W-US_Open-R128-Clara_Tauson-Alexandra_Eala,Alexandra Eala,NetPoints,15,12,6,5,0,3,0,77
20250824-W-US_Open-R128-Clara_Tauson-Alexandra_Eala,Alexandra Eala,Approach,6,4,2,2,0,2,0,33
20250824-W-US_Open-R128-Clara_Tauson-Alexandra_Eala,Alexandra Eala,NetPointsRallies,15,12,6,5,0,3,0,77
20250824-W-US_Open-R128-Clara_Tauson-Alexandra_Eala,Alexandra Eala,ApproachRallies,6,4,2,2,0,2,0,33
20250822-W-US_Open-Q3-Aoi_Ito-Janice_Tjen,Aoi Ito,NetPoints,13,6,2,2,5,1,1,62
20250822-W-US_Open-Q3-Aoi_Ito-Janice_Tjen,Aoi Ito,Approach,13,6,2,2,5,1,1,62
20250822-W-US_Open-Q3-Aoi_Ito-Janice_Tjen,Aoi Ito,NetPointsRallies,13,6,2,2,5,1,1,62
20250822-W-US_Open-Q3-Aoi_Ito-Janice_Tjen,Aoi Ito,ApproachRallies,13,6,2,2,5,1,1,62
20250822-W-US_Open-Q3-Aoi_Ito-Janice_Tjen,Janice Tjen,NetPoints,3,1,1,0,1,0,1,9
20250822-W-US_Open-Q3-Aoi_Ito-Janice_Tjen,Janice Tjen,Approach,2,0,0,0,1,0,1,6
20250822-W-US_Open-Q3-Aoi_Ito-Janice_Tjen,Janice Tjen,NetPointsRallies,3,1,1,0,1,0,1,9
20250822-W-US_Open-Q3-Aoi_Ito-Janice_Tjen,Janice Tjen,ApproachRallies,2,0,0,0,1,0,1,6
20250822-W-US_Open-Q2-Darja_Semenistaja-Linda_Klimovicova,Darja Semenistaja,NetPoints,10,6,6,0,1,3,0,52
20250822-W-US_Open-Q2-Darja_Semenistaja-Linda_Klimovicova,Darja Semenistaja,Approach,2,2,2,0,0,0,0,11
20250822-W-US_Open-Q2-Darja_Semenistaja-Linda_Klimovicova,Darja Semenistaja,NetPointsRallies,10,6,6,0,1,3,0,52
20250822-W-US_Open-Q2-Darja_Semenistaja-Linda_Klimovicova,Darja Semenistaja,ApproachRallies,2,2,2,0,0,0,0,11
20250822-W-US_Open-Q2-Darja_Semenistaja-Linda_Klimovicova,Linda Klimovicova,NetPoints,15,9,5,3,3,2,1,112
20250822-W-US_Open-Q2-Darja_Semenistaja-Linda_Klimovicova,Linda Klimovicova,Approach,8,6,3,2,1,0,1,67
20250822-W-US_Open-Q2-Darja_Semenistaja-Linda_Klimovicova,Linda Klimovicova,NetPointsRallies,15,9,5,3,3,2,1,112
20250822-W-US_Open-Q2-Darja_Semenistaja-Linda_Klimovicova,Linda Klimovicova,ApproachRallies,8,6,3,2,1,0,1,67
20250123-W-Australian_Open-SF-Iga_Swiatek-Madison_Keys,Iga Swiatek,NetPoints,23,17,10,7,3,1,2,163
20250123-W-Australian_Open-SF-Iga_Swiatek-Madison_Keys,Iga Swiatek,Approach,14,11,5,6,2,0,1,91
20250123-W-Australian_Open-SF-Iga_Swiatek-Madison_Keys,Iga Swiatek,NetPointsRallies,23,17,10,7,3,1,2,163
20250123-W-Australian_Open-SF-Iga_Swiatek-Madison_Keys,Iga Swiatek,ApproachRallies,14,11,5,6,2,0,1,91
20250123-W-Australian_Open-SF-Iga_Swiatek-Madison_Keys,Madison Keys,NetPoints,21,14,11,3,1,3,2,125
20250123-W-Australian_Open-SF-Iga_Swiatek-Madison_Keys,Madison Keys,Approach,14,11,8,3,0,1,1,80
20250123-W-Australian_Open-SF-Iga_Swiatek-Madison_Keys,Madison Keys,NetPointsRallies,21,14,11,3,1,3,2,125
20250123-W-Australian_Open-SF-Iga_Swiatek-Madison_Keys,Madison Keys,ApproachRallies,14,11,8,3,0,1,1,80
20250122-W-Australian_Open-QF-Emma_Navarro-Iga_Swiatek,Emma Navarro,NetPoints,5,4,4,0,0,1,0,37
20250122-W-Australian_Open-QF-Emma_Navarro-Iga_Swiatek,Emma Navarro,Approach,4,4,4,0,0,0,0,24
20250122-W-Australian_Open-QF-Emma_Navarro-Iga_Swiatek,Emma Navarro,NetPointsRallies,5,4,4,0,0,1,0,37
20250122-W-Australian_Open-QF-Emma_Navarro-Iga_Swiatek,Emma Navarro,ApproachRallies,4,4,4,0,0,0,0,24
20250122-W-Australian_Open-QF-Emma_Navarro-Iga_Swiatek,Iga Swiatek,NetPoints,10,6,1,3,2,2,0,74
20250122-W-Australian_Open-QF-Emma_Navarro-Iga_Swiatek,Iga Swiatek,Approach,6,4,1,3,1,1,0,46
20250122-W-Australian_Open-QF-Emma_Navarro-Iga_Swiatek,Iga Swiatek,NetPointsRallies,10,6,1,3,2,2,0,74
20250122-W-Australian_Open-QF-Emma_Navarro-Iga_Swiatek,Iga Swiatek,ApproachRallies,6,4,1,3,1,1,0,46
20250122-W-Australian_Open-QF-Elina_Svitolina-Madison_Keys,Elina Svitolina,NetPoints,9,8,7,1,1,0,0,49
20250122-W-Australian_Open-QF-Elina_Svitolina-Madison_Keys,Elina Svitolina,Approach,3,2,2,0,1,0,0,13
20250122-W-Australian_Open-QF-Elina_Svitolina-Madison_Keys,Elina Svitolina,NetPointsRallies,9,8,7,1,1,0,0,49
20250122-W-Australian_Open-QF-Elina_Svitolina-Madison_Keys,Elina Svitolina,ApproachRallies,3,2,2,0,1,0,0,13
20250122-W-Australian_Open-QF-Elina_Svitolina-Madison_Keys,Madison Keys,NetPoints,26,23,16,7,0,2,1,170
20250122-W-Australian_Open-QF-Elina_Svitolina-Madison_Keys,Madison Keys,Approach,19,16,10,6,0,2,1,133
20250122-W-Australian_Open-QF-Elina_Svitolina-Madison_Keys,Madison Keys,NetPointsRallies,26,23,16,7,0,2,1,170
20250122-W-Australian_Open-QF-Elina_Svitolina-Madison_Keys,Madison Keys,ApproachRallies,19,16,10,6,0,2,1,133
20250120-W-Australian_Open-R16-Iga_Swiatek-Eva_Lys,Iga Swiatek,NetPoints,8,7,6,1,1,0,0,64
20250120-W-Australian_Open-R16-Iga_Swiatek-Eva_Lys,Iga Swiatek,Approach,3,3,2,1,0,0,0,26
20250120-W-Australian_Open-R16-Iga_Swiatek-Eva_Lys,Iga Swiatek,NetPointsRallies,8,7,6,1,1,0,0,64
20250120-W-Australian_Open-R16-Iga_Swiatek-Eva_Lys,Iga Swiatek,ApproachRallies,3,3,2,1,0,0,0,26
20250120-W-Australian_Open-R16-Iga_Swiatek-Eva_Lys,Eva Lys,NetPoints,3,1,1,0,0,1,1,17
20250120-W-Australian_Open-R16-Iga_Swiatek-Eva_Lys,Eva Lys,Approach,2,0,0,0,0,1,1,14
20250120-W-Australian_Open-R16-Iga_Swiatek-Eva_Lys,Eva Lys,NetPointsRallies,3,1,1,0,0,1,1,17
20250120-W-Australian_Open-R16-Iga_Swiatek-Eva_Lys,Eva Lys,ApproachRallies,2,0,0,0,0,1,1,14
20250119-W-Australian_Open-R16-Coco_Gauff-Belinda_Bencic,Coco Gauff,NetPoints,14,12,9,3,0,1,0,94
20250119-W-Australian_Open-R16-Coco_Gauff-Belinda_Bencic,Coco Gauff,Approach,1,1,1,0,0,0,0,7
20250119-W-Australian_Open-R16-Coco_Gauff-Belinda_Bencic,Coco Gauff,NetPointsRallies,14,12,9,3,0,1,0,94
20250119-W-Australian_Open-R16-Coco_Gauff-Belinda_Bencic,Coco Gauff,ApproachRallies,1,1,1,0,0,0,0,7
20250119-W-Australian_Open-R16-Coco_Gauff-Belinda_Bencic,Belinda Bencic,NetPoints,8,5,5,0,1,2,0,66
20250119-W-Australian_Open-R16-Coco_Gauff-Belinda_Bencic,Belinda Bencic,Approach,5,3,3,0,1,1,0,48
20250119-W-Australian_Open-R16-Coco_Gauff-Belinda_Bencic,Belinda Bencic,NetPointsRallies,8,5,5,0,1,2,0,66
20250119-W-Australian_Open-R16-Coco_Gauff-Belinda_Bencic,Belinda Bencic,ApproachRallies,5,3,3,0,1,1,0,48
20250118-W-Australian_Open-R32-Iga_Swiatek-Emma_Raducanu,Iga Swiatek,NetPoints,5,4,2,1,0,1,0,38
20250118-W-Australian_Open-R32-Iga_Swiatek-Emma_Raducanu,Iga Swiatek,Approach,4,4,2,1,0,0,0,21
20250118-W-Australian_Open-R32-Iga_Swiatek-Emma_Raducanu,Iga Swiatek,NetPointsRallies,5,4,2,1,0,1,0,38
20250118-W-Australian_Open-R32-Iga_Swiatek-Emma_Raducanu,Iga Swiatek,ApproachRallies,4,4,2,1,0,0,0,21
20250118-W-Australian_Open-R32-Iga_Swiatek-Emma_Raducanu,Emma Raducanu,NetPoints,4,2,2,0,1,1,0,26
20250118-W-Australian_Open-R32-Iga_Swiatek-Emma_Raducanu,Emma Raducanu,Approach,1,0,0,0,0,1,0,8
20250118-W-Australian_Open-R32-Iga_Swiatek-Emma_Raducanu,Emma Raducanu,NetPointsRallies,4,2,2,0,1,1,0,26
20250118-W-Australian_Open-R32-Iga_Swiatek-Emma_Raducanu,Emma Raducanu,ApproachRallies,1,0,0,0,0,1,0,8
20250118-W-Australian_Open-R32-Eva_Lys-Jaqueline_Cristian,Eva Lys,NetPoints,8,6,4,2,1,0,0,91
20250118-W-Australian_Open-R32-Eva_Lys-Jaqueline_Cristian,Eva Lys,NetPointsRallies,8,6,4,2,1,0,0,91
20250118-W-Australian_Open-R32-Eva_Lys-Jaqueline_Cristian,Jaqueline Cristian,NetPoints,10,6,5,1,1,0,1,124
20250118-W-Australian_Open-R32-Eva_Lys-Jaqueline_Cristian,Jaqueline Cristian,Approach,4,2,1,1,1,0,0,48
20250118-W-Australian_Open-R32-Eva_Lys-Jaqueline_Cristian,Jaqueline Cristian,NetPointsRallies,10,6,5,1,1,0,1,124
20250118-W-Australian_Open-R32-Eva_Lys-Jaqueline_Cristian,Jaqueline Cristian,ApproachRallies,4,2,1,1,1,0,0,48
20250118-W-Australian_Open-R32-Danielle_Collins-Madison_Keys,Danielle Collins,NetPoints,9,7,5,2,1,1,0,54
20250118-W-Australian_Open-R32-Danielle_Collins-Madison_Keys,Danielle Collins,Approach,5,3,1,2,1,1,0,36
20250118-W-Australian_Open-R32-Danielle_Collins-Madison_Keys,Danielle Collins,NetPointsRallies,9,7,5,2,1,1,0,54
20250118-W-Australian_Open-R32-Danielle_Collins-Madison_Keys,Danielle Collins,ApproachRallies,5,3,1,2,1,1,0,36
20250118-W-Australian_Open-R32-Danielle_Collins-Madison_Keys,Madison Keys,NetPoints,11,10,7,3,1,0,0,44
20250118-W-Australian_Open-R32-Danielle_Collins-Madison_Keys,Madison Keys,Approach,7,6,4,2,1,0,0,23
20250118-W-Australian_Open-R32-Danielle_Collins-Madison_Keys,Madison Keys,NetPointsRallies,11,10,7,3,1,0,0,44
20250118-W-Australian_Open-R32-Danielle_Collins-Madison_Keys,Madison Keys,ApproachRallies,7,6,4,2,1,0,0,23
20250118-W-Australian_Open-R16-Paula_Badosa-Olga_Danilovic,Paula Badosa,NetPoints,4,4,2,2,0,0,0,22
20250118-W-Australian_Open-R16-Paula_Badosa-Olga_Danilovic,Paula Badosa,Approach,2,2,1,1,0,0,0,8
20250118-W-Australian_Open-R16-Paula_Badosa-Olga_Danilovic,Paula Badosa,NetPointsRallies,4,4,2,2,0,0,0,22
20250118-W-Australian_Open-R16-Paula_Badosa-Olga_Danilovic,Paula Badosa,ApproachRallies,2,2,1,1,0,0,0,8
20250118-W-Australian_Open-R16-Paula_Badosa-Olga_Danilovic,Olga Danilovic,NetPoints,11,6,4,2,1,2,1,68
20250118-W-Australian_Open-R16-Paula_Badosa-Olga_Danilovic,Olga Danilovic,Approach,9,4,2,2,1,2,1,57
20250118-W-Australian_Open-R16-Paula_Badosa-Olga_Danilovic,Olga Danilovic,NetPointsRallies,11,6,4,2,1,2,1,68
20250118-W-Australian_Open-R16-Paula_Badosa-Olga_Danilovic,Olga Danilovic,ApproachRallies,9,4,2,2,1,2,1,57
20250117-W-Australian_Open-R32-Paula_Badosa-Marta_Kostyuk,Paula Badosa,NetPoints,31,19,9,9,4,6,0,213
20250117-W-Australian_Open-R32-Paula_Badosa-Marta_Kostyuk,Paula Badosa,Approach,14,9,3,5,1,2,0,99
20250117-W-Australian_Open-R32-Paula_Badosa-Marta_Kostyuk,Paula Badosa,NetPointsRallies,31,19,9,9,4,6,0,213
20250117-W-Australian_Open-R32-Paula_Badosa-Marta_Kostyuk,Paula Badosa,ApproachRallies,14,9,3,5,1,2,0,99
20250117-W-Australian_Open-R32-Paula_Badosa-Marta_Kostyuk,Marta Kostyuk,NetPoints,20,15,13,2,3,1,1,125
20250117-W-Australian_Open-R32-Paula_Badosa-Marta_Kostyuk,Marta Kostyuk,Approach,10,9,7,2,0,1,0,49
20250117-W-Australian_Open-R32-Paula_Badosa-Marta_Kostyuk,Marta Kostyuk,NetPointsRallies,20,15,13,2,3,1,1,125
20250117-W-Australian_Open-R32-Paula_Badosa-Marta_Kostyuk,Marta Kostyuk,ApproachRallies,10,9,7,2,0,1,0,49
20250117-W-Australian_Open-R32-Mirra_Andreeva-Magdalena_Frech,Mirra Andreeva,NetPoints,11,7,3,2,2,2,0,123
20250117-W-Australian_Open-R32-Mirra_Andreeva-Magdalena_Frech,Mirra Andreeva,Approach,9,5,1,2,2,2,0,106
20250117-W-Australian_Open-R32-Mirra_Andreeva-Magdalena_Frech,Mirra Andreeva,NetPointsRallies,11,7,3,2,2,2,0,123
20250117-W-Australian_Open-R32-Mirra_Andreeva-Magdalena_Frech,Mirra Andreeva,ApproachRallies,9,5,1,2,2,2,0,106
20250117-W-Australian_Open-R32-Mirra_Andreeva-Magdalena_Frech,Magdalena Frech,NetPoints,6,2,2,0,1,2,0,62
20250117-W-Australian_Open-R32-Mirra_Andreeva-Magdalena_Frech,Magdalena Frech,Approach,4,1,1,0,1,1,0,45
20250117-W-Australian_Open-R32-Mirra_Andreeva-Magdalena_Frech,Magdalena Frech,NetPointsRallies,6,2,2,0,1,2,0,62
20250117-W-Australian_Open-R32-Mirra_Andreeva-Magdalena_Frech,Magdalena Frech,ApproachRallies,4,1,1,0,1,1,0,45
20250117-W-Australian_Open-R32-Leylah_Fernandez-Coco_Gauff,Leylah Fernandez,NetPoints,9,4,2,2,1,1,2,66
20250117-W-Australian_Open-R32-Leylah_Fernandez-Coco_Gauff,Leylah Fernandez,Approach,6,3,1,2,0,1,1,43
20250117-W-Australian_Open-R32-Leylah_Fernandez-Coco_Gauff,Leylah Fernandez,NetPointsRallies,9,4,2,2,1,1,2,66
20250117-W-Australian_Open-R32-Leylah_Fernandez-Coco_Gauff,Leylah Fernandez,ApproachRallies,6,3,1,2,0,1,1,43
20250117-W-Australian_Open-R32-Leylah_Fernandez-Coco_Gauff,Coco Gauff,NetPoints,5,5,2,3,0,0,0,30
20250117-W-Australian_Open-R32-Leylah_Fernandez-Coco_Gauff,Coco Gauff,Approach,4,4,2,2,0,0,0,18
20250117-W-Australian_Open-R32-Leylah_Fernandez-Coco_Gauff,Coco Gauff,NetPointsRallies,5,5,2,3,0,0,0,30
20250117-W-Australian_Open-R32-Leylah_Fernandez-Coco_Gauff,Coco Gauff,ApproachRallies,4,4,2,2,0,0,0,18
20250117-W-Australian_Open-R32-Diana_Shnaider-Donna_Vekic,Diana Shnaider,NetPoints,14,8,7,1,2,4,0,83
20250117-W-Australian_Open-R32-Diana_Shnaider-Donna_Vekic,Diana Shnaider,Approach,4,3,2,1,0,1,0,18
20250117-W-Australian_Open-R32-Diana_Shnaider-Donna_Vekic,Diana Shnaider,NetPointsRallies,14,8,7,1,2,4,0,83
20250117-W-Australian_Open-R32-Diana_Shnaider-Donna_Vekic,Diana Shnaider,ApproachRallies,4,3,2,1,0,1,0,18
20250117-W-Australian_Open-R32-Diana_Shnaider-Donna_Vekic,Donna Vekic,NetPoints,24,14,9,5,4,5,1,150
20250117-W-Australian_Open-R32-Diana_Shnaider-Donna_Vekic,Donna Vekic,Approach,15,10,6,4,1,3,1,97
20250117-W-Australian_Open-R32-Diana_Shnaider-Donna_Vekic,Donna Vekic,NetPointsRallies,24,14,9,5,4,5,1,150
20250117-W-Australian_Open-R32-Diana_Shnaider-Donna_Vekic,Donna Vekic,ApproachRallies,15,10,6,4,1,3,1,97
20250116-W-Australian_Open-R64-Iga_Swiatek-Rebecca_Sramkova,Iga Swiatek,NetPoints,5,5,3,1,0,0,0,41
20250116-W-Australian_Open-R64-Iga_Swiatek-Rebecca_Sramkova,Iga Swiatek,Approach,4,4,2,1,0,0,0,29
20250116-W-Australian_Open-R64-Iga_Swiatek-Rebecca_Sramkova,Iga Swiatek,NetPointsRallies,5,5,3,1,0,0,0,41
20250116-W-Australian_Open-R64-Iga_Swiatek-Rebecca_Sramkova,Iga Swiatek,ApproachRallies,4,4,2,1,0,0,0,29
20250116-W-Australian_Open-R64-Elena_Rybakina-Iva_Jovic,Elena Rybakina,NetPoints,15,12,6,6,1,2,0,88
20250116-W-Australian_Open-R64-Elena_Rybakina-Iva_Jovic,Elena Rybakina,Approach,12,10,5,5,1,1,0,71
20250116-W-Australian_Open-R64-Elena_Rybakina-Iva_Jovic,Elena Rybakina,NetPointsRallies,15,12,6,6,1,2,0,88
20250116-W-Australian_Open-R64-Elena_Rybakina-Iva_Jovic,Elena Rybakina,ApproachRallies,12,10,5,5,1,1,0,71
20250116-W-Australian_Open-R64-Elena_Rybakina-Iva_Jovic,Iva Jovic,NetPoints,1,1,1,0,0,0,0,8
20250116-W-Australian_Open-R64-Elena_Rybakina-Iva_Jovic,Iva Jovic,NetPointsRallies,1,1,1,0,0,0,0,8
20250116-W-Australian_Open-R64-Daria_Kasatkina-Yafan_Wang,Daria Kasatkina,NetPoints,5,5,1,3,0,0,0,58
20250116-W-Australian_Open-R64-Daria_Kasatkina-Yafan_Wang,Daria Kasatkina,Approach,1,1,0,1,0,0,0,5
20250116-W-Australian_Open-R64-Daria_Kasatkina-Yafan_Wang,Daria Kasatkina,NetPointsRallies,5,5,1,3,0,0,0,58
20250116-W-Australian_Open-R64-Daria_Kasatkina-Yafan_Wang,Daria Kasatkina,ApproachRallies,1,1,0,1,0,0,0,5
20250116-W-Australian_Open-R64-Daria_Kasatkina-Yafan_Wang,Yafan Wang,NetPoints,12,9,5,4,1,1,1,85
20250116-W-Australian_Open-R64-Daria_Kasatkina-Yafan_Wang,Yafan Wang,Approach,10,7,3,4,1,1,1,61
20250116-W-Australian_Open-R64-Daria_Kasatkina-Yafan_Wang,Yafan Wang,NetPointsRallies,12,9,5,4,1,1,1,85
20250116-W-Australian_Open-R64-Daria_Kasatkina-Yafan_Wang,Yafan Wang,ApproachRallies,10,7,3,4,1,1,1,61
20250116-W-Australian_Open-R32-Aryna_Sabalenka-Clara_Tauson,Aryna Sabalenka,NetPoints,18,13,12,1,2,1,0,118
20250116-W-Australian_Open-R32-Aryna_Sabalenka-Clara_Tauson,Aryna Sabalenka,Approach,10,8,7,1,1,0,0,63
20250116-W-Australian_Open-R32-Aryna_Sabalenka-Clara_Tauson,Aryna Sabalenka,NetPointsRallies,18,13,12,1,2,1,0,118
20250116-W-Australian_Open-R32-Aryna_Sabalenka-Clara_Tauson,Aryna Sabalenka,ApproachRallies,10,8,7,1,1,0,0,63
20250116-W-Australian_Open-R32-Aryna_Sabalenka-Clara_Tauson,Clara Tauson,NetPoints,20,10,6,4,3,5,2,133
20250116-W-Australian_Open-R32-Aryna_Sabalenka-Clara_Tauson,Clara Tauson,Approach,13,7,4,3,2,3,1,90
20250116-W-Australian_Open-R32-Aryna_Sabalenka-Clara_Tauson,Clara Tauson,NetPointsRallies,20,10,6,4,3,5,2,133
20250116-W-Australian_Open-R32-Aryna_Sabalenka-Clara_Tauson,Clara Tauson,ApproachRallies,13,7,4,3,2,3,1,90
20250115-W-Australian_Open-R64-Paula_Badosa-Talia_Gibson,Paula Badosa,NetPoints,5,5,2,3,0,0,0,25
20250115-W-Australian_Open-R64-Paula_Badosa-Talia_Gibson,Paula Badosa,Approach,2,2,0,2,0,0,0,9
20250115-W-Australian_Open-R64-Paula_Badosa-Talia_Gibson,Paula Badosa,NetPointsRallies,5,5,2,3,0,0,0,25
20250115-W-Australian_Open-R64-Paula_Badosa-Talia_Gibson,Paula Badosa,ApproachRallies,2,2,0,2,0,0,0,9
20250115-W-Australian_Open-R64-Paula_Badosa-Talia_Gibson,Talia Gibson,NetPoints,3,0,0,0,2,0,1,17
20250115-W-Australian_Open-R64-Paula_Badosa-Talia_Gibson,Talia Gibson,Approach,2,0,0,0,2,0,0,4
20250115-W-Australian_Open-R64-Paula_Badosa-Talia_Gibson,Talia Gibson,NetPointsRallies,3,0,0,0,2,0,1,17
20250115-W-Australian_Open-R64-Paula_Badosa-Talia_Gibson,Talia Gibson,ApproachRallies,2,0,0,0,2,0,0,4
20250115-W-Australian_Open-R64-Moyuka_Uchijima-Mirra_Andreeva,Moyuka Uchijima,NetPoints,11,9,6,0,0,2,0,67
20250115-W-Australian_Open-R64-Moyuka_Uchijima-Mirra_Andreeva,Moyuka Uchijima,Approach,5,3,1,0,0,2,0,27
20250115-W-Australian_Open-R64-Moyuka_Uchijima-Mirra_Andreeva,Moyuka Uchijima,NetPointsRallies,9,7,6,0,0,2,0,55
20250115-W-Australian_Open-R64-Moyuka_Uchijima-Mirra_Andreeva,Moyuka Uchijima,ApproachRallies,3,1,1,0,0,2,0,15
20250115-W-Australian_Open-R64-Moyuka_Uchijima-Mirra_Andreeva,Mirra Andreeva,NetPoints,23,17,10,5,5,0,1,133
20250115-W-Australian_Open-R64-Moyuka_Uchijima-Mirra_Andreeva,Mirra Andreeva,Approach,12,8,4,2,3,0,1,64
20250115-W-Australian_Open-R64-Moyuka_Uchijima-Mirra_Andreeva,Mirra Andreeva,NetPointsRallies,23,17,10,5,5,0,1,133
20250115-W-Australian_Open-R64-Moyuka_Uchijima-Mirra_Andreeva,Mirra Andreeva,ApproachRallies,12,8,4,2,3,0,1,64
20250115-W-Australian_Open-R64-Coco_Gauff-Jodie_Burrage,Coco Gauff,NetPoints,7,5,4,1,0,2,0,59
20250115-W-Australian_Open-R64-Coco_Gauff-Jodie_Burrage,Coco Gauff,Approach,3,2,2,0,0,1,0,21
20250115-W-Australian_Open-R64-Coco_Gauff-Jodie_Burrage,Coco Gauff,NetPointsRallies,7,5,4,1,0,2,0,59
20250115-W-Australian_Open-R64-Coco_Gauff-Jodie_Burrage,Coco Gauff,ApproachRallies,3,2,2,0,0,1,0,21
20250115-W-Australian_Open-R64-Coco_Gauff-Jodie_Burrage,Jodie Burrage,NetPoints,12,7,3,3,1,1,3,80
20250115-W-Australian_Open-R64-Coco_Gauff-Jodie_Burrage,Jodie Burrage,Approach,4,2,0,1,0,1,1,33
20250115-W-Australian_Open-R64-Coco_Gauff-Jodie_Burrage,Jodie Burrage,NetPointsRallies,12,7,3,3,1,1,3,80
20250115-W-Australian_Open-R64-Coco_Gauff-Jodie_Burrage,Jodie Burrage,ApproachRallies,4,2,0,1,0,1,1,33
20250115-W-Australian_Open-R64-Amanda_Anisimova-Emma_Raducanu,Amanda Anisimova,NetPoints,18,9,6,3,2,3,3,132
20250115-W-Australian_Open-R64-Amanda_Anisimova-Emma_Raducanu,Amanda Anisimova,Approach,11,4,3,1,2,2,3,79
20250115-W-Australian_Open-R64-Amanda_Anisimova-Emma_Raducanu,Amanda Anisimova,NetPointsRallies,18,9,6,3,2,3,3,132
20250115-W-Australian_Open-R64-Amanda_Anisimova-Emma_Raducanu,Amanda Anisimova,ApproachRallies,11,4,3,1,2,2,3,79
20250115-W-Australian_Open-R64-Amanda_Anisimova-Emma_Raducanu,Emma Raducanu,NetPoints,6,5,5,0,0,1,0,32
20250115-W-Australian_Open-R64-Amanda_Anisimova-Emma_Raducanu,Emma Raducanu,NetPointsRallies,6,5,5,0,0,1,0,32
20250114-W-Australian_Open-R64-Liudmila_Samsonova-Olga_Danilovic,Liudmila Samsonova,NetPoints,8,2,1,1,4,0,2,40
20250114-W-Australian_Open-R64-Liudmila_Samsonova-Olga_Danilovic,Liudmila Samsonova,Approach,8,2,1,1,4,0,2,40
20250114-W-Australian_Open-R64-Liudmila_Samsonova-Olga_Danilovic,Liudmila Samsonova,NetPointsRallies,8,2,1,1,4,0,2,40
20250114-W-Australian_Open-R64-Liudmila_Samsonova-Olga_Danilovic,Liudmila Samsonova,ApproachRallies,8,2,1,1,4,0,2,40
20250114-W-Australian_Open-R64-Liudmila_Samsonova-Olga_Danilovic,Olga Danilovic,NetPoints,3,2,1,1,1,0,0,12
20250114-W-Australian_Open-R64-Liudmila_Samsonova-Olga_Danilovic,Olga Danilovic,Approach,2,1,0,1,1,0,0,8
20250114-W-Australian_Open-R64-Liudmila_Samsonova-Olga_Danilovic,Olga Danilovic,NetPointsRallies,3,2,1,1,1,0,0,12
20250114-W-Australian_Open-R64-Liudmila_Samsonova-Olga_Danilovic,Olga Danilovic,ApproachRallies,2,1,0,1,1,0,0,8
20250114-W-Australian_Open-R128-Olivia_Gadecki-Veronika_Kudermetova,Olivia Gadecki,NetPoints,9,6,4,2,2,1,0,35
20250114-W-Australian_Open-R128-Olivia_Gadecki-Veronika_Kudermetova,Olivia Gadecki,Approach,7,5,3,2,1,1,0,30
20250114-W-Australian_Open-R128-Olivia_Gadecki-Veronika_Kudermetova,Olivia Gadecki,NetPointsRallies,7,4,2,2,2,1,0,27
20250114-W-Australian_Open-R128-Olivia_Gadecki-Veronika_Kudermetova,Olivia Gadecki,ApproachRallies,5,3,1,2,1,1,0,22
20250114-W-Australian_Open-R128-Olivia_Gadecki-Veronika_Kudermetova,Veronika Kudermetova,NetPoints,8,5,5,0,2,1,0,50
20250114-W-Australian_Open-R128-Olivia_Gadecki-Veronika_Kudermetova,Veronika Kudermetova,Approach,5,3,3,0,1,1,0,29
20250114-W-Australian_Open-R128-Olivia_Gadecki-Veronika_Kudermetova,Veronika Kudermetova,NetPointsRallies,8,5,5,0,2,1,0,50
20250114-W-Australian_Open-R128-Olivia_Gadecki-Veronika_Kudermetova,Veronika Kudermetova,ApproachRallies,5,3,3,0,1,1,0,29
20250114-W-Australian_Open-R128-Eva_Lys-Kimberly_Birrell,Eva Lys,NetPoints,5,5,5,0,0,0,0,47
20250114-W-Australian_Open-R128-Eva_Lys-Kimberly_Birrell,Eva Lys,Approach,1,1,1,0,0,0,0,11
20250114-W-Australian_Open-R128-Eva_Lys-Kimberly_Birrell,Eva Lys,NetPointsRallies,5,5,5,0,0,0,0,47
20250114-W-Australian_Open-R128-Eva_Lys-Kimberly_Birrell,Eva Lys,ApproachRallies,1,1,1,0,0,0,0,11
20250114-W-Australian_Open-R128-Emma_Raducanu-Ekaterina_Alexandrova,Emma Raducanu,NetPoints,5,4,1,3,0,1,0,35
20250114-W-Australian_Open-R128-Emma_Raducanu-Ekaterina_Alexandrova,Emma Raducanu,Approach,2,1,0,1,0,1,0,22
20250114-W-Australian_Open-R128-Emma_Raducanu-Ekaterina_Alexandrova,Emma Raducanu,NetPointsRallies,5,4,1,3,0,1,0,35
20250114-W-Australian_Open-R128-Emma_Raducanu-Ekaterina_Alexandrova,Emma Raducanu,ApproachRallies,2,1,0,1,0,1,0,22
20250114-W-Australian_Open-R128-Emma_Raducanu-Ekaterina_Alexandrova,Ekaterina Alexandrova,NetPoints,9,6,6,0,2,1,0,72
20250114-W-Australian_Open-R128-Emma_Raducanu-Ekaterina_Alexandrova,Ekaterina Alexandrova,Approach,3,1,1,0,1,1,0,31
20250114-W-Australian_Open-R128-Emma_Raducanu-Ekaterina_Alexandrova,Ekaterina Alexandrova,NetPointsRallies,9,6,6,0,2,1,0,72
20250114-W-Australian_Open-R128-Emma_Raducanu-Ekaterina_Alexandrova,Ekaterina Alexandrova,ApproachRallies,3,1,1,0,1,1,0,31
20250114-W-Australian_Open-R128-Elena_Rybakina-Emerson_Jones,Elena Rybakina,NetPoints,9,7,5,2,2,0,0,54
20250114-W-Australian_Open-R128-Elena_Rybakina-Emerson_Jones,Elena Rybakina,Approach,8,6,4,2,2,0,0,51
20250114-W-Australian_Open-R128-Elena_Rybakina-Emerson_Jones,Elena Rybakina,NetPointsRallies,9,7,5,2,2,0,0,54
20250114-W-Australian_Open-R128-Elena_Rybakina-Emerson_Jones,Elena Rybakina,ApproachRallies,8,6,4,2,2,0,0,51
20250113-W-Australian_Open-R128-Viktoriya_Tomova-Daria_Kasatkina,Viktoriya Tomova,NetPoints,6,4,3,0,1,1,0,46
20250113-W-Australian_Open-R128-Viktoriya_Tomova-Daria_Kasatkina,Viktoriya Tomova,Approach,4,3,2,0,0,1,0,38
20250113-W-Australian_Open-R128-Viktoriya_Tomova-Daria_Kasatkina,Viktoriya Tomova,NetPointsRallies,6,4,3,0,1,1,0,46
20250113-W-Australian_Open-R128-Viktoriya_Tomova-Daria_Kasatkina,Viktoriya Tomova,ApproachRallies,4,3,2,0,0,1,0,38
20250113-W-Australian_Open-R128-Viktoriya_Tomova-Daria_Kasatkina,Daria Kasatkina,NetPoints,7,3,3,0,2,1,0,43
20250113-W-Australian_Open-R128-Viktoriya_Tomova-Daria_Kasatkina,Daria Kasatkina,Approach,3,1,1,0,1,0,0,16
20250113-W-Australian_Open-R128-Viktoriya_Tomova-Daria_Kasatkina,Daria Kasatkina,NetPointsRallies,7,3,3,0,2,1,0,43
20250113-W-Australian_Open-R128-Viktoriya_Tomova-Daria_Kasatkina,Daria Kasatkina,ApproachRallies,3,1,1,0,1,0,0,16
20250113-W-Australian_Open-R128-Maya_Joint-Jessica_Pegula,Maya Joint,NetPoints,10,6,3,1,1,1,2,80
20250113-W-Australian_Open-R128-Maya_Joint-Jessica_Pegula,Maya Joint,Approach,4,2,0,0,1,0,1,34
20250113-W-Australian_Open-R128-Maya_Joint-Jessica_Pegula,Maya Joint,NetPointsRallies,10,6,3,1,1,1,2,80
20250113-W-Australian_Open-R128-Maya_Joint-Jessica_Pegula,Maya Joint,ApproachRallies,4,2,0,0,1,0,1,34
20250113-W-Australian_Open-R128-Maya_Joint-Jessica_Pegula,Jessica Pegula,NetPoints,16,12,8,3,0,3,1,144
20250113-W-Australian_Open-R128-Maya_Joint-Jessica_Pegula,Jessica Pegula,Approach,6,3,1,1,0,2,1,64
20250113-W-Australian_Open-R128-Maya_Joint-Jessica_Pegula,Jessica Pegula,NetPointsRallies,16,12,8,3,0,3,1,144
20250113-W-Australian_Open-R128-Maya_Joint-Jessica_Pegula,Jessica Pegula,ApproachRallies,6,3,1,1,0,2,1,64
20250113-W-Australian_Open-R128-Marta_Kostyuk-Nao_Hibino,Marta Kostyuk,NetPoints,9,6,6,0,1,0,2,60
20250113-W-Australian_Open-R128-Marta_Kostyuk-Nao_Hibino,Marta Kostyuk,Approach,3,2,2,0,0,0,1,18
20250113-W-Australian_Open-R128-Marta_Kostyuk-Nao_Hibino,Marta Kostyuk,NetPointsRallies,9,6,6,0,1,0,2,60
20250113-W-Australian_Open-R128-Marta_Kostyuk-Nao_Hibino,Marta Kostyuk,ApproachRallies,3,2,2,0,0,0,1,18
20250113-W-Australian_Open-R128-Marta_Kostyuk-Nao_Hibino,Nao Hibino,NetPoints,12,7,5,2,1,4,0,81
20250113-W-Australian_Open-R128-Marta_Kostyuk-Nao_Hibino,Nao Hibino,Approach,8,5,3,2,0,3,0,66
20250113-W-Australian_Open-R128-Marta_Kostyuk-Nao_Hibino,Nao Hibino,NetPointsRallies,12,7,5,2,1,4,0,81
20250113-W-Australian_Open-R128-Marta_Kostyuk-Nao_Hibino,Nao Hibino,ApproachRallies,8,5,3,2,0,3,0,66
20250113-W-Australian_Open-R128-Iga_Swiatek-Katerina_Siniakova,Iga Swiatek,NetPoints,7,6,4,2,0,1,0,32
20250113-W-Australian_Open-R128-Iga_Swiatek-Katerina_Siniakova,Iga Swiatek,Approach,7,6,4,2,0,1,0,32
20250113-W-Australian_Open-R128-Iga_Swiatek-Katerina_Siniakova,Iga Swiatek,NetPointsRallies,7,6,4,2,0,1,0,32
20250113-W-Australian_Open-R128-Iga_Swiatek-Katerina_Siniakova,Iga Swiatek,ApproachRallies,7,6,4,2,0,1,0,32
20250113-W-Australian_Open-R128-Iga_Swiatek-Katerina_Siniakova,Katerina Siniakova,NetPoints,7,4,1,3,2,0,1,31
20250113-W-Australian_Open-R128-Iga_Swiatek-Katerina_Siniakova,Katerina Siniakova,Approach,7,4,1,3,2,0,1,31
20250113-W-Australian_Open-R128-Iga_Swiatek-Katerina_Siniakova,Katerina Siniakova,NetPointsRallies,7,4,1,3,2,0,1,31
20250113-W-Australian_Open-R128-Iga_Swiatek-Katerina_Siniakova,Katerina Siniakova,ApproachRallies,7,4,1,3,2,0,1,31
20250113-W-Australian_Open-R128-Coco_Gauff-Sofia_Kenin,Coco Gauff,NetPoints,5,4,3,1,0,1,0,40
20250113-W-Australian_Open-R128-Coco_Gauff-Sofia_Kenin,Coco Gauff,NetPointsRallies,5,4,3,1,0,1,0,40
20250113-W-Australian_Open-R128-Coco_Gauff-Sofia_Kenin,Sofia Kenin,NetPoints,3,1,1,0,1,1,0,24
20250113-W-Australian_Open-R128-Coco_Gauff-Sofia_Kenin,Sofia Kenin,Approach,1,0,0,0,0,1,0,14
20250113-W-Australian_Open-R128-Coco_Gauff-Sofia_Kenin,Sofia Kenin,NetPointsRallies,3,1,1,0,1,1,0,24
20250113-W-Australian_Open-R128-Coco_Gauff-Sofia_Kenin,Sofia Kenin,ApproachRallies,1,0,0,0,0,1,0,14
20250112-W-Australian_Open-R128-Suzan_Lamens-Veronika_Erjavec,Suzan Lamens,NetPoints,15,12,8,2,1,2,0,162
20250112-W-Australian_Open-R128-Suzan_Lamens-Veronika_Erjavec,Suzan Lamens,Approach,5,5,4,0,0,0,0,50
20250112-W-Australian_Open-R128-Suzan_Lamens-Veronika_Erjavec,Suzan Lamens,NetPointsRallies,15,12,8,2,1,2,0,162
20250112-W-Australian_Open-R128-Suzan_Lamens-Veronika_Erjavec,Suzan Lamens,ApproachRallies,5,5,4,0,0,0,0,50
20250112-W-Australian_Open-R128-Suzan_Lamens-Veronika_Erjavec,Veronika Erjavec,NetPoints,15,10,6,4,1,3,0,144
20250112-W-Australian_Open-R128-Suzan_Lamens-Veronika_Erjavec,Veronika Erjavec,Approach,11,7,4,3,1,2,0,95
20250112-W-Australian_Open-R128-Suzan_Lamens-Veronika_Erjavec,Veronika Erjavec,NetPointsRallies,15,10,6,4,1,3,0,144
20250112-W-Australian_Open-R128-Suzan_Lamens-Veronika_Erjavec,Veronika Erjavec,ApproachRallies,11,7,4,3,1,2,0,95
20250111-W-Australian_Open-R128-Marie_Bouzkova-Mirra_Andreeva,Marie Bouzkova,NetPoints,22,12,10,2,2,3,4,169
20250111-W-Australian_Open-R128-Marie_Bouzkova-Mirra_Andreeva,Marie Bouzkova,Approach,16,8,6,2,1,2,4,101
20250111-W-Australian_Open-R128-Marie_Bouzkova-Mirra_Andreeva,Marie Bouzkova,NetPointsRallies,22,12,10,2,2,3,4,169
20250111-W-Australian_Open-R128-Marie_Bouzkova-Mirra_Andreeva,Marie Bouzkova,ApproachRallies,16,8,6,2,1,2,4,101
20250111-W-Australian_Open-R128-Marie_Bouzkova-Mirra_Andreeva,Mirra Andreeva,NetPoints,22,16,11,5,2,3,1,154
20250111-W-Australian_Open-R128-Marie_Bouzkova-Mirra_Andreeva,Mirra Andreeva,Approach,8,6,3,3,1,1,0,46
20250111-W-Australian_Open-R128-Marie_Bouzkova-Mirra_Andreeva,Mirra Andreeva,NetPointsRallies,22,16,11,5,2,3,1,154
20250111-W-Australian_Open-R128-Marie_Bouzkova-Mirra_Andreeva,Mirra Andreeva,ApproachRallies,8,6,3,3,1,1,0,46
20250106-W-Australian_Open-Q1-Lucija_Ciric_Bagaric-Solana_Sierra,Lucija Ciric Bagaric,NetPoints,5,4,3,1,1,0,0,39
20250106-W-Australian_Open-Q1-Lucija_Ciric_Bagaric-Solana_Sierra,Lucija Ciric Bagaric,Approach,3,2,1,1,1,0,0,13
20250106-W-Australian_Open-Q1-Lucija_Ciric_Bagaric-Solana_Sierra,Lucija Ciric Bagaric,NetPointsRallies,5,4,3,1,1,0,0,39
20250106-W-Australian_Open-Q1-Lucija_Ciric_Bagaric-Solana_Sierra,Lucija Ciric Bagaric,ApproachRallies,3,2,1,1,1,0,0,13
20250106-W-Australian_Open-Q1-Lucija_Ciric_Bagaric-Solana_Sierra,Solana Sierra,NetPoints,10,6,6,0,4,0,0,51
20250106-W-Australian_Open-Q1-Lucija_Ciric_Bagaric-Solana_Sierra,Solana Sierra,Approach,3,1,1,0,2,0,0,16
20250106-W-Australian_Open-Q1-Lucija_Ciric_Bagaric-Solana_Sierra,Solana Sierra,NetPointsRallies,10,6,6,0,4,0,0,51
20250106-W-Australian_Open-Q1-Lucija_Ciric_Bagaric-Solana_Sierra,Solana Sierra,ApproachRallies,3,1,1,0,2,0,0,16
20240907-W-US_Open-F-Aryna_Sabalenka-Jessica_Pegula,Aryna Sabalenka,NetPoints,25,19,14,5,2,1,1,154
20240907-W-US_Open-F-Aryna_Sabalenka-Jessica_Pegula,Aryna Sabalenka,Approach,16,12,10,2,1,1,0,103
20240907-W-US_Open-F-Aryna_Sabalenka-Jessica_Pegula,Aryna Sabalenka,NetPointsRallies,24,19,14,5,2,1,1,152
20240907-W-US_Open-F-Aryna_Sabalenka-Jessica_Pegula,Aryna Sabalenka,ApproachRallies,15,12,10,2,1,1,0,101
20240907-W-US_Open-F-Aryna_Sabalenka-Jessica_Pegula,Jessica Pegula,NetPoints,13,8,2,5,1,4,0,71
20240907-W-US_Open-F-Aryna_Sabalenka-Jessica_Pegula,Jessica Pegula,Approach,5,4,1,2,0,1,0,33
20240907-W-US_Open-F-Aryna_Sabalenka-Jessica_Pegula,Jessica Pegula,NetPointsRallies,13,8,2,5,1,4,0,71
20240907-W-US_Open-F-Aryna_Sabalenka-Jessica_Pegula,Jessica Pegula,ApproachRallies,5,4,1,2,0,1,0,33
20240905-W-US_Open-SF-Karolina_Muchova-Jessica_Pegula,Karolina Muchova,NetPoints,41,29,17,5,3,3,5,262
20240905-W-US_Open-SF-Karolina_Muchova-Jessica_Pegula,Karolina Muchova,Approach,34,25,13,5,1,2,5,221
20240905-W-US_Open-SF-Karolina_Muchova-Jessica_Pegula,Karolina Muchova,NetPointsRallies,32,21,12,5,3,3,5,236
20240905-W-US_Open-SF-Karolina_Muchova-Jessica_Pegula,Karolina Muchova,ApproachRallies,25,17,8,5,1,2,5,195
20240905-W-US_Open-SF-Karolina_Muchova-Jessica_Pegula,Jessica Pegula,NetPoints,23,11,7,3,3,6,2,169
20240905-W-US_Open-SF-Karolina_Muchova-Jessica_Pegula,Jessica Pegula,Approach,10,6,4,2,1,1,1,65
20240905-W-US_Open-SF-Karolina_Muchova-Jessica_Pegula,Jessica Pegula,NetPointsRallies,23,11,7,3,3,6,2,169
20240905-W-US_Open-SF-Karolina_Muchova-Jessica_Pegula,Jessica Pegula,ApproachRallies,10,6,4,2,1,1,1,65
20240905-W-US_Open-SF-Aryna_Sabalenka-Emma_Navarro,Aryna Sabalenka,NetPoints,20,17,9,7,0,3,0,119
20240905-W-US_Open-SF-Aryna_Sabalenka-Emma_Navarro,Aryna Sabalenka,Approach,14,11,4,6,0,3,0,92
20240905-W-US_Open-SF-Aryna_Sabalenka-Emma_Navarro,Aryna Sabalenka,NetPointsRallies,20,17,9,7,0,3,0,119
20240905-W-US_Open-SF-Aryna_Sabalenka-Emma_Navarro,Aryna Sabalenka,ApproachRallies,14,11,4,6,0,3,0,92
20240905-W-US_Open-SF-Aryna_Sabalenka-Emma_Navarro,Emma Navarro,NetPoints,9,5,4,1,2,2,0,58
20240905-W-US_Open-SF-Aryna_Sabalenka-Emma_Navarro,Emma Navarro,Approach,5,4,3,1,1,0,0,35
20240905-W-US_Open-SF-Aryna_Sabalenka-Emma_Navarro,Emma Navarro,NetPointsRallies,9,5,4,1,2,2,0,58
20240905-W-US_Open-SF-Aryna_Sabalenka-Emma_Navarro,Emma Navarro,ApproachRallies,5,4,3,1,1,0,0,35
20240904-W-US_Open-QF-Iga_Swiatek-Jessica_Pegula,Iga Swiatek,NetPoints,7,4,3,1,2,0,1,58
20240904-W-US_Open-QF-Iga_Swiatek-Jessica_Pegula,Iga Swiatek,Approach,1,0,0,0,0,0,1,7
20240904-W-US_Open-QF-Iga_Swiatek-Jessica_Pegula,Iga Swiatek,NetPointsRallies,7,4,3,1,2,0,1,58
20240904-W-US_Open-QF-Iga_Swiatek-Jessica_Pegula,Iga Swiatek,ApproachRallies,1,0,0,0,0,0,1,7
20240904-W-US_Open-QF-Iga_Swiatek-Jessica_Pegula,Jessica Pegula,NetPoints,2,1,1,0,0,0,1,6
20240904-W-US_Open-QF-Iga_Swiatek-Jessica_Pegula,Jessica Pegula,Approach,1,0,0,0,0,0,1,3
20240904-W-US_Open-QF-Iga_Swiatek-Jessica_Pegula,Jessica Pegula,NetPointsRallies,2,1,1,0,0,0,1,6
20240904-W-US_Open-QF-Iga_Swiatek-Jessica_Pegula,Jessica Pegula,ApproachRallies,1,0,0,0,0,0,1,3
20240903-W-US_Open-QF-Aryna_Sabalenka-Qinwen_Zheng,Aryna Sabalenka,NetPoints,9,6,3,2,2,0,1,45
20240903-W-US_Open-QF-Aryna_Sabalenka-Qinwen_Zheng,Aryna Sabalenka,Approach,8,6,3,2,1,0,1,41
20240903-W-US_Open-QF-Aryna_Sabalenka-Qinwen_Zheng,Aryna Sabalenka,NetPointsRallies,8,5,3,2,2,0,1,44
20240903-W-US_Open-QF-Aryna_Sabalenka-Qinwen_Zheng,Aryna Sabalenka,ApproachRallies,7,5,3,2,1,0,1,40
20240903-W-US_Open-QF-Aryna_Sabalenka-Qinwen_Zheng,Qinwen Zheng,NetPoints,3,3,0,3,0,0,0,24
20240903-W-US_Open-QF-Aryna_Sabalenka-Qinwen_Zheng,Qinwen Zheng,Approach,1,1,0,1,0,0,0,3
20240903-W-US_Open-QF-Aryna_Sabalenka-Qinwen_Zheng,Qinwen Zheng,NetPointsRallies,3,3,0,3,0,0,0,24
20240903-W-US_Open-QF-Aryna_Sabalenka-Qinwen_Zheng,Qinwen Zheng,ApproachRallies,1,1,0,1,0,0,0,3
20240902-W-US_Open-R16-Karolina_Muchova-Jasmine_Paolini,Karolina Muchova,NetPoints,14,11,5,3,1,2,0,65
20240902-W-US_Open-R16-Karolina_Muchova-Jasmine_Paolini,Karolina Muchova,Approach,14,11,5,3,1,2,0,65
20240902-W-US_Open-R16-Karolina_Muchova-Jasmine_Paolini,Karolina Muchova,NetPointsRallies,9,6,3,3,1,2,0,56
20240902-W-US_Open-R16-Karolina_Muchova-Jasmine_Paolini,Karolina Muchova,ApproachRallies,9,6,3,3,1,2,0,56
20240902-W-US_Open-R16-Karolina_Muchova-Jasmine_Paolini,Jasmine Paolini,NetPoints,16,9,5,4,3,3,1,110
20240902-W-US_Open-R16-Karolina_Muchova-Jasmine_Paolini,Jasmine Paolini,Approach,13,8,4,4,2,3,0,89
20240902-W-US_Open-R16-Karolina_Muchova-Jasmine_Paolini,Jasmine Paolini,NetPointsRallies,16,9,5,4,3,3,1,110
20240902-W-US_Open-R16-Karolina_Muchova-Jasmine_Paolini,Jasmine Paolini,ApproachRallies,13,8,4,4,2,3,0,89
20240902-W-US_Open-R16-Diana_Shnaider-Jessica_Pegula,Diana Shnaider,NetPoints,12,8,3,5,2,1,1,89
20240902-W-US_Open-R16-Diana_Shnaider-Jessica_Pegula,Diana Shnaider,Approach,9,7,2,5,1,1,0,71
20240902-W-US_Open-R16-Diana_Shnaider-Jessica_Pegula,Diana Shnaider,NetPointsRallies,12,8,3,5,2,1,1,89
20240902-W-US_Open-R16-Diana_Shnaider-Jessica_Pegula,Diana Shnaider,ApproachRallies,9,7,2,5,1,1,0,71
20240902-W-US_Open-R16-Diana_Shnaider-Jessica_Pegula,Jessica Pegula,NetPoints,9,5,5,0,3,1,0,61
20240902-W-US_Open-R16-Diana_Shnaider-Jessica_Pegula,Jessica Pegula,Approach,5,2,2,0,2,1,0,28
20240902-W-US_Open-R16-Diana_Shnaider-Jessica_Pegula,Jessica Pegula,NetPointsRallies,9,5,5,0,3,1,0,61
20240902-W-US_Open-R16-Diana_Shnaider-Jessica_Pegula,Jessica Pegula,ApproachRallies,5,2,2,0,2,1,0,28
20240901-W-US_Open-R16-Qinwen_Zheng-Donna_Vekic,Qinwen Zheng,NetPoints,9,5,5,0,0,4,0,61
20240901-W-US_Open-R16-Qinwen_Zheng-Donna_Vekic,Qinwen Zheng,NetPointsRallies,9,5,5,0,0,4,0,61
20240901-W-US_Open-R16-Qinwen_Zheng-Donna_Vekic,Donna Vekic,NetPoints,16,12,9,3,2,2,0,93
20240901-W-US_Open-R16-Qinwen_Zheng-Donna_Vekic,Donna Vekic,Approach,7,5,3,2,1,1,0,43
20240901-W-US_Open-R16-Qinwen_Zheng-Donna_Vekic,Donna Vekic,NetPointsRallies,16,12,9,3,2,2,0,93
20240901-W-US_Open-R16-Qinwen_Zheng-Donna_Vekic,Donna Vekic,ApproachRallies,7,5,3,2,1,1,0,43
20240901-W-US_Open-R16-Paula_Badosa-Yafan_Wang,Paula Badosa,NetPoints,11,9,5,3,0,2,0,60
20240901-W-US_Open-R16-Paula_Badosa-Yafan_Wang,Paula Badosa,Approach,4,3,1,1,0,1,0,21
20240901-W-US_Open-R16-Paula_Badosa-Yafan_Wang,Paula Badosa,NetPointsRallies,11,9,5,3,0,2,0,60
20240901-W-US_Open-R16-Paula_Badosa-Yafan_Wang,Paula Badosa,ApproachRallies,4,3,1,1,0,1,0,21
20240901-W-US_Open-R16-Paula_Badosa-Yafan_Wang,Yafan Wang,NetPoints,15,9,7,2,1,3,2,93
20240901-W-US_Open-R16-Paula_Badosa-Yafan_Wang,Yafan Wang,Approach,7,2,1,1,1,2,2,38
20240901-W-US_Open-R16-Paula_Badosa-Yafan_Wang,Yafan Wang,NetPointsRallies,15,9,7,2,1,3,2,93
20240901-W-US_Open-R16-Paula_Badosa-Yafan_Wang,Yafan Wang,ApproachRallies,7,2,1,1,1,2,2,38
20240901-W-US_Open-R16-Elise_Mertens-Aryna_Sabalenka,Elise Mertens,NetPoints,10,7,4,3,3,0,0,54
20240901-W-US_Open-R16-Elise_Mertens-Aryna_Sabalenka,Elise Mertens,Approach,6,3,1,2,3,0,0,31
20240901-W-US_Open-R16-Elise_Mertens-Aryna_Sabalenka,Elise Mertens,NetPointsRallies,10,7,4,3,3,0,0,54
20240901-W-US_Open-R16-Elise_Mertens-Aryna_Sabalenka,Elise Mertens,ApproachRallies,6,3,1,2,3,0,0,31
20240901-W-US_Open-R16-Elise_Mertens-Aryna_Sabalenka,Aryna Sabalenka,NetPoints,26,19,17,2,3,2,2,152
20240901-W-US_Open-R16-Elise_Mertens-Aryna_Sabalenka,Aryna Sabalenka,Approach,15,9,7,2,2,2,2,96
20240901-W-US_Open-R16-Elise_Mertens-Aryna_Sabalenka,Aryna Sabalenka,NetPointsRallies,26,19,17,2,3,2,2,152
20240901-W-US_Open-R16-Elise_Mertens-Aryna_Sabalenka,Aryna Sabalenka,ApproachRallies,15,9,7,2,2,2,2,96
20240831-W-US_Open-R32-Jessica_Bouzas_Maneiro-Jessica_Pegula,Jessica Bouzas Maneiro,NetPoints,7,4,3,1,1,0,2,42
20240831-W-US_Open-R32-Jessica_Bouzas_Maneiro-Jessica_Pegula,Jessica Bouzas Maneiro,Approach,3,2,1,1,1,0,0,16
20240831-W-US_Open-R32-Jessica_Bouzas_Maneiro-Jessica_Pegula,Jessica Bouzas Maneiro,NetPointsRallies,7,4,3,1,1,0,2,42
20240831-W-US_Open-R32-Jessica_Bouzas_Maneiro-Jessica_Pegula,Jessica Bouzas Maneiro,ApproachRallies,3,2,1,1,1,0,0,16
20240831-W-US_Open-R32-Jessica_Bouzas_Maneiro-Jessica_Pegula,Jessica Pegula,NetPoints,8,4,2,1,2,0,2,48
20240831-W-US_Open-R32-Jessica_Bouzas_Maneiro-Jessica_Pegula,Jessica Pegula,Approach,5,1,0,0,2,0,2,27
20240831-W-US_Open-R32-Jessica_Bouzas_Maneiro-Jessica_Pegula,Jessica Pegula,NetPointsRallies,8,4,2,1,2,0,2,48
20240831-W-US_Open-R32-Jessica_Bouzas_Maneiro-Jessica_Pegula,Jessica Pegula,ApproachRallies,5,1,0,0,2,0,2,27
20240831-W-US_Open-R32-Jasmine_Paolini-Yulia_Putintseva,Jasmine Paolini,NetPoints,19,11,8,1,1,2,5,137
20240831-W-US_Open-R32-Jasmine_Paolini-Yulia_Putintseva,Jasmine Paolini,Approach,15,9,6,1,0,1,5,112
20240831-W-US_Open-R32-Jasmine_Paolini-Yulia_Putintseva,Jasmine Paolini,NetPointsRallies,19,11,8,1,1,2,5,137
20240831-W-US_Open-R32-Jasmine_Paolini-Yulia_Putintseva,Jasmine Paolini,ApproachRallies,15,9,6,1,0,1,5,112
20240831-W-US_Open-R32-Jasmine_Paolini-Yulia_Putintseva,Yulia Putintseva,NetPoints,8,5,3,2,2,0,1,54
20240831-W-US_Open-R32-Jasmine_Paolini-Yulia_Putintseva,Yulia Putintseva,Approach,7,4,2,2,2,0,1,48
20240831-W-US_Open-R32-Jasmine_Paolini-Yulia_Putintseva,Yulia Putintseva,NetPointsRallies,8,5,3,2,2,0,1,54
20240831-W-US_Open-R32-Jasmine_Paolini-Yulia_Putintseva,Yulia Putintseva,ApproachRallies,7,4,2,2,2,0,1,48
20240831-W-US_Open-R32-Caroline_Wozniacki-Jessika_Ponchet,Caroline Wozniacki,NetPoints,7,7,6,0,0,0,0,69
20240831-W-US_Open-R32-Caroline_Wozniacki-Jessika_Ponchet,Caroline Wozniacki,Approach,1,1,1,0,0,0,0,7
20240831-W-US_Open-R32-Caroline_Wozniacki-Jessika_Ponchet,Caroline Wozniacki,NetPointsRallies,7,7,6,0,0,0,0,69
20240831-W-US_Open-R32-Caroline_Wozniacki-Jessika_Ponchet,Caroline Wozniacki,ApproachRallies,1,1,1,0,0,0,0,7
20240831-W-US_Open-R32-Caroline_Wozniacki-Jessika_Ponchet,Jessika Ponchet,NetPoints,17,9,4,3,1,6,0,128
20240831-W-US_Open-R32-Caroline_Wozniacki-Jessika_Ponchet,Jessika Ponchet,Approach,13,6,2,2,1,5,0,82
20240831-W-US_Open-R32-Caroline_Wozniacki-Jessika_Ponchet,Jessika Ponchet,NetPointsRallies,14,7,4,2,1,6,0,118
20240831-W-US_Open-R32-Caroline_Wozniacki-Jessika_Ponchet,Jessika Ponchet,ApproachRallies,10,4,2,1,1,5,0,72
20240831-W-US_Open-R32-Ashlyn_Krueger-Liudmila_Samsonova,Ashlyn Krueger,NetPoints,5,4,2,2,1,0,0,22
20240831-W-US_Open-R32-Ashlyn_Krueger-Liudmila_Samsonova,Ashlyn Krueger,Approach,4,3,1,2,1,0,0,19
20240831-W-US_Open-R32-Ashlyn_Krueger-Liudmila_Samsonova,Ashlyn Krueger,NetPointsRallies,5,4,2,2,1,0,0,22
20240831-W-US_Open-R32-Ashlyn_Krueger-Liudmila_Samsonova,Ashlyn Krueger,ApproachRallies,4,3,1,2,1,0,0,19
20240831-W-US_Open-R32-Ashlyn_Krueger-Liudmila_Samsonova,Liudmila Samsonova,NetPoints,4,3,2,1,0,0,0,20
20240831-W-US_Open-R32-Ashlyn_Krueger-Liudmila_Samsonova,Liudmila Samsonova,Approach,2,2,1,1,0,0,0,8
20240831-W-US_Open-R32-Ashlyn_Krueger-Liudmila_Samsonova,Liudmila Samsonova,NetPointsRallies,4,3,2,1,0,0,0,20
20240831-W-US_Open-R32-Ashlyn_Krueger-Liudmila_Samsonova,Liudmila Samsonova,ApproachRallies,2,2,1,1,0,0,0,8
20240831-W-US_Open-R32-Aryna_Sabalenka-Ekaterina_Alexandrova,Aryna Sabalenka,NetPoints,6,4,3,0,1,1,0,36
20240831-W-US_Open-R32-Aryna_Sabalenka-Ekaterina_Alexandrova,Aryna Sabalenka,Approach,3,1,1,0,1,1,0,12
20240831-W-US_Open-R32-Aryna_Sabalenka-Ekaterina_Alexandrova,Aryna Sabalenka,NetPointsRallies,6,4,3,0,1,1,0,36
20240831-W-US_Open-R32-Aryna_Sabalenka-Ekaterina_Alexandrova,Aryna Sabalenka,ApproachRallies,3,1,1,0,1,1,0,12
20240831-W-US_Open-R32-Aryna_Sabalenka-Ekaterina_Alexandrova,Ekaterina Alexandrova,NetPoints,11,5,4,1,3,2,1,61
20240831-W-US_Open-R32-Aryna_Sabalenka-Ekaterina_Alexandrova,Ekaterina Alexandrova,Approach,4,1,1,0,1,2,0,30
20240831-W-US_Open-R32-Aryna_Sabalenka-Ekaterina_Alexandrova,Ekaterina Alexandrova,NetPointsRallies,11,5,4,1,3,2,1,61
20240831-W-US_Open-R32-Aryna_Sabalenka-Ekaterina_Alexandrova,Ekaterina Alexandrova,ApproachRallies,4,1,1,0,1,2,0,30
20240831-W-US_Open-R32-Anastasia_Potapova-Karolina_Muchova,Anastasia Potapova,NetPoints,16,10,6,3,3,3,0,88
20240831-W-US_Open-R32-Anastasia_Potapova-Karolina_Muchova,Anastasia Potapova,Approach,8,4,2,1,1,3,0,47
20240831-W-US_Open-R32-Anastasia_Potapova-Karolina_Muchova,Anastasia Potapova,NetPointsRallies,16,10,6,3,3,3,0,88
20240831-W-US_Open-R32-Anastasia_Potapova-Karolina_Muchova,Anastasia Potapova,ApproachRallies,8,4,2,1,1,3,0,47
20240831-W-US_Open-R32-Anastasia_Potapova-Karolina_Muchova,Karolina Muchova,NetPoints,12,8,7,0,2,1,1,77
20240831-W-US_Open-R32-Anastasia_Potapova-Karolina_Muchova,Karolina Muchova,Approach,8,4,3,0,2,1,1,50
20240831-W-US_Open-R32-Anastasia_Potapova-Karolina_Muchova,Karolina Muchova,NetPointsRallies,9,5,5,0,2,1,1,68
20240831-W-US_Open-R32-Anastasia_Potapova-Karolina_Muchova,Karolina Muchova,ApproachRallies,5,1,1,0,2,1,1,41
20240831-W-US_Open-R32-Anastasia_Pavlyuchenkova-Iga_Swiatek,Anastasia Pavlyuchenkova,NetPoints,12,9,5,3,1,1,1,76
20240831-W-US_Open-R32-Anastasia_Pavlyuchenkova-Iga_Swiatek,Anastasia Pavlyuchenkova,Approach,10,9,5,3,0,1,0,58
20240831-W-US_Open-R32-Anastasia_Pavlyuchenkova-Iga_Swiatek,Anastasia Pavlyuchenkova,NetPointsRallies,12,9,5,3,1,1,1,76
20240831-W-US_Open-R32-Anastasia_Pavlyuchenkova-Iga_Swiatek,Anastasia Pavlyuchenkova,ApproachRallies,10,9,5,3,0,1,0,58
20240831-W-US_Open-R32-Anastasia_Pavlyuchenkova-Iga_Swiatek,Iga Swiatek,NetPoints,6,4,3,1,0,1,1,46
20240831-W-US_Open-R32-Anastasia_Pavlyuchenkova-Iga_Swiatek,Iga Swiatek,NetPointsRallies,6,4,3,1,0,1,1,46
20240830-W-US_Open-R32-Jule_Niemeier-Qinwen_Zheng,Jule Niemeier,NetPoints,11,6,5,0,0,3,1,73
20240830-W-US_Open-R32-Jule_Niemeier-Qinwen_Zheng,Jule Niemeier,Approach,7,4,3,0,0,2,0,39
20240830-W-US_Open-R32-Jule_Niemeier-Qinwen_Zheng,Jule Niemeier,NetPointsRallies,7,5,4,0,0,1,1,56
20240830-W-US_Open-R32-Jule_Niemeier-Qinwen_Zheng,Jule Niemeier,ApproachRallies,3,3,2,0,0,0,0,22
20240830-W-US_Open-R32-Jule_Niemeier-Qinwen_Zheng,Qinwen Zheng,NetPoints,5,5,3,2,0,0,0,33
20240830-W-US_Open-R32-Jule_Niemeier-Qinwen_Zheng,Qinwen Zheng,Approach,3,3,3,0,0,0,0,18
20240830-W-US_Open-R32-Jule_Niemeier-Qinwen_Zheng,Qinwen Zheng,NetPointsRallies,5,5,3,2,0,0,0,33
20240830-W-US_Open-R32-Jule_Niemeier-Qinwen_Zheng,Qinwen Zheng,ApproachRallies,3,3,3,0,0,0,0,18
20240830-W-US_Open-R32-Elina_Svitolina-Coco_Gauff,Elina Svitolina,NetPoints,17,13,9,2,2,1,1,103
20240830-W-US_Open-R32-Elina_Svitolina-Coco_Gauff,Elina Svitolina,Approach,9,7,3,2,0,1,1,58
20240830-W-US_Open-R32-Elina_Svitolina-Coco_Gauff,Elina Svitolina,NetPointsRallies,17,13,9,2,2,1,1,103
20240830-W-US_Open-R32-Elina_Svitolina-Coco_Gauff,Elina Svitolina,ApproachRallies,9,7,3,2,0,1,1,58
20240830-W-US_Open-R32-Elina_Svitolina-Coco_Gauff,Coco Gauff,NetPoints,12,9,6,2,2,1,0,103
20240830-W-US_Open-R32-Elina_Svitolina-Coco_Gauff,Coco Gauff,Approach,5,5,3,2,0,0,0,23
20240830-W-US_Open-R32-Elina_Svitolina-Coco_Gauff,Coco Gauff,NetPointsRallies,12,9,6,2,2,1,0,103
20240830-W-US_Open-R32-Elina_Svitolina-Coco_Gauff,Coco Gauff,ApproachRallies,5,5,3,2,0,0,0,23
20240829-W-US_Open-R64-Xin_Yu_Wang-Yulia_Putintseva,Xin Yu Wang,NetPoints,10,8,7,1,0,2,0,92
20240829-W-US_Open-R64-Xin_Yu_Wang-Yulia_Putintseva,Xin Yu Wang,NetPointsRallies,10,8,7,1,0,2,0,92
20240829-W-US_Open-R64-Xin_Yu_Wang-Yulia_Putintseva,Yulia Putintseva,NetPoints,3,2,0,1,0,0,0,21
20240829-W-US_Open-R64-Xin_Yu_Wang-Yulia_Putintseva,Yulia Putintseva,NetPointsRallies,3,2,0,1,0,0,0,21
20240829-W-US_Open-R64-Sofia_Kenin-Jessica_Pegula,Sofia Kenin,NetPoints,10,8,5,3,2,0,0,79
20240829-W-US_Open-R64-Sofia_Kenin-Jessica_Pegula,Sofia Kenin,Approach,3,2,1,1,1,0,0,22
20240829-W-US_Open-R64-Sofia_Kenin-Jessica_Pegula,Sofia Kenin,NetPointsRallies,10,8,5,3,2,0,0,79
20240829-W-US_Open-R64-Sofia_Kenin-Jessica_Pegula,Sofia Kenin,ApproachRallies,3,2,1,1,1,0,0,22
20240829-W-US_Open-R64-Sofia_Kenin-Jessica_Pegula,Jessica Pegula,NetPoints,11,5,4,1,2,3,0,75
20240829-W-US_Open-R64-Sofia_Kenin-Jessica_Pegula,Jessica Pegula,Approach,3,1,1,0,1,1,0,22
20240829-W-US_Open-R64-Sofia_Kenin-Jessica_Pegula,Jessica Pegula,NetPointsRallies,11,5,4,1,2,3,0,75
20240829-W-US_Open-R64-Sofia_Kenin-Jessica_Pegula,Jessica Pegula,ApproachRallies,3,1,1,0,1,1,0,22
20240829-W-US_Open-R64-Naomi_Osaka-Karolina_Muchova,Naomi Osaka,NetPoints,13,7,4,3,3,1,2,78
20240829-W-US_Open-R64-Naomi_Osaka-Karolina_Muchova,Naomi Osaka,Approach,3,1,1,0,0,1,1,25
20240829-W-US_Open-R64-Naomi_Osaka-Karolina_Muchova,Naomi Osaka,NetPointsRallies,13,7,4,3,3,1,2,78
20240829-W-US_Open-R64-Naomi_Osaka-Karolina_Muchova,Naomi Osaka,ApproachRallies,3,1,1,0,0,1,1,25
20240829-W-US_Open-R64-Naomi_Osaka-Karolina_Muchova,Karolina Muchova,NetPoints,24,18,9,4,1,0,3,88
20240829-W-US_Open-R64-Naomi_Osaka-Karolina_Muchova,Karolina Muchova,Approach,22,17,9,3,1,0,2,78
20240829-W-US_Open-R64-Naomi_Osaka-Karolina_Muchova,Karolina Muchova,NetPointsRallies,12,8,5,3,1,0,3,62
20240829-W-US_Open-R64-Naomi_Osaka-Karolina_Muchova,Karolina Muchova,ApproachRallies,10,7,5,2,1,0,2,52
20240829-W-US_Open-R64-Iga_Swiatek-Ena_Shibahara,Iga Swiatek,NetPoints,2,2,1,0,0,0,0,18
20240829-W-US_Open-R64-Iga_Swiatek-Ena_Shibahara,Iga Swiatek,Approach,1,1,0,0,0,0,0,12
20240829-W-US_Open-R64-Iga_Swiatek-Ena_Shibahara,Iga Swiatek,NetPointsRallies,2,2,1,0,0,0,0,18
20240829-W-US_Open-R64-Iga_Swiatek-Ena_Shibahara,Iga Swiatek,ApproachRallies,1,1,0,0,0,0,0,12
20240829-W-US_Open-R64-Iga_Swiatek-Ena_Shibahara,Ena Shibahara,NetPoints,4,1,1,0,2,1,0,13
20240829-W-US_Open-R64-Iga_Swiatek-Ena_Shibahara,Ena Shibahara,Approach,3,1,1,0,1,1,0,11
20240829-W-US_Open-R64-Iga_Swiatek-Ena_Shibahara,Ena Shibahara,NetPointsRallies,1,0,0,0,1,0,0,2
20240829-W-US_Open-R64-Caroline_Wozniacki-Renata_Zarazua,Caroline Wozniacki,NetPoints,16,11,9,2,2,2,1,174
20240829-W-US_Open-R64-Caroline_Wozniacki-Renata_Zarazua,Caroline Wozniacki,Approach,4,1,1,0,1,1,1,44
20240829-W-US_Open-R64-Caroline_Wozniacki-Renata_Zarazua,Caroline Wozniacki,NetPointsRallies,16,11,9,2,2,2,1,174
20240829-W-US_Open-R64-Caroline_Wozniacki-Renata_Zarazua,Caroline Wozniacki,ApproachRallies,4,1,1,0,1,1,1,44
20240829-W-US_Open-R64-Caroline_Wozniacki-Renata_Zarazua,Renata Zarazua,NetPoints,7,6,5,1,0,1,0,95
20240829-W-US_Open-R64-Caroline_Wozniacki-Renata_Zarazua,Renata Zarazua,Approach,1,0,0,0,0,1,0,15
20240829-W-US_Open-R64-Caroline_Wozniacki-Renata_Zarazua,Renata Zarazua,NetPointsRallies,7,6,5,1,0,1,0,95
20240829-W-US_Open-R64-Caroline_Wozniacki-Renata_Zarazua,Renata Zarazua,ApproachRallies,1,0,0,0,0,1,0,15
20240829-W-US_Open-R64-Ashlyn_Krueger-Mirra_Andreeva,Ashlyn Krueger,NetPoints,10,8,3,4,2,0,0,55
20240829-W-US_Open-R64-Ashlyn_Krueger-Mirra_Andreeva,Ashlyn Krueger,Approach,6,5,2,2,1,0,0,28
20240829-W-US_Open-R64-Ashlyn_Krueger-Mirra_Andreeva,Ashlyn Krueger,NetPointsRallies,10,8,3,4,2,0,0,55
20240829-W-US_Open-R64-Ashlyn_Krueger-Mirra_Andreeva,Ashlyn Krueger,ApproachRallies,6,5,2,2,1,0,0,28
20240829-W-US_Open-R64-Ashlyn_Krueger-Mirra_Andreeva,Mirra Andreeva,NetPoints,7,4,4,0,1,1,1,38
20240829-W-US_Open-R64-Ashlyn_Krueger-Mirra_Andreeva,Mirra Andreeva,Approach,3,2,2,0,0,1,0,22
20240829-W-US_Open-R64-Ashlyn_Krueger-Mirra_Andreeva,Mirra Andreeva,NetPointsRallies,7,4,4,0,1,1,1,38
20240829-W-US_Open-R64-Ashlyn_Krueger-Mirra_Andreeva,Mirra Andreeva,ApproachRallies,3,2,2,0,0,1,0,22
20240828-W-US_Open-R64-Iva_Jovic-Ekaterina_Alexandrova,Iva Jovic,NetPoints,2,2,1,1,0,0,0,14
20240828-W-US_Open-R64-Iva_Jovic-Ekaterina_Alexandrova,Iva Jovic,NetPointsRallies,2,2,1,1,0,0,0,14
20240828-W-US_Open-R64-Iva_Jovic-Ekaterina_Alexandrova,Ekaterina Alexandrova,NetPoints,10,9,7,2,1,0,0,53
20240828-W-US_Open-R64-Iva_Jovic-Ekaterina_Alexandrova,Ekaterina Alexandrova,Approach,3,3,2,1,0,0,0,19
20240828-W-US_Open-R64-Iva_Jovic-Ekaterina_Alexandrova,Ekaterina Alexandrova,NetPointsRallies,10,9,7,2,1,0,0,53
20240828-W-US_Open-R64-Iva_Jovic-Ekaterina_Alexandrova,Ekaterina Alexandrova,ApproachRallies,3,3,2,1,0,0,0,19
20240828-W-US_Open-R64-Erika_Andreeva-Qinwen_Zheng,Erika Andreeva,NetPoints,8,6,4,2,0,1,1,57
20240828-W-US_Open-R64-Erika_Andreeva-Qinwen_Zheng,Erika Andreeva,Approach,4,2,2,0,0,1,1,36
20240828-W-US_Open-R64-Erika_Andreeva-Qinwen_Zheng,Erika Andreeva,NetPointsRallies,8,6,4,2,0,1,1,57
20240828-W-US_Open-R64-Erika_Andreeva-Qinwen_Zheng,Erika Andreeva,ApproachRallies,4,2,2,0,0,1,1,36
20240828-W-US_Open-R64-Erika_Andreeva-Qinwen_Zheng,Qinwen Zheng,NetPoints,13,9,5,4,1,2,0,81
20240828-W-US_Open-R64-Erika_Andreeva-Qinwen_Zheng,Qinwen Zheng,NetPointsRallies,13,9,5,4,1,2,0,81
20240828-W-US_Open-R64-Aryna_Sabalenka-Lucia_Bronzetti,Aryna Sabalenka,NetPoints,10,7,5,2,1,1,1,67
20240828-W-US_Open-R64-Aryna_Sabalenka-Lucia_Bronzetti,Aryna Sabalenka,Approach,6,4,3,1,1,0,1,40
20240828-W-US_Open-R64-Aryna_Sabalenka-Lucia_Bronzetti,Aryna Sabalenka,NetPointsRallies,10,7,5,2,1,1,1,67
20240828-W-US_Open-R64-Aryna_Sabalenka-Lucia_Bronzetti,Aryna Sabalenka,ApproachRallies,6,4,3,1,1,0,1,40
20240828-W-US_Open-R64-Aryna_Sabalenka-Lucia_Bronzetti,Lucia Bronzetti,NetPoints,5,3,3,0,0,2,0,41
20240828-W-US_Open-R64-Aryna_Sabalenka-Lucia_Bronzetti,Lucia Bronzetti,Approach,3,2,2,0,0,1,0,20
20240828-W-US_Open-R64-Aryna_Sabalenka-Lucia_Bronzetti,Lucia Bronzetti,NetPointsRallies,5,3,3,0,0,2,0,41
20240828-W-US_Open-R64-Aryna_Sabalenka-Lucia_Bronzetti,Lucia Bronzetti,ApproachRallies,3,2,2,0,0,1,0,20
20240827-W-US_Open-R128-Taylah_Preston-Anastasia_Pavlyuchenkova,Taylah Preston,NetPoints,2,1,1,0,0,1,0,19
20240827-W-US_Open-R128-Taylah_Preston-Anastasia_Pavlyuchenkova,Taylah Preston,NetPointsRallies,2,1,1,0,0,1,0,19
20240827-W-US_Open-R128-Taylah_Preston-Anastasia_Pavlyuchenkova,Anastasia Pavlyuchenkova,NetPoints,8,8,6,2,0,0,0,49
20240827-W-US_Open-R128-Taylah_Preston-Anastasia_Pavlyuchenkova,Anastasia Pavlyuchenkova,Approach,6,6,4,2,0,0,0,38
20240827-W-US_Open-R128-Taylah_Preston-Anastasia_Pavlyuchenkova,Anastasia Pavlyuchenkova,NetPointsRallies,8,8,6,2,0,0,0,49
20240827-W-US_Open-R128-Taylah_Preston-Anastasia_Pavlyuchenkova,Anastasia Pavlyuchenkova,ApproachRallies,6,6,4,2,0,0,0,38
20240827-W-US_Open-R128-Shuai_Zhang-Ashlyn_Krueger,Shuai Zhang,NetPoints,16,12,7,4,0,3,1,85
20240827-W-US_Open-R128-Shuai_Zhang-Ashlyn_Krueger,Shuai Zhang,Approach,8,6,2,4,0,2,0,35
20240827-W-US_Open-R128-Shuai_Zhang-Ashlyn_Krueger,Shuai Zhang,NetPointsRallies,16,12,7,4,0,3,1,85
20240827-W-US_Open-R128-Shuai_Zhang-Ashlyn_Krueger,Shuai Zhang,ApproachRallies,8,6,2,4,0,2,0,35
20240827-W-US_Open-R128-Shuai_Zhang-Ashlyn_Krueger,Ashlyn Krueger,NetPoints,12,10,6,4,1,1,0,90
20240827-W-US_Open-R128-Shuai_Zhang-Ashlyn_Krueger,Ashlyn Krueger,Approach,9,7,4,3,1,1,0,65
20240827-W-US_Open-R128-Shuai_Zhang-Ashlyn_Krueger,Ashlyn Krueger,NetPointsRallies,12,10,6,4,1,1,0,90
20240827-W-US_Open-R128-Shuai_Zhang-Ashlyn_Krueger,Ashlyn Krueger,ApproachRallies,9,7,4,3,1,1,0,65
20240827-W-US_Open-R128-Naomi_Osaka-Jelena_Ostapenko,Naomi Osaka,NetPoints,1,1,1,0,0,0,0,3
20240827-W-US_Open-R128-Naomi_Osaka-Jelena_Ostapenko,Naomi Osaka,NetPointsRallies,1,1,1,0,0,0,0,3
20240827-W-US_Open-R128-Naomi_Osaka-Jelena_Ostapenko,Jelena Ostapenko,NetPoints,2,1,1,0,1,0,0,7
20240827-W-US_Open-R128-Naomi_Osaka-Jelena_Ostapenko,Jelena Ostapenko,Approach,2,1,1,0,1,0,0,7
20240827-W-US_Open-R128-Naomi_Osaka-Jelena_Ostapenko,Jelena Ostapenko,NetPointsRallies,2,1,1,0,1,0,0,7
20240827-W-US_Open-R128-Naomi_Osaka-Jelena_Ostapenko,Jelena Ostapenko,ApproachRallies,2,1,1,0,1,0,0,7
20240827-W-US_Open-R128-Jessica_Pegula-Shelby_Rogers,Jessica Pegula,NetPoints,11,7,5,2,2,1,1,72
20240827-W-US_Open-R128-Jessica_Pegula-Shelby_Rogers,Jessica Pegula,Approach,5,2,0,2,1,1,1,34
20240827-W-US_Open-R128-Jessica_Pegula-Shelby_Rogers,Jessica Pegula,NetPointsRallies,11,7,5,2,2,1,1,72
20240827-W-US_Open-R128-Jessica_Pegula-Shelby_Rogers,Jessica Pegula,ApproachRallies,5,2,0,2,1,1,1,34
20240827-W-US_Open-R128-Jessica_Pegula-Shelby_Rogers,Shelby Rogers,NetPoints,7,4,1,3,3,0,0,34
20240827-W-US_Open-R128-Jessica_Pegula-Shelby_Rogers,Shelby Rogers,Approach,4,2,1,1,2,0,0,23
20240827-W-US_Open-R128-Jessica_Pegula-Shelby_Rogers,Shelby Rogers,NetPointsRallies,7,4,1,3,3,0,0,34
20240827-W-US_Open-R128-Jessica_Pegula-Shelby_Rogers,Shelby Rogers,ApproachRallies,4,2,1,1,2,0,0,23
20240827-W-US_Open-R128-Jasmine_Paolini-Bianca_Andreescu,Jasmine Paolini,NetPoints,25,21,15,5,0,3,1,168
20240827-W-US_Open-R128-Jasmine_Paolini-Bianca_Andreescu,Jasmine Paolini,Approach,21,18,12,5,0,2,1,142
20240827-W-US_Open-R128-Jasmine_Paolini-Bianca_Andreescu,Jasmine Paolini,NetPointsRallies,25,21,15,5,0,3,1,168
20240827-W-US_Open-R128-Jasmine_Paolini-Bianca_Andreescu,Jasmine Paolini,ApproachRallies,21,18,12,5,0,2,1,142
20240827-W-US_Open-R128-Jasmine_Paolini-Bianca_Andreescu,Bianca Andreescu,NetPoints,30,21,14,7,6,2,1,167
20240827-W-US_Open-R128-Jasmine_Paolini-Bianca_Andreescu,Bianca Andreescu,Approach,25,18,11,7,5,2,0,128
20240827-W-US_Open-R128-Jasmine_Paolini-Bianca_Andreescu,Bianca Andreescu,NetPointsRallies,30,21,14,7,6,2,1,167
20240827-W-US_Open-R128-Jasmine_Paolini-Bianca_Andreescu,Bianca Andreescu,ApproachRallies,25,18,11,7,5,2,0,128
20240827-W-US_Open-R128-Emma_Raducanu-Sofia_Kenin,Emma Raducanu,NetPoints,21,10,8,2,4,6,1,178
20240827-W-US_Open-R128-Emma_Raducanu-Sofia_Kenin,Emma Raducanu,Approach,10,4,3,1,1,4,1,77
20240827-W-US_Open-R128-Emma_Raducanu-Sofia_Kenin,Emma Raducanu,NetPointsRallies,21,10,8,2,4,6,1,178
20240827-W-US_Open-R128-Emma_Raducanu-Sofia_Kenin,Emma Raducanu,ApproachRallies,10,4,3,1,1,4,1,77
20240827-W-US_Open-R128-Emma_Raducanu-Sofia_Kenin,Sofia Kenin,NetPoints,19,13,10,0,2,2,2,117
20240827-W-US_Open-R128-Emma_Raducanu-Sofia_Kenin,Sofia Kenin,Approach,9,6,4,0,0,1,2,58
20240827-W-US_Open-R128-Emma_Raducanu-Sofia_Kenin,Sofia Kenin,NetPointsRallies,19,13,10,0,2,2,2,117
20240827-W-US_Open-R128-Emma_Raducanu-Sofia_Kenin,Sofia Kenin,ApproachRallies,9,6,4,0,0,1,2,58
20240827-W-US_Open-R128-Elena_Rybakina-Destanee_Aiava,Elena Rybakina,NetPoints,12,11,7,2,1,0,0,53
20240827-W-US_Open-R128-Elena_Rybakina-Destanee_Aiava,Elena Rybakina,Approach,7,6,3,2,1,0,0,34
20240827-W-US_Open-R128-Elena_Rybakina-Destanee_Aiava,Elena Rybakina,NetPointsRallies,12,11,7,2,1,0,0,53
20240827-W-US_Open-R128-Elena_Rybakina-Destanee_Aiava,Elena Rybakina,ApproachRallies,7,6,3,2,1,0,0,34
20240827-W-US_Open-R128-Elena_Rybakina-Destanee_Aiava,Destanee Aiava,NetPoints,7,4,4,0,3,0,0,31
20240827-W-US_Open-R128-Elena_Rybakina-Destanee_Aiava,Destanee Aiava,Approach,3,2,2,0,1,0,0,15
20240827-W-US_Open-R128-Elena_Rybakina-Destanee_Aiava,Destanee Aiava,NetPointsRallies,7,4,4,0,3,0,0,31
20240827-W-US_Open-R128-Elena_Rybakina-Destanee_Aiava,Destanee Aiava,ApproachRallies,3,2,2,0,1,0,0,15
20240827-W-US_Open-R128-Danielle_Collins-Caroline_Dolehide,Danielle Collins,NetPoints,32,19,12,4,8,4,1,166
20240827-W-US_Open-R128-Danielle_Collins-Caroline_Dolehide,Danielle Collins,Approach,4,2,1,1,2,0,0,20
20240827-W-US_Open-R128-Danielle_Collins-Caroline_Dolehide,Danielle Collins,NetPointsRallies,32,19,12,4,8,4,1,166
20240827-W-US_Open-R128-Danielle_Collins-Caroline_Dolehide,Danielle Collins,ApproachRallies,4,2,1,1,2,0,0,20
20240827-W-US_Open-R128-Danielle_Collins-Caroline_Dolehide,Caroline Dolehide,NetPoints,5,3,1,2,0,0,1,29
20240827-W-US_Open-R128-Danielle_Collins-Caroline_Dolehide,Caroline Dolehide,Approach,1,0,0,0,0,0,0,12
20240827-W-US_Open-R128-Danielle_Collins-Caroline_Dolehide,Caroline Dolehide,NetPointsRallies,5,3,1,2,0,0,1,29
20240827-W-US_Open-R128-Danielle_Collins-Caroline_Dolehide,Caroline Dolehide,ApproachRallies,1,0,0,0,0,0,0,12
20240827-W-US_Open-R128-Caroline_Wozniacki-Nao_Hibino,Caroline Wozniacki,NetPoints,8,6,5,1,0,1,1,49
20240827-W-US_Open-R128-Caroline_Wozniacki-Nao_Hibino,Caroline Wozniacki,Approach,1,0,0,0,0,0,1,10
20240827-W-US_Open-R128-Caroline_Wozniacki-Nao_Hibino,Caroline Wozniacki,NetPointsRallies,8,6,5,1,0,1,1,49
20240827-W-US_Open-R128-Caroline_Wozniacki-Nao_Hibino,Caroline Wozniacki,ApproachRallies,1,0,0,0,0,0,1,10
20240827-W-US_Open-R128-Caroline_Wozniacki-Nao_Hibino,Nao Hibino,NetPoints,13,7,4,3,3,2,1,89
20240827-W-US_Open-R128-Caroline_Wozniacki-Nao_Hibino,Nao Hibino,Approach,9,6,3,3,0,2,1,62
20240827-W-US_Open-R128-Caroline_Wozniacki-Nao_Hibino,Nao Hibino,NetPointsRallies,13,7,4,3,3,2,1,89
20240827-W-US_Open-R128-Caroline_Wozniacki-Nao_Hibino,Nao Hibino,ApproachRallies,9,6,3,3,0,2,1,62
20240827-W-US_Open-R128-Alexa_Noel-Sara_Sorribes_Tormo,Alexa Noel,NetPoints,17,13,9,3,1,2,0,103
20240827-W-US_Open-R128-Alexa_Noel-Sara_Sorribes_Tormo,Alexa Noel,Approach,16,12,8,3,1,2,0,97
20240827-W-US_Open-R128-Alexa_Noel-Sara_Sorribes_Tormo,Alexa Noel,NetPointsRallies,14,11,7,3,1,2,0,95
20240827-W-US_Open-R128-Alexa_Noel-Sara_Sorribes_Tormo,Alexa Noel,ApproachRallies,13,10,6,3,1,2,0,89
20240827-W-US_Open-R128-Alexa_Noel-Sara_Sorribes_Tormo,Sara Sorribes Tormo,NetPoints,20,14,8,4,1,1,2,195
20240827-W-US_Open-R128-Alexa_Noel-Sara_Sorribes_Tormo,Sara Sorribes Tormo,Approach,17,13,8,3,1,0,2,162
20240827-W-US_Open-R128-Alexa_Noel-Sara_Sorribes_Tormo,Sara Sorribes Tormo,NetPointsRallies,16,11,7,3,1,1,2,186
20240827-W-US_Open-R128-Alexa_Noel-Sara_Sorribes_Tormo,Sara Sorribes Tormo,ApproachRallies,13,10,7,2,1,0,2,153
20240826-W-US_Open-R128-Varvara_Gracheva-Coco_Gauff,Varvara Gracheva,NetPoints,8,3,0,3,2,1,2,48
20240826-W-US_Open-R128-Varvara_Gracheva-Coco_Gauff,Varvara Gracheva,Approach,6,3,0,3,1,1,1,39
20240826-W-US_Open-R128-Varvara_Gracheva-Coco_Gauff,Varvara Gracheva,NetPointsRallies,8,3,0,3,2,1,2,48
20240826-W-US_Open-R128-Varvara_Gracheva-Coco_Gauff,Varvara Gracheva,ApproachRallies,6,3,0,3,1,1,1,39
20240826-W-US_Open-R128-Varvara_Gracheva-Coco_Gauff,Coco Gauff,NetPoints,7,6,2,4,1,0,0,58
20240826-W-US_Open-R128-Varvara_Gracheva-Coco_Gauff,Coco Gauff,Approach,3,3,0,3,0,0,0,28
20240826-W-US_Open-R128-Varvara_Gracheva-Coco_Gauff,Coco Gauff,NetPointsRallies,7,6,2,4,1,0,0,58
20240826-W-US_Open-R128-Varvara_Gracheva-Coco_Gauff,Coco Gauff,ApproachRallies,3,3,0,3,0,0,0,28
20240826-W-US_Open-R128-Tatjana_Maria-Solana_Sierra,Tatjana Maria,NetPoints,9,6,2,3,0,2,1,59
20240826-W-US_Open-R128-Tatjana_Maria-Solana_Sierra,Tatjana Maria,Approach,8,5,2,2,0,2,1,56
20240826-W-US_Open-R128-Tatjana_Maria-Solana_Sierra,Tatjana Maria,NetPointsRallies,9,6,2,3,0,2,1,59
20240826-W-US_Open-R128-Tatjana_Maria-Solana_Sierra,Tatjana Maria,ApproachRallies,8,5,2,2,0,2,1,56
20240826-W-US_Open-R128-Tatjana_Maria-Solana_Sierra,Solana Sierra,NetPoints,23,14,9,4,4,0,3,161
20240826-W-US_Open-R128-Tatjana_Maria-Solana_Sierra,Solana Sierra,Approach,18,10,5,4,3,0,3,118
20240826-W-US_Open-R128-Tatjana_Maria-Solana_Sierra,Solana Sierra,NetPointsRallies,23,14,9,4,4,0,3,161
20240826-W-US_Open-R128-Tatjana_Maria-Solana_Sierra,Solana Sierra,ApproachRallies,18,10,5,4,3,0,3,118
20240826-W-US_Open-R128-Priscilla_Hon-Aryna_Sabalenka,Priscilla Hon,NetPoints,13,7,4,2,1,3,1,79
20240826-W-US_Open-R128-Priscilla_Hon-Aryna_Sabalenka,Priscilla Hon,Approach,10,5,2,2,1,2,1,51
20240826-W-US_Open-R128-Priscilla_Hon-Aryna_Sabalenka,Priscilla Hon,NetPointsRallies,10,5,3,2,1,3,1,71
20240826-W-US_Open-R128-Priscilla_Hon-Aryna_Sabalenka,Priscilla Hon,ApproachRallies,7,3,1,2,1,2,1,43
20240826-W-US_Open-R128-Priscilla_Hon-Aryna_Sabalenka,Aryna Sabalenka,NetPoints,21,15,8,6,2,2,1,110
20240826-W-US_Open-R128-Priscilla_Hon-Aryna_Sabalenka,Aryna Sabalenka,Approach,16,10,5,4,2,2,1,83
20240826-W-US_Open-R128-Priscilla_Hon-Aryna_Sabalenka,Aryna Sabalenka,NetPointsRallies,21,15,8,6,2,2,1,110
20240826-W-US_Open-R128-Priscilla_Hon-Aryna_Sabalenka,Aryna Sabalenka,ApproachRallies,16,10,5,4,2,2,1,83
20240826-W-US_Open-R128-Magda_Linette-Iva_Jovic,Magda Linette,NetPoints,6,3,1,2,0,3,0,30
20240826-W-US_Open-R128-Magda_Linette-Iva_Jovic,Magda Linette,Approach,6,3,1,2,0,3,0,30
20240826-W-US_Open-R128-Magda_Linette-Iva_Jovic,Magda Linette,NetPointsRallies,6,3,1,2,0,3,0,30
20240826-W-US_Open-R128-Magda_Linette-Iva_Jovic,Magda Linette,ApproachRallies,6,3,1,2,0,3,0,30
20240826-W-US_Open-R128-Magda_Linette-Iva_Jovic,Iva Jovic,NetPoints,4,3,1,2,0,1,0,35
20240826-W-US_Open-R128-Magda_Linette-Iva_Jovic,Iva Jovic,Approach,1,1,0,1,0,0,0,7
20240826-W-US_Open-R128-Magda_Linette-Iva_Jovic,Iva Jovic,NetPointsRallies,4,3,1,2,0,1,0,35
20240826-W-US_Open-R128-Magda_Linette-Iva_Jovic,Iva Jovic,ApproachRallies,1,1,0,1,0,0,0,7
20240826-W-US_Open-R128-Arantxa_Rus-Ana_Bogdan,Arantxa Rus,NetPoints,5,5,3,2,0,0,0,33
20240826-W-US_Open-R128-Arantxa_Rus-Ana_Bogdan,Arantxa Rus,Approach,1,1,0,1,0,0,0,5
20240826-W-US_Open-R128-Arantxa_Rus-Ana_Bogdan,Arantxa Rus,NetPointsRallies,5,5,3,2,0,0,0,33
20240826-W-US_Open-R128-Arantxa_Rus-Ana_Bogdan,Arantxa Rus,ApproachRallies,1,1,0,1,0,0,0,5
20240826-W-US_Open-R128-Arantxa_Rus-Ana_Bogdan,Ana Bogdan,NetPoints,13,10,7,3,3,0,0,59
20240826-W-US_Open-R128-Arantxa_Rus-Ana_Bogdan,Ana Bogdan,Approach,8,7,5,2,1,0,0,34
20240826-W-US_Open-R128-Arantxa_Rus-Ana_Bogdan,Ana Bogdan,NetPointsRallies,13,10,7,3,3,0,0,59
20240826-W-US_Open-R128-Arantxa_Rus-Ana_Bogdan,Ana Bogdan,ApproachRallies,8,7,5,2,1,0,0,34
20240826-W-US_Open-R128-Amanda_Anisimova-Qinwen_Zheng,Amanda Anisimova,NetPoints,14,8,4,4,2,4,0,78
20240826-W-US_Open-R128-Amanda_Anisimova-Qinwen_Zheng,Amanda Anisimova,Approach,7,5,3,2,0,2,0,39
20240826-W-US_Open-R128-Amanda_Anisimova-Qinwen_Zheng,Amanda Anisimova,NetPointsRallies,14,8,4,4,2,4,0,78
20240826-W-US_Open-R128-Amanda_Anisimova-Qinwen_Zheng,Amanda Anisimova,ApproachRallies,7,5,3,2,0,2,0,39
20240826-W-US_Open-R128-Amanda_Anisimova-Qinwen_Zheng,Qinwen Zheng,NetPoints,6,4,3,1,1,0,0,31
20240826-W-US_Open-R128-Amanda_Anisimova-Qinwen_Zheng,Qinwen Zheng,Approach,3,2,1,1,1,0,0,11
20240826-W-US_Open-R128-Amanda_Anisimova-Qinwen_Zheng,Qinwen Zheng,NetPointsRallies,6,4,3,1,1,0,0,31
20240826-W-US_Open-R128-Amanda_Anisimova-Qinwen_Zheng,Qinwen Zheng,ApproachRallies,3,2,1,1,1,0,0,11
20240822-W-US_Open-Q3-Arianne_Hartono-Ena_Shibahara,Arianne Hartono,NetPoints,7,6,3,3,1,0,0,38
20240822-W-US_Open-Q3-Arianne_Hartono-Ena_Shibahara,Arianne Hartono,Approach,2,2,1,1,0,0,0,13
20240822-W-US_Open-Q3-Arianne_Hartono-Ena_Shibahara,Arianne Hartono,NetPointsRallies,7,6,3,3,1,0,0,38
20240822-W-US_Open-Q3-Arianne_Hartono-Ena_Shibahara,Arianne Hartono,ApproachRallies,2,2,1,1,0,0,0,13
20240822-W-US_Open-Q3-Arianne_Hartono-Ena_Shibahara,Ena Shibahara,NetPoints,15,11,5,6,2,1,0,94
20240822-W-US_Open-Q3-Arianne_Hartono-Ena_Shibahara,Ena Shibahara,Approach,9,5,2,3,2,1,0,45
20240822-W-US_Open-Q3-Arianne_Hartono-Ena_Shibahara,Ena Shibahara,NetPointsRallies,13,11,5,6,2,0,0,88
20240822-W-US_Open-Q3-Arianne_Hartono-Ena_Shibahara,Ena Shibahara,ApproachRallies,7,5,2,3,2,0,0,39
20240821-W-US_Open-Q2-Arianne_Hartono-Rebecca_Marino,Arianne Hartono,NetPoints,9,8,6,2,1,0,0,40
20240821-W-US_Open-Q2-Arianne_Hartono-Rebecca_Marino,Arianne Hartono,Approach,2,2,1,1,0,0,0,6
20240821-W-US_Open-Q2-Arianne_Hartono-Rebecca_Marino,Arianne Hartono,NetPointsRallies,9,8,6,2,1,0,0,40
20240821-W-US_Open-Q2-Arianne_Hartono-Rebecca_Marino,Arianne Hartono,ApproachRallies,2,2,1,1,0,0,0,6
20240821-W-US_Open-Q2-Arianne_Hartono-Rebecca_Marino,Rebecca Marino,NetPoints,6,4,4,0,1,0,1,28
20240821-W-US_Open-Q2-Arianne_Hartono-Rebecca_Marino,Rebecca Marino,Approach,3,2,2,0,0,0,1,18
20240821-W-US_Open-Q2-Arianne_Hartono-Rebecca_Marino,Rebecca Marino,NetPointsRallies,6,4,4,0,1,0,1,28
20240821-W-US_Open-Q2-Arianne_Hartono-Rebecca_Marino,Rebecca Marino,ApproachRallies,3,2,2,0,0,0,1,18
20240820-W-US_Open-Q1-Arianne_Hartono-Suzan_Lamens,Arianne Hartono,NetPoints,6,6,3,3,0,0,0,35
20240820-W-US_Open-Q1-Arianne_Hartono-Suzan_Lamens,Arianne Hartono,Approach,2,2,0,2,0,0,0,12
20240820-W-US_Open-Q1-Arianne_Hartono-Suzan_Lamens,Arianne Hartono,NetPointsRallies,6,6,3,3,0,0,0,35
20240820-W-US_Open-Q1-Arianne_Hartono-Suzan_Lamens,Arianne Hartono,ApproachRallies,2,2,0,2,0,0,0,12
20240820-W-US_Open-Q1-Arianne_Hartono-Suzan_Lamens,Suzan Lamens,NetPoints,1,0,0,0,1,0,0,4
20240820-W-US_Open-Q1-Arianne_Hartono-Suzan_Lamens,Suzan Lamens,NetPointsRallies,1,0,0,0,1,0,0,4
20240125-W-Australian_Open-SF-Dayana_Yastremska-Qinwen_Zheng,Dayana Yastremska,NetPoints,4,1,1,0,1,1,1,20
20240125-W-Australian_Open-SF-Dayana_Yastremska-Qinwen_Zheng,Dayana Yastremska,Approach,3,1,1,0,0,1,1,17
20240125-W-Australian_Open-SF-Dayana_Yastremska-Qinwen_Zheng,Dayana Yastremska,NetPointsRallies,4,1,1,0,1,1,1,20
20240125-W-Australian_Open-SF-Dayana_Yastremska-Qinwen_Zheng,Dayana Yastremska,ApproachRallies,3,1,1,0,0,1,1,17
20240125-W-Australian_Open-SF-Dayana_Yastremska-Qinwen_Zheng,Qinwen Zheng,NetPoints,4,2,2,0,0,0,2,14
20240125-W-Australian_Open-SF-Dayana_Yastremska-Qinwen_Zheng,Qinwen Zheng,Approach,1,1,1,0,0,0,0,3
20240125-W-Australian_Open-SF-Dayana_Yastremska-Qinwen_Zheng,Qinwen Zheng,NetPointsRallies,4,2,2,0,0,0,2,14
20240125-W-Australian_Open-SF-Dayana_Yastremska-Qinwen_Zheng,Qinwen Zheng,ApproachRallies,1,1,1,0,0,0,0,3
20240124-W-Australian_Open-QF-Dayana_Yastremska-Linda_Noskova,Dayana Yastremska,NetPoints,2,2,2,0,0,0,0,7
20240124-W-Australian_Open-QF-Dayana_Yastremska-Linda_Noskova,Dayana Yastremska,NetPointsRallies,2,2,2,0,0,0,0,7
20240124-W-Australian_Open-QF-Dayana_Yastremska-Linda_Noskova,Linda Noskova,NetPoints,3,1,0,1,0,2,0,14
20240124-W-Australian_Open-QF-Dayana_Yastremska-Linda_Noskova,Linda Noskova,Approach,2,1,0,1,0,1,0,8
20240124-W-Australian_Open-QF-Dayana_Yastremska-Linda_Noskova,Linda Noskova,NetPointsRallies,3,1,0,1,0,2,0,14
20240124-W-Australian_Open-QF-Dayana_Yastremska-Linda_Noskova,Linda Noskova,ApproachRallies,2,1,0,1,0,1,0,8
20240124-W-Australian_Open-QF-Anna_Kalinskaya-Qinwen_Zheng,Anna Kalinskaya,NetPoints,5,2,2,0,1,1,1,31
20240124-W-Australian_Open-QF-Anna_Kalinskaya-Qinwen_Zheng,Anna Kalinskaya,Approach,1,0,0,0,0,0,1,10
20240124-W-Australian_Open-QF-Anna_Kalinskaya-Qinwen_Zheng,Anna Kalinskaya,NetPointsRallies,5,2,2,0,1,1,1,31
20240124-W-Australian_Open-QF-Anna_Kalinskaya-Qinwen_Zheng,Anna Kalinskaya,ApproachRallies,1,0,0,0,0,0,1,10
20240124-W-Australian_Open-QF-Anna_Kalinskaya-Qinwen_Zheng,Qinwen Zheng,NetPoints,12,11,9,2,0,1,0,65
20240124-W-Australian_Open-QF-Anna_Kalinskaya-Qinwen_Zheng,Qinwen Zheng,Approach,4,3,3,0,0,1,0,27
20240124-W-Australian_Open-QF-Anna_Kalinskaya-Qinwen_Zheng,Qinwen Zheng,NetPointsRallies,12,11,9,2,0,1,0,65
20240124-W-Australian_Open-QF-Anna_Kalinskaya-Qinwen_Zheng,Qinwen Zheng,ApproachRallies,4,3,3,0,0,1,0,27
20240122-W-Australian_Open-R16-Qinwen_Zheng-Oceane_Dodin,Qinwen Zheng,NetPoints,1,1,1,0,0,0,0,3
20240122-W-Australian_Open-R16-Qinwen_Zheng-Oceane_Dodin,Qinwen Zheng,Approach,1,1,1,0,0,0,0,3
20240122-W-Australian_Open-R16-Qinwen_Zheng-Oceane_Dodin,Qinwen Zheng,NetPointsRallies,1,1,1,0,0,0,0,3
20240122-W-Australian_Open-R16-Qinwen_Zheng-Oceane_Dodin,Qinwen Zheng,ApproachRallies,1,1,1,0,0,0,0,3
20240122-W-Australian_Open-R16-Qinwen_Zheng-Oceane_Dodin,Oceane Dodin,NetPoints,1,0,0,0,1,0,0,3
20240122-W-Australian_Open-R16-Qinwen_Zheng-Oceane_Dodin,Oceane Dodin,Approach,1,0,0,0,1,0,0,3
20240122-W-Australian_Open-R16-Qinwen_Zheng-Oceane_Dodin,Oceane Dodin,NetPointsRallies,1,0,0,0,1,0,0,3
20240122-W-Australian_Open-R16-Qinwen_Zheng-Oceane_Dodin,Oceane Dodin,ApproachRallies,1,0,0,0,1,0,0,3
20240121-W-Australian_Open-R16-Dayana_Yastremska-Victoria_Azarenka,Dayana Yastremska,NetPoints,14,13,11,2,0,0,1,94
20240121-W-Australian_Open-R16-Dayana_Yastremska-Victoria_Azarenka,Dayana Yastremska,Approach,5,4,3,1,0,0,1,29
20240121-W-Australian_Open-R16-Dayana_Yastremska-Victoria_Azarenka,Dayana Yastremska,NetPointsRallies,14,13,11,2,0,0,1,94
20240121-W-Australian_Open-R16-Dayana_Yastremska-Victoria_Azarenka,Dayana Yastremska,ApproachRallies,5,4,3,1,0,0,1,29
20240121-W-Australian_Open-R16-Dayana_Yastremska-Victoria_Azarenka,Victoria Azarenka,NetPoints,10,6,5,1,1,2,1,49
20240121-W-Australian_Open-R16-Dayana_Yastremska-Victoria_Azarenka,Victoria Azarenka,Approach,5,3,2,1,0,1,1,21
20240121-W-Australian_Open-R16-Dayana_Yastremska-Victoria_Azarenka,Victoria Azarenka,NetPointsRallies,10,6,5,1,1,2,1,49
20240121-W-Australian_Open-R16-Dayana_Yastremska-Victoria_Azarenka,Victoria Azarenka,ApproachRallies,5,3,2,1,0,1,1,21
20240120-W-Australian_Open-R32-Victoria_Azarenka-Jelena_Ostapenko,Victoria Azarenka,NetPoints,8,4,3,1,2,2,0,29
20240120-W-Australian_Open-R32-Victoria_Azarenka-Jelena_Ostapenko,Victoria Azarenka,Approach,5,2,1,1,2,1,0,17
20240120-W-Australian_Open-R32-Victoria_Azarenka-Jelena_Ostapenko,Victoria Azarenka,NetPointsRallies,8,4,3,1,2,2,0,29
20240120-W-Australian_Open-R32-Victoria_Azarenka-Jelena_Ostapenko,Victoria Azarenka,ApproachRallies,5,2,1,1,2,1,0,17
20240120-W-Australian_Open-R32-Victoria_Azarenka-Jelena_Ostapenko,Jelena Ostapenko,NetPoints,6,5,5,0,1,0,0,34
20240120-W-Australian_Open-R32-Victoria_Azarenka-Jelena_Ostapenko,Jelena Ostapenko,Approach,2,1,1,0,1,0,0,11
20240120-W-Australian_Open-R32-Victoria_Azarenka-Jelena_Ostapenko,Jelena Ostapenko,NetPointsRallies,6,5,5,0,1,0,0,34
20240120-W-Australian_Open-R32-Victoria_Azarenka-Jelena_Ostapenko,Jelena Ostapenko,ApproachRallies,2,1,1,0,1,0,0,11
20240120-W-Australian_Open-R32-Sloane_Stephens-Anna_Kalinskaya,Sloane Stephens,NetPoints,28,22,14,7,0,5,1,227
20240120-W-Australian_Open-R32-Sloane_Stephens-Anna_Kalinskaya,Sloane Stephens,Approach,16,12,7,4,0,3,1,121
20240120-W-Australian_Open-R32-Sloane_Stephens-Anna_Kalinskaya,Sloane Stephens,NetPointsRallies,28,22,14,7,0,5,1,227
20240120-W-Australian_Open-R32-Sloane_Stephens-Anna_Kalinskaya,Sloane Stephens,ApproachRallies,16,12,7,4,0,3,1,121
20240120-W-Australian_Open-R32-Sloane_Stephens-Anna_Kalinskaya,Anna Kalinskaya,NetPoints,24,15,12,3,2,4,3,186
20240120-W-Australian_Open-R32-Sloane_Stephens-Anna_Kalinskaya,Anna Kalinskaya,Approach,6,3,3,0,1,1,1,40
20240120-W-Australian_Open-R32-Sloane_Stephens-Anna_Kalinskaya,Anna Kalinskaya,NetPointsRallies,24,15,12,3,2,4,3,186
20240120-W-Australian_Open-R32-Sloane_Stephens-Anna_Kalinskaya,Anna Kalinskaya,ApproachRallies,6,3,3,0,1,1,1,40
20240120-W-Australian_Open-R32-Iga_Swiatek-Linda_Noskova,Iga Swiatek,NetPoints,10,6,5,1,0,1,3,69
20240120-W-Australian_Open-R32-Iga_Swiatek-Linda_Noskova,Iga Swiatek,Approach,6,4,3,1,0,1,1,37
20240120-W-Australian_Open-R32-Iga_Swiatek-Linda_Noskova,Iga Swiatek,NetPointsRallies,10,6,5,1,0,1,3,69
20240120-W-Australian_Open-R32-Iga_Swiatek-Linda_Noskova,Iga Swiatek,ApproachRallies,6,4,3,1,0,1,1,37
20240120-W-Australian_Open-R32-Iga_Swiatek-Linda_Noskova,Linda Noskova,NetPoints,7,5,3,2,1,1,0,37
20240120-W-Australian_Open-R32-Iga_Swiatek-Linda_Noskova,Linda Noskova,Approach,6,4,2,2,1,1,0,32
20240120-W-Australian_Open-R32-Iga_Swiatek-Linda_Noskova,Linda Noskova,NetPointsRallies,7,5,3,2,1,1,0,37
20240120-W-Australian_Open-R32-Iga_Swiatek-Linda_Noskova,Linda Noskova,ApproachRallies,6,4,2,2,1,1,0,32
20240120-W-Australian_Open-R16-Marta_Kostyuk-Maria_Timofeeva,Marta Kostyuk,NetPoints,30,23,16,5,2,4,1,214
20240120-W-Australian_Open-R16-Marta_Kostyuk-Maria_Timofeeva,Marta Kostyuk,Approach,17,13,9,3,2,1,1,127
20240120-W-Australian_Open-R16-Marta_Kostyuk-Maria_Timofeeva,Marta Kostyuk,NetPointsRallies,29,22,15,5,2,4,1,211
20240120-W-Australian_Open-R16-Marta_Kostyuk-Maria_Timofeeva,Marta Kostyuk,ApproachRallies,16,12,8,3,2,1,1,124
20240120-W-Australian_Open-R16-Marta_Kostyuk-Maria_Timofeeva,Maria Timofeeva,NetPoints,13,9,6,2,4,0,0,87
20240120-W-Australian_Open-R16-Marta_Kostyuk-Maria_Timofeeva,Maria Timofeeva,Approach,2,1,1,0,1,0,0,13
20240120-W-Australian_Open-R16-Marta_Kostyuk-Maria_Timofeeva,Maria Timofeeva,NetPointsRallies,13,9,6,2,4,0,0,87
20240120-W-Australian_Open-R16-Marta_Kostyuk-Maria_Timofeeva,Maria Timofeeva,ApproachRallies,2,1,1,0,1,0,0,13
20240120-W-Australian_Open-R16-Magdalena_Frech-Coco_Gauff,Magdalena Frech,NetPoints,6,3,1,1,1,2,0,56
20240120-W-Australian_Open-R16-Magdalena_Frech-Coco_Gauff,Magdalena Frech,Approach,3,2,0,1,0,1,0,26
20240120-W-Australian_Open-R16-Magdalena_Frech-Coco_Gauff,Magdalena Frech,NetPointsRallies,6,3,1,1,1,2,0,56
20240120-W-Australian_Open-R16-Magdalena_Frech-Coco_Gauff,Magdalena Frech,ApproachRallies,3,2,0,1,0,1,0,26
20240120-W-Australian_Open-R16-Magdalena_Frech-Coco_Gauff,Coco Gauff,NetPoints,19,15,9,4,1,2,1,130
20240120-W-Australian_Open-R16-Magdalena_Frech-Coco_Gauff,Coco Gauff,Approach,7,6,3,2,1,0,0,29
20240120-W-Australian_Open-R16-Magdalena_Frech-Coco_Gauff,Coco Gauff,NetPointsRallies,19,15,9,4,1,2,1,130
20240120-W-Australian_Open-R16-Magdalena_Frech-Coco_Gauff,Coco Gauff,ApproachRallies,7,6,3,2,1,0,0,29
20240119-W-Australian_Open-R32-Yafan_Wang-Qinwen_Zheng,Yafan Wang,NetPoints,16,10,7,2,2,1,2,132
20240119-W-Australian_Open-R32-Yafan_Wang-Qinwen_Zheng,Yafan Wang,Approach,5,4,3,0,0,1,0,48
20240119-W-Australian_Open-R32-Yafan_Wang-Qinwen_Zheng,Yafan Wang,NetPointsRallies,16,10,7,2,2,1,2,132
20240119-W-Australian_Open-R32-Yafan_Wang-Qinwen_Zheng,Yafan Wang,ApproachRallies,5,4,3,0,0,1,0,48
20240119-W-Australian_Open-R32-Yafan_Wang-Qinwen_Zheng,Qinwen Zheng,NetPoints,17,12,9,3,2,2,1,102
20240119-W-Australian_Open-R32-Yafan_Wang-Qinwen_Zheng,Qinwen Zheng,Approach,4,2,2,0,0,1,1,32
20240119-W-Australian_Open-R32-Yafan_Wang-Qinwen_Zheng,Qinwen Zheng,NetPointsRallies,17,12,9,3,2,2,1,102
20240119-W-Australian_Open-R32-Yafan_Wang-Qinwen_Zheng,Qinwen Zheng,ApproachRallies,4,2,2,0,0,1,1,32
20240119-W-Australian_Open-R32-Oceane_Dodin-Clara_Burel,Oceane Dodin,NetPoints,19,10,8,2,4,3,2,108
20240119-W-Australian_Open-R32-Oceane_Dodin-Clara_Burel,Oceane Dodin,Approach,7,4,2,2,2,1,0,43
20240119-W-Australian_Open-R32-Oceane_Dodin-Clara_Burel,Oceane Dodin,NetPointsRallies,19,10,8,2,4,3,2,108
20240119-W-Australian_Open-R32-Oceane_Dodin-Clara_Burel,Oceane Dodin,ApproachRallies,7,4,2,2,2,1,0,43
20240119-W-Australian_Open-R32-Oceane_Dodin-Clara_Burel,Clara Burel,NetPoints,5,4,2,2,0,1,0,40
20240119-W-Australian_Open-R32-Oceane_Dodin-Clara_Burel,Clara Burel,Approach,1,0,0,0,0,1,0,4
20240119-W-Australian_Open-R32-Oceane_Dodin-Clara_Burel,Clara Burel,NetPointsRallies,5,4,2,2,0,1,0,40
20240119-W-Australian_Open-R32-Oceane_Dodin-Clara_Burel,Clara Burel,ApproachRallies,1,0,0,0,0,1,0,4
20240119-W-Australian_Open-R32-Jasmine_Paolini-Anna_Blinkova,Jasmine Paolini,NetPoints,9,7,4,3,2,0,0,60
20240119-W-Australian_Open-R32-Jasmine_Paolini-Anna_Blinkova,Jasmine Paolini,Approach,3,3,2,1,0,0,0,14
20240119-W-Australian_Open-R32-Jasmine_Paolini-Anna_Blinkova,Jasmine Paolini,NetPointsRallies,9,7,4,3,2,0,0,60
20240119-W-Australian_Open-R32-Jasmine_Paolini-Anna_Blinkova,Jasmine Paolini,ApproachRallies,3,3,2,1,0,0,0,14
20240119-W-Australian_Open-R32-Jasmine_Paolini-Anna_Blinkova,Anna Blinkova,NetPoints,11,6,3,2,2,1,2,75
20240119-W-Australian_Open-R32-Jasmine_Paolini-Anna_Blinkova,Anna Blinkova,Approach,7,4,1,2,0,1,2,45
20240119-W-Australian_Open-R32-Jasmine_Paolini-Anna_Blinkova,Anna Blinkova,NetPointsRallies,11,6,3,2,2,1,2,75
20240119-W-Australian_Open-R32-Jasmine_Paolini-Anna_Blinkova,Anna Blinkova,ApproachRallies,7,4,1,2,0,1,2,45
20240119-W-Australian_Open-R32-Diane_Parry-Mirra_Andreeva,Diane Parry,NetPoints,32,21,10,10,3,8,0,242
20240119-W-Australian_Open-R32-Diane_Parry-Mirra_Andreeva,Diane Parry,Approach,19,12,5,6,1,6,0,140
20240119-W-Australian_Open-R32-Diane_Parry-Mirra_Andreeva,Diane Parry,NetPointsRallies,31,21,10,10,3,7,0,238
20240119-W-Australian_Open-R32-Diane_Parry-Mirra_Andreeva,Diane Parry,ApproachRallies,18,12,5,6,1,5,0,136
20240119-W-Australian_Open-R32-Diane_Parry-Mirra_Andreeva,Mirra Andreeva,NetPoints,18,12,8,4,3,1,2,135
20240119-W-Australian_Open-R32-Diane_Parry-Mirra_Andreeva,Mirra Andreeva,Approach,10,6,3,3,1,1,2,45
20240119-W-Australian_Open-R32-Diane_Parry-Mirra_Andreeva,Mirra Andreeva,NetPointsRallies,18,12,8,4,3,1,2,135
20240119-W-Australian_Open-R32-Diane_Parry-Mirra_Andreeva,Mirra Andreeva,ApproachRallies,10,6,3,3,1,1,2,45
20240118-W-Australian_Open-R64-Katie_Boulter-Qinwen_Zheng,Katie Boulter,NetPoints,11,8,5,2,2,1,0,69
20240118-W-Australian_Open-R64-Katie_Boulter-Qinwen_Zheng,Katie Boulter,Approach,5,3,1,2,2,0,0,27
20240118-W-Australian_Open-R64-Katie_Boulter-Qinwen_Zheng,Katie Boulter,NetPointsRallies,11,8,5,2,2,1,0,69
20240118-W-Australian_Open-R64-Katie_Boulter-Qinwen_Zheng,Katie Boulter,ApproachRallies,5,3,1,2,2,0,0,27
20240118-W-Australian_Open-R64-Katie_Boulter-Qinwen_Zheng,Qinwen Zheng,NetPoints,5,3,3,0,1,1,0,28
20240118-W-Australian_Open-R64-Katie_Boulter-Qinwen_Zheng,Qinwen Zheng,Approach,1,0,0,0,1,0,0,7
20240118-W-Australian_Open-R64-Katie_Boulter-Qinwen_Zheng,Qinwen Zheng,NetPointsRallies,5,3,3,0,1,1,0,28
20240118-W-Australian_Open-R64-Katie_Boulter-Qinwen_Zheng,Qinwen Zheng,ApproachRallies,1,0,0,0,1,0,0,7
20240118-W-Australian_Open-R64-Elena_Rybakina-Anna_Blinkova,Elena Rybakina,NetPoints,21,12,9,3,4,2,3,107
20240118-W-Australian_Open-R64-Elena_Rybakina-Anna_Blinkova,Elena Rybakina,Approach,11,4,1,3,2,2,3,60
20240118-W-Australian_Open-R64-Elena_Rybakina-Anna_Blinkova,Elena Rybakina,NetPointsRallies,21,12,9,3,4,2,3,107
20240118-W-Australian_Open-R64-Elena_Rybakina-Anna_Blinkova,Elena Rybakina,ApproachRallies,11,4,1,3,2,2,3,60
20240118-W-Australian_Open-R64-Elena_Rybakina-Anna_Blinkova,Anna Blinkova,NetPoints,16,11,8,3,2,2,1,109
20240118-W-Australian_Open-R64-Elena_Rybakina-Anna_Blinkova,Anna Blinkova,Approach,11,8,6,2,1,1,1,67
20240118-W-Australian_Open-R64-Elena_Rybakina-Anna_Blinkova,Anna Blinkova,NetPointsRallies,16,11,8,3,2,2,1,109
20240118-W-Australian_Open-R64-Elena_Rybakina-Anna_Blinkova,Anna Blinkova,ApproachRallies,11,8,6,2,1,1,1,67
20240118-W-Australian_Open-R64-Danielle_Collins-Iga_Swiatek,Danielle Collins,NetPoints,14,9,7,1,1,3,1,80
20240118-W-Australian_Open-R64-Danielle_Collins-Iga_Swiatek,Danielle Collins,Approach,10,6,5,0,1,2,1,59
20240118-W-Australian_Open-R64-Danielle_Collins-Iga_Swiatek,Danielle Collins,NetPointsRallies,14,9,7,1,1,3,1,80
20240118-W-Australian_Open-R64-Danielle_Collins-Iga_Swiatek,Danielle Collins,ApproachRallies,10,6,5,0,1,2,1,59
20240118-W-Australian_Open-R64-Danielle_Collins-Iga_Swiatek,Iga Swiatek,NetPoints,16,13,8,3,2,1,0,131
20240118-W-Australian_Open-R64-Danielle_Collins-Iga_Swiatek,Iga Swiatek,Approach,11,9,4,3,2,0,0,86
20240118-W-Australian_Open-R64-Danielle_Collins-Iga_Swiatek,Iga Swiatek,NetPointsRallies,16,13,8,3,2,1,0,131
20240118-W-Australian_Open-R64-Danielle_Collins-Iga_Swiatek,Iga Swiatek,ApproachRallies,11,9,4,3,2,0,0,86
20240118-W-Australian_Open-R64-Clara_Burel-Jessica_Pegula,Clara Burel,NetPoints,8,8,7,1,0,0,0,46
20240118-W-Australian_Open-R64-Clara_Burel-Jessica_Pegula,Clara Burel,NetPointsRallies,8,8,7,1,0,0,0,46
20240118-W-Australian_Open-R64-Clara_Burel-Jessica_Pegula,Jessica Pegula,NetPoints,12,7,4,3,0,2,2,103
20240118-W-Australian_Open-R64-Clara_Burel-Jessica_Pegula,Jessica Pegula,Approach,6,4,1,3,0,1,1,39
20240118-W-Australian_Open-R64-Clara_Burel-Jessica_Pegula,Jessica Pegula,NetPointsRallies,12,7,4,3,0,2,2,103
20240118-W-Australian_Open-R64-Clara_Burel-Jessica_Pegula,Jessica Pegula,ApproachRallies,6,4,1,3,0,1,1,39
20240117-W-Australian_Open-R64-Ons_Jabeur-Mirra_Andreeva,Ons Jabeur,NetPoints,13,6,4,1,3,3,1,91
20240117-W-Australian_Open-R64-Ons_Jabeur-Mirra_Andreeva,Ons Jabeur,Approach,9,5,3,1,1,2,1,56
20240117-W-Australian_Open-R64-Ons_Jabeur-Mirra_Andreeva,Ons Jabeur,NetPointsRallies,13,6,4,1,3,3,1,91
20240117-W-Australian_Open-R64-Ons_Jabeur-Mirra_Andreeva,Ons Jabeur,ApproachRallies,9,5,3,1,1,2,1,56
20240117-W-Australian_Open-R64-Ons_Jabeur-Mirra_Andreeva,Mirra Andreeva,NetPoints,7,4,3,0,1,1,0,44
20240117-W-Australian_Open-R64-Ons_Jabeur-Mirra_Andreeva,Mirra Andreeva,Approach,1,1,0,0,0,0,0,11
20240117-W-Australian_Open-R64-Ons_Jabeur-Mirra_Andreeva,Mirra Andreeva,NetPointsRallies,7,4,3,0,1,1,0,44
20240117-W-Australian_Open-R64-Ons_Jabeur-Mirra_Andreeva,Mirra Andreeva,ApproachRallies,1,1,0,0,0,0,0,11
20240117-W-Australian_Open-R64-Marta_Kostyuk-Elise_Mertens,Marta Kostyuk,NetPoints,40,35,26,9,0,1,2,305
20240117-W-Australian_Open-R64-Marta_Kostyuk-Elise_Mertens,Marta Kostyuk,Approach,28,27,18,9,0,0,1,216
20240117-W-Australian_Open-R64-Marta_Kostyuk-Elise_Mertens,Marta Kostyuk,NetPointsRallies,40,35,26,9,0,1,2,305
20240117-W-Australian_Open-R64-Marta_Kostyuk-Elise_Mertens,Marta Kostyuk,ApproachRallies,28,27,18,9,0,0,1,216
20240117-W-Australian_Open-R64-Marta_Kostyuk-Elise_Mertens,Elise Mertens,NetPoints,44,26,14,9,4,8,3,408
20240117-W-Australian_Open-R64-Marta_Kostyuk-Elise_Mertens,Elise Mertens,Approach,22,13,6,5,2,4,1,185
20240117-W-Australian_Open-R64-Marta_Kostyuk-Elise_Mertens,Elise Mertens,NetPointsRallies,44,26,14,9,4,8,3,408
20240117-W-Australian_Open-R64-Marta_Kostyuk-Elise_Mertens,Elise Mertens,ApproachRallies,22,13,6,5,2,4,1,185
20240117-W-Australian_Open-R64-Beatriz_Haddad_Maia-Alina_Korneeva,Beatriz Haddad Maia,NetPoints,11,7,4,2,1,2,1,103
20240117-W-Australian_Open-R64-Beatriz_Haddad_Maia-Alina_Korneeva,Beatriz Haddad Maia,Approach,6,4,2,2,0,1,1,68
20240117-W-Australian_Open-R64-Beatriz_Haddad_Maia-Alina_Korneeva,Beatriz Haddad Maia,NetPointsRallies,11,7,4,2,1,2,1,103
20240117-W-Australian_Open-R64-Beatriz_Haddad_Maia-Alina_Korneeva,Beatriz Haddad Maia,ApproachRallies,6,4,2,2,0,1,1,68
20240117-W-Australian_Open-R64-Beatriz_Haddad_Maia-Alina_Korneeva,Alina Korneeva,NetPoints,6,3,2,0,2,0,1,64
20240117-W-Australian_Open-R64-Beatriz_Haddad_Maia-Alina_Korneeva,Alina Korneeva,Approach,3,2,1,0,0,0,1,38
20240117-W-Australian_Open-R64-Beatriz_Haddad_Maia-Alina_Korneeva,Alina Korneeva,NetPointsRallies,6,3,2,0,2,0,1,64
20240117-W-Australian_Open-R64-Beatriz_Haddad_Maia-Alina_Korneeva,Alina Korneeva,ApproachRallies,3,2,1,0,0,0,1,38
20240116-W-Australian_Open-R64-Coco_Gauff-Caroline_Dolehide,Coco Gauff,NetPoints,23,18,11,3,3,1,1,149
20240116-W-Australian_Open-R64-Coco_Gauff-Caroline_Dolehide,Coco Gauff,Approach,12,9,5,1,1,1,1,73
20240116-W-Australian_Open-R64-Coco_Gauff-Caroline_Dolehide,Coco Gauff,NetPointsRallies,23,18,11,3,3,1,1,149
20240116-W-Australian_Open-R64-Coco_Gauff-Caroline_Dolehide,Coco Gauff,ApproachRallies,12,9,5,1,1,1,1,73
20240116-W-Australian_Open-R64-Coco_Gauff-Caroline_Dolehide,Caroline Dolehide,NetPoints,11,5,4,1,2,1,3,91
20240116-W-Australian_Open-R64-Coco_Gauff-Caroline_Dolehide,Caroline Dolehide,Approach,4,1,1,0,1,1,1,30
20240116-W-Australian_Open-R64-Coco_Gauff-Caroline_Dolehide,Caroline Dolehide,NetPointsRallies,11,5,4,1,2,1,3,91
20240116-W-Australian_Open-R64-Coco_Gauff-Caroline_Dolehide,Caroline Dolehide,ApproachRallies,4,1,1,0,1,1,1,30
20240116-W-Australian_Open-R128-Iga_Swiatek-Sofia_Kenin,Iga Swiatek,NetPoints,12,10,7,1,2,0,0,67
20240116-W-Australian_Open-R128-Iga_Swiatek-Sofia_Kenin,Iga Swiatek,Approach,6,6,4,0,0,0,0,30
20240116-W-Australian_Open-R128-Iga_Swiatek-Sofia_Kenin,Iga Swiatek,NetPointsRallies,12,10,7,1,2,0,0,67
20240116-W-Australian_Open-R128-Iga_Swiatek-Sofia_Kenin,Iga Swiatek,ApproachRallies,6,6,4,0,0,0,0,30
20240116-W-Australian_Open-R128-Iga_Swiatek-Sofia_Kenin,Sofia Kenin,NetPoints,1,1,1,0,0,0,0,4
20240116-W-Australian_Open-R128-Iga_Swiatek-Sofia_Kenin,Sofia Kenin,NetPointsRallies,1,1,1,0,0,0,0,4
20240116-W-Australian_Open-R128-Emma_Raducanu-Shelby_Rogers,Emma Raducanu,NetPoints,8,6,6,0,1,1,0,49
20240116-W-Australian_Open-R128-Emma_Raducanu-Shelby_Rogers,Emma Raducanu,Approach,2,2,2,0,0,0,0,18
20240116-W-Australian_Open-R128-Emma_Raducanu-Shelby_Rogers,Emma Raducanu,NetPointsRallies,8,6,6,0,1,1,0,49
20240116-W-Australian_Open-R128-Emma_Raducanu-Shelby_Rogers,Emma Raducanu,ApproachRallies,2,2,2,0,0,0,0,18
20240116-W-Australian_Open-R128-Emma_Raducanu-Shelby_Rogers,Shelby Rogers,NetPoints,8,6,4,2,1,1,0,46
20240116-W-Australian_Open-R128-Emma_Raducanu-Shelby_Rogers,Shelby Rogers,Approach,6,5,3,2,0,1,0,29
20240116-W-Australian_Open-R128-Emma_Raducanu-Shelby_Rogers,Shelby Rogers,NetPointsRallies,8,6,4,2,1,1,0,46
20240116-W-Australian_Open-R128-Emma_Raducanu-Shelby_Rogers,Shelby Rogers,ApproachRallies,6,5,3,2,0,1,0,29
20240115-W-Australian_Open-R128-Linda_Noskova-Marie_Bouzkova,Linda Noskova,NetPoints,17,13,12,1,1,2,1,106
20240115-W-Australian_Open-R128-Linda_Noskova-Marie_Bouzkova,Linda Noskova,Approach,9,6,5,1,1,1,1,53
20240115-W-Australian_Open-R128-Linda_Noskova-Marie_Bouzkova,Linda Noskova,NetPointsRallies,17,13,12,1,1,2,1,106
20240115-W-Australian_Open-R128-Linda_Noskova-Marie_Bouzkova,Linda Noskova,ApproachRallies,9,6,5,1,1,1,1,53
20240115-W-Australian_Open-R128-Linda_Noskova-Marie_Bouzkova,Marie Bouzkova,NetPoints,11,9,7,2,0,2,0,90
20240115-W-Australian_Open-R128-Linda_Noskova-Marie_Bouzkova,Marie Bouzkova,Approach,5,5,4,1,0,0,0,37
20240115-W-Australian_Open-R128-Linda_Noskova-Marie_Bouzkova,Marie Bouzkova,NetPointsRallies,11,9,7,2,0,2,0,90
20240115-W-Australian_Open-R128-Linda_Noskova-Marie_Bouzkova,Marie Bouzkova,ApproachRallies,5,5,4,1,0,0,0,37
20240115-W-Australian_Open-R128-Arantxa_Rus-Anhelina_Kalinina,Arantxa Rus,NetPoints,10,8,5,2,0,0,2,59
20240115-W-Australian_Open-R128-Arantxa_Rus-Anhelina_Kalinina,Arantxa Rus,Approach,5,3,2,1,0,0,2,36
20240115-W-Australian_Open-R128-Arantxa_Rus-Anhelina_Kalinina,Arantxa Rus,NetPointsRallies,10,8,5,2,0,0,2,59
20240115-W-Australian_Open-R128-Arantxa_Rus-Anhelina_Kalinina,Arantxa Rus,ApproachRallies,5,3,2,1,0,0,2,36
20240115-W-Australian_Open-R128-Arantxa_Rus-Anhelina_Kalinina,Anhelina Kalinina,NetPoints,4,2,1,1,1,0,1,29
20240115-W-Australian_Open-R128-Arantxa_Rus-Anhelina_Kalinina,Anhelina Kalinina,Approach,2,1,0,1,0,0,1,9
20240115-W-Australian_Open-R128-Arantxa_Rus-Anhelina_Kalinina,Anhelina Kalinina,NetPointsRallies,4,2,1,1,1,0,1,29
20240115-W-Australian_Open-R128-Arantxa_Rus-Anhelina_Kalinina,Anhelina Kalinina,ApproachRallies,2,1,0,1,0,0,1,9
20240114-W-Australian_Open-R128-Fiona_Ferro-Mccartney_Kessler,Fiona Ferro,NetPoints,7,6,6,0,1,0,0,46
20240114-W-Australian_Open-R128-Fiona_Ferro-Mccartney_Kessler,Fiona Ferro,Approach,2,2,2,0,0,0,0,11
20240114-W-Australian_Open-R128-Fiona_Ferro-Mccartney_Kessler,Fiona Ferro,NetPointsRallies,7,6,6,0,1,0,0,46
20240114-W-Australian_Open-R128-Fiona_Ferro-Mccartney_Kessler,Fiona Ferro,ApproachRallies,2,2,2,0,0,0,0,11
20240114-W-Australian_Open-R128-Fiona_Ferro-Mccartney_Kessler,Mccartney Kessler,NetPoints,8,5,2,2,1,1,1,47
20240114-W-Australian_Open-R128-Fiona_Ferro-Mccartney_Kessler,Mccartney Kessler,Approach,2,1,0,1,1,0,0,5
20240114-W-Australian_Open-R128-Fiona_Ferro-Mccartney_Kessler,Mccartney Kessler,NetPointsRallies,8,5,2,2,1,1,1,47
20240114-W-Australian_Open-R128-Fiona_Ferro-Mccartney_Kessler,Mccartney Kessler,ApproachRallies,2,1,0,1,1,0,0,5
20240114-W-Australian_Open-R128-Elina_Avanesyan-Zhuoxuan_Bai,Elina Avanesyan,NetPoints,13,9,8,1,0,3,1,121
20240114-W-Australian_Open-R128-Elina_Avanesyan-Zhuoxuan_Bai,Elina Avanesyan,Approach,6,5,4,1,0,1,0,54
20240114-W-Australian_Open-R128-Elina_Avanesyan-Zhuoxuan_Bai,Elina Avanesyan,NetPointsRallies,13,9,8,1,0,3,1,121
20240114-W-Australian_Open-R128-Elina_Avanesyan-Zhuoxuan_Bai,Elina Avanesyan,ApproachRallies,6,5,4,1,0,1,0,54
20240114-W-Australian_Open-R128-Elina_Avanesyan-Zhuoxuan_Bai,Zhuoxuan Bai,NetPoints,19,10,8,2,4,4,1,167
20240114-W-Australian_Open-R128-Elina_Avanesyan-Zhuoxuan_Bai,Zhuoxuan Bai,Approach,14,7,5,2,3,3,1,129
20240114-W-Australian_Open-R128-Elina_Avanesyan-Zhuoxuan_Bai,Zhuoxuan Bai,NetPointsRallies,19,10,8,2,4,4,1,167
20240114-W-Australian_Open-R128-Elina_Avanesyan-Zhuoxuan_Bai,Zhuoxuan Bai,ApproachRallies,14,7,5,2,3,3,1,129
20240114-W-Australian_Open-R128-Coco_Gauff-Anna_Karolina_Schmiedlova,Coco Gauff,NetPoints,5,2,2,0,3,0,0,19
20240114-W-Australian_Open-R128-Coco_Gauff-Anna_Karolina_Schmiedlova,Coco Gauff,Approach,2,1,1,0,1,0,0,12
20240114-W-Australian_Open-R128-Coco_Gauff-Anna_Karolina_Schmiedlova,Coco Gauff,NetPointsRallies,5,2,2,0,3,0,0,19
20240114-W-Australian_Open-R128-Coco_Gauff-Anna_Karolina_Schmiedlova,Coco Gauff,ApproachRallies,2,1,1,0,1,0,0,12
20240114-W-Australian_Open-R128-Coco_Gauff-Anna_Karolina_Schmiedlova,Anna Karolina Schmiedlova,NetPoints,5,2,2,0,2,1,0,27
20240114-W-Australian_Open-R128-Coco_Gauff-Anna_Karolina_Schmiedlova,Anna Karolina Schmiedlova,Approach,2,0,0,0,1,1,0,8
20240114-W-Australian_Open-R128-Coco_Gauff-Anna_Karolina_Schmiedlova,Anna Karolina Schmiedlova,NetPointsRallies,5,2,2,0,2,1,0,27
20240114-W-Australian_Open-R128-Coco_Gauff-Anna_Karolina_Schmiedlova,Anna Karolina Schmiedlova,ApproachRallies,2,0,0,0,1,1,0,8
20240114-W-Australian_Open-R128-Alina_Korneeva-Sara_Sorribes_Tormo,Alina Korneeva,NetPoints,41,29,18,11,2,6,3,317
20240114-W-Australian_Open-R128-Alina_Korneeva-Sara_Sorribes_Tormo,Alina Korneeva,Approach,27,17,8,9,2,4,3,194
20240114-W-Australian_Open-R128-Alina_Korneeva-Sara_Sorribes_Tormo,Alina Korneeva,NetPointsRallies,41,29,18,11,2,6,3,317
20240114-W-Australian_Open-R128-Alina_Korneeva-Sara_Sorribes_Tormo,Alina Korneeva,ApproachRallies,27,17,8,9,2,4,3,194
20240114-W-Australian_Open-R128-Alina_Korneeva-Sara_Sorribes_Tormo,Sara Sorribes Tormo,NetPoints,17,13,9,4,0,1,3,150
20240114-W-Australian_Open-R128-Alina_Korneeva-Sara_Sorribes_Tormo,Sara Sorribes Tormo,Approach,7,4,2,2,0,0,3,53
20240114-W-Australian_Open-R128-Alina_Korneeva-Sara_Sorribes_Tormo,Sara Sorribes Tormo,NetPointsRallies,17,13,9,4,0,1,3,150
20240114-W-Australian_Open-R128-Alina_Korneeva-Sara_Sorribes_Tormo,Sara Sorribes Tormo,ApproachRallies,7,4,2,2,0,0,3,53
20240112-W-Australian_Open-Q3-Maya_Joint-Dayana_Yastremska,Maya Joint,NetPoints,1,0,0,0,0,0,0,6
20240112-W-Australian_Open-Q3-Maya_Joint-Dayana_Yastremska,Maya Joint,Approach,1,0,0,0,0,0,0,6
20240112-W-Australian_Open-Q3-Maya_Joint-Dayana_Yastremska,Maya Joint,NetPointsRallies,1,0,0,0,0,0,0,6
20240112-W-Australian_Open-Q3-Maya_Joint-Dayana_Yastremska,Maya Joint,ApproachRallies,1,0,0,0,0,0,0,6
20240112-W-Australian_Open-Q3-Maya_Joint-Dayana_Yastremska,Dayana Yastremska,NetPoints,6,5,5,0,0,0,1,35
20240112-W-Australian_Open-Q3-Maya_Joint-Dayana_Yastremska,Dayana Yastremska,Approach,6,5,5,0,0,0,1,35
20240112-W-Australian_Open-Q3-Maya_Joint-Dayana_Yastremska,Dayana Yastremska,NetPointsRallies,6,5,5,0,0,0,1,35
20240112-W-Australian_Open-Q3-Maya_Joint-Dayana_Yastremska,Dayana Yastremska,ApproachRallies,6,5,5,0,0,0,1,35
20240111-W-Australian_Open-Q3-Anna_Bondar-Alina_Korneeva,Anna Bondar,NetPoints,11,7,2,1,2,1,1,73
20240111-W-Australian_Open-Q3-Anna_Bondar-Alina_Korneeva,Anna Bondar,Approach,8,7,2,1,0,0,1,60
20240111-W-Australian_Open-Q3-Anna_Bondar-Alina_Korneeva,Anna Bondar,NetPointsRallies,11,7,2,1,2,1,1,73
20240111-W-Australian_Open-Q3-Anna_Bondar-Alina_Korneeva,Anna Bondar,ApproachRallies,8,7,2,1,0,0,1,60
20240111-W-Australian_Open-Q3-Anna_Bondar-Alina_Korneeva,Alina Korneeva,NetPoints,13,10,9,1,3,0,0,90
20240111-W-Australian_Open-Q3-Anna_Bondar-Alina_Korneeva,Alina Korneeva,Approach,9,8,7,1,1,0,0,54
20240111-W-Australian_Open-Q3-Anna_Bondar-Alina_Korneeva,Alina Korneeva,NetPointsRallies,13,10,9,1,3,0,0,90
20240111-W-Australian_Open-Q3-Anna_Bondar-Alina_Korneeva,Alina Korneeva,ApproachRallies,9,8,7,1,1,0,0,54
20240111-W-Australian_Open-Q2-Talia_Gibson-Brenda_Fruhvirtova,Talia Gibson,NetPoints,18,13,10,3,0,3,0,136
20240111-W-Australian_Open-Q2-Talia_Gibson-Brenda_Fruhvirtova,Talia Gibson,Approach,9,6,5,1,0,1,0,76
20240111-W-Australian_Open-Q2-Talia_Gibson-Brenda_Fruhvirtova,Talia Gibson,NetPointsRallies,18,13,10,3,0,3,0,136
20240111-W-Australian_Open-Q2-Talia_Gibson-Brenda_Fruhvirtova,Talia Gibson,ApproachRallies,9,6,5,1,0,1,0,76
20240111-W-Australian_Open-Q2-Talia_Gibson-Brenda_Fruhvirtova,Brenda Fruhvirtova,NetPoints,4,3,1,2,1,0,0,24
20240111-W-Australian_Open-Q2-Talia_Gibson-Brenda_Fruhvirtova,Brenda Fruhvirtova,Approach,1,0,0,0,1,0,0,4
20240111-W-Australian_Open-Q2-Talia_Gibson-Brenda_Fruhvirtova,Brenda Fruhvirtova,NetPointsRallies,4,3,1,2,1,0,0,24
20240111-W-Australian_Open-Q2-Talia_Gibson-Brenda_Fruhvirtova,Brenda Fruhvirtova,ApproachRallies,1,0,0,0,1,0,0,4
20240109-W-Australian_Open-Q1-Rebecca_Marino-Ya_Yi_Yang,Rebecca Marino,NetPoints,4,3,1,1,1,0,0,14
20240109-W-Australian_Open-Q1-Rebecca_Marino-Ya_Yi_Yang,Rebecca Marino,Approach,2,1,0,1,1,0,0,7
20240109-W-Australian_Open-Q1-Rebecca_Marino-Ya_Yi_Yang,Rebecca Marino,NetPointsRallies,4,3,1,1,1,0,0,14
20240109-W-Australian_Open-Q1-Rebecca_Marino-Ya_Yi_Yang,Rebecca Marino,ApproachRallies,2,1,0,1,1,0,0,7
20240109-W-Australian_Open-Q1-Rebecca_Marino-Ya_Yi_Yang,Ya Yi Yang,NetPoints,11,5,3,2,5,1,0,61
20240109-W-Australian_Open-Q1-Rebecca_Marino-Ya_Yi_Yang,Ya Yi Yang,Approach,5,2,1,1,2,1,0,36
20240109-W-Australian_Open-Q1-Rebecca_Marino-Ya_Yi_Yang,Ya Yi Yang,NetPointsRallies,11,5,3,2,5,1,0,61
20240109-W-Australian_Open-Q1-Rebecca_Marino-Ya_Yi_Yang,Ya Yi Yang,ApproachRallies,5,2,1,1,2,1,0,36
20240109-W-Australian_Open-Q1-Anna_Bondar-Su_Wei_Hsieh,Anna Bondar,NetPoints,15,12,8,3,1,1,1,87
20240109-W-Australian_Open-Q1-Anna_Bondar-Su_Wei_Hsieh,Anna Bondar,Approach,8,6,2,3,1,0,1,56
20240109-W-Australian_Open-Q1-Anna_Bondar-Su_Wei_Hsieh,Anna Bondar,NetPointsRallies,15,12,8,3,1,1,1,87
20240109-W-Australian_Open-Q1-Anna_Bondar-Su_Wei_Hsieh,Anna Bondar,ApproachRallies,8,6,2,3,1,0,1,56
20240109-W-Australian_Open-Q1-Anna_Bondar-Su_Wei_Hsieh,Su Wei Hsieh,NetPoints,16,9,7,2,2,4,1,115
20240109-W-Australian_Open-Q1-Anna_Bondar-Su_Wei_Hsieh,Su Wei Hsieh,Approach,7,3,2,1,2,2,0,62
20240109-W-Australian_Open-Q1-Anna_Bondar-Su_Wei_Hsieh,Su Wei Hsieh,NetPointsRallies,16,9,7,2,2,4,1,115
20240109-W-Australian_Open-Q1-Anna_Bondar-Su_Wei_Hsieh,Su Wei Hsieh,ApproachRallies,7,3,2,1,2,2,0,62
20230906-W-US_Open-QF-Madison_Keys-Marketa_Vondrousova,Madison Keys,NetPoints,29,14,5,5,7,6,1,184
20230906-W-US_Open-QF-Madison_Keys-Marketa_Vondrousova,Madison Keys,Approach,29,14,5,5,7,6,1,184
20230906-W-US_Open-QF-Madison_Keys-Marketa_Vondrousova,Madison Keys,NetPointsRallies,29,14,5,5,7,6,1,184
20230906-W-US_Open-QF-Madison_Keys-Marketa_Vondrousova,Madison Keys,ApproachRallies,29,14,5,5,7,6,1,184
20230906-W-US_Open-QF-Madison_Keys-Marketa_Vondrousova,Marketa Vondrousova,NetPoints,10,10,4,3,0,0,0,67
20230906-W-US_Open-QF-Madison_Keys-Marketa_Vondrousova,Marketa Vondrousova,Approach,7,7,2,3,0,0,0,47
20230906-W-US_Open-QF-Madison_Keys-Marketa_Vondrousova,Marketa Vondrousova,NetPointsRallies,10,10,4,3,0,0,0,67
20230906-W-US_Open-QF-Madison_Keys-Marketa_Vondrousova,Marketa Vondrousova,ApproachRallies,7,7,2,3,0,0,0,47
20230905-W-US_Open-QF-Sorana_Cirstea-Karolina_Muchova,Sorana Cirstea,NetPoints,26,11,5,6,7,8,0,174
20230905-W-US_Open-QF-Sorana_Cirstea-Karolina_Muchova,Sorana Cirstea,Approach,13,2,1,1,4,7,0,80
20230905-W-US_Open-QF-Sorana_Cirstea-Karolina_Muchova,Sorana Cirstea,NetPointsRallies,26,11,5,6,7,8,0,174
20230905-W-US_Open-QF-Sorana_Cirstea-Karolina_Muchova,Sorana Cirstea,ApproachRallies,13,2,1,1,4,7,0,80
20230905-W-US_Open-QF-Sorana_Cirstea-Karolina_Muchova,Karolina Muchova,NetPoints,21,17,10,6,0,2,0,106
20230905-W-US_Open-QF-Sorana_Cirstea-Karolina_Muchova,Karolina Muchova,Approach,20,16,10,5,0,2,0,103
20230905-W-US_Open-QF-Sorana_Cirstea-Karolina_Muchova,Karolina Muchova,NetPointsRallies,17,15,8,6,0,2,0,94
20230905-W-US_Open-QF-Sorana_Cirstea-Karolina_Muchova,Karolina Muchova,ApproachRallies,16,14,8,5,0,2,0,91
20230905-W-US_Open-QF-Jelena_Ostapenko-Coco_Gauff,Jelena Ostapenko,NetPoints,5,4,3,1,1,0,0,40
20230905-W-US_Open-QF-Jelena_Ostapenko-Coco_Gauff,Jelena Ostapenko,Approach,1,1,1,0,0,0,0,11
20230905-W-US_Open-QF-Jelena_Ostapenko-Coco_Gauff,Jelena Ostapenko,NetPointsRallies,5,4,3,1,1,0,0,40
20230905-W-US_Open-QF-Jelena_Ostapenko-Coco_Gauff,Jelena Ostapenko,ApproachRallies,1,1,1,0,0,0,0,11
20230905-W-US_Open-QF-Jelena_Ostapenko-Coco_Gauff,Coco Gauff,NetPoints,4,2,2,0,1,1,0,31
20230905-W-US_Open-QF-Jelena_Ostapenko-Coco_Gauff,Coco Gauff,Approach,1,1,1,0,0,0,0,4
20230905-W-US_Open-QF-Jelena_Ostapenko-Coco_Gauff,Coco Gauff,NetPointsRallies,4,2,2,0,1,1,0,31
20230905-W-US_Open-QF-Jelena_Ostapenko-Coco_Gauff,Coco Gauff,ApproachRallies,1,1,1,0,0,0,0,4
20230904-W-US_Open-R16-Ons_Jabeur-Qinwen_Zheng,Ons Jabeur,NetPoints,9,5,3,2,2,1,1,55
20230904-W-US_Open-R16-Ons_Jabeur-Qinwen_Zheng,Ons Jabeur,Approach,6,4,3,1,2,0,0,36
20230904-W-US_Open-R16-Ons_Jabeur-Qinwen_Zheng,Ons Jabeur,NetPointsRallies,9,5,3,2,2,1,1,55
20230904-W-US_Open-R16-Ons_Jabeur-Qinwen_Zheng,Ons Jabeur,ApproachRallies,6,4,3,1,2,0,0,36
20230904-W-US_Open-R16-Ons_Jabeur-Qinwen_Zheng,Qinwen Zheng,NetPoints,14,10,7,3,1,2,1,71
20230904-W-US_Open-R16-Ons_Jabeur-Qinwen_Zheng,Qinwen Zheng,Approach,1,1,1,0,0,0,0,4
20230904-W-US_Open-R16-Ons_Jabeur-Qinwen_Zheng,Qinwen Zheng,NetPointsRallies,14,10,7,3,1,2,1,71
20230904-W-US_Open-R16-Ons_Jabeur-Qinwen_Zheng,Qinwen Zheng,ApproachRallies,1,1,1,0,0,0,0,4
20230904-W-US_Open-R16-Madison_Keys-Jessica_Pegula,Madison Keys,NetPoints,17,12,7,3,3,1,1,92
20230904-W-US_Open-R16-Madison_Keys-Jessica_Pegula,Madison Keys,Approach,12,8,3,3,2,1,1,60
20230904-W-US_Open-R16-Madison_Keys-Jessica_Pegula,Madison Keys,NetPointsRallies,17,12,7,3,3,1,1,92
20230904-W-US_Open-R16-Madison_Keys-Jessica_Pegula,Madison Keys,ApproachRallies,12,8,3,3,2,1,1,60
20230904-W-US_Open-R16-Madison_Keys-Jessica_Pegula,Jessica Pegula,NetPoints,8,2,0,1,2,3,1,50
20230904-W-US_Open-R16-Madison_Keys-Jessica_Pegula,Jessica Pegula,Approach,5,2,0,1,1,1,1,29
20230904-W-US_Open-R16-Madison_Keys-Jessica_Pegula,Jessica Pegula,NetPointsRallies,8,2,0,1,2,3,1,50
20230904-W-US_Open-R16-Madison_Keys-Jessica_Pegula,Jessica Pegula,ApproachRallies,5,2,0,1,1,1,1,29
20230903-W-US_Open-R16-Xin_Yu_Wang-Karolina_Muchova,Xin Yu Wang,NetPoints,21,11,5,6,1,6,3,136
20230903-W-US_Open-R16-Xin_Yu_Wang-Karolina_Muchova,Xin Yu Wang,Approach,18,8,2,6,1,6,3,106
20230903-W-US_Open-R16-Xin_Yu_Wang-Karolina_Muchova,Xin Yu Wang,NetPointsRallies,21,11,5,6,1,6,3,136
20230903-W-US_Open-R16-Xin_Yu_Wang-Karolina_Muchova,Xin Yu Wang,ApproachRallies,18,8,2,6,1,6,3,106
20230903-W-US_Open-R16-Xin_Yu_Wang-Karolina_Muchova,Karolina Muchova,NetPoints,28,17,12,4,1,3,2,163
20230903-W-US_Open-R16-Xin_Yu_Wang-Karolina_Muchova,Karolina Muchova,Approach,27,16,11,4,1,3,2,151
20230903-W-US_Open-R16-Xin_Yu_Wang-Karolina_Muchova,Karolina Muchova,NetPointsRallies,24,17,12,4,1,3,2,155
20230903-W-US_Open-R16-Xin_Yu_Wang-Karolina_Muchova,Karolina Muchova,ApproachRallies,23,16,11,4,1,3,2,143
20230903-W-US_Open-R16-Sorana_Cirstea-Belinda_Bencic,Sorana Cirstea,NetPoints,3,3,2,1,0,0,0,17
20230903-W-US_Open-R16-Sorana_Cirstea-Belinda_Bencic,Sorana Cirstea,NetPointsRallies,3,3,2,1,0,0,0,17
20230903-W-US_Open-R16-Sorana_Cirstea-Belinda_Bencic,Belinda Bencic,NetPoints,9,3,1,1,3,2,1,48
20230903-W-US_Open-R16-Sorana_Cirstea-Belinda_Bencic,Belinda Bencic,Approach,4,2,1,1,1,1,0,24
20230903-W-US_Open-R16-Sorana_Cirstea-Belinda_Bencic,Belinda Bencic,NetPointsRallies,9,3,1,1,3,2,1,48
20230903-W-US_Open-R16-Sorana_Cirstea-Belinda_Bencic,Belinda Bencic,ApproachRallies,4,2,1,1,1,1,0,24
20230903-W-US_Open-R16-Coco_Gauff-Caroline_Wozniacki,Coco Gauff,NetPoints,30,23,18,5,0,3,4,212
20230903-W-US_Open-R16-Coco_Gauff-Caroline_Wozniacki,Coco Gauff,Approach,18,12,9,3,0,2,4,134
20230903-W-US_Open-R16-Coco_Gauff-Caroline_Wozniacki,Coco Gauff,NetPointsRallies,30,23,18,5,0,3,4,212
20230903-W-US_Open-R16-Coco_Gauff-Caroline_Wozniacki,Coco Gauff,ApproachRallies,18,12,9,3,0,2,4,134
20230903-W-US_Open-R16-Coco_Gauff-Caroline_Wozniacki,Caroline Wozniacki,NetPoints,12,8,3,5,3,1,0,107
20230903-W-US_Open-R16-Coco_Gauff-Caroline_Wozniacki,Caroline Wozniacki,Approach,6,4,2,2,1,1,0,47
20230903-W-US_Open-R16-Coco_Gauff-Caroline_Wozniacki,Caroline Wozniacki,NetPointsRallies,12,8,3,5,3,1,0,107
20230903-W-US_Open-R16-Coco_Gauff-Caroline_Wozniacki,Caroline Wozniacki,ApproachRallies,6,4,2,2,1,1,0,47
20230901-W-US_Open-R32-Taylor_Townsend-Karolina_Muchova,Taylor Townsend,NetPoints,41,24,14,9,7,7,2,205
20230901-W-US_Open-R32-Taylor_Townsend-Karolina_Muchova,Taylor Townsend,Approach,32,17,11,5,5,7,2,157
20230901-W-US_Open-R32-Taylor_Townsend-Karolina_Muchova,Taylor Townsend,NetPointsRallies,32,18,10,8,6,6,2,179
20230901-W-US_Open-R32-Taylor_Townsend-Karolina_Muchova,Taylor Townsend,ApproachRallies,23,11,7,4,4,6,2,131
20230901-W-US_Open-R32-Taylor_Townsend-Karolina_Muchova,Karolina Muchova,NetPoints,33,21,11,7,0,2,7,203
20230901-W-US_Open-R32-Taylor_Townsend-Karolina_Muchova,Karolina Muchova,Approach,28,18,8,7,0,2,6,176
20230901-W-US_Open-R32-Taylor_Townsend-Karolina_Muchova,Karolina Muchova,NetPointsRallies,29,18,10,6,0,2,7,190
20230901-W-US_Open-R32-Taylor_Townsend-Karolina_Muchova,Karolina Muchova,ApproachRallies,24,15,7,6,0,2,6,163
20230901-W-US_Open-R32-Sorana_Cirstea-Elena_Rybakina,Sorana Cirstea,NetPoints,14,12,12,0,0,1,1,87
20230901-W-US_Open-R32-Sorana_Cirstea-Elena_Rybakina,Sorana Cirstea,Approach,4,2,2,0,0,1,1,30
20230901-W-US_Open-R32-Sorana_Cirstea-Elena_Rybakina,Sorana Cirstea,NetPointsRallies,14,12,12,0,0,1,1,87
20230901-W-US_Open-R32-Sorana_Cirstea-Elena_Rybakina,Sorana Cirstea,ApproachRallies,4,2,2,0,0,1,1,30
20230901-W-US_Open-R32-Sorana_Cirstea-Elena_Rybakina,Elena Rybakina,NetPoints,22,11,7,4,6,3,2,126
20230901-W-US_Open-R32-Sorana_Cirstea-Elena_Rybakina,Elena Rybakina,Approach,14,6,2,4,4,3,1,86
20230901-W-US_Open-R32-Sorana_Cirstea-Elena_Rybakina,Elena Rybakina,NetPointsRallies,22,11,7,4,6,3,2,126
20230901-W-US_Open-R32-Sorana_Cirstea-Elena_Rybakina,Elena Rybakina,ApproachRallies,14,6,2,4,4,3,1,86
20230901-W-US_Open-R32-Jennifer_Brady-Caroline_Wozniacki,Jennifer Brady,NetPoints,18,9,7,2,2,5,1,139
20230901-W-US_Open-R32-Jennifer_Brady-Caroline_Wozniacki,Jennifer Brady,Approach,9,3,2,1,1,3,1,62
20230901-W-US_Open-R32-Jennifer_Brady-Caroline_Wozniacki,Jennifer Brady,NetPointsRallies,18,9,7,2,2,5,1,139
20230901-W-US_Open-R32-Jennifer_Brady-Caroline_Wozniacki,Jennifer Brady,ApproachRallies,9,3,2,1,1,3,1,62
20230901-W-US_Open-R32-Jennifer_Brady-Caroline_Wozniacki,Caroline Wozniacki,NetPoints,10,9,8,1,1,0,0,85
20230901-W-US_Open-R32-Jennifer_Brady-Caroline_Wozniacki,Caroline Wozniacki,Approach,6,5,5,0,1,0,0,50
20230901-W-US_Open-R32-Jennifer_Brady-Caroline_Wozniacki,Caroline Wozniacki,NetPointsRallies,10,9,8,1,1,0,0,85
20230901-W-US_Open-R32-Jennifer_Brady-Caroline_Wozniacki,Caroline Wozniacki,ApproachRallies,6,5,5,0,1,0,0,50
20230831-W-US_Open-R64-Caroline_Wozniacki-Petra_Kvitova,Caroline Wozniacki,NetPoints,10,8,7,1,0,0,2,52
20230831-W-US_Open-R64-Caroline_Wozniacki-Petra_Kvitova,Caroline Wozniacki,Approach,4,3,3,0,0,0,1,19
20230831-W-US_Open-R64-Caroline_Wozniacki-Petra_Kvitova,Caroline Wozniacki,NetPointsRallies,10,8,7,1,0,0,2,52
20230831-W-US_Open-R64-Caroline_Wozniacki-Petra_Kvitova,Caroline Wozniacki,ApproachRallies,4,3,3,0,0,0,1,19
20230831-W-US_Open-R64-Caroline_Wozniacki-Petra_Kvitova,Petra Kvitova,NetPoints,27,18,14,4,4,3,2,129
20230831-W-US_Open-R64-Caroline_Wozniacki-Petra_Kvitova,Petra Kvitova,Approach,24,16,12,4,3,3,2,117
20230831-W-US_Open-R64-Caroline_Wozniacki-Petra_Kvitova,Petra Kvitova,NetPointsRallies,26,17,13,4,4,3,2,126
20230831-W-US_Open-R64-Caroline_Wozniacki-Petra_Kvitova,Petra Kvitova,ApproachRallies,23,15,11,4,3,3,2,114
20230830-W-US_Open-R64-Jennifer_Brady-Magda_Linette,Jennifer Brady,NetPoints,16,9,4,2,1,4,2,118
20230830-W-US_Open-R64-Jennifer_Brady-Magda_Linette,Jennifer Brady,Approach,11,5,3,1,0,4,2,72
20230830-W-US_Open-R64-Jennifer_Brady-Magda_Linette,Jennifer Brady,NetPointsRallies,16,9,4,2,1,4,2,118
20230830-W-US_Open-R64-Jennifer_Brady-Magda_Linette,Jennifer Brady,ApproachRallies,11,5,3,1,0,4,2,72
20230830-W-US_Open-R64-Jennifer_Brady-Magda_Linette,Magda Linette,NetPoints,7,4,2,2,1,1,0,89
20230830-W-US_Open-R64-Jennifer_Brady-Magda_Linette,Magda Linette,Approach,4,3,1,2,0,0,0,49
20230830-W-US_Open-R64-Jennifer_Brady-Magda_Linette,Magda Linette,NetPointsRallies,7,4,2,2,1,1,0,89
20230830-W-US_Open-R64-Jennifer_Brady-Magda_Linette,Magda Linette,ApproachRallies,4,3,1,2,0,0,0,49
20230830-W-US_Open-R64-Coco_Gauff-Mirra_Andreeva,Coco Gauff,NetPoints,21,19,15,3,1,1,0,197
20230830-W-US_Open-R64-Coco_Gauff-Mirra_Andreeva,Coco Gauff,Approach,11,10,8,2,0,1,0,126
20230830-W-US_Open-R64-Coco_Gauff-Mirra_Andreeva,Coco Gauff,NetPointsRallies,21,19,15,3,1,1,0,197
20230830-W-US_Open-R64-Coco_Gauff-Mirra_Andreeva,Coco Gauff,ApproachRallies,11,10,8,2,0,1,0,126
20230830-W-US_Open-R64-Coco_Gauff-Mirra_Andreeva,Mirra Andreeva,NetPoints,5,2,2,0,1,2,0,41
20230830-W-US_Open-R64-Coco_Gauff-Mirra_Andreeva,Mirra Andreeva,Approach,1,0,0,0,0,1,0,10
20230830-W-US_Open-R64-Coco_Gauff-Mirra_Andreeva,Mirra Andreeva,NetPointsRallies,5,2,2,0,1,2,0,41
20230830-W-US_Open-R64-Coco_Gauff-Mirra_Andreeva,Mirra Andreeva,ApproachRallies,1,0,0,0,0,1,0,10
20230830-W-US_Open-R128-Barbora_Strycova-Kaia_Kanepi,Barbora Strycova,NetPoints,21,13,6,4,5,1,1,103
20230830-W-US_Open-R128-Barbora_Strycova-Kaia_Kanepi,Barbora Strycova,Approach,21,13,6,4,5,1,1,103
20230830-W-US_Open-R128-Barbora_Strycova-Kaia_Kanepi,Barbora Strycova,NetPointsRallies,11,6,2,3,3,1,1,72
20230830-W-US_Open-R128-Barbora_Strycova-Kaia_Kanepi,Barbora Strycova,ApproachRallies,11,6,2,3,3,1,1,72
20230830-W-US_Open-R128-Barbora_Strycova-Kaia_Kanepi,Kaia Kanepi,NetPoints,12,7,7,0,2,2,0,95
20230830-W-US_Open-R128-Barbora_Strycova-Kaia_Kanepi,Kaia Kanepi,Approach,6,5,5,0,1,0,0,45
20230830-W-US_Open-R128-Barbora_Strycova-Kaia_Kanepi,Kaia Kanepi,NetPointsRallies,12,7,7,0,2,2,0,95
20230830-W-US_Open-R128-Barbora_Strycova-Kaia_Kanepi,Kaia Kanepi,ApproachRallies,6,5,5,0,1,0,0,45
20230829-W-US_Open-R128-Martina_Trevisan-Yulia_Putintseva,Martina Trevisan,NetPoints,45,32,24,8,5,5,2,327
20230829-W-US_Open-R128-Martina_Trevisan-Yulia_Putintseva,Martina Trevisan,Approach,18,12,10,2,3,1,1,107
20230829-W-US_Open-R128-Martina_Trevisan-Yulia_Putintseva,Martina Trevisan,NetPointsRallies,45,32,24,8,5,5,2,327
20230829-W-US_Open-R128-Martina_Trevisan-Yulia_Putintseva,Martina Trevisan,ApproachRallies,18,12,10,2,3,1,1,107
20230829-W-US_Open-R128-Martina_Trevisan-Yulia_Putintseva,Yulia Putintseva,NetPoints,12,8,5,3,2,1,0,117
20230829-W-US_Open-R128-Martina_Trevisan-Yulia_Putintseva,Yulia Putintseva,Approach,1,0,0,0,1,0,0,5
20230829-W-US_Open-R128-Martina_Trevisan-Yulia_Putintseva,Yulia Putintseva,NetPointsRallies,12,8,5,3,2,1,0,117
20230829-W-US_Open-R128-Martina_Trevisan-Yulia_Putintseva,Yulia Putintseva,ApproachRallies,1,0,0,0,1,0,0,5
20230829-W-US_Open-R128-Elsa_Jacquemot-Lesia_Tsurenko,Elsa Jacquemot,NetPoints,14,5,2,3,1,5,0,94
20230829-W-US_Open-R128-Elsa_Jacquemot-Lesia_Tsurenko,Elsa Jacquemot,Approach,12,4,1,3,1,4,0,62
20230829-W-US_Open-R128-Elsa_Jacquemot-Lesia_Tsurenko,Elsa Jacquemot,NetPointsRallies,10,4,2,2,1,5,0,75
20230829-W-US_Open-R128-Elsa_Jacquemot-Lesia_Tsurenko,Elsa Jacquemot,ApproachRallies,8,3,1,2,1,4,0,43
20230829-W-US_Open-R128-Elsa_Jacquemot-Lesia_Tsurenko,Lesia Tsurenko,NetPoints,22,13,10,3,2,3,3,161
20230829-W-US_Open-R128-Elsa_Jacquemot-Lesia_Tsurenko,Lesia Tsurenko,Approach,11,7,4,3,1,2,1,86
20230829-W-US_Open-R128-Elsa_Jacquemot-Lesia_Tsurenko,Lesia Tsurenko,NetPointsRallies,22,13,10,3,2,3,3,161
20230829-W-US_Open-R128-Elsa_Jacquemot-Lesia_Tsurenko,Lesia Tsurenko,ApproachRallies,11,7,4,3,1,2,1,86
20230829-W-US_Open-R128-Camila_Giorgi-Jessica_Pegula,Camila Giorgi,NetPoints,13,9,6,3,0,3,0,109
20230829-W-US_Open-R128-Camila_Giorgi-Jessica_Pegula,Camila Giorgi,Approach,6,5,3,2,0,1,0,56
20230829-W-US_Open-R128-Camila_Giorgi-Jessica_Pegula,Camila Giorgi,NetPointsRallies,13,9,6,3,0,3,0,109
20230829-W-US_Open-R128-Camila_Giorgi-Jessica_Pegula,Camila Giorgi,ApproachRallies,6,5,3,2,0,1,0,56
20230829-W-US_Open-R128-Camila_Giorgi-Jessica_Pegula,Jessica Pegula,NetPoints,12,9,5,3,0,2,1,94
20230829-W-US_Open-R128-Camila_Giorgi-Jessica_Pegula,Jessica Pegula,Approach,8,5,2,2,0,2,1,69
20230829-W-US_Open-R128-Camila_Giorgi-Jessica_Pegula,Jessica Pegula,NetPointsRallies,12,9,5,3,0,2,1,94
20230829-W-US_Open-R128-Camila_Giorgi-Jessica_Pegula,Jessica Pegula,ApproachRallies,8,5,2,2,0,2,1,69
20230829-W-US_Open-R128-Anastasia_Pavlyuchenkova-Fiona_Crawley,Anastasia Pavlyuchenkova,NetPoints,11,8,7,1,0,1,1,69
20230829-W-US_Open-R128-Anastasia_Pavlyuchenkova-Fiona_Crawley,Anastasia Pavlyuchenkova,Approach,9,7,6,1,0,1,0,62
20230829-W-US_Open-R128-Anastasia_Pavlyuchenkova-Fiona_Crawley,Anastasia Pavlyuchenkova,NetPointsRallies,11,8,7,1,0,1,1,69
20230829-W-US_Open-R128-Anastasia_Pavlyuchenkova-Fiona_Crawley,Anastasia Pavlyuchenkova,ApproachRallies,9,7,6,1,0,1,0,62
20230829-W-US_Open-R128-Anastasia_Pavlyuchenkova-Fiona_Crawley,Fiona Crawley,NetPoints,5,3,2,1,1,1,0,33
20230829-W-US_Open-R128-Anastasia_Pavlyuchenkova-Fiona_Crawley,Fiona Crawley,Approach,1,0,0,0,1,0,0,8
20230829-W-US_Open-R128-Anastasia_Pavlyuchenkova-Fiona_Crawley,Fiona Crawley,NetPointsRallies,5,3,2,1,1,1,0,33
20230829-W-US_Open-R128-Anastasia_Pavlyuchenkova-Fiona_Crawley,Fiona Crawley,ApproachRallies,1,0,0,0,1,0,0,8
20230828-W-US_Open-R128-Iga_Swiatek-Rebecca_Peterson,Iga Swiatek,NetPoints,9,6,2,2,2,0,1,50
20230828-W-US_Open-R128-Iga_Swiatek-Rebecca_Peterson,Iga Swiatek,Approach,8,5,2,1,2,0,1,47
20230828-W-US_Open-R128-Iga_Swiatek-Rebecca_Peterson,Iga Swiatek,NetPointsRallies,9,6,2,2,2,0,1,50
20230828-W-US_Open-R128-Iga_Swiatek-Rebecca_Peterson,Iga Swiatek,ApproachRallies,8,5,2,1,2,0,1,47
20230828-W-US_Open-R128-Iga_Swiatek-Rebecca_Peterson,Rebecca Peterson,NetPoints,4,1,1,0,0,1,0,35
20230828-W-US_Open-R128-Iga_Swiatek-Rebecca_Peterson,Rebecca Peterson,Approach,2,1,1,0,0,0,0,17
20230828-W-US_Open-R128-Iga_Swiatek-Rebecca_Peterson,Rebecca Peterson,NetPointsRallies,4,1,1,0,0,1,0,35
20230828-W-US_Open-R128-Iga_Swiatek-Rebecca_Peterson,Rebecca Peterson,ApproachRallies,2,1,1,0,0,0,0,17
20230828-W-US_Open-R128-Coco_Gauff-Laura_Siegemund,Coco Gauff,NetPoints,37,18,11,5,5,11,3,258
20230828-W-US_Open-R128-Coco_Gauff-Laura_Siegemund,Coco Gauff,Approach,20,11,4,5,3,4,2,128
20230828-W-US_Open-R128-Coco_Gauff-Laura_Siegemund,Coco Gauff,NetPointsRallies,37,18,11,5,5,11,3,258
20230828-W-US_Open-R128-Coco_Gauff-Laura_Siegemund,Coco Gauff,ApproachRallies,20,11,4,5,3,4,2,128
20230828-W-US_Open-R128-Coco_Gauff-Laura_Siegemund,Laura Siegemund,NetPoints,58,38,23,15,7,9,3,347
20230828-W-US_Open-R128-Coco_Gauff-Laura_Siegemund,Laura Siegemund,Approach,49,32,19,13,6,9,2,273
20230828-W-US_Open-R128-Coco_Gauff-Laura_Siegemund,Laura Siegemund,NetPointsRallies,55,36,22,14,6,9,3,337
20230828-W-US_Open-R128-Coco_Gauff-Laura_Siegemund,Laura Siegemund,ApproachRallies,46,30,18,12,5,9,2,263
20230828-W-US_Open-R128-Anhelina_Kalinina-Sara_Sorribes_Tormo,Anhelina Kalinina,NetPoints,22,15,12,1,2,4,0,195
20230828-W-US_Open-R128-Anhelina_Kalinina-Sara_Sorribes_Tormo,Anhelina Kalinina,Approach,11,5,4,0,1,4,0,91
20230828-W-US_Open-R128-Anhelina_Kalinina-Sara_Sorribes_Tormo,Anhelina Kalinina,NetPointsRallies,22,15,12,1,2,4,0,195
20230828-W-US_Open-R128-Anhelina_Kalinina-Sara_Sorribes_Tormo,Anhelina Kalinina,ApproachRallies,11,5,4,0,1,4,0,91
20230828-W-US_Open-R128-Anhelina_Kalinina-Sara_Sorribes_Tormo,Sara Sorribes Tormo,NetPoints,16,11,7,4,2,2,0,133
20230828-W-US_Open-R128-Anhelina_Kalinina-Sara_Sorribes_Tormo,Sara Sorribes Tormo,Approach,5,3,2,1,0,1,0,27
20230828-W-US_Open-R128-Anhelina_Kalinina-Sara_Sorribes_Tormo,Sara Sorribes Tormo,NetPointsRallies,15,11,7,4,2,2,0,131
20230828-W-US_Open-R128-Anhelina_Kalinina-Sara_Sorribes_Tormo,Sara Sorribes Tormo,ApproachRallies,4,3,2,1,0,1,0,25
20230826-W-US_Open-Q3-Elsa_Jacquemot-Arianne_Hartono,Elsa Jacquemot,NetPoints,8,7,5,2,0,1,0,40
20230826-W-US_Open-Q3-Elsa_Jacquemot-Arianne_Hartono,Elsa Jacquemot,Approach,3,3,1,2,0,0,0,13
20230826-W-US_Open-Q3-Elsa_Jacquemot-Arianne_Hartono,Elsa Jacquemot,NetPointsRallies,8,7,5,2,0,1,0,40
20230826-W-US_Open-Q3-Elsa_Jacquemot-Arianne_Hartono,Elsa Jacquemot,ApproachRallies,3,3,1,2,0,0,0,13
20230826-W-US_Open-Q3-Elsa_Jacquemot-Arianne_Hartono,Arianne Hartono,NetPoints,13,11,10,1,2,0,0,95
20230826-W-US_Open-Q3-Elsa_Jacquemot-Arianne_Hartono,Arianne Hartono,Approach,4,3,3,0,1,0,0,40
20230826-W-US_Open-Q3-Elsa_Jacquemot-Arianne_Hartono,Arianne Hartono,NetPointsRallies,13,11,10,1,2,0,0,95
20230826-W-US_Open-Q3-Elsa_Jacquemot-Arianne_Hartono,Arianne Hartono,ApproachRallies,4,3,3,0,1,0,0,40
20230824-W-US_Open-Q2-Celine_Naef-Katie_Volynets,Celine Naef,NetPoints,19,13,11,2,4,1,1,181
20230824-W-US_Open-Q2-Celine_Naef-Katie_Volynets,Celine Naef,Approach,9,7,5,2,2,0,0,65
20230824-W-US_Open-Q2-Celine_Naef-Katie_Volynets,Celine Naef,NetPointsRallies,19,13,11,2,4,1,1,181
20230824-W-US_Open-Q2-Celine_Naef-Katie_Volynets,Celine Naef,ApproachRallies,9,7,5,2,2,0,0,65
20230824-W-US_Open-Q2-Celine_Naef-Katie_Volynets,Katie Volynets,NetPoints,19,9,4,5,4,2,1,170
20230824-W-US_Open-Q2-Celine_Naef-Katie_Volynets,Katie Volynets,Approach,16,8,4,4,4,1,0,135
20230824-W-US_Open-Q2-Celine_Naef-Katie_Volynets,Katie Volynets,NetPointsRallies,19,9,4,5,4,2,1,170
20230824-W-US_Open-Q2-Celine_Naef-Katie_Volynets,Katie Volynets,ApproachRallies,16,8,4,4,4,1,0,135
20230822-W-US_Open-Q1-Liv_Hovde-Darja_Semenistaja,Liv Hovde,NetPoints,12,7,3,3,3,1,0,123
20230822-W-US_Open-Q1-Liv_Hovde-Darja_Semenistaja,Liv Hovde,Approach,2,2,1,1,0,0,0,15
20230822-W-US_Open-Q1-Liv_Hovde-Darja_Semenistaja,Liv Hovde,NetPointsRallies,12,7,3,3,3,1,0,123
20230822-W-US_Open-Q1-Liv_Hovde-Darja_Semenistaja,Liv Hovde,ApproachRallies,2,2,1,1,0,0,0,15
20230822-W-US_Open-Q1-Liv_Hovde-Darja_Semenistaja,Darja Semenistaja,NetPoints,9,7,4,2,1,1,0,102
20230822-W-US_Open-Q1-Liv_Hovde-Darja_Semenistaja,Darja Semenistaja,Approach,4,3,0,2,1,0,0,46
20230822-W-US_Open-Q1-Liv_Hovde-Darja_Semenistaja,Darja Semenistaja,NetPointsRallies,9,7,4,2,1,1,0,102
20230822-W-US_Open-Q1-Liv_Hovde-Darja_Semenistaja,Darja Semenistaja,ApproachRallies,4,3,0,2,1,0,0,46
20230126-W-Australian_Open-SF-Elena_Rybakina-Victoria_Azarenka,Elena Rybakina,NetPoints,11,6,5,0,1,4,0,83
20230126-W-Australian_Open-SF-Elena_Rybakina-Victoria_Azarenka,Elena Rybakina,Approach,6,3,2,0,1,2,0,47
20230126-W-Australian_Open-SF-Elena_Rybakina-Victoria_Azarenka,Elena Rybakina,NetPointsRallies,11,6,5,0,1,4,0,83
20230126-W-Australian_Open-SF-Elena_Rybakina-Victoria_Azarenka,Elena Rybakina,ApproachRallies,6,3,2,0,1,2,0,47
20230126-W-Australian_Open-SF-Elena_Rybakina-Victoria_Azarenka,Victoria Azarenka,NetPoints,7,5,3,2,0,2,0,55
20230126-W-Australian_Open-SF-Elena_Rybakina-Victoria_Azarenka,Victoria Azarenka,Approach,2,1,0,1,0,1,0,19
20230126-W-Australian_Open-SF-Elena_Rybakina-Victoria_Azarenka,Victoria Azarenka,NetPointsRallies,7,5,3,2,0,2,0,55
20230126-W-Australian_Open-SF-Elena_Rybakina-Victoria_Azarenka,Victoria Azarenka,ApproachRallies,2,1,0,1,0,1,0,19
20230125-W-Australian_Open-R32-Camila_Giorgi-Belinda_Bencic,Camila Giorgi,NetPoints,10,5,3,0,3,0,2,60
20230125-W-Australian_Open-R32-Camila_Giorgi-Belinda_Bencic,Camila Giorgi,Approach,7,4,2,0,2,0,1,49
20230125-W-Australian_Open-R32-Camila_Giorgi-Belinda_Bencic,Camila Giorgi,NetPointsRallies,10,5,3,0,3,0,2,60
20230125-W-Australian_Open-R32-Camila_Giorgi-Belinda_Bencic,Camila Giorgi,ApproachRallies,7,4,2,0,2,0,1,49
20230125-W-Australian_Open-R32-Camila_Giorgi-Belinda_Bencic,Belinda Bencic,NetPoints,5,3,1,1,0,2,0,29
20230125-W-Australian_Open-R32-Camila_Giorgi-Belinda_Bencic,Belinda Bencic,Approach,4,2,0,1,0,2,0,23
20230125-W-Australian_Open-R32-Camila_Giorgi-Belinda_Bencic,Belinda Bencic,NetPointsRallies,5,3,1,1,0,2,0,29
20230125-W-Australian_Open-R32-Camila_Giorgi-Belinda_Bencic,Belinda Bencic,ApproachRallies,4,2,0,1,0,2,0,23
20230125-W-Australian_Open-QF-Magda_Linette-Karolina_Pliskova,Magda Linette,NetPoints,5,3,3,0,1,1,0,26
20230125-W-Australian_Open-QF-Magda_Linette-Karolina_Pliskova,Magda Linette,Approach,1,0,0,0,0,1,0,4
20230125-W-Australian_Open-QF-Magda_Linette-Karolina_Pliskova,Magda Linette,NetPointsRallies,5,3,3,0,1,1,0,26
20230125-W-Australian_Open-QF-Magda_Linette-Karolina_Pliskova,Magda Linette,ApproachRallies,1,0,0,0,0,1,0,4
20230125-W-Australian_Open-QF-Magda_Linette-Karolina_Pliskova,Karolina Pliskova,NetPoints,8,3,3,0,0,5,0,56
20230125-W-Australian_Open-QF-Magda_Linette-Karolina_Pliskova,Karolina Pliskova,Approach,6,1,1,0,0,5,0,45
20230125-W-Australian_Open-QF-Magda_Linette-Karolina_Pliskova,Karolina Pliskova,NetPointsRallies,8,3,3,0,0,5,0,56
20230125-W-Australian_Open-QF-Magda_Linette-Karolina_Pliskova,Karolina Pliskova,ApproachRallies,6,1,1,0,0,5,0,45
20230124-W-Australian_Open-QF-Victoria_Azarenka-Jessica_Pegula,Victoria Azarenka,NetPoints,18,14,6,7,1,2,1,146
20230124-W-Australian_Open-QF-Victoria_Azarenka-Jessica_Pegula,Victoria Azarenka,Approach,10,9,4,4,0,1,0,69
20230124-W-Australian_Open-QF-Victoria_Azarenka-Jessica_Pegula,Victoria Azarenka,NetPointsRallies,18,14,6,7,1,2,1,146
20230124-W-Australian_Open-QF-Victoria_Azarenka-Jessica_Pegula,Victoria Azarenka,ApproachRallies,10,9,4,4,0,1,0,69
20230124-W-Australian_Open-QF-Victoria_Azarenka-Jessica_Pegula,Jessica Pegula,NetPoints,9,7,4,2,0,0,1,60
20230124-W-Australian_Open-QF-Victoria_Azarenka-Jessica_Pegula,Jessica Pegula,Approach,4,3,1,2,0,0,1,22
20230124-W-Australian_Open-QF-Victoria_Azarenka-Jessica_Pegula,Jessica Pegula,NetPointsRallies,9,7,4,2,0,0,1,60
20230124-W-Australian_Open-QF-Victoria_Azarenka-Jessica_Pegula,Jessica Pegula,ApproachRallies,4,3,1,2,0,0,1,22
20230124-W-Australian_Open-QF-Jelena_Ostapenko-Elena_Rybakina,Jelena Ostapenko,NetPoints,4,3,2,1,1,0,0,23
20230124-W-Australian_Open-QF-Jelena_Ostapenko-Elena_Rybakina,Jelena Ostapenko,NetPointsRallies,4,3,2,1,1,0,0,23
20230124-W-Australian_Open-QF-Jelena_Ostapenko-Elena_Rybakina,Elena Rybakina,NetPoints,8,6,5,1,1,1,0,39
20230124-W-Australian_Open-QF-Jelena_Ostapenko-Elena_Rybakina,Elena Rybakina,Approach,2,1,1,0,0,1,0,12
20230124-W-Australian_Open-QF-Jelena_Ostapenko-Elena_Rybakina,Elena Rybakina,NetPointsRallies,8,6,5,1,1,1,0,39
20230124-W-Australian_Open-QF-Jelena_Ostapenko-Elena_Rybakina,Elena Rybakina,ApproachRallies,2,1,1,0,0,1,0,12
20230123-W-Australian_Open-R16-Magda_Linette-Caroline_Garcia,Magda Linette,NetPoints,8,6,4,2,0,1,1,53
20230123-W-Australian_Open-R16-Magda_Linette-Caroline_Garcia,Magda Linette,Approach,4,3,2,1,0,0,1,29
20230123-W-Australian_Open-R16-Magda_Linette-Caroline_Garcia,Magda Linette,NetPointsRallies,8,6,4,2,0,1,1,53
20230123-W-Australian_Open-R16-Magda_Linette-Caroline_Garcia,Magda Linette,ApproachRallies,4,3,2,1,0,0,1,29
20230123-W-Australian_Open-R16-Magda_Linette-Caroline_Garcia,Caroline Garcia,NetPoints,27,16,9,7,2,6,3,105
20230123-W-Australian_Open-R16-Magda_Linette-Caroline_Garcia,Caroline Garcia,Approach,22,12,6,6,2,5,3,84
20230123-W-Australian_Open-R16-Magda_Linette-Caroline_Garcia,Caroline Garcia,NetPointsRallies,27,16,9,7,2,6,3,105
20230123-W-Australian_Open-R16-Magda_Linette-Caroline_Garcia,Caroline Garcia,ApproachRallies,22,12,6,6,2,5,3,84
20230123-W-Australian_Open-R16-Linda_Fruhvirtova-Donna_Vekic,Linda Fruhvirtova,NetPoints,8,7,3,4,0,1,0,45
20230123-W-Australian_Open-R16-Linda_Fruhvirtova-Donna_Vekic,Linda Fruhvirtova,NetPointsRallies,8,7,3,4,0,1,0,45
20230123-W-Australian_Open-R16-Linda_Fruhvirtova-Donna_Vekic,Donna Vekic,NetPoints,29,19,15,4,4,5,1,175
20230123-W-Australian_Open-R16-Linda_Fruhvirtova-Donna_Vekic,Donna Vekic,Approach,18,11,9,2,2,4,1,102
20230123-W-Australian_Open-R16-Linda_Fruhvirtova-Donna_Vekic,Donna Vekic,NetPointsRallies,29,19,15,4,4,5,1,175
20230123-W-Australian_Open-R16-Linda_Fruhvirtova-Donna_Vekic,Donna Vekic,ApproachRallies,18,11,9,2,2,4,1,102
20230122-W-Australian_Open-R16-Victoria_Azarenka-Lin_Zhu,Victoria Azarenka,NetPoints,30,25,23,2,1,4,0,216
20230122-W-Australian_Open-R16-Victoria_Azarenka-Lin_Zhu,Victoria Azarenka,Approach,14,10,8,2,1,3,0,93
20230122-W-Australian_Open-R16-Victoria_Azarenka-Lin_Zhu,Victoria Azarenka,NetPointsRallies,30,25,23,2,1,4,0,216
20230122-W-Australian_Open-R16-Victoria_Azarenka-Lin_Zhu,Victoria Azarenka,ApproachRallies,14,10,8,2,1,3,0,93
20230122-W-Australian_Open-R16-Victoria_Azarenka-Lin_Zhu,Lin Zhu,NetPoints,22,16,11,5,1,4,1,166
20230122-W-Australian_Open-R16-Victoria_Azarenka-Lin_Zhu,Lin Zhu,Approach,12,9,5,4,1,2,0,84
20230122-W-Australian_Open-R16-Victoria_Azarenka-Lin_Zhu,Lin Zhu,NetPointsRallies,22,16,11,5,1,4,1,166
20230122-W-Australian_Open-R16-Victoria_Azarenka-Lin_Zhu,Lin Zhu,ApproachRallies,12,9,5,4,1,2,0,84
20230122-W-Australian_Open-R16-Iga_Swiatek-Elena_Rybakina,Iga Swiatek,NetPoints,4,3,2,0,0,1,0,23
20230122-W-Australian_Open-R16-Iga_Swiatek-Elena_Rybakina,Iga Swiatek,Approach,1,0,0,0,0,1,0,6
20230122-W-Australian_Open-R16-Iga_Swiatek-Elena_Rybakina,Iga Swiatek,NetPointsRallies,4,3,2,0,0,1,0,23
20230122-W-Australian_Open-R16-Iga_Swiatek-Elena_Rybakina,Iga Swiatek,ApproachRallies,1,0,0,0,0,1,0,6
20230122-W-Australian_Open-R16-Iga_Swiatek-Elena_Rybakina,Elena Rybakina,NetPoints,4,3,2,0,1,0,0,17
20230122-W-Australian_Open-R16-Iga_Swiatek-Elena_Rybakina,Elena Rybakina,Approach,3,2,1,0,1,0,0,14
20230122-W-Australian_Open-R16-Iga_Swiatek-Elena_Rybakina,Elena Rybakina,NetPointsRallies,4,3,2,0,1,0,0,17
20230122-W-Australian_Open-R16-Iga_Swiatek-Elena_Rybakina,Elena Rybakina,ApproachRallies,3,2,1,0,1,0,0,14
20230122-W-Australian_Open-R16-Barbora_Krejcikova-Jessica_Pegula,Barbora Krejcikova,NetPoints,14,8,4,3,1,5,0,84
20230122-W-Australian_Open-R16-Barbora_Krejcikova-Jessica_Pegula,Barbora Krejcikova,Approach,6,2,1,0,0,4,0,38
20230122-W-Australian_Open-R16-Barbora_Krejcikova-Jessica_Pegula,Barbora Krejcikova,NetPointsRallies,14,8,4,3,1,5,0,84
20230122-W-Australian_Open-R16-Barbora_Krejcikova-Jessica_Pegula,Barbora Krejcikova,ApproachRallies,6,2,1,0,0,4,0,38
20230122-W-Australian_Open-R16-Barbora_Krejcikova-Jessica_Pegula,Jessica Pegula,NetPoints,14,9,5,3,2,1,2,107
20230122-W-Australian_Open-R16-Barbora_Krejcikova-Jessica_Pegula,Jessica Pegula,Approach,5,3,1,1,0,1,1,49
20230122-W-Australian_Open-R16-Barbora_Krejcikova-Jessica_Pegula,Jessica Pegula,NetPointsRallies,14,9,5,3,2,1,2,107
20230122-W-Australian_Open-R16-Barbora_Krejcikova-Jessica_Pegula,Jessica Pegula,ApproachRallies,5,3,1,1,0,1,1,49
20230121-W-Australian_Open-R32-Nuria_Parrizas_Diaz-Donna_Vekic,Nuria Parrizas Diaz,NetPoints,2,2,2,0,0,0,0,13
20230121-W-Australian_Open-R32-Nuria_Parrizas_Diaz-Donna_Vekic,Nuria Parrizas Diaz,NetPointsRallies,2,2,2,0,0,0,0,13
20230121-W-Australian_Open-R32-Nuria_Parrizas_Diaz-Donna_Vekic,Donna Vekic,NetPoints,7,5,4,0,0,1,1,47
20230121-W-Australian_Open-R32-Nuria_Parrizas_Diaz-Donna_Vekic,Donna Vekic,Approach,4,2,1,0,0,1,1,24
20230121-W-Australian_Open-R32-Nuria_Parrizas_Diaz-Donna_Vekic,Donna Vekic,NetPointsRallies,7,5,4,0,0,1,1,47
20230121-W-Australian_Open-R32-Nuria_Parrizas_Diaz-Donna_Vekic,Donna Vekic,ApproachRallies,4,2,1,0,0,1,1,24
20230121-W-Australian_Open-R32-Magda_Linette-Ekaterina_Alexandrova,Magda Linette,NetPoints,4,2,2,0,2,0,0,20
20230121-W-Australian_Open-R32-Magda_Linette-Ekaterina_Alexandrova,Magda Linette,Approach,1,0,0,0,1,0,0,6
20230121-W-Australian_Open-R32-Magda_Linette-Ekaterina_Alexandrova,Magda Linette,NetPointsRallies,4,2,2,0,2,0,0,20
20230121-W-Australian_Open-R32-Magda_Linette-Ekaterina_Alexandrova,Magda Linette,ApproachRallies,1,0,0,0,1,0,0,6
20230121-W-Australian_Open-R32-Magda_Linette-Ekaterina_Alexandrova,Ekaterina Alexandrova,NetPoints,6,5,5,0,1,0,0,42
20230121-W-Australian_Open-R32-Magda_Linette-Ekaterina_Alexandrova,Ekaterina Alexandrova,Approach,2,1,1,0,1,0,0,10
20230121-W-Australian_Open-R32-Magda_Linette-Ekaterina_Alexandrova,Ekaterina Alexandrova,NetPointsRallies,6,5,5,0,1,0,0,42
20230121-W-Australian_Open-R32-Magda_Linette-Ekaterina_Alexandrova,Ekaterina Alexandrova,ApproachRallies,2,1,1,0,1,0,0,10
20230121-W-Australian_Open-R32-Linda_Fruhvirtova-Marketa_Vondrousova,Linda Fruhvirtova,NetPoints,25,17,15,2,0,5,2,253
20230121-W-Australian_Open-R32-Linda_Fruhvirtova-Marketa_Vondrousova,Linda Fruhvirtova,Approach,5,2,2,0,0,3,0,58
20230121-W-Australian_Open-R32-Linda_Fruhvirtova-Marketa_Vondrousova,Linda Fruhvirtova,NetPointsRallies,25,17,15,2,0,5,2,253
20230121-W-Australian_Open-R32-Linda_Fruhvirtova-Marketa_Vondrousova,Linda Fruhvirtova,ApproachRallies,5,2,2,0,0,3,0,58
20230121-W-Australian_Open-R32-Linda_Fruhvirtova-Marketa_Vondrousova,Marketa Vondrousova,NetPoints,17,10,8,0,1,5,0,133
20230121-W-Australian_Open-R32-Linda_Fruhvirtova-Marketa_Vondrousova,Marketa Vondrousova,Approach,4,2,2,0,1,0,0,25
20230121-W-Australian_Open-R32-Linda_Fruhvirtova-Marketa_Vondrousova,Marketa Vondrousova,NetPointsRallies,17,10,8,0,1,5,0,133
20230121-W-Australian_Open-R32-Linda_Fruhvirtova-Marketa_Vondrousova,Marketa Vondrousova,ApproachRallies,4,2,2,0,1,0,0,25
20230121-W-Australian_Open-R32-Laura_Siegemund-Caroline_Garcia,Laura Siegemund,NetPoints,12,6,4,1,2,3,1,91
20230121-W-Australian_Open-R32-Laura_Siegemund-Caroline_Garcia,Laura Siegemund,Approach,9,4,3,1,1,3,1,56
20230121-W-Australian_Open-R32-Laura_Siegemund-Caroline_Garcia,Laura Siegemund,NetPointsRallies,12,6,4,1,2,3,1,91
20230121-W-Australian_Open-R32-Laura_Siegemund-Caroline_Garcia,Laura Siegemund,ApproachRallies,9,4,3,1,1,3,1,56
20230121-W-Australian_Open-R32-Laura_Siegemund-Caroline_Garcia,Caroline Garcia,NetPoints,23,14,9,4,2,6,0,144
20230121-W-Australian_Open-R32-Laura_Siegemund-Caroline_Garcia,Caroline Garcia,Approach,14,8,5,2,2,4,0,72
20230121-W-Australian_Open-R32-Laura_Siegemund-Caroline_Garcia,Caroline Garcia,NetPointsRallies,23,14,9,4,2,6,0,144
20230121-W-Australian_Open-R32-Laura_Siegemund-Caroline_Garcia,Caroline Garcia,ApproachRallies,14,8,5,2,2,4,0,72
20230121-W-Australian_Open-R16-Jelena_Ostapenko-Coco_Gauff,Jelena Ostapenko,NetPoints,9,7,4,3,0,2,0,57
20230121-W-Australian_Open-R16-Jelena_Ostapenko-Coco_Gauff,Jelena Ostapenko,Approach,4,3,0,3,0,1,0,23
20230121-W-Australian_Open-R16-Jelena_Ostapenko-Coco_Gauff,Jelena Ostapenko,NetPointsRallies,9,7,4,3,0,2,0,57
20230121-W-Australian_Open-R16-Jelena_Ostapenko-Coco_Gauff,Jelena Ostapenko,ApproachRallies,4,3,0,3,0,1,0,23
20230121-W-Australian_Open-R16-Jelena_Ostapenko-Coco_Gauff,Coco Gauff,NetPoints,5,4,3,1,0,1,0,20
20230121-W-Australian_Open-R16-Jelena_Ostapenko-Coco_Gauff,Coco Gauff,Approach,4,4,3,1,0,0,0,15
20230121-W-Australian_Open-R16-Jelena_Ostapenko-Coco_Gauff,Coco Gauff,NetPointsRallies,5,4,3,1,0,1,0,20
20230121-W-Australian_Open-R16-Jelena_Ostapenko-Coco_Gauff,Coco Gauff,ApproachRallies,4,4,3,1,0,0,0,15
20230120-W-Australian_Open-R32-Marta_Kostyuk-Jessica_Pegula,Marta Kostyuk,NetPoints,12,9,7,1,2,1,0,77
20230120-W-Australian_Open-R32-Marta_Kostyuk-Jessica_Pegula,Marta Kostyuk,Approach,8,6,4,1,1,1,0,41
20230120-W-Australian_Open-R32-Marta_Kostyuk-Jessica_Pegula,Marta Kostyuk,NetPointsRallies,10,8,6,1,2,0,0,70
20230120-W-Australian_Open-R32-Marta_Kostyuk-Jessica_Pegula,Marta Kostyuk,ApproachRallies,6,5,3,1,1,0,0,34
20230120-W-Australian_Open-R32-Marta_Kostyuk-Jessica_Pegula,Jessica Pegula,NetPoints,10,7,7,0,1,2,0,63
20230120-W-Australian_Open-R32-Marta_Kostyuk-Jessica_Pegula,Jessica Pegula,Approach,4,2,2,0,0,2,0,31
20230120-W-Australian_Open-R32-Marta_Kostyuk-Jessica_Pegula,Jessica Pegula,NetPointsRallies,10,7,7,0,1,2,0,63
20230120-W-Australian_Open-R32-Marta_Kostyuk-Jessica_Pegula,Jessica Pegula,ApproachRallies,4,2,2,0,0,2,0,31
20230120-W-Australian_Open-R32-Madison_Keys-Victoria_Azarenka,Madison Keys,NetPoints,11,6,4,1,2,2,1,81
20230120-W-Australian_Open-R32-Madison_Keys-Victoria_Azarenka,Madison Keys,Approach,4,2,1,0,1,1,0,32
20230120-W-Australian_Open-R32-Madison_Keys-Victoria_Azarenka,Madison Keys,NetPointsRallies,11,6,4,1,2,2,1,81
20230120-W-Australian_Open-R32-Madison_Keys-Victoria_Azarenka,Madison Keys,ApproachRallies,4,2,1,0,1,1,0,32
20230120-W-Australian_Open-R32-Madison_Keys-Victoria_Azarenka,Victoria Azarenka,NetPoints,6,3,3,0,1,2,0,56
20230120-W-Australian_Open-R32-Madison_Keys-Victoria_Azarenka,Victoria Azarenka,Approach,2,1,1,0,1,0,0,16
20230120-W-Australian_Open-R32-Madison_Keys-Victoria_Azarenka,Victoria Azarenka,NetPointsRallies,6,3,3,0,1,2,0,56
20230120-W-Australian_Open-R32-Madison_Keys-Victoria_Azarenka,Victoria Azarenka,ApproachRallies,2,1,1,0,1,0,0,16
20230120-W-Australian_Open-R32-Jelena_Ostapenko-Kateryna_Baindl,Jelena Ostapenko,NetPoints,12,11,8,2,1,0,0,76
20230120-W-Australian_Open-R32-Jelena_Ostapenko-Kateryna_Baindl,Jelena Ostapenko,Approach,5,5,3,1,0,0,0,27
20230120-W-Australian_Open-R32-Jelena_Ostapenko-Kateryna_Baindl,Jelena Ostapenko,NetPointsRallies,12,11,8,2,1,0,0,76
20230120-W-Australian_Open-R32-Jelena_Ostapenko-Kateryna_Baindl,Jelena Ostapenko,ApproachRallies,5,5,3,1,0,0,0,27
20230120-W-Australian_Open-R32-Jelena_Ostapenko-Kateryna_Baindl,Kateryna Baindl,NetPoints,1,0,0,0,0,1,0,6
20230120-W-Australian_Open-R32-Jelena_Ostapenko-Kateryna_Baindl,Kateryna Baindl,NetPointsRallies,1,0,0,0,0,1,0,6
20230120-W-Australian_Open-R32-Iga_Swiatek-Cristina_Bucsa,Iga Swiatek,NetPoints,3,2,1,0,0,1,0,27
20230120-W-Australian_Open-R32-Iga_Swiatek-Cristina_Bucsa,Iga Swiatek,Approach,2,1,1,0,0,1,0,12
20230120-W-Australian_Open-R32-Iga_Swiatek-Cristina_Bucsa,Iga Swiatek,NetPointsRallies,3,2,1,0,0,1,0,27
20230120-W-Australian_Open-R32-Iga_Swiatek-Cristina_Bucsa,Iga Swiatek,ApproachRallies,2,1,1,0,0,1,0,12
20230120-W-Australian_Open-R32-Iga_Swiatek-Cristina_Bucsa,Cristina Bucsa,NetPoints,6,3,1,2,1,0,1,46
20230120-W-Australian_Open-R32-Iga_Swiatek-Cristina_Bucsa,Cristina Bucsa,Approach,5,2,0,2,1,0,1,39
20230120-W-Australian_Open-R32-Iga_Swiatek-Cristina_Bucsa,Cristina Bucsa,NetPointsRallies,6,3,1,2,1,0,1,46
20230120-W-Australian_Open-R32-Iga_Swiatek-Cristina_Bucsa,Cristina Bucsa,ApproachRallies,5,2,0,2,1,0,1,39
20230120-W-Australian_Open-R32-Danielle_Collins-Elena_Rybakina,Danielle Collins,NetPoints,5,2,2,0,0,2,1,52
20230120-W-Australian_Open-R32-Danielle_Collins-Elena_Rybakina,Danielle Collins,Approach,1,1,1,0,0,0,0,5
20230120-W-Australian_Open-R32-Danielle_Collins-Elena_Rybakina,Danielle Collins,NetPointsRallies,5,2,2,0,0,2,1,52
20230120-W-Australian_Open-R32-Danielle_Collins-Elena_Rybakina,Danielle Collins,ApproachRallies,1,1,1,0,0,0,0,5
20230120-W-Australian_Open-R32-Danielle_Collins-Elena_Rybakina,Elena Rybakina,NetPoints,10,7,7,0,0,3,0,92
20230120-W-Australian_Open-R32-Danielle_Collins-Elena_Rybakina,Elena Rybakina,Approach,6,3,3,0,0,3,0,42
20230120-W-Australian_Open-R32-Danielle_Collins-Elena_Rybakina,Elena Rybakina,NetPointsRallies,10,7,7,0,0,3,0,92
20230120-W-Australian_Open-R32-Danielle_Collins-Elena_Rybakina,Elena Rybakina,ApproachRallies,6,3,3,0,0,3,0,42
20230120-W-Australian_Open-R32-Coco_Gauff-Bernarda_Pera,Coco Gauff,NetPoints,11,10,5,1,0,0,1,67
20230120-W-Australian_Open-R32-Coco_Gauff-Bernarda_Pera,Coco Gauff,Approach,5,4,2,0,0,0,1,23
20230120-W-Australian_Open-R32-Coco_Gauff-Bernarda_Pera,Coco Gauff,NetPointsRallies,11,10,5,1,0,0,1,67
20230120-W-Australian_Open-R32-Coco_Gauff-Bernarda_Pera,Coco Gauff,ApproachRallies,5,4,2,0,0,0,1,23
20230120-W-Australian_Open-R32-Coco_Gauff-Bernarda_Pera,Bernarda Pera,NetPoints,11,4,3,1,5,1,1,60
20230120-W-Australian_Open-R32-Coco_Gauff-Bernarda_Pera,Bernarda Pera,Approach,3,1,0,1,1,0,1,22
20230120-W-Australian_Open-R32-Coco_Gauff-Bernarda_Pera,Bernarda Pera,NetPointsRallies,11,4,3,1,5,1,1,60
20230120-W-Australian_Open-R32-Coco_Gauff-Bernarda_Pera,Bernarda Pera,ApproachRallies,3,1,0,1,1,0,1,22
20230119-W-Australian_Open-R64-Marketa_Vondrousova-Ons_Jabeur,Marketa Vondrousova,NetPoints,17,11,7,3,1,2,2,114
20230119-W-Australian_Open-R64-Marketa_Vondrousova-Ons_Jabeur,Marketa Vondrousova,Approach,2,2,1,0,0,0,0,12
20230119-W-Australian_Open-R64-Marketa_Vondrousova-Ons_Jabeur,Marketa Vondrousova,NetPointsRallies,17,11,7,3,1,2,2,114
20230119-W-Australian_Open-R64-Marketa_Vondrousova-Ons_Jabeur,Marketa Vondrousova,ApproachRallies,2,2,1,0,0,0,0,12
20230119-W-Australian_Open-R64-Marketa_Vondrousova-Ons_Jabeur,Ons Jabeur,NetPoints,27,15,11,1,5,3,4,200
20230119-W-Australian_Open-R64-Marketa_Vondrousova-Ons_Jabeur,Ons Jabeur,Approach,15,8,6,1,3,2,2,123
20230119-W-Australian_Open-R64-Marketa_Vondrousova-Ons_Jabeur,Ons Jabeur,NetPointsRallies,26,14,10,1,5,3,4,197
20230119-W-Australian_Open-R64-Marketa_Vondrousova-Ons_Jabeur,Ons Jabeur,ApproachRallies,14,7,5,1,3,2,2,120
20230119-W-Australian_Open-R64-Donna_Vekic-Liudmila_Samsonova,Donna Vekic,NetPoints,2,2,1,1,0,0,0,15
20230119-W-Australian_Open-R64-Donna_Vekic-Liudmila_Samsonova,Donna Vekic,Approach,1,1,1,0,0,0,0,9
20230119-W-Australian_Open-R64-Donna_Vekic-Liudmila_Samsonova,Donna Vekic,NetPointsRallies,2,2,1,1,0,0,0,15
20230119-W-Australian_Open-R64-Donna_Vekic-Liudmila_Samsonova,Donna Vekic,ApproachRallies,1,1,1,0,0,0,0,9
20230119-W-Australian_Open-R64-Donna_Vekic-Liudmila_Samsonova,Liudmila Samsonova,NetPoints,6,4,3,0,1,0,1,23
20230119-W-Australian_Open-R64-Donna_Vekic-Liudmila_Samsonova,Liudmila Samsonova,Approach,2,1,0,0,0,0,1,9
20230119-W-Australian_Open-R64-Donna_Vekic-Liudmila_Samsonova,Liudmila Samsonova,NetPointsRallies,6,4,3,0,1,0,1,23
20230119-W-Australian_Open-R64-Donna_Vekic-Liudmila_Samsonova,Liudmila Samsonova,ApproachRallies,2,1,0,0,0,0,1,9
20230119-W-Australian_Open-R64-Claire_Liu-Belinda_Bencic,Claire Liu,NetPoints,17,13,10,3,1,1,1,84
20230119-W-Australian_Open-R64-Claire_Liu-Belinda_Bencic,Claire Liu,Approach,12,9,7,2,0,1,1,64
20230119-W-Australian_Open-R64-Claire_Liu-Belinda_Bencic,Claire Liu,NetPointsRallies,17,13,10,3,1,1,1,84
20230119-W-Australian_Open-R64-Claire_Liu-Belinda_Bencic,Claire Liu,ApproachRallies,12,9,7,2,0,1,1,64
20230119-W-Australian_Open-R64-Claire_Liu-Belinda_Bencic,Belinda Bencic,NetPoints,18,11,8,1,1,4,2,144
20230119-W-Australian_Open-R64-Claire_Liu-Belinda_Bencic,Belinda Bencic,Approach,7,4,2,0,0,3,0,65
20230119-W-Australian_Open-R64-Claire_Liu-Belinda_Bencic,Belinda Bencic,NetPointsRallies,18,11,8,1,1,4,2,144
20230119-W-Australian_Open-R64-Claire_Liu-Belinda_Bencic,Belinda Bencic,ApproachRallies,7,4,2,0,0,3,0,65
20230119-W-Australian_Open-R64-Caroline_Garcia-Leylah_Fernandez,Caroline Garcia,NetPoints,17,12,8,3,2,2,1,93
20230119-W-Australian_Open-R64-Caroline_Garcia-Leylah_Fernandez,Caroline Garcia,Approach,11,8,5,2,0,2,1,75
20230119-W-Australian_Open-R64-Caroline_Garcia-Leylah_Fernandez,Caroline Garcia,NetPointsRallies,17,12,8,3,2,2,1,93
20230119-W-Australian_Open-R64-Caroline_Garcia-Leylah_Fernandez,Caroline Garcia,ApproachRallies,11,8,5,2,0,2,1,75
20230119-W-Australian_Open-R64-Caroline_Garcia-Leylah_Fernandez,Leylah Fernandez,NetPoints,6,3,2,0,0,3,0,33
20230119-W-Australian_Open-R64-Caroline_Garcia-Leylah_Fernandez,Leylah Fernandez,Approach,4,2,1,0,0,2,0,26
20230119-W-Australian_Open-R64-Caroline_Garcia-Leylah_Fernandez,Leylah Fernandez,NetPointsRallies,5,3,2,0,0,2,0,29
20230119-W-Australian_Open-R64-Caroline_Garcia-Leylah_Fernandez,Leylah Fernandez,ApproachRallies,3,2,1,0,0,1,0,22
20230119-W-Australian_Open-R64-Anna_Karolina_Schmiedlova-Camila_Giorgi,Anna Karolina Schmiedlova,NetPoints,1,0,0,0,0,1,0,6
20230119-W-Australian_Open-R64-Anna_Karolina_Schmiedlova-Camila_Giorgi,Anna Karolina Schmiedlova,Approach,1,0,0,0,0,1,0,6
20230119-W-Australian_Open-R64-Anna_Karolina_Schmiedlova-Camila_Giorgi,Anna Karolina Schmiedlova,NetPointsRallies,1,0,0,0,0,1,0,6
20230119-W-Australian_Open-R64-Anna_Karolina_Schmiedlova-Camila_Giorgi,Anna Karolina Schmiedlova,ApproachRallies,1,0,0,0,0,1,0,6
20230119-W-Australian_Open-R64-Anna_Karolina_Schmiedlova-Camila_Giorgi,Camila Giorgi,NetPoints,3,2,1,0,1,0,0,15
20230119-W-Australian_Open-R64-Anna_Karolina_Schmiedlova-Camila_Giorgi,Camila Giorgi,Approach,1,1,0,0,0,0,0,5
20230119-W-Australian_Open-R64-Anna_Karolina_Schmiedlova-Camila_Giorgi,Camila Giorgi,NetPointsRallies,3,2,1,0,1,0,0,15
20230119-W-Australian_Open-R64-Anna_Karolina_Schmiedlova-Camila_Giorgi,Camila Giorgi,ApproachRallies,1,1,0,0,0,0,0,5
20230119-W-Australian_Open-R64-Anett_Kontaveit-Magda_Linette,Anett Kontaveit,NetPoints,7,5,4,0,1,1,0,32
20230119-W-Australian_Open-R64-Anett_Kontaveit-Magda_Linette,Anett Kontaveit,Approach,4,2,1,0,1,1,0,18
20230119-W-Australian_Open-R64-Anett_Kontaveit-Magda_Linette,Anett Kontaveit,NetPointsRallies,7,5,4,0,1,1,0,32
20230119-W-Australian_Open-R64-Anett_Kontaveit-Magda_Linette,Anett Kontaveit,ApproachRallies,4,2,1,0,1,1,0,18
20230119-W-Australian_Open-R64-Anett_Kontaveit-Magda_Linette,Magda Linette,NetPoints,10,5,4,0,2,3,0,54
20230119-W-Australian_Open-R64-Anett_Kontaveit-Magda_Linette,Magda Linette,Approach,2,2,2,0,0,0,0,10
20230119-W-Australian_Open-R64-Anett_Kontaveit-Magda_Linette,Magda Linette,NetPointsRallies,10,5,4,0,2,3,0,54
20230119-W-Australian_Open-R64-Anett_Kontaveit-Magda_Linette,Magda Linette,ApproachRallies,2,2,2,0,0,0,0,10
20230118-W-Australian_Open-R64-Veronika_Kudermetova-Katie_Volynets,Veronika Kudermetova,NetPoints,19,12,8,4,3,2,2,115
20230118-W-Australian_Open-R64-Veronika_Kudermetova-Katie_Volynets,Veronika Kudermetova,Approach,13,8,6,2,2,1,2,81
20230118-W-Australian_Open-R64-Veronika_Kudermetova-Katie_Volynets,Veronika Kudermetova,NetPointsRallies,19,12,8,4,3,2,2,115
20230118-W-Australian_Open-R64-Veronika_Kudermetova-Katie_Volynets,Veronika Kudermetova,ApproachRallies,13,8,6,2,2,1,2,81
20230118-W-Australian_Open-R64-Veronika_Kudermetova-Katie_Volynets,Katie Volynets,NetPoints,10,7,4,3,2,0,1,71
20230118-W-Australian_Open-R64-Veronika_Kudermetova-Katie_Volynets,Katie Volynets,Approach,4,2,1,1,1,0,1,29
20230118-W-Australian_Open-R64-Veronika_Kudermetova-Katie_Volynets,Katie Volynets,NetPointsRallies,10,7,4,3,2,0,1,71
20230118-W-Australian_Open-R64-Veronika_Kudermetova-Katie_Volynets,Katie Volynets,ApproachRallies,4,2,1,1,1,0,1,29
20230118-W-Australian_Open-R64-Petra_Kvitova-Anhelina_Kalinina,Petra Kvitova,NetPoints,15,11,7,1,0,2,1,80
20230118-W-Australian_Open-R64-Petra_Kvitova-Anhelina_Kalinina,Petra Kvitova,Approach,7,4,2,0,0,2,0,49
20230118-W-Australian_Open-R64-Petra_Kvitova-Anhelina_Kalinina,Petra Kvitova,NetPointsRallies,12,9,6,1,0,2,1,74
20230118-W-Australian_Open-R64-Petra_Kvitova-Anhelina_Kalinina,Petra Kvitova,ApproachRallies,4,2,1,0,0,2,0,43
20230118-W-Australian_Open-R64-Petra_Kvitova-Anhelina_Kalinina,Anhelina Kalinina,NetPoints,7,6,4,1,0,1,0,79
20230118-W-Australian_Open-R64-Petra_Kvitova-Anhelina_Kalinina,Anhelina Kalinina,Approach,3,3,2,0,0,0,0,40
20230118-W-Australian_Open-R64-Petra_Kvitova-Anhelina_Kalinina,Anhelina Kalinina,NetPointsRallies,7,6,4,1,0,1,0,79
20230118-W-Australian_Open-R64-Petra_Kvitova-Anhelina_Kalinina,Anhelina Kalinina,ApproachRallies,3,3,2,0,0,0,0,40
20230118-W-Australian_Open-R64-Olivia_Gadecki-Marta_Kostyuk,Olivia Gadecki,NetPoints,6,2,1,0,2,1,1,46
20230118-W-Australian_Open-R64-Olivia_Gadecki-Marta_Kostyuk,Olivia Gadecki,Approach,2,0,0,0,1,0,1,28
20230118-W-Australian_Open-R64-Olivia_Gadecki-Marta_Kostyuk,Olivia Gadecki,NetPointsRallies,6,2,1,0,2,1,1,46
20230118-W-Australian_Open-R64-Olivia_Gadecki-Marta_Kostyuk,Olivia Gadecki,ApproachRallies,2,0,0,0,1,0,1,28
20230118-W-Australian_Open-R64-Olivia_Gadecki-Marta_Kostyuk,Marta Kostyuk,NetPoints,2,2,2,0,0,0,0,9
20230118-W-Australian_Open-R64-Olivia_Gadecki-Marta_Kostyuk,Marta Kostyuk,Approach,1,1,1,0,0,0,0,5
20230118-W-Australian_Open-R64-Olivia_Gadecki-Marta_Kostyuk,Marta Kostyuk,NetPointsRallies,2,2,2,0,0,0,0,9
20230118-W-Australian_Open-R64-Olivia_Gadecki-Marta_Kostyuk,Marta Kostyuk,ApproachRallies,1,1,1,0,0,0,0,5
20230118-W-Australian_Open-R64-Nadia_Podoroska-Victoria_Azarenka,Nadia Podoroska,NetPoints,10,5,4,1,3,1,1,86
20230118-W-Australian_Open-R64-Nadia_Podoroska-Victoria_Azarenka,Nadia Podoroska,Approach,10,5,4,1,3,1,1,86
20230118-W-Australian_Open-R64-Nadia_Podoroska-Victoria_Azarenka,Nadia Podoroska,NetPointsRallies,10,5,4,1,3,1,1,86
20230118-W-Australian_Open-R64-Nadia_Podoroska-Victoria_Azarenka,Nadia Podoroska,ApproachRallies,10,5,4,1,3,1,1,86
20230118-W-Australian_Open-R64-Nadia_Podoroska-Victoria_Azarenka,Victoria Azarenka,NetPoints,6,5,4,0,0,1,0,54
20230118-W-Australian_Open-R64-Nadia_Podoroska-Victoria_Azarenka,Victoria Azarenka,Approach,3,3,2,0,0,0,0,18
20230118-W-Australian_Open-R64-Nadia_Podoroska-Victoria_Azarenka,Victoria Azarenka,NetPointsRallies,6,5,4,0,0,1,0,54
20230118-W-Australian_Open-R64-Nadia_Podoroska-Victoria_Azarenka,Victoria Azarenka,ApproachRallies,3,3,2,0,0,0,0,18
20230118-W-Australian_Open-R64-Madison_Keys-Xin_Yu_Wang,Madison Keys,NetPoints,10,8,4,1,0,2,0,74
20230118-W-Australian_Open-R64-Madison_Keys-Xin_Yu_Wang,Madison Keys,Approach,8,6,3,0,0,2,0,59
20230118-W-Australian_Open-R64-Madison_Keys-Xin_Yu_Wang,Madison Keys,NetPointsRallies,10,8,4,1,0,2,0,74
20230118-W-Australian_Open-R64-Madison_Keys-Xin_Yu_Wang,Madison Keys,ApproachRallies,8,6,3,0,0,2,0,59
20230118-W-Australian_Open-R64-Madison_Keys-Xin_Yu_Wang,Xin Yu Wang,NetPoints,6,2,1,0,2,1,1,42
20230118-W-Australian_Open-R64-Madison_Keys-Xin_Yu_Wang,Xin Yu Wang,Approach,4,1,0,0,1,1,1,26
20230118-W-Australian_Open-R64-Madison_Keys-Xin_Yu_Wang,Xin Yu Wang,NetPointsRallies,6,2,1,0,2,1,1,42
20230118-W-Australian_Open-R64-Madison_Keys-Xin_Yu_Wang,Xin Yu Wang,ApproachRallies,4,1,0,0,1,1,1,26
20230118-W-Australian_Open-R64-Iga_Swiatek-Camila_Osorio,Iga Swiatek,NetPoints,17,10,7,3,1,4,1,133
20230118-W-Australian_Open-R64-Iga_Swiatek-Camila_Osorio,Iga Swiatek,Approach,9,5,3,2,0,2,1,77
20230118-W-Australian_Open-R64-Iga_Swiatek-Camila_Osorio,Iga Swiatek,NetPointsRallies,17,10,7,3,1,4,1,133
20230118-W-Australian_Open-R64-Iga_Swiatek-Camila_Osorio,Iga Swiatek,ApproachRallies,9,5,3,2,0,2,1,77
20230118-W-Australian_Open-R64-Iga_Swiatek-Camila_Osorio,Camila Osorio,NetPoints,4,2,2,0,0,1,1,26
20230118-W-Australian_Open-R64-Iga_Swiatek-Camila_Osorio,Camila Osorio,Approach,3,1,1,0,0,1,1,22
20230118-W-Australian_Open-R64-Iga_Swiatek-Camila_Osorio,Camila Osorio,NetPointsRallies,4,2,2,0,0,1,1,26
20230118-W-Australian_Open-R64-Iga_Swiatek-Camila_Osorio,Camila Osorio,ApproachRallies,3,1,1,0,0,1,1,22
20230118-W-Australian_Open-R64-Elena_Rybakina-Kaja_Juvan,Elena Rybakina,NetPoints,11,7,5,2,3,1,0,102
20230118-W-Australian_Open-R64-Elena_Rybakina-Kaja_Juvan,Elena Rybakina,Approach,5,4,2,2,1,0,0,68
20230118-W-Australian_Open-R64-Elena_Rybakina-Kaja_Juvan,Elena Rybakina,NetPointsRallies,11,7,5,2,3,1,0,102
20230118-W-Australian_Open-R64-Elena_Rybakina-Kaja_Juvan,Elena Rybakina,ApproachRallies,5,4,2,2,1,0,0,68
20230118-W-Australian_Open-R64-Elena_Rybakina-Kaja_Juvan,Kaja Juvan,NetPoints,5,4,3,0,0,1,0,37
20230118-W-Australian_Open-R64-Elena_Rybakina-Kaja_Juvan,Kaja Juvan,Approach,4,3,2,0,0,1,0,34
20230118-W-Australian_Open-R64-Elena_Rybakina-Kaja_Juvan,Kaja Juvan,NetPointsRallies,5,4,3,0,0,1,0,37
20230118-W-Australian_Open-R64-Elena_Rybakina-Kaja_Juvan,Kaja Juvan,ApproachRallies,4,3,2,0,0,1,0,34
20230118-W-Australian_Open-R64-Danielle_Collins-Karolina_Muchova,Danielle Collins,NetPoints,13,5,4,0,5,1,2,91
20230118-W-Australian_Open-R64-Danielle_Collins-Karolina_Muchova,Danielle Collins,Approach,4,2,2,0,2,0,0,32
20230118-W-Australian_Open-R64-Danielle_Collins-Karolina_Muchova,Danielle Collins,NetPointsRallies,13,5,4,0,5,1,2,91
20230118-W-Australian_Open-R64-Danielle_Collins-Karolina_Muchova,Danielle Collins,ApproachRallies,4,2,2,0,2,0,0,32
20230118-W-Australian_Open-R64-Danielle_Collins-Karolina_Muchova,Karolina Muchova,NetPoints,25,15,12,1,4,3,3,148
20230118-W-Australian_Open-R64-Danielle_Collins-Karolina_Muchova,Karolina Muchova,Approach,16,8,7,0,3,2,3,89
20230118-W-Australian_Open-R64-Danielle_Collins-Karolina_Muchova,Karolina Muchova,NetPointsRallies,24,15,12,1,3,3,3,144
20230118-W-Australian_Open-R64-Danielle_Collins-Karolina_Muchova,Karolina Muchova,ApproachRallies,15,8,7,0,2,2,3,85
20230118-W-Australian_Open-R64-Cristina_Bucsa-Bianca_Andreescu,Cristina Bucsa,NetPoints,13,12,9,2,0,0,0,107
20230118-W-Australian_Open-R64-Cristina_Bucsa-Bianca_Andreescu,Cristina Bucsa,Approach,3,2,1,0,0,0,0,40
20230118-W-Australian_Open-R64-Cristina_Bucsa-Bianca_Andreescu,Cristina Bucsa,NetPointsRallies,13,12,9,2,0,0,0,107
20230118-W-Australian_Open-R64-Cristina_Bucsa-Bianca_Andreescu,Cristina Bucsa,ApproachRallies,3,2,1,0,0,0,0,40
20230118-W-Australian_Open-R64-Cristina_Bucsa-Bianca_Andreescu,Bianca Andreescu,NetPoints,32,20,15,5,5,5,2,209
20230118-W-Australian_Open-R64-Cristina_Bucsa-Bianca_Andreescu,Bianca Andreescu,Approach,22,13,10,3,4,3,2,149
20230118-W-Australian_Open-R64-Cristina_Bucsa-Bianca_Andreescu,Bianca Andreescu,NetPointsRallies,32,20,15,5,5,5,2,209
20230118-W-Australian_Open-R64-Cristina_Bucsa-Bianca_Andreescu,Bianca Andreescu,ApproachRallies,22,13,10,3,4,3,2,149
20230118-W-Australian_Open-R64-Coco_Gauff-Emma_Raducanu,Coco Gauff,NetPoints,11,7,4,2,0,2,1,73
20230118-W-Australian_Open-R64-Coco_Gauff-Emma_Raducanu,Coco Gauff,Approach,8,5,2,2,0,2,1,58
20230118-W-Australian_Open-R64-Coco_Gauff-Emma_Raducanu,Coco Gauff,NetPointsRallies,11,7,4,2,0,2,1,73
20230118-W-Australian_Open-R64-Coco_Gauff-Emma_Raducanu,Coco Gauff,ApproachRallies,8,5,2,2,0,2,1,58
20230118-W-Australian_Open-R64-Coco_Gauff-Emma_Raducanu,Emma Raducanu,NetPoints,9,5,4,1,0,2,2,77
20230118-W-Australian_Open-R64-Coco_Gauff-Emma_Raducanu,Emma Raducanu,Approach,3,3,3,0,0,0,0,27
20230118-W-Australian_Open-R64-Coco_Gauff-Emma_Raducanu,Emma Raducanu,NetPointsRallies,9,5,4,1,0,2,2,77
20230118-W-Australian_Open-R64-Coco_Gauff-Emma_Raducanu,Emma Raducanu,ApproachRallies,3,3,3,0,0,0,0,27
20230118-W-Australian_Open-R64-Aliaksandra_Sasnovich-Jessica_Pegula,Aliaksandra Sasnovich,NetPoints,13,9,5,2,2,1,1,82
20230118-W-Australian_Open-R64-Aliaksandra_Sasnovich-Jessica_Pegula,Aliaksandra Sasnovich,Approach,8,6,3,2,0,1,1,53
20230118-W-Australian_Open-R64-Aliaksandra_Sasnovich-Jessica_Pegula,Aliaksandra Sasnovich,NetPointsRallies,13,9,5,2,2,1,1,82
20230118-W-Australian_Open-R64-Aliaksandra_Sasnovich-Jessica_Pegula,Aliaksandra Sasnovich,ApproachRallies,8,6,3,2,0,1,1,53
20230118-W-Australian_Open-R64-Aliaksandra_Sasnovich-Jessica_Pegula,Jessica Pegula,NetPoints,5,3,2,0,2,0,0,19
20230118-W-Australian_Open-R64-Aliaksandra_Sasnovich-Jessica_Pegula,Jessica Pegula,Approach,1,1,0,0,0,0,0,3
20230118-W-Australian_Open-R64-Aliaksandra_Sasnovich-Jessica_Pegula,Jessica Pegula,NetPointsRallies,5,3,2,0,2,0,0,19
20230118-W-Australian_Open-R64-Aliaksandra_Sasnovich-Jessica_Pegula,Jessica Pegula,ApproachRallies,1,1,0,0,0,0,0,3
20230118-W-Australian_Open-R128-Varvara_Gracheva-Daria_Kasatkina,Varvara Gracheva,NetPoints,16,14,11,1,2,0,0,89
20230118-W-Australian_Open-R128-Varvara_Gracheva-Daria_Kasatkina,Varvara Gracheva,Approach,10,9,6,1,1,0,0,60
20230118-W-Australian_Open-R128-Varvara_Gracheva-Daria_Kasatkina,Varvara Gracheva,NetPointsRallies,16,14,11,1,2,0,0,89
20230118-W-Australian_Open-R128-Varvara_Gracheva-Daria_Kasatkina,Varvara Gracheva,ApproachRallies,10,9,6,1,1,0,0,60
20230118-W-Australian_Open-R128-Varvara_Gracheva-Daria_Kasatkina,Daria Kasatkina,NetPoints,3,0,0,0,3,0,0,13
20230118-W-Australian_Open-R128-Varvara_Gracheva-Daria_Kasatkina,Daria Kasatkina,Approach,1,0,0,0,1,0,0,5
20230118-W-Australian_Open-R128-Varvara_Gracheva-Daria_Kasatkina,Daria Kasatkina,NetPointsRallies,3,0,0,0,3,0,0,13
20230118-W-Australian_Open-R128-Varvara_Gracheva-Daria_Kasatkina,Daria Kasatkina,ApproachRallies,1,0,0,0,1,0,0,5
20230118-W-Australian_Open-R128-Magda_Linette-Mayar_Sherif,Magda Linette,NetPoints,8,6,4,1,0,2,0,76
20230118-W-Australian_Open-R128-Magda_Linette-Mayar_Sherif,Magda Linette,NetPointsRallies,8,6,4,1,0,2,0,76
20230118-W-Australian_Open-R128-Magda_Linette-Mayar_Sherif,Mayar Sherif,NetPoints,14,6,3,3,2,5,1,89
20230118-W-Australian_Open-R128-Magda_Linette-Mayar_Sherif,Mayar Sherif,Approach,12,5,3,2,2,4,1,81
20230118-W-Australian_Open-R128-Magda_Linette-Mayar_Sherif,Mayar Sherif,NetPointsRallies,14,6,3,3,2,5,1,89
20230118-W-Australian_Open-R128-Magda_Linette-Mayar_Sherif,Mayar Sherif,ApproachRallies,12,5,3,2,2,4,1,81
20230118-W-Australian_Open-R128-Beatriz_Haddad_Maia-Nuria_Parrizas_Diaz,Beatriz Haddad Maia,NetPoints,19,10,6,1,3,6,0,137
20230118-W-Australian_Open-R128-Beatriz_Haddad_Maia-Nuria_Parrizas_Diaz,Beatriz Haddad Maia,Approach,14,8,4,1,2,4,0,91
20230118-W-Australian_Open-R128-Beatriz_Haddad_Maia-Nuria_Parrizas_Diaz,Beatriz Haddad Maia,NetPointsRallies,18,9,6,1,3,6,0,136
20230118-W-Australian_Open-R128-Beatriz_Haddad_Maia-Nuria_Parrizas_Diaz,Beatriz Haddad Maia,ApproachRallies,13,7,4,1,2,4,0,90
20230118-W-Australian_Open-R128-Beatriz_Haddad_Maia-Nuria_Parrizas_Diaz,Nuria Parrizas Diaz,NetPoints,10,8,7,0,1,1,0,83
20230118-W-Australian_Open-R128-Beatriz_Haddad_Maia-Nuria_Parrizas_Diaz,Nuria Parrizas Diaz,Approach,3,2,1,0,0,1,0,35
20230118-W-Australian_Open-R128-Beatriz_Haddad_Maia-Nuria_Parrizas_Diaz,Nuria Parrizas Diaz,NetPointsRallies,10,8,7,0,1,1,0,83
20230118-W-Australian_Open-R128-Beatriz_Haddad_Maia-Nuria_Parrizas_Diaz,Nuria Parrizas Diaz,ApproachRallies,3,2,1,0,0,1,0,35
20230117-W-Australian_Open-R128-Ons_Jabeur-Tamara_Zidansek,Ons Jabeur,NetPoints,19,12,7,4,4,2,0,135
20230117-W-Australian_Open-R128-Ons_Jabeur-Tamara_Zidansek,Ons Jabeur,Approach,12,9,4,4,1,1,0,92
20230117-W-Australian_Open-R128-Ons_Jabeur-Tamara_Zidansek,Ons Jabeur,NetPointsRallies,19,12,7,4,4,2,0,135
20230117-W-Australian_Open-R128-Ons_Jabeur-Tamara_Zidansek,Ons Jabeur,ApproachRallies,12,9,4,4,1,1,0,92
20230117-W-Australian_Open-R128-Ons_Jabeur-Tamara_Zidansek,Tamara Zidansek,NetPoints,13,8,5,2,1,3,1,97
20230117-W-Australian_Open-R128-Ons_Jabeur-Tamara_Zidansek,Tamara Zidansek,Approach,4,2,1,0,0,1,1,25
20230117-W-Australian_Open-R128-Ons_Jabeur-Tamara_Zidansek,Tamara Zidansek,NetPointsRallies,13,8,5,2,1,3,1,97
20230117-W-Australian_Open-R128-Ons_Jabeur-Tamara_Zidansek,Tamara Zidansek,ApproachRallies,4,2,1,0,0,1,1,25
20230117-W-Australian_Open-R128-Oksana_Selekhmeteva-Donna_Vekic,Oksana Selekhmeteva,NetPoints,10,8,8,0,0,2,0,94
20230117-W-Australian_Open-R128-Oksana_Selekhmeteva-Donna_Vekic,Oksana Selekhmeteva,Approach,1,1,1,0,0,0,0,9
20230117-W-Australian_Open-R128-Oksana_Selekhmeteva-Donna_Vekic,Oksana Selekhmeteva,NetPointsRallies,10,8,8,0,0,2,0,94
20230117-W-Australian_Open-R128-Oksana_Selekhmeteva-Donna_Vekic,Oksana Selekhmeteva,ApproachRallies,1,1,1,0,0,0,0,9
20230117-W-Australian_Open-R128-Oksana_Selekhmeteva-Donna_Vekic,Donna Vekic,NetPoints,21,16,9,7,1,2,1,142
20230117-W-Australian_Open-R128-Oksana_Selekhmeteva-Donna_Vekic,Donna Vekic,Approach,18,14,7,7,1,2,1,122
20230117-W-Australian_Open-R128-Oksana_Selekhmeteva-Donna_Vekic,Donna Vekic,NetPointsRallies,21,16,9,7,1,2,1,142
20230117-W-Australian_Open-R128-Oksana_Selekhmeteva-Donna_Vekic,Donna Vekic,ApproachRallies,18,14,7,7,1,2,1,122
20230117-W-Australian_Open-R128-Leylah_Fernandez-Alize_Cornet,Leylah Fernandez,NetPoints,28,16,12,1,4,5,1,188
20230117-W-Australian_Open-R128-Leylah_Fernandez-Alize_Cornet,Leylah Fernandez,Approach,16,8,4,1,2,5,0,109
20230117-W-Australian_Open-R128-Leylah_Fernandez-Alize_Cornet,Leylah Fernandez,NetPointsRallies,27,16,12,1,4,5,1,186
20230117-W-Australian_Open-R128-Leylah_Fernandez-Alize_Cornet,Leylah Fernandez,ApproachRallies,15,8,4,1,2,5,0,107
20230117-W-Australian_Open-R128-Leylah_Fernandez-Alize_Cornet,Alize Cornet,NetPoints,13,9,6,2,1,3,0,106
20230117-W-Australian_Open-R128-Leylah_Fernandez-Alize_Cornet,Alize Cornet,Approach,1,0,0,0,0,1,0,8
20230117-W-Australian_Open-R128-Leylah_Fernandez-Alize_Cornet,Alize Cornet,NetPointsRallies,13,9,6,2,1,3,0,106
20230117-W-Australian_Open-R128-Leylah_Fernandez-Alize_Cornet,Alize Cornet,ApproachRallies,1,0,0,0,0,1,0,8
20230117-W-Australian_Open-R128-Evgeniya_Rodina-Katie_Volynets,Evgeniya Rodina,NetPoints,6,3,1,2,1,2,0,62
20230117-W-Australian_Open-R128-Evgeniya_Rodina-Katie_Volynets,Evgeniya Rodina,Approach,5,2,0,2,1,2,0,52
20230117-W-Australian_Open-R128-Evgeniya_Rodina-Katie_Volynets,Evgeniya Rodina,NetPointsRallies,6,3,1,2,1,2,0,62
20230117-W-Australian_Open-R128-Evgeniya_Rodina-Katie_Volynets,Evgeniya Rodina,ApproachRallies,5,2,0,2,1,2,0,52
20230117-W-Australian_Open-R128-Evgeniya_Rodina-Katie_Volynets,Katie Volynets,NetPoints,11,7,7,0,2,1,1,81
20230117-W-Australian_Open-R128-Evgeniya_Rodina-Katie_Volynets,Katie Volynets,Approach,10,7,7,0,2,0,1,75
20230117-W-Australian_Open-R128-Evgeniya_Rodina-Katie_Volynets,Katie Volynets,NetPointsRallies,11,7,7,0,2,1,1,81
20230117-W-Australian_Open-R128-Evgeniya_Rodina-Katie_Volynets,Katie Volynets,ApproachRallies,10,7,7,0,2,0,1,75
20230117-W-Australian_Open-R128-Caroline_Garcia-Katherine_Sebov,Caroline Garcia,NetPoints,8,6,2,1,2,0,0,42
20230117-W-Australian_Open-R128-Caroline_Garcia-Katherine_Sebov,Caroline Garcia,Approach,7,5,2,1,2,0,0,39
20230117-W-Australian_Open-R128-Caroline_Garcia-Katherine_Sebov,Caroline Garcia,NetPointsRallies,8,6,2,1,2,0,0,42
20230117-W-Australian_Open-R128-Caroline_Garcia-Katherine_Sebov,Caroline Garcia,ApproachRallies,7,5,2,1,2,0,0,39
20230117-W-Australian_Open-R128-Caroline_Garcia-Katherine_Sebov,Katherine Sebov,NetPoints,2,1,0,1,0,1,0,11
20230117-W-Australian_Open-R128-Caroline_Garcia-Katherine_Sebov,Katherine Sebov,NetPointsRallies,2,1,0,1,0,1,0,11
20230117-W-Australian_Open-R128-Camila_Giorgi-Anastasia_Pavlyuchenkova,Anastasia Pavlyuchenkova,NetPoints,1,1,0,1,0,0,0,8
20230117-W-Australian_Open-R128-Camila_Giorgi-Anastasia_Pavlyuchenkova,Anastasia Pavlyuchenkova,Approach,1,1,0,1,0,0,0,8
20230117-W-Australian_Open-R128-Camila_Giorgi-Anastasia_Pavlyuchenkova,Anastasia Pavlyuchenkova,NetPointsRallies,1,1,0,1,0,0,0,8
20230117-W-Australian_Open-R128-Camila_Giorgi-Anastasia_Pavlyuchenkova,Anastasia Pavlyuchenkova,ApproachRallies,1,1,0,1,0,0,0,8
20230117-W-Australian_Open-R128-Anett_Kontaveit-Julia_Grabher,Anett Kontaveit,NetPoints,8,7,4,3,0,1,0,46
20230117-W-Australian_Open-R128-Anett_Kontaveit-Julia_Grabher,Anett Kontaveit,Approach,1,1,1,0,0,0,0,7
20230117-W-Australian_Open-R128-Anett_Kontaveit-Julia_Grabher,Anett Kontaveit,NetPointsRallies,8,7,4,3,0,1,0,46
20230117-W-Australian_Open-R128-Anett_Kontaveit-Julia_Grabher,Anett Kontaveit,ApproachRallies,1,1,1,0,0,0,0,7
20230117-W-Australian_Open-R128-Anett_Kontaveit-Julia_Grabher,Julia Grabher,NetPoints,2,1,1,0,1,0,0,7
20230117-W-Australian_Open-R128-Anett_Kontaveit-Julia_Grabher,Julia Grabher,NetPointsRallies,2,1,1,0,1,0,0,7
20230116-W-Australian_Open-R128-Yue_Yuan-Maria_Sakkari,Yue Yuan,NetPoints,6,4,3,0,1,1,0,50
20230116-W-Australian_Open-R128-Yue_Yuan-Maria_Sakkari,Yue Yuan,Approach,4,2,1,0,1,1,0,32
20230116-W-Australian_Open-R128-Yue_Yuan-Maria_Sakkari,Yue Yuan,NetPointsRallies,6,4,3,0,1,1,0,50
20230116-W-Australian_Open-R128-Yue_Yuan-Maria_Sakkari,Yue Yuan,ApproachRallies,4,2,1,0,1,1,0,32
20230116-W-Australian_Open-R128-Yue_Yuan-Maria_Sakkari,Maria Sakkari,NetPoints,4,4,3,1,0,0,0,27
20230116-W-Australian_Open-R128-Yue_Yuan-Maria_Sakkari,Maria Sakkari,Approach,2,2,2,0,0,0,0,21
20230116-W-Australian_Open-R128-Yue_Yuan-Maria_Sakkari,Maria Sakkari,NetPointsRallies,4,4,3,1,0,0,0,27
20230116-W-Australian_Open-R128-Yue_Yuan-Maria_Sakkari,Maria Sakkari,ApproachRallies,2,2,2,0,0,0,0,21
20230116-W-Australian_Open-R128-Tamara_Korpatsch-Emma_Raducanu,Tamara Korpatsch,NetPoints,7,4,2,2,0,2,1,53
20230116-W-Australian_Open-R128-Tamara_Korpatsch-Emma_Raducanu,Tamara Korpatsch,Approach,2,2,1,1,0,0,0,11
20230116-W-Australian_Open-R128-Tamara_Korpatsch-Emma_Raducanu,Tamara Korpatsch,NetPointsRallies,7,4,2,2,0,2,1,53
20230116-W-Australian_Open-R128-Tamara_Korpatsch-Emma_Raducanu,Tamara Korpatsch,ApproachRallies,2,2,1,1,0,0,0,11
20230116-W-Australian_Open-R128-Tamara_Korpatsch-Emma_Raducanu,Emma Raducanu,NetPoints,11,9,6,3,1,1,0,80
20230116-W-Australian_Open-R128-Tamara_Korpatsch-Emma_Raducanu,Emma Raducanu,Approach,5,5,3,2,0,0,0,36
20230116-W-Australian_Open-R128-Tamara_Korpatsch-Emma_Raducanu,Emma Raducanu,NetPointsRallies,11,9,6,3,1,1,0,80
20230116-W-Australian_Open-R128-Tamara_Korpatsch-Emma_Raducanu,Emma Raducanu,ApproachRallies,5,5,3,2,0,0,0,36
20230116-W-Australian_Open-R128-Sofia_Kenin-Victoria_Azarenka,Sofia Kenin,NetPoints,14,11,8,0,0,2,1,102
20230116-W-Australian_Open-R128-Sofia_Kenin-Victoria_Azarenka,Sofia Kenin,Approach,4,3,1,0,0,1,0,32
20230116-W-Australian_Open-R128-Sofia_Kenin-Victoria_Azarenka,Sofia Kenin,NetPointsRallies,14,11,8,0,0,2,1,102
20230116-W-Australian_Open-R128-Sofia_Kenin-Victoria_Azarenka,Sofia Kenin,ApproachRallies,4,3,1,0,0,1,0,32
20230116-W-Australian_Open-R128-Sofia_Kenin-Victoria_Azarenka,Victoria Azarenka,NetPoints,13,11,9,1,1,1,0,106
20230116-W-Australian_Open-R128-Sofia_Kenin-Victoria_Azarenka,Victoria Azarenka,Approach,2,2,1,0,0,0,0,16
20230116-W-Australian_Open-R128-Sofia_Kenin-Victoria_Azarenka,Victoria Azarenka,NetPointsRallies,13,11,9,1,1,1,0,106
20230116-W-Australian_Open-R128-Sofia_Kenin-Victoria_Azarenka,Victoria Azarenka,ApproachRallies,2,2,1,0,0,0,0,16
20230116-W-Australian_Open-R128-Selena_Janicijevic-Kaja_Juvan,Selena Janicijevic,NetPoints,8,4,4,0,1,2,1,39
20230116-W-Australian_Open-R128-Selena_Janicijevic-Kaja_Juvan,Selena Janicijevic,Approach,3,1,1,0,0,1,1,17
20230116-W-Australian_Open-R128-Selena_Janicijevic-Kaja_Juvan,Selena Janicijevic,NetPointsRallies,8,4,4,0,1,2,1,39
20230116-W-Australian_Open-R128-Selena_Janicijevic-Kaja_Juvan,Selena Janicijevic,ApproachRallies,3,1,1,0,0,1,1,17
20230116-W-Australian_Open-R128-Selena_Janicijevic-Kaja_Juvan,Kaja Juvan,NetPoints,12,10,5,5,0,1,1,64
20230116-W-Australian_Open-R128-Selena_Janicijevic-Kaja_Juvan,Kaja Juvan,Approach,9,7,4,3,0,1,1,46
20230116-W-Australian_Open-R128-Selena_Janicijevic-Kaja_Juvan,Kaja Juvan,NetPointsRallies,12,10,5,5,0,1,1,64
20230116-W-Australian_Open-R128-Selena_Janicijevic-Kaja_Juvan,Kaja Juvan,ApproachRallies,9,7,4,3,0,1,1,46
20230116-W-Australian_Open-R128-Sara_Bejlek-Barbora_Krejcikova,Sara Bejlek,NetPoints,4,2,0,1,0,1,1,39
20230116-W-Australian_Open-R128-Sara_Bejlek-Barbora_Krejcikova,Sara Bejlek,Approach,3,1,0,0,0,1,1,27
20230116-W-Australian_Open-R128-Sara_Bejlek-Barbora_Krejcikova,Sara Bejlek,NetPointsRallies,4,2,0,1,0,1,1,39
20230116-W-Australian_Open-R128-Sara_Bejlek-Barbora_Krejcikova,Sara Bejlek,ApproachRallies,3,1,0,0,0,1,1,27
20230116-W-Australian_Open-R128-Sara_Bejlek-Barbora_Krejcikova,Barbora Krejcikova,NetPoints,11,9,5,4,0,2,0,64
20230116-W-Australian_Open-R128-Sara_Bejlek-Barbora_Krejcikova,Barbora Krejcikova,Approach,5,3,2,1,0,2,0,36
20230116-W-Australian_Open-R128-Sara_Bejlek-Barbora_Krejcikova,Barbora Krejcikova,NetPointsRallies,11,9,5,4,0,2,0,64
20230116-W-Australian_Open-R128-Sara_Bejlek-Barbora_Krejcikova,Barbora Krejcikova,ApproachRallies,5,3,2,1,0,2,0,36
20230116-W-Australian_Open-R128-Olivia_Gadecki-Polina_Kudermetova,Olivia Gadecki,NetPoints,8,7,6,1,0,1,0,48
20230116-W-Australian_Open-R128-Olivia_Gadecki-Polina_Kudermetova,Olivia Gadecki,Approach,4,3,2,1,0,1,0,26
20230116-W-Australian_Open-R128-Olivia_Gadecki-Polina_Kudermetova,Olivia Gadecki,NetPointsRallies,8,7,6,1,0,1,0,48
20230116-W-Australian_Open-R128-Olivia_Gadecki-Polina_Kudermetova,Olivia Gadecki,ApproachRallies,4,3,2,1,0,1,0,26
20230116-W-Australian_Open-R128-Olivia_Gadecki-Polina_Kudermetova,Polina Kudermetova,NetPoints,7,5,1,4,0,1,1,32
20230116-W-Australian_Open-R128-Olivia_Gadecki-Polina_Kudermetova,Polina Kudermetova,Approach,6,4,0,4,0,1,1,27
20230116-W-Australian_Open-R128-Olivia_Gadecki-Polina_Kudermetova,Polina Kudermetova,NetPointsRallies,7,5,1,4,0,1,1,32
20230116-W-Australian_Open-R128-Olivia_Gadecki-Polina_Kudermetova,Polina Kudermetova,ApproachRallies,6,4,0,4,0,1,1,27
20230116-W-Australian_Open-R128-Marta_Kostyuk-Amanda_Anisimova,Marta Kostyuk,NetPoints,11,11,10,1,0,0,0,62
20230116-W-Australian_Open-R128-Marta_Kostyuk-Amanda_Anisimova,Marta Kostyuk,Approach,5,5,5,0,0,0,0,28
20230116-W-Australian_Open-R128-Marta_Kostyuk-Amanda_Anisimova,Marta Kostyuk,NetPointsRallies,10,10,9,1,0,0,0,59
20230116-W-Australian_Open-R128-Marta_Kostyuk-Amanda_Anisimova,Marta Kostyuk,ApproachRallies,4,4,4,0,0,0,0,25
20230116-W-Australian_Open-R128-Marta_Kostyuk-Amanda_Anisimova,Amanda Anisimova,NetPoints,8,4,3,1,0,3,0,58
20230116-W-Australian_Open-R128-Marta_Kostyuk-Amanda_Anisimova,Amanda Anisimova,Approach,3,1,1,0,0,2,0,18
20230116-W-Australian_Open-R128-Marta_Kostyuk-Amanda_Anisimova,Amanda Anisimova,NetPointsRallies,8,4,3,1,0,3,0,58
20230116-W-Australian_Open-R128-Marta_Kostyuk-Amanda_Anisimova,Amanda Anisimova,ApproachRallies,3,1,1,0,0,2,0,18
20230116-W-Australian_Open-R128-Jessica_Pegula-Jaqueline_Cristian,Jessica Pegula,NetPoints,9,6,2,1,1,2,0,58
20230116-W-Australian_Open-R128-Jessica_Pegula-Jaqueline_Cristian,Jessica Pegula,Approach,5,4,1,1,0,1,0,32
20230116-W-Australian_Open-R128-Jessica_Pegula-Jaqueline_Cristian,Jessica Pegula,NetPointsRallies,9,6,2,1,1,2,0,58
20230116-W-Australian_Open-R128-Jessica_Pegula-Jaqueline_Cristian,Jessica Pegula,ApproachRallies,5,4,1,1,0,1,0,32
20230116-W-Australian_Open-R128-Jessica_Pegula-Jaqueline_Cristian,Jaqueline Cristian,NetPoints,8,6,6,0,2,0,0,56
20230116-W-Australian_Open-R128-Jessica_Pegula-Jaqueline_Cristian,Jaqueline Cristian,Approach,6,5,5,0,1,0,0,44
20230116-W-Australian_Open-R128-Jessica_Pegula-Jaqueline_Cristian,Jaqueline Cristian,NetPointsRallies,8,6,6,0,2,0,0,56
20230116-W-Australian_Open-R128-Jessica_Pegula-Jaqueline_Cristian,Jaqueline Cristian,ApproachRallies,6,5,5,0,1,0,0,44
20230116-W-Australian_Open-R128-Iga_Swiatek-Jule_Niemeier,Iga Swiatek,NetPoints,11,8,5,1,1,2,0,74
20230116-W-Australian_Open-R128-Iga_Swiatek-Jule_Niemeier,Iga Swiatek,Approach,4,4,1,1,0,0,0,18
20230116-W-Australian_Open-R128-Iga_Swiatek-Jule_Niemeier,Iga Swiatek,NetPointsRallies,11,8,5,1,1,2,0,74
20230116-W-Australian_Open-R128-Iga_Swiatek-Jule_Niemeier,Iga Swiatek,ApproachRallies,4,4,1,1,0,0,0,18
20230116-W-Australian_Open-R128-Iga_Swiatek-Jule_Niemeier,Jule Niemeier,NetPoints,9,6,5,0,1,1,0,54
20230116-W-Australian_Open-R128-Iga_Swiatek-Jule_Niemeier,Jule Niemeier,Approach,4,1,1,0,1,1,0,18
20230116-W-Australian_Open-R128-Iga_Swiatek-Jule_Niemeier,Jule Niemeier,NetPointsRallies,8,6,5,0,1,1,0,52
20230116-W-Australian_Open-R128-Iga_Swiatek-Jule_Niemeier,Jule Niemeier,ApproachRallies,3,1,1,0,1,1,0,16
20230116-W-Australian_Open-R128-Eva_Lys-Cristina_Bucsa,Eva Lys,NetPoints,9,6,4,1,0,2,1,63
20230116-W-Australian_Open-R128-Eva_Lys-Cristina_Bucsa,Eva Lys,Approach,5,3,1,1,0,2,0,33
20230116-W-Australian_Open-R128-Eva_Lys-Cristina_Bucsa,Eva Lys,NetPointsRallies,9,6,4,1,0,2,1,63
20230116-W-Australian_Open-R128-Eva_Lys-Cristina_Bucsa,Eva Lys,ApproachRallies,5,3,1,1,0,2,0,33
20230116-W-Australian_Open-R128-Eva_Lys-Cristina_Bucsa,Cristina Bucsa,NetPoints,13,12,8,4,0,1,0,86
20230116-W-Australian_Open-R128-Eva_Lys-Cristina_Bucsa,Cristina Bucsa,Approach,7,6,4,2,0,1,0,41
20230116-W-Australian_Open-R128-Eva_Lys-Cristina_Bucsa,Cristina Bucsa,NetPointsRallies,13,12,8,4,0,1,0,86
20230116-W-Australian_Open-R128-Eva_Lys-Cristina_Bucsa,Cristina Bucsa,ApproachRallies,7,6,4,2,0,1,0,41
20230116-W-Australian_Open-R128-Elena_Rybakina-Elisabetta_Cocciaretto,Elena Rybakina,NetPoints,7,5,4,1,0,1,1,41
20230116-W-Australian_Open-R128-Elena_Rybakina-Elisabetta_Cocciaretto,Elena Rybakina,Approach,5,3,2,1,0,1,1,32
20230116-W-Australian_Open-R128-Elena_Rybakina-Elisabetta_Cocciaretto,Elena Rybakina,NetPointsRallies,7,5,4,1,0,1,1,41
20230116-W-Australian_Open-R128-Elena_Rybakina-Elisabetta_Cocciaretto,Elena Rybakina,ApproachRallies,5,3,2,1,0,1,1,32
20230116-W-Australian_Open-R128-Elena_Rybakina-Elisabetta_Cocciaretto,Elisabetta Cocciaretto,NetPoints,2,2,1,1,0,0,0,12
20230116-W-Australian_Open-R128-Elena_Rybakina-Elisabetta_Cocciaretto,Elisabetta Cocciaretto,Approach,1,1,1,0,0,0,0,6
20230116-W-Australian_Open-R128-Elena_Rybakina-Elisabetta_Cocciaretto,Elisabetta Cocciaretto,NetPointsRallies,2,2,1,1,0,0,0,12
20230116-W-Australian_Open-R128-Elena_Rybakina-Elisabetta_Cocciaretto,Elisabetta Cocciaretto,ApproachRallies,1,1,1,0,0,0,0,6
20230116-W-Australian_Open-R128-Diana_Shnaider-Kristina_Kucova,Diana Shnaider,NetPoints,7,6,5,1,0,1,0,30
20230116-W-Australian_Open-R128-Diana_Shnaider-Kristina_Kucova,Diana Shnaider,Approach,6,5,4,1,0,1,0,25
20230116-W-Australian_Open-R128-Diana_Shnaider-Kristina_Kucova,Diana Shnaider,NetPointsRallies,7,6,5,1,0,1,0,30
20230116-W-Australian_Open-R128-Diana_Shnaider-Kristina_Kucova,Diana Shnaider,ApproachRallies,6,5,4,1,0,1,0,25
20230116-W-Australian_Open-R128-Diana_Shnaider-Kristina_Kucova,Kristina Kucova,NetPoints,5,5,1,4,0,0,0,30
20230116-W-Australian_Open-R128-Diana_Shnaider-Kristina_Kucova,Kristina Kucova,Approach,2,2,1,1,0,0,0,11
20230116-W-Australian_Open-R128-Diana_Shnaider-Kristina_Kucova,Kristina Kucova,NetPointsRallies,5,5,1,4,0,0,0,30
20230116-W-Australian_Open-R128-Diana_Shnaider-Kristina_Kucova,Kristina Kucova,ApproachRallies,2,2,1,1,0,0,0,11
20230116-W-Australian_Open-R128-Coco_Gauff-Katerina_Siniakova,Coco Gauff,NetPoints,20,16,11,4,1,2,1,138
20230116-W-Australian_Open-R128-Coco_Gauff-Katerina_Siniakova,Coco Gauff,Approach,13,10,6,3,0,2,1,99
20230116-W-Australian_Open-R128-Coco_Gauff-Katerina_Siniakova,Coco Gauff,NetPointsRallies,20,16,11,4,1,2,1,138
20230116-W-Australian_Open-R128-Coco_Gauff-Katerina_Siniakova,Coco Gauff,ApproachRallies,13,10,6,3,0,2,1,99
20230116-W-Australian_Open-R128-Coco_Gauff-Katerina_Siniakova,Katerina Siniakova,NetPoints,9,4,1,2,2,3,0,72
20230116-W-Australian_Open-R128-Coco_Gauff-Katerina_Siniakova,Katerina Siniakova,Approach,6,2,0,1,2,2,0,42
20230116-W-Australian_Open-R128-Coco_Gauff-Katerina_Siniakova,Katerina Siniakova,NetPointsRallies,9,4,1,2,2,3,0,72
20230116-W-Australian_Open-R128-Coco_Gauff-Katerina_Siniakova,Katerina Siniakova,ApproachRallies,6,2,0,1,2,2,0,42
20230116-W-Australian_Open-R128-Bianca_Andreescu-Marie_Bouzkova,Bianca Andreescu,NetPoints,24,18,13,5,3,1,1,198
20230116-W-Australian_Open-R128-Bianca_Andreescu-Marie_Bouzkova,Bianca Andreescu,Approach,22,16,12,4,3,1,1,187
20230116-W-Australian_Open-R128-Bianca_Andreescu-Marie_Bouzkova,Bianca Andreescu,NetPointsRallies,24,18,13,5,3,1,1,198
20230116-W-Australian_Open-R128-Bianca_Andreescu-Marie_Bouzkova,Bianca Andreescu,ApproachRallies,22,16,12,4,3,1,1,187
20230116-W-Australian_Open-R128-Bianca_Andreescu-Marie_Bouzkova,Marie Bouzkova,NetPoints,16,11,6,3,1,2,2,96
20230116-W-Australian_Open-R128-Bianca_Andreescu-Marie_Bouzkova,Marie Bouzkova,Approach,13,9,4,3,1,2,1,64
20230116-W-Australian_Open-R128-Bianca_Andreescu-Marie_Bouzkova,Marie Bouzkova,NetPointsRallies,16,11,6,3,1,2,2,96
20230116-W-Australian_Open-R128-Bianca_Andreescu-Marie_Bouzkova,Marie Bouzkova,ApproachRallies,13,9,4,3,1,2,1,64
20230116-W-Australian_Open-R128-Aliaksandra_Sasnovich-Brenda_Fruhvirtova,Aliaksandra Sasnovich,NetPoints,10,10,8,1,0,0,0,56
20230116-W-Australian_Open-R128-Aliaksandra_Sasnovich-Brenda_Fruhvirtova,Aliaksandra Sasnovich,NetPointsRallies,10,10,8,1,0,0,0,56
20230116-W-Australian_Open-R128-Aliaksandra_Sasnovich-Brenda_Fruhvirtova,Brenda Fruhvirtova,NetPoints,4,2,1,0,0,2,0,22
20230116-W-Australian_Open-R128-Aliaksandra_Sasnovich-Brenda_Fruhvirtova,Brenda Fruhvirtova,NetPointsRallies,4,2,1,0,0,2,0,22
20230109-W-Australian_Open-Q1-Ashlyn_Krueger-Eugenie_Bouchard,Ashlyn Krueger,NetPoints,11,5,3,2,4,1,1,60
20230109-W-Australian_Open-Q1-Ashlyn_Krueger-Eugenie_Bouchard,Ashlyn Krueger,Approach,5,2,1,1,2,0,1,27
20230109-W-Australian_Open-Q1-Ashlyn_Krueger-Eugenie_Bouchard,Ashlyn Krueger,NetPointsRallies,11,5,3,2,4,1,1,60
20230109-W-Australian_Open-Q1-Ashlyn_Krueger-Eugenie_Bouchard,Ashlyn Krueger,ApproachRallies,5,2,1,1,2,0,1,27
20230109-W-Australian_Open-Q1-Ashlyn_Krueger-Eugenie_Bouchard,Eugenie Bouchard,NetPoints,15,13,6,7,0,1,1,75
20230109-W-Australian_Open-Q1-Ashlyn_Krueger-Eugenie_Bouchard,Eugenie Bouchard,Approach,6,6,3,3,0,0,0,37
20230109-W-Australian_Open-Q1-Ashlyn_Krueger-Eugenie_Bouchard,Eugenie Bouchard,NetPointsRallies,15,13,6,7,0,1,1,75
20230109-W-Australian_Open-Q1-Ashlyn_Krueger-Eugenie_Bouchard,Eugenie Bouchard,ApproachRallies,6,6,3,3,0,0,0,37
20220910-W-US_Open-F-Iga_Swiatek-Ons_Jabeur,Iga Swiatek,NetPoints,16,11,8,3,3,1,1,139
20220910-W-US_Open-F-Iga_Swiatek-Ons_Jabeur,Iga Swiatek,Approach,6,3,1,2,2,0,1,44
20220910-W-US_Open-F-Iga_Swiatek-Ons_Jabeur,Iga Swiatek,NetPointsRallies,16,11,8,3,3,1,1,139
20220910-W-US_Open-F-Iga_Swiatek-Ons_Jabeur,Iga Swiatek,ApproachRallies,6,3,1,2,2,0,1,44
20220910-W-US_Open-F-Iga_Swiatek-Ons_Jabeur,Ons Jabeur,NetPoints,15,7,5,2,4,3,1,92
20220910-W-US_Open-F-Iga_Swiatek-Ons_Jabeur,Ons Jabeur,Approach,11,6,4,2,3,2,0,69
20220910-W-US_Open-F-Iga_Swiatek-Ons_Jabeur,Ons Jabeur,NetPointsRallies,15,7,5,2,4,3,1,92
20220910-W-US_Open-F-Iga_Swiatek-Ons_Jabeur,Ons Jabeur,ApproachRallies,11,6,4,2,3,2,0,69
20220907-W-US_Open-QF-Iga_Swiatek-Jessica_Pegula,Iga Swiatek,NetPoints,12,10,6,4,2,0,0,106
20220907-W-US_Open-QF-Iga_Swiatek-Jessica_Pegula,Iga Swiatek,Approach,6,5,3,2,1,0,0,36
20220907-W-US_Open-QF-Iga_Swiatek-Jessica_Pegula,Iga Swiatek,NetPointsRallies,12,10,6,4,2,0,0,106
20220907-W-US_Open-QF-Iga_Swiatek-Jessica_Pegula,Iga Swiatek,ApproachRallies,6,5,3,2,1,0,0,36
20220907-W-US_Open-QF-Iga_Swiatek-Jessica_Pegula,Jessica Pegula,NetPoints,8,4,3,0,3,0,1,35
20220907-W-US_Open-QF-Iga_Swiatek-Jessica_Pegula,Jessica Pegula,Approach,4,1,0,0,2,0,1,19
20220907-W-US_Open-QF-Iga_Swiatek-Jessica_Pegula,Jessica Pegula,NetPointsRallies,8,4,3,0,3,0,1,35
20220907-W-US_Open-QF-Iga_Swiatek-Jessica_Pegula,Jessica Pegula,ApproachRallies,4,1,0,0,2,0,1,19
20220906-W-US_Open-QF-Caroline_Garcia-Coco_Gauff,Caroline Garcia,NetPoints,20,15,7,4,2,1,0,124
20220906-W-US_Open-QF-Caroline_Garcia-Coco_Gauff,Caroline Garcia,Approach,15,12,6,4,1,0,0,91
20220906-W-US_Open-QF-Caroline_Garcia-Coco_Gauff,Caroline Garcia,NetPointsRallies,20,15,7,4,2,1,0,124
20220906-W-US_Open-QF-Caroline_Garcia-Coco_Gauff,Caroline Garcia,ApproachRallies,15,12,6,4,1,0,0,91
20220906-W-US_Open-QF-Caroline_Garcia-Coco_Gauff,Coco Gauff,NetPoints,15,9,5,2,3,1,1,77
20220906-W-US_Open-QF-Caroline_Garcia-Coco_Gauff,Coco Gauff,Approach,12,9,5,2,2,1,0,44
20220906-W-US_Open-QF-Caroline_Garcia-Coco_Gauff,Coco Gauff,NetPointsRallies,11,6,4,2,3,0,1,66
20220906-W-US_Open-QF-Caroline_Garcia-Coco_Gauff,Coco Gauff,ApproachRallies,8,6,4,2,2,0,0,33
20220905-W-US_Open-R16-Petra_Kvitova-Jessica_Pegula,Petra Kvitova,NetPoints,11,6,5,0,2,0,1,60
20220905-W-US_Open-R16-Petra_Kvitova-Jessica_Pegula,Petra Kvitova,Approach,7,4,4,0,0,0,1,40
20220905-W-US_Open-R16-Petra_Kvitova-Jessica_Pegula,Petra Kvitova,NetPointsRallies,9,5,4,0,2,0,1,55
20220905-W-US_Open-R16-Petra_Kvitova-Jessica_Pegula,Petra Kvitova,ApproachRallies,5,3,3,0,0,0,1,35
20220905-W-US_Open-R16-Petra_Kvitova-Jessica_Pegula,Jessica Pegula,NetPoints,5,4,3,0,0,1,0,36
20220905-W-US_Open-R16-Petra_Kvitova-Jessica_Pegula,Jessica Pegula,Approach,2,1,1,0,0,1,0,9
20220905-W-US_Open-R16-Petra_Kvitova-Jessica_Pegula,Jessica Pegula,NetPointsRallies,5,4,3,0,0,1,0,36
20220905-W-US_Open-R16-Petra_Kvitova-Jessica_Pegula,Jessica Pegula,ApproachRallies,2,1,1,0,0,1,0,9
20220905-W-US_Open-R16-Karolina_Pliskova-Victoria_Azarenka,Karolina Pliskova,NetPoints,19,9,8,1,3,4,3,115
20220905-W-US_Open-R16-Karolina_Pliskova-Victoria_Azarenka,Karolina Pliskova,Approach,3,2,2,0,0,0,1,17
20220905-W-US_Open-R16-Karolina_Pliskova-Victoria_Azarenka,Karolina Pliskova,NetPointsRallies,19,9,8,1,3,4,3,115
20220905-W-US_Open-R16-Karolina_Pliskova-Victoria_Azarenka,Karolina Pliskova,ApproachRallies,3,2,2,0,0,0,1,17
20220905-W-US_Open-R16-Karolina_Pliskova-Victoria_Azarenka,Victoria Azarenka,NetPoints,29,19,11,7,4,3,2,199
20220905-W-US_Open-R16-Karolina_Pliskova-Victoria_Azarenka,Victoria Azarenka,Approach,14,9,4,4,2,1,2,96
20220905-W-US_Open-R16-Karolina_Pliskova-Victoria_Azarenka,Victoria Azarenka,NetPointsRallies,29,19,11,7,4,3,2,199
20220905-W-US_Open-R16-Karolina_Pliskova-Victoria_Azarenka,Victoria Azarenka,ApproachRallies,14,9,4,4,2,1,2,96
20220905-W-US_Open-R16-Iga_Swiatek-Jule_Niemeier,Iga Swiatek,NetPoints,18,14,10,3,2,1,1,108
20220905-W-US_Open-R16-Iga_Swiatek-Jule_Niemeier,Iga Swiatek,Approach,13,9,6,2,2,1,1,80
20220905-W-US_Open-R16-Iga_Swiatek-Jule_Niemeier,Iga Swiatek,NetPointsRallies,18,14,10,3,2,1,1,108
20220905-W-US_Open-R16-Iga_Swiatek-Jule_Niemeier,Iga Swiatek,ApproachRallies,13,9,6,2,2,1,1,80
20220905-W-US_Open-R16-Iga_Swiatek-Jule_Niemeier,Jule Niemeier,NetPoints,18,9,4,2,5,2,0,84
20220905-W-US_Open-R16-Iga_Swiatek-Jule_Niemeier,Jule Niemeier,Approach,14,8,3,2,3,2,0,58
20220905-W-US_Open-R16-Iga_Swiatek-Jule_Niemeier,Jule Niemeier,NetPointsRallies,15,7,4,2,5,2,0,80
20220905-W-US_Open-R16-Iga_Swiatek-Jule_Niemeier,Jule Niemeier,ApproachRallies,11,6,3,2,3,2,0,54
20220905-W-US_Open-R16-Danielle_Collins-Aryna_Sabalenka,Danielle Collins,NetPoints,13,10,8,2,1,2,0,88
20220905-W-US_Open-R16-Danielle_Collins-Aryna_Sabalenka,Danielle Collins,Approach,10,8,6,2,0,2,0,68
20220905-W-US_Open-R16-Danielle_Collins-Aryna_Sabalenka,Danielle Collins,NetPointsRallies,13,10,8,2,1,2,0,88
20220905-W-US_Open-R16-Danielle_Collins-Aryna_Sabalenka,Danielle Collins,ApproachRallies,10,8,6,2,0,2,0,68
20220905-W-US_Open-R16-Danielle_Collins-Aryna_Sabalenka,Aryna Sabalenka,NetPoints,13,11,10,1,1,0,1,51
20220905-W-US_Open-R16-Danielle_Collins-Aryna_Sabalenka,Aryna Sabalenka,Approach,8,7,6,1,0,0,1,33
20220905-W-US_Open-R16-Danielle_Collins-Aryna_Sabalenka,Aryna Sabalenka,NetPointsRallies,13,11,10,1,1,0,1,51
20220905-W-US_Open-R16-Danielle_Collins-Aryna_Sabalenka,Aryna Sabalenka,ApproachRallies,8,7,6,1,0,0,1,33
20220904-W-US_Open-R16-Shuai_Zhang-Coco_Gauff,Shuai Zhang,NetPoints,22,16,9,6,2,4,0,147
20220904-W-US_Open-R16-Shuai_Zhang-Coco_Gauff,Shuai Zhang,Approach,16,12,6,5,0,4,0,106
20220904-W-US_Open-R16-Shuai_Zhang-Coco_Gauff,Shuai Zhang,NetPointsRallies,22,16,9,6,2,4,0,147
20220904-W-US_Open-R16-Shuai_Zhang-Coco_Gauff,Shuai Zhang,ApproachRallies,16,12,6,5,0,4,0,106
20220904-W-US_Open-R16-Shuai_Zhang-Coco_Gauff,Coco Gauff,NetPoints,10,7,7,0,0,2,1,73
20220904-W-US_Open-R16-Shuai_Zhang-Coco_Gauff,Coco Gauff,Approach,3,1,1,0,0,1,1,19
20220904-W-US_Open-R16-Shuai_Zhang-Coco_Gauff,Coco Gauff,NetPointsRallies,10,7,7,0,0,2,1,73
20220904-W-US_Open-R16-Shuai_Zhang-Coco_Gauff,Coco Gauff,ApproachRallies,3,1,1,0,0,1,1,19
20220904-W-US_Open-R16-Liudmila_Samsonova-Ajla_Tomljanovic,Liudmila Samsonova,NetPoints,9,8,7,1,0,0,1,51
20220904-W-US_Open-R16-Liudmila_Samsonova-Ajla_Tomljanovic,Liudmila Samsonova,Approach,6,5,5,0,0,0,1,32
20220904-W-US_Open-R16-Liudmila_Samsonova-Ajla_Tomljanovic,Liudmila Samsonova,NetPointsRallies,9,8,7,1,0,0,1,51
20220904-W-US_Open-R16-Liudmila_Samsonova-Ajla_Tomljanovic,Liudmila Samsonova,ApproachRallies,6,5,5,0,0,0,1,32
20220904-W-US_Open-R16-Caroline_Garcia-Alison_Riske_Amritraj,Caroline Garcia,NetPoints,12,9,6,3,1,2,0,61
20220904-W-US_Open-R16-Caroline_Garcia-Alison_Riske_Amritraj,Caroline Garcia,Approach,7,5,4,1,1,1,0,38
20220904-W-US_Open-R16-Caroline_Garcia-Alison_Riske_Amritraj,Caroline Garcia,NetPointsRallies,12,9,6,3,1,2,0,61
20220904-W-US_Open-R16-Caroline_Garcia-Alison_Riske_Amritraj,Caroline Garcia,ApproachRallies,7,5,4,1,1,1,0,38
20220904-W-US_Open-R16-Caroline_Garcia-Alison_Riske_Amritraj,Alison Riske Amritraj,NetPoints,3,3,2,1,0,0,0,12
20220904-W-US_Open-R16-Caroline_Garcia-Alison_Riske_Amritraj,Alison Riske Amritraj,Approach,2,2,1,1,0,0,0,9
20220904-W-US_Open-R16-Caroline_Garcia-Alison_Riske_Amritraj,Alison Riske Amritraj,NetPointsRallies,3,3,2,1,0,0,0,12
20220904-W-US_Open-R16-Caroline_Garcia-Alison_Riske_Amritraj,Alison Riske Amritraj,ApproachRallies,2,2,1,1,0,0,0,9
20220903-W-US_Open-R32-Serena_Williams-Ajla_Tomljanovic,Serena Williams,NetPoints,50,34,23,10,7,4,3,312
20220903-W-US_Open-R32-Serena_Williams-Ajla_Tomljanovic,Serena Williams,Approach,32,19,12,7,6,3,2,195
20220903-W-US_Open-R32-Serena_Williams-Ajla_Tomljanovic,Serena Williams,NetPointsRallies,49,34,23,10,6,4,3,310
20220903-W-US_Open-R32-Serena_Williams-Ajla_Tomljanovic,Serena Williams,ApproachRallies,31,19,12,7,5,3,2,193
20220903-W-US_Open-R32-Serena_Williams-Ajla_Tomljanovic,Ajla Tomljanovic,NetPoints,7,4,1,3,0,1,2,55
20220903-W-US_Open-R32-Serena_Williams-Ajla_Tomljanovic,Ajla Tomljanovic,Approach,5,3,1,2,0,0,2,34
20220903-W-US_Open-R32-Serena_Williams-Ajla_Tomljanovic,Ajla Tomljanovic,NetPointsRallies,7,4,1,3,0,1,2,55
20220903-W-US_Open-R32-Serena_Williams-Ajla_Tomljanovic,Ajla Tomljanovic,ApproachRallies,5,3,1,2,0,0,2,34
20220903-W-US_Open-R32-Petra_Kvitova-Garbine_Muguruza,Petra Kvitova,NetPoints,11,8,4,3,0,1,2,77
20220903-W-US_Open-R32-Petra_Kvitova-Garbine_Muguruza,Petra Kvitova,Approach,9,6,4,2,0,1,2,67
20220903-W-US_Open-R32-Petra_Kvitova-Garbine_Muguruza,Petra Kvitova,NetPointsRallies,10,8,4,3,0,0,2,73
20220903-W-US_Open-R32-Petra_Kvitova-Garbine_Muguruza,Petra Kvitova,ApproachRallies,8,6,4,2,0,0,2,63
20220903-W-US_Open-R32-Petra_Kvitova-Garbine_Muguruza,Garbine Muguruza,NetPoints,14,12,9,3,1,1,0,63
20220903-W-US_Open-R32-Petra_Kvitova-Garbine_Muguruza,Garbine Muguruza,Approach,4,3,2,1,0,1,0,23
20220903-W-US_Open-R32-Petra_Kvitova-Garbine_Muguruza,Garbine Muguruza,NetPointsRallies,14,12,9,3,1,1,0,63
20220903-W-US_Open-R32-Petra_Kvitova-Garbine_Muguruza,Garbine Muguruza,ApproachRallies,4,3,2,1,0,1,0,23
20220903-W-US_Open-R32-Iga_Swiatek-Lauren_Davis,Iga Swiatek,NetPoints,14,10,6,1,1,2,0,106
20220903-W-US_Open-R32-Iga_Swiatek-Lauren_Davis,Iga Swiatek,Approach,10,7,3,1,1,2,0,79
20220903-W-US_Open-R32-Iga_Swiatek-Lauren_Davis,Iga Swiatek,NetPointsRallies,14,10,6,1,1,2,0,106
20220903-W-US_Open-R32-Iga_Swiatek-Lauren_Davis,Iga Swiatek,ApproachRallies,10,7,3,1,1,2,0,79
20220903-W-US_Open-R32-Iga_Swiatek-Lauren_Davis,Lauren Davis,NetPoints,7,5,3,2,1,0,0,47
20220903-W-US_Open-R32-Iga_Swiatek-Lauren_Davis,Lauren Davis,Approach,6,4,3,1,1,0,0,42
20220903-W-US_Open-R32-Iga_Swiatek-Lauren_Davis,Lauren Davis,NetPointsRallies,7,5,3,2,1,0,0,47
20220903-W-US_Open-R32-Iga_Swiatek-Lauren_Davis,Lauren Davis,ApproachRallies,6,4,3,1,1,0,0,42
20220902-W-US_Open-R32-Coco_Gauff-Madison_Keys,Coco Gauff,NetPoints,7,5,0,2,1,0,1,46
20220902-W-US_Open-R32-Coco_Gauff-Madison_Keys,Coco Gauff,Approach,5,3,0,1,1,0,1,25
20220902-W-US_Open-R32-Coco_Gauff-Madison_Keys,Coco Gauff,NetPointsRallies,6,4,0,2,1,0,1,45
20220902-W-US_Open-R32-Coco_Gauff-Madison_Keys,Coco Gauff,ApproachRallies,4,2,0,1,1,0,1,24
20220902-W-US_Open-R32-Coco_Gauff-Madison_Keys,Madison Keys,NetPoints,10,6,4,1,2,1,1,67
20220902-W-US_Open-R32-Coco_Gauff-Madison_Keys,Madison Keys,Approach,5,4,2,1,1,0,0,27
20220902-W-US_Open-R32-Coco_Gauff-Madison_Keys,Madison Keys,NetPointsRallies,10,6,4,1,2,1,1,67
20220902-W-US_Open-R32-Coco_Gauff-Madison_Keys,Madison Keys,ApproachRallies,5,4,2,1,1,0,0,27
20220902-W-US_Open-R32-Caroline_Garcia-Bianca_Andreescu,Caroline Garcia,NetPoints,24,13,11,2,4,2,4,130
20220902-W-US_Open-R32-Caroline_Garcia-Bianca_Andreescu,Caroline Garcia,Approach,17,8,6,2,4,1,3,80
20220902-W-US_Open-R32-Caroline_Garcia-Bianca_Andreescu,Caroline Garcia,NetPointsRallies,24,13,11,2,4,2,4,130
20220902-W-US_Open-R32-Caroline_Garcia-Bianca_Andreescu,Caroline Garcia,ApproachRallies,17,8,6,2,4,1,3,80
20220902-W-US_Open-R32-Caroline_Garcia-Bianca_Andreescu,Bianca Andreescu,NetPoints,17,11,6,5,3,0,2,85
20220902-W-US_Open-R32-Caroline_Garcia-Bianca_Andreescu,Bianca Andreescu,Approach,14,8,5,3,3,0,2,71
20220902-W-US_Open-R32-Caroline_Garcia-Bianca_Andreescu,Bianca Andreescu,NetPointsRallies,16,11,6,5,3,0,2,83
20220902-W-US_Open-R32-Caroline_Garcia-Bianca_Andreescu,Bianca Andreescu,ApproachRallies,13,8,5,3,3,0,2,69
20220901-W-US_Open-R64-Linda_Fruhvirtova-Garbine_Muguruza,Linda Fruhvirtova,NetPoints,2,0,0,0,2,0,0,13
20220901-W-US_Open-R64-Linda_Fruhvirtova-Garbine_Muguruza,Linda Fruhvirtova,NetPointsRallies,2,0,0,0,2,0,0,13
20220901-W-US_Open-R64-Linda_Fruhvirtova-Garbine_Muguruza,Garbine Muguruza,NetPoints,23,17,12,4,4,1,1,119
20220901-W-US_Open-R64-Linda_Fruhvirtova-Garbine_Muguruza,Garbine Muguruza,Approach,12,8,4,4,3,1,0,65
20220901-W-US_Open-R64-Linda_Fruhvirtova-Garbine_Muguruza,Garbine Muguruza,NetPointsRallies,23,17,12,4,4,1,1,119
20220901-W-US_Open-R64-Linda_Fruhvirtova-Garbine_Muguruza,Garbine Muguruza,ApproachRallies,12,8,4,4,3,1,0,65
20220901-W-US_Open-R64-Iga_Swiatek-Sloane_Stephens,Iga Swiatek,NetPoints,7,5,0,5,1,0,0,51
20220901-W-US_Open-R64-Iga_Swiatek-Sloane_Stephens,Iga Swiatek,Approach,4,4,0,4,0,0,0,21
20220901-W-US_Open-R64-Iga_Swiatek-Sloane_Stephens,Iga Swiatek,NetPointsRallies,7,5,0,5,1,0,0,51
20220901-W-US_Open-R64-Iga_Swiatek-Sloane_Stephens,Iga Swiatek,ApproachRallies,4,4,0,4,0,0,0,21
20220901-W-US_Open-R64-Iga_Swiatek-Sloane_Stephens,Sloane Stephens,NetPoints,1,1,1,0,0,0,0,7
20220901-W-US_Open-R64-Iga_Swiatek-Sloane_Stephens,Sloane Stephens,NetPointsRallies,1,1,1,0,0,0,0,7
20220901-W-US_Open-R64-Beatriz_Haddad_Maia-Bianca_Andreescu,Beatriz Haddad Maia,NetPoints,17,12,8,3,2,0,3,131
20220901-W-US_Open-R64-Beatriz_Haddad_Maia-Bianca_Andreescu,Beatriz Haddad Maia,Approach,12,7,4,2,2,0,3,71
20220901-W-US_Open-R64-Beatriz_Haddad_Maia-Bianca_Andreescu,Beatriz Haddad Maia,NetPointsRallies,16,11,8,3,2,0,3,130
20220901-W-US_Open-R64-Beatriz_Haddad_Maia-Bianca_Andreescu,Beatriz Haddad Maia,ApproachRallies,11,6,4,2,2,0,3,70
20220901-W-US_Open-R64-Beatriz_Haddad_Maia-Bianca_Andreescu,Bianca Andreescu,NetPoints,13,8,3,5,0,5,0,94
20220901-W-US_Open-R64-Beatriz_Haddad_Maia-Bianca_Andreescu,Bianca Andreescu,Approach,11,7,3,4,0,4,0,79
20220901-W-US_Open-R64-Beatriz_Haddad_Maia-Bianca_Andreescu,Bianca Andreescu,NetPointsRallies,13,8,3,5,0,5,0,94
20220901-W-US_Open-R64-Beatriz_Haddad_Maia-Bianca_Andreescu,Bianca Andreescu,ApproachRallies,11,7,3,4,0,4,0,79
20220831-W-US_Open-R64-Rebecca_Marino-Daria_Snigur,Rebecca Marino,NetPoints,4,2,1,1,1,1,0,22
20220831-W-US_Open-R64-Rebecca_Marino-Daria_Snigur,Rebecca Marino,NetPointsRallies,4,2,1,1,1,1,0,22
20220831-W-US_Open-R64-Rebecca_Marino-Daria_Snigur,Daria Snigur,NetPoints,5,3,2,1,2,0,0,33
20220831-W-US_Open-R64-Rebecca_Marino-Daria_Snigur,Daria Snigur,Approach,2,2,1,1,0,0,0,10
20220831-W-US_Open-R64-Rebecca_Marino-Daria_Snigur,Daria Snigur,NetPointsRallies,5,3,2,1,2,0,0,33
20220831-W-US_Open-R64-Rebecca_Marino-Daria_Snigur,Daria Snigur,ApproachRallies,2,2,1,1,0,0,0,10
20220831-W-US_Open-R64-Anett_Kontaveit-Serena_Williams,Anett Kontaveit,NetPoints,4,4,2,2,0,0,0,19
20220831-W-US_Open-R64-Anett_Kontaveit-Serena_Williams,Anett Kontaveit,Approach,2,2,1,1,0,0,0,6
20220831-W-US_Open-R64-Anett_Kontaveit-Serena_Williams,Anett Kontaveit,NetPointsRallies,4,4,2,2,0,0,0,19
20220831-W-US_Open-R64-Anett_Kontaveit-Serena_Williams,Anett Kontaveit,ApproachRallies,2,2,1,1,0,0,0,6
20220831-W-US_Open-R64-Anett_Kontaveit-Serena_Williams,Serena Williams,NetPoints,11,7,4,3,1,2,0,64
20220831-W-US_Open-R64-Anett_Kontaveit-Serena_Williams,Serena Williams,Approach,8,4,2,2,1,2,0,49
20220831-W-US_Open-R64-Anett_Kontaveit-Serena_Williams,Serena Williams,NetPointsRallies,11,7,4,3,1,2,0,64
20220831-W-US_Open-R64-Anett_Kontaveit-Serena_Williams,Serena Williams,ApproachRallies,8,4,2,2,1,2,0,49
20220830-W-US_Open-R128-Venus_Williams-Alison_Van_Uytvanck,Venus Williams,NetPoints,19,12,5,7,2,3,2,89
20220830-W-US_Open-R128-Venus_Williams-Alison_Van_Uytvanck,Venus Williams,Approach,14,8,2,6,2,2,2,61
20220830-W-US_Open-R128-Venus_Williams-Alison_Van_Uytvanck,Venus Williams,NetPointsRallies,19,12,5,7,2,3,2,89
20220830-W-US_Open-R128-Venus_Williams-Alison_Van_Uytvanck,Venus Williams,ApproachRallies,14,8,2,6,2,2,2,61
20220830-W-US_Open-R128-Venus_Williams-Alison_Van_Uytvanck,Alison Van Uytvanck,NetPoints,17,15,8,7,0,0,2,98
20220830-W-US_Open-R128-Venus_Williams-Alison_Van_Uytvanck,Alison Van Uytvanck,Approach,16,14,7,7,0,0,2,91
20220830-W-US_Open-R128-Venus_Williams-Alison_Van_Uytvanck,Alison Van Uytvanck,NetPointsRallies,17,15,8,7,0,0,2,98
20220830-W-US_Open-R128-Venus_Williams-Alison_Van_Uytvanck,Alison Van Uytvanck,ApproachRallies,16,14,7,7,0,0,2,91
20220830-W-US_Open-R128-Peyton_Stearns-Ekaterina_Alexandrova,Peyton Stearns,NetPoints,5,5,3,2,0,0,0,37
20220830-W-US_Open-R128-Peyton_Stearns-Ekaterina_Alexandrova,Peyton Stearns,Approach,4,4,2,2,0,0,0,28
20220830-W-US_Open-R128-Peyton_Stearns-Ekaterina_Alexandrova,Peyton Stearns,NetPointsRallies,5,5,3,2,0,0,0,37
20220830-W-US_Open-R128-Peyton_Stearns-Ekaterina_Alexandrova,Peyton Stearns,ApproachRallies,4,4,2,2,0,0,0,28
20220830-W-US_Open-R128-Peyton_Stearns-Ekaterina_Alexandrova,Ekaterina Alexandrova,NetPoints,4,4,3,1,0,0,0,25
20220830-W-US_Open-R128-Peyton_Stearns-Ekaterina_Alexandrova,Ekaterina Alexandrova,NetPointsRallies,4,4,3,1,0,0,0,25
20220830-W-US_Open-R128-Naomi_Osaka-Danielle_Collins,Naomi Osaka,NetPoints,5,1,1,0,1,3,0,37
20220830-W-US_Open-R128-Naomi_Osaka-Danielle_Collins,Naomi Osaka,Approach,1,1,1,0,0,0,0,5
20220830-W-US_Open-R128-Naomi_Osaka-Danielle_Collins,Naomi Osaka,NetPointsRallies,5,1,1,0,1,3,0,37
20220830-W-US_Open-R128-Naomi_Osaka-Danielle_Collins,Naomi Osaka,ApproachRallies,1,1,1,0,0,0,0,5
20220830-W-US_Open-R128-Naomi_Osaka-Danielle_Collins,Danielle Collins,NetPoints,9,6,4,2,3,0,0,52
20220830-W-US_Open-R128-Naomi_Osaka-Danielle_Collins,Danielle Collins,Approach,7,4,3,1,3,0,0,34
20220830-W-US_Open-R128-Naomi_Osaka-Danielle_Collins,Danielle Collins,NetPointsRallies,9,6,4,2,3,0,0,52
20220830-W-US_Open-R128-Naomi_Osaka-Danielle_Collins,Danielle Collins,ApproachRallies,7,4,3,1,3,0,0,34
20220830-W-US_Open-R128-Marie_Bouzkova-Linda_Noskova,Marie Bouzkova,NetPoints,17,15,13,2,0,2,0,107
20220830-W-US_Open-R128-Marie_Bouzkova-Linda_Noskova,Marie Bouzkova,Approach,7,7,6,1,0,0,0,34
20220830-W-US_Open-R128-Marie_Bouzkova-Linda_Noskova,Marie Bouzkova,NetPointsRallies,16,14,12,2,0,2,0,104
20220830-W-US_Open-R128-Marie_Bouzkova-Linda_Noskova,Marie Bouzkova,ApproachRallies,6,6,5,1,0,0,0,31
20220830-W-US_Open-R128-Marie_Bouzkova-Linda_Noskova,Linda Noskova,NetPoints,18,14,10,4,2,2,0,115
20220830-W-US_Open-R128-Marie_Bouzkova-Linda_Noskova,Linda Noskova,Approach,12,10,6,4,2,0,0,66
20220830-W-US_Open-R128-Marie_Bouzkova-Linda_Noskova,Linda Noskova,NetPointsRallies,18,14,10,4,2,2,0,115
20220830-W-US_Open-R128-Marie_Bouzkova-Linda_Noskova,Linda Noskova,ApproachRallies,12,10,6,4,2,0,0,66
20220830-W-US_Open-R128-Kaja_Juvan-Cristina_Bucsa,Kaja Juvan,NetPoints,17,13,9,3,2,1,1,120
20220830-W-US_Open-R128-Kaja_Juvan-Cristina_Bucsa,Kaja Juvan,Approach,12,9,7,1,2,1,0,89
20220830-W-US_Open-R128-Kaja_Juvan-Cristina_Bucsa,Kaja Juvan,NetPointsRallies,17,13,9,3,2,1,1,120
20220830-W-US_Open-R128-Kaja_Juvan-Cristina_Bucsa,Kaja Juvan,ApproachRallies,12,9,7,1,2,1,0,89
20220830-W-US_Open-R128-Kaja_Juvan-Cristina_Bucsa,Cristina Bucsa,NetPoints,14,10,8,1,0,4,0,150
20220830-W-US_Open-R128-Kaja_Juvan-Cristina_Bucsa,Cristina Bucsa,Approach,7,6,4,1,0,1,0,68
20220830-W-US_Open-R128-Kaja_Juvan-Cristina_Bucsa,Cristina Bucsa,NetPointsRallies,14,10,8,1,0,4,0,150
20220830-W-US_Open-R128-Kaja_Juvan-Cristina_Bucsa,Cristina Bucsa,ApproachRallies,7,6,4,1,0,1,0,68
20220830-W-US_Open-R128-Jasmine_Paolini-Iga_Swiatek,Jasmine Paolini,NetPoints,3,1,1,0,1,1,0,15
20220830-W-US_Open-R128-Jasmine_Paolini-Iga_Swiatek,Jasmine Paolini,Approach,3,1,1,0,1,1,0,15
20220830-W-US_Open-R128-Jasmine_Paolini-Iga_Swiatek,Jasmine Paolini,NetPointsRallies,3,1,1,0,1,1,0,15
20220830-W-US_Open-R128-Jasmine_Paolini-Iga_Swiatek,Jasmine Paolini,ApproachRallies,3,1,1,0,1,1,0,15
20220830-W-US_Open-R128-Jasmine_Paolini-Iga_Swiatek,Iga Swiatek,NetPoints,3,1,1,0,1,0,0,19
20220830-W-US_Open-R128-Jasmine_Paolini-Iga_Swiatek,Iga Swiatek,Approach,2,1,1,0,0,0,0,14
20220830-W-US_Open-R128-Jasmine_Paolini-Iga_Swiatek,Iga Swiatek,NetPointsRallies,3,1,1,0,1,0,0,19
20220830-W-US_Open-R128-Jasmine_Paolini-Iga_Swiatek,Iga Swiatek,ApproachRallies,2,1,1,0,0,0,0,14
20220830-W-US_Open-R128-Andrea_Petkovic-Belinda_Bencic,Andrea Petkovic,NetPoints,16,15,10,5,0,1,0,113
20220830-W-US_Open-R128-Andrea_Petkovic-Belinda_Bencic,Andrea Petkovic,Approach,11,10,6,4,0,1,0,87
20220830-W-US_Open-R128-Andrea_Petkovic-Belinda_Bencic,Andrea Petkovic,NetPointsRallies,16,15,10,5,0,1,0,113
20220830-W-US_Open-R128-Andrea_Petkovic-Belinda_Bencic,Andrea Petkovic,ApproachRallies,11,10,6,4,0,1,0,87
20220830-W-US_Open-R128-Andrea_Petkovic-Belinda_Bencic,Belinda Bencic,NetPoints,18,15,10,5,1,2,0,103
20220830-W-US_Open-R128-Andrea_Petkovic-Belinda_Bencic,Belinda Bencic,Approach,12,12,9,3,0,0,0,71
20220830-W-US_Open-R128-Andrea_Petkovic-Belinda_Bencic,Belinda Bencic,NetPointsRallies,18,15,10,5,1,2,0,103
20220830-W-US_Open-R128-Andrea_Petkovic-Belinda_Bencic,Belinda Bencic,ApproachRallies,12,12,9,3,0,0,0,71
20220830-W-US_Open-R128-Alize_Cornet-Emma_Raducanu,Alize Cornet,NetPoints,17,14,9,5,1,1,1,140
20220830-W-US_Open-R128-Alize_Cornet-Emma_Raducanu,Alize Cornet,Approach,10,8,4,4,1,1,0,78
20220830-W-US_Open-R128-Alize_Cornet-Emma_Raducanu,Alize Cornet,NetPointsRallies,17,14,9,5,1,1,1,140
20220830-W-US_Open-R128-Alize_Cornet-Emma_Raducanu,Alize Cornet,ApproachRallies,10,8,4,4,1,1,0,78
20220830-W-US_Open-R128-Alize_Cornet-Emma_Raducanu,Emma Raducanu,NetPoints,14,6,5,0,1,5,2,150
20220830-W-US_Open-R128-Alize_Cornet-Emma_Raducanu,Emma Raducanu,Approach,6,3,3,0,0,2,1,86
20220830-W-US_Open-R128-Alize_Cornet-Emma_Raducanu,Emma Raducanu,NetPointsRallies,14,6,5,0,1,5,2,150
20220830-W-US_Open-R128-Alize_Cornet-Emma_Raducanu,Emma Raducanu,ApproachRallies,6,3,3,0,0,2,1,86
20220829-W-US_Open-R128-Serena_Williams-Danka_Kovinic,Serena Williams,NetPoints,18,14,10,4,0,2,2,95
20220829-W-US_Open-R128-Serena_Williams-Danka_Kovinic,Serena Williams,Approach,12,9,6,3,0,1,2,66
20220829-W-US_Open-R128-Serena_Williams-Danka_Kovinic,Serena Williams,NetPointsRallies,18,14,10,4,0,2,2,95
20220829-W-US_Open-R128-Serena_Williams-Danka_Kovinic,Serena Williams,ApproachRallies,12,9,6,3,0,1,2,66
20220829-W-US_Open-R128-Serena_Williams-Danka_Kovinic,Danka Kovinic,NetPoints,5,4,1,1,1,0,0,58
20220829-W-US_Open-R128-Serena_Williams-Danka_Kovinic,Danka Kovinic,Approach,3,2,1,0,1,0,0,27
20220829-W-US_Open-R128-Serena_Williams-Danka_Kovinic,Danka Kovinic,NetPointsRallies,5,4,1,1,1,0,0,58
20220829-W-US_Open-R128-Serena_Williams-Danka_Kovinic,Danka Kovinic,ApproachRallies,3,2,1,0,1,0,0,27
20220829-W-US_Open-R128-Sara_Bejlek-Liudmila_Samsonova,Sara Bejlek,NetPoints,9,5,3,2,1,1,2,42
20220829-W-US_Open-R128-Sara_Bejlek-Liudmila_Samsonova,Sara Bejlek,Approach,5,2,0,2,0,1,2,21
20220829-W-US_Open-R128-Sara_Bejlek-Liudmila_Samsonova,Sara Bejlek,NetPointsRallies,9,5,3,2,1,1,2,42
20220829-W-US_Open-R128-Sara_Bejlek-Liudmila_Samsonova,Sara Bejlek,ApproachRallies,5,2,0,2,0,1,2,21
20220829-W-US_Open-R128-Sara_Bejlek-Liudmila_Samsonova,Liudmila Samsonova,NetPoints,7,6,3,3,1,0,0,28
20220829-W-US_Open-R128-Sara_Bejlek-Liudmila_Samsonova,Liudmila Samsonova,Approach,1,1,0,1,0,0,0,5
20220829-W-US_Open-R128-Sara_Bejlek-Liudmila_Samsonova,Liudmila Samsonova,NetPointsRallies,7,6,3,3,1,0,0,28
20220829-W-US_Open-R128-Sara_Bejlek-Liudmila_Samsonova,Liudmila Samsonova,ApproachRallies,1,1,0,1,0,0,0,5
20220829-W-US_Open-R128-Martina_Trevisan-Evgeniya_Rodina,Martina Trevisan,NetPoints,21,14,10,4,4,2,1,165
20220829-W-US_Open-R128-Martina_Trevisan-Evgeniya_Rodina,Martina Trevisan,Approach,15,10,6,4,3,2,0,119
20220829-W-US_Open-R128-Martina_Trevisan-Evgeniya_Rodina,Martina Trevisan,NetPointsRallies,21,14,10,4,4,2,1,165
20220829-W-US_Open-R128-Martina_Trevisan-Evgeniya_Rodina,Martina Trevisan,ApproachRallies,15,10,6,4,3,2,0,119
20220829-W-US_Open-R128-Martina_Trevisan-Evgeniya_Rodina,Evgeniya Rodina,NetPoints,4,4,2,2,0,0,0,40
20220829-W-US_Open-R128-Martina_Trevisan-Evgeniya_Rodina,Evgeniya Rodina,NetPointsRallies,4,4,2,2,0,0,0,40
20220829-W-US_Open-R128-Madison_Brengle-Ons_Jabeur,Madison Brengle,NetPoints,6,6,2,4,0,0,0,38
20220829-W-US_Open-R128-Madison_Brengle-Ons_Jabeur,Madison Brengle,Approach,3,3,0,3,0,0,0,18
20220829-W-US_Open-R128-Madison_Brengle-Ons_Jabeur,Madison Brengle,NetPointsRallies,6,6,2,4,0,0,0,38
20220829-W-US_Open-R128-Madison_Brengle-Ons_Jabeur,Madison Brengle,ApproachRallies,3,3,0,3,0,0,0,18
20220829-W-US_Open-R128-Madison_Brengle-Ons_Jabeur,Ons Jabeur,NetPoints,18,14,9,5,1,0,3,104
20220829-W-US_Open-R128-Madison_Brengle-Ons_Jabeur,Ons Jabeur,Approach,15,11,6,5,1,0,3,88
20220829-W-US_Open-R128-Madison_Brengle-Ons_Jabeur,Ons Jabeur,NetPointsRallies,18,14,9,5,1,0,3,104
20220829-W-US_Open-R128-Madison_Brengle-Ons_Jabeur,Ons Jabeur,ApproachRallies,15,11,6,5,1,0,3,88
20220829-W-US_Open-R128-Harmony_Tan-Bianca_Andreescu,Harmony Tan,NetPoints,20,14,8,5,2,1,3,126
20220829-W-US_Open-R128-Harmony_Tan-Bianca_Andreescu,Harmony Tan,Approach,16,11,6,4,2,1,2,101
20220829-W-US_Open-R128-Harmony_Tan-Bianca_Andreescu,Harmony Tan,NetPointsRallies,17,13,8,5,1,0,3,115
20220829-W-US_Open-R128-Harmony_Tan-Bianca_Andreescu,Harmony Tan,ApproachRallies,13,10,6,4,1,0,2,90
20220829-W-US_Open-R128-Harmony_Tan-Bianca_Andreescu,Bianca Andreescu,NetPoints,29,19,11,8,4,2,4,181
20220829-W-US_Open-R128-Harmony_Tan-Bianca_Andreescu,Bianca Andreescu,Approach,22,12,5,7,4,2,4,125
20220829-W-US_Open-R128-Harmony_Tan-Bianca_Andreescu,Bianca Andreescu,NetPointsRallies,29,19,11,8,4,2,4,181
20220829-W-US_Open-R128-Harmony_Tan-Bianca_Andreescu,Bianca Andreescu,ApproachRallies,22,12,5,7,4,2,4,125
20220829-W-US_Open-R128-Eleana_Yu-Alison_Riske_Amritraj,Eleana Yu,NetPoints,9,7,3,4,0,1,1,48
20220829-W-US_Open-R128-Eleana_Yu-Alison_Riske_Amritraj,Eleana Yu,Approach,7,5,1,4,0,1,1,28
20220829-W-US_Open-R128-Eleana_Yu-Alison_Riske_Amritraj,Eleana Yu,NetPointsRallies,9,7,3,4,0,1,1,48
20220829-W-US_Open-R128-Eleana_Yu-Alison_Riske_Amritraj,Eleana Yu,ApproachRallies,7,5,1,4,0,1,1,28
20220829-W-US_Open-R128-Eleana_Yu-Alison_Riske_Amritraj,Alison Riske Amritraj,NetPoints,16,14,8,5,1,1,0,114
20220829-W-US_Open-R128-Eleana_Yu-Alison_Riske_Amritraj,Alison Riske Amritraj,Approach,11,9,5,3,1,1,0,83
20220829-W-US_Open-R128-Eleana_Yu-Alison_Riske_Amritraj,Alison Riske Amritraj,NetPointsRallies,16,14,8,5,1,1,0,114
20220829-W-US_Open-R128-Eleana_Yu-Alison_Riske_Amritraj,Alison Riske Amritraj,ApproachRallies,11,9,5,3,1,1,0,83
20220824-W-US_Open-Q1-Tara_Wurth-Maja_Chwalinska,Tara Wurth,NetPoints,19,12,12,0,2,4,1,124
20220824-W-US_Open-Q1-Tara_Wurth-Maja_Chwalinska,Tara Wurth,Approach,10,6,6,0,1,2,1,49
20220824-W-US_Open-Q1-Tara_Wurth-Maja_Chwalinska,Tara Wurth,NetPointsRallies,19,12,12,0,2,4,1,124
20220824-W-US_Open-Q1-Tara_Wurth-Maja_Chwalinska,Tara Wurth,ApproachRallies,10,6,6,0,1,2,1,49
20220824-W-US_Open-Q1-Tara_Wurth-Maja_Chwalinska,Maja Chwalinska,NetPoints,11,8,2,6,2,1,0,82
20220824-W-US_Open-Q1-Tara_Wurth-Maja_Chwalinska,Maja Chwalinska,Approach,8,5,1,4,2,1,0,57
20220824-W-US_Open-Q1-Tara_Wurth-Maja_Chwalinska,Maja Chwalinska,NetPointsRallies,11,8,2,6,2,1,0,82
20220824-W-US_Open-Q1-Tara_Wurth-Maja_Chwalinska,Maja Chwalinska,ApproachRallies,8,5,1,4,2,1,0,57
20220824-W-US_Open-Q1-Elsa_Jacquemot-Moyuka_Uchijima,Elsa Jacquemot,NetPoints,15,12,9,3,1,1,1,96
20220824-W-US_Open-Q1-Elsa_Jacquemot-Moyuka_Uchijima,Elsa Jacquemot,Approach,1,1,0,1,0,0,0,5
20220824-W-US_Open-Q1-Elsa_Jacquemot-Moyuka_Uchijima,Elsa Jacquemot,NetPointsRallies,15,12,9,3,1,1,1,96
20220824-W-US_Open-Q1-Elsa_Jacquemot-Moyuka_Uchijima,Elsa Jacquemot,ApproachRallies,1,1,0,1,0,0,0,5
20220824-W-US_Open-Q1-Elsa_Jacquemot-Moyuka_Uchijima,Moyuka Uchijima,NetPoints,63,42,32,10,12,5,2,477
20220824-W-US_Open-Q1-Elsa_Jacquemot-Moyuka_Uchijima,Moyuka Uchijima,Approach,24,18,14,4,4,0,0,176
20220824-W-US_Open-Q1-Elsa_Jacquemot-Moyuka_Uchijima,Moyuka Uchijima,NetPointsRallies,63,42,32,10,12,5,2,477
20220824-W-US_Open-Q1-Elsa_Jacquemot-Moyuka_Uchijima,Moyuka Uchijima,ApproachRallies,24,18,14,4,4,0,0,176
20220823-W-US_Open-Q1-Yuki_Naito-Eugenie_Bouchard,Yuki Naito,NetPoints,6,4,3,0,0,1,1,40
20220823-W-US_Open-Q1-Yuki_Naito-Eugenie_Bouchard,Yuki Naito,Approach,3,1,1,0,0,1,1,18
20220823-W-US_Open-Q1-Yuki_Naito-Eugenie_Bouchard,Yuki Naito,NetPointsRallies,6,4,3,0,0,1,1,40
20220823-W-US_Open-Q1-Yuki_Naito-Eugenie_Bouchard,Yuki Naito,ApproachRallies,3,1,1,0,0,1,1,18
20220823-W-US_Open-Q1-Yuki_Naito-Eugenie_Bouchard,Eugenie Bouchard,NetPoints,9,7,6,1,1,1,0,56
20220823-W-US_Open-Q1-Yuki_Naito-Eugenie_Bouchard,Eugenie Bouchard,Approach,2,2,1,1,0,0,0,16
20220823-W-US_Open-Q1-Yuki_Naito-Eugenie_Bouchard,Eugenie Bouchard,NetPointsRallies,9,7,6,1,1,1,0,56
20220823-W-US_Open-Q1-Yuki_Naito-Eugenie_Bouchard,Eugenie Bouchard,ApproachRallies,2,2,1,1,0,0,0,16
20220126-W-Australian_Open-QF-Iga_Swiatek-Kaia_Kanepi,Iga Swiatek,NetPoints,13,9,6,3,1,2,1,98
20220126-W-Australian_Open-QF-Iga_Swiatek-Kaia_Kanepi,Iga Swiatek,Approach,6,3,1,2,1,1,1,39
20220126-W-Australian_Open-QF-Iga_Swiatek-Kaia_Kanepi,Iga Swiatek,NetPointsRallies,13,9,6,3,1,2,1,98
20220126-W-Australian_Open-QF-Iga_Swiatek-Kaia_Kanepi,Iga Swiatek,ApproachRallies,6,3,1,2,1,1,1,39
20220126-W-Australian_Open-QF-Iga_Swiatek-Kaia_Kanepi,Kaia Kanepi,NetPoints,24,17,12,5,4,3,0,139
20220126-W-Australian_Open-QF-Iga_Swiatek-Kaia_Kanepi,Kaia Kanepi,Approach,14,10,7,3,1,3,0,86
20220126-W-Australian_Open-QF-Iga_Swiatek-Kaia_Kanepi,Kaia Kanepi,NetPointsRallies,24,17,12,5,4,3,0,139
20220126-W-Australian_Open-QF-Iga_Swiatek-Kaia_Kanepi,Kaia Kanepi,ApproachRallies,14,10,7,3,1,3,0,86
20220125-W-Australian_Open-QF-Jessica_Pegula-Ashleigh_Barty,Jessica Pegula,NetPoints,12,4,3,0,2,1,5,72
20220125-W-Australian_Open-QF-Jessica_Pegula-Ashleigh_Barty,Jessica Pegula,Approach,11,3,2,0,2,1,5,69
20220125-W-Australian_Open-QF-Jessica_Pegula-Ashleigh_Barty,Jessica Pegula,NetPointsRallies,12,4,3,0,2,1,5,72
20220125-W-Australian_Open-QF-Jessica_Pegula-Ashleigh_Barty,Jessica Pegula,ApproachRallies,11,3,2,0,2,1,5,69
20220125-W-Australian_Open-QF-Jessica_Pegula-Ashleigh_Barty,Ashleigh Barty,NetPoints,8,6,4,2,2,0,0,53
20220125-W-Australian_Open-QF-Jessica_Pegula-Ashleigh_Barty,Ashleigh Barty,Approach,3,2,1,1,1,0,0,17
20220125-W-Australian_Open-QF-Jessica_Pegula-Ashleigh_Barty,Ashleigh Barty,NetPointsRallies,8,6,4,2,2,0,0,53
20220125-W-Australian_Open-QF-Jessica_Pegula-Ashleigh_Barty,Ashleigh Barty,ApproachRallies,3,2,1,1,1,0,0,17
20220122-W-Australian_Open-R32-Ashleigh_Barty-Camila_Giorgi,Ashleigh Barty,NetPoints,1,1,0,0,0,0,0,3
20220122-W-Australian_Open-R32-Ashleigh_Barty-Camila_Giorgi,Ashleigh Barty,Approach,1,1,0,0,0,0,0,3
20220122-W-Australian_Open-R32-Ashleigh_Barty-Camila_Giorgi,Ashleigh Barty,NetPointsRallies,1,1,0,0,0,0,0,3
20220122-W-Australian_Open-R32-Ashleigh_Barty-Camila_Giorgi,Ashleigh Barty,ApproachRallies,1,1,0,0,0,0,0,3
20220122-W-Australian_Open-R32-Ashleigh_Barty-Camila_Giorgi,Camila Giorgi,NetPoints,14,8,2,6,5,1,0,59
20220122-W-Australian_Open-R32-Ashleigh_Barty-Camila_Giorgi,Camila Giorgi,Approach,14,8,2,6,5,1,0,59
20220122-W-Australian_Open-R32-Ashleigh_Barty-Camila_Giorgi,Camila Giorgi,NetPointsRallies,14,8,2,6,5,1,0,59
20220122-W-Australian_Open-R32-Ashleigh_Barty-Camila_Giorgi,Camila Giorgi,ApproachRallies,14,8,2,6,5,1,0,59
20220121-W-Australian_Open-R32-Marta_Kostyuk-Paula_Badosa,Marta Kostyuk,NetPoints,33,18,12,6,8,3,2,195
20220121-W-Australian_Open-R32-Marta_Kostyuk-Paula_Badosa,Marta Kostyuk,Approach,27,15,9,6,7,2,1,156
20220121-W-Australian_Open-R32-Marta_Kostyuk-Paula_Badosa,Marta Kostyuk,NetPointsRallies,33,18,12,6,8,3,2,195
20220121-W-Australian_Open-R32-Marta_Kostyuk-Paula_Badosa,Marta Kostyuk,ApproachRallies,27,15,9,6,7,2,1,156
20220121-W-Australian_Open-R32-Marta_Kostyuk-Paula_Badosa,Paula Badosa,NetPoints,9,6,5,1,1,0,2,68
20220121-W-Australian_Open-R32-Marta_Kostyuk-Paula_Badosa,Paula Badosa,Approach,3,2,2,0,0,0,1,30
20220121-W-Australian_Open-R32-Marta_Kostyuk-Paula_Badosa,Paula Badosa,NetPointsRallies,9,6,5,1,1,0,2,68
20220121-W-Australian_Open-R32-Marta_Kostyuk-Paula_Badosa,Paula Badosa,ApproachRallies,3,2,2,0,0,0,1,30
20220120-W-Australian_Open-R64-Samantha_Stosur-Anastasia_Pavlyuchenkova,Samantha Stosur,NetPoints,11,7,5,2,1,3,0,63
20220120-W-Australian_Open-R64-Samantha_Stosur-Anastasia_Pavlyuchenkova,Samantha Stosur,Approach,8,5,3,2,0,3,0,45
20220120-W-Australian_Open-R64-Samantha_Stosur-Anastasia_Pavlyuchenkova,Samantha Stosur,NetPointsRallies,11,7,5,2,1,3,0,63
20220120-W-Australian_Open-R64-Samantha_Stosur-Anastasia_Pavlyuchenkova,Samantha Stosur,ApproachRallies,8,5,3,2,0,3,0,45
20220120-W-Australian_Open-R64-Samantha_Stosur-Anastasia_Pavlyuchenkova,Anastasia Pavlyuchenkova,NetPoints,8,6,3,3,0,0,2,42
20220120-W-Australian_Open-R64-Samantha_Stosur-Anastasia_Pavlyuchenkova,Anastasia Pavlyuchenkova,Approach,7,5,2,3,0,0,2,35
20220120-W-Australian_Open-R64-Samantha_Stosur-Anastasia_Pavlyuchenkova,Anastasia Pavlyuchenkova,NetPointsRallies,8,6,3,3,0,0,2,42
20220120-W-Australian_Open-R64-Samantha_Stosur-Anastasia_Pavlyuchenkova,Anastasia Pavlyuchenkova,ApproachRallies,7,5,2,3,0,0,2,35
20220120-W-Australian_Open-R64-Alize_Cornet-Garbine_Muguruza,Alize Cornet,NetPoints,10,7,3,3,0,1,2,108
20220120-W-Australian_Open-R64-Alize_Cornet-Garbine_Muguruza,Alize Cornet,Approach,7,5,2,2,0,0,2,64
20220120-W-Australian_Open-R64-Alize_Cornet-Garbine_Muguruza,Alize Cornet,NetPointsRallies,10,7,3,3,0,1,2,108
20220120-W-Australian_Open-R64-Alize_Cornet-Garbine_Muguruza,Alize Cornet,ApproachRallies,7,5,2,2,0,0,2,64
20220120-W-Australian_Open-R64-Alize_Cornet-Garbine_Muguruza,Garbine Muguruza,NetPoints,28,15,9,6,4,5,3,213
20220120-W-Australian_Open-R64-Alize_Cornet-Garbine_Muguruza,Garbine Muguruza,Approach,18,9,5,4,2,5,2,143
20220120-W-Australian_Open-R64-Alize_Cornet-Garbine_Muguruza,Garbine Muguruza,NetPointsRallies,28,15,9,6,4,5,3,213
20220120-W-Australian_Open-R64-Alize_Cornet-Garbine_Muguruza,Garbine Muguruza,ApproachRallies,18,9,5,4,2,5,2,143
20220119-W-Australian_Open-R64-Tereza_Martincova-Camila_Giorgi,Tereza Martincova,NetPoints,3,1,0,1,0,1,1,19
20220119-W-Australian_Open-R64-Tereza_Martincova-Camila_Giorgi,Tereza Martincova,Approach,3,1,0,1,0,1,1,19
20220119-W-Australian_Open-R64-Tereza_Martincova-Camila_Giorgi,Tereza Martincova,NetPointsRallies,3,1,0,1,0,1,1,19
20220119-W-Australian_Open-R64-Tereza_Martincova-Camila_Giorgi,Tereza Martincova,ApproachRallies,3,1,0,1,0,1,1,19
20220119-W-Australian_Open-R64-Tereza_Martincova-Camila_Giorgi,Camila Giorgi,NetPoints,15,14,11,2,1,0,0,101
20220119-W-Australian_Open-R64-Tereza_Martincova-Camila_Giorgi,Camila Giorgi,Approach,8,8,6,1,0,0,0,62
20220119-W-Australian_Open-R64-Tereza_Martincova-Camila_Giorgi,Camila Giorgi,NetPointsRallies,15,14,11,2,1,0,0,101
20220119-W-Australian_Open-R64-Tereza_Martincova-Camila_Giorgi,Camila Giorgi,ApproachRallies,8,8,6,1,0,0,0,62
20220118-W-Australian_Open-R128-Robin_Anderson-Samantha_Stosur,Robin Anderson,NetPoints,16,9,6,3,1,2,4,123
20220118-W-Australian_Open-R128-Robin_Anderson-Samantha_Stosur,Robin Anderson,Approach,11,6,4,2,1,1,3,86
20220118-W-Australian_Open-R128-Robin_Anderson-Samantha_Stosur,Robin Anderson,NetPointsRallies,16,9,6,3,1,2,4,123
20220118-W-Australian_Open-R128-Robin_Anderson-Samantha_Stosur,Robin Anderson,ApproachRallies,11,6,4,2,1,1,3,86
20220118-W-Australian_Open-R128-Robin_Anderson-Samantha_Stosur,Samantha Stosur,NetPoints,39,25,15,10,6,3,4,233
20220118-W-Australian_Open-R128-Robin_Anderson-Samantha_Stosur,Samantha Stosur,Approach,36,23,13,10,5,3,4,221
20220118-W-Australian_Open-R128-Robin_Anderson-Samantha_Stosur,Samantha Stosur,NetPointsRallies,39,25,15,10,6,3,4,233
20220118-W-Australian_Open-R128-Robin_Anderson-Samantha_Stosur,Samantha Stosur,ApproachRallies,36,23,13,10,5,3,4,221
20220118-W-Australian_Open-R128-Rebecca_Marino-Marie_Bouzkova,Rebecca Marino,NetPoints,9,5,2,3,2,1,1,76
20220118-W-Australian_Open-R128-Rebecca_Marino-Marie_Bouzkova,Rebecca Marino,Approach,3,2,1,1,0,0,1,24
20220118-W-Australian_Open-R128-Rebecca_Marino-Marie_Bouzkova,Rebecca Marino,NetPointsRallies,9,5,2,3,2,1,1,76
20220118-W-Australian_Open-R128-Rebecca_Marino-Marie_Bouzkova,Rebecca Marino,ApproachRallies,3,2,1,1,0,0,1,24
20220118-W-Australian_Open-R128-Rebecca_Marino-Marie_Bouzkova,Marie Bouzkova,NetPoints,3,3,2,1,0,0,0,11
20220118-W-Australian_Open-R128-Rebecca_Marino-Marie_Bouzkova,Marie Bouzkova,Approach,2,2,1,1,0,0,0,6
20220118-W-Australian_Open-R128-Rebecca_Marino-Marie_Bouzkova,Marie Bouzkova,NetPointsRallies,3,3,2,1,0,0,0,11
20220118-W-Australian_Open-R128-Rebecca_Marino-Marie_Bouzkova,Marie Bouzkova,ApproachRallies,2,2,1,1,0,0,0,6
20220118-W-Australian_Open-R128-Arantxa_Rus-Tamara_Zidansek,Arantxa Rus,NetPoints,9,4,1,3,1,2,2,57
20220118-W-Australian_Open-R128-Arantxa_Rus-Tamara_Zidansek,Arantxa Rus,Approach,8,4,1,3,1,1,2,52
20220118-W-Australian_Open-R128-Arantxa_Rus-Tamara_Zidansek,Arantxa Rus,NetPointsRallies,9,4,1,3,1,2,2,57
20220118-W-Australian_Open-R128-Arantxa_Rus-Tamara_Zidansek,Arantxa Rus,ApproachRallies,8,4,1,3,1,1,2,52
20220118-W-Australian_Open-R128-Arantxa_Rus-Tamara_Zidansek,Tamara Zidansek,NetPoints,15,11,7,4,4,0,0,94
20220118-W-Australian_Open-R128-Arantxa_Rus-Tamara_Zidansek,Tamara Zidansek,Approach,9,7,3,4,2,0,0,57
20220118-W-Australian_Open-R128-Arantxa_Rus-Tamara_Zidansek,Tamara Zidansek,NetPointsRallies,15,11,7,4,4,0,0,94
20220118-W-Australian_Open-R128-Arantxa_Rus-Tamara_Zidansek,Tamara Zidansek,ApproachRallies,9,7,3,4,2,0,0,57
20220117-W-Australian_Open-R128-Viktoria_Hruncakova-Xiyu_Wang,Viktoria Hruncakova,NetPoints,5,4,4,0,0,1,0,27
20220117-W-Australian_Open-R128-Viktoria_Hruncakova-Xiyu_Wang,Viktoria Hruncakova,Approach,1,0,0,0,0,1,0,4
20220117-W-Australian_Open-R128-Viktoria_Hruncakova-Xiyu_Wang,Viktoria Hruncakova,NetPointsRallies,5,4,4,0,0,1,0,27
20220117-W-Australian_Open-R128-Viktoria_Hruncakova-Xiyu_Wang,Viktoria Hruncakova,ApproachRallies,1,0,0,0,0,1,0,4
20220117-W-Australian_Open-R128-Viktoria_Hruncakova-Xiyu_Wang,Xiyu Wang,NetPoints,3,3,2,1,0,0,0,24
20220117-W-Australian_Open-R128-Viktoria_Hruncakova-Xiyu_Wang,Xiyu Wang,NetPointsRallies,3,3,2,1,0,0,0,24
20220117-W-Australian_Open-R128-Naomi_Osaka-Camila_Osorio,Naomi Osaka,NetPoints,13,8,5,3,2,1,0,93
20220117-W-Australian_Open-R128-Naomi_Osaka-Camila_Osorio,Naomi Osaka,Approach,6,2,1,1,2,1,0,42
20220117-W-Australian_Open-R128-Naomi_Osaka-Camila_Osorio,Naomi Osaka,NetPointsRallies,13,8,5,3,2,1,0,93
20220117-W-Australian_Open-R128-Naomi_Osaka-Camila_Osorio,Naomi Osaka,ApproachRallies,6,2,1,1,2,1,0,42
20220117-W-Australian_Open-R128-Naomi_Osaka-Camila_Osorio,Camila Osorio,NetPoints,1,0,0,0,0,1,0,9
20220117-W-Australian_Open-R128-Naomi_Osaka-Camila_Osorio,Camila Osorio,NetPointsRallies,1,0,0,0,0,1,0,9
20220117-W-Australian_Open-R128-Madison_Keys-Sofia_Kenin,Madison Keys,NetPoints,2,0,0,0,1,1,0,14
20220117-W-Australian_Open-R128-Madison_Keys-Sofia_Kenin,Madison Keys,NetPointsRallies,2,0,0,0,1,1,0,14
20220117-W-Australian_Open-R128-Madison_Keys-Sofia_Kenin,Sofia Kenin,NetPoints,2,2,2,0,0,0,0,16
20220117-W-Australian_Open-R128-Madison_Keys-Sofia_Kenin,Sofia Kenin,NetPointsRallies,2,2,2,0,0,0,0,16
20220117-W-Australian_Open-R128-Kirsten_Flipkens-Sara_Sorribes_Tormo,Kirsten Flipkens,NetPoints,55,32,18,13,6,11,4,341
20220117-W-Australian_Open-R128-Kirsten_Flipkens-Sara_Sorribes_Tormo,Kirsten Flipkens,Approach,51,29,16,12,6,10,4,316
20220117-W-Australian_Open-R128-Kirsten_Flipkens-Sara_Sorribes_Tormo,Kirsten Flipkens,NetPointsRallies,47,27,16,11,6,9,4,312
20220117-W-Australian_Open-R128-Kirsten_Flipkens-Sara_Sorribes_Tormo,Kirsten Flipkens,ApproachRallies,43,24,14,10,6,8,4,287
20220117-W-Australian_Open-R128-Kirsten_Flipkens-Sara_Sorribes_Tormo,Sara Sorribes Tormo,NetPoints,26,18,11,6,2,5,1,187
20220117-W-Australian_Open-R128-Kirsten_Flipkens-Sara_Sorribes_Tormo,Sara Sorribes Tormo,Approach,16,10,6,3,2,3,1,85
20220117-W-Australian_Open-R128-Kirsten_Flipkens-Sara_Sorribes_Tormo,Sara Sorribes Tormo,NetPointsRallies,25,17,11,6,2,5,1,186
20220117-W-Australian_Open-R128-Kirsten_Flipkens-Sara_Sorribes_Tormo,Sara Sorribes Tormo,ApproachRallies,15,9,6,3,2,3,1,84
20220117-W-Australian_Open-R128-Dayana_Yastremska-Madison_Brengle,Dayana Yastremska,NetPoints,13,7,6,0,2,0,4,100
20220117-W-Australian_Open-R128-Dayana_Yastremska-Madison_Brengle,Dayana Yastremska,Approach,6,2,1,0,1,0,3,43
20220117-W-Australian_Open-R128-Dayana_Yastremska-Madison_Brengle,Dayana Yastremska,NetPointsRallies,13,7,6,0,2,0,4,100
20220117-W-Australian_Open-R128-Dayana_Yastremska-Madison_Brengle,Dayana Yastremska,ApproachRallies,6,2,1,0,1,0,3,43
20220117-W-Australian_Open-R128-Dayana_Yastremska-Madison_Brengle,Madison Brengle,NetPoints,2,1,0,1,0,1,0,30
20220117-W-Australian_Open-R128-Dayana_Yastremska-Madison_Brengle,Madison Brengle,NetPointsRallies,2,1,0,1,0,1,0,30
20220117-W-Australian_Open-R128-Camila_Giorgi-Anastasia_Potapova,Camila Giorgi,NetPoints,9,7,4,3,2,0,0,51
20220117-W-Australian_Open-R128-Camila_Giorgi-Anastasia_Potapova,Camila Giorgi,Approach,5,3,0,3,2,0,0,32
20220117-W-Australian_Open-R128-Camila_Giorgi-Anastasia_Potapova,Camila Giorgi,NetPointsRallies,9,7,4,3,2,0,0,51
20220117-W-Australian_Open-R128-Camila_Giorgi-Anastasia_Potapova,Camila Giorgi,ApproachRallies,5,3,0,3,2,0,0,32
20220117-W-Australian_Open-R128-Camila_Giorgi-Anastasia_Potapova,Anastasia Potapova,NetPoints,3,1,1,0,1,1,0,18
20220117-W-Australian_Open-R128-Camila_Giorgi-Anastasia_Potapova,Anastasia Potapova,Approach,2,0,0,0,1,1,0,13
20220117-W-Australian_Open-R128-Camila_Giorgi-Anastasia_Potapova,Anastasia Potapova,NetPointsRallies,3,1,1,0,1,1,0,18
20220117-W-Australian_Open-R128-Camila_Giorgi-Anastasia_Potapova,Anastasia Potapova,ApproachRallies,2,0,0,0,1,1,0,13
20220117-W-Australian_Open-R128-Amanda_Anisimova-Arianne_Hartono,Amanda Anisimova,NetPoints,6,5,3,2,0,0,1,32
20220117-W-Australian_Open-R128-Amanda_Anisimova-Arianne_Hartono,Amanda Anisimova,Approach,3,2,2,0,0,0,1,13
20220117-W-Australian_Open-R128-Amanda_Anisimova-Arianne_Hartono,Amanda Anisimova,NetPointsRallies,6,5,3,2,0,0,1,32
20220117-W-Australian_Open-R128-Amanda_Anisimova-Arianne_Hartono,Amanda Anisimova,ApproachRallies,3,2,2,0,0,0,1,13
20220117-W-Australian_Open-R128-Amanda_Anisimova-Arianne_Hartono,Arianne Hartono,NetPoints,3,2,1,1,1,0,0,20
20220117-W-Australian_Open-R128-Amanda_Anisimova-Arianne_Hartono,Arianne Hartono,Approach,1,1,0,1,0,0,0,9
20220117-W-Australian_Open-R128-Amanda_Anisimova-Arianne_Hartono,Arianne Hartono,NetPointsRallies,3,2,1,1,1,0,0,20
20220117-W-Australian_Open-R128-Amanda_Anisimova-Arianne_Hartono,Arianne Hartono,ApproachRallies,1,1,0,1,0,0,0,9
20220114-W-Australian_Open-Q3-Arianne_Hartono-Jule_Niemeier,Arianne Hartono,NetPoints,9,5,1,4,0,1,3,63
20220114-W-Australian_Open-Q3-Arianne_Hartono-Jule_Niemeier,Arianne Hartono,Approach,7,5,1,4,0,0,2,47
20220114-W-Australian_Open-Q3-Arianne_Hartono-Jule_Niemeier,Arianne Hartono,NetPointsRallies,9,5,1,4,0,1,3,63
20220114-W-Australian_Open-Q3-Arianne_Hartono-Jule_Niemeier,Arianne Hartono,ApproachRallies,7,5,1,4,0,0,2,47
20220114-W-Australian_Open-Q3-Arianne_Hartono-Jule_Niemeier,Jule Niemeier,NetPoints,8,7,5,2,1,0,0,35
20220114-W-Australian_Open-Q3-Arianne_Hartono-Jule_Niemeier,Jule Niemeier,Approach,7,7,5,2,0,0,0,31
20220114-W-Australian_Open-Q3-Arianne_Hartono-Jule_Niemeier,Jule Niemeier,NetPointsRallies,7,6,4,2,1,0,0,32
20220114-W-Australian_Open-Q3-Arianne_Hartono-Jule_Niemeier,Jule Niemeier,ApproachRallies,6,6,4,2,0,0,0,28
20220112-W-Australian_Open-Q2-Indy_De_Vroome-Dalma_Galfi,Indy De Vroome,NetPoints,8,5,4,1,2,0,1,52
20220112-W-Australian_Open-Q2-Indy_De_Vroome-Dalma_Galfi,Indy De Vroome,Approach,4,1,1,0,2,0,1,21
20220112-W-Australian_Open-Q2-Indy_De_Vroome-Dalma_Galfi,Indy De Vroome,NetPointsRallies,8,5,4,1,2,0,1,52
20220112-W-Australian_Open-Q2-Indy_De_Vroome-Dalma_Galfi,Indy De Vroome,ApproachRallies,4,1,1,0,2,0,1,21
20220112-W-Australian_Open-Q2-Indy_De_Vroome-Dalma_Galfi,Dalma Galfi,NetPoints,18,12,10,2,4,0,2,91
20220112-W-Australian_Open-Q2-Indy_De_Vroome-Dalma_Galfi,Dalma Galfi,Approach,13,7,6,1,4,0,2,62
20220112-W-Australian_Open-Q2-Indy_De_Vroome-Dalma_Galfi,Dalma Galfi,NetPointsRallies,18,12,10,2,4,0,2,91
20220112-W-Australian_Open-Q2-Indy_De_Vroome-Dalma_Galfi,Dalma Galfi,ApproachRallies,13,7,6,1,4,0,2,62
20220111-W-Australian_Open-Q1-Urszula_Radwanska-Indy_De_Vroome,Urszula Radwanska,NetPoints,11,5,4,1,1,5,0,71
20220111-W-Australian_Open-Q1-Urszula_Radwanska-Indy_De_Vroome,Urszula Radwanska,Approach,10,4,3,1,1,5,0,62
20220111-W-Australian_Open-Q1-Urszula_Radwanska-Indy_De_Vroome,Urszula Radwanska,NetPointsRallies,11,5,4,1,1,5,0,71
20220111-W-Australian_Open-Q1-Urszula_Radwanska-Indy_De_Vroome,Urszula Radwanska,ApproachRallies,10,4,3,1,1,5,0,62
20220111-W-Australian_Open-Q1-Urszula_Radwanska-Indy_De_Vroome,Indy De Vroome,NetPoints,23,19,14,3,3,0,1,123
20220111-W-Australian_Open-Q1-Urszula_Radwanska-Indy_De_Vroome,Indy De Vroome,Approach,16,13,8,3,2,0,1,90
20220111-W-Australian_Open-Q1-Urszula_Radwanska-Indy_De_Vroome,Indy De Vroome,NetPointsRallies,23,19,14,3,3,0,1,123
20220111-W-Australian_Open-Q1-Urszula_Radwanska-Indy_De_Vroome,Indy De Vroome,ApproachRallies,16,13,8,3,2,0,1,90
20220111-W-Australian_Open-Q1-Simona_Waltert-Paula_Ormaechea,Simona Waltert,NetPoints,13,10,8,2,3,0,0,71
20220111-W-Australian_Open-Q1-Simona_Waltert-Paula_Ormaechea,Simona Waltert,Approach,6,5,3,2,1,0,0,25
20220111-W-Australian_Open-Q1-Simona_Waltert-Paula_Ormaechea,Simona Waltert,NetPointsRallies,13,10,8,2,3,0,0,71
20220111-W-Australian_Open-Q1-Simona_Waltert-Paula_Ormaechea,Simona Waltert,ApproachRallies,6,5,3,2,1,0,0,25
20220111-W-Australian_Open-Q1-Simona_Waltert-Paula_Ormaechea,Paula Ormaechea,NetPoints,5,4,3,0,0,0,1,26
20220111-W-Australian_Open-Q1-Simona_Waltert-Paula_Ormaechea,Paula Ormaechea,Approach,2,2,1,0,0,0,0,13
20220111-W-Australian_Open-Q1-Simona_Waltert-Paula_Ormaechea,Paula Ormaechea,NetPointsRallies,5,4,3,0,0,0,1,26
20220111-W-Australian_Open-Q1-Simona_Waltert-Paula_Ormaechea,Paula Ormaechea,ApproachRallies,2,2,1,0,0,0,0,13
20220110-W-Australian_Open-Q1-Yuliya_Hatouka-Caroline_Dolehide,Yuliya Hatouka,NetPoints,8,5,4,1,2,1,0,47
20220110-W-Australian_Open-Q1-Yuliya_Hatouka-Caroline_Dolehide,Yuliya Hatouka,Approach,3,2,1,1,0,1,0,25
20220110-W-Australian_Open-Q1-Yuliya_Hatouka-Caroline_Dolehide,Yuliya Hatouka,NetPointsRallies,8,5,4,1,2,1,0,47
20220110-W-Australian_Open-Q1-Yuliya_Hatouka-Caroline_Dolehide,Yuliya Hatouka,ApproachRallies,3,2,1,1,0,1,0,25
20210909-W-US_Open-SF-Emma_Raducanu-Maria_Sakkari,Emma Raducanu,NetPoints,6,5,3,1,0,1,0,45
20210909-W-US_Open-SF-Emma_Raducanu-Maria_Sakkari,Emma Raducanu,Approach,4,4,2,1,0,0,0,23
20210909-W-US_Open-SF-Emma_Raducanu-Maria_Sakkari,Emma Raducanu,NetPointsRallies,5,4,3,0,0,1,0,42
20210909-W-US_Open-SF-Emma_Raducanu-Maria_Sakkari,Emma Raducanu,ApproachRallies,3,3,2,0,0,0,0,20
20210909-W-US_Open-SF-Emma_Raducanu-Maria_Sakkari,Maria Sakkari,NetPoints,9,7,5,0,1,1,0,58
20210909-W-US_Open-SF-Emma_Raducanu-Maria_Sakkari,Maria Sakkari,Approach,5,4,3,0,0,1,0,40
20210909-W-US_Open-SF-Emma_Raducanu-Maria_Sakkari,Maria Sakkari,NetPointsRallies,9,7,5,0,1,1,0,58
20210909-W-US_Open-SF-Emma_Raducanu-Maria_Sakkari,Maria Sakkari,ApproachRallies,5,4,3,0,0,1,0,40
20210908-W-US_Open-QF-Karolina_Pliskova-Maria_Sakkari,Karolina Pliskova,NetPoints,5,4,2,0,0,1,0,40
20210908-W-US_Open-QF-Karolina_Pliskova-Maria_Sakkari,Karolina Pliskova,Approach,2,1,0,0,0,1,0,18
20210908-W-US_Open-QF-Karolina_Pliskova-Maria_Sakkari,Karolina Pliskova,NetPointsRallies,5,4,2,0,0,1,0,40
20210908-W-US_Open-QF-Karolina_Pliskova-Maria_Sakkari,Karolina Pliskova,ApproachRallies,2,1,0,0,0,1,0,18
20210908-W-US_Open-QF-Karolina_Pliskova-Maria_Sakkari,Maria Sakkari,NetPoints,5,4,3,0,0,1,0,40
20210908-W-US_Open-QF-Karolina_Pliskova-Maria_Sakkari,Maria Sakkari,Approach,2,2,1,0,0,0,0,13
20210908-W-US_Open-QF-Karolina_Pliskova-Maria_Sakkari,Maria Sakkari,NetPointsRallies,5,4,3,0,0,1,0,40
20210908-W-US_Open-QF-Karolina_Pliskova-Maria_Sakkari,Maria Sakkari,ApproachRallies,2,2,1,0,0,0,0,13
20210907-W-US_Open-QF-Leylah_Fernandez-Elina_Svitolina,Leylah Fernandez,NetPoints,24,19,12,6,0,3,1,177
20210907-W-US_Open-QF-Leylah_Fernandez-Elina_Svitolina,Leylah Fernandez,Approach,18,13,7,5,0,3,1,136
20210907-W-US_Open-QF-Leylah_Fernandez-Elina_Svitolina,Leylah Fernandez,NetPointsRallies,24,19,12,6,0,3,1,177
20210907-W-US_Open-QF-Leylah_Fernandez-Elina_Svitolina,Leylah Fernandez,ApproachRallies,18,13,7,5,0,3,1,136
20210907-W-US_Open-QF-Leylah_Fernandez-Elina_Svitolina,Elina Svitolina,NetPoints,19,12,10,2,0,4,3,124
20210907-W-US_Open-QF-Leylah_Fernandez-Elina_Svitolina,Elina Svitolina,Approach,12,7,5,2,0,4,1,81
20210907-W-US_Open-QF-Leylah_Fernandez-Elina_Svitolina,Elina Svitolina,NetPointsRallies,19,12,10,2,0,4,3,124
20210907-W-US_Open-QF-Leylah_Fernandez-Elina_Svitolina,Elina Svitolina,ApproachRallies,12,7,5,2,0,4,1,81
20210906-W-US_Open-R16-Karolina_Pliskova-Anastasia_Pavlyuchenkova,Karolina Pliskova,NetPoints,8,6,5,0,0,1,0,46
20210906-W-US_Open-R16-Karolina_Pliskova-Anastasia_Pavlyuchenkova,Karolina Pliskova,Approach,1,1,0,0,0,0,0,3
20210906-W-US_Open-R16-Karolina_Pliskova-Anastasia_Pavlyuchenkova,Karolina Pliskova,NetPointsRallies,8,6,5,0,0,1,0,46
20210906-W-US_Open-R16-Karolina_Pliskova-Anastasia_Pavlyuchenkova,Karolina Pliskova,ApproachRallies,1,1,0,0,0,0,0,3
20210906-W-US_Open-R16-Karolina_Pliskova-Anastasia_Pavlyuchenkova,Anastasia Pavlyuchenkova,NetPoints,9,5,4,1,2,1,0,49
20210906-W-US_Open-R16-Karolina_Pliskova-Anastasia_Pavlyuchenkova,Anastasia Pavlyuchenkova,Approach,3,0,0,0,1,1,0,24
20210906-W-US_Open-R16-Karolina_Pliskova-Anastasia_Pavlyuchenkova,Anastasia Pavlyuchenkova,NetPointsRallies,9,5,4,1,2,1,0,49
20210906-W-US_Open-R16-Karolina_Pliskova-Anastasia_Pavlyuchenkova,Anastasia Pavlyuchenkova,ApproachRallies,3,0,0,0,1,1,0,24
20210906-W-US_Open-R16-Iga_Swiatek-Belinda_Bencic,Iga Swiatek,NetPoints,6,3,1,2,1,2,0,28
20210906-W-US_Open-R16-Iga_Swiatek-Belinda_Bencic,Iga Swiatek,Approach,3,0,0,0,1,2,0,16
20210906-W-US_Open-R16-Iga_Swiatek-Belinda_Bencic,Iga Swiatek,NetPointsRallies,6,3,1,2,1,2,0,28
20210906-W-US_Open-R16-Iga_Swiatek-Belinda_Bencic,Iga Swiatek,ApproachRallies,3,0,0,0,1,2,0,16
20210906-W-US_Open-R16-Iga_Swiatek-Belinda_Bencic,Belinda Bencic,NetPoints,7,6,3,2,1,0,0,39
20210906-W-US_Open-R16-Iga_Swiatek-Belinda_Bencic,Belinda Bencic,Approach,1,1,0,0,0,0,0,5
20210906-W-US_Open-R16-Iga_Swiatek-Belinda_Bencic,Belinda Bencic,NetPointsRallies,7,6,3,2,1,0,0,39
20210906-W-US_Open-R16-Iga_Swiatek-Belinda_Bencic,Belinda Bencic,ApproachRallies,1,1,0,0,0,0,0,5
20210906-W-US_Open-R16-Bianca_Andreescu-Maria_Sakkari,Bianca Andreescu,NetPoints,32,19,14,4,2,8,2,240
20210906-W-US_Open-R16-Bianca_Andreescu-Maria_Sakkari,Bianca Andreescu,Approach,20,12,7,4,2,4,1,135
20210906-W-US_Open-R16-Bianca_Andreescu-Maria_Sakkari,Bianca Andreescu,NetPointsRallies,31,18,14,4,2,8,2,239
20210906-W-US_Open-R16-Bianca_Andreescu-Maria_Sakkari,Bianca Andreescu,ApproachRallies,19,11,7,4,2,4,1,134
20210906-W-US_Open-R16-Bianca_Andreescu-Maria_Sakkari,Maria Sakkari,NetPoints,19,15,12,3,0,3,1,115
20210906-W-US_Open-R16-Bianca_Andreescu-Maria_Sakkari,Maria Sakkari,Approach,15,11,8,3,0,3,1,82
20210906-W-US_Open-R16-Bianca_Andreescu-Maria_Sakkari,Maria Sakkari,NetPointsRallies,19,15,12,3,0,3,1,115
20210906-W-US_Open-R16-Bianca_Andreescu-Maria_Sakkari,Maria Sakkari,ApproachRallies,15,11,8,3,0,3,1,82
20210905-W-US_Open-R16-Leylah_Fernandez-Angelique_Kerber,Leylah Fernandez,NetPoints,21,17,13,4,0,4,0,147
20210905-W-US_Open-R16-Leylah_Fernandez-Angelique_Kerber,Leylah Fernandez,Approach,11,9,6,3,0,2,0,66
20210905-W-US_Open-R16-Leylah_Fernandez-Angelique_Kerber,Leylah Fernandez,NetPointsRallies,21,17,13,4,0,4,0,147
20210905-W-US_Open-R16-Leylah_Fernandez-Angelique_Kerber,Leylah Fernandez,ApproachRallies,11,9,6,3,0,2,0,66
20210905-W-US_Open-R16-Leylah_Fernandez-Angelique_Kerber,Angelique Kerber,NetPoints,11,7,6,1,0,3,1,106
20210905-W-US_Open-R16-Leylah_Fernandez-Angelique_Kerber,Angelique Kerber,Approach,4,3,2,1,0,0,1,35
20210905-W-US_Open-R16-Leylah_Fernandez-Angelique_Kerber,Angelique Kerber,NetPointsRallies,11,7,6,1,0,3,1,106
20210905-W-US_Open-R16-Leylah_Fernandez-Angelique_Kerber,Angelique Kerber,ApproachRallies,4,3,2,1,0,0,1,35
20210905-W-US_Open-R16-Barbora_Krejcikova-Garbine_Muguruza,Barbora Krejcikova,NetPoints,6,3,3,0,0,3,0,38
20210905-W-US_Open-R16-Barbora_Krejcikova-Garbine_Muguruza,Barbora Krejcikova,Approach,3,1,1,0,0,2,0,19
20210905-W-US_Open-R16-Barbora_Krejcikova-Garbine_Muguruza,Barbora Krejcikova,NetPointsRallies,6,3,3,0,0,3,0,38
20210905-W-US_Open-R16-Barbora_Krejcikova-Garbine_Muguruza,Barbora Krejcikova,ApproachRallies,3,1,1,0,0,2,0,19
20210905-W-US_Open-R16-Barbora_Krejcikova-Garbine_Muguruza,Garbine Muguruza,NetPoints,6,5,5,0,1,0,0,46
20210905-W-US_Open-R16-Barbora_Krejcikova-Garbine_Muguruza,Garbine Muguruza,Approach,1,1,1,0,0,0,0,20
20210905-W-US_Open-R16-Barbora_Krejcikova-Garbine_Muguruza,Garbine Muguruza,NetPointsRallies,6,5,5,0,1,0,0,46
20210905-W-US_Open-R16-Barbora_Krejcikova-Garbine_Muguruza,Garbine Muguruza,ApproachRallies,1,1,1,0,0,0,0,20
20210904-W-US_Open-R32-Petra_Kvitova-Maria_Sakkari,Petra Kvitova,NetPoints,9,3,3,0,2,4,0,40
20210904-W-US_Open-R32-Petra_Kvitova-Maria_Sakkari,Petra Kvitova,Approach,5,1,1,0,1,3,0,28
20210904-W-US_Open-R32-Petra_Kvitova-Maria_Sakkari,Petra Kvitova,NetPointsRallies,9,3,3,0,2,4,0,40
20210904-W-US_Open-R32-Petra_Kvitova-Maria_Sakkari,Petra Kvitova,ApproachRallies,5,1,1,0,1,3,0,28
20210904-W-US_Open-R32-Petra_Kvitova-Maria_Sakkari,Maria Sakkari,NetPoints,3,2,2,0,0,1,0,13
20210904-W-US_Open-R32-Petra_Kvitova-Maria_Sakkari,Maria Sakkari,NetPointsRallies,3,2,2,0,0,1,0,13
20210904-W-US_Open-R32-Karolina_Pliskova-Ajla_Tomljanovic,Karolina Pliskova,NetPoints,7,5,5,0,1,1,0,36
20210904-W-US_Open-R32-Karolina_Pliskova-Ajla_Tomljanovic,Karolina Pliskova,Approach,2,1,1,0,0,1,0,10
20210904-W-US_Open-R32-Karolina_Pliskova-Ajla_Tomljanovic,Karolina Pliskova,NetPointsRallies,7,5,5,0,1,1,0,36
20210904-W-US_Open-R32-Karolina_Pliskova-Ajla_Tomljanovic,Karolina Pliskova,ApproachRallies,2,1,1,0,0,1,0,10
20210904-W-US_Open-R32-Karolina_Pliskova-Ajla_Tomljanovic,Ajla Tomljanovic,NetPoints,5,1,0,0,1,2,0,35
20210904-W-US_Open-R32-Karolina_Pliskova-Ajla_Tomljanovic,Ajla Tomljanovic,Approach,4,1,0,0,1,1,0,29
20210904-W-US_Open-R32-Karolina_Pliskova-Ajla_Tomljanovic,Ajla Tomljanovic,NetPointsRallies,5,1,0,0,1,2,0,35
20210904-W-US_Open-R32-Karolina_Pliskova-Ajla_Tomljanovic,Ajla Tomljanovic,ApproachRallies,4,1,0,0,1,1,0,29
20210904-W-US_Open-R32-Jessica_Pegula-Belinda_Bencic,Jessica Pegula,NetPoints,6,5,3,0,1,0,0,40
20210904-W-US_Open-R32-Jessica_Pegula-Belinda_Bencic,Jessica Pegula,Approach,3,3,1,0,0,0,0,28
20210904-W-US_Open-R32-Jessica_Pegula-Belinda_Bencic,Jessica Pegula,NetPointsRallies,6,5,3,0,1,0,0,40
20210904-W-US_Open-R32-Jessica_Pegula-Belinda_Bencic,Jessica Pegula,ApproachRallies,3,3,1,0,0,0,0,28
20210904-W-US_Open-R32-Jessica_Pegula-Belinda_Bencic,Belinda Bencic,NetPoints,3,3,0,3,0,0,0,11
20210904-W-US_Open-R32-Jessica_Pegula-Belinda_Bencic,Belinda Bencic,Approach,1,1,0,1,0,0,0,3
20210904-W-US_Open-R32-Jessica_Pegula-Belinda_Bencic,Belinda Bencic,NetPointsRallies,3,3,0,3,0,0,0,11
20210904-W-US_Open-R32-Jessica_Pegula-Belinda_Bencic,Belinda Bencic,ApproachRallies,1,1,0,1,0,0,0,3
20210904-W-US_Open-R32-Iga_Swiatek-Anett_Kontaveit,Iga Swiatek,NetPoints,5,4,4,0,1,0,0,30
20210904-W-US_Open-R32-Iga_Swiatek-Anett_Kontaveit,Iga Swiatek,NetPointsRallies,5,4,4,0,1,0,0,30
20210904-W-US_Open-R32-Iga_Swiatek-Anett_Kontaveit,Anett Kontaveit,NetPoints,12,8,5,3,2,2,0,87
20210904-W-US_Open-R32-Iga_Swiatek-Anett_Kontaveit,Anett Kontaveit,Approach,3,1,1,0,1,1,0,27
20210904-W-US_Open-R32-Iga_Swiatek-Anett_Kontaveit,Anett Kontaveit,NetPointsRallies,12,8,5,3,2,2,0,87
20210904-W-US_Open-R32-Iga_Swiatek-Anett_Kontaveit,Anett Kontaveit,ApproachRallies,3,1,1,0,1,1,0,27
20210904-W-US_Open-R32-Bianca_Andreescu-Greet_Minnen,Bianca Andreescu,NetPoints,10,5,2,3,2,3,0,64
20210904-W-US_Open-R32-Bianca_Andreescu-Greet_Minnen,Bianca Andreescu,Approach,8,4,2,2,2,2,0,52
20210904-W-US_Open-R32-Bianca_Andreescu-Greet_Minnen,Bianca Andreescu,NetPointsRallies,10,5,2,3,2,3,0,64
20210904-W-US_Open-R32-Bianca_Andreescu-Greet_Minnen,Bianca Andreescu,ApproachRallies,8,4,2,2,2,2,0,52
20210904-W-US_Open-R32-Bianca_Andreescu-Greet_Minnen,Greet Minnen,NetPoints,5,3,2,1,1,1,0,35
20210904-W-US_Open-R32-Bianca_Andreescu-Greet_Minnen,Greet Minnen,Approach,4,3,2,1,1,0,0,27
20210904-W-US_Open-R32-Bianca_Andreescu-Greet_Minnen,Greet Minnen,NetPointsRallies,5,3,2,1,1,1,0,35
20210904-W-US_Open-R32-Bianca_Andreescu-Greet_Minnen,Greet Minnen,ApproachRallies,4,3,2,1,1,0,0,27
20210904-W-US_Open-R32-Ashleigh_Barty-Shelby_Rogers,Ashleigh Barty,NetPoints,12,8,7,0,0,2,1,105
20210904-W-US_Open-R32-Ashleigh_Barty-Shelby_Rogers,Ashleigh Barty,Approach,5,2,1,0,0,1,1,54
20210904-W-US_Open-R32-Ashleigh_Barty-Shelby_Rogers,Ashleigh Barty,NetPointsRallies,12,8,7,0,0,2,1,105
20210904-W-US_Open-R32-Ashleigh_Barty-Shelby_Rogers,Ashleigh Barty,ApproachRallies,5,2,1,0,0,1,1,54
20210904-W-US_Open-R32-Ashleigh_Barty-Shelby_Rogers,Shelby Rogers,NetPoints,14,7,3,1,2,2,2,110
20210904-W-US_Open-R32-Ashleigh_Barty-Shelby_Rogers,Shelby Rogers,Approach,3,2,1,0,0,0,1,14
20210904-W-US_Open-R32-Ashleigh_Barty-Shelby_Rogers,Shelby Rogers,NetPointsRallies,14,7,3,1,2,2,2,110
20210904-W-US_Open-R32-Ashleigh_Barty-Shelby_Rogers,Shelby Rogers,ApproachRallies,3,2,1,0,0,0,1,14
20210903-W-US_Open-R32-Victoria_Azarenka-Garbine_Muguruza,Victoria Azarenka,NetPoints,12,9,7,2,2,0,1,70
20210903-W-US_Open-R32-Victoria_Azarenka-Garbine_Muguruza,Victoria Azarenka,Approach,11,8,7,1,2,0,1,65
20210903-W-US_Open-R32-Victoria_Azarenka-Garbine_Muguruza,Victoria Azarenka,NetPointsRallies,12,9,7,2,2,0,1,70
20210903-W-US_Open-R32-Victoria_Azarenka-Garbine_Muguruza,Victoria Azarenka,ApproachRallies,11,8,7,1,2,0,1,65
20210903-W-US_Open-R32-Victoria_Azarenka-Garbine_Muguruza,Garbine Muguruza,NetPoints,18,14,10,4,1,2,1,93
20210903-W-US_Open-R32-Victoria_Azarenka-Garbine_Muguruza,Garbine Muguruza,Approach,2,2,0,2,0,0,0,12
20210903-W-US_Open-R32-Victoria_Azarenka-Garbine_Muguruza,Garbine Muguruza,NetPointsRallies,18,14,10,4,1,2,1,93
20210903-W-US_Open-R32-Victoria_Azarenka-Garbine_Muguruza,Garbine Muguruza,ApproachRallies,2,2,0,2,0,0,0,12
20210903-W-US_Open-R32-Leylah_Fernandez-Naomi_Osaka,Leylah Fernandez,NetPoints,5,5,4,0,0,0,0,43
20210903-W-US_Open-R32-Leylah_Fernandez-Naomi_Osaka,Leylah Fernandez,Approach,3,3,2,0,0,0,0,26
20210903-W-US_Open-R32-Leylah_Fernandez-Naomi_Osaka,Leylah Fernandez,NetPointsRallies,5,5,4,0,0,0,0,43
20210903-W-US_Open-R32-Leylah_Fernandez-Naomi_Osaka,Leylah Fernandez,ApproachRallies,3,3,2,0,0,0,0,26
20210903-W-US_Open-R32-Leylah_Fernandez-Naomi_Osaka,Naomi Osaka,NetPoints,1,1,1,0,0,0,0,3
20210903-W-US_Open-R32-Leylah_Fernandez-Naomi_Osaka,Naomi Osaka,NetPointsRallies,1,1,1,0,0,0,0,3
20210903-W-US_Open-R32-Daria_Kasatkina-Elina_Svitolina,Daria Kasatkina,NetPoints,8,8,6,0,0,0,0,54
20210903-W-US_Open-R32-Daria_Kasatkina-Elina_Svitolina,Daria Kasatkina,Approach,6,6,4,0,0,0,0,43
20210903-W-US_Open-R32-Daria_Kasatkina-Elina_Svitolina,Daria Kasatkina,NetPointsRallies,8,8,6,0,0,0,0,54
20210903-W-US_Open-R32-Daria_Kasatkina-Elina_Svitolina,Daria Kasatkina,ApproachRallies,6,6,4,0,0,0,0,43
20210903-W-US_Open-R32-Daria_Kasatkina-Elina_Svitolina,Elina Svitolina,NetPoints,8,5,2,1,0,2,1,55
20210903-W-US_Open-R32-Daria_Kasatkina-Elina_Svitolina,Elina Svitolina,Approach,6,4,1,1,0,1,1,35
20210903-W-US_Open-R32-Daria_Kasatkina-Elina_Svitolina,Elina Svitolina,NetPointsRallies,8,5,2,1,0,2,1,55
20210903-W-US_Open-R32-Daria_Kasatkina-Elina_Svitolina,Elina Svitolina,ApproachRallies,6,4,1,1,0,1,1,35
20210902-W-US_Open-R64-Shuai_Zhang-Emma_Raducanu,Shuai Zhang,NetPoints,5,5,5,0,0,0,0,46
20210902-W-US_Open-R64-Shuai_Zhang-Emma_Raducanu,Shuai Zhang,Approach,1,1,1,0,0,0,0,9
20210902-W-US_Open-R64-Shuai_Zhang-Emma_Raducanu,Shuai Zhang,NetPointsRallies,5,5,5,0,0,0,0,46
20210902-W-US_Open-R64-Shuai_Zhang-Emma_Raducanu,Shuai Zhang,ApproachRallies,1,1,1,0,0,0,0,9
20210902-W-US_Open-R64-Shuai_Zhang-Emma_Raducanu,Emma Raducanu,NetPoints,4,4,3,0,0,0,0,31
20210902-W-US_Open-R64-Shuai_Zhang-Emma_Raducanu,Emma Raducanu,NetPointsRallies,4,4,3,0,0,0,0,31
20210902-W-US_Open-R64-Sara_Sorribes_Tormo-Su_Wei_Hsieh,Sara Sorribes Tormo,NetPoints,8,7,4,3,0,0,1,46
20210902-W-US_Open-R64-Sara_Sorribes_Tormo-Su_Wei_Hsieh,Sara Sorribes Tormo,Approach,2,2,2,0,0,0,0,13
20210902-W-US_Open-R64-Sara_Sorribes_Tormo-Su_Wei_Hsieh,Sara Sorribes Tormo,NetPointsRallies,7,6,3,3,0,0,1,43
20210902-W-US_Open-R64-Sara_Sorribes_Tormo-Su_Wei_Hsieh,Sara Sorribes Tormo,ApproachRallies,1,1,1,0,0,0,0,10
20210902-W-US_Open-R64-Sara_Sorribes_Tormo-Su_Wei_Hsieh,Su Wei Hsieh,NetPoints,13,10,5,5,0,2,1,82
20210902-W-US_Open-R64-Sara_Sorribes_Tormo-Su_Wei_Hsieh,Su Wei Hsieh,Approach,11,10,5,5,0,0,1,69
20210902-W-US_Open-R64-Sara_Sorribes_Tormo-Su_Wei_Hsieh,Su Wei Hsieh,NetPointsRallies,13,10,5,5,0,2,1,82
20210902-W-US_Open-R64-Sara_Sorribes_Tormo-Su_Wei_Hsieh,Su Wei Hsieh,ApproachRallies,11,10,5,5,0,0,1,69
20210902-W-US_Open-R64-Maria_Sakkari-Katerina_Siniakova,Maria Sakkari,NetPoints,11,6,4,1,0,4,1,66
20210902-W-US_Open-R64-Maria_Sakkari-Katerina_Siniakova,Maria Sakkari,Approach,4,1,1,0,0,2,1,25
20210902-W-US_Open-R64-Maria_Sakkari-Katerina_Siniakova,Maria Sakkari,NetPointsRallies,11,6,4,1,0,4,1,66
20210902-W-US_Open-R64-Maria_Sakkari-Katerina_Siniakova,Maria Sakkari,ApproachRallies,4,1,1,0,0,2,1,25
20210902-W-US_Open-R64-Maria_Sakkari-Katerina_Siniakova,Katerina Siniakova,NetPoints,8,4,3,1,0,2,2,60
20210902-W-US_Open-R64-Maria_Sakkari-Katerina_Siniakova,Katerina Siniakova,Approach,4,2,2,0,0,0,2,30
20210902-W-US_Open-R64-Maria_Sakkari-Katerina_Siniakova,Katerina Siniakova,NetPointsRallies,8,4,3,1,0,2,2,60
20210902-W-US_Open-R64-Maria_Sakkari-Katerina_Siniakova,Katerina Siniakova,ApproachRallies,4,2,2,0,0,0,2,30
20210902-W-US_Open-R64-Bianca_Andreescu-Lauren_Davis,Bianca Andreescu,NetPoints,19,15,11,3,2,0,2,128
20210902-W-US_Open-R64-Bianca_Andreescu-Lauren_Davis,Bianca Andreescu,Approach,12,8,5,2,2,0,2,78
20210902-W-US_Open-R64-Bianca_Andreescu-Lauren_Davis,Bianca Andreescu,NetPointsRallies,18,14,11,3,2,0,2,127
20210902-W-US_Open-R64-Bianca_Andreescu-Lauren_Davis,Bianca Andreescu,ApproachRallies,11,7,5,2,2,0,2,77
20210902-W-US_Open-R64-Bianca_Andreescu-Lauren_Davis,Lauren Davis,NetPoints,14,7,3,4,3,3,1,112
20210902-W-US_Open-R64-Bianca_Andreescu-Lauren_Davis,Lauren Davis,Approach,10,5,1,4,2,2,1,84
20210902-W-US_Open-R64-Bianca_Andreescu-Lauren_Davis,Lauren Davis,NetPointsRallies,14,7,3,4,3,3,1,112
20210902-W-US_Open-R64-Bianca_Andreescu-Lauren_Davis,Lauren Davis,ApproachRallies,10,5,1,4,2,2,1,84
20210901-W-US_Open-R64-Rebeka_Masarova-Elina_Svitolina,Rebeka Masarova,NetPoints,8,4,4,0,0,4,0,64
20210901-W-US_Open-R64-Rebeka_Masarova-Elina_Svitolina,Rebeka Masarova,Approach,5,3,3,0,0,2,0,32
20210901-W-US_Open-R64-Rebeka_Masarova-Elina_Svitolina,Rebeka Masarova,NetPointsRallies,8,4,4,0,0,4,0,64
20210901-W-US_Open-R64-Rebeka_Masarova-Elina_Svitolina,Rebeka Masarova,ApproachRallies,5,3,3,0,0,2,0,32
20210901-W-US_Open-R64-Rebeka_Masarova-Elina_Svitolina,Elina Svitolina,NetPoints,9,7,6,0,1,1,0,102
20210901-W-US_Open-R64-Rebeka_Masarova-Elina_Svitolina,Elina Svitolina,Approach,5,3,2,0,1,1,0,46
20210901-W-US_Open-R64-Rebeka_Masarova-Elina_Svitolina,Elina Svitolina,NetPointsRallies,9,7,6,0,1,1,0,102
20210901-W-US_Open-R64-Rebeka_Masarova-Elina_Svitolina,Elina Svitolina,ApproachRallies,5,3,2,0,1,1,0,46
20210901-W-US_Open-R64-Leylah_Fernandez-Kaia_Kanepi,Leylah Fernandez,NetPoints,5,3,1,1,0,1,0,40
20210901-W-US_Open-R64-Leylah_Fernandez-Kaia_Kanepi,Leylah Fernandez,Approach,2,1,1,0,0,0,0,16
20210901-W-US_Open-R64-Leylah_Fernandez-Kaia_Kanepi,Leylah Fernandez,NetPointsRallies,5,3,1,1,0,1,0,40
20210901-W-US_Open-R64-Leylah_Fernandez-Kaia_Kanepi,Leylah Fernandez,ApproachRallies,2,1,1,0,0,0,0,16
20210901-W-US_Open-R64-Leylah_Fernandez-Kaia_Kanepi,Kaia Kanepi,NetPoints,10,6,4,1,1,2,1,76
20210901-W-US_Open-R64-Leylah_Fernandez-Kaia_Kanepi,Kaia Kanepi,Approach,1,1,0,0,0,0,0,3
20210901-W-US_Open-R64-Leylah_Fernandez-Kaia_Kanepi,Kaia Kanepi,NetPointsRallies,10,6,4,1,1,2,1,76
20210901-W-US_Open-R64-Leylah_Fernandez-Kaia_Kanepi,Kaia Kanepi,ApproachRallies,1,1,0,0,0,0,0,3
20210901-W-US_Open-R64-Coco_Gauff-Sloane_Stephens,Coco Gauff,NetPoints,15,9,3,4,0,3,2,103
20210901-W-US_Open-R64-Coco_Gauff-Sloane_Stephens,Coco Gauff,Approach,8,3,1,1,0,3,1,61
20210901-W-US_Open-R64-Coco_Gauff-Sloane_Stephens,Coco Gauff,NetPointsRallies,15,9,3,4,0,3,2,103
20210901-W-US_Open-R64-Coco_Gauff-Sloane_Stephens,Coco Gauff,ApproachRallies,8,3,1,1,0,3,1,61
20210901-W-US_Open-R64-Coco_Gauff-Sloane_Stephens,Sloane Stephens,NetPoints,7,5,3,2,2,0,0,37
20210901-W-US_Open-R64-Coco_Gauff-Sloane_Stephens,Sloane Stephens,Approach,2,2,1,1,0,0,0,11
20210901-W-US_Open-R64-Coco_Gauff-Sloane_Stephens,Sloane Stephens,NetPointsRallies,7,5,3,2,2,0,0,37
20210901-W-US_Open-R64-Coco_Gauff-Sloane_Stephens,Sloane Stephens,ApproachRallies,2,2,1,1,0,0,0,11
20210831-W-US_Open-R128-Sara_Sorribes_Tormo-Karolina_Muchova,Sara Sorribes Tormo,NetPoints,23,16,10,6,1,2,2,200
20210831-W-US_Open-R128-Sara_Sorribes_Tormo-Karolina_Muchova,Sara Sorribes Tormo,Approach,14,9,7,2,1,0,2,98
20210831-W-US_Open-R128-Sara_Sorribes_Tormo-Karolina_Muchova,Sara Sorribes Tormo,NetPointsRallies,21,15,9,6,1,2,2,195
20210831-W-US_Open-R128-Sara_Sorribes_Tormo-Karolina_Muchova,Sara Sorribes Tormo,ApproachRallies,12,8,6,2,1,0,2,93
20210831-W-US_Open-R128-Sara_Sorribes_Tormo-Karolina_Muchova,Karolina Muchova,NetPoints,49,29,14,13,7,8,3,377
20210831-W-US_Open-R128-Sara_Sorribes_Tormo-Karolina_Muchova,Karolina Muchova,Approach,42,23,9,12,6,8,3,329
20210831-W-US_Open-R128-Sara_Sorribes_Tormo-Karolina_Muchova,Karolina Muchova,NetPointsRallies,43,25,10,13,7,8,3,355
20210831-W-US_Open-R128-Sara_Sorribes_Tormo-Karolina_Muchova,Karolina Muchova,ApproachRallies,36,19,5,12,6,8,3,307
20210831-W-US_Open-R128-Marta_Kostyuk-Maria_Sakkari,Marta Kostyuk,NetPoints,8,5,3,1,0,1,2,40
20210831-W-US_Open-R128-Marta_Kostyuk-Maria_Sakkari,Marta Kostyuk,Approach,5,4,3,0,0,0,1,27
20210831-W-US_Open-R128-Marta_Kostyuk-Maria_Sakkari,Marta Kostyuk,NetPointsRallies,8,5,3,1,0,1,2,40
20210831-W-US_Open-R128-Marta_Kostyuk-Maria_Sakkari,Marta Kostyuk,ApproachRallies,5,4,3,0,0,0,1,27
20210831-W-US_Open-R128-Marta_Kostyuk-Maria_Sakkari,Maria Sakkari,NetPoints,9,7,6,1,2,0,0,43
20210831-W-US_Open-R128-Marta_Kostyuk-Maria_Sakkari,Maria Sakkari,Approach,2,2,1,1,0,0,0,11
20210831-W-US_Open-R128-Marta_Kostyuk-Maria_Sakkari,Maria Sakkari,NetPointsRallies,9,7,6,1,2,0,0,43
20210831-W-US_Open-R128-Marta_Kostyuk-Maria_Sakkari,Maria Sakkari,ApproachRallies,2,2,1,1,0,0,0,11
20210831-W-US_Open-R128-Jil_Teichmann-Cristina_Bucsa,Jil Teichmann,NetPoints,13,10,4,6,1,1,1,90
20210831-W-US_Open-R128-Jil_Teichmann-Cristina_Bucsa,Jil Teichmann,Approach,9,7,2,5,1,1,0,61
20210831-W-US_Open-R128-Jil_Teichmann-Cristina_Bucsa,Jil Teichmann,NetPointsRallies,13,10,4,6,1,1,1,90
20210831-W-US_Open-R128-Jil_Teichmann-Cristina_Bucsa,Jil Teichmann,ApproachRallies,9,7,2,5,1,1,0,61
20210831-W-US_Open-R128-Jil_Teichmann-Cristina_Bucsa,Cristina Bucsa,NetPoints,13,9,6,2,1,1,2,107
20210831-W-US_Open-R128-Jil_Teichmann-Cristina_Bucsa,Cristina Bucsa,Approach,9,5,3,2,1,1,2,71
20210831-W-US_Open-R128-Jil_Teichmann-Cristina_Bucsa,Cristina Bucsa,NetPointsRallies,13,9,6,2,1,1,2,107
20210831-W-US_Open-R128-Jil_Teichmann-Cristina_Bucsa,Cristina Bucsa,ApproachRallies,9,5,3,2,1,1,2,71
20210831-W-US_Open-R128-Bianca_Andreescu-Viktorija_Golubic,Bianca Andreescu,NetPoints,27,19,13,5,5,1,2,187
20210831-W-US_Open-R128-Bianca_Andreescu-Viktorija_Golubic,Bianca Andreescu,Approach,18,13,8,4,3,1,1,118
20210831-W-US_Open-R128-Bianca_Andreescu-Viktorija_Golubic,Bianca Andreescu,NetPointsRallies,27,19,13,5,5,1,2,187
20210831-W-US_Open-R128-Bianca_Andreescu-Viktorija_Golubic,Bianca Andreescu,ApproachRallies,18,13,8,4,3,1,1,118
20210831-W-US_Open-R128-Bianca_Andreescu-Viktorija_Golubic,Viktorija Golubic,NetPoints,22,15,6,8,1,3,2,144
20210831-W-US_Open-R128-Bianca_Andreescu-Viktorija_Golubic,Viktorija Golubic,Approach,21,14,5,8,1,3,2,141
20210831-W-US_Open-R128-Bianca_Andreescu-Viktorija_Golubic,Viktorija Golubic,NetPointsRallies,22,15,6,8,1,3,2,144
20210831-W-US_Open-R128-Bianca_Andreescu-Viktorija_Golubic,Viktorija Golubic,ApproachRallies,21,14,5,8,1,3,2,141
20210830-W-US_Open-R128-Leylah_Fernandez-Ana_Konjuh,Leylah Fernandez,NetPoints,7,5,4,1,0,2,0,47
20210830-W-US_Open-R128-Leylah_Fernandez-Ana_Konjuh,Leylah Fernandez,Approach,1,1,1,0,0,0,0,7
20210830-W-US_Open-R128-Leylah_Fernandez-Ana_Konjuh,Leylah Fernandez,NetPointsRallies,7,5,4,1,0,2,0,47
20210830-W-US_Open-R128-Leylah_Fernandez-Ana_Konjuh,Leylah Fernandez,ApproachRallies,1,1,1,0,0,0,0,7
20210830-W-US_Open-R128-Leylah_Fernandez-Ana_Konjuh,Ana Konjuh,NetPoints,7,4,3,1,1,0,2,41
20210830-W-US_Open-R128-Leylah_Fernandez-Ana_Konjuh,Ana Konjuh,Approach,4,2,2,0,1,0,1,19
20210830-W-US_Open-R128-Leylah_Fernandez-Ana_Konjuh,Ana Konjuh,NetPointsRallies,7,4,3,1,1,0,2,41
20210830-W-US_Open-R128-Leylah_Fernandez-Ana_Konjuh,Ana Konjuh,ApproachRallies,4,2,2,0,1,0,1,19
20210830-W-US_Open-R128-Elina_Svitolina-Rebecca_Marino,Elina Svitolina,NetPoints,3,2,1,0,0,1,0,16
20210830-W-US_Open-R128-Elina_Svitolina-Rebecca_Marino,Elina Svitolina,Approach,3,2,1,0,0,1,0,16
20210830-W-US_Open-R128-Elina_Svitolina-Rebecca_Marino,Elina Svitolina,NetPointsRallies,2,2,1,0,0,0,0,12
20210830-W-US_Open-R128-Elina_Svitolina-Rebecca_Marino,Elina Svitolina,ApproachRallies,2,2,1,0,0,0,0,12
20210830-W-US_Open-R128-Elina_Svitolina-Rebecca_Marino,Rebecca Marino,NetPoints,12,7,6,0,2,2,1,46
20210830-W-US_Open-R128-Elina_Svitolina-Rebecca_Marino,Rebecca Marino,Approach,4,2,1,0,1,0,1,17
20210830-W-US_Open-R128-Elina_Svitolina-Rebecca_Marino,Rebecca Marino,NetPointsRallies,12,7,6,0,2,2,1,46
20210830-W-US_Open-R128-Elina_Svitolina-Rebecca_Marino,Rebecca Marino,ApproachRallies,4,2,1,0,1,0,1,17
20210830-W-US_Open-R128-Donna_Vekic-Garbine_Muguruza,Donna Vekic,NetPoints,9,6,4,1,2,0,0,58
20210830-W-US_Open-R128-Donna_Vekic-Garbine_Muguruza,Donna Vekic,Approach,5,3,2,0,1,0,0,32
20210830-W-US_Open-R128-Donna_Vekic-Garbine_Muguruza,Donna Vekic,NetPointsRallies,9,6,4,1,2,0,0,58
20210830-W-US_Open-R128-Donna_Vekic-Garbine_Muguruza,Donna Vekic,ApproachRallies,5,3,2,0,1,0,0,32
20210830-W-US_Open-R128-Donna_Vekic-Garbine_Muguruza,Garbine Muguruza,NetPoints,14,11,8,3,0,2,1,102
20210830-W-US_Open-R128-Donna_Vekic-Garbine_Muguruza,Garbine Muguruza,Approach,7,6,4,2,0,1,0,51
20210830-W-US_Open-R128-Donna_Vekic-Garbine_Muguruza,Garbine Muguruza,NetPointsRallies,13,10,7,3,0,2,1,99
20210830-W-US_Open-R128-Donna_Vekic-Garbine_Muguruza,Garbine Muguruza,ApproachRallies,6,5,3,2,0,1,0,48
20210830-W-US_Open-R128-Carla_Suarez_Navarro-Danielle_Collins,Carla Suarez Navarro,NetPoints,4,4,2,2,0,0,0,20
20210830-W-US_Open-R128-Carla_Suarez_Navarro-Danielle_Collins,Carla Suarez Navarro,Approach,1,1,1,0,0,0,0,9
20210830-W-US_Open-R128-Carla_Suarez_Navarro-Danielle_Collins,Carla Suarez Navarro,NetPointsRallies,4,4,2,2,0,0,0,20
20210830-W-US_Open-R128-Carla_Suarez_Navarro-Danielle_Collins,Carla Suarez Navarro,ApproachRallies,1,1,1,0,0,0,0,9
20210830-W-US_Open-R128-Carla_Suarez_Navarro-Danielle_Collins,Danielle Collins,NetPoints,8,5,5,0,1,0,2,31
20210830-W-US_Open-R128-Carla_Suarez_Navarro-Danielle_Collins,Danielle Collins,Approach,5,2,2,0,1,0,2,21
20210830-W-US_Open-R128-Carla_Suarez_Navarro-Danielle_Collins,Danielle Collins,NetPointsRallies,8,5,5,0,1,0,2,31
20210830-W-US_Open-R128-Carla_Suarez_Navarro-Danielle_Collins,Danielle Collins,ApproachRallies,5,2,2,0,1,0,2,21
20210825-W-US_Open-Q1-Emma_Raducanu-Bibiane_Schoofs,Emma Raducanu,NetPoints,7,5,4,1,0,1,1,47
20210825-W-US_Open-Q1-Emma_Raducanu-Bibiane_Schoofs,Emma Raducanu,Approach,1,0,0,0,0,1,0,4
20210825-W-US_Open-Q1-Emma_Raducanu-Bibiane_Schoofs,Emma Raducanu,NetPointsRallies,7,5,4,1,0,1,1,47
20210825-W-US_Open-Q1-Emma_Raducanu-Bibiane_Schoofs,Emma Raducanu,ApproachRallies,1,0,0,0,0,1,0,4
20210825-W-US_Open-Q1-Emma_Raducanu-Bibiane_Schoofs,Bibiane Schoofs,NetPoints,16,6,2,3,4,2,3,104
20210825-W-US_Open-Q1-Emma_Raducanu-Bibiane_Schoofs,Bibiane Schoofs,Approach,13,4,1,2,3,2,3,88
20210825-W-US_Open-Q1-Emma_Raducanu-Bibiane_Schoofs,Bibiane Schoofs,NetPointsRallies,16,6,2,3,4,2,3,104
20210825-W-US_Open-Q1-Emma_Raducanu-Bibiane_Schoofs,Bibiane Schoofs,ApproachRallies,13,4,1,2,3,2,3,88
20210220-W-Australian_Open-F-Naomi_Osaka-Jennifer_Brady,Naomi Osaka,NetPoints,4,3,1,1,1,0,0,18
20210220-W-Australian_Open-F-Naomi_Osaka-Jennifer_Brady,Naomi Osaka,Approach,3,2,0,1,1,0,0,13
20210220-W-Australian_Open-F-Naomi_Osaka-Jennifer_Brady,Naomi Osaka,NetPointsRallies,4,3,1,1,1,0,0,18
20210220-W-Australian_Open-F-Naomi_Osaka-Jennifer_Brady,Naomi Osaka,ApproachRallies,3,2,0,1,1,0,0,13
20210220-W-Australian_Open-F-Naomi_Osaka-Jennifer_Brady,Jennifer Brady,NetPoints,3,2,1,1,1,0,0,8
20210220-W-Australian_Open-F-Naomi_Osaka-Jennifer_Brady,Jennifer Brady,Approach,2,1,0,1,1,0,0,5
20210220-W-Australian_Open-F-Naomi_Osaka-Jennifer_Brady,Jennifer Brady,NetPointsRallies,3,2,1,1,1,0,0,8
20210220-W-Australian_Open-F-Naomi_Osaka-Jennifer_Brady,Jennifer Brady,ApproachRallies,2,1,0,1,1,0,0,5
20210218-W-Australian_Open-SF-Naomi_Osaka-Serena_Williams,Naomi Osaka,NetPoints,1,1,0,1,0,0,0,10
20210218-W-Australian_Open-SF-Naomi_Osaka-Serena_Williams,Naomi Osaka,Approach,1,1,0,1,0,0,0,10
20210218-W-Australian_Open-SF-Naomi_Osaka-Serena_Williams,Naomi Osaka,NetPointsRallies,1,1,0,1,0,0,0,10
20210218-W-Australian_Open-SF-Naomi_Osaka-Serena_Williams,Naomi Osaka,ApproachRallies,1,1,0,1,0,0,0,10
20210218-W-Australian_Open-SF-Naomi_Osaka-Serena_Williams,Serena Williams,NetPoints,1,1,1,0,0,0,0,5
20210218-W-Australian_Open-SF-Naomi_Osaka-Serena_Williams,Serena Williams,NetPointsRallies,1,1,1,0,0,0,0,5
20210218-W-Australian_Open-SF-Jennifer_Brady-Karolina_Muchova,Jennifer Brady,NetPoints,12,9,4,3,1,1,1,76
20210218-W-Australian_Open-SF-Jennifer_Brady-Karolina_Muchova,Jennifer Brady,Approach,10,7,4,2,1,1,1,56
20210218-W-Australian_Open-SF-Jennifer_Brady-Karolina_Muchova,Jennifer Brady,NetPointsRallies,12,9,4,3,1,1,1,76
20210218-W-Australian_Open-SF-Jennifer_Brady-Karolina_Muchova,Jennifer Brady,ApproachRallies,10,7,4,2,1,1,1,56
20210218-W-Australian_Open-SF-Jennifer_Brady-Karolina_Muchova,Karolina Muchova,NetPoints,18,15,10,4,0,0,2,88
20210218-W-Australian_Open-SF-Jennifer_Brady-Karolina_Muchova,Karolina Muchova,Approach,14,11,6,4,0,0,2,69
20210218-W-Australian_Open-SF-Jennifer_Brady-Karolina_Muchova,Karolina Muchova,NetPointsRallies,15,12,8,4,0,0,2,79
20210218-W-Australian_Open-SF-Jennifer_Brady-Karolina_Muchova,Karolina Muchova,ApproachRallies,11,8,4,4,0,0,2,60
20210217-W-Australian_Open-QF-Jennifer_Brady-Jessica_Pegula,Jennifer Brady,NetPoints,11,8,4,3,2,0,0,91
20210217-W-Australian_Open-QF-Jennifer_Brady-Jessica_Pegula,Jennifer Brady,Approach,7,4,0,3,2,0,0,55
20210217-W-Australian_Open-QF-Jennifer_Brady-Jessica_Pegula,Jennifer Brady,NetPointsRallies,11,8,4,3,2,0,0,91
20210217-W-Australian_Open-QF-Jennifer_Brady-Jessica_Pegula,Jennifer Brady,ApproachRallies,7,4,0,3,2,0,0,55
20210217-W-Australian_Open-QF-Jennifer_Brady-Jessica_Pegula,Jessica Pegula,NetPoints,11,8,5,2,0,2,0,79
20210217-W-Australian_Open-QF-Jennifer_Brady-Jessica_Pegula,Jessica Pegula,Approach,7,5,2,2,0,2,0,46
20210217-W-Australian_Open-QF-Jennifer_Brady-Jessica_Pegula,Jessica Pegula,NetPointsRallies,11,8,5,2,0,2,0,79
20210217-W-Australian_Open-QF-Jennifer_Brady-Jessica_Pegula,Jessica Pegula,ApproachRallies,7,5,2,2,0,2,0,46
20210217-W-Australian_Open-QF-Ashleigh_Barty-Karolina_Muchova,Ashleigh Barty,NetPoints,14,7,4,2,3,2,1,85
20210217-W-Australian_Open-QF-Ashleigh_Barty-Karolina_Muchova,Ashleigh Barty,Approach,8,3,1,1,2,1,1,41
20210217-W-Australian_Open-QF-Ashleigh_Barty-Karolina_Muchova,Ashleigh Barty,NetPointsRallies,14,7,4,2,3,2,1,85
20210217-W-Australian_Open-QF-Ashleigh_Barty-Karolina_Muchova,Ashleigh Barty,ApproachRallies,8,3,1,1,2,1,1,41
20210217-W-Australian_Open-QF-Ashleigh_Barty-Karolina_Muchova,Karolina Muchova,NetPoints,33,20,8,9,3,4,3,204
20210217-W-Australian_Open-QF-Ashleigh_Barty-Karolina_Muchova,Karolina Muchova,Approach,32,19,7,9,3,4,3,201
20210217-W-Australian_Open-QF-Ashleigh_Barty-Karolina_Muchova,Karolina Muchova,NetPointsRallies,30,18,8,9,3,4,3,200
20210217-W-Australian_Open-QF-Ashleigh_Barty-Karolina_Muchova,Karolina Muchova,ApproachRallies,29,17,7,9,3,4,3,197
20210214-W-Australian_Open-R16-Karolina_Muchova-Elise_Mertens,Karolina Muchova,NetPoints,22,12,10,1,4,4,1,184
20210214-W-Australian_Open-R16-Karolina_Muchova-Elise_Mertens,Karolina Muchova,Approach,21,12,10,1,3,4,1,179
20210214-W-Australian_Open-R16-Karolina_Muchova-Elise_Mertens,Karolina Muchova,NetPointsRallies,20,11,9,1,4,3,1,175
20210214-W-Australian_Open-R16-Karolina_Muchova-Elise_Mertens,Karolina Muchova,ApproachRallies,19,11,9,1,3,3,1,170
20210214-W-Australian_Open-R16-Karolina_Muchova-Elise_Mertens,Elise Mertens,NetPoints,12,8,4,4,2,1,1,84
20210214-W-Australian_Open-R16-Karolina_Muchova-Elise_Mertens,Elise Mertens,Approach,12,8,4,4,2,1,1,84
20210214-W-Australian_Open-R16-Karolina_Muchova-Elise_Mertens,Elise Mertens,NetPointsRallies,12,8,4,4,2,1,1,84
20210214-W-Australian_Open-R16-Karolina_Muchova-Elise_Mertens,Elise Mertens,ApproachRallies,12,8,4,4,2,1,1,84
20210213-W-Australian_Open-R32-Karolina_Pliskova-Karolina_Muchova,Karolina Pliskova,NetPoints,20,15,8,6,2,2,1,134
20210213-W-Australian_Open-R32-Karolina_Pliskova-Karolina_Muchova,Karolina Pliskova,Approach,12,9,4,5,0,2,1,91
20210213-W-Australian_Open-R32-Karolina_Pliskova-Karolina_Muchova,Karolina Pliskova,NetPointsRallies,20,15,8,6,2,2,1,134
20210213-W-Australian_Open-R32-Karolina_Pliskova-Karolina_Muchova,Karolina Pliskova,ApproachRallies,12,9,4,5,0,2,1,91
20210213-W-Australian_Open-R32-Karolina_Pliskova-Karolina_Muchova,Karolina Muchova,NetPoints,22,10,6,2,5,3,2,125
20210213-W-Australian_Open-R32-Karolina_Pliskova-Karolina_Muchova,Karolina Muchova,Approach,18,6,2,2,5,3,2,94
20210213-W-Australian_Open-R32-Karolina_Pliskova-Karolina_Muchova,Karolina Muchova,NetPointsRallies,18,8,6,1,5,3,2,117
20210213-W-Australian_Open-R32-Karolina_Pliskova-Karolina_Muchova,Karolina Muchova,ApproachRallies,14,4,2,1,5,3,2,86
20210211-W-Australian_Open-R64-Samantha_Stosur-Jessica_Pegula,Samantha Stosur,NetPoints,11,7,5,2,0,1,1,45
20210211-W-Australian_Open-R64-Samantha_Stosur-Jessica_Pegula,Samantha Stosur,Approach,10,6,4,2,0,1,1,39
20210211-W-Australian_Open-R64-Samantha_Stosur-Jessica_Pegula,Samantha Stosur,NetPointsRallies,9,7,5,2,0,1,1,41
20210211-W-Australian_Open-R64-Samantha_Stosur-Jessica_Pegula,Samantha Stosur,ApproachRallies,8,6,4,2,0,1,1,35
20210211-W-Australian_Open-R64-Samantha_Stosur-Jessica_Pegula,Jessica Pegula,NetPoints,17,12,6,6,1,2,0,105
20210211-W-Australian_Open-R64-Samantha_Stosur-Jessica_Pegula,Jessica Pegula,Approach,12,9,3,6,1,1,0,77
20210211-W-Australian_Open-R64-Samantha_Stosur-Jessica_Pegula,Jessica Pegula,NetPointsRallies,16,12,6,6,1,2,0,103
20210211-W-Australian_Open-R64-Samantha_Stosur-Jessica_Pegula,Jessica Pegula,ApproachRallies,11,9,3,6,1,1,0,75
20210211-W-Australian_Open-R64-Elina_Svitolina-Coco_Gauff,Elina Svitolina,NetPoints,15,10,7,3,1,1,3,88
20210211-W-Australian_Open-R64-Elina_Svitolina-Coco_Gauff,Elina Svitolina,Approach,11,8,5,3,0,1,2,61
20210211-W-Australian_Open-R64-Elina_Svitolina-Coco_Gauff,Elina Svitolina,NetPointsRallies,15,10,7,3,1,1,3,88
20210211-W-Australian_Open-R64-Elina_Svitolina-Coco_Gauff,Elina Svitolina,ApproachRallies,11,8,5,3,0,1,2,61
20210211-W-Australian_Open-R64-Elina_Svitolina-Coco_Gauff,Coco Gauff,NetPoints,21,14,9,3,3,3,1,129
20210211-W-Australian_Open-R64-Elina_Svitolina-Coco_Gauff,Coco Gauff,Approach,11,6,3,2,1,3,1,83
20210211-W-Australian_Open-R64-Elina_Svitolina-Coco_Gauff,Coco Gauff,NetPointsRallies,21,14,9,3,3,3,1,129
20210211-W-Australian_Open-R64-Elina_Svitolina-Coco_Gauff,Coco Gauff,ApproachRallies,11,6,3,2,1,3,1,83
20210211-W-Australian_Open-R32-Naomi_Osaka-Ons_Jabeur,Naomi Osaka,NetPoints,5,4,3,1,0,0,1,28
20210211-W-Australian_Open-R32-Naomi_Osaka-Ons_Jabeur,Naomi Osaka,Approach,4,3,2,1,0,0,1,25
20210211-W-Australian_Open-R32-Naomi_Osaka-Ons_Jabeur,Naomi Osaka,NetPointsRallies,5,4,3,1,0,0,1,28
20210211-W-Australian_Open-R32-Naomi_Osaka-Ons_Jabeur,Naomi Osaka,ApproachRallies,4,3,2,1,0,0,1,25
20210211-W-Australian_Open-R32-Naomi_Osaka-Ons_Jabeur,Ons Jabeur,NetPoints,5,5,1,3,0,0,0,24
20210211-W-Australian_Open-R32-Naomi_Osaka-Ons_Jabeur,Ons Jabeur,Approach,5,5,1,3,0,0,0,24
20210211-W-Australian_Open-R32-Naomi_Osaka-Ons_Jabeur,Ons Jabeur,NetPointsRallies,5,5,1,3,0,0,0,24
20210211-W-Australian_Open-R32-Naomi_Osaka-Ons_Jabeur,Ons Jabeur,ApproachRallies,5,5,1,3,0,0,0,24
20210211-W-Australian_Open-R32-Anastasia_Potapova-Serena_Williams,Anastasia Potapova,NetPoints,2,1,1,0,0,0,1,10
20210211-W-Australian_Open-R32-Anastasia_Potapova-Serena_Williams,Anastasia Potapova,Approach,2,1,1,0,0,0,1,10
20210211-W-Australian_Open-R32-Anastasia_Potapova-Serena_Williams,Anastasia Potapova,NetPointsRallies,2,1,1,0,0,0,1,10
20210211-W-Australian_Open-R32-Anastasia_Potapova-Serena_Williams,Anastasia Potapova,ApproachRallies,2,1,1,0,0,0,1,10
20210211-W-Australian_Open-R32-Anastasia_Potapova-Serena_Williams,Serena Williams,NetPoints,5,3,1,2,0,1,1,36
20210211-W-Australian_Open-R32-Anastasia_Potapova-Serena_Williams,Serena Williams,Approach,5,3,1,2,0,1,1,36
20210211-W-Australian_Open-R32-Anastasia_Potapova-Serena_Williams,Serena Williams,NetPointsRallies,5,3,1,2,0,1,1,36
20210211-W-Australian_Open-R32-Anastasia_Potapova-Serena_Williams,Serena Williams,ApproachRallies,5,3,1,2,0,1,1,36
20210210-W-Australian_Open-R64-Rebecca_Marino-Marketa_Vondrousova,Rebecca Marino,NetPoints,15,8,7,1,3,2,1,125
20210210-W-Australian_Open-R64-Rebecca_Marino-Marketa_Vondrousova,Rebecca Marino,Approach,7,3,2,1,3,0,0,66
20210210-W-Australian_Open-R64-Rebecca_Marino-Marketa_Vondrousova,Rebecca Marino,NetPointsRallies,15,8,7,1,3,2,1,125
20210210-W-Australian_Open-R64-Rebecca_Marino-Marketa_Vondrousova,Rebecca Marino,ApproachRallies,7,3,2,1,3,0,0,66
20210210-W-Australian_Open-R64-Rebecca_Marino-Marketa_Vondrousova,Marketa Vondrousova,NetPoints,5,4,3,1,1,0,0,28
20210210-W-Australian_Open-R64-Rebecca_Marino-Marketa_Vondrousova,Marketa Vondrousova,Approach,1,1,0,1,0,0,0,5
20210210-W-Australian_Open-R64-Rebecca_Marino-Marketa_Vondrousova,Marketa Vondrousova,NetPointsRallies,5,4,3,1,1,0,0,28
20210210-W-Australian_Open-R64-Rebecca_Marino-Marketa_Vondrousova,Marketa Vondrousova,ApproachRallies,1,1,0,1,0,0,0,5
20210210-W-Australian_Open-R64-Bianca_Andreescu-Su_Wei_Hsieh,Bianca Andreescu,NetPoints,18,10,5,3,4,1,1,132
20210210-W-Australian_Open-R64-Bianca_Andreescu-Su_Wei_Hsieh,Bianca Andreescu,Approach,13,8,3,3,2,1,0,109
20210210-W-Australian_Open-R64-Bianca_Andreescu-Su_Wei_Hsieh,Bianca Andreescu,NetPointsRallies,18,10,5,3,4,1,1,132
20210210-W-Australian_Open-R64-Bianca_Andreescu-Su_Wei_Hsieh,Bianca Andreescu,ApproachRallies,13,8,3,3,2,1,0,109
20210210-W-Australian_Open-R64-Bianca_Andreescu-Su_Wei_Hsieh,Su Wei Hsieh,NetPoints,10,7,4,3,1,1,1,83
20210210-W-Australian_Open-R64-Bianca_Andreescu-Su_Wei_Hsieh,Su Wei Hsieh,Approach,4,3,2,1,0,1,0,33
20210210-W-Australian_Open-R64-Bianca_Andreescu-Su_Wei_Hsieh,Su Wei Hsieh,NetPointsRallies,10,7,4,3,1,1,1,83
20210210-W-Australian_Open-R64-Bianca_Andreescu-Su_Wei_Hsieh,Su Wei Hsieh,ApproachRallies,4,3,2,1,0,1,0,33
20210209-W-Australian_Open-R128-Elina_Svitolina-Marie_Bouzkova,Elina Svitolina,NetPoints,24,15,10,4,5,3,1,170
20210209-W-Australian_Open-R128-Elina_Svitolina-Marie_Bouzkova,Elina Svitolina,Approach,18,12,7,4,4,2,0,131
20210209-W-Australian_Open-R128-Elina_Svitolina-Marie_Bouzkova,Elina Svitolina,NetPointsRallies,24,15,10,4,5,3,1,170
20210209-W-Australian_Open-R128-Elina_Svitolina-Marie_Bouzkova,Elina Svitolina,ApproachRallies,18,12,7,4,4,2,0,131
20210209-W-Australian_Open-R128-Elina_Svitolina-Marie_Bouzkova,Marie Bouzkova,NetPoints,25,17,12,5,4,3,0,164
20210209-W-Australian_Open-R128-Elina_Svitolina-Marie_Bouzkova,Marie Bouzkova,Approach,20,12,7,5,4,3,0,123
20210209-W-Australian_Open-R128-Elina_Svitolina-Marie_Bouzkova,Marie Bouzkova,NetPointsRallies,25,17,12,5,4,3,0,164
20210209-W-Australian_Open-R128-Elina_Svitolina-Marie_Bouzkova,Marie Bouzkova,ApproachRallies,20,12,7,5,4,3,0,123
20210209-W-Australian_Open-R128-Destanee_Aiava-Samantha_Stosur,Destanee Aiava,NetPoints,17,10,4,6,3,3,1,112
20210209-W-Australian_Open-R128-Destanee_Aiava-Samantha_Stosur,Destanee Aiava,Approach,12,8,4,4,2,1,1,74
20210209-W-Australian_Open-R128-Destanee_Aiava-Samantha_Stosur,Destanee Aiava,NetPointsRallies,17,10,4,6,3,3,1,112
20210209-W-Australian_Open-R128-Destanee_Aiava-Samantha_Stosur,Destanee Aiava,ApproachRallies,12,8,4,4,2,1,1,74
20210209-W-Australian_Open-R128-Destanee_Aiava-Samantha_Stosur,Samantha Stosur,NetPoints,28,21,10,10,2,2,3,195
20210209-W-Australian_Open-R128-Destanee_Aiava-Samantha_Stosur,Samantha Stosur,Approach,17,12,3,8,1,2,2,112
20210209-W-Australian_Open-R128-Destanee_Aiava-Samantha_Stosur,Samantha Stosur,NetPointsRallies,28,21,10,10,2,2,3,195
20210209-W-Australian_Open-R128-Destanee_Aiava-Samantha_Stosur,Samantha Stosur,ApproachRallies,17,12,3,8,1,2,2,112
20210209-W-Australian_Open-R128-Coco_Gauff-Jil_Teichmann,Coco Gauff,NetPoints,7,5,3,2,0,0,2,26
20210209-W-Australian_Open-R128-Coco_Gauff-Jil_Teichmann,Coco Gauff,Approach,6,4,2,2,0,0,2,23
20210209-W-Australian_Open-R128-Coco_Gauff-Jil_Teichmann,Coco Gauff,NetPointsRallies,7,5,3,2,0,0,2,26
20210209-W-Australian_Open-R128-Coco_Gauff-Jil_Teichmann,Coco Gauff,ApproachRallies,6,4,2,2,0,0,2,23
20210209-W-Australian_Open-R128-Coco_Gauff-Jil_Teichmann,Jil Teichmann,NetPoints,8,8,6,2,0,0,0,42
20210209-W-Australian_Open-R128-Coco_Gauff-Jil_Teichmann,Jil Teichmann,Approach,5,5,4,1,0,0,0,31
20210209-W-Australian_Open-R128-Coco_Gauff-Jil_Teichmann,Jil Teichmann,NetPointsRallies,8,8,6,2,0,0,0,42
20210209-W-Australian_Open-R128-Coco_Gauff-Jil_Teichmann,Jil Teichmann,ApproachRallies,5,5,4,1,0,0,0,31
20210209-W-Australian_Open-R128-Chloe_Paquet-Mayar_Sherif,Chloe Paquet,NetPoints,7,4,3,1,1,2,0,52
20210209-W-Australian_Open-R128-Chloe_Paquet-Mayar_Sherif,Chloe Paquet,Approach,2,1,0,1,1,0,0,9
20210209-W-Australian_Open-R128-Chloe_Paquet-Mayar_Sherif,Chloe Paquet,NetPointsRallies,7,4,3,1,1,2,0,52
20210209-W-Australian_Open-R128-Chloe_Paquet-Mayar_Sherif,Chloe Paquet,ApproachRallies,2,1,0,1,1,0,0,9
20210209-W-Australian_Open-R128-Chloe_Paquet-Mayar_Sherif,Mayar Sherif,NetPoints,30,22,16,6,4,4,0,220
20210209-W-Australian_Open-R128-Chloe_Paquet-Mayar_Sherif,Mayar Sherif,Approach,28,20,14,6,4,4,0,211
20210209-W-Australian_Open-R128-Chloe_Paquet-Mayar_Sherif,Mayar Sherif,NetPointsRallies,30,22,16,6,4,4,0,220
20210209-W-Australian_Open-R128-Chloe_Paquet-Mayar_Sherif,Mayar Sherif,ApproachRallies,28,20,14,6,4,4,0,211
20210209-W-Australian_Open-R128-Barbora_Strycova-Svetlana_Kuznetsova,Barbora Strycova,NetPoints,19,10,7,2,2,4,2,115
20210209-W-Australian_Open-R128-Barbora_Strycova-Svetlana_Kuznetsova,Barbora Strycova,Approach,17,9,7,1,2,4,1,102
20210209-W-Australian_Open-R128-Barbora_Strycova-Svetlana_Kuznetsova,Barbora Strycova,NetPointsRallies,14,6,4,2,2,4,2,103
20210209-W-Australian_Open-R128-Barbora_Strycova-Svetlana_Kuznetsova,Barbora Strycova,ApproachRallies,12,5,4,1,2,4,1,90
20210209-W-Australian_Open-R128-Barbora_Strycova-Svetlana_Kuznetsova,Svetlana Kuznetsova,NetPoints,9,5,2,3,2,1,1,76
20210209-W-Australian_Open-R128-Barbora_Strycova-Svetlana_Kuznetsova,Svetlana Kuznetsova,Approach,6,4,2,2,1,0,1,44
20210209-W-Australian_Open-R128-Barbora_Strycova-Svetlana_Kuznetsova,Svetlana Kuznetsova,NetPointsRallies,9,5,2,3,2,1,1,76
20210209-W-Australian_Open-R128-Barbora_Strycova-Svetlana_Kuznetsova,Svetlana Kuznetsova,ApproachRallies,6,4,2,2,1,0,1,44
20210208-W-Australian_Open-R128-Tsvetana_Pironkova-Su_Wei_Hsieh,Tsvetana Pironkova,NetPoints,12,5,4,1,3,3,1,73
20210208-W-Australian_Open-R128-Tsvetana_Pironkova-Su_Wei_Hsieh,Tsvetana Pironkova,Approach,8,3,2,1,2,2,1,60
20210208-W-Australian_Open-R128-Tsvetana_Pironkova-Su_Wei_Hsieh,Tsvetana Pironkova,NetPointsRallies,12,5,4,1,3,3,1,73
20210208-W-Australian_Open-R128-Tsvetana_Pironkova-Su_Wei_Hsieh,Tsvetana Pironkova,ApproachRallies,8,3,2,1,2,2,1,60
20210208-W-Australian_Open-R128-Tsvetana_Pironkova-Su_Wei_Hsieh,Su Wei Hsieh,NetPoints,6,6,3,3,0,0,0,67
20210208-W-Australian_Open-R128-Tsvetana_Pironkova-Su_Wei_Hsieh,Su Wei Hsieh,Approach,3,3,1,2,0,0,0,34
20210208-W-Australian_Open-R128-Tsvetana_Pironkova-Su_Wei_Hsieh,Su Wei Hsieh,NetPointsRallies,6,6,3,3,0,0,0,67
20210208-W-Australian_Open-R128-Tsvetana_Pironkova-Su_Wei_Hsieh,Su Wei Hsieh,ApproachRallies,3,3,1,2,0,0,0,34
20210208-W-Australian_Open-R128-Serena_Williams-Laura_Siegemund,Serena Williams,NetPoints,8,6,4,1,2,0,0,47
20210208-W-Australian_Open-R128-Serena_Williams-Laura_Siegemund,Serena Williams,Approach,2,1,1,0,1,0,0,10
20210208-W-Australian_Open-R128-Serena_Williams-Laura_Siegemund,Serena Williams,NetPointsRallies,8,6,4,1,2,0,0,47
20210208-W-Australian_Open-R128-Serena_Williams-Laura_Siegemund,Serena Williams,ApproachRallies,2,1,1,0,1,0,0,10
20210208-W-Australian_Open-R128-Serena_Williams-Laura_Siegemund,Laura Siegemund,NetPoints,7,4,2,1,0,3,0,42
20210208-W-Australian_Open-R128-Serena_Williams-Laura_Siegemund,Laura Siegemund,Approach,5,3,2,1,0,2,0,33
20210208-W-Australian_Open-R128-Serena_Williams-Laura_Siegemund,Laura Siegemund,NetPointsRallies,7,4,2,1,0,3,0,42
20210208-W-Australian_Open-R128-Serena_Williams-Laura_Siegemund,Laura Siegemund,ApproachRallies,5,3,2,1,0,2,0,33
20210208-W-Australian_Open-R128-Rebecca_Marino-Kimberly_Birrell,Rebecca Marino,NetPoints,4,4,3,1,0,0,0,18
20210208-W-Australian_Open-R128-Rebecca_Marino-Kimberly_Birrell,Rebecca Marino,Approach,2,2,1,1,0,0,0,8
20210208-W-Australian_Open-R128-Rebecca_Marino-Kimberly_Birrell,Rebecca Marino,NetPointsRallies,4,4,3,1,0,0,0,18
20210208-W-Australian_Open-R128-Rebecca_Marino-Kimberly_Birrell,Rebecca Marino,ApproachRallies,2,2,1,1,0,0,0,8
20210208-W-Australian_Open-R128-Rebecca_Marino-Kimberly_Birrell,Kimberly Birrell,NetPoints,2,1,0,1,0,1,0,23
20210208-W-Australian_Open-R128-Rebecca_Marino-Kimberly_Birrell,Kimberly Birrell,NetPointsRallies,2,1,0,1,0,1,0,23
20210208-W-Australian_Open-R128-Iga_Swiatek-Arantxa_Rus,Iga Swiatek,NetPoints,6,6,2,3,0,0,0,44
20210208-W-Australian_Open-R128-Iga_Swiatek-Arantxa_Rus,Iga Swiatek,Approach,4,4,1,3,0,0,0,29
20210208-W-Australian_Open-R128-Iga_Swiatek-Arantxa_Rus,Iga Swiatek,NetPointsRallies,6,6,2,3,0,0,0,44
20210208-W-Australian_Open-R128-Iga_Swiatek-Arantxa_Rus,Iga Swiatek,ApproachRallies,4,4,1,3,0,0,0,29
20210208-W-Australian_Open-R128-Iga_Swiatek-Arantxa_Rus,Arantxa Rus,NetPoints,10,6,3,3,2,0,1,69
20210208-W-Australian_Open-R128-Iga_Swiatek-Arantxa_Rus,Arantxa Rus,Approach,1,1,1,0,0,0,0,8
20210208-W-Australian_Open-R128-Iga_Swiatek-Arantxa_Rus,Arantxa Rus,NetPointsRallies,10,6,3,3,2,0,1,69
20210208-W-Australian_Open-R128-Iga_Swiatek-Arantxa_Rus,Arantxa Rus,ApproachRallies,1,1,1,0,0,0,0,8
20210207-W-Australian_Open-R128-Bianca_Andreescu-Mihaela_Buzarnescu,Bianca Andreescu,NetPoints,18,16,8,8,1,0,1,105
20210207-W-Australian_Open-R128-Bianca_Andreescu-Mihaela_Buzarnescu,Bianca Andreescu,Approach,10,9,3,6,0,0,1,47
20210207-W-Australian_Open-R128-Bianca_Andreescu-Mihaela_Buzarnescu,Bianca Andreescu,NetPointsRallies,18,16,8,8,1,0,1,105
20210207-W-Australian_Open-R128-Bianca_Andreescu-Mihaela_Buzarnescu,Bianca Andreescu,ApproachRallies,10,9,3,6,0,0,1,47
20210207-W-Australian_Open-R128-Bianca_Andreescu-Mihaela_Buzarnescu,Mihaela Buzarnescu,NetPoints,9,7,2,4,0,1,1,48
20210207-W-Australian_Open-R128-Bianca_Andreescu-Mihaela_Buzarnescu,Mihaela Buzarnescu,Approach,5,4,1,2,0,1,0,31
20210207-W-Australian_Open-R128-Bianca_Andreescu-Mihaela_Buzarnescu,Mihaela Buzarnescu,NetPointsRallies,9,7,2,4,0,1,1,48
20210207-W-Australian_Open-R128-Bianca_Andreescu-Mihaela_Buzarnescu,Mihaela Buzarnescu,ApproachRallies,5,4,1,2,0,1,0,31
20200912-W-US_Open-F-Naomi_Osaka-Victoria_Azarenka,Naomi Osaka,NetPoints,4,3,2,1,1,0,0,21
20200912-W-US_Open-F-Naomi_Osaka-Victoria_Azarenka,Naomi Osaka,Approach,2,1,1,0,1,0,0,12
20200912-W-US_Open-F-Naomi_Osaka-Victoria_Azarenka,Naomi Osaka,NetPointsRallies,4,3,2,1,1,0,0,21
20200912-W-US_Open-F-Naomi_Osaka-Victoria_Azarenka,Naomi Osaka,ApproachRallies,2,1,1,0,1,0,0,12
20200912-W-US_Open-F-Naomi_Osaka-Victoria_Azarenka,Victoria Azarenka,NetPoints,17,12,8,1,2,3,0,81
20200912-W-US_Open-F-Naomi_Osaka-Victoria_Azarenka,Victoria Azarenka,Approach,13,8,5,1,2,3,0,67
20200912-W-US_Open-F-Naomi_Osaka-Victoria_Azarenka,Victoria Azarenka,NetPointsRallies,17,12,8,1,2,3,0,81
20200912-W-US_Open-F-Naomi_Osaka-Victoria_Azarenka,Victoria Azarenka,ApproachRallies,13,8,5,1,2,3,0,67
20200910-W-US_Open-SF-Victoria_Azarenka-Serena_Williams,Victoria Azarenka,NetPoints,10,7,4,2,1,1,1,76
20200910-W-US_Open-SF-Victoria_Azarenka-Serena_Williams,Victoria Azarenka,Approach,10,7,4,2,1,1,1,76
20200910-W-US_Open-SF-Victoria_Azarenka-Serena_Williams,Victoria Azarenka,NetPointsRallies,10,7,4,2,1,1,1,76
20200910-W-US_Open-SF-Victoria_Azarenka-Serena_Williams,Victoria Azarenka,ApproachRallies,10,7,4,2,1,1,1,76
20200910-W-US_Open-SF-Victoria_Azarenka-Serena_Williams,Serena Williams,NetPoints,17,12,7,4,0,5,0,101
20200910-W-US_Open-SF-Victoria_Azarenka-Serena_Williams,Serena Williams,Approach,11,9,6,2,0,2,0,62
20200910-W-US_Open-SF-Victoria_Azarenka-Serena_Williams,Serena Williams,NetPointsRallies,17,12,7,4,0,5,0,101
20200910-W-US_Open-SF-Victoria_Azarenka-Serena_Williams,Serena Williams,ApproachRallies,11,9,6,2,0,2,0,62
20200910-W-US_Open-SF-Naomi_Osaka-Jennifer_Brady,Naomi Osaka,NetPoints,4,4,2,0,0,0,0,25
20200910-W-US_Open-SF-Naomi_Osaka-Jennifer_Brady,Naomi Osaka,Approach,2,2,0,0,0,0,0,19
20200910-W-US_Open-SF-Naomi_Osaka-Jennifer_Brady,Naomi Osaka,NetPointsRallies,4,4,2,0,0,0,0,25
20200910-W-US_Open-SF-Naomi_Osaka-Jennifer_Brady,Naomi Osaka,ApproachRallies,2,2,0,0,0,0,0,19
20200910-W-US_Open-SF-Naomi_Osaka-Jennifer_Brady,Jennifer Brady,NetPoints,15,11,6,4,1,2,0,80
20200910-W-US_Open-SF-Naomi_Osaka-Jennifer_Brady,Jennifer Brady,Approach,14,10,5,4,1,2,0,75
20200910-W-US_Open-SF-Naomi_Osaka-Jennifer_Brady,Jennifer Brady,NetPointsRallies,15,11,6,4,1,2,0,80
20200910-W-US_Open-SF-Naomi_Osaka-Jennifer_Brady,Jennifer Brady,ApproachRallies,14,10,5,4,1,2,0,75
20200909-W-US_Open-QF-Victoria_Azarenka-Elise_Mertens,Victoria Azarenka,NetPoints,14,11,7,2,1,1,1,86
20200909-W-US_Open-QF-Victoria_Azarenka-Elise_Mertens,Victoria Azarenka,Approach,4,1,0,1,1,1,1,18
20200909-W-US_Open-QF-Victoria_Azarenka-Elise_Mertens,Victoria Azarenka,NetPointsRallies,14,11,7,2,1,1,1,86
20200909-W-US_Open-QF-Victoria_Azarenka-Elise_Mertens,Victoria Azarenka,ApproachRallies,4,1,0,1,1,1,1,18
20200909-W-US_Open-QF-Victoria_Azarenka-Elise_Mertens,Elise Mertens,NetPoints,9,4,3,1,1,2,1,72
20200909-W-US_Open-QF-Victoria_Azarenka-Elise_Mertens,Elise Mertens,Approach,6,2,1,1,1,1,1,49
20200909-W-US_Open-QF-Victoria_Azarenka-Elise_Mertens,Elise Mertens,NetPointsRallies,9,4,3,1,1,2,1,72
20200909-W-US_Open-QF-Victoria_Azarenka-Elise_Mertens,Elise Mertens,ApproachRallies,6,2,1,1,1,1,1,49
20200909-W-US_Open-QF-Serena_Williams-Tsvetana_Pironkova,Serena Williams,NetPoints,15,10,7,2,1,2,0,104
20200909-W-US_Open-QF-Serena_Williams-Tsvetana_Pironkova,Serena Williams,Approach,9,6,5,1,1,1,0,45
20200909-W-US_Open-QF-Serena_Williams-Tsvetana_Pironkova,Serena Williams,NetPointsRallies,15,10,7,2,1,2,0,104
20200909-W-US_Open-QF-Serena_Williams-Tsvetana_Pironkova,Serena Williams,ApproachRallies,9,6,5,1,1,1,0,45
20200909-W-US_Open-QF-Serena_Williams-Tsvetana_Pironkova,Tsvetana Pironkova,NetPoints,7,4,1,2,2,0,1,49
20200909-W-US_Open-QF-Serena_Williams-Tsvetana_Pironkova,Tsvetana Pironkova,Approach,6,4,1,2,2,0,0,33
20200909-W-US_Open-QF-Serena_Williams-Tsvetana_Pironkova,Tsvetana Pironkova,NetPointsRallies,7,4,1,2,2,0,1,49
20200909-W-US_Open-QF-Serena_Williams-Tsvetana_Pironkova,Tsvetana Pironkova,ApproachRallies,6,4,1,2,2,0,0,33
20200907-W-US_Open-R16-Victoria_Azarenka-Karolina_Muchova,Victoria Azarenka,NetPoints,24,13,7,6,1,3,4,215
20200907-W-US_Open-R16-Victoria_Azarenka-Karolina_Muchova,Victoria Azarenka,Approach,19,9,4,5,1,3,3,166
20200907-W-US_Open-R16-Victoria_Azarenka-Karolina_Muchova,Victoria Azarenka,NetPointsRallies,24,13,7,6,1,3,4,215
20200907-W-US_Open-R16-Victoria_Azarenka-Karolina_Muchova,Victoria Azarenka,ApproachRallies,19,9,4,5,1,3,3,166
20200907-W-US_Open-R16-Victoria_Azarenka-Karolina_Muchova,Karolina Muchova,NetPoints,31,21,12,6,4,2,3,167
20200907-W-US_Open-R16-Victoria_Azarenka-Karolina_Muchova,Karolina Muchova,Approach,28,18,9,6,4,2,3,147
20200907-W-US_Open-R16-Victoria_Azarenka-Karolina_Muchova,Karolina Muchova,NetPointsRallies,25,17,10,6,3,2,3,155
20200907-W-US_Open-R16-Victoria_Azarenka-Karolina_Muchova,Karolina Muchova,ApproachRallies,22,14,7,6,3,2,3,135
20200907-W-US_Open-R16-Sofia_Kenin-Elise_Mertens,Sofia Kenin,NetPoints,8,6,3,3,2,0,0,49
20200907-W-US_Open-R16-Sofia_Kenin-Elise_Mertens,Sofia Kenin,Approach,4,3,0,3,1,0,0,22
20200907-W-US_Open-R16-Sofia_Kenin-Elise_Mertens,Sofia Kenin,NetPointsRallies,8,6,3,3,2,0,0,49
20200907-W-US_Open-R16-Sofia_Kenin-Elise_Mertens,Sofia Kenin,ApproachRallies,4,3,0,3,1,0,0,22
20200907-W-US_Open-R16-Sofia_Kenin-Elise_Mertens,Elise Mertens,NetPoints,10,5,3,1,0,5,0,69
20200907-W-US_Open-R16-Sofia_Kenin-Elise_Mertens,Elise Mertens,Approach,6,3,2,1,0,3,0,36
20200907-W-US_Open-R16-Sofia_Kenin-Elise_Mertens,Elise Mertens,NetPointsRallies,10,5,3,1,0,5,0,69
20200907-W-US_Open-R16-Sofia_Kenin-Elise_Mertens,Elise Mertens,ApproachRallies,6,3,2,1,0,3,0,36
20200907-W-US_Open-R16-Serena_Williams-Maria_Sakkari,Serena Williams,NetPoints,7,3,2,1,0,2,2,51
20200907-W-US_Open-R16-Serena_Williams-Maria_Sakkari,Serena Williams,Approach,4,2,1,1,0,0,2,25
20200907-W-US_Open-R16-Serena_Williams-Maria_Sakkari,Serena Williams,NetPointsRallies,7,3,2,1,0,2,2,51
20200907-W-US_Open-R16-Serena_Williams-Maria_Sakkari,Serena Williams,ApproachRallies,4,2,1,1,0,0,2,25
20200907-W-US_Open-R16-Serena_Williams-Maria_Sakkari,Maria Sakkari,NetPoints,8,5,4,1,1,1,1,67
20200907-W-US_Open-R16-Serena_Williams-Maria_Sakkari,Maria Sakkari,Approach,4,2,2,0,0,1,1,27
20200907-W-US_Open-R16-Serena_Williams-Maria_Sakkari,Maria Sakkari,NetPointsRallies,8,5,4,1,1,1,1,67
20200907-W-US_Open-R16-Serena_Williams-Maria_Sakkari,Maria Sakkari,ApproachRallies,4,2,2,0,0,1,1,27
20200907-W-US_Open-R16-Alize_Cornet-Tsvetana_Pironkova,Alize Cornet,NetPoints,25,13,9,3,2,7,0,159
20200907-W-US_Open-R16-Alize_Cornet-Tsvetana_Pironkova,Alize Cornet,Approach,16,7,4,2,1,6,0,98
20200907-W-US_Open-R16-Alize_Cornet-Tsvetana_Pironkova,Alize Cornet,NetPointsRallies,25,13,9,3,2,7,0,159
20200907-W-US_Open-R16-Alize_Cornet-Tsvetana_Pironkova,Alize Cornet,ApproachRallies,16,7,4,2,1,6,0,98
20200907-W-US_Open-R16-Alize_Cornet-Tsvetana_Pironkova,Tsvetana Pironkova,NetPoints,29,24,18,3,3,1,0,300
20200907-W-US_Open-R16-Alize_Cornet-Tsvetana_Pironkova,Tsvetana Pironkova,Approach,13,12,8,2,0,0,0,108
20200907-W-US_Open-R16-Alize_Cornet-Tsvetana_Pironkova,Tsvetana Pironkova,NetPointsRallies,29,24,18,3,3,1,0,300
20200907-W-US_Open-R16-Alize_Cornet-Tsvetana_Pironkova,Tsvetana Pironkova,ApproachRallies,13,12,8,2,0,0,0,108
20200906-W-US_Open-R16-Petra_Kvitova-Shelby_Rogers,Petra Kvitova,NetPoints,27,22,17,4,1,2,1,135
20200906-W-US_Open-R16-Petra_Kvitova-Shelby_Rogers,Petra Kvitova,Approach,18,15,10,4,1,0,1,83
20200906-W-US_Open-R16-Petra_Kvitova-Shelby_Rogers,Petra Kvitova,NetPointsRallies,27,22,17,4,1,2,1,135
20200906-W-US_Open-R16-Petra_Kvitova-Shelby_Rogers,Petra Kvitova,ApproachRallies,18,15,10,4,1,0,1,83
20200906-W-US_Open-R16-Petra_Kvitova-Shelby_Rogers,Shelby Rogers,NetPoints,15,12,10,2,0,1,2,94
20200906-W-US_Open-R16-Petra_Kvitova-Shelby_Rogers,Shelby Rogers,Approach,13,10,8,2,0,1,2,80
20200906-W-US_Open-R16-Petra_Kvitova-Shelby_Rogers,Shelby Rogers,NetPointsRallies,15,12,10,2,0,1,2,94
20200906-W-US_Open-R16-Petra_Kvitova-Shelby_Rogers,Shelby Rogers,ApproachRallies,13,10,8,2,0,1,2,80
20200906-W-US_Open-R16-Jennifer_Brady-Angelique_Kerber,Jennifer Brady,NetPoints,4,3,3,0,0,1,0,47
20200906-W-US_Open-R16-Jennifer_Brady-Angelique_Kerber,Jennifer Brady,NetPointsRallies,4,3,3,0,0,1,0,47
20200905-W-US_Open-R32-Victoria_Azarenka-Iga_Swiatek,Victoria Azarenka,NetPoints,14,10,6,4,2,0,2,107
20200905-W-US_Open-R32-Victoria_Azarenka-Iga_Swiatek,Victoria Azarenka,Approach,8,6,2,4,1,0,1,45
20200905-W-US_Open-R32-Victoria_Azarenka-Iga_Swiatek,Victoria Azarenka,NetPointsRallies,14,10,6,4,2,0,2,107
20200905-W-US_Open-R32-Victoria_Azarenka-Iga_Swiatek,Victoria Azarenka,ApproachRallies,8,6,2,4,1,0,1,45
20200905-W-US_Open-R32-Victoria_Azarenka-Iga_Swiatek,Iga Swiatek,NetPoints,13,8,6,2,1,3,0,88
20200905-W-US_Open-R32-Victoria_Azarenka-Iga_Swiatek,Iga Swiatek,Approach,11,7,5,2,1,3,0,72
20200905-W-US_Open-R32-Victoria_Azarenka-Iga_Swiatek,Iga Swiatek,NetPointsRallies,12,7,5,2,1,3,0,85
20200905-W-US_Open-R32-Victoria_Azarenka-Iga_Swiatek,Iga Swiatek,ApproachRallies,10,6,4,2,1,3,0,69
20200905-W-US_Open-R32-Ons_Jabeur-Sofia_Kenin,Ons Jabeur,NetPoints,11,7,7,0,1,0,2,65
20200905-W-US_Open-R32-Ons_Jabeur-Sofia_Kenin,Ons Jabeur,Approach,2,0,0,0,0,0,1,12
20200905-W-US_Open-R32-Ons_Jabeur-Sofia_Kenin,Ons Jabeur,NetPointsRallies,11,7,7,0,1,0,2,65
20200905-W-US_Open-R32-Ons_Jabeur-Sofia_Kenin,Ons Jabeur,ApproachRallies,2,0,0,0,0,0,1,12
20200905-W-US_Open-R32-Ons_Jabeur-Sofia_Kenin,Sofia Kenin,NetPoints,11,8,4,3,0,1,1,58
20200905-W-US_Open-R32-Ons_Jabeur-Sofia_Kenin,Sofia Kenin,Approach,3,2,0,2,0,1,0,14
20200905-W-US_Open-R32-Ons_Jabeur-Sofia_Kenin,Sofia Kenin,NetPointsRallies,11,8,4,3,0,1,1,58
20200905-W-US_Open-R32-Ons_Jabeur-Sofia_Kenin,Sofia Kenin,ApproachRallies,3,2,0,2,0,1,0,14
20200904-W-US_Open-R32-Jennifer_Brady-Caroline_Garcia,Caroline Garcia,NetPoints,9,7,6,1,1,1,0,43
20200904-W-US_Open-R32-Jennifer_Brady-Caroline_Garcia,Caroline Garcia,Approach,6,4,4,0,1,1,0,28
20200904-W-US_Open-R32-Jennifer_Brady-Caroline_Garcia,Caroline Garcia,NetPointsRallies,8,7,6,1,0,1,0,41
20200904-W-US_Open-R32-Jennifer_Brady-Caroline_Garcia,Caroline Garcia,ApproachRallies,5,4,4,0,0,1,0,26
20200902-W-US_Open-R64-Shelby_Rogers-Elena_Rybakina,Shelby Rogers,NetPoints,3,2,2,0,1,0,0,17
20200902-W-US_Open-R64-Shelby_Rogers-Elena_Rybakina,Shelby Rogers,NetPointsRallies,3,2,2,0,1,0,0,17
20200902-W-US_Open-R64-Shelby_Rogers-Elena_Rybakina,Elena Rybakina,NetPoints,4,3,2,1,0,1,0,29
20200902-W-US_Open-R64-Shelby_Rogers-Elena_Rybakina,Elena Rybakina,NetPointsRallies,4,3,2,1,0,1,0,29
20200902-W-US_Open-R64-Marta_Kostyuk-Anastasija_Sevastova,Marta Kostyuk,NetPoints,19,15,11,3,4,0,0,125
20200902-W-US_Open-R64-Marta_Kostyuk-Anastasija_Sevastova,Marta Kostyuk,Approach,8,8,6,2,0,0,0,47
20200902-W-US_Open-R64-Marta_Kostyuk-Anastasija_Sevastova,Marta Kostyuk,NetPointsRallies,19,15,11,3,4,0,0,125
20200902-W-US_Open-R64-Marta_Kostyuk-Anastasija_Sevastova,Marta Kostyuk,ApproachRallies,8,8,6,2,0,0,0,47
20200902-W-US_Open-R64-Marta_Kostyuk-Anastasija_Sevastova,Anastasija Sevastova,NetPoints,7,5,3,2,1,1,0,63
20200902-W-US_Open-R64-Marta_Kostyuk-Anastasija_Sevastova,Anastasija Sevastova,Approach,2,2,1,1,0,0,0,18
20200902-W-US_Open-R64-Marta_Kostyuk-Anastasija_Sevastova,Anastasija Sevastova,NetPointsRallies,7,5,3,2,1,1,0,63
20200902-W-US_Open-R64-Marta_Kostyuk-Anastasija_Sevastova,Anastasija Sevastova,ApproachRallies,2,2,1,1,0,0,0,18
20200902-W-US_Open-R64-Caroline_Garcia-Karolina_Pliskova,Caroline Garcia,NetPoints,14,11,9,2,0,1,2,67
20200902-W-US_Open-R64-Caroline_Garcia-Karolina_Pliskova,Caroline Garcia,Approach,11,10,8,2,0,0,1,55
20200902-W-US_Open-R64-Caroline_Garcia-Karolina_Pliskova,Caroline Garcia,NetPointsRallies,14,11,9,2,0,1,2,67
20200902-W-US_Open-R64-Caroline_Garcia-Karolina_Pliskova,Caroline Garcia,ApproachRallies,11,10,8,2,0,0,1,55
20200902-W-US_Open-R64-Caroline_Garcia-Karolina_Pliskova,Karolina Pliskova,NetPoints,2,0,0,0,0,2,0,12
20200902-W-US_Open-R64-Caroline_Garcia-Karolina_Pliskova,Karolina Pliskova,Approach,2,0,0,0,0,2,0,12
20200902-W-US_Open-R64-Caroline_Garcia-Karolina_Pliskova,Karolina Pliskova,NetPointsRallies,2,0,0,0,0,2,0,12
20200902-W-US_Open-R64-Caroline_Garcia-Karolina_Pliskova,Karolina Pliskova,ApproachRallies,2,0,0,0,0,2,0,12
20200902-W-US_Open-R64-Angelique_Kerber-Anna_Lena_Friedsam,Angelique Kerber,NetPoints,5,3,3,0,1,1,0,53
20200902-W-US_Open-R64-Angelique_Kerber-Anna_Lena_Friedsam,Angelique Kerber,Approach,2,1,1,0,1,0,0,25
20200902-W-US_Open-R64-Angelique_Kerber-Anna_Lena_Friedsam,Angelique Kerber,NetPointsRallies,5,3,3,0,1,1,0,53
20200902-W-US_Open-R64-Angelique_Kerber-Anna_Lena_Friedsam,Angelique Kerber,ApproachRallies,2,1,1,0,1,0,0,25
20200902-W-US_Open-R64-Angelique_Kerber-Anna_Lena_Friedsam,Anna Lena Friedsam,NetPoints,26,19,12,6,3,3,1,232
20200902-W-US_Open-R64-Angelique_Kerber-Anna_Lena_Friedsam,Anna Lena Friedsam,Approach,14,9,4,5,3,2,0,97
20200902-W-US_Open-R64-Angelique_Kerber-Anna_Lena_Friedsam,Anna Lena Friedsam,NetPointsRallies,26,19,12,6,3,3,1,232
20200902-W-US_Open-R64-Angelique_Kerber-Anna_Lena_Friedsam,Anna Lena Friedsam,ApproachRallies,14,9,4,5,3,2,0,97
20200901-W-US_Open-R128-Victoria_Azarenka-Barbara_Haas,Victoria Azarenka,NetPoints,13,12,10,2,1,0,0,110
20200901-W-US_Open-R128-Victoria_Azarenka-Barbara_Haas,Victoria Azarenka,Approach,5,5,4,1,0,0,0,44
20200901-W-US_Open-R128-Victoria_Azarenka-Barbara_Haas,Victoria Azarenka,NetPointsRallies,13,12,10,2,1,0,0,110
20200901-W-US_Open-R128-Victoria_Azarenka-Barbara_Haas,Victoria Azarenka,ApproachRallies,5,5,4,1,0,0,0,44
20200901-W-US_Open-R128-Victoria_Azarenka-Barbara_Haas,Barbara Haas,NetPoints,2,2,0,2,0,0,0,8
20200901-W-US_Open-R128-Victoria_Azarenka-Barbara_Haas,Barbara Haas,Approach,2,2,0,2,0,0,0,8
20200901-W-US_Open-R128-Victoria_Azarenka-Barbara_Haas,Barbara Haas,NetPointsRallies,2,2,0,2,0,0,0,8
20200901-W-US_Open-R128-Victoria_Azarenka-Barbara_Haas,Barbara Haas,ApproachRallies,2,2,0,2,0,0,0,8
20200831-W-US_Open-R128-Jennifer_Brady-Anna_Blinkova,Jennifer Brady,NetPoints,10,8,7,1,0,2,0,62
20200831-W-US_Open-R128-Jennifer_Brady-Anna_Blinkova,Jennifer Brady,Approach,2,1,0,1,0,1,0,18
20200831-W-US_Open-R128-Jennifer_Brady-Anna_Blinkova,Jennifer Brady,NetPointsRallies,10,8,7,1,0,2,0,62
20200831-W-US_Open-R128-Jennifer_Brady-Anna_Blinkova,Jennifer Brady,ApproachRallies,2,1,0,1,0,1,0,18
20200831-W-US_Open-R128-Jennifer_Brady-Anna_Blinkova,Anna Blinkova,NetPoints,5,5,3,2,0,0,0,18
20200831-W-US_Open-R128-Jennifer_Brady-Anna_Blinkova,Anna Blinkova,Approach,3,3,2,1,0,0,0,8
20200831-W-US_Open-R128-Jennifer_Brady-Anna_Blinkova,Anna Blinkova,NetPointsRallies,5,5,3,2,0,0,0,18
20200831-W-US_Open-R128-Jennifer_Brady-Anna_Blinkova,Anna Blinkova,ApproachRallies,3,3,2,1,0,0,0,8
20200831-W-US_Open-R128-Ajla_Tomljanovic-Angelique_Kerber,Ajla Tomljanovic,NetPoints,15,8,7,0,4,1,0,101
20200831-W-US_Open-R128-Ajla_Tomljanovic-Angelique_Kerber,Ajla Tomljanovic,Approach,3,2,2,0,1,0,0,15
20200831-W-US_Open-R128-Ajla_Tomljanovic-Angelique_Kerber,Ajla Tomljanovic,NetPointsRallies,15,8,7,0,4,1,0,101
20200831-W-US_Open-R128-Ajla_Tomljanovic-Angelique_Kerber,Ajla Tomljanovic,ApproachRallies,3,2,2,0,1,0,0,15
20200831-W-US_Open-R128-Ajla_Tomljanovic-Angelique_Kerber,Angelique Kerber,NetPoints,8,5,4,1,2,0,1,66
20200831-W-US_Open-R128-Ajla_Tomljanovic-Angelique_Kerber,Angelique Kerber,Approach,4,3,2,1,1,0,0,29
20200831-W-US_Open-R128-Ajla_Tomljanovic-Angelique_Kerber,Angelique Kerber,NetPointsRallies,8,5,4,1,2,0,1,66
20200831-W-US_Open-R128-Ajla_Tomljanovic-Angelique_Kerber,Angelique Kerber,ApproachRallies,4,3,2,1,1,0,0,29
20200201-W-Australian_Open-F-Sofia_Kenin-Garbine_Muguruza,Sofia Kenin,NetPoints,6,3,1,1,2,0,0,28
20200201-W-Australian_Open-F-Sofia_Kenin-Garbine_Muguruza,Sofia Kenin,Approach,4,2,0,1,2,0,0,17
20200201-W-Australian_Open-F-Sofia_Kenin-Garbine_Muguruza,Sofia Kenin,NetPointsRallies,6,3,1,1,2,0,0,28
20200201-W-Australian_Open-F-Sofia_Kenin-Garbine_Muguruza,Sofia Kenin,ApproachRallies,4,2,0,1,2,0,0,17
20200201-W-Australian_Open-F-Sofia_Kenin-Garbine_Muguruza,Garbine Muguruza,NetPoints,26,20,9,5,2,3,0,204
20200201-W-Australian_Open-F-Sofia_Kenin-Garbine_Muguruza,Garbine Muguruza,Approach,21,15,5,5,2,3,0,171
20200201-W-Australian_Open-F-Sofia_Kenin-Garbine_Muguruza,Garbine Muguruza,NetPointsRallies,25,20,9,5,2,3,0,202
20200201-W-Australian_Open-F-Sofia_Kenin-Garbine_Muguruza,Garbine Muguruza,ApproachRallies,20,15,5,5,2,3,0,169
20200130-W-Australian_Open-SF-Ashleigh_Barty-Sofia_Kenin,Ashleigh Barty,NetPoints,12,6,4,1,1,5,0,64
20200130-W-Australian_Open-SF-Ashleigh_Barty-Sofia_Kenin,Ashleigh Barty,Approach,5,2,1,1,0,3,0,25
20200130-W-Australian_Open-SF-Ashleigh_Barty-Sofia_Kenin,Ashleigh Barty,NetPointsRallies,12,6,4,1,1,5,0,64
20200130-W-Australian_Open-SF-Ashleigh_Barty-Sofia_Kenin,Ashleigh Barty,ApproachRallies,5,2,1,1,0,3,0,25
20200130-W-Australian_Open-SF-Ashleigh_Barty-Sofia_Kenin,Sofia Kenin,NetPoints,11,7,4,3,2,2,0,81
20200130-W-Australian_Open-SF-Ashleigh_Barty-Sofia_Kenin,Sofia Kenin,Approach,5,3,2,1,1,1,0,33
20200130-W-Australian_Open-SF-Ashleigh_Barty-Sofia_Kenin,Sofia Kenin,NetPointsRallies,11,7,4,3,2,2,0,81
20200130-W-Australian_Open-SF-Ashleigh_Barty-Sofia_Kenin,Sofia Kenin,ApproachRallies,5,3,2,1,1,1,0,33
20200128-W-Australian_Open-QF-Ons_Jabeur-Sofia_Kenin,Ons Jabeur,NetPoints,20,17,14,3,0,2,0,118
20200128-W-Australian_Open-QF-Ons_Jabeur-Sofia_Kenin,Ons Jabeur,Approach,14,12,9,3,0,1,0,70
20200128-W-Australian_Open-QF-Ons_Jabeur-Sofia_Kenin,Ons Jabeur,NetPointsRallies,20,17,14,3,0,2,0,118
20200128-W-Australian_Open-QF-Ons_Jabeur-Sofia_Kenin,Ons Jabeur,ApproachRallies,14,12,9,3,0,1,0,70
20200128-W-Australian_Open-QF-Ons_Jabeur-Sofia_Kenin,Sofia Kenin,NetPoints,18,9,6,3,3,4,2,101
20200128-W-Australian_Open-QF-Ons_Jabeur-Sofia_Kenin,Sofia Kenin,Approach,6,3,1,2,1,1,1,28
20200128-W-Australian_Open-QF-Ons_Jabeur-Sofia_Kenin,Sofia Kenin,NetPointsRallies,18,9,6,3,3,4,2,101
20200128-W-Australian_Open-QF-Ons_Jabeur-Sofia_Kenin,Sofia Kenin,ApproachRallies,6,3,1,2,1,1,1,28
20200127-W-Australian_Open-R16-Garbine_Muguruza-Kiki_Bertens,Garbine Muguruza,NetPoints,10,10,5,5,0,0,0,66
20200127-W-Australian_Open-R16-Garbine_Muguruza-Kiki_Bertens,Garbine Muguruza,Approach,9,9,4,5,0,0,0,61
20200127-W-Australian_Open-R16-Garbine_Muguruza-Kiki_Bertens,Garbine Muguruza,NetPointsRallies,10,10,5,5,0,0,0,66
20200127-W-Australian_Open-R16-Garbine_Muguruza-Kiki_Bertens,Garbine Muguruza,ApproachRallies,9,9,4,5,0,0,0,61
20200127-W-Australian_Open-R16-Garbine_Muguruza-Kiki_Bertens,Kiki Bertens,NetPoints,12,10,7,3,1,0,1,70
20200127-W-Australian_Open-R16-Garbine_Muguruza-Kiki_Bertens,Kiki Bertens,Approach,12,10,7,3,1,0,1,70
20200127-W-Australian_Open-R16-Garbine_Muguruza-Kiki_Bertens,Kiki Bertens,NetPointsRallies,12,10,7,3,1,0,1,70
20200127-W-Australian_Open-R16-Garbine_Muguruza-Kiki_Bertens,Kiki Bertens,ApproachRallies,12,10,7,3,1,0,1,70
20200125-W-Australian_Open-R32-Zarina_Diyas-Kiki_Bertens,Zarina Diyas,NetPoints,20,13,9,3,0,5,1,184
20200125-W-Australian_Open-R32-Zarina_Diyas-Kiki_Bertens,Zarina Diyas,Approach,15,10,6,3,0,3,1,137
20200125-W-Australian_Open-R32-Zarina_Diyas-Kiki_Bertens,Zarina Diyas,NetPointsRallies,20,13,9,3,0,5,1,184
20200125-W-Australian_Open-R32-Zarina_Diyas-Kiki_Bertens,Zarina Diyas,ApproachRallies,15,10,6,3,0,3,1,137
20200125-W-Australian_Open-R32-Zarina_Diyas-Kiki_Bertens,Kiki Bertens,NetPoints,15,14,14,0,0,1,0,135
20200125-W-Australian_Open-R32-Zarina_Diyas-Kiki_Bertens,Kiki Bertens,Approach,8,8,8,0,0,0,0,64
20200125-W-Australian_Open-R32-Zarina_Diyas-Kiki_Bertens,Kiki Bertens,NetPointsRallies,15,14,14,0,0,1,0,135
20200125-W-Australian_Open-R32-Zarina_Diyas-Kiki_Bertens,Kiki Bertens,ApproachRallies,8,8,8,0,0,0,0,64
20200125-W-Australian_Open-R32-Iga_Swiatek-Donna_Vekic,Iga Swiatek,NetPoints,14,13,9,4,0,0,1,77
20200125-W-Australian_Open-R32-Iga_Swiatek-Donna_Vekic,Iga Swiatek,Approach,9,8,5,3,0,0,1,44
20200125-W-Australian_Open-R32-Iga_Swiatek-Donna_Vekic,Iga Swiatek,NetPointsRallies,14,13,9,4,0,0,1,77
20200125-W-Australian_Open-R32-Iga_Swiatek-Donna_Vekic,Iga Swiatek,ApproachRallies,9,8,5,3,0,0,1,44
20200125-W-Australian_Open-R32-Iga_Swiatek-Donna_Vekic,Donna Vekic,NetPoints,4,1,0,1,0,2,1,25
20200125-W-Australian_Open-R32-Iga_Swiatek-Donna_Vekic,Donna Vekic,Approach,2,0,0,0,0,1,1,12
20200125-W-Australian_Open-R32-Iga_Swiatek-Donna_Vekic,Donna Vekic,NetPointsRallies,4,1,0,1,0,2,1,25
20200125-W-Australian_Open-R32-Iga_Swiatek-Donna_Vekic,Donna Vekic,ApproachRallies,2,0,0,0,0,1,1,12
20200125-W-Australian_Open-R32-Garbine_Muguruza-Elina_Svitolina,Garbine Muguruza,NetPoints,24,20,13,5,0,2,0,220
20200125-W-Australian_Open-R32-Garbine_Muguruza-Elina_Svitolina,Garbine Muguruza,Approach,23,19,12,5,0,2,0,213
20200125-W-Australian_Open-R32-Garbine_Muguruza-Elina_Svitolina,Garbine Muguruza,NetPointsRallies,24,20,13,5,0,2,0,220
20200125-W-Australian_Open-R32-Garbine_Muguruza-Elina_Svitolina,Garbine Muguruza,ApproachRallies,23,19,12,5,0,2,0,213
20200125-W-Australian_Open-R32-Garbine_Muguruza-Elina_Svitolina,Elina Svitolina,NetPoints,4,3,1,2,0,0,0,38
20200125-W-Australian_Open-R32-Garbine_Muguruza-Elina_Svitolina,Elina Svitolina,Approach,4,3,1,2,0,0,0,38
20200125-W-Australian_Open-R32-Garbine_Muguruza-Elina_Svitolina,Elina Svitolina,NetPointsRallies,4,3,1,2,0,0,0,38
20200125-W-Australian_Open-R32-Garbine_Muguruza-Elina_Svitolina,Elina Svitolina,ApproachRallies,4,3,1,2,0,0,0,38
20200125-W-Australian_Open-R32-Camila_Giorgi-Angelique_Kerber,Camila Giorgi,NetPoints,32,21,14,3,7,3,0,206
20200125-W-Australian_Open-R32-Camila_Giorgi-Angelique_Kerber,Camila Giorgi,Approach,23,15,9,2,6,1,0,155
20200125-W-Australian_Open-R32-Camila_Giorgi-Angelique_Kerber,Camila Giorgi,NetPointsRallies,32,21,14,3,7,3,0,206
20200125-W-Australian_Open-R32-Camila_Giorgi-Angelique_Kerber,Camila Giorgi,ApproachRallies,23,15,9,2,6,1,0,155
20200125-W-Australian_Open-R32-Camila_Giorgi-Angelique_Kerber,Angelique Kerber,NetPoints,1,1,0,1,0,0,0,3
20200125-W-Australian_Open-R32-Camila_Giorgi-Angelique_Kerber,Angelique Kerber,Approach,1,1,0,1,0,0,0,3
20200125-W-Australian_Open-R32-Camila_Giorgi-Angelique_Kerber,Angelique Kerber,NetPointsRallies,1,1,0,1,0,0,0,3
20200125-W-Australian_Open-R32-Camila_Giorgi-Angelique_Kerber,Angelique Kerber,ApproachRallies,1,1,0,1,0,0,0,3
20200125-W-Australian_Open-R32-Anastasia_Pavlyuchenkova-Karolina_Pliskova,Anastasia Pavlyuchenkova,NetPoints,19,12,6,3,3,3,1,102
20200125-W-Australian_Open-R32-Anastasia_Pavlyuchenkova-Karolina_Pliskova,Anastasia Pavlyuchenkova,Approach,15,10,6,3,2,2,1,68
20200125-W-Australian_Open-R32-Anastasia_Pavlyuchenkova-Karolina_Pliskova,Anastasia Pavlyuchenkova,NetPointsRallies,19,12,6,3,3,3,1,102
20200125-W-Australian_Open-R32-Anastasia_Pavlyuchenkova-Karolina_Pliskova,Anastasia Pavlyuchenkova,ApproachRallies,15,10,6,3,2,2,1,68
20200125-W-Australian_Open-R32-Anastasia_Pavlyuchenkova-Karolina_Pliskova,Karolina Pliskova,NetPoints,23,17,9,8,2,4,0,125
20200125-W-Australian_Open-R32-Anastasia_Pavlyuchenkova-Karolina_Pliskova,Karolina Pliskova,Approach,17,13,6,7,1,3,0,75
20200125-W-Australian_Open-R32-Anastasia_Pavlyuchenkova-Karolina_Pliskova,Karolina Pliskova,NetPointsRallies,22,17,9,8,1,4,0,123
20200125-W-Australian_Open-R32-Anastasia_Pavlyuchenkova-Karolina_Pliskova,Karolina Pliskova,ApproachRallies,16,13,6,7,0,3,0,73
20200124-W-Australian_Open-R32-Madison_Keys-Maria_Sakkari,Madison Keys,NetPoints,6,3,2,1,0,1,2,35
20200124-W-Australian_Open-R32-Madison_Keys-Maria_Sakkari,Madison Keys,Approach,6,3,2,1,0,1,2,35
20200124-W-Australian_Open-R32-Madison_Keys-Maria_Sakkari,Madison Keys,NetPointsRallies,6,3,2,1,0,1,2,35
20200124-W-Australian_Open-R32-Madison_Keys-Maria_Sakkari,Madison Keys,ApproachRallies,6,3,2,1,0,1,2,35
20200124-W-Australian_Open-R32-Madison_Keys-Maria_Sakkari,Maria Sakkari,NetPoints,5,5,4,1,0,0,0,21
20200124-W-Australian_Open-R32-Madison_Keys-Maria_Sakkari,Maria Sakkari,Approach,2,2,2,0,0,0,0,6
20200124-W-Australian_Open-R32-Madison_Keys-Maria_Sakkari,Maria Sakkari,NetPointsRallies,5,5,4,1,0,0,0,21
20200124-W-Australian_Open-R32-Madison_Keys-Maria_Sakkari,Maria Sakkari,ApproachRallies,2,2,2,0,0,0,0,6
20200124-W-Australian_Open-R32-Coco_Gauff-Naomi_Osaka,Coco Gauff,NetPoints,7,3,1,2,2,0,1,35
20200124-W-Australian_Open-R32-Coco_Gauff-Naomi_Osaka,Coco Gauff,Approach,6,2,0,2,2,0,1,29
20200124-W-Australian_Open-R32-Coco_Gauff-Naomi_Osaka,Coco Gauff,NetPointsRallies,7,3,1,2,2,0,1,35
20200124-W-Australian_Open-R32-Coco_Gauff-Naomi_Osaka,Coco Gauff,ApproachRallies,6,2,0,2,2,0,1,29
20200124-W-Australian_Open-R32-Coco_Gauff-Naomi_Osaka,Naomi Osaka,NetPoints,12,8,5,2,2,1,0,63
20200124-W-Australian_Open-R32-Coco_Gauff-Naomi_Osaka,Naomi Osaka,Approach,5,3,2,1,1,0,0,29
20200124-W-Australian_Open-R32-Coco_Gauff-Naomi_Osaka,Naomi Osaka,NetPointsRallies,12,8,5,2,2,1,0,63
20200124-W-Australian_Open-R32-Coco_Gauff-Naomi_Osaka,Naomi Osaka,ApproachRallies,5,3,2,1,1,0,0,29
20200124-W-Australian_Open-R32-Caroline_Wozniacki-Ons_Jabeur,Caroline Wozniacki,NetPoints,17,10,4,5,2,3,2,106
20200124-W-Australian_Open-R32-Caroline_Wozniacki-Ons_Jabeur,Caroline Wozniacki,Approach,6,4,0,4,0,2,0,29
20200124-W-Australian_Open-R32-Caroline_Wozniacki-Ons_Jabeur,Caroline Wozniacki,NetPointsRallies,17,10,4,5,2,3,2,106
20200124-W-Australian_Open-R32-Caroline_Wozniacki-Ons_Jabeur,Caroline Wozniacki,ApproachRallies,6,4,0,4,0,2,0,29
20200124-W-Australian_Open-R32-Caroline_Wozniacki-Ons_Jabeur,Ons Jabeur,NetPoints,20,16,10,6,3,0,1,122
20200124-W-Australian_Open-R32-Caroline_Wozniacki-Ons_Jabeur,Ons Jabeur,Approach,15,11,7,4,3,0,1,89
20200124-W-Australian_Open-R32-Caroline_Wozniacki-Ons_Jabeur,Ons Jabeur,NetPointsRallies,20,16,10,6,3,0,1,122
20200124-W-Australian_Open-R32-Caroline_Wozniacki-Ons_Jabeur,Ons Jabeur,ApproachRallies,15,11,7,4,3,0,1,89
20200124-W-Australian_Open-R32-Ashleigh_Barty-Elena_Rybakina,Ashleigh Barty,NetPoints,10,9,7,1,0,1,0,62
20200124-W-Australian_Open-R32-Ashleigh_Barty-Elena_Rybakina,Ashleigh Barty,Approach,8,7,6,0,0,1,0,44
20200124-W-Australian_Open-R32-Ashleigh_Barty-Elena_Rybakina,Ashleigh Barty,NetPointsRallies,10,9,7,1,0,1,0,62
20200124-W-Australian_Open-R32-Ashleigh_Barty-Elena_Rybakina,Ashleigh Barty,ApproachRallies,8,7,6,0,0,1,0,44
20200124-W-Australian_Open-R32-Ashleigh_Barty-Elena_Rybakina,Elena Rybakina,NetPoints,20,10,4,4,6,3,0,107
20200124-W-Australian_Open-R32-Ashleigh_Barty-Elena_Rybakina,Elena Rybakina,Approach,14,7,1,4,4,2,0,84
20200124-W-Australian_Open-R32-Ashleigh_Barty-Elena_Rybakina,Elena Rybakina,NetPointsRallies,20,10,4,4,6,3,0,107
20200124-W-Australian_Open-R32-Ashleigh_Barty-Elena_Rybakina,Elena Rybakina,ApproachRallies,14,7,1,4,4,2,0,84
20200123-W-Australian_Open-R64-Lauren_Davis-Elina_Svitolina,Lauren Davis,NetPoints,12,8,6,2,1,3,0,84
20200123-W-Australian_Open-R64-Lauren_Davis-Elina_Svitolina,Lauren Davis,Approach,11,7,5,2,1,3,0,80
20200123-W-Australian_Open-R64-Lauren_Davis-Elina_Svitolina,Lauren Davis,NetPointsRallies,12,8,6,2,1,3,0,84
20200123-W-Australian_Open-R64-Lauren_Davis-Elina_Svitolina,Lauren Davis,ApproachRallies,11,7,5,2,1,3,0,80
20200123-W-Australian_Open-R64-Lauren_Davis-Elina_Svitolina,Elina Svitolina,NetPoints,20,15,6,8,2,1,2,136
20200123-W-Australian_Open-R64-Lauren_Davis-Elina_Svitolina,Elina Svitolina,Approach,17,14,6,7,1,0,2,119
20200123-W-Australian_Open-R64-Lauren_Davis-Elina_Svitolina,Elina Svitolina,NetPointsRallies,20,15,6,8,2,1,2,136
20200123-W-Australian_Open-R64-Lauren_Davis-Elina_Svitolina,Elina Svitolina,ApproachRallies,17,14,6,7,1,0,2,119
20200123-W-Australian_Open-R64-Karolina_Muchova-Catherine_Cartan_Bellis,Karolina Muchova,NetPoints,28,21,13,6,1,1,4,170
20200123-W-Australian_Open-R64-Karolina_Muchova-Catherine_Cartan_Bellis,Karolina Muchova,Approach,24,17,10,6,1,1,4,142
20200123-W-Australian_Open-R64-Karolina_Muchova-Catherine_Cartan_Bellis,Karolina Muchova,NetPointsRallies,26,20,13,6,1,1,4,167
20200123-W-Australian_Open-R64-Karolina_Muchova-Catherine_Cartan_Bellis,Karolina Muchova,ApproachRallies,22,16,10,6,1,1,4,139
20200123-W-Australian_Open-R64-Karolina_Muchova-Catherine_Cartan_Bellis,Catherine Cartan Bellis,NetPoints,16,8,4,3,2,5,1,120
20200123-W-Australian_Open-R64-Karolina_Muchova-Catherine_Cartan_Bellis,Catherine Cartan Bellis,Approach,5,3,1,2,1,1,0,32
20200123-W-Australian_Open-R64-Karolina_Muchova-Catherine_Cartan_Bellis,Catherine Cartan Bellis,NetPointsRallies,15,8,4,3,2,4,1,110
20200123-W-Australian_Open-R64-Karolina_Muchova-Catherine_Cartan_Bellis,Catherine Cartan Bellis,ApproachRallies,4,3,1,2,1,0,0,22
20200123-W-Australian_Open-R64-Iga_Swiatek-Carla_Suarez_Navarro,Iga Swiatek,NetPoints,19,12,9,3,5,0,2,119
20200123-W-Australian_Open-R64-Iga_Swiatek-Carla_Suarez_Navarro,Iga Swiatek,Approach,12,6,4,2,4,0,2,78
20200123-W-Australian_Open-R64-Iga_Swiatek-Carla_Suarez_Navarro,Iga Swiatek,NetPointsRallies,19,12,9,3,5,0,2,119
20200123-W-Australian_Open-R64-Iga_Swiatek-Carla_Suarez_Navarro,Iga Swiatek,ApproachRallies,12,6,4,2,4,0,2,78
20200123-W-Australian_Open-R64-Iga_Swiatek-Carla_Suarez_Navarro,Carla Suarez Navarro,NetPoints,11,8,3,5,2,1,0,45
20200123-W-Australian_Open-R64-Iga_Swiatek-Carla_Suarez_Navarro,Carla Suarez Navarro,Approach,7,4,2,2,2,1,0,28
20200123-W-Australian_Open-R64-Iga_Swiatek-Carla_Suarez_Navarro,Carla Suarez Navarro,NetPointsRallies,11,8,3,5,2,1,0,45
20200123-W-Australian_Open-R64-Iga_Swiatek-Carla_Suarez_Navarro,Carla Suarez Navarro,ApproachRallies,7,4,2,2,2,1,0,28
20200123-W-Australian_Open-R64-Arina_Rodionova-Kiki_Bertens,Arina Rodionova,NetPoints,13,5,3,2,1,4,3,121
20200123-W-Australian_Open-R64-Arina_Rodionova-Kiki_Bertens,Arina Rodionova,Approach,11,4,3,1,0,4,3,88
20200123-W-Australian_Open-R64-Arina_Rodionova-Kiki_Bertens,Arina Rodionova,NetPointsRallies,13,5,3,2,1,4,3,121
20200123-W-Australian_Open-R64-Arina_Rodionova-Kiki_Bertens,Arina Rodionova,ApproachRallies,11,4,3,1,0,4,3,88
20200123-W-Australian_Open-R64-Arina_Rodionova-Kiki_Bertens,Kiki Bertens,NetPoints,24,15,8,7,4,2,3,183
20200123-W-Australian_Open-R64-Arina_Rodionova-Kiki_Bertens,Kiki Bertens,Approach,16,10,5,5,3,1,2,104
20200123-W-Australian_Open-R64-Arina_Rodionova-Kiki_Bertens,Kiki Bertens,NetPointsRallies,24,15,8,7,4,2,3,183
20200123-W-Australian_Open-R64-Arina_Rodionova-Kiki_Bertens,Kiki Bertens,ApproachRallies,16,10,5,5,3,1,2,104
20200122-W-Australian_Open-R64-Garbine_Muguruza-Ajla_Tomljanovic,Garbine Muguruza,NetPoints,32,26,19,5,1,2,2,283
20200122-W-Australian_Open-R64-Garbine_Muguruza-Ajla_Tomljanovic,Garbine Muguruza,Approach,17,14,8,5,0,2,1,153
20200122-W-Australian_Open-R64-Garbine_Muguruza-Ajla_Tomljanovic,Garbine Muguruza,NetPointsRallies,32,26,19,5,1,2,2,283
20200122-W-Australian_Open-R64-Garbine_Muguruza-Ajla_Tomljanovic,Garbine Muguruza,ApproachRallies,17,14,8,5,0,2,1,153
20200122-W-Australian_Open-R64-Garbine_Muguruza-Ajla_Tomljanovic,Ajla Tomljanovic,NetPoints,15,10,5,4,3,2,0,112
20200122-W-Australian_Open-R64-Garbine_Muguruza-Ajla_Tomljanovic,Ajla Tomljanovic,Approach,8,5,4,1,1,2,0,42
20200122-W-Australian_Open-R64-Garbine_Muguruza-Ajla_Tomljanovic,Ajla Tomljanovic,NetPointsRallies,15,10,5,4,3,2,0,112
20200122-W-Australian_Open-R64-Garbine_Muguruza-Ajla_Tomljanovic,Ajla Tomljanovic,ApproachRallies,8,5,4,1,1,2,0,42
20200122-W-Australian_Open-R64-Caroline_Wozniacki-Dayana_Yastremska,Caroline Wozniacki,NetPoints,12,9,7,2,0,3,0,73
20200122-W-Australian_Open-R64-Caroline_Wozniacki-Dayana_Yastremska,Caroline Wozniacki,Approach,7,4,2,2,0,3,0,40
20200122-W-Australian_Open-R64-Caroline_Wozniacki-Dayana_Yastremska,Caroline Wozniacki,NetPointsRallies,12,9,7,2,0,3,0,73
20200122-W-Australian_Open-R64-Caroline_Wozniacki-Dayana_Yastremska,Caroline Wozniacki,ApproachRallies,7,4,2,2,0,3,0,40
20200122-W-Australian_Open-R64-Caroline_Wozniacki-Dayana_Yastremska,Dayana Yastremska,NetPoints,7,5,4,0,2,0,0,51
20200122-W-Australian_Open-R64-Caroline_Wozniacki-Dayana_Yastremska,Dayana Yastremska,Approach,3,2,2,0,1,0,0,31
20200122-W-Australian_Open-R64-Caroline_Wozniacki-Dayana_Yastremska,Dayana Yastremska,NetPointsRallies,7,5,4,0,2,0,0,51
20200122-W-Australian_Open-R64-Caroline_Wozniacki-Dayana_Yastremska,Dayana Yastremska,ApproachRallies,3,2,2,0,1,0,0,31
20200122-W-Australian_Open-R64-Arantxa_Rus-Madison_Keys,Arantxa Rus,NetPoints,6,3,2,1,1,1,1,66
20200122-W-Australian_Open-R64-Arantxa_Rus-Madison_Keys,Arantxa Rus,Approach,5,2,2,0,1,1,1,49
20200122-W-Australian_Open-R64-Arantxa_Rus-Madison_Keys,Arantxa Rus,NetPointsRallies,6,3,2,1,1,1,1,66
20200122-W-Australian_Open-R64-Arantxa_Rus-Madison_Keys,Arantxa Rus,ApproachRallies,5,2,2,0,1,1,1,49
20200122-W-Australian_Open-R64-Arantxa_Rus-Madison_Keys,Madison Keys,NetPoints,12,8,3,5,1,1,2,90
20200122-W-Australian_Open-R64-Arantxa_Rus-Madison_Keys,Madison Keys,Approach,10,6,3,3,1,1,2,76
20200122-W-Australian_Open-R64-Arantxa_Rus-Madison_Keys,Madison Keys,NetPointsRallies,12,8,3,5,1,1,2,90
20200122-W-Australian_Open-R64-Arantxa_Rus-Madison_Keys,Madison Keys,ApproachRallies,10,6,3,3,1,1,2,76
20200121-W-Australian_Open-R64-Coco_Gauff-Sorana_Cirstea,Coco Gauff,NetPoints,23,16,9,5,1,3,2,138
20200121-W-Australian_Open-R64-Coco_Gauff-Sorana_Cirstea,Coco Gauff,Approach,18,11,6,3,1,3,2,109
20200121-W-Australian_Open-R64-Coco_Gauff-Sorana_Cirstea,Coco Gauff,NetPointsRallies,22,16,9,5,1,3,2,136
20200121-W-Australian_Open-R64-Coco_Gauff-Sorana_Cirstea,Coco Gauff,ApproachRallies,17,11,6,3,1,3,2,107
20200121-W-Australian_Open-R64-Coco_Gauff-Sorana_Cirstea,Sorana Cirstea,NetPoints,20,15,9,6,1,3,1,109
20200121-W-Australian_Open-R64-Coco_Gauff-Sorana_Cirstea,Sorana Cirstea,Approach,9,7,3,4,1,1,0,45
20200121-W-Australian_Open-R64-Coco_Gauff-Sorana_Cirstea,Sorana Cirstea,NetPointsRallies,20,15,9,6,1,3,1,109
20200121-W-Australian_Open-R64-Coco_Gauff-Sorana_Cirstea,Sorana Cirstea,ApproachRallies,9,7,3,4,1,1,0,45
20200121-W-Australian_Open-R128-Svetlana_Kuznetsova-Marketa_Vondrousova,Svetlana Kuznetsova,NetPoints,36,26,21,5,6,1,2,244
20200121-W-Australian_Open-R128-Svetlana_Kuznetsova-Marketa_Vondrousova,Svetlana Kuznetsova,Approach,26,17,14,3,6,0,2,155
20200121-W-Australian_Open-R128-Svetlana_Kuznetsova-Marketa_Vondrousova,Svetlana Kuznetsova,NetPointsRallies,36,26,21,5,6,1,2,244
20200121-W-Australian_Open-R128-Svetlana_Kuznetsova-Marketa_Vondrousova,Svetlana Kuznetsova,ApproachRallies,26,17,14,3,6,0,2,155
20200121-W-Australian_Open-R128-Svetlana_Kuznetsova-Marketa_Vondrousova,Marketa Vondrousova,NetPoints,16,10,7,3,2,3,1,101
20200121-W-Australian_Open-R128-Svetlana_Kuznetsova-Marketa_Vondrousova,Marketa Vondrousova,Approach,13,7,4,3,2,3,1,86
20200121-W-Australian_Open-R128-Svetlana_Kuznetsova-Marketa_Vondrousova,Marketa Vondrousova,NetPointsRallies,16,10,7,3,2,3,1,101
20200121-W-Australian_Open-R128-Svetlana_Kuznetsova-Marketa_Vondrousova,Marketa Vondrousova,ApproachRallies,13,7,4,3,2,3,1,86
20200121-W-Australian_Open-R128-Rebecca_Peterson-Polona_Hercog,Rebecca Peterson,NetPoints,8,5,2,0,1,2,0,50
20200121-W-Australian_Open-R128-Rebecca_Peterson-Polona_Hercog,Rebecca Peterson,Approach,3,2,1,0,0,1,0,24
20200121-W-Australian_Open-R128-Rebecca_Peterson-Polona_Hercog,Rebecca Peterson,NetPointsRallies,8,5,2,0,1,2,0,50
20200121-W-Australian_Open-R128-Rebecca_Peterson-Polona_Hercog,Rebecca Peterson,ApproachRallies,3,2,1,0,0,1,0,24
20200121-W-Australian_Open-R128-Rebecca_Peterson-Polona_Hercog,Polona Hercog,NetPoints,5,4,4,0,1,0,0,21
20200121-W-Australian_Open-R128-Rebecca_Peterson-Polona_Hercog,Polona Hercog,Approach,5,4,4,0,1,0,0,21
20200121-W-Australian_Open-R128-Rebecca_Peterson-Polona_Hercog,Polona Hercog,NetPointsRallies,5,4,4,0,1,0,0,21
20200121-W-Australian_Open-R128-Rebecca_Peterson-Polona_Hercog,Polona Hercog,ApproachRallies,5,4,4,0,1,0,0,21
20200121-W-Australian_Open-R128-Misaki_Doi-Harriet_Dart,Misaki Doi,NetPoints,21,14,10,3,4,1,1,130
20200121-W-Australian_Open-R128-Misaki_Doi-Harriet_Dart,Misaki Doi,Approach,11,6,3,3,2,1,1,75
20200121-W-Australian_Open-R128-Misaki_Doi-Harriet_Dart,Misaki Doi,NetPointsRallies,21,14,10,3,4,1,1,130
20200121-W-Australian_Open-R128-Misaki_Doi-Harriet_Dart,Misaki Doi,ApproachRallies,11,6,3,3,2,1,1,75
20200121-W-Australian_Open-R128-Misaki_Doi-Harriet_Dart,Harriet Dart,NetPoints,17,13,8,5,2,0,0,118
20200121-W-Australian_Open-R128-Misaki_Doi-Harriet_Dart,Harriet Dart,Approach,11,9,5,4,1,0,0,84
20200121-W-Australian_Open-R128-Misaki_Doi-Harriet_Dart,Harriet Dart,NetPointsRallies,17,13,8,5,2,0,0,118
20200121-W-Australian_Open-R128-Misaki_Doi-Harriet_Dart,Harriet Dart,ApproachRallies,11,9,5,4,1,0,0,84
20200121-W-Australian_Open-R128-Magda_Linette-Arantxa_Rus,Magda Linette,NetPoints,16,14,12,2,1,0,0,154
20200121-W-Australian_Open-R128-Magda_Linette-Arantxa_Rus,Magda Linette,Approach,11,10,8,2,0,0,0,95
20200121-W-Australian_Open-R128-Magda_Linette-Arantxa_Rus,Magda Linette,NetPointsRallies,16,14,12,2,1,0,0,154
20200121-W-Australian_Open-R128-Magda_Linette-Arantxa_Rus,Magda Linette,ApproachRallies,11,10,8,2,0,0,0,95
20200121-W-Australian_Open-R128-Magda_Linette-Arantxa_Rus,Arantxa Rus,NetPoints,5,5,4,1,0,0,0,40
20200121-W-Australian_Open-R128-Magda_Linette-Arantxa_Rus,Arantxa Rus,Approach,2,2,1,1,0,0,0,8
20200121-W-Australian_Open-R128-Magda_Linette-Arantxa_Rus,Arantxa Rus,NetPointsRallies,5,5,4,1,0,0,0,40
20200121-W-Australian_Open-R128-Magda_Linette-Arantxa_Rus,Arantxa Rus,ApproachRallies,2,2,1,1,0,0,0,8
20200121-W-Australian_Open-R128-Kirsten_Flipkens-Karolina_Muchova,Kirsten Flipkens,NetPoints,49,31,21,8,3,8,6,266
20200121-W-Australian_Open-R128-Kirsten_Flipkens-Karolina_Muchova,Kirsten Flipkens,Approach,37,20,12,6,3,7,6,186
20200121-W-Australian_Open-R128-Kirsten_Flipkens-Karolina_Muchova,Kirsten Flipkens,NetPointsRallies,37,22,15,7,3,5,6,229
20200121-W-Australian_Open-R128-Kirsten_Flipkens-Karolina_Muchova,Kirsten Flipkens,ApproachRallies,25,11,6,5,3,4,6,149
20200121-W-Australian_Open-R128-Kirsten_Flipkens-Karolina_Muchova,Karolina Muchova,NetPoints,70,45,25,19,7,8,9,366
20200121-W-Australian_Open-R128-Kirsten_Flipkens-Karolina_Muchova,Karolina Muchova,Approach,56,33,14,18,7,7,8,277
20200121-W-Australian_Open-R128-Kirsten_Flipkens-Karolina_Muchova,Karolina Muchova,NetPointsRallies,61,41,24,17,5,7,8,342
20200121-W-Australian_Open-R128-Kirsten_Flipkens-Karolina_Muchova,Karolina Muchova,ApproachRallies,47,29,13,16,5,6,7,253
20200121-W-Australian_Open-R128-Kiki_Bertens-Irina_Camelia_Begu,Kiki Bertens,NetPoints,13,8,7,1,2,2,1,87
20200121-W-Australian_Open-R128-Kiki_Bertens-Irina_Camelia_Begu,Kiki Bertens,Approach,7,2,2,0,2,2,1,48
20200121-W-Australian_Open-R128-Kiki_Bertens-Irina_Camelia_Begu,Kiki Bertens,NetPointsRallies,13,8,7,1,2,2,1,87
20200121-W-Australian_Open-R128-Kiki_Bertens-Irina_Camelia_Begu,Kiki Bertens,ApproachRallies,7,2,2,0,2,2,1,48
20200121-W-Australian_Open-R128-Kiki_Bertens-Irina_Camelia_Begu,Irina Camelia Begu,NetPoints,18,11,4,5,1,4,2,150
20200121-W-Australian_Open-R128-Kiki_Bertens-Irina_Camelia_Begu,Irina Camelia Begu,Approach,14,10,3,5,1,3,0,119
20200121-W-Australian_Open-R128-Kiki_Bertens-Irina_Camelia_Begu,Irina Camelia Begu,NetPointsRallies,18,11,4,5,1,4,2,150
20200121-W-Australian_Open-R128-Kiki_Bertens-Irina_Camelia_Begu,Irina Camelia Begu,ApproachRallies,14,10,3,5,1,3,0,119
20200121-W-Australian_Open-R128-Kateryna_Bondarenko-Arina_Rodionova,Kateryna Bondarenko,NetPoints,47,29,20,8,12,3,3,322
20200121-W-Australian_Open-R128-Kateryna_Bondarenko-Arina_Rodionova,Kateryna Bondarenko,Approach,32,17,11,6,12,2,1,197
20200121-W-Australian_Open-R128-Kateryna_Bondarenko-Arina_Rodionova,Kateryna Bondarenko,NetPointsRallies,47,29,20,8,12,3,3,322
20200121-W-Australian_Open-R128-Kateryna_Bondarenko-Arina_Rodionova,Kateryna Bondarenko,ApproachRallies,32,17,11,6,12,2,1,197
20200121-W-Australian_Open-R128-Kateryna_Bondarenko-Arina_Rodionova,Arina Rodionova,NetPoints,7,5,1,2,2,0,0,33
20200121-W-Australian_Open-R128-Kateryna_Bondarenko-Arina_Rodionova,Arina Rodionova,Approach,5,3,1,2,2,0,0,18
20200121-W-Australian_Open-R128-Kateryna_Bondarenko-Arina_Rodionova,Arina Rodionova,NetPointsRallies,7,5,1,2,2,0,0,33
20200121-W-Australian_Open-R128-Kateryna_Bondarenko-Arina_Rodionova,Arina Rodionova,ApproachRallies,5,3,1,2,2,0,0,18
20200121-W-Australian_Open-R128-Donna_Vekic-Maria_Sharapova,Donna Vekic,NetPoints,5,5,4,1,0,0,0,35
20200121-W-Australian_Open-R128-Donna_Vekic-Maria_Sharapova,Donna Vekic,Approach,2,2,1,1,0,0,0,17
20200121-W-Australian_Open-R128-Donna_Vekic-Maria_Sharapova,Donna Vekic,NetPointsRallies,5,5,4,1,0,0,0,35
20200121-W-Australian_Open-R128-Donna_Vekic-Maria_Sharapova,Donna Vekic,ApproachRallies,2,2,1,1,0,0,0,17
20200121-W-Australian_Open-R128-Donna_Vekic-Maria_Sharapova,Maria Sharapova,NetPoints,13,8,7,1,3,1,1,65
20200121-W-Australian_Open-R128-Donna_Vekic-Maria_Sharapova,Maria Sharapova,Approach,6,5,4,1,1,0,0,30
20200121-W-Australian_Open-R128-Donna_Vekic-Maria_Sharapova,Maria Sharapova,NetPointsRallies,13,8,7,1,3,1,1,65
20200121-W-Australian_Open-R128-Donna_Vekic-Maria_Sharapova,Maria Sharapova,ApproachRallies,6,5,4,1,1,0,0,30
20200121-W-Australian_Open-R128-Anna_Blinkova-Jasmine_Paolini,Anna Blinkova,NetPoints,4,3,3,0,0,0,1,26
20200121-W-Australian_Open-R128-Anna_Blinkova-Jasmine_Paolini,Anna Blinkova,Approach,1,0,0,0,0,0,1,9
20200121-W-Australian_Open-R128-Anna_Blinkova-Jasmine_Paolini,Anna Blinkova,NetPointsRallies,4,3,3,0,0,0,1,26
20200121-W-Australian_Open-R128-Anna_Blinkova-Jasmine_Paolini,Anna Blinkova,ApproachRallies,1,0,0,0,0,0,1,9
20200121-W-Australian_Open-R128-Anna_Blinkova-Jasmine_Paolini,Jasmine Paolini,NetPoints,12,8,5,3,1,2,1,83
20200121-W-Australian_Open-R128-Anna_Blinkova-Jasmine_Paolini,Jasmine Paolini,Approach,8,5,3,2,1,1,1,48
20200121-W-Australian_Open-R128-Anna_Blinkova-Jasmine_Paolini,Jasmine Paolini,NetPointsRallies,12,8,5,3,1,2,1,83
20200121-W-Australian_Open-R128-Anna_Blinkova-Jasmine_Paolini,Jasmine Paolini,ApproachRallies,8,5,3,2,1,1,1,48
20200121-W-Australian_Open-R128-Alize_Cornet-Monica_Niculescu,Alize Cornet,NetPoints,42,28,18,6,6,5,3,387
20200121-W-Australian_Open-R128-Alize_Cornet-Monica_Niculescu,Alize Cornet,Approach,23,13,8,3,5,4,1,161
20200121-W-Australian_Open-R128-Alize_Cornet-Monica_Niculescu,Alize Cornet,NetPointsRallies,42,28,18,6,6,5,3,387
20200121-W-Australian_Open-R128-Alize_Cornet-Monica_Niculescu,Alize Cornet,ApproachRallies,23,13,8,3,5,4,1,161
20200121-W-Australian_Open-R128-Alize_Cornet-Monica_Niculescu,Monica Niculescu,NetPoints,40,26,13,11,1,7,6,401
20200121-W-Australian_Open-R128-Alize_Cornet-Monica_Niculescu,Monica Niculescu,Approach,33,22,10,11,0,7,4,331
20200121-W-Australian_Open-R128-Alize_Cornet-Monica_Niculescu,Monica Niculescu,NetPointsRallies,39,25,12,11,1,7,6,398
20200121-W-Australian_Open-R128-Alize_Cornet-Monica_Niculescu,Monica Niculescu,ApproachRallies,32,21,9,11,0,7,4,328
20200120-W-Australian_Open-R128-Marie_Bouzkova-Naomi_Osaka,Marie Bouzkova,NetPoints,6,4,4,0,1,1,0,30
20200120-W-Australian_Open-R128-Marie_Bouzkova-Naomi_Osaka,Marie Bouzkova,Approach,6,4,4,0,1,1,0,30
20200120-W-Australian_Open-R128-Marie_Bouzkova-Naomi_Osaka,Marie Bouzkova,NetPointsRallies,6,4,4,0,1,1,0,30
20200120-W-Australian_Open-R128-Marie_Bouzkova-Naomi_Osaka,Marie Bouzkova,ApproachRallies,6,4,4,0,1,1,0,30
20200120-W-Australian_Open-R128-Marie_Bouzkova-Naomi_Osaka,Naomi Osaka,NetPoints,7,6,5,1,0,1,0,51
20200120-W-Australian_Open-R128-Marie_Bouzkova-Naomi_Osaka,Naomi Osaka,Approach,4,4,3,1,0,0,0,28
20200120-W-Australian_Open-R128-Marie_Bouzkova-Naomi_Osaka,Naomi Osaka,NetPointsRallies,7,6,5,1,0,1,0,51
20200120-W-Australian_Open-R128-Marie_Bouzkova-Naomi_Osaka,Naomi Osaka,ApproachRallies,4,4,3,1,0,0,0,28
20200120-W-Australian_Open-R128-Jil_Teichmann-Ekaterina_Alexandrova,Jil Teichmann,NetPoints,13,9,5,4,2,2,0,70
20200120-W-Australian_Open-R128-Jil_Teichmann-Ekaterina_Alexandrova,Jil Teichmann,Approach,12,8,4,4,2,2,0,64
20200120-W-Australian_Open-R128-Jil_Teichmann-Ekaterina_Alexandrova,Jil Teichmann,NetPointsRallies,13,9,5,4,2,2,0,70
20200120-W-Australian_Open-R128-Jil_Teichmann-Ekaterina_Alexandrova,Jil Teichmann,ApproachRallies,12,8,4,4,2,2,0,64
20200120-W-Australian_Open-R128-Jil_Teichmann-Ekaterina_Alexandrova,Ekaterina Alexandrova,NetPoints,22,16,9,6,2,4,0,136
20200120-W-Australian_Open-R128-Jil_Teichmann-Ekaterina_Alexandrova,Ekaterina Alexandrova,Approach,13,9,4,4,1,3,0,79
20200120-W-Australian_Open-R128-Jil_Teichmann-Ekaterina_Alexandrova,Ekaterina Alexandrova,NetPointsRallies,22,16,9,6,2,4,0,136
20200120-W-Australian_Open-R128-Jil_Teichmann-Ekaterina_Alexandrova,Ekaterina Alexandrova,ApproachRallies,13,9,4,4,1,3,0,79
20200120-W-Australian_Open-R128-Caroline_Wozniacki-Kristie_Ahn,Caroline Wozniacki,NetPoints,9,6,1,4,1,1,1,64
20200120-W-Australian_Open-R128-Caroline_Wozniacki-Kristie_Ahn,Caroline Wozniacki,Approach,7,4,0,4,1,1,1,45
20200120-W-Australian_Open-R128-Caroline_Wozniacki-Kristie_Ahn,Caroline Wozniacki,NetPointsRallies,9,6,1,4,1,1,1,64
20200120-W-Australian_Open-R128-Caroline_Wozniacki-Kristie_Ahn,Caroline Wozniacki,ApproachRallies,7,4,0,4,1,1,1,45
20200120-W-Australian_Open-R128-Caroline_Wozniacki-Kristie_Ahn,Kristie Ahn,NetPoints,14,8,7,1,4,0,2,74
20200120-W-Australian_Open-R128-Caroline_Wozniacki-Kristie_Ahn,Kristie Ahn,Approach,11,5,4,1,4,0,2,60
20200120-W-Australian_Open-R128-Caroline_Wozniacki-Kristie_Ahn,Kristie Ahn,NetPointsRallies,14,8,7,1,4,0,2,74
20200120-W-Australian_Open-R128-Caroline_Wozniacki-Kristie_Ahn,Kristie Ahn,ApproachRallies,11,5,4,1,4,0,2,60
20200120-W-Australian_Open-R128-Ashleigh_Barty-Lesia_Tsurenko,Ashleigh Barty,NetPoints,14,11,7,2,2,1,0,100
20200120-W-Australian_Open-R128-Ashleigh_Barty-Lesia_Tsurenko,Ashleigh Barty,Approach,9,7,5,1,1,1,0,48
20200120-W-Australian_Open-R128-Ashleigh_Barty-Lesia_Tsurenko,Ashleigh Barty,NetPointsRallies,13,10,6,2,2,1,0,97
20200120-W-Australian_Open-R128-Ashleigh_Barty-Lesia_Tsurenko,Ashleigh Barty,ApproachRallies,8,6,4,1,1,1,0,45
20200120-W-Australian_Open-R128-Ashleigh_Barty-Lesia_Tsurenko,Lesia Tsurenko,NetPoints,24,11,2,6,6,4,2,176
20200120-W-Australian_Open-R128-Ashleigh_Barty-Lesia_Tsurenko,Lesia Tsurenko,Approach,18,7,1,4,5,3,2,130
20200120-W-Australian_Open-R128-Ashleigh_Barty-Lesia_Tsurenko,Lesia Tsurenko,NetPointsRallies,24,11,2,6,6,4,2,176
20200120-W-Australian_Open-R128-Ashleigh_Barty-Lesia_Tsurenko,Lesia Tsurenko,ApproachRallies,18,7,1,4,5,3,2,130
20200117-W-Australian_Open-Q2-Leylah_Fernandez-Mayo_Hibi,Leylah Fernandez,NetPoints,28,18,14,4,3,4,2,216
20200117-W-Australian_Open-Q2-Leylah_Fernandez-Mayo_Hibi,Leylah Fernandez,Approach,19,14,10,4,1,2,2,122
20200117-W-Australian_Open-Q2-Leylah_Fernandez-Mayo_Hibi,Leylah Fernandez,NetPointsRallies,28,18,14,4,3,4,2,216
20200117-W-Australian_Open-Q2-Leylah_Fernandez-Mayo_Hibi,Leylah Fernandez,ApproachRallies,19,14,10,4,1,2,2,122
20200117-W-Australian_Open-Q2-Leylah_Fernandez-Mayo_Hibi,Mayo Hibi,NetPoints,19,12,7,5,2,3,1,174
20200117-W-Australian_Open-Q2-Leylah_Fernandez-Mayo_Hibi,Mayo Hibi,Approach,17,11,6,5,2,2,1,152
20200117-W-Australian_Open-Q2-Leylah_Fernandez-Mayo_Hibi,Mayo Hibi,NetPointsRallies,19,12,7,5,2,3,1,174
20200117-W-Australian_Open-Q2-Leylah_Fernandez-Mayo_Hibi,Mayo Hibi,ApproachRallies,17,11,6,5,2,2,1,152
20200115-W-Australian_Open-Q1-Lesley_Pattinama_Kerkhove-Eva_Guerrero_Alvarez,Lesley Pattinama Kerkhove,NetPoints,7,6,6,0,1,0,0,49
20200115-W-Australian_Open-Q1-Lesley_Pattinama_Kerkhove-Eva_Guerrero_Alvarez,Lesley Pattinama Kerkhove,Approach,4,4,4,0,0,0,0,31
20200115-W-Australian_Open-Q1-Lesley_Pattinama_Kerkhove-Eva_Guerrero_Alvarez,Lesley Pattinama Kerkhove,NetPointsRallies,7,6,6,0,1,0,0,49
20200115-W-Australian_Open-Q1-Lesley_Pattinama_Kerkhove-Eva_Guerrero_Alvarez,Lesley Pattinama Kerkhove,ApproachRallies,4,4,4,0,0,0,0,31
20200115-W-Australian_Open-Q1-Lesley_Pattinama_Kerkhove-Eva_Guerrero_Alvarez,Eva Guerrero Alvarez,NetPoints,7,5,3,2,1,1,0,37
20200115-W-Australian_Open-Q1-Lesley_Pattinama_Kerkhove-Eva_Guerrero_Alvarez,Eva Guerrero Alvarez,Approach,5,3,1,2,1,1,0,28
20200115-W-Australian_Open-Q1-Lesley_Pattinama_Kerkhove-Eva_Guerrero_Alvarez,Eva Guerrero Alvarez,NetPointsRallies,7,5,3,2,1,1,0,37
20200115-W-Australian_Open-Q1-Lesley_Pattinama_Kerkhove-Eva_Guerrero_Alvarez,Eva Guerrero Alvarez,ApproachRallies,5,3,1,2,1,1,0,28
20200114-W-Australian_Open-Q1-Rebecca_Sramkova-Maddison_Inglis,Rebecca Sramkova,NetPoints,7,6,3,2,0,0,1,51
20200114-W-Australian_Open-Q1-Rebecca_Sramkova-Maddison_Inglis,Rebecca Sramkova,Approach,2,2,1,1,0,0,0,22
20200114-W-Australian_Open-Q1-Rebecca_Sramkova-Maddison_Inglis,Rebecca Sramkova,NetPointsRallies,7,6,3,2,0,0,1,51
20200114-W-Australian_Open-Q1-Rebecca_Sramkova-Maddison_Inglis,Rebecca Sramkova,ApproachRallies,2,2,1,1,0,0,0,22
20200114-W-Australian_Open-Q1-Rebecca_Sramkova-Maddison_Inglis,Maddison Inglis,NetPoints,17,13,9,3,0,2,1,111
20200114-W-Australian_Open-Q1-Rebecca_Sramkova-Maddison_Inglis,Maddison Inglis,Approach,8,7,4,3,0,0,1,50
20200114-W-Australian_Open-Q1-Rebecca_Sramkova-Maddison_Inglis,Maddison Inglis,NetPointsRallies,17,13,9,3,0,2,1,111
20200114-W-Australian_Open-Q1-Rebecca_Sramkova-Maddison_Inglis,Maddison Inglis,ApproachRallies,8,7,4,3,0,0,1,50
20190907-W-US_Open-F-Serena_Williams-Bianca_Andreescu,Serena Williams,NetPoints,11,9,7,1,1,0,1,64
20190907-W-US_Open-F-Serena_Williams-Bianca_Andreescu,Serena Williams,Approach,8,6,5,1,1,0,1,41
20190907-W-US_Open-F-Serena_Williams-Bianca_Andreescu,Serena Williams,NetPointsRallies,11,9,7,1,1,0,1,64
20190907-W-US_Open-F-Serena_Williams-Bianca_Andreescu,Serena Williams,ApproachRallies,8,6,5,1,1,0,1,41
20190907-W-US_Open-F-Serena_Williams-Bianca_Andreescu,Bianca Andreescu,NetPoints,7,5,3,2,1,1,0,37
20190907-W-US_Open-F-Serena_Williams-Bianca_Andreescu,Bianca Andreescu,Approach,4,3,2,1,0,1,0,25
20190907-W-US_Open-F-Serena_Williams-Bianca_Andreescu,Bianca Andreescu,NetPointsRallies,7,5,3,2,1,1,0,37
20190907-W-US_Open-F-Serena_Williams-Bianca_Andreescu,Bianca Andreescu,ApproachRallies,4,3,2,1,0,1,0,25
20190905-W-US_Open-SF-Belinda_Bencic-Bianca_Andreescu,Belinda Bencic,NetPoints,22,14,5,9,2,2,3,152
20190905-W-US_Open-SF-Belinda_Bencic-Bianca_Andreescu,Belinda Bencic,Approach,17,11,4,7,2,1,2,129
20190905-W-US_Open-SF-Belinda_Bencic-Bianca_Andreescu,Belinda Bencic,NetPointsRallies,22,14,5,9,2,2,3,152
20190905-W-US_Open-SF-Belinda_Bencic-Bianca_Andreescu,Belinda Bencic,ApproachRallies,17,11,4,7,2,1,2,129
20190905-W-US_Open-SF-Belinda_Bencic-Bianca_Andreescu,Bianca Andreescu,NetPoints,16,12,9,3,2,1,1,77
20190905-W-US_Open-SF-Belinda_Bencic-Bianca_Andreescu,Bianca Andreescu,Approach,10,7,5,2,2,0,1,51
20190905-W-US_Open-SF-Belinda_Bencic-Bianca_Andreescu,Bianca Andreescu,NetPointsRallies,16,12,9,3,2,1,1,77
20190905-W-US_Open-SF-Belinda_Bencic-Bianca_Andreescu,Bianca Andreescu,ApproachRallies,10,7,5,2,2,0,1,51
20190904-W-US_Open-QF-Elise_Mertens-Bianca_Andreescu,Elise Mertens,NetPoints,17,6,3,3,5,3,2,125
20190904-W-US_Open-QF-Elise_Mertens-Bianca_Andreescu,Elise Mertens,Approach,10,3,2,1,4,1,1,66
20190904-W-US_Open-QF-Elise_Mertens-Bianca_Andreescu,Elise Mertens,NetPointsRallies,17,6,3,3,5,3,2,125
20190904-W-US_Open-QF-Elise_Mertens-Bianca_Andreescu,Elise Mertens,ApproachRallies,10,3,2,1,4,1,1,66
20190904-W-US_Open-QF-Elise_Mertens-Bianca_Andreescu,Bianca Andreescu,NetPoints,30,22,16,6,2,2,4,192
20190904-W-US_Open-QF-Elise_Mertens-Bianca_Andreescu,Bianca Andreescu,Approach,23,16,10,6,2,2,3,144
20190904-W-US_Open-QF-Elise_Mertens-Bianca_Andreescu,Bianca Andreescu,NetPointsRallies,30,22,16,6,2,2,4,192
20190904-W-US_Open-QF-Elise_Mertens-Bianca_Andreescu,Bianca Andreescu,ApproachRallies,23,16,10,6,2,2,3,144
20190903-W-US_Open-QF-Serena_Williams-Qiang_Wang,Serena Williams,NetPoints,11,11,10,0,0,0,0,54
20190903-W-US_Open-QF-Serena_Williams-Qiang_Wang,Serena Williams,Approach,7,7,7,0,0,0,0,33
20190903-W-US_Open-QF-Serena_Williams-Qiang_Wang,Serena Williams,NetPointsRallies,11,11,10,0,0,0,0,54
20190903-W-US_Open-QF-Serena_Williams-Qiang_Wang,Serena Williams,ApproachRallies,7,7,7,0,0,0,0,33
20190903-W-US_Open-QF-Serena_Williams-Qiang_Wang,Qiang Wang,NetPoints,2,1,0,1,0,1,0,15
20190903-W-US_Open-QF-Serena_Williams-Qiang_Wang,Qiang Wang,NetPointsRallies,2,1,0,1,0,1,0,15
20190902-W-US_Open-R16-Bianca_Andreescu-Taylor_Townsend,Bianca Andreescu,NetPoints,27,20,11,8,2,1,3,156
20190902-W-US_Open-R16-Bianca_Andreescu-Taylor_Townsend,Bianca Andreescu,Approach,16,11,3,7,1,0,3,87
20190902-W-US_Open-R16-Bianca_Andreescu-Taylor_Townsend,Bianca Andreescu,NetPointsRallies,27,20,11,8,2,1,3,156
20190902-W-US_Open-R16-Bianca_Andreescu-Taylor_Townsend,Bianca Andreescu,ApproachRallies,16,11,3,7,1,0,3,87
20190902-W-US_Open-R16-Bianca_Andreescu-Taylor_Townsend,Taylor Townsend,NetPoints,46,25,10,9,1,7,2,157
20190902-W-US_Open-R16-Bianca_Andreescu-Taylor_Townsend,Taylor Townsend,Approach,43,23,9,8,1,6,2,138
20190902-W-US_Open-R16-Bianca_Andreescu-Taylor_Townsend,Taylor Townsend,NetPointsRallies,20,14,8,6,0,4,2,94
20190902-W-US_Open-R16-Bianca_Andreescu-Taylor_Townsend,Taylor Townsend,ApproachRallies,17,12,7,5,0,3,2,75
20190831-W-US_Open-R32-Sorana_Cirstea-Taylor_Townsend,Sorana Cirstea,NetPoints,10,7,4,3,0,1,1,46
20190831-W-US_Open-R32-Sorana_Cirstea-Taylor_Townsend,Sorana Cirstea,Approach,5,2,1,1,0,1,1,22
20190831-W-US_Open-R32-Sorana_Cirstea-Taylor_Townsend,Sorana Cirstea,NetPointsRallies,10,7,4,3,0,1,1,46
20190831-W-US_Open-R32-Sorana_Cirstea-Taylor_Townsend,Sorana Cirstea,ApproachRallies,5,2,1,1,0,1,1,22
20190831-W-US_Open-R32-Sorana_Cirstea-Taylor_Townsend,Taylor Townsend,NetPoints,80,53,19,11,9,4,4,226
20190831-W-US_Open-R32-Sorana_Cirstea-Taylor_Townsend,Taylor Townsend,Approach,79,53,19,11,9,4,3,219
20190831-W-US_Open-R32-Sorana_Cirstea-Taylor_Townsend,Taylor Townsend,NetPointsRallies,23,16,9,7,3,1,3,91
20190831-W-US_Open-R32-Sorana_Cirstea-Taylor_Townsend,Taylor Townsend,ApproachRallies,22,16,9,7,3,1,2,84
20190831-W-US_Open-R32-Naomi_Osaka-Coco_Gauff,Naomi Osaka,NetPoints,7,6,6,0,1,0,0,50
20190831-W-US_Open-R32-Naomi_Osaka-Coco_Gauff,Naomi Osaka,Approach,5,5,5,0,0,0,0,39
20190831-W-US_Open-R32-Naomi_Osaka-Coco_Gauff,Naomi Osaka,NetPointsRallies,7,6,6,0,1,0,0,50
20190831-W-US_Open-R32-Naomi_Osaka-Coco_Gauff,Naomi Osaka,ApproachRallies,5,5,5,0,0,0,0,39
20190831-W-US_Open-R32-Naomi_Osaka-Coco_Gauff,Coco Gauff,NetPoints,5,5,3,1,0,0,0,27
20190831-W-US_Open-R32-Naomi_Osaka-Coco_Gauff,Coco Gauff,Approach,3,3,1,1,0,0,0,16
20190831-W-US_Open-R32-Naomi_Osaka-Coco_Gauff,Coco Gauff,NetPointsRallies,5,5,3,1,0,0,0,27
20190831-W-US_Open-R32-Naomi_Osaka-Coco_Gauff,Coco Gauff,ApproachRallies,3,3,1,1,0,0,0,16
20190831-W-US_Open-R32-Kristie_Ahn-Jelena_Ostapenko,Kristie Ahn,NetPoints,5,4,3,1,0,0,0,22
20190831-W-US_Open-R32-Kristie_Ahn-Jelena_Ostapenko,Kristie Ahn,Approach,3,2,1,1,0,0,0,14
20190831-W-US_Open-R32-Kristie_Ahn-Jelena_Ostapenko,Kristie Ahn,NetPointsRallies,5,4,3,1,0,0,0,22
20190831-W-US_Open-R32-Kristie_Ahn-Jelena_Ostapenko,Kristie Ahn,ApproachRallies,3,2,1,1,0,0,0,14
20190831-W-US_Open-R32-Kristie_Ahn-Jelena_Ostapenko,Jelena Ostapenko,NetPoints,5,3,2,1,1,1,0,36
20190831-W-US_Open-R32-Kristie_Ahn-Jelena_Ostapenko,Jelena Ostapenko,Approach,2,1,1,0,0,1,0,13
20190831-W-US_Open-R32-Kristie_Ahn-Jelena_Ostapenko,Jelena Ostapenko,NetPointsRallies,5,3,2,1,1,1,0,36
20190831-W-US_Open-R32-Kristie_Ahn-Jelena_Ostapenko,Jelena Ostapenko,ApproachRallies,2,1,1,0,0,1,0,13
20190831-W-US_Open-R32-Julia_Goerges-Kiki_Bertens,Julia Goerges,NetPoints,17,13,6,7,2,1,1,75
20190831-W-US_Open-R32-Julia_Goerges-Kiki_Bertens,Julia Goerges,Approach,17,13,6,7,2,1,1,75
20190831-W-US_Open-R32-Julia_Goerges-Kiki_Bertens,Julia Goerges,NetPointsRallies,17,13,6,7,2,1,1,75
20190831-W-US_Open-R32-Julia_Goerges-Kiki_Bertens,Julia Goerges,ApproachRallies,17,13,6,7,2,1,1,75
20190831-W-US_Open-R32-Julia_Goerges-Kiki_Bertens,Kiki Bertens,NetPoints,6,6,5,1,0,0,0,46
20190831-W-US_Open-R32-Julia_Goerges-Kiki_Bertens,Kiki Bertens,Approach,4,4,3,1,0,0,0,30
20190831-W-US_Open-R32-Julia_Goerges-Kiki_Bertens,Kiki Bertens,NetPointsRallies,6,6,5,1,0,0,0,46
20190831-W-US_Open-R32-Julia_Goerges-Kiki_Bertens,Kiki Bertens,ApproachRallies,4,4,3,1,0,0,0,30
20190831-W-US_Open-R32-Donna_Vekic-Yulia_Putintseva,Donna Vekic,NetPoints,12,9,7,1,1,2,0,88
20190831-W-US_Open-R32-Donna_Vekic-Yulia_Putintseva,Donna Vekic,Approach,4,3,2,0,1,0,0,29
20190831-W-US_Open-R32-Donna_Vekic-Yulia_Putintseva,Donna Vekic,NetPointsRallies,12,9,7,1,1,2,0,88
20190831-W-US_Open-R32-Donna_Vekic-Yulia_Putintseva,Donna Vekic,ApproachRallies,4,3,2,0,1,0,0,29
20190831-W-US_Open-R32-Donna_Vekic-Yulia_Putintseva,Yulia Putintseva,NetPoints,7,4,3,0,1,1,1,46
20190831-W-US_Open-R32-Donna_Vekic-Yulia_Putintseva,Yulia Putintseva,NetPointsRallies,7,4,3,0,1,1,1,46
20190831-W-US_Open-R32-Caroline_Wozniacki-Bianca_Andreescu,Caroline Wozniacki,NetPoints,16,10,7,3,1,3,2,92
20190831-W-US_Open-R32-Caroline_Wozniacki-Bianca_Andreescu,Caroline Wozniacki,Approach,10,6,3,3,1,1,2,45
20190831-W-US_Open-R32-Caroline_Wozniacki-Bianca_Andreescu,Caroline Wozniacki,NetPointsRallies,16,10,7,3,1,3,2,92
20190831-W-US_Open-R32-Caroline_Wozniacki-Bianca_Andreescu,Caroline Wozniacki,ApproachRallies,10,6,3,3,1,1,2,45
20190831-W-US_Open-R32-Caroline_Wozniacki-Bianca_Andreescu,Bianca Andreescu,NetPoints,24,21,13,7,0,2,0,148
20190831-W-US_Open-R32-Caroline_Wozniacki-Bianca_Andreescu,Bianca Andreescu,Approach,20,17,12,5,0,2,0,126
20190831-W-US_Open-R32-Caroline_Wozniacki-Bianca_Andreescu,Bianca Andreescu,NetPointsRallies,23,20,12,7,0,2,0,143
20190831-W-US_Open-R32-Caroline_Wozniacki-Bianca_Andreescu,Bianca Andreescu,ApproachRallies,19,16,11,5,0,2,0,121
20190830-W-US_Open-R32-Madison_Keys-Sofia_Kenin,Madison Keys,NetPoints,16,10,6,2,3,3,0,80
20190830-W-US_Open-R32-Madison_Keys-Sofia_Kenin,Madison Keys,Approach,4,4,2,1,0,0,0,22
20190830-W-US_Open-R32-Madison_Keys-Sofia_Kenin,Madison Keys,NetPointsRallies,16,10,6,2,3,3,0,80
20190830-W-US_Open-R32-Madison_Keys-Sofia_Kenin,Madison Keys,ApproachRallies,4,4,2,1,0,0,0,22
20190830-W-US_Open-R32-Madison_Keys-Sofia_Kenin,Sofia Kenin,NetPoints,6,3,3,0,2,0,1,32
20190830-W-US_Open-R32-Madison_Keys-Sofia_Kenin,Sofia Kenin,Approach,4,1,1,0,2,0,1,22
20190830-W-US_Open-R32-Madison_Keys-Sofia_Kenin,Sofia Kenin,NetPointsRallies,6,3,3,0,2,0,1,32
20190830-W-US_Open-R32-Madison_Keys-Sofia_Kenin,Sofia Kenin,ApproachRallies,4,1,1,0,2,0,1,22
20190829-W-US_Open-R64-Taylor_Townsend-Simona_Halep,Taylor Townsend,NetPoints,110,68,25,30,10,14,4,422
20190829-W-US_Open-R64-Taylor_Townsend-Simona_Halep,Taylor Townsend,Approach,108,66,24,30,10,14,4,410
20190829-W-US_Open-R64-Taylor_Townsend-Simona_Halep,Taylor Townsend,NetPointsRallies,41,25,9,15,4,4,2,207
20190829-W-US_Open-R64-Taylor_Townsend-Simona_Halep,Taylor Townsend,ApproachRallies,39,23,8,15,4,4,2,195
20190829-W-US_Open-R64-Taylor_Townsend-Simona_Halep,Simona Halep,NetPoints,11,8,4,4,0,3,0,55
20190829-W-US_Open-R64-Taylor_Townsend-Simona_Halep,Simona Halep,Approach,2,2,0,2,0,0,0,10
20190829-W-US_Open-R64-Taylor_Townsend-Simona_Halep,Simona Halep,NetPointsRallies,11,8,4,4,0,3,0,55
20190829-W-US_Open-R64-Taylor_Townsend-Simona_Halep,Simona Halep,ApproachRallies,2,2,0,2,0,0,0,10
20190829-W-US_Open-R64-Su_Wei_Hsieh-Karolina_Muchova,Su Wei Hsieh,NetPoints,20,17,7,7,0,0,1,111
20190829-W-US_Open-R64-Su_Wei_Hsieh-Karolina_Muchova,Su Wei Hsieh,Approach,17,15,6,6,0,0,1,86
20190829-W-US_Open-R64-Su_Wei_Hsieh-Karolina_Muchova,Su Wei Hsieh,NetPointsRallies,16,14,6,7,0,0,1,100
20190829-W-US_Open-R64-Su_Wei_Hsieh-Karolina_Muchova,Su Wei Hsieh,ApproachRallies,13,12,5,6,0,0,1,75
20190829-W-US_Open-R64-Su_Wei_Hsieh-Karolina_Muchova,Karolina Muchova,NetPoints,48,34,19,12,6,1,6,238
20190829-W-US_Open-R64-Su_Wei_Hsieh-Karolina_Muchova,Karolina Muchova,Approach,41,27,15,9,6,1,6,192
20190829-W-US_Open-R64-Su_Wei_Hsieh-Karolina_Muchova,Karolina Muchova,NetPointsRallies,43,30,18,12,6,1,6,230
20190829-W-US_Open-R64-Su_Wei_Hsieh-Karolina_Muchova,Karolina Muchova,ApproachRallies,36,23,14,9,6,1,6,184
20190829-W-US_Open-R64-Laura_Siegemund-Sofia_Kenin,Laura Siegemund,NetPoints,22,16,11,5,1,2,2,144
20190829-W-US_Open-R64-Laura_Siegemund-Sofia_Kenin,Laura Siegemund,Approach,16,11,7,4,1,1,2,101
20190829-W-US_Open-R64-Laura_Siegemund-Sofia_Kenin,Laura Siegemund,NetPointsRallies,20,15,10,5,1,2,2,137
20190829-W-US_Open-R64-Laura_Siegemund-Sofia_Kenin,Laura Siegemund,ApproachRallies,14,10,6,4,1,1,2,94
20190829-W-US_Open-R64-Laura_Siegemund-Sofia_Kenin,Sofia Kenin,NetPoints,4,3,2,1,1,0,0,25
20190829-W-US_Open-R64-Laura_Siegemund-Sofia_Kenin,Sofia Kenin,Approach,1,1,0,1,0,0,0,3
20190829-W-US_Open-R64-Laura_Siegemund-Sofia_Kenin,Sofia Kenin,NetPointsRallies,4,3,2,1,1,0,0,25
20190829-W-US_Open-R64-Laura_Siegemund-Sofia_Kenin,Sofia Kenin,ApproachRallies,1,1,0,1,0,0,0,3
20190829-W-US_Open-R64-Kirsten_Flipkens-Bianca_Andreescu,Kirsten Flipkens,NetPoints,35,21,9,6,4,3,2,151
20190829-W-US_Open-R64-Kirsten_Flipkens-Bianca_Andreescu,Kirsten Flipkens,Approach,34,20,9,6,4,3,2,145
20190829-W-US_Open-R64-Kirsten_Flipkens-Bianca_Andreescu,Kirsten Flipkens,NetPointsRallies,23,12,6,5,4,3,2,128
20190829-W-US_Open-R64-Kirsten_Flipkens-Bianca_Andreescu,Kirsten Flipkens,ApproachRallies,22,11,6,5,4,3,2,122
20190829-W-US_Open-R64-Kirsten_Flipkens-Bianca_Andreescu,Bianca Andreescu,NetPoints,22,12,9,3,4,6,0,113
20190829-W-US_Open-R64-Kirsten_Flipkens-Bianca_Andreescu,Bianca Andreescu,Approach,18,10,7,3,4,4,0,87
20190829-W-US_Open-R64-Kirsten_Flipkens-Bianca_Andreescu,Bianca Andreescu,NetPointsRallies,22,12,9,3,4,6,0,113
20190829-W-US_Open-R64-Kirsten_Flipkens-Bianca_Andreescu,Bianca Andreescu,ApproachRallies,18,10,7,3,4,4,0,87
20190829-W-US_Open-R64-Kaia_Kanepi-Donna_Vekic,Kaia Kanepi,NetPoints,4,2,2,0,2,0,0,21
20190829-W-US_Open-R64-Kaia_Kanepi-Donna_Vekic,Kaia Kanepi,Approach,2,1,1,0,1,0,0,9
20190829-W-US_Open-R64-Kaia_Kanepi-Donna_Vekic,Kaia Kanepi,NetPointsRallies,4,2,2,0,2,0,0,21
20190829-W-US_Open-R64-Kaia_Kanepi-Donna_Vekic,Kaia Kanepi,ApproachRallies,2,1,1,0,1,0,0,9
20190829-W-US_Open-R64-Kaia_Kanepi-Donna_Vekic,Donna Vekic,NetPoints,5,2,1,1,1,1,1,30
20190829-W-US_Open-R64-Kaia_Kanepi-Donna_Vekic,Donna Vekic,Approach,5,2,1,1,1,1,1,30
20190829-W-US_Open-R64-Kaia_Kanepi-Donna_Vekic,Donna Vekic,NetPointsRallies,5,2,1,1,1,1,1,30
20190829-W-US_Open-R64-Kaia_Kanepi-Donna_Vekic,Donna Vekic,ApproachRallies,5,2,1,1,1,1,1,30
20190829-W-US_Open-R64-Iga_Swiatek-Anastasija_Sevastova,Iga Swiatek,NetPoints,16,7,6,1,4,1,2,94
20190829-W-US_Open-R64-Iga_Swiatek-Anastasija_Sevastova,Iga Swiatek,Approach,14,5,4,1,4,1,2,79
20190829-W-US_Open-R64-Iga_Swiatek-Anastasija_Sevastova,Iga Swiatek,NetPointsRallies,16,7,6,1,4,1,2,94
20190829-W-US_Open-R64-Iga_Swiatek-Anastasija_Sevastova,Iga Swiatek,ApproachRallies,14,5,4,1,4,1,2,79
20190829-W-US_Open-R64-Iga_Swiatek-Anastasija_Sevastova,Anastasija Sevastova,NetPoints,12,9,4,4,2,1,0,48
20190829-W-US_Open-R64-Iga_Swiatek-Anastasija_Sevastova,Anastasija Sevastova,Approach,7,6,2,3,0,1,0,32
20190829-W-US_Open-R64-Iga_Swiatek-Anastasija_Sevastova,Anastasija Sevastova,NetPointsRallies,12,9,4,4,2,1,0,48
20190829-W-US_Open-R64-Iga_Swiatek-Anastasija_Sevastova,Anastasija Sevastova,ApproachRallies,7,6,2,3,0,1,0,32
20190829-W-US_Open-R64-Francesca_Di_Lorenzo-Julia_Goerges,Francesca Di Lorenzo,NetPoints,5,4,2,2,0,1,0,23
20190829-W-US_Open-R64-Francesca_Di_Lorenzo-Julia_Goerges,Francesca Di Lorenzo,Approach,2,2,0,2,0,0,0,8
20190829-W-US_Open-R64-Francesca_Di_Lorenzo-Julia_Goerges,Francesca Di Lorenzo,NetPointsRallies,5,4,2,2,0,1,0,23
20190829-W-US_Open-R64-Francesca_Di_Lorenzo-Julia_Goerges,Francesca Di Lorenzo,ApproachRallies,2,2,0,2,0,0,0,8
20190829-W-US_Open-R64-Francesca_Di_Lorenzo-Julia_Goerges,Julia Goerges,NetPoints,16,13,10,3,2,1,0,78
20190829-W-US_Open-R64-Francesca_Di_Lorenzo-Julia_Goerges,Julia Goerges,Approach,9,8,6,2,1,0,0,43
20190829-W-US_Open-R64-Francesca_Di_Lorenzo-Julia_Goerges,Julia Goerges,NetPointsRallies,16,13,10,3,2,1,0,78
20190829-W-US_Open-R64-Francesca_Di_Lorenzo-Julia_Goerges,Julia Goerges,ApproachRallies,9,8,6,2,1,0,0,43
20190829-W-US_Open-R64-Anastasia_Pavlyuchenkova-Kiki_Bertens,Anastasia Pavlyuchenkova,NetPoints,25,12,7,3,4,8,1,154
20190829-W-US_Open-R64-Anastasia_Pavlyuchenkova-Kiki_Bertens,Anastasia Pavlyuchenkova,Approach,21,10,6,3,3,7,1,130
20190829-W-US_Open-R64-Anastasia_Pavlyuchenkova-Kiki_Bertens,Anastasia Pavlyuchenkova,NetPointsRallies,23,11,7,2,4,7,1,147
20190829-W-US_Open-R64-Anastasia_Pavlyuchenkova-Kiki_Bertens,Anastasia Pavlyuchenkova,ApproachRallies,19,9,6,2,3,6,1,123
20190829-W-US_Open-R64-Anastasia_Pavlyuchenkova-Kiki_Bertens,Kiki Bertens,NetPoints,11,7,6,0,3,1,0,53
20190829-W-US_Open-R64-Anastasia_Pavlyuchenkova-Kiki_Bertens,Kiki Bertens,Approach,7,4,3,0,2,1,0,29
20190829-W-US_Open-R64-Anastasia_Pavlyuchenkova-Kiki_Bertens,Kiki Bertens,NetPointsRallies,11,7,6,0,3,1,0,53
20190829-W-US_Open-R64-Anastasia_Pavlyuchenkova-Kiki_Bertens,Kiki Bertens,ApproachRallies,7,4,3,0,2,1,0,29
20190827-W-US_Open-R128-Paula_Badosa-Kiki_Bertens,Paula Badosa,NetPoints,14,8,4,4,1,3,2,87
20190827-W-US_Open-R128-Paula_Badosa-Kiki_Bertens,Paula Badosa,Approach,12,7,4,3,0,3,2,75
20190827-W-US_Open-R128-Paula_Badosa-Kiki_Bertens,Paula Badosa,NetPointsRallies,14,8,4,4,1,3,2,87
20190827-W-US_Open-R128-Paula_Badosa-Kiki_Bertens,Paula Badosa,ApproachRallies,12,7,4,3,0,3,2,75
20190827-W-US_Open-R128-Paula_Badosa-Kiki_Bertens,Kiki Bertens,NetPoints,12,11,8,3,0,0,1,67
20190827-W-US_Open-R128-Paula_Badosa-Kiki_Bertens,Kiki Bertens,Approach,10,9,6,3,0,0,1,60
20190827-W-US_Open-R128-Paula_Badosa-Kiki_Bertens,Kiki Bertens,NetPointsRallies,12,11,8,3,0,0,1,67
20190827-W-US_Open-R128-Paula_Badosa-Kiki_Bertens,Kiki Bertens,ApproachRallies,10,9,6,3,0,0,1,60
20190827-W-US_Open-R128-Katie_Volynets-Bianca_Andreescu,Katie Volynets,NetPoints,7,5,4,1,0,2,0,41
20190827-W-US_Open-R128-Katie_Volynets-Bianca_Andreescu,Katie Volynets,Approach,3,3,3,0,0,0,0,17
20190827-W-US_Open-R128-Katie_Volynets-Bianca_Andreescu,Katie Volynets,NetPointsRallies,7,5,4,1,0,2,0,41
20190827-W-US_Open-R128-Katie_Volynets-Bianca_Andreescu,Katie Volynets,ApproachRallies,3,3,3,0,0,0,0,17
20190827-W-US_Open-R128-Katie_Volynets-Bianca_Andreescu,Bianca Andreescu,NetPoints,32,24,12,11,8,0,0,219
20190827-W-US_Open-R128-Katie_Volynets-Bianca_Andreescu,Bianca Andreescu,Approach,28,21,9,11,7,0,0,184
20190827-W-US_Open-R128-Katie_Volynets-Bianca_Andreescu,Bianca Andreescu,NetPointsRallies,32,24,12,11,8,0,0,219
20190827-W-US_Open-R128-Katie_Volynets-Bianca_Andreescu,Bianca Andreescu,ApproachRallies,28,21,9,11,7,0,0,184
20190827-W-US_Open-R128-Donna_Vekic-Richel_Hogenkamp,Donna Vekic,NetPoints,24,15,11,3,2,4,3,169
20190827-W-US_Open-R128-Donna_Vekic-Richel_Hogenkamp,Donna Vekic,Approach,18,13,10,3,1,3,1,106
20190827-W-US_Open-R128-Donna_Vekic-Richel_Hogenkamp,Donna Vekic,NetPointsRallies,24,15,11,3,2,4,3,169
20190827-W-US_Open-R128-Donna_Vekic-Richel_Hogenkamp,Donna Vekic,ApproachRallies,18,13,10,3,1,3,1,106
20190827-W-US_Open-R128-Donna_Vekic-Richel_Hogenkamp,Richel Hogenkamp,NetPoints,21,13,9,4,4,2,2,161
20190827-W-US_Open-R128-Donna_Vekic-Richel_Hogenkamp,Richel Hogenkamp,Approach,15,11,8,3,3,0,1,127
20190827-W-US_Open-R128-Donna_Vekic-Richel_Hogenkamp,Richel Hogenkamp,NetPointsRallies,21,13,9,4,4,2,2,161
20190827-W-US_Open-R128-Donna_Vekic-Richel_Hogenkamp,Richel Hogenkamp,ApproachRallies,15,11,8,3,3,0,1,127
20190826-W-US_Open-R128-Whitney_Osuigwe-Elina_Svitolina,Whitney Osuigwe,NetPoints,6,5,4,1,1,0,0,43
20190826-W-US_Open-R128-Whitney_Osuigwe-Elina_Svitolina,Whitney Osuigwe,Approach,3,2,1,1,1,0,0,21
20190826-W-US_Open-R128-Whitney_Osuigwe-Elina_Svitolina,Whitney Osuigwe,NetPointsRallies,6,5,4,1,1,0,0,43
20190826-W-US_Open-R128-Whitney_Osuigwe-Elina_Svitolina,Whitney Osuigwe,ApproachRallies,3,2,1,1,1,0,0,21
20190826-W-US_Open-R128-Whitney_Osuigwe-Elina_Svitolina,Elina Svitolina,NetPoints,15,11,7,3,0,3,0,129
20190826-W-US_Open-R128-Whitney_Osuigwe-Elina_Svitolina,Elina Svitolina,Approach,12,9,5,3,0,2,0,105
20190826-W-US_Open-R128-Whitney_Osuigwe-Elina_Svitolina,Elina Svitolina,NetPointsRallies,15,11,7,3,0,3,0,129
20190826-W-US_Open-R128-Whitney_Osuigwe-Elina_Svitolina,Elina Svitolina,ApproachRallies,12,9,5,3,0,2,0,105
20190826-W-US_Open-R128-Serena_Williams-Maria_Sharapova,Serena Williams,NetPoints,1,1,0,1,0,0,0,10
20190826-W-US_Open-R128-Serena_Williams-Maria_Sharapova,Serena Williams,Approach,1,1,0,1,0,0,0,10
20190826-W-US_Open-R128-Serena_Williams-Maria_Sharapova,Serena Williams,NetPointsRallies,1,1,0,1,0,0,0,10
20190826-W-US_Open-R128-Serena_Williams-Maria_Sharapova,Serena Williams,ApproachRallies,1,1,0,1,0,0,0,10
20190826-W-US_Open-R128-Serena_Williams-Maria_Sharapova,Maria Sharapova,NetPoints,2,0,0,0,0,0,0,15
20190826-W-US_Open-R128-Serena_Williams-Maria_Sharapova,Maria Sharapova,Approach,2,0,0,0,0,0,0,15
20190826-W-US_Open-R128-Serena_Williams-Maria_Sharapova,Maria Sharapova,NetPointsRallies,2,0,0,0,0,0,0,15
20190826-W-US_Open-R128-Serena_Williams-Maria_Sharapova,Maria Sharapova,ApproachRallies,2,0,0,0,0,0,0,15
20190826-W-US_Open-R128-Priscilla_Hon-Margarita_Gasparyan,Priscilla Hon,NetPoints,31,21,10,10,1,0,2,165
20190826-W-US_Open-R128-Priscilla_Hon-Margarita_Gasparyan,Priscilla Hon,Approach,30,20,9,10,1,0,2,156
20190826-W-US_Open-R128-Priscilla_Hon-Margarita_Gasparyan,Priscilla Hon,NetPointsRallies,28,19,9,10,1,0,1,157
20190826-W-US_Open-R128-Priscilla_Hon-Margarita_Gasparyan,Priscilla Hon,ApproachRallies,27,18,8,10,1,0,1,148
20190826-W-US_Open-R128-Priscilla_Hon-Margarita_Gasparyan,Margarita Gasparyan,NetPoints,6,4,3,1,2,0,0,63
20190826-W-US_Open-R128-Priscilla_Hon-Margarita_Gasparyan,Margarita Gasparyan,Approach,3,1,1,0,2,0,0,13
20190826-W-US_Open-R128-Priscilla_Hon-Margarita_Gasparyan,Margarita Gasparyan,NetPointsRallies,6,4,3,1,2,0,0,63
20190826-W-US_Open-R128-Priscilla_Hon-Margarita_Gasparyan,Margarita Gasparyan,ApproachRallies,3,1,1,0,2,0,0,13
20190826-W-US_Open-R128-Iga_Swiatek-Ivana_Jorovic,Iga Swiatek,NetPoints,8,7,5,2,1,0,0,52
20190826-W-US_Open-R128-Iga_Swiatek-Ivana_Jorovic,Iga Swiatek,Approach,4,4,3,1,0,0,0,24
20190826-W-US_Open-R128-Iga_Swiatek-Ivana_Jorovic,Iga Swiatek,NetPointsRallies,8,7,5,2,1,0,0,52
20190826-W-US_Open-R128-Iga_Swiatek-Ivana_Jorovic,Iga Swiatek,ApproachRallies,4,4,3,1,0,0,0,24
20190826-W-US_Open-R128-Iga_Swiatek-Ivana_Jorovic,Ivana Jorovic,NetPoints,7,3,2,1,2,1,0,45
20190826-W-US_Open-R128-Iga_Swiatek-Ivana_Jorovic,Ivana Jorovic,Approach,2,1,1,0,0,1,0,18
20190826-W-US_Open-R128-Iga_Swiatek-Ivana_Jorovic,Ivana Jorovic,NetPointsRallies,7,3,2,1,2,1,0,45
20190826-W-US_Open-R128-Iga_Swiatek-Ivana_Jorovic,Ivana Jorovic,ApproachRallies,2,1,1,0,0,1,0,18
20190826-W-US_Open-R128-Angelique_Kerber-Kristina_Mladenovic,Angelique Kerber,NetPoints,15,9,5,3,1,3,1,132
20190826-W-US_Open-R128-Angelique_Kerber-Kristina_Mladenovic,Angelique Kerber,Approach,2,1,0,1,0,0,0,11
20190826-W-US_Open-R128-Angelique_Kerber-Kristina_Mladenovic,Angelique Kerber,NetPointsRallies,15,9,5,3,1,3,1,132
20190826-W-US_Open-R128-Angelique_Kerber-Kristina_Mladenovic,Angelique Kerber,ApproachRallies,2,1,0,1,0,0,0,11
20190826-W-US_Open-R128-Angelique_Kerber-Kristina_Mladenovic,Kristina Mladenovic,NetPoints,27,22,14,8,2,2,1,183
20190826-W-US_Open-R128-Angelique_Kerber-Kristina_Mladenovic,Kristina Mladenovic,Approach,18,14,7,7,1,2,1,135
20190826-W-US_Open-R128-Angelique_Kerber-Kristina_Mladenovic,Kristina Mladenovic,NetPointsRallies,27,22,14,8,2,2,1,183
20190826-W-US_Open-R128-Angelique_Kerber-Kristina_Mladenovic,Kristina Mladenovic,ApproachRallies,18,14,7,7,1,2,1,135
20190123-W-Australian_Open-QF-Serena_Williams-Karolina_Pliskova,Serena Williams,NetPoints,21,17,11,5,2,1,1,125
20190123-W-Australian_Open-QF-Serena_Williams-Karolina_Pliskova,Serena Williams,Approach,18,15,10,4,1,1,1,105
20190123-W-Australian_Open-QF-Serena_Williams-Karolina_Pliskova,Serena Williams,NetPointsRallies,21,17,11,5,2,1,1,125
20190123-W-Australian_Open-QF-Serena_Williams-Karolina_Pliskova,Serena Williams,ApproachRallies,18,15,10,4,1,1,1,105
20190123-W-Australian_Open-QF-Serena_Williams-Karolina_Pliskova,Karolina Pliskova,NetPoints,6,5,1,2,0,1,0,46
20190123-W-Australian_Open-QF-Serena_Williams-Karolina_Pliskova,Karolina Pliskova,Approach,5,4,1,1,0,1,0,40
20190123-W-Australian_Open-QF-Serena_Williams-Karolina_Pliskova,Karolina Pliskova,NetPointsRallies,6,5,1,2,0,1,0,46
20190123-W-Australian_Open-QF-Serena_Williams-Karolina_Pliskova,Karolina Pliskova,ApproachRallies,5,4,1,1,0,1,0,40
20190122-W-Australian_Open-QF-Petra_Kvitova-Ashleigh_Barty,Petra Kvitova,NetPoints,14,11,7,3,0,3,0,69
20190122-W-Australian_Open-QF-Petra_Kvitova-Ashleigh_Barty,Petra Kvitova,Approach,7,5,2,3,0,2,0,37
20190122-W-Australian_Open-QF-Petra_Kvitova-Ashleigh_Barty,Petra Kvitova,NetPointsRallies,14,11,7,3,0,3,0,69
20190122-W-Australian_Open-QF-Petra_Kvitova-Ashleigh_Barty,Petra Kvitova,ApproachRallies,7,5,2,3,0,2,0,37
20190122-W-Australian_Open-QF-Petra_Kvitova-Ashleigh_Barty,Ashleigh Barty,NetPoints,7,3,2,0,2,1,1,34
20190122-W-Australian_Open-QF-Petra_Kvitova-Ashleigh_Barty,Ashleigh Barty,Approach,7,3,2,0,2,1,1,34
20190122-W-Australian_Open-QF-Petra_Kvitova-Ashleigh_Barty,Ashleigh Barty,NetPointsRallies,7,3,2,0,2,1,1,34
20190122-W-Australian_Open-QF-Petra_Kvitova-Ashleigh_Barty,Ashleigh Barty,ApproachRallies,7,3,2,0,2,1,1,34
20190120-W-Australian_Open-R16-Danielle_Collins-Angelique_Kerber,Danielle Collins,NetPoints,13,10,8,1,0,2,0,79
20190120-W-Australian_Open-R16-Danielle_Collins-Angelique_Kerber,Danielle Collins,Approach,12,10,8,1,0,2,0,75
20190120-W-Australian_Open-R16-Danielle_Collins-Angelique_Kerber,Danielle Collins,NetPointsRallies,13,10,8,1,0,2,0,79
20190120-W-Australian_Open-R16-Danielle_Collins-Angelique_Kerber,Danielle Collins,ApproachRallies,12,10,8,1,0,2,0,75
20190120-W-Australian_Open-R16-Danielle_Collins-Angelique_Kerber,Angelique Kerber,NetPoints,3,1,1,0,0,2,0,15
20190120-W-Australian_Open-R16-Danielle_Collins-Angelique_Kerber,Angelique Kerber,Approach,1,0,0,0,0,1,0,6
20190120-W-Australian_Open-R16-Danielle_Collins-Angelique_Kerber,Angelique Kerber,NetPointsRallies,3,1,1,0,0,2,0,15
20190120-W-Australian_Open-R16-Danielle_Collins-Angelique_Kerber,Angelique Kerber,ApproachRallies,1,0,0,0,0,1,0,6
20190120-W-Australian_Open-R16-Ashleigh_Barty-Maria_Sharapova,Ashleigh Barty,NetPoints,21,14,12,2,3,2,0,168
20190120-W-Australian_Open-R16-Ashleigh_Barty-Maria_Sharapova,Ashleigh Barty,Approach,17,12,10,2,3,2,0,120
20190120-W-Australian_Open-R16-Ashleigh_Barty-Maria_Sharapova,Ashleigh Barty,NetPointsRallies,21,14,12,2,3,2,0,168
20190120-W-Australian_Open-R16-Ashleigh_Barty-Maria_Sharapova,Ashleigh Barty,ApproachRallies,17,12,10,2,3,2,0,120
20190120-W-Australian_Open-R16-Ashleigh_Barty-Maria_Sharapova,Maria Sharapova,NetPoints,4,3,1,1,0,1,0,37
20190120-W-Australian_Open-R16-Ashleigh_Barty-Maria_Sharapova,Maria Sharapova,Approach,1,1,1,0,0,0,0,13
20190120-W-Australian_Open-R16-Ashleigh_Barty-Maria_Sharapova,Maria Sharapova,NetPointsRallies,4,3,1,1,0,1,0,37
20190120-W-Australian_Open-R16-Ashleigh_Barty-Maria_Sharapova,Maria Sharapova,ApproachRallies,1,1,1,0,0,0,0,13
20190119-W-Australian_Open-R32-Dayana_Yastremska-Serena_Williams,Dayana Yastremska,NetPoints,2,1,1,0,0,1,0,9
20190119-W-Australian_Open-R32-Dayana_Yastremska-Serena_Williams,Dayana Yastremska,Approach,2,1,1,0,0,1,0,9
20190119-W-Australian_Open-R32-Dayana_Yastremska-Serena_Williams,Dayana Yastremska,NetPointsRallies,2,1,1,0,0,1,0,9
20190119-W-Australian_Open-R32-Dayana_Yastremska-Serena_Williams,Dayana Yastremska,ApproachRallies,2,1,1,0,0,1,0,9
20190119-W-Australian_Open-R32-Dayana_Yastremska-Serena_Williams,Serena Williams,NetPoints,10,8,4,2,1,1,0,66
20190119-W-Australian_Open-R32-Dayana_Yastremska-Serena_Williams,Serena Williams,Approach,9,7,3,2,1,1,0,62
20190119-W-Australian_Open-R32-Dayana_Yastremska-Serena_Williams,Serena Williams,NetPointsRallies,10,8,4,2,1,1,0,66
20190119-W-Australian_Open-R32-Dayana_Yastremska-Serena_Williams,Serena Williams,ApproachRallies,9,7,3,2,1,1,0,62
20190118-W-Australian_Open-R32-Aryna_Sabalenka-Amanda_Anisimova,Aryna Sabalenka,NetPoints,8,5,4,1,1,2,0,46
20190118-W-Australian_Open-R32-Aryna_Sabalenka-Amanda_Anisimova,Aryna Sabalenka,Approach,7,5,4,1,0,2,0,44
20190118-W-Australian_Open-R32-Aryna_Sabalenka-Amanda_Anisimova,Aryna Sabalenka,NetPointsRallies,8,5,4,1,1,2,0,46
20190118-W-Australian_Open-R32-Aryna_Sabalenka-Amanda_Anisimova,Aryna Sabalenka,ApproachRallies,7,5,4,1,0,2,0,44
20190118-W-Australian_Open-R32-Aryna_Sabalenka-Amanda_Anisimova,Amanda Anisimova,NetPoints,2,2,1,1,0,0,0,13
20190118-W-Australian_Open-R32-Aryna_Sabalenka-Amanda_Anisimova,Amanda Anisimova,Approach,1,1,0,1,0,0,0,6
20190118-W-Australian_Open-R32-Aryna_Sabalenka-Amanda_Anisimova,Amanda Anisimova,NetPointsRallies,2,2,1,1,0,0,0,13
20190118-W-Australian_Open-R32-Aryna_Sabalenka-Amanda_Anisimova,Amanda Anisimova,ApproachRallies,1,1,0,1,0,0,0,6
20190117-W-Australian_Open-R64-Madison_Keys-Anastasia_Potapova,Madison Keys,NetPoints,7,4,3,1,2,1,0,38
20190117-W-Australian_Open-R64-Madison_Keys-Anastasia_Potapova,Madison Keys,Approach,7,4,3,1,2,1,0,38
20190117-W-Australian_Open-R64-Madison_Keys-Anastasia_Potapova,Madison Keys,NetPointsRallies,7,4,3,1,2,1,0,38
20190117-W-Australian_Open-R64-Madison_Keys-Anastasia_Potapova,Madison Keys,ApproachRallies,7,4,3,1,2,1,0,38
20190117-W-Australian_Open-R64-Madison_Keys-Anastasia_Potapova,Anastasia Potapova,NetPoints,7,5,4,1,0,2,0,54
20190117-W-Australian_Open-R64-Madison_Keys-Anastasia_Potapova,Anastasia Potapova,Approach,2,2,2,0,0,0,0,14
20190117-W-Australian_Open-R64-Madison_Keys-Anastasia_Potapova,Anastasia Potapova,NetPointsRallies,7,5,4,1,0,2,0,54
20190117-W-Australian_Open-R64-Madison_Keys-Anastasia_Potapova,Anastasia Potapova,ApproachRallies,2,2,2,0,0,0,0,14
20190117-W-Australian_Open-R64-Johanna_Konta-Garbine_Muguruza,Johanna Konta,NetPoints,18,13,12,1,0,3,2,115
20190117-W-Australian_Open-R64-Johanna_Konta-Garbine_Muguruza,Johanna Konta,Approach,11,6,6,0,0,3,2,62
20190117-W-Australian_Open-R64-Johanna_Konta-Garbine_Muguruza,Johanna Konta,NetPointsRallies,18,13,12,1,0,3,2,115
20190117-W-Australian_Open-R64-Johanna_Konta-Garbine_Muguruza,Johanna Konta,ApproachRallies,11,6,6,0,0,3,2,62
20190117-W-Australian_Open-R64-Johanna_Konta-Garbine_Muguruza,Garbine Muguruza,NetPoints,16,14,11,3,1,1,0,87
20190117-W-Australian_Open-R64-Johanna_Konta-Garbine_Muguruza,Garbine Muguruza,Approach,4,4,3,1,0,0,0,26
20190117-W-Australian_Open-R64-Johanna_Konta-Garbine_Muguruza,Garbine Muguruza,NetPointsRallies,16,14,11,3,1,1,0,87
20190117-W-Australian_Open-R64-Johanna_Konta-Garbine_Muguruza,Garbine Muguruza,ApproachRallies,4,4,3,1,0,0,0,26
20190117-W-Australian_Open-R64-Camila_Giorgi-Iga_Swiatek,Camila Giorgi,NetPoints,10,7,3,4,2,1,0,61
20190117-W-Australian_Open-R64-Camila_Giorgi-Iga_Swiatek,Camila Giorgi,Approach,7,6,2,4,1,0,0,42
20190117-W-Australian_Open-R64-Camila_Giorgi-Iga_Swiatek,Camila Giorgi,NetPointsRallies,10,7,3,4,2,1,0,61
20190117-W-Australian_Open-R64-Camila_Giorgi-Iga_Swiatek,Camila Giorgi,ApproachRallies,7,6,2,4,1,0,0,42
20190117-W-Australian_Open-R64-Camila_Giorgi-Iga_Swiatek,Iga Swiatek,NetPoints,8,4,3,0,4,0,0,33
20190117-W-Australian_Open-R64-Camila_Giorgi-Iga_Swiatek,Iga Swiatek,Approach,6,2,1,0,4,0,0,22
20190117-W-Australian_Open-R64-Camila_Giorgi-Iga_Swiatek,Iga Swiatek,NetPointsRallies,7,3,3,0,4,0,0,32
20190117-W-Australian_Open-R64-Camila_Giorgi-Iga_Swiatek,Iga Swiatek,ApproachRallies,5,1,1,0,4,0,0,21
20190116-W-Australian_Open-R64-Marketa_Vondrousova-Petra_Martic,Marketa Vondrousova,NetPoints,16,9,6,2,3,4,0,105
20190116-W-Australian_Open-R64-Marketa_Vondrousova-Petra_Martic,Marketa Vondrousova,Approach,11,7,5,1,3,1,0,62
20190116-W-Australian_Open-R64-Marketa_Vondrousova-Petra_Martic,Marketa Vondrousova,NetPointsRallies,16,9,6,2,3,4,0,105
20190116-W-Australian_Open-R64-Marketa_Vondrousova-Petra_Martic,Marketa Vondrousova,ApproachRallies,11,7,5,1,3,1,0,62
20190116-W-Australian_Open-R64-Marketa_Vondrousova-Petra_Martic,Petra Martic,NetPoints,16,11,9,2,2,3,0,111
20190116-W-Australian_Open-R64-Marketa_Vondrousova-Petra_Martic,Petra Martic,Approach,11,8,7,1,2,1,0,75
20190116-W-Australian_Open-R64-Marketa_Vondrousova-Petra_Martic,Petra Martic,NetPointsRallies,16,11,9,2,2,3,0,111
20190116-W-Australian_Open-R64-Marketa_Vondrousova-Petra_Martic,Petra Martic,ApproachRallies,11,8,7,1,2,1,0,75
20190116-W-Australian_Open-R64-Caroline_Wozniacki-Johanna_Larsson,Caroline Wozniacki,NetPoints,8,6,3,2,0,0,2,59
20190116-W-Australian_Open-R64-Caroline_Wozniacki-Johanna_Larsson,Caroline Wozniacki,Approach,4,4,1,2,0,0,0,24
20190116-W-Australian_Open-R64-Caroline_Wozniacki-Johanna_Larsson,Caroline Wozniacki,NetPointsRallies,8,6,3,2,0,0,2,59
20190116-W-Australian_Open-R64-Caroline_Wozniacki-Johanna_Larsson,Caroline Wozniacki,ApproachRallies,4,4,1,2,0,0,0,24
20190116-W-Australian_Open-R64-Caroline_Wozniacki-Johanna_Larsson,Johanna Larsson,NetPoints,12,10,7,3,0,1,1,80
20190116-W-Australian_Open-R64-Caroline_Wozniacki-Johanna_Larsson,Johanna Larsson,Approach,11,9,7,2,0,1,1,74
20190116-W-Australian_Open-R64-Caroline_Wozniacki-Johanna_Larsson,Johanna Larsson,NetPointsRallies,10,8,5,3,0,1,1,70
20190116-W-Australian_Open-R64-Caroline_Wozniacki-Johanna_Larsson,Johanna Larsson,ApproachRallies,9,7,5,2,0,1,1,64
20190115-W-Australian_Open-R128-Whitney_Osuigwe-Bianca_Andreescu,Whitney Osuigwe,NetPoints,9,6,3,1,3,0,0,66
20190115-W-Australian_Open-R128-Whitney_Osuigwe-Bianca_Andreescu,Whitney Osuigwe,Approach,5,3,2,1,2,0,0,40
20190115-W-Australian_Open-R128-Whitney_Osuigwe-Bianca_Andreescu,Whitney Osuigwe,NetPointsRallies,9,6,3,1,3,0,0,66
20190115-W-Australian_Open-R128-Whitney_Osuigwe-Bianca_Andreescu,Whitney Osuigwe,ApproachRallies,5,3,2,1,2,0,0,40
20190115-W-Australian_Open-R128-Whitney_Osuigwe-Bianca_Andreescu,Bianca Andreescu,NetPoints,24,16,10,5,8,0,0,140
20190115-W-Australian_Open-R128-Whitney_Osuigwe-Bianca_Andreescu,Bianca Andreescu,Approach,21,15,9,5,6,0,0,127
20190115-W-Australian_Open-R128-Whitney_Osuigwe-Bianca_Andreescu,Bianca Andreescu,NetPointsRallies,24,16,10,5,8,0,0,140
20190115-W-Australian_Open-R128-Whitney_Osuigwe-Bianca_Andreescu,Bianca Andreescu,ApproachRallies,21,15,9,5,6,0,0,127
20190115-W-Australian_Open-R128-Viktoria_Hruncakova-Kateryna_Baindl,Viktoria Hruncakova,NetPoints,13,10,8,2,2,1,0,86
20190115-W-Australian_Open-R128-Viktoria_Hruncakova-Kateryna_Baindl,Viktoria Hruncakova,Approach,1,1,1,0,0,0,0,5
20190115-W-Australian_Open-R128-Viktoria_Hruncakova-Kateryna_Baindl,Viktoria Hruncakova,NetPointsRallies,13,10,8,2,2,1,0,86
20190115-W-Australian_Open-R128-Viktoria_Hruncakova-Kateryna_Baindl,Viktoria Hruncakova,ApproachRallies,1,1,1,0,0,0,0,5
20190115-W-Australian_Open-R128-Viktoria_Hruncakova-Kateryna_Baindl,Kateryna Baindl,NetPoints,10,5,3,2,2,2,1,58
20190115-W-Australian_Open-R128-Viktoria_Hruncakova-Kateryna_Baindl,Kateryna Baindl,Approach,7,3,1,2,2,1,1,39
20190115-W-Australian_Open-R128-Viktoria_Hruncakova-Kateryna_Baindl,Kateryna Baindl,NetPointsRallies,10,5,3,2,2,2,1,58
20190115-W-Australian_Open-R128-Viktoria_Hruncakova-Kateryna_Baindl,Kateryna Baindl,ApproachRallies,7,3,1,2,2,1,1,39
20190115-W-Australian_Open-R128-Veronika_Kudermetova-Sofia_Kenin,Veronika Kudermetova,NetPoints,19,10,9,1,4,5,0,113
20190115-W-Australian_Open-R128-Veronika_Kudermetova-Sofia_Kenin,Veronika Kudermetova,Approach,13,7,6,1,4,2,0,77
20190115-W-Australian_Open-R128-Veronika_Kudermetova-Sofia_Kenin,Veronika Kudermetova,NetPointsRallies,19,10,9,1,4,5,0,113
20190115-W-Australian_Open-R128-Veronika_Kudermetova-Sofia_Kenin,Veronika Kudermetova,ApproachRallies,13,7,6,1,4,2,0,77
20190115-W-Australian_Open-R128-Veronika_Kudermetova-Sofia_Kenin,Sofia Kenin,NetPoints,8,6,5,0,0,2,0,51
20190115-W-Australian_Open-R128-Veronika_Kudermetova-Sofia_Kenin,Sofia Kenin,Approach,3,1,0,0,0,2,0,21
20190115-W-Australian_Open-R128-Veronika_Kudermetova-Sofia_Kenin,Sofia Kenin,NetPointsRallies,8,6,5,0,0,2,0,51
20190115-W-Australian_Open-R128-Veronika_Kudermetova-Sofia_Kenin,Sofia Kenin,ApproachRallies,3,1,0,0,0,2,0,21
20190115-W-Australian_Open-R128-Samantha_Stosur-Dayana_Yastremska,Samantha Stosur,NetPoints,7,4,2,2,0,2,0,28
20190115-W-Australian_Open-R128-Samantha_Stosur-Dayana_Yastremska,Samantha Stosur,Approach,5,2,1,1,0,2,0,22
20190115-W-Australian_Open-R128-Samantha_Stosur-Dayana_Yastremska,Samantha Stosur,NetPointsRallies,6,4,2,2,0,2,0,26
20190115-W-Australian_Open-R128-Samantha_Stosur-Dayana_Yastremska,Samantha Stosur,ApproachRallies,4,2,1,1,0,2,0,20
20190115-W-Australian_Open-R128-Samantha_Stosur-Dayana_Yastremska,Dayana Yastremska,NetPoints,6,4,3,1,2,0,0,20
20190115-W-Australian_Open-R128-Samantha_Stosur-Dayana_Yastremska,Dayana Yastremska,Approach,1,0,0,0,1,0,0,2
20190115-W-Australian_Open-R128-Samantha_Stosur-Dayana_Yastremska,Dayana Yastremska,NetPointsRallies,6,4,3,1,2,0,0,20
20190115-W-Australian_Open-R128-Samantha_Stosur-Dayana_Yastremska,Dayana Yastremska,ApproachRallies,1,0,0,0,1,0,0,2
20190114-W-Australian_Open-R128-Shuai_Peng-Eugenie_Bouchard,Shuai Peng,NetPoints,3,1,1,0,2,0,0,16
20190114-W-Australian_Open-R128-Shuai_Peng-Eugenie_Bouchard,Shuai Peng,NetPointsRallies,3,1,1,0,2,0,0,16
20190114-W-Australian_Open-R128-Shuai_Peng-Eugenie_Bouchard,Eugenie Bouchard,NetPoints,4,2,1,1,2,0,0,30
20190114-W-Australian_Open-R128-Shuai_Peng-Eugenie_Bouchard,Eugenie Bouchard,NetPointsRallies,4,2,1,1,2,0,0,30
20190114-W-Australian_Open-R128-Maria_Sharapova-Harriet_Dart,Maria Sharapova,NetPoints,10,9,6,0,0,0,1,69
20190114-W-Australian_Open-R128-Maria_Sharapova-Harriet_Dart,Maria Sharapova,Approach,1,1,0,0,0,0,0,5
20190114-W-Australian_Open-R128-Maria_Sharapova-Harriet_Dart,Maria Sharapova,NetPointsRallies,10,9,6,0,0,0,1,69
20190114-W-Australian_Open-R128-Maria_Sharapova-Harriet_Dart,Maria Sharapova,ApproachRallies,1,1,0,0,0,0,0,5
20190114-W-Australian_Open-R128-Maria_Sharapova-Harriet_Dart,Harriet Dart,NetPoints,7,2,1,1,1,2,1,45
20190114-W-Australian_Open-R128-Maria_Sharapova-Harriet_Dart,Harriet Dart,Approach,3,0,0,0,1,0,1,16
20190114-W-Australian_Open-R128-Maria_Sharapova-Harriet_Dart,Harriet Dart,NetPointsRallies,7,2,1,1,1,2,1,45
20190114-W-Australian_Open-R128-Maria_Sharapova-Harriet_Dart,Harriet Dart,ApproachRallies,3,0,0,0,1,0,1,16
20190114-W-Australian_Open-R128-Kiki_Bertens-Alison_Riske_Amritraj,Kiki Bertens,NetPoints,6,6,4,2,0,0,0,40
20190114-W-Australian_Open-R128-Kiki_Bertens-Alison_Riske_Amritraj,Kiki Bertens,Approach,3,3,2,1,0,0,0,16
20190114-W-Australian_Open-R128-Kiki_Bertens-Alison_Riske_Amritraj,Kiki Bertens,NetPointsRallies,6,6,4,2,0,0,0,40
20190114-W-Australian_Open-R128-Kiki_Bertens-Alison_Riske_Amritraj,Kiki Bertens,ApproachRallies,3,3,2,1,0,0,0,16
20190114-W-Australian_Open-R128-Kiki_Bertens-Alison_Riske_Amritraj,Alison Riske Amritraj,NetPoints,12,7,4,3,2,1,2,70
20190114-W-Australian_Open-R128-Kiki_Bertens-Alison_Riske_Amritraj,Alison Riske Amritraj,Approach,11,6,3,3,2,1,2,67
20190114-W-Australian_Open-R128-Kiki_Bertens-Alison_Riske_Amritraj,Alison Riske Amritraj,NetPointsRallies,12,7,4,3,2,1,2,70
20190114-W-Australian_Open-R128-Kiki_Bertens-Alison_Riske_Amritraj,Alison Riske Amritraj,ApproachRallies,11,6,3,3,2,1,2,67
20190114-W-Australian_Open-R128-Caroline_Wozniacki-Alison_Van_Uytvanck,Caroline Wozniacki,NetPoints,12,10,7,3,0,1,1,97
20190114-W-Australian_Open-R128-Caroline_Wozniacki-Alison_Van_Uytvanck,Caroline Wozniacki,Approach,6,5,3,2,0,1,0,53
20190114-W-Australian_Open-R128-Caroline_Wozniacki-Alison_Van_Uytvanck,Caroline Wozniacki,NetPointsRallies,12,10,7,3,0,1,1,97
20190114-W-Australian_Open-R128-Caroline_Wozniacki-Alison_Van_Uytvanck,Caroline Wozniacki,ApproachRallies,6,5,3,2,0,1,0,53
20190114-W-Australian_Open-R128-Caroline_Wozniacki-Alison_Van_Uytvanck,Alison Van Uytvanck,NetPoints,17,11,5,5,1,5,0,145
20190114-W-Australian_Open-R128-Caroline_Wozniacki-Alison_Van_Uytvanck,Alison Van Uytvanck,Approach,15,11,5,5,0,4,0,138
20190114-W-Australian_Open-R128-Caroline_Wozniacki-Alison_Van_Uytvanck,Alison Van Uytvanck,NetPointsRallies,17,11,5,5,1,5,0,145
20190114-W-Australian_Open-R128-Caroline_Wozniacki-Alison_Van_Uytvanck,Alison Van Uytvanck,ApproachRallies,15,11,5,5,0,4,0,138
20190114-W-Australian_Open-R128-Beatriz_Haddad_Maia-Bernarda_Pera,Beatriz Haddad Maia,NetPoints,12,10,6,4,1,1,0,70
20190114-W-Australian_Open-R128-Beatriz_Haddad_Maia-Bernarda_Pera,Beatriz Haddad Maia,Approach,9,7,4,3,1,1,0,58
20190114-W-Australian_Open-R128-Beatriz_Haddad_Maia-Bernarda_Pera,Beatriz Haddad Maia,NetPointsRallies,12,10,6,4,1,1,0,70
20190114-W-Australian_Open-R128-Beatriz_Haddad_Maia-Bernarda_Pera,Beatriz Haddad Maia,ApproachRallies,9,7,4,3,1,1,0,58
20190114-W-Australian_Open-R128-Beatriz_Haddad_Maia-Bernarda_Pera,Bernarda Pera,NetPoints,10,8,4,3,0,0,1,65
20190114-W-Australian_Open-R128-Beatriz_Haddad_Maia-Bernarda_Pera,Bernarda Pera,Approach,7,6,3,2,0,0,0,48
20190114-W-Australian_Open-R128-Beatriz_Haddad_Maia-Bernarda_Pera,Bernarda Pera,NetPointsRallies,10,8,4,3,0,0,1,65
20190114-W-Australian_Open-R128-Beatriz_Haddad_Maia-Bernarda_Pera,Bernarda Pera,ApproachRallies,7,6,3,2,0,0,0,48
20190114-W-Australian_Open-R128-Astra_Sharma-Priscilla_Hon,Astra Sharma,NetPoints,20,17,8,8,0,2,0,109
20190114-W-Australian_Open-R128-Astra_Sharma-Priscilla_Hon,Astra Sharma,Approach,13,11,5,5,0,1,0,67
20190114-W-Australian_Open-R128-Astra_Sharma-Priscilla_Hon,Astra Sharma,NetPointsRallies,14,12,6,6,0,2,0,90
20190114-W-Australian_Open-R128-Astra_Sharma-Priscilla_Hon,Astra Sharma,ApproachRallies,7,6,3,3,0,1,0,48
20190114-W-Australian_Open-R128-Astra_Sharma-Priscilla_Hon,Priscilla Hon,NetPoints,16,12,5,6,2,1,0,81
20190114-W-Australian_Open-R128-Astra_Sharma-Priscilla_Hon,Priscilla Hon,Approach,13,10,3,6,2,0,0,66
20190114-W-Australian_Open-R128-Astra_Sharma-Priscilla_Hon,Priscilla Hon,NetPointsRallies,16,12,5,6,2,1,0,81
20190114-W-Australian_Open-R128-Astra_Sharma-Priscilla_Hon,Priscilla Hon,ApproachRallies,13,10,3,6,2,0,0,66
20190111-W-Australian_Open-Q3-Tereza_Smitkova-Bianca_Andreescu,Tereza Smitkova,NetPoints,3,2,0,2,1,0,0,8
20190111-W-Australian_Open-Q3-Tereza_Smitkova-Bianca_Andreescu,Tereza Smitkova,Approach,3,2,0,2,1,0,0,8
20190111-W-Australian_Open-Q3-Tereza_Smitkova-Bianca_Andreescu,Tereza Smitkova,NetPointsRallies,3,2,0,2,1,0,0,8
20190111-W-Australian_Open-Q3-Tereza_Smitkova-Bianca_Andreescu,Tereza Smitkova,ApproachRallies,3,2,0,2,1,0,0,8
20190111-W-Australian_Open-Q3-Tereza_Smitkova-Bianca_Andreescu,Bianca Andreescu,NetPoints,2,0,0,0,2,0,0,7
20190111-W-Australian_Open-Q3-Tereza_Smitkova-Bianca_Andreescu,Bianca Andreescu,Approach,1,0,0,0,1,0,0,4
20190111-W-Australian_Open-Q3-Tereza_Smitkova-Bianca_Andreescu,Bianca Andreescu,NetPointsRallies,2,0,0,0,2,0,0,7
20190111-W-Australian_Open-Q3-Tereza_Smitkova-Bianca_Andreescu,Bianca Andreescu,ApproachRallies,1,0,0,0,1,0,0,4
20190110-W-Australian_Open-Q2-Valentini_Grammatikopoulou-Bianca_Andreescu,Valentini Grammatikopoulou,NetPoints,16,10,6,4,1,3,2,100
20190110-W-Australian_Open-Q2-Valentini_Grammatikopoulou-Bianca_Andreescu,Valentini Grammatikopoulou,Approach,11,8,4,4,1,1,1,71
20190110-W-Australian_Open-Q2-Valentini_Grammatikopoulou-Bianca_Andreescu,Valentini Grammatikopoulou,NetPointsRallies,16,10,6,4,1,3,2,100
20190110-W-Australian_Open-Q2-Valentini_Grammatikopoulou-Bianca_Andreescu,Valentini Grammatikopoulou,ApproachRallies,11,8,4,4,1,1,1,71
20190110-W-Australian_Open-Q2-Valentini_Grammatikopoulou-Bianca_Andreescu,Bianca Andreescu,NetPoints,9,8,7,1,1,0,0,63
20190110-W-Australian_Open-Q2-Valentini_Grammatikopoulou-Bianca_Andreescu,Bianca Andreescu,Approach,8,7,6,1,1,0,0,55
20190110-W-Australian_Open-Q2-Valentini_Grammatikopoulou-Bianca_Andreescu,Bianca Andreescu,NetPointsRallies,9,8,7,1,1,0,0,63
20190110-W-Australian_Open-Q2-Valentini_Grammatikopoulou-Bianca_Andreescu,Bianca Andreescu,ApproachRallies,8,7,6,1,1,0,0,55
20190108-W-Australian_Open-Q1-Isabelle_Wallace-Sabine_Lisicki,Isabelle Wallace,NetPoints,7,5,4,1,1,1,0,51
20190108-W-Australian_Open-Q1-Isabelle_Wallace-Sabine_Lisicki,Isabelle Wallace,Approach,2,1,1,0,1,0,0,9
20190108-W-Australian_Open-Q1-Isabelle_Wallace-Sabine_Lisicki,Isabelle Wallace,NetPointsRallies,7,5,4,1,1,1,0,51
20190108-W-Australian_Open-Q1-Isabelle_Wallace-Sabine_Lisicki,Isabelle Wallace,ApproachRallies,2,1,1,0,1,0,0,9
20190108-W-Australian_Open-Q1-Isabelle_Wallace-Sabine_Lisicki,Sabine Lisicki,NetPoints,22,14,10,2,4,2,2,80
20190108-W-Australian_Open-Q1-Isabelle_Wallace-Sabine_Lisicki,Sabine Lisicki,Approach,15,8,4,2,4,2,1,51
20190108-W-Australian_Open-Q1-Isabelle_Wallace-Sabine_Lisicki,Sabine Lisicki,NetPointsRallies,18,12,10,2,2,2,2,74
20190108-W-Australian_Open-Q1-Isabelle_Wallace-Sabine_Lisicki,Sabine Lisicki,ApproachRallies,11,6,4,2,2,2,1,45
20190108-W-Australian_Open-Q1-Iga_Swiatek-Olga_Danilovic,Iga Swiatek,NetPoints,14,11,6,4,2,1,0,59
20190108-W-Australian_Open-Q1-Iga_Swiatek-Olga_Danilovic,Iga Swiatek,Approach,10,9,5,3,0,1,0,37
20190108-W-Australian_Open-Q1-Iga_Swiatek-Olga_Danilovic,Iga Swiatek,NetPointsRallies,13,10,6,4,2,1,0,58
20190108-W-Australian_Open-Q1-Iga_Swiatek-Olga_Danilovic,Iga Swiatek,ApproachRallies,9,8,5,3,0,1,0,36
20190108-W-Australian_Open-Q1-Iga_Swiatek-Olga_Danilovic,Olga Danilovic,NetPoints,14,7,3,2,5,2,0,65
20190108-W-Australian_Open-Q1-Iga_Swiatek-Olga_Danilovic,Olga Danilovic,Approach,9,4,2,1,5,0,0,35
20190108-W-Australian_Open-Q1-Iga_Swiatek-Olga_Danilovic,Olga Danilovic,NetPointsRallies,14,7,3,2,5,2,0,65
20190108-W-Australian_Open-Q1-Iga_Swiatek-Olga_Danilovic,Olga Danilovic,ApproachRallies,9,4,2,1,5,0,0,35
20180908-W-US_Open-F-Serena_Williams-Naomi_Osaka,Serena Williams,NetPoints,8,6,4,2,0,2,0,38
20180908-W-US_Open-F-Serena_Williams-Naomi_Osaka,Serena Williams,Approach,7,5,3,2,0,2,0,35
20180908-W-US_Open-F-Serena_Williams-Naomi_Osaka,Serena Williams,NetPointsRallies,8,6,4,2,0,2,0,38
20180908-W-US_Open-F-Serena_Williams-Naomi_Osaka,Serena Williams,ApproachRallies,7,5,3,2,0,2,0,35
20180908-W-US_Open-F-Serena_Williams-Naomi_Osaka,Naomi Osaka,NetPoints,1,0,0,0,0,1,0,6
20180908-W-US_Open-F-Serena_Williams-Naomi_Osaka,Naomi Osaka,Approach,1,0,0,0,0,1,0,6
20180908-W-US_Open-F-Serena_Williams-Naomi_Osaka,Naomi Osaka,NetPointsRallies,1,0,0,0,0,1,0,6
20180908-W-US_Open-F-Serena_Williams-Naomi_Osaka,Naomi Osaka,ApproachRallies,1,0,0,0,0,1,0,6
20180904-W-US_Open-QF-Serena_Williams-Karolina_Pliskova,Serena Williams,NetPoints,14,9,7,0,3,2,0,96
20180904-W-US_Open-QF-Serena_Williams-Karolina_Pliskova,Serena Williams,Approach,10,6,5,0,3,1,0,63
20180904-W-US_Open-QF-Serena_Williams-Karolina_Pliskova,Serena Williams,NetPointsRallies,14,9,7,0,3,2,0,96
20180904-W-US_Open-QF-Serena_Williams-Karolina_Pliskova,Serena Williams,ApproachRallies,10,6,5,0,3,1,0,63
20180904-W-US_Open-QF-Serena_Williams-Karolina_Pliskova,Karolina Pliskova,NetPoints,7,5,4,1,1,1,0,42
20180904-W-US_Open-QF-Serena_Williams-Karolina_Pliskova,Karolina Pliskova,Approach,4,2,2,0,1,1,0,27
20180904-W-US_Open-QF-Serena_Williams-Karolina_Pliskova,Karolina Pliskova,NetPointsRallies,7,5,4,1,1,1,0,42
20180904-W-US_Open-QF-Serena_Williams-Karolina_Pliskova,Karolina Pliskova,ApproachRallies,4,2,2,0,1,1,0,27
20180903-W-US_Open-R16-Madison_Keys-Dominika_Cibulkova,Madison Keys,NetPoints,6,4,2,2,0,1,0,39
20180903-W-US_Open-R16-Madison_Keys-Dominika_Cibulkova,Madison Keys,Approach,1,0,0,0,0,1,0,7
20180903-W-US_Open-R16-Madison_Keys-Dominika_Cibulkova,Madison Keys,NetPointsRallies,6,4,2,2,0,1,0,39
20180903-W-US_Open-R16-Madison_Keys-Dominika_Cibulkova,Madison Keys,ApproachRallies,1,0,0,0,0,1,0,7
20180903-W-US_Open-R16-Madison_Keys-Dominika_Cibulkova,Dominika Cibulkova,NetPoints,4,2,1,0,2,0,0,29
20180903-W-US_Open-R16-Madison_Keys-Dominika_Cibulkova,Dominika Cibulkova,Approach,1,1,0,0,0,0,0,15
20180903-W-US_Open-R16-Madison_Keys-Dominika_Cibulkova,Dominika Cibulkova,NetPointsRallies,4,2,1,0,2,0,0,29
20180903-W-US_Open-R16-Madison_Keys-Dominika_Cibulkova,Dominika Cibulkova,ApproachRallies,1,1,0,0,0,0,0,15
20180902-W-US_Open-R16-Ashleigh_Barty-Karolina_Pliskova,Ashleigh Barty,NetPoints,6,3,2,1,1,2,0,48
20180902-W-US_Open-R16-Ashleigh_Barty-Karolina_Pliskova,Ashleigh Barty,Approach,2,2,1,1,0,0,0,17
20180902-W-US_Open-R16-Ashleigh_Barty-Karolina_Pliskova,Ashleigh Barty,NetPointsRallies,6,3,2,1,1,2,0,48
20180902-W-US_Open-R16-Ashleigh_Barty-Karolina_Pliskova,Ashleigh Barty,ApproachRallies,2,2,1,1,0,0,0,17
20180902-W-US_Open-R16-Ashleigh_Barty-Karolina_Pliskova,Karolina Pliskova,NetPoints,19,13,9,2,2,4,0,145
20180902-W-US_Open-R16-Ashleigh_Barty-Karolina_Pliskova,Karolina Pliskova,Approach,13,9,6,1,1,3,0,104
20180902-W-US_Open-R16-Ashleigh_Barty-Karolina_Pliskova,Karolina Pliskova,NetPointsRallies,19,13,9,2,2,4,0,145
20180902-W-US_Open-R16-Ashleigh_Barty-Karolina_Pliskova,Karolina Pliskova,ApproachRallies,13,9,6,1,1,3,0,104
20180830-W-US_Open-R64-Maria_Sharapova-Sorana_Cirstea,Maria Sharapova,NetPoints,2,1,1,0,1,0,0,6
20180830-W-US_Open-R64-Maria_Sharapova-Sorana_Cirstea,Maria Sharapova,NetPointsRallies,2,1,1,0,1,0,0,6
20180830-W-US_Open-R64-Maria_Sharapova-Sorana_Cirstea,Sorana Cirstea,NetPoints,6,4,2,1,1,0,1,51
20180830-W-US_Open-R64-Maria_Sharapova-Sorana_Cirstea,Sorana Cirstea,Approach,1,1,0,0,0,0,0,5
20180830-W-US_Open-R64-Maria_Sharapova-Sorana_Cirstea,Sorana Cirstea,NetPointsRallies,6,4,2,1,1,0,1,51
20180830-W-US_Open-R64-Maria_Sharapova-Sorana_Cirstea,Sorana Cirstea,ApproachRallies,1,1,0,0,0,0,0,5
20180828-W-US_Open-R128-Samantha_Stosur-Caroline_Wozniacki,Samantha Stosur,NetPoints,13,7,3,3,0,6,0,93
20180828-W-US_Open-R128-Samantha_Stosur-Caroline_Wozniacki,Samantha Stosur,Approach,8,5,1,3,0,3,0,62
20180828-W-US_Open-R128-Samantha_Stosur-Caroline_Wozniacki,Samantha Stosur,NetPointsRallies,13,7,3,3,0,6,0,93
20180828-W-US_Open-R128-Samantha_Stosur-Caroline_Wozniacki,Samantha Stosur,ApproachRallies,8,5,1,3,0,3,0,62
20180828-W-US_Open-R128-Samantha_Stosur-Caroline_Wozniacki,Caroline Wozniacki,NetPoints,5,3,1,2,1,1,0,32
20180828-W-US_Open-R128-Samantha_Stosur-Caroline_Wozniacki,Caroline Wozniacki,NetPointsRallies,5,3,1,2,1,1,0,32
20180827-W-US_Open-R128-Venus_Williams-Svetlana_Kuznetsova,Venus Williams,NetPoints,44,30,18,10,5,6,3,251
20180827-W-US_Open-R128-Venus_Williams-Svetlana_Kuznetsova,Venus Williams,Approach,38,26,15,9,4,6,2,210
20180827-W-US_Open-R128-Venus_Williams-Svetlana_Kuznetsova,Venus Williams,NetPointsRallies,42,29,17,10,5,5,3,242
20180827-W-US_Open-R128-Venus_Williams-Svetlana_Kuznetsova,Venus Williams,ApproachRallies,36,25,14,9,4,5,2,201
20180827-W-US_Open-R128-Venus_Williams-Svetlana_Kuznetsova,Svetlana Kuznetsova,NetPoints,14,9,7,0,2,3,0,71
20180827-W-US_Open-R128-Venus_Williams-Svetlana_Kuznetsova,Svetlana Kuznetsova,Approach,11,7,6,0,2,2,0,50
20180827-W-US_Open-R128-Venus_Williams-Svetlana_Kuznetsova,Svetlana Kuznetsova,NetPointsRallies,12,7,6,0,2,3,0,67
20180827-W-US_Open-R128-Venus_Williams-Svetlana_Kuznetsova,Svetlana Kuznetsova,ApproachRallies,9,5,5,0,2,2,0,46
20180127-W-Australian_Open-F-Caroline_Wozniacki-Simona_Halep,Caroline Wozniacki,NetPoints,18,14,9,3,1,0,3,166
20180127-W-Australian_Open-F-Caroline_Wozniacki-Simona_Halep,Caroline Wozniacki,Approach,11,7,4,2,1,0,3,80
20180127-W-Australian_Open-F-Caroline_Wozniacki-Simona_Halep,Caroline Wozniacki,NetPointsRallies,18,14,9,3,1,0,3,166
20180127-W-Australian_Open-F-Caroline_Wozniacki-Simona_Halep,Caroline Wozniacki,ApproachRallies,11,7,4,2,1,0,3,80
20180127-W-Australian_Open-F-Caroline_Wozniacki-Simona_Halep,Simona Halep,NetPoints,15,14,9,4,0,0,0,126
20180127-W-Australian_Open-F-Caroline_Wozniacki-Simona_Halep,Simona Halep,Approach,11,10,5,4,0,0,0,95
20180127-W-Australian_Open-F-Caroline_Wozniacki-Simona_Halep,Simona Halep,NetPointsRallies,15,14,9,4,0,0,0,126
20180127-W-Australian_Open-F-Caroline_Wozniacki-Simona_Halep,Simona Halep,ApproachRallies,11,10,5,4,0,0,0,95
20180123-W-Australian_Open-QF-Caroline_Wozniacki-Carla_Suarez_Navarro,Caroline Wozniacki,NetPoints,13,10,9,1,0,2,1,97
20180123-W-Australian_Open-QF-Caroline_Wozniacki-Carla_Suarez_Navarro,Caroline Wozniacki,Approach,6,5,5,0,0,0,1,53
20180123-W-Australian_Open-QF-Caroline_Wozniacki-Carla_Suarez_Navarro,Caroline Wozniacki,NetPointsRallies,13,10,9,1,0,2,1,97
20180123-W-Australian_Open-QF-Caroline_Wozniacki-Carla_Suarez_Navarro,Caroline Wozniacki,ApproachRallies,6,5,5,0,0,0,1,53
20180123-W-Australian_Open-QF-Caroline_Wozniacki-Carla_Suarez_Navarro,Carla Suarez Navarro,NetPoints,16,14,9,5,1,1,0,99
20180123-W-Australian_Open-QF-Caroline_Wozniacki-Carla_Suarez_Navarro,Carla Suarez Navarro,Approach,9,8,3,5,1,0,0,52
20180123-W-Australian_Open-QF-Caroline_Wozniacki-Carla_Suarez_Navarro,Carla Suarez Navarro,NetPointsRallies,16,14,9,5,1,1,0,99
20180123-W-Australian_Open-QF-Caroline_Wozniacki-Carla_Suarez_Navarro,Carla Suarez Navarro,ApproachRallies,9,8,3,5,1,0,0,52
20180122-W-Australian_Open-R16-Su_Wei_Hsieh-Angelique_Kerber,Su Wei Hsieh,NetPoints,22,15,13,2,2,4,1,153
20180122-W-Australian_Open-R16-Su_Wei_Hsieh-Angelique_Kerber,Su Wei Hsieh,Approach,15,10,8,2,2,2,1,82
20180122-W-Australian_Open-R16-Su_Wei_Hsieh-Angelique_Kerber,Su Wei Hsieh,NetPointsRallies,22,15,13,2,2,4,1,153
20180122-W-Australian_Open-R16-Su_Wei_Hsieh-Angelique_Kerber,Su Wei Hsieh,ApproachRallies,15,10,8,2,2,2,1,82
20180122-W-Australian_Open-R16-Su_Wei_Hsieh-Angelique_Kerber,Angelique Kerber,NetPoints,20,13,9,3,3,3,0,149
20180122-W-Australian_Open-R16-Su_Wei_Hsieh-Angelique_Kerber,Angelique Kerber,Approach,9,5,2,3,2,1,0,58
20180122-W-Australian_Open-R16-Su_Wei_Hsieh-Angelique_Kerber,Angelique Kerber,NetPointsRallies,19,13,9,3,2,3,0,147
20180122-W-Australian_Open-R16-Su_Wei_Hsieh-Angelique_Kerber,Angelique Kerber,ApproachRallies,8,5,2,3,1,1,0,56
20180122-W-Australian_Open-QF-Elina_Svitolina-Elise_Mertens,Elina Svitolina,NetPoints,14,5,4,1,4,4,0,120
20180122-W-Australian_Open-QF-Elina_Svitolina-Elise_Mertens,Elina Svitolina,Approach,7,2,1,1,2,2,0,63
20180122-W-Australian_Open-QF-Elina_Svitolina-Elise_Mertens,Elina Svitolina,NetPointsRallies,13,5,4,1,3,4,0,118
20180122-W-Australian_Open-QF-Elina_Svitolina-Elise_Mertens,Elina Svitolina,ApproachRallies,6,2,1,1,1,2,0,61
20180122-W-Australian_Open-QF-Elina_Svitolina-Elise_Mertens,Elise Mertens,NetPoints,18,12,10,2,1,4,1,188
20180122-W-Australian_Open-QF-Elina_Svitolina-Elise_Mertens,Elise Mertens,Approach,10,7,5,2,1,2,0,108
20180122-W-Australian_Open-QF-Elina_Svitolina-Elise_Mertens,Elise Mertens,NetPointsRallies,18,12,10,2,1,4,1,188
20180122-W-Australian_Open-QF-Elina_Svitolina-Elise_Mertens,Elise Mertens,ApproachRallies,10,7,5,2,1,2,0,108
20180121-W-Australian_Open-R16-Caroline_Wozniacki-Magdalena_Rybarikova,Caroline Wozniacki,NetPoints,16,14,9,3,0,0,1,129
20180121-W-Australian_Open-R16-Caroline_Wozniacki-Magdalena_Rybarikova,Caroline Wozniacki,Approach,4,3,2,0,0,0,1,26
20180121-W-Australian_Open-R16-Caroline_Wozniacki-Magdalena_Rybarikova,Caroline Wozniacki,NetPointsRallies,16,14,9,3,0,0,1,129
20180121-W-Australian_Open-R16-Caroline_Wozniacki-Magdalena_Rybarikova,Caroline Wozniacki,ApproachRallies,4,3,2,0,0,0,1,26
20180121-W-Australian_Open-R16-Caroline_Wozniacki-Magdalena_Rybarikova,Magdalena Rybarikova,NetPoints,18,10,7,2,1,2,1,133
20180121-W-Australian_Open-R16-Caroline_Wozniacki-Magdalena_Rybarikova,Magdalena Rybarikova,Approach,9,5,2,2,0,1,1,52
20180121-W-Australian_Open-R16-Caroline_Wozniacki-Magdalena_Rybarikova,Magdalena Rybarikova,NetPointsRallies,14,9,7,2,1,1,1,124
20180121-W-Australian_Open-R16-Caroline_Wozniacki-Magdalena_Rybarikova,Magdalena Rybarikova,ApproachRallies,5,4,2,2,0,0,1,43
20180119-W-Australian_Open-R32-Elina_Svitolina-Marta_Kostyuk,Elina Svitolina,NetPoints,5,5,4,0,0,0,0,30
20180119-W-Australian_Open-R32-Elina_Svitolina-Marta_Kostyuk,Elina Svitolina,Approach,3,3,2,0,0,0,0,24
20180119-W-Australian_Open-R32-Elina_Svitolina-Marta_Kostyuk,Elina Svitolina,NetPointsRallies,5,5,4,0,0,0,0,30
20180119-W-Australian_Open-R32-Elina_Svitolina-Marta_Kostyuk,Elina Svitolina,ApproachRallies,3,3,2,0,0,0,0,24
20180119-W-Australian_Open-R32-Elina_Svitolina-Marta_Kostyuk,Marta Kostyuk,NetPoints,6,5,3,1,0,0,1,27
20180119-W-Australian_Open-R32-Elina_Svitolina-Marta_Kostyuk,Marta Kostyuk,Approach,6,5,3,1,0,0,1,27
20180119-W-Australian_Open-R32-Elina_Svitolina-Marta_Kostyuk,Marta Kostyuk,NetPointsRallies,6,5,3,1,0,0,1,27
20180119-W-Australian_Open-R32-Elina_Svitolina-Marta_Kostyuk,Marta Kostyuk,ApproachRallies,6,5,3,1,0,0,1,27
20180119-W-Australian_Open-R32-Caroline_Wozniacki-Kiki_Bertens,Caroline Wozniacki,NetPoints,5,3,3,0,1,1,0,44
20180119-W-Australian_Open-R32-Caroline_Wozniacki-Kiki_Bertens,Caroline Wozniacki,NetPointsRallies,5,3,3,0,1,1,0,44
20180119-W-Australian_Open-R32-Caroline_Wozniacki-Kiki_Bertens,Kiki Bertens,NetPoints,15,11,10,1,2,2,0,132
20180119-W-Australian_Open-R32-Caroline_Wozniacki-Kiki_Bertens,Kiki Bertens,Approach,9,5,4,1,2,2,0,73
20180119-W-Australian_Open-R32-Caroline_Wozniacki-Kiki_Bertens,Kiki Bertens,NetPointsRallies,15,11,10,1,2,2,0,132
20180119-W-Australian_Open-R32-Caroline_Wozniacki-Kiki_Bertens,Kiki Bertens,ApproachRallies,9,5,4,1,2,2,0,73
20180117-W-Australian_Open-R64-Elina_Svitolina-Katerina_Siniakova,Elina Svitolina,NetPoints,16,10,9,1,1,5,0,98
20180117-W-Australian_Open-R64-Elina_Svitolina-Katerina_Siniakova,Elina Svitolina,Approach,5,2,2,0,1,2,0,26
20180117-W-Australian_Open-R64-Elina_Svitolina-Katerina_Siniakova,Elina Svitolina,NetPointsRallies,16,10,9,1,1,5,0,98
20180117-W-Australian_Open-R64-Elina_Svitolina-Katerina_Siniakova,Elina Svitolina,ApproachRallies,5,2,2,0,1,2,0,26
20180117-W-Australian_Open-R64-Elina_Svitolina-Katerina_Siniakova,Katerina Siniakova,NetPoints,23,16,12,4,5,0,2,151
20180117-W-Australian_Open-R64-Elina_Svitolina-Katerina_Siniakova,Katerina Siniakova,Approach,18,12,8,4,4,0,2,129
20180117-W-Australian_Open-R64-Elina_Svitolina-Katerina_Siniakova,Katerina Siniakova,NetPointsRallies,23,16,12,4,5,0,2,151
20180117-W-Australian_Open-R64-Elina_Svitolina-Katerina_Siniakova,Katerina Siniakova,ApproachRallies,18,12,8,4,4,0,2,129
20180115-W-Australian_Open-R32-Su_Wei_Hsieh-Agnieszka_Radwanska,Su Wei Hsieh,NetPoints,10,8,5,2,0,2,0,117
20180115-W-Australian_Open-R32-Su_Wei_Hsieh-Agnieszka_Radwanska,Su Wei Hsieh,Approach,5,4,2,2,0,1,0,52
20180115-W-Australian_Open-R32-Su_Wei_Hsieh-Agnieszka_Radwanska,Su Wei Hsieh,NetPointsRallies,10,8,5,2,0,2,0,117
20180115-W-Australian_Open-R32-Su_Wei_Hsieh-Agnieszka_Radwanska,Su Wei Hsieh,ApproachRallies,5,4,2,2,0,1,0,52
20180115-W-Australian_Open-R32-Su_Wei_Hsieh-Agnieszka_Radwanska,Agnieszka Radwanska,NetPoints,17,10,9,1,1,3,3,145
20180115-W-Australian_Open-R32-Su_Wei_Hsieh-Agnieszka_Radwanska,Agnieszka Radwanska,Approach,7,3,2,1,0,2,2,51
20180115-W-Australian_Open-R32-Su_Wei_Hsieh-Agnieszka_Radwanska,Agnieszka Radwanska,NetPointsRallies,17,10,9,1,1,3,3,145
20180115-W-Australian_Open-R32-Su_Wei_Hsieh-Agnieszka_Radwanska,Agnieszka Radwanska,ApproachRallies,7,3,2,1,0,2,2,51
20170907-W-US_Open-SF-Madison_Keys-Coco_Vandeweghe,Madison Keys,NetPoints,8,5,3,1,2,0,1,41
20170907-W-US_Open-SF-Madison_Keys-Coco_Vandeweghe,Madison Keys,Approach,2,1,0,0,1,0,0,10
20170907-W-US_Open-SF-Madison_Keys-Coco_Vandeweghe,Madison Keys,NetPointsRallies,8,5,3,1,2,0,1,41
20170907-W-US_Open-SF-Madison_Keys-Coco_Vandeweghe,Madison Keys,ApproachRallies,2,1,0,0,1,0,0,10
20170907-W-US_Open-SF-Madison_Keys-Coco_Vandeweghe,Coco Vandeweghe,NetPoints,24,14,5,2,3,4,3,88
20170907-W-US_Open-SF-Madison_Keys-Coco_Vandeweghe,Coco Vandeweghe,Approach,20,12,4,1,2,4,2,64
20170907-W-US_Open-SF-Madison_Keys-Coco_Vandeweghe,Coco Vandeweghe,NetPointsRallies,12,6,1,2,2,2,2,56
20170907-W-US_Open-SF-Madison_Keys-Coco_Vandeweghe,Coco Vandeweghe,ApproachRallies,8,4,0,1,1,2,1,32
20170904-W-US_Open-R16-Madison_Keys-Elina_Svitolina,Madison Keys,NetPoints,19,14,11,3,1,4,0,142
20170904-W-US_Open-R16-Madison_Keys-Elina_Svitolina,Madison Keys,Approach,11,9,7,2,1,1,0,93
20170904-W-US_Open-R16-Madison_Keys-Elina_Svitolina,Madison Keys,NetPointsRallies,19,14,11,3,1,4,0,142
20170904-W-US_Open-R16-Madison_Keys-Elina_Svitolina,Madison Keys,ApproachRallies,11,9,7,2,1,1,0,93
20170904-W-US_Open-R16-Madison_Keys-Elina_Svitolina,Elina Svitolina,NetPoints,14,11,6,4,0,1,2,86
20170904-W-US_Open-R16-Madison_Keys-Elina_Svitolina,Elina Svitolina,Approach,9,6,2,3,0,1,2,57
20170904-W-US_Open-R16-Madison_Keys-Elina_Svitolina,Elina Svitolina,NetPointsRallies,14,11,6,4,0,1,2,86
20170904-W-US_Open-R16-Madison_Keys-Elina_Svitolina,Elina Svitolina,ApproachRallies,9,6,2,3,0,1,2,57
20170904-W-US_Open-R16-Garbine_Muguruza-Petra_Kvitova,Garbine Muguruza,NetPoints,10,7,5,1,1,0,2,54
20170904-W-US_Open-R16-Garbine_Muguruza-Petra_Kvitova,Garbine Muguruza,Approach,6,4,2,1,0,0,2,29
20170904-W-US_Open-R16-Garbine_Muguruza-Petra_Kvitova,Garbine Muguruza,NetPointsRallies,10,7,5,1,1,0,2,54
20170904-W-US_Open-R16-Garbine_Muguruza-Petra_Kvitova,Garbine Muguruza,ApproachRallies,6,4,2,1,0,0,2,29
20170904-W-US_Open-R16-Garbine_Muguruza-Petra_Kvitova,Petra Kvitova,NetPoints,20,15,8,6,3,2,0,124
20170904-W-US_Open-R16-Garbine_Muguruza-Petra_Kvitova,Petra Kvitova,Approach,15,11,5,6,2,2,0,90
20170904-W-US_Open-R16-Garbine_Muguruza-Petra_Kvitova,Petra Kvitova,NetPointsRallies,20,15,8,6,3,2,0,124
20170904-W-US_Open-R16-Garbine_Muguruza-Petra_Kvitova,Petra Kvitova,ApproachRallies,15,11,5,6,2,2,0,90
20170902-W-US_Open-R32-Daria_Kasatkina-Jelena_Ostapenko,Daria Kasatkina,NetPoints,3,2,2,0,1,0,0,9
20170902-W-US_Open-R32-Daria_Kasatkina-Jelena_Ostapenko,Daria Kasatkina,Approach,2,1,1,0,1,0,0,5
20170902-W-US_Open-R32-Daria_Kasatkina-Jelena_Ostapenko,Daria Kasatkina,NetPointsRallies,3,2,2,0,1,0,0,9
20170902-W-US_Open-R32-Daria_Kasatkina-Jelena_Ostapenko,Daria Kasatkina,ApproachRallies,2,1,1,0,1,0,0,5
20170902-W-US_Open-R32-Daria_Kasatkina-Jelena_Ostapenko,Jelena Ostapenko,NetPoints,8,4,4,0,3,0,0,82
20170902-W-US_Open-R32-Daria_Kasatkina-Jelena_Ostapenko,Jelena Ostapenko,Approach,2,1,1,0,1,0,0,13
20170902-W-US_Open-R32-Daria_Kasatkina-Jelena_Ostapenko,Jelena Ostapenko,NetPointsRallies,8,4,4,0,3,0,0,82
20170902-W-US_Open-R32-Daria_Kasatkina-Jelena_Ostapenko,Jelena Ostapenko,ApproachRallies,2,1,1,0,1,0,0,13
20170901-W-US_Open-R32-Maria_Sharapova-Sofia_Kenin,Maria Sharapova,NetPoints,19,13,6,4,5,1,0,124
20170901-W-US_Open-R32-Maria_Sharapova-Sofia_Kenin,Maria Sharapova,Approach,1,1,1,0,0,0,0,5
20170901-W-US_Open-R32-Maria_Sharapova-Sofia_Kenin,Maria Sharapova,NetPointsRallies,19,13,6,4,5,1,0,124
20170901-W-US_Open-R32-Maria_Sharapova-Sofia_Kenin,Maria Sharapova,ApproachRallies,1,1,1,0,0,0,0,5
20170901-W-US_Open-R32-Maria_Sharapova-Sofia_Kenin,Sofia Kenin,NetPoints,6,4,3,0,0,2,0,37
20170901-W-US_Open-R32-Maria_Sharapova-Sofia_Kenin,Sofia Kenin,Approach,2,2,1,0,0,0,0,9
20170901-W-US_Open-R32-Maria_Sharapova-Sofia_Kenin,Sofia Kenin,NetPointsRallies,6,4,3,0,0,2,0,37
20170901-W-US_Open-R32-Maria_Sharapova-Sofia_Kenin,Sofia Kenin,ApproachRallies,2,2,1,0,0,0,0,9
20170122-W-Australian_Open-R16-Sorana_Cirstea-Garbine_Muguruza,Sorana Cirstea,NetPoints,8,6,5,1,0,1,0,64
20170122-W-Australian_Open-R16-Sorana_Cirstea-Garbine_Muguruza,Sorana Cirstea,Approach,7,6,5,1,0,0,0,57
20170122-W-Australian_Open-R16-Sorana_Cirstea-Garbine_Muguruza,Sorana Cirstea,NetPointsRallies,8,6,5,1,0,1,0,64
20170122-W-Australian_Open-R16-Sorana_Cirstea-Garbine_Muguruza,Sorana Cirstea,ApproachRallies,7,6,5,1,0,0,0,57
20170122-W-Australian_Open-R16-Sorana_Cirstea-Garbine_Muguruza,Garbine Muguruza,NetPoints,8,8,5,3,0,0,0,31
20170122-W-Australian_Open-R16-Sorana_Cirstea-Garbine_Muguruza,Garbine Muguruza,Approach,6,6,3,3,0,0,0,24
20170122-W-Australian_Open-R16-Sorana_Cirstea-Garbine_Muguruza,Garbine Muguruza,NetPointsRallies,8,8,5,3,0,0,0,31
20170122-W-Australian_Open-R16-Sorana_Cirstea-Garbine_Muguruza,Garbine Muguruza,ApproachRallies,6,6,3,3,0,0,0,24
20170121-W-Australian_Open-R32-Serena_Williams-Nicole_Gibbs,Serena Williams,NetPoints,14,11,6,4,1,1,0,59
20170121-W-Australian_Open-R32-Serena_Williams-Nicole_Gibbs,Serena Williams,Approach,6,5,2,3,0,1,0,25
20170121-W-Australian_Open-R32-Serena_Williams-Nicole_Gibbs,Serena Williams,NetPointsRallies,14,11,6,4,1,1,0,59
20170121-W-Australian_Open-R32-Serena_Williams-Nicole_Gibbs,Serena Williams,ApproachRallies,6,5,2,3,0,1,0,25
20170121-W-Australian_Open-R32-Serena_Williams-Nicole_Gibbs,Nicole Gibbs,NetPoints,8,5,2,3,2,1,0,38
20170121-W-Australian_Open-R32-Serena_Williams-Nicole_Gibbs,Nicole Gibbs,Approach,5,3,0,3,1,1,0,25
20170121-W-Australian_Open-R32-Serena_Williams-Nicole_Gibbs,Nicole Gibbs,NetPointsRallies,8,5,2,3,2,1,0,38
20170121-W-Australian_Open-R32-Serena_Williams-Nicole_Gibbs,Nicole Gibbs,ApproachRallies,5,3,0,3,1,1,0,25
20170121-W-Australian_Open-R32-Karolina_Pliskova-Jelena_Ostapenko,Karolina Pliskova,NetPoints,11,10,8,2,0,1,0,52
20170121-W-Australian_Open-R32-Karolina_Pliskova-Jelena_Ostapenko,Karolina Pliskova,Approach,3,2,1,1,0,1,0,13
20170121-W-Australian_Open-R32-Karolina_Pliskova-Jelena_Ostapenko,Karolina Pliskova,NetPointsRallies,11,10,8,2,0,1,0,52
20170121-W-Australian_Open-R32-Karolina_Pliskova-Jelena_Ostapenko,Karolina Pliskova,ApproachRallies,3,2,1,1,0,1,0,13
20170121-W-Australian_Open-R32-Karolina_Pliskova-Jelena_Ostapenko,Jelena Ostapenko,NetPoints,10,6,5,1,3,1,0,66
20170121-W-Australian_Open-R32-Karolina_Pliskova-Jelena_Ostapenko,Jelena Ostapenko,Approach,1,0,0,0,0,1,0,15
20170121-W-Australian_Open-R32-Karolina_Pliskova-Jelena_Ostapenko,Jelena Ostapenko,NetPointsRallies,10,6,5,1,3,1,0,66
20170121-W-Australian_Open-R32-Karolina_Pliskova-Jelena_Ostapenko,Jelena Ostapenko,ApproachRallies,1,0,0,0,0,1,0,15
20170121-W-Australian_Open-R32-Dominika_Cibulkova-Kate_Makarova,Dominika Cibulkova,NetPoints,5,2,2,0,1,1,0,28
20170121-W-Australian_Open-R32-Dominika_Cibulkova-Kate_Makarova,Dominika Cibulkova,Approach,1,1,1,0,0,0,0,7
20170121-W-Australian_Open-R32-Dominika_Cibulkova-Kate_Makarova,Dominika Cibulkova,NetPointsRallies,5,2,2,0,1,1,0,28
20170121-W-Australian_Open-R32-Dominika_Cibulkova-Kate_Makarova,Dominika Cibulkova,ApproachRallies,1,1,1,0,0,0,0,7
20170121-W-Australian_Open-R32-Dominika_Cibulkova-Kate_Makarova,Kate Makarova,NetPoints,11,7,6,1,1,2,1,78
20170121-W-Australian_Open-R32-Dominika_Cibulkova-Kate_Makarova,Kate Makarova,Approach,7,7,6,1,0,0,0,51
20170121-W-Australian_Open-R32-Dominika_Cibulkova-Kate_Makarova,Kate Makarova,NetPointsRallies,11,7,6,1,1,2,1,78
20170121-W-Australian_Open-R32-Dominika_Cibulkova-Kate_Makarova,Kate Makarova,ApproachRallies,7,7,6,1,0,0,0,51
20170120-W-Australian_Open-R32-Venus_Williams-Ying_Ying_Duan,Venus Williams,NetPoints,10,8,8,0,1,1,0,43
20170120-W-Australian_Open-R32-Venus_Williams-Ying_Ying_Duan,Venus Williams,Approach,3,3,3,0,0,0,0,11
20170120-W-Australian_Open-R32-Venus_Williams-Ying_Ying_Duan,Venus Williams,NetPointsRallies,10,8,8,0,1,1,0,43
20170120-W-Australian_Open-R32-Venus_Williams-Ying_Ying_Duan,Venus Williams,ApproachRallies,3,3,3,0,0,0,0,11
20170120-W-Australian_Open-R32-Venus_Williams-Ying_Ying_Duan,Ying Ying Duan,NetPoints,6,2,1,1,1,2,1,31
20170120-W-Australian_Open-R32-Venus_Williams-Ying_Ying_Duan,Ying Ying Duan,Approach,2,1,0,1,0,0,1,10
20170120-W-Australian_Open-R32-Venus_Williams-Ying_Ying_Duan,Ying Ying Duan,NetPointsRallies,6,2,1,1,1,2,1,31
20170120-W-Australian_Open-R32-Venus_Williams-Ying_Ying_Duan,Ying Ying Duan,ApproachRallies,2,1,0,1,0,0,1,10
20170120-W-Australian_Open-R32-Eugenie_Bouchard-Coco_Vandeweghe,Eugenie Bouchard,NetPoints,4,3,1,2,1,0,0,13
20170120-W-Australian_Open-R32-Eugenie_Bouchard-Coco_Vandeweghe,Eugenie Bouchard,Approach,3,2,0,2,1,0,0,10
20170120-W-Australian_Open-R32-Eugenie_Bouchard-Coco_Vandeweghe,Eugenie Bouchard,NetPointsRallies,4,3,1,2,1,0,0,13
20170120-W-Australian_Open-R32-Eugenie_Bouchard-Coco_Vandeweghe,Eugenie Bouchard,ApproachRallies,3,2,0,2,1,0,0,10
20170120-W-Australian_Open-R32-Eugenie_Bouchard-Coco_Vandeweghe,Coco Vandeweghe,NetPoints,14,11,9,2,0,3,0,76
20170120-W-Australian_Open-R32-Eugenie_Bouchard-Coco_Vandeweghe,Coco Vandeweghe,Approach,7,4,3,1,0,3,0,40
20170120-W-Australian_Open-R32-Eugenie_Bouchard-Coco_Vandeweghe,Coco Vandeweghe,NetPointsRallies,12,11,9,2,0,1,0,66
20170120-W-Australian_Open-R32-Eugenie_Bouchard-Coco_Vandeweghe,Coco Vandeweghe,ApproachRallies,5,4,3,1,0,1,0,30
20170120-W-Australian_Open-R32-Ashleigh_Barty-Mona_Barthel,Ashleigh Barty,NetPoints,23,16,11,5,4,2,1,137
20170120-W-Australian_Open-R32-Ashleigh_Barty-Mona_Barthel,Ashleigh Barty,Approach,17,10,6,4,4,2,1,99
20170120-W-Australian_Open-R32-Ashleigh_Barty-Mona_Barthel,Ashleigh Barty,NetPointsRallies,23,16,11,5,4,2,1,137
20170120-W-Australian_Open-R32-Ashleigh_Barty-Mona_Barthel,Ashleigh Barty,ApproachRallies,17,10,6,4,4,2,1,99
20170120-W-Australian_Open-R32-Ashleigh_Barty-Mona_Barthel,Mona Barthel,NetPoints,16,10,5,3,1,3,1,81
20170120-W-Australian_Open-R32-Ashleigh_Barty-Mona_Barthel,Mona Barthel,Approach,14,9,5,3,1,2,1,64
20170120-W-Australian_Open-R32-Ashleigh_Barty-Mona_Barthel,Mona Barthel,NetPointsRallies,16,10,5,3,1,3,1,81
20170120-W-Australian_Open-R32-Ashleigh_Barty-Mona_Barthel,Mona Barthel,ApproachRallies,14,9,5,3,1,2,1,64
20170119-W-Australian_Open-R64-Caroline_Wozniacki-Donna_Vekic,Caroline Wozniacki,NetPoints,14,11,8,3,2,1,0,112
20170119-W-Australian_Open-R64-Caroline_Wozniacki-Donna_Vekic,Caroline Wozniacki,Approach,6,5,3,2,1,0,0,43
20170119-W-Australian_Open-R64-Caroline_Wozniacki-Donna_Vekic,Caroline Wozniacki,NetPointsRallies,14,11,8,3,2,1,0,112
20170119-W-Australian_Open-R64-Caroline_Wozniacki-Donna_Vekic,Caroline Wozniacki,ApproachRallies,6,5,3,2,1,0,0,43
20170119-W-Australian_Open-R64-Caroline_Wozniacki-Donna_Vekic,Donna Vekic,NetPoints,16,9,5,2,1,6,0,131
20170119-W-Australian_Open-R64-Caroline_Wozniacki-Donna_Vekic,Donna Vekic,Approach,7,2,1,0,1,4,0,50
20170119-W-Australian_Open-R64-Caroline_Wozniacki-Donna_Vekic,Donna Vekic,NetPointsRallies,16,9,5,2,1,6,0,131
20170119-W-Australian_Open-R64-Caroline_Wozniacki-Donna_Vekic,Donna Vekic,ApproachRallies,7,2,1,0,1,4,0,50
20170119-W-Australian_Open-R64-Agnieszka_Radwanska-Mirjana_Lucic,Agnieszka Radwanska,NetPoints,9,7,2,2,0,2,0,57
20170119-W-Australian_Open-R64-Agnieszka_Radwanska-Mirjana_Lucic,Agnieszka Radwanska,Approach,6,5,1,2,0,1,0,40
20170119-W-Australian_Open-R64-Agnieszka_Radwanska-Mirjana_Lucic,Agnieszka Radwanska,NetPointsRallies,9,7,2,2,0,2,0,57
20170119-W-Australian_Open-R64-Agnieszka_Radwanska-Mirjana_Lucic,Agnieszka Radwanska,ApproachRallies,6,5,1,2,0,1,0,40
20170119-W-Australian_Open-R64-Agnieszka_Radwanska-Mirjana_Lucic,Mirjana Lucic,NetPoints,23,15,13,2,2,4,1,121
20170119-W-Australian_Open-R64-Agnieszka_Radwanska-Mirjana_Lucic,Mirjana Lucic,Approach,11,8,8,0,1,2,0,54
20170119-W-Australian_Open-R64-Agnieszka_Radwanska-Mirjana_Lucic,Mirjana Lucic,NetPointsRallies,23,15,13,2,2,4,1,121
20170119-W-Australian_Open-R64-Agnieszka_Radwanska-Mirjana_Lucic,Mirjana Lucic,ApproachRallies,11,8,8,0,1,2,0,54
20170118-W-Australian_Open-R64-Shuai_Peng-Eugenie_Bouchard,Shuai Peng,NetPoints,11,9,6,2,1,0,1,69
20170118-W-Australian_Open-R64-Shuai_Peng-Eugenie_Bouchard,Shuai Peng,Approach,2,2,0,2,0,0,0,6
20170118-W-Australian_Open-R64-Shuai_Peng-Eugenie_Bouchard,Shuai Peng,NetPointsRallies,11,9,6,2,1,0,1,69
20170118-W-Australian_Open-R64-Shuai_Peng-Eugenie_Bouchard,Shuai Peng,ApproachRallies,2,2,0,2,0,0,0,6
20170118-W-Australian_Open-R64-Shuai_Peng-Eugenie_Bouchard,Eugenie Bouchard,NetPoints,7,5,4,0,0,2,0,74
20170118-W-Australian_Open-R64-Shuai_Peng-Eugenie_Bouchard,Eugenie Bouchard,Approach,3,1,1,0,0,2,0,35
20170118-W-Australian_Open-R64-Shuai_Peng-Eugenie_Bouchard,Eugenie Bouchard,NetPointsRallies,7,5,4,0,0,2,0,74
20170118-W-Australian_Open-R64-Shuai_Peng-Eugenie_Bouchard,Eugenie Bouchard,ApproachRallies,3,1,1,0,0,2,0,35
20170118-W-Australian_Open-R64-Ashleigh_Barty-Shelby_Rogers,Ashleigh Barty,NetPoints,6,5,4,1,0,0,0,48
20170118-W-Australian_Open-R64-Ashleigh_Barty-Shelby_Rogers,Ashleigh Barty,Approach,4,3,2,1,0,0,0,33
20170118-W-Australian_Open-R64-Ashleigh_Barty-Shelby_Rogers,Ashleigh Barty,NetPointsRallies,6,5,4,1,0,0,0,48
20170118-W-Australian_Open-R64-Ashleigh_Barty-Shelby_Rogers,Ashleigh Barty,ApproachRallies,4,3,2,1,0,0,0,33
20170118-W-Australian_Open-R64-Ashleigh_Barty-Shelby_Rogers,Shelby Rogers,NetPoints,9,6,2,2,2,1,0,44
20170118-W-Australian_Open-R64-Ashleigh_Barty-Shelby_Rogers,Shelby Rogers,Approach,5,3,0,2,2,0,0,19
20170118-W-Australian_Open-R64-Ashleigh_Barty-Shelby_Rogers,Shelby Rogers,NetPointsRallies,9,6,2,2,2,1,0,44
20170118-W-Australian_Open-R64-Ashleigh_Barty-Shelby_Rogers,Shelby Rogers,ApproachRallies,5,3,0,2,2,0,0,19
20170116-W-Australian_Open-R128-Louisa_Chirico-Eugenie_Bouchard,Louisa Chirico,NetPoints,6,5,4,1,0,1,0,41
20170116-W-Australian_Open-R128-Louisa_Chirico-Eugenie_Bouchard,Louisa Chirico,Approach,2,2,1,1,0,0,0,23
20170116-W-Australian_Open-R128-Louisa_Chirico-Eugenie_Bouchard,Louisa Chirico,NetPointsRallies,6,5,4,1,0,1,0,41
20170116-W-Australian_Open-R128-Louisa_Chirico-Eugenie_Bouchard,Louisa Chirico,ApproachRallies,2,2,1,1,0,0,0,23
20170116-W-Australian_Open-R128-Louisa_Chirico-Eugenie_Bouchard,Eugenie Bouchard,NetPoints,4,3,2,1,0,1,0,38
20170116-W-Australian_Open-R128-Louisa_Chirico-Eugenie_Bouchard,Eugenie Bouchard,Approach,3,3,2,1,0,0,0,32
20170116-W-Australian_Open-R128-Louisa_Chirico-Eugenie_Bouchard,Eugenie Bouchard,NetPointsRallies,4,3,2,1,0,1,0,38
20170116-W-Australian_Open-R128-Louisa_Chirico-Eugenie_Bouchard,Eugenie Bouchard,ApproachRallies,3,3,2,1,0,0,0,32
20170116-W-Australian_Open-R128-Ashleigh_Barty-Annika_Beck,Ashleigh Barty,NetPoints,21,13,9,3,3,4,1,150
20170116-W-Australian_Open-R128-Ashleigh_Barty-Annika_Beck,Ashleigh Barty,Approach,19,11,7,3,3,4,1,142
20170116-W-Australian_Open-R128-Ashleigh_Barty-Annika_Beck,Ashleigh Barty,NetPointsRallies,21,13,9,3,3,4,1,150
20170116-W-Australian_Open-R128-Ashleigh_Barty-Annika_Beck,Ashleigh Barty,ApproachRallies,19,11,7,3,3,4,1,142
20170116-W-Australian_Open-R128-Ashleigh_Barty-Annika_Beck,Annika Beck,NetPoints,3,2,0,0,0,1,0,25
20170116-W-Australian_Open-R128-Ashleigh_Barty-Annika_Beck,Annika Beck,Approach,3,2,0,0,0,1,0,25
20170116-W-Australian_Open-R128-Ashleigh_Barty-Annika_Beck,Annika Beck,NetPointsRallies,3,2,0,0,0,1,0,25
20170116-W-Australian_Open-R128-Ashleigh_Barty-Annika_Beck,Annika Beck,ApproachRallies,3,2,0,0,0,1,0,25
20160904-W-US_Open-R16-Caroline_Wozniacki-Madison_Keys,Caroline Wozniacki,NetPoints,9,6,4,1,1,1,1,73
20160904-W-US_Open-R16-Caroline_Wozniacki-Madison_Keys,Caroline Wozniacki,Approach,2,0,0,0,0,1,1,21
20160904-W-US_Open-R16-Caroline_Wozniacki-Madison_Keys,Caroline Wozniacki,NetPointsRallies,9,6,4,1,1,1,1,73
20160904-W-US_Open-R16-Caroline_Wozniacki-Madison_Keys,Caroline Wozniacki,ApproachRallies,2,0,0,0,0,1,1,21
20160904-W-US_Open-R16-Caroline_Wozniacki-Madison_Keys,Madison Keys,NetPoints,15,9,5,3,2,2,2,87
20160904-W-US_Open-R16-Caroline_Wozniacki-Madison_Keys,Madison Keys,Approach,7,4,2,2,0,2,1,45
20160904-W-US_Open-R16-Caroline_Wozniacki-Madison_Keys,Madison Keys,NetPointsRallies,15,9,5,3,2,2,2,87
20160904-W-US_Open-R16-Caroline_Wozniacki-Madison_Keys,Madison Keys,ApproachRallies,7,4,2,2,0,2,1,45
20160902-W-US_Open-R32-Elina_Svitolina-Petra_Kvitova,Elina Svitolina,NetPoints,7,3,2,1,0,4,0,59
20160902-W-US_Open-R32-Elina_Svitolina-Petra_Kvitova,Elina Svitolina,Approach,1,0,0,0,0,1,0,13
20160902-W-US_Open-R32-Elina_Svitolina-Petra_Kvitova,Elina Svitolina,NetPointsRallies,7,3,2,1,0,4,0,59
20160902-W-US_Open-R32-Elina_Svitolina-Petra_Kvitova,Elina Svitolina,ApproachRallies,1,0,0,0,0,1,0,13
20160902-W-US_Open-R32-Elina_Svitolina-Petra_Kvitova,Petra Kvitova,NetPoints,16,10,8,2,4,2,0,107
20160902-W-US_Open-R32-Elina_Svitolina-Petra_Kvitova,Petra Kvitova,Approach,5,1,1,0,2,2,0,27
20160902-W-US_Open-R32-Elina_Svitolina-Petra_Kvitova,Petra Kvitova,NetPointsRallies,16,10,8,2,4,2,0,107
20160902-W-US_Open-R32-Elina_Svitolina-Petra_Kvitova,Petra Kvitova,ApproachRallies,5,1,1,0,2,2,0,27
20160831-W-US_Open-R64-Caroline_Wozniacki-Svetlana_Kuznetsova,Caroline Wozniacki,NetPoints,14,10,6,2,0,3,1,129
20160831-W-US_Open-R64-Caroline_Wozniacki-Svetlana_Kuznetsova,Caroline Wozniacki,Approach,5,3,2,0,0,1,1,26
20160831-W-US_Open-R64-Caroline_Wozniacki-Svetlana_Kuznetsova,Caroline Wozniacki,NetPointsRallies,14,10,6,2,0,3,1,129
20160831-W-US_Open-R64-Caroline_Wozniacki-Svetlana_Kuznetsova,Caroline Wozniacki,ApproachRallies,5,3,2,0,0,1,1,26
20160831-W-US_Open-R64-Caroline_Wozniacki-Svetlana_Kuznetsova,Svetlana Kuznetsova,NetPoints,13,8,5,3,2,2,1,112
20160831-W-US_Open-R64-Caroline_Wozniacki-Svetlana_Kuznetsova,Svetlana Kuznetsova,Approach,5,3,0,3,1,1,0,39
20160831-W-US_Open-R64-Caroline_Wozniacki-Svetlana_Kuznetsova,Svetlana Kuznetsova,NetPointsRallies,13,8,5,3,2,2,1,112
20160831-W-US_Open-R64-Caroline_Wozniacki-Svetlana_Kuznetsova,Svetlana Kuznetsova,ApproachRallies,5,3,0,3,1,1,0,39
20160829-W-US_Open-R128-Monica_Puig-Saisai_Zheng,Monica Puig,NetPoints,19,12,5,7,2,3,2,119
20160829-W-US_Open-R128-Monica_Puig-Saisai_Zheng,Monica Puig,Approach,17,11,5,6,2,2,2,101
20160829-W-US_Open-R128-Monica_Puig-Saisai_Zheng,Monica Puig,NetPointsRallies,19,12,5,7,2,3,2,119
20160829-W-US_Open-R128-Monica_Puig-Saisai_Zheng,Monica Puig,ApproachRallies,17,11,5,6,2,2,2,101
20160829-W-US_Open-R128-Monica_Puig-Saisai_Zheng,Saisai Zheng,NetPoints,15,11,6,3,0,3,1,92
20160829-W-US_Open-R128-Monica_Puig-Saisai_Zheng,Saisai Zheng,Approach,13,10,5,3,0,2,1,81
20160829-W-US_Open-R128-Monica_Puig-Saisai_Zheng,Saisai Zheng,NetPointsRallies,15,11,6,3,0,3,1,92
20160829-W-US_Open-R128-Monica_Puig-Saisai_Zheng,Saisai Zheng,ApproachRallies,13,10,5,3,0,2,1,81
20160128-W-Australian_Open-SF-Agnieszka_Radwanska-Serena_Williams,Agnieszka Radwanska,NetPoints,5,5,3,1,0,0,0,48
20160128-W-Australian_Open-SF-Agnieszka_Radwanska-Serena_Williams,Agnieszka Radwanska,Approach,4,4,2,1,0,0,0,33
20160128-W-Australian_Open-SF-Agnieszka_Radwanska-Serena_Williams,Agnieszka Radwanska,NetPointsRallies,5,5,3,1,0,0,0,48
20160128-W-Australian_Open-SF-Agnieszka_Radwanska-Serena_Williams,Agnieszka Radwanska,ApproachRallies,4,4,2,1,0,0,0,33
20160128-W-Australian_Open-SF-Agnieszka_Radwanska-Serena_Williams,Serena Williams,NetPoints,26,22,18,4,2,1,0,145
20160128-W-Australian_Open-SF-Agnieszka_Radwanska-Serena_Williams,Serena Williams,Approach,11,10,8,2,0,0,0,69
20160128-W-Australian_Open-SF-Agnieszka_Radwanska-Serena_Williams,Serena Williams,NetPointsRallies,26,22,18,4,2,1,0,145
20160128-W-Australian_Open-SF-Agnieszka_Radwanska-Serena_Williams,Serena Williams,ApproachRallies,11,10,8,2,0,0,0,69
20160126-W-Australian_Open-QF-Serena_Williams-Maria_Sharapova,Serena Williams,NetPoints,12,9,8,0,3,0,0,45
20160126-W-Australian_Open-QF-Serena_Williams-Maria_Sharapova,Serena Williams,Approach,4,4,3,0,0,0,0,22
20160126-W-Australian_Open-QF-Serena_Williams-Maria_Sharapova,Serena Williams,NetPointsRallies,12,9,8,0,3,0,0,45
20160126-W-Australian_Open-QF-Serena_Williams-Maria_Sharapova,Serena Williams,ApproachRallies,4,4,3,0,0,0,0,22
20160126-W-Australian_Open-QF-Serena_Williams-Maria_Sharapova,Maria Sharapova,NetPoints,2,0,0,0,2,0,0,7
20160126-W-Australian_Open-QF-Serena_Williams-Maria_Sharapova,Maria Sharapova,Approach,2,0,0,0,2,0,0,7
20160126-W-Australian_Open-QF-Serena_Williams-Maria_Sharapova,Maria Sharapova,NetPointsRallies,2,0,0,0,2,0,0,7
20160126-W-Australian_Open-QF-Serena_Williams-Maria_Sharapova,Maria Sharapova,ApproachRallies,2,0,0,0,2,0,0,7
20160124-W-Australian_Open-R16-Serena_Williams-Margarita_Gasparyan,Serena Williams,NetPoints,17,13,7,6,4,0,0,75
20160124-W-Australian_Open-R16-Serena_Williams-Margarita_Gasparyan,Serena Williams,Approach,6,6,1,5,0,0,0,29
20160124-W-Australian_Open-R16-Serena_Williams-Margarita_Gasparyan,Serena Williams,NetPointsRallies,17,13,7,6,4,0,0,75
20160124-W-Australian_Open-R16-Serena_Williams-Margarita_Gasparyan,Serena Williams,ApproachRallies,6,6,1,5,0,0,0,29
20160124-W-Australian_Open-R16-Serena_Williams-Margarita_Gasparyan,Margarita Gasparyan,NetPoints,3,2,2,0,0,0,0,12
20160124-W-Australian_Open-R16-Serena_Williams-Margarita_Gasparyan,Margarita Gasparyan,Approach,1,0,0,0,0,0,0,6
20160124-W-Australian_Open-R16-Serena_Williams-Margarita_Gasparyan,Margarita Gasparyan,NetPointsRallies,3,2,2,0,0,0,0,12
20160124-W-Australian_Open-R16-Serena_Williams-Margarita_Gasparyan,Margarita Gasparyan,ApproachRallies,1,0,0,0,0,0,0,6
20160123-W-Australian_Open-R32-Victoria_Azarenka-Naomi_Osaka,Victoria Azarenka,NetPoints,14,11,8,3,2,0,0,101
20160123-W-Australian_Open-R32-Victoria_Azarenka-Naomi_Osaka,Victoria Azarenka,Approach,11,9,6,3,2,0,0,74
20160123-W-Australian_Open-R32-Victoria_Azarenka-Naomi_Osaka,Victoria Azarenka,NetPointsRallies,14,11,8,3,2,0,0,101
20160123-W-Australian_Open-R32-Victoria_Azarenka-Naomi_Osaka,Victoria Azarenka,ApproachRallies,11,9,6,3,2,0,0,74
20160123-W-Australian_Open-R16-Maria_Sharapova-Belinda_Bencic,Maria Sharapova,NetPoints,10,6,6,0,3,1,0,55
20160123-W-Australian_Open-R16-Maria_Sharapova-Belinda_Bencic,Maria Sharapova,Approach,1,1,1,0,0,0,0,7
20160123-W-Australian_Open-R16-Maria_Sharapova-Belinda_Bencic,Maria Sharapova,NetPointsRallies,10,6,6,0,3,1,0,55
20160123-W-Australian_Open-R16-Maria_Sharapova-Belinda_Bencic,Maria Sharapova,ApproachRallies,1,1,1,0,0,0,0,7
20160123-W-Australian_Open-R16-Maria_Sharapova-Belinda_Bencic,Belinda Bencic,NetPoints,7,7,3,2,0,0,0,37
20160123-W-Australian_Open-R16-Maria_Sharapova-Belinda_Bencic,Belinda Bencic,Approach,5,5,1,2,0,0,0,25
20160123-W-Australian_Open-R16-Maria_Sharapova-Belinda_Bencic,Belinda Bencic,NetPointsRallies,7,7,3,2,0,0,0,37
20160123-W-Australian_Open-R16-Maria_Sharapova-Belinda_Bencic,Belinda Bencic,ApproachRallies,5,5,1,2,0,0,0,25
20160122-W-Australian_Open-R32-Serena_Williams-Daria_Kasatkina,Serena Williams,NetPoints,10,10,5,3,0,0,0,48
20160122-W-Australian_Open-R32-Serena_Williams-Daria_Kasatkina,Serena Williams,Approach,3,3,0,1,0,0,0,14
20160122-W-Australian_Open-R32-Serena_Williams-Daria_Kasatkina,Serena Williams,NetPointsRallies,10,10,5,3,0,0,0,48
20160122-W-Australian_Open-R32-Serena_Williams-Daria_Kasatkina,Serena Williams,ApproachRallies,3,3,0,1,0,0,0,14
20160122-W-Australian_Open-R32-Serena_Williams-Daria_Kasatkina,Daria Kasatkina,NetPoints,2,0,0,0,1,1,0,6
20160122-W-Australian_Open-R32-Serena_Williams-Daria_Kasatkina,Daria Kasatkina,Approach,1,0,0,0,0,1,0,4
20160122-W-Australian_Open-R32-Serena_Williams-Daria_Kasatkina,Daria Kasatkina,NetPointsRallies,2,0,0,0,1,1,0,6
20160122-W-Australian_Open-R32-Serena_Williams-Daria_Kasatkina,Daria Kasatkina,ApproachRallies,1,0,0,0,0,1,0,4
20160122-W-Australian_Open-R32-Maria_Sharapova-Lauren_Davis,Maria Sharapova,NetPoints,4,4,4,0,0,0,0,19
20160122-W-Australian_Open-R32-Maria_Sharapova-Lauren_Davis,Maria Sharapova,NetPointsRallies,4,4,4,0,0,0,0,19
20160122-W-Australian_Open-R32-Maria_Sharapova-Lauren_Davis,Lauren Davis,NetPoints,5,5,4,1,0,0,0,36
20160122-W-Australian_Open-R32-Maria_Sharapova-Lauren_Davis,Lauren Davis,NetPointsRallies,5,5,4,1,0,0,0,36
20160122-W-Australian_Open-R32-Kristina_Mladenovic-Daria_Saville,Kristina Mladenovic,NetPoints,34,22,15,6,5,4,3,205
20160122-W-Australian_Open-R32-Kristina_Mladenovic-Daria_Saville,Kristina Mladenovic,Approach,15,8,4,3,1,3,3,95
20160122-W-Australian_Open-R32-Kristina_Mladenovic-Daria_Saville,Kristina Mladenovic,NetPointsRallies,34,22,15,6,5,4,3,205
20160122-W-Australian_Open-R32-Kristina_Mladenovic-Daria_Saville,Kristina Mladenovic,ApproachRallies,15,8,4,3,1,3,3,95
20160122-W-Australian_Open-R32-Kristina_Mladenovic-Daria_Saville,Daria Saville,NetPoints,25,16,10,4,1,7,1,137
20160122-W-Australian_Open-R32-Kristina_Mladenovic-Daria_Saville,Daria Saville,Approach,13,8,6,2,1,3,1,61
20160122-W-Australian_Open-R32-Kristina_Mladenovic-Daria_Saville,Daria Saville,NetPointsRallies,25,16,10,4,1,7,1,137
20160122-W-Australian_Open-R32-Kristina_Mladenovic-Daria_Saville,Daria Saville,ApproachRallies,13,8,6,2,1,3,1,61
20160121-W-Australian_Open-R64-Danka_Kovinic-Victoria_Azarenka,Danka Kovinic,NetPoints,4,4,1,3,0,0,0,31
20160121-W-Australian_Open-R64-Danka_Kovinic-Victoria_Azarenka,Danka Kovinic,Approach,2,2,0,2,0,0,0,15
20160121-W-Australian_Open-R64-Danka_Kovinic-Victoria_Azarenka,Danka Kovinic,NetPointsRallies,4,4,1,3,0,0,0,31
20160121-W-Australian_Open-R64-Danka_Kovinic-Victoria_Azarenka,Danka Kovinic,ApproachRallies,2,2,0,2,0,0,0,15
20160121-W-Australian_Open-R64-Danka_Kovinic-Victoria_Azarenka,Victoria Azarenka,NetPoints,17,16,9,5,0,0,1,114
20160121-W-Australian_Open-R64-Danka_Kovinic-Victoria_Azarenka,Victoria Azarenka,Approach,12,11,5,4,0,0,1,85
20160121-W-Australian_Open-R64-Danka_Kovinic-Victoria_Azarenka,Victoria Azarenka,NetPointsRallies,17,16,9,5,0,0,1,114
20160121-W-Australian_Open-R64-Danka_Kovinic-Victoria_Azarenka,Victoria Azarenka,ApproachRallies,12,11,5,4,0,0,1,85
20160118-W-Australian_Open-R128-Carina_Witthoeft-Saisai_Zheng,Carina Witthoeft,NetPoints,8,4,1,2,0,2,1,57
20160118-W-Australian_Open-R128-Carina_Witthoeft-Saisai_Zheng,Carina Witthoeft,Approach,2,0,0,0,0,2,0,14
20160118-W-Australian_Open-R128-Carina_Witthoeft-Saisai_Zheng,Carina Witthoeft,NetPointsRallies,8,4,1,2,0,2,1,57
20160118-W-Australian_Open-R128-Carina_Witthoeft-Saisai_Zheng,Carina Witthoeft,ApproachRallies,2,0,0,0,0,2,0,14
20160118-W-Australian_Open-R128-Carina_Witthoeft-Saisai_Zheng,Saisai Zheng,NetPoints,9,6,4,2,1,2,0,69
20160118-W-Australian_Open-R128-Carina_Witthoeft-Saisai_Zheng,Saisai Zheng,Approach,5,3,2,1,0,2,0,36
20160118-W-Australian_Open-R128-Carina_Witthoeft-Saisai_Zheng,Saisai Zheng,NetPointsRallies,9,6,4,2,1,2,0,69
20160118-W-Australian_Open-R128-Carina_Witthoeft-Saisai_Zheng,Saisai Zheng,ApproachRallies,5,3,2,1,0,2,0,36
20160113-W-Australian_Open-Q1-Lin_Zhu-Elena_Vesnina,Lin Zhu,NetPoints,11,5,2,2,5,0,0,54
20160113-W-Australian_Open-Q1-Lin_Zhu-Elena_Vesnina,Lin Zhu,Approach,4,2,1,1,1,0,0,28
20160113-W-Australian_Open-Q1-Lin_Zhu-Elena_Vesnina,Lin Zhu,NetPointsRallies,11,5,2,2,5,0,0,54
20160113-W-Australian_Open-Q1-Lin_Zhu-Elena_Vesnina,Lin Zhu,ApproachRallies,4,2,1,1,1,0,0,28
20160113-W-Australian_Open-Q1-Lin_Zhu-Elena_Vesnina,Elena Vesnina,NetPoints,19,12,10,2,4,1,2,109
20160113-W-Australian_Open-Q1-Lin_Zhu-Elena_Vesnina,Elena Vesnina,Approach,8,6,5,1,0,1,1,47
20160113-W-Australian_Open-Q1-Lin_Zhu-Elena_Vesnina,Elena Vesnina,NetPointsRallies,19,12,10,2,4,1,2,109
20160113-W-Australian_Open-Q1-Lin_Zhu-Elena_Vesnina,Elena Vesnina,ApproachRallies,8,6,5,1,0,1,1,47
20150912-W-US_Open-F-Roberta_Vinci-Flavia_Pennetta,Roberta Vinci,NetPoints,24,11,8,2,5,5,3,198
20150912-W-US_Open-F-Roberta_Vinci-Flavia_Pennetta,Roberta Vinci,Approach,20,9,6,2,4,4,3,156
20150912-W-US_Open-F-Roberta_Vinci-Flavia_Pennetta,Roberta Vinci,NetPointsRallies,23,10,8,2,5,5,3,197
20150912-W-US_Open-F-Roberta_Vinci-Flavia_Pennetta,Roberta Vinci,ApproachRallies,19,8,6,2,4,4,3,155
20150912-W-US_Open-F-Roberta_Vinci-Flavia_Pennetta,Flavia Pennetta,NetPoints,18,14,7,4,0,2,2,107
20150912-W-US_Open-F-Roberta_Vinci-Flavia_Pennetta,Flavia Pennetta,Approach,14,10,4,3,0,2,2,79
20150912-W-US_Open-F-Roberta_Vinci-Flavia_Pennetta,Flavia Pennetta,NetPointsRallies,18,14,7,4,0,2,2,107
20150912-W-US_Open-F-Roberta_Vinci-Flavia_Pennetta,Flavia Pennetta,ApproachRallies,14,10,4,3,0,2,2,79
20150911-W-US_Open-SF-Serena_Williams-Roberta_Vinci,Serena Williams,NetPoints,38,23,13,8,11,2,1,210
20150911-W-US_Open-SF-Serena_Williams-Roberta_Vinci,Serena Williams,Approach,17,8,1,6,5,2,1,88
20150911-W-US_Open-SF-Serena_Williams-Roberta_Vinci,Serena Williams,NetPointsRallies,38,23,13,8,11,2,1,210
20150911-W-US_Open-SF-Serena_Williams-Roberta_Vinci,Serena Williams,ApproachRallies,17,8,1,6,5,2,1,88
20150911-W-US_Open-SF-Serena_Williams-Roberta_Vinci,Roberta Vinci,NetPoints,20,14,11,2,3,3,0,136
20150911-W-US_Open-SF-Serena_Williams-Roberta_Vinci,Roberta Vinci,Approach,17,11,8,2,3,3,0,111
20150911-W-US_Open-SF-Serena_Williams-Roberta_Vinci,Roberta Vinci,NetPointsRallies,20,14,11,2,3,3,0,136
20150911-W-US_Open-SF-Serena_Williams-Roberta_Vinci,Roberta Vinci,ApproachRallies,17,11,8,2,3,3,0,111
20150909-W-US_Open-QF-Venus_Williams-Serena_Williams,Venus Williams,NetPoints,12,6,2,3,2,2,2,59
20150909-W-US_Open-QF-Venus_Williams-Serena_Williams,Venus Williams,Approach,9,4,0,3,1,2,2,47
20150909-W-US_Open-QF-Venus_Williams-Serena_Williams,Venus Williams,NetPointsRallies,12,6,2,3,2,2,2,59
20150909-W-US_Open-QF-Venus_Williams-Serena_Williams,Venus Williams,ApproachRallies,9,4,0,3,1,2,2,47
20150909-W-US_Open-QF-Venus_Williams-Serena_Williams,Serena Williams,NetPoints,5,3,2,0,0,1,0,27
20150909-W-US_Open-QF-Venus_Williams-Serena_Williams,Serena Williams,Approach,5,3,2,0,0,1,0,27
20150909-W-US_Open-QF-Venus_Williams-Serena_Williams,Serena Williams,NetPointsRallies,5,3,2,0,0,1,0,27
20150909-W-US_Open-QF-Venus_Williams-Serena_Williams,Serena Williams,ApproachRallies,5,3,2,0,0,1,0,27
20150906-W-US_Open-R16-Serena_Williams-Madison_Keys,Serena Williams,NetPoints,6,5,2,3,1,0,0,23
20150906-W-US_Open-R16-Serena_Williams-Madison_Keys,Serena Williams,Approach,5,5,2,3,0,0,0,17
20150906-W-US_Open-R16-Serena_Williams-Madison_Keys,Serena Williams,NetPointsRallies,6,5,2,3,1,0,0,23
20150906-W-US_Open-R16-Serena_Williams-Madison_Keys,Serena Williams,ApproachRallies,5,5,2,3,0,0,0,17
20150906-W-US_Open-R16-Serena_Williams-Madison_Keys,Madison Keys,NetPoints,8,6,4,1,2,0,0,31
20150906-W-US_Open-R16-Serena_Williams-Madison_Keys,Madison Keys,Approach,7,5,3,1,2,0,0,24
20150906-W-US_Open-R16-Serena_Williams-Madison_Keys,Madison Keys,NetPointsRallies,8,6,4,1,2,0,0,31
20150906-W-US_Open-R16-Serena_Williams-Madison_Keys,Madison Keys,ApproachRallies,7,5,3,1,2,0,0,24
20150905-W-US_Open-R32-Angelique_Kerber-Victoria_Azarenka,Angelique Kerber,NetPoints,13,11,10,1,1,0,1,96
20150905-W-US_Open-R32-Angelique_Kerber-Victoria_Azarenka,Angelique Kerber,Approach,6,4,3,1,1,0,1,36
20150905-W-US_Open-R32-Angelique_Kerber-Victoria_Azarenka,Angelique Kerber,NetPointsRallies,13,11,10,1,1,0,1,96
20150905-W-US_Open-R32-Angelique_Kerber-Victoria_Azarenka,Angelique Kerber,ApproachRallies,6,4,3,1,1,0,1,36
20150905-W-US_Open-R32-Angelique_Kerber-Victoria_Azarenka,Victoria Azarenka,NetPoints,49,34,26,7,2,12,1,422
20150905-W-US_Open-R32-Angelique_Kerber-Victoria_Azarenka,Victoria Azarenka,Approach,22,13,8,4,0,9,0,203
20150905-W-US_Open-R32-Angelique_Kerber-Victoria_Azarenka,Victoria Azarenka,NetPointsRallies,49,34,26,7,2,12,1,422
20150905-W-US_Open-R32-Angelique_Kerber-Victoria_Azarenka,Victoria Azarenka,ApproachRallies,22,13,8,4,0,9,0,203
20150904-W-US_Open-R32-Venus_Williams-Belinda_Bencic,Venus Williams,NetPoints,21,18,13,5,1,0,2,103
20150904-W-US_Open-R32-Venus_Williams-Belinda_Bencic,Venus Williams,Approach,17,15,10,5,0,0,2,89
20150904-W-US_Open-R32-Venus_Williams-Belinda_Bencic,Venus Williams,NetPointsRallies,21,18,13,5,1,0,2,103
20150904-W-US_Open-R32-Venus_Williams-Belinda_Bencic,Venus Williams,ApproachRallies,17,15,10,5,0,0,2,89
20150904-W-US_Open-R32-Venus_Williams-Belinda_Bencic,Belinda Bencic,NetPoints,4,3,2,1,1,0,0,20
20150904-W-US_Open-R32-Venus_Williams-Belinda_Bencic,Belinda Bencic,Approach,4,3,2,1,1,0,0,20
20150904-W-US_Open-R32-Venus_Williams-Belinda_Bencic,Belinda Bencic,NetPointsRallies,4,3,2,1,1,0,0,20
20150904-W-US_Open-R32-Venus_Williams-Belinda_Bencic,Belinda Bencic,ApproachRallies,4,3,2,1,1,0,0,20
20150904-W-US_Open-R32-Dominika_Cibulkova-Eugenie_Bouchard,Dominika Cibulkova,NetPoints,13,11,7,4,1,0,1,80
20150904-W-US_Open-R32-Dominika_Cibulkova-Eugenie_Bouchard,Dominika Cibulkova,Approach,3,2,0,2,0,0,1,22
20150904-W-US_Open-R32-Dominika_Cibulkova-Eugenie_Bouchard,Dominika Cibulkova,NetPointsRallies,13,11,7,4,1,0,1,80
20150904-W-US_Open-R32-Dominika_Cibulkova-Eugenie_Bouchard,Dominika Cibulkova,ApproachRallies,3,2,0,2,0,0,1,22
20150904-W-US_Open-R32-Dominika_Cibulkova-Eugenie_Bouchard,Eugenie Bouchard,NetPoints,16,11,7,4,1,2,2,94
20150904-W-US_Open-R32-Dominika_Cibulkova-Eugenie_Bouchard,Eugenie Bouchard,Approach,3,2,1,1,0,0,1,18
20150904-W-US_Open-R32-Dominika_Cibulkova-Eugenie_Bouchard,Eugenie Bouchard,NetPointsRallies,16,11,7,4,1,2,2,94
20150904-W-US_Open-R32-Dominika_Cibulkova-Eugenie_Bouchard,Eugenie Bouchard,ApproachRallies,3,2,1,1,0,0,1,18
20150904-W-US_Open-R32-Bethanie_Mattek_Sands-Serena_Williams,Bethanie Mattek Sands,NetPoints,21,10,6,4,0,9,1,92
20150904-W-US_Open-R32-Bethanie_Mattek_Sands-Serena_Williams,Bethanie Mattek Sands,Approach,13,5,2,3,0,6,1,54
20150904-W-US_Open-R32-Bethanie_Mattek_Sands-Serena_Williams,Bethanie Mattek Sands,NetPointsRallies,19,9,6,3,0,9,1,87
20150904-W-US_Open-R32-Bethanie_Mattek_Sands-Serena_Williams,Bethanie Mattek Sands,ApproachRallies,11,4,2,2,0,6,1,49
20150904-W-US_Open-R32-Bethanie_Mattek_Sands-Serena_Williams,Serena Williams,NetPoints,27,20,15,4,3,2,2,167
20150904-W-US_Open-R32-Bethanie_Mattek_Sands-Serena_Williams,Serena Williams,Approach,15,11,7,3,2,1,1,79
20150904-W-US_Open-R32-Bethanie_Mattek_Sands-Serena_Williams,Serena Williams,NetPointsRallies,27,20,15,4,3,2,2,167
20150904-W-US_Open-R32-Bethanie_Mattek_Sands-Serena_Williams,Serena Williams,ApproachRallies,15,11,7,3,2,1,1,79
20150903-W-US_Open-R64-Caroline_Wozniacki-Petra_Cetkovska,Caroline Wozniacki,NetPoints,20,15,11,2,1,4,0,207
20150903-W-US_Open-R64-Caroline_Wozniacki-Petra_Cetkovska,Caroline Wozniacki,Approach,4,4,3,1,0,0,0,38
20150903-W-US_Open-R64-Caroline_Wozniacki-Petra_Cetkovska,Caroline Wozniacki,NetPointsRallies,20,15,11,2,1,4,0,207
20150903-W-US_Open-R64-Caroline_Wozniacki-Petra_Cetkovska,Caroline Wozniacki,ApproachRallies,4,4,3,1,0,0,0,38
20150903-W-US_Open-R64-Caroline_Wozniacki-Petra_Cetkovska,Petra Cetkovska,NetPoints,31,25,21,3,3,2,1,279
20150903-W-US_Open-R64-Caroline_Wozniacki-Petra_Cetkovska,Petra Cetkovska,Approach,21,16,13,2,2,2,1,189
20150903-W-US_Open-R64-Caroline_Wozniacki-Petra_Cetkovska,Petra Cetkovska,NetPointsRallies,31,25,21,3,3,2,1,279
20150903-W-US_Open-R64-Caroline_Wozniacki-Petra_Cetkovska,Petra Cetkovska,ApproachRallies,21,16,13,2,2,2,1,189
20150902-W-US_Open-R64-Serena_Williams-Kiki_Bertens,Serena Williams,NetPoints,13,7,4,1,3,3,0,85
20150902-W-US_Open-R64-Serena_Williams-Kiki_Bertens,Serena Williams,Approach,5,2,1,0,1,2,0,34
20150902-W-US_Open-R64-Serena_Williams-Kiki_Bertens,Serena Williams,NetPointsRallies,13,7,4,1,3,3,0,85
20150902-W-US_Open-R64-Serena_Williams-Kiki_Bertens,Serena Williams,ApproachRallies,5,2,1,0,1,2,0,34
20150902-W-US_Open-R64-Serena_Williams-Kiki_Bertens,Kiki Bertens,NetPoints,7,5,3,2,1,1,0,37
20150902-W-US_Open-R64-Serena_Williams-Kiki_Bertens,Kiki Bertens,Approach,5,3,1,2,1,1,0,24
20150902-W-US_Open-R64-Serena_Williams-Kiki_Bertens,Kiki Bertens,NetPointsRallies,7,5,3,2,1,1,0,37
20150902-W-US_Open-R64-Serena_Williams-Kiki_Bertens,Kiki Bertens,ApproachRallies,5,3,1,2,1,1,0,24
20150902-W-US_Open-R64-Mariana_Duque_Marino-Oceane_Dodin,Mariana Duque Marino,NetPoints,14,11,8,2,1,2,0,110
20150902-W-US_Open-R64-Mariana_Duque_Marino-Oceane_Dodin,Mariana Duque Marino,Approach,8,5,4,1,1,2,0,59
20150902-W-US_Open-R64-Mariana_Duque_Marino-Oceane_Dodin,Mariana Duque Marino,NetPointsRallies,14,11,8,2,1,2,0,110
20150902-W-US_Open-R64-Mariana_Duque_Marino-Oceane_Dodin,Mariana Duque Marino,ApproachRallies,8,5,4,1,1,2,0,59
20150902-W-US_Open-R64-Mariana_Duque_Marino-Oceane_Dodin,Oceane Dodin,NetPoints,16,10,5,4,3,3,0,95
20150902-W-US_Open-R64-Mariana_Duque_Marino-Oceane_Dodin,Oceane Dodin,Approach,8,6,4,2,2,0,0,33
20150902-W-US_Open-R64-Mariana_Duque_Marino-Oceane_Dodin,Oceane Dodin,NetPointsRallies,16,10,5,4,3,3,0,95
20150902-W-US_Open-R64-Mariana_Duque_Marino-Oceane_Dodin,Oceane Dodin,ApproachRallies,8,6,4,2,2,0,0,33
20150902-W-US_Open-R64-Eugenie_Bouchard-Polona_Hercog,Eugenie Bouchard,NetPoints,27,14,10,4,6,6,1,209
20150902-W-US_Open-R64-Eugenie_Bouchard-Polona_Hercog,Eugenie Bouchard,Approach,10,4,3,1,2,3,1,76
20150902-W-US_Open-R64-Eugenie_Bouchard-Polona_Hercog,Eugenie Bouchard,NetPointsRallies,27,14,10,4,6,6,1,209
20150902-W-US_Open-R64-Eugenie_Bouchard-Polona_Hercog,Eugenie Bouchard,ApproachRallies,10,4,3,1,2,3,1,76
20150902-W-US_Open-R64-Eugenie_Bouchard-Polona_Hercog,Polona Hercog,NetPoints,7,4,1,3,0,2,1,52
20150902-W-US_Open-R64-Eugenie_Bouchard-Polona_Hercog,Polona Hercog,Approach,4,2,0,2,0,2,0,26
20150902-W-US_Open-R64-Eugenie_Bouchard-Polona_Hercog,Polona Hercog,NetPointsRallies,7,4,1,3,0,2,1,52
20150902-W-US_Open-R64-Eugenie_Bouchard-Polona_Hercog,Polona Hercog,ApproachRallies,4,2,0,2,0,2,0,26
20150831-W-US_Open-R128-Serena_Williams-Vitalia_Diatchenko,Serena Williams,NetPoints,1,1,1,0,0,0,0,7
20150831-W-US_Open-R128-Serena_Williams-Vitalia_Diatchenko,Serena Williams,Approach,1,1,1,0,0,0,0,7
20150831-W-US_Open-R128-Serena_Williams-Vitalia_Diatchenko,Serena Williams,NetPointsRallies,1,1,1,0,0,0,0,7
20150831-W-US_Open-R128-Serena_Williams-Vitalia_Diatchenko,Serena Williams,ApproachRallies,1,1,1,0,0,0,0,7
20150831-W-US_Open-R128-Serena_Williams-Vitalia_Diatchenko,Vitalia Diatchenko,NetPoints,1,1,1,0,0,0,0,3
20150831-W-US_Open-R128-Serena_Williams-Vitalia_Diatchenko,Vitalia Diatchenko,Approach,1,1,1,0,0,0,0,3
20150831-W-US_Open-R128-Serena_Williams-Vitalia_Diatchenko,Vitalia Diatchenko,NetPointsRallies,1,1,1,0,0,0,0,3
20150831-W-US_Open-R128-Serena_Williams-Vitalia_Diatchenko,Vitalia Diatchenko,ApproachRallies,1,1,1,0,0,0,0,3
20150831-W-US_Open-R128-Eugenie_Bouchard-Alison_Riske_Amritraj,Eugenie Bouchard,NetPoints,11,7,3,3,3,1,0,59
20150831-W-US_Open-R128-Eugenie_Bouchard-Alison_Riske_Amritraj,Eugenie Bouchard,Approach,4,3,0,3,1,0,0,17
20150831-W-US_Open-R128-Eugenie_Bouchard-Alison_Riske_Amritraj,Eugenie Bouchard,NetPointsRallies,11,7,3,3,3,1,0,59
20150831-W-US_Open-R128-Eugenie_Bouchard-Alison_Riske_Amritraj,Eugenie Bouchard,ApproachRallies,4,3,0,3,1,0,0,17
20150831-W-US_Open-R128-Eugenie_Bouchard-Alison_Riske_Amritraj,Alison Riske Amritraj,NetPoints,10,8,6,2,0,2,0,80
20150831-W-US_Open-R128-Eugenie_Bouchard-Alison_Riske_Amritraj,Alison Riske Amritraj,Approach,2,1,0,1,0,1,0,9
20150831-W-US_Open-R128-Eugenie_Bouchard-Alison_Riske_Amritraj,Alison Riske Amritraj,NetPointsRallies,10,8,6,2,0,2,0,80
20150831-W-US_Open-R128-Eugenie_Bouchard-Alison_Riske_Amritraj,Alison Riske Amritraj,ApproachRallies,2,1,0,1,0,1,0,9
20150831-W-US_Open-R128-Dominika_Cibulkova-Ana_Ivanovic,Dominika Cibulkova,NetPoints,13,10,9,1,2,0,0,101
20150831-W-US_Open-R128-Dominika_Cibulkova-Ana_Ivanovic,Dominika Cibulkova,Approach,6,4,4,0,2,0,0,49
20150831-W-US_Open-R128-Dominika_Cibulkova-Ana_Ivanovic,Dominika Cibulkova,NetPointsRallies,13,10,9,1,2,0,0,101
20150831-W-US_Open-R128-Dominika_Cibulkova-Ana_Ivanovic,Dominika Cibulkova,ApproachRallies,6,4,4,0,2,0,0,49
20150831-W-US_Open-R128-Dominika_Cibulkova-Ana_Ivanovic,Ana Ivanovic,NetPoints,9,7,3,0,0,2,0,50
20150831-W-US_Open-R128-Dominika_Cibulkova-Ana_Ivanovic,Ana Ivanovic,Approach,4,4,1,0,0,0,0,19
20150831-W-US_Open-R128-Dominika_Cibulkova-Ana_Ivanovic,Ana Ivanovic,NetPointsRallies,9,7,3,0,0,2,0,50
20150831-W-US_Open-R128-Dominika_Cibulkova-Ana_Ivanovic,Ana Ivanovic,ApproachRallies,4,4,1,0,0,0,0,19
20150831-W-US_Open-R128-Alison_Van_Uytvanck-Jessica_Pegula,Alison Van Uytvanck,NetPoints,13,7,4,3,5,1,0,70
20150831-W-US_Open-R128-Alison_Van_Uytvanck-Jessica_Pegula,Alison Van Uytvanck,Approach,8,4,2,2,4,0,0,41
20150831-W-US_Open-R128-Alison_Van_Uytvanck-Jessica_Pegula,Alison Van Uytvanck,NetPointsRallies,13,7,4,3,5,1,0,70
20150831-W-US_Open-R128-Alison_Van_Uytvanck-Jessica_Pegula,Alison Van Uytvanck,ApproachRallies,8,4,2,2,4,0,0,41
20150831-W-US_Open-R128-Alison_Van_Uytvanck-Jessica_Pegula,Jessica Pegula,NetPoints,5,3,2,0,0,1,1,36
20150831-W-US_Open-R128-Alison_Van_Uytvanck-Jessica_Pegula,Jessica Pegula,Approach,3,1,0,0,0,1,1,22
20150831-W-US_Open-R128-Alison_Van_Uytvanck-Jessica_Pegula,Jessica Pegula,NetPointsRallies,5,3,2,0,0,1,1,36
20150831-W-US_Open-R128-Alison_Van_Uytvanck-Jessica_Pegula,Jessica Pegula,ApproachRallies,3,1,0,0,0,1,1,22
20150131-W-Australian_Open-F-Maria_Sharapova-Serena_Williams,Maria Sharapova,NetPoints,4,3,0,2,1,0,0,44
20150131-W-Australian_Open-F-Maria_Sharapova-Serena_Williams,Maria Sharapova,Approach,2,2,0,1,0,0,0,19
20150131-W-Australian_Open-F-Maria_Sharapova-Serena_Williams,Maria Sharapova,NetPointsRallies,4,3,0,2,1,0,0,44
20150131-W-Australian_Open-F-Maria_Sharapova-Serena_Williams,Maria Sharapova,ApproachRallies,2,2,0,1,0,0,0,19
20150131-W-Australian_Open-F-Maria_Sharapova-Serena_Williams,Serena Williams,NetPoints,7,6,4,2,0,0,1,43
20150131-W-Australian_Open-F-Maria_Sharapova-Serena_Williams,Serena Williams,Approach,3,3,1,2,0,0,0,14
20150131-W-Australian_Open-F-Maria_Sharapova-Serena_Williams,Serena Williams,NetPointsRallies,7,6,4,2,0,0,1,43
20150131-W-Australian_Open-F-Maria_Sharapova-Serena_Williams,Serena Williams,ApproachRallies,3,3,1,2,0,0,0,14
20150129-W-Australian_Open-SF-Maria_Sharapova-Kate_Makarova,Maria Sharapova,NetPoints,4,4,3,0,0,0,0,33
20150129-W-Australian_Open-SF-Maria_Sharapova-Kate_Makarova,Maria Sharapova,Approach,3,3,2,0,0,0,0,23
20150129-W-Australian_Open-SF-Maria_Sharapova-Kate_Makarova,Maria Sharapova,NetPointsRallies,4,4,3,0,0,0,0,33
20150129-W-Australian_Open-SF-Maria_Sharapova-Kate_Makarova,Maria Sharapova,ApproachRallies,3,3,2,0,0,0,0,23
20150129-W-Australian_Open-SF-Maria_Sharapova-Kate_Makarova,Kate Makarova,NetPoints,5,5,4,1,0,0,0,33
20150129-W-Australian_Open-SF-Maria_Sharapova-Kate_Makarova,Kate Makarova,Approach,2,2,2,0,0,0,0,11
20150129-W-Australian_Open-SF-Maria_Sharapova-Kate_Makarova,Kate Makarova,NetPointsRallies,5,5,4,1,0,0,0,33
20150129-W-Australian_Open-SF-Maria_Sharapova-Kate_Makarova,Kate Makarova,ApproachRallies,2,2,2,0,0,0,0,11
20150127-W-Australian_Open-QF-Eugenie_Bouchard-Maria_Sharapova,Eugenie Bouchard,NetPoints,5,3,2,0,1,1,0,22
20150127-W-Australian_Open-QF-Eugenie_Bouchard-Maria_Sharapova,Eugenie Bouchard,Approach,5,3,2,0,1,1,0,22
20150127-W-Australian_Open-QF-Eugenie_Bouchard-Maria_Sharapova,Eugenie Bouchard,NetPointsRallies,5,3,2,0,1,1,0,22
20150127-W-Australian_Open-QF-Eugenie_Bouchard-Maria_Sharapova,Eugenie Bouchard,ApproachRallies,5,3,2,0,1,1,0,22
20150127-W-Australian_Open-QF-Eugenie_Bouchard-Maria_Sharapova,Maria Sharapova,NetPoints,7,6,6,0,1,0,0,35
20150127-W-Australian_Open-QF-Eugenie_Bouchard-Maria_Sharapova,Maria Sharapova,Approach,2,2,2,0,0,0,0,14
20150127-W-Australian_Open-QF-Eugenie_Bouchard-Maria_Sharapova,Maria Sharapova,NetPointsRallies,7,6,6,0,1,0,0,35
20150127-W-Australian_Open-QF-Eugenie_Bouchard-Maria_Sharapova,Maria Sharapova,ApproachRallies,2,2,2,0,0,0,0,14
20150125-W-Australian_Open-R16-Madison_Brengle-Madison_Keys,Madison Brengle,NetPoints,4,1,0,1,0,2,1,36
20150125-W-Australian_Open-R16-Madison_Brengle-Madison_Keys,Madison Brengle,Approach,3,1,0,1,0,1,1,31
20150125-W-Australian_Open-R16-Madison_Brengle-Madison_Keys,Madison Brengle,NetPointsRallies,4,1,0,1,0,2,1,36
20150125-W-Australian_Open-R16-Madison_Brengle-Madison_Keys,Madison Brengle,ApproachRallies,3,1,0,1,0,1,1,31
20150125-W-Australian_Open-R16-Madison_Brengle-Madison_Keys,Madison Keys,NetPoints,23,19,14,3,0,1,3,160
20150125-W-Australian_Open-R16-Madison_Brengle-Madison_Keys,Madison Keys,Approach,9,6,3,2,0,1,2,73
20150125-W-Australian_Open-R16-Madison_Brengle-Madison_Keys,Madison Keys,NetPointsRallies,23,19,14,3,0,1,3,160
20150125-W-Australian_Open-R16-Madison_Brengle-Madison_Keys,Madison Keys,ApproachRallies,9,6,3,2,0,1,2,73
20150125-W-Australian_Open-R16-Eugenie_Bouchard-Irina_Camelia_Begu,Eugenie Bouchard,NetPoints,8,5,4,0,1,1,1,65
20150125-W-Australian_Open-R16-Eugenie_Bouchard-Irina_Camelia_Begu,Eugenie Bouchard,Approach,5,2,1,0,1,1,1,35
20150125-W-Australian_Open-R16-Eugenie_Bouchard-Irina_Camelia_Begu,Eugenie Bouchard,NetPointsRallies,8,5,4,0,1,1,1,65
20150125-W-Australian_Open-R16-Eugenie_Bouchard-Irina_Camelia_Begu,Eugenie Bouchard,ApproachRallies,5,2,1,0,1,1,1,35
20150125-W-Australian_Open-R16-Eugenie_Bouchard-Irina_Camelia_Begu,Irina Camelia Begu,NetPoints,9,5,3,2,2,1,1,50
20150125-W-Australian_Open-R16-Eugenie_Bouchard-Irina_Camelia_Begu,Irina Camelia Begu,Approach,6,3,1,2,1,1,1,31
20150125-W-Australian_Open-R16-Eugenie_Bouchard-Irina_Camelia_Begu,Irina Camelia Begu,NetPointsRallies,9,5,3,2,2,1,1,50
20150125-W-Australian_Open-R16-Eugenie_Bouchard-Irina_Camelia_Begu,Irina Camelia Begu,ApproachRallies,6,3,1,2,1,1,1,31
20150125-W-Australian_Open-R16-Agnieszka_Radwanska-Venus_Williams,Agnieszka Radwanska,NetPoints,17,6,4,0,0,5,6,111
20150125-W-Australian_Open-R16-Agnieszka_Radwanska-Venus_Williams,Agnieszka Radwanska,Approach,16,5,3,0,0,5,6,104
20150125-W-Australian_Open-R16-Agnieszka_Radwanska-Venus_Williams,Agnieszka Radwanska,NetPointsRallies,17,6,4,0,0,5,6,111
20150125-W-Australian_Open-R16-Agnieszka_Radwanska-Venus_Williams,Agnieszka Radwanska,ApproachRallies,16,5,3,0,0,5,6,104
20150125-W-Australian_Open-R16-Agnieszka_Radwanska-Venus_Williams,Venus Williams,NetPoints,34,19,10,8,6,5,2,226
20150125-W-Australian_Open-R16-Agnieszka_Radwanska-Venus_Williams,Venus Williams,Approach,29,16,7,8,4,5,2,199
20150125-W-Australian_Open-R16-Agnieszka_Radwanska-Venus_Williams,Venus Williams,NetPointsRallies,32,17,10,6,6,5,2,220
20150125-W-Australian_Open-R16-Agnieszka_Radwanska-Venus_Williams,Venus Williams,ApproachRallies,27,14,7,6,4,5,2,193
20150125-W-Australian_Open-QF-Dominika_Cibulkova-Serena_Williams,Dominika Cibulkova,NetPoints,5,3,2,1,1,1,0,51
20150125-W-Australian_Open-QF-Dominika_Cibulkova-Serena_Williams,Dominika Cibulkova,Approach,4,2,1,1,1,1,0,44
20150125-W-Australian_Open-QF-Dominika_Cibulkova-Serena_Williams,Dominika Cibulkova,NetPointsRallies,5,3,2,1,1,1,0,51
20150125-W-Australian_Open-QF-Dominika_Cibulkova-Serena_Williams,Dominika Cibulkova,ApproachRallies,4,2,1,1,1,1,0,44
20150125-W-Australian_Open-QF-Dominika_Cibulkova-Serena_Williams,Serena Williams,NetPoints,3,3,3,0,0,0,0,37
20150125-W-Australian_Open-QF-Dominika_Cibulkova-Serena_Williams,Serena Williams,NetPointsRallies,3,3,3,0,0,0,0,37
20150124-W-Australian_Open-R32-Petra_Kvitova-Madison_Keys,Petra Kvitova,NetPoints,14,10,7,0,3,1,0,78
20150124-W-Australian_Open-R32-Petra_Kvitova-Madison_Keys,Petra Kvitova,Approach,7,5,2,0,2,0,0,40
20150124-W-Australian_Open-R32-Petra_Kvitova-Madison_Keys,Petra Kvitova,NetPointsRallies,14,10,7,0,3,1,0,78
20150124-W-Australian_Open-R32-Petra_Kvitova-Madison_Keys,Petra Kvitova,ApproachRallies,7,5,2,0,2,0,0,40
20150124-W-Australian_Open-R32-Petra_Kvitova-Madison_Keys,Madison Keys,NetPoints,2,1,1,0,0,1,0,15
20150124-W-Australian_Open-R32-Petra_Kvitova-Madison_Keys,Madison Keys,Approach,1,0,0,0,0,1,0,8
20150124-W-Australian_Open-R32-Petra_Kvitova-Madison_Keys,Madison Keys,NetPointsRallies,2,1,1,0,0,1,0,15
20150124-W-Australian_Open-R32-Petra_Kvitova-Madison_Keys,Madison Keys,ApproachRallies,1,0,0,0,0,1,0,8
20150123-W-Australian_Open-R32-Zarina_Diyas-Maria_Sharapova,Zarina Diyas,NetPoints,3,1,1,0,1,0,1,16
20150123-W-Australian_Open-R32-Zarina_Diyas-Maria_Sharapova,Zarina Diyas,NetPointsRallies,3,1,1,0,1,0,1,16
20150123-W-Australian_Open-R32-Zarina_Diyas-Maria_Sharapova,Maria Sharapova,NetPoints,10,8,6,1,1,0,1,64
20150123-W-Australian_Open-R32-Zarina_Diyas-Maria_Sharapova,Maria Sharapova,NetPointsRallies,10,8,6,1,1,0,1,64
20150123-W-Australian_Open-R32-Eugenie_Bouchard-Caroline_Garcia,Eugenie Bouchard,NetPoints,3,2,1,1,1,0,0,19
20150123-W-Australian_Open-R32-Eugenie_Bouchard-Caroline_Garcia,Eugenie Bouchard,Approach,2,2,1,1,0,0,0,13
20150123-W-Australian_Open-R32-Eugenie_Bouchard-Caroline_Garcia,Eugenie Bouchard,NetPointsRallies,3,2,1,1,1,0,0,19
20150123-W-Australian_Open-R32-Eugenie_Bouchard-Caroline_Garcia,Eugenie Bouchard,ApproachRallies,2,2,1,1,0,0,0,13
20150123-W-Australian_Open-R32-Eugenie_Bouchard-Caroline_Garcia,Caroline Garcia,NetPoints,17,13,4,4,4,0,0,99
20150123-W-Australian_Open-R32-Eugenie_Bouchard-Caroline_Garcia,Caroline Garcia,Approach,17,13,4,4,4,0,0,99
20150123-W-Australian_Open-R32-Eugenie_Bouchard-Caroline_Garcia,Caroline Garcia,NetPointsRallies,17,13,4,4,4,0,0,99
20150123-W-Australian_Open-R32-Eugenie_Bouchard-Caroline_Garcia,Caroline Garcia,ApproachRallies,17,13,4,4,4,0,0,99
20150122-W-Australian_Open-R64-Samantha_Stosur-Coco_Vandeweghe,Samantha Stosur,NetPoints,8,4,4,0,1,3,0,53
20150122-W-Australian_Open-R64-Samantha_Stosur-Coco_Vandeweghe,Samantha Stosur,Approach,5,3,3,0,0,2,0,38
20150122-W-Australian_Open-R64-Samantha_Stosur-Coco_Vandeweghe,Samantha Stosur,NetPointsRallies,8,4,4,0,1,3,0,53
20150122-W-Australian_Open-R64-Samantha_Stosur-Coco_Vandeweghe,Samantha Stosur,ApproachRallies,5,3,3,0,0,2,0,38
20150122-W-Australian_Open-R64-Samantha_Stosur-Coco_Vandeweghe,Coco Vandeweghe,NetPoints,9,4,4,0,2,0,2,48
20150122-W-Australian_Open-R64-Samantha_Stosur-Coco_Vandeweghe,Coco Vandeweghe,Approach,7,3,3,0,2,0,1,35
20150122-W-Australian_Open-R64-Samantha_Stosur-Coco_Vandeweghe,Coco Vandeweghe,NetPointsRallies,6,3,3,0,1,0,2,41
20150122-W-Australian_Open-R64-Samantha_Stosur-Coco_Vandeweghe,Coco Vandeweghe,ApproachRallies,4,2,2,0,1,0,1,28
20150122-W-Australian_Open-R64-Daniela_Hantuchova-Garbine_Muguruza,Daniela Hantuchova,NetPoints,8,4,3,1,3,1,0,39
20150122-W-Australian_Open-R64-Daniela_Hantuchova-Garbine_Muguruza,Daniela Hantuchova,Approach,5,3,2,1,1,1,0,27
20150122-W-Australian_Open-R64-Daniela_Hantuchova-Garbine_Muguruza,Daniela Hantuchova,NetPointsRallies,8,4,3,1,3,1,0,39
20150122-W-Australian_Open-R64-Daniela_Hantuchova-Garbine_Muguruza,Daniela Hantuchova,ApproachRallies,5,3,2,1,1,1,0,27
20150122-W-Australian_Open-R64-Daniela_Hantuchova-Garbine_Muguruza,Garbine Muguruza,NetPoints,13,8,7,1,1,4,0,69
20150122-W-Australian_Open-R64-Daniela_Hantuchova-Garbine_Muguruza,Garbine Muguruza,Approach,11,6,5,1,1,4,0,58
20150122-W-Australian_Open-R64-Daniela_Hantuchova-Garbine_Muguruza,Garbine Muguruza,NetPointsRallies,13,8,7,1,1,4,0,69
20150122-W-Australian_Open-R64-Daniela_Hantuchova-Garbine_Muguruza,Garbine Muguruza,ApproachRallies,11,6,5,1,1,4,0,58
20150121-W-Australian_Open-R64-Eugenie_Bouchard-Kiki_Bertens,Eugenie Bouchard,NetPoints,10,7,4,3,1,2,0,62
20150121-W-Australian_Open-R64-Eugenie_Bouchard-Kiki_Bertens,Eugenie Bouchard,Approach,5,5,2,3,0,0,0,32
20150121-W-Australian_Open-R64-Eugenie_Bouchard-Kiki_Bertens,Eugenie Bouchard,NetPointsRallies,10,7,4,3,1,2,0,62
20150121-W-Australian_Open-R64-Eugenie_Bouchard-Kiki_Bertens,Eugenie Bouchard,ApproachRallies,5,5,2,3,0,0,0,32
20150121-W-Australian_Open-R64-Eugenie_Bouchard-Kiki_Bertens,Kiki Bertens,NetPoints,16,9,4,2,5,1,1,83
20150121-W-Australian_Open-R64-Eugenie_Bouchard-Kiki_Bertens,Kiki Bertens,Approach,12,6,1,2,4,1,1,61
20150121-W-Australian_Open-R64-Eugenie_Bouchard-Kiki_Bertens,Kiki Bertens,NetPointsRallies,15,8,4,2,5,1,1,82
20150121-W-Australian_Open-R64-Eugenie_Bouchard-Kiki_Bertens,Kiki Bertens,ApproachRallies,11,5,1,2,4,1,1,60
20150121-W-Australian_Open-R64-Agnieszka_Radwanska-Johanna_Larsson,Agnieszka Radwanska,NetPoints,11,11,5,1,0,0,0,75
20150121-W-Australian_Open-R64-Agnieszka_Radwanska-Johanna_Larsson,Agnieszka Radwanska,Approach,8,8,3,0,0,0,0,60
20150121-W-Australian_Open-R64-Agnieszka_Radwanska-Johanna_Larsson,Agnieszka Radwanska,NetPointsRallies,10,10,5,1,0,0,0,74
20150121-W-Australian_Open-R64-Agnieszka_Radwanska-Johanna_Larsson,Agnieszka Radwanska,ApproachRallies,7,7,3,0,0,0,0,59
20150121-W-Australian_Open-R64-Agnieszka_Radwanska-Johanna_Larsson,Johanna Larsson,NetPoints,11,4,3,1,2,3,1,92
20150121-W-Australian_Open-R64-Agnieszka_Radwanska-Johanna_Larsson,Johanna Larsson,Approach,8,3,2,1,1,3,1,65
20150121-W-Australian_Open-R64-Agnieszka_Radwanska-Johanna_Larsson,Johanna Larsson,NetPointsRallies,11,4,3,1,2,3,1,92
20150121-W-Australian_Open-R64-Agnieszka_Radwanska-Johanna_Larsson,Johanna Larsson,ApproachRallies,8,3,2,1,1,3,1,65
20150120-W-Australian_Open-R128-Andrea_Petkovic-Madison_Brengle,Andrea Petkovic,NetPoints,24,16,12,4,4,2,2,201
20150120-W-Australian_Open-R128-Andrea_Petkovic-Madison_Brengle,Andrea Petkovic,Approach,18,11,7,4,4,1,2,152
20150120-W-Australian_Open-R128-Andrea_Petkovic-Madison_Brengle,Andrea Petkovic,NetPointsRallies,24,16,12,4,4,2,2,201
20150120-W-Australian_Open-R128-Andrea_Petkovic-Madison_Brengle,Andrea Petkovic,ApproachRallies,18,11,7,4,4,1,2,152
20150120-W-Australian_Open-R128-Andrea_Petkovic-Madison_Brengle,Madison Brengle,NetPoints,18,11,7,4,2,3,2,170
20150120-W-Australian_Open-R128-Andrea_Petkovic-Madison_Brengle,Madison Brengle,Approach,13,8,5,3,1,3,1,121
20150120-W-Australian_Open-R128-Andrea_Petkovic-Madison_Brengle,Madison Brengle,NetPointsRallies,18,11,7,4,2,3,2,170
20150120-W-Australian_Open-R128-Andrea_Petkovic-Madison_Brengle,Madison Brengle,ApproachRallies,13,8,5,3,1,3,1,121
20150120-W-Australian_Open-R128-Agnieszka_Radwanska-Kurumi_Nara,Agnieszka Radwanska,NetPoints,10,6,5,1,2,2,0,88
20150120-W-Australian_Open-R128-Agnieszka_Radwanska-Kurumi_Nara,Agnieszka Radwanska,Approach,3,1,1,0,2,0,0,22
20150120-W-Australian_Open-R128-Agnieszka_Radwanska-Kurumi_Nara,Agnieszka Radwanska,NetPointsRallies,10,6,5,1,2,2,0,88
20150120-W-Australian_Open-R128-Agnieszka_Radwanska-Kurumi_Nara,Agnieszka Radwanska,ApproachRallies,3,1,1,0,2,0,0,22
20150120-W-Australian_Open-R128-Agnieszka_Radwanska-Kurumi_Nara,Kurumi Nara,NetPoints,9,7,6,1,0,0,1,94
20150120-W-Australian_Open-R128-Agnieszka_Radwanska-Kurumi_Nara,Kurumi Nara,Approach,2,2,1,1,0,0,0,15
20150120-W-Australian_Open-R128-Agnieszka_Radwanska-Kurumi_Nara,Kurumi Nara,NetPointsRallies,9,7,6,1,0,0,1,94
20150120-W-Australian_Open-R128-Agnieszka_Radwanska-Kurumi_Nara,Kurumi Nara,ApproachRallies,2,2,1,1,0,0,0,15
20150119-W-Australian_Open-R128-Venus_Williams-Maria_Teresa_Torro_Flor,Venus Williams,NetPoints,6,5,2,3,0,1,0,38
20150119-W-Australian_Open-R128-Venus_Williams-Maria_Teresa_Torro_Flor,Venus Williams,Approach,5,4,2,2,0,1,0,33
20150119-W-Australian_Open-R128-Venus_Williams-Maria_Teresa_Torro_Flor,Venus Williams,NetPointsRallies,6,5,2,3,0,1,0,38
20150119-W-Australian_Open-R128-Venus_Williams-Maria_Teresa_Torro_Flor,Venus Williams,ApproachRallies,5,4,2,2,0,1,0,33
20150119-W-Australian_Open-R128-Venus_Williams-Maria_Teresa_Torro_Flor,Maria Teresa Torro Flor,NetPoints,3,2,2,0,0,0,1,20
20150119-W-Australian_Open-R128-Venus_Williams-Maria_Teresa_Torro_Flor,Maria Teresa Torro Flor,NetPointsRallies,3,2,2,0,0,0,1,20
20150119-W-Australian_Open-R128-Sloane_Stephens-Victoria_Azarenka,Sloane Stephens,NetPoints,8,4,3,1,3,1,0,49
20150119-W-Australian_Open-R128-Sloane_Stephens-Victoria_Azarenka,Sloane Stephens,Approach,1,0,0,0,1,0,0,4
20150119-W-Australian_Open-R128-Sloane_Stephens-Victoria_Azarenka,Sloane Stephens,NetPointsRallies,8,4,3,1,3,1,0,49
20150119-W-Australian_Open-R128-Sloane_Stephens-Victoria_Azarenka,Sloane Stephens,ApproachRallies,1,0,0,0,1,0,0,4
20150119-W-Australian_Open-R128-Sloane_Stephens-Victoria_Azarenka,Victoria Azarenka,NetPoints,13,11,6,4,1,0,0,102
20150119-W-Australian_Open-R128-Sloane_Stephens-Victoria_Azarenka,Victoria Azarenka,Approach,9,8,3,4,0,0,0,63
20150119-W-Australian_Open-R128-Sloane_Stephens-Victoria_Azarenka,Victoria Azarenka,NetPointsRallies,13,11,6,4,1,0,0,102
20150119-W-Australian_Open-R128-Sloane_Stephens-Victoria_Azarenka,Victoria Azarenka,ApproachRallies,9,8,3,4,0,0,0,63
20150119-W-Australian_Open-R128-Monica_Puig-Arina_Rodionova,Monica Puig,NetPoints,10,6,4,2,4,0,0,64
20150119-W-Australian_Open-R128-Monica_Puig-Arina_Rodionova,Monica Puig,Approach,7,4,3,1,3,0,0,45
20150119-W-Australian_Open-R128-Monica_Puig-Arina_Rodionova,Monica Puig,NetPointsRallies,10,6,4,2,4,0,0,64
20150119-W-Australian_Open-R128-Monica_Puig-Arina_Rodionova,Monica Puig,ApproachRallies,7,4,3,1,3,0,0,45
20150119-W-Australian_Open-R128-Monica_Puig-Arina_Rodionova,Arina Rodionova,NetPoints,4,3,2,0,1,0,0,29
20150119-W-Australian_Open-R128-Monica_Puig-Arina_Rodionova,Arina Rodionova,Approach,4,3,2,0,1,0,0,29
20150119-W-Australian_Open-R128-Monica_Puig-Arina_Rodionova,Arina Rodionova,NetPointsRallies,4,3,2,0,1,0,0,29
20150119-W-Australian_Open-R128-Monica_Puig-Arina_Rodionova,Arina Rodionova,ApproachRallies,4,3,2,0,1,0,0,29
20150119-W-Australian_Open-R128-Magdalena_Rybarikova-Ana_Konjuh,Magdalena Rybarikova,NetPoints,11,5,2,2,0,5,1,52
20150119-W-Australian_Open-R128-Magdalena_Rybarikova-Ana_Konjuh,Magdalena Rybarikova,Approach,7,3,0,2,0,3,1,26
20150119-W-Australian_Open-R128-Magdalena_Rybarikova-Ana_Konjuh,Magdalena Rybarikova,NetPointsRallies,6,3,2,0,0,3,0,34
20150119-W-Australian_Open-R128-Magdalena_Rybarikova-Ana_Konjuh,Magdalena Rybarikova,ApproachRallies,2,1,0,0,0,1,0,8
20150119-W-Australian_Open-R128-Magdalena_Rybarikova-Ana_Konjuh,Ana Konjuh,NetPoints,20,14,13,0,4,1,0,113
20150119-W-Australian_Open-R128-Magdalena_Rybarikova-Ana_Konjuh,Ana Konjuh,Approach,13,8,7,0,3,1,0,79
20150119-W-Australian_Open-R128-Magdalena_Rybarikova-Ana_Konjuh,Ana Konjuh,NetPointsRallies,20,14,13,0,4,1,0,113
20150119-W-Australian_Open-R128-Magdalena_Rybarikova-Ana_Konjuh,Ana Konjuh,ApproachRallies,13,8,7,0,3,1,0,79
20150119-W-Australian_Open-R128-Julia_Goerges-Belinda_Bencic,Julia Goerges,NetPoints,15,11,9,1,4,0,0,90
20150119-W-Australian_Open-R128-Julia_Goerges-Belinda_Bencic,Julia Goerges,Approach,12,9,7,1,3,0,0,74
20150119-W-Australian_Open-R128-Julia_Goerges-Belinda_Bencic,Julia Goerges,NetPointsRallies,15,11,9,1,4,0,0,90
20150119-W-Australian_Open-R128-Julia_Goerges-Belinda_Bencic,Julia Goerges,ApproachRallies,12,9,7,1,3,0,0,74
20150119-W-Australian_Open-R128-Julia_Goerges-Belinda_Bencic,Belinda Bencic,NetPoints,2,1,1,0,0,0,0,16
20150119-W-Australian_Open-R128-Julia_Goerges-Belinda_Bencic,Belinda Bencic,NetPointsRallies,2,1,1,0,0,0,0,16
20150119-W-Australian_Open-R128-Carina_Witthoeft-Carla_Suarez_Navarro,Carina Witthoeft,NetPoints,3,1,0,0,1,1,0,16
20150119-W-Australian_Open-R128-Carina_Witthoeft-Carla_Suarez_Navarro,Carina Witthoeft,Approach,1,1,0,0,0,0,0,6
20150119-W-Australian_Open-R128-Carina_Witthoeft-Carla_Suarez_Navarro,Carina Witthoeft,NetPointsRallies,3,1,0,0,1,1,0,16
20150119-W-Australian_Open-R128-Carina_Witthoeft-Carla_Suarez_Navarro,Carina Witthoeft,ApproachRallies,1,1,0,0,0,0,0,6
20150119-W-Australian_Open-R128-Carina_Witthoeft-Carla_Suarez_Navarro,Carla Suarez Navarro,NetPoints,3,3,2,1,0,0,0,16
20150119-W-Australian_Open-R128-Carina_Witthoeft-Carla_Suarez_Navarro,Carla Suarez Navarro,Approach,2,2,1,1,0,0,0,13
20150119-W-Australian_Open-R128-Carina_Witthoeft-Carla_Suarez_Navarro,Carla Suarez Navarro,NetPointsRallies,3,3,2,1,0,0,0,16
20150119-W-Australian_Open-R128-Carina_Witthoeft-Carla_Suarez_Navarro,Carla Suarez Navarro,ApproachRallies,2,2,1,1,0,0,0,13
20140907-W-US_Open-F-Serena_Williams-Caroline_Wozniacki,Serena Williams,NetPoints,14,12,11,1,2,0,0,97
20140907-W-US_Open-F-Serena_Williams-Caroline_Wozniacki,Serena Williams,Approach,11,9,8,1,2,0,0,72
20140907-W-US_Open-F-Serena_Williams-Caroline_Wozniacki,Serena Williams,NetPointsRallies,14,12,11,1,2,0,0,97
20140907-W-US_Open-F-Serena_Williams-Caroline_Wozniacki,Serena Williams,ApproachRallies,11,9,8,1,2,0,0,72
20140907-W-US_Open-F-Serena_Williams-Caroline_Wozniacki,Caroline Wozniacki,NetPoints,4,3,0,2,1,0,0,21
20140907-W-US_Open-F-Serena_Williams-Caroline_Wozniacki,Caroline Wozniacki,Approach,4,3,0,2,1,0,0,21
20140907-W-US_Open-F-Serena_Williams-Caroline_Wozniacki,Caroline Wozniacki,NetPointsRallies,4,3,0,2,1,0,0,21
20140907-W-US_Open-F-Serena_Williams-Caroline_Wozniacki,Caroline Wozniacki,ApproachRallies,4,3,0,2,1,0,0,21
20140903-W-US_Open-QF-Serena_Williams-Flavia_Pennetta,Serena Williams,NetPoints,7,5,3,1,1,1,0,35
20140903-W-US_Open-QF-Serena_Williams-Flavia_Pennetta,Serena Williams,Approach,1,1,0,0,0,0,0,6
20140903-W-US_Open-QF-Serena_Williams-Flavia_Pennetta,Serena Williams,NetPointsRallies,7,5,3,1,1,1,0,35
20140903-W-US_Open-QF-Serena_Williams-Flavia_Pennetta,Serena Williams,ApproachRallies,1,1,0,0,0,0,0,6
20140903-W-US_Open-QF-Serena_Williams-Flavia_Pennetta,Flavia Pennetta,NetPoints,3,0,0,0,2,1,0,8
20140903-W-US_Open-QF-Serena_Williams-Flavia_Pennetta,Flavia Pennetta,Approach,3,0,0,0,2,1,0,8
20140903-W-US_Open-QF-Serena_Williams-Flavia_Pennetta,Flavia Pennetta,NetPointsRallies,3,0,0,0,2,1,0,8
20140903-W-US_Open-QF-Serena_Williams-Flavia_Pennetta,Flavia Pennetta,ApproachRallies,3,0,0,0,2,1,0,8
20140902-W-US_Open-QF-Caroline_Wozniacki-Sara_Errani,Caroline Wozniacki,NetPoints,9,6,5,1,0,1,0,77
20140902-W-US_Open-QF-Caroline_Wozniacki-Sara_Errani,Caroline Wozniacki,Approach,3,3,2,1,0,0,0,25
20140902-W-US_Open-QF-Caroline_Wozniacki-Sara_Errani,Caroline Wozniacki,NetPointsRallies,9,6,5,1,0,1,0,77
20140902-W-US_Open-QF-Caroline_Wozniacki-Sara_Errani,Caroline Wozniacki,ApproachRallies,3,3,2,1,0,0,0,25
20140902-W-US_Open-QF-Caroline_Wozniacki-Sara_Errani,Sara Errani,NetPoints,21,10,8,2,2,5,3,174
20140902-W-US_Open-QF-Caroline_Wozniacki-Sara_Errani,Sara Errani,Approach,20,9,7,2,2,5,3,171
20140902-W-US_Open-QF-Caroline_Wozniacki-Sara_Errani,Sara Errani,NetPointsRallies,20,10,8,2,2,5,3,166
20140902-W-US_Open-QF-Caroline_Wozniacki-Sara_Errani,Sara Errani,ApproachRallies,19,9,7,2,2,5,3,163
20140901-W-US_Open-R16-Eugenie_Bouchard-Kate_Makarova,Eugenie Bouchard,NetPoints,10,8,7,0,2,0,0,40
20140901-W-US_Open-R16-Eugenie_Bouchard-Kate_Makarova,Eugenie Bouchard,Approach,9,7,6,0,2,0,0,35
20140901-W-US_Open-R16-Eugenie_Bouchard-Kate_Makarova,Eugenie Bouchard,NetPointsRallies,10,8,7,0,2,0,0,40
20140901-W-US_Open-R16-Eugenie_Bouchard-Kate_Makarova,Eugenie Bouchard,ApproachRallies,9,7,6,0,2,0,0,35
20140901-W-US_Open-R16-Eugenie_Bouchard-Kate_Makarova,Kate Makarova,NetPoints,7,4,3,1,1,1,1,40
20140901-W-US_Open-R16-Eugenie_Bouchard-Kate_Makarova,Kate Makarova,Approach,5,2,2,0,1,1,1,22
20140901-W-US_Open-R16-Eugenie_Bouchard-Kate_Makarova,Kate Makarova,NetPointsRallies,7,4,3,1,1,1,1,40
20140901-W-US_Open-R16-Eugenie_Bouchard-Kate_Makarova,Kate Makarova,ApproachRallies,5,2,2,0,1,1,1,22
20140831-W-US_Open-R16-Belinda_Bencic-Jelena_Jankovic,Belinda Bencic,NetPoints,18,16,14,2,1,1,0,136
20140831-W-US_Open-R16-Belinda_Bencic-Jelena_Jankovic,Belinda Bencic,Approach,4,3,3,0,0,1,0,20
20140831-W-US_Open-R16-Belinda_Bencic-Jelena_Jankovic,Belinda Bencic,NetPointsRallies,18,16,14,2,1,1,0,136
20140831-W-US_Open-R16-Belinda_Bencic-Jelena_Jankovic,Belinda Bencic,ApproachRallies,4,3,3,0,0,1,0,20
20140831-W-US_Open-R16-Belinda_Bencic-Jelena_Jankovic,Jelena Jankovic,NetPoints,14,9,8,1,1,2,2,92
20140831-W-US_Open-R16-Belinda_Bencic-Jelena_Jankovic,Jelena Jankovic,Approach,8,4,4,0,0,2,2,51
20140831-W-US_Open-R16-Belinda_Bencic-Jelena_Jankovic,Jelena Jankovic,NetPointsRallies,14,9,8,1,1,2,2,92
20140831-W-US_Open-R16-Belinda_Bencic-Jelena_Jankovic,Jelena Jankovic,ApproachRallies,8,4,4,0,0,2,2,51
20140830-W-US_Open-R64-Ana_Ivanovic-Karolina_Pliskova,Ana Ivanovic,NetPoints,12,7,5,2,2,3,0,87
20140830-W-US_Open-R64-Ana_Ivanovic-Karolina_Pliskova,Ana Ivanovic,Approach,12,7,5,2,2,3,0,87
20140830-W-US_Open-R64-Ana_Ivanovic-Karolina_Pliskova,Ana Ivanovic,NetPointsRallies,12,7,5,2,2,3,0,87
20140830-W-US_Open-R64-Ana_Ivanovic-Karolina_Pliskova,Ana Ivanovic,ApproachRallies,12,7,5,2,2,3,0,87
20140830-W-US_Open-R64-Ana_Ivanovic-Karolina_Pliskova,Karolina Pliskova,NetPoints,14,7,6,1,2,4,1,78
20140830-W-US_Open-R64-Ana_Ivanovic-Karolina_Pliskova,Karolina Pliskova,Approach,8,3,2,1,1,3,1,57
20140830-W-US_Open-R64-Ana_Ivanovic-Karolina_Pliskova,Karolina Pliskova,NetPointsRallies,14,7,6,1,2,4,1,78
20140830-W-US_Open-R64-Ana_Ivanovic-Karolina_Pliskova,Karolina Pliskova,ApproachRallies,8,3,2,1,1,3,1,57
20140829-W-US_Open-R32-Venus_Williams-Sara_Errani,Venus Williams,NetPoints,14,8,5,3,5,1,0,89
20140829-W-US_Open-R32-Venus_Williams-Sara_Errani,Venus Williams,NetPointsRallies,14,8,5,3,5,1,0,89
20140829-W-US_Open-R32-Venus_Williams-Sara_Errani,Sara Errani,NetPoints,8,6,6,0,2,0,0,90
20140829-W-US_Open-R32-Venus_Williams-Sara_Errani,Sara Errani,NetPointsRallies,8,6,6,0,2,0,0,90
20140828-W-US_Open-R64-Zarina_Diyas-Catherine_Cartan_Bellis,Zarina Diyas,NetPoints,14,10,6,3,2,0,1,115
20140828-W-US_Open-R64-Zarina_Diyas-Catherine_Cartan_Bellis,Zarina Diyas,Approach,10,8,5,2,2,0,0,80
20140828-W-US_Open-R64-Zarina_Diyas-Catherine_Cartan_Bellis,Zarina Diyas,NetPointsRallies,14,10,6,3,2,0,1,115
20140828-W-US_Open-R64-Zarina_Diyas-Catherine_Cartan_Bellis,Zarina Diyas,ApproachRallies,10,8,5,2,2,0,0,80
20140828-W-US_Open-R64-Zarina_Diyas-Catherine_Cartan_Bellis,Catherine Cartan Bellis,NetPoints,12,7,5,2,4,0,0,80
20140828-W-US_Open-R64-Zarina_Diyas-Catherine_Cartan_Bellis,Catherine Cartan Bellis,Approach,4,3,2,1,1,0,0,28
20140828-W-US_Open-R64-Zarina_Diyas-Catherine_Cartan_Bellis,Catherine Cartan Bellis,NetPointsRallies,12,7,5,2,4,0,0,80
20140828-W-US_Open-R64-Zarina_Diyas-Catherine_Cartan_Bellis,Catherine Cartan Bellis,ApproachRallies,4,3,2,1,1,0,0,28
20140125-W-Australian_Open-F-Dominika_Cibulkova-Na_Li,Dominika Cibulkova,NetPoints,3,2,1,1,1,0,0,29
20140125-W-Australian_Open-F-Dominika_Cibulkova-Na_Li,Dominika Cibulkova,Approach,1,0,0,0,1,0,0,4
20140125-W-Australian_Open-F-Dominika_Cibulkova-Na_Li,Dominika Cibulkova,NetPointsRallies,3,2,1,1,1,0,0,29
20140125-W-Australian_Open-F-Dominika_Cibulkova-Na_Li,Dominika Cibulkova,ApproachRallies,1,0,0,0,1,0,0,4
20140125-W-Australian_Open-F-Dominika_Cibulkova-Na_Li,Na Li,NetPoints,12,7,6,0,1,3,1,82
20140125-W-Australian_Open-F-Dominika_Cibulkova-Na_Li,Na Li,Approach,6,2,1,0,1,3,0,33
20140125-W-Australian_Open-F-Dominika_Cibulkova-Na_Li,Na Li,NetPointsRallies,11,7,6,0,1,2,1,76
20140125-W-Australian_Open-F-Dominika_Cibulkova-Na_Li,Na Li,ApproachRallies,5,2,1,0,1,2,0,27
20140119-W-Australian_Open-R16-Serena_Williams-Ana_Ivanovic,Serena Williams,NetPoints,10,6,4,2,2,1,0,60
20140119-W-Australian_Open-R16-Serena_Williams-Ana_Ivanovic,Serena Williams,NetPointsRallies,10,6,4,2,2,1,0,60
20140119-W-Australian_Open-R16-Serena_Williams-Ana_Ivanovic,Ana Ivanovic,NetPoints,10,9,6,1,0,0,0,76
20140119-W-Australian_Open-R16-Serena_Williams-Ana_Ivanovic,Ana Ivanovic,NetPointsRallies,10,9,6,1,0,0,0,76
20140119-W-Australian_Open-R16-Agnieszka_Radwanska-Garbine_Muguruza,Agnieszka Radwanska,NetPoints,7,4,2,2,1,2,0,79
20140119-W-Australian_Open-R16-Agnieszka_Radwanska-Garbine_Muguruza,Agnieszka Radwanska,Approach,5,3,2,1,1,1,0,55
20140119-W-Australian_Open-R16-Agnieszka_Radwanska-Garbine_Muguruza,Agnieszka Radwanska,NetPointsRallies,6,3,1,2,1,2,0,76
20140119-W-Australian_Open-R16-Agnieszka_Radwanska-Garbine_Muguruza,Agnieszka Radwanska,ApproachRallies,4,2,1,1,1,1,0,52
20140119-W-Australian_Open-R16-Agnieszka_Radwanska-Garbine_Muguruza,Garbine Muguruza,NetPoints,15,9,5,2,4,1,1,118
20140119-W-Australian_Open-R16-Agnieszka_Radwanska-Garbine_Muguruza,Garbine Muguruza,Approach,11,7,3,2,3,0,1,95
20140119-W-Australian_Open-R16-Agnieszka_Radwanska-Garbine_Muguruza,Garbine Muguruza,NetPointsRallies,15,9,5,2,4,1,1,118
20140119-W-Australian_Open-R16-Agnieszka_Radwanska-Garbine_Muguruza,Garbine Muguruza,ApproachRallies,11,7,3,2,3,0,1,95
20140118-W-Australian_Open-R32-Maria_Sharapova-Alize_Cornet,Maria Sharapova,NetPoints,16,16,14,1,0,0,0,118
20140118-W-Australian_Open-R32-Maria_Sharapova-Alize_Cornet,Maria Sharapova,NetPointsRallies,16,16,14,1,0,0,0,118
20140118-W-Australian_Open-R32-Maria_Sharapova-Alize_Cornet,Alize Cornet,NetPoints,7,6,4,2,1,0,0,59
20140118-W-Australian_Open-R32-Maria_Sharapova-Alize_Cornet,Alize Cornet,NetPointsRallies,7,6,4,2,1,0,0,59
20140117-W-Australian_Open-R32-Serena_Williams-Daniela_Hantuchova,Serena Williams,NetPoints,4,2,2,0,2,0,0,14
20140117-W-Australian_Open-R32-Serena_Williams-Daniela_Hantuchova,Serena Williams,Approach,1,0,0,0,1,0,0,2
20140117-W-Australian_Open-R32-Serena_Williams-Daniela_Hantuchova,Serena Williams,NetPointsRallies,3,2,2,0,1,0,0,12
20140117-W-Australian_Open-R32-Serena_Williams-Daniela_Hantuchova,Daniela Hantuchova,NetPoints,1,1,0,1,0,0,0,6
20140117-W-Australian_Open-R32-Serena_Williams-Daniela_Hantuchova,Daniela Hantuchova,NetPointsRallies,1,1,0,1,0,0,0,6
20140114-W-Australian_Open-R128-Caroline_Wozniacki-Lourdes_Dominguez_Lino,Caroline Wozniacki,NetPoints,18,12,7,3,2,4,0,140
20140114-W-Australian_Open-R128-Caroline_Wozniacki-Lourdes_Dominguez_Lino,Caroline Wozniacki,Approach,7,5,3,1,1,1,0,42
20140114-W-Australian_Open-R128-Caroline_Wozniacki-Lourdes_Dominguez_Lino,Caroline Wozniacki,NetPointsRallies,18,12,7,3,2,4,0,140
20140114-W-Australian_Open-R128-Caroline_Wozniacki-Lourdes_Dominguez_Lino,Caroline Wozniacki,ApproachRallies,7,5,3,1,1,1,0,42
20140114-W-Australian_Open-R128-Caroline_Wozniacki-Lourdes_Dominguez_Lino,Lourdes Dominguez Lino,NetPoints,7,6,3,3,1,0,0,52
20140114-W-Australian_Open-R128-Caroline_Wozniacki-Lourdes_Dominguez_Lino,Lourdes Dominguez Lino,Approach,6,5,2,3,1,0,0,45
20140114-W-Australian_Open-R128-Caroline_Wozniacki-Lourdes_Dominguez_Lino,Lourdes Dominguez Lino,NetPointsRallies,7,6,3,3,1,0,0,52
20140114-W-Australian_Open-R128-Caroline_Wozniacki-Lourdes_Dominguez_Lino,Lourdes Dominguez Lino,ApproachRallies,6,5,2,3,1,0,0,45
20140113-W-Australian_Open-R64-Alla_Kudryavtseva-Angelique_Kerber,Alla Kudryavtseva,NetPoints,7,5,4,1,1,1,0,38
20140113-W-Australian_Open-R64-Alla_Kudryavtseva-Angelique_Kerber,Alla Kudryavtseva,NetPointsRallies,7,5,4,1,1,1,0,38
20140113-W-Australian_Open-R64-Alla_Kudryavtseva-Angelique_Kerber,Angelique Kerber,NetPoints,2,1,1,0,1,0,0,5
20140113-W-Australian_Open-R64-Alla_Kudryavtseva-Angelique_Kerber,Angelique Kerber,Approach,1,0,0,0,1,0,0,2
20140113-W-Australian_Open-R64-Alla_Kudryavtseva-Angelique_Kerber,Angelique Kerber,NetPointsRallies,1,1,1,0,0,0,0,3
20140113-W-Australian_Open-R128-Venus_Williams-Kate_Makarova,Venus Williams,NetPoints,19,15,11,3,2,0,0,114
20140113-W-Australian_Open-R128-Venus_Williams-Kate_Makarova,Venus Williams,NetPointsRallies,19,15,11,3,2,0,0,114
20140113-W-Australian_Open-R128-Venus_Williams-Kate_Makarova,Kate Makarova,NetPoints,10,6,6,0,1,1,1,54
20140113-W-Australian_Open-R128-Venus_Williams-Kate_Makarova,Kate Makarova,Approach,1,0,0,0,0,0,0,4
20140113-W-Australian_Open-R128-Venus_Williams-Kate_Makarova,Kate Makarova,NetPointsRallies,9,6,6,0,1,1,1,50
20140113-W-Australian_Open-R128-Ana_Konjuh-Na_Li,Ana Konjuh,NetPoints,5,2,0,2,3,0,0,24
20140113-W-Australian_Open-R128-Ana_Konjuh-Na_Li,Ana Konjuh,Approach,2,1,0,1,1,0,0,7
20140113-W-Australian_Open-R128-Ana_Konjuh-Na_Li,Ana Konjuh,NetPointsRallies,5,2,0,2,3,0,0,24
20140113-W-Australian_Open-R128-Ana_Konjuh-Na_Li,Ana Konjuh,ApproachRallies,2,1,0,1,1,0,0,7
20140113-W-Australian_Open-R128-Ana_Konjuh-Na_Li,Na Li,NetPoints,18,13,9,0,3,1,0,93
20140113-W-Australian_Open-R128-Ana_Konjuh-Na_Li,Na Li,Approach,13,8,5,0,3,1,0,71
20140113-W-Australian_Open-R128-Ana_Konjuh-Na_Li,Na Li,NetPointsRallies,15,12,8,0,2,1,0,84
20140113-W-Australian_Open-R128-Ana_Konjuh-Na_Li,Na Li,ApproachRallies,10,7,4,0,2,1,0,62
20130826-W-US_Open-R128-Ying_Ying_Duan-Caroline_Wozniacki,Ying Ying Duan,NetPoints,5,4,4,0,0,0,0,35
20130826-W-US_Open-R128-Ying_Ying_Duan-Caroline_Wozniacki,Ying Ying Duan,NetPointsRallies,5,4,4,0,0,0,0,35
20130826-W-US_Open-R128-Ying_Ying_Duan-Caroline_Wozniacki,Caroline Wozniacki,NetPoints,1,1,1,0,0,0,0,8
20130826-W-US_Open-R128-Ying_Ying_Duan-Caroline_Wozniacki,Caroline Wozniacki,NetPointsRallies,1,1,1,0,0,0,0,8
20130826-W-US_Open-R128-Eugenie_Bouchard-Karolina_Pliskova,Eugenie Bouchard,NetPoints,13,10,7,1,1,2,0,82
20130826-W-US_Open-R128-Eugenie_Bouchard-Karolina_Pliskova,Eugenie Bouchard,Approach,8,5,3,1,1,2,0,53
20130826-W-US_Open-R128-Eugenie_Bouchard-Karolina_Pliskova,Eugenie Bouchard,NetPointsRallies,13,10,7,1,1,2,0,82
20130826-W-US_Open-R128-Eugenie_Bouchard-Karolina_Pliskova,Eugenie Bouchard,ApproachRallies,8,5,3,1,1,2,0,53
20130826-W-US_Open-R128-Eugenie_Bouchard-Karolina_Pliskova,Karolina Pliskova,NetPoints,17,12,7,2,1,4,0,96
20130826-W-US_Open-R128-Eugenie_Bouchard-Karolina_Pliskova,Karolina Pliskova,Approach,10,7,3,1,0,3,0,56
20130826-W-US_Open-R128-Eugenie_Bouchard-Karolina_Pliskova,Karolina Pliskova,NetPointsRallies,17,12,7,2,1,4,0,96
20130826-W-US_Open-R128-Eugenie_Bouchard-Karolina_Pliskova,Karolina Pliskova,ApproachRallies,10,7,3,1,0,3,0,56
20130826-W-US_Open-R128-Agnieszka_Radwanska-Silvia_Soler_Espinosa,Agnieszka Radwanska,NetPoints,19,14,11,3,2,1,2,105
20130826-W-US_Open-R128-Agnieszka_Radwanska-Silvia_Soler_Espinosa,Agnieszka Radwanska,Approach,12,9,7,2,1,1,1,73
20130826-W-US_Open-R128-Agnieszka_Radwanska-Silvia_Soler_Espinosa,Agnieszka Radwanska,NetPointsRallies,19,14,11,3,2,1,2,105
20130826-W-US_Open-R128-Agnieszka_Radwanska-Silvia_Soler_Espinosa,Agnieszka Radwanska,ApproachRallies,12,9,7,2,1,1,1,73
20130826-W-US_Open-R128-Agnieszka_Radwanska-Silvia_Soler_Espinosa,Silvia Soler Espinosa,NetPoints,21,11,6,4,1,4,4,152
20130826-W-US_Open-R128-Agnieszka_Radwanska-Silvia_Soler_Espinosa,Silvia Soler Espinosa,Approach,20,11,6,4,1,3,4,147
20130826-W-US_Open-R128-Agnieszka_Radwanska-Silvia_Soler_Espinosa,Silvia Soler Espinosa,NetPointsRallies,21,11,6,4,1,4,4,152
20130826-W-US_Open-R128-Agnieszka_Radwanska-Silvia_Soler_Espinosa,Silvia Soler Espinosa,ApproachRallies,20,11,6,4,1,3,4,147
20130124-W-Australian_Open-SF-Sloane_Stephens-Victoria_Azarenka,Sloane Stephens,NetPoints,5,3,2,1,1,1,0,36
20130124-W-Australian_Open-SF-Sloane_Stephens-Victoria_Azarenka,Sloane Stephens,NetPointsRallies,5,3,2,1,1,1,0,36
20130124-W-Australian_Open-SF-Sloane_Stephens-Victoria_Azarenka,Victoria Azarenka,NetPoints,14,10,8,2,1,2,0,90
20130124-W-Australian_Open-SF-Sloane_Stephens-Victoria_Azarenka,Victoria Azarenka,Approach,1,0,0,0,0,0,0,5
20130124-W-Australian_Open-SF-Sloane_Stephens-Victoria_Azarenka,Victoria Azarenka,NetPointsRallies,14,10,8,2,1,2,0,90
20130124-W-Australian_Open-SF-Sloane_Stephens-Victoria_Azarenka,Victoria Azarenka,ApproachRallies,1,0,0,0,0,0,0,5
20130123-W-Australian_Open-QF-Svetlana_Kuznetsova-Victoria_Azarenka,Svetlana Kuznetsova,NetPoints,9,9,7,2,0,0,0,49
20130123-W-Australian_Open-QF-Svetlana_Kuznetsova-Victoria_Azarenka,Svetlana Kuznetsova,Approach,1,1,0,1,0,0,0,5
20130123-W-Australian_Open-QF-Svetlana_Kuznetsova-Victoria_Azarenka,Svetlana Kuznetsova,NetPointsRallies,9,9,7,2,0,0,0,49
20130123-W-Australian_Open-QF-Svetlana_Kuznetsova-Victoria_Azarenka,Svetlana Kuznetsova,ApproachRallies,1,1,0,1,0,0,0,5
20130123-W-Australian_Open-QF-Svetlana_Kuznetsova-Victoria_Azarenka,Victoria Azarenka,NetPoints,16,12,9,2,2,2,0,116
20130123-W-Australian_Open-QF-Svetlana_Kuznetsova-Victoria_Azarenka,Victoria Azarenka,Approach,2,1,0,1,1,0,0,11
20130123-W-Australian_Open-QF-Svetlana_Kuznetsova-Victoria_Azarenka,Victoria Azarenka,NetPointsRallies,16,12,9,2,2,2,0,116
20130123-W-Australian_Open-QF-Svetlana_Kuznetsova-Victoria_Azarenka,Victoria Azarenka,ApproachRallies,2,1,0,1,1,0,0,11
20130120-W-Australian_Open-R16-Serena_Williams-Maria_Kirilenko,Serena Williams,NetPoints,13,9,7,1,1,1,2,60
20130120-W-Australian_Open-R16-Serena_Williams-Maria_Kirilenko,Serena Williams,Approach,4,3,2,0,0,1,0,20
20130120-W-Australian_Open-R16-Serena_Williams-Maria_Kirilenko,Serena Williams,NetPointsRallies,13,9,7,1,1,1,2,60
20130120-W-Australian_Open-R16-Serena_Williams-Maria_Kirilenko,Serena Williams,ApproachRallies,4,3,2,0,0,1,0,20
20130120-W-Australian_Open-R16-Serena_Williams-Maria_Kirilenko,Maria Kirilenko,NetPoints,6,4,2,1,1,1,0,56
20130120-W-Australian_Open-R16-Serena_Williams-Maria_Kirilenko,Maria Kirilenko,Approach,3,1,1,0,1,1,0,24
20130120-W-Australian_Open-R16-Serena_Williams-Maria_Kirilenko,Maria Kirilenko,NetPointsRallies,6,4,2,1,1,1,0,56
20130120-W-Australian_Open-R16-Serena_Williams-Maria_Kirilenko,Maria Kirilenko,ApproachRallies,3,1,1,0,1,1,0,24
20130120-W-Australian_Open-R16-Elena_Vesnina-Victoria_Azarenka,Elena Vesnina,NetPoints,4,2,2,0,0,1,0,26
20130120-W-Australian_Open-R16-Elena_Vesnina-Victoria_Azarenka,Elena Vesnina,Approach,1,0,0,0,0,0,0,5
20130120-W-Australian_Open-R16-Elena_Vesnina-Victoria_Azarenka,Elena Vesnina,NetPointsRallies,4,2,2,0,0,1,0,26
20130120-W-Australian_Open-R16-Elena_Vesnina-Victoria_Azarenka,Elena Vesnina,ApproachRallies,1,0,0,0,0,0,0,5
20130120-W-Australian_Open-R16-Elena_Vesnina-Victoria_Azarenka,Victoria Azarenka,NetPoints,1,1,1,0,0,0,0,5
20130120-W-Australian_Open-R16-Elena_Vesnina-Victoria_Azarenka,Victoria Azarenka,NetPointsRallies,1,1,1,0,0,0,0,5
20130120-W-Australian_Open-R16-Ana_Ivanovic-Agnieszka_Radwanska,Ana Ivanovic,NetPoints,22,16,13,2,1,1,3,172
20130120-W-Australian_Open-R16-Ana_Ivanovic-Agnieszka_Radwanska,Ana Ivanovic,Approach,15,11,10,0,0,1,2,119
20130120-W-Australian_Open-R16-Ana_Ivanovic-Agnieszka_Radwanska,Ana Ivanovic,NetPointsRallies,22,16,13,2,1,1,3,172
20130120-W-Australian_Open-R16-Ana_Ivanovic-Agnieszka_Radwanska,Ana Ivanovic,ApproachRallies,15,11,10,0,0,1,2,119
20130120-W-Australian_Open-R16-Ana_Ivanovic-Agnieszka_Radwanska,Agnieszka Radwanska,NetPoints,11,6,1,2,1,2,1,81
20130120-W-Australian_Open-R16-Ana_Ivanovic-Agnieszka_Radwanska,Agnieszka Radwanska,Approach,4,2,1,0,0,2,0,24
20130120-W-Australian_Open-R16-Ana_Ivanovic-Agnieszka_Radwanska,Agnieszka Radwanska,NetPointsRallies,11,6,1,2,1,2,1,81
20130120-W-Australian_Open-R16-Ana_Ivanovic-Agnieszka_Radwanska,Agnieszka Radwanska,ApproachRallies,4,2,1,0,0,2,0,24
20130119-W-Australian_Open-R32-Caroline_Wozniacki-Lesia_Tsurenko,Caroline Wozniacki,NetPoints,4,1,1,0,1,2,0,46
20130119-W-Australian_Open-R32-Caroline_Wozniacki-Lesia_Tsurenko,Caroline Wozniacki,Approach,1,0,0,0,0,1,0,8
20130119-W-Australian_Open-R32-Caroline_Wozniacki-Lesia_Tsurenko,Caroline Wozniacki,NetPointsRallies,4,1,1,0,1,2,0,46
20130119-W-Australian_Open-R32-Caroline_Wozniacki-Lesia_Tsurenko,Caroline Wozniacki,ApproachRallies,1,0,0,0,0,1,0,8
20130119-W-Australian_Open-R32-Caroline_Wozniacki-Lesia_Tsurenko,Lesia Tsurenko,NetPoints,8,6,3,3,1,1,0,60
20130119-W-Australian_Open-R32-Caroline_Wozniacki-Lesia_Tsurenko,Lesia Tsurenko,Approach,2,1,1,0,0,1,0,17
20130119-W-Australian_Open-R32-Caroline_Wozniacki-Lesia_Tsurenko,Lesia Tsurenko,NetPointsRallies,8,6,3,3,1,1,0,60
20130119-W-Australian_Open-R32-Caroline_Wozniacki-Lesia_Tsurenko,Lesia Tsurenko,ApproachRallies,2,1,1,0,0,1,0,17
20130118-W-Australian_Open-R32-Victoria_Azarenka-Jamie_Hampton,Victoria Azarenka,NetPoints,4,4,4,0,0,0,0,30
20130118-W-Australian_Open-R32-Victoria_Azarenka-Jamie_Hampton,Victoria Azarenka,NetPointsRallies,4,4,4,0,0,0,0,30
20130118-W-Australian_Open-R32-Victoria_Azarenka-Jamie_Hampton,Jamie Hampton,NetPoints,11,10,9,1,1,0,0,70
20130118-W-Australian_Open-R32-Victoria_Azarenka-Jamie_Hampton,Jamie Hampton,NetPointsRallies,11,10,9,1,1,0,0,70
20130118-W-Australian_Open-R32-Venus_Williams-Maria_Sharapova,Venus Williams,NetPoints,5,4,4,0,0,0,1,33
20130118-W-Australian_Open-R32-Venus_Williams-Maria_Sharapova,Venus Williams,Approach,5,4,4,0,0,0,1,33
20130118-W-Australian_Open-R32-Venus_Williams-Maria_Sharapova,Venus Williams,NetPointsRallies,5,4,4,0,0,0,1,33
20130118-W-Australian_Open-R32-Venus_Williams-Maria_Sharapova,Venus Williams,ApproachRallies,5,4,4,0,0,0,1,33
20130118-W-Australian_Open-R32-Venus_Williams-Maria_Sharapova,Maria Sharapova,NetPoints,3,2,2,0,0,1,0,23
20130118-W-Australian_Open-R32-Venus_Williams-Maria_Sharapova,Maria Sharapova,NetPointsRallies,3,2,2,0,0,1,0,23
20130117-W-Australian_Open-R64-Victoria_Azarenka-Eleni_Daniilidou,Victoria Azarenka,NetPoints,7,7,7,0,0,0,0,60
20130117-W-Australian_Open-R64-Victoria_Azarenka-Eleni_Daniilidou,Victoria Azarenka,NetPointsRallies,7,7,7,0,0,0,0,60
20130117-W-Australian_Open-R64-Victoria_Azarenka-Eleni_Daniilidou,Eleni Daniilidou,NetPoints,3,3,2,1,0,0,0,19
20130117-W-Australian_Open-R64-Victoria_Azarenka-Eleni_Daniilidou,Eleni Daniilidou,NetPointsRallies,3,3,2,1,0,0,0,19
20130117-W-Australian_Open-R64-Laura_Robson-Petra_Kvitova,Laura Robson,NetPoints,7,5,4,1,1,0,1,34
20130117-W-Australian_Open-R64-Laura_Robson-Petra_Kvitova,Laura Robson,Approach,4,3,2,1,1,0,0,22
20130117-W-Australian_Open-R64-Laura_Robson-Petra_Kvitova,Laura Robson,NetPointsRallies,7,5,4,1,1,0,1,34
20130117-W-Australian_Open-R64-Laura_Robson-Petra_Kvitova,Laura Robson,ApproachRallies,4,3,2,1,1,0,0,22
20130117-W-Australian_Open-R64-Laura_Robson-Petra_Kvitova,Petra Kvitova,NetPoints,16,12,5,6,4,0,0,84
20130117-W-Australian_Open-R64-Laura_Robson-Petra_Kvitova,Petra Kvitova,Approach,12,9,3,5,3,0,0,62
20130117-W-Australian_Open-R64-Laura_Robson-Petra_Kvitova,Petra Kvitova,NetPointsRallies,16,12,5,6,4,0,0,84
20130117-W-Australian_Open-R64-Laura_Robson-Petra_Kvitova,Petra Kvitova,ApproachRallies,12,9,3,5,3,0,0,62
20130117-W-Australian_Open-R64-Garbine_Muguruza-Serena_Williams,Garbine Muguruza,NetPoints,4,2,2,0,2,0,0,33
20130117-W-Australian_Open-R64-Garbine_Muguruza-Serena_Williams,Garbine Muguruza,Approach,1,0,0,0,1,0,0,3
20130117-W-Australian_Open-R64-Garbine_Muguruza-Serena_Williams,Garbine Muguruza,NetPointsRallies,4,2,2,0,2,0,0,33
20130117-W-Australian_Open-R64-Garbine_Muguruza-Serena_Williams,Garbine Muguruza,ApproachRallies,1,0,0,0,1,0,0,3
20130117-W-Australian_Open-R64-Garbine_Muguruza-Serena_Williams,Serena Williams,NetPoints,4,2,0,1,0,1,1,20
20130117-W-Australian_Open-R64-Garbine_Muguruza-Serena_Williams,Serena Williams,Approach,3,1,0,0,0,1,1,17
20130117-W-Australian_Open-R64-Garbine_Muguruza-Serena_Williams,Serena Williams,NetPointsRallies,4,2,0,1,0,1,1,20
20130117-W-Australian_Open-R64-Garbine_Muguruza-Serena_Williams,Serena Williams,ApproachRallies,3,1,0,0,0,1,1,17
20130117-W-Australian_Open-R32-Jelena_Jankovic-Ana_Ivanovic,Jelena Jankovic,NetPoints,12,8,5,2,2,1,0,117
20130117-W-Australian_Open-R32-Jelena_Jankovic-Ana_Ivanovic,Jelena Jankovic,Approach,2,2,1,0,0,0,0,16
20130117-W-Australian_Open-R32-Jelena_Jankovic-Ana_Ivanovic,Jelena Jankovic,NetPointsRallies,12,8,5,2,2,1,0,117
20130117-W-Australian_Open-R32-Jelena_Jankovic-Ana_Ivanovic,Jelena Jankovic,ApproachRallies,2,2,1,0,0,0,0,16
20130117-W-Australian_Open-R32-Jelena_Jankovic-Ana_Ivanovic,Ana Ivanovic,NetPoints,17,11,11,0,3,1,2,150
20130117-W-Australian_Open-R32-Jelena_Jankovic-Ana_Ivanovic,Ana Ivanovic,Approach,3,0,0,0,0,1,2,29
20130117-W-Australian_Open-R32-Jelena_Jankovic-Ana_Ivanovic,Ana Ivanovic,NetPointsRallies,17,11,11,0,3,1,2,150
20130117-W-Australian_Open-R32-Jelena_Jankovic-Ana_Ivanovic,Ana Ivanovic,ApproachRallies,3,0,0,0,0,1,2,29
20130116-W-Australian_Open-R64-Julia_Goerges-Romina_Oprandi,Julia Goerges,NetPoints,16,14,7,7,2,0,0,91
20130116-W-Australian_Open-R64-Julia_Goerges-Romina_Oprandi,Julia Goerges,Approach,9,9,5,4,0,0,0,58
20130116-W-Australian_Open-R64-Julia_Goerges-Romina_Oprandi,Julia Goerges,NetPointsRallies,16,14,7,7,2,0,0,91
20130116-W-Australian_Open-R64-Julia_Goerges-Romina_Oprandi,Julia Goerges,ApproachRallies,9,9,5,4,0,0,0,58
20130116-W-Australian_Open-R64-Julia_Goerges-Romina_Oprandi,Romina Oprandi,NetPoints,2,1,0,1,0,1,0,15
20130116-W-Australian_Open-R64-Julia_Goerges-Romina_Oprandi,Romina Oprandi,Approach,1,0,0,0,0,1,0,8
20130116-W-Australian_Open-R64-Julia_Goerges-Romina_Oprandi,Romina Oprandi,NetPointsRallies,2,1,0,1,0,1,0,15
20130116-W-Australian_Open-R64-Julia_Goerges-Romina_Oprandi,Romina Oprandi,ApproachRallies,1,0,0,0,0,1,0,8
20130115-W-Australian_Open-R128-Victoria_Azarenka-Monica_Niculescu,Victoria Azarenka,NetPoints,18,14,10,3,1,1,0,184
20130115-W-Australian_Open-R128-Victoria_Azarenka-Monica_Niculescu,Victoria Azarenka,Approach,1,1,0,1,0,0,0,11
20130115-W-Australian_Open-R128-Victoria_Azarenka-Monica_Niculescu,Victoria Azarenka,NetPointsRallies,18,14,10,3,1,1,0,184
20130115-W-Australian_Open-R128-Victoria_Azarenka-Monica_Niculescu,Victoria Azarenka,ApproachRallies,1,1,0,1,0,0,0,11
20130115-W-Australian_Open-R128-Victoria_Azarenka-Monica_Niculescu,Monica Niculescu,NetPoints,11,7,4,1,0,3,0,129
20130115-W-Australian_Open-R128-Victoria_Azarenka-Monica_Niculescu,Monica Niculescu,Approach,3,2,0,0,0,0,0,22
20130115-W-Australian_Open-R128-Victoria_Azarenka-Monica_Niculescu,Monica Niculescu,NetPointsRallies,11,7,4,1,0,3,0,129
20130115-W-Australian_Open-R128-Victoria_Azarenka-Monica_Niculescu,Monica Niculescu,ApproachRallies,3,2,0,0,0,0,0,22
20130115-W-Australian_Open-R128-Nadia_Petrova-Kimiko_Date_Krumm,Nadia Petrova,NetPoints,11,6,5,1,1,3,1,57
20130115-W-Australian_Open-R128-Nadia_Petrova-Kimiko_Date_Krumm,Nadia Petrova,Approach,11,6,5,1,1,3,1,57
20130115-W-Australian_Open-R128-Nadia_Petrova-Kimiko_Date_Krumm,Nadia Petrova,NetPointsRallies,11,6,5,1,1,3,1,57
20130115-W-Australian_Open-R128-Nadia_Petrova-Kimiko_Date_Krumm,Nadia Petrova,ApproachRallies,11,6,5,1,1,3,1,57
20130115-W-Australian_Open-R128-Nadia_Petrova-Kimiko_Date_Krumm,Kimiko Date Krumm,NetPoints,10,9,6,3,0,0,0,62
20130115-W-Australian_Open-R128-Nadia_Petrova-Kimiko_Date_Krumm,Kimiko Date Krumm,Approach,9,8,6,2,0,0,0,58
20130115-W-Australian_Open-R128-Nadia_Petrova-Kimiko_Date_Krumm,Kimiko Date Krumm,NetPointsRallies,9,9,6,3,0,0,0,60
20130115-W-Australian_Open-R128-Nadia_Petrova-Kimiko_Date_Krumm,Kimiko Date Krumm,ApproachRallies,8,8,6,2,0,0,0,56
20120907-W-US_Open-SF-Serena_Williams-Sara_Errani,Serena Williams,NetPoints,10,7,7,0,0,2,1,42
20120907-W-US_Open-SF-Serena_Williams-Sara_Errani,Serena Williams,Approach,5,3,3,0,0,1,1,25
20120907-W-US_Open-SF-Serena_Williams-Sara_Errani,Serena Williams,NetPointsRallies,10,7,7,0,0,2,1,42
20120907-W-US_Open-SF-Serena_Williams-Sara_Errani,Serena Williams,ApproachRallies,5,3,3,0,0,1,1,25
20120907-W-US_Open-SF-Serena_Williams-Sara_Errani,Sara Errani,NetPoints,7,5,5,0,1,0,1,39
20120907-W-US_Open-SF-Serena_Williams-Sara_Errani,Sara Errani,Approach,4,2,2,0,1,0,1,22
20120907-W-US_Open-SF-Serena_Williams-Sara_Errani,Sara Errani,NetPointsRallies,7,5,5,0,1,0,1,39
20120907-W-US_Open-SF-Serena_Williams-Sara_Errani,Sara Errani,ApproachRallies,4,2,2,0,1,0,1,22
20120902-W-US_Open-R16-Andrea_Hlavackova-Serena_Williams,Andrea Hlavackova,NetPoints,4,2,2,0,0,1,1,30
20120902-W-US_Open-R16-Andrea_Hlavackova-Serena_Williams,Andrea Hlavackova,Approach,3,2,2,0,0,0,1,23
20120902-W-US_Open-R16-Andrea_Hlavackova-Serena_Williams,Andrea Hlavackova,NetPointsRallies,4,2,2,0,0,1,1,30
20120902-W-US_Open-R16-Andrea_Hlavackova-Serena_Williams,Andrea Hlavackova,ApproachRallies,3,2,2,0,0,0,1,23
20120902-W-US_Open-R16-Andrea_Hlavackova-Serena_Williams,Serena Williams,NetPoints,6,2,2,0,2,1,1,23
20120902-W-US_Open-R16-Andrea_Hlavackova-Serena_Williams,Serena Williams,NetPointsRallies,6,2,2,0,2,1,1,23
20120829-W-US_Open-R64-Maria_Sharapova-Lourdes_Dominguez_Lino,Maria Sharapova,NetPoints,14,12,7,5,1,0,0,93
20120829-W-US_Open-R64-Maria_Sharapova-Lourdes_Dominguez_Lino,Maria Sharapova,Approach,6,5,1,4,0,0,0,36
20120829-W-US_Open-R64-Maria_Sharapova-Lourdes_Dominguez_Lino,Maria Sharapova,NetPointsRallies,13,12,7,5,1,0,0,89
20120829-W-US_Open-R64-Maria_Sharapova-Lourdes_Dominguez_Lino,Maria Sharapova,ApproachRallies,5,5,1,4,0,0,0,32
20120829-W-US_Open-R64-Maria_Sharapova-Lourdes_Dominguez_Lino,Lourdes Dominguez Lino,NetPoints,1,1,0,0,0,0,0,4
20120829-W-US_Open-R64-Maria_Sharapova-Lourdes_Dominguez_Lino,Lourdes Dominguez Lino,Approach,1,1,0,0,0,0,0,4
20120829-W-US_Open-R64-Maria_Sharapova-Lourdes_Dominguez_Lino,Lourdes Dominguez Lino,NetPointsRallies,1,1,0,0,0,0,0,4
20120829-W-US_Open-R64-Maria_Sharapova-Lourdes_Dominguez_Lino,Lourdes Dominguez Lino,ApproachRallies,1,1,0,0,0,0,0,4
20120828-W-US_Open-R128-Venus_Williams-Bethanie_Mattek_Sands,Venus Williams,NetPoints,4,4,2,0,0,0,0,19
20120828-W-US_Open-R128-Venus_Williams-Bethanie_Mattek_Sands,Venus Williams,Approach,4,4,2,0,0,0,0,19
20120828-W-US_Open-R128-Venus_Williams-Bethanie_Mattek_Sands,Venus Williams,NetPointsRallies,3,3,2,0,0,0,0,16
20120828-W-US_Open-R128-Venus_Williams-Bethanie_Mattek_Sands,Venus Williams,ApproachRallies,3,3,2,0,0,0,0,16
20120828-W-US_Open-R128-Venus_Williams-Bethanie_Mattek_Sands,Bethanie Mattek Sands,NetPoints,7,4,2,1,0,0,0,25
20120828-W-US_Open-R128-Venus_Williams-Bethanie_Mattek_Sands,Bethanie Mattek Sands,Approach,7,4,2,1,0,0,0,25
20120828-W-US_Open-R128-Venus_Williams-Bethanie_Mattek_Sands,Bethanie Mattek Sands,NetPointsRallies,5,3,1,1,0,0,0,20
20120828-W-US_Open-R128-Venus_Williams-Bethanie_Mattek_Sands,Bethanie Mattek Sands,ApproachRallies,5,3,1,1,0,0,0,20
20120128-W-Australian_Open-F-Victoria_Azarenka-Maria_Sharapova,Victoria Azarenka,NetPoints,7,6,6,0,1,0,0,50
20120128-W-Australian_Open-F-Victoria_Azarenka-Maria_Sharapova,Victoria Azarenka,Approach,5,4,4,0,1,0,0,39
20120128-W-Australian_Open-F-Victoria_Azarenka-Maria_Sharapova,Victoria Azarenka,NetPointsRallies,7,6,6,0,1,0,0,50
20120128-W-Australian_Open-F-Victoria_Azarenka-Maria_Sharapova,Victoria Azarenka,ApproachRallies,5,4,4,0,1,0,0,39
20120128-W-Australian_Open-F-Victoria_Azarenka-Maria_Sharapova,Maria Sharapova,NetPoints,9,4,2,2,2,3,0,66
20120128-W-Australian_Open-F-Victoria_Azarenka-Maria_Sharapova,Maria Sharapova,Approach,5,4,2,2,1,0,0,33
20120128-W-Australian_Open-F-Victoria_Azarenka-Maria_Sharapova,Maria Sharapova,NetPointsRallies,9,4,2,2,2,3,0,66
20120128-W-Australian_Open-F-Victoria_Azarenka-Maria_Sharapova,Maria Sharapova,ApproachRallies,5,4,2,2,1,0,0,33
20120126-W-Australian_Open-SF-Petra_Kvitova-Maria_Sharapova,Petra Kvitova,NetPoints,12,8,5,1,2,2,0,77
20120126-W-Australian_Open-SF-Petra_Kvitova-Maria_Sharapova,Petra Kvitova,Approach,12,8,5,1,2,2,0,77
20120126-W-Australian_Open-SF-Petra_Kvitova-Maria_Sharapova,Petra Kvitova,NetPointsRallies,12,8,5,1,2,2,0,77
20120126-W-Australian_Open-SF-Petra_Kvitova-Maria_Sharapova,Petra Kvitova,ApproachRallies,12,8,5,1,2,2,0,77
20120124-W-Australian_Open-QF-Caroline_Wozniacki-Kim_Clijsters,Caroline Wozniacki,NetPoints,11,4,1,2,0,5,1,69
20120124-W-Australian_Open-QF-Caroline_Wozniacki-Kim_Clijsters,Caroline Wozniacki,Approach,8,2,0,1,0,5,1,46
20120124-W-Australian_Open-QF-Caroline_Wozniacki-Kim_Clijsters,Caroline Wozniacki,NetPointsRallies,11,4,1,2,0,5,1,69
20120124-W-Australian_Open-QF-Caroline_Wozniacki-Kim_Clijsters,Caroline Wozniacki,ApproachRallies,8,2,0,1,0,5,1,46
20120124-W-Australian_Open-QF-Caroline_Wozniacki-Kim_Clijsters,Kim Clijsters,NetPoints,9,8,6,2,0,1,0,67
20120124-W-Australian_Open-QF-Caroline_Wozniacki-Kim_Clijsters,Kim Clijsters,Approach,3,2,1,1,0,1,0,17
20120124-W-Australian_Open-QF-Caroline_Wozniacki-Kim_Clijsters,Kim Clijsters,NetPointsRallies,9,8,6,2,0,1,0,67
20120124-W-Australian_Open-QF-Caroline_Wozniacki-Kim_Clijsters,Kim Clijsters,ApproachRallies,3,2,1,1,0,1,0,17
20120122-W-Australian_Open-R16-Kim_Clijsters-Na_Li,Kim Clijsters,NetPoints,5,4,4,0,0,1,0,39
20120122-W-Australian_Open-R16-Kim_Clijsters-Na_Li,Kim Clijsters,Approach,1,1,1,0,0,0,0,8
20120122-W-Australian_Open-R16-Kim_Clijsters-Na_Li,Kim Clijsters,NetPointsRallies,5,4,4,0,0,1,0,39
20120122-W-Australian_Open-R16-Kim_Clijsters-Na_Li,Kim Clijsters,ApproachRallies,1,1,1,0,0,0,0,8
20120122-W-Australian_Open-R16-Kim_Clijsters-Na_Li,Na Li,NetPoints,14,7,6,0,5,1,0,99
20120122-W-Australian_Open-R16-Kim_Clijsters-Na_Li,Na Li,Approach,7,3,3,0,3,0,0,37
20120122-W-Australian_Open-R16-Kim_Clijsters-Na_Li,Na Li,NetPointsRallies,14,7,6,0,5,1,0,99
20120122-W-Australian_Open-R16-Kim_Clijsters-Na_Li,Na Li,ApproachRallies,7,3,3,0,3,0,0,37
20120122-W-Australian_Open-R16-Jelena_Jankovic-Caroline_Wozniacki,Jelena Jankovic,NetPoints,24,19,13,5,3,1,1,209
20120122-W-Australian_Open-R16-Jelena_Jankovic-Caroline_Wozniacki,Jelena Jankovic,Approach,12,9,6,3,2,1,0,87
20120122-W-Australian_Open-R16-Jelena_Jankovic-Caroline_Wozniacki,Jelena Jankovic,NetPointsRallies,24,19,13,5,3,1,1,209
20120122-W-Australian_Open-R16-Jelena_Jankovic-Caroline_Wozniacki,Jelena Jankovic,ApproachRallies,12,9,6,3,2,1,0,87
20120122-W-Australian_Open-R16-Jelena_Jankovic-Caroline_Wozniacki,Caroline Wozniacki,NetPoints,10,9,7,2,1,0,0,103
20120122-W-Australian_Open-R16-Jelena_Jankovic-Caroline_Wozniacki,Caroline Wozniacki,Approach,3,3,1,2,0,0,0,20
20120122-W-Australian_Open-R16-Jelena_Jankovic-Caroline_Wozniacki,Caroline Wozniacki,NetPointsRallies,10,9,7,2,1,0,0,103
20120122-W-Australian_Open-R16-Jelena_Jankovic-Caroline_Wozniacki,Caroline Wozniacki,ApproachRallies,3,3,1,2,0,0,0,20
20120120-W-Australian_Open-R32-Caroline_Wozniacki-Monica_Niculescu,Caroline Wozniacki,NetPoints,21,13,8,5,2,2,4,218
20120120-W-Australian_Open-R32-Caroline_Wozniacki-Monica_Niculescu,Caroline Wozniacki,Approach,9,5,3,2,0,0,4,56
20120120-W-Australian_Open-R32-Caroline_Wozniacki-Monica_Niculescu,Caroline Wozniacki,NetPointsRallies,21,13,8,5,2,2,4,218
20120120-W-Australian_Open-R32-Caroline_Wozniacki-Monica_Niculescu,Caroline Wozniacki,ApproachRallies,9,5,3,2,0,0,4,56
20120120-W-Australian_Open-R32-Caroline_Wozniacki-Monica_Niculescu,Monica Niculescu,NetPoints,18,10,7,2,0,7,1,235
20120120-W-Australian_Open-R32-Caroline_Wozniacki-Monica_Niculescu,Monica Niculescu,Approach,13,7,5,1,0,5,1,173
20120120-W-Australian_Open-R32-Caroline_Wozniacki-Monica_Niculescu,Monica Niculescu,NetPointsRallies,18,10,7,2,0,7,1,235
20120120-W-Australian_Open-R32-Caroline_Wozniacki-Monica_Niculescu,Monica Niculescu,ApproachRallies,13,7,5,1,0,5,1,173
20120120-W-Australian_Open-R32-Angelique_Kerber-Maria_Sharapova,Angelique Kerber,NetPoints,14,9,5,3,2,2,1,99
20120120-W-Australian_Open-R32-Angelique_Kerber-Maria_Sharapova,Angelique Kerber,Approach,8,7,3,3,0,1,0,50
20120120-W-Australian_Open-R32-Angelique_Kerber-Maria_Sharapova,Angelique Kerber,NetPointsRallies,14,9,5,3,2,2,1,99
20120120-W-Australian_Open-R32-Angelique_Kerber-Maria_Sharapova,Angelique Kerber,ApproachRallies,8,7,3,3,0,1,0,50
20120120-W-Australian_Open-R32-Angelique_Kerber-Maria_Sharapova,Maria Sharapova,NetPoints,15,8,7,0,2,5,0,106
20120120-W-Australian_Open-R32-Angelique_Kerber-Maria_Sharapova,Maria Sharapova,Approach,5,2,2,0,0,3,0,44
20120120-W-Australian_Open-R32-Angelique_Kerber-Maria_Sharapova,Maria Sharapova,NetPointsRallies,15,8,7,0,2,5,0,106
20120120-W-Australian_Open-R32-Angelique_Kerber-Maria_Sharapova,Maria Sharapova,ApproachRallies,5,2,2,0,0,3,0,44
20120116-W-Australian_Open-R128-Na_Li-Ksenia_Pervak,Na Li,NetPoints,6,4,2,2,1,0,0,40
20120116-W-Australian_Open-R128-Na_Li-Ksenia_Pervak,Na Li,Approach,2,2,0,2,0,0,0,14
20120116-W-Australian_Open-R128-Na_Li-Ksenia_Pervak,Na Li,NetPointsRallies,6,4,2,2,1,0,0,40
20120116-W-Australian_Open-R128-Na_Li-Ksenia_Pervak,Na Li,ApproachRallies,2,2,0,2,0,0,0,14
20120116-W-Australian_Open-R128-Na_Li-Ksenia_Pervak,Ksenia Pervak,NetPoints,2,2,1,1,0,0,0,16
20120116-W-Australian_Open-R128-Na_Li-Ksenia_Pervak,Ksenia Pervak,Approach,1,1,0,1,0,0,0,7
20120116-W-Australian_Open-R128-Na_Li-Ksenia_Pervak,Ksenia Pervak,NetPointsRallies,2,2,1,1,0,0,0,16
20120116-W-Australian_Open-R128-Na_Li-Ksenia_Pervak,Ksenia Pervak,ApproachRallies,1,1,0,1,0,0,0,7
20120116-W-Australian_Open-R128-Caroline_Wozniacki-Anastasia_Rodionova,Caroline Wozniacki,NetPoints,5,5,3,2,0,0,0,48
20120116-W-Australian_Open-R128-Caroline_Wozniacki-Anastasia_Rodionova,Caroline Wozniacki,Approach,3,3,2,1,0,0,0,23
20120116-W-Australian_Open-R128-Caroline_Wozniacki-Anastasia_Rodionova,Caroline Wozniacki,NetPointsRallies,5,5,3,2,0,0,0,48
20120116-W-Australian_Open-R128-Caroline_Wozniacki-Anastasia_Rodionova,Caroline Wozniacki,ApproachRallies,3,3,2,1,0,0,0,23
20120116-W-Australian_Open-R128-Caroline_Wozniacki-Anastasia_Rodionova,Anastasia Rodionova,NetPoints,15,9,4,5,4,0,2,103
20120116-W-Australian_Open-R128-Caroline_Wozniacki-Anastasia_Rodionova,Anastasia Rodionova,Approach,10,5,1,4,3,0,2,70
20120116-W-Australian_Open-R128-Caroline_Wozniacki-Anastasia_Rodionova,Anastasia Rodionova,NetPointsRallies,15,9,4,5,4,0,2,103
20120116-W-Australian_Open-R128-Caroline_Wozniacki-Anastasia_Rodionova,Anastasia Rodionova,ApproachRallies,10,5,1,4,3,0,2,70
20110910-W-US_Open-SF-Samantha_Stosur-Angelique_Kerber,Samantha Stosur,NetPoints,29,28,17,10,1,0,0,158
20110910-W-US_Open-SF-Samantha_Stosur-Angelique_Kerber,Samantha Stosur,Approach,25,24,14,10,1,0,0,125
20110910-W-US_Open-SF-Samantha_Stosur-Angelique_Kerber,Samantha Stosur,NetPointsRallies,29,28,17,10,1,0,0,158
20110910-W-US_Open-SF-Samantha_Stosur-Angelique_Kerber,Samantha Stosur,ApproachRallies,25,24,14,10,1,0,0,125
20110910-W-US_Open-SF-Samantha_Stosur-Angelique_Kerber,Angelique Kerber,NetPoints,15,10,4,4,1,3,1,116
20110910-W-US_Open-SF-Samantha_Stosur-Angelique_Kerber,Angelique Kerber,Approach,12,8,3,4,1,2,1,84
20110910-W-US_Open-SF-Samantha_Stosur-Angelique_Kerber,Angelique Kerber,NetPointsRallies,15,10,4,4,1,3,1,116
20110910-W-US_Open-SF-Samantha_Stosur-Angelique_Kerber,Angelique Kerber,ApproachRallies,12,8,3,4,1,2,1,84
20110910-W-US_Open-F-Serena_Williams-Samantha_Stosur,Serena Williams,NetPoints,11,6,5,1,2,3,0,77
20110910-W-US_Open-F-Serena_Williams-Samantha_Stosur,Serena Williams,Approach,8,5,4,1,2,1,0,52
20110910-W-US_Open-F-Serena_Williams-Samantha_Stosur,Serena Williams,NetPointsRallies,11,6,5,1,2,3,0,77
20110910-W-US_Open-F-Serena_Williams-Samantha_Stosur,Serena Williams,ApproachRallies,8,5,4,1,2,1,0,52
20110910-W-US_Open-F-Serena_Williams-Samantha_Stosur,Samantha Stosur,NetPoints,13,9,7,2,1,3,0,87
20110910-W-US_Open-F-Serena_Williams-Samantha_Stosur,Samantha Stosur,Approach,4,2,2,0,1,1,0,20
20110910-W-US_Open-F-Serena_Williams-Samantha_Stosur,Samantha Stosur,NetPointsRallies,13,9,7,2,1,3,0,87
20110910-W-US_Open-F-Serena_Williams-Samantha_Stosur,Samantha Stosur,ApproachRallies,4,2,2,0,1,1,0,20
20110127-W-Australian_Open-SF-Caroline_Wozniacki-Na_Li,Caroline Wozniacki,NetPoints,9,5,1,3,1,2,1,72
20110127-W-Australian_Open-SF-Caroline_Wozniacki-Na_Li,Caroline Wozniacki,Approach,9,5,1,3,1,2,1,72
20110127-W-Australian_Open-SF-Caroline_Wozniacki-Na_Li,Caroline Wozniacki,NetPointsRallies,9,5,1,3,1,2,1,72
20110127-W-Australian_Open-SF-Caroline_Wozniacki-Na_Li,Caroline Wozniacki,ApproachRallies,9,5,1,3,1,2,1,72
20110127-W-Australian_Open-SF-Caroline_Wozniacki-Na_Li,Na Li,NetPoints,29,17,12,3,6,1,2,228
20110127-W-Australian_Open-SF-Caroline_Wozniacki-Na_Li,Na Li,Approach,15,8,3,3,2,1,2,123
20110127-W-Australian_Open-SF-Caroline_Wozniacki-Na_Li,Na Li,NetPointsRallies,29,17,12,3,6,1,2,228
20110127-W-Australian_Open-SF-Caroline_Wozniacki-Na_Li,Na Li,ApproachRallies,15,8,3,3,2,1,2,123
20110126-W-Australian_Open-QF-Agnieszka_Radwanska-Kim_Clijsters,Agnieszka Radwanska,NetPoints,20,10,5,4,2,6,2,155
20110126-W-Australian_Open-QF-Agnieszka_Radwanska-Kim_Clijsters,Agnieszka Radwanska,Approach,18,10,5,4,1,5,2,129
20110126-W-Australian_Open-QF-Agnieszka_Radwanska-Kim_Clijsters,Agnieszka Radwanska,NetPointsRallies,20,10,5,4,2,6,2,155
20110126-W-Australian_Open-QF-Agnieszka_Radwanska-Kim_Clijsters,Agnieszka Radwanska,ApproachRallies,18,10,5,4,1,5,2,129
20110126-W-Australian_Open-QF-Agnieszka_Radwanska-Kim_Clijsters,Kim Clijsters,NetPoints,20,15,11,2,3,1,1,182
20110126-W-Australian_Open-QF-Agnieszka_Radwanska-Kim_Clijsters,Kim Clijsters,Approach,11,8,7,0,2,0,1,93
20110126-W-Australian_Open-QF-Agnieszka_Radwanska-Kim_Clijsters,Kim Clijsters,NetPointsRallies,20,15,11,2,3,1,1,182
20110126-W-Australian_Open-QF-Agnieszka_Radwanska-Kim_Clijsters,Kim Clijsters,ApproachRallies,11,8,7,0,2,0,1,93
20110125-W-Australian_Open-QF-Francesca_Schiavone-Caroline_Wozniacki,Francesca Schiavone,NetPoints,35,22,17,3,6,3,2,308
20110125-W-Australian_Open-QF-Francesca_Schiavone-Caroline_Wozniacki,Francesca Schiavone,Approach,14,9,5,2,1,2,1,125
20110125-W-Australian_Open-QF-Francesca_Schiavone-Caroline_Wozniacki,Francesca Schiavone,NetPointsRallies,33,20,15,3,6,3,2,302
20110125-W-Australian_Open-QF-Francesca_Schiavone-Caroline_Wozniacki,Francesca Schiavone,ApproachRallies,12,7,3,2,1,2,1,119
20110125-W-Australian_Open-QF-Francesca_Schiavone-Caroline_Wozniacki,Caroline Wozniacki,NetPoints,25,12,6,6,1,10,2,206
20110125-W-Australian_Open-QF-Francesca_Schiavone-Caroline_Wozniacki,Caroline Wozniacki,Approach,10,5,1,4,0,4,1,57
20110125-W-Australian_Open-QF-Francesca_Schiavone-Caroline_Wozniacki,Caroline Wozniacki,NetPointsRallies,25,12,6,6,1,10,2,206
20110125-W-Australian_Open-QF-Francesca_Schiavone-Caroline_Wozniacki,Caroline Wozniacki,ApproachRallies,10,5,1,4,0,4,1,57
20110123-W-Australian_Open-R16-Francesca_Schiavone-Svetlana_Kuznetsova,Francesca Schiavone,NetPoints,61,40,27,12,5,11,3,381
20110123-W-Australian_Open-R16-Francesca_Schiavone-Svetlana_Kuznetsova,Francesca Schiavone,Approach,47,30,19,10,4,9,3,261
20110123-W-Australian_Open-R16-Francesca_Schiavone-Svetlana_Kuznetsova,Francesca Schiavone,NetPointsRallies,59,39,26,12,5,11,3,376
20110123-W-Australian_Open-R16-Francesca_Schiavone-Svetlana_Kuznetsova,Francesca Schiavone,ApproachRallies,45,29,18,10,4,9,3,256
20110123-W-Australian_Open-R16-Francesca_Schiavone-Svetlana_Kuznetsova,Svetlana Kuznetsova,NetPoints,68,47,31,12,8,9,4,509
20110123-W-Australian_Open-R16-Francesca_Schiavone-Svetlana_Kuznetsova,Svetlana Kuznetsova,Approach,55,34,19,11,8,9,4,394
20110123-W-Australian_Open-R16-Francesca_Schiavone-Svetlana_Kuznetsova,Svetlana Kuznetsova,NetPointsRallies,67,46,31,11,8,9,4,506
20110123-W-Australian_Open-R16-Francesca_Schiavone-Svetlana_Kuznetsova,Svetlana Kuznetsova,ApproachRallies,54,33,19,10,8,9,4,391
20110123-W-Australian_Open-R16-Caroline_Wozniacki-Anastasija_Sevastova,Caroline Wozniacki,NetPoints,14,11,8,3,0,3,0,122
20110123-W-Australian_Open-R16-Caroline_Wozniacki-Anastasija_Sevastova,Caroline Wozniacki,Approach,5,4,3,1,0,1,0,36
20110123-W-Australian_Open-R16-Caroline_Wozniacki-Anastasija_Sevastova,Caroline Wozniacki,NetPointsRallies,14,11,8,3,0,3,0,122
20110123-W-Australian_Open-R16-Caroline_Wozniacki-Anastasija_Sevastova,Caroline Wozniacki,ApproachRallies,5,4,3,1,0,1,0,36
20110123-W-Australian_Open-R16-Caroline_Wozniacki-Anastasija_Sevastova,Anastasija Sevastova,NetPoints,16,9,7,2,3,3,0,104
20110123-W-Australian_Open-R16-Caroline_Wozniacki-Anastasija_Sevastova,Anastasija Sevastova,Approach,9,3,3,0,2,3,0,54
20110123-W-Australian_Open-R16-Caroline_Wozniacki-Anastasija_Sevastova,Anastasija Sevastova,NetPointsRallies,15,9,7,2,3,2,0,100
20110123-W-Australian_Open-R16-Caroline_Wozniacki-Anastasija_Sevastova,Anastasija Sevastova,ApproachRallies,8,3,3,0,2,2,0,50
20110123-W-Australian_Open-R16-Andrea_Petkovic-Maria_Sharapova,Andrea Petkovic,NetPoints,5,2,1,0,1,1,0,45
20110123-W-Australian_Open-R16-Andrea_Petkovic-Maria_Sharapova,Andrea Petkovic,Approach,3,1,0,0,1,0,0,31
20110123-W-Australian_Open-R16-Andrea_Petkovic-Maria_Sharapova,Andrea Petkovic,NetPointsRallies,5,2,1,0,1,1,0,45
20110123-W-Australian_Open-R16-Andrea_Petkovic-Maria_Sharapova,Andrea Petkovic,ApproachRallies,3,1,0,0,1,0,0,31
20110123-W-Australian_Open-R16-Andrea_Petkovic-Maria_Sharapova,Maria Sharapova,NetPoints,10,5,4,1,2,0,3,97
20110123-W-Australian_Open-R16-Andrea_Petkovic-Maria_Sharapova,Maria Sharapova,Approach,6,2,1,1,1,0,3,50
20110123-W-Australian_Open-R16-Andrea_Petkovic-Maria_Sharapova,Maria Sharapova,NetPointsRallies,10,5,4,1,2,0,3,97
20110123-W-Australian_Open-R16-Andrea_Petkovic-Maria_Sharapova,Maria Sharapova,ApproachRallies,6,2,1,1,1,0,3,50
20110121-W-Australian_Open-R32-Caroline_Wozniacki-Dominika_Cibulkova,Caroline Wozniacki,NetPoints,8,6,3,2,0,1,1,50
20110121-W-Australian_Open-R32-Caroline_Wozniacki-Dominika_Cibulkova,Caroline Wozniacki,Approach,6,4,2,1,0,1,1,33
20110121-W-Australian_Open-R32-Caroline_Wozniacki-Dominika_Cibulkova,Caroline Wozniacki,NetPointsRallies,8,6,3,2,0,1,1,50
20110121-W-Australian_Open-R32-Caroline_Wozniacki-Dominika_Cibulkova,Caroline Wozniacki,ApproachRallies,6,4,2,1,0,1,1,33
20110121-W-Australian_Open-R32-Caroline_Wozniacki-Dominika_Cibulkova,Dominika Cibulkova,NetPoints,7,5,4,0,1,0,1,50
20110121-W-Australian_Open-R32-Caroline_Wozniacki-Dominika_Cibulkova,Dominika Cibulkova,Approach,2,1,1,0,0,0,1,19
20110121-W-Australian_Open-R32-Caroline_Wozniacki-Dominika_Cibulkova,Dominika Cibulkova,NetPointsRallies,7,5,4,0,1,0,1,50
20110121-W-Australian_Open-R32-Caroline_Wozniacki-Dominika_Cibulkova,Dominika Cibulkova,ApproachRallies,2,1,1,0,0,0,1,19
20110119-W-Australian_Open-R64-Vania_King-Caroline_Wozniacki,Vania King,NetPoints,12,5,3,1,0,4,3,125
20110119-W-Australian_Open-R64-Vania_King-Caroline_Wozniacki,Vania King,Approach,10,3,1,1,0,4,3,94
20110119-W-Australian_Open-R64-Vania_King-Caroline_Wozniacki,Vania King,NetPointsRallies,12,5,3,1,0,4,3,125
20110119-W-Australian_Open-R64-Vania_King-Caroline_Wozniacki,Vania King,ApproachRallies,10,3,1,1,0,4,3,94
20110119-W-Australian_Open-R64-Vania_King-Caroline_Wozniacki,Caroline Wozniacki,NetPoints,16,14,9,5,1,0,1,101
20110119-W-Australian_Open-R64-Vania_King-Caroline_Wozniacki,Caroline Wozniacki,Approach,10,8,4,4,1,0,1,57
20110119-W-Australian_Open-R64-Vania_King-Caroline_Wozniacki,Caroline Wozniacki,NetPointsRallies,16,14,9,5,1,0,1,101
20110119-W-Australian_Open-R64-Vania_King-Caroline_Wozniacki,Caroline Wozniacki,ApproachRallies,10,8,4,4,1,0,1,57
20110117-W-Australian_Open-R128-Caroline_Wozniacki-Gisela_Dulko,Caroline Wozniacki,NetPoints,20,15,8,6,1,4,0,177
20110117-W-Australian_Open-R128-Caroline_Wozniacki-Gisela_Dulko,Caroline Wozniacki,Approach,7,6,4,2,1,0,0,57
20110117-W-Australian_Open-R128-Caroline_Wozniacki-Gisela_Dulko,Caroline Wozniacki,NetPointsRallies,20,15,8,6,1,4,0,177
20110117-W-Australian_Open-R128-Caroline_Wozniacki-Gisela_Dulko,Caroline Wozniacki,ApproachRallies,7,6,4,2,1,0,0,57
20110117-W-Australian_Open-R128-Caroline_Wozniacki-Gisela_Dulko,Gisela Dulko,NetPoints,33,21,15,5,6,3,3,243
20110117-W-Australian_Open-R128-Caroline_Wozniacki-Gisela_Dulko,Gisela Dulko,Approach,24,14,10,4,5,2,3,173
20110117-W-Australian_Open-R128-Caroline_Wozniacki-Gisela_Dulko,Gisela Dulko,NetPointsRallies,33,21,15,5,6,3,3,243
20110117-W-Australian_Open-R128-Caroline_Wozniacki-Gisela_Dulko,Gisela Dulko,ApproachRallies,24,14,10,4,5,2,3,173
20100906-W-US_Open-R16-Caroline_Wozniacki-Maria_Sharapova,Caroline Wozniacki,NetPoints,8,5,3,1,0,3,0,79
20100906-W-US_Open-R16-Caroline_Wozniacki-Maria_Sharapova,Caroline Wozniacki,Approach,3,2,1,0,0,1,0,40
20100906-W-US_Open-R16-Caroline_Wozniacki-Maria_Sharapova,Caroline Wozniacki,NetPointsRallies,8,5,3,1,0,3,0,79
20100906-W-US_Open-R16-Caroline_Wozniacki-Maria_Sharapova,Caroline Wozniacki,ApproachRallies,3,2,1,0,0,1,0,40
20100906-W-US_Open-R16-Caroline_Wozniacki-Maria_Sharapova,Maria Sharapova,NetPoints,15,12,8,3,0,1,1,134
20100906-W-US_Open-R16-Caroline_Wozniacki-Maria_Sharapova,Maria Sharapova,Approach,9,8,5,2,0,1,0,63
20100906-W-US_Open-R16-Caroline_Wozniacki-Maria_Sharapova,Maria Sharapova,NetPointsRallies,15,12,8,3,0,1,1,134
20100906-W-US_Open-R16-Caroline_Wozniacki-Maria_Sharapova,Maria Sharapova,ApproachRallies,9,8,5,2,0,1,0,63
20100902-W-US_Open-R64-Kim_Clijsters-Sally_Peers,Kim Clijsters,NetPoints,7,4,3,1,2,0,1,29
20100902-W-US_Open-R64-Kim_Clijsters-Sally_Peers,Kim Clijsters,Approach,7,4,3,1,2,0,1,29
20100902-W-US_Open-R64-Kim_Clijsters-Sally_Peers,Kim Clijsters,NetPointsRallies,7,4,3,1,2,0,1,29
20100902-W-US_Open-R64-Kim_Clijsters-Sally_Peers,Kim Clijsters,ApproachRallies,7,4,3,1,2,0,1,29
20100902-W-US_Open-R64-Kim_Clijsters-Sally_Peers,Sally Peers,NetPoints,10,5,3,1,0,4,0,61
20100902-W-US_Open-R64-Kim_Clijsters-Sally_Peers,Sally Peers,Approach,8,3,2,0,0,4,0,51
20100902-W-US_Open-R64-Kim_Clijsters-Sally_Peers,Sally Peers,NetPointsRallies,10,5,3,1,0,4,0,61
20100902-W-US_Open-R64-Kim_Clijsters-Sally_Peers,Sally Peers,ApproachRallies,8,3,2,0,0,4,0,51
20100902-W-US_Open-R64-Andrea_Petkovic-Bethanie_Mattek_Sands,Andrea Petkovic,NetPoints,20,15,10,4,2,2,0,108
20100902-W-US_Open-R64-Andrea_Petkovic-Bethanie_Mattek_Sands,Andrea Petkovic,Approach,13,8,5,2,2,2,0,64
20100902-W-US_Open-R64-Andrea_Petkovic-Bethanie_Mattek_Sands,Andrea Petkovic,NetPointsRallies,19,14,10,4,2,2,0,107
20100902-W-US_Open-R64-Andrea_Petkovic-Bethanie_Mattek_Sands,Andrea Petkovic,ApproachRallies,12,7,5,2,2,2,0,63
20100902-W-US_Open-R64-Andrea_Petkovic-Bethanie_Mattek_Sands,Bethanie Mattek Sands,NetPoints,41,31,22,8,2,4,2,200
20100902-W-US_Open-R64-Andrea_Petkovic-Bethanie_Mattek_Sands,Bethanie Mattek Sands,Approach,35,25,17,7,2,4,2,176
20100902-W-US_Open-R64-Andrea_Petkovic-Bethanie_Mattek_Sands,Bethanie Mattek Sands,NetPointsRallies,35,29,21,8,2,2,2,180
20100902-W-US_Open-R64-Andrea_Petkovic-Bethanie_Mattek_Sands,Bethanie Mattek Sands,ApproachRallies,29,23,16,7,2,2,2,156
20100130-W-Australian_Open-F-Serena_Williams-Justine_Henin,Serena Williams,NetPoints,14,5,3,2,2,6,0,72
20100130-W-Australian_Open-F-Serena_Williams-Justine_Henin,Serena Williams,Approach,10,4,2,2,1,4,0,47
20100130-W-Australian_Open-F-Serena_Williams-Justine_Henin,Serena Williams,NetPointsRallies,13,5,3,2,2,6,0,70
20100130-W-Australian_Open-F-Serena_Williams-Justine_Henin,Serena Williams,ApproachRallies,9,4,2,2,1,4,0,45
20100130-W-Australian_Open-F-Serena_Williams-Justine_Henin,Justine Henin,NetPoints,15,8,3,4,1,2,4,66
20100130-W-Australian_Open-F-Serena_Williams-Justine_Henin,Justine Henin,Approach,15,8,3,4,1,2,4,66
20100130-W-Australian_Open-F-Serena_Williams-Justine_Henin,Justine Henin,NetPointsRallies,15,8,3,4,1,2,4,66
20100130-W-Australian_Open-F-Serena_Williams-Justine_Henin,Justine Henin,ApproachRallies,15,8,3,4,1,2,4,66
20100128-W-Australian_Open-SF-Na_Li-Serena_Williams,Na Li,NetPoints,7,4,2,1,1,1,1,37
20100128-W-Australian_Open-SF-Na_Li-Serena_Williams,Na Li,Approach,6,3,1,1,1,1,1,34
20100128-W-Australian_Open-SF-Na_Li-Serena_Williams,Na Li,NetPointsRallies,7,4,2,1,1,1,1,37
20100128-W-Australian_Open-SF-Na_Li-Serena_Williams,Na Li,ApproachRallies,6,3,1,1,1,1,1,34
20100128-W-Australian_Open-SF-Na_Li-Serena_Williams,Serena Williams,NetPoints,11,7,6,0,4,0,0,60
20100128-W-Australian_Open-SF-Na_Li-Serena_Williams,Serena Williams,Approach,3,1,0,0,2,0,0,13
20100128-W-Australian_Open-SF-Na_Li-Serena_Williams,Serena Williams,NetPointsRallies,11,7,6,0,4,0,0,60
20100128-W-Australian_Open-SF-Na_Li-Serena_Williams,Serena Williams,ApproachRallies,3,1,0,0,2,0,0,13
20100127-W-Australian_Open-QF-Serena_Williams-Victoria_Azarenka,Serena Williams,NetPoints,22,12,9,3,3,5,2,151
20100127-W-Australian_Open-QF-Serena_Williams-Victoria_Azarenka,Serena Williams,Approach,14,9,6,3,2,2,1,90
20100127-W-Australian_Open-QF-Serena_Williams-Victoria_Azarenka,Serena Williams,NetPointsRallies,22,12,9,3,3,5,2,151
20100127-W-Australian_Open-QF-Serena_Williams-Victoria_Azarenka,Serena Williams,ApproachRallies,14,9,6,3,2,2,1,90
20100127-W-Australian_Open-QF-Serena_Williams-Victoria_Azarenka,Victoria Azarenka,NetPoints,26,19,12,7,2,4,1,159
20100127-W-Australian_Open-QF-Serena_Williams-Victoria_Azarenka,Victoria Azarenka,Approach,23,17,10,7,2,3,1,142
20100127-W-Australian_Open-QF-Serena_Williams-Victoria_Azarenka,Victoria Azarenka,NetPointsRallies,26,19,12,7,2,4,1,159
20100127-W-Australian_Open-QF-Serena_Williams-Victoria_Azarenka,Victoria Azarenka,ApproachRallies,23,17,10,7,2,3,1,142
20100122-W-Australian_Open-R32-Nadia_Petrova-Kim_Clijsters,Nadia Petrova,NetPoints,6,6,4,1,0,0,0,45
20100122-W-Australian_Open-R32-Nadia_Petrova-Kim_Clijsters,Nadia Petrova,Approach,3,3,2,0,0,0,0,32
20100122-W-Australian_Open-R32-Nadia_Petrova-Kim_Clijsters,Nadia Petrova,NetPointsRallies,6,6,4,1,0,0,0,45
20100122-W-Australian_Open-R32-Nadia_Petrova-Kim_Clijsters,Nadia Petrova,ApproachRallies,3,3,2,0,0,0,0,32
20100122-W-Australian_Open-R32-Nadia_Petrova-Kim_Clijsters,Kim Clijsters,NetPoints,4,1,0,1,2,1,0,27
20100122-W-Australian_Open-R32-Nadia_Petrova-Kim_Clijsters,Kim Clijsters,Approach,1,1,0,1,0,0,0,4
20100122-W-Australian_Open-R32-Nadia_Petrova-Kim_Clijsters,Kim Clijsters,NetPointsRallies,4,1,0,1,2,1,0,27
20100122-W-Australian_Open-R32-Nadia_Petrova-Kim_Clijsters,Kim Clijsters,ApproachRallies,1,1,0,1,0,0,0,4
20100118-W-Australian_Open-R128-Maria_Kirilenko-Maria_Sharapova,Maria Kirilenko,NetPoints,23,20,11,7,2,1,0,124
20100118-W-Australian_Open-R128-Maria_Kirilenko-Maria_Sharapova,Maria Kirilenko,Approach,11,9,2,7,1,1,0,59
20100118-W-Australian_Open-R128-Maria_Kirilenko-Maria_Sharapova,Maria Kirilenko,NetPointsRallies,23,20,11,7,2,1,0,124
20100118-W-Australian_Open-R128-Maria_Kirilenko-Maria_Sharapova,Maria Kirilenko,ApproachRallies,11,9,2,7,1,1,0,59
20100118-W-Australian_Open-R128-Maria_Kirilenko-Maria_Sharapova,Maria Sharapova,NetPoints,22,16,11,5,1,2,2,151
20100118-W-Australian_Open-R128-Maria_Kirilenko-Maria_Sharapova,Maria Sharapova,Approach,14,9,6,3,1,2,1,96
20100118-W-Australian_Open-R128-Maria_Kirilenko-Maria_Sharapova,Maria Sharapova,NetPointsRallies,22,16,11,5,1,2,2,151
20100118-W-Australian_Open-R128-Maria_Kirilenko-Maria_Sharapova,Maria Sharapova,ApproachRallies,14,9,6,3,1,2,1,96
20090912-W-US_Open-SF-Kim_Clijsters-Serena_Williams,Kim Clijsters,NetPoints,2,1,1,0,0,0,0,10
20090912-W-US_Open-SF-Kim_Clijsters-Serena_Williams,Kim Clijsters,Approach,2,1,1,0,0,0,0,10
20090912-W-US_Open-SF-Kim_Clijsters-Serena_Williams,Kim Clijsters,NetPointsRallies,2,1,1,0,0,0,0,10
20090912-W-US_Open-SF-Kim_Clijsters-Serena_Williams,Kim Clijsters,ApproachRallies,2,1,1,0,0,0,0,10
20090912-W-US_Open-SF-Kim_Clijsters-Serena_Williams,Serena Williams,NetPoints,21,15,9,6,3,2,0,107
20090912-W-US_Open-SF-Kim_Clijsters-Serena_Williams,Serena Williams,Approach,12,6,3,3,3,2,0,79
20090912-W-US_Open-SF-Kim_Clijsters-Serena_Williams,Serena Williams,NetPointsRallies,21,15,9,6,3,2,0,107
20090912-W-US_Open-SF-Kim_Clijsters-Serena_Williams,Serena Williams,ApproachRallies,12,6,3,3,3,2,0,79
20090908-W-US_Open-QF-Na_Li-Kim_Clijsters,Na Li,NetPoints,5,3,3,0,0,1,0,47
20090908-W-US_Open-QF-Na_Li-Kim_Clijsters,Na Li,Approach,4,2,2,0,0,1,0,37
20090908-W-US_Open-QF-Na_Li-Kim_Clijsters,Na Li,NetPointsRallies,5,3,3,0,0,1,0,47
20090908-W-US_Open-QF-Na_Li-Kim_Clijsters,Na Li,ApproachRallies,4,2,2,0,0,1,0,37
20090908-W-US_Open-QF-Na_Li-Kim_Clijsters,Kim Clijsters,NetPoints,4,3,1,1,1,0,0,16
20090908-W-US_Open-QF-Na_Li-Kim_Clijsters,Kim Clijsters,Approach,2,1,0,1,1,0,0,5
20090908-W-US_Open-QF-Na_Li-Kim_Clijsters,Kim Clijsters,NetPointsRallies,4,3,1,1,1,0,0,16
20090908-W-US_Open-QF-Na_Li-Kim_Clijsters,Kim Clijsters,ApproachRallies,2,1,0,1,1,0,0,5
20090907-W-US_Open-R16-Svetlana_Kuznetsova-Caroline_Wozniacki,Svetlana Kuznetsova,NetPoints,28,21,18,3,2,2,2,191
20090907-W-US_Open-R16-Svetlana_Kuznetsova-Caroline_Wozniacki,Svetlana Kuznetsova,Approach,15,8,7,1,2,2,2,118
20090907-W-US_Open-R16-Svetlana_Kuznetsova-Caroline_Wozniacki,Svetlana Kuznetsova,NetPointsRallies,27,21,18,3,2,2,2,189
20090907-W-US_Open-R16-Svetlana_Kuznetsova-Caroline_Wozniacki,Svetlana Kuznetsova,ApproachRallies,14,8,7,1,2,2,2,116
20090907-W-US_Open-R16-Svetlana_Kuznetsova-Caroline_Wozniacki,Caroline Wozniacki,NetPoints,15,12,4,8,1,2,0,97
20090907-W-US_Open-R16-Svetlana_Kuznetsova-Caroline_Wozniacki,Caroline Wozniacki,Approach,10,8,2,6,1,1,0,60
20090907-W-US_Open-R16-Svetlana_Kuznetsova-Caroline_Wozniacki,Caroline Wozniacki,NetPointsRallies,15,12,4,8,1,2,0,97
20090907-W-US_Open-R16-Svetlana_Kuznetsova-Caroline_Wozniacki,Caroline Wozniacki,ApproachRallies,10,8,2,6,1,1,0,60
20090906-W-US_Open-R16-Flavia_Pennetta-Vera_Zvonareva,Flavia Pennetta,NetPoints,27,20,14,4,6,1,0,267
20090906-W-US_Open-R16-Flavia_Pennetta-Vera_Zvonareva,Flavia Pennetta,Approach,24,17,11,4,6,1,0,229
20090906-W-US_Open-R16-Flavia_Pennetta-Vera_Zvonareva,Flavia Pennetta,NetPointsRallies,27,20,14,4,6,1,0,267
20090906-W-US_Open-R16-Flavia_Pennetta-Vera_Zvonareva,Flavia Pennetta,ApproachRallies,24,17,11,4,6,1,0,229
20090906-W-US_Open-R16-Flavia_Pennetta-Vera_Zvonareva,Vera Zvonareva,NetPoints,23,21,14,6,0,1,1,203
20090906-W-US_Open-R16-Flavia_Pennetta-Vera_Zvonareva,Vera Zvonareva,Approach,17,15,8,6,0,1,1,144
20090906-W-US_Open-R16-Flavia_Pennetta-Vera_Zvonareva,Vera Zvonareva,NetPointsRallies,23,21,14,6,0,1,1,203
20090906-W-US_Open-R16-Flavia_Pennetta-Vera_Zvonareva,Vera Zvonareva,ApproachRallies,17,15,8,6,0,1,1,144
20090131-W-Australian_Open-F-Serena_Williams-Dinara_Safina,Serena Williams,NetPoints,5,4,4,0,1,0,0,27
20090131-W-Australian_Open-F-Serena_Williams-Dinara_Safina,Serena Williams,Approach,2,1,1,0,1,0,0,9
20090131-W-Australian_Open-F-Serena_Williams-Dinara_Safina,Serena Williams,NetPointsRallies,5,4,4,0,1,0,0,27
20090131-W-Australian_Open-F-Serena_Williams-Dinara_Safina,Serena Williams,ApproachRallies,2,1,1,0,1,0,0,9
20090131-W-Australian_Open-F-Serena_Williams-Dinara_Safina,Dinara Safina,NetPoints,3,2,1,1,1,0,0,22
20090131-W-Australian_Open-F-Serena_Williams-Dinara_Safina,Dinara Safina,Approach,2,2,1,1,0,0,0,12
20090131-W-Australian_Open-F-Serena_Williams-Dinara_Safina,Dinara Safina,NetPointsRallies,3,2,1,1,1,0,0,22
20090131-W-Australian_Open-F-Serena_Williams-Dinara_Safina,Dinara Safina,ApproachRallies,2,2,1,1,0,0,0,12
20090128-W-Australian_Open-QF-Carla_Suarez_Navarro-Elena_Dementieva,Carla Suarez Navarro,NetPoints,6,5,2,1,0,1,0,36
20090128-W-Australian_Open-QF-Carla_Suarez_Navarro-Elena_Dementieva,Carla Suarez Navarro,Approach,5,4,2,1,0,1,0,32
20090128-W-Australian_Open-QF-Carla_Suarez_Navarro-Elena_Dementieva,Carla Suarez Navarro,NetPointsRallies,6,5,2,1,0,1,0,36
20090128-W-Australian_Open-QF-Carla_Suarez_Navarro-Elena_Dementieva,Carla Suarez Navarro,ApproachRallies,5,4,2,1,0,1,0,32
20090128-W-Australian_Open-QF-Carla_Suarez_Navarro-Elena_Dementieva,Elena Dementieva,NetPoints,12,8,5,2,2,2,0,70
20090128-W-Australian_Open-QF-Carla_Suarez_Navarro-Elena_Dementieva,Elena Dementieva,Approach,9,5,2,2,2,2,0,52
20090128-W-Australian_Open-QF-Carla_Suarez_Navarro-Elena_Dementieva,Elena Dementieva,NetPointsRallies,11,7,5,2,2,2,0,69
20090128-W-Australian_Open-QF-Carla_Suarez_Navarro-Elena_Dementieva,Elena Dementieva,ApproachRallies,8,4,2,2,2,2,0,51
20090126-W-Australian_Open-R16-Dominika_Cibulkova-Elena_Dementieva,Dominika Cibulkova,NetPoints,10,7,3,3,2,0,1,88
20090126-W-Australian_Open-R16-Dominika_Cibulkova-Elena_Dementieva,Dominika Cibulkova,Approach,9,6,3,3,2,0,1,84
20090126-W-Australian_Open-R16-Dominika_Cibulkova-Elena_Dementieva,Dominika Cibulkova,NetPointsRallies,10,7,3,3,2,0,1,88
20090126-W-Australian_Open-R16-Dominika_Cibulkova-Elena_Dementieva,Dominika Cibulkova,ApproachRallies,9,6,3,3,2,0,1,84
20090126-W-Australian_Open-R16-Dominika_Cibulkova-Elena_Dementieva,Elena Dementieva,NetPoints,14,12,8,3,0,2,0,131
20090126-W-Australian_Open-R16-Dominika_Cibulkova-Elena_Dementieva,Elena Dementieva,Approach,10,10,6,3,0,0,0,93
20090126-W-Australian_Open-R16-Dominika_Cibulkova-Elena_Dementieva,Elena Dementieva,NetPointsRallies,14,12,8,3,0,2,0,131
20090126-W-Australian_Open-R16-Dominika_Cibulkova-Elena_Dementieva,Elena Dementieva,ApproachRallies,10,10,6,3,0,0,0,93
20090125-W-Australian_Open-R16-Jelena_Dokic-Alisa_Kleybanova,Jelena Dokic,NetPoints,16,11,9,0,1,3,1,111
20090125-W-Australian_Open-R16-Jelena_Dokic-Alisa_Kleybanova,Jelena Dokic,Approach,5,3,3,0,0,1,1,43
20090125-W-Australian_Open-R16-Jelena_Dokic-Alisa_Kleybanova,Jelena Dokic,NetPointsRallies,16,11,9,0,1,3,1,111
20090125-W-Australian_Open-R16-Jelena_Dokic-Alisa_Kleybanova,Jelena Dokic,ApproachRallies,5,3,3,0,0,1,1,43
20090125-W-Australian_Open-R16-Jelena_Dokic-Alisa_Kleybanova,Alisa Kleybanova,NetPoints,14,8,7,1,2,3,1,93
20090125-W-Australian_Open-R16-Jelena_Dokic-Alisa_Kleybanova,Alisa Kleybanova,Approach,7,5,4,1,1,1,0,43
20090125-W-Australian_Open-R16-Jelena_Dokic-Alisa_Kleybanova,Alisa Kleybanova,NetPointsRallies,14,8,7,1,2,3,1,93
20090125-W-Australian_Open-R16-Jelena_Dokic-Alisa_Kleybanova,Alisa Kleybanova,ApproachRallies,7,5,4,1,1,1,0,43
20090124-W-Australian_Open-R32-Samantha_Stosur-Elena_Dementieva,Samantha Stosur,NetPoints,29,17,11,1,7,3,0,132
20090124-W-Australian_Open-R32-Samantha_Stosur-Elena_Dementieva,Samantha Stosur,Approach,28,16,11,1,7,3,0,129
20090124-W-Australian_Open-R32-Samantha_Stosur-Elena_Dementieva,Samantha Stosur,NetPointsRallies,14,8,6,1,4,2,0,97
20090124-W-Australian_Open-R32-Samantha_Stosur-Elena_Dementieva,Samantha Stosur,ApproachRallies,13,7,6,1,4,2,0,94
20090124-W-Australian_Open-R32-Samantha_Stosur-Elena_Dementieva,Elena Dementieva,NetPoints,10,8,6,2,0,1,1,89
20090124-W-Australian_Open-R32-Samantha_Stosur-Elena_Dementieva,Elena Dementieva,Approach,8,6,4,2,0,1,1,71
20090124-W-Australian_Open-R32-Samantha_Stosur-Elena_Dementieva,Elena Dementieva,NetPointsRallies,10,8,6,2,0,1,1,89
20090124-W-Australian_Open-R32-Samantha_Stosur-Elena_Dementieva,Elena Dementieva,ApproachRallies,8,6,4,2,0,1,1,71
20090119-W-Australian_Open-R128-Ana_Ivanovic-Julia_Goerges,Ana Ivanovic,NetPoints,15,9,6,3,2,3,0,100
20090119-W-Australian_Open-R128-Ana_Ivanovic-Julia_Goerges,Ana Ivanovic,Approach,8,3,2,1,1,3,0,64
20090119-W-Australian_Open-R128-Ana_Ivanovic-Julia_Goerges,Ana Ivanovic,NetPointsRallies,15,9,6,3,2,3,0,100
20090119-W-Australian_Open-R128-Ana_Ivanovic-Julia_Goerges,Ana Ivanovic,ApproachRallies,8,3,2,1,1,3,0,64
20090119-W-Australian_Open-R128-Ana_Ivanovic-Julia_Goerges,Julia Goerges,NetPoints,20,10,8,2,6,3,1,149
20090119-W-Australian_Open-R128-Ana_Ivanovic-Julia_Goerges,Julia Goerges,Approach,7,2,1,1,2,3,0,50
20090119-W-Australian_Open-R128-Ana_Ivanovic-Julia_Goerges,Julia Goerges,NetPointsRallies,20,10,8,2,6,3,1,149
20090119-W-Australian_Open-R128-Ana_Ivanovic-Julia_Goerges,Julia Goerges,ApproachRallies,7,2,1,1,2,3,0,50
20080903-W-US_Open-QF-Serena_Williams-Venus_Williams,Serena Williams,NetPoints,22,16,11,3,1,4,0,117
20080903-W-US_Open-QF-Serena_Williams-Venus_Williams,Serena Williams,Approach,16,13,8,3,0,3,0,86
20080903-W-US_Open-QF-Serena_Williams-Venus_Williams,Serena Williams,NetPointsRallies,22,16,11,3,1,4,0,117
20080903-W-US_Open-QF-Serena_Williams-Venus_Williams,Serena Williams,ApproachRallies,16,13,8,3,0,3,0,86
20080903-W-US_Open-QF-Serena_Williams-Venus_Williams,Venus Williams,NetPoints,30,22,14,7,3,3,2,185
20080903-W-US_Open-QF-Serena_Williams-Venus_Williams,Venus Williams,Approach,23,17,10,6,2,2,2,155
20080903-W-US_Open-QF-Serena_Williams-Venus_Williams,Venus Williams,NetPointsRallies,30,22,14,7,3,3,2,185
20080903-W-US_Open-QF-Serena_Williams-Venus_Williams,Venus Williams,ApproachRallies,23,17,10,6,2,2,2,155
20080806-W-US_Open-F-Serena_Williams-Jelena_Jankovic,Serena Williams,NetPoints,33,27,20,5,1,4,1,295
20080806-W-US_Open-F-Serena_Williams-Jelena_Jankovic,Serena Williams,Approach,23,20,16,3,1,2,0,175
20080806-W-US_Open-F-Serena_Williams-Jelena_Jankovic,Serena Williams,NetPointsRallies,33,27,20,5,1,4,1,295
20080806-W-US_Open-F-Serena_Williams-Jelena_Jankovic,Serena Williams,ApproachRallies,23,20,16,3,1,2,0,175
20080806-W-US_Open-F-Serena_Williams-Jelena_Jankovic,Jelena Jankovic,NetPoints,15,9,2,5,1,0,3,175
20080806-W-US_Open-F-Serena_Williams-Jelena_Jankovic,Jelena Jankovic,Approach,14,8,1,5,1,0,3,156
20080806-W-US_Open-F-Serena_Williams-Jelena_Jankovic,Jelena Jankovic,NetPointsRallies,15,9,2,5,1,0,3,175
20080806-W-US_Open-F-Serena_Williams-Jelena_Jankovic,Jelena Jankovic,ApproachRallies,14,8,1,5,1,0,3,156
20080126-W-Australian_Open-F-Ana_Ivanovic-Maria_Sharapova,Ana Ivanovic,NetPoints,11,4,2,2,3,3,1,56
20080126-W-Australian_Open-F-Ana_Ivanovic-Maria_Sharapova,Ana Ivanovic,Approach,11,4,2,2,3,3,1,56
20080126-W-Australian_Open-F-Ana_Ivanovic-Maria_Sharapova,Ana Ivanovic,NetPointsRallies,11,4,2,2,3,3,1,56
20080126-W-Australian_Open-F-Ana_Ivanovic-Maria_Sharapova,Ana Ivanovic,ApproachRallies,11,4,2,2,3,3,1,56
20080126-W-Australian_Open-F-Ana_Ivanovic-Maria_Sharapova,Maria Sharapova,NetPoints,10,7,4,3,1,0,1,59
20080126-W-Australian_Open-F-Ana_Ivanovic-Maria_Sharapova,Maria Sharapova,Approach,9,6,3,3,1,0,1,54
20080126-W-Australian_Open-F-Ana_Ivanovic-Maria_Sharapova,Maria Sharapova,NetPointsRallies,10,7,4,3,1,0,1,59
20080126-W-Australian_Open-F-Ana_Ivanovic-Maria_Sharapova,Maria Sharapova,ApproachRallies,9,6,3,3,1,0,1,54
20080124-W-Australian_Open-SF-Maria_Sharapova-Jelena_Jankovic,Maria Sharapova,NetPoints,18,17,16,1,1,0,0,120
20080124-W-Australian_Open-SF-Maria_Sharapova-Jelena_Jankovic,Maria Sharapova,Approach,10,9,8,1,1,0,0,65
20080124-W-Australian_Open-SF-Maria_Sharapova-Jelena_Jankovic,Maria Sharapova,NetPointsRallies,18,17,16,1,1,0,0,120
20080124-W-Australian_Open-SF-Maria_Sharapova-Jelena_Jankovic,Maria Sharapova,ApproachRallies,10,9,8,1,1,0,0,65
20080124-W-Australian_Open-SF-Maria_Sharapova-Jelena_Jankovic,Jelena Jankovic,NetPoints,6,4,4,0,2,0,0,53
20080124-W-Australian_Open-SF-Maria_Sharapova-Jelena_Jankovic,Jelena Jankovic,Approach,3,3,3,0,0,0,0,24
20080124-W-Australian_Open-SF-Maria_Sharapova-Jelena_Jankovic,Jelena Jankovic,NetPointsRallies,6,4,4,0,2,0,0,53
20080124-W-Australian_Open-SF-Maria_Sharapova-Jelena_Jankovic,Jelena Jankovic,ApproachRallies,3,3,3,0,0,0,0,24
20080124-W-Australian_Open-SF-Ana_Ivanovic-Daniela_Hantuchova,Ana Ivanovic,NetPoints,20,11,9,1,5,2,2,103
20080124-W-Australian_Open-SF-Ana_Ivanovic-Daniela_Hantuchova,Ana Ivanovic,Approach,17,8,7,1,5,2,2,87
20080124-W-Australian_Open-SF-Ana_Ivanovic-Daniela_Hantuchova,Ana Ivanovic,NetPointsRallies,20,11,9,1,5,2,2,103
20080124-W-Australian_Open-SF-Ana_Ivanovic-Daniela_Hantuchova,Ana Ivanovic,ApproachRallies,17,8,7,1,5,2,2,87
20080124-W-Australian_Open-SF-Ana_Ivanovic-Daniela_Hantuchova,Daniela Hantuchova,NetPoints,21,12,7,4,7,2,0,123
20080124-W-Australian_Open-SF-Ana_Ivanovic-Daniela_Hantuchova,Daniela Hantuchova,Approach,15,9,4,4,5,1,0,92
20080124-W-Australian_Open-SF-Ana_Ivanovic-Daniela_Hantuchova,Daniela Hantuchova,NetPointsRallies,21,12,7,4,7,2,0,123
20080124-W-Australian_Open-SF-Ana_Ivanovic-Daniela_Hantuchova,Daniela Hantuchova,ApproachRallies,15,9,4,4,5,1,0,92
20080123-W-Australian_Open-QF-Daniela_Hantuchova-Agnieszka_Radwanska,Daniela Hantuchova,NetPoints,16,15,10,5,0,0,0,102
20080123-W-Australian_Open-QF-Daniela_Hantuchova-Agnieszka_Radwanska,Daniela Hantuchova,Approach,4,3,2,1,0,0,0,28
20080123-W-Australian_Open-QF-Daniela_Hantuchova-Agnieszka_Radwanska,Daniela Hantuchova,NetPointsRallies,16,15,10,5,0,0,0,102
20080123-W-Australian_Open-QF-Daniela_Hantuchova-Agnieszka_Radwanska,Daniela Hantuchova,ApproachRallies,4,3,2,1,0,0,0,28
20080123-W-Australian_Open-QF-Daniela_Hantuchova-Agnieszka_Radwanska,Agnieszka Radwanska,NetPoints,11,7,3,3,0,4,0,77
20080123-W-Australian_Open-QF-Daniela_Hantuchova-Agnieszka_Radwanska,Agnieszka Radwanska,Approach,10,6,2,3,0,4,0,74
20080123-W-Australian_Open-QF-Daniela_Hantuchova-Agnieszka_Radwanska,Agnieszka Radwanska,NetPointsRallies,11,7,3,3,0,4,0,77
20080123-W-Australian_Open-QF-Daniela_Hantuchova-Agnieszka_Radwanska,Agnieszka Radwanska,ApproachRallies,10,6,2,3,0,4,0,74
20080122-W-Australian_Open-QF-Maria_Sharapova-Justine_Henin,Maria Sharapova,NetPoints,18,15,9,2,2,0,1,174
20080122-W-Australian_Open-QF-Maria_Sharapova-Justine_Henin,Maria Sharapova,Approach,14,11,5,2,2,0,1,125
20080122-W-Australian_Open-QF-Maria_Sharapova-Justine_Henin,Maria Sharapova,NetPointsRallies,18,15,9,2,2,0,1,174
20080122-W-Australian_Open-QF-Maria_Sharapova-Justine_Henin,Maria Sharapova,ApproachRallies,14,11,5,2,2,0,1,125
20080122-W-Australian_Open-QF-Maria_Sharapova-Justine_Henin,Justine Henin,NetPoints,14,5,3,2,1,4,3,109
20080122-W-Australian_Open-QF-Maria_Sharapova-Justine_Henin,Justine Henin,Approach,11,5,3,2,1,1,3,60
20080122-W-Australian_Open-QF-Maria_Sharapova-Justine_Henin,Justine Henin,NetPointsRallies,14,5,3,2,1,4,3,109
20080122-W-Australian_Open-QF-Maria_Sharapova-Justine_Henin,Justine Henin,ApproachRallies,11,5,3,2,1,1,3,60
20080120-W-Australian_Open-R16-Maria_Sharapova-Elena_Dementieva,Maria Sharapova,NetPoints,11,8,6,1,1,2,0,76
20080120-W-Australian_Open-R16-Maria_Sharapova-Elena_Dementieva,Maria Sharapova,Approach,9,6,5,0,1,2,0,68
20080120-W-Australian_Open-R16-Maria_Sharapova-Elena_Dementieva,Maria Sharapova,NetPointsRallies,11,8,6,1,1,2,0,76
20080120-W-Australian_Open-R16-Maria_Sharapova-Elena_Dementieva,Maria Sharapova,ApproachRallies,9,6,5,0,1,2,0,68
20080120-W-Australian_Open-R16-Maria_Sharapova-Elena_Dementieva,Elena Dementieva,NetPoints,6,3,2,1,1,2,0,33
20080120-W-Australian_Open-R16-Maria_Sharapova-Elena_Dementieva,Elena Dementieva,Approach,5,3,2,1,0,2,0,26
20080120-W-Australian_Open-R16-Maria_Sharapova-Elena_Dementieva,Elena Dementieva,NetPointsRallies,6,3,2,1,1,2,0,33
20080120-W-Australian_Open-R16-Maria_Sharapova-Elena_Dementieva,Elena Dementieva,ApproachRallies,5,3,2,1,0,2,0,26
20080120-W-Australian_Open-R16-Caroline_Wozniacki-Ana_Ivanovic,Caroline Wozniacki,NetPoints,14,7,4,2,2,4,1,127
20080120-W-Australian_Open-R16-Caroline_Wozniacki-Ana_Ivanovic,Caroline Wozniacki,Approach,9,4,2,1,1,3,1,77
20080120-W-Australian_Open-R16-Caroline_Wozniacki-Ana_Ivanovic,Caroline Wozniacki,NetPointsRallies,14,7,4,2,2,4,1,127
20080120-W-Australian_Open-R16-Caroline_Wozniacki-Ana_Ivanovic,Caroline Wozniacki,ApproachRallies,9,4,2,1,1,3,1,77
20080120-W-Australian_Open-R16-Caroline_Wozniacki-Ana_Ivanovic,Ana Ivanovic,NetPoints,17,14,11,2,2,0,0,128
20080120-W-Australian_Open-R16-Caroline_Wozniacki-Ana_Ivanovic,Ana Ivanovic,Approach,13,10,8,1,2,0,0,109
20080120-W-Australian_Open-R16-Caroline_Wozniacki-Ana_Ivanovic,Ana Ivanovic,NetPointsRallies,17,14,11,2,2,0,0,128
20080120-W-Australian_Open-R16-Caroline_Wozniacki-Ana_Ivanovic,Ana Ivanovic,ApproachRallies,13,10,8,1,2,0,0,109
20080116-W-Australian_Open-R64-Olga_Puchkova-Justine_Henin,Olga Puchkova,NetPoints,9,2,1,1,6,1,0,75
20080116-W-Australian_Open-R64-Olga_Puchkova-Justine_Henin,Olga Puchkova,Approach,4,1,0,1,2,1,0,36
20080116-W-Australian_Open-R64-Olga_Puchkova-Justine_Henin,Olga Puchkova,NetPointsRallies,9,2,1,1,6,1,0,75
20080116-W-Australian_Open-R64-Olga_Puchkova-Justine_Henin,Olga Puchkova,ApproachRallies,4,1,0,1,2,1,0,36
20080116-W-Australian_Open-R64-Olga_Puchkova-Justine_Henin,Justine Henin,NetPoints,27,21,9,6,0,3,2,118
20080116-W-Australian_Open-R64-Olga_Puchkova-Justine_Henin,Justine Henin,Approach,24,18,8,5,0,3,2,95
20080116-W-Australian_Open-R64-Olga_Puchkova-Justine_Henin,Justine Henin,NetPointsRallies,23,18,9,6,0,3,2,111
20080116-W-Australian_Open-R64-Olga_Puchkova-Justine_Henin,Justine Henin,ApproachRallies,20,15,8,5,0,3,2,88
20070908-W-US_Open-F-Svetlana_Kuznetsova-Justine_Henin,Svetlana Kuznetsova,NetPoints,12,9,4,3,1,1,0,84
20070908-W-US_Open-F-Svetlana_Kuznetsova-Justine_Henin,Svetlana Kuznetsova,Approach,9,6,2,2,1,1,0,66
20070908-W-US_Open-F-Svetlana_Kuznetsova-Justine_Henin,Svetlana Kuznetsova,NetPointsRallies,12,9,4,3,1,1,0,84
20070908-W-US_Open-F-Svetlana_Kuznetsova-Justine_Henin,Svetlana Kuznetsova,ApproachRallies,9,6,2,2,1,1,0,66
20070908-W-US_Open-F-Svetlana_Kuznetsova-Justine_Henin,Justine Henin,NetPoints,13,10,6,3,2,1,0,92
20070908-W-US_Open-F-Svetlana_Kuznetsova-Justine_Henin,Justine Henin,Approach,8,7,4,2,1,0,0,52
20070908-W-US_Open-F-Svetlana_Kuznetsova-Justine_Henin,Justine Henin,NetPointsRallies,13,10,6,3,2,1,0,92
20070908-W-US_Open-F-Svetlana_Kuznetsova-Justine_Henin,Justine Henin,ApproachRallies,8,7,4,2,1,0,0,52
20070907-W-US_Open-SF-Venus_Williams-Justine_Henin,Venus Williams,NetPoints,18,12,8,1,1,3,1,169
20070907-W-US_Open-SF-Venus_Williams-Justine_Henin,Venus Williams,NetPointsRallies,18,12,8,1,1,3,1,169
20070907-W-US_Open-SF-Venus_Williams-Justine_Henin,Justine Henin,NetPoints,12,8,7,0,1,3,0,117
20070907-W-US_Open-SF-Venus_Williams-Justine_Henin,Justine Henin,NetPointsRallies,12,8,7,0,1,3,0,117
20070904-W-US_Open-QF-Serena_Williams-Justine_Henin,Serena Williams,NetPoints,15,7,3,3,2,4,1,75
20070904-W-US_Open-QF-Serena_Williams-Justine_Henin,Serena Williams,Approach,14,7,3,3,2,3,1,65
20070904-W-US_Open-QF-Serena_Williams-Justine_Henin,Serena Williams,NetPointsRallies,12,6,3,3,2,4,0,68
20070904-W-US_Open-QF-Serena_Williams-Justine_Henin,Serena Williams,ApproachRallies,11,6,3,3,2,3,0,58
20070904-W-US_Open-QF-Serena_Williams-Justine_Henin,Justine Henin,NetPoints,15,11,5,4,1,2,1,98
20070904-W-US_Open-QF-Serena_Williams-Justine_Henin,Justine Henin,Approach,12,8,3,3,1,2,1,80
20070904-W-US_Open-QF-Serena_Williams-Justine_Henin,Justine Henin,NetPointsRallies,15,11,5,4,1,2,1,98
20070904-W-US_Open-QF-Serena_Williams-Justine_Henin,Justine Henin,ApproachRallies,12,8,3,3,1,2,1,80
20070902-W-US_Open-R16-Dinara_Safina-Justine_Henin,Dinara Safina,NetPoints,13,6,2,3,4,1,2,84
20070902-W-US_Open-R16-Dinara_Safina-Justine_Henin,Dinara Safina,Approach,10,4,0,3,4,0,2,72
20070902-W-US_Open-R16-Dinara_Safina-Justine_Henin,Dinara Safina,NetPointsRallies,13,6,2,3,4,1,2,84
20070902-W-US_Open-R16-Dinara_Safina-Justine_Henin,Dinara Safina,ApproachRallies,10,4,0,3,4,0,2,72
20070902-W-US_Open-R16-Dinara_Safina-Justine_Henin,Justine Henin,NetPoints,10,6,2,0,0,2,1,31
20070902-W-US_Open-R16-Dinara_Safina-Justine_Henin,Justine Henin,Approach,9,5,1,0,0,2,1,27
20070902-W-US_Open-R16-Dinara_Safina-Justine_Henin,Justine Henin,NetPointsRallies,4,3,2,0,0,1,0,18
20070902-W-US_Open-R16-Dinara_Safina-Justine_Henin,Justine Henin,ApproachRallies,3,2,1,0,0,1,0,14
20070901-W-US_Open-R32-Agnieszka_Radwanska-Maria_Sharapova,Agnieszka Radwanska,NetPoints,7,4,4,0,0,2,1,65
20070901-W-US_Open-R32-Agnieszka_Radwanska-Maria_Sharapova,Agnieszka Radwanska,Approach,6,3,3,0,0,2,1,56
20070901-W-US_Open-R32-Agnieszka_Radwanska-Maria_Sharapova,Agnieszka Radwanska,NetPointsRallies,7,4,4,0,0,2,1,65
20070901-W-US_Open-R32-Agnieszka_Radwanska-Maria_Sharapova,Agnieszka Radwanska,ApproachRallies,6,3,3,0,0,2,1,56
20070901-W-US_Open-R32-Agnieszka_Radwanska-Maria_Sharapova,Maria Sharapova,NetPoints,18,12,8,1,1,2,3,112
20070901-W-US_Open-R32-Agnieszka_Radwanska-Maria_Sharapova,Maria Sharapova,Approach,5,3,0,1,0,0,2,31
20070901-W-US_Open-R32-Agnieszka_Radwanska-Maria_Sharapova,Maria Sharapova,NetPointsRallies,18,12,8,1,1,2,3,112
20070901-W-US_Open-R32-Agnieszka_Radwanska-Maria_Sharapova,Maria Sharapova,ApproachRallies,5,3,0,1,0,0,2,31
20070831-W-US_Open-R32-Justine_Henin-Kate_Makarova,Justine Henin,NetPoints,21,15,7,5,0,3,2,111
20070831-W-US_Open-R32-Justine_Henin-Kate_Makarova,Justine Henin,Approach,19,13,6,4,0,3,2,99
20070831-W-US_Open-R32-Justine_Henin-Kate_Makarova,Justine Henin,NetPointsRallies,16,13,5,5,0,1,2,89
20070831-W-US_Open-R32-Justine_Henin-Kate_Makarova,Justine Henin,ApproachRallies,14,11,4,4,0,1,2,77
20070831-W-US_Open-R32-Justine_Henin-Kate_Makarova,Kate Makarova,NetPoints,9,5,3,2,2,2,0,46
20070831-W-US_Open-R32-Justine_Henin-Kate_Makarova,Kate Makarova,Approach,8,4,3,1,2,2,0,43
20070831-W-US_Open-R32-Justine_Henin-Kate_Makarova,Kate Makarova,NetPointsRallies,9,5,3,2,2,2,0,46
20070831-W-US_Open-R32-Justine_Henin-Kate_Makarova,Kate Makarova,ApproachRallies,8,4,3,1,2,2,0,43
20070829-W-US_Open-R64-Tsvetana_Pironkova-Justine_Henin,Tsvetana Pironkova,NetPoints,8,5,3,1,0,2,1,62
20070829-W-US_Open-R64-Tsvetana_Pironkova-Justine_Henin,Tsvetana Pironkova,Approach,4,2,0,1,0,1,1,24
20070829-W-US_Open-R64-Tsvetana_Pironkova-Justine_Henin,Tsvetana Pironkova,NetPointsRallies,8,5,3,1,0,2,1,62
20070829-W-US_Open-R64-Tsvetana_Pironkova-Justine_Henin,Tsvetana Pironkova,ApproachRallies,4,2,0,1,0,1,1,24
20070829-W-US_Open-R64-Tsvetana_Pironkova-Justine_Henin,Justine Henin,NetPoints,31,20,7,3,2,6,2,199
20070829-W-US_Open-R64-Tsvetana_Pironkova-Justine_Henin,Justine Henin,Approach,27,18,6,2,2,4,2,173
20070829-W-US_Open-R64-Tsvetana_Pironkova-Justine_Henin,Justine Henin,NetPointsRallies,24,15,6,3,2,6,1,184
20070829-W-US_Open-R64-Tsvetana_Pironkova-Justine_Henin,Justine Henin,ApproachRallies,20,13,5,2,2,4,1,158
20070127-W-Australian_Open-F-Serena_Williams-Maria_Sharapova,Serena Williams,NetPoints,5,4,4,0,0,1,0,27
20070127-W-Australian_Open-F-Serena_Williams-Maria_Sharapova,Serena Williams,Approach,5,4,4,0,0,1,0,27
20070127-W-Australian_Open-F-Serena_Williams-Maria_Sharapova,Serena Williams,NetPointsRallies,3,2,2,0,0,1,0,21
20070127-W-Australian_Open-F-Serena_Williams-Maria_Sharapova,Serena Williams,ApproachRallies,3,2,2,0,0,1,0,21
20070127-W-Australian_Open-F-Serena_Williams-Maria_Sharapova,Maria Sharapova,NetPoints,4,3,2,1,0,1,0,33
20070127-W-Australian_Open-F-Serena_Williams-Maria_Sharapova,Maria Sharapova,Approach,3,2,1,1,0,1,0,22
20070127-W-Australian_Open-F-Serena_Williams-Maria_Sharapova,Maria Sharapova,NetPointsRallies,4,3,2,1,0,1,0,33
20070127-W-Australian_Open-F-Serena_Williams-Maria_Sharapova,Maria Sharapova,ApproachRallies,3,2,1,1,0,1,0,22
20070124-W-Australian_Open-QF-Kim_Clijsters-Martina_Hingis,Kim Clijsters,NetPoints,28,18,12,5,3,2,2,212
20070124-W-Australian_Open-QF-Kim_Clijsters-Martina_Hingis,Kim Clijsters,Approach,16,12,8,3,1,0,2,122
20070124-W-Australian_Open-QF-Kim_Clijsters-Martina_Hingis,Kim Clijsters,NetPointsRallies,27,17,11,5,3,2,2,207
20070124-W-Australian_Open-QF-Kim_Clijsters-Martina_Hingis,Kim Clijsters,ApproachRallies,15,11,7,3,1,0,2,117
20070124-W-Australian_Open-QF-Kim_Clijsters-Martina_Hingis,Martina Hingis,NetPoints,24,9,8,1,2,11,2,158
20070124-W-Australian_Open-QF-Kim_Clijsters-Martina_Hingis,Martina Hingis,Approach,23,8,7,1,2,11,2,151
20070124-W-Australian_Open-QF-Kim_Clijsters-Martina_Hingis,Martina Hingis,NetPointsRallies,23,8,7,1,2,11,2,155
20070124-W-Australian_Open-QF-Kim_Clijsters-Martina_Hingis,Martina Hingis,ApproachRallies,22,7,6,1,2,11,2,148
20070117-W-Australian_Open-R64-Martina_Hingis-Alla_Kudryavtseva,Martina Hingis,NetPoints,19,12,7,4,3,3,1,128
20070117-W-Australian_Open-R64-Martina_Hingis-Alla_Kudryavtseva,Martina Hingis,Approach,13,6,3,3,3,3,1,69
20070117-W-Australian_Open-R64-Martina_Hingis-Alla_Kudryavtseva,Martina Hingis,NetPointsRallies,18,12,7,4,3,2,1,124
20070117-W-Australian_Open-R64-Martina_Hingis-Alla_Kudryavtseva,Martina Hingis,ApproachRallies,12,6,3,3,3,2,1,65
20070117-W-Australian_Open-R64-Martina_Hingis-Alla_Kudryavtseva,Alla Kudryavtseva,NetPoints,15,9,7,2,3,3,0,96
20070117-W-Australian_Open-R64-Martina_Hingis-Alla_Kudryavtseva,Alla Kudryavtseva,Approach,10,5,3,2,3,2,0,69
20070117-W-Australian_Open-R64-Martina_Hingis-Alla_Kudryavtseva,Alla Kudryavtseva,NetPointsRallies,15,9,7,2,3,3,0,96
20070117-W-Australian_Open-R64-Martina_Hingis-Alla_Kudryavtseva,Alla Kudryavtseva,ApproachRallies,10,5,3,2,3,2,0,69
20070116-W-Australian_Open-R128-Martina_Hingis-Nathalie_Dechy,Martina Hingis,NetPoints,22,18,11,5,1,2,0,133
20070116-W-Australian_Open-R128-Martina_Hingis-Nathalie_Dechy,Martina Hingis,Approach,12,8,2,4,1,2,0,72
20070116-W-Australian_Open-R128-Martina_Hingis-Nathalie_Dechy,Martina Hingis,NetPointsRallies,21,17,11,5,1,2,0,132
20070116-W-Australian_Open-R128-Martina_Hingis-Nathalie_Dechy,Martina Hingis,ApproachRallies,11,7,2,4,1,2,0,71
20070116-W-Australian_Open-R128-Martina_Hingis-Nathalie_Dechy,Nathalie Dechy,NetPoints,13,10,7,3,2,1,0,62
20070116-W-Australian_Open-R128-Martina_Hingis-Nathalie_Dechy,Nathalie Dechy,Approach,8,6,4,2,1,1,0,34
20070116-W-Australian_Open-R128-Martina_Hingis-Nathalie_Dechy,Nathalie Dechy,NetPointsRallies,13,10,7,3,2,1,0,62
20070116-W-Australian_Open-R128-Martina_Hingis-Nathalie_Dechy,Nathalie Dechy,ApproachRallies,8,6,4,2,1,1,0,34
20060908-W-US_Open-SF-Amelie_Mauresmo-Maria_Sharapova,Amelie Mauresmo,NetPoints,27,12,5,6,7,5,2,161
20060908-W-US_Open-SF-Amelie_Mauresmo-Maria_Sharapova,Amelie Mauresmo,Approach,26,11,4,6,7,5,2,158
20060908-W-US_Open-SF-Amelie_Mauresmo-Maria_Sharapova,Amelie Mauresmo,NetPointsRallies,26,12,5,6,6,5,2,157
20060908-W-US_Open-SF-Amelie_Mauresmo-Maria_Sharapova,Amelie Mauresmo,ApproachRallies,25,11,4,6,6,5,2,154
20060908-W-US_Open-SF-Amelie_Mauresmo-Maria_Sharapova,Maria Sharapova,NetPoints,7,6,3,2,1,0,0,37
20060908-W-US_Open-SF-Amelie_Mauresmo-Maria_Sharapova,Maria Sharapova,Approach,4,4,1,2,0,0,0,23
20060908-W-US_Open-SF-Amelie_Mauresmo-Maria_Sharapova,Maria Sharapova,NetPointsRallies,7,6,3,2,1,0,0,37
20060908-W-US_Open-SF-Amelie_Mauresmo-Maria_Sharapova,Maria Sharapova,ApproachRallies,4,4,1,2,0,0,0,23
20060905-W-US_Open-QF-Tatiana_Golovin-Maria_Sharapova,Tatiana Golovin,NetPoints,10,5,2,3,3,2,0,70
20060905-W-US_Open-QF-Tatiana_Golovin-Maria_Sharapova,Tatiana Golovin,Approach,10,5,2,3,3,2,0,70
20060905-W-US_Open-QF-Tatiana_Golovin-Maria_Sharapova,Tatiana Golovin,NetPointsRallies,10,5,2,3,3,2,0,70
20060905-W-US_Open-QF-Tatiana_Golovin-Maria_Sharapova,Tatiana Golovin,ApproachRallies,10,5,2,3,3,2,0,70
20060905-W-US_Open-QF-Tatiana_Golovin-Maria_Sharapova,Maria Sharapova,NetPoints,11,8,4,4,3,0,0,55
20060905-W-US_Open-QF-Tatiana_Golovin-Maria_Sharapova,Maria Sharapova,Approach,9,6,2,4,3,0,0,42
20060905-W-US_Open-QF-Tatiana_Golovin-Maria_Sharapova,Maria Sharapova,NetPointsRallies,11,8,4,4,3,0,0,55
20060905-W-US_Open-QF-Tatiana_Golovin-Maria_Sharapova,Maria Sharapova,ApproachRallies,9,6,2,4,3,0,0,42
20060903-W-US_Open-R16-Justine_Henin-Shahar_Peer,Justine Henin,NetPoints,20,19,12,5,0,1,0,104
20060903-W-US_Open-R16-Justine_Henin-Shahar_Peer,Justine Henin,Approach,18,17,10,5,0,1,0,97
20060903-W-US_Open-R16-Justine_Henin-Shahar_Peer,Justine Henin,NetPointsRallies,12,12,8,3,0,0,0,71
20060903-W-US_Open-R16-Justine_Henin-Shahar_Peer,Justine Henin,ApproachRallies,10,10,6,3,0,0,0,64
20060903-W-US_Open-R16-Justine_Henin-Shahar_Peer,Shahar Peer,NetPoints,6,3,2,1,1,1,1,38
20060903-W-US_Open-R16-Justine_Henin-Shahar_Peer,Shahar Peer,Approach,5,3,2,1,1,0,1,34
20060903-W-US_Open-R16-Justine_Henin-Shahar_Peer,Shahar Peer,NetPointsRallies,6,3,2,1,1,1,1,38
20060903-W-US_Open-R16-Justine_Henin-Shahar_Peer,Shahar Peer,ApproachRallies,5,3,2,1,1,0,1,34
20060828-W-US_Open-R128-Michaella_Krajicek-Maria_Sharapova,Michaella Krajicek,NetPoints,4,3,3,0,0,1,0,17
20060828-W-US_Open-R128-Michaella_Krajicek-Maria_Sharapova,Michaella Krajicek,Approach,3,2,2,0,0,1,0,14
20060828-W-US_Open-R128-Michaella_Krajicek-Maria_Sharapova,Michaella Krajicek,NetPointsRallies,4,3,3,0,0,1,0,17
20060828-W-US_Open-R128-Michaella_Krajicek-Maria_Sharapova,Michaella Krajicek,ApproachRallies,3,2,2,0,0,1,0,14
20060828-W-US_Open-R128-Michaella_Krajicek-Maria_Sharapova,Maria Sharapova,NetPoints,5,4,4,0,1,0,0,29
20060828-W-US_Open-R128-Michaella_Krajicek-Maria_Sharapova,Maria Sharapova,Approach,2,1,1,0,1,0,0,12
20060828-W-US_Open-R128-Michaella_Krajicek-Maria_Sharapova,Maria Sharapova,NetPointsRallies,5,4,4,0,1,0,0,29
20060828-W-US_Open-R128-Michaella_Krajicek-Maria_Sharapova,Maria Sharapova,ApproachRallies,2,1,1,0,1,0,0,12
20060128-W-Australian_Open-F-Amelie_Mauresmo-Justine_Henin,Amelie Mauresmo,NetPoints,9,6,1,2,1,1,1,54
20060128-W-Australian_Open-F-Amelie_Mauresmo-Justine_Henin,Amelie Mauresmo,Approach,9,6,1,2,1,1,1,54
20060128-W-Australian_Open-F-Amelie_Mauresmo-Justine_Henin,Amelie Mauresmo,NetPointsRallies,9,6,1,2,1,1,1,54
20060128-W-Australian_Open-F-Amelie_Mauresmo-Justine_Henin,Amelie Mauresmo,ApproachRallies,9,6,1,2,1,1,1,54
20060128-W-Australian_Open-F-Amelie_Mauresmo-Justine_Henin,Justine Henin,NetPoints,8,6,2,2,0,0,2,90
20060128-W-Australian_Open-F-Amelie_Mauresmo-Justine_Henin,Justine Henin,Approach,8,6,2,2,0,0,2,90
20060128-W-Australian_Open-F-Amelie_Mauresmo-Justine_Henin,Justine Henin,NetPointsRallies,8,6,2,2,0,0,2,90
20060128-W-Australian_Open-F-Amelie_Mauresmo-Justine_Henin,Justine Henin,ApproachRallies,8,6,2,2,0,0,2,90
20060125-W-Australian_Open-QF-Kim_Clijsters-Martina_Hingis,Kim Clijsters,NetPoints,23,18,12,4,2,2,1,170
20060125-W-Australian_Open-QF-Kim_Clijsters-Martina_Hingis,Kim Clijsters,Approach,12,10,7,2,1,1,0,82
20060125-W-Australian_Open-QF-Kim_Clijsters-Martina_Hingis,Kim Clijsters,NetPointsRallies,23,18,12,4,2,2,1,170
20060125-W-Australian_Open-QF-Kim_Clijsters-Martina_Hingis,Kim Clijsters,ApproachRallies,12,10,7,2,1,1,0,82
20060125-W-Australian_Open-QF-Kim_Clijsters-Martina_Hingis,Martina Hingis,NetPoints,32,22,14,7,3,4,2,193
20060125-W-Australian_Open-QF-Kim_Clijsters-Martina_Hingis,Martina Hingis,Approach,27,19,11,7,3,3,1,151
20060125-W-Australian_Open-QF-Kim_Clijsters-Martina_Hingis,Martina Hingis,NetPointsRallies,27,19,12,7,2,4,2,180
20060125-W-Australian_Open-QF-Kim_Clijsters-Martina_Hingis,Martina Hingis,ApproachRallies,22,16,9,7,2,3,1,138
20060122-W-Australian_Open-R16-Daniela_Hantuchova-Maria_Sharapova,Daniela Hantuchova,NetPoints,2,2,0,1,0,0,0,5
20060122-W-Australian_Open-R16-Daniela_Hantuchova-Maria_Sharapova,Daniela Hantuchova,Approach,1,1,0,0,0,0,0,1
20060122-W-Australian_Open-R16-Daniela_Hantuchova-Maria_Sharapova,Daniela Hantuchova,NetPointsRallies,1,1,0,1,0,0,0,4
20060122-W-Australian_Open-R16-Daniela_Hantuchova-Maria_Sharapova,Maria Sharapova,NetPoints,7,6,6,0,1,0,0,46
20060122-W-Australian_Open-R16-Daniela_Hantuchova-Maria_Sharapova,Maria Sharapova,Approach,3,2,2,0,1,0,0,25
20060122-W-Australian_Open-R16-Daniela_Hantuchova-Maria_Sharapova,Maria Sharapova,NetPointsRallies,7,6,6,0,1,0,0,46
20060122-W-Australian_Open-R16-Daniela_Hantuchova-Maria_Sharapova,Maria Sharapova,ApproachRallies,3,2,2,0,1,0,0,25
20060120-W-Australian_Open-R32-Serena_Williams-Daniela_Hantuchova,Serena Williams,NetPoints,6,4,2,1,1,1,0,50
20060120-W-Australian_Open-R32-Serena_Williams-Daniela_Hantuchova,Serena Williams,Approach,4,2,1,0,1,1,0,18
20060120-W-Australian_Open-R32-Serena_Williams-Daniela_Hantuchova,Serena Williams,NetPointsRallies,6,4,2,1,1,1,0,50
20060120-W-Australian_Open-R32-Serena_Williams-Daniela_Hantuchova,Serena Williams,ApproachRallies,4,2,1,0,1,1,0,18
20060120-W-Australian_Open-R32-Serena_Williams-Daniela_Hantuchova,Daniela Hantuchova,NetPoints,3,2,1,1,0,1,0,33
20060120-W-Australian_Open-R32-Serena_Williams-Daniela_Hantuchova,Daniela Hantuchova,Approach,3,2,1,1,0,1,0,33
20060120-W-Australian_Open-R32-Serena_Williams-Daniela_Hantuchova,Daniela Hantuchova,NetPointsRallies,3,2,1,1,0,1,0,33
20060120-W-Australian_Open-R32-Serena_Williams-Daniela_Hantuchova,Daniela Hantuchova,ApproachRallies,3,2,1,1,0,1,0,33
20050911-W-US_Open-F-Mary_Pierce-Kim_Clijsters,Mary Pierce,NetPoints,15,9,5,4,4,1,1,80
20050911-W-US_Open-F-Mary_Pierce-Kim_Clijsters,Mary Pierce,Approach,10,7,3,4,1,1,1,61
20050911-W-US_Open-F-Mary_Pierce-Kim_Clijsters,Mary Pierce,NetPointsRallies,15,9,5,4,4,1,1,80
20050911-W-US_Open-F-Mary_Pierce-Kim_Clijsters,Mary Pierce,ApproachRallies,10,7,3,4,1,1,1,61
20050911-W-US_Open-F-Mary_Pierce-Kim_Clijsters,Kim Clijsters,NetPoints,4,4,3,0,0,0,0,20
20050911-W-US_Open-F-Mary_Pierce-Kim_Clijsters,Kim Clijsters,Approach,2,2,1,0,0,0,0,14
20050911-W-US_Open-F-Mary_Pierce-Kim_Clijsters,Kim Clijsters,NetPointsRallies,4,4,3,0,0,0,0,20
20050911-W-US_Open-F-Mary_Pierce-Kim_Clijsters,Kim Clijsters,ApproachRallies,2,2,1,0,0,0,0,14
20050908-W-US_Open-SF-Mary_Pierce-Elena_Dementieva,Mary Pierce,NetPoints,8,2,0,2,1,5,0,56
20050908-W-US_Open-SF-Mary_Pierce-Elena_Dementieva,Mary Pierce,Approach,6,2,0,2,1,3,0,43
20050908-W-US_Open-SF-Mary_Pierce-Elena_Dementieva,Mary Pierce,NetPointsRallies,7,1,0,1,1,5,0,53
20050908-W-US_Open-SF-Mary_Pierce-Elena_Dementieva,Mary Pierce,ApproachRallies,5,1,0,1,1,3,0,40
20050908-W-US_Open-SF-Mary_Pierce-Elena_Dementieva,Elena Dementieva,NetPoints,10,9,6,3,0,1,0,65
20050908-W-US_Open-SF-Mary_Pierce-Elena_Dementieva,Elena Dementieva,Approach,3,3,3,0,0,0,0,16
20050908-W-US_Open-SF-Mary_Pierce-Elena_Dementieva,Elena Dementieva,NetPointsRallies,10,9,6,3,0,1,0,65
20050908-W-US_Open-SF-Mary_Pierce-Elena_Dementieva,Elena Dementieva,ApproachRallies,3,3,3,0,0,0,0,16
20050907-W-US_Open-QF-Venus_Williams-Kim_Clijsters,Venus Williams,NetPoints,25,18,8,7,2,5,0,194
20050907-W-US_Open-QF-Venus_Williams-Kim_Clijsters,Venus Williams,Approach,20,16,6,7,0,4,0,143
20050907-W-US_Open-QF-Venus_Williams-Kim_Clijsters,Venus Williams,NetPointsRallies,25,18,8,7,2,5,0,194
20050907-W-US_Open-QF-Venus_Williams-Kim_Clijsters,Venus Williams,ApproachRallies,20,16,6,7,0,4,0,143
20050907-W-US_Open-QF-Venus_Williams-Kim_Clijsters,Kim Clijsters,NetPoints,8,6,5,1,1,1,0,84
20050907-W-US_Open-QF-Venus_Williams-Kim_Clijsters,Kim Clijsters,Approach,3,3,2,1,0,0,0,32
20050907-W-US_Open-QF-Venus_Williams-Kim_Clijsters,Kim Clijsters,NetPointsRallies,8,6,5,1,1,1,0,84
20050907-W-US_Open-QF-Venus_Williams-Kim_Clijsters,Kim Clijsters,ApproachRallies,3,3,2,1,0,0,0,32
20050907-W-US_Open-QF-Mary_Pierce-Amelie_Mauresmo,Mary Pierce,NetPoints,19,10,5,4,1,7,1,113
20050907-W-US_Open-QF-Mary_Pierce-Amelie_Mauresmo,Mary Pierce,Approach,16,10,5,4,1,4,1,99
20050907-W-US_Open-QF-Mary_Pierce-Amelie_Mauresmo,Mary Pierce,NetPointsRallies,18,9,5,4,1,7,1,112
20050907-W-US_Open-QF-Mary_Pierce-Amelie_Mauresmo,Mary Pierce,ApproachRallies,15,9,5,4,1,4,1,98
20050907-W-US_Open-QF-Mary_Pierce-Amelie_Mauresmo,Amelie Mauresmo,NetPoints,17,11,10,0,5,0,0,91
20050907-W-US_Open-QF-Mary_Pierce-Amelie_Mauresmo,Amelie Mauresmo,Approach,14,8,7,0,5,0,0,64
20050907-W-US_Open-QF-Mary_Pierce-Amelie_Mauresmo,Amelie Mauresmo,NetPointsRallies,12,7,6,0,5,0,0,73
20050907-W-US_Open-QF-Mary_Pierce-Amelie_Mauresmo,Amelie Mauresmo,ApproachRallies,9,4,3,0,5,0,0,46
20050907-W-US_Open-QF-Maria_Sharapova-Nadia_Petrova,Maria Sharapova,NetPoints,9,7,4,3,0,1,0,96
20050907-W-US_Open-QF-Maria_Sharapova-Nadia_Petrova,Maria Sharapova,Approach,5,3,1,2,0,1,0,54
20050907-W-US_Open-QF-Maria_Sharapova-Nadia_Petrova,Maria Sharapova,NetPointsRallies,9,7,4,3,0,1,0,96
20050907-W-US_Open-QF-Maria_Sharapova-Nadia_Petrova,Maria Sharapova,ApproachRallies,5,3,1,2,0,1,0,54
20050907-W-US_Open-QF-Maria_Sharapova-Nadia_Petrova,Nadia Petrova,NetPoints,19,11,4,4,4,3,1,134
20050907-W-US_Open-QF-Maria_Sharapova-Nadia_Petrova,Nadia Petrova,Approach,17,10,3,4,3,3,1,120
20050907-W-US_Open-QF-Maria_Sharapova-Nadia_Petrova,Nadia Petrova,NetPointsRallies,18,10,4,4,4,3,1,131
20050907-W-US_Open-QF-Maria_Sharapova-Nadia_Petrova,Nadia Petrova,ApproachRallies,16,9,3,4,3,3,1,117
20050906-W-US_Open-QF-Lindsay_Davenport-Elena_Dementieva,Lindsay Davenport,NetPoints,25,18,12,6,3,2,1,180
20050906-W-US_Open-QF-Lindsay_Davenport-Elena_Dementieva,Lindsay Davenport,Approach,12,10,6,4,0,1,1,80
20050906-W-US_Open-QF-Lindsay_Davenport-Elena_Dementieva,Lindsay Davenport,NetPointsRallies,25,18,12,6,3,2,1,180
20050906-W-US_Open-QF-Lindsay_Davenport-Elena_Dementieva,Lindsay Davenport,ApproachRallies,12,10,6,4,0,1,1,80
20050906-W-US_Open-QF-Lindsay_Davenport-Elena_Dementieva,Elena Dementieva,NetPoints,3,2,1,0,0,1,0,13
20050906-W-US_Open-QF-Lindsay_Davenport-Elena_Dementieva,Elena Dementieva,Approach,1,0,0,0,0,1,0,4
20050906-W-US_Open-QF-Lindsay_Davenport-Elena_Dementieva,Elena Dementieva,NetPointsRallies,2,2,1,0,0,0,0,9
20050905-W-US_Open-R16-Mary_Pierce-Justine_Henin,Mary Pierce,NetPoints,20,14,8,4,3,3,0,117
20050905-W-US_Open-R16-Mary_Pierce-Justine_Henin,Mary Pierce,Approach,20,14,8,4,3,3,0,117
20050905-W-US_Open-R16-Mary_Pierce-Justine_Henin,Mary Pierce,NetPointsRallies,20,14,8,4,3,3,0,117
20050905-W-US_Open-R16-Mary_Pierce-Justine_Henin,Mary Pierce,ApproachRallies,20,14,8,4,3,3,0,117
20050905-W-US_Open-R16-Mary_Pierce-Justine_Henin,Justine Henin,NetPoints,13,9,5,4,0,2,2,78
20050905-W-US_Open-R16-Mary_Pierce-Justine_Henin,Justine Henin,Approach,12,8,5,3,0,2,2,73
20050905-W-US_Open-R16-Mary_Pierce-Justine_Henin,Justine Henin,NetPointsRallies,12,9,5,4,0,1,2,74
20050905-W-US_Open-R16-Mary_Pierce-Justine_Henin,Justine Henin,ApproachRallies,11,8,5,3,0,1,2,69
20050904-W-US_Open-R16-Serena_Williams-Venus_Williams,Serena Williams,NetPoints,10,5,4,1,2,2,1,56
20050904-W-US_Open-R16-Serena_Williams-Venus_Williams,Serena Williams,Approach,8,4,3,1,1,2,1,50
20050904-W-US_Open-R16-Serena_Williams-Venus_Williams,Serena Williams,NetPointsRallies,10,5,4,1,2,2,1,56
20050904-W-US_Open-R16-Serena_Williams-Venus_Williams,Serena Williams,ApproachRallies,8,4,3,1,1,2,1,50
20050904-W-US_Open-R16-Serena_Williams-Venus_Williams,Venus Williams,NetPoints,13,10,4,5,2,0,1,68
20050904-W-US_Open-R16-Serena_Williams-Venus_Williams,Venus Williams,Approach,12,9,3,5,2,0,1,61
20050904-W-US_Open-R16-Serena_Williams-Venus_Williams,Venus Williams,NetPointsRallies,13,10,4,5,2,0,1,68
20050904-W-US_Open-R16-Serena_Williams-Venus_Williams,Venus Williams,ApproachRallies,12,9,3,5,2,0,1,61
20050904-W-US_Open-R16-Maria_Sharapova-Sania_Mirza,Sania Mirza,NetPoints,6,4,3,1,0,1,0,52
20050904-W-US_Open-R16-Maria_Sharapova-Sania_Mirza,Sania Mirza,Approach,3,3,2,1,0,0,0,21
20050904-W-US_Open-R16-Maria_Sharapova-Sania_Mirza,Sania Mirza,NetPointsRallies,6,4,3,1,0,1,0,52
20050904-W-US_Open-R16-Maria_Sharapova-Sania_Mirza,Sania Mirza,ApproachRallies,3,3,2,1,0,0,0,21
20050830-W-US_Open-R128-Maria_Sharapova-Eleni_Daniilidou,Maria Sharapova,NetPoints,8,7,2,3,0,1,0,32
20050830-W-US_Open-R128-Maria_Sharapova-Eleni_Daniilidou,Maria Sharapova,Approach,6,5,1,2,0,1,0,25
20050830-W-US_Open-R128-Maria_Sharapova-Eleni_Daniilidou,Maria Sharapova,NetPointsRallies,7,6,2,3,0,1,0,31
20050830-W-US_Open-R128-Maria_Sharapova-Eleni_Daniilidou,Maria Sharapova,ApproachRallies,5,4,1,2,0,1,0,24
20050830-W-US_Open-R128-Maria_Sharapova-Eleni_Daniilidou,Eleni Daniilidou,NetPoints,6,2,1,1,0,3,0,38
20050830-W-US_Open-R128-Maria_Sharapova-Eleni_Daniilidou,Eleni Daniilidou,Approach,6,2,1,1,0,3,0,38
20050830-W-US_Open-R128-Maria_Sharapova-Eleni_Daniilidou,Eleni Daniilidou,NetPointsRallies,4,1,1,0,0,2,0,31
20050830-W-US_Open-R128-Maria_Sharapova-Eleni_Daniilidou,Eleni Daniilidou,ApproachRallies,4,1,1,0,0,2,0,31
20050129-W-Australian_Open-F-Serena_Williams-Lindsay_Davenport,Serena Williams,NetPoints,5,3,1,1,1,1,0,21
20050129-W-Australian_Open-F-Serena_Williams-Lindsay_Davenport,Serena Williams,Approach,4,3,1,1,0,1,0,18
20050129-W-Australian_Open-F-Serena_Williams-Lindsay_Davenport,Serena Williams,NetPointsRallies,5,3,1,1,1,1,0,21
20050129-W-Australian_Open-F-Serena_Williams-Lindsay_Davenport,Serena Williams,ApproachRallies,4,3,1,1,0,1,0,18
20050129-W-Australian_Open-F-Serena_Williams-Lindsay_Davenport,Lindsay Davenport,NetPoints,8,5,3,1,2,0,1,53
20050129-W-Australian_Open-F-Serena_Williams-Lindsay_Davenport,Lindsay Davenport,Approach,8,5,3,1,2,0,1,53
20050129-W-Australian_Open-F-Serena_Williams-Lindsay_Davenport,Lindsay Davenport,NetPointsRallies,8,5,3,1,2,0,1,53
20050129-W-Australian_Open-F-Serena_Williams-Lindsay_Davenport,Lindsay Davenport,ApproachRallies,8,5,3,1,2,0,1,53
20050127-W-Australian_Open-SF-Serena_Williams-Maria_Sharapova,Serena Williams,NetPoints,31,21,16,4,2,5,3,154
20050127-W-Australian_Open-SF-Serena_Williams-Maria_Sharapova,Serena Williams,Approach,26,17,12,4,2,4,3,128
20050127-W-Australian_Open-SF-Serena_Williams-Maria_Sharapova,Serena Williams,NetPointsRallies,29,19,14,4,2,5,3,144
20050127-W-Australian_Open-SF-Serena_Williams-Maria_Sharapova,Serena Williams,ApproachRallies,24,15,10,4,2,4,3,118
20050127-W-Australian_Open-SF-Serena_Williams-Maria_Sharapova,Maria Sharapova,NetPoints,13,7,2,2,3,1,1,72
20050127-W-Australian_Open-SF-Serena_Williams-Maria_Sharapova,Maria Sharapova,Approach,12,6,2,2,3,1,1,66
20050127-W-Australian_Open-SF-Serena_Williams-Maria_Sharapova,Maria Sharapova,NetPointsRallies,11,6,2,2,3,1,1,69
20050127-W-Australian_Open-SF-Serena_Williams-Maria_Sharapova,Maria Sharapova,ApproachRallies,10,5,2,2,3,1,1,63
20050117-W-Australian_Open-R64-Tzipi_Obziler-Anastasia_Myskina,Tzipi Obziler,NetPoints,6,4,3,1,1,1,0,42
20050117-W-Australian_Open-R64-Tzipi_Obziler-Anastasia_Myskina,Tzipi Obziler,Approach,2,2,1,1,0,0,0,15
20050117-W-Australian_Open-R64-Tzipi_Obziler-Anastasia_Myskina,Tzipi Obziler,NetPointsRallies,6,4,3,1,1,1,0,42
20050117-W-Australian_Open-R64-Tzipi_Obziler-Anastasia_Myskina,Tzipi Obziler,ApproachRallies,2,2,1,1,0,0,0,15
20050117-W-Australian_Open-R64-Tzipi_Obziler-Anastasia_Myskina,Anastasia Myskina,NetPoints,6,4,2,2,0,2,0,39
20050117-W-Australian_Open-R64-Tzipi_Obziler-Anastasia_Myskina,Anastasia Myskina,Approach,3,1,0,1,0,2,0,17
20050117-W-Australian_Open-R64-Tzipi_Obziler-Anastasia_Myskina,Anastasia Myskina,NetPointsRallies,6,4,2,2,0,2,0,39
20050117-W-Australian_Open-R64-Tzipi_Obziler-Anastasia_Myskina,Anastasia Myskina,ApproachRallies,3,1,0,1,0,2,0,17
20040907-W-US_Open-QF-Elena_Dementieva-Amelie_Mauresmo,Elena Dementieva,NetPoints,21,18,8,7,1,0,0,137
20040907-W-US_Open-QF-Elena_Dementieva-Amelie_Mauresmo,Elena Dementieva,Approach,20,17,7,7,1,0,0,131
20040907-W-US_Open-QF-Elena_Dementieva-Amelie_Mauresmo,Elena Dementieva,NetPointsRallies,17,14,6,7,1,0,0,123
20040907-W-US_Open-QF-Elena_Dementieva-Amelie_Mauresmo,Elena Dementieva,ApproachRallies,16,13,5,7,1,0,0,117
20040907-W-US_Open-QF-Elena_Dementieva-Amelie_Mauresmo,Amelie Mauresmo,NetPoints,33,18,13,3,3,9,3,193
20040907-W-US_Open-QF-Elena_Dementieva-Amelie_Mauresmo,Amelie Mauresmo,Approach,30,16,11,3,3,8,3,181
20040907-W-US_Open-QF-Elena_Dementieva-Amelie_Mauresmo,Amelie Mauresmo,NetPointsRallies,33,18,13,3,3,9,3,193
20040907-W-US_Open-QF-Elena_Dementieva-Amelie_Mauresmo,Amelie Mauresmo,ApproachRallies,30,16,11,3,3,8,3,181
20040131-W-Australian_Open-F-Kim_Clijsters-Justine_Henin,Kim Clijsters,NetPoints,20,12,4,8,3,3,2,137
20040131-W-Australian_Open-F-Kim_Clijsters-Justine_Henin,Kim Clijsters,Approach,16,10,3,7,1,3,2,99
20040131-W-Australian_Open-F-Kim_Clijsters-Justine_Henin,Kim Clijsters,NetPointsRallies,20,12,4,8,3,3,2,137
20040131-W-Australian_Open-F-Kim_Clijsters-Justine_Henin,Kim Clijsters,ApproachRallies,16,10,3,7,1,3,2,99
20040131-W-Australian_Open-F-Kim_Clijsters-Justine_Henin,Justine Henin,NetPoints,12,11,6,3,0,0,0,100
20040131-W-Australian_Open-F-Kim_Clijsters-Justine_Henin,Justine Henin,Approach,9,8,4,2,0,0,0,58
20040131-W-Australian_Open-F-Kim_Clijsters-Justine_Henin,Justine Henin,NetPointsRallies,12,11,6,3,0,0,0,100
20040131-W-Australian_Open-F-Kim_Clijsters-Justine_Henin,Justine Henin,ApproachRallies,9,8,4,2,0,0,0,58
20030906-W-US_Open-SF-Kim_Clijsters-Lindsay_Davenport,Kim Clijsters,NetPoints,5,4,4,0,0,1,0,35
20030906-W-US_Open-SF-Kim_Clijsters-Lindsay_Davenport,Kim Clijsters,NetPointsRallies,5,4,4,0,0,1,0,35
20030906-W-US_Open-SF-Kim_Clijsters-Lindsay_Davenport,Lindsay Davenport,NetPoints,17,9,7,2,5,3,0,106
20030906-W-US_Open-SF-Kim_Clijsters-Lindsay_Davenport,Lindsay Davenport,Approach,15,8,6,2,5,2,0,94
20030906-W-US_Open-SF-Kim_Clijsters-Lindsay_Davenport,Lindsay Davenport,NetPointsRallies,16,8,6,2,5,3,0,103
20030906-W-US_Open-SF-Kim_Clijsters-Lindsay_Davenport,Lindsay Davenport,ApproachRallies,14,7,5,2,5,2,0,91
20030906-W-US_Open-F-Kim_Clijsters-Justine_Henin,Kim Clijsters,NetPoints,13,6,2,4,3,2,2,76
20030906-W-US_Open-F-Kim_Clijsters-Justine_Henin,Kim Clijsters,Approach,13,6,2,4,3,2,2,76
20030906-W-US_Open-F-Kim_Clijsters-Justine_Henin,Kim Clijsters,NetPointsRallies,13,6,2,4,3,2,2,76
20030906-W-US_Open-F-Kim_Clijsters-Justine_Henin,Kim Clijsters,ApproachRallies,13,6,2,4,3,2,2,76
20030906-W-US_Open-F-Kim_Clijsters-Justine_Henin,Justine Henin,NetPoints,20,11,5,3,2,5,1,167
20030906-W-US_Open-F-Kim_Clijsters-Justine_Henin,Justine Henin,Approach,18,10,4,3,1,5,1,156
20030906-W-US_Open-F-Kim_Clijsters-Justine_Henin,Justine Henin,NetPointsRallies,20,11,5,3,2,5,1,167
20030906-W-US_Open-F-Kim_Clijsters-Justine_Henin,Justine Henin,ApproachRallies,18,10,4,3,1,5,1,156
20030826-W-US_Open-R128-Maria_Sharapova-Virginia_Ruano_Pascual,Maria Sharapova,NetPoints,7,5,3,1,0,1,1,34
20030826-W-US_Open-R128-Maria_Sharapova-Virginia_Ruano_Pascual,Maria Sharapova,Approach,5,3,1,1,0,1,1,25
20030826-W-US_Open-R128-Maria_Sharapova-Virginia_Ruano_Pascual,Maria Sharapova,NetPointsRallies,7,5,3,1,0,1,1,34
20030826-W-US_Open-R128-Maria_Sharapova-Virginia_Ruano_Pascual,Maria Sharapova,ApproachRallies,5,3,1,1,0,1,1,25
20030826-W-US_Open-R128-Maria_Sharapova-Virginia_Ruano_Pascual,Virginia Ruano Pascual,NetPoints,1,0,0,0,0,1,0,4
20030826-W-US_Open-R128-Maria_Sharapova-Virginia_Ruano_Pascual,Virginia Ruano Pascual,Approach,1,0,0,0,0,1,0,4
20030826-W-US_Open-R128-Maria_Sharapova-Virginia_Ruano_Pascual,Virginia Ruano Pascual,NetPointsRallies,1,0,0,0,0,1,0,4
20030826-W-US_Open-R128-Maria_Sharapova-Virginia_Ruano_Pascual,Virginia Ruano Pascual,ApproachRallies,1,0,0,0,0,1,0,4
20030825-W-US_Open-R128-Kim_Clijsters-Amber_Liu,Kim Clijsters,NetPoints,8,6,6,0,1,1,0,52
20030825-W-US_Open-R128-Kim_Clijsters-Amber_Liu,Kim Clijsters,Approach,8,6,6,0,1,1,0,52
20030825-W-US_Open-R128-Kim_Clijsters-Amber_Liu,Kim Clijsters,NetPointsRallies,8,6,6,0,1,1,0,52
20030825-W-US_Open-R128-Kim_Clijsters-Amber_Liu,Kim Clijsters,ApproachRallies,8,6,6,0,1,1,0,52
20030825-W-US_Open-R128-Kim_Clijsters-Amber_Liu,Amber Liu,NetPoints,8,4,1,3,4,0,0,52
20030825-W-US_Open-R128-Kim_Clijsters-Amber_Liu,Amber Liu,Approach,7,4,1,3,3,0,0,45
20030825-W-US_Open-R128-Kim_Clijsters-Amber_Liu,Amber Liu,NetPointsRallies,8,4,1,3,4,0,0,52
20030825-W-US_Open-R128-Kim_Clijsters-Amber_Liu,Amber Liu,ApproachRallies,7,4,1,3,3,0,0,45
20030125-W-Australian_Open-F-Serena_Williams-Venus_Williams,Serena Williams,NetPoints,10,7,5,2,1,2,0,58
20030125-W-Australian_Open-F-Serena_Williams-Venus_Williams,Serena Williams,Approach,10,7,5,2,1,2,0,58
20030125-W-Australian_Open-F-Serena_Williams-Venus_Williams,Serena Williams,NetPointsRallies,10,7,5,2,1,2,0,58
20030125-W-Australian_Open-F-Serena_Williams-Venus_Williams,Serena Williams,ApproachRallies,10,7,5,2,1,2,0,58
20030125-W-Australian_Open-F-Serena_Williams-Venus_Williams,Venus Williams,NetPoints,20,16,8,7,0,3,1,169
20030125-W-Australian_Open-F-Serena_Williams-Venus_Williams,Venus Williams,Approach,17,13,6,7,0,3,1,124
20030125-W-Australian_Open-F-Serena_Williams-Venus_Williams,Venus Williams,NetPointsRallies,20,16,8,7,0,3,1,169
20030125-W-Australian_Open-F-Serena_Williams-Venus_Williams,Venus Williams,ApproachRallies,17,13,6,7,0,3,1,124
20030122-W-Australian_Open-QF-Anastasia_Myskina-Kim_Clijsters,Anastasia Myskina,NetPoints,9,3,2,0,0,5,0,98
20030122-W-Australian_Open-QF-Anastasia_Myskina-Kim_Clijsters,Anastasia Myskina,Approach,5,2,2,0,0,2,0,36
20030122-W-Australian_Open-QF-Anastasia_Myskina-Kim_Clijsters,Anastasia Myskina,NetPointsRallies,9,3,2,0,0,5,0,98
20030122-W-Australian_Open-QF-Anastasia_Myskina-Kim_Clijsters,Anastasia Myskina,ApproachRallies,5,2,2,0,0,2,0,36
20030122-W-Australian_Open-QF-Anastasia_Myskina-Kim_Clijsters,Kim Clijsters,NetPoints,11,11,10,1,0,0,0,78
20030122-W-Australian_Open-QF-Anastasia_Myskina-Kim_Clijsters,Kim Clijsters,Approach,5,5,4,1,0,0,0,30
20030122-W-Australian_Open-QF-Anastasia_Myskina-Kim_Clijsters,Kim Clijsters,NetPointsRallies,11,11,10,1,0,0,0,78
20030122-W-Australian_Open-QF-Anastasia_Myskina-Kim_Clijsters,Kim Clijsters,ApproachRallies,5,5,4,1,0,0,0,30
20030119-W-Australian_Open-R16-Justine_Henin-Lindsay_Davenport,Justine Henin,NetPoints,19,11,9,0,3,4,0,109
20030119-W-Australian_Open-R16-Justine_Henin-Lindsay_Davenport,Justine Henin,Approach,17,9,7,0,3,4,0,92
20030119-W-Australian_Open-R16-Justine_Henin-Lindsay_Davenport,Justine Henin,NetPointsRallies,16,9,9,0,3,4,0,105
20030119-W-Australian_Open-R16-Justine_Henin-Lindsay_Davenport,Justine Henin,ApproachRallies,14,7,7,0,3,4,0,88
20030119-W-Australian_Open-R16-Justine_Henin-Lindsay_Davenport,Lindsay Davenport,NetPoints,32,19,8,8,2,6,3,227
20030119-W-Australian_Open-R16-Justine_Henin-Lindsay_Davenport,Lindsay Davenport,Approach,32,19,8,8,2,6,3,227
20030119-W-Australian_Open-R16-Justine_Henin-Lindsay_Davenport,Lindsay Davenport,NetPointsRallies,29,17,7,8,2,5,3,217
20030119-W-Australian_Open-R16-Justine_Henin-Lindsay_Davenport,Lindsay Davenport,ApproachRallies,29,17,7,8,2,5,3,217
20020828-W-US_Open-R64-Elena_Bovina-Jelena_Dokic,Elena Bovina,NetPoints,13,10,6,3,3,0,0,79
20020828-W-US_Open-R64-Elena_Bovina-Jelena_Dokic,Elena Bovina,Approach,12,9,5,3,3,0,0,75
20020828-W-US_Open-R64-Elena_Bovina-Jelena_Dokic,Elena Bovina,NetPointsRallies,11,9,5,3,2,0,0,72
20020828-W-US_Open-R64-Elena_Bovina-Jelena_Dokic,Elena Bovina,ApproachRallies,10,8,4,3,2,0,0,68
20020828-W-US_Open-R64-Elena_Bovina-Jelena_Dokic,Jelena Dokic,NetPoints,5,3,2,0,1,1,0,49
20020828-W-US_Open-R64-Elena_Bovina-Jelena_Dokic,Jelena Dokic,Approach,2,1,0,0,0,1,0,14
20020828-W-US_Open-R64-Elena_Bovina-Jelena_Dokic,Jelena Dokic,NetPointsRallies,4,2,2,0,1,1,0,46
20020828-W-US_Open-R64-Elena_Bovina-Jelena_Dokic,Jelena Dokic,ApproachRallies,1,0,0,0,0,1,0,11
20020126-W-Australian_Open-F-Martina_Hingis-Jennifer_Capriati,Martina Hingis,NetPoints,11,8,7,0,1,1,1,90
20020126-W-Australian_Open-F-Martina_Hingis-Jennifer_Capriati,Martina Hingis,NetPointsRallies,11,8,7,0,1,1,1,90
20020126-W-Australian_Open-F-Martina_Hingis-Jennifer_Capriati,Jennifer Capriati,NetPoints,7,6,5,1,0,0,0,64
20020126-W-Australian_Open-F-Martina_Hingis-Jennifer_Capriati,Jennifer Capriati,NetPointsRallies,7,6,5,1,0,0,0,64
20010908-W-US_Open-F-Serena_Williams-Venus_Williams,Serena Williams,NetPoints,18,13,8,4,2,1,2,132
20010908-W-US_Open-F-Serena_Williams-Venus_Williams,Serena Williams,Approach,17,12,7,4,2,1,2,128
20010908-W-US_Open-F-Serena_Williams-Venus_Williams,Serena Williams,NetPointsRallies,18,13,8,4,2,1,2,132
20010908-W-US_Open-F-Serena_Williams-Venus_Williams,Serena Williams,ApproachRallies,17,12,7,4,2,1,2,128
20010908-W-US_Open-F-Serena_Williams-Venus_Williams,Venus Williams,NetPoints,10,6,2,3,1,2,1,70
20010908-W-US_Open-F-Serena_Williams-Venus_Williams,Venus Williams,Approach,9,6,2,3,1,1,1,59
20010908-W-US_Open-F-Serena_Williams-Venus_Williams,Venus Williams,NetPointsRallies,10,6,2,3,1,2,1,70
20010908-W-US_Open-F-Serena_Williams-Venus_Williams,Venus Williams,ApproachRallies,9,6,2,3,1,1,1,59
20010127-W-Australian_Open-F-Martina_Hingis-Jennifer_Capriati,Martina Hingis,NetPoints,17,12,8,2,3,1,0,154
20010127-W-Australian_Open-F-Martina_Hingis-Jennifer_Capriati,Martina Hingis,Approach,14,9,6,2,3,1,0,111
20010127-W-Australian_Open-F-Martina_Hingis-Jennifer_Capriati,Martina Hingis,NetPointsRallies,17,12,8,2,3,1,0,154
20010127-W-Australian_Open-F-Martina_Hingis-Jennifer_Capriati,Martina Hingis,ApproachRallies,14,9,6,2,3,1,0,111
20010127-W-Australian_Open-F-Martina_Hingis-Jennifer_Capriati,Jennifer Capriati,NetPoints,9,8,2,3,0,0,0,73
20010127-W-Australian_Open-F-Martina_Hingis-Jennifer_Capriati,Jennifer Capriati,Approach,7,7,1,3,0,0,0,46
20010127-W-Australian_Open-F-Martina_Hingis-Jennifer_Capriati,Jennifer Capriati,NetPointsRallies,7,6,2,3,0,0,0,71
20010127-W-Australian_Open-F-Martina_Hingis-Jennifer_Capriati,Jennifer Capriati,ApproachRallies,5,5,1,3,0,0,0,44
20010124-W-Australian_Open-QF-Serena_Williams-Martina_Hingis,Serena Williams,NetPoints,40,27,18,8,3,5,4,328
20010124-W-Australian_Open-QF-Serena_Williams-Martina_Hingis,Serena Williams,Approach,28,20,12,7,2,2,3,206
20010124-W-Australian_Open-QF-Serena_Williams-Martina_Hingis,Serena Williams,NetPointsRallies,39,27,18,8,3,4,4,322
20010124-W-Australian_Open-QF-Serena_Williams-Martina_Hingis,Serena Williams,ApproachRallies,27,20,12,7,2,1,3,200
20010124-W-Australian_Open-QF-Serena_Williams-Martina_Hingis,Martina Hingis,NetPoints,26,15,7,6,3,4,3,231
20010124-W-Australian_Open-QF-Serena_Williams-Martina_Hingis,Martina Hingis,Approach,11,5,1,3,2,1,2,114
20010124-W-Australian_Open-QF-Serena_Williams-Martina_Hingis,Martina Hingis,NetPointsRallies,26,15,7,6,3,4,3,231
20010124-W-Australian_Open-QF-Serena_Williams-Martina_Hingis,Martina Hingis,ApproachRallies,11,5,1,3,2,1,2,114
20000906-W-US_Open-QF-Serena_Williams-Lindsay_Davenport,Serena Williams,NetPoints,18,13,10,2,1,1,2,109
20000906-W-US_Open-QF-Serena_Williams-Lindsay_Davenport,Serena Williams,Approach,12,8,5,2,1,0,2,63
20000906-W-US_Open-QF-Serena_Williams-Lindsay_Davenport,Serena Williams,NetPointsRallies,17,13,10,2,1,1,2,107
20000906-W-US_Open-QF-Serena_Williams-Lindsay_Davenport,Serena Williams,ApproachRallies,11,8,5,2,1,0,2,61
20000906-W-US_Open-QF-Serena_Williams-Lindsay_Davenport,Lindsay Davenport,NetPoints,15,12,6,6,1,1,1,121
20000906-W-US_Open-QF-Serena_Williams-Lindsay_Davenport,Lindsay Davenport,Approach,10,7,3,4,1,1,1,73
20000906-W-US_Open-QF-Serena_Williams-Lindsay_Davenport,Lindsay Davenport,NetPointsRallies,15,12,6,6,1,1,1,121
20000906-W-US_Open-QF-Serena_Williams-Lindsay_Davenport,Lindsay Davenport,ApproachRallies,10,7,3,4,1,1,1,73
20000905-W-US_Open-QF-Martina_Hingis-Monica_Seles,Martina Hingis,NetPoints,5,4,4,0,0,1,0,18
20000905-W-US_Open-QF-Martina_Hingis-Monica_Seles,Martina Hingis,Approach,2,2,2,0,0,0,0,6
20000905-W-US_Open-QF-Martina_Hingis-Monica_Seles,Martina Hingis,NetPointsRallies,5,4,4,0,0,1,0,18
20000905-W-US_Open-QF-Martina_Hingis-Monica_Seles,Martina Hingis,ApproachRallies,2,2,2,0,0,0,0,6
20000905-W-US_Open-QF-Martina_Hingis-Monica_Seles,Monica Seles,NetPoints,7,5,3,1,1,0,0,35
20000905-W-US_Open-QF-Martina_Hingis-Monica_Seles,Monica Seles,Approach,2,1,0,0,0,0,0,16
20000905-W-US_Open-QF-Martina_Hingis-Monica_Seles,Monica Seles,NetPointsRallies,7,5,3,1,1,0,0,35
20000905-W-US_Open-QF-Martina_Hingis-Monica_Seles,Monica Seles,ApproachRallies,2,1,0,0,0,0,0,16
20000902-W-US_Open-F-Venus_Williams-Lindsay_Davenport,Venus Williams,NetPoints,18,13,8,5,3,2,0,79
20000902-W-US_Open-F-Venus_Williams-Lindsay_Davenport,Venus Williams,Approach,18,13,8,5,3,2,0,79
20000902-W-US_Open-F-Venus_Williams-Lindsay_Davenport,Venus Williams,NetPointsRallies,15,11,7,4,2,2,0,69
20000902-W-US_Open-F-Venus_Williams-Lindsay_Davenport,Venus Williams,ApproachRallies,15,11,7,4,2,2,0,69
20000902-W-US_Open-F-Venus_Williams-Lindsay_Davenport,Lindsay Davenport,NetPoints,7,4,2,2,3,0,0,43
20000902-W-US_Open-F-Venus_Williams-Lindsay_Davenport,Lindsay Davenport,Approach,7,4,2,2,3,0,0,43
20000902-W-US_Open-F-Venus_Williams-Lindsay_Davenport,Lindsay Davenport,NetPointsRallies,7,4,2,2,3,0,0,43
20000902-W-US_Open-F-Venus_Williams-Lindsay_Davenport,Lindsay Davenport,ApproachRallies,7,4,2,2,3,0,0,43
20000129-W-Australian_Open-F-Martina_Hingis-Lindsay_Davenport,Martina Hingis,NetPoints,7,5,3,2,0,1,1,45
20000129-W-Australian_Open-F-Martina_Hingis-Lindsay_Davenport,Martina Hingis,Approach,7,5,3,2,0,1,1,45
20000129-W-Australian_Open-F-Martina_Hingis-Lindsay_Davenport,Martina Hingis,NetPointsRallies,7,5,3,2,0,1,1,45
20000129-W-Australian_Open-F-Martina_Hingis-Lindsay_Davenport,Martina Hingis,ApproachRallies,7,5,3,2,0,1,1,45
20000129-W-Australian_Open-F-Martina_Hingis-Lindsay_Davenport,Lindsay Davenport,NetPoints,13,11,9,2,0,0,1,79
20000129-W-Australian_Open-F-Martina_Hingis-Lindsay_Davenport,Lindsay Davenport,Approach,12,11,9,2,0,0,1,71
20000129-W-Australian_Open-F-Martina_Hingis-Lindsay_Davenport,Lindsay Davenport,NetPointsRallies,13,11,9,2,0,0,1,79
20000129-W-Australian_Open-F-Martina_Hingis-Lindsay_Davenport,Lindsay Davenport,ApproachRallies,12,11,9,2,0,0,1,71
20000117-W-Australian_Open-R64-Martina_Hingis-Justine_Henin,Martina Hingis,NetPoints,21,12,6,4,4,3,1,143
20000117-W-Australian_Open-R64-Martina_Hingis-Justine_Henin,Martina Hingis,Approach,20,12,6,4,3,3,1,141
20000117-W-Australian_Open-R64-Martina_Hingis-Justine_Henin,Martina Hingis,NetPointsRallies,20,12,6,4,4,3,1,141
20000117-W-Australian_Open-R64-Martina_Hingis-Justine_Henin,Martina Hingis,ApproachRallies,19,12,6,4,3,3,1,139
20000117-W-Australian_Open-R64-Martina_Hingis-Justine_Henin,Justine Henin,NetPoints,28,15,8,2,2,6,2,136
20000117-W-Australian_Open-R64-Martina_Hingis-Justine_Henin,Justine Henin,Approach,28,15,8,2,2,6,2,136
20000117-W-Australian_Open-R64-Martina_Hingis-Justine_Henin,Justine Henin,NetPointsRallies,15,7,6,0,1,6,1,102
20000117-W-Australian_Open-R64-Martina_Hingis-Justine_Henin,Justine Henin,ApproachRallies,15,7,6,0,1,6,1,102
19990909-W-US_Open-SF-Serena_Williams-Lindsay_Davenport,Serena Williams,NetPoints,15,11,7,2,3,1,0,69
19990909-W-US_Open-SF-Serena_Williams-Lindsay_Davenport,Serena Williams,Approach,13,9,6,2,3,1,0,61
19990909-W-US_Open-SF-Serena_Williams-Lindsay_Davenport,Serena Williams,NetPointsRallies,13,11,7,2,1,1,0,63
19990909-W-US_Open-SF-Serena_Williams-Lindsay_Davenport,Serena Williams,ApproachRallies,11,9,6,2,1,1,0,55
19990909-W-US_Open-SF-Serena_Williams-Lindsay_Davenport,Lindsay Davenport,NetPoints,21,13,9,4,4,3,1,104
19990909-W-US_Open-SF-Serena_Williams-Lindsay_Davenport,Lindsay Davenport,Approach,19,12,8,4,3,3,1,98
19990909-W-US_Open-SF-Serena_Williams-Lindsay_Davenport,Lindsay Davenport,NetPointsRallies,21,13,9,4,4,3,1,104
19990909-W-US_Open-SF-Serena_Williams-Lindsay_Davenport,Lindsay Davenport,ApproachRallies,19,12,8,4,3,3,1,98
19990130-W-Australian_Open-F-Amelie_Mauresmo-Martina_Hingis,Amelie Mauresmo,NetPoints,21,10,10,0,6,4,1,148
19990130-W-Australian_Open-F-Amelie_Mauresmo-Martina_Hingis,Amelie Mauresmo,Approach,17,7,7,0,6,4,0,104
19990130-W-Australian_Open-F-Amelie_Mauresmo-Martina_Hingis,Amelie Mauresmo,NetPointsRallies,21,10,10,0,6,4,1,148
19990130-W-Australian_Open-F-Amelie_Mauresmo-Martina_Hingis,Amelie Mauresmo,ApproachRallies,17,7,7,0,6,4,0,104
19990130-W-Australian_Open-F-Amelie_Mauresmo-Martina_Hingis,Martina Hingis,NetPoints,15,13,7,4,1,1,0,97
19990130-W-Australian_Open-F-Amelie_Mauresmo-Martina_Hingis,Martina Hingis,Approach,15,13,7,4,1,1,0,97
19990130-W-Australian_Open-F-Amelie_Mauresmo-Martina_Hingis,Martina Hingis,NetPointsRallies,14,12,6,4,1,1,0,94
19990130-W-Australian_Open-F-Amelie_Mauresmo-Martina_Hingis,Martina Hingis,ApproachRallies,14,12,6,4,1,1,0,94
19990128-W-Australian_Open-SF-Amelie_Mauresmo-Lindsay_Davenport,Amelie Mauresmo,NetPoints,18,12,7,3,2,1,3,95
19990128-W-Australian_Open-SF-Amelie_Mauresmo-Lindsay_Davenport,Amelie Mauresmo,Approach,16,10,5,3,2,1,3,89
19990128-W-Australian_Open-SF-Amelie_Mauresmo-Lindsay_Davenport,Amelie Mauresmo,NetPointsRallies,15,9,5,3,2,1,3,88
19990128-W-Australian_Open-SF-Amelie_Mauresmo-Lindsay_Davenport,Amelie Mauresmo,ApproachRallies,13,7,3,3,2,1,3,82
19990128-W-Australian_Open-SF-Amelie_Mauresmo-Lindsay_Davenport,Lindsay Davenport,NetPoints,22,15,13,1,2,4,1,118
19990128-W-Australian_Open-SF-Amelie_Mauresmo-Lindsay_Davenport,Lindsay Davenport,Approach,19,12,10,1,2,4,1,102
19990128-W-Australian_Open-SF-Amelie_Mauresmo-Lindsay_Davenport,Lindsay Davenport,NetPointsRallies,19,14,12,1,1,3,1,109
19990128-W-Australian_Open-SF-Amelie_Mauresmo-Lindsay_Davenport,Lindsay Davenport,ApproachRallies,16,11,9,1,1,3,1,93
19990127-W-Australian_Open-QF-Monica_Seles-Steffi_Graf,Monica Seles,NetPoints,9,8,6,2,0,1,0,50
19990127-W-Australian_Open-QF-Monica_Seles-Steffi_Graf,Monica Seles,Approach,3,3,2,1,0,0,0,9
19990127-W-Australian_Open-QF-Monica_Seles-Steffi_Graf,Monica Seles,NetPointsRallies,8,7,5,2,0,1,0,47
19990127-W-Australian_Open-QF-Monica_Seles-Steffi_Graf,Monica Seles,ApproachRallies,2,2,1,1,0,0,0,6
19990127-W-Australian_Open-QF-Monica_Seles-Steffi_Graf,Steffi Graf,NetPoints,8,3,2,1,3,2,0,47
19990127-W-Australian_Open-QF-Monica_Seles-Steffi_Graf,Steffi Graf,Approach,4,1,1,0,2,1,0,22
19990127-W-Australian_Open-QF-Monica_Seles-Steffi_Graf,Steffi Graf,NetPointsRallies,8,3,2,1,3,2,0,47
19990127-W-Australian_Open-QF-Monica_Seles-Steffi_Graf,Steffi Graf,ApproachRallies,4,1,1,0,2,1,0,22
19990127-W-Australian_Open-QF-Martina_Hingis-Mary_Pierce,Martina Hingis,NetPoints,16,14,7,6,0,1,0,80
19990127-W-Australian_Open-QF-Martina_Hingis-Mary_Pierce,Martina Hingis,Approach,7,5,2,2,0,1,0,33
19990127-W-Australian_Open-QF-Martina_Hingis-Mary_Pierce,Martina Hingis,NetPointsRallies,14,13,7,6,0,1,0,77
19990127-W-Australian_Open-QF-Martina_Hingis-Mary_Pierce,Martina Hingis,ApproachRallies,5,4,2,2,0,1,0,30
19990127-W-Australian_Open-QF-Martina_Hingis-Mary_Pierce,Mary Pierce,NetPoints,27,15,8,5,4,6,1,133
19990127-W-Australian_Open-QF-Martina_Hingis-Mary_Pierce,Mary Pierce,Approach,21,11,5,4,4,4,1,101
19990127-W-Australian_Open-QF-Martina_Hingis-Mary_Pierce,Mary Pierce,NetPointsRallies,26,15,8,5,4,5,1,129
19990127-W-Australian_Open-QF-Martina_Hingis-Mary_Pierce,Mary Pierce,ApproachRallies,20,11,5,4,4,3,1,97
19980912-W-US_Open-F-Martina_Hingis-Lindsay_Davenport,Martina Hingis,NetPoints,9,6,4,1,1,1,0,56
19980912-W-US_Open-F-Martina_Hingis-Lindsay_Davenport,Martina Hingis,Approach,7,6,4,1,1,0,0,43
19980912-W-US_Open-F-Martina_Hingis-Lindsay_Davenport,Martina Hingis,NetPointsRallies,9,6,4,1,1,1,0,56
19980912-W-US_Open-F-Martina_Hingis-Lindsay_Davenport,Martina Hingis,ApproachRallies,7,6,4,1,1,0,0,43
19980912-W-US_Open-F-Martina_Hingis-Lindsay_Davenport,Lindsay Davenport,NetPoints,19,16,8,7,2,1,0,145
19980912-W-US_Open-F-Martina_Hingis-Lindsay_Davenport,Lindsay Davenport,Approach,17,14,6,7,2,1,0,122
19980912-W-US_Open-F-Martina_Hingis-Lindsay_Davenport,Lindsay Davenport,NetPointsRallies,19,16,8,7,2,1,0,145
19980912-W-US_Open-F-Martina_Hingis-Lindsay_Davenport,Lindsay Davenport,ApproachRallies,17,14,6,7,2,1,0,122
19980910-W-US_Open-SF-Martina_Hingis-Jana_Novotna,Martina Hingis,NetPoints,28,16,10,3,5,4,2,178
19980910-W-US_Open-SF-Martina_Hingis-Jana_Novotna,Martina Hingis,Approach,26,15,9,3,4,4,2,167
19980910-W-US_Open-SF-Martina_Hingis-Jana_Novotna,Martina Hingis,NetPointsRallies,19,11,8,2,5,2,1,137
19980910-W-US_Open-SF-Martina_Hingis-Jana_Novotna,Martina Hingis,ApproachRallies,17,10,7,2,4,2,1,126
19980910-W-US_Open-SF-Martina_Hingis-Jana_Novotna,Jana Novotna,NetPoints,60,29,11,10,13,9,7,403
19980910-W-US_Open-SF-Martina_Hingis-Jana_Novotna,Jana Novotna,Approach,57,26,8,10,13,9,7,367
19980910-W-US_Open-SF-Martina_Hingis-Jana_Novotna,Jana Novotna,NetPointsRallies,59,29,11,10,12,9,7,401
19980910-W-US_Open-SF-Martina_Hingis-Jana_Novotna,Jana Novotna,ApproachRallies,56,26,8,10,12,9,7,365
19980131-W-Australian_Open-F-Martina_Hingis-Conchita_Martinez,Martina Hingis,NetPoints,21,10,5,2,6,1,2,161
19980131-W-Australian_Open-F-Martina_Hingis-Conchita_Martinez,Martina Hingis,Approach,20,10,5,2,5,1,2,158
19980131-W-Australian_Open-F-Martina_Hingis-Conchita_Martinez,Martina Hingis,NetPointsRallies,18,10,5,2,5,1,2,155
19980131-W-Australian_Open-F-Martina_Hingis-Conchita_Martinez,Martina Hingis,ApproachRallies,17,10,5,2,4,1,2,152
19980131-W-Australian_Open-F-Martina_Hingis-Conchita_Martinez,Conchita Martinez,NetPoints,8,7,5,2,0,1,0,74
19980131-W-Australian_Open-F-Martina_Hingis-Conchita_Martinez,Conchita Martinez,Approach,6,5,3,2,0,1,0,45
19980131-W-Australian_Open-F-Martina_Hingis-Conchita_Martinez,Conchita Martinez,NetPointsRallies,8,7,5,2,0,1,0,74
19980131-W-Australian_Open-F-Martina_Hingis-Conchita_Martinez,Conchita Martinez,ApproachRallies,6,5,3,2,0,1,0,45
19980127-W-Australian_Open-QF-Venus_Williams-Lindsay_Davenport,Venus Williams,NetPoints,13,8,5,1,1,3,0,81
19980127-W-Australian_Open-QF-Venus_Williams-Lindsay_Davenport,Venus Williams,Approach,11,8,5,1,0,2,0,74
19980127-W-Australian_Open-QF-Venus_Williams-Lindsay_Davenport,Venus Williams,NetPointsRallies,13,8,5,1,1,3,0,81
19980127-W-Australian_Open-QF-Venus_Williams-Lindsay_Davenport,Venus Williams,ApproachRallies,11,8,5,1,0,2,0,74
19980127-W-Australian_Open-QF-Venus_Williams-Lindsay_Davenport,Lindsay Davenport,NetPoints,18,14,10,4,2,1,1,119
19980127-W-Australian_Open-QF-Venus_Williams-Lindsay_Davenport,Lindsay Davenport,Approach,17,13,9,4,2,1,1,105
19980127-W-Australian_Open-QF-Venus_Williams-Lindsay_Davenport,Lindsay Davenport,NetPointsRallies,17,13,9,4,2,1,1,114
19980127-W-Australian_Open-QF-Venus_Williams-Lindsay_Davenport,Lindsay Davenport,ApproachRallies,16,12,8,4,2,1,1,100
19980121-W-Australian_Open-R64-Serena_Williams-Venus_Williams,Serena Williams,NetPoints,4,3,3,0,1,0,0,27
19980121-W-Australian_Open-R64-Serena_Williams-Venus_Williams,Serena Williams,Approach,3,2,2,0,1,0,0,19
19980121-W-Australian_Open-R64-Serena_Williams-Venus_Williams,Serena Williams,NetPointsRallies,4,3,3,0,1,0,0,27
19980121-W-Australian_Open-R64-Serena_Williams-Venus_Williams,Serena Williams,ApproachRallies,3,2,2,0,1,0,0,19
19980121-W-Australian_Open-R64-Serena_Williams-Venus_Williams,Venus Williams,NetPoints,20,16,10,6,1,2,1,167
19980121-W-Australian_Open-R64-Serena_Williams-Venus_Williams,Venus Williams,Approach,15,12,8,4,0,2,1,111
19980121-W-Australian_Open-R64-Serena_Williams-Venus_Williams,Venus Williams,NetPointsRallies,20,16,10,6,1,2,1,167
19980121-W-Australian_Open-R64-Serena_Williams-Venus_Williams,Venus Williams,ApproachRallies,15,12,8,4,0,2,1,111
19970906-W-US_Open-SF-Martina_Hingis-Lindsay_Davenport,Martina Hingis,NetPoints,19,15,9,4,2,1,0,139
19970906-W-US_Open-SF-Martina_Hingis-Lindsay_Davenport,Martina Hingis,Approach,15,12,6,4,2,0,0,100
19970906-W-US_Open-SF-Martina_Hingis-Lindsay_Davenport,Martina Hingis,NetPointsRallies,16,13,8,3,2,1,0,131
19970906-W-US_Open-SF-Martina_Hingis-Lindsay_Davenport,Martina Hingis,ApproachRallies,12,10,5,3,2,0,0,92
19970906-W-US_Open-SF-Martina_Hingis-Lindsay_Davenport,Lindsay Davenport,NetPoints,13,9,7,1,1,1,2,91
19970906-W-US_Open-SF-Martina_Hingis-Lindsay_Davenport,Lindsay Davenport,Approach,8,4,2,1,1,1,2,51
19970906-W-US_Open-SF-Martina_Hingis-Lindsay_Davenport,Lindsay Davenport,NetPointsRallies,13,9,7,1,1,1,2,91
19970906-W-US_Open-SF-Martina_Hingis-Lindsay_Davenport,Lindsay Davenport,ApproachRallies,8,4,2,1,1,1,2,51
19970906-W-US_Open-F-Venus_Williams-Martina_Hingis,Venus Williams,NetPoints,17,8,4,3,5,3,0,115
19970906-W-US_Open-F-Venus_Williams-Martina_Hingis,Venus Williams,Approach,15,6,2,3,5,3,0,105
19970906-W-US_Open-F-Venus_Williams-Martina_Hingis,Venus Williams,NetPointsRallies,14,7,3,3,4,3,0,108
19970906-W-US_Open-F-Venus_Williams-Martina_Hingis,Venus Williams,ApproachRallies,12,5,1,3,4,3,0,98
19970906-W-US_Open-F-Venus_Williams-Martina_Hingis,Martina Hingis,NetPoints,18,14,8,4,2,2,0,86
19970906-W-US_Open-F-Venus_Williams-Martina_Hingis,Martina Hingis,Approach,16,13,7,4,1,2,0,78
19970906-W-US_Open-F-Venus_Williams-Martina_Hingis,Martina Hingis,NetPointsRallies,14,10,5,3,2,2,0,70
19970906-W-US_Open-F-Venus_Williams-Martina_Hingis,Martina Hingis,ApproachRallies,12,9,4,3,1,2,0,62
19970125-W-Australian_Open-F-Martina_Hingis-Mary_Pierce,Martina Hingis,NetPoints,12,10,10,0,1,1,0,79
19970125-W-Australian_Open-F-Martina_Hingis-Mary_Pierce,Martina Hingis,Approach,2,2,2,0,0,0,0,8
19970125-W-Australian_Open-F-Martina_Hingis-Mary_Pierce,Martina Hingis,NetPointsRallies,11,9,9,0,1,1,0,76
19970125-W-Australian_Open-F-Martina_Hingis-Mary_Pierce,Martina Hingis,ApproachRallies,1,1,1,0,0,0,0,5
19970125-W-Australian_Open-F-Martina_Hingis-Mary_Pierce,Mary Pierce,NetPoints,9,6,3,2,0,2,0,59
19970125-W-Australian_Open-F-Martina_Hingis-Mary_Pierce,Mary Pierce,Approach,4,2,0,1,0,1,0,32
19970125-W-Australian_Open-F-Martina_Hingis-Mary_Pierce,Mary Pierce,NetPointsRallies,9,6,3,2,0,2,0,59
19970125-W-Australian_Open-F-Martina_Hingis-Mary_Pierce,Mary Pierce,ApproachRallies,4,2,0,1,0,1,0,32
19970123-W-Australian_Open-SF-Mary_Pierce-Amanda_Coetzer,Mary Pierce,NetPoints,20,18,12,5,2,0,0,168
19970123-W-Australian_Open-SF-Mary_Pierce-Amanda_Coetzer,Mary Pierce,Approach,16,15,10,5,1,0,0,125
19970123-W-Australian_Open-SF-Mary_Pierce-Amanda_Coetzer,Mary Pierce,NetPointsRallies,20,18,12,5,2,0,0,168
19970123-W-Australian_Open-SF-Mary_Pierce-Amanda_Coetzer,Mary Pierce,ApproachRallies,16,15,10,5,1,0,0,125
19970123-W-Australian_Open-SF-Mary_Pierce-Amanda_Coetzer,Amanda Coetzer,NetPoints,15,9,6,2,2,2,2,122
19970123-W-Australian_Open-SF-Mary_Pierce-Amanda_Coetzer,Amanda Coetzer,Approach,13,8,5,2,2,1,2,110
19970123-W-Australian_Open-SF-Mary_Pierce-Amanda_Coetzer,Amanda Coetzer,NetPointsRallies,15,9,6,2,2,2,2,122
19970123-W-Australian_Open-SF-Mary_Pierce-Amanda_Coetzer,Amanda Coetzer,ApproachRallies,13,8,5,2,2,1,2,110
19960907-W-US_Open-F-Monica_Seles-Steffi_Graf,Monica Seles,NetPoints,17,10,5,3,4,2,0,93
19960907-W-US_Open-F-Monica_Seles-Steffi_Graf,Monica Seles,Approach,17,10,5,3,4,2,0,93
19960907-W-US_Open-F-Monica_Seles-Steffi_Graf,Monica Seles,NetPointsRallies,12,8,4,3,2,2,0,83
19960907-W-US_Open-F-Monica_Seles-Steffi_Graf,Monica Seles,ApproachRallies,12,8,4,3,2,2,0,83
19960907-W-US_Open-F-Monica_Seles-Steffi_Graf,Steffi Graf,NetPoints,10,9,7,2,1,0,0,57
19960907-W-US_Open-F-Monica_Seles-Steffi_Graf,Steffi Graf,Approach,8,7,5,2,1,0,0,38
19960907-W-US_Open-F-Monica_Seles-Steffi_Graf,Steffi Graf,NetPointsRallies,10,9,7,2,1,0,0,57
19960907-W-US_Open-F-Monica_Seles-Steffi_Graf,Steffi Graf,ApproachRallies,8,7,5,2,1,0,0,38
19960127-W-Australian_Open-F-Monica_Seles-Anke_Huber,Monica Seles,NetPoints,1,1,0,1,0,0,0,3
19960127-W-Australian_Open-F-Monica_Seles-Anke_Huber,Monica Seles,Approach,1,1,0,1,0,0,0,3
19960127-W-Australian_Open-F-Monica_Seles-Anke_Huber,Monica Seles,NetPointsRallies,1,1,0,1,0,0,0,3
19960127-W-Australian_Open-F-Monica_Seles-Anke_Huber,Monica Seles,ApproachRallies,1,1,0,1,0,0,0,3
19960127-W-Australian_Open-F-Monica_Seles-Anke_Huber,Anke Huber,NetPoints,6,6,3,2,0,0,0,39
19960127-W-Australian_Open-F-Monica_Seles-Anke_Huber,Anke Huber,Approach,5,5,3,1,0,0,0,26
19960127-W-Australian_Open-F-Monica_Seles-Anke_Huber,Anke Huber,NetPointsRallies,6,6,3,2,0,0,0,39
19960127-W-Australian_Open-F-Monica_Seles-Anke_Huber,Anke Huber,ApproachRallies,5,5,3,1,0,0,0,26
19960125-W-Australian_Open-SF-Chanda_Rubin-Monica_Seles,Chanda Rubin,NetPoints,33,26,13,12,3,3,1,199
19960125-W-Australian_Open-SF-Chanda_Rubin-Monica_Seles,Chanda Rubin,Approach,31,25,12,12,3,2,1,168
19960125-W-Australian_Open-SF-Chanda_Rubin-Monica_Seles,Chanda Rubin,NetPointsRallies,33,26,13,12,3,3,1,199
19960125-W-Australian_Open-SF-Chanda_Rubin-Monica_Seles,Chanda Rubin,ApproachRallies,31,25,12,12,3,2,1,168
19960125-W-Australian_Open-SF-Chanda_Rubin-Monica_Seles,Monica Seles,NetPoints,7,7,4,2,0,0,0,60
19960125-W-Australian_Open-SF-Chanda_Rubin-Monica_Seles,Monica Seles,Approach,5,5,4,1,0,0,0,33
19960125-W-Australian_Open-SF-Chanda_Rubin-Monica_Seles,Monica Seles,NetPointsRallies,7,7,4,2,0,0,0,60
19960125-W-Australian_Open-SF-Chanda_Rubin-Monica_Seles,Monica Seles,ApproachRallies,5,5,4,1,0,0,0,33
19950909-W-US_Open-F-Monica_Seles-Steffi_Graf,Monica Seles,NetPoints,9,5,3,2,3,1,0,75
19950909-W-US_Open-F-Monica_Seles-Steffi_Graf,Monica Seles,Approach,9,5,3,2,3,1,0,75
19950909-W-US_Open-F-Monica_Seles-Steffi_Graf,Monica Seles,NetPointsRallies,9,5,3,2,3,1,0,75
19950909-W-US_Open-F-Monica_Seles-Steffi_Graf,Monica Seles,ApproachRallies,9,5,3,2,3,1,0,75
19950909-W-US_Open-F-Monica_Seles-Steffi_Graf,Steffi Graf,NetPoints,6,3,3,0,0,3,0,48
19950909-W-US_Open-F-Monica_Seles-Steffi_Graf,Steffi Graf,Approach,5,2,2,0,0,3,0,33
19950909-W-US_Open-F-Monica_Seles-Steffi_Graf,Steffi Graf,NetPointsRallies,6,3,3,0,0,3,0,48
19950909-W-US_Open-F-Monica_Seles-Steffi_Graf,Steffi Graf,ApproachRallies,5,2,2,0,0,3,0,33
19950905-W-US_Open-QF-Monica_Seles-Jana_Novotna,Monica Seles,NetPoints,14,11,8,2,0,2,1,104
19950905-W-US_Open-QF-Monica_Seles-Jana_Novotna,Monica Seles,Approach,3,3,1,1,0,0,0,12
19950905-W-US_Open-QF-Monica_Seles-Jana_Novotna,Monica Seles,NetPointsRallies,14,11,8,2,0,2,1,104
19950905-W-US_Open-QF-Monica_Seles-Jana_Novotna,Monica Seles,ApproachRallies,3,3,1,1,0,0,0,12
19950905-W-US_Open-QF-Monica_Seles-Jana_Novotna,Jana Novotna,NetPoints,33,13,2,4,6,8,5,190
19950905-W-US_Open-QF-Monica_Seles-Jana_Novotna,Jana Novotna,Approach,29,12,2,4,5,6,5,160
19950905-W-US_Open-QF-Monica_Seles-Jana_Novotna,Jana Novotna,NetPointsRallies,32,13,2,4,6,8,5,188
19950905-W-US_Open-QF-Monica_Seles-Jana_Novotna,Jana Novotna,ApproachRallies,28,12,2,4,5,6,5,158
19950828-W-US_Open-R128-Monica_Seles-Ruxandra_Dragomir_Ilie,Monica Seles,NetPoints,8,6,4,2,2,0,0,38
19950828-W-US_Open-R128-Monica_Seles-Ruxandra_Dragomir_Ilie,Monica Seles,Approach,3,1,0,1,2,0,0,11
19950828-W-US_Open-R128-Monica_Seles-Ruxandra_Dragomir_Ilie,Monica Seles,NetPointsRallies,8,6,4,2,2,0,0,38
19950828-W-US_Open-R128-Monica_Seles-Ruxandra_Dragomir_Ilie,Monica Seles,ApproachRallies,3,1,0,1,2,0,0,11
19950828-W-US_Open-R128-Monica_Seles-Ruxandra_Dragomir_Ilie,Ruxandra Dragomir Ilie,NetPoints,4,4,4,0,0,0,0,34
19950828-W-US_Open-R128-Monica_Seles-Ruxandra_Dragomir_Ilie,Ruxandra Dragomir Ilie,Approach,3,3,3,0,0,0,0,17
19950828-W-US_Open-R128-Monica_Seles-Ruxandra_Dragomir_Ilie,Ruxandra Dragomir Ilie,NetPointsRallies,4,4,4,0,0,0,0,34
19950828-W-US_Open-R128-Monica_Seles-Ruxandra_Dragomir_Ilie,Ruxandra Dragomir Ilie,ApproachRallies,3,3,3,0,0,0,0,17
19950828-W-US_Open-QF-Steffi_Graf-Amy_Frazier,Steffi Graf,NetPoints,7,6,5,1,0,1,0,51
19950828-W-US_Open-QF-Steffi_Graf-Amy_Frazier,Steffi Graf,Approach,5,4,3,1,0,1,0,39
19950828-W-US_Open-QF-Steffi_Graf-Amy_Frazier,Steffi Graf,NetPointsRallies,7,6,5,1,0,1,0,51
19950828-W-US_Open-QF-Steffi_Graf-Amy_Frazier,Steffi Graf,ApproachRallies,5,4,3,1,0,1,0,39
19950828-W-US_Open-QF-Steffi_Graf-Amy_Frazier,Amy Frazier,NetPoints,8,2,1,1,2,3,1,74
19950828-W-US_Open-QF-Steffi_Graf-Amy_Frazier,Amy Frazier,Approach,6,2,1,1,0,3,1,61
19950828-W-US_Open-QF-Steffi_Graf-Amy_Frazier,Amy Frazier,NetPointsRallies,8,2,1,1,2,3,1,74
19950828-W-US_Open-QF-Steffi_Graf-Amy_Frazier,Amy Frazier,ApproachRallies,6,2,1,1,0,3,1,61
19950128-W-Australian_Open-F-Mary_Pierce-Arantxa_Sanchez_Vicario,Mary Pierce,NetPoints,12,7,5,0,0,1,0,127
19950128-W-Australian_Open-F-Mary_Pierce-Arantxa_Sanchez_Vicario,Mary Pierce,Approach,7,5,4,0,0,1,0,82
19950128-W-Australian_Open-F-Mary_Pierce-Arantxa_Sanchez_Vicario,Mary Pierce,NetPointsRallies,12,7,5,0,0,1,0,127
19950128-W-Australian_Open-F-Mary_Pierce-Arantxa_Sanchez_Vicario,Mary Pierce,ApproachRallies,7,5,4,0,0,1,0,82
19950128-W-Australian_Open-F-Mary_Pierce-Arantxa_Sanchez_Vicario,Arantxa Sanchez Vicario,NetPoints,7,6,2,3,0,1,0,58
19950128-W-Australian_Open-F-Mary_Pierce-Arantxa_Sanchez_Vicario,Arantxa Sanchez Vicario,Approach,6,5,2,3,0,1,0,47
19950128-W-Australian_Open-F-Mary_Pierce-Arantxa_Sanchez_Vicario,Arantxa Sanchez Vicario,NetPointsRallies,6,5,1,3,0,1,0,55
19950128-W-Australian_Open-F-Mary_Pierce-Arantxa_Sanchez_Vicario,Arantxa Sanchez Vicario,ApproachRallies,5,4,1,3,0,1,0,44
19950126-W-Australian_Open-SF-Mary_Pierce-Conchita_Martinez,Mary Pierce,NetPoints,12,9,4,5,1,1,1,97
19950126-W-Australian_Open-SF-Mary_Pierce-Conchita_Martinez,Mary Pierce,Approach,4,3,1,2,1,0,0,19
19950126-W-Australian_Open-SF-Mary_Pierce-Conchita_Martinez,Mary Pierce,NetPointsRallies,12,9,4,5,1,1,1,97
19950126-W-Australian_Open-SF-Mary_Pierce-Conchita_Martinez,Mary Pierce,ApproachRallies,4,3,1,2,1,0,0,19
19950126-W-Australian_Open-SF-Mary_Pierce-Conchita_Martinez,Conchita Martinez,NetPoints,9,5,3,1,2,2,0,66
19950126-W-Australian_Open-SF-Mary_Pierce-Conchita_Martinez,Conchita Martinez,Approach,7,3,1,1,2,2,0,49
19950126-W-Australian_Open-SF-Mary_Pierce-Conchita_Martinez,Conchita Martinez,NetPointsRallies,9,5,3,1,2,2,0,66
19950126-W-Australian_Open-SF-Mary_Pierce-Conchita_Martinez,Conchita Martinez,ApproachRallies,7,3,1,1,2,2,0,49
19940910-W-US_Open-SF-Arantxa_Sanchez_Vicario-Gabriela_Sabatini,Arantxa Sanchez Vicario,NetPoints,23,14,7,4,5,2,1,200
19940910-W-US_Open-SF-Arantxa_Sanchez_Vicario-Gabriela_Sabatini,Arantxa Sanchez Vicario,Approach,21,14,7,4,3,2,1,176
19940910-W-US_Open-SF-Arantxa_Sanchez_Vicario-Gabriela_Sabatini,Arantxa Sanchez Vicario,NetPointsRallies,21,12,5,4,5,2,1,192
19940910-W-US_Open-SF-Arantxa_Sanchez_Vicario-Gabriela_Sabatini,Arantxa Sanchez Vicario,ApproachRallies,19,12,5,4,3,2,1,168
19940910-W-US_Open-SF-Arantxa_Sanchez_Vicario-Gabriela_Sabatini,Gabriela Sabatini,NetPoints,54,34,14,5,8,8,4,386
19940910-W-US_Open-SF-Arantxa_Sanchez_Vicario-Gabriela_Sabatini,Gabriela Sabatini,Approach,52,33,13,5,7,8,4,374
19940910-W-US_Open-SF-Arantxa_Sanchez_Vicario-Gabriela_Sabatini,Gabriela Sabatini,NetPointsRallies,53,33,14,5,8,8,4,383
19940910-W-US_Open-SF-Arantxa_Sanchez_Vicario-Gabriela_Sabatini,Gabriela Sabatini,ApproachRallies,51,32,13,5,7,8,4,371
19940128-W-Australian_Open-F-Steffi_Graf-Arantxa_Sanchez_Vicario,Steffi Graf,NetPoints,11,7,4,3,1,2,1,66
19940128-W-Australian_Open-F-Steffi_Graf-Arantxa_Sanchez_Vicario,Steffi Graf,Approach,11,7,4,3,1,2,1,66
19940128-W-Australian_Open-F-Steffi_Graf-Arantxa_Sanchez_Vicario,Steffi Graf,NetPointsRallies,9,6,3,3,0,2,1,59
19940128-W-Australian_Open-F-Steffi_Graf-Arantxa_Sanchez_Vicario,Steffi Graf,ApproachRallies,9,6,3,3,0,2,1,59
19940128-W-Australian_Open-F-Steffi_Graf-Arantxa_Sanchez_Vicario,Arantxa Sanchez Vicario,NetPoints,13,7,3,4,3,3,0,99
19940128-W-Australian_Open-F-Steffi_Graf-Arantxa_Sanchez_Vicario,Arantxa Sanchez Vicario,Approach,12,6,2,4,3,3,0,88
19940128-W-Australian_Open-F-Steffi_Graf-Arantxa_Sanchez_Vicario,Arantxa Sanchez Vicario,NetPointsRallies,13,7,3,4,3,3,0,99
19940128-W-Australian_Open-F-Steffi_Graf-Arantxa_Sanchez_Vicario,Arantxa Sanchez Vicario,ApproachRallies,12,6,2,4,3,3,0,88
19940127-W-Australian_Open-SF-Steffi_Graf-Kimiko_Date_Krumm,Steffi Graf,NetPoints,13,10,5,4,1,2,0,77
19940127-W-Australian_Open-SF-Steffi_Graf-Kimiko_Date_Krumm,Steffi Graf,Approach,9,6,2,4,1,2,0,47
19940127-W-Australian_Open-SF-Steffi_Graf-Kimiko_Date_Krumm,Steffi Graf,NetPointsRallies,13,10,5,4,1,2,0,77
19940127-W-Australian_Open-SF-Steffi_Graf-Kimiko_Date_Krumm,Steffi Graf,ApproachRallies,9,6,2,4,1,2,0,47
19940127-W-Australian_Open-SF-Steffi_Graf-Kimiko_Date_Krumm,Kimiko Date Krumm,NetPoints,14,11,7,4,0,2,1,68
19940127-W-Australian_Open-SF-Steffi_Graf-Kimiko_Date_Krumm,Kimiko Date Krumm,Approach,10,7,4,3,0,2,1,42
19940127-W-Australian_Open-SF-Steffi_Graf-Kimiko_Date_Krumm,Kimiko Date Krumm,NetPointsRallies,13,10,6,4,0,2,1,65
19940127-W-Australian_Open-SF-Steffi_Graf-Kimiko_Date_Krumm,Kimiko Date Krumm,ApproachRallies,9,6,3,3,0,2,1,39
19930911-W-US_Open-F-Steffi_Graf-Helena_Sukova,Steffi Graf,NetPoints,14,8,2,6,3,2,0,60
19930911-W-US_Open-F-Steffi_Graf-Helena_Sukova,Steffi Graf,Approach,14,8,2,6,3,2,0,60
19930911-W-US_Open-F-Steffi_Graf-Helena_Sukova,Steffi Graf,NetPointsRallies,13,7,2,5,3,2,0,57
19930911-W-US_Open-F-Steffi_Graf-Helena_Sukova,Steffi Graf,ApproachRallies,13,7,2,5,3,2,0,57
19930911-W-US_Open-F-Steffi_Graf-Helena_Sukova,Helena Sukova,NetPoints,49,25,7,7,2,14,5,181
19930911-W-US_Open-F-Steffi_Graf-Helena_Sukova,Helena Sukova,Approach,49,25,7,7,2,14,5,181
19930911-W-US_Open-F-Steffi_Graf-Helena_Sukova,Helena Sukova,NetPointsRallies,17,8,4,4,1,5,3,84
19930911-W-US_Open-F-Steffi_Graf-Helena_Sukova,Helena Sukova,ApproachRallies,17,8,4,4,1,5,3,84
19930130-W-Australian_Open-F-Steffi_Graf-Monica_Seles,Steffi Graf,NetPoints,11,8,4,3,0,3,0,87
19930130-W-Australian_Open-F-Steffi_Graf-Monica_Seles,Steffi Graf,Approach,6,4,1,2,0,2,0,52
19930130-W-Australian_Open-F-Steffi_Graf-Monica_Seles,Steffi Graf,NetPointsRallies,11,8,4,3,0,3,0,87
19930130-W-Australian_Open-F-Steffi_Graf-Monica_Seles,Steffi Graf,ApproachRallies,6,4,1,2,0,2,0,52
19930130-W-Australian_Open-F-Steffi_Graf-Monica_Seles,Monica Seles,NetPoints,17,12,8,2,2,3,0,129
19930130-W-Australian_Open-F-Steffi_Graf-Monica_Seles,Monica Seles,Approach,9,5,2,1,1,3,0,47
19930130-W-Australian_Open-F-Steffi_Graf-Monica_Seles,Monica Seles,NetPointsRallies,15,10,7,2,2,3,0,125
19930130-W-Australian_Open-F-Steffi_Graf-Monica_Seles,Monica Seles,ApproachRallies,7,3,1,1,1,3,0,43
19920912-W-US_Open-F-Monica_Seles-Arantxa_Sanchez_Vicario,Monica Seles,NetPoints,12,6,4,1,2,0,3,88
19920912-W-US_Open-F-Monica_Seles-Arantxa_Sanchez_Vicario,Monica Seles,Approach,7,2,1,0,2,0,2,43
19920912-W-US_Open-F-Monica_Seles-Arantxa_Sanchez_Vicario,Monica Seles,NetPointsRallies,12,6,4,1,2,0,3,88
19920912-W-US_Open-F-Monica_Seles-Arantxa_Sanchez_Vicario,Monica Seles,ApproachRallies,7,2,1,0,2,0,2,43
19920912-W-US_Open-F-Monica_Seles-Arantxa_Sanchez_Vicario,Arantxa Sanchez Vicario,NetPoints,26,17,7,7,2,4,2,185
19920912-W-US_Open-F-Monica_Seles-Arantxa_Sanchez_Vicario,Arantxa Sanchez Vicario,Approach,25,16,6,7,2,4,2,179
19920912-W-US_Open-F-Monica_Seles-Arantxa_Sanchez_Vicario,Arantxa Sanchez Vicario,NetPointsRallies,24,17,7,7,2,3,2,179
19920912-W-US_Open-F-Monica_Seles-Arantxa_Sanchez_Vicario,Arantxa Sanchez Vicario,ApproachRallies,23,16,6,7,2,3,2,173
19920125-W-Australian_Open-F-Monica_Seles-Mary_Joe_Fernandez,Monica Seles,NetPoints,6,4,2,2,1,1,0,38
19920125-W-Australian_Open-F-Monica_Seles-Mary_Joe_Fernandez,Monica Seles,Approach,4,3,1,2,0,1,0,25
19920125-W-Australian_Open-F-Monica_Seles-Mary_Joe_Fernandez,Monica Seles,NetPointsRallies,6,4,2,2,1,1,0,38
19920125-W-Australian_Open-F-Monica_Seles-Mary_Joe_Fernandez,Monica Seles,ApproachRallies,4,3,1,2,0,1,0,25
19920125-W-Australian_Open-F-Monica_Seles-Mary_Joe_Fernandez,Mary Joe Fernandez,NetPoints,20,13,9,4,3,2,2,119
19920125-W-Australian_Open-F-Monica_Seles-Mary_Joe_Fernandez,Mary Joe Fernandez,Approach,20,13,9,4,3,2,2,119
19920125-W-Australian_Open-F-Monica_Seles-Mary_Joe_Fernandez,Mary Joe Fernandez,NetPointsRallies,20,13,9,4,3,2,2,119
19920125-W-Australian_Open-F-Monica_Seles-Mary_Joe_Fernandez,Mary Joe Fernandez,ApproachRallies,20,13,9,4,3,2,2,119
19910908-W-US_Open-F-Monica_Seles-Martina_Navratilova,Monica Seles,NetPoints,5,3,1,2,0,2,0,37
19910908-W-US_Open-F-Monica_Seles-Martina_Navratilova,Monica Seles,Approach,2,1,0,1,0,1,0,11
19910908-W-US_Open-F-Monica_Seles-Martina_Navratilova,Monica Seles,NetPointsRallies,5,3,1,2,0,2,0,37
19910908-W-US_Open-F-Monica_Seles-Martina_Navratilova,Monica Seles,ApproachRallies,2,1,0,1,0,1,0,11
19910908-W-US_Open-F-Monica_Seles-Martina_Navratilova,Martina Navratilova,NetPoints,76,37,13,5,8,13,4,263
19910908-W-US_Open-F-Monica_Seles-Martina_Navratilova,Martina Navratilova,Approach,76,37,13,5,8,13,4,263
19910908-W-US_Open-F-Monica_Seles-Martina_Navratilova,Martina Navratilova,NetPointsRallies,23,9,4,4,4,8,2,131
19910908-W-US_Open-F-Monica_Seles-Martina_Navratilova,Martina Navratilova,ApproachRallies,23,9,4,4,4,8,2,131
19900908-W-US_Open-F-Steffi_Graf-Gabriela_Sabatini,Steffi Graf,NetPoints,33,15,4,8,3,11,2,265
19900908-W-US_Open-F-Steffi_Graf-Gabriela_Sabatini,Steffi Graf,Approach,32,14,3,8,3,11,2,246
19900908-W-US_Open-F-Steffi_Graf-Gabriela_Sabatini,Steffi Graf,NetPointsRallies,31,14,4,7,3,11,1,254
19900908-W-US_Open-F-Steffi_Graf-Gabriela_Sabatini,Steffi Graf,ApproachRallies,30,13,3,7,3,11,1,235
19900908-W-US_Open-F-Steffi_Graf-Gabriela_Sabatini,Gabriela Sabatini,NetPoints,41,25,14,4,3,8,5,385
19900908-W-US_Open-F-Steffi_Graf-Gabriela_Sabatini,Gabriela Sabatini,Approach,41,25,14,4,3,8,5,385
19900908-W-US_Open-F-Steffi_Graf-Gabriela_Sabatini,Gabriela Sabatini,NetPointsRallies,39,23,13,3,3,8,5,377
19900908-W-US_Open-F-Steffi_Graf-Gabriela_Sabatini,Gabriela Sabatini,ApproachRallies,39,23,13,3,3,8,5,377
19900827-W-US_Open-R16-Steffi_Graf-Jennifer_Capriati,Steffi Graf,NetPoints,17,12,4,6,0,3,2,118
19900827-W-US_Open-R16-Steffi_Graf-Jennifer_Capriati,Steffi Graf,Approach,17,12,4,6,0,3,2,118
19900827-W-US_Open-R16-Steffi_Graf-Jennifer_Capriati,Steffi Graf,NetPointsRallies,16,11,3,6,0,3,2,115
19900827-W-US_Open-R16-Steffi_Graf-Jennifer_Capriati,Steffi Graf,ApproachRallies,16,11,3,6,0,3,2,115
19900827-W-US_Open-R16-Steffi_Graf-Jennifer_Capriati,Jennifer Capriati,NetPoints,15,9,7,2,2,3,1,104
19900827-W-US_Open-R16-Steffi_Graf-Jennifer_Capriati,Jennifer Capriati,Approach,14,8,6,2,2,3,1,97
19900827-W-US_Open-R16-Steffi_Graf-Jennifer_Capriati,Jennifer Capriati,NetPointsRallies,15,9,7,2,2,3,1,104
19900827-W-US_Open-R16-Steffi_Graf-Jennifer_Capriati,Jennifer Capriati,ApproachRallies,14,8,6,2,2,3,1,97
19900127-W-Australian_Open-F-Steffi_Graf-Mary_Joe_Fernandez,Steffi Graf,NetPoints,16,8,2,5,3,4,0,133
19900127-W-Australian_Open-F-Steffi_Graf-Mary_Joe_Fernandez,Steffi Graf,Approach,14,7,2,4,2,4,0,123
19900127-W-Australian_Open-F-Steffi_Graf-Mary_Joe_Fernandez,Steffi Graf,NetPointsRallies,15,8,2,5,3,4,0,131
19900127-W-Australian_Open-F-Steffi_Graf-Mary_Joe_Fernandez,Steffi Graf,ApproachRallies,13,7,2,4,2,4,0,121
19900127-W-Australian_Open-F-Steffi_Graf-Mary_Joe_Fernandez,Mary Joe Fernandez,NetPoints,13,7,3,4,4,2,0,99
19900127-W-Australian_Open-F-Steffi_Graf-Mary_Joe_Fernandez,Mary Joe Fernandez,Approach,12,6,3,3,4,2,0,89
19900127-W-Australian_Open-F-Steffi_Graf-Mary_Joe_Fernandez,Mary Joe Fernandez,NetPointsRallies,13,7,3,4,4,2,0,99
19900127-W-Australian_Open-F-Steffi_Graf-Mary_Joe_Fernandez,Mary Joe Fernandez,ApproachRallies,12,6,3,3,4,2,0,89
19890909-W-US_Open-F-Martina_Navratilova-Steffi_Graf,Martina Navratilova,NetPoints,92,53,24,6,7,13,10,359
19890909-W-US_Open-F-Martina_Navratilova-Steffi_Graf,Martina Navratilova,Approach,92,53,24,6,7,13,10,359
19890909-W-US_Open-F-Martina_Navratilova-Steffi_Graf,Martina Navratilova,NetPointsRallies,35,16,7,4,5,8,5,182
19890909-W-US_Open-F-Martina_Navratilova-Steffi_Graf,Martina Navratilova,ApproachRallies,35,16,7,4,5,8,5,182
19890909-W-US_Open-F-Martina_Navratilova-Steffi_Graf,Steffi Graf,NetPoints,25,16,8,6,3,3,1,157
19890909-W-US_Open-F-Martina_Navratilova-Steffi_Graf,Steffi Graf,Approach,23,15,7,6,2,3,1,150
19890909-W-US_Open-F-Martina_Navratilova-Steffi_Graf,Steffi Graf,NetPointsRallies,23,15,8,5,3,3,1,152
19890909-W-US_Open-F-Martina_Navratilova-Steffi_Graf,Steffi Graf,ApproachRallies,21,14,7,5,2,3,1,145
19890128-W-Australian_Open-F-Helena_Sukova-Steffi_Graf,Helena Sukova,NetPoints,56,25,8,7,9,9,8,214
19890128-W-Australian_Open-F-Helena_Sukova-Steffi_Graf,Helena Sukova,Approach,56,25,8,7,9,9,8,214
19890128-W-Australian_Open-F-Helena_Sukova-Steffi_Graf,Helena Sukova,NetPointsRallies,38,16,6,5,8,8,6,167
19890128-W-Australian_Open-F-Helena_Sukova-Steffi_Graf,Helena Sukova,ApproachRallies,38,16,6,5,8,8,6,167
19890128-W-Australian_Open-F-Helena_Sukova-Steffi_Graf,Steffi Graf,NetPoints,10,6,3,3,2,2,0,48
19890128-W-Australian_Open-F-Helena_Sukova-Steffi_Graf,Steffi Graf,Approach,10,6,3,3,2,2,0,48
19890128-W-Australian_Open-F-Helena_Sukova-Steffi_Graf,Steffi Graf,NetPointsRallies,10,6,3,3,2,2,0,48
19890128-W-Australian_Open-F-Helena_Sukova-Steffi_Graf,Steffi Graf,ApproachRallies,10,6,3,3,2,2,0,48
19890126-W-Australian_Open-QF-Martina_Navratilova-Helena_Sukova,Martina Navratilova,NetPoints,112,68,17,10,4,13,3,298
19890126-W-Australian_Open-QF-Martina_Navratilova-Helena_Sukova,Martina Navratilova,Approach,109,66,15,10,3,13,3,283
19890126-W-Australian_Open-QF-Martina_Navratilova-Helena_Sukova,Martina Navratilova,NetPointsRallies,14,7,5,0,1,4,2,63
19890126-W-Australian_Open-QF-Martina_Navratilova-Helena_Sukova,Martina Navratilova,ApproachRallies,11,5,3,0,0,4,2,48
19890126-W-Australian_Open-QF-Martina_Navratilova-Helena_Sukova,Helena Sukova,NetPoints,104,61,20,7,10,14,4,335
19890126-W-Australian_Open-QF-Martina_Navratilova-Helena_Sukova,Helena Sukova,Approach,104,61,20,7,10,14,4,335
19890126-W-Australian_Open-QF-Martina_Navratilova-Helena_Sukova,Helena Sukova,NetPointsRallies,20,9,3,1,5,5,1,67
19890126-W-Australian_Open-QF-Martina_Navratilova-Helena_Sukova,Helena Sukova,ApproachRallies,20,9,3,1,5,5,1,67
19880910-W-US_Open-F-Steffi_Graf-Gabriela_Sabatini,Steffi Graf,NetPoints,7,2,1,1,1,3,0,64
19880910-W-US_Open-F-Steffi_Graf-Gabriela_Sabatini,Steffi Graf,Approach,7,2,1,1,1,3,0,64
19880910-W-US_Open-F-Steffi_Graf-Gabriela_Sabatini,Steffi Graf,NetPointsRallies,7,2,1,1,1,3,0,64
19880910-W-US_Open-F-Steffi_Graf-Gabriela_Sabatini,Steffi Graf,ApproachRallies,7,2,1,1,1,3,0,64
19880910-W-US_Open-F-Steffi_Graf-Gabriela_Sabatini,Gabriela Sabatini,NetPoints,17,12,5,4,2,1,1,114
19880910-W-US_Open-F-Steffi_Graf-Gabriela_Sabatini,Gabriela Sabatini,Approach,17,12,5,4,2,1,1,114
19880910-W-US_Open-F-Steffi_Graf-Gabriela_Sabatini,Gabriela Sabatini,NetPointsRallies,13,10,4,3,1,1,1,102
19880910-W-US_Open-F-Steffi_Graf-Gabriela_Sabatini,Gabriela Sabatini,ApproachRallies,13,10,4,3,1,1,1,102
19880908-W-US_Open-SF-Zina_Garrison-Gabriela_Sabatini,Zina Garrison,NetPoints,87,55,21,15,10,8,5,387
19880908-W-US_Open-SF-Zina_Garrison-Gabriela_Sabatini,Zina Garrison,Approach,81,51,18,14,10,8,4,344
19880908-W-US_Open-SF-Zina_Garrison-Gabriela_Sabatini,Zina Garrison,NetPointsRallies,47,33,15,11,6,5,1,279
19880908-W-US_Open-SF-Zina_Garrison-Gabriela_Sabatini,Zina Garrison,ApproachRallies,41,29,12,10,6,5,0,236
19880908-W-US_Open-SF-Zina_Garrison-Gabriela_Sabatini,Gabriela Sabatini,NetPoints,39,27,14,8,3,5,4,230
19880908-W-US_Open-SF-Zina_Garrison-Gabriela_Sabatini,Gabriela Sabatini,Approach,29,19,7,7,3,3,4,159
19880908-W-US_Open-SF-Zina_Garrison-Gabriela_Sabatini,Gabriela Sabatini,NetPointsRallies,29,19,12,6,3,4,3,198
19880908-W-US_Open-SF-Zina_Garrison-Gabriela_Sabatini,Gabriela Sabatini,ApproachRallies,19,11,5,5,3,2,3,127
19880124-W-Australian_Open-F-Steffi_Graf-Chris_Evert,Steffi Graf,NetPoints,3,2,2,0,0,1,0,38
19880124-W-Australian_Open-F-Steffi_Graf-Chris_Evert,Steffi Graf,Approach,2,1,1,0,0,1,0,35
19880124-W-Australian_Open-F-Steffi_Graf-Chris_Evert,Steffi Graf,NetPointsRallies,3,2,2,0,0,1,0,38
19880124-W-Australian_Open-F-Steffi_Graf-Chris_Evert,Steffi Graf,ApproachRallies,2,1,1,0,0,1,0,35
19880124-W-Australian_Open-F-Steffi_Graf-Chris_Evert,Chris Evert,NetPoints,14,8,3,3,1,2,3,159
19880124-W-Australian_Open-F-Steffi_Graf-Chris_Evert,Chris Evert,Approach,14,8,3,3,1,2,3,159
19880124-W-Australian_Open-F-Steffi_Graf-Chris_Evert,Chris Evert,NetPointsRallies,14,8,3,3,1,2,3,159
19880124-W-Australian_Open-F-Steffi_Graf-Chris_Evert,Chris Evert,ApproachRallies,14,8,3,3,1,2,3,159
19870913-W-US_Open-F-Steffi_Graf-Martina_Navratilova,Steffi Graf,NetPoints,8,5,3,1,0,3,0,58
19870913-W-US_Open-F-Steffi_Graf-Martina_Navratilova,Steffi Graf,Approach,6,4,3,1,0,2,0,44
19870913-W-US_Open-F-Steffi_Graf-Martina_Navratilova,Steffi Graf,NetPointsRallies,8,5,3,1,0,3,0,58
19870913-W-US_Open-F-Steffi_Graf-Martina_Navratilova,Steffi Graf,ApproachRallies,6,4,3,1,0,2,0,44
19870913-W-US_Open-F-Steffi_Graf-Martina_Navratilova,Martina Navratilova,NetPoints,68,41,10,11,4,10,5,281
19870913-W-US_Open-F-Steffi_Graf-Martina_Navratilova,Martina Navratilova,Approach,67,40,10,10,4,10,5,278
19870913-W-US_Open-F-Steffi_Graf-Martina_Navratilova,Martina Navratilova,NetPointsRallies,25,15,3,5,2,4,4,147
19870913-W-US_Open-F-Steffi_Graf-Martina_Navratilova,Martina Navratilova,ApproachRallies,24,14,3,4,2,4,4,144
19870124-W-Australian_Open-F-Hana_Mandlikova-Martina_Navratilova,Hana Mandlikova,NetPoints,54,33,7,6,2,7,0,135
19870124-W-Australian_Open-F-Hana_Mandlikova-Martina_Navratilova,Hana Mandlikova,Approach,53,32,7,6,2,7,0,132
19870124-W-Australian_Open-F-Hana_Mandlikova-Martina_Navratilova,Hana Mandlikova,NetPointsRallies,9,5,0,4,1,3,0,33
19870124-W-Australian_Open-F-Hana_Mandlikova-Martina_Navratilova,Hana Mandlikova,ApproachRallies,8,4,0,4,1,3,0,30
19870124-W-Australian_Open-F-Hana_Mandlikova-Martina_Navratilova,Martina Navratilova,NetPoints,91,48,13,5,7,11,4,238
19870124-W-Australian_Open-F-Hana_Mandlikova-Martina_Navratilova,Martina Navratilova,Approach,90,48,13,5,6,11,4,235
19870124-W-Australian_Open-F-Hana_Mandlikova-Martina_Navratilova,Martina Navratilova,NetPointsRallies,16,10,4,3,2,4,0,53
19870124-W-Australian_Open-F-Hana_Mandlikova-Martina_Navratilova,Martina Navratilova,ApproachRallies,15,10,4,3,1,4,0,50
19860906-W-US_Open-SF-Steffi_Graf-Martina_Navratilova,Steffi Graf,NetPoints,25,19,6,8,5,1,0,126
19860906-W-US_Open-SF-Steffi_Graf-Martina_Navratilova,Steffi Graf,Approach,24,18,5,8,5,1,0,121
19860906-W-US_Open-SF-Steffi_Graf-Martina_Navratilova,Steffi Graf,NetPointsRallies,21,16,6,8,4,1,0,121
19860906-W-US_Open-SF-Steffi_Graf-Martina_Navratilova,Steffi Graf,ApproachRallies,20,15,5,8,4,1,0,116
19860906-W-US_Open-SF-Steffi_Graf-Martina_Navratilova,Martina Navratilova,NetPoints,133,74,28,19,12,13,18,546
19860906-W-US_Open-SF-Steffi_Graf-Martina_Navratilova,Martina Navratilova,Approach,133,74,28,19,12,13,18,546
19860906-W-US_Open-SF-Steffi_Graf-Martina_Navratilova,Martina Navratilova,NetPointsRallies,59,29,14,11,10,9,11,323
19860906-W-US_Open-SF-Steffi_Graf-Martina_Navratilova,Martina Navratilova,ApproachRallies,59,29,14,11,10,9,11,323
19860905-W-US_Open-F-Martina_Navratilova-Helena_Sukova,Martina Navratilova,NetPoints,71,47,20,3,6,7,1,218
19860905-W-US_Open-F-Martina_Navratilova-Helena_Sukova,Martina Navratilova,Approach,67,46,19,3,5,7,0,194
19860905-W-US_Open-F-Martina_Navratilova-Helena_Sukova,Martina Navratilova,NetPointsRallies,29,17,9,0,6,4,1,108
19860905-W-US_Open-F-Martina_Navratilova-Helena_Sukova,Martina Navratilova,ApproachRallies,25,16,8,0,5,4,0,84
19860905-W-US_Open-F-Martina_Navratilova-Helena_Sukova,Helena Sukova,NetPoints,32,19,6,3,2,6,2,121
19860905-W-US_Open-F-Martina_Navratilova-Helena_Sukova,Helena Sukova,Approach,32,19,6,3,2,6,2,121
19860905-W-US_Open-F-Martina_Navratilova-Helena_Sukova,Helena Sukova,NetPointsRallies,6,3,1,2,1,2,0,27
19860905-W-US_Open-F-Martina_Navratilova-Helena_Sukova,Helena Sukova,ApproachRallies,6,3,1,2,1,2,0,27
19851207-W-Australian_Open-SF-Claudia_Kohde_Kilsch-Chris_Evert,Claudia Kohde Kilsch,NetPoints,81,48,24,9,9,13,1,332
19851207-W-Australian_Open-SF-Claudia_Kohde_Kilsch-Chris_Evert,Claudia Kohde Kilsch,Approach,81,48,24,9,9,13,1,332
19851207-W-Australian_Open-SF-Claudia_Kohde_Kilsch-Chris_Evert,Claudia Kohde Kilsch,NetPointsRallies,17,9,5,2,5,3,0,113
19851207-W-Australian_Open-SF-Claudia_Kohde_Kilsch-Chris_Evert,Claudia Kohde Kilsch,ApproachRallies,17,9,5,2,5,3,0,113
19851207-W-Australian_Open-SF-Claudia_Kohde_Kilsch-Chris_Evert,Chris Evert,NetPoints,12,9,3,3,1,1,0,99
19851207-W-Australian_Open-SF-Claudia_Kohde_Kilsch-Chris_Evert,Chris Evert,Approach,11,8,2,3,1,1,0,95
19851207-W-Australian_Open-SF-Claudia_Kohde_Kilsch-Chris_Evert,Chris Evert,NetPointsRallies,12,9,3,3,1,1,0,99
19851207-W-Australian_Open-SF-Claudia_Kohde_Kilsch-Chris_Evert,Chris Evert,ApproachRallies,11,8,2,3,1,1,0,95
19851207-W-Australian_Open-F-Martina_Navratilova-Chris_Evert,Martina Navratilova,NetPoints,117,75,26,16,10,11,5,384
19851207-W-Australian_Open-F-Martina_Navratilova-Chris_Evert,Martina Navratilova,Approach,117,75,26,16,10,11,5,384
19851207-W-Australian_Open-F-Martina_Navratilova-Chris_Evert,Martina Navratilova,NetPointsRallies,37,21,9,8,7,5,2,186
19851207-W-Australian_Open-F-Martina_Navratilova-Chris_Evert,Martina Navratilova,ApproachRallies,37,21,9,8,7,5,2,186
19851207-W-Australian_Open-F-Martina_Navratilova-Chris_Evert,Chris Evert,NetPoints,20,12,5,3,5,2,0,116
19851207-W-Australian_Open-F-Martina_Navratilova-Chris_Evert,Chris Evert,Approach,20,12,5,3,5,2,0,116
19851207-W-Australian_Open-F-Martina_Navratilova-Chris_Evert,Chris Evert,NetPointsRallies,18,10,5,3,5,2,0,112
19851207-W-Australian_Open-F-Martina_Navratilova-Chris_Evert,Chris Evert,ApproachRallies,18,10,5,3,5,2,0,112
19850907-W-US_Open-F-Hana_Mandlikova-Martina_Navratilova,Hana Mandlikova,NetPoints,83,45,14,9,5,15,3,255
19850907-W-US_Open-F-Hana_Mandlikova-Martina_Navratilova,Hana Mandlikova,Approach,82,45,14,9,5,14,3,247
19850907-W-US_Open-F-Hana_Mandlikova-Martina_Navratilova,Hana Mandlikova,NetPointsRallies,19,8,4,2,1,7,3,76
19850907-W-US_Open-F-Hana_Mandlikova-Martina_Navratilova,Hana Mandlikova,ApproachRallies,18,8,4,2,1,6,3,68
19850907-W-US_Open-F-Hana_Mandlikova-Martina_Navratilova,Martina Navratilova,NetPoints,96,62,24,13,5,8,5,270
19850907-W-US_Open-F-Hana_Mandlikova-Martina_Navratilova,Martina Navratilova,Approach,94,60,23,12,5,8,5,258
19850907-W-US_Open-F-Hana_Mandlikova-Martina_Navratilova,Martina Navratilova,NetPointsRallies,31,22,14,7,3,2,4,116
19850907-W-US_Open-F-Hana_Mandlikova-Martina_Navratilova,Martina Navratilova,ApproachRallies,29,20,13,6,3,2,4,104
19841208-W-Australian_Open-F-Helena_Sukova-Chris_Evert,Helena Sukova,NetPoints,117,67,36,9,7,18,8,448
19841208-W-Australian_Open-F-Helena_Sukova-Chris_Evert,Helena Sukova,Approach,116,67,36,9,7,17,8,441
19841208-W-Australian_Open-F-Helena_Sukova-Chris_Evert,Helena Sukova,NetPointsRallies,50,27,13,7,6,11,5,234
19841208-W-Australian_Open-F-Helena_Sukova-Chris_Evert,Helena Sukova,ApproachRallies,49,27,13,7,6,10,5,227
19841208-W-Australian_Open-F-Helena_Sukova-Chris_Evert,Chris Evert,NetPoints,23,17,8,5,2,2,1,130
19841208-W-Australian_Open-F-Helena_Sukova-Chris_Evert,Chris Evert,Approach,20,15,6,5,1,2,1,108
19841208-W-Australian_Open-F-Helena_Sukova-Chris_Evert,Chris Evert,NetPointsRallies,20,15,8,5,2,2,1,124
19841208-W-Australian_Open-F-Helena_Sukova-Chris_Evert,Chris Evert,ApproachRallies,17,13,6,5,1,2,1,102
19841207-W-Australian_Open-SF-Martina_Navratilova-Helena_Sukova,Martina Navratilova,NetPoints,131,72,22,10,14,12,4,396
19841207-W-Australian_Open-SF-Martina_Navratilova-Helena_Sukova,Martina Navratilova,Approach,127,71,22,9,12,12,4,370
19841207-W-Australian_Open-SF-Martina_Navratilova-Helena_Sukova,Martina Navratilova,NetPointsRallies,34,15,6,3,8,8,1,133
19841207-W-Australian_Open-SF-Martina_Navratilova-Helena_Sukova,Martina Navratilova,ApproachRallies,30,14,6,2,6,8,1,107
19841207-W-Australian_Open-SF-Martina_Navratilova-Helena_Sukova,Helena Sukova,NetPoints,66,40,17,4,4,8,3,225
19841207-W-Australian_Open-SF-Martina_Navratilova-Helena_Sukova,Helena Sukova,Approach,65,39,16,4,4,8,3,221
19841207-W-Australian_Open-SF-Martina_Navratilova-Helena_Sukova,Helena Sukova,NetPointsRallies,19,9,3,2,3,5,2,88
19841207-W-Australian_Open-SF-Martina_Navratilova-Helena_Sukova,Helena Sukova,ApproachRallies,18,8,2,2,3,5,2,84
19840908-W-US_Open-SF-Carling_Bassett_Seguso-Chris_Evert,Carling Bassett Seguso,NetPoints,15,5,1,3,2,3,3,128
19840908-W-US_Open-SF-Carling_Bassett_Seguso-Chris_Evert,Carling Bassett Seguso,Approach,13,5,1,3,2,1,3,92
19840908-W-US_Open-SF-Carling_Bassett_Seguso-Chris_Evert,Carling Bassett Seguso,NetPointsRallies,15,5,1,3,2,3,3,128
19840908-W-US_Open-SF-Carling_Bassett_Seguso-Chris_Evert,Carling Bassett Seguso,ApproachRallies,13,5,1,3,2,1,3,92
19840908-W-US_Open-SF-Carling_Bassett_Seguso-Chris_Evert,Chris Evert,NetPoints,21,17,8,4,3,0,1,247
19840908-W-US_Open-SF-Carling_Bassett_Seguso-Chris_Evert,Chris Evert,Approach,19,15,6,4,3,0,1,232
19840908-W-US_Open-SF-Carling_Bassett_Seguso-Chris_Evert,Chris Evert,NetPointsRallies,21,17,8,4,3,0,1,247
19840908-W-US_Open-SF-Carling_Bassett_Seguso-Chris_Evert,Chris Evert,ApproachRallies,19,15,6,4,3,0,1,232
19840908-W-US_Open-F-Chris_Evert-Martina_Navratilova,Chris Evert,NetPoints,21,13,4,6,2,4,1,157
19840908-W-US_Open-F-Chris_Evert-Martina_Navratilova,Chris Evert,Approach,17,10,3,4,2,3,1,119
19840908-W-US_Open-F-Chris_Evert-Martina_Navratilova,Chris Evert,NetPointsRallies,21,13,4,6,2,4,1,157
19840908-W-US_Open-F-Chris_Evert-Martina_Navratilova,Chris Evert,ApproachRallies,17,10,3,4,2,3,1,119
19840908-W-US_Open-F-Chris_Evert-Martina_Navratilova,Martina Navratilova,NetPoints,116,67,23,10,12,14,13,524
19840908-W-US_Open-F-Chris_Evert-Martina_Navratilova,Martina Navratilova,Approach,115,66,22,10,12,14,13,504
19840908-W-US_Open-F-Chris_Evert-Martina_Navratilova,Martina Navratilova,NetPointsRallies,50,24,12,4,9,9,8,337
19840908-W-US_Open-F-Chris_Evert-Martina_Navratilova,Martina Navratilova,ApproachRallies,49,23,11,4,9,9,8,317
19830910-W-US_Open-F-Martina_Navratilova-Chris_Evert,Martina Navratilova,NetPoints,78,49,18,6,8,14,2,315
19830910-W-US_Open-F-Martina_Navratilova-Chris_Evert,Martina Navratilova,Approach,77,48,17,6,8,14,2,309
19830910-W-US_Open-F-Martina_Navratilova-Chris_Evert,Martina Navratilova,NetPointsRallies,36,20,6,4,7,7,2,172
19830910-W-US_Open-F-Martina_Navratilova-Chris_Evert,Martina Navratilova,ApproachRallies,35,19,5,4,7,7,2,166
19830910-W-US_Open-F-Martina_Navratilova-Chris_Evert,Chris Evert,NetPoints,7,3,0,0,0,3,1,61
19830910-W-US_Open-F-Martina_Navratilova-Chris_Evert,Chris Evert,Approach,6,2,0,0,0,3,1,48
19830910-W-US_Open-F-Martina_Navratilova-Chris_Evert,Chris Evert,NetPointsRallies,6,3,0,0,0,2,1,55
19830910-W-US_Open-F-Martina_Navratilova-Chris_Evert,Chris Evert,ApproachRallies,5,2,0,0,0,2,1,42
19821129-W-Australian_Open-F-Martina_Navratilova-Chris_Evert,Martina Navratilova,NetPoints,64,40,19,8,6,7,7,341
19821129-W-Australian_Open-F-Martina_Navratilova-Chris_Evert,Martina Navratilova,Approach,63,40,19,8,6,6,7,335
19821129-W-Australian_Open-F-Martina_Navratilova-Chris_Evert,Martina Navratilova,NetPointsRallies,33,18,12,5,5,5,5,249
19821129-W-Australian_Open-F-Martina_Navratilova-Chris_Evert,Martina Navratilova,ApproachRallies,32,18,12,5,5,4,5,243
19821129-W-Australian_Open-F-Martina_Navratilova-Chris_Evert,Chris Evert,NetPoints,37,24,10,5,4,5,3,272
19821129-W-Australian_Open-F-Martina_Navratilova-Chris_Evert,Chris Evert,Approach,36,23,10,4,4,5,3,260
19821129-W-Australian_Open-F-Martina_Navratilova-Chris_Evert,Chris Evert,NetPointsRallies,37,24,10,5,4,5,3,272
19821129-W-Australian_Open-F-Martina_Navratilova-Chris_Evert,Chris Evert,ApproachRallies,36,23,10,4,4,5,3,260
19820831-W-US_Open-F-Hana_Mandlikova-Chris_Evert,Hana Mandlikova,NetPoints,38,22,10,7,1,6,8,222
19820831-W-US_Open-F-Hana_Mandlikova-Chris_Evert,Hana Mandlikova,Approach,35,19,8,6,1,6,8,206
19820831-W-US_Open-F-Hana_Mandlikova-Chris_Evert,Hana Mandlikova,NetPointsRallies,30,19,9,7,0,4,7,195
19820831-W-US_Open-F-Hana_Mandlikova-Chris_Evert,Hana Mandlikova,ApproachRallies,27,16,7,6,0,4,7,179
19820831-W-US_Open-F-Hana_Mandlikova-Chris_Evert,Chris Evert,NetPoints,13,11,6,4,0,1,1,103
19820831-W-US_Open-F-Hana_Mandlikova-Chris_Evert,Chris Evert,Approach,8,6,3,2,0,1,1,65
19820831-W-US_Open-F-Hana_Mandlikova-Chris_Evert,Chris Evert,NetPointsRallies,13,11,6,4,0,1,1,103
19820831-W-US_Open-F-Hana_Mandlikova-Chris_Evert,Chris Evert,ApproachRallies,8,6,3,2,0,1,1,65
19811130-W-Australian_Open-F-Martina_Navratilova-Chris_Evert,Martina Navratilova,NetPoints,142,83,34,22,18,20,6,631
19811130-W-Australian_Open-F-Martina_Navratilova-Chris_Evert,Martina Navratilova,Approach,139,81,32,22,18,19,6,602
19811130-W-Australian_Open-F-Martina_Navratilova-Chris_Evert,Martina Navratilova,NetPointsRallies,71,38,19,13,10,17,5,446
19811130-W-Australian_Open-F-Martina_Navratilova-Chris_Evert,Martina Navratilova,ApproachRallies,68,36,17,13,10,16,5,417
19811130-W-Australian_Open-F-Martina_Navratilova-Chris_Evert,Chris Evert,NetPoints,38,20,8,9,7,9,1,280
19811130-W-Australian_Open-F-Martina_Navratilova-Chris_Evert,Chris Evert,Approach,33,17,6,8,6,8,1,251
19811130-W-Australian_Open-F-Martina_Navratilova-Chris_Evert,Chris Evert,NetPointsRallies,38,20,8,9,7,9,1,280
19811130-W-Australian_Open-F-Martina_Navratilova-Chris_Evert,Chris Evert,ApproachRallies,33,17,6,8,6,8,1,251
19800906-W-US_Open-F-Hana_Mandlikova-Chris_Evert,Hana Mandlikova,NetPoints,86,46,22,13,14,9,10,390
19800906-W-US_Open-F-Hana_Mandlikova-Chris_Evert,Hana Mandlikova,Approach,86,46,22,13,14,9,10,390
19800906-W-US_Open-F-Hana_Mandlikova-Chris_Evert,Hana Mandlikova,NetPointsRallies,53,25,13,8,10,9,8,295
19800906-W-US_Open-F-Hana_Mandlikova-Chris_Evert,Hana Mandlikova,ApproachRallies,53,25,13,8,10,9,8,295
19800906-W-US_Open-F-Hana_Mandlikova-Chris_Evert,Chris Evert,NetPoints,7,5,2,3,0,1,0,52
19800906-W-US_Open-F-Hana_Mandlikova-Chris_Evert,Chris Evert,Approach,6,4,1,3,0,1,0,43
19800906-W-US_Open-F-Hana_Mandlikova-Chris_Evert,Chris Evert,NetPointsRallies,7,5,2,3,0,1,0,52
19800906-W-US_Open-F-Hana_Mandlikova-Chris_Evert,Chris Evert,ApproachRallies,6,4,1,3,0,1,0,43
19790928-W-US_Open-F-Tracy_Austin-Chris_Evert,Tracy Austin,NetPoints,5,5,3,2,0,0,0,58
19790928-W-US_Open-F-Tracy_Austin-Chris_Evert,Tracy Austin,Approach,4,4,3,1,0,0,0,33
19790928-W-US_Open-F-Tracy_Austin-Chris_Evert,Tracy Austin,NetPointsRallies,5,5,3,2,0,0,0,58
19790928-W-US_Open-F-Tracy_Austin-Chris_Evert,Tracy Austin,ApproachRallies,4,4,3,1,0,0,0,33
19790928-W-US_Open-F-Tracy_Austin-Chris_Evert,Chris Evert,NetPoints,8,3,2,0,2,3,0,96
19790928-W-US_Open-F-Tracy_Austin-Chris_Evert,Chris Evert,Approach,7,2,1,0,2,3,0,93
19790928-W-US_Open-F-Tracy_Austin-Chris_Evert,Chris Evert,NetPointsRallies,8,3,2,0,2,3,0,96
19790928-W-US_Open-F-Tracy_Austin-Chris_Evert,Chris Evert,ApproachRallies,7,2,1,0,2,3,0,93
