match_id,player,row,deuce_wide,deuce_middle,deuce_t,ad_wide,ad_middle,ad_t,err_net,err_wide,err_deep,err_wide_deep,err_foot,err_unknown
20260201-M-Australian_Open-F-Novak_Djokovic-Carlos_Alcaraz,Novak Djokovic,Total,31,13,22,21,12,24,16,7,14,2,0,1
20260201-M-Australian_Open-F-Novak_Djokovic-Carlos_Alcaraz,Novak Djokovic,1,24,2,18,18,4,19,0,0,0,0,0,0
20260201-M-Australian_Open-F-Novak_Djokovic-Carlos_Alcaraz,Novak Djokovic,2,7,11,4,3,8,5,16,7,14,2,0,1
20260201-M-Australian_Open-F-Novak_Djokovic-Carlos_Alcaraz,Carlos Alcaraz,Total,18,18,18,13,19,15,20,6,9,2,0,0
20260201-M-Australian_Open-F-Novak_Djokovic-Carlos_Alcaraz,Carlos Alcaraz,1,18,6,13,8,7,14,0,0,0,0,0,0
20260201-M-Australian_Open-F-Novak_Djokovic-Carlos_Alcaraz,Carlos Alcaraz,2,0,12,5,5,12,1,20,6,9,2,0,0
20260130-M-Australian_Open-SF-Jannik_Sinner-Novak_Djokovic,Jannik Sinner,Total,31,18,21,24,15,24,5,15,11,4,0,0
20260130-M-Australian_Open-SF-Jannik_Sinner-Novak_Djokovic,Jannik Sinner,1,28,3,18,23,5,23,0,0,0,0,0,0
20260130-M-Australian_Open-SF-Jannik_Sinner-Novak_Djokovic,Jannik Sinner,2,3,15,3,1,10,1,5,15,11,4,0,0
20260130-M-Australian_Open-SF-Jannik_Sinner-Novak_Djokovic,Novak Djokovic,Total,47,14,23,30,12,33,18,12,15,5,0,0
20260130-M-Australian_Open-SF-Jannik_Sinner-Novak_Djokovic,Novak Djokovic,1,36,4,21,27,1,23,0,0,0,0,0,0
20260130-M-Australian_Open-SF-Jannik_Sinner-Novak_Djokovic,Novak Djokovic,2,11,10,2,3,11,10,18,12,15,5,0,0
20260130-M-Australian_Open-SF-Alexander_Zverev-Carlos_Alcaraz,Alexander Zverev,Total,45,16,46,35,19,46,22,14,23,3,0,0
20260130-M-Australian_Open-SF-Alexander_Zverev-Carlos_Alcaraz,Alexander Zverev,1,40,4,37,32,3,33,0,0,0,0,0,0
20260130-M-Australian_Open-SF-Alexander_Zverev-Carlos_Alcaraz,Alexander Zverev,2,5,12,9,3,16,13,22,14,23,3,0,0
20260130-M-Australian_Open-SF-Alexander_Zverev-Carlos_Alcaraz,Carlos Alcaraz,Total,53,15,30,37,21,31,31,18,21,1,0,0
20260130-M-Australian_Open-SF-Alexander_Zverev-Carlos_Alcaraz,Carlos Alcaraz,1,38,9,22,24,7,21,0,0,0,0,0,0
20260130-M-Australian_Open-SF-Alexander_Zverev-Carlos_Alcaraz,Carlos Alcaraz,2,15,6,8,13,14,10,31,18,21,1,0,0
20260128-M-Australian_Open-QF-Novak_Djokovic-Lorenzo_Musetti,Novak Djokovic,Total,19,6,20,20,1,19,14,7,10,1,0,0
20260128-M-Australian_Open-QF-Novak_Djokovic-Lorenzo_Musetti,Novak Djokovic,1,13,0,16,12,0,13,0,0,0,0,0,0
20260128-M-Australian_Open-QF-Novak_Djokovic-Lorenzo_Musetti,Novak Djokovic,2,6,6,4,8,1,6,14,7,10,1,0,0
20260128-M-Australian_Open-QF-Novak_Djokovic-Lorenzo_Musetti,Lorenzo Musetti,Total,14,4,16,7,7,16,14,3,11,0,0,0
20260128-M-Australian_Open-QF-Novak_Djokovic-Lorenzo_Musetti,Lorenzo Musetti,1,13,2,7,6,2,9,0,0,0,0,0,0
20260128-M-Australian_Open-QF-Novak_Djokovic-Lorenzo_Musetti,Lorenzo Musetti,2,1,2,9,1,5,7,14,3,11,0,0,0
20260128-M-Australian_Open-QF-Jannik_Sinner-Ben_Shelton,Jannik Sinner,Total,30,2,15,13,11,20,7,12,19,1,0,0
20260128-M-Australian_Open-QF-Jannik_Sinner-Ben_Shelton,Jannik Sinner,1,17,0,13,10,3,11,0,0,0,0,0,0
20260128-M-Australian_Open-QF-Jannik_Sinner-Ben_Shelton,Jannik Sinner,2,13,2,2,3,8,9,7,12,19,1,0,0
20260128-M-Australian_Open-QF-Jannik_Sinner-Ben_Shelton,Ben Shelton,Total,29,10,14,27,12,10,13,6,16,0,0,0
20260128-M-Australian_Open-QF-Jannik_Sinner-Ben_Shelton,Ben Shelton,1,24,6,9,17,7,7,0,0,0,0,0,0
20260128-M-Australian_Open-QF-Jannik_Sinner-Ben_Shelton,Ben Shelton,2,5,4,5,10,5,3,13,6,16,0,0,0
20260127-M-Australian_Open-QF-Carlos_Alcaraz-Alex_De_Minaur,Carlos Alcaraz,Total,12,6,25,17,11,12,22,6,10,0,0,0
20260127-M-Australian_Open-QF-Carlos_Alcaraz-Alex_De_Minaur,Carlos Alcaraz,1,7,2,18,8,4,9,0,0,0,0,0,0
20260127-M-Australian_Open-QF-Carlos_Alcaraz-Alex_De_Minaur,Carlos Alcaraz,2,5,4,7,9,7,3,22,6,10,0,0,0
20260127-M-Australian_Open-QF-Carlos_Alcaraz-Alex_De_Minaur,Alex De Minaur,Total,11,7,30,21,13,11,14,6,22,0,0,0
20260127-M-Australian_Open-QF-Carlos_Alcaraz-Alex_De_Minaur,Alex De Minaur,1,11,5,9,12,4,10,0,0,0,0,0,0
20260127-M-Australian_Open-QF-Carlos_Alcaraz-Alex_De_Minaur,Alex De Minaur,2,0,2,21,9,9,1,14,6,22,0,0,0
20260127-M-Australian_Open-QF-Alexander_Zverev-Learner_Tien,Alexander Zverev,Total,29,4,37,29,3,31,15,9,13,1,0,0
20260127-M-Australian_Open-QF-Alexander_Zverev-Learner_Tien,Alexander Zverev,1,22,1,26,26,0,21,0,0,0,0,0,0
20260127-M-Australian_Open-QF-Alexander_Zverev-Learner_Tien,Alexander Zverev,2,7,3,11,3,3,10,15,9,13,1,0,0
20260127-M-Australian_Open-QF-Alexander_Zverev-Learner_Tien,Learner Tien,Total,20,11,38,35,5,21,17,13,24,2,0,0
20260127-M-Australian_Open-QF-Alexander_Zverev-Learner_Tien,Learner Tien,1,17,5,18,22,4,17,0,0,0,0,0,0
20260127-M-Australian_Open-QF-Alexander_Zverev-Learner_Tien,Learner Tien,2,3,6,20,13,1,4,17,13,24,2,0,0
20260126-M-Australian_Open-R16-Taylor_Fritz-Lorenzo_Musetti,Taylor Fritz,Total,13,7,25,24,0,15,18,7,10,0,0,0
20260126-M-Australian_Open-R16-Taylor_Fritz-Lorenzo_Musetti,Taylor Fritz,1,10,1,12,14,0,13,0,0,0,0,0,0
20260126-M-Australian_Open-R16-Taylor_Fritz-Lorenzo_Musetti,Taylor Fritz,2,3,6,13,10,0,2,18,7,10,0,0,0
20260126-M-Australian_Open-R16-Taylor_Fritz-Lorenzo_Musetti,Lorenzo Musetti,Total,11,4,28,11,3,24,16,4,8,0,0,0
20260126-M-Australian_Open-R16-Taylor_Fritz-Lorenzo_Musetti,Lorenzo Musetti,1,5,2,21,9,2,16,0,0,0,0,0,0
20260126-M-Australian_Open-R16-Taylor_Fritz-Lorenzo_Musetti,Lorenzo Musetti,2,6,2,7,2,1,8,16,4,8,0,0,0
20260126-M-Australian_Open-R16-Jannik_Sinner-Luciano_Darderi,Jannik Sinner,Total,14,2,30,21,6,13,2,3,18,1,0,0
20260126-M-Australian_Open-R16-Jannik_Sinner-Luciano_Darderi,Jannik Sinner,1,11,2,22,17,0,10,0,0,0,0,0,0
20260126-M-Australian_Open-R16-Jannik_Sinner-Luciano_Darderi,Jannik Sinner,2,3,0,8,4,6,3,2,3,18,1,0,0
20260126-M-Australian_Open-R16-Jannik_Sinner-Luciano_Darderi,Luciano Darderi,Total,27,4,19,20,7,20,19,7,16,5,0,0
20260126-M-Australian_Open-R16-Jannik_Sinner-Luciano_Darderi,Luciano Darderi,1,23,0,9,14,0,9,0,0,0,0,0,0
20260126-M-Australian_Open-R16-Jannik_Sinner-Luciano_Darderi,Luciano Darderi,2,4,4,10,6,7,11,19,7,16,5,0,0
20260125-M-Australian_Open-R32-Alex_De_Minaur-Alexander_Bublik,Alex De Minaur,Total,6,20,8,9,14,5,10,5,10,1,0,0
20260125-M-Australian_Open-R32-Alex_De_Minaur-Alexander_Bublik,Alex De Minaur,1,6,8,7,8,4,4,0,0,0,0,0,0
20260125-M-Australian_Open-R32-Alex_De_Minaur-Alexander_Bublik,Alex De Minaur,2,0,12,1,1,10,1,10,5,10,1,0,0
20260125-M-Australian_Open-R32-Alex_De_Minaur-Alexander_Bublik,Alexander Bublik,Total,7,9,26,11,8,20,14,6,12,1,0,0
20260125-M-Australian_Open-R32-Alex_De_Minaur-Alexander_Bublik,Alexander Bublik,1,7,0,21,10,2,12,0,0,0,0,0,0
20260125-M-Australian_Open-R32-Alex_De_Minaur-Alexander_Bublik,Alexander Bublik,2,0,9,5,1,6,8,14,6,12,1,0,0
20260125-M-Australian_Open-R16-Daniil_Medvedev-Learner_Tien,Daniil Medvedev,Total,18,9,18,14,3,23,14,4,12,3,0,0
20260125-M-Australian_Open-R16-Daniil_Medvedev-Learner_Tien,Daniil Medvedev,1,14,2,15,11,1,15,0,0,0,0,0,0
20260125-M-Australian_Open-R16-Daniil_Medvedev-Learner_Tien,Daniil Medvedev,2,4,7,3,3,2,8,14,4,12,3,0,0
20260125-M-Australian_Open-R16-Daniil_Medvedev-Learner_Tien,Learner Tien,Total,14,5,17,20,2,10,7,5,9,4,0,0
20260125-M-Australian_Open-R16-Daniil_Medvedev-Learner_Tien,Learner Tien,1,13,1,9,12,1,8,0,0,0,0,0,0
20260125-M-Australian_Open-R16-Daniil_Medvedev-Learner_Tien,Learner Tien,2,1,4,8,8,1,2,7,5,9,4,0,0
20260124-M-Australian_Open-R32-Novak_Djokovic-Botic_Van_De_Zandschulp,Novak Djokovic,Total,28,7,14,15,10,22,12,12,16,1,0,0
20260124-M-Australian_Open-R32-Novak_Djokovic-Botic_Van_De_Zandschulp,Novak Djokovic,1,21,2,11,13,2,12,0,0,0,0,0,0
20260124-M-Australian_Open-R32-Novak_Djokovic-Botic_Van_De_Zandschulp,Novak Djokovic,2,7,5,3,2,8,10,12,12,16,1,0,0
20260124-M-Australian_Open-R32-Novak_Djokovic-Botic_Van_De_Zandschulp,Botic Van De Zandschulp,Total,15,20,20,6,18,25,14,10,19,3,0,0
20260124-M-Australian_Open-R32-Novak_Djokovic-Botic_Van_De_Zandschulp,Botic Van De Zandschulp,1,14,2,19,6,0,21,0,0,0,0,0,0
20260124-M-Australian_Open-R32-Novak_Djokovic-Botic_Van_De_Zandschulp,Botic Van De Zandschulp,2,1,18,1,0,18,4,14,10,19,3,0,0
20260124-M-Australian_Open-R32-Jannik_Sinner-Eliot_Spizzirri,Jannik Sinner,Total,22,20,25,21,19,25,12,18,14,4,0,0
20260124-M-Australian_Open-R32-Jannik_Sinner-Eliot_Spizzirri,Jannik Sinner,1,22,6,18,17,5,20,0,0,0,0,0,0
20260124-M-Australian_Open-R32-Jannik_Sinner-Eliot_Spizzirri,Jannik Sinner,2,0,14,7,4,14,5,12,18,14,4,0,0
20260124-M-Australian_Open-R32-Jannik_Sinner-Eliot_Spizzirri,Eliot Spizzirri,Total,16,17,23,12,19,21,19,6,16,0,0,0
20260124-M-Australian_Open-R32-Jannik_Sinner-Eliot_Spizzirri,Eliot Spizzirri,1,14,7,17,8,7,17,0,0,0,0,0,0
20260124-M-Australian_Open-R32-Jannik_Sinner-Eliot_Spizzirri,Eliot Spizzirri,2,2,10,6,4,12,4,19,6,16,0,0,0
20260124-M-Australian_Open-R32-Ethan_Quinn-Jakub_Mensik,Ethan Quinn,Total,18,19,18,24,13,14,24,11,23,1,0,0
20260124-M-Australian_Open-R32-Ethan_Quinn-Jakub_Mensik,Ethan Quinn,1,16,4,7,13,3,11,0,0,0,0,0,0
20260124-M-Australian_Open-R32-Ethan_Quinn-Jakub_Mensik,Ethan Quinn,2,2,15,11,11,10,3,24,11,23,1,0,0
20260124-M-Australian_Open-R32-Ethan_Quinn-Jakub_Mensik,Jakub Mensik,Total,24,3,25,19,11,20,27,9,22,1,0,0
20260124-M-Australian_Open-R32-Ethan_Quinn-Jakub_Mensik,Jakub Mensik,1,15,0,17,8,3,8,0,0,0,0,0,0
20260124-M-Australian_Open-R32-Ethan_Quinn-Jakub_Mensik,Jakub Mensik,2,9,3,8,11,8,12,27,9,22,1,0,0
20260123-M-Australian_Open-R32-Learner_Tien-Nuno_Borges,Learner Tien,Total,14,5,34,24,4,19,24,6,5,3,0,0
20260123-M-Australian_Open-R32-Learner_Tien-Nuno_Borges,Learner Tien,1,13,3,19,12,3,17,0,0,0,0,0,0
20260123-M-Australian_Open-R32-Learner_Tien-Nuno_Borges,Learner Tien,2,1,2,15,12,1,2,24,6,5,3,0,0
20260123-M-Australian_Open-R32-Learner_Tien-Nuno_Borges,Nuno Borges,Total,26,7,17,23,6,17,5,5,7,2,0,0
20260123-M-Australian_Open-R32-Learner_Tien-Nuno_Borges,Nuno Borges,1,23,3,15,19,5,14,0,0,0,0,0,0
20260123-M-Australian_Open-R32-Learner_Tien-Nuno_Borges,Nuno Borges,2,3,4,2,4,1,3,5,5,7,2,0,0
20260123-M-Australian_Open-R32-Corentin_Moutet-Carlos_Alcaraz,Corentin Moutet,Total,4,16,28,18,19,8,15,7,16,1,2,0
20260123-M-Australian_Open-R32-Corentin_Moutet-Carlos_Alcaraz,Corentin Moutet,1,3,4,18,13,13,6,0,0,0,0,0,0
20260123-M-Australian_Open-R32-Corentin_Moutet-Carlos_Alcaraz,Corentin Moutet,2,1,12,10,5,6,2,15,7,16,1,2,0
20260123-M-Australian_Open-R32-Corentin_Moutet-Carlos_Alcaraz,Carlos Alcaraz,Total,12,12,13,10,10,15,7,8,5,1,0,0
20260123-M-Australian_Open-R32-Corentin_Moutet-Carlos_Alcaraz,Carlos Alcaraz,1,11,8,11,6,5,11,0,0,0,0,0,0
20260123-M-Australian_Open-R32-Corentin_Moutet-Carlos_Alcaraz,Carlos Alcaraz,2,1,4,2,4,5,4,7,8,5,1,0,0
20260123-M-Australian_Open-R32-Alex_De_Minaur-Frances_Tiafoe,Alex De Minaur,Total,10,9,31,22,14,11,13,4,22,4,0,0
20260123-M-Australian_Open-R32-Alex_De_Minaur-Frances_Tiafoe,Alex De Minaur,1,10,6,17,14,2,11,0,0,0,0,0,0
20260123-M-Australian_Open-R32-Alex_De_Minaur-Frances_Tiafoe,Alex De Minaur,2,0,3,14,8,12,0,13,4,22,4,0,0
20260123-M-Australian_Open-R32-Alex_De_Minaur-Frances_Tiafoe,Frances Tiafoe,Total,15,10,27,14,14,21,19,10,11,2,0,0
20260123-M-Australian_Open-R32-Alex_De_Minaur-Frances_Tiafoe,Frances Tiafoe,1,12,2,14,10,2,20,0,0,0,0,0,0
20260123-M-Australian_Open-R32-Alex_De_Minaur-Frances_Tiafoe,Frances Tiafoe,2,3,8,13,4,12,1,19,10,11,2,0,0
20260122-M-Australian_Open-R64-Stefanos_Tsitsipas-Tomas_Machac,Stefanos Tsitsipas,Total,25,17,30,26,18,17,19,19,27,2,0,0
20260122-M-Australian_Open-R64-Stefanos_Tsitsipas-Tomas_Machac,Stefanos Tsitsipas,1,22,1,20,15,3,13,0,0,0,0,0,0
20260122-M-Australian_Open-R64-Stefanos_Tsitsipas-Tomas_Machac,Stefanos Tsitsipas,2,3,16,10,11,15,4,19,19,27,2,0,0
20260122-M-Australian_Open-R64-Stefanos_Tsitsipas-Tomas_Machac,Tomas Machac,Total,25,8,37,37,11,20,13,4,33,0,0,0
20260122-M-Australian_Open-R64-Stefanos_Tsitsipas-Tomas_Machac,Tomas Machac,1,21,3,21,25,6,18,0,0,0,0,0,0
20260122-M-Australian_Open-R64-Stefanos_Tsitsipas-Tomas_Machac,Tomas Machac,2,4,5,16,12,5,2,13,4,33,0,0,0
20260122-M-Australian_Open-R64-Jannik_Sinner-James_Duckworth,Jannik Sinner,Total,9,6,27,18,6,11,2,8,10,9,0,0
20260122-M-Australian_Open-R64-Jannik_Sinner-James_Duckworth,Jannik Sinner,1,7,1,22,11,1,8,0,0,0,0,0,0
20260122-M-Australian_Open-R64-Jannik_Sinner-James_Duckworth,Jannik Sinner,2,2,5,5,7,5,3,2,8,10,9,0,0
20260122-M-Australian_Open-R64-Jannik_Sinner-James_Duckworth,James Duckworth,Total,21,6,12,17,8,14,15,9,7,2,0,0
20260122-M-Australian_Open-R64-Jannik_Sinner-James_Duckworth,James Duckworth,1,16,3,11,9,0,10,0,0,0,0,0,0
20260122-M-Australian_Open-R64-Jannik_Sinner-James_Duckworth,James Duckworth,2,5,3,1,8,8,4,15,9,7,2,0,0
20260122-M-Australian_Open-R64-Hubert_Hurkacz-Ethan_Quinn,Hubert Hurkacz,Total,13,10,27,20,8,17,18,8,9,4,0,0
20260122-M-Australian_Open-R64-Hubert_Hurkacz-Ethan_Quinn,Hubert Hurkacz,1,12,4,12,9,2,17,0,0,0,0,0,0
20260122-M-Australian_Open-R64-Hubert_Hurkacz-Ethan_Quinn,Hubert Hurkacz,2,1,6,15,11,6,0,18,8,9,4,0,0
20260122-M-Australian_Open-R64-Hubert_Hurkacz-Ethan_Quinn,Ethan Quinn,Total,24,16,16,24,9,19,14,3,13,8,0,0
20260122-M-Australian_Open-R64-Hubert_Hurkacz-Ethan_Quinn,Ethan Quinn,1,22,3,12,16,2,17,0,0,0,0,0,0
20260122-M-Australian_Open-R64-Hubert_Hurkacz-Ethan_Quinn,Ethan Quinn,2,2,13,4,8,7,2,14,3,13,8,0,0
20260122-M-Australian_Open-R64-Casper_Ruud-Jaume_Munar,Casper Ruud,Total,19,2,29,21,3,23,16,5,23,0,0,0
20260122-M-Australian_Open-R64-Casper_Ruud-Jaume_Munar,Casper Ruud,1,11,0,14,11,0,20,0,0,0,0,0,0
20260122-M-Australian_Open-R64-Casper_Ruud-Jaume_Munar,Casper Ruud,2,8,2,15,10,3,3,16,5,23,0,0,0
20260122-M-Australian_Open-R64-Casper_Ruud-Jaume_Munar,Jaume Munar,Total,12,12,23,20,2,20,18,5,25,0,1,0
20260122-M-Australian_Open-R64-Casper_Ruud-Jaume_Munar,Jaume Munar,1,7,1,10,11,0,15,0,0,0,0,0,0
20260122-M-Australian_Open-R64-Casper_Ruud-Jaume_Munar,Jaume Munar,2,5,11,13,9,2,5,18,5,25,0,1,0
20260121-M-Australian_Open-R64-Hamad_Medjedovic-Alex_De_Minaur,Hamad Medjedovic,Total,23,7,41,15,14,37,20,8,28,4,0,0
20260121-M-Australian_Open-R64-Hamad_Medjedovic-Alex_De_Minaur,Hamad Medjedovic,1,15,4,21,11,6,31,0,0,0,0,0,0
20260121-M-Australian_Open-R64-Hamad_Medjedovic-Alex_De_Minaur,Hamad Medjedovic,2,8,3,20,4,8,6,20,8,28,4,0,0
20260121-M-Australian_Open-R64-Hamad_Medjedovic-Alex_De_Minaur,Alex De Minaur,Total,14,10,34,27,7,18,14,8,14,2,0,0
20260121-M-Australian_Open-R64-Hamad_Medjedovic-Alex_De_Minaur,Alex De Minaur,1,14,5,19,18,2,18,0,0,0,0,0,0
20260121-M-Australian_Open-R64-Hamad_Medjedovic-Alex_De_Minaur,Alex De Minaur,2,0,5,15,9,5,0,14,8,14,2,0,0
20260121-M-Australian_Open-R64-Alexander_Shevchenko-Learner_Tien,Alexander Shevchenko,Total,29,6,14,13,5,27,19,4,11,2,0,0
20260121-M-Australian_Open-R64-Alexander_Shevchenko-Learner_Tien,Alexander Shevchenko,1,17,6,11,6,1,18,0,0,0,0,0,0
20260121-M-Australian_Open-R64-Alexander_Shevchenko-Learner_Tien,Alexander Shevchenko,2,12,0,3,7,4,9,19,4,11,2,0,0
20260121-M-Australian_Open-R64-Alexander_Shevchenko-Learner_Tien,Learner Tien,Total,18,7,23,29,3,12,22,6,10,2,0,0
20260121-M-Australian_Open-R64-Alexander_Shevchenko-Learner_Tien,Learner Tien,1,15,3,8,18,2,8,0,0,0,0,0,0
20260121-M-Australian_Open-R64-Alexander_Shevchenko-Learner_Tien,Learner Tien,2,3,4,15,11,1,4,22,6,10,2,0,0
20260120-M-Australian_Open-R128-Jannik_Sinner-Hugo_Gaston,Jannik Sinner,Total,11,4,9,9,4,8,2,5,6,3,0,0
20260120-M-Australian_Open-R128-Jannik_Sinner-Hugo_Gaston,Jannik Sinner,1,8,2,5,7,1,6,0,0,0,0,0,0
20260120-M-Australian_Open-R128-Jannik_Sinner-Hugo_Gaston,Jannik Sinner,2,3,2,4,2,3,2,2,5,6,3,0,0
20260120-M-Australian_Open-R128-Jannik_Sinner-Hugo_Gaston,Hugo Gaston,Total,8,3,14,11,7,4,6,7,8,3,0,0
20260120-M-Australian_Open-R128-Jannik_Sinner-Hugo_Gaston,Hugo Gaston,1,4,0,7,7,2,3,0,0,0,0,0,0
20260120-M-Australian_Open-R128-Jannik_Sinner-Hugo_Gaston,Hugo Gaston,2,4,3,7,4,5,1,6,7,8,3,0,0
20260120-M-Australian_Open-R128-Hubert_Hurkacz-Zizou_Bergs,Hubert Hurkacz,Total,25,12,35,36,13,19,12,12,23,7,0,0
20260120-M-Australian_Open-R128-Hubert_Hurkacz-Zizou_Bergs,Hubert Hurkacz,1,24,1,22,20,4,17,0,0,0,0,0,0
20260120-M-Australian_Open-R128-Hubert_Hurkacz-Zizou_Bergs,Hubert Hurkacz,2,1,11,13,16,9,2,12,12,23,7,0,0
20260120-M-Australian_Open-R128-Hubert_Hurkacz-Zizou_Bergs,Zizou Bergs,Total,33,16,27,39,7,24,25,11,22,7,1,0
20260120-M-Australian_Open-R128-Hubert_Hurkacz-Zizou_Bergs,Zizou Bergs,1,19,3,15,28,1,20,0,0,0,0,0,0
20260120-M-Australian_Open-R128-Hubert_Hurkacz-Zizou_Bergs,Zizou Bergs,2,14,13,12,11,6,4,25,11,22,7,1,0
20260119-M-Australian_Open-R128-Stan_Wawrinka-Laslo_Djere,Stan Wawrinka,Total,18,13,32,32,9,12,19,10,28,4,0,0
20260119-M-Australian_Open-R128-Stan_Wawrinka-Laslo_Djere,Stan Wawrinka,1,16,2,18,8,3,10,0,0,0,0,0,0
20260119-M-Australian_Open-R128-Stan_Wawrinka-Laslo_Djere,Stan Wawrinka,2,2,11,14,24,6,2,19,10,28,4,0,0
20260119-M-Australian_Open-R128-Stan_Wawrinka-Laslo_Djere,Laslo Djere,Total,23,27,28,22,25,25,29,17,14,3,0,0
20260119-M-Australian_Open-R128-Stan_Wawrinka-Laslo_Djere,Laslo Djere,1,20,11,17,18,9,17,0,0,0,0,0,0
20260119-M-Australian_Open-R128-Stan_Wawrinka-Laslo_Djere,Laslo Djere,2,3,16,11,4,16,8,29,17,14,3,0,0
20260119-M-Australian_Open-R128-Rinky_Hijikata-Adrian_Mannarino,Rinky Hijikata,Total,21,10,14,21,10,13,13,6,15,2,0,0
20260119-M-Australian_Open-R128-Rinky_Hijikata-Adrian_Mannarino,Rinky Hijikata,1,13,4,11,14,2,12,0,0,0,0,0,0
20260119-M-Australian_Open-R128-Rinky_Hijikata-Adrian_Mannarino,Rinky Hijikata,2,8,6,3,7,8,1,13,6,15,2,0,0
20260119-M-Australian_Open-R128-Rinky_Hijikata-Adrian_Mannarino,Adrian Mannarino,Total,12,8,18,27,1,8,18,7,7,0,0,0
20260119-M-Australian_Open-R128-Rinky_Hijikata-Adrian_Mannarino,Adrian Mannarino,1,10,3,9,15,0,8,0,0,0,0,0,0
20260119-M-Australian_Open-R128-Rinky_Hijikata-Adrian_Mannarino,Adrian Mannarino,2,2,5,9,12,1,0,18,7,7,0,0,0
20260119-M-Australian_Open-R128-Learner_Tien-Marcos_Giron,Learner Tien,Total,32,10,44,50,2,25,30,12,22,14,0,0
20260119-M-Australian_Open-R128-Learner_Tien-Marcos_Giron,Learner Tien,1,25,2,16,32,1,19,0,0,0,0,0,0
20260119-M-Australian_Open-R128-Learner_Tien-Marcos_Giron,Learner Tien,2,7,8,28,18,1,6,30,12,22,14,0,0
20260119-M-Australian_Open-R128-Learner_Tien-Marcos_Giron,Marcos Giron,Total,50,7,34,45,5,35,31,10,23,8,0,0
20260119-M-Australian_Open-R128-Learner_Tien-Marcos_Giron,Marcos Giron,1,38,1,18,25,1,24,0,0,0,0,0,0
20260119-M-Australian_Open-R128-Learner_Tien-Marcos_Giron,Marcos Giron,2,12,6,16,20,4,11,31,10,23,8,0,0
20260119-M-Australian_Open-R128-Jesper_De_Jong-Daniil_Medvedev,Jesper De Jong,Total,22,5,34,21,9,26,32,6,18,1,0,0
20260119-M-Australian_Open-R128-Jesper_De_Jong-Daniil_Medvedev,Jesper De Jong,1,15,1,17,11,2,15,0,0,0,0,0,0
20260119-M-Australian_Open-R128-Jesper_De_Jong-Daniil_Medvedev,Jesper De Jong,2,7,4,17,10,7,11,32,6,18,1,0,0
20260119-M-Australian_Open-R128-Jesper_De_Jong-Daniil_Medvedev,Daniil Medvedev,Total,23,6,28,19,10,25,20,2,17,1,0,0
20260119-M-Australian_Open-R128-Jesper_De_Jong-Daniil_Medvedev,Daniil Medvedev,1,18,1,20,17,1,19,0,0,0,0,0,0
20260119-M-Australian_Open-R128-Jesper_De_Jong-Daniil_Medvedev,Daniil Medvedev,2,5,5,8,2,9,6,20,2,17,1,0,0
20260119-M-Australian_Open-R128-Brandon_Nakashima-Botic_Van_De_Zandschulp,Brandon Nakashima,Total,31,12,23,32,12,16,17,14,5,2,0,0
20260119-M-Australian_Open-R128-Brandon_Nakashima-Botic_Van_De_Zandschulp,Brandon Nakashima,1,25,3,22,24,3,14,0,0,0,0,0,0
20260119-M-Australian_Open-R128-Brandon_Nakashima-Botic_Van_De_Zandschulp,Brandon Nakashima,2,6,9,1,8,9,2,17,14,5,2,0,0
20260119-M-Australian_Open-R128-Brandon_Nakashima-Botic_Van_De_Zandschulp,Botic Van De Zandschulp,Total,24,22,26,10,33,26,24,10,13,2,3,0
20260119-M-Australian_Open-R128-Brandon_Nakashima-Botic_Van_De_Zandschulp,Botic Van De Zandschulp,1,22,7,25,9,12,21,0,0,0,0,0,0
20260119-M-Australian_Open-R128-Brandon_Nakashima-Botic_Van_De_Zandschulp,Botic Van De Zandschulp,2,2,15,1,1,21,5,24,10,13,2,3,0
20260118-M-Australian_Open-R128-Miomir_Kecmanovic-Tomas_Martin_Etcheverry,Miomir Kecmanovic,Total,38,18,30,23,18,37,34,5,23,2,0,0
20260118-M-Australian_Open-R128-Miomir_Kecmanovic-Tomas_Martin_Etcheverry,Miomir Kecmanovic,1,30,7,19,10,3,35,0,0,0,0,0,0
20260118-M-Australian_Open-R128-Miomir_Kecmanovic-Tomas_Martin_Etcheverry,Miomir Kecmanovic,2,8,11,11,13,15,2,34,5,23,2,0,0
20260118-M-Australian_Open-R128-Miomir_Kecmanovic-Tomas_Martin_Etcheverry,Tomas Martin Etcheverry,Total,26,21,16,19,11,27,23,9,10,3,1,0
20260118-M-Australian_Open-R128-Miomir_Kecmanovic-Tomas_Martin_Etcheverry,Tomas Martin Etcheverry,1,25,9,9,9,2,25,0,0,0,0,0,0
20260118-M-Australian_Open-R128-Miomir_Kecmanovic-Tomas_Martin_Etcheverry,Tomas Martin Etcheverry,2,1,12,7,10,9,2,23,9,10,3,1,0
20260118-M-Australian_Open-R128-Jenson_Brooksby-Alexander_Bublik,Jenson Brooksby,Total,11,11,27,22,12,13,8,6,20,3,0,0
20260118-M-Australian_Open-R128-Jenson_Brooksby-Alexander_Bublik,Jenson Brooksby,1,10,3,17,12,7,11,0,0,0,0,0,0
20260118-M-Australian_Open-R128-Jenson_Brooksby-Alexander_Bublik,Jenson Brooksby,2,1,8,10,10,5,2,8,6,20,3,0,0
20260118-M-Australian_Open-R128-Jenson_Brooksby-Alexander_Bublik,Alexander Bublik,Total,16,2,29,15,3,28,5,9,9,6,0,0
20260118-M-Australian_Open-R128-Jenson_Brooksby-Alexander_Bublik,Alexander Bublik,1,14,0,18,14,0,22,0,0,0,0,0,0
20260118-M-Australian_Open-R128-Jenson_Brooksby-Alexander_Bublik,Alexander Bublik,2,2,2,11,1,3,6,5,9,9,6,0,0
20260115-M-Australian_Open-Q3-Lukas_Klein-Michael_Zheng,Lukas Klein,Total,15,10,31,33,9,15,20,7,7,3,0,0
20260115-M-Australian_Open-Q3-Lukas_Klein-Michael_Zheng,Lukas Klein,1,12,7,21,22,6,11,0,0,0,0,0,0
20260115-M-Australian_Open-Q3-Lukas_Klein-Michael_Zheng,Lukas Klein,2,3,3,10,11,3,4,20,7,7,3,0,0
20260115-M-Australian_Open-Q3-Lukas_Klein-Michael_Zheng,Michael Zheng,Total,18,5,25,26,8,15,18,7,7,5,0,0
20260115-M-Australian_Open-Q3-Lukas_Klein-Michael_Zheng,Michael Zheng,1,14,1,16,15,3,11,0,0,0,0,0,0
20260115-M-Australian_Open-Q3-Lukas_Klein-Michael_Zheng,Michael Zheng,2,4,4,9,11,5,4,18,7,7,5,0,0
20250907-M-US_Open-F-Jannik_Sinner-Carlos_Alcaraz,Jannik Sinner,Total,14,17,28,20,17,16,28,13,16,5,0,0
20250907-M-US_Open-F-Jannik_Sinner-Carlos_Alcaraz,Jannik Sinner,1,10,3,15,13,1,12,0,0,0,0,0,0
20250907-M-US_Open-F-Jannik_Sinner-Carlos_Alcaraz,Jannik Sinner,2,4,14,13,7,16,4,28,13,16,5,0,0
20250907-M-US_Open-F-Jannik_Sinner-Carlos_Alcaraz,Carlos Alcaraz,Total,14,18,15,20,11,11,20,3,10,2,0,0
20250907-M-US_Open-F-Jannik_Sinner-Carlos_Alcaraz,Carlos Alcaraz,1,13,6,9,12,4,10,0,0,0,0,0,0
20250907-M-US_Open-F-Jannik_Sinner-Carlos_Alcaraz,Carlos Alcaraz,2,1,12,6,8,7,1,20,3,10,2,0,0
20250906-M-US_Open-SF-Jannik_Sinner-Felix_Auger_Aliassime,Jannik Sinner,Total,16,12,30,23,9,19,25,10,17,3,0,0
20250906-M-US_Open-SF-Jannik_Sinner-Felix_Auger_Aliassime,Jannik Sinner,1,10,4,14,16,1,13,0,0,0,0,0,0
20250906-M-US_Open-SF-Jannik_Sinner-Felix_Auger_Aliassime,Jannik Sinner,2,6,8,16,7,8,6,25,10,17,3,0,0
20250906-M-US_Open-SF-Jannik_Sinner-Felix_Auger_Aliassime,Felix Auger Aliassime,Total,22,15,20,16,20,18,25,10,8,1,0,0
20250906-M-US_Open-SF-Jannik_Sinner-Felix_Auger_Aliassime,Felix Auger Aliassime,1,21,4,15,13,4,15,0,0,0,0,0,0
20250906-M-US_Open-SF-Jannik_Sinner-Felix_Auger_Aliassime,Felix Auger Aliassime,2,1,11,5,3,16,3,25,10,8,1,0,0
20250905-M-US_Open-SF-Novak_Djokovic-Carlos_Alcaraz,Novak Djokovic,Total,22,1,25,22,5,18,19,2,21,0,0,0
20250905-M-US_Open-SF-Novak_Djokovic-Carlos_Alcaraz,Novak Djokovic,1,15,0,17,13,1,10,0,0,0,0,0,0
20250905-M-US_Open-SF-Novak_Djokovic-Carlos_Alcaraz,Novak Djokovic,2,7,1,8,9,4,8,19,2,21,0,0,0
20250905-M-US_Open-SF-Novak_Djokovic-Carlos_Alcaraz,Carlos Alcaraz,Total,14,2,32,22,2,17,19,6,16,0,0,0
20250905-M-US_Open-SF-Novak_Djokovic-Carlos_Alcaraz,Carlos Alcaraz,1,12,1,17,5,1,14,0,0,0,0,0,0
20250905-M-US_Open-SF-Novak_Djokovic-Carlos_Alcaraz,Carlos Alcaraz,2,2,1,15,17,1,3,19,6,16,0,0,0
20250903-M-US_Open-QF-Jannik_Sinner-Lorenzo_Musetti,Jannik Sinner,Total,15,10,15,20,1,14,12,3,10,4,0,0
20250903-M-US_Open-QF-Jannik_Sinner-Lorenzo_Musetti,Jannik Sinner,1,12,2,10,12,1,9,0,0,0,0,0,0
20250903-M-US_Open-QF-Jannik_Sinner-Lorenzo_Musetti,Jannik Sinner,2,3,8,5,8,0,5,12,3,10,4,0,0
20250903-M-US_Open-QF-Jannik_Sinner-Lorenzo_Musetti,Lorenzo Musetti,Total,19,5,12,10,4,16,16,1,9,0,0,0
20250903-M-US_Open-QF-Jannik_Sinner-Lorenzo_Musetti,Lorenzo Musetti,1,15,1,8,5,3,9,0,0,0,0,0,0
20250903-M-US_Open-QF-Jannik_Sinner-Lorenzo_Musetti,Lorenzo Musetti,2,4,4,4,5,1,7,16,1,9,0,0,0
20250903-M-US_Open-QF-Felix_Auger_Aliassime-Alex_De_Minaur,Felix Auger Aliassime,Total,23,27,28,22,21,27,27,12,20,4,0,0
20250903-M-US_Open-QF-Felix_Auger_Aliassime-Alex_De_Minaur,Felix Auger Aliassime,1,17,13,19,11,13,23,0,0,0,0,0,0
20250903-M-US_Open-QF-Felix_Auger_Aliassime-Alex_De_Minaur,Felix Auger Aliassime,2,6,14,9,11,8,4,27,12,20,4,0,0
20250903-M-US_Open-QF-Felix_Auger_Aliassime-Alex_De_Minaur,Alex De Minaur,Total,17,30,38,43,22,12,59,9,32,3,0,0
20250903-M-US_Open-QF-Felix_Auger_Aliassime-Alex_De_Minaur,Alex De Minaur,1,14,4,21,12,8,11,0,0,0,0,0,0
20250903-M-US_Open-QF-Felix_Auger_Aliassime-Alex_De_Minaur,Alex De Minaur,2,3,26,17,31,14,1,59,9,32,3,0,0
20250902-M-US_Open-QF-Novak_Djokovic-Taylor_Fritz,Novak Djokovic,Total,35,19,19,23,14,29,23,10,23,3,0,0
20250902-M-US_Open-QF-Novak_Djokovic-Taylor_Fritz,Novak Djokovic,1,25,6,19,17,0,21,0,0,0,0,0,0
20250902-M-US_Open-QF-Novak_Djokovic-Taylor_Fritz,Novak Djokovic,2,10,13,0,6,14,8,23,10,23,3,0,0
20250902-M-US_Open-QF-Novak_Djokovic-Taylor_Fritz,Taylor Fritz,Total,24,20,17,20,8,27,31,8,10,7,0,0
20250902-M-US_Open-QF-Novak_Djokovic-Taylor_Fritz,Taylor Fritz,1,21,1,11,13,0,19,0,0,0,0,0,0
20250902-M-US_Open-QF-Novak_Djokovic-Taylor_Fritz,Taylor Fritz,2,3,19,6,7,8,8,31,8,10,7,0,0
20250902-M-US_Open-QF-Jiri_Lehecka-Carlos_Alcaraz,Jiri Lehecka,Total,17,23,5,13,11,17,15,3,15,2,0,0
20250902-M-US_Open-QF-Jiri_Lehecka-Carlos_Alcaraz,Jiri Lehecka,1,14,8,5,11,4,13,0,0,0,0,0,0
20250902-M-US_Open-QF-Jiri_Lehecka-Carlos_Alcaraz,Jiri Lehecka,2,3,15,0,2,7,4,15,3,15,2,0,0
20250902-M-US_Open-QF-Jiri_Lehecka-Carlos_Alcaraz,Carlos Alcaraz,Total,14,14,10,10,8,15,12,3,12,1,0,0
20250902-M-US_Open-QF-Jiri_Lehecka-Carlos_Alcaraz,Carlos Alcaraz,1,10,7,5,6,5,12,0,0,0,0,0,0
20250902-M-US_Open-QF-Jiri_Lehecka-Carlos_Alcaraz,Carlos Alcaraz,2,4,7,5,4,3,3,12,3,12,1,0,0
20250901-M-US_Open-R16-Taylor_Fritz-Tomas_Machac,Taylor Fritz,Total,18,4,14,16,3,14,16,2,10,0,0,0
20250901-M-US_Open-R16-Taylor_Fritz-Tomas_Machac,Taylor Fritz,1,13,0,8,11,0,11,0,0,0,0,0,0
20250901-M-US_Open-R16-Taylor_Fritz-Tomas_Machac,Taylor Fritz,2,5,4,6,5,3,3,16,2,10,0,0,0
20250901-M-US_Open-R16-Taylor_Fritz-Tomas_Machac,Tomas Machac,Total,21,1,21,20,2,16,18,5,17,0,0,0
20250901-M-US_Open-R16-Taylor_Fritz-Tomas_Machac,Tomas Machac,1,13,0,8,8,0,15,0,0,0,0,0,0
20250901-M-US_Open-R16-Taylor_Fritz-Tomas_Machac,Tomas Machac,2,8,1,13,12,2,1,18,5,17,0,0,0
20250901-M-US_Open-R16-Alexander_Bublik-Jannik_Sinner,Alexander Bublik,Total,11,17,13,3,8,27,16,6,15,5,2,0
20250901-M-US_Open-R16-Alexander_Bublik-Jannik_Sinner,Alexander Bublik,1,11,7,8,3,2,17,0,0,0,0,0,0
20250901-M-US_Open-R16-Alexander_Bublik-Jannik_Sinner,Alexander Bublik,2,0,10,5,0,6,10,16,6,15,5,2,0
20250901-M-US_Open-R16-Alexander_Bublik-Jannik_Sinner,Jannik Sinner,Total,15,7,7,13,3,8,10,6,6,1,0,0
20250901-M-US_Open-R16-Alexander_Bublik-Jannik_Sinner,Jannik Sinner,1,10,0,5,9,1,6,0,0,0,0,0,0
20250901-M-US_Open-R16-Alexander_Bublik-Jannik_Sinner,Jannik Sinner,2,5,7,2,4,2,2,10,6,6,1,0,0
20250831-M-US_Open-R16-Novak_Djokovic-Jan_Lennard_Struff,Novak Djokovic,Total,17,13,8,13,6,17,11,4,7,4,0,0
20250831-M-US_Open-R16-Novak_Djokovic-Jan_Lennard_Struff,Novak Djokovic,1,14,2,6,12,3,11,0,0,0,0,0,0
20250831-M-US_Open-R16-Novak_Djokovic-Jan_Lennard_Struff,Novak Djokovic,2,3,11,2,1,3,6,11,4,7,4,0,0
20250831-M-US_Open-R16-Novak_Djokovic-Jan_Lennard_Struff,Jan Lennard Struff,Total,10,25,5,6,23,9,20,6,11,6,1,0
20250831-M-US_Open-R16-Novak_Djokovic-Jan_Lennard_Struff,Jan Lennard Struff,1,9,8,5,6,6,6,0,0,0,0,0,0
20250831-M-US_Open-R16-Novak_Djokovic-Jan_Lennard_Struff,Jan Lennard Struff,2,1,17,0,0,17,3,20,6,11,6,1,0
20250830-M-US_Open-R32-Lorenzo_Musetti-Flavio_Cobolli,Lorenzo Musetti,Total,12,1,19,11,5,14,16,4,13,2,0,0
20250830-M-US_Open-R32-Lorenzo_Musetti-Flavio_Cobolli,Lorenzo Musetti,1,8,0,11,7,1,5,0,0,0,0,0,0
20250830-M-US_Open-R32-Lorenzo_Musetti-Flavio_Cobolli,Lorenzo Musetti,2,4,1,8,4,4,9,16,4,13,2,0,0
20250830-M-US_Open-R32-Lorenzo_Musetti-Flavio_Cobolli,Flavio Cobolli,Total,14,4,10,17,4,5,12,5,8,1,0,0
20250830-M-US_Open-R32-Lorenzo_Musetti-Flavio_Cobolli,Flavio Cobolli,1,9,3,7,6,1,5,0,0,0,0,0,0
20250830-M-US_Open-R32-Lorenzo_Musetti-Flavio_Cobolli,Flavio Cobolli,2,5,1,3,11,3,0,12,5,8,1,0,0
20250829-M-US_Open-R32-Denis_Shapovalov-Jannik_Sinner,Denis Shapovalov,Total,14,7,43,36,6,19,37,4,21,6,1,0
20250829-M-US_Open-R32-Denis_Shapovalov-Jannik_Sinner,Denis Shapovalov,1,9,0,22,18,3,13,0,0,0,0,0,0
20250829-M-US_Open-R32-Denis_Shapovalov-Jannik_Sinner,Denis Shapovalov,2,5,7,21,18,3,6,37,4,21,6,1,0
20250829-M-US_Open-R32-Denis_Shapovalov-Jannik_Sinner,Jannik Sinner,Total,38,3,17,21,1,30,25,7,15,3,0,0
20250829-M-US_Open-R32-Denis_Shapovalov-Jannik_Sinner,Jannik Sinner,1,24,2,13,13,0,13,0,0,0,0,0,0
20250829-M-US_Open-R32-Denis_Shapovalov-Jannik_Sinner,Jannik Sinner,2,14,1,4,8,1,17,25,7,15,3,0,0
20250829-M-US_Open-R32-Carlos_Alcaraz-Luciano_Darderi,Carlos Alcaraz,Total,13,0,24,21,1,11,13,0,11,0,0,0
20250829-M-US_Open-R32-Carlos_Alcaraz-Luciano_Darderi,Carlos Alcaraz,1,9,0,13,14,0,11,0,0,0,0,0,0
20250829-M-US_Open-R32-Carlos_Alcaraz-Luciano_Darderi,Carlos Alcaraz,2,4,0,11,7,1,0,13,0,11,0,0,0
20250829-M-US_Open-R32-Carlos_Alcaraz-Luciano_Darderi,Luciano Darderi,Total,22,3,16,20,2,14,24,4,17,0,0,0
20250829-M-US_Open-R32-Carlos_Alcaraz-Luciano_Darderi,Luciano Darderi,1,14,1,4,14,0,7,0,0,0,0,0,0
20250829-M-US_Open-R32-Carlos_Alcaraz-Luciano_Darderi,Luciano Darderi,2,8,2,12,6,2,7,24,4,17,0,0,0
20250828-M-US_Open-R64-Jannik_Sinner-Alexei_Popyrin,Jannik Sinner,Total,8,17,18,23,6,9,22,6,15,1,0,0
20250828-M-US_Open-R64-Jannik_Sinner-Alexei_Popyrin,Jannik Sinner,1,6,8,8,11,2,6,0,0,0,0,0,0
20250828-M-US_Open-R64-Jannik_Sinner-Alexei_Popyrin,Jannik Sinner,2,2,9,10,12,4,3,22,6,15,1,0,0
20250828-M-US_Open-R64-Jannik_Sinner-Alexei_Popyrin,Alexei Popyrin,Total,18,9,11,10,8,19,13,11,11,0,0,0
20250828-M-US_Open-R64-Jannik_Sinner-Alexei_Popyrin,Alexei Popyrin,1,9,4,8,5,2,16,0,0,0,0,0,0
20250828-M-US_Open-R64-Jannik_Sinner-Alexei_Popyrin,Alexei Popyrin,2,9,5,3,5,6,3,13,11,11,0,0,0
20250828-M-US_Open-R64-Carlos_Alcaraz-Mattia_Bellucci,Carlos Alcaraz,Total,15,2,15,13,0,13,15,3,7,0,0,0
20250828-M-US_Open-R64-Carlos_Alcaraz-Mattia_Bellucci,Carlos Alcaraz,1,12,0,9,6,0,8,0,0,0,0,0,0
20250828-M-US_Open-R64-Carlos_Alcaraz-Mattia_Bellucci,Carlos Alcaraz,2,3,2,6,7,0,5,15,3,7,0,0,0
20250828-M-US_Open-R64-Carlos_Alcaraz-Mattia_Bellucci,Mattia Bellucci,Total,16,3,23,20,6,15,17,4,12,0,0,0
20250828-M-US_Open-R64-Carlos_Alcaraz-Mattia_Bellucci,Mattia Bellucci,1,10,0,12,14,4,12,0,0,0,0,0,0
20250828-M-US_Open-R64-Carlos_Alcaraz-Mattia_Bellucci,Mattia Bellucci,2,6,3,11,6,2,3,17,4,12,0,0,0
20250827-M-US_Open-R64-Zachary_Svajda-Novak_Djokovic,Zachary Svajda,Total,34,13,14,18,18,18,12,6,16,1,0,0
20250827-M-US_Open-R64-Zachary_Svajda-Novak_Djokovic,Zachary Svajda,1,30,6,11,13,9,14,0,0,0,0,0,0
20250827-M-US_Open-R64-Zachary_Svajda-Novak_Djokovic,Zachary Svajda,2,4,7,3,5,9,4,12,6,16,1,0,0
20250827-M-US_Open-R64-Zachary_Svajda-Novak_Djokovic,Novak Djokovic,Total,36,12,8,20,9,19,12,5,23,4,0,2
20250827-M-US_Open-R64-Zachary_Svajda-Novak_Djokovic,Novak Djokovic,1,24,3,6,15,0,14,0,0,0,0,0,0
20250827-M-US_Open-R64-Zachary_Svajda-Novak_Djokovic,Novak Djokovic,2,12,9,2,5,9,5,12,5,23,4,0,2
20250827-M-US_Open-R64-Joao_Fonseca-Tomas_Machac,Joao Fonseca,Total,11,5,25,20,3,13,14,9,8,0,0,0
20250827-M-US_Open-R64-Joao_Fonseca-Tomas_Machac,Joao Fonseca,1,6,1,21,13,2,7,0,0,0,0,0,0
20250827-M-US_Open-R64-Joao_Fonseca-Tomas_Machac,Joao Fonseca,2,5,4,4,7,1,6,14,9,8,0,0,0
20250827-M-US_Open-R64-Joao_Fonseca-Tomas_Machac,Tomas Machac,Total,26,1,23,24,2,17,13,9,17,0,0,0
20250827-M-US_Open-R64-Joao_Fonseca-Tomas_Machac,Tomas Machac,1,20,0,10,11,2,13,0,0,0,0,0,0
20250827-M-US_Open-R64-Joao_Fonseca-Tomas_Machac,Tomas Machac,2,6,1,13,13,0,4,13,9,17,0,0,0
20250827-M-US_Open-R64-Casper_Ruud-Raphael_Collignon,Casper Ruud,Total,22,20,33,24,15,26,30,3,26,0,0,0
20250827-M-US_Open-R64-Casper_Ruud-Raphael_Collignon,Casper Ruud,1,18,6,23,11,4,22,0,0,0,0,0,0
20250827-M-US_Open-R64-Casper_Ruud-Raphael_Collignon,Casper Ruud,2,4,14,10,13,11,4,30,3,26,0,0,0
20250827-M-US_Open-R64-Casper_Ruud-Raphael_Collignon,Raphael Collignon,Total,52,15,19,29,28,18,38,9,31,3,0,0
20250827-M-US_Open-R64-Casper_Ruud-Raphael_Collignon,Raphael Collignon,1,31,5,19,17,8,17,0,0,0,0,0,0
20250827-M-US_Open-R64-Casper_Ruud-Raphael_Collignon,Raphael Collignon,2,21,10,0,12,20,1,38,9,31,3,0,0
20250826-M-US_Open-R128-Reilly_Opelka-Carlos_Alcaraz,Reilly Opelka,Total,26,4,25,34,2,13,20,10,13,0,4,0
20250826-M-US_Open-R128-Reilly_Opelka-Carlos_Alcaraz,Reilly Opelka,1,22,3,13,17,0,11,0,0,0,0,0,0
20250826-M-US_Open-R128-Reilly_Opelka-Carlos_Alcaraz,Reilly Opelka,2,4,1,12,17,2,2,20,10,13,0,4,0
20250826-M-US_Open-R128-Reilly_Opelka-Carlos_Alcaraz,Carlos Alcaraz,Total,25,3,16,27,2,11,16,3,13,0,0,0
20250826-M-US_Open-R128-Reilly_Opelka-Carlos_Alcaraz,Carlos Alcaraz,1,20,1,10,14,2,11,0,0,0,0,0,0
20250826-M-US_Open-R128-Reilly_Opelka-Carlos_Alcaraz,Carlos Alcaraz,2,5,2,6,13,0,0,16,3,13,0,0,0
20250826-M-US_Open-R128-Jannik_Sinner-Vit_Kopriva,Jannik Sinner,Total,17,14,4,15,8,10,13,5,11,0,0,0
20250826-M-US_Open-R128-Jannik_Sinner-Vit_Kopriva,Jannik Sinner,1,14,8,3,6,1,8,0,0,0,0,0,0
20250826-M-US_Open-R128-Jannik_Sinner-Vit_Kopriva,Jannik Sinner,2,3,6,1,9,7,2,13,5,11,0,0,0
20250826-M-US_Open-R128-Jannik_Sinner-Vit_Kopriva,Vit Kopriva,Total,11,16,7,13,11,5,24,5,7,3,0,0
20250826-M-US_Open-R128-Jannik_Sinner-Vit_Kopriva,Vit Kopriva,1,10,4,4,10,2,2,0,0,0,0,0,0
20250826-M-US_Open-R128-Jannik_Sinner-Vit_Kopriva,Vit Kopriva,2,1,12,3,3,9,3,24,5,7,3,0,0
20250826-M-US_Open-R128-Daniel_Altmaier-Hamad_Medjedovic,Daniel Altmaier,Total,28,19,47,48,8,31,21,17,26,2,0,0
20250826-M-US_Open-R128-Daniel_Altmaier-Hamad_Medjedovic,Daniel Altmaier,1,24,2,34,35,1,22,0,0,0,0,0,0
20250826-M-US_Open-R128-Daniel_Altmaier-Hamad_Medjedovic,Daniel Altmaier,2,4,17,13,13,7,9,21,17,26,2,0,0
20250826-M-US_Open-R128-Daniel_Altmaier-Hamad_Medjedovic,Hamad Medjedovic,Total,37,21,43,35,10,51,40,9,35,1,0,0
20250826-M-US_Open-R128-Daniel_Altmaier-Hamad_Medjedovic,Hamad Medjedovic,1,26,10,28,20,6,33,0,0,0,0,0,0
20250826-M-US_Open-R128-Daniel_Altmaier-Hamad_Medjedovic,Hamad Medjedovic,2,11,11,15,15,4,18,40,9,35,1,0,0
20250825-M-US_Open-R128-Martin_Damm-Darwin_Blanch,Martin Damm,Total,16,5,24,19,11,10,10,8,8,5,3,0
20250825-M-US_Open-R128-Martin_Damm-Darwin_Blanch,Martin Damm,1,10,2,15,15,3,10,0,0,0,0,0,0
20250825-M-US_Open-R128-Martin_Damm-Darwin_Blanch,Martin Damm,2,6,3,9,4,8,0,10,8,8,5,3,0
20250825-M-US_Open-R128-Martin_Damm-Darwin_Blanch,Darwin Blanch,Total,5,12,24,13,14,10,15,1,7,2,0,1
20250825-M-US_Open-R128-Martin_Damm-Darwin_Blanch,Darwin Blanch,1,4,5,20,10,7,9,0,0,0,0,0,0
20250825-M-US_Open-R128-Martin_Damm-Darwin_Blanch,Darwin Blanch,2,1,7,4,3,7,1,15,1,7,2,0,1
20250824-M-US_Open-R128-Taylor_Fritz-Emilio_Nava,Taylor Fritz,Total,22,11,13,12,10,20,20,7,16,0,0,0
20250824-M-US_Open-R128-Taylor_Fritz-Emilio_Nava,Taylor Fritz,1,16,1,9,8,0,16,0,0,0,0,0,0
20250824-M-US_Open-R128-Taylor_Fritz-Emilio_Nava,Taylor Fritz,2,6,10,4,4,10,4,20,7,16,0,0,0
20250824-M-US_Open-R128-Taylor_Fritz-Emilio_Nava,Emilio Nava,Total,12,5,34,27,9,12,23,4,16,0,0,0
20250824-M-US_Open-R128-Taylor_Fritz-Emilio_Nava,Emilio Nava,1,11,2,19,16,2,12,0,0,0,0,0,0
20250824-M-US_Open-R128-Taylor_Fritz-Emilio_Nava,Emilio Nava,2,1,3,15,11,7,0,23,4,16,0,0,0
20250824-M-US_Open-R128-Novak_Djokovic-Learner_Tien,Novak Djokovic,Total,25,9,14,13,8,25,12,6,17,5,0,1
20250824-M-US_Open-R128-Novak_Djokovic-Learner_Tien,Novak Djokovic,1,16,3,13,9,2,13,0,0,0,0,0,0
20250824-M-US_Open-R128-Novak_Djokovic-Learner_Tien,Novak Djokovic,2,9,6,1,4,6,12,12,6,17,5,0,1
20250824-M-US_Open-R128-Novak_Djokovic-Learner_Tien,Learner Tien,Total,8,7,31,21,11,11,15,5,18,0,0,1
20250824-M-US_Open-R128-Novak_Djokovic-Learner_Tien,Learner Tien,1,8,3,16,15,6,9,0,0,0,0,0,0
20250824-M-US_Open-R128-Novak_Djokovic-Learner_Tien,Learner Tien,2,0,4,15,6,5,2,15,5,18,0,0,1
20250824-M-US_Open-R128-Jesper_De_Jong-Brandon_Nakashima,Jesper De Jong,Total,26,21,31,26,18,25,37,8,22,3,0,0
20250824-M-US_Open-R128-Jesper_De_Jong-Brandon_Nakashima,Jesper De Jong,1,20,7,18,19,5,16,0,0,0,0,0,0
20250824-M-US_Open-R128-Jesper_De_Jong-Brandon_Nakashima,Jesper De Jong,2,6,14,13,7,13,9,37,8,22,3,0,0
20250824-M-US_Open-R128-Jesper_De_Jong-Brandon_Nakashima,Brandon Nakashima,Total,38,17,23,34,14,23,26,19,19,2,0,0
20250824-M-US_Open-R128-Jesper_De_Jong-Brandon_Nakashima,Brandon Nakashima,1,24,4,20,20,4,15,0,0,0,0,0,0
20250824-M-US_Open-R128-Jesper_De_Jong-Brandon_Nakashima,Brandon Nakashima,2,14,13,3,14,10,8,26,19,19,2,0,0
20250824-M-US_Open-R128-Benjamin_Bonzi-Daniil_Medvedev,Benjamin Bonzi,Total,45,25,13,25,29,20,20,11,24,1,0,0
20250824-M-US_Open-R128-Benjamin_Bonzi-Daniil_Medvedev,Benjamin Bonzi,1,42,7,11,16,11,18,0,0,0,0,0,0
20250824-M-US_Open-R128-Benjamin_Bonzi-Daniil_Medvedev,Benjamin Bonzi,2,3,18,2,9,18,2,20,11,24,1,0,0
20250824-M-US_Open-R128-Benjamin_Bonzi-Daniil_Medvedev,Daniil Medvedev,Total,50,10,20,36,8,25,26,6,31,5,0,0
20250824-M-US_Open-R128-Benjamin_Bonzi-Daniil_Medvedev,Daniil Medvedev,1,28,1,18,25,1,18,0,0,0,0,0,0
20250824-M-US_Open-R128-Benjamin_Bonzi-Daniil_Medvedev,Daniil Medvedev,2,22,9,2,11,7,7,26,6,31,5,0,0
20250824-M-US_Open-R128-Adrian_Mannarino-Tallon_Griekspoor,Adrian Mannarino,Total,9,4,31,29,4,9,20,7,15,0,0,0
20250824-M-US_Open-R128-Adrian_Mannarino-Tallon_Griekspoor,Adrian Mannarino,1,8,0,12,20,1,6,0,0,0,0,0,0
20250824-M-US_Open-R128-Adrian_Mannarino-Tallon_Griekspoor,Adrian Mannarino,2,1,4,19,9,3,3,20,7,15,0,0,0
20250824-M-US_Open-R128-Adrian_Mannarino-Tallon_Griekspoor,Tallon Griekspoor,Total,38,4,10,19,4,24,30,8,13,1,0,0
20250824-M-US_Open-R128-Adrian_Mannarino-Tallon_Griekspoor,Tallon Griekspoor,1,20,2,6,10,1,18,0,0,0,0,0,0
20250824-M-US_Open-R128-Adrian_Mannarino-Tallon_Griekspoor,Tallon Griekspoor,2,18,2,4,9,3,6,30,8,13,1,0,0
20250126-M-Australian_Open-F-Jannik_Sinner-Alexander_Zverev,Jannik Sinner,Total,20,13,16,20,17,9,9,10,16,5,0,0
20250126-M-Australian_Open-F-Jannik_Sinner-Alexander_Zverev,Jannik Sinner,1,13,3,16,15,1,9,0,0,0,0,0,0
20250126-M-Australian_Open-F-Jannik_Sinner-Alexander_Zverev,Jannik Sinner,2,7,10,0,5,16,0,9,10,16,5,0,0
20250126-M-Australian_Open-F-Jannik_Sinner-Alexander_Zverev,Alexander Zverev,Total,29,12,10,22,9,13,13,7,9,3,0,0
20250126-M-Australian_Open-F-Jannik_Sinner-Alexander_Zverev,Alexander Zverev,1,26,6,9,14,1,9,0,0,0,0,0,0
20250126-M-Australian_Open-F-Jannik_Sinner-Alexander_Zverev,Alexander Zverev,2,3,6,1,8,8,4,13,7,9,3,0,0
20250124-M-Australian_Open-SF-Novak_Djokovic-Alexander_Zverev,Novak Djokovic,Total,17,0,11,13,1,12,11,6,6,0,0,0
20250124-M-Australian_Open-SF-Novak_Djokovic-Alexander_Zverev,Novak Djokovic,1,10,0,5,9,0,7,0,0,0,0,0,0
20250124-M-Australian_Open-SF-Novak_Djokovic-Alexander_Zverev,Novak Djokovic,2,7,0,6,4,1,5,11,6,6,0,0,0
20250124-M-Australian_Open-SF-Novak_Djokovic-Alexander_Zverev,Alexander Zverev,Total,12,0,8,10,0,8,4,1,4,0,0,0
20250124-M-Australian_Open-SF-Novak_Djokovic-Alexander_Zverev,Alexander Zverev,1,9,0,4,9,0,8,0,0,0,0,0,0
20250124-M-Australian_Open-SF-Novak_Djokovic-Alexander_Zverev,Alexander Zverev,2,3,0,4,1,0,0,4,1,4,0,0,0
20250124-M-Australian_Open-SF-Jannik_Sinner-Ben_Shelton,Jannik Sinner,Total,27,6,13,18,5,20,8,7,20,4,0,0
20250124-M-Australian_Open-SF-Jannik_Sinner-Ben_Shelton,Jannik Sinner,1,16,0,10,12,0,12,0,0,0,0,0,0
20250124-M-Australian_Open-SF-Jannik_Sinner-Ben_Shelton,Jannik Sinner,2,11,6,3,6,5,8,8,7,20,4,0,0
20250124-M-Australian_Open-SF-Jannik_Sinner-Ben_Shelton,Ben Shelton,Total,24,12,24,34,14,10,17,10,25,2,0,0
20250124-M-Australian_Open-SF-Jannik_Sinner-Ben_Shelton,Ben Shelton,1,18,3,13,24,3,9,0,0,0,0,0,0
20250124-M-Australian_Open-SF-Jannik_Sinner-Ben_Shelton,Ben Shelton,2,6,9,11,10,11,1,17,10,25,2,0,0
20250122-M-Australian_Open-QF-Lorenzo_Sonego-Ben_Shelton,Lorenzo Sonego,Total,42,17,20,34,15,25,23,12,17,0,0,0
20250122-M-Australian_Open-QF-Lorenzo_Sonego-Ben_Shelton,Lorenzo Sonego,1,30,10,16,21,6,19,0,0,0,0,0,0
20250122-M-Australian_Open-QF-Lorenzo_Sonego-Ben_Shelton,Lorenzo Sonego,2,12,7,4,13,9,6,23,12,17,0,0,0
20250122-M-Australian_Open-QF-Lorenzo_Sonego-Ben_Shelton,Ben Shelton,Total,26,14,33,35,19,14,22,10,12,0,0,0
20250122-M-Australian_Open-QF-Lorenzo_Sonego-Ben_Shelton,Ben Shelton,1,20,9,25,24,13,10,0,0,0,0,0,0
20250122-M-Australian_Open-QF-Lorenzo_Sonego-Ben_Shelton,Ben Shelton,2,6,5,8,11,6,4,22,10,12,0,0,0
20250122-M-Australian_Open-QF-Jannik_Sinner-Alex_De_Minaur,Jannik Sinner,Total,8,13,11,14,5,8,6,4,10,0,0,0
20250122-M-Australian_Open-QF-Jannik_Sinner-Alex_De_Minaur,Jannik Sinner,1,8,3,11,10,0,7,0,0,0,0,0,0
20250122-M-Australian_Open-QF-Jannik_Sinner-Alex_De_Minaur,Jannik Sinner,2,0,10,0,4,5,1,6,4,10,0,0,0
20250122-M-Australian_Open-QF-Jannik_Sinner-Alex_De_Minaur,Alex De Minaur,Total,9,20,12,12,16,9,21,6,11,1,0,0
20250122-M-Australian_Open-QF-Jannik_Sinner-Alex_De_Minaur,Alex De Minaur,1,8,3,10,7,3,9,0,0,0,0,0,0
20250122-M-Australian_Open-QF-Jannik_Sinner-Alex_De_Minaur,Alex De Minaur,2,1,17,2,5,13,0,21,6,11,1,0,0
20250121-M-Australian_Open-QF-Novak_Djokovic-Carlos_Alcaraz,Novak Djokovic,Total,35,10,25,19,16,31,20,11,20,2,0,0
20250121-M-Australian_Open-QF-Novak_Djokovic-Carlos_Alcaraz,Novak Djokovic,1,24,2,20,14,4,22,0,0,0,0,0,0
20250121-M-Australian_Open-QF-Novak_Djokovic-Carlos_Alcaraz,Novak Djokovic,2,11,8,5,5,12,9,20,11,20,2,0,0
20250121-M-Australian_Open-QF-Novak_Djokovic-Carlos_Alcaraz,Carlos Alcaraz,Total,26,16,22,21,20,20,18,7,13,0,0,0
20250121-M-Australian_Open-QF-Novak_Djokovic-Carlos_Alcaraz,Carlos Alcaraz,1,26,12,15,13,9,17,0,0,0,0,0,0
20250121-M-Australian_Open-QF-Novak_Djokovic-Carlos_Alcaraz,Carlos Alcaraz,2,0,4,7,8,11,3,18,7,13,0,0,0
20250121-M-Australian_Open-QF-Alexander_Zverev-Tommy_Paul,Alexander Zverev,Total,29,7,35,21,13,30,24,8,15,0,0,0
20250121-M-Australian_Open-QF-Alexander_Zverev-Tommy_Paul,Alexander Zverev,1,21,1,26,17,7,21,0,0,0,0,0,0
20250121-M-Australian_Open-QF-Alexander_Zverev-Tommy_Paul,Alexander Zverev,2,8,6,9,4,6,9,24,8,15,0,0,0
20250121-M-Australian_Open-QF-Alexander_Zverev-Tommy_Paul,Tommy Paul,Total,22,10,28,35,9,12,28,5,11,0,0,1
20250121-M-Australian_Open-QF-Alexander_Zverev-Tommy_Paul,Tommy Paul,1,17,2,21,19,2,12,0,0,0,0,0,0
20250121-M-Australian_Open-QF-Alexander_Zverev-Tommy_Paul,Tommy Paul,2,5,8,7,16,7,0,28,5,11,0,0,1
20250120-M-Australian_Open-R16-Jannik_Sinner-Holger_Rune,Jannik Sinner,Total,15,19,22,17,13,19,26,8,17,1,0,0
20250120-M-Australian_Open-R16-Jannik_Sinner-Holger_Rune,Jannik Sinner,1,13,3,17,13,0,13,0,0,0,0,0,0
20250120-M-Australian_Open-R16-Jannik_Sinner-Holger_Rune,Jannik Sinner,2,2,16,5,4,13,6,26,8,17,1,0,0
20250120-M-Australian_Open-R16-Jannik_Sinner-Holger_Rune,Holger Rune,Total,31,9,17,19,12,22,26,7,10,2,0,0
20250120-M-Australian_Open-R16-Jannik_Sinner-Holger_Rune,Holger Rune,1,28,2,10,11,1,17,0,0,0,0,0,0
20250120-M-Australian_Open-R16-Jannik_Sinner-Holger_Rune,Holger Rune,2,3,7,7,8,11,5,26,7,10,2,0,0
20250120-M-Australian_Open-R16-Ben_Shelton-Gael_Monfils,Ben Shelton,Total,20,17,28,23,16,16,12,13,13,1,0,1
20250120-M-Australian_Open-R16-Ben_Shelton-Gael_Monfils,Ben Shelton,1,15,9,20,19,9,11,0,0,0,0,0,0
20250120-M-Australian_Open-R16-Ben_Shelton-Gael_Monfils,Ben Shelton,2,5,8,8,4,7,5,12,13,13,1,0,1
20250120-M-Australian_Open-R16-Ben_Shelton-Gael_Monfils,Gael Monfils,Total,36,9,22,22,9,26,27,11,20,1,0,0
20250120-M-Australian_Open-R16-Ben_Shelton-Gael_Monfils,Gael Monfils,1,17,1,22,20,3,11,0,0,0,0,0,0
20250120-M-Australian_Open-R16-Ben_Shelton-Gael_Monfils,Gael Monfils,2,19,8,0,2,6,15,27,11,20,1,0,0
20250119-M-Australian_Open-R16-Ugo_Humbert-Alexander_Zverev,Ugo Humbert,Total,24,1,27,37,5,9,12,12,8,0,0,0
20250119-M-Australian_Open-R16-Ugo_Humbert-Alexander_Zverev,Ugo Humbert,1,23,0,15,27,2,7,0,0,0,0,0,0
20250119-M-Australian_Open-R16-Ugo_Humbert-Alexander_Zverev,Ugo Humbert,2,1,1,12,10,3,2,12,12,8,0,0,0
20250119-M-Australian_Open-R16-Ugo_Humbert-Alexander_Zverev,Alexander Zverev,Total,29,3,13,15,2,24,8,6,13,0,0,0
20250119-M-Australian_Open-R16-Ugo_Humbert-Alexander_Zverev,Alexander Zverev,1,22,0,10,13,0,17,0,0,0,0,0,0
20250119-M-Australian_Open-R16-Ugo_Humbert-Alexander_Zverev,Alexander Zverev,2,7,3,3,2,2,7,8,6,13,0,0,0
20250119-M-Australian_Open-R16-Novak_Djokovic-Jiri_Lehecka,Novak Djokovic,Total,21,12,17,14,14,14,13,7,18,3,0,0
20250119-M-Australian_Open-R16-Novak_Djokovic-Jiri_Lehecka,Novak Djokovic,1,15,2,14,13,0,10,0,0,0,0,0,0
20250119-M-Australian_Open-R16-Novak_Djokovic-Jiri_Lehecka,Novak Djokovic,2,6,10,3,1,14,4,13,7,18,3,0,0
20250119-M-Australian_Open-R16-Novak_Djokovic-Jiri_Lehecka,Jiri Lehecka,Total,22,25,9,22,13,15,13,15,20,2,0,0
20250119-M-Australian_Open-R16-Novak_Djokovic-Jiri_Lehecka,Jiri Lehecka,1,16,11,6,14,1,12,0,0,0,0,0,0
20250119-M-Australian_Open-R16-Novak_Djokovic-Jiri_Lehecka,Jiri Lehecka,2,6,14,3,8,12,3,13,15,20,2,0,0
20250118-M-Australian_Open-R32-Taylor_Fritz-Gael_Monfils,Taylor Fritz,Total,21,19,28,24,13,25,16,11,16,1,0,0
20250118-M-Australian_Open-R32-Taylor_Fritz-Gael_Monfils,Taylor Fritz,1,21,4,22,18,1,20,0,0,0,0,0,0
20250118-M-Australian_Open-R32-Taylor_Fritz-Gael_Monfils,Taylor Fritz,2,0,15,6,6,12,5,16,11,16,1,0,0
20250118-M-Australian_Open-R32-Taylor_Fritz-Gael_Monfils,Gael Monfils,Total,26,13,27,14,15,26,18,13,18,2,0,0
20250118-M-Australian_Open-R32-Taylor_Fritz-Gael_Monfils,Gael Monfils,1,11,6,24,13,2,18,0,0,0,0,0,0
20250118-M-Australian_Open-R32-Taylor_Fritz-Gael_Monfils,Gael Monfils,2,15,7,3,1,13,8,18,13,18,2,0,0
20250118-M-Australian_Open-R32-Miomir_Kecmanovic-Holger_Rune,Miomir Kecmanovic,Total,26,8,45,20,23,27,21,10,23,6,0,0
20250118-M-Australian_Open-R32-Miomir_Kecmanovic-Holger_Rune,Miomir Kecmanovic,1,25,2,27,16,2,23,0,0,0,0,0,0
20250118-M-Australian_Open-R32-Miomir_Kecmanovic-Holger_Rune,Miomir Kecmanovic,2,1,6,18,4,21,4,21,10,23,6,0,0
20250118-M-Australian_Open-R32-Miomir_Kecmanovic-Holger_Rune,Holger Rune,Total,44,5,34,32,7,36,23,16,25,4,0,0
20250118-M-Australian_Open-R32-Miomir_Kecmanovic-Holger_Rune,Holger Rune,1,33,0,19,15,1,27,0,0,0,0,0,0
20250118-M-Australian_Open-R32-Miomir_Kecmanovic-Holger_Rune,Holger Rune,2,11,5,15,17,6,9,23,16,25,4,0,0
20250118-M-Australian_Open-R32-Jannik_Sinner-Marcos_Giron,Jannik Sinner,Total,15,7,21,19,5,15,7,4,20,3,0,1
20250118-M-Australian_Open-R32-Jannik_Sinner-Marcos_Giron,Jannik Sinner,1,11,1,13,13,0,11,0,0,0,0,0,0
20250118-M-Australian_Open-R32-Jannik_Sinner-Marcos_Giron,Jannik Sinner,2,4,6,8,6,5,4,7,4,20,3,0,1
20250118-M-Australian_Open-R32-Jannik_Sinner-Marcos_Giron,Marcos Giron,Total,18,3,21,22,8,8,19,3,13,2,0,0
20250118-M-Australian_Open-R32-Jannik_Sinner-Marcos_Giron,Marcos Giron,1,16,0,12,11,0,6,0,0,0,0,0,0
20250118-M-Australian_Open-R32-Jannik_Sinner-Marcos_Giron,Marcos Giron,2,2,3,9,11,8,2,19,3,13,2,0,0
20250118-M-Australian_Open-R32-Ben_Shelton-Lorenzo_Musetti,Ben Shelton,Total,19,10,33,26,11,20,17,12,10,0,0,0
20250118-M-Australian_Open-R32-Ben_Shelton-Lorenzo_Musetti,Ben Shelton,1,16,2,23,19,8,15,0,0,0,0,0,0
20250118-M-Australian_Open-R32-Ben_Shelton-Lorenzo_Musetti,Ben Shelton,2,3,8,10,7,3,5,17,12,10,0,0,0
20250118-M-Australian_Open-R32-Ben_Shelton-Lorenzo_Musetti,Lorenzo Musetti,Total,35,1,24,21,9,26,18,7,23,1,0,0
20250118-M-Australian_Open-R32-Ben_Shelton-Lorenzo_Musetti,Lorenzo Musetti,1,23,0,17,12,2,16,0,0,0,0,0,0
20250118-M-Australian_Open-R32-Ben_Shelton-Lorenzo_Musetti,Lorenzo Musetti,2,12,1,7,9,7,10,18,7,23,1,0,0
20250118-M-Australian_Open-R32-Alex_Michelsen-Karen_Khachanov,Alex Michelsen,Total,20,5,27,17,5,25,18,5,14,4,0,0
20250118-M-Australian_Open-R32-Alex_Michelsen-Karen_Khachanov,Alex Michelsen,1,16,3,17,11,2,13,0,0,0,0,0,0
20250118-M-Australian_Open-R32-Alex_Michelsen-Karen_Khachanov,Alex Michelsen,2,4,2,10,6,3,12,18,5,14,4,0,0
20250118-M-Australian_Open-R32-Alex_Michelsen-Karen_Khachanov,Karen Khachanov,Total,20,5,19,16,6,17,11,4,13,4,0,0
20250118-M-Australian_Open-R32-Alex_Michelsen-Karen_Khachanov,Karen Khachanov,1,16,0,11,12,0,13,0,0,0,0,0,0
20250118-M-Australian_Open-R32-Alex_Michelsen-Karen_Khachanov,Karen Khachanov,2,4,5,8,4,6,4,11,4,13,4,0,0
20250117-M-Australian_Open-R32-Nuno_Borges-Carlos_Alcaraz,Nuno Borges,Total,26,18,27,30,20,16,18,7,16,0,0,0
20250117-M-Australian_Open-R32-Nuno_Borges-Carlos_Alcaraz,Nuno Borges,1,23,4,22,20,15,13,0,0,0,0,0,0
20250117-M-Australian_Open-R32-Nuno_Borges-Carlos_Alcaraz,Nuno Borges,2,3,14,5,10,5,3,18,7,16,0,0,0
20250117-M-Australian_Open-R32-Nuno_Borges-Carlos_Alcaraz,Carlos Alcaraz,Total,19,12,27,27,8,16,22,8,13,2,0,0
20250117-M-Australian_Open-R32-Nuno_Borges-Carlos_Alcaraz,Carlos Alcaraz,1,19,6,14,9,5,14,0,0,0,0,0,0
20250117-M-Australian_Open-R32-Nuno_Borges-Carlos_Alcaraz,Carlos Alcaraz,2,0,6,13,18,3,2,22,8,13,2,0,0
20250117-M-Australian_Open-R32-Novak_Djokovic-Tomas_Machac,Novak Djokovic,Total,21,8,13,18,6,13,10,5,14,3,0,0
20250117-M-Australian_Open-R32-Novak_Djokovic-Tomas_Machac,Novak Djokovic,1,13,3,11,16,0,8,0,0,0,0,0,0
20250117-M-Australian_Open-R32-Novak_Djokovic-Tomas_Machac,Novak Djokovic,2,8,5,2,2,6,5,10,5,14,3,0,0
20250117-M-Australian_Open-R32-Novak_Djokovic-Tomas_Machac,Tomas Machac,Total,25,8,12,24,7,11,12,7,15,3,0,0
20250117-M-Australian_Open-R32-Novak_Djokovic-Tomas_Machac,Tomas Machac,1,22,1,7,14,2,9,0,0,0,0,0,0
20250117-M-Australian_Open-R32-Novak_Djokovic-Tomas_Machac,Tomas Machac,2,3,7,5,10,5,2,12,7,15,3,0,0
20250117-M-Australian_Open-R32-Corentin_Moutet-Learner_Tien,Corentin Moutet,Total,10,23,23,14,31,6,10,7,15,1,0,0
20250117-M-Australian_Open-R32-Corentin_Moutet-Learner_Tien,Corentin Moutet,1,7,12,19,12,20,6,0,0,0,0,0,0
20250117-M-Australian_Open-R32-Corentin_Moutet-Learner_Tien,Corentin Moutet,2,3,11,4,2,11,0,10,7,15,1,0,0
20250117-M-Australian_Open-R32-Corentin_Moutet-Learner_Tien,Learner Tien,Total,6,15,35,37,9,5,28,6,21,1,0,0
20250117-M-Australian_Open-R32-Corentin_Moutet-Learner_Tien,Learner Tien,1,6,12,19,13,2,4,0,0,0,0,0,0
20250117-M-Australian_Open-R32-Corentin_Moutet-Learner_Tien,Learner Tien,2,0,3,16,24,7,1,28,6,21,1,0,0
20250116-M-Australian_Open-R64-Tristan_Schoolkate-Jannik_Sinner,Tristan Schoolkate,Total,31,13,27,40,10,17,17,17,23,8,0,0
20250116-M-Australian_Open-R64-Tristan_Schoolkate-Jannik_Sinner,Tristan Schoolkate,1,20,5,25,21,0,12,0,0,0,0,0,0
20250116-M-Australian_Open-R64-Tristan_Schoolkate-Jannik_Sinner,Tristan Schoolkate,2,11,8,2,19,10,5,17,17,23,8,0,0
20250116-M-Australian_Open-R64-Tristan_Schoolkate-Jannik_Sinner,Jannik Sinner,Total,23,17,13,16,12,19,10,10,17,6,0,0
20250116-M-Australian_Open-R64-Tristan_Schoolkate-Jannik_Sinner,Jannik Sinner,1,20,3,10,13,1,15,0,0,0,0,0,0
20250116-M-Australian_Open-R64-Tristan_Schoolkate-Jannik_Sinner,Jannik Sinner,2,3,14,3,3,11,4,10,10,17,6,0,0
20250116-M-Australian_Open-R64-Taylor_Fritz-Cristian_Garin,Taylor Fritz,Total,14,2,17,12,1,14,11,4,2,2,0,0
20250116-M-Australian_Open-R64-Taylor_Fritz-Cristian_Garin,Taylor Fritz,1,13,0,11,7,0,11,0,0,0,0,0,0
20250116-M-Australian_Open-R64-Taylor_Fritz-Cristian_Garin,Taylor Fritz,2,1,2,6,5,1,3,11,4,2,2,0,0
20250116-M-Australian_Open-R64-Taylor_Fritz-Cristian_Garin,Cristian Garin,Total,12,10,10,11,3,16,8,3,10,3,0,0
20250116-M-Australian_Open-R64-Taylor_Fritz-Cristian_Garin,Cristian Garin,1,10,3,9,7,1,11,0,0,0,0,0,0
20250116-M-Australian_Open-R64-Taylor_Fritz-Cristian_Garin,Cristian Garin,2,2,7,1,4,2,5,8,3,10,3,0,0
20250116-M-Australian_Open-R64-Lorenzo_Sonego-Joao_Fonseca,Lorenzo Sonego,Total,36,24,15,22,23,20,11,10,28,1,0,0
20250116-M-Australian_Open-R64-Lorenzo_Sonego-Joao_Fonseca,Lorenzo Sonego,1,28,12,12,15,8,18,0,0,0,0,0,0
20250116-M-Australian_Open-R64-Lorenzo_Sonego-Joao_Fonseca,Lorenzo Sonego,2,8,12,3,7,15,2,11,10,28,1,0,0
20250116-M-Australian_Open-R64-Lorenzo_Sonego-Joao_Fonseca,Joao Fonseca,Total,27,20,28,29,20,22,23,10,30,0,0,0
20250116-M-Australian_Open-R64-Lorenzo_Sonego-Joao_Fonseca,Joao Fonseca,1,19,5,20,16,9,20,0,0,0,0,0,0
20250116-M-Australian_Open-R64-Lorenzo_Sonego-Joao_Fonseca,Joao Fonseca,2,8,15,8,13,11,2,23,10,30,0,0,0
20250116-M-Australian_Open-R64-Learner_Tien-Daniil_Medvedev,Learner Tien,Total,30,13,59,57,7,35,22,11,29,1,0,0
20250116-M-Australian_Open-R64-Learner_Tien-Daniil_Medvedev,Learner Tien,1,30,3,38,36,4,31,0,0,0,0,0,0
20250116-M-Australian_Open-R64-Learner_Tien-Daniil_Medvedev,Learner Tien,2,0,10,21,21,3,4,22,11,29,1,0,0
20250116-M-Australian_Open-R64-Learner_Tien-Daniil_Medvedev,Daniil Medvedev,Total,50,15,23,32,13,35,25,14,42,1,1,0
20250116-M-Australian_Open-R64-Learner_Tien-Daniil_Medvedev,Daniil Medvedev,1,34,2,19,25,2,13,0,0,0,0,0,0
20250116-M-Australian_Open-R64-Learner_Tien-Daniil_Medvedev,Daniil Medvedev,2,16,13,4,7,11,22,25,14,42,1,1,0
20250116-M-Australian_Open-R64-Hubert_Hurkacz-Miomir_Kecmanovic,Hubert Hurkacz,Total,15,2,26,23,2,14,14,7,13,1,0,0
20250116-M-Australian_Open-R64-Hubert_Hurkacz-Miomir_Kecmanovic,Hubert Hurkacz,1,15,1,16,12,0,9,0,0,0,0,0,0
20250116-M-Australian_Open-R64-Hubert_Hurkacz-Miomir_Kecmanovic,Hubert Hurkacz,2,0,1,10,11,2,5,14,7,13,1,0,0
20250116-M-Australian_Open-R64-Hubert_Hurkacz-Miomir_Kecmanovic,Miomir Kecmanovic,Total,11,0,34,22,6,11,17,2,11,5,0,0
20250116-M-Australian_Open-R64-Hubert_Hurkacz-Miomir_Kecmanovic,Miomir Kecmanovic,1,9,0,17,15,0,8,0,0,0,0,0,0
20250116-M-Australian_Open-R64-Hubert_Hurkacz-Miomir_Kecmanovic,Miomir Kecmanovic,2,2,0,17,7,6,3,17,2,11,5,0,0
20250116-M-Australian_Open-R64-Gael_Monfils-Daniel_Altmaier,Gael Monfils,Total,30,10,12,9,21,17,27,10,14,0,0,0
20250116-M-Australian_Open-R64-Gael_Monfils-Daniel_Altmaier,Gael Monfils,1,20,2,12,7,4,11,0,0,0,0,0,0
20250116-M-Australian_Open-R64-Gael_Monfils-Daniel_Altmaier,Gael Monfils,2,10,8,0,2,17,6,27,10,14,0,0,0
20250116-M-Australian_Open-R64-Gael_Monfils-Daniel_Altmaier,Daniel Altmaier,Total,19,12,20,25,13,10,22,8,13,2,0,1
20250116-M-Australian_Open-R64-Gael_Monfils-Daniel_Altmaier,Daniel Altmaier,1,18,1,15,13,0,8,0,0,0,0,0,0
20250116-M-Australian_Open-R64-Gael_Monfils-Daniel_Altmaier,Daniel Altmaier,2,1,11,5,12,13,2,22,8,13,2,0,1
20250116-M-Australian_Open-Q3-Mark_Lajal-Jaime_Faria,Mark Lajal,Total,19,2,26,16,3,22,10,9,12,1,0,0
20250116-M-Australian_Open-Q3-Mark_Lajal-Jaime_Faria,Mark Lajal,1,16,0,17,9,1,18,0,0,0,0,0,0
20250116-M-Australian_Open-Q3-Mark_Lajal-Jaime_Faria,Mark Lajal,2,3,2,9,7,2,4,10,9,12,1,0,0
20250116-M-Australian_Open-Q3-Mark_Lajal-Jaime_Faria,Jaime Faria,Total,20,4,24,20,1,23,17,9,20,2,0,0
20250116-M-Australian_Open-Q3-Mark_Lajal-Jaime_Faria,Jaime Faria,1,14,0,16,12,0,11,0,0,0,0,0,0
20250116-M-Australian_Open-Q3-Mark_Lajal-Jaime_Faria,Jaime Faria,2,6,4,8,8,1,12,17,9,20,2,0,0
20250115-M-Australian_Open-R64-Ugo_Humbert-Hady_Habib,Ugo Humbert,Total,14,5,22,20,2,12,5,7,13,1,0,0
20250115-M-Australian_Open-R64-Ugo_Humbert-Hady_Habib,Ugo Humbert,1,14,0,12,11,2,11,0,0,0,0,0,0
20250115-M-Australian_Open-R64-Ugo_Humbert-Hady_Habib,Ugo Humbert,2,0,5,10,9,0,1,5,7,13,1,0,0
20250115-M-Australian_Open-R64-Ugo_Humbert-Hady_Habib,Hady Habib,Total,18,8,21,15,4,23,11,5,19,0,0,0
20250115-M-Australian_Open-R64-Ugo_Humbert-Hady_Habib,Hady Habib,1,14,4,14,7,2,17,0,0,0,0,0,0
20250115-M-Australian_Open-R64-Ugo_Humbert-Hady_Habib,Hady Habib,2,4,4,7,8,2,6,11,5,19,0,0,0
20250115-M-Australian_Open-R64-Kei_Nishikori-Tommy_Paul,Kei Nishikori,Total,19,24,24,27,23,12,11,9,23,4,0,0
20250115-M-Australian_Open-R64-Kei_Nishikori-Tommy_Paul,Kei Nishikori,1,16,10,17,20,13,11,0,0,0,0,0,0
20250115-M-Australian_Open-R64-Kei_Nishikori-Tommy_Paul,Kei Nishikori,2,3,14,7,7,10,1,11,9,23,4,0,0
20250115-M-Australian_Open-R64-Kei_Nishikori-Tommy_Paul,Tommy Paul,Total,18,19,17,15,22,13,11,12,5,4,0,0
20250115-M-Australian_Open-R64-Kei_Nishikori-Tommy_Paul,Tommy Paul,1,17,7,14,12,10,13,0,0,0,0,0,0
20250115-M-Australian_Open-R64-Kei_Nishikori-Tommy_Paul,Tommy Paul,2,1,12,3,3,12,0,11,12,5,4,0,0
20250115-M-Australian_Open-R64-Casper_Ruud-Jakub_Mensik,Casper Ruud,Total,29,3,32,27,3,27,25,6,15,3,0,0
20250115-M-Australian_Open-R64-Casper_Ruud-Jakub_Mensik,Casper Ruud,1,21,1,15,19,1,21,0,0,0,0,0,0
20250115-M-Australian_Open-R64-Casper_Ruud-Jakub_Mensik,Casper Ruud,2,8,2,17,8,2,6,25,6,15,3,0,0
20250115-M-Australian_Open-R64-Casper_Ruud-Jakub_Mensik,Jakub Mensik,Total,34,6,17,32,1,18,14,13,14,3,0,0
20250115-M-Australian_Open-R64-Casper_Ruud-Jakub_Mensik,Jakub Mensik,1,24,1,12,14,0,14,0,0,0,0,0,0
20250115-M-Australian_Open-R64-Casper_Ruud-Jakub_Mensik,Jakub Mensik,2,10,5,5,18,1,4,14,13,14,3,0,0
20250115-M-Australian_Open-R64-Carlos_Alcaraz-Yoshihito_Nishioka,Carlos Alcaraz,Total,14,1,17,15,1,12,13,6,8,0,0,0
20250115-M-Australian_Open-R64-Carlos_Alcaraz-Yoshihito_Nishioka,Carlos Alcaraz,1,12,1,5,7,1,10,0,0,0,0,0,0
20250115-M-Australian_Open-R64-Carlos_Alcaraz-Yoshihito_Nishioka,Carlos Alcaraz,2,2,0,12,8,0,2,13,6,8,0,0,0
20250115-M-Australian_Open-R64-Carlos_Alcaraz-Yoshihito_Nishioka,Yoshihito Nishioka,Total,7,6,19,13,5,11,12,7,12,0,0,0
20250115-M-Australian_Open-R64-Carlos_Alcaraz-Yoshihito_Nishioka,Yoshihito Nishioka,1,1,1,12,10,2,7,0,0,0,0,0,0
20250115-M-Australian_Open-R64-Carlos_Alcaraz-Yoshihito_Nishioka,Yoshihito Nishioka,2,6,5,7,3,3,4,12,7,12,0,0,0
20250115-M-Australian_Open-R64-Alexander_Zverev-Pedro_Martinez,Alexander Zverev,Total,15,0,22,17,1,17,11,3,7,0,0,0
20250115-M-Australian_Open-R64-Alexander_Zverev-Pedro_Martinez,Alexander Zverev,1,13,0,12,13,0,15,0,0,0,0,0,0
20250115-M-Australian_Open-R64-Alexander_Zverev-Pedro_Martinez,Alexander Zverev,2,2,0,10,4,1,2,11,3,7,0,0,0
20250115-M-Australian_Open-R64-Alexander_Zverev-Pedro_Martinez,Pedro Martinez,Total,14,1,24,18,3,12,7,8,11,0,0,0
20250115-M-Australian_Open-R64-Alexander_Zverev-Pedro_Martinez,Pedro Martinez,1,11,1,15,12,1,10,0,0,0,0,0,0
20250115-M-Australian_Open-R64-Alexander_Zverev-Pedro_Martinez,Pedro Martinez,2,3,0,9,6,2,2,7,8,11,0,0,0
20250114-M-Australian_Open-R128-Taylor_Fritz-Jenson_Brooksby,Taylor Fritz,Total,15,7,16,13,4,15,6,7,8,3,0,0
20250114-M-Australian_Open-R128-Taylor_Fritz-Jenson_Brooksby,Taylor Fritz,1,14,0,12,9,0,12,0,0,0,0,0,0
20250114-M-Australian_Open-R128-Taylor_Fritz-Jenson_Brooksby,Taylor Fritz,2,1,7,4,4,4,3,6,7,8,3,0,0
20250114-M-Australian_Open-R128-Taylor_Fritz-Jenson_Brooksby,Jenson Brooksby,Total,17,13,12,7,18,13,14,12,10,1,0,0
20250114-M-Australian_Open-R128-Taylor_Fritz-Jenson_Brooksby,Jenson Brooksby,1,16,4,7,4,5,11,0,0,0,0,0,0
20250114-M-Australian_Open-R128-Taylor_Fritz-Jenson_Brooksby,Jenson Brooksby,2,1,9,5,3,13,2,14,12,10,1,0,0
20250114-M-Australian_Open-R128-Stan_Wawrinka-Lorenzo_Sonego,Stan Wawrinka,Total,16,10,35,39,1,11,20,2,31,2,3,0
20250114-M-Australian_Open-R128-Stan_Wawrinka-Lorenzo_Sonego,Stan Wawrinka,1,12,2,17,16,0,10,0,0,0,0,0,0
20250114-M-Australian_Open-R128-Stan_Wawrinka-Lorenzo_Sonego,Stan Wawrinka,2,4,8,18,23,1,1,20,2,31,2,3,0
20250114-M-Australian_Open-R128-Stan_Wawrinka-Lorenzo_Sonego,Lorenzo Sonego,Total,31,24,14,27,18,18,19,8,24,1,4,0
20250114-M-Australian_Open-R128-Stan_Wawrinka-Lorenzo_Sonego,Lorenzo Sonego,1,25,6,11,19,7,14,0,0,0,0,0,0
20250114-M-Australian_Open-R128-Stan_Wawrinka-Lorenzo_Sonego,Lorenzo Sonego,2,6,18,3,8,11,4,19,8,24,1,4,0
20250114-M-Australian_Open-R128-Matteo_Arnaldi-Lorenzo_Musetti,Matteo Arnaldi,Total,29,18,47,55,9,25,33,24,38,4,0,0
20250114-M-Australian_Open-R128-Matteo_Arnaldi-Lorenzo_Musetti,Matteo Arnaldi,1,20,6,28,22,1,20,0,0,0,0,0,0
20250114-M-Australian_Open-R128-Matteo_Arnaldi-Lorenzo_Musetti,Matteo Arnaldi,2,9,12,19,33,8,5,33,24,38,4,0,0
20250114-M-Australian_Open-R128-Matteo_Arnaldi-Lorenzo_Musetti,Lorenzo Musetti,Total,27,11,37,26,14,32,18,8,33,4,0,0
20250114-M-Australian_Open-R128-Matteo_Arnaldi-Lorenzo_Musetti,Lorenzo Musetti,1,20,7,17,18,7,20,0,0,0,0,0,0
20250114-M-Australian_Open-R128-Matteo_Arnaldi-Lorenzo_Musetti,Lorenzo Musetti,2,7,4,20,8,7,12,18,8,33,4,0,0
20250114-M-Australian_Open-R128-Kasidit_Samrej-Daniil_Medvedev,Kasidit Samrej,Total,24,39,16,23,35,18,29,5,31,6,0,0
20250114-M-Australian_Open-R128-Kasidit_Samrej-Daniil_Medvedev,Kasidit Samrej,1,18,11,15,20,16,10,0,0,0,0,0,0
20250114-M-Australian_Open-R128-Kasidit_Samrej-Daniil_Medvedev,Kasidit Samrej,2,6,28,1,3,19,8,29,5,31,6,0,0
20250114-M-Australian_Open-R128-Kasidit_Samrej-Daniil_Medvedev,Daniil Medvedev,Total,18,18,20,20,7,21,12,9,29,2,1,1
20250114-M-Australian_Open-R128-Kasidit_Samrej-Daniil_Medvedev,Daniil Medvedev,1,14,3,14,11,2,14,0,0,0,0,0,0
20250114-M-Australian_Open-R128-Kasidit_Samrej-Daniil_Medvedev,Daniil Medvedev,2,4,15,6,9,5,7,12,9,29,2,1,1
20250114-M-Australian_Open-R128-Hubert_Hurkacz-Tallon_Griekspoor,Hubert Hurkacz,Total,17,3,25,20,6,12,4,5,9,3,0,0
20250114-M-Australian_Open-R128-Hubert_Hurkacz-Tallon_Griekspoor,Hubert Hurkacz,1,16,0,21,12,2,12,0,0,0,0,0,0
20250114-M-Australian_Open-R128-Hubert_Hurkacz-Tallon_Griekspoor,Hubert Hurkacz,2,1,3,4,8,4,0,4,5,9,3,0,0
20250114-M-Australian_Open-R128-Hubert_Hurkacz-Tallon_Griekspoor,Tallon Griekspoor,Total,26,12,23,36,1,22,17,10,20,7,1,0
20250114-M-Australian_Open-R128-Hubert_Hurkacz-Tallon_Griekspoor,Tallon Griekspoor,1,20,3,14,20,1,12,0,0,0,0,0,0
20250114-M-Australian_Open-R128-Hubert_Hurkacz-Tallon_Griekspoor,Tallon Griekspoor,2,6,9,9,16,0,10,17,10,20,7,1,0
20250114-M-Australian_Open-R128-Giovanni_Mpetshi_Perricard-Gael_Monfils,Giovanni Mpetshi Perricard,Total,49,17,30,19,13,53,46,10,17,3,0,0
20250114-M-Australian_Open-R128-Giovanni_Mpetshi_Perricard-Gael_Monfils,Giovanni Mpetshi Perricard,1,30,12,24,14,6,28,0,0,0,0,0,0
20250114-M-Australian_Open-R128-Giovanni_Mpetshi_Perricard-Gael_Monfils,Giovanni Mpetshi Perricard,2,19,5,6,5,7,25,46,10,17,3,0,0
20250114-M-Australian_Open-R128-Giovanni_Mpetshi_Perricard-Gael_Monfils,Gael Monfils,Total,45,11,33,35,26,24,36,11,39,1,0,0
20250114-M-Australian_Open-R128-Giovanni_Mpetshi_Perricard-Gael_Monfils,Gael Monfils,1,22,5,31,24,1,20,0,0,0,0,0,0
20250114-M-Australian_Open-R128-Giovanni_Mpetshi_Perricard-Gael_Monfils,Gael Monfils,2,23,6,2,11,25,4,36,11,39,1,0,0
20250114-M-Australian_Open-R128-Andrey_Rublev-Joao_Fonseca,Andrey Rublev,Total,18,4,34,25,2,22,12,12,13,0,0,0
20250114-M-Australian_Open-R128-Andrey_Rublev-Joao_Fonseca,Andrey Rublev,1,16,0,18,18,0,21,0,0,0,0,0,0
20250114-M-Australian_Open-R128-Andrey_Rublev-Joao_Fonseca,Andrey Rublev,2,2,4,16,7,2,1,12,12,13,0,0,0
20250114-M-Australian_Open-R128-Andrey_Rublev-Joao_Fonseca,Joao Fonseca,Total,23,1,38,43,0,15,11,9,17,0,0,0
20250114-M-Australian_Open-R128-Andrey_Rublev-Joao_Fonseca,Joao Fonseca,1,17,1,24,28,0,14,0,0,0,0,0,0
20250114-M-Australian_Open-R128-Andrey_Rublev-Joao_Fonseca,Joao Fonseca,2,6,0,14,15,0,1,11,9,17,0,0,0
20250114-M-Australian_Open-R128-Alex_De_Minaur-Botic_Van_De_Zandschulp,Alex De Minaur,Total,14,21,13,24,11,10,24,4,9,1,0,0
20250114-M-Australian_Open-R128-Alex_De_Minaur-Botic_Van_De_Zandschulp,Alex De Minaur,1,14,6,9,14,6,10,0,0,0,0,0,0
20250114-M-Australian_Open-R128-Alex_De_Minaur-Botic_Van_De_Zandschulp,Alex De Minaur,2,0,15,4,10,5,0,24,4,9,1,0,0
20250114-M-Australian_Open-R128-Alex_De_Minaur-Botic_Van_De_Zandschulp,Botic Van De Zandschulp,Total,16,13,17,10,16,18,25,9,16,2,0,1
20250114-M-Australian_Open-R128-Alex_De_Minaur-Botic_Van_De_Zandschulp,Botic Van De Zandschulp,1,10,4,11,7,3,9,0,0,0,0,0,0
20250114-M-Australian_Open-R128-Alex_De_Minaur-Botic_Van_De_Zandschulp,Botic Van De Zandschulp,2,6,9,6,3,13,9,25,9,16,2,0,1
20250114-M-Australian_Open-R128-Adrian_Mannarino-Karen_Khachanov,Adrian Mannarino,Total,12,20,23,29,17,5,35,14,17,0,0,0
20250114-M-Australian_Open-R128-Adrian_Mannarino-Karen_Khachanov,Adrian Mannarino,1,11,4,10,15,4,3,0,0,0,0,0,0
20250114-M-Australian_Open-R128-Adrian_Mannarino-Karen_Khachanov,Adrian Mannarino,2,1,16,13,14,13,2,35,14,17,0,0,0
20250114-M-Australian_Open-R128-Adrian_Mannarino-Karen_Khachanov,Karen Khachanov,Total,14,14,14,19,10,10,17,3,12,0,0,0
20250114-M-Australian_Open-R128-Adrian_Mannarino-Karen_Khachanov,Karen Khachanov,1,14,2,11,15,2,9,0,0,0,0,0,0
20250114-M-Australian_Open-R128-Adrian_Mannarino-Karen_Khachanov,Karen Khachanov,2,0,12,3,4,8,1,17,3,12,0,0,0
20250113-M-Australian_Open-R128-Novak_Djokovic-Nishesh_Basavareddy,Novak Djokovic,Total,27,9,21,21,5,23,12,13,12,1,0,0
20250113-M-Australian_Open-R128-Novak_Djokovic-Nishesh_Basavareddy,Novak Djokovic,1,18,4,15,16,2,17,0,0,0,0,0,0
20250113-M-Australian_Open-R128-Novak_Djokovic-Nishesh_Basavareddy,Novak Djokovic,2,9,5,6,5,3,6,12,13,12,1,0,0
20250113-M-Australian_Open-R128-Novak_Djokovic-Nishesh_Basavareddy,Nishesh Basavareddy,Total,26,18,22,26,12,25,27,18,17,4,0,0
20250113-M-Australian_Open-R128-Novak_Djokovic-Nishesh_Basavareddy,Nishesh Basavareddy,1,20,5,12,16,1,17,0,0,0,0,0,0
20250113-M-Australian_Open-R128-Novak_Djokovic-Nishesh_Basavareddy,Nishesh Basavareddy,2,6,13,10,10,11,8,27,18,17,4,0,0
20250113-M-Australian_Open-R128-Jannik_Sinner-Nicolas_Jarry,Jannik Sinner,Total,13,19,21,19,15,14,16,12,11,5,0,0
20250113-M-Australian_Open-R128-Jannik_Sinner-Nicolas_Jarry,Jannik Sinner,1,13,2,17,14,0,12,0,0,0,0,0,0
20250113-M-Australian_Open-R128-Jannik_Sinner-Nicolas_Jarry,Jannik Sinner,2,0,17,4,5,15,2,16,12,11,5,0,0
20250113-M-Australian_Open-R128-Jannik_Sinner-Nicolas_Jarry,Nicolas Jarry,Total,28,7,17,26,7,13,16,11,2,2,0,0
20250113-M-Australian_Open-R128-Jannik_Sinner-Nicolas_Jarry,Nicolas Jarry,1,23,2,15,15,5,11,0,0,0,0,0,0
20250113-M-Australian_Open-R128-Jannik_Sinner-Nicolas_Jarry,Nicolas Jarry,2,5,5,2,11,2,2,16,11,2,2,0,0
20250113-M-Australian_Open-R128-Christopher_Oconnell-Tommy_Paul,Christopher Oconnell,Total,26,26,39,33,22,32,23,15,22,5,0,0
20250113-M-Australian_Open-R128-Christopher_Oconnell-Tommy_Paul,Christopher Oconnell,1,26,1,35,22,1,29,0,0,0,0,0,0
20250113-M-Australian_Open-R128-Christopher_Oconnell-Tommy_Paul,Christopher Oconnell,2,0,25,4,11,21,3,23,15,22,5,0,0
20250113-M-Australian_Open-R128-Christopher_Oconnell-Tommy_Paul,Tommy Paul,Total,35,18,26,44,12,14,29,9,21,2,0,0
20250113-M-Australian_Open-R128-Christopher_Oconnell-Tommy_Paul,Tommy Paul,1,28,3,16,28,3,13,0,0,0,0,0,0
20250113-M-Australian_Open-R128-Christopher_Oconnell-Tommy_Paul,Tommy Paul,2,7,15,10,16,9,1,29,9,21,2,0,0
20250113-M-Australian_Open-R128-Brandon_Nakashima-Ben_Shelton,Brandon Nakashima,Total,37,7,15,26,9,17,14,7,18,1,0,0
20250113-M-Australian_Open-R128-Brandon_Nakashima-Ben_Shelton,Brandon Nakashima,1,21,4,15,16,4,13,0,0,0,0,0,0
20250113-M-Australian_Open-R128-Brandon_Nakashima-Ben_Shelton,Brandon Nakashima,2,16,3,0,10,5,4,14,7,18,1,0,0
20250113-M-Australian_Open-R128-Brandon_Nakashima-Ben_Shelton,Ben Shelton,Total,21,17,21,24,19,11,18,7,24,0,0,0
20250113-M-Australian_Open-R128-Brandon_Nakashima-Ben_Shelton,Ben Shelton,1,17,3,13,16,9,9,0,0,0,0,0,0
20250113-M-Australian_Open-R128-Brandon_Nakashima-Ben_Shelton,Ben Shelton,2,4,14,8,8,10,2,18,7,24,0,0,0
20250113-M-Australian_Open-R128-Alexander_Shevchenko-Carlos_Alcaraz,Alexander Shevchenko,Total,20,2,24,25,8,10,16,7,12,0,0,0
20250113-M-Australian_Open-R128-Alexander_Shevchenko-Carlos_Alcaraz,Alexander Shevchenko,1,16,0,14,14,2,8,0,0,0,0,0,0
20250113-M-Australian_Open-R128-Alexander_Shevchenko-Carlos_Alcaraz,Alexander Shevchenko,2,4,2,10,11,6,2,16,7,12,0,0,0
20250113-M-Australian_Open-R128-Alexander_Shevchenko-Carlos_Alcaraz,Carlos Alcaraz,Total,10,3,29,20,2,17,11,6,20,0,0,0
20250113-M-Australian_Open-R128-Alexander_Shevchenko-Carlos_Alcaraz,Carlos Alcaraz,1,9,1,18,6,1,13,0,0,0,0,0,0
20250113-M-Australian_Open-R128-Alexander_Shevchenko-Carlos_Alcaraz,Carlos Alcaraz,2,1,2,11,14,1,4,11,6,20,0,0,0
20250113-M-Australian_Open-R128-Alex_Michelsen-Stefanos_Tsitsipas,Alex Michelsen,Total,22,19,23,31,18,11,23,5,18,1,0,0
20250113-M-Australian_Open-R128-Alex_Michelsen-Stefanos_Tsitsipas,Alex Michelsen,1,19,10,11,21,15,9,0,0,0,0,0,0
20250113-M-Australian_Open-R128-Alex_Michelsen-Stefanos_Tsitsipas,Alex Michelsen,2,3,9,12,10,3,2,23,5,18,1,0,0
20250113-M-Australian_Open-R128-Alex_Michelsen-Stefanos_Tsitsipas,Stefanos Tsitsipas,Total,19,14,27,14,13,29,24,11,11,0,0,0
20250113-M-Australian_Open-R128-Alex_Michelsen-Stefanos_Tsitsipas,Stefanos Tsitsipas,1,16,5,20,13,0,18,0,0,0,0,0,0
20250113-M-Australian_Open-R128-Alex_Michelsen-Stefanos_Tsitsipas,Stefanos Tsitsipas,2,3,9,7,1,13,11,24,11,11,0,0,0
20250112-M-Australian_Open-R128-Otto_Virtanen-Arthur_Fils,Otto Virtanen,Total,27,24,24,28,24,19,37,13,25,2,0,0
20250112-M-Australian_Open-R128-Otto_Virtanen-Arthur_Fils,Otto Virtanen,1,20,4,18,16,4,19,0,0,0,0,0,0
20250112-M-Australian_Open-R128-Otto_Virtanen-Arthur_Fils,Otto Virtanen,2,7,20,6,12,20,0,37,13,25,2,0,0
20250112-M-Australian_Open-R128-Otto_Virtanen-Arthur_Fils,Arthur Fils,Total,25,20,17,28,6,20,16,12,14,2,0,0
20250112-M-Australian_Open-R128-Otto_Virtanen-Arthur_Fils,Arthur Fils,1,25,2,12,14,2,19,0,0,0,0,0,0
20250112-M-Australian_Open-R128-Otto_Virtanen-Arthur_Fils,Arthur Fils,2,0,18,5,14,4,1,16,12,14,2,0,0
20250112-M-Australian_Open-R128-Kei_Nishikori-Thiago_Monteiro,Kei Nishikori,Total,37,10,28,32,3,30,10,12,20,0,0,0
20250112-M-Australian_Open-R128-Kei_Nishikori-Thiago_Monteiro,Kei Nishikori,1,25,4,22,25,3,22,0,0,0,0,0,0
20250112-M-Australian_Open-R128-Kei_Nishikori-Thiago_Monteiro,Kei Nishikori,2,12,6,6,7,0,8,10,12,20,0,0,0
20250112-M-Australian_Open-R128-Kei_Nishikori-Thiago_Monteiro,Thiago Monteiro,Total,37,20,32,39,11,30,34,10,18,3,0,0
20250112-M-Australian_Open-R128-Kei_Nishikori-Thiago_Monteiro,Thiago Monteiro,1,23,4,23,35,5,19,0,0,0,0,0,0
20250112-M-Australian_Open-R128-Kei_Nishikori-Thiago_Monteiro,Thiago Monteiro,2,14,16,9,4,6,11,34,10,18,3,0,0
20250112-M-Australian_Open-R128-Casper_Ruud-Jaume_Munar,Casper Ruud,Total,30,0,35,26,1,31,15,13,14,0,0,0
20250112-M-Australian_Open-R128-Casper_Ruud-Jaume_Munar,Casper Ruud,1,23,0,21,14,0,25,0,0,0,0,0,0
20250112-M-Australian_Open-R128-Casper_Ruud-Jaume_Munar,Casper Ruud,2,7,0,14,12,1,6,15,13,14,0,0,0
20250112-M-Australian_Open-R128-Casper_Ruud-Jaume_Munar,Jaume Munar,Total,32,10,30,27,16,23,26,2,22,1,0,0
20250112-M-Australian_Open-R128-Casper_Ruud-Jaume_Munar,Jaume Munar,1,24,4,21,14,9,18,0,0,0,0,0,0
20250112-M-Australian_Open-R128-Casper_Ruud-Jaume_Munar,Jaume Munar,2,8,6,9,13,7,5,26,2,22,1,0,0
20250107-M-Australian_Open-Q1-Dominik_Koepfer-Ignacio_Buse,Dominik Koepfer,Total,31,2,15,26,2,19,22,2,24,3,0,0
20250107-M-Australian_Open-Q1-Dominik_Koepfer-Ignacio_Buse,Dominik Koepfer,1,13,1,13,14,0,12,0,0,0,0,0,0
20250107-M-Australian_Open-Q1-Dominik_Koepfer-Ignacio_Buse,Dominik Koepfer,2,18,1,2,12,2,7,22,2,24,3,0,0
20250107-M-Australian_Open-Q1-Dominik_Koepfer-Ignacio_Buse,Ignacio Buse,Total,26,4,23,16,3,32,8,4,13,4,0,0
20250107-M-Australian_Open-Q1-Dominik_Koepfer-Ignacio_Buse,Ignacio Buse,1,21,0,19,9,2,25,0,0,0,0,0,0
20250107-M-Australian_Open-Q1-Dominik_Koepfer-Ignacio_Buse,Ignacio Buse,2,5,4,4,7,1,7,8,4,13,4,0,0
20250106-M-Australian_Open-Q1-Elmer_Moller-Lukas_Neumayer,Elmer Moller,Total,19,4,32,24,6,23,20,6,18,6,0,0
20250106-M-Australian_Open-Q1-Elmer_Moller-Lukas_Neumayer,Elmer Moller,1,13,1,19,14,0,18,0,0,0,0,0,0
20250106-M-Australian_Open-Q1-Elmer_Moller-Lukas_Neumayer,Elmer Moller,2,6,3,13,10,6,5,20,6,18,6,0,0
20250106-M-Australian_Open-Q1-Elmer_Moller-Lukas_Neumayer,Lukas Neumayer,Total,33,5,25,33,5,21,27,12,13,1,0,0
20250106-M-Australian_Open-Q1-Elmer_Moller-Lukas_Neumayer,Lukas Neumayer,1,28,0,12,18,1,15,0,0,0,0,0,0
20250106-M-Australian_Open-Q1-Elmer_Moller-Lukas_Neumayer,Lukas Neumayer,2,5,5,13,15,4,6,27,12,13,1,0,0
20240908-M-US_Open-F-Taylor_Fritz-Jannik_Sinner,Taylor Fritz,Total,22,9,17,24,7,11,10,3,18,9,0,0
20240908-M-US_Open-F-Taylor_Fritz-Jannik_Sinner,Taylor Fritz,1,16,0,11,17,0,10,0,0,0,0,0,0
20240908-M-US_Open-F-Taylor_Fritz-Jannik_Sinner,Taylor Fritz,2,6,9,6,7,7,1,10,3,18,9,0,0
20240908-M-US_Open-F-Taylor_Fritz-Jannik_Sinner,Jannik Sinner,Total,13,9,23,17,11,11,17,4,17,8,0,0
20240908-M-US_Open-F-Taylor_Fritz-Jannik_Sinner,Jannik Sinner,1,9,0,13,10,1,10,0,0,0,0,0,0
20240908-M-US_Open-F-Taylor_Fritz-Jannik_Sinner,Jannik Sinner,2,4,9,10,7,10,1,17,4,17,8,0,0
20240906-M-US_Open-SF-Taylor_Fritz-Frances_Tiafoe,Taylor Fritz,Total,32,19,18,27,11,24,32,7,16,2,0,0
20240906-M-US_Open-SF-Taylor_Fritz-Frances_Tiafoe,Taylor Fritz,1,25,1,15,18,4,14,0,0,0,0,0,0
20240906-M-US_Open-SF-Taylor_Fritz-Frances_Tiafoe,Taylor Fritz,2,7,18,3,9,7,10,32,7,16,2,0,0
20240906-M-US_Open-SF-Taylor_Fritz-Frances_Tiafoe,Frances Tiafoe,Total,30,5,33,26,18,19,27,10,24,8,0,0
20240906-M-US_Open-SF-Taylor_Fritz-Frances_Tiafoe,Frances Tiafoe,1,20,2,13,9,10,17,0,0,0,0,0,0
20240906-M-US_Open-SF-Taylor_Fritz-Frances_Tiafoe,Frances Tiafoe,2,10,3,20,17,8,2,27,10,24,8,0,0
20240906-M-US_Open-SF-Jack_Draper-Jannik_Sinner,Jack Draper,Total,24,9,33,44,4,17,33,12,29,3,0,0
20240906-M-US_Open-SF-Jack_Draper-Jannik_Sinner,Jack Draper,1,16,1,19,16,1,11,0,0,0,0,0,0
20240906-M-US_Open-SF-Jack_Draper-Jannik_Sinner,Jack Draper,2,8,8,14,28,3,6,33,12,29,3,0,0
20240906-M-US_Open-SF-Jack_Draper-Jannik_Sinner,Jannik Sinner,Total,38,1,11,22,5,19,15,4,17,0,0,0
20240906-M-US_Open-SF-Jack_Draper-Jannik_Sinner,Jannik Sinner,1,20,1,9,18,1,13,0,0,0,0,0,0
20240906-M-US_Open-SF-Jack_Draper-Jannik_Sinner,Jannik Sinner,2,18,0,2,4,4,6,15,4,17,0,0,0
20240904-M-US_Open-QF-Daniil_Medvedev-Jannik_Sinner,Daniil Medvedev,Total,24,21,11,20,10,23,24,11,13,5,1,0
20240904-M-US_Open-QF-Daniil_Medvedev-Jannik_Sinner,Daniil Medvedev,1,14,5,7,13,1,21,0,0,0,0,0,0
20240904-M-US_Open-QF-Daniil_Medvedev-Jannik_Sinner,Daniil Medvedev,2,10,16,4,7,9,2,24,11,13,5,1,0
20240904-M-US_Open-QF-Daniil_Medvedev-Jannik_Sinner,Jannik Sinner,Total,17,19,15,12,20,14,23,5,17,2,0,0
20240904-M-US_Open-QF-Daniil_Medvedev-Jannik_Sinner,Jannik Sinner,1,13,7,12,9,0,10,0,0,0,0,0,0
20240904-M-US_Open-QF-Daniil_Medvedev-Jannik_Sinner,Jannik Sinner,2,4,12,3,3,20,4,23,5,17,2,0,0
20240903-M-US_Open-QF-Grigor_Dimitrov-Frances_Tiafoe,Grigor Dimitrov,Total,26,22,19,22,29,12,34,3,33,0,0,0
20240903-M-US_Open-QF-Grigor_Dimitrov-Frances_Tiafoe,Grigor Dimitrov,1,26,6,10,13,4,12,0,0,0,0,0,0
20240903-M-US_Open-QF-Grigor_Dimitrov-Frances_Tiafoe,Grigor Dimitrov,2,0,16,9,9,25,0,34,3,33,0,0,0
20240903-M-US_Open-QF-Grigor_Dimitrov-Frances_Tiafoe,Frances Tiafoe,Total,23,11,23,21,15,14,20,10,27,2,0,0
20240903-M-US_Open-QF-Grigor_Dimitrov-Frances_Tiafoe,Frances Tiafoe,1,15,3,11,6,5,13,0,0,0,0,0,0
20240903-M-US_Open-QF-Grigor_Dimitrov-Frances_Tiafoe,Frances Tiafoe,2,8,8,12,15,10,1,20,10,27,2,0,0
20240902-M-US_Open-R16-Nuno_Borges-Daniil_Medvedev,Nuno Borges,Total,14,4,27,26,7,11,27,15,21,0,0,0
20240902-M-US_Open-R16-Nuno_Borges-Daniil_Medvedev,Nuno Borges,1,10,0,12,6,0,8,0,0,0,0,0,0
20240902-M-US_Open-R16-Nuno_Borges-Daniil_Medvedev,Nuno Borges,2,4,4,15,20,7,3,27,15,21,0,0,0
20240902-M-US_Open-R16-Nuno_Borges-Daniil_Medvedev,Daniil Medvedev,Total,21,3,14,15,1,19,12,3,16,0,1,0
20240902-M-US_Open-R16-Nuno_Borges-Daniil_Medvedev,Daniil Medvedev,1,10,0,12,8,0,16,0,0,0,0,0,0
20240902-M-US_Open-R16-Nuno_Borges-Daniil_Medvedev,Daniil Medvedev,2,11,3,2,7,1,3,12,3,16,0,1,0
20240902-M-US_Open-R16-Jannik_Sinner-Tommy_Paul,Jannik Sinner,Total,20,20,11,16,23,8,20,4,20,6,0,0
20240902-M-US_Open-R16-Jannik_Sinner-Tommy_Paul,Jannik Sinner,1,15,3,7,13,3,8,0,0,0,0,0,0
20240902-M-US_Open-R16-Jannik_Sinner-Tommy_Paul,Jannik Sinner,2,5,17,4,3,20,0,20,4,20,6,0,0
20240902-M-US_Open-R16-Jannik_Sinner-Tommy_Paul,Tommy Paul,Total,24,27,6,22,23,9,16,6,19,4,0,1
20240902-M-US_Open-R16-Jannik_Sinner-Tommy_Paul,Tommy Paul,1,16,9,6,19,10,8,0,0,0,0,0,0
20240902-M-US_Open-R16-Jannik_Sinner-Tommy_Paul,Tommy Paul,2,8,18,0,3,13,1,16,6,19,4,0,1
20240901-M-US_Open-R32-Daniil_Medvedev-Flavio_Cobolli,Daniil Medvedev,Total,23,1,21,22,3,15,18,6,21,0,0,0
20240901-M-US_Open-R32-Daniil_Medvedev-Flavio_Cobolli,Daniil Medvedev,1,10,0,18,9,0,10,0,0,0,0,0,0
20240901-M-US_Open-R32-Daniil_Medvedev-Flavio_Cobolli,Daniil Medvedev,2,13,1,3,13,3,5,18,6,21,0,0,0
20240901-M-US_Open-R32-Daniil_Medvedev-Flavio_Cobolli,Flavio Cobolli,Total,28,3,18,31,7,9,41,6,16,0,0,0
20240901-M-US_Open-R32-Daniil_Medvedev-Flavio_Cobolli,Flavio Cobolli,1,12,0,5,11,0,9,0,0,0,0,0,0
20240901-M-US_Open-R32-Daniil_Medvedev-Flavio_Cobolli,Flavio Cobolli,2,16,3,13,20,7,0,41,6,16,0,0,0
20240901-M-US_Open-R16-Grigor_Dimitrov-Andrey_Rublev,Grigor Dimitrov,Total,38,16,34,32,22,31,46,11,28,1,0,0
20240901-M-US_Open-R16-Grigor_Dimitrov-Andrey_Rublev,Grigor Dimitrov,1,28,1,21,16,7,26,0,0,0,0,0,0
20240901-M-US_Open-R16-Grigor_Dimitrov-Andrey_Rublev,Grigor Dimitrov,2,10,15,13,16,15,5,46,11,28,1,0,0
20240901-M-US_Open-R16-Grigor_Dimitrov-Andrey_Rublev,Andrey Rublev,Total,16,18,36,37,8,16,37,7,20,2,0,0
20240901-M-US_Open-R16-Grigor_Dimitrov-Andrey_Rublev,Andrey Rublev,1,15,5,23,16,1,15,0,0,0,0,0,0
20240901-M-US_Open-R16-Grigor_Dimitrov-Andrey_Rublev,Andrey Rublev,2,1,13,13,21,7,1,37,7,20,2,0,0
20240901-M-US_Open-R16-Casper_Ruud-Taylor_Fritz,Casper Ruud,Total,20,5,34,30,1,23,21,1,25,4,0,0
20240901-M-US_Open-R16-Casper_Ruud-Taylor_Fritz,Casper Ruud,1,16,1,22,12,1,18,0,0,0,0,0,0
20240901-M-US_Open-R16-Casper_Ruud-Taylor_Fritz,Casper Ruud,2,4,4,12,18,0,5,21,1,25,4,0,0
20240901-M-US_Open-R16-Casper_Ruud-Taylor_Fritz,Taylor Fritz,Total,28,9,18,27,2,20,22,2,22,2,0,0
20240901-M-US_Open-R16-Casper_Ruud-Taylor_Fritz,Taylor Fritz,1,23,0,13,10,0,17,0,0,0,0,0,0
20240901-M-US_Open-R16-Casper_Ruud-Taylor_Fritz,Taylor Fritz,2,5,9,5,17,2,3,22,2,22,2,0,0
20240831-M-US_Open-R32-Jannik_Sinner-Christopher_Oconnell,Jannik Sinner,Total,12,19,8,18,3,9,10,5,10,1,0,0
20240831-M-US_Open-R32-Jannik_Sinner-Christopher_Oconnell,Jannik Sinner,1,11,6,6,13,1,8,0,0,0,0,0,0
20240831-M-US_Open-R32-Jannik_Sinner-Christopher_Oconnell,Jannik Sinner,2,1,13,2,5,2,1,10,5,10,1,0,0
20240831-M-US_Open-R32-Jannik_Sinner-Christopher_Oconnell,Christopher Oconnell,Total,12,19,10,25,7,7,19,5,10,5,0,0
20240831-M-US_Open-R32-Jannik_Sinner-Christopher_Oconnell,Christopher Oconnell,1,10,8,9,11,1,6,0,0,0,0,0,0
20240831-M-US_Open-R32-Jannik_Sinner-Christopher_Oconnell,Christopher Oconnell,2,2,11,1,14,6,1,19,5,10,5,0,0
20240831-M-US_Open-R32-Jack_Draper-Botic_Van_De_Zandschulp,Jack Draper,Total,14,10,30,29,13,10,16,8,22,4,0,0
20240831-M-US_Open-R32-Jack_Draper-Botic_Van_De_Zandschulp,Jack Draper,1,10,1,19,17,5,9,0,0,0,0,0,0
20240831-M-US_Open-R32-Jack_Draper-Botic_Van_De_Zandschulp,Jack Draper,2,4,9,11,12,8,1,16,8,22,4,0,0
20240831-M-US_Open-R32-Jack_Draper-Botic_Van_De_Zandschulp,Botic Van De Zandschulp,Total,19,9,9,7,8,18,15,6,15,0,1,0
20240831-M-US_Open-R32-Jack_Draper-Botic_Van_De_Zandschulp,Botic Van De Zandschulp,1,7,5,6,7,3,13,0,0,0,0,0,0
20240831-M-US_Open-R32-Jack_Draper-Botic_Van_De_Zandschulp,Botic Van De Zandschulp,2,12,4,3,0,5,5,15,6,15,0,1,0
20240831-M-US_Open-R32-David_Goffin-Tomas_Machac,David Goffin,Total,18,0,20,24,3,7,16,4,19,0,0,0
20240831-M-US_Open-R32-David_Goffin-Tomas_Machac,David Goffin,1,12,0,8,12,0,7,0,0,0,0,0,0
20240831-M-US_Open-R32-David_Goffin-Tomas_Machac,David Goffin,2,6,0,12,12,3,0,16,4,19,0,0,0
20240831-M-US_Open-R32-David_Goffin-Tomas_Machac,Tomas Machac,Total,8,1,25,9,3,18,17,6,14,0,0,0
20240831-M-US_Open-R32-David_Goffin-Tomas_Machac,Tomas Machac,1,3,0,11,4,0,14,0,0,0,0,0,0
20240831-M-US_Open-R32-David_Goffin-Tomas_Machac,Tomas Machac,2,5,1,14,5,3,4,17,6,14,0,0,0
20240830-M-US_Open-R32-Novak_Djokovic-Alexei_Popyrin,Novak Djokovic,Total,30,24,13,21,13,29,28,6,31,3,0,0
20240830-M-US_Open-R32-Novak_Djokovic-Alexei_Popyrin,Novak Djokovic,1,26,8,11,16,1,14,0,0,0,0,0,0
20240830-M-US_Open-R32-Novak_Djokovic-Alexei_Popyrin,Novak Djokovic,2,4,16,2,5,12,15,28,6,31,3,0,0
20240830-M-US_Open-R32-Novak_Djokovic-Alexei_Popyrin,Alexei Popyrin,Total,30,26,9,22,22,18,27,10,17,5,0,0
20240830-M-US_Open-R32-Novak_Djokovic-Alexei_Popyrin,Alexei Popyrin,1,21,13,8,15,3,14,0,0,0,0,0,0
20240830-M-US_Open-R32-Novak_Djokovic-Alexei_Popyrin,Alexei Popyrin,2,9,13,1,7,19,4,27,10,17,5,0,0
20240830-M-US_Open-R32-Lorenzo_Musetti-Brandon_Nakashima,Lorenzo Musetti,Total,16,27,23,9,20,26,18,15,18,7,0,0
20240830-M-US_Open-R32-Lorenzo_Musetti-Brandon_Nakashima,Lorenzo Musetti,1,16,8,16,7,6,15,0,0,0,0,0,0
20240830-M-US_Open-R32-Lorenzo_Musetti-Brandon_Nakashima,Lorenzo Musetti,2,0,19,7,2,14,11,18,15,18,7,0,0
20240830-M-US_Open-R32-Lorenzo_Musetti-Brandon_Nakashima,Brandon Nakashima,Total,23,15,25,14,22,25,18,16,6,1,0,0
20240830-M-US_Open-R32-Lorenzo_Musetti-Brandon_Nakashima,Brandon Nakashima,1,20,4,18,12,8,22,0,0,0,0,0,0
20240830-M-US_Open-R32-Lorenzo_Musetti-Brandon_Nakashima,Brandon Nakashima,2,3,11,7,2,14,3,18,16,6,1,0,0
20240830-M-US_Open-R32-Grigor_Dimitrov-Tallon_Griekspoor,Grigor Dimitrov,Total,13,2,22,15,3,15,17,3,15,0,0,0
20240830-M-US_Open-R32-Grigor_Dimitrov-Tallon_Griekspoor,Grigor Dimitrov,1,12,0,6,8,0,12,0,0,0,0,0,0
20240830-M-US_Open-R32-Grigor_Dimitrov-Tallon_Griekspoor,Grigor Dimitrov,2,1,2,16,7,3,3,17,3,15,0,0,0
20240830-M-US_Open-R32-Grigor_Dimitrov-Tallon_Griekspoor,Tallon Griekspoor,Total,12,3,21,24,2,8,25,5,10,0,0,0
20240830-M-US_Open-R32-Grigor_Dimitrov-Tallon_Griekspoor,Tallon Griekspoor,1,8,1,10,10,1,6,0,0,0,0,0,0
20240830-M-US_Open-R32-Grigor_Dimitrov-Tallon_Griekspoor,Tallon Griekspoor,2,4,2,11,14,1,2,25,5,10,0,0,0
20240830-M-US_Open-R32-Ben_Shelton-Frances_Tiafoe,Ben Shelton,Total,27,32,29,28,35,19,28,11,19,4,0,0
20240830-M-US_Open-R32-Ben_Shelton-Frances_Tiafoe,Ben Shelton,1,21,14,22,25,16,14,0,0,0,0,0,0
20240830-M-US_Open-R32-Ben_Shelton-Frances_Tiafoe,Ben Shelton,2,6,18,7,3,19,5,28,11,19,4,0,0
20240830-M-US_Open-R32-Ben_Shelton-Frances_Tiafoe,Frances Tiafoe,Total,53,9,21,13,8,53,34,10,25,3,0,0
20240830-M-US_Open-R32-Ben_Shelton-Frances_Tiafoe,Frances Tiafoe,1,25,2,17,9,5,33,0,0,0,0,0,0
20240830-M-US_Open-R32-Ben_Shelton-Frances_Tiafoe,Frances Tiafoe,2,28,7,4,4,3,20,34,10,25,3,0,0
20240830-M-US_Open-R32-Andrey_Rublev-Jiri_Lehecka,Andrey Rublev,Total,16,6,24,23,5,14,23,7,10,0,0,0
20240830-M-US_Open-R32-Andrey_Rublev-Jiri_Lehecka,Andrey Rublev,1,14,1,13,14,0,12,0,0,0,0,0,0
20240830-M-US_Open-R32-Andrey_Rublev-Jiri_Lehecka,Andrey Rublev,2,2,5,11,9,5,2,23,7,10,0,0,0
20240830-M-US_Open-R32-Andrey_Rublev-Jiri_Lehecka,Jiri Lehecka,Total,24,7,24,30,6,17,21,11,21,0,0,0
20240830-M-US_Open-R32-Andrey_Rublev-Jiri_Lehecka,Jiri Lehecka,1,13,2,14,15,2,16,0,0,0,0,0,0
20240830-M-US_Open-R32-Andrey_Rublev-Jiri_Lehecka,Jiri Lehecka,2,11,5,10,15,4,1,21,11,21,0,0,0
20240829-M-US_Open-R64-Taylor_Fritz-Matteo_Berrettini,Taylor Fritz,Total,15,1,21,18,2,14,14,8,10,0,0,0
20240829-M-US_Open-R64-Taylor_Fritz-Matteo_Berrettini,Taylor Fritz,1,11,0,8,10,0,11,0,0,0,0,0,0
20240829-M-US_Open-R64-Taylor_Fritz-Matteo_Berrettini,Taylor Fritz,2,4,1,13,8,2,3,14,8,10,0,0,0
20240829-M-US_Open-R64-Taylor_Fritz-Matteo_Berrettini,Matteo Berrettini,Total,21,7,19,20,6,18,25,8,19,0,0,0
20240829-M-US_Open-R64-Taylor_Fritz-Matteo_Berrettini,Matteo Berrettini,1,15,1,10,7,0,11,0,0,0,0,0,0
20240829-M-US_Open-R64-Taylor_Fritz-Matteo_Berrettini,Matteo Berrettini,2,6,6,9,13,6,7,25,8,19,0,0,0
20240829-M-US_Open-R64-Otto_Virtanen-Alex_De_Minaur,Otto Virtanen,Total,26,24,8,24,21,13,19,4,29,7,0,0
20240829-M-US_Open-R64-Otto_Virtanen-Alex_De_Minaur,Otto Virtanen,1,19,10,7,10,6,13,0,0,0,0,0,0
20240829-M-US_Open-R64-Otto_Virtanen-Alex_De_Minaur,Otto Virtanen,2,7,14,1,14,15,0,19,4,29,7,0,0
20240829-M-US_Open-R64-Otto_Virtanen-Alex_De_Minaur,Alex De Minaur,Total,9,31,6,15,16,9,21,7,17,3,0,0
20240829-M-US_Open-R64-Otto_Virtanen-Alex_De_Minaur,Alex De Minaur,1,8,9,5,5,5,9,0,0,0,0,0,0
20240829-M-US_Open-R64-Otto_Virtanen-Alex_De_Minaur,Alex De Minaur,2,1,22,1,10,11,0,21,7,17,3,0,0
20240829-M-US_Open-R64-Hubert_Hurkacz-Jordan_Thompson,Hubert Hurkacz,Total,14,8,27,24,3,16,15,12,10,3,0,0
20240829-M-US_Open-R64-Hubert_Hurkacz-Jordan_Thompson,Hubert Hurkacz,1,10,2,13,14,1,14,0,0,0,0,0,0
20240829-M-US_Open-R64-Hubert_Hurkacz-Jordan_Thompson,Hubert Hurkacz,2,4,6,14,10,2,2,15,12,10,3,0,0
20240829-M-US_Open-R64-Hubert_Hurkacz-Jordan_Thompson,Jordan Thompson,Total,22,9,22,13,13,24,24,12,16,2,0,0
20240829-M-US_Open-R64-Hubert_Hurkacz-Jordan_Thompson,Jordan Thompson,1,17,2,12,6,0,14,0,0,0,0,0,0
20240829-M-US_Open-R64-Hubert_Hurkacz-Jordan_Thompson,Jordan Thompson,2,5,7,10,7,13,10,24,12,16,2,0,0
20240829-M-US_Open-R64-Gabriel_Diallo-Arthur_Fils,Gabriel Diallo,Total,27,13,28,29,12,20,25,12,22,0,0,0
20240829-M-US_Open-R64-Gabriel_Diallo-Arthur_Fils,Gabriel Diallo,1,22,4,15,12,3,19,0,0,0,0,0,0
20240829-M-US_Open-R64-Gabriel_Diallo-Arthur_Fils,Gabriel Diallo,2,5,9,13,17,9,1,25,12,22,0,0,0
20240829-M-US_Open-R64-Gabriel_Diallo-Arthur_Fils,Arthur Fils,Total,21,12,37,37,9,19,17,11,32,2,0,0
20240829-M-US_Open-R64-Gabriel_Diallo-Arthur_Fils,Arthur Fils,1,20,2,18,15,3,18,0,0,0,0,0,0
20240829-M-US_Open-R64-Gabriel_Diallo-Arthur_Fils,Arthur Fils,2,1,10,19,22,6,1,17,11,32,2,0,0
20240829-M-US_Open-R64-Fabian_Marozsan-Daniil_Medvedev,Fabian Marozsan,Total,22,0,27,22,3,20,12,9,14,0,0,0
20240829-M-US_Open-R64-Fabian_Marozsan-Daniil_Medvedev,Fabian Marozsan,1,19,0,13,11,0,18,0,0,0,0,0,0
20240829-M-US_Open-R64-Fabian_Marozsan-Daniil_Medvedev,Fabian Marozsan,2,3,0,14,11,3,2,12,9,14,0,0,0
20240829-M-US_Open-R64-Fabian_Marozsan-Daniil_Medvedev,Daniil Medvedev,Total,29,3,14,18,3,23,27,4,28,0,0,0
20240829-M-US_Open-R64-Fabian_Marozsan-Daniil_Medvedev,Daniil Medvedev,1,12,0,11,7,0,11,0,0,0,0,0,0
20240829-M-US_Open-R64-Fabian_Marozsan-Daniil_Medvedev,Daniil Medvedev,2,17,3,3,11,3,12,27,4,28,0,0,0
20240829-M-US_Open-R64-Botic_Van_De_Zandschulp-Carlos_Alcaraz,Botic Van De Zandschulp,Total,19,19,10,7,19,21,18,4,16,1,0,0
20240829-M-US_Open-R64-Botic_Van_De_Zandschulp-Carlos_Alcaraz,Botic Van De Zandschulp,1,14,7,9,7,14,12,0,0,0,0,0,0
20240829-M-US_Open-R64-Botic_Van_De_Zandschulp-Carlos_Alcaraz,Botic Van De Zandschulp,2,5,12,1,0,5,9,18,4,16,1,0,0
20240829-M-US_Open-R64-Botic_Van_De_Zandschulp-Carlos_Alcaraz,Carlos Alcaraz,Total,15,12,12,15,11,5,11,2,12,3,0,0
20240829-M-US_Open-R64-Botic_Van_De_Zandschulp-Carlos_Alcaraz,Carlos Alcaraz,1,12,2,5,11,9,4,0,0,0,0,0,0
20240829-M-US_Open-R64-Botic_Van_De_Zandschulp-Carlos_Alcaraz,Carlos Alcaraz,2,3,10,7,4,2,1,11,2,12,3,0,0
20240829-M-US_Open-R64-Alex_Michelsen-Jannik_Sinner,Alex Michelsen,Total,12,22,4,21,10,4,20,1,14,0,0,0
20240829-M-US_Open-R64-Alex_Michelsen-Jannik_Sinner,Alex Michelsen,1,12,10,2,14,2,3,0,0,0,0,0,0
20240829-M-US_Open-R64-Alex_Michelsen-Jannik_Sinner,Alex Michelsen,2,0,12,2,7,8,1,20,1,14,0,0,0
20240829-M-US_Open-R64-Alex_Michelsen-Jannik_Sinner,Jannik Sinner,Total,9,17,8,14,10,7,9,1,17,3,0,0
20240829-M-US_Open-R64-Alex_Michelsen-Jannik_Sinner,Jannik Sinner,1,6,6,7,9,2,7,0,0,0,0,0,0
20240829-M-US_Open-R64-Alex_Michelsen-Jannik_Sinner,Jannik Sinner,2,3,11,1,5,8,0,9,1,17,3,0,0
20240829-M-US_Open-R64-Adrian_Mannarino-David_Goffin,Adrian Mannarino,Total,18,16,43,44,10,14,36,14,27,2,0,0
20240829-M-US_Open-R64-Adrian_Mannarino-David_Goffin,Adrian Mannarino,1,15,4,22,20,2,10,0,0,0,0,0,0
20240829-M-US_Open-R64-Adrian_Mannarino-David_Goffin,Adrian Mannarino,2,3,12,21,24,8,4,36,14,27,2,0,0
20240829-M-US_Open-R64-Adrian_Mannarino-David_Goffin,David Goffin,Total,54,10,14,28,8,32,35,8,23,4,0,0
20240829-M-US_Open-R64-Adrian_Mannarino-David_Goffin,David Goffin,1,36,4,8,17,1,20,0,0,0,0,0,0
20240829-M-US_Open-R64-Adrian_Mannarino-David_Goffin,David Goffin,2,18,6,6,11,7,12,35,8,23,4,0,0
20240828-M-US_Open-R64-Novak_Djokovic-Laslo_Djere,Novak Djokovic,Total,23,12,11,13,13,17,25,9,20,1,0,0
20240828-M-US_Open-R64-Novak_Djokovic-Laslo_Djere,Novak Djokovic,1,7,5,9,8,3,10,0,0,0,0,0,0
20240828-M-US_Open-R64-Novak_Djokovic-Laslo_Djere,Novak Djokovic,2,16,7,2,5,10,7,25,9,20,1,0,0
20240828-M-US_Open-R64-Novak_Djokovic-Laslo_Djere,Laslo Djere,Total,17,12,9,15,6,14,11,11,7,1,0,0
20240828-M-US_Open-R64-Novak_Djokovic-Laslo_Djere,Laslo Djere,1,12,4,5,10,1,12,0,0,0,0,0,0
20240828-M-US_Open-R64-Novak_Djokovic-Laslo_Djere,Laslo Djere,2,5,8,4,5,5,2,11,11,7,1,0,0
20240828-M-US_Open-R64-Lorenzo_Musetti-Miomir_Kecmanovic,Lorenzo Musetti,Total,33,29,17,17,17,40,25,6,27,4,0,0
20240828-M-US_Open-R64-Lorenzo_Musetti-Miomir_Kecmanovic,Lorenzo Musetti,1,24,17,11,12,8,28,0,0,0,0,0,0
20240828-M-US_Open-R64-Lorenzo_Musetti-Miomir_Kecmanovic,Lorenzo Musetti,2,9,12,6,5,9,12,25,6,27,4,0,0
20240828-M-US_Open-R64-Lorenzo_Musetti-Miomir_Kecmanovic,Miomir Kecmanovic,Total,13,28,41,28,22,25,27,12,41,2,0,0
20240828-M-US_Open-R64-Lorenzo_Musetti-Miomir_Kecmanovic,Miomir Kecmanovic,1,10,10,17,17,7,22,0,0,0,0,0,0
20240828-M-US_Open-R64-Lorenzo_Musetti-Miomir_Kecmanovic,Miomir Kecmanovic,2,3,18,24,11,15,3,27,12,41,2,0,0
20240827-M-US_Open-R128-Tristan_Schoolkate-Taro_Daniel,Tristan Schoolkate,Total,35,14,34,28,9,34,21,13,28,5,0,0
20240827-M-US_Open-R128-Tristan_Schoolkate-Taro_Daniel,Tristan Schoolkate,1,27,2,20,15,0,30,0,0,0,0,0,0
20240827-M-US_Open-R128-Tristan_Schoolkate-Taro_Daniel,Tristan Schoolkate,2,8,12,14,13,9,4,21,13,28,5,0,0
20240827-M-US_Open-R128-Tristan_Schoolkate-Taro_Daniel,Taro Daniel,Total,33,16,35,32,11,34,28,12,35,2,0,0
20240827-M-US_Open-R128-Tristan_Schoolkate-Taro_Daniel,Taro Daniel,1,28,2,15,10,5,31,0,0,0,0,0,0
20240827-M-US_Open-R128-Tristan_Schoolkate-Taro_Daniel,Taro Daniel,2,5,14,20,22,6,3,28,12,35,2,0,0
20240827-M-US_Open-R128-Stefanos_Tsitsipas-Thanasi_Kokkinakis,Stefanos Tsitsipas,Total,19,14,34,32,16,13,31,19,16,2,0,0
20240827-M-US_Open-R128-Stefanos_Tsitsipas-Thanasi_Kokkinakis,Stefanos Tsitsipas,1,13,2,24,17,1,9,0,0,0,0,0,0
20240827-M-US_Open-R128-Stefanos_Tsitsipas-Thanasi_Kokkinakis,Stefanos Tsitsipas,2,6,12,10,15,15,4,31,19,16,2,0,0
20240827-M-US_Open-R128-Stefanos_Tsitsipas-Thanasi_Kokkinakis,Thanasi Kokkinakis,Total,18,16,36,35,11,17,33,13,27,2,0,0
20240827-M-US_Open-R128-Stefanos_Tsitsipas-Thanasi_Kokkinakis,Thanasi Kokkinakis,1,15,1,15,18,0,16,0,0,0,0,0,0
20240827-M-US_Open-R128-Stefanos_Tsitsipas-Thanasi_Kokkinakis,Thanasi Kokkinakis,2,3,15,21,17,11,1,33,13,27,2,0,0
20240827-M-US_Open-R128-Stan_Wawrinka-Mattia_Bellucci,Stan Wawrinka,Total,30,7,16,26,3,19,22,7,29,3,0,1
20240827-M-US_Open-R128-Stan_Wawrinka-Mattia_Bellucci,Stan Wawrinka,1,14,1,11,7,0,13,0,0,0,0,0,0
20240827-M-US_Open-R128-Stan_Wawrinka-Mattia_Bellucci,Stan Wawrinka,2,16,6,5,19,3,6,22,7,29,3,0,1
20240827-M-US_Open-R128-Stan_Wawrinka-Mattia_Bellucci,Mattia Bellucci,Total,18,4,27,27,3,11,16,6,10,0,0,0
20240827-M-US_Open-R128-Stan_Wawrinka-Mattia_Bellucci,Mattia Bellucci,1,11,2,19,14,3,10,0,0,0,0,0,0
20240827-M-US_Open-R128-Stan_Wawrinka-Mattia_Bellucci,Mattia Bellucci,2,7,2,8,13,0,1,16,6,10,0,0,0
20240827-M-US_Open-R128-Radu_Albot-Novak_Djokovic,Radu Albot,Total,14,28,6,24,8,13,12,4,13,0,0,0
20240827-M-US_Open-R128-Radu_Albot-Novak_Djokovic,Radu Albot,1,14,16,4,16,7,10,0,0,0,0,0,0
20240827-M-US_Open-R128-Radu_Albot-Novak_Djokovic,Radu Albot,2,0,12,2,8,1,3,12,4,13,0,0,0
20240827-M-US_Open-R128-Radu_Albot-Novak_Djokovic,Novak Djokovic,Total,25,11,8,11,7,21,27,8,15,4,0,0
20240827-M-US_Open-R128-Radu_Albot-Novak_Djokovic,Novak Djokovic,1,12,4,7,7,1,8,0,0,0,0,0,0
20240827-M-US_Open-R128-Radu_Albot-Novak_Djokovic,Novak Djokovic,2,13,7,1,4,6,13,27,8,15,4,0,0
20240827-M-US_Open-R128-Li_Tu-Carlos_Alcaraz,Li Tu,Total,20,2,40,39,4,16,32,9,12,2,0,0
20240827-M-US_Open-R128-Li_Tu-Carlos_Alcaraz,Li Tu,1,14,0,29,15,0,14,0,0,0,0,0,0
20240827-M-US_Open-R128-Li_Tu-Carlos_Alcaraz,Li Tu,2,6,2,11,24,4,2,32,9,12,2,0,0
20240827-M-US_Open-R128-Li_Tu-Carlos_Alcaraz,Carlos Alcaraz,Total,14,11,25,19,9,12,18,4,16,0,0,0
20240827-M-US_Open-R128-Li_Tu-Carlos_Alcaraz,Carlos Alcaraz,1,14,6,9,9,7,11,0,0,0,0,0,0
20240827-M-US_Open-R128-Li_Tu-Carlos_Alcaraz,Carlos Alcaraz,2,0,5,16,10,2,1,18,4,16,0,0,0
20240827-M-US_Open-R128-Learner_Tien-Arthur_Fils,Learner Tien,Total,19,7,30,30,9,12,20,8,21,0,0,0
20240827-M-US_Open-R128-Learner_Tien-Arthur_Fils,Learner Tien,1,18,3,15,12,5,10,0,0,0,0,0,0
20240827-M-US_Open-R128-Learner_Tien-Arthur_Fils,Learner Tien,2,1,4,15,18,4,2,20,8,21,0,0,0
20240827-M-US_Open-R128-Learner_Tien-Arthur_Fils,Arthur Fils,Total,30,13,15,32,8,12,19,11,15,2,0,0
20240827-M-US_Open-R128-Learner_Tien-Arthur_Fils,Arthur Fils,1,18,4,12,21,0,10,0,0,0,0,0,0
20240827-M-US_Open-R128-Learner_Tien-Arthur_Fils,Arthur Fils,2,12,9,3,11,8,2,19,11,15,2,0,0
20240827-M-US_Open-R128-Karen_Khachanov-Daniel_Evans,Karen Khachanov,Total,36,13,48,51,7,29,38,16,27,7,0,0
20240827-M-US_Open-R128-Karen_Khachanov-Daniel_Evans,Karen Khachanov,1,33,4,20,19,2,25,0,0,0,0,0,0
20240827-M-US_Open-R128-Karen_Khachanov-Daniel_Evans,Karen Khachanov,2,3,9,28,32,5,4,38,16,27,7,0,0
20240827-M-US_Open-R128-Karen_Khachanov-Daniel_Evans,Daniel Evans,Total,33,37,37,40,27,34,48,11,45,8,0,0
20240827-M-US_Open-R128-Karen_Khachanov-Daniel_Evans,Daniel Evans,1,22,9,25,25,2,25,0,0,0,0,0,0
20240827-M-US_Open-R128-Karen_Khachanov-Daniel_Evans,Daniel Evans,2,11,28,12,15,25,9,48,11,45,8,0,0
20240827-M-US_Open-R128-Jannik_Sinner-Mackenzie_Mcdonald,Jannik Sinner,Total,19,19,12,21,14,9,17,7,19,4,0,0
20240827-M-US_Open-R128-Jannik_Sinner-Mackenzie_Mcdonald,Jannik Sinner,1,16,3,9,12,4,8,0,0,0,0,0,0
20240827-M-US_Open-R128-Jannik_Sinner-Mackenzie_Mcdonald,Jannik Sinner,2,3,16,3,9,10,1,17,7,19,4,0,0
20240827-M-US_Open-R128-Jannik_Sinner-Mackenzie_Mcdonald,Mackenzie Mcdonald,Total,25,13,13,28,4,15,16,4,20,5,0,0
20240827-M-US_Open-R128-Jannik_Sinner-Mackenzie_Mcdonald,Mackenzie Mcdonald,1,15,6,10,13,3,12,0,0,0,0,0,0
20240827-M-US_Open-R128-Jannik_Sinner-Mackenzie_Mcdonald,Mackenzie Mcdonald,2,10,7,3,15,1,3,16,4,20,5,0,0
20240827-M-US_Open-R128-Jakub_Mensik-Felix_Auger_Aliassime,Jakub Mensik,Total,19,6,20,27,4,10,19,7,20,0,0,0
20240827-M-US_Open-R128-Jakub_Mensik-Felix_Auger_Aliassime,Jakub Mensik,1,13,1,13,7,1,10,0,0,0,0,0,0
20240827-M-US_Open-R128-Jakub_Mensik-Felix_Auger_Aliassime,Jakub Mensik,2,6,5,7,20,3,0,19,7,20,0,0,0
20240827-M-US_Open-R128-Jakub_Mensik-Felix_Auger_Aliassime,Felix Auger Aliassime,Total,8,11,21,18,10,10,17,8,20,2,0,0
20240827-M-US_Open-R128-Jakub_Mensik-Felix_Auger_Aliassime,Felix Auger Aliassime,1,7,2,10,10,3,9,0,0,0,0,0,0
20240827-M-US_Open-R128-Jakub_Mensik-Felix_Auger_Aliassime,Felix Auger Aliassime,2,1,9,11,8,7,1,17,8,20,2,0,0
20240827-M-US_Open-R128-Hubert_Hurkacz-Timofey_Skatov,Hubert Hurkacz,Total,23,7,27,26,4,19,23,8,21,3,0,0
20240827-M-US_Open-R128-Hubert_Hurkacz-Timofey_Skatov,Hubert Hurkacz,1,17,0,10,12,0,17,0,0,0,0,0,0
20240827-M-US_Open-R128-Hubert_Hurkacz-Timofey_Skatov,Hubert Hurkacz,2,6,7,17,14,4,2,23,8,21,3,0,0
20240827-M-US_Open-R128-Hubert_Hurkacz-Timofey_Skatov,Timofey Skatov,Total,24,20,25,21,28,16,34,6,21,3,0,0
20240827-M-US_Open-R128-Hubert_Hurkacz-Timofey_Skatov,Timofey Skatov,1,18,9,14,15,9,12,0,0,0,0,0,0
20240827-M-US_Open-R128-Hubert_Hurkacz-Timofey_Skatov,Timofey Skatov,2,6,11,11,6,19,4,34,6,21,3,0,0
20240827-M-US_Open-R128-Alex_De_Minaur-Marcos_Giron,Alex De Minaur,Total,19,33,20,36,20,11,45,11,37,1,0,0
20240827-M-US_Open-R128-Alex_De_Minaur-Marcos_Giron,Alex De Minaur,1,16,6,9,10,6,10,0,0,0,0,0,0
20240827-M-US_Open-R128-Alex_De_Minaur-Marcos_Giron,Alex De Minaur,2,3,27,11,26,14,1,45,11,37,1,0,0
20240827-M-US_Open-R128-Alex_De_Minaur-Marcos_Giron,Marcos Giron,Total,35,16,20,38,12,17,32,8,31,5,0,0
20240827-M-US_Open-R128-Alex_De_Minaur-Marcos_Giron,Marcos Giron,1,32,4,6,12,1,13,0,0,0,0,0,0
20240827-M-US_Open-R128-Alex_De_Minaur-Marcos_Giron,Marcos Giron,2,3,12,14,26,11,4,32,8,31,5,0,0
20240826-M-US_Open-R128-Taylor_Fritz-Camilo_Ugo_Carabelli,Taylor Fritz,Total,13,3,24,17,2,17,17,7,10,2,0,0
20240826-M-US_Open-R128-Taylor_Fritz-Camilo_Ugo_Carabelli,Taylor Fritz,1,13,0,12,6,1,11,0,0,0,0,0,0
20240826-M-US_Open-R128-Taylor_Fritz-Camilo_Ugo_Carabelli,Taylor Fritz,2,0,3,12,11,1,6,17,7,10,2,0,0
20240826-M-US_Open-R128-Taylor_Fritz-Camilo_Ugo_Carabelli,Camilo Ugo Carabelli,Total,6,19,15,9,20,10,23,9,17,3,0,0
20240826-M-US_Open-R128-Taylor_Fritz-Camilo_Ugo_Carabelli,Camilo Ugo Carabelli,1,4,8,8,2,2,10,0,0,0,0,0,0
20240826-M-US_Open-R128-Taylor_Fritz-Camilo_Ugo_Carabelli,Camilo Ugo Carabelli,2,2,11,7,7,18,0,23,9,17,3,0,0
20240826-M-US_Open-R128-Pedro_Martinez-Maks_Kasnikowski,Pedro Martinez,Total,33,13,35,22,27,23,33,13,22,5,0,0
20240826-M-US_Open-R128-Pedro_Martinez-Maks_Kasnikowski,Pedro Martinez,1,22,5,22,10,12,21,0,0,0,0,0,0
20240826-M-US_Open-R128-Pedro_Martinez-Maks_Kasnikowski,Pedro Martinez,2,11,8,13,12,15,2,33,13,22,5,0,0
20240826-M-US_Open-R128-Pedro_Martinez-Maks_Kasnikowski,Maks Kasnikowski,Total,35,38,12,21,42,17,35,4,28,6,0,0
20240826-M-US_Open-R128-Pedro_Martinez-Maks_Kasnikowski,Maks Kasnikowski,1,28,10,12,11,23,13,0,0,0,0,0,0
20240826-M-US_Open-R128-Pedro_Martinez-Maks_Kasnikowski,Maks Kasnikowski,2,7,28,0,10,19,4,35,4,28,6,0,0
20240826-M-US_Open-R128-Lorenzo_Musetti-Reilly_Opelka,Lorenzo Musetti,Total,26,8,25,27,10,18,24,7,31,1,0,0
20240826-M-US_Open-R128-Lorenzo_Musetti-Reilly_Opelka,Lorenzo Musetti,1,14,3,12,11,5,12,0,0,0,0,0,0
20240826-M-US_Open-R128-Lorenzo_Musetti-Reilly_Opelka,Lorenzo Musetti,2,12,5,13,16,5,6,24,7,31,1,0,0
20240826-M-US_Open-R128-Lorenzo_Musetti-Reilly_Opelka,Reilly Opelka,Total,33,10,28,35,11,18,32,14,15,3,0,0
20240826-M-US_Open-R128-Lorenzo_Musetti-Reilly_Opelka,Reilly Opelka,1,21,5,21,13,5,16,0,0,0,0,0,0
20240826-M-US_Open-R128-Lorenzo_Musetti-Reilly_Opelka,Reilly Opelka,2,12,5,7,22,6,2,32,14,15,3,0,0
20240826-M-US_Open-R128-Kyrian_Jacquet-Grigor_Dimitrov,Kyrian Jacquet,Total,17,20,10,25,6,11,14,1,16,0,0,0
20240826-M-US_Open-R128-Kyrian_Jacquet-Grigor_Dimitrov,Kyrian Jacquet,1,14,14,5,15,2,10,0,0,0,0,0,0
20240826-M-US_Open-R128-Kyrian_Jacquet-Grigor_Dimitrov,Kyrian Jacquet,2,3,6,5,10,4,1,14,1,16,0,0,0
20240826-M-US_Open-R128-Kyrian_Jacquet-Grigor_Dimitrov,Grigor Dimitrov,Total,14,9,19,14,15,9,22,10,15,2,0,0
20240826-M-US_Open-R128-Kyrian_Jacquet-Grigor_Dimitrov,Grigor Dimitrov,1,13,1,9,7,0,8,0,0,0,0,0,0
20240826-M-US_Open-R128-Kyrian_Jacquet-Grigor_Dimitrov,Grigor Dimitrov,2,1,8,10,7,15,1,22,10,15,2,0,0
20240826-M-US_Open-R128-Giovanni_Mpetshi_Perricard-Tomas_Martin_Etcheverry,Giovanni Mpetshi Perricard,Total,22,9,19,17,0,29,26,6,23,3,0,0
20240826-M-US_Open-R128-Giovanni_Mpetshi_Perricard-Tomas_Martin_Etcheverry,Giovanni Mpetshi Perricard,1,13,3,14,13,0,9,0,0,0,0,0,0
20240826-M-US_Open-R128-Giovanni_Mpetshi_Perricard-Tomas_Martin_Etcheverry,Giovanni Mpetshi Perricard,2,9,6,5,4,0,20,26,6,23,3,0,0
20240826-M-US_Open-R128-Giovanni_Mpetshi_Perricard-Tomas_Martin_Etcheverry,Tomas Martin Etcheverry,Total,15,9,9,10,6,13,6,1,9,0,0,0
20240826-M-US_Open-R128-Giovanni_Mpetshi_Perricard-Tomas_Martin_Etcheverry,Tomas Martin Etcheverry,1,14,6,6,6,3,11,0,0,0,0,0,0
20240826-M-US_Open-R128-Giovanni_Mpetshi_Perricard-Tomas_Martin_Etcheverry,Tomas Martin Etcheverry,2,1,3,3,4,3,2,6,1,9,0,0,0
20240826-M-US_Open-R128-Gael_Monfils-Diego_Schwartzman,Gael Monfils,Total,37,9,17,19,20,19,31,8,21,0,0,0
20240826-M-US_Open-R128-Gael_Monfils-Diego_Schwartzman,Gael Monfils,1,23,1,15,15,1,11,0,0,0,0,0,0
20240826-M-US_Open-R128-Gael_Monfils-Diego_Schwartzman,Gael Monfils,2,14,8,2,4,19,8,31,8,21,0,0,0
20240826-M-US_Open-R128-Gael_Monfils-Diego_Schwartzman,Diego Schwartzman,Total,25,13,21,25,9,22,22,5,16,0,0,0
20240826-M-US_Open-R128-Gael_Monfils-Diego_Schwartzman,Diego Schwartzman,1,22,7,9,14,6,16,0,0,0,0,0,0
20240826-M-US_Open-R128-Gael_Monfils-Diego_Schwartzman,Diego Schwartzman,2,3,6,12,11,3,6,22,5,16,0,0,0
20240826-M-US_Open-R128-Casper_Ruud-Bu_Yunchaokete,Casper Ruud,Total,18,3,21,23,1,13,16,10,15,1,0,0
20240826-M-US_Open-R128-Casper_Ruud-Bu_Yunchaokete,Casper Ruud,1,12,1,10,9,1,10,0,0,0,0,0,0
20240826-M-US_Open-R128-Casper_Ruud-Bu_Yunchaokete,Casper Ruud,2,6,2,11,14,0,3,16,10,15,1,0,0
20240826-M-US_Open-R128-Casper_Ruud-Bu_Yunchaokete,Bu Yunchaokete,Total,10,9,29,31,3,10,27,6,14,1,0,0
20240826-M-US_Open-R128-Casper_Ruud-Bu_Yunchaokete,Bu Yunchaokete,1,6,1,13,15,1,10,0,0,0,0,0,0
20240826-M-US_Open-R128-Casper_Ruud-Bu_Yunchaokete,Bu Yunchaokete,2,4,8,16,16,2,0,27,6,14,1,0,0
20240826-M-US_Open-R128-Brandon_Nakashima-Holger_Rune,Brandon Nakashima,Total,13,15,11,15,10,9,13,5,4,2,0,0
20240826-M-US_Open-R128-Brandon_Nakashima-Holger_Rune,Brandon Nakashima,1,11,7,11,7,6,8,0,0,0,0,0,0
20240826-M-US_Open-R128-Brandon_Nakashima-Holger_Rune,Brandon Nakashima,2,2,8,0,8,4,1,13,5,4,2,0,0
20240826-M-US_Open-R128-Brandon_Nakashima-Holger_Rune,Holger Rune,Total,14,13,15,16,12,13,27,7,19,1,0,0
20240826-M-US_Open-R128-Brandon_Nakashima-Holger_Rune,Holger Rune,1,10,3,5,3,5,8,0,0,0,0,0,0
20240826-M-US_Open-R128-Brandon_Nakashima-Holger_Rune,Holger Rune,2,4,10,10,13,7,5,27,7,19,1,0,0
20240826-M-US_Open-R128-Ben_Shelton-Dominic_Thiem,Ben Shelton,Total,12,9,12,17,5,6,4,1,11,1,0,1
20240826-M-US_Open-R128-Ben_Shelton-Dominic_Thiem,Ben Shelton,1,10,5,10,12,4,4,0,0,0,0,0,0
20240826-M-US_Open-R128-Ben_Shelton-Dominic_Thiem,Ben Shelton,2,2,4,2,5,1,2,4,1,11,1,0,1
20240826-M-US_Open-R128-Ben_Shelton-Dominic_Thiem,Dominic Thiem,Total,24,16,7,13,12,21,28,11,13,4,0,1
20240826-M-US_Open-R128-Ben_Shelton-Dominic_Thiem,Dominic Thiem,1,12,3,4,6,5,13,0,0,0,0,0,0
20240826-M-US_Open-R128-Ben_Shelton-Dominic_Thiem,Dominic Thiem,2,12,13,3,7,7,8,28,11,13,4,0,1
20240822-M-US_Open-Q3-Joao_Fonseca-Eliot_Spizzirri,Joao Fonseca,Total,22,24,23,20,30,12,19,10,23,3,0,0
20240822-M-US_Open-Q3-Joao_Fonseca-Eliot_Spizzirri,Joao Fonseca,1,16,11,16,14,16,10,0,0,0,0,0,0
20240822-M-US_Open-Q3-Joao_Fonseca-Eliot_Spizzirri,Joao Fonseca,2,6,13,7,6,14,2,19,10,23,3,0,0
20240822-M-US_Open-Q3-Joao_Fonseca-Eliot_Spizzirri,Eliot Spizzirri,Total,25,16,15,12,19,17,28,1,20,3,0,0
20240822-M-US_Open-Q3-Joao_Fonseca-Eliot_Spizzirri,Eliot Spizzirri,1,15,6,11,8,6,10,0,0,0,0,0,0
20240822-M-US_Open-Q3-Joao_Fonseca-Eliot_Spizzirri,Eliot Spizzirri,2,10,10,4,4,13,7,28,1,20,3,0,0
20240822-M-US_Open-Q3-Jesper_De_Jong-Li_Tu,Jesper De Jong,Total,14,9,21,17,12,10,15,5,17,3,0,0
20240822-M-US_Open-Q3-Jesper_De_Jong-Li_Tu,Jesper De Jong,1,11,3,11,14,3,7,0,0,0,0,0,0
20240822-M-US_Open-Q3-Jesper_De_Jong-Li_Tu,Jesper De Jong,2,3,6,10,3,9,3,15,5,17,3,0,0
20240822-M-US_Open-Q3-Jesper_De_Jong-Li_Tu,Li Tu,Total,14,13,20,28,3,12,15,14,10,3,0,0
20240822-M-US_Open-Q3-Jesper_De_Jong-Li_Tu,Li Tu,1,11,5,9,14,0,11,0,0,0,0,0,0
20240822-M-US_Open-Q3-Jesper_De_Jong-Li_Tu,Li Tu,2,3,8,11,14,3,1,15,14,10,3,0,0
20240128-M-Australian_Open-F-Jannik_Sinner-Daniil_Medvedev,Jannik Sinner,Total,33,19,26,25,20,21,14,15,29,3,0,0
20240128-M-Australian_Open-F-Jannik_Sinner-Daniil_Medvedev,Jannik Sinner,1,27,4,19,22,1,15,0,0,0,0,0,0
20240128-M-Australian_Open-F-Jannik_Sinner-Daniil_Medvedev,Jannik Sinner,2,6,15,7,3,19,6,14,15,29,3,0,0
20240128-M-Australian_Open-F-Jannik_Sinner-Daniil_Medvedev,Daniil Medvedev,Total,31,10,31,25,14,27,15,9,17,5,0,0
20240128-M-Australian_Open-F-Jannik_Sinner-Daniil_Medvedev,Daniil Medvedev,1,24,0,28,18,0,25,0,0,0,0,0,0
20240128-M-Australian_Open-F-Jannik_Sinner-Daniil_Medvedev,Daniil Medvedev,2,7,10,3,7,14,2,15,9,17,5,0,0
20240126-M-Australian_Open-SF-Jannik_Sinner-Novak_Djokovic,Jannik Sinner,Total,22,17,19,23,12,17,12,12,22,1,0,0
20240126-M-Australian_Open-SF-Jannik_Sinner-Novak_Djokovic,Jannik Sinner,1,19,3,15,16,0,11,0,0,0,0,0,0
20240126-M-Australian_Open-SF-Jannik_Sinner-Novak_Djokovic,Jannik Sinner,2,3,14,4,7,12,6,12,12,22,1,0,0
20240126-M-Australian_Open-SF-Jannik_Sinner-Novak_Djokovic,Novak Djokovic,Total,25,6,31,19,8,27,21,6,15,0,0,0
20240126-M-Australian_Open-SF-Jannik_Sinner-Novak_Djokovic,Novak Djokovic,1,18,2,22,14,3,19,0,0,0,0,0,0
20240126-M-Australian_Open-SF-Jannik_Sinner-Novak_Djokovic,Novak Djokovic,2,7,4,9,5,5,8,21,6,15,0,0,0
20240126-M-Australian_Open-SF-Daniil_Medvedev-Alexander_Zverev,Daniil Medvedev,Total,34,20,28,17,19,38,31,10,25,2,0,0
20240126-M-Australian_Open-SF-Daniil_Medvedev-Alexander_Zverev,Daniil Medvedev,1,27,0,27,12,0,28,0,0,0,0,0,0
20240126-M-Australian_Open-SF-Daniil_Medvedev-Alexander_Zverev,Daniil Medvedev,2,7,20,1,5,19,10,31,10,25,2,0,0
20240126-M-Australian_Open-SF-Daniil_Medvedev-Alexander_Zverev,Alexander Zverev,Total,50,7,32,34,8,39,8,11,19,1,0,0
20240126-M-Australian_Open-SF-Daniil_Medvedev-Alexander_Zverev,Alexander Zverev,1,40,3,26,30,2,31,0,0,0,0,0,0
20240126-M-Australian_Open-SF-Daniil_Medvedev-Alexander_Zverev,Alexander Zverev,2,10,4,6,4,6,8,8,11,19,1,0,0
20240124-M-Australian_Open-QF-Hubert_Hurkacz-Daniil_Medvedev,Hubert Hurkacz,Total,34,15,26,27,11,26,18,18,13,6,0,0
20240124-M-Australian_Open-QF-Hubert_Hurkacz-Daniil_Medvedev,Hubert Hurkacz,1,29,3,18,14,1,24,0,0,0,0,0,0
20240124-M-Australian_Open-QF-Hubert_Hurkacz-Daniil_Medvedev,Hubert Hurkacz,2,5,12,8,13,10,2,18,18,13,6,0,0
20240124-M-Australian_Open-QF-Hubert_Hurkacz-Daniil_Medvedev,Daniil Medvedev,Total,47,15,31,32,12,43,23,11,42,5,0,0
20240124-M-Australian_Open-QF-Hubert_Hurkacz-Daniil_Medvedev,Daniil Medvedev,1,34,1,25,13,3,33,0,0,0,0,0,0
20240124-M-Australian_Open-QF-Hubert_Hurkacz-Daniil_Medvedev,Daniil Medvedev,2,13,14,6,19,9,10,23,11,42,5,0,0
20240124-M-Australian_Open-QF-Alexander_Zverev-Carlos_Alcaraz,Alexander Zverev,Total,27,6,27,21,6,24,2,7,9,0,0,0
20240124-M-Australian_Open-QF-Alexander_Zverev-Carlos_Alcaraz,Alexander Zverev,1,27,2,19,19,3,24,0,0,0,0,0,0
20240124-M-Australian_Open-QF-Alexander_Zverev-Carlos_Alcaraz,Alexander Zverev,2,0,4,8,2,3,0,2,7,9,0,0,0
20240124-M-Australian_Open-QF-Alexander_Zverev-Carlos_Alcaraz,Carlos Alcaraz,Total,31,13,19,16,19,19,12,10,14,4,0,0
20240124-M-Australian_Open-QF-Alexander_Zverev-Carlos_Alcaraz,Carlos Alcaraz,1,23,5,14,8,13,16,0,0,0,0,0,0
20240124-M-Australian_Open-QF-Alexander_Zverev-Carlos_Alcaraz,Carlos Alcaraz,2,8,8,5,8,6,3,12,10,14,4,0,0
20240123-M-Australian_Open-QF-Andrey_Rublev-Jannik_Sinner,Andrey Rublev,Total,20,7,26,25,8,15,9,7,11,5,0,0
20240123-M-Australian_Open-QF-Andrey_Rublev-Jannik_Sinner,Andrey Rublev,1,19,2,17,19,0,14,0,0,0,0,0,0
20240123-M-Australian_Open-QF-Andrey_Rublev-Jannik_Sinner,Andrey Rublev,2,1,5,9,6,8,1,9,7,11,5,0,0
20240123-M-Australian_Open-QF-Andrey_Rublev-Jannik_Sinner,Jannik Sinner,Total,29,5,26,20,14,23,15,5,18,7,0,0
20240123-M-Australian_Open-QF-Andrey_Rublev-Jannik_Sinner,Jannik Sinner,1,25,1,13,17,1,18,0,0,0,0,0,0
20240123-M-Australian_Open-QF-Andrey_Rublev-Jannik_Sinner,Jannik Sinner,2,4,4,13,3,13,5,15,5,18,7,0,0
20240122-M-Australian_Open-R16-Miomir_Kecmanovic-Carlos_Alcaraz,Miomir Kecmanovic,Total,18,15,11,19,7,14,10,5,15,1,0,0
20240122-M-Australian_Open-R16-Miomir_Kecmanovic-Carlos_Alcaraz,Miomir Kecmanovic,1,15,7,6,10,3,13,0,0,0,0,0,0
20240122-M-Australian_Open-R16-Miomir_Kecmanovic-Carlos_Alcaraz,Miomir Kecmanovic,2,3,8,5,9,4,1,10,5,15,1,0,0
20240122-M-Australian_Open-R16-Miomir_Kecmanovic-Carlos_Alcaraz,Carlos Alcaraz,Total,17,7,13,19,4,9,5,3,14,0,0,0
20240122-M-Australian_Open-R16-Miomir_Kecmanovic-Carlos_Alcaraz,Carlos Alcaraz,1,15,4,6,11,3,8,0,0,0,0,0,0
20240122-M-Australian_Open-R16-Miomir_Kecmanovic-Carlos_Alcaraz,Carlos Alcaraz,2,2,3,7,8,1,1,5,3,14,0,0,0
20240122-M-Australian_Open-R16-Cameron_Norrie-Alexander_Zverev,Cameron Norrie,Total,50,4,34,32,27,22,29,16,20,1,0,0
20240122-M-Australian_Open-R16-Cameron_Norrie-Alexander_Zverev,Cameron Norrie,1,27,1,25,23,8,21,0,0,0,0,0,0
20240122-M-Australian_Open-R16-Cameron_Norrie-Alexander_Zverev,Cameron Norrie,2,23,3,9,9,19,1,29,16,20,1,0,0
20240122-M-Australian_Open-R16-Cameron_Norrie-Alexander_Zverev,Alexander Zverev,Total,32,9,38,24,9,38,8,8,25,1,0,0
20240122-M-Australian_Open-R16-Cameron_Norrie-Alexander_Zverev,Alexander Zverev,1,29,3,27,21,1,33,0,0,0,0,0,0
20240122-M-Australian_Open-R16-Cameron_Norrie-Alexander_Zverev,Alexander Zverev,2,3,6,11,3,8,5,8,8,25,1,0,0
20240122-M-Australian_Open-R16-Arthur_Cazaux-Hubert_Hurkacz,Arthur Cazaux,Total,18,17,25,27,10,17,18,4,24,2,0,0
20240122-M-Australian_Open-R16-Arthur_Cazaux-Hubert_Hurkacz,Arthur Cazaux,1,17,1,20,17,0,13,0,0,0,0,0,0
20240122-M-Australian_Open-R16-Arthur_Cazaux-Hubert_Hurkacz,Arthur Cazaux,2,1,16,5,10,10,4,18,4,24,2,0,0
20240122-M-Australian_Open-R16-Arthur_Cazaux-Hubert_Hurkacz,Hubert Hurkacz,Total,14,11,21,23,4,14,11,7,14,2,0,0
20240122-M-Australian_Open-R16-Arthur_Cazaux-Hubert_Hurkacz,Hubert Hurkacz,1,14,0,13,14,0,13,0,0,0,0,0,0
20240122-M-Australian_Open-R16-Arthur_Cazaux-Hubert_Hurkacz,Hubert Hurkacz,2,0,11,8,9,4,1,11,7,14,2,0,0
20240121-M-Australian_Open-R16-Stefanos_Tsitsipas-Taylor_Fritz,Stefanos Tsitsipas,Total,28,6,37,25,10,30,21,12,20,4,0,0
20240121-M-Australian_Open-R16-Stefanos_Tsitsipas-Taylor_Fritz,Stefanos Tsitsipas,1,25,2,25,13,0,21,0,0,0,0,0,0
20240121-M-Australian_Open-R16-Stefanos_Tsitsipas-Taylor_Fritz,Stefanos Tsitsipas,2,3,4,12,12,10,9,21,12,20,4,0,0
20240121-M-Australian_Open-R16-Stefanos_Tsitsipas-Taylor_Fritz,Taylor Fritz,Total,23,4,33,33,3,17,18,8,9,0,0,0
20240121-M-Australian_Open-R16-Stefanos_Tsitsipas-Taylor_Fritz,Taylor Fritz,1,21,0,20,21,1,17,0,0,0,0,0,0
20240121-M-Australian_Open-R16-Stefanos_Tsitsipas-Taylor_Fritz,Taylor Fritz,2,2,4,13,12,2,0,18,8,9,0,0,0
20240121-M-Australian_Open-R16-Karen_Khachanov-Jannik_Sinner,Karen Khachanov,Total,16,10,21,18,9,17,11,4,7,8,0,0
20240121-M-Australian_Open-R16-Karen_Khachanov-Jannik_Sinner,Karen Khachanov,1,15,0,15,17,1,13,0,0,0,0,0,0
20240121-M-Australian_Open-R16-Karen_Khachanov-Jannik_Sinner,Karen Khachanov,2,1,10,6,1,8,4,11,4,7,8,0,0
20240121-M-Australian_Open-R16-Karen_Khachanov-Jannik_Sinner,Jannik Sinner,Total,18,10,23,17,10,19,7,6,30,5,0,0
20240121-M-Australian_Open-R16-Karen_Khachanov-Jannik_Sinner,Jannik Sinner,1,16,2,9,12,0,13,0,0,0,0,0,0
20240121-M-Australian_Open-R16-Karen_Khachanov-Jannik_Sinner,Jannik Sinner,2,2,8,14,5,10,6,7,6,30,5,0,0
20240120-M-Australian_Open-R32-Ugo_Humbert-Hubert_Hurkacz,Ugo Humbert,Total,20,3,40,35,7,17,15,11,13,2,0,0
20240120-M-Australian_Open-R32-Ugo_Humbert-Hubert_Hurkacz,Ugo Humbert,1,20,0,22,22,2,15,0,0,0,0,0,0
20240120-M-Australian_Open-R32-Ugo_Humbert-Hubert_Hurkacz,Ugo Humbert,2,0,3,18,13,5,2,15,11,13,2,0,0
20240120-M-Australian_Open-R32-Ugo_Humbert-Hubert_Hurkacz,Hubert Hurkacz,Total,30,5,29,29,5,27,20,13,13,4,0,0
20240120-M-Australian_Open-R32-Ugo_Humbert-Hubert_Hurkacz,Hubert Hurkacz,1,21,1,18,17,0,21,0,0,0,0,0,0
20240120-M-Australian_Open-R32-Ugo_Humbert-Hubert_Hurkacz,Hubert Hurkacz,2,9,4,11,12,5,6,20,13,13,4,0,0
20240120-M-Australian_Open-R32-Felix_Auger_Aliassime-Daniil_Medvedev,Felix Auger Aliassime,Total,17,5,20,20,5,13,14,6,15,0,0,0
20240120-M-Australian_Open-R32-Felix_Auger_Aliassime-Daniil_Medvedev,Felix Auger Aliassime,1,14,2,10,9,2,12,0,0,0,0,0,0
20240120-M-Australian_Open-R32-Felix_Auger_Aliassime-Daniil_Medvedev,Felix Auger Aliassime,2,3,3,10,11,3,1,14,6,15,0,0,0
20240120-M-Australian_Open-R32-Felix_Auger_Aliassime-Daniil_Medvedev,Daniil Medvedev,Total,15,7,23,16,5,20,12,11,12,0,0,0
20240120-M-Australian_Open-R32-Felix_Auger_Aliassime-Daniil_Medvedev,Daniil Medvedev,1,13,2,17,9,0,14,0,0,0,0,0,0
20240120-M-Australian_Open-R32-Felix_Auger_Aliassime-Daniil_Medvedev,Daniil Medvedev,2,2,5,6,7,5,6,12,11,12,0,0,0
20240120-M-Australian_Open-R32-Casper_Ruud-Cameron_Norrie,Casper Ruud,Total,31,6,27,25,1,32,23,7,11,1,0,0
20240120-M-Australian_Open-R32-Casper_Ruud-Cameron_Norrie,Casper Ruud,1,18,3,22,19,0,22,0,0,0,0,0,0
20240120-M-Australian_Open-R32-Casper_Ruud-Cameron_Norrie,Casper Ruud,2,13,3,5,6,1,10,23,7,11,1,0,0
20240120-M-Australian_Open-R32-Casper_Ruud-Cameron_Norrie,Cameron Norrie,Total,21,11,36,41,5,15,19,15,17,2,1,0
20240120-M-Australian_Open-R32-Casper_Ruud-Cameron_Norrie,Cameron Norrie,1,14,2,26,23,2,12,0,0,0,0,0,0
20240120-M-Australian_Open-R32-Casper_Ruud-Cameron_Norrie,Cameron Norrie,2,7,9,10,18,3,3,19,15,17,2,1,0
20240120-M-Australian_Open-R16-Novak_Djokovic-Adrian_Mannarino,Novak Djokovic,Total,23,4,9,11,2,20,9,2,13,2,0,0
20240120-M-Australian_Open-R16-Novak_Djokovic-Adrian_Mannarino,Novak Djokovic,1,14,0,9,10,0,15,0,0,0,0,0,0
20240120-M-Australian_Open-R16-Novak_Djokovic-Adrian_Mannarino,Novak Djokovic,2,9,4,0,1,2,5,9,2,13,2,0,0
20240120-M-Australian_Open-R16-Novak_Djokovic-Adrian_Mannarino,Adrian Mannarino,Total,15,9,7,21,3,3,6,9,3,6,0,0
20240120-M-Australian_Open-R16-Novak_Djokovic-Adrian_Mannarino,Adrian Mannarino,1,11,1,6,12,1,3,0,0,0,0,0,0
20240120-M-Australian_Open-R16-Novak_Djokovic-Adrian_Mannarino,Adrian Mannarino,2,4,8,1,9,2,0,6,9,3,6,0,0
20240119-M-Australian_Open-R32-Tommy_Paul-Miomir_Kecmanovic,Tommy Paul,Total,38,28,29,21,40,29,28,21,23,7,0,0
20240119-M-Australian_Open-R32-Tommy_Paul-Miomir_Kecmanovic,Tommy Paul,1,31,7,22,14,10,24,0,0,0,0,0,0
20240119-M-Australian_Open-R32-Tommy_Paul-Miomir_Kecmanovic,Tommy Paul,2,7,21,7,7,30,5,28,21,23,7,0,0
20240119-M-Australian_Open-R32-Tommy_Paul-Miomir_Kecmanovic,Miomir Kecmanovic,Total,22,30,22,14,31,23,19,6,27,3,0,0
20240119-M-Australian_Open-R32-Tommy_Paul-Miomir_Kecmanovic,Miomir Kecmanovic,1,21,9,15,9,12,21,0,0,0,0,0,0
20240119-M-Australian_Open-R32-Tommy_Paul-Miomir_Kecmanovic,Miomir Kecmanovic,2,1,21,7,5,19,2,19,6,27,3,0,0
20240119-M-Australian_Open-R32-Novak_Djokovic-Tomas_Martin_Etcheverry,Novak Djokovic,Total,20,11,14,15,6,18,9,6,9,3,0,0
20240119-M-Australian_Open-R32-Novak_Djokovic-Tomas_Martin_Etcheverry,Novak Djokovic,1,16,4,13,11,1,12,0,0,0,0,0,0
20240119-M-Australian_Open-R32-Novak_Djokovic-Tomas_Martin_Etcheverry,Novak Djokovic,2,4,7,1,4,5,6,9,6,9,3,0,0
20240119-M-Australian_Open-R32-Novak_Djokovic-Tomas_Martin_Etcheverry,Tomas Martin Etcheverry,Total,21,23,7,18,15,16,18,5,5,1,0,0
20240119-M-Australian_Open-R32-Novak_Djokovic-Tomas_Martin_Etcheverry,Tomas Martin Etcheverry,1,19,10,6,16,5,16,0,0,0,0,0,0
20240119-M-Australian_Open-R32-Novak_Djokovic-Tomas_Martin_Etcheverry,Tomas Martin Etcheverry,2,2,13,1,2,10,0,18,5,5,1,0,0
20240119-M-Australian_Open-R32-Jannik_Sinner-Sebastian_Baez,Jannik Sinner,Total,17,0,20,19,1,13,6,5,8,6,0,0
20240119-M-Australian_Open-R32-Jannik_Sinner-Sebastian_Baez,Jannik Sinner,1,14,0,9,15,0,7,0,0,0,0,0,0
20240119-M-Australian_Open-R32-Jannik_Sinner-Sebastian_Baez,Jannik Sinner,2,3,0,11,4,1,6,6,5,8,6,0,0
20240119-M-Australian_Open-R32-Jannik_Sinner-Sebastian_Baez,Sebastian Baez,Total,17,8,13,15,5,16,5,5,6,2,1,0
20240119-M-Australian_Open-R32-Jannik_Sinner-Sebastian_Baez,Sebastian Baez,1,16,6,10,8,1,14,0,0,0,0,0,0
20240119-M-Australian_Open-R32-Jannik_Sinner-Sebastian_Baez,Sebastian Baez,2,1,2,3,7,4,2,5,5,6,2,1,0
20240119-M-Australian_Open-R32-Ben_Shelton-Adrian_Mannarino,Ben Shelton,Total,39,29,26,41,21,22,16,15,21,2,0,0
20240119-M-Australian_Open-R32-Ben_Shelton-Adrian_Mannarino,Ben Shelton,1,32,13,23,36,7,17,0,0,0,0,0,0
20240119-M-Australian_Open-R32-Ben_Shelton-Adrian_Mannarino,Ben Shelton,2,7,16,3,5,14,5,16,15,21,2,0,0
20240119-M-Australian_Open-R32-Ben_Shelton-Adrian_Mannarino,Adrian Mannarino,Total,37,13,47,47,21,22,34,11,28,3,0,0
20240119-M-Australian_Open-R32-Ben_Shelton-Adrian_Mannarino,Adrian Mannarino,1,30,6,27,32,9,17,0,0,0,0,0,0
20240119-M-Australian_Open-R32-Ben_Shelton-Adrian_Mannarino,Adrian Mannarino,2,7,7,20,15,12,5,34,11,28,3,0,0
20240118-M-Australian_Open-R64-Jakub_Mensik-Hubert_Hurkacz,Jakub Mensik,Total,41,10,35,34,19,28,16,17,36,7,0,0
20240118-M-Australian_Open-R64-Jakub_Mensik-Hubert_Hurkacz,Jakub Mensik,1,29,1,23,24,2,22,0,0,0,0,0,0
20240118-M-Australian_Open-R64-Jakub_Mensik-Hubert_Hurkacz,Jakub Mensik,2,12,9,12,10,17,6,16,17,36,7,0,0
20240118-M-Australian_Open-R64-Jakub_Mensik-Hubert_Hurkacz,Hubert Hurkacz,Total,34,6,30,34,7,24,7,19,13,7,0,0
20240118-M-Australian_Open-R64-Jakub_Mensik-Hubert_Hurkacz,Hubert Hurkacz,1,30,0,18,20,2,21,0,0,0,0,0,0
20240118-M-Australian_Open-R64-Jakub_Mensik-Hubert_Hurkacz,Hubert Hurkacz,2,4,6,12,14,5,3,7,19,13,7,0,0
20240118-M-Australian_Open-R64-Emil_Ruusuvuori-Daniil_Medvedev,Emil Ruusuvuori,Total,34,21,35,41,16,30,21,13,35,3,0,0
20240118-M-Australian_Open-R64-Emil_Ruusuvuori-Daniil_Medvedev,Emil Ruusuvuori,1,28,8,23,22,7,21,0,0,0,0,0,0
20240118-M-Australian_Open-R64-Emil_Ruusuvuori-Daniil_Medvedev,Emil Ruusuvuori,2,6,13,12,19,9,9,21,13,35,3,0,0
20240118-M-Australian_Open-R64-Emil_Ruusuvuori-Daniil_Medvedev,Daniil Medvedev,Total,48,10,32,35,16,34,16,17,37,6,0,0
20240118-M-Australian_Open-R64-Emil_Ruusuvuori-Daniil_Medvedev,Daniil Medvedev,1,28,2,27,18,3,29,0,0,0,0,0,0
20240118-M-Australian_Open-R64-Emil_Ruusuvuori-Daniil_Medvedev,Daniil Medvedev,2,20,8,5,17,13,5,16,17,37,6,0,0
20240118-M-Australian_Open-R64-Casper_Ruud-Max_Purcell,Casper Ruud,Total,41,20,31,26,11,46,27,7,16,4,0,0
20240118-M-Australian_Open-R64-Casper_Ruud-Max_Purcell,Casper Ruud,1,31,9,24,17,7,38,0,0,0,0,0,0
20240118-M-Australian_Open-R64-Casper_Ruud-Max_Purcell,Casper Ruud,2,10,11,7,9,4,8,27,7,16,4,0,0
20240118-M-Australian_Open-R64-Casper_Ruud-Max_Purcell,Max Purcell,Total,25,13,43,37,10,32,25,12,17,6,0,0
20240118-M-Australian_Open-R64-Casper_Ruud-Max_Purcell,Max Purcell,1,21,4,26,23,5,27,0,0,0,0,0,0
20240118-M-Australian_Open-R64-Casper_Ruud-Max_Purcell,Max Purcell,2,4,9,17,14,5,5,25,12,17,6,0,0
20240118-M-Australian_Open-R64-Arthur_Cazaux-Holger_Rune,Arthur Cazaux,Total,23,16,22,25,17,15,16,10,19,1,0,0
20240118-M-Australian_Open-R64-Arthur_Cazaux-Holger_Rune,Arthur Cazaux,1,19,1,22,14,4,14,0,0,0,0,0,0
20240118-M-Australian_Open-R64-Arthur_Cazaux-Holger_Rune,Arthur Cazaux,2,4,15,0,11,13,1,16,10,19,1,0,0
20240118-M-Australian_Open-R64-Arthur_Cazaux-Holger_Rune,Holger Rune,Total,27,12,32,35,9,22,24,14,24,3,0,0
20240118-M-Australian_Open-R64-Arthur_Cazaux-Holger_Rune,Holger Rune,1,21,2,18,18,2,15,0,0,0,0,0,0
20240118-M-Australian_Open-R64-Arthur_Cazaux-Holger_Rune,Holger Rune,2,6,10,14,17,7,7,24,14,24,3,0,0
20240117-M-Australian_Open-R64-Novak_Djokovic-Alexei_Popyrin,Novak Djokovic,Total,26,16,21,28,10,18,17,7,15,3,0,4
20240117-M-Australian_Open-R64-Novak_Djokovic-Alexei_Popyrin,Novak Djokovic,1,19,7,19,17,0,11,0,0,0,0,0,0
20240117-M-Australian_Open-R64-Novak_Djokovic-Alexei_Popyrin,Novak Djokovic,2,7,9,2,11,10,7,17,7,15,3,0,4
20240117-M-Australian_Open-R64-Novak_Djokovic-Alexei_Popyrin,Alexei Popyrin,Total,28,23,9,20,13,18,14,10,22,4,0,0
20240117-M-Australian_Open-R64-Novak_Djokovic-Alexei_Popyrin,Alexei Popyrin,1,19,11,8,10,3,14,0,0,0,0,0,0
20240117-M-Australian_Open-R64-Novak_Djokovic-Alexei_Popyrin,Alexei Popyrin,2,9,12,1,10,10,4,14,10,22,4,0,0
20240117-M-Australian_Open-R64-Matteo_Arnaldi-Alex_De_Minaur,Matteo Arnaldi,Total,11,2,29,28,1,11,13,9,22,0,0,0
20240117-M-Australian_Open-R64-Matteo_Arnaldi-Alex_De_Minaur,Matteo Arnaldi,1,8,1,11,10,0,10,0,0,0,0,0,0
20240117-M-Australian_Open-R64-Matteo_Arnaldi-Alex_De_Minaur,Matteo Arnaldi,2,3,1,18,18,1,1,13,9,22,0,0,0
20240117-M-Australian_Open-R64-Matteo_Arnaldi-Alex_De_Minaur,Alex De Minaur,Total,16,0,26,25,2,13,18,9,9,0,0,0
20240117-M-Australian_Open-R64-Matteo_Arnaldi-Alex_De_Minaur,Alex De Minaur,1,14,0,14,9,1,11,0,0,0,0,0,0
20240117-M-Australian_Open-R64-Matteo_Arnaldi-Alex_De_Minaur,Alex De Minaur,2,2,0,12,16,1,2,18,9,9,0,0,0
20240117-M-Australian_Open-R64-Luca_Van_Assche-Lorenzo_Musetti,Luca Van Assche,Total,24,24,22,12,38,13,27,7,27,0,0,0
20240117-M-Australian_Open-R64-Luca_Van_Assche-Lorenzo_Musetti,Luca Van Assche,1,21,8,13,6,16,11,0,0,0,0,0,0
20240117-M-Australian_Open-R64-Luca_Van_Assche-Lorenzo_Musetti,Luca Van Assche,2,3,16,9,6,22,2,27,7,27,0,0,0
20240117-M-Australian_Open-R64-Luca_Van_Assche-Lorenzo_Musetti,Lorenzo Musetti,Total,35,23,22,26,24,23,32,8,23,1,0,0
20240117-M-Australian_Open-R64-Luca_Van_Assche-Lorenzo_Musetti,Lorenzo Musetti,1,26,11,12,13,6,21,0,0,0,0,0,0
20240117-M-Australian_Open-R64-Luca_Van_Assche-Lorenzo_Musetti,Lorenzo Musetti,2,9,12,10,13,18,2,32,8,23,1,0,0
20240117-M-Australian_Open-R64-Jesper_De_Jong-Jannik_Sinner,Jesper De Jong,Total,18,10,14,14,8,16,19,3,9,2,0,0
20240117-M-Australian_Open-R64-Jesper_De_Jong-Jannik_Sinner,Jesper De Jong,1,12,2,12,8,3,13,0,0,0,0,0,0
20240117-M-Australian_Open-R64-Jesper_De_Jong-Jannik_Sinner,Jesper De Jong,2,6,8,2,6,5,3,19,3,9,2,0,0
20240117-M-Australian_Open-R64-Jesper_De_Jong-Jannik_Sinner,Jannik Sinner,Total,9,7,16,12,5,9,4,2,12,4,0,0
20240117-M-Australian_Open-R64-Jesper_De_Jong-Jannik_Sinner,Jannik Sinner,1,7,2,13,7,2,6,0,0,0,0,0,0
20240117-M-Australian_Open-R64-Jesper_De_Jong-Jannik_Sinner,Jannik Sinner,2,2,5,3,5,3,3,4,2,12,4,0,0
20240117-M-Australian_Open-R64-Christopher_Eubanks-Andrey_Rublev,Christopher Eubanks,Total,18,3,29,34,0,11,12,4,7,0,0,0
20240117-M-Australian_Open-R64-Christopher_Eubanks-Andrey_Rublev,Christopher Eubanks,1,18,1,20,26,0,9,0,0,0,0,0,0
20240117-M-Australian_Open-R64-Christopher_Eubanks-Andrey_Rublev,Christopher Eubanks,2,0,2,9,8,0,2,12,4,7,0,0,0
20240117-M-Australian_Open-R64-Christopher_Eubanks-Andrey_Rublev,Andrey Rublev,Total,17,2,23,25,2,10,5,4,9,0,0,0
20240117-M-Australian_Open-R64-Christopher_Eubanks-Andrey_Rublev,Andrey Rublev,1,17,0,17,20,0,7,0,0,0,0,0,0
20240117-M-Australian_Open-R64-Christopher_Eubanks-Andrey_Rublev,Andrey Rublev,2,0,2,6,5,2,3,5,4,9,0,0,0
20240116-M-Australian_Open-R128-Tommy_Paul-Gregoire_Barrere,Tommy Paul,Total,18,4,16,13,4,15,11,7,10,0,0,0
20240116-M-Australian_Open-R128-Tommy_Paul-Gregoire_Barrere,Tommy Paul,1,11,2,13,5,1,12,0,0,0,0,0,0
20240116-M-Australian_Open-R128-Tommy_Paul-Gregoire_Barrere,Tommy Paul,2,7,2,3,8,3,3,11,7,10,0,0,0
20240116-M-Australian_Open-R128-Tommy_Paul-Gregoire_Barrere,Gregoire Barrere,Total,12,5,23,21,3,9,9,4,15,0,0,0
20240116-M-Australian_Open-R128-Tommy_Paul-Gregoire_Barrere,Gregoire Barrere,1,11,1,17,12,0,6,0,0,0,0,0,0
20240116-M-Australian_Open-R128-Tommy_Paul-Gregoire_Barrere,Gregoire Barrere,2,1,4,6,9,3,3,9,4,15,0,0,0
20240116-M-Australian_Open-R128-Roman_Safiullin-Tallon_Griekspoor,Roman Safiullin,Total,33,25,19,16,30,20,33,10,19,2,0,0
20240116-M-Australian_Open-R128-Roman_Safiullin-Tallon_Griekspoor,Roman Safiullin,1,25,7,13,12,9,17,0,0,0,0,0,0
20240116-M-Australian_Open-R128-Roman_Safiullin-Tallon_Griekspoor,Roman Safiullin,2,8,18,6,4,21,3,33,10,19,2,0,0
20240116-M-Australian_Open-R128-Roman_Safiullin-Tallon_Griekspoor,Tallon Griekspoor,Total,29,31,26,33,24,20,43,10,19,3,4,0
20240116-M-Australian_Open-R128-Roman_Safiullin-Tallon_Griekspoor,Tallon Griekspoor,1,17,14,16,19,9,14,0,0,0,0,0,0
20240116-M-Australian_Open-R128-Roman_Safiullin-Tallon_Griekspoor,Tallon Griekspoor,2,12,17,10,14,15,6,43,10,19,3,4,0
20240116-M-Australian_Open-R128-Juncheng_Shang-Mackenzie_Mcdonald,Juncheng Shang,Total,9,20,45,39,19,11,27,11,23,2,0,0
20240116-M-Australian_Open-R128-Juncheng_Shang-Mackenzie_Mcdonald,Juncheng Shang,1,9,8,26,17,13,11,0,0,0,0,0,0
20240116-M-Australian_Open-R128-Juncheng_Shang-Mackenzie_Mcdonald,Juncheng Shang,2,0,12,19,22,6,0,27,11,23,2,0,0
20240116-M-Australian_Open-R128-Juncheng_Shang-Mackenzie_Mcdonald,Mackenzie Mcdonald,Total,21,16,25,25,13,17,17,5,20,1,0,0
20240116-M-Australian_Open-R128-Juncheng_Shang-Mackenzie_Mcdonald,Mackenzie Mcdonald,1,15,7,21,17,9,9,0,0,0,0,0,0
20240116-M-Australian_Open-R128-Juncheng_Shang-Mackenzie_Mcdonald,Mackenzie Mcdonald,2,6,9,4,8,4,8,17,5,20,1,0,0
20240116-M-Australian_Open-R128-Andy_Murray-Tomas_Martin_Etcheverry,Andy Murray,Total,19,8,15,19,5,16,11,14,14,2,0,0
20240116-M-Australian_Open-R128-Andy_Murray-Tomas_Martin_Etcheverry,Andy Murray,1,15,1,9,7,1,10,0,0,0,0,0,0
20240116-M-Australian_Open-R128-Andy_Murray-Tomas_Martin_Etcheverry,Andy Murray,2,4,7,6,12,4,6,11,14,14,2,0,0
20240116-M-Australian_Open-R128-Andy_Murray-Tomas_Martin_Etcheverry,Tomas Martin Etcheverry,Total,16,18,8,13,11,14,8,7,7,1,0,0
20240116-M-Australian_Open-R128-Andy_Murray-Tomas_Martin_Etcheverry,Tomas Martin Etcheverry,1,14,6,8,12,3,14,0,0,0,0,0,0
20240116-M-Australian_Open-R128-Andy_Murray-Tomas_Martin_Etcheverry,Tomas Martin Etcheverry,2,2,12,0,1,8,0,8,7,7,1,0,0
20240115-M-Australian_Open-R128-Stefanos_Tsitsipas-Zizou_Bergs,Stefanos Tsitsipas,Total,25,7,29,22,14,19,32,12,11,0,0,0
20240115-M-Australian_Open-R128-Stefanos_Tsitsipas-Zizou_Bergs,Stefanos Tsitsipas,1,18,0,20,13,2,14,0,0,0,0,0,0
20240115-M-Australian_Open-R128-Stefanos_Tsitsipas-Zizou_Bergs,Stefanos Tsitsipas,2,7,7,9,9,12,5,32,12,11,0,0,0
20240115-M-Australian_Open-R128-Stefanos_Tsitsipas-Zizou_Bergs,Zizou Bergs,Total,21,14,23,26,5,24,31,11,11,3,0,0
20240115-M-Australian_Open-R128-Stefanos_Tsitsipas-Zizou_Bergs,Zizou Bergs,1,12,5,15,12,1,15,0,0,0,0,0,0
20240115-M-Australian_Open-R128-Stefanos_Tsitsipas-Zizou_Bergs,Zizou Bergs,2,9,9,8,14,4,9,31,11,11,3,0,0
20240115-M-Australian_Open-R128-Stan_Wawrinka-Adrian_Mannarino,Stan Wawrinka,Total,26,16,32,34,3,27,27,16,22,3,0,0
20240115-M-Australian_Open-R128-Stan_Wawrinka-Adrian_Mannarino,Stan Wawrinka,1,17,3,19,17,0,14,0,0,0,0,0,0
20240115-M-Australian_Open-R128-Stan_Wawrinka-Adrian_Mannarino,Stan Wawrinka,2,9,13,13,17,3,13,27,16,22,3,0,0
20240115-M-Australian_Open-R128-Stan_Wawrinka-Adrian_Mannarino,Adrian Mannarino,Total,21,7,42,43,5,13,41,10,10,1,0,0
20240115-M-Australian_Open-R128-Stan_Wawrinka-Adrian_Mannarino,Adrian Mannarino,1,17,1,23,23,1,10,0,0,0,0,0,0
20240115-M-Australian_Open-R128-Stan_Wawrinka-Adrian_Mannarino,Adrian Mannarino,2,4,6,19,20,4,3,41,10,10,1,0,0
20240115-M-Australian_Open-R128-Rinky_Hijikata-Jan_Lennard_Struff,Rinky Hijikata,Total,31,23,27,48,14,21,29,14,27,5,0,0
20240115-M-Australian_Open-R128-Rinky_Hijikata-Jan_Lennard_Struff,Rinky Hijikata,1,21,3,24,27,3,17,0,0,0,0,0,0
20240115-M-Australian_Open-R128-Rinky_Hijikata-Jan_Lennard_Struff,Rinky Hijikata,2,10,20,3,21,11,4,29,14,27,5,0,0
20240115-M-Australian_Open-R128-Rinky_Hijikata-Jan_Lennard_Struff,Jan Lennard Struff,Total,43,16,31,46,15,26,30,13,27,4,0,0
20240115-M-Australian_Open-R128-Rinky_Hijikata-Jan_Lennard_Struff,Jan Lennard Struff,1,27,1,25,32,3,19,0,0,0,0,0,0
20240115-M-Australian_Open-R128-Rinky_Hijikata-Jan_Lennard_Struff,Jan Lennard Struff,2,16,15,6,14,12,7,30,13,27,4,0,0
20240115-M-Australian_Open-R128-Hubert_Hurkacz-Omar_Jasika,Hubert Hurkacz,Total,31,3,15,28,1,14,15,8,8,6,0,0
20240115-M-Australian_Open-R128-Hubert_Hurkacz-Omar_Jasika,Hubert Hurkacz,1,23,0,9,15,0,9,0,0,0,0,0,0
20240115-M-Australian_Open-R128-Hubert_Hurkacz-Omar_Jasika,Hubert Hurkacz,2,8,3,6,13,1,5,15,8,8,6,0,0
20240115-M-Australian_Open-R128-Hubert_Hurkacz-Omar_Jasika,Omar Jasika,Total,15,5,33,26,9,10,14,4,14,1,0,0
20240115-M-Australian_Open-R128-Hubert_Hurkacz-Omar_Jasika,Omar Jasika,1,9,2,28,17,1,8,0,0,0,0,0,0
20240115-M-Australian_Open-R128-Hubert_Hurkacz-Omar_Jasika,Omar Jasika,2,6,3,5,9,8,2,14,4,14,1,0,0
20240115-M-Australian_Open-R128-Felix_Auger_Aliassime-Dominic_Thiem,Felix Auger Aliassime,Total,29,16,44,39,15,23,35,20,24,0,0,0
20240115-M-Australian_Open-R128-Felix_Auger_Aliassime-Dominic_Thiem,Felix Auger Aliassime,1,18,5,29,21,4,20,0,0,0,0,0,0
20240115-M-Australian_Open-R128-Felix_Auger_Aliassime-Dominic_Thiem,Felix Auger Aliassime,2,11,11,15,18,11,3,35,20,24,0,0,0
20240115-M-Australian_Open-R128-Felix_Auger_Aliassime-Dominic_Thiem,Dominic Thiem,Total,42,3,48,62,3,22,18,22,25,2,0,0
20240115-M-Australian_Open-R128-Felix_Auger_Aliassime-Dominic_Thiem,Dominic Thiem,1,30,0,32,39,2,18,0,0,0,0,0,0
20240115-M-Australian_Open-R128-Felix_Auger_Aliassime-Dominic_Thiem,Dominic Thiem,2,12,3,16,23,1,4,18,22,25,2,0,0
20240115-M-Australian_Open-R128-Alex_Michelsen-James_Mccabe,Alex Michelsen,Total,22,27,12,26,18,13,20,11,9,2,0,0
20240115-M-Australian_Open-R128-Alex_Michelsen-James_Mccabe,Alex Michelsen,1,20,12,9,23,4,12,0,0,0,0,0,0
20240115-M-Australian_Open-R128-Alex_Michelsen-James_Mccabe,Alex Michelsen,2,2,15,3,3,14,1,20,11,9,2,0,0
20240115-M-Australian_Open-R128-Alex_Michelsen-James_Mccabe,James Mccabe,Total,26,18,15,17,17,19,17,8,20,1,0,0
20240115-M-Australian_Open-R128-Alex_Michelsen-James_Mccabe,James Mccabe,1,21,8,13,9,5,14,0,0,0,0,0,0
20240115-M-Australian_Open-R128-Alex_Michelsen-James_Mccabe,James Mccabe,2,5,10,2,8,12,5,17,8,20,1,0,0
20240114-M-Australian_Open-R128-Thiago_Seyboth_Wild-Andrey_Rublev,Thiago Seyboth Wild,Total,41,4,58,42,5,49,38,10,17,9,0,0
20240114-M-Australian_Open-R128-Thiago_Seyboth_Wild-Andrey_Rublev,Thiago Seyboth Wild,1,30,1,37,31,0,32,0,0,0,0,0,0
20240114-M-Australian_Open-R128-Thiago_Seyboth_Wild-Andrey_Rublev,Thiago Seyboth Wild,2,11,3,21,11,5,17,38,10,17,9,0,0
20240114-M-Australian_Open-R128-Thiago_Seyboth_Wild-Andrey_Rublev,Andrey Rublev,Total,28,12,38,42,10,21,26,12,12,4,0,0
20240114-M-Australian_Open-R128-Thiago_Seyboth_Wild-Andrey_Rublev,Andrey Rublev,1,25,0,29,25,0,19,0,0,0,0,0,0
20240114-M-Australian_Open-R128-Thiago_Seyboth_Wild-Andrey_Rublev,Andrey Rublev,2,3,12,9,17,10,2,26,12,12,4,0,0
20240114-M-Australian_Open-R128-Matteo_Arnaldi-Adam_Walton,Matteo Arnaldi,Total,20,8,32,34,4,16,13,15,15,0,0,0
20240114-M-Australian_Open-R128-Matteo_Arnaldi-Adam_Walton,Matteo Arnaldi,1,18,3,18,18,0,15,0,0,0,0,0,0
20240114-M-Australian_Open-R128-Matteo_Arnaldi-Adam_Walton,Matteo Arnaldi,2,2,5,14,16,4,1,13,15,15,0,0,0
20240114-M-Australian_Open-R128-Matteo_Arnaldi-Adam_Walton,Adam Walton,Total,20,5,25,18,5,19,11,5,15,3,0,0
20240114-M-Australian_Open-R128-Matteo_Arnaldi-Adam_Walton,Adam Walton,1,14,3,18,7,2,14,0,0,0,0,0,0
20240114-M-Australian_Open-R128-Matteo_Arnaldi-Adam_Walton,Adam Walton,2,6,2,7,11,3,5,11,5,15,3,0,0
20240114-M-Australian_Open-R128-Jesper_De_Jong-Pedro_Cachin,Jesper De Jong,Total,23,22,14,14,12,27,14,6,17,2,0,0
20240114-M-Australian_Open-R128-Jesper_De_Jong-Pedro_Cachin,Jesper De Jong,1,20,5,14,13,3,20,0,0,0,0,0,0
20240114-M-Australian_Open-R128-Jesper_De_Jong-Pedro_Cachin,Jesper De Jong,2,3,17,0,1,9,7,14,6,17,2,0,0
20240114-M-Australian_Open-R128-Jesper_De_Jong-Pedro_Cachin,Pedro Cachin,Total,14,19,22,16,14,18,27,6,8,1,0,0
20240114-M-Australian_Open-R128-Jesper_De_Jong-Pedro_Cachin,Pedro Cachin,1,13,9,14,10,5,13,0,0,0,0,0,0
20240114-M-Australian_Open-R128-Jesper_De_Jong-Pedro_Cachin,Pedro Cachin,2,1,10,8,6,9,5,27,6,8,1,0,0
20240114-M-Australian_Open-R128-Dino_Prizmic-Novak_Djokovic,Dino Prizmic,Total,33,15,13,21,19,17,20,4,17,2,0,0
20240114-M-Australian_Open-R128-Dino_Prizmic-Novak_Djokovic,Dino Prizmic,1,27,8,10,19,10,7,0,0,0,0,0,0
20240114-M-Australian_Open-R128-Dino_Prizmic-Novak_Djokovic,Dino Prizmic,2,6,7,3,2,9,10,20,4,17,2,0,0
20240114-M-Australian_Open-R128-Dino_Prizmic-Novak_Djokovic,Novak Djokovic,Total,28,13,27,22,13,26,21,7,22,3,0,0
20240114-M-Australian_Open-R128-Dino_Prizmic-Novak_Djokovic,Novak Djokovic,1,18,5,19,16,4,15,0,0,0,0,0,0
20240114-M-Australian_Open-R128-Dino_Prizmic-Novak_Djokovic,Novak Djokovic,2,10,8,8,6,9,11,21,7,22,3,0,0
20240114-M-Australian_Open-R128-Daniel_Elahi_Galan-Jason_Kubler,Daniel Elahi Galan,Total,34,17,51,54,16,30,31,11,22,3,0,0
20240114-M-Australian_Open-R128-Daniel_Elahi_Galan-Jason_Kubler,Daniel Elahi Galan,1,31,8,34,31,6,27,0,0,0,0,0,0
20240114-M-Australian_Open-R128-Daniel_Elahi_Galan-Jason_Kubler,Daniel Elahi Galan,2,3,9,17,23,10,3,31,11,22,3,0,0
20240114-M-Australian_Open-R128-Daniel_Elahi_Galan-Jason_Kubler,Jason Kubler,Total,29,16,45,57,8,20,23,17,27,3,0,0
20240114-M-Australian_Open-R128-Daniel_Elahi_Galan-Jason_Kubler,Jason Kubler,1,26,9,24,27,6,17,0,0,0,0,0,0
20240114-M-Australian_Open-R128-Daniel_Elahi_Galan-Jason_Kubler,Jason Kubler,2,3,7,21,30,2,3,23,17,27,3,0,0
20240114-M-Australian_Open-R128-Cristian_Garin-Christopher_Oconnell,Cristian Garin,Total,40,17,20,39,9,23,29,9,28,5,3,0
20240114-M-Australian_Open-R128-Cristian_Garin-Christopher_Oconnell,Cristian Garin,1,21,5,16,29,4,9,0,0,0,0,0,0
20240114-M-Australian_Open-R128-Cristian_Garin-Christopher_Oconnell,Cristian Garin,2,19,12,4,10,5,14,29,9,28,5,3,0
20240114-M-Australian_Open-R128-Cristian_Garin-Christopher_Oconnell,Christopher Oconnell,Total,18,17,54,59,7,18,27,19,29,6,0,0
20240114-M-Australian_Open-R128-Cristian_Garin-Christopher_Oconnell,Christopher Oconnell,1,16,1,40,25,1,14,0,0,0,0,0,0
20240114-M-Australian_Open-R128-Cristian_Garin-Christopher_Oconnell,Christopher Oconnell,2,2,16,14,34,6,4,27,19,29,6,0,0
20240114-M-Australian_Open-R128-Botic_Van_De_Zandschulp-Jannik_Sinner,Botic Van De Zandschulp,Total,26,13,17,13,13,25,20,5,13,2,0,0
20240114-M-Australian_Open-R128-Botic_Van_De_Zandschulp-Jannik_Sinner,Botic Van De Zandschulp,1,17,4,15,11,7,15,0,0,0,0,0,0
20240114-M-Australian_Open-R128-Botic_Van_De_Zandschulp-Jannik_Sinner,Botic Van De Zandschulp,2,9,9,2,2,6,10,20,5,13,2,0,0
20240114-M-Australian_Open-R128-Botic_Van_De_Zandschulp-Jannik_Sinner,Jannik Sinner,Total,12,10,25,21,10,10,19,7,12,1,0,0
20240114-M-Australian_Open-R128-Botic_Van_De_Zandschulp-Jannik_Sinner,Jannik Sinner,1,10,3,15,16,0,7,0,0,0,0,0,0
20240114-M-Australian_Open-R128-Botic_Van_De_Zandschulp-Jannik_Sinner,Jannik Sinner,2,2,7,10,5,10,3,19,7,12,1,0,0
20240112-M-Australian_Open-Q3-Jesper_De_Jong-Camilo_Ugo_Carabelli,Jesper De Jong,Total,31,17,17,12,8,38,18,7,26,5,0,0
20240112-M-Australian_Open-Q3-Jesper_De_Jong-Camilo_Ugo_Carabelli,Jesper De Jong,1,22,1,13,10,2,24,0,0,0,0,0,0
20240112-M-Australian_Open-Q3-Jesper_De_Jong-Camilo_Ugo_Carabelli,Jesper De Jong,2,9,16,4,2,6,14,18,7,26,5,0,0
20240112-M-Australian_Open-Q3-Jesper_De_Jong-Camilo_Ugo_Carabelli,Camilo Ugo Carabelli,Total,7,25,26,16,26,13,34,6,17,3,0,0
20240112-M-Australian_Open-Q3-Jesper_De_Jong-Camilo_Ugo_Carabelli,Camilo Ugo Carabelli,1,7,12,11,6,7,12,0,0,0,0,0,0
20240112-M-Australian_Open-Q3-Jesper_De_Jong-Camilo_Ugo_Carabelli,Camilo Ugo Carabelli,2,0,13,15,10,19,1,34,6,17,3,0,0
20240111-M-Australian_Open-Q2-John_Millman-Alex_Molcan,John Millman,Total,14,11,5,9,10,8,11,3,10,0,0,0
20240111-M-Australian_Open-Q2-John_Millman-Alex_Molcan,John Millman,1,7,7,5,7,1,6,0,0,0,0,0,0
20240111-M-Australian_Open-Q2-John_Millman-Alex_Molcan,John Millman,2,7,4,0,2,9,2,11,3,10,0,0,0
20240111-M-Australian_Open-Q2-John_Millman-Alex_Molcan,Alex Molcan,Total,7,14,12,12,12,8,7,4,7,0,2,0
20240111-M-Australian_Open-Q2-John_Millman-Alex_Molcan,Alex Molcan,1,5,8,11,8,9,7,0,0,0,0,0,0
20240111-M-Australian_Open-Q2-John_Millman-Alex_Molcan,Alex Molcan,2,2,6,1,4,3,1,7,4,7,0,2,0
20240110-M-Australian_Open-Q1-John_Millman-Alessandro_Giannessi,John Millman,Total,20,5,9,8,10,13,8,4,8,2,0,0
20240110-M-Australian_Open-Q1-John_Millman-Alessandro_Giannessi,John Millman,1,13,4,8,6,4,9,0,0,0,0,0,0
20240110-M-Australian_Open-Q1-John_Millman-Alessandro_Giannessi,John Millman,2,7,1,1,2,6,4,8,4,8,2,0,0
20240110-M-Australian_Open-Q1-John_Millman-Alessandro_Giannessi,Alessandro Giannessi,Total,8,12,7,15,5,3,8,8,8,2,0,0
20240110-M-Australian_Open-Q1-John_Millman-Alessandro_Giannessi,Alessandro Giannessi,1,6,6,7,9,1,2,0,0,0,0,0,0
20240110-M-Australian_Open-Q1-John_Millman-Alessandro_Giannessi,Alessandro Giannessi,2,2,6,0,6,4,1,8,8,8,2,0,0
20230910-M-US_Open-F-Novak_Djokovic-Daniil_Medvedev,Novak Djokovic,Total,24,16,16,11,11,31,32,6,15,1,0,1
20230910-M-US_Open-F-Novak_Djokovic-Daniil_Medvedev,Novak Djokovic,1,16,0,14,8,5,17,0,0,0,0,0,0
20230910-M-US_Open-F-Novak_Djokovic-Daniil_Medvedev,Novak Djokovic,2,8,16,2,3,6,14,32,6,15,1,0,1
20230910-M-US_Open-F-Novak_Djokovic-Daniil_Medvedev,Daniil Medvedev,Total,25,10,19,16,13,23,13,7,19,4,0,0
20230910-M-US_Open-F-Novak_Djokovic-Daniil_Medvedev,Daniil Medvedev,1,17,4,17,11,2,18,0,0,0,0,0,0
20230910-M-US_Open-F-Novak_Djokovic-Daniil_Medvedev,Daniil Medvedev,2,8,6,2,5,11,5,13,7,19,4,0,0
20230909-M-US_Open-SF-Carlos_Alcaraz-Daniil_Medvedev,Carlos Alcaraz,Total,55,10,5,28,8,27,19,5,15,0,0,0
20230909-M-US_Open-SF-Carlos_Alcaraz-Daniil_Medvedev,Carlos Alcaraz,1,43,6,5,15,4,21,0,0,0,0,0,0
20230909-M-US_Open-SF-Carlos_Alcaraz-Daniil_Medvedev,Carlos Alcaraz,2,12,4,0,13,4,6,19,5,15,0,0,0
20230909-M-US_Open-SF-Carlos_Alcaraz-Daniil_Medvedev,Daniil Medvedev,Total,40,5,19,21,17,27,21,6,27,2,0,0
20230909-M-US_Open-SF-Carlos_Alcaraz-Daniil_Medvedev,Daniil Medvedev,1,27,1,16,17,0,22,0,0,0,0,0,0
20230909-M-US_Open-SF-Carlos_Alcaraz-Daniil_Medvedev,Daniil Medvedev,2,13,4,3,4,17,5,21,6,27,2,0,0
20230908-M-US_Open-SF-Novak_Djokovic-Ben_Shelton,Novak Djokovic,Total,28,3,20,15,2,31,15,6,13,0,0,0
20230908-M-US_Open-SF-Novak_Djokovic-Ben_Shelton,Novak Djokovic,1,19,0,16,14,2,17,0,0,0,0,0,0
20230908-M-US_Open-SF-Novak_Djokovic-Ben_Shelton,Novak Djokovic,2,9,3,4,1,0,14,15,6,13,0,0,0
20230908-M-US_Open-SF-Novak_Djokovic-Ben_Shelton,Ben Shelton,Total,27,6,20,22,10,17,10,8,15,2,0,0
20230908-M-US_Open-SF-Novak_Djokovic-Ben_Shelton,Ben Shelton,1,21,2,15,18,3,13,0,0,0,0,0,0
20230908-M-US_Open-SF-Novak_Djokovic-Ben_Shelton,Ben Shelton,2,6,4,5,4,7,4,10,8,15,2,0,0
20230906-M-US_Open-QF-Carlos_Alcaraz-Alexander_Zverev,Carlos Alcaraz,Total,38,9,4,20,7,19,23,4,16,2,0,0
20230906-M-US_Open-QF-Carlos_Alcaraz-Alexander_Zverev,Carlos Alcaraz,1,24,3,3,11,2,12,0,0,0,0,0,0
20230906-M-US_Open-QF-Carlos_Alcaraz-Alexander_Zverev,Carlos Alcaraz,2,14,6,1,9,5,7,23,4,16,2,0,0
20230906-M-US_Open-QF-Carlos_Alcaraz-Alexander_Zverev,Alexander Zverev,Total,14,7,19,11,9,17,11,4,14,0,0,0
20230906-M-US_Open-QF-Carlos_Alcaraz-Alexander_Zverev,Alexander Zverev,1,14,1,12,10,2,13,0,0,0,0,0,0
20230906-M-US_Open-QF-Carlos_Alcaraz-Alexander_Zverev,Alexander Zverev,2,0,6,7,1,7,4,11,4,14,0,0,0
20230906-M-US_Open-QF-Andrey_Rublev-Daniil_Medvedev,Andrey Rublev,Total,16,1,34,29,5,13,27,13,4,0,0,0
20230906-M-US_Open-QF-Andrey_Rublev-Daniil_Medvedev,Andrey Rublev,1,16,0,16,13,1,13,0,0,0,0,0,0
20230906-M-US_Open-QF-Andrey_Rublev-Daniil_Medvedev,Andrey Rublev,2,0,1,18,16,4,0,27,13,4,0,0,0
20230906-M-US_Open-QF-Andrey_Rublev-Daniil_Medvedev,Daniil Medvedev,Total,25,5,21,33,1,15,23,12,19,0,0,0
20230906-M-US_Open-QF-Andrey_Rublev-Daniil_Medvedev,Daniil Medvedev,1,13,0,13,18,0,11,0,0,0,0,0,0
20230906-M-US_Open-QF-Andrey_Rublev-Daniil_Medvedev,Daniil Medvedev,2,12,5,8,15,1,4,23,12,19,0,0,0
20230905-M-US_Open-QF-Novak_Djokovic-Taylor_Fritz,Novak Djokovic,Total,16,7,25,15,8,23,27,4,12,0,0,0
20230905-M-US_Open-QF-Novak_Djokovic-Taylor_Fritz,Novak Djokovic,1,12,1,18,10,1,14,0,0,0,0,0,0
20230905-M-US_Open-QF-Novak_Djokovic-Taylor_Fritz,Novak Djokovic,2,4,6,7,5,7,9,27,4,12,0,0,0
20230905-M-US_Open-QF-Novak_Djokovic-Taylor_Fritz,Taylor Fritz,Total,18,13,16,20,9,13,22,7,13,0,0,0
20230905-M-US_Open-QF-Novak_Djokovic-Taylor_Fritz,Taylor Fritz,1,17,1,11,9,2,9,0,0,0,0,0,0
20230905-M-US_Open-QF-Novak_Djokovic-Taylor_Fritz,Taylor Fritz,2,1,12,5,11,7,4,22,7,13,0,0,0
20230905-M-US_Open-QF-Frances_Tiafoe-Ben_Shelton,Frances Tiafoe,Total,32,12,20,13,15,30,22,11,19,5,0,0
20230905-M-US_Open-QF-Frances_Tiafoe-Ben_Shelton,Frances Tiafoe,1,19,5,12,8,3,22,0,0,0,0,0,0
20230905-M-US_Open-QF-Frances_Tiafoe-Ben_Shelton,Frances Tiafoe,2,13,7,8,5,12,8,22,11,19,5,0,0
20230905-M-US_Open-QF-Frances_Tiafoe-Ben_Shelton,Ben Shelton,Total,22,23,12,18,14,19,20,12,21,3,0,0
20230905-M-US_Open-QF-Frances_Tiafoe-Ben_Shelton,Ben Shelton,1,15,10,7,16,4,11,0,0,0,0,0,0
20230905-M-US_Open-QF-Frances_Tiafoe-Ben_Shelton,Ben Shelton,2,7,13,5,2,10,8,20,12,21,3,0,0
20230904-M-US_Open-R16-Jannik_Sinner-Alexander_Zverev,Jannik Sinner,Total,33,16,34,39,16,22,33,13,27,6,0,0
20230904-M-US_Open-R16-Jannik_Sinner-Alexander_Zverev,Jannik Sinner,1,20,4,23,21,2,18,0,0,0,0,0,0
20230904-M-US_Open-R16-Jannik_Sinner-Alexander_Zverev,Jannik Sinner,2,13,12,11,18,14,4,33,13,27,6,0,0
20230904-M-US_Open-R16-Jannik_Sinner-Alexander_Zverev,Alexander Zverev,Total,32,17,34,35,7,37,22,13,20,0,0,0
20230904-M-US_Open-R16-Jannik_Sinner-Alexander_Zverev,Alexander Zverev,1,27,4,25,25,1,31,0,0,0,0,0,0
20230904-M-US_Open-R16-Jannik_Sinner-Alexander_Zverev,Alexander Zverev,2,5,13,9,10,6,6,22,13,20,0,0,0
20230904-M-US_Open-R16-Daniil_Medvedev-Alex_De_Minaur,Daniil Medvedev,Total,24,6,24,19,7,24,18,8,15,2,0,0
20230904-M-US_Open-R16-Daniil_Medvedev-Alex_De_Minaur,Daniil Medvedev,1,12,1,22,10,2,20,0,0,0,0,0,0
20230904-M-US_Open-R16-Daniil_Medvedev-Alex_De_Minaur,Daniil Medvedev,2,12,5,2,9,5,4,18,8,15,2,0,0
20230904-M-US_Open-R16-Daniil_Medvedev-Alex_De_Minaur,Alex De Minaur,Total,21,21,7,25,13,8,17,10,18,2,0,0
20230904-M-US_Open-R16-Daniil_Medvedev-Alex_De_Minaur,Alex De Minaur,1,18,6,5,11,3,7,0,0,0,0,0,0
20230904-M-US_Open-R16-Daniil_Medvedev-Alex_De_Minaur,Alex De Minaur,2,3,15,2,14,10,1,17,10,18,2,0,0
20230903-M-US_Open-R16-Tommy_Paul-Ben_Shelton,Tommy Paul,Total,32,9,17,18,6,26,30,9,12,1,0,0
20230903-M-US_Open-R16-Tommy_Paul-Ben_Shelton,Tommy Paul,1,15,7,13,14,3,12,0,0,0,0,0,0
20230903-M-US_Open-R16-Tommy_Paul-Ben_Shelton,Tommy Paul,2,17,2,4,4,3,14,30,9,12,1,0,0
20230903-M-US_Open-R16-Tommy_Paul-Ben_Shelton,Ben Shelton,Total,19,16,28,33,16,11,22,8,15,4,0,0
20230903-M-US_Open-R16-Tommy_Paul-Ben_Shelton,Ben Shelton,1,14,9,18,25,8,9,0,0,0,0,0,0
20230903-M-US_Open-R16-Tommy_Paul-Ben_Shelton,Ben Shelton,2,5,7,10,8,8,2,22,8,15,4,0,0
20230903-M-US_Open-R16-Taylor_Fritz-Dominic_Stricker,Taylor Fritz,Total,15,25,12,20,14,11,15,9,19,5,0,0
20230903-M-US_Open-R16-Taylor_Fritz-Dominic_Stricker,Taylor Fritz,1,12,7,11,13,3,8,0,0,0,0,0,0
20230903-M-US_Open-R16-Taylor_Fritz-Dominic_Stricker,Taylor Fritz,2,3,18,1,7,11,3,15,9,19,5,0,0
20230903-M-US_Open-R16-Taylor_Fritz-Dominic_Stricker,Dominic Stricker,Total,21,4,25,23,6,13,16,6,24,4,0,0
20230903-M-US_Open-R16-Taylor_Fritz-Dominic_Stricker,Dominic Stricker,1,13,0,10,9,4,13,0,0,0,0,0,0
20230903-M-US_Open-R16-Taylor_Fritz-Dominic_Stricker,Dominic Stricker,2,8,4,15,14,2,0,16,6,24,4,0,0
20230903-M-US_Open-R16-Rinky_Hijikata-Frances_Tiafoe,Rinky Hijikata,Total,21,9,17,20,9,13,20,7,20,2,0,0
20230903-M-US_Open-R16-Rinky_Hijikata-Frances_Tiafoe,Rinky Hijikata,1,13,2,10,9,0,10,0,0,0,0,0,0
20230903-M-US_Open-R16-Rinky_Hijikata-Frances_Tiafoe,Rinky Hijikata,2,8,7,7,11,9,3,20,7,20,2,0,0
20230903-M-US_Open-R16-Rinky_Hijikata-Frances_Tiafoe,Frances Tiafoe,Total,17,2,15,19,2,10,10,9,13,0,0,0
20230903-M-US_Open-R16-Rinky_Hijikata-Frances_Tiafoe,Frances Tiafoe,1,13,0,8,6,0,9,0,0,0,0,0,0
20230903-M-US_Open-R16-Rinky_Hijikata-Frances_Tiafoe,Frances Tiafoe,2,4,2,7,13,2,1,10,9,13,0,0,0
20230903-M-US_Open-R16-Borna_Gojo-Novak_Djokovic,Borna Gojo,Total,32,16,10,25,11,20,14,7,25,3,0,0
20230903-M-US_Open-R16-Borna_Gojo-Novak_Djokovic,Borna Gojo,1,26,9,9,12,0,17,0,0,0,0,0,0
20230903-M-US_Open-R16-Borna_Gojo-Novak_Djokovic,Borna Gojo,2,6,7,1,13,11,3,14,7,25,3,0,0
20230903-M-US_Open-R16-Borna_Gojo-Novak_Djokovic,Novak Djokovic,Total,20,10,9,17,4,15,13,0,12,3,0,0
20230903-M-US_Open-R16-Borna_Gojo-Novak_Djokovic,Novak Djokovic,1,17,6,8,10,1,8,0,0,0,0,0,0
20230903-M-US_Open-R16-Borna_Gojo-Novak_Djokovic,Novak Djokovic,2,3,4,1,7,3,7,13,0,12,3,0,0
20230902-M-US_Open-R32-Sebastian_Baez-Daniil_Medvedev,Sebastian Baez,Total,21,16,7,5,16,20,19,3,9,1,0,0
20230902-M-US_Open-R32-Sebastian_Baez-Daniil_Medvedev,Sebastian Baez,1,16,9,3,3,5,20,0,0,0,0,0,0
20230902-M-US_Open-R32-Sebastian_Baez-Daniil_Medvedev,Sebastian Baez,2,5,7,4,2,11,0,19,3,9,1,0,0
20230902-M-US_Open-R32-Sebastian_Baez-Daniil_Medvedev,Daniil Medvedev,Total,33,12,16,14,16,29,27,5,17,4,0,0
20230902-M-US_Open-R32-Sebastian_Baez-Daniil_Medvedev,Daniil Medvedev,1,18,4,16,12,2,22,0,0,0,0,0,0
20230902-M-US_Open-R32-Sebastian_Baez-Daniil_Medvedev,Daniil Medvedev,2,15,8,0,2,14,7,27,5,17,4,0,0
20230902-M-US_Open-R32-Nicolas_Jarry-Alex_De_Minaur,Nicolas Jarry,Total,16,4,17,26,2,6,14,5,11,0,0,0
20230902-M-US_Open-R32-Nicolas_Jarry-Alex_De_Minaur,Nicolas Jarry,1,12,1,10,15,0,6,0,0,0,0,0,0
20230902-M-US_Open-R32-Nicolas_Jarry-Alex_De_Minaur,Nicolas Jarry,2,4,3,7,11,2,0,14,5,11,0,0,0
20230902-M-US_Open-R32-Nicolas_Jarry-Alex_De_Minaur,Alex De Minaur,Total,11,5,20,22,2,9,20,4,14,0,0,0
20230902-M-US_Open-R32-Nicolas_Jarry-Alex_De_Minaur,Alex De Minaur,1,9,2,9,6,2,7,0,0,0,0,0,0
20230902-M-US_Open-R32-Nicolas_Jarry-Alex_De_Minaur,Alex De Minaur,2,2,3,11,16,0,2,20,4,14,0,0,0
20230902-M-US_Open-R32-Jannik_Sinner-Stan_Wawrinka,Jannik Sinner,Total,31,26,8,37,11,11,12,7,28,5,0,3
20230902-M-US_Open-R32-Jannik_Sinner-Stan_Wawrinka,Jannik Sinner,1,23,11,6,21,4,9,0,0,0,0,0,0
20230902-M-US_Open-R32-Jannik_Sinner-Stan_Wawrinka,Jannik Sinner,2,8,15,2,16,7,2,12,7,28,5,0,3
20230902-M-US_Open-R32-Jannik_Sinner-Stan_Wawrinka,Stan Wawrinka,Total,24,16,14,35,5,13,7,10,29,9,1,3
20230902-M-US_Open-R32-Jannik_Sinner-Stan_Wawrinka,Stan Wawrinka,1,16,6,7,10,0,13,0,0,0,0,0,0
20230902-M-US_Open-R32-Jannik_Sinner-Stan_Wawrinka,Stan Wawrinka,2,8,10,7,25,5,0,7,10,29,9,1,3
20230902-M-US_Open-R32-Grigor_Dimitrov-Alexander_Zverev,Grigor Dimitrov,Total,21,8,41,32,15,17,28,5,30,0,0,0
20230902-M-US_Open-R32-Grigor_Dimitrov-Alexander_Zverev,Grigor Dimitrov,1,21,1,22,14,4,16,0,0,0,0,0,0
20230902-M-US_Open-R32-Grigor_Dimitrov-Alexander_Zverev,Grigor Dimitrov,2,0,7,19,18,11,1,28,5,30,0,0,0
20230902-M-US_Open-R32-Grigor_Dimitrov-Alexander_Zverev,Alexander Zverev,Total,21,3,42,25,6,25,15,3,19,0,0,1
20230902-M-US_Open-R32-Grigor_Dimitrov-Alexander_Zverev,Alexander Zverev,1,18,1,31,13,2,20,0,0,0,0,0,0
20230902-M-US_Open-R32-Grigor_Dimitrov-Alexander_Zverev,Alexander Zverev,2,3,2,11,12,4,5,15,3,19,0,0,1
20230902-M-US_Open-R32-Daniel_Evans-Carlos_Alcaraz,Daniel Evans,Total,15,32,21,28,21,15,21,8,26,5,0,0
20230902-M-US_Open-R32-Daniel_Evans-Carlos_Alcaraz,Daniel Evans,1,14,12,17,20,3,11,0,0,0,0,0,0
20230902-M-US_Open-R32-Daniel_Evans-Carlos_Alcaraz,Daniel Evans,2,1,20,4,8,18,4,21,8,26,5,0,0
20230902-M-US_Open-R32-Daniel_Evans-Carlos_Alcaraz,Carlos Alcaraz,Total,14,33,8,28,12,11,16,6,25,3,0,0
20230902-M-US_Open-R32-Daniel_Evans-Carlos_Alcaraz,Carlos Alcaraz,1,11,16,3,14,7,9,0,0,0,0,0,0
20230902-M-US_Open-R32-Daniel_Evans-Carlos_Alcaraz,Carlos Alcaraz,2,3,17,5,14,5,2,16,6,25,3,0,0
20230901-M-US_Open-R32-Rinky_Hijikata-Zhizhen_Zhang,Rinky Hijikata,Total,26,13,23,33,7,18,24,11,18,2,0,0
20230901-M-US_Open-R32-Rinky_Hijikata-Zhizhen_Zhang,Rinky Hijikata,1,16,4,17,16,1,16,0,0,0,0,0,0
20230901-M-US_Open-R32-Rinky_Hijikata-Zhizhen_Zhang,Rinky Hijikata,2,10,9,6,17,6,2,24,11,18,2,0,0
20230901-M-US_Open-R32-Rinky_Hijikata-Zhizhen_Zhang,Zhizhen Zhang,Total,15,22,31,28,13,25,16,10,30,2,0,0
20230901-M-US_Open-R32-Rinky_Hijikata-Zhizhen_Zhang,Zhizhen Zhang,1,12,9,17,14,6,21,0,0,0,0,0,0
20230901-M-US_Open-R32-Rinky_Hijikata-Zhizhen_Zhang,Zhizhen Zhang,2,3,13,14,14,7,4,16,10,30,2,0,0
20230901-M-US_Open-R32-Novak_Djokovic-Laslo_Djere,Novak Djokovic,Total,33,19,13,26,11,22,14,8,20,6,0,0
20230901-M-US_Open-R32-Novak_Djokovic-Laslo_Djere,Novak Djokovic,1,25,12,12,17,3,11,0,0,0,0,0,0
20230901-M-US_Open-R32-Novak_Djokovic-Laslo_Djere,Novak Djokovic,2,8,7,1,9,8,11,14,8,20,6,0,0
20230901-M-US_Open-R32-Novak_Djokovic-Laslo_Djere,Laslo Djere,Total,34,19,21,40,9,20,17,11,11,6,0,0
20230901-M-US_Open-R32-Novak_Djokovic-Laslo_Djere,Laslo Djere,1,28,6,16,26,6,18,0,0,0,0,0,0
20230901-M-US_Open-R32-Novak_Djokovic-Laslo_Djere,Laslo Djere,2,6,13,5,14,3,2,17,11,11,6,0,0
20230831-M-US_Open-R64-Lloyd_Harris-Carlos_Alcaraz,Lloyd Harris,Total,20,9,21,24,4,14,20,13,2,0,0,0
20230831-M-US_Open-R64-Lloyd_Harris-Carlos_Alcaraz,Lloyd Harris,1,16,0,18,18,1,10,0,0,0,0,0,0
20230831-M-US_Open-R64-Lloyd_Harris-Carlos_Alcaraz,Lloyd Harris,2,4,9,3,6,3,4,20,13,2,0,0,0
20230831-M-US_Open-R64-Lloyd_Harris-Carlos_Alcaraz,Carlos Alcaraz,Total,31,13,12,21,8,19,12,4,23,0,0,0
20230831-M-US_Open-R64-Lloyd_Harris-Carlos_Alcaraz,Carlos Alcaraz,1,21,8,9,7,5,16,0,0,0,0,0,0
20230831-M-US_Open-R64-Lloyd_Harris-Carlos_Alcaraz,Carlos Alcaraz,2,10,5,3,14,3,3,12,4,23,0,0,0
20230831-M-US_Open-R64-John_Isner-Michael_Mmoh,John Isner,Total,43,19,21,24,20,35,18,13,17,4,2,2
20230831-M-US_Open-R64-John_Isner-Michael_Mmoh,John Isner,1,35,4,21,18,4,29,0,0,0,0,0,0
20230831-M-US_Open-R64-John_Isner-Michael_Mmoh,John Isner,2,8,15,0,6,16,6,18,13,17,4,2,2
20230831-M-US_Open-R64-John_Isner-Michael_Mmoh,Michael Mmoh,Total,33,32,19,15,33,28,15,13,18,3,0,1
20230831-M-US_Open-R64-John_Isner-Michael_Mmoh,Michael Mmoh,1,26,20,13,13,20,23,0,0,0,0,0,0
20230831-M-US_Open-R64-John_Isner-Michael_Mmoh,Michael Mmoh,2,7,12,6,2,13,5,15,13,18,3,0,1
20230831-M-US_Open-R64-Hubert_Hurkacz-Jack_Draper,Hubert Hurkacz,Total,30,2,20,12,8,31,9,12,18,6,0,0
20230831-M-US_Open-R64-Hubert_Hurkacz-Jack_Draper,Hubert Hurkacz,1,16,0,18,8,1,15,0,0,0,0,0,0
20230831-M-US_Open-R64-Hubert_Hurkacz-Jack_Draper,Hubert Hurkacz,2,14,2,2,4,7,16,9,12,18,6,0,0
20230831-M-US_Open-R64-Hubert_Hurkacz-Jack_Draper,Jack Draper,Total,12,9,25,28,4,9,9,9,16,6,0,0
20230831-M-US_Open-R64-Hubert_Hurkacz-Jack_Draper,Jack Draper,1,9,2,14,17,1,8,0,0,0,0,0,0
20230831-M-US_Open-R64-Hubert_Hurkacz-Jack_Draper,Jack Draper,2,3,7,11,11,3,1,9,9,16,6,0,0
20230831-M-US_Open-R64-Grigor_Dimitrov-Andy_Murray,Grigor Dimitrov,Total,21,15,16,18,18,11,33,4,8,0,0,0
20230831-M-US_Open-R64-Grigor_Dimitrov-Andy_Murray,Grigor Dimitrov,1,21,4,8,10,6,11,0,0,0,0,0,0
20230831-M-US_Open-R64-Grigor_Dimitrov-Andy_Murray,Grigor Dimitrov,2,0,11,8,8,12,0,33,4,8,0,0,0
20230831-M-US_Open-R64-Grigor_Dimitrov-Andy_Murray,Andy Murray,Total,19,8,18,13,10,19,23,5,14,2,0,0
20230831-M-US_Open-R64-Grigor_Dimitrov-Andy_Murray,Andy Murray,1,15,0,7,8,4,16,0,0,0,0,0,0
20230831-M-US_Open-R64-Grigor_Dimitrov-Andy_Murray,Andy Murray,2,4,8,11,5,6,3,23,5,14,2,0,0
20230831-M-US_Open-R64-Christopher_Oconnell-Daniil_Medvedev,Christopher Oconnell,Total,30,15,23,39,9,16,18,12,18,4,0,1
20230831-M-US_Open-R64-Christopher_Oconnell-Daniil_Medvedev,Christopher Oconnell,1,20,2,21,18,4,15,0,0,0,0,0,0
20230831-M-US_Open-R64-Christopher_Oconnell-Daniil_Medvedev,Christopher Oconnell,2,10,13,2,21,5,1,18,12,18,4,0,1
20230831-M-US_Open-R64-Christopher_Oconnell-Daniil_Medvedev,Daniil Medvedev,Total,18,13,25,16,13,24,25,5,25,5,0,0
20230831-M-US_Open-R64-Christopher_Oconnell-Daniil_Medvedev,Daniil Medvedev,1,8,3,18,11,3,16,0,0,0,0,0,0
20230831-M-US_Open-R64-Christopher_Oconnell-Daniil_Medvedev,Daniil Medvedev,2,10,10,7,5,10,8,25,5,25,5,0,0
20230830-M-US_Open-R64-Stefanos_Tsitsipas-Dominic_Stricker,Stefanos Tsitsipas,Total,43,22,32,35,15,39,27,14,34,6,0,0
20230830-M-US_Open-R64-Stefanos_Tsitsipas-Dominic_Stricker,Stefanos Tsitsipas,1,37,2,18,25,0,29,0,0,0,0,0,0
20230830-M-US_Open-R64-Stefanos_Tsitsipas-Dominic_Stricker,Stefanos Tsitsipas,2,6,20,14,10,15,10,27,14,34,6,0,0
20230830-M-US_Open-R64-Stefanos_Tsitsipas-Dominic_Stricker,Dominic Stricker,Total,17,11,68,57,6,23,39,6,33,5,0,0
20230830-M-US_Open-R64-Stefanos_Tsitsipas-Dominic_Stricker,Dominic Stricker,1,12,4,33,32,4,20,0,0,0,0,0,0
20230830-M-US_Open-R64-Stefanos_Tsitsipas-Dominic_Stricker,Dominic Stricker,2,5,7,35,25,2,3,39,6,33,5,0,0
20230830-M-US_Open-R64-Casper_Ruud-Zhizhen_Zhang,Casper Ruud,Total,25,22,30,38,15,15,32,5,16,1,0,0
20230830-M-US_Open-R64-Casper_Ruud-Zhizhen_Zhang,Casper Ruud,1,20,7,20,26,9,11,0,0,0,0,0,0
20230830-M-US_Open-R64-Casper_Ruud-Zhizhen_Zhang,Casper Ruud,2,5,15,10,12,6,4,32,5,16,1,0,0
20230830-M-US_Open-R64-Casper_Ruud-Zhizhen_Zhang,Zhizhen Zhang,Total,23,15,26,22,11,22,15,6,22,1,0,0
20230830-M-US_Open-R64-Casper_Ruud-Zhizhen_Zhang,Zhizhen Zhang,1,19,4,22,9,6,18,0,0,0,0,0,0
20230830-M-US_Open-R64-Casper_Ruud-Zhizhen_Zhang,Zhizhen Zhang,2,4,11,4,13,5,4,15,6,22,1,0,0
20230830-M-US_Open-R64-Bernabe_Zapata_Miralles-Novak_Djokovic,Bernabe Zapata Miralles,Total,25,11,5,16,5,18,12,5,8,2,0,0
20230830-M-US_Open-R64-Bernabe_Zapata_Miralles-Novak_Djokovic,Bernabe Zapata Miralles,1,22,4,3,9,3,14,0,0,0,0,0,0
20230830-M-US_Open-R64-Bernabe_Zapata_Miralles-Novak_Djokovic,Bernabe Zapata Miralles,2,3,7,2,7,2,4,12,5,8,2,0,0
20230830-M-US_Open-R64-Bernabe_Zapata_Miralles-Novak_Djokovic,Novak Djokovic,Total,16,15,7,21,1,12,16,3,6,5,0,0
20230830-M-US_Open-R64-Bernabe_Zapata_Miralles-Novak_Djokovic,Novak Djokovic,1,10,5,7,13,0,7,0,0,0,0,0,0
20230830-M-US_Open-R64-Bernabe_Zapata_Miralles-Novak_Djokovic,Novak Djokovic,2,6,10,0,8,1,5,16,3,6,5,0,0
20230829-M-US_Open-R128-John_Isner-Facundo_Diaz_Acosta,John Isner,Total,30,1,13,17,5,17,5,10,12,3,0,0
20230829-M-US_Open-R128-John_Isner-Facundo_Diaz_Acosta,John Isner,1,22,0,7,10,2,12,0,0,0,0,0,0
20230829-M-US_Open-R128-John_Isner-Facundo_Diaz_Acosta,John Isner,2,8,1,6,7,3,5,5,10,12,3,0,0
20230829-M-US_Open-R128-John_Isner-Facundo_Diaz_Acosta,Facundo Diaz Acosta,Total,5,27,26,22,17,16,18,8,15,3,0,0
20230829-M-US_Open-R128-John_Isner-Facundo_Diaz_Acosta,Facundo Diaz Acosta,1,4,11,26,18,3,13,0,0,0,0,0,0
20230829-M-US_Open-R128-John_Isner-Facundo_Diaz_Acosta,Facundo Diaz Acosta,2,1,16,0,4,14,3,18,8,15,3,0,0
20230829-M-US_Open-R128-Hubert_Hurkacz-Marc_Andrea_Huesler,Hubert Hurkacz,Total,33,16,27,27,11,27,13,13,21,5,0,0
20230829-M-US_Open-R128-Hubert_Hurkacz-Marc_Andrea_Huesler,Hubert Hurkacz,1,28,3,22,20,3,17,0,0,0,0,0,0
20230829-M-US_Open-R128-Hubert_Hurkacz-Marc_Andrea_Huesler,Hubert Hurkacz,2,5,13,5,7,8,10,13,13,21,5,0,0
20230829-M-US_Open-R128-Hubert_Hurkacz-Marc_Andrea_Huesler,Marc Andrea Huesler,Total,33,15,30,35,4,30,19,10,29,6,0,0
20230829-M-US_Open-R128-Hubert_Hurkacz-Marc_Andrea_Huesler,Marc Andrea Huesler,1,14,3,24,25,1,24,0,0,0,0,0,0
20230829-M-US_Open-R128-Hubert_Hurkacz-Marc_Andrea_Huesler,Marc Andrea Huesler,2,19,12,6,10,3,6,19,10,29,6,0,0
20230829-M-US_Open-R128-Grigor_Dimitrov-Alex_Molcan,Grigor Dimitrov,Total,59,8,29,35,13,40,33,13,31,3,0,0
20230829-M-US_Open-R128-Grigor_Dimitrov-Alex_Molcan,Grigor Dimitrov,1,37,0,19,19,6,31,0,0,0,0,0,0
20230829-M-US_Open-R128-Grigor_Dimitrov-Alex_Molcan,Grigor Dimitrov,2,22,8,10,16,7,9,33,13,31,3,0,0
20230829-M-US_Open-R128-Grigor_Dimitrov-Alex_Molcan,Alex Molcan,Total,16,18,60,50,16,21,43,13,26,1,1,0
20230829-M-US_Open-R128-Grigor_Dimitrov-Alex_Molcan,Alex Molcan,1,13,10,39,22,5,18,0,0,0,0,0,0
20230829-M-US_Open-R128-Grigor_Dimitrov-Alex_Molcan,Alex Molcan,2,3,8,21,28,11,3,43,13,26,1,1,0
20230829-M-US_Open-R128-Dominik_Koepfer-Carlos_Alcaraz,Dominik Koepfer,Total,10,6,12,16,3,8,9,6,4,2,0,0
20230829-M-US_Open-R128-Dominik_Koepfer-Carlos_Alcaraz,Dominik Koepfer,1,3,3,10,14,1,5,0,0,0,0,0,0
20230829-M-US_Open-R128-Dominik_Koepfer-Carlos_Alcaraz,Dominik Koepfer,2,7,3,2,2,2,3,9,6,4,2,0,0
20230829-M-US_Open-R128-Dominik_Koepfer-Carlos_Alcaraz,Carlos Alcaraz,Total,12,2,4,4,1,10,2,1,6,0,0,0
20230829-M-US_Open-R128-Dominik_Koepfer-Carlos_Alcaraz,Carlos Alcaraz,1,8,1,4,3,1,7,0,0,0,0,0,0
20230829-M-US_Open-R128-Dominik_Koepfer-Carlos_Alcaraz,Carlos Alcaraz,2,4,1,0,1,0,3,2,1,6,0,0,0
20230829-M-US_Open-R128-Attila_Balazs-Daniil_Medvedev,Attila Balazs,Total,12,7,14,13,8,9,10,2,10,1,0,0
20230829-M-US_Open-R128-Attila_Balazs-Daniil_Medvedev,Attila Balazs,1,9,2,9,10,6,9,0,0,0,0,0,0
20230829-M-US_Open-R128-Attila_Balazs-Daniil_Medvedev,Attila Balazs,2,3,5,5,3,2,0,10,2,10,1,0,0
20230829-M-US_Open-R128-Attila_Balazs-Daniil_Medvedev,Daniil Medvedev,Total,11,8,10,7,3,15,7,4,10,0,0,0
20230829-M-US_Open-R128-Attila_Balazs-Daniil_Medvedev,Daniil Medvedev,1,8,4,7,4,1,12,0,0,0,0,0,0
20230829-M-US_Open-R128-Attila_Balazs-Daniil_Medvedev,Daniil Medvedev,2,3,4,3,3,2,3,7,4,10,0,0,0
20230829-M-US_Open-R128-Arthur_Fils-Tallon_Griekspoor,Arthur Fils,Total,39,15,36,41,5,33,30,15,18,2,0,0
20230829-M-US_Open-R128-Arthur_Fils-Tallon_Griekspoor,Arthur Fils,1,34,1,24,19,2,30,0,0,0,0,0,0
20230829-M-US_Open-R128-Arthur_Fils-Tallon_Griekspoor,Arthur Fils,2,5,14,12,22,3,3,30,15,18,2,0,0
20230829-M-US_Open-R128-Arthur_Fils-Tallon_Griekspoor,Tallon Griekspoor,Total,44,8,28,45,6,24,38,10,20,4,0,0
20230829-M-US_Open-R128-Arthur_Fils-Tallon_Griekspoor,Tallon Griekspoor,1,28,4,16,26,2,15,0,0,0,0,0,0
20230829-M-US_Open-R128-Arthur_Fils-Tallon_Griekspoor,Tallon Griekspoor,2,16,4,12,19,4,9,38,10,20,4,0,0
20230829-M-US_Open-R128-Alexandre_Muller-Novak_Djokovic,Alexandre Muller,Total,18,5,12,12,5,16,15,7,6,0,0,0
20230829-M-US_Open-R128-Alexandre_Muller-Novak_Djokovic,Alexandre Muller,1,14,1,7,8,2,13,0,0,0,0,0,0
20230829-M-US_Open-R128-Alexandre_Muller-Novak_Djokovic,Alexandre Muller,2,4,4,5,4,3,3,15,7,6,0,0,0
20230829-M-US_Open-R128-Alexandre_Muller-Novak_Djokovic,Novak Djokovic,Total,19,2,12,12,3,12,21,3,8,0,0,0
20230829-M-US_Open-R128-Alexandre_Muller-Novak_Djokovic,Novak Djokovic,1,10,0,8,9,0,6,0,0,0,0,0,0
20230829-M-US_Open-R128-Alexandre_Muller-Novak_Djokovic,Novak Djokovic,2,9,2,4,3,3,6,21,3,8,0,0,0
20230828-M-US_Open-R128-Stefanos_Tsitsipas-Milos_Raonic,Stefanos Tsitsipas,Total,11,10,19,21,5,10,9,13,13,1,0,0
20230828-M-US_Open-R128-Stefanos_Tsitsipas-Milos_Raonic,Stefanos Tsitsipas,1,8,1,13,14,0,9,0,0,0,0,0,0
20230828-M-US_Open-R128-Stefanos_Tsitsipas-Milos_Raonic,Stefanos Tsitsipas,2,3,9,6,7,5,1,9,13,13,1,0,0
20230828-M-US_Open-R128-Stefanos_Tsitsipas-Milos_Raonic,Milos Raonic,Total,20,18,5,29,3,9,21,18,13,0,0,0
20230828-M-US_Open-R128-Stefanos_Tsitsipas-Milos_Raonic,Milos Raonic,1,11,2,4,14,1,8,0,0,0,0,0,0
20230828-M-US_Open-R128-Stefanos_Tsitsipas-Milos_Raonic,Milos Raonic,2,9,16,1,15,2,1,21,18,13,0,0,0
20230828-M-US_Open-R128-Jiri_Lehecka-Aslan_Karatsev,Jiri Lehecka,Total,8,12,25,22,6,10,10,6,16,0,0,0
20230828-M-US_Open-R128-Jiri_Lehecka-Aslan_Karatsev,Jiri Lehecka,1,6,3,15,15,5,8,0,0,0,0,0,0
20230828-M-US_Open-R128-Jiri_Lehecka-Aslan_Karatsev,Jiri Lehecka,2,2,9,10,7,1,2,10,6,16,0,0,0
20230828-M-US_Open-R128-Jiri_Lehecka-Aslan_Karatsev,Aslan Karatsev,Total,12,9,21,26,4,8,9,15,18,0,0,0
20230828-M-US_Open-R128-Jiri_Lehecka-Aslan_Karatsev,Aslan Karatsev,1,9,1,7,14,1,7,0,0,0,0,0,0
20230828-M-US_Open-R128-Jiri_Lehecka-Aslan_Karatsev,Aslan Karatsev,2,3,8,14,12,3,1,9,15,18,0,0,0
20230828-M-US_Open-R128-Holger_Rune-Roberto_Carballes_Baena,Holger Rune,Total,36,6,14,21,4,27,18,5,21,2,0,0
20230828-M-US_Open-R128-Holger_Rune-Roberto_Carballes_Baena,Holger Rune,1,26,1,8,13,0,18,0,0,0,0,0,0
20230828-M-US_Open-R128-Holger_Rune-Roberto_Carballes_Baena,Holger Rune,2,10,5,6,8,4,9,18,5,21,2,0,0
20230828-M-US_Open-R128-Holger_Rune-Roberto_Carballes_Baena,Roberto Carballes Baena,Total,28,10,14,23,17,9,30,5,15,2,0,0
20230828-M-US_Open-R128-Holger_Rune-Roberto_Carballes_Baena,Roberto Carballes Baena,1,22,0,10,10,4,8,0,0,0,0,0,0
20230828-M-US_Open-R128-Holger_Rune-Roberto_Carballes_Baena,Roberto Carballes Baena,2,6,10,4,13,13,1,30,5,15,2,0,0
20230828-M-US_Open-R128-Gregoire_Barrere-Jakub_Mensik,Gregoire Barrere,Total,31,20,16,12,29,19,28,5,19,2,0,1
20230828-M-US_Open-R128-Gregoire_Barrere-Jakub_Mensik,Gregoire Barrere,1,25,9,13,8,6,15,0,0,0,0,0,0
20230828-M-US_Open-R128-Gregoire_Barrere-Jakub_Mensik,Gregoire Barrere,2,6,11,3,4,23,4,28,5,19,2,0,1
20230828-M-US_Open-R128-Gregoire_Barrere-Jakub_Mensik,Jakub Mensik,Total,28,21,19,29,26,6,24,15,23,1,0,0
20230828-M-US_Open-R128-Gregoire_Barrere-Jakub_Mensik,Jakub Mensik,1,17,6,16,26,1,4,0,0,0,0,0,0
20230828-M-US_Open-R128-Gregoire_Barrere-Jakub_Mensik,Jakub Mensik,2,11,15,3,3,25,2,24,15,23,1,0,0
20230828-M-US_Open-R128-Dominic_Thiem-Alexander_Bublik,Dominic Thiem,Total,27,4,13,11,12,14,17,7,13,1,0,0
20230828-M-US_Open-R128-Dominic_Thiem-Alexander_Bublik,Dominic Thiem,1,16,0,10,8,2,12,0,0,0,0,0,0
20230828-M-US_Open-R128-Dominic_Thiem-Alexander_Bublik,Dominic Thiem,2,11,4,3,3,10,2,17,7,13,1,0,0
20230828-M-US_Open-R128-Dominic_Thiem-Alexander_Bublik,Alexander Bublik,Total,6,10,28,19,10,14,31,7,22,2,0,0
20230828-M-US_Open-R128-Dominic_Thiem-Alexander_Bublik,Alexander Bublik,1,4,6,9,11,3,9,0,0,0,0,0,0
20230828-M-US_Open-R128-Dominic_Thiem-Alexander_Bublik,Alexander Bublik,2,2,4,19,8,7,5,31,7,22,2,0,0
20230828-M-US_Open-R128-Casper_Ruud-Emilio_Nava,Casper Ruud,Total,38,12,22,34,7,25,18,7,26,3,0,0
20230828-M-US_Open-R128-Casper_Ruud-Emilio_Nava,Casper Ruud,1,28,3,14,18,4,20,0,0,0,0,0,0
20230828-M-US_Open-R128-Casper_Ruud-Emilio_Nava,Casper Ruud,2,10,9,8,16,3,5,18,7,26,3,0,0
20230828-M-US_Open-R128-Casper_Ruud-Emilio_Nava,Emilio Nava,Total,17,12,40,42,8,9,13,14,9,2,0,0
20230828-M-US_Open-R128-Casper_Ruud-Emilio_Nava,Emilio Nava,1,17,6,25,28,8,9,0,0,0,0,0,0
20230828-M-US_Open-R128-Casper_Ruud-Emilio_Nava,Emilio Nava,2,0,6,15,14,0,0,13,14,9,2,0,0
20230129-M-Australian_Open-F-Novak_Djokovic-Stefanos_Tsitsipas,Novak Djokovic,Total,21,11,20,30,2,16,10,10,11,6,0,0
20230129-M-Australian_Open-F-Novak_Djokovic-Stefanos_Tsitsipas,Novak Djokovic,1,16,2,14,20,1,13,0,0,0,0,0,0
20230129-M-Australian_Open-F-Novak_Djokovic-Stefanos_Tsitsipas,Novak Djokovic,2,5,9,6,10,1,3,10,10,11,6,0,0
20230129-M-Australian_Open-F-Novak_Djokovic-Stefanos_Tsitsipas,Stefanos Tsitsipas,Total,22,9,24,22,12,17,9,13,13,4,0,0
20230129-M-Australian_Open-F-Novak_Djokovic-Stefanos_Tsitsipas,Stefanos Tsitsipas,1,19,1,17,17,3,13,0,0,0,0,0,0
20230129-M-Australian_Open-F-Novak_Djokovic-Stefanos_Tsitsipas,Stefanos Tsitsipas,2,3,8,7,5,9,4,9,13,13,4,0,0
20230127-M-Australian_Open-SF-Stefanos_Tsitsipas-Karen_Khachanov,Stefanos Tsitsipas,Total,33,18,17,19,14,27,31,6,9,4,1,0
20230127-M-Australian_Open-SF-Stefanos_Tsitsipas-Karen_Khachanov,Stefanos Tsitsipas,1,27,3,14,15,1,22,0,0,0,0,0,0
20230127-M-Australian_Open-SF-Stefanos_Tsitsipas-Karen_Khachanov,Stefanos Tsitsipas,2,6,15,3,4,13,5,31,6,9,4,1,0
20230127-M-Australian_Open-SF-Stefanos_Tsitsipas-Karen_Khachanov,Karen Khachanov,Total,34,6,33,45,4,17,15,12,14,5,0,0
20230127-M-Australian_Open-SF-Stefanos_Tsitsipas-Karen_Khachanov,Karen Khachanov,1,30,1,21,27,1,14,0,0,0,0,0,0
20230127-M-Australian_Open-SF-Stefanos_Tsitsipas-Karen_Khachanov,Karen Khachanov,2,4,5,12,18,3,3,15,12,14,5,0,0
20230124-M-Australian_Open-QF-Stefanos_Tsitsipas-Jiri_Lehecka,Stefanos Tsitsipas,Total,22,11,20,17,14,16,11,15,9,1,0,0
20230124-M-Australian_Open-QF-Stefanos_Tsitsipas-Jiri_Lehecka,Stefanos Tsitsipas,1,16,4,15,15,1,15,0,0,0,0,0,0
20230124-M-Australian_Open-QF-Stefanos_Tsitsipas-Jiri_Lehecka,Stefanos Tsitsipas,2,6,7,5,2,13,1,11,15,9,1,0,0
20230124-M-Australian_Open-QF-Stefanos_Tsitsipas-Jiri_Lehecka,Jiri Lehecka,Total,21,12,18,29,5,12,16,9,13,1,0,0
20230124-M-Australian_Open-QF-Stefanos_Tsitsipas-Jiri_Lehecka,Jiri Lehecka,1,13,8,14,12,3,12,0,0,0,0,0,0
20230124-M-Australian_Open-QF-Stefanos_Tsitsipas-Jiri_Lehecka,Jiri Lehecka,2,8,4,4,17,2,0,16,9,13,1,0,0
20230124-M-Australian_Open-QF-Karen_Khachanov-Sebastian_Korda,Karen Khachanov,Total,18,6,16,14,8,13,15,2,8,1,0,0
20230124-M-Australian_Open-QF-Karen_Khachanov-Sebastian_Korda,Karen Khachanov,1,16,0,8,13,0,12,0,0,0,0,0,0
20230124-M-Australian_Open-QF-Karen_Khachanov-Sebastian_Korda,Karen Khachanov,2,2,6,8,1,8,1,15,2,8,1,0,0
20230124-M-Australian_Open-QF-Karen_Khachanov-Sebastian_Korda,Sebastian Korda,Total,12,11,17,17,3,16,3,5,20,1,0,0
20230124-M-Australian_Open-QF-Karen_Khachanov-Sebastian_Korda,Sebastian Korda,1,10,4,13,8,1,13,0,0,0,0,0,0
20230124-M-Australian_Open-QF-Karen_Khachanov-Sebastian_Korda,Sebastian Korda,2,2,7,4,9,2,3,3,5,20,1,0,0
20230122-M-Australian_Open-R16-Jannik_Sinner-Stefanos_Tsitsipas,Jannik Sinner,Total,17,29,24,47,2,17,18,7,19,3,0,0
20230122-M-Australian_Open-R16-Jannik_Sinner-Stefanos_Tsitsipas,Jannik Sinner,1,14,12,20,30,0,16,0,0,0,0,0,0
20230122-M-Australian_Open-R16-Jannik_Sinner-Stefanos_Tsitsipas,Jannik Sinner,2,3,17,4,17,2,1,18,7,19,3,0,0
20230122-M-Australian_Open-R16-Jannik_Sinner-Stefanos_Tsitsipas,Stefanos Tsitsipas,Total,37,25,27,47,16,17,19,17,15,1,0,0
20230122-M-Australian_Open-R16-Jannik_Sinner-Stefanos_Tsitsipas,Stefanos Tsitsipas,1,33,12,20,33,7,15,0,0,0,0,0,0
20230122-M-Australian_Open-R16-Jannik_Sinner-Stefanos_Tsitsipas,Stefanos Tsitsipas,2,4,13,7,14,9,2,19,17,15,1,0,0
20230122-M-Australian_Open-R16-Hubert_Hurkacz-Sebastian_Korda,Hubert Hurkacz,Total,25,22,26,34,13,21,18,22,16,0,0,0
20230122-M-Australian_Open-R16-Hubert_Hurkacz-Sebastian_Korda,Hubert Hurkacz,1,24,6,17,20,4,17,0,0,0,0,0,0
20230122-M-Australian_Open-R16-Hubert_Hurkacz-Sebastian_Korda,Hubert Hurkacz,2,1,16,9,14,9,4,18,22,16,0,0,0
20230122-M-Australian_Open-R16-Hubert_Hurkacz-Sebastian_Korda,Sebastian Korda,Total,34,20,23,43,8,21,23,19,22,3,0,0
20230122-M-Australian_Open-R16-Hubert_Hurkacz-Sebastian_Korda,Sebastian Korda,1,30,0,14,30,1,12,0,0,0,0,0,0
20230122-M-Australian_Open-R16-Hubert_Hurkacz-Sebastian_Korda,Sebastian Korda,2,4,20,9,13,7,9,23,19,22,3,0,0
20230121-M-Australian_Open-R32-Roberto_Bautista_Agut-Andy_Murray,Roberto Bautista Agut,Total,25,6,25,15,11,26,11,6,12,0,0,0
20230121-M-Australian_Open-R32-Roberto_Bautista_Agut-Andy_Murray,Roberto Bautista Agut,1,20,1,18,13,3,25,0,0,0,0,0,0
20230121-M-Australian_Open-R32-Roberto_Bautista_Agut-Andy_Murray,Roberto Bautista Agut,2,5,5,7,2,8,1,11,6,12,0,0,0
20230121-M-Australian_Open-R32-Roberto_Bautista_Agut-Andy_Murray,Andy Murray,Total,30,11,29,24,24,19,34,14,9,3,0,0
20230121-M-Australian_Open-R32-Roberto_Bautista_Agut-Andy_Murray,Andy Murray,1,25,0,18,20,4,15,0,0,0,0,0,0
20230121-M-Australian_Open-R32-Roberto_Bautista_Agut-Andy_Murray,Andy Murray,2,5,11,11,4,20,4,34,14,9,3,0,0
20230121-M-Australian_Open-R32-Grigor_Dimitrov-Novak_Djokovic,Grigor Dimitrov,Total,20,19,21,20,15,21,19,15,16,1,0,0
20230121-M-Australian_Open-R32-Grigor_Dimitrov-Novak_Djokovic,Grigor Dimitrov,1,18,3,15,11,6,16,0,0,0,0,0,0
20230121-M-Australian_Open-R32-Grigor_Dimitrov-Novak_Djokovic,Grigor Dimitrov,2,2,16,6,9,9,5,19,15,16,1,0,0
20230121-M-Australian_Open-R32-Grigor_Dimitrov-Novak_Djokovic,Novak Djokovic,Total,26,6,27,19,9,25,9,8,13,3,0,0
20230121-M-Australian_Open-R32-Grigor_Dimitrov-Novak_Djokovic,Novak Djokovic,1,21,1,20,12,5,22,0,0,0,0,0,0
20230121-M-Australian_Open-R32-Grigor_Dimitrov-Novak_Djokovic,Novak Djokovic,2,5,5,7,7,4,3,9,8,13,3,0,0
20230120-M-Australian_Open-R32-Tallon_Griekspoor-Stefanos_Tsitsipas,Tallon Griekspoor,Total,17,18,15,30,7,10,26,2,8,1,0,0
20230120-M-Australian_Open-R32-Tallon_Griekspoor-Stefanos_Tsitsipas,Tallon Griekspoor,1,14,7,8,19,4,10,0,0,0,0,0,0
20230120-M-Australian_Open-R32-Tallon_Griekspoor-Stefanos_Tsitsipas,Tallon Griekspoor,2,3,11,7,11,3,0,26,2,8,1,0,0
20230120-M-Australian_Open-R32-Tallon_Griekspoor-Stefanos_Tsitsipas,Stefanos Tsitsipas,Total,15,12,17,19,8,12,17,10,7,0,0,0
20230120-M-Australian_Open-R32-Tallon_Griekspoor-Stefanos_Tsitsipas,Stefanos Tsitsipas,1,13,3,14,14,0,10,0,0,0,0,0,0
20230120-M-Australian_Open-R32-Tallon_Griekspoor-Stefanos_Tsitsipas,Stefanos Tsitsipas,2,2,9,3,5,8,2,17,10,7,0,0,0
20230120-M-Australian_Open-R32-Jannik_Sinner-Marton_Fucsovics,Jannik Sinner,Total,27,24,18,34,19,13,31,10,18,0,0,0
20230120-M-Australian_Open-R32-Jannik_Sinner-Marton_Fucsovics,Jannik Sinner,1,19,7,15,26,3,11,0,0,0,0,0,0
20230120-M-Australian_Open-R32-Jannik_Sinner-Marton_Fucsovics,Jannik Sinner,2,8,17,3,8,16,2,31,10,18,0,0,0
20230120-M-Australian_Open-R32-Jannik_Sinner-Marton_Fucsovics,Marton Fucsovics,Total,21,11,29,32,13,12,15,10,11,0,0,0
20230120-M-Australian_Open-R32-Jannik_Sinner-Marton_Fucsovics,Marton Fucsovics,1,18,6,20,21,10,11,0,0,0,0,0,0
20230120-M-Australian_Open-R32-Jannik_Sinner-Marton_Fucsovics,Marton Fucsovics,2,3,5,9,11,3,1,15,10,11,0,0,0
20230120-M-Australian_Open-R32-Hubert_Hurkacz-Denis_Shapovalov,Hubert Hurkacz,Total,46,11,27,22,10,42,12,15,23,9,0,0
20230120-M-Australian_Open-R32-Hubert_Hurkacz-Denis_Shapovalov,Hubert Hurkacz,1,34,7,17,19,4,24,0,0,0,0,0,0
20230120-M-Australian_Open-R32-Hubert_Hurkacz-Denis_Shapovalov,Hubert Hurkacz,2,12,4,10,3,6,18,12,15,23,9,0,0
20230120-M-Australian_Open-R32-Hubert_Hurkacz-Denis_Shapovalov,Denis Shapovalov,Total,22,9,54,36,3,40,31,15,33,11,0,0
20230120-M-Australian_Open-R32-Hubert_Hurkacz-Denis_Shapovalov,Denis Shapovalov,1,15,0,30,18,0,28,0,0,0,0,0,0
20230120-M-Australian_Open-R32-Hubert_Hurkacz-Denis_Shapovalov,Denis Shapovalov,2,7,9,24,18,3,12,31,15,33,11,0,0
20230120-M-Australian_Open-R32-Felix_Auger_Aliassime-Francisco_Cerundolo,Felix Auger Aliassime,Total,20,0,29,15,10,19,15,10,14,0,0,0
20230120-M-Australian_Open-R32-Felix_Auger_Aliassime-Francisco_Cerundolo,Felix Auger Aliassime,1,17,0,18,12,0,12,0,0,0,0,0,0
20230120-M-Australian_Open-R32-Felix_Auger_Aliassime-Francisco_Cerundolo,Felix Auger Aliassime,2,3,0,11,3,10,7,15,10,14,0,0,0
20230120-M-Australian_Open-R32-Felix_Auger_Aliassime-Francisco_Cerundolo,Francisco Cerundolo,Total,24,0,32,26,9,16,10,10,14,4,0,0
20230120-M-Australian_Open-R32-Felix_Auger_Aliassime-Francisco_Cerundolo,Francisco Cerundolo,1,20,0,18,16,4,14,0,0,0,0,0,0
20230120-M-Australian_Open-R32-Felix_Auger_Aliassime-Francisco_Cerundolo,Francisco Cerundolo,2,4,0,14,10,5,2,10,10,14,4,0,0
20230120-M-Australian_Open-R32-Cameron_Norrie-Jiri_Lehecka,Cameron Norrie,Total,9,17,50,27,28,12,29,9,20,5,0,0
20230120-M-Australian_Open-R32-Cameron_Norrie-Jiri_Lehecka,Cameron Norrie,1,7,8,30,21,11,10,0,0,0,0,0,0
20230120-M-Australian_Open-R32-Cameron_Norrie-Jiri_Lehecka,Cameron Norrie,2,2,9,20,6,17,2,29,9,20,5,0,0
20230120-M-Australian_Open-R32-Cameron_Norrie-Jiri_Lehecka,Jiri Lehecka,Total,28,29,14,22,18,26,18,10,25,2,0,0
20230120-M-Australian_Open-R32-Cameron_Norrie-Jiri_Lehecka,Jiri Lehecka,1,23,11,12,19,11,8,0,0,0,0,0,0
20230120-M-Australian_Open-R32-Cameron_Norrie-Jiri_Lehecka,Jiri Lehecka,2,5,18,2,3,7,18,18,10,25,2,0,0
20230119-M-Australian_Open-R64-Taylor_Fritz-Alexei_Popyrin,Taylor Fritz,Total,37,16,40,42,6,35,21,11,27,1,0,0
20230119-M-Australian_Open-R64-Taylor_Fritz-Alexei_Popyrin,Taylor Fritz,1,33,1,27,27,1,30,0,0,0,0,0,0
20230119-M-Australian_Open-R64-Taylor_Fritz-Alexei_Popyrin,Taylor Fritz,2,4,15,13,15,5,5,21,11,27,1,0,0
20230119-M-Australian_Open-R64-Taylor_Fritz-Alexei_Popyrin,Alexei Popyrin,Total,30,22,34,28,17,32,34,15,15,1,0,0
20230119-M-Australian_Open-R64-Taylor_Fritz-Alexei_Popyrin,Alexei Popyrin,1,21,3,31,23,0,28,0,0,0,0,0,0
20230119-M-Australian_Open-R64-Taylor_Fritz-Alexei_Popyrin,Alexei Popyrin,2,9,19,3,5,17,4,34,15,15,1,0,0
20230119-M-Australian_Open-R64-Novak_Djokovic-Enzo_Couacaud,Novak Djokovic,Total,27,9,21,21,8,20,23,11,13,1,0,0
20230119-M-Australian_Open-R64-Novak_Djokovic-Enzo_Couacaud,Novak Djokovic,1,17,3,16,16,2,10,0,0,0,0,0,0
20230119-M-Australian_Open-R64-Novak_Djokovic-Enzo_Couacaud,Novak Djokovic,2,10,6,5,5,6,10,23,11,13,1,0,0
20230119-M-Australian_Open-R64-Novak_Djokovic-Enzo_Couacaud,Enzo Couacaud,Total,24,19,28,24,15,30,21,9,17,3,0,0
20230119-M-Australian_Open-R64-Novak_Djokovic-Enzo_Couacaud,Enzo Couacaud,1,20,6,23,17,2,24,0,0,0,0,0,0
20230119-M-Australian_Open-R64-Novak_Djokovic-Enzo_Couacaud,Enzo Couacaud,2,4,13,5,7,13,6,21,9,17,3,0,0
20230119-M-Australian_Open-R64-Emil_Ruusuvuori-Andrey_Rublev,Emil Ruusuvuori,Total,12,21,31,28,9,21,12,10,22,1,0,0
20230119-M-Australian_Open-R64-Emil_Ruusuvuori-Andrey_Rublev,Emil Ruusuvuori,1,10,11,21,14,5,18,0,0,0,0,0,0
20230119-M-Australian_Open-R64-Emil_Ruusuvuori-Andrey_Rublev,Emil Ruusuvuori,2,2,10,10,14,4,3,12,10,22,1,0,0
20230119-M-Australian_Open-R64-Emil_Ruusuvuori-Andrey_Rublev,Andrey Rublev,Total,25,10,36,28,11,28,22,14,10,0,0,0
20230119-M-Australian_Open-R64-Emil_Ruusuvuori-Andrey_Rublev,Andrey Rublev,1,23,1,27,18,1,25,0,0,0,0,0,0
20230119-M-Australian_Open-R64-Emil_Ruusuvuori-Andrey_Rublev,Andrey Rublev,2,2,9,9,10,10,3,22,14,10,0,0,0
20230119-M-Australian_Open-R64-Casper_Ruud-Jenson_Brooksby,Casper Ruud,Total,30,23,18,19,17,26,27,10,14,3,0,0
20230119-M-Australian_Open-R64-Casper_Ruud-Jenson_Brooksby,Casper Ruud,1,24,5,16,14,5,19,0,0,0,0,0,0
20230119-M-Australian_Open-R64-Casper_Ruud-Jenson_Brooksby,Casper Ruud,2,6,18,2,5,12,7,27,10,14,3,0,0
20230119-M-Australian_Open-R64-Casper_Ruud-Jenson_Brooksby,Jenson Brooksby,Total,24,24,26,27,28,14,21,11,29,3,0,0
20230119-M-Australian_Open-R64-Casper_Ruud-Jenson_Brooksby,Jenson Brooksby,1,23,6,20,14,4,14,0,0,0,0,0,0
20230119-M-Australian_Open-R64-Casper_Ruud-Jenson_Brooksby,Jenson Brooksby,2,1,18,6,13,24,0,21,11,29,3,0,0
20230119-M-Australian_Open-R64-Andy_Murray-Thanasi_Kokkinakis,Andy Murray,Total,40,22,35,29,21,36,41,9,14,3,0,0
20230119-M-Australian_Open-R64-Andy_Murray-Thanasi_Kokkinakis,Andy Murray,1,34,3,24,23,4,31,0,0,0,0,0,0
20230119-M-Australian_Open-R64-Andy_Murray-Thanasi_Kokkinakis,Andy Murray,2,6,19,11,6,17,5,41,9,14,3,0,0
20230119-M-Australian_Open-R64-Andy_Murray-Thanasi_Kokkinakis,Thanasi Kokkinakis,Total,42,21,43,40,18,41,19,15,30,3,0,0
20230119-M-Australian_Open-R64-Andy_Murray-Thanasi_Kokkinakis,Thanasi Kokkinakis,1,35,2,38,34,2,32,0,0,0,0,0,0
20230119-M-Australian_Open-R64-Andy_Murray-Thanasi_Kokkinakis,Thanasi Kokkinakis,2,7,19,5,6,16,9,19,15,30,3,0,0
20230119-M-Australian_Open-R64-Adrian_Mannarino-Alex_De_Minaur,Adrian Mannarino,Total,20,17,28,36,9,13,25,9,8,0,0,0
20230119-M-Australian_Open-R64-Adrian_Mannarino-Alex_De_Minaur,Adrian Mannarino,1,20,4,19,26,2,13,0,0,0,0,0,0
20230119-M-Australian_Open-R64-Adrian_Mannarino-Alex_De_Minaur,Adrian Mannarino,2,0,13,9,10,7,0,25,9,8,0,0,0
20230119-M-Australian_Open-R64-Adrian_Mannarino-Alex_De_Minaur,Alex De Minaur,Total,15,34,13,20,26,14,33,11,15,0,0,0
20230119-M-Australian_Open-R64-Adrian_Mannarino-Alex_De_Minaur,Alex De Minaur,1,12,9,13,17,7,10,0,0,0,0,0,0
20230119-M-Australian_Open-R64-Adrian_Mannarino-Alex_De_Minaur,Alex De Minaur,2,3,25,0,3,19,4,33,11,15,0,0,0
20230118-M-Australian_Open-R64-Stefanos_Tsitsipas-Rinky_Hijikata,Stefanos Tsitsipas,Total,15,10,12,12,5,17,8,11,5,1,0,0
20230118-M-Australian_Open-R64-Stefanos_Tsitsipas-Rinky_Hijikata,Stefanos Tsitsipas,1,14,3,11,6,1,12,0,0,0,0,0,0
20230118-M-Australian_Open-R64-Stefanos_Tsitsipas-Rinky_Hijikata,Stefanos Tsitsipas,2,1,7,1,6,4,5,8,11,5,1,0,0
20230118-M-Australian_Open-R64-Stefanos_Tsitsipas-Rinky_Hijikata,Rinky Hijikata,Total,16,7,6,16,5,6,8,6,7,1,0,0
20230118-M-Australian_Open-R64-Stefanos_Tsitsipas-Rinky_Hijikata,Rinky Hijikata,1,13,3,6,5,3,4,0,0,0,0,0,0
20230118-M-Australian_Open-R64-Stefanos_Tsitsipas-Rinky_Hijikata,Rinky Hijikata,2,3,4,0,11,2,2,8,6,7,1,0,0
20230118-M-Australian_Open-R64-Rafael_Nadal-Mackenzie_Mcdonald,Rafael Nadal,Total,16,7,30,27,11,11,18,10,11,0,0,0
20230118-M-Australian_Open-R64-Rafael_Nadal-Mackenzie_Mcdonald,Rafael Nadal,1,10,4,19,17,4,11,0,0,0,0,0,0
20230118-M-Australian_Open-R64-Rafael_Nadal-Mackenzie_Mcdonald,Rafael Nadal,2,6,3,11,10,7,0,18,10,11,0,0,0
20230118-M-Australian_Open-R64-Rafael_Nadal-Mackenzie_Mcdonald,Mackenzie Mcdonald,Total,19,6,26,24,3,17,12,8,13,0,0,0
20230118-M-Australian_Open-R64-Rafael_Nadal-Mackenzie_Mcdonald,Mackenzie Mcdonald,1,11,2,23,19,1,8,0,0,0,0,0,0
20230118-M-Australian_Open-R64-Rafael_Nadal-Mackenzie_Mcdonald,Mackenzie Mcdonald,2,8,4,3,5,2,9,12,8,13,0,0,0
20230118-M-Australian_Open-R64-Lorenzo_Sonego-Hubert_Hurkacz,Lorenzo Sonego,Total,41,11,29,41,7,27,10,13,35,7,0,0
20230118-M-Australian_Open-R64-Lorenzo_Sonego-Hubert_Hurkacz,Lorenzo Sonego,1,38,3,14,18,2,23,0,0,0,0,0,0
20230118-M-Australian_Open-R64-Lorenzo_Sonego-Hubert_Hurkacz,Lorenzo Sonego,2,3,8,15,23,5,4,10,13,35,7,0,0
20230118-M-Australian_Open-R64-Lorenzo_Sonego-Hubert_Hurkacz,Hubert Hurkacz,Total,31,9,40,36,9,26,9,16,22,9,0,0
20230118-M-Australian_Open-R64-Lorenzo_Sonego-Hubert_Hurkacz,Hubert Hurkacz,1,26,1,26,26,1,20,0,0,0,0,0,0
20230118-M-Australian_Open-R64-Lorenzo_Sonego-Hubert_Hurkacz,Hubert Hurkacz,2,5,8,14,10,8,6,9,16,22,9,0,0
20230118-M-Australian_Open-R64-John_Millman-Daniil_Medvedev,John Millman,Total,22,13,8,10,16,12,10,9,9,1,0,0
20230118-M-Australian_Open-R64-John_Millman-Daniil_Medvedev,John Millman,1,18,2,8,9,4,12,0,0,0,0,0,0
20230118-M-Australian_Open-R64-John_Millman-Daniil_Medvedev,John Millman,2,4,11,0,1,12,0,10,9,9,1,0,0
20230118-M-Australian_Open-R64-John_Millman-Daniil_Medvedev,Daniil Medvedev,Total,35,2,14,29,2,16,11,6,14,2,1,0
20230118-M-Australian_Open-R64-John_Millman-Daniil_Medvedev,Daniil Medvedev,1,27,1,12,12,1,14,0,0,0,0,0,0
20230118-M-Australian_Open-R64-John_Millman-Daniil_Medvedev,Daniil Medvedev,2,8,1,2,17,1,2,11,6,14,2,1,0
20230118-M-Australian_Open-R64-Jason_Kubler-Karen_Khachanov,Jason Kubler,Total,21,10,32,24,7,29,19,5,13,2,0,0
20230118-M-Australian_Open-R64-Jason_Kubler-Karen_Khachanov,Jason Kubler,1,19,2,22,17,5,21,0,0,0,0,0,0
20230118-M-Australian_Open-R64-Jason_Kubler-Karen_Khachanov,Jason Kubler,2,2,8,10,7,2,8,19,5,13,2,0,0
20230118-M-Australian_Open-R64-Jason_Kubler-Karen_Khachanov,Karen Khachanov,Total,25,13,24,26,13,16,17,8,12,1,0,0
20230118-M-Australian_Open-R64-Jason_Kubler-Karen_Khachanov,Karen Khachanov,1,23,2,21,19,3,13,0,0,0,0,0,0
20230118-M-Australian_Open-R64-Jason_Kubler-Karen_Khachanov,Karen Khachanov,2,2,11,3,7,10,3,17,8,12,1,0,0
20230118-M-Australian_Open-R64-Jannik_Sinner-Tomas_Martin_Etcheverry,Jannik Sinner,Total,16,6,14,18,4,10,10,8,11,0,0,0
20230118-M-Australian_Open-R64-Jannik_Sinner-Tomas_Martin_Etcheverry,Jannik Sinner,1,10,0,12,13,1,6,0,0,0,0,0,0
20230118-M-Australian_Open-R64-Jannik_Sinner-Tomas_Martin_Etcheverry,Jannik Sinner,2,6,6,2,5,3,4,10,8,11,0,0,0
20230118-M-Australian_Open-R64-Jannik_Sinner-Tomas_Martin_Etcheverry,Tomas Martin Etcheverry,Total,16,5,15,18,5,6,13,5,8,0,0,0
20230118-M-Australian_Open-R64-Jannik_Sinner-Tomas_Martin_Etcheverry,Tomas Martin Etcheverry,1,14,1,8,9,2,6,0,0,0,0,0,0
20230118-M-Australian_Open-R64-Jannik_Sinner-Tomas_Martin_Etcheverry,Tomas Martin Etcheverry,2,2,4,7,9,3,0,13,5,8,0,0,0
20230118-M-Australian_Open-R64-Botic_Van_De_Zandschulp-Tallon_Griekspoor,Botic Van De Zandschulp,Total,12,19,15,6,23,11,17,4,11,0,1,0
20230118-M-Australian_Open-R64-Botic_Van_De_Zandschulp-Tallon_Griekspoor,Botic Van De Zandschulp,1,8,11,12,6,10,8,0,0,0,0,0,0
20230118-M-Australian_Open-R64-Botic_Van_De_Zandschulp-Tallon_Griekspoor,Botic Van De Zandschulp,2,4,8,3,0,13,3,17,4,11,0,1,0
20230118-M-Australian_Open-R64-Botic_Van_De_Zandschulp-Tallon_Griekspoor,Tallon Griekspoor,Total,20,12,18,21,10,15,15,6,7,1,0,0
20230118-M-Australian_Open-R64-Botic_Van_De_Zandschulp-Tallon_Griekspoor,Tallon Griekspoor,1,15,6,14,16,6,12,0,0,0,0,0,0
20230118-M-Australian_Open-R64-Botic_Van_De_Zandschulp-Tallon_Griekspoor,Tallon Griekspoor,2,5,6,4,5,4,3,15,6,7,1,0,0
20230117-M-Australian_Open-R128-Yu_Hsiou_Hsu-Alex_De_Minaur,Yu Hsiou Hsu,Total,25,17,11,18,11,20,17,4,9,0,0,0
20230117-M-Australian_Open-R128-Yu_Hsiou_Hsu-Alex_De_Minaur,Yu Hsiou Hsu,1,23,10,9,12,3,17,0,0,0,0,0,0
20230117-M-Australian_Open-R128-Yu_Hsiou_Hsu-Alex_De_Minaur,Yu Hsiou Hsu,2,2,7,2,6,8,3,17,4,9,0,0,0
20230117-M-Australian_Open-R128-Yu_Hsiou_Hsu-Alex_De_Minaur,Alex De Minaur,Total,9,12,12,13,11,6,12,6,11,0,0,0
20230117-M-Australian_Open-R128-Yu_Hsiou_Hsu-Alex_De_Minaur,Alex De Minaur,1,8,2,7,9,3,6,0,0,0,0,0,0
20230117-M-Australian_Open-R128-Yu_Hsiou_Hsu-Alex_De_Minaur,Alex De Minaur,2,1,10,5,4,8,0,12,6,11,0,0,0
20230117-M-Australian_Open-R128-Tommy_Paul-Jan_Lennard_Struff,Tommy Paul,Total,11,2,27,20,3,16,12,3,11,0,0,0
20230117-M-Australian_Open-R128-Tommy_Paul-Jan_Lennard_Struff,Tommy Paul,1,10,0,17,11,1,15,0,0,0,0,0,0
20230117-M-Australian_Open-R128-Tommy_Paul-Jan_Lennard_Struff,Tommy Paul,2,1,2,10,9,2,1,12,3,11,0,0,0
20230117-M-Australian_Open-R128-Tommy_Paul-Jan_Lennard_Struff,Jan Lennard Struff,Total,24,2,16,18,3,16,23,6,14,0,0,0
20230117-M-Australian_Open-R128-Tommy_Paul-Jan_Lennard_Struff,Jan Lennard Struff,1,10,1,10,13,0,8,0,0,0,0,0,0
20230117-M-Australian_Open-R128-Tommy_Paul-Jan_Lennard_Struff,Jan Lennard Struff,2,14,1,6,5,3,8,23,6,14,0,0,0
20230117-M-Australian_Open-R128-Oleksii_Krutykh-Diego_Schwartzman,Oleksii Krutykh,Total,16,27,28,32,29,7,37,15,15,2,4,0
20230117-M-Australian_Open-R128-Oleksii_Krutykh-Diego_Schwartzman,Oleksii Krutykh,1,13,7,19,21,3,6,0,0,0,0,0,0
20230117-M-Australian_Open-R128-Oleksii_Krutykh-Diego_Schwartzman,Oleksii Krutykh,2,3,20,9,11,26,1,37,15,15,2,4,0
20230117-M-Australian_Open-R128-Oleksii_Krutykh-Diego_Schwartzman,Diego Schwartzman,Total,41,21,16,8,15,51,19,7,22,5,0,0
20230117-M-Australian_Open-R128-Oleksii_Krutykh-Diego_Schwartzman,Diego Schwartzman,1,35,8,10,6,6,38,0,0,0,0,0,0
20230117-M-Australian_Open-R128-Oleksii_Krutykh-Diego_Schwartzman,Diego Schwartzman,2,6,13,6,2,9,13,19,7,22,5,0,0
20230117-M-Australian_Open-R128-Novak_Djokovic-Roberto_Carballes_Baena,Novak Djokovic,Total,23,4,10,17,2,14,9,5,11,1,0,0
20230117-M-Australian_Open-R128-Novak_Djokovic-Roberto_Carballes_Baena,Novak Djokovic,1,19,0,8,12,0,6,0,0,0,0,0,0
20230117-M-Australian_Open-R128-Novak_Djokovic-Roberto_Carballes_Baena,Novak Djokovic,2,4,4,2,5,2,8,9,5,11,1,0,0
20230117-M-Australian_Open-R128-Novak_Djokovic-Roberto_Carballes_Baena,Roberto Carballes Baena,Total,19,10,12,15,13,9,23,3,10,4,0,0
20230117-M-Australian_Open-R128-Novak_Djokovic-Roberto_Carballes_Baena,Roberto Carballes Baena,1,14,0,6,8,2,9,0,0,0,0,0,0
20230117-M-Australian_Open-R128-Novak_Djokovic-Roberto_Carballes_Baena,Roberto Carballes Baena,2,5,10,6,7,11,0,23,3,10,4,0,0
20230117-M-Australian_Open-R128-Nicolas_Jarry-Miomir_Kecmanovic,Nicolas Jarry,Total,11,5,27,18,4,16,8,9,6,0,0,0
20230117-M-Australian_Open-R128-Nicolas_Jarry-Miomir_Kecmanovic,Nicolas Jarry,1,11,2,21,11,2,11,0,0,0,0,0,0
20230117-M-Australian_Open-R128-Nicolas_Jarry-Miomir_Kecmanovic,Nicolas Jarry,2,0,3,6,7,2,5,8,9,6,0,0,0
20230117-M-Australian_Open-R128-Nicolas_Jarry-Miomir_Kecmanovic,Miomir Kecmanovic,Total,10,8,32,27,10,7,15,10,18,0,0,0
20230117-M-Australian_Open-R128-Nicolas_Jarry-Miomir_Kecmanovic,Miomir Kecmanovic,1,9,4,18,12,3,7,0,0,0,0,0,0
20230117-M-Australian_Open-R128-Nicolas_Jarry-Miomir_Kecmanovic,Miomir Kecmanovic,2,1,4,14,15,7,0,15,10,18,0,0,0
20230117-M-Australian_Open-R128-John_Isner-Adrian_Mannarino,John Isner,Total,40,8,20,34,6,20,14,14,9,3,0,0
20230117-M-Australian_Open-R128-John_Isner-Adrian_Mannarino,John Isner,1,33,2,20,22,1,12,0,0,0,0,0,0
20230117-M-Australian_Open-R128-John_Isner-Adrian_Mannarino,John Isner,2,7,6,0,12,5,8,14,14,9,3,0,0
20230117-M-Australian_Open-R128-John_Isner-Adrian_Mannarino,Adrian Mannarino,Total,10,22,31,33,12,11,26,8,10,3,0,0
20230117-M-Australian_Open-R128-John_Isner-Adrian_Mannarino,Adrian Mannarino,1,10,5,20,25,6,10,0,0,0,0,0,0
20230117-M-Australian_Open-R128-John_Isner-Adrian_Mannarino,Adrian Mannarino,2,0,17,11,8,6,1,26,8,10,3,0,0
20230117-M-Australian_Open-R128-Grigor_Dimitrov-Aslan_Karatsev,Grigor Dimitrov,Total,17,11,19,17,7,15,19,9,6,0,0,0
20230117-M-Australian_Open-R128-Grigor_Dimitrov-Aslan_Karatsev,Grigor Dimitrov,1,16,3,9,11,4,13,0,0,0,0,0,0
20230117-M-Australian_Open-R128-Grigor_Dimitrov-Aslan_Karatsev,Grigor Dimitrov,2,1,8,10,6,3,2,19,9,6,0,0,0
20230117-M-Australian_Open-R128-Grigor_Dimitrov-Aslan_Karatsev,Aslan Karatsev,Total,21,21,16,29,15,12,21,11,26,1,0,0
20230117-M-Australian_Open-R128-Grigor_Dimitrov-Aslan_Karatsev,Aslan Karatsev,1,18,3,10,19,4,12,0,0,0,0,0,0
20230117-M-Australian_Open-R128-Grigor_Dimitrov-Aslan_Karatsev,Aslan Karatsev,2,3,18,6,10,11,0,21,11,26,1,0,0
20230117-M-Australian_Open-R128-Filip_Krajinovic-Holger_Rune,Filip Krajinovic,Total,11,18,20,23,11,11,8,14,10,4,0,0
20230117-M-Australian_Open-R128-Filip_Krajinovic-Holger_Rune,Filip Krajinovic,1,10,4,15,20,1,11,0,0,0,0,0,0
20230117-M-Australian_Open-R128-Filip_Krajinovic-Holger_Rune,Filip Krajinovic,2,1,14,5,3,10,0,8,14,10,4,0,0
20230117-M-Australian_Open-R128-Filip_Krajinovic-Holger_Rune,Holger Rune,Total,23,5,15,12,3,25,8,5,12,6,0,0
20230117-M-Australian_Open-R128-Filip_Krajinovic-Holger_Rune,Holger Rune,1,19,3,10,7,1,16,0,0,0,0,0,0
20230117-M-Australian_Open-R128-Filip_Krajinovic-Holger_Rune,Holger Rune,2,4,2,5,5,2,9,8,5,12,6,0,0
20230117-M-Australian_Open-R128-Andy_Murray-Matteo_Berrettini,Andy Murray,Total,53,7,29,56,14,13,27,15,11,1,0,0
20230117-M-Australian_Open-R128-Andy_Murray-Matteo_Berrettini,Andy Murray,1,50,1,16,41,0,12,0,0,0,0,0,0
20230117-M-Australian_Open-R128-Andy_Murray-Matteo_Berrettini,Andy Murray,2,3,6,13,15,14,1,27,15,11,1,0,0
20230117-M-Australian_Open-R128-Andy_Murray-Matteo_Berrettini,Matteo Berrettini,Total,33,20,29,42,8,23,16,17,13,2,0,0
20230117-M-Australian_Open-R128-Andy_Murray-Matteo_Berrettini,Matteo Berrettini,1,30,2,27,27,0,22,0,0,0,0,0,0
20230117-M-Australian_Open-R128-Andy_Murray-Matteo_Berrettini,Matteo Berrettini,2,3,18,2,15,8,1,16,17,13,2,0,0
20230117-M-Australian_Open-R128-Alexander_Zverev-Juan_Pablo_Varillas,Alexander Zverev,Total,26,12,38,27,11,31,14,17,13,0,0,0
20230117-M-Australian_Open-R128-Alexander_Zverev-Juan_Pablo_Varillas,Alexander Zverev,1,26,5,24,15,6,30,0,0,0,0,0,0
20230117-M-Australian_Open-R128-Alexander_Zverev-Juan_Pablo_Varillas,Alexander Zverev,2,0,7,14,12,5,1,14,17,13,0,0,0
20230117-M-Australian_Open-R128-Alexander_Zverev-Juan_Pablo_Varillas,Juan Pablo Varillas,Total,33,16,43,39,7,40,40,14,15,1,0,0
20230117-M-Australian_Open-R128-Alexander_Zverev-Juan_Pablo_Varillas,Juan Pablo Varillas,1,24,6,27,22,0,30,0,0,0,0,0,0
20230117-M-Australian_Open-R128-Alexander_Zverev-Juan_Pablo_Varillas,Juan Pablo Varillas,2,9,10,16,17,7,10,40,14,15,1,0,0
20230117-M-Australian_Open-R128-Alejandro_Davidovich_Fokina-Alexander_Bublik,Alejandro Davidovich Fokina,Total,39,24,11,14,23,27,22,6,13,3,0,0
20230117-M-Australian_Open-R128-Alejandro_Davidovich_Fokina-Alexander_Bublik,Alejandro Davidovich Fokina,1,33,13,9,12,10,19,0,0,0,0,0,0
20230117-M-Australian_Open-R128-Alejandro_Davidovich_Fokina-Alexander_Bublik,Alejandro Davidovich Fokina,2,6,11,2,2,13,8,22,6,13,3,0,0
20230117-M-Australian_Open-R128-Alejandro_Davidovich_Fokina-Alexander_Bublik,Alexander Bublik,Total,15,19,38,10,20,34,45,4,22,5,1,1
20230117-M-Australian_Open-R128-Alejandro_Davidovich_Fokina-Alexander_Bublik,Alexander Bublik,1,14,3,21,9,6,21,0,0,0,0,0,0
20230117-M-Australian_Open-R128-Alejandro_Davidovich_Fokina-Alexander_Bublik,Alexander Bublik,2,1,16,17,1,14,13,45,4,22,5,1,1
20230116-M-Australian_Open-R128-Stefanos_Tsitsipas-Quentin_Halys,Stefanos Tsitsipas,Total,20,9,21,15,14,16,15,11,10,4,0,0
20230116-M-Australian_Open-R128-Stefanos_Tsitsipas-Quentin_Halys,Stefanos Tsitsipas,1,18,2,17,12,0,12,0,0,0,0,0,0
20230116-M-Australian_Open-R128-Stefanos_Tsitsipas-Quentin_Halys,Stefanos Tsitsipas,2,2,7,4,3,14,4,15,11,10,4,0,0
20230116-M-Australian_Open-R128-Stefanos_Tsitsipas-Quentin_Halys,Quentin Halys,Total,19,8,21,27,3,12,17,7,14,1,0,0
20230116-M-Australian_Open-R128-Stefanos_Tsitsipas-Quentin_Halys,Quentin Halys,1,14,2,17,13,0,11,0,0,0,0,0,0
20230116-M-Australian_Open-R128-Stefanos_Tsitsipas-Quentin_Halys,Quentin Halys,2,5,6,4,14,3,1,17,7,14,1,0,0
20230116-M-Australian_Open-R128-Rafael_Nadal-Jack_Draper,Rafael Nadal,Total,16,8,37,29,20,9,24,5,14,1,0,0
20230116-M-Australian_Open-R128-Rafael_Nadal-Jack_Draper,Rafael Nadal,1,13,2,24,23,7,9,0,0,0,0,0,0
20230116-M-Australian_Open-R128-Rafael_Nadal-Jack_Draper,Rafael Nadal,2,3,6,13,6,13,0,24,5,14,1,0,0
20230116-M-Australian_Open-R128-Rafael_Nadal-Jack_Draper,Jack Draper,Total,19,16,26,42,3,9,20,7,21,1,0,0
20230116-M-Australian_Open-R128-Rafael_Nadal-Jack_Draper,Jack Draper,1,14,2,15,28,1,9,0,0,0,0,0,0
20230116-M-Australian_Open-R128-Rafael_Nadal-Jack_Draper,Jack Draper,2,5,14,11,14,2,0,20,7,21,1,0,0
20230116-M-Australian_Open-R128-Kyle_Edmund-Jannik_Sinner,Kyle Edmund,Total,9,24,9,23,10,6,19,6,13,0,0,0
20230116-M-Australian_Open-R128-Kyle_Edmund-Jannik_Sinner,Kyle Edmund,1,9,5,6,15,4,6,0,0,0,0,0,0
20230116-M-Australian_Open-R128-Kyle_Edmund-Jannik_Sinner,Kyle Edmund,2,0,19,3,8,6,0,19,6,13,0,0,0
20230116-M-Australian_Open-R128-Kyle_Edmund-Jannik_Sinner,Jannik Sinner,Total,15,13,15,25,2,12,9,11,10,0,0,0
20230116-M-Australian_Open-R128-Kyle_Edmund-Jannik_Sinner,Jannik Sinner,1,7,5,12,19,0,11,0,0,0,0,0,0
20230116-M-Australian_Open-R128-Kyle_Edmund-Jannik_Sinner,Jannik Sinner,2,8,8,3,6,2,1,9,11,10,0,0,0
20230116-M-Australian_Open-R128-John_Millman-Marc_Andrea_Huesler,John Millman,Total,55,16,21,27,20,32,9,22,24,2,0,0
20230116-M-Australian_Open-R128-John_Millman-Marc_Andrea_Huesler,John Millman,1,35,6,20,24,9,23,0,0,0,0,0,0
20230116-M-Australian_Open-R128-John_Millman-Marc_Andrea_Huesler,John Millman,2,20,10,1,3,11,9,9,22,24,2,0,0
20230116-M-Australian_Open-R128-John_Millman-Marc_Andrea_Huesler,Marc Andrea Huesler,Total,33,22,34,39,16,26,18,17,26,6,0,0
20230116-M-Australian_Open-R128-John_Millman-Marc_Andrea_Huesler,Marc Andrea Huesler,1,20,9,25,22,4,24,0,0,0,0,0,0
20230116-M-Australian_Open-R128-John_Millman-Marc_Andrea_Huesler,Marc Andrea Huesler,2,13,13,9,17,12,2,18,17,26,6,0,0
20230116-M-Australian_Open-R128-Hubert_Hurkacz-Pedro_Martinez,Hubert Hurkacz,Total,15,5,19,16,3,12,6,10,3,1,0,0
20230116-M-Australian_Open-R128-Hubert_Hurkacz-Pedro_Martinez,Hubert Hurkacz,1,14,4,12,12,0,9,0,0,0,0,0,0
20230116-M-Australian_Open-R128-Hubert_Hurkacz-Pedro_Martinez,Hubert Hurkacz,2,1,1,7,4,3,3,6,10,3,1,0,0
20230116-M-Australian_Open-R128-Hubert_Hurkacz-Pedro_Martinez,Pedro Martinez,Total,22,4,18,14,14,12,9,5,10,2,0,0
20230116-M-Australian_Open-R128-Hubert_Hurkacz-Pedro_Martinez,Pedro Martinez,1,19,1,14,10,9,9,0,0,0,0,0,0
20230116-M-Australian_Open-R128-Hubert_Hurkacz-Pedro_Martinez,Pedro Martinez,2,3,3,4,4,5,3,9,5,10,2,0,0
20230116-M-Australian_Open-R128-Denis_Shapovalov-Dusan_Lajovic,Denis Shapovalov,Total,27,1,31,37,1,14,16,16,23,0,0,0
20230116-M-Australian_Open-R128-Denis_Shapovalov-Dusan_Lajovic,Denis Shapovalov,1,17,1,14,21,1,9,0,0,0,0,0,0
20230116-M-Australian_Open-R128-Denis_Shapovalov-Dusan_Lajovic,Denis Shapovalov,2,10,0,17,16,0,5,16,16,23,0,0,0
20230116-M-Australian_Open-R128-Denis_Shapovalov-Dusan_Lajovic,Dusan Lajovic,Total,22,11,21,19,7,22,9,5,14,0,0,0
20230116-M-Australian_Open-R128-Denis_Shapovalov-Dusan_Lajovic,Dusan Lajovic,1,21,3,17,13,4,18,0,0,0,0,0,0
20230116-M-Australian_Open-R128-Denis_Shapovalov-Dusan_Lajovic,Dusan Lajovic,2,1,8,4,6,3,4,9,5,14,0,0,0
20230116-M-Australian_Open-R128-Daniil_Medvedev-Marcos_Giron,Daniil Medvedev,Total,25,1,12,16,2,17,10,8,7,1,0,0
20230116-M-Australian_Open-R128-Daniil_Medvedev-Marcos_Giron,Daniil Medvedev,1,17,0,7,11,0,16,0,0,0,0,0,0
20230116-M-Australian_Open-R128-Daniil_Medvedev-Marcos_Giron,Daniil Medvedev,2,8,1,5,5,2,1,10,8,7,1,0,0
20230116-M-Australian_Open-R128-Daniil_Medvedev-Marcos_Giron,Marcos Giron,Total,20,4,12,12,11,10,11,3,9,0,0,0
20230116-M-Australian_Open-R128-Daniil_Medvedev-Marcos_Giron,Marcos Giron,1,20,0,6,9,4,7,0,0,0,0,0,0
20230116-M-Australian_Open-R128-Daniil_Medvedev-Marcos_Giron,Marcos Giron,2,0,4,6,3,7,3,11,3,9,0,0,0
20230116-M-Australian_Open-R128-Brandon_Nakashima-Mackenzie_Mcdonald,Brandon Nakashima,Total,38,12,42,43,17,25,21,21,23,1,0,0
20230116-M-Australian_Open-R128-Brandon_Nakashima-Mackenzie_Mcdonald,Brandon Nakashima,1,28,2,34,32,4,20,0,0,0,0,0,0
20230116-M-Australian_Open-R128-Brandon_Nakashima-Mackenzie_Mcdonald,Brandon Nakashima,2,10,10,8,11,13,5,21,21,23,1,0,0
20230116-M-Australian_Open-R128-Brandon_Nakashima-Mackenzie_Mcdonald,Mackenzie Mcdonald,Total,41,11,32,34,8,30,22,17,14,2,0,0
20230116-M-Australian_Open-R128-Brandon_Nakashima-Mackenzie_Mcdonald,Mackenzie Mcdonald,1,26,1,31,25,1,21,0,0,0,0,0,0
20230116-M-Australian_Open-R128-Brandon_Nakashima-Mackenzie_Mcdonald,Mackenzie Mcdonald,2,15,10,1,9,7,9,22,17,14,2,0,0
20230109-M-Australian_Open-Q1-Dimitar_Kuzmanov-Damir_Dzumhur,Dimitar Kuzmanov,Total,4,10,12,16,1,6,8,4,5,1,0,0
20230109-M-Australian_Open-Q1-Dimitar_Kuzmanov-Damir_Dzumhur,Dimitar Kuzmanov,1,3,6,8,9,0,5,0,0,0,0,0,0
20230109-M-Australian_Open-Q1-Dimitar_Kuzmanov-Damir_Dzumhur,Dimitar Kuzmanov,2,1,4,4,7,1,1,8,4,5,1,0,0
20230109-M-Australian_Open-Q1-Dimitar_Kuzmanov-Damir_Dzumhur,Damir Dzumhur,Total,15,5,6,13,4,6,4,4,7,3,0,0
20230109-M-Australian_Open-Q1-Dimitar_Kuzmanov-Damir_Dzumhur,Damir Dzumhur,1,13,2,4,5,2,6,0,0,0,0,0,0
20230109-M-Australian_Open-Q1-Dimitar_Kuzmanov-Damir_Dzumhur,Damir Dzumhur,2,2,3,2,8,2,0,4,4,7,3,0,0
20220911-M-US_Open-F-Casper_Ruud-Carlos_Alcaraz,Casper Ruud,Total,29,21,12,23,12,20,21,6,17,4,0,0
20220911-M-US_Open-F-Casper_Ruud-Carlos_Alcaraz,Casper Ruud,1,22,3,10,14,5,17,0,0,0,0,0,0
20220911-M-US_Open-F-Casper_Ruud-Carlos_Alcaraz,Casper Ruud,2,7,18,2,9,7,3,21,6,17,4,0,0
20220911-M-US_Open-F-Casper_Ruud-Carlos_Alcaraz,Carlos Alcaraz,Total,43,13,13,36,8,19,18,8,23,1,0,0
20220911-M-US_Open-F-Casper_Ruud-Carlos_Alcaraz,Carlos Alcaraz,1,33,6,8,16,7,15,0,0,0,0,0,0
20220911-M-US_Open-F-Casper_Ruud-Carlos_Alcaraz,Carlos Alcaraz,2,10,7,5,20,1,4,18,8,23,1,0,0
20220909-M-US_Open-SF-Frances_Tiafoe-Carlos_Alcaraz,Frances Tiafoe,Total,27,19,39,32,19,27,43,12,29,9,0,0
20220909-M-US_Open-SF-Frances_Tiafoe-Carlos_Alcaraz,Frances Tiafoe,1,22,5,14,7,5,23,0,0,0,0,0,0
20220909-M-US_Open-SF-Frances_Tiafoe-Carlos_Alcaraz,Frances Tiafoe,2,5,14,25,25,14,4,43,12,29,9,0,0
20220909-M-US_Open-SF-Frances_Tiafoe-Carlos_Alcaraz,Carlos Alcaraz,Total,25,19,33,22,29,22,13,9,25,1,0,0
20220909-M-US_Open-SF-Frances_Tiafoe-Carlos_Alcaraz,Carlos Alcaraz,1,25,10,21,10,18,21,0,0,0,0,0,0
20220909-M-US_Open-SF-Frances_Tiafoe-Carlos_Alcaraz,Carlos Alcaraz,2,0,9,12,12,11,1,13,9,25,1,0,0
20220907-M-US_Open-QF-Jannik_Sinner-Carlos_Alcaraz,Jannik Sinner,Total,40,44,25,43,41,20,49,26,31,5,0,0
20220907-M-US_Open-QF-Jannik_Sinner-Carlos_Alcaraz,Jannik Sinner,1,31,2,23,34,5,20,0,0,0,0,0,0
20220907-M-US_Open-QF-Jannik_Sinner-Carlos_Alcaraz,Jannik Sinner,2,9,42,2,9,36,0,49,26,31,5,0,0
20220907-M-US_Open-QF-Jannik_Sinner-Carlos_Alcaraz,Carlos Alcaraz,Total,24,36,29,26,38,16,29,13,25,0,0,0
20220907-M-US_Open-QF-Jannik_Sinner-Carlos_Alcaraz,Carlos Alcaraz,1,21,24,9,14,25,15,0,0,0,0,0,0
20220907-M-US_Open-QF-Jannik_Sinner-Carlos_Alcaraz,Carlos Alcaraz,2,3,12,20,12,13,1,29,13,25,0,0,0
20220907-M-US_Open-QF-Andrey_Rublev-Frances_Tiafoe,Andrey Rublev,Total,19,9,29,21,13,18,29,11,10,0,0,0
20220907-M-US_Open-QF-Andrey_Rublev-Frances_Tiafoe,Andrey Rublev,1,19,0,17,9,0,15,0,0,0,0,0,0
20220907-M-US_Open-QF-Andrey_Rublev-Frances_Tiafoe,Andrey Rublev,2,0,9,12,12,13,3,29,11,10,0,0,0
20220907-M-US_Open-QF-Andrey_Rublev-Frances_Tiafoe,Frances Tiafoe,Total,21,2,34,33,4,16,28,6,22,3,0,0
20220907-M-US_Open-QF-Andrey_Rublev-Frances_Tiafoe,Frances Tiafoe,1,18,1,14,5,1,15,0,0,0,0,0,0
20220907-M-US_Open-QF-Andrey_Rublev-Frances_Tiafoe,Frances Tiafoe,2,3,1,20,28,3,1,28,6,22,3,0,0
20220906-M-US_Open-QF-Casper_Ruud-Matteo_Berrettini,Casper Ruud,Total,17,8,28,26,7,11,15,9,12,0,0,0
20220906-M-US_Open-QF-Casper_Ruud-Matteo_Berrettini,Casper Ruud,1,17,3,17,13,4,9,0,0,0,0,0,0
20220906-M-US_Open-QF-Casper_Ruud-Matteo_Berrettini,Casper Ruud,2,0,5,11,13,3,2,15,9,12,0,0,0
20220906-M-US_Open-QF-Casper_Ruud-Matteo_Berrettini,Matteo Berrettini,Total,15,8,27,17,11,20,22,9,9,0,2,0
20220906-M-US_Open-QF-Casper_Ruud-Matteo_Berrettini,Matteo Berrettini,1,13,1,17,8,1,19,0,0,0,0,0,0
20220906-M-US_Open-QF-Casper_Ruud-Matteo_Berrettini,Matteo Berrettini,2,2,7,10,9,10,1,22,9,9,0,2,0
20220905-M-US_Open-R16-Rafael_Nadal-Frances_Tiafoe,Rafael Nadal,Total,15,16,30,21,17,15,33,8,15,7,0,0
20220905-M-US_Open-R16-Rafael_Nadal-Frances_Tiafoe,Rafael Nadal,1,11,3,17,17,6,6,0,0,0,0,0,0
20220905-M-US_Open-R16-Rafael_Nadal-Frances_Tiafoe,Rafael Nadal,2,4,13,13,4,11,9,33,8,15,7,0,0
20220905-M-US_Open-R16-Rafael_Nadal-Frances_Tiafoe,Frances Tiafoe,Total,47,2,12,12,6,37,35,9,12,8,0,0
20220905-M-US_Open-R16-Rafael_Nadal-Frances_Tiafoe,Frances Tiafoe,1,21,0,12,5,3,15,0,0,0,0,0,0
20220905-M-US_Open-R16-Rafael_Nadal-Frances_Tiafoe,Frances Tiafoe,2,26,2,0,7,3,22,35,9,12,8,0,0
20220905-M-US_Open-R16-Nick_Kyrgios-Daniil_Medvedev,Nick Kyrgios,Total,25,1,38,24,1,31,14,9,19,0,0,0
20220905-M-US_Open-R16-Nick_Kyrgios-Daniil_Medvedev,Nick Kyrgios,1,21,0,26,14,0,24,0,0,0,0,0,0
20220905-M-US_Open-R16-Nick_Kyrgios-Daniil_Medvedev,Nick Kyrgios,2,4,1,12,10,1,7,14,9,19,0,0,0
20220905-M-US_Open-R16-Nick_Kyrgios-Daniil_Medvedev,Daniil Medvedev,Total,33,4,27,30,4,29,23,6,23,1,0,0
20220905-M-US_Open-R16-Nick_Kyrgios-Daniil_Medvedev,Daniil Medvedev,1,20,0,18,17,0,21,0,0,0,0,0,0
20220905-M-US_Open-R16-Nick_Kyrgios-Daniil_Medvedev,Daniil Medvedev,2,13,4,9,13,4,8,23,6,23,1,0,0
20220905-M-US_Open-R16-Marin_Cilic-Carlos_Alcaraz,Marin Cilic,Total,27,20,29,22,22,22,31,16,25,7,3,0
20220905-M-US_Open-R16-Marin_Cilic-Carlos_Alcaraz,Marin Cilic,1,24,1,11,12,6,19,0,0,0,0,0,0
20220905-M-US_Open-R16-Marin_Cilic-Carlos_Alcaraz,Marin Cilic,2,3,19,18,10,16,3,31,16,25,7,3,0
20220905-M-US_Open-R16-Marin_Cilic-Carlos_Alcaraz,Carlos Alcaraz,Total,28,37,11,20,23,24,13,7,23,1,0,1
20220905-M-US_Open-R16-Marin_Cilic-Carlos_Alcaraz,Carlos Alcaraz,1,19,26,7,14,13,23,0,0,0,0,0,0
20220905-M-US_Open-R16-Marin_Cilic-Carlos_Alcaraz,Carlos Alcaraz,2,9,11,4,6,10,1,13,7,23,1,0,1
20220905-M-US_Open-R16-Jannik_Sinner-Ilya_Ivashka,Jannik Sinner,Total,28,31,10,43,14,7,37,8,33,5,0,0
20220905-M-US_Open-R16-Jannik_Sinner-Ilya_Ivashka,Jannik Sinner,1,19,6,9,19,4,7,0,0,0,0,0,0
20220905-M-US_Open-R16-Jannik_Sinner-Ilya_Ivashka,Jannik Sinner,2,9,25,1,24,10,0,37,8,33,5,0,0
20220905-M-US_Open-R16-Jannik_Sinner-Ilya_Ivashka,Ilya Ivashka,Total,31,51,5,41,21,17,24,4,40,8,0,0
20220905-M-US_Open-R16-Jannik_Sinner-Ilya_Ivashka,Ilya Ivashka,1,29,23,4,24,10,13,0,0,0,0,0,0
20220905-M-US_Open-R16-Jannik_Sinner-Ilya_Ivashka,Ilya Ivashka,2,2,28,1,17,11,4,24,4,40,8,0,0
20220905-M-US_Open-R16-Cameron_Norrie-Andrey_Rublev,Cameron Norrie,Total,14,5,27,28,6,8,21,6,10,4,0,0
20220905-M-US_Open-R16-Cameron_Norrie-Andrey_Rublev,Cameron Norrie,1,9,1,18,14,2,6,0,0,0,0,0,0
20220905-M-US_Open-R16-Cameron_Norrie-Andrey_Rublev,Cameron Norrie,2,5,4,9,14,4,2,21,6,10,4,0,0
20220905-M-US_Open-R16-Cameron_Norrie-Andrey_Rublev,Andrey Rublev,Total,18,13,16,10,8,23,16,6,11,0,0,0
20220905-M-US_Open-R16-Cameron_Norrie-Andrey_Rublev,Andrey Rublev,1,14,3,14,8,4,16,0,0,0,0,0,0
20220905-M-US_Open-R16-Cameron_Norrie-Andrey_Rublev,Andrey Rublev,2,4,10,2,2,4,7,16,6,11,0,0,0
20220904-M-US_Open-R16-Casper_Ruud-Corentin_Moutet,Casper Ruud,Total,45,2,13,21,1,38,25,6,9,0,0,0
20220904-M-US_Open-R16-Casper_Ruud-Corentin_Moutet,Casper Ruud,1,28,2,10,16,1,27,0,0,0,0,0,0
20220904-M-US_Open-R16-Casper_Ruud-Corentin_Moutet,Casper Ruud,2,17,0,3,5,0,11,25,6,9,0,0,0
20220904-M-US_Open-R16-Casper_Ruud-Corentin_Moutet,Corentin Moutet,Total,14,7,41,37,14,4,18,8,14,2,0,0
20220904-M-US_Open-R16-Casper_Ruud-Corentin_Moutet,Corentin Moutet,1,9,4,28,20,12,3,0,0,0,0,0,0
20220904-M-US_Open-R16-Casper_Ruud-Corentin_Moutet,Corentin Moutet,2,5,3,13,17,2,1,18,8,14,2,0,0
20220903-M-US_Open-R32-J_J_Wolf-Nick_Kyrgios,J J Wolf,1,13,3,16,6,2,14,0,0,0,0,0,0
20220903-M-US_Open-R32-J_J_Wolf-Nick_Kyrgios,J J Wolf,2,1,3,6,6,1,9,15,3,9,0,0,0
20220903-M-US_Open-R32-J_J_Wolf-Nick_Kyrgios,J J Wolf,Total,14,6,22,12,3,23,15,3,9,0,0,0
20220903-M-US_Open-R32-J_J_Wolf-Nick_Kyrgios,Nick Kyrgios,Total,13,4,28,21,3,17,12,4,14,0,0,0
20220903-M-US_Open-R32-J_J_Wolf-Nick_Kyrgios,Nick Kyrgios,1,11,0,20,12,3,15,0,0,0,0,0,0
20220903-M-US_Open-R32-J_J_Wolf-Nick_Kyrgios,Nick Kyrgios,2,2,4,8,9,0,2,12,4,14,0,0,0
20220903-M-US_Open-R32-Carlos_Alcaraz-Jenson_Brooksby,Carlos Alcaraz,Total,4,14,21,15,10,10,9,4,10,3,0,0
20220903-M-US_Open-R32-Carlos_Alcaraz-Jenson_Brooksby,Carlos Alcaraz,1,4,11,11,10,6,9,0,0,0,0,0,0
20220903-M-US_Open-R32-Carlos_Alcaraz-Jenson_Brooksby,Carlos Alcaraz,2,0,3,10,5,4,1,9,4,10,3,0,0
20220903-M-US_Open-R32-Carlos_Alcaraz-Jenson_Brooksby,Jenson Brooksby,Total,17,13,18,15,13,17,13,4,13,3,0,0
20220903-M-US_Open-R32-Carlos_Alcaraz-Jenson_Brooksby,Jenson Brooksby,1,15,4,13,10,6,15,0,0,0,0,0,0
20220903-M-US_Open-R32-Carlos_Alcaraz-Jenson_Brooksby,Jenson Brooksby,2,2,9,5,5,7,2,13,4,13,3,0,0
20220903-M-US_Open-R32-Brandon_Nakashima-Jannik_Sinner,Brandon Nakashima,Total,18,21,22,33,17,7,23,13,15,1,0,0
20220903-M-US_Open-R32-Brandon_Nakashima-Jannik_Sinner,Brandon Nakashima,1,16,4,16,19,8,6,0,0,0,0,0,0
20220903-M-US_Open-R32-Brandon_Nakashima-Jannik_Sinner,Brandon Nakashima,2,2,17,6,14,9,1,23,13,15,1,0,0
20220903-M-US_Open-R32-Brandon_Nakashima-Jannik_Sinner,Jannik Sinner,Total,29,17,14,26,22,8,20,6,22,1,0,0
20220903-M-US_Open-R32-Brandon_Nakashima-Jannik_Sinner,Jannik Sinner,1,20,4,11,26,2,8,0,0,0,0,0,0
20220903-M-US_Open-R32-Brandon_Nakashima-Jannik_Sinner,Jannik Sinner,2,9,13,3,0,20,0,20,6,22,1,0,0
20220903-M-US_Open-R32-Andrey_Rublev-Denis_Shapovalov,Andrey Rublev,Total,56,26,17,23,24,45,44,11,19,2,0,0
20220903-M-US_Open-R32-Andrey_Rublev-Denis_Shapovalov,Andrey Rublev,1,43,6,16,20,4,30,0,0,0,0,0,0
20220903-M-US_Open-R32-Andrey_Rublev-Denis_Shapovalov,Andrey Rublev,2,13,20,1,3,20,15,44,11,19,2,0,0
20220903-M-US_Open-R32-Andrey_Rublev-Denis_Shapovalov,Denis Shapovalov,Total,19,20,52,57,14,14,40,17,28,0,0,0
20220903-M-US_Open-R32-Andrey_Rublev-Denis_Shapovalov,Denis Shapovalov,1,15,5,27,31,8,13,0,0,0,0,0,0
20220903-M-US_Open-R32-Andrey_Rublev-Denis_Shapovalov,Denis Shapovalov,2,4,15,25,26,6,1,40,17,28,0,0,0
20220902-M-US_Open-R32-Andy_Murray-Matteo_Berrettini,Andy Murray,Total,28,14,21,25,15,19,28,9,21,4,0,0
20220902-M-US_Open-R32-Andy_Murray-Matteo_Berrettini,Andy Murray,1,19,1,12,14,4,15,0,0,0,0,0,0
20220902-M-US_Open-R32-Andy_Murray-Matteo_Berrettini,Andy Murray,2,9,13,9,11,11,4,28,9,21,4,0,0
20220902-M-US_Open-R32-Andy_Murray-Matteo_Berrettini,Matteo Berrettini,Total,30,20,19,22,20,20,18,11,13,0,0,0
20220902-M-US_Open-R32-Andy_Murray-Matteo_Berrettini,Matteo Berrettini,1,27,1,18,22,2,20,0,0,0,0,0,0
20220902-M-US_Open-R32-Andy_Murray-Matteo_Berrettini,Matteo Berrettini,2,3,19,1,0,18,0,18,11,13,0,0,0
20220901-M-US_Open-R64-Hubert_Hurkacz-Ilya_Ivashka,Hubert Hurkacz,Total,16,13,34,28,10,21,11,17,23,8,0,0
20220901-M-US_Open-R64-Hubert_Hurkacz-Ilya_Ivashka,Hubert Hurkacz,1,15,1,12,17,4,19,0,0,0,0,0,0
20220901-M-US_Open-R64-Hubert_Hurkacz-Ilya_Ivashka,Hubert Hurkacz,2,1,12,22,11,6,2,11,17,23,8,0,0
20220901-M-US_Open-R64-Hubert_Hurkacz-Ilya_Ivashka,Ilya Ivashka,Total,23,20,31,30,10,27,22,10,29,3,0,0
20220901-M-US_Open-R64-Hubert_Hurkacz-Ilya_Ivashka,Ilya Ivashka,1,21,3,16,18,4,21,0,0,0,0,0,0
20220901-M-US_Open-R64-Hubert_Hurkacz-Ilya_Ivashka,Ilya Ivashka,2,2,17,15,12,6,6,22,10,29,3,0,0
20220901-M-US_Open-R64-Christopher_Eubanks-Jannik_Sinner,Christopher Eubanks,Total,20,16,19,34,2,15,18,7,12,1,0,0
20220901-M-US_Open-R64-Christopher_Eubanks-Jannik_Sinner,Christopher Eubanks,1,18,6,13,26,1,10,0,0,0,0,0,0
20220901-M-US_Open-R64-Christopher_Eubanks-Jannik_Sinner,Christopher Eubanks,2,2,10,6,8,1,5,18,7,12,1,0,0
20220901-M-US_Open-R64-Christopher_Eubanks-Jannik_Sinner,Jannik Sinner,Total,14,12,18,24,12,7,18,8,18,2,0,0
20220901-M-US_Open-R64-Christopher_Eubanks-Jannik_Sinner,Jannik Sinner,1,10,4,14,8,3,6,0,0,0,0,0,0
20220901-M-US_Open-R64-Christopher_Eubanks-Jannik_Sinner,Jannik Sinner,2,4,8,4,16,9,1,18,8,18,2,0,0
20220831-M-US_Open-R64-Sebastian_Korda-Tommy_Paul,Sebastian Korda,Total,19,25,22,30,8,25,10,12,18,1,0,0
20220831-M-US_Open-R64-Sebastian_Korda-Tommy_Paul,Sebastian Korda,1,19,4,22,22,2,20,0,0,0,0,0,0
20220831-M-US_Open-R64-Sebastian_Korda-Tommy_Paul,Sebastian Korda,2,0,21,0,8,6,5,10,12,18,1,0,0
20220831-M-US_Open-R64-Sebastian_Korda-Tommy_Paul,Tommy Paul,Total,39,23,17,24,28,24,40,7,17,1,0,0
20220831-M-US_Open-R64-Sebastian_Korda-Tommy_Paul,Tommy Paul,1,25,9,10,14,15,22,0,0,0,0,0,0
20220831-M-US_Open-R64-Sebastian_Korda-Tommy_Paul,Tommy Paul,2,14,14,7,10,13,2,40,7,17,1,0,0
20220831-M-US_Open-R64-Pedro_Cachin-Brandon_Holt,Pedro Cachin,Total,27,24,27,23,23,28,29,8,27,1,0,0
20220831-M-US_Open-R64-Pedro_Cachin-Brandon_Holt,Pedro Cachin,1,26,5,20,14,3,24,0,0,0,0,0,0
20220831-M-US_Open-R64-Pedro_Cachin-Brandon_Holt,Pedro Cachin,2,1,19,7,9,20,4,29,8,27,1,0,0
20220831-M-US_Open-R64-Pedro_Cachin-Brandon_Holt,Brandon Holt,Total,21,36,25,13,37,25,23,14,20,5,0,1
20220831-M-US_Open-R64-Pedro_Cachin-Brandon_Holt,Brandon Holt,1,21,7,23,12,9,25,0,0,0,0,0,0
20220831-M-US_Open-R64-Pedro_Cachin-Brandon_Holt,Brandon Holt,2,0,29,2,1,28,0,23,14,20,5,0,1
20220831-M-US_Open-R64-Daniel_Elahi_Galan-Jordan_Thompson,Daniel Elahi Galan,Total,16,35,37,24,34,26,34,17,15,4,0,0
20220831-M-US_Open-R64-Daniel_Elahi_Galan-Jordan_Thompson,Daniel Elahi Galan,1,15,11,29,15,11,22,0,0,0,0,0,0
20220831-M-US_Open-R64-Daniel_Elahi_Galan-Jordan_Thompson,Daniel Elahi Galan,2,1,24,8,9,23,4,34,17,15,4,0,0
20220831-M-US_Open-R64-Daniel_Elahi_Galan-Jordan_Thompson,Jordan Thompson,Total,29,12,30,17,15,31,17,14,19,0,0,0
20220831-M-US_Open-R64-Daniel_Elahi_Galan-Jordan_Thompson,Jordan Thompson,1,23,4,17,15,5,24,0,0,0,0,0,0
20220831-M-US_Open-R64-Daniel_Elahi_Galan-Jordan_Thompson,Jordan Thompson,2,6,8,13,2,10,7,17,14,19,0,0,0
20220831-M-US_Open-R64-Casper_Ruud-Tim_Van_Rijthoven,Casper Ruud,Total,14,22,26,29,14,12,16,2,15,2,0,1
20220831-M-US_Open-R64-Casper_Ruud-Tim_Van_Rijthoven,Casper Ruud,1,11,17,18,17,10,11,0,0,0,0,0,0
20220831-M-US_Open-R64-Casper_Ruud-Tim_Van_Rijthoven,Casper Ruud,2,3,5,8,12,4,1,16,2,15,2,0,1
20220831-M-US_Open-R64-Casper_Ruud-Tim_Van_Rijthoven,Tim Van Rijthoven,Total,19,12,33,23,17,15,29,11,21,1,0,0
20220831-M-US_Open-R64-Casper_Ruud-Tim_Van_Rijthoven,Tim Van Rijthoven,1,16,5,19,10,4,12,0,0,0,0,0,0
20220831-M-US_Open-R64-Casper_Ruud-Tim_Van_Rijthoven,Tim Van Rijthoven,2,3,7,14,13,13,3,29,11,21,1,0,0
20220831-M-US_Open-R64-Botic_Van_De_Zandschulp-Corentin_Moutet,Botic Van De Zandschulp,Total,28,7,21,14,6,30,19,7,19,5,0,0
20220831-M-US_Open-R64-Botic_Van_De_Zandschulp-Corentin_Moutet,Botic Van De Zandschulp,1,20,0,15,10,1,20,0,0,0,0,0,0
20220831-M-US_Open-R64-Botic_Van_De_Zandschulp-Corentin_Moutet,Botic Van De Zandschulp,2,8,7,6,4,5,10,19,7,19,5,0,0
20220831-M-US_Open-R64-Botic_Van_De_Zandschulp-Corentin_Moutet,Corentin Moutet,Total,9,20,31,28,19,8,24,9,13,3,0,0
20220831-M-US_Open-R64-Botic_Van_De_Zandschulp-Corentin_Moutet,Corentin Moutet,1,5,6,24,24,7,5,0,0,0,0,0,0
20220831-M-US_Open-R64-Botic_Van_De_Zandschulp-Corentin_Moutet,Corentin Moutet,2,4,14,7,4,12,3,24,9,13,3,0,0
20220830-M-US_Open-R64-Gijs_Brouwer-Lorenzo_Musetti,Gijs Brouwer,Total,6,10,42,34,2,15,12,6,18,5,0,1
20220830-M-US_Open-R64-Gijs_Brouwer-Lorenzo_Musetti,Gijs Brouwer,1,6,2,30,20,0,14,0,0,0,0,0,0
20220830-M-US_Open-R64-Gijs_Brouwer-Lorenzo_Musetti,Gijs Brouwer,2,0,8,12,14,2,1,12,6,18,5,0,1
20220830-M-US_Open-R64-Gijs_Brouwer-Lorenzo_Musetti,Lorenzo Musetti,Total,22,17,27,5,10,43,22,5,25,3,0,0
20220830-M-US_Open-R64-Gijs_Brouwer-Lorenzo_Musetti,Lorenzo Musetti,1,12,6,20,1,6,29,0,0,0,0,0,0
20220830-M-US_Open-R64-Gijs_Brouwer-Lorenzo_Musetti,Lorenzo Musetti,2,10,11,7,4,4,14,22,5,25,3,0,0
20220830-M-US_Open-R128-Soon_Woo_Kwon-Fernando_Verdasco,Soon Woo Kwon,Total,31,16,18,23,12,25,17,16,21,4,0,0
20220830-M-US_Open-R128-Soon_Woo_Kwon-Fernando_Verdasco,Soon Woo Kwon,1,22,3,15,14,5,15,0,0,0,0,0,0
20220830-M-US_Open-R128-Soon_Woo_Kwon-Fernando_Verdasco,Soon Woo Kwon,2,9,13,3,9,7,10,17,16,21,4,0,0
20220830-M-US_Open-R128-Soon_Woo_Kwon-Fernando_Verdasco,Fernando Verdasco,Total,8,14,43,36,9,9,28,5,22,0,0,0
20220830-M-US_Open-R128-Soon_Woo_Kwon-Fernando_Verdasco,Fernando Verdasco,1,5,3,24,24,5,7,0,0,0,0,0,0
20220830-M-US_Open-R128-Soon_Woo_Kwon-Fernando_Verdasco,Fernando Verdasco,2,3,11,19,12,4,2,28,5,22,0,0,0
20220830-M-US_Open-R128-Sam_Querrey-Ilya_Ivashka,Sam Querrey,Total,24,18,33,29,11,30,31,8,30,6,0,0
20220830-M-US_Open-R128-Sam_Querrey-Ilya_Ivashka,Sam Querrey,1,17,5,24,20,1,21,0,0,0,0,0,0
20220830-M-US_Open-R128-Sam_Querrey-Ilya_Ivashka,Sam Querrey,2,7,13,9,9,10,9,31,8,30,6,0,0
20220830-M-US_Open-R128-Sam_Querrey-Ilya_Ivashka,Ilya Ivashka,Total,8,41,17,11,28,23,20,3,33,0,3,0
20220830-M-US_Open-R128-Sam_Querrey-Ilya_Ivashka,Ilya Ivashka,1,8,16,9,9,15,17,0,0,0,0,0,0
20220830-M-US_Open-R128-Sam_Querrey-Ilya_Ivashka,Ilya Ivashka,2,0,25,8,2,13,6,20,3,33,0,3,0
20220830-M-US_Open-R128-Oscar_Otte-Hubert_Hurkacz,Oscar Otte,Total,24,1,24,29,6,11,21,6,21,5,3,0
20220830-M-US_Open-R128-Oscar_Otte-Hubert_Hurkacz,Oscar Otte,1,12,0,14,11,0,8,0,0,0,0,0,0
20220830-M-US_Open-R128-Oscar_Otte-Hubert_Hurkacz,Oscar Otte,2,12,1,10,18,6,3,21,6,21,5,3,0
20220830-M-US_Open-R128-Oscar_Otte-Hubert_Hurkacz,Hubert Hurkacz,Total,12,3,25,17,5,12,8,8,14,1,0,0
20220830-M-US_Open-R128-Oscar_Otte-Hubert_Hurkacz,Hubert Hurkacz,1,12,1,14,8,0,10,0,0,0,0,0,0
20220830-M-US_Open-R128-Oscar_Otte-Hubert_Hurkacz,Hubert Hurkacz,2,0,2,11,9,5,2,8,8,14,1,0,0
20220830-M-US_Open-R128-Miomir_Kecmanovic-Learner_Tien,Miomir Kecmanovic,Total,27,12,16,21,10,17,21,5,13,2,0,0
20220830-M-US_Open-R128-Miomir_Kecmanovic-Learner_Tien,Miomir Kecmanovic,1,13,3,14,17,5,11,0,0,0,0,0,0
20220830-M-US_Open-R128-Miomir_Kecmanovic-Learner_Tien,Miomir Kecmanovic,2,14,9,2,4,5,6,21,5,13,2,0,0
20220830-M-US_Open-R128-Miomir_Kecmanovic-Learner_Tien,Learner Tien,Total,13,18,28,41,8,3,17,3,16,5,0,0
20220830-M-US_Open-R128-Miomir_Kecmanovic-Learner_Tien,Learner Tien,1,12,9,17,29,4,3,0,0,0,0,0,0
20220830-M-US_Open-R128-Miomir_Kecmanovic-Learner_Tien,Learner Tien,2,1,9,11,12,4,0,17,3,16,5,0,0
20220830-M-US_Open-R128-Lorenzo_Musetti-David_Goffin,Lorenzo Musetti,Total,36,19,35,41,20,27,35,14,28,1,0,0
20220830-M-US_Open-R128-Lorenzo_Musetti-David_Goffin,Lorenzo Musetti,1,30,5,21,15,13,24,0,0,0,0,0,0
20220830-M-US_Open-R128-Lorenzo_Musetti-David_Goffin,Lorenzo Musetti,2,6,14,14,26,7,3,35,14,28,1,0,0
20220830-M-US_Open-R128-Lorenzo_Musetti-David_Goffin,David Goffin,Total,50,31,14,45,12,30,39,20,33,1,0,0
20220830-M-US_Open-R128-Lorenzo_Musetti-David_Goffin,David Goffin,1,26,13,8,24,5,19,0,0,0,0,0,0
20220830-M-US_Open-R128-Lorenzo_Musetti-David_Goffin,David Goffin,2,24,18,6,21,7,11,39,20,33,1,0,0
20220830-M-US_Open-R128-John_Isner-Federico_Delbonis,John Isner,Total,25,0,14,14,0,19,4,8,9,0,0,0
20220830-M-US_Open-R128-John_Isner-Federico_Delbonis,John Isner,1,14,0,13,10,0,14,0,0,0,0,0,0
20220830-M-US_Open-R128-John_Isner-Federico_Delbonis,John Isner,2,11,0,1,4,0,5,4,8,9,0,0,0
20220830-M-US_Open-R128-John_Isner-Federico_Delbonis,Federico Delbonis,Total,8,6,26,21,8,7,12,12,18,0,0,0
20220830-M-US_Open-R128-John_Isner-Federico_Delbonis,Federico Delbonis,1,5,4,12,11,5,4,0,0,0,0,0,0
20220830-M-US_Open-R128-John_Isner-Federico_Delbonis,Federico Delbonis,2,3,2,14,10,3,3,12,12,18,0,0,0
20220830-M-US_Open-R128-Jannik_Sinner-Daniel_Altmaier,Jannik Sinner,Total,27,14,22,31,10,17,15,10,31,2,0,0
20220830-M-US_Open-R128-Jannik_Sinner-Daniel_Altmaier,Jannik Sinner,1,19,2,12,18,2,15,0,0,0,0,0,0
20220830-M-US_Open-R128-Jannik_Sinner-Daniel_Altmaier,Jannik Sinner,2,8,12,10,13,8,2,15,10,31,2,0,0
20220830-M-US_Open-R128-Jannik_Sinner-Daniel_Altmaier,Daniel Altmaier,Total,17,19,29,27,10,25,20,11,16,3,1,0
20220830-M-US_Open-R128-Jannik_Sinner-Daniel_Altmaier,Daniel Altmaier,1,16,2,19,16,2,23,0,0,0,0,0,0
20220830-M-US_Open-R128-Jannik_Sinner-Daniel_Altmaier,Daniel Altmaier,2,1,17,10,11,8,2,20,11,16,3,1,0
20220830-M-US_Open-R128-Hugo_Gaston-Alexander_Bublik,Hugo Gaston,Total,18,11,18,22,6,12,20,3,24,2,0,0
20220830-M-US_Open-R128-Hugo_Gaston-Alexander_Bublik,Hugo Gaston,1,8,4,12,14,0,8,0,0,0,0,0,0
20220830-M-US_Open-R128-Hugo_Gaston-Alexander_Bublik,Hugo Gaston,2,10,7,6,8,6,4,20,3,24,2,0,0
20220830-M-US_Open-R128-Hugo_Gaston-Alexander_Bublik,Alexander Bublik,Total,21,1,24,16,2,24,15,4,26,0,0,0
20220830-M-US_Open-R128-Hugo_Gaston-Alexander_Bublik,Alexander Bublik,1,14,0,16,11,1,10,0,0,0,0,0,0
20220830-M-US_Open-R128-Hugo_Gaston-Alexander_Bublik,Alexander Bublik,2,7,1,8,5,1,14,15,4,26,0,0,0
20220830-M-US_Open-R128-Grigor_Dimitrov-Steve_Johnson,Grigor Dimitrov,Total,9,0,26,17,4,8,13,7,10,0,0,0
20220830-M-US_Open-R128-Grigor_Dimitrov-Steve_Johnson,Grigor Dimitrov,1,8,0,15,8,1,6,0,0,0,0,0,0
20220830-M-US_Open-R128-Grigor_Dimitrov-Steve_Johnson,Grigor Dimitrov,2,1,0,11,9,3,2,13,7,10,0,0,0
20220830-M-US_Open-R128-Grigor_Dimitrov-Steve_Johnson,Steve Johnson,Total,19,3,22,26,1,15,15,7,17,0,0,0
20220830-M-US_Open-R128-Grigor_Dimitrov-Steve_Johnson,Steve Johnson,1,16,0,11,12,0,12,0,0,0,0,0,0
20220830-M-US_Open-R128-Grigor_Dimitrov-Steve_Johnson,Steve Johnson,2,3,3,11,14,1,3,15,7,17,0,0,0
20220830-M-US_Open-R128-Gijs_Brouwer-Adrian_Mannarino,Gijs Brouwer,Total,6,7,31,25,9,7,15,5,9,2,0,0
20220830-M-US_Open-R128-Gijs_Brouwer-Adrian_Mannarino,Gijs Brouwer,1,6,5,19,18,1,7,0,0,0,0,0,0
20220830-M-US_Open-R128-Gijs_Brouwer-Adrian_Mannarino,Gijs Brouwer,2,0,2,12,7,8,0,15,5,9,2,0,0
20220830-M-US_Open-R128-Gijs_Brouwer-Adrian_Mannarino,Adrian Mannarino,Total,17,13,16,19,17,5,18,9,20,3,0,0
20220830-M-US_Open-R128-Gijs_Brouwer-Adrian_Mannarino,Adrian Mannarino,1,10,3,8,11,5,4,0,0,0,0,0,0
20220830-M-US_Open-R128-Gijs_Brouwer-Adrian_Mannarino,Adrian Mannarino,2,7,10,8,8,12,1,18,9,20,3,0,0
20220830-M-US_Open-R128-Benoit_Paire-Cameron_Norrie,Benoit Paire,Total,18,7,16,16,12,10,21,17,18,1,0,0
20220830-M-US_Open-R128-Benoit_Paire-Cameron_Norrie,Benoit Paire,1,8,2,13,11,0,1,0,0,0,0,0,0
20220830-M-US_Open-R128-Benoit_Paire-Cameron_Norrie,Benoit Paire,2,10,5,3,5,12,9,21,17,18,1,0,0
20220830-M-US_Open-R128-Benoit_Paire-Cameron_Norrie,Cameron Norrie,Total,13,9,14,13,5,16,9,3,8,0,0,0
20220830-M-US_Open-R128-Benoit_Paire-Cameron_Norrie,Cameron Norrie,1,8,1,12,11,4,14,0,0,0,0,0,0
20220830-M-US_Open-R128-Benoit_Paire-Cameron_Norrie,Cameron Norrie,2,5,8,2,2,1,2,9,3,8,0,0,0
20220829-M-US_Open-R128-Zhizhen_Zhang-Tim_Van_Rijthoven,Zhizhen Zhang,Total,20,21,43,22,18,33,29,4,19,4,0,0
20220829-M-US_Open-R128-Zhizhen_Zhang-Tim_Van_Rijthoven,Zhizhen Zhang,1,20,4,31,14,5,31,0,0,0,0,0,0
20220829-M-US_Open-R128-Zhizhen_Zhang-Tim_Van_Rijthoven,Zhizhen Zhang,2,0,17,12,8,13,2,29,4,19,4,0,0
20220829-M-US_Open-R128-Zhizhen_Zhang-Tim_Van_Rijthoven,Tim Van Rijthoven,Total,33,23,36,38,14,33,25,26,27,9,0,1
20220829-M-US_Open-R128-Zhizhen_Zhang-Tim_Van_Rijthoven,Tim Van Rijthoven,1,30,5,22,24,3,18,0,0,0,0,0,0
20220829-M-US_Open-R128-Zhizhen_Zhang-Tim_Van_Rijthoven,Tim Van Rijthoven,2,3,18,14,14,11,15,25,26,27,9,0,1
20220829-M-US_Open-R128-Tomas_Machac-Botic_Van_De_Zandschulp,Tomas Machac,Total,28,23,36,34,27,22,24,15,36,4,0,1
20220829-M-US_Open-R128-Tomas_Machac-Botic_Van_De_Zandschulp,Tomas Machac,1,23,7,19,13,15,17,0,0,0,0,0,0
20220829-M-US_Open-R128-Tomas_Machac-Botic_Van_De_Zandschulp,Tomas Machac,2,5,16,17,21,12,5,24,15,36,4,0,1
20220829-M-US_Open-R128-Tomas_Machac-Botic_Van_De_Zandschulp,Botic Van De Zandschulp,Total,30,25,26,20,14,37,26,12,37,6,0,1
20220829-M-US_Open-R128-Tomas_Machac-Botic_Van_De_Zandschulp,Botic Van De Zandschulp,1,25,7,18,12,0,20,0,0,0,0,0,0
20220829-M-US_Open-R128-Tomas_Machac-Botic_Van_De_Zandschulp,Botic Van De Zandschulp,2,5,18,8,8,14,17,26,12,37,6,0,1
20220829-M-US_Open-R128-Pablo_Carreno_Busta-Dominic_Thiem,Pablo Carreno Busta,Total,23,33,4,23,13,20,16,6,18,1,0,0
20220829-M-US_Open-R128-Pablo_Carreno_Busta-Dominic_Thiem,Pablo Carreno Busta,1,20,16,3,12,5,20,0,0,0,0,0,0
20220829-M-US_Open-R128-Pablo_Carreno_Busta-Dominic_Thiem,Pablo Carreno Busta,2,3,17,1,11,8,0,16,6,18,1,0,0
20220829-M-US_Open-R128-Pablo_Carreno_Busta-Dominic_Thiem,Dominic Thiem,Total,32,22,16,17,22,26,22,17,24,1,0,0
20220829-M-US_Open-R128-Pablo_Carreno_Busta-Dominic_Thiem,Dominic Thiem,1,25,1,11,9,6,24,0,0,0,0,0,0
20220829-M-US_Open-R128-Pablo_Carreno_Busta-Dominic_Thiem,Dominic Thiem,2,7,21,5,8,16,2,22,17,24,1,0,0
20220829-M-US_Open-R128-Nuno_Borges-Ben_Shelton,Nuno Borges,Total,38,30,26,13,23,46,30,8,22,1,0,0
20220829-M-US_Open-R128-Nuno_Borges-Ben_Shelton,Nuno Borges,1,30,15,21,10,9,34,0,0,0,0,0,0
20220829-M-US_Open-R128-Nuno_Borges-Ben_Shelton,Nuno Borges,2,8,15,5,3,14,12,30,8,22,1,0,0
20220829-M-US_Open-R128-Nuno_Borges-Ben_Shelton,Ben Shelton,Total,29,31,37,58,18,18,37,17,23,5,0,1
20220829-M-US_Open-R128-Nuno_Borges-Ben_Shelton,Ben Shelton,1,19,15,21,38,6,16,0,0,0,0,0,0
20220829-M-US_Open-R128-Nuno_Borges-Ben_Shelton,Ben Shelton,2,10,16,16,20,12,2,37,17,23,5,0,1
20220829-M-US_Open-R128-Nicolas_Jarry-Matteo_Berrettini,Nicolas Jarry,Total,13,4,24,19,7,12,15,8,11,1,0,0
20220829-M-US_Open-R128-Nicolas_Jarry-Matteo_Berrettini,Nicolas Jarry,1,11,0,17,6,1,10,0,0,0,0,0,0
20220829-M-US_Open-R128-Nicolas_Jarry-Matteo_Berrettini,Nicolas Jarry,2,2,4,7,13,6,2,15,8,11,1,0,0
20220829-M-US_Open-R128-Nicolas_Jarry-Matteo_Berrettini,Matteo Berrettini,Total,22,6,10,12,7,13,11,5,10,0,0,0
20220829-M-US_Open-R128-Nicolas_Jarry-Matteo_Berrettini,Matteo Berrettini,1,17,4,6,8,0,10,0,0,0,0,0,0
20220829-M-US_Open-R128-Nicolas_Jarry-Matteo_Berrettini,Matteo Berrettini,2,5,2,4,4,7,3,11,5,10,0,0,0
20220829-M-US_Open-R128-John_Millman-Emilio_Nava,John Millman,Total,38,32,26,41,18,30,35,17,26,2,0,1
20220829-M-US_Open-R128-John_Millman-Emilio_Nava,John Millman,1,25,8,21,25,4,28,0,0,0,0,0,0
20220829-M-US_Open-R128-John_Millman-Emilio_Nava,John Millman,2,13,24,5,16,14,2,35,17,26,2,0,1
20220829-M-US_Open-R128-John_Millman-Emilio_Nava,Emilio Nava,Total,19,19,42,38,14,23,41,11,17,2,0,0
20220829-M-US_Open-R128-John_Millman-Emilio_Nava,Emilio Nava,1,15,11,17,23,9,19,0,0,0,0,0,0
20220829-M-US_Open-R128-John_Millman-Emilio_Nava,Emilio Nava,2,4,8,25,15,5,4,41,11,17,2,0,0
20220829-M-US_Open-R128-Andy_Murray-Francisco_Cerundolo,Andy Murray,Total,13,16,17,8,15,18,18,6,15,1,0,0
20220829-M-US_Open-R128-Andy_Murray-Francisco_Cerundolo,Andy Murray,1,12,5,11,5,4,15,0,0,0,0,0,0
20220829-M-US_Open-R128-Andy_Murray-Francisco_Cerundolo,Andy Murray,2,1,11,6,3,11,3,18,6,15,1,0,0
20220829-M-US_Open-R128-Andy_Murray-Francisco_Cerundolo,Francisco Cerundolo,Total,18,19,15,15,17,14,20,6,16,1,0,0
20220829-M-US_Open-R128-Andy_Murray-Francisco_Cerundolo,Francisco Cerundolo,1,16,6,11,9,7,10,0,0,0,0,0,0
20220829-M-US_Open-R128-Andy_Murray-Francisco_Cerundolo,Francisco Cerundolo,2,2,13,4,6,10,4,20,6,16,1,0,0
20220829-M-US_Open-R128-Alejandro_Davidovich_Fokina-Yoshihito_Nishioka,Alejandro Davidovich Fokina,Total,23,19,2,6,21,15,21,7,19,0,0,0
20220829-M-US_Open-R128-Alejandro_Davidovich_Fokina-Yoshihito_Nishioka,Alejandro Davidovich Fokina,1,14,6,2,4,11,9,0,0,0,0,0,0
20220829-M-US_Open-R128-Alejandro_Davidovich_Fokina-Yoshihito_Nishioka,Alejandro Davidovich Fokina,2,9,13,0,2,10,6,21,7,19,0,0,0
20220829-M-US_Open-R128-Alejandro_Davidovich_Fokina-Yoshihito_Nishioka,Yoshihito Nishioka,Total,6,26,16,27,17,2,22,7,17,1,0,0
20220829-M-US_Open-R128-Alejandro_Davidovich_Fokina-Yoshihito_Nishioka,Yoshihito Nishioka,1,4,7,12,16,10,1,0,0,0,0,0,0
20220829-M-US_Open-R128-Alejandro_Davidovich_Fokina-Yoshihito_Nishioka,Yoshihito Nishioka,2,2,19,4,11,7,1,22,7,17,1,0,0
20220826-M-US_Open-Q3-Paul_Jubb-Gijs_Brouwer,Paul Jubb,Total,25,26,12,15,30,13,22,4,30,0,0,0
20220826-M-US_Open-Q3-Paul_Jubb-Gijs_Brouwer,Paul Jubb,1,16,13,10,9,18,8,0,0,0,0,0,0
20220826-M-US_Open-Q3-Paul_Jubb-Gijs_Brouwer,Paul Jubb,2,9,13,2,6,12,5,22,4,30,0,0,0
20220826-M-US_Open-Q3-Paul_Jubb-Gijs_Brouwer,Gijs Brouwer,Total,14,4,28,28,7,7,11,4,11,3,0,0
20220826-M-US_Open-Q3-Paul_Jubb-Gijs_Brouwer,Gijs Brouwer,1,13,1,19,20,2,6,0,0,0,0,0,0
20220826-M-US_Open-Q3-Paul_Jubb-Gijs_Brouwer,Gijs Brouwer,2,1,3,9,8,5,1,11,4,11,3,0,0
20220130-M-Australian_Open-F-Rafael_Nadal-Daniil_Medvedev,Rafael Nadal,Total,24,17,55,26,40,26,34,17,22,4,0,0
20220130-M-Australian_Open-F-Rafael_Nadal-Daniil_Medvedev,Rafael Nadal,1,21,10,29,23,10,24,0,0,0,0,0,0
20220130-M-Australian_Open-F-Rafael_Nadal-Daniil_Medvedev,Rafael Nadal,2,3,7,26,3,30,2,34,17,22,4,0,0
20220130-M-Australian_Open-F-Rafael_Nadal-Daniil_Medvedev,Daniil Medvedev,Total,59,8,26,31,5,53,24,10,23,2,0,1
20220130-M-Australian_Open-F-Rafael_Nadal-Daniil_Medvedev,Daniil Medvedev,1,40,3,25,22,2,35,0,0,0,0,0,0
20220130-M-Australian_Open-F-Rafael_Nadal-Daniil_Medvedev,Daniil Medvedev,2,19,5,1,9,3,18,24,10,23,2,0,1
20220128-M-Australian_Open-SF-Stefanos_Tsitsipas-Daniil_Medvedev,Stefanos Tsitsipas,Total,26,13,25,10,11,35,10,15,6,7,0,0
20220128-M-Australian_Open-SF-Stefanos_Tsitsipas-Daniil_Medvedev,Stefanos Tsitsipas,1,22,1,20,9,5,26,0,0,0,0,0,0
20220128-M-Australian_Open-SF-Stefanos_Tsitsipas-Daniil_Medvedev,Stefanos Tsitsipas,2,4,12,5,1,6,9,10,15,6,7,0,0
20220128-M-Australian_Open-SF-Stefanos_Tsitsipas-Daniil_Medvedev,Daniil Medvedev,Total,17,12,23,17,13,18,14,3,9,6,0,0
20220128-M-Australian_Open-SF-Stefanos_Tsitsipas-Daniil_Medvedev,Daniil Medvedev,1,15,6,21,14,0,15,0,0,0,0,0,0
20220128-M-Australian_Open-SF-Stefanos_Tsitsipas-Daniil_Medvedev,Daniil Medvedev,2,2,6,2,3,13,3,14,3,9,6,0,0
20220128-M-Australian_Open-SF-Rafael_Nadal-Matteo_Berrettini,Rafael Nadal,Total,15,7,33,30,8,9,15,9,8,2,0,0
20220128-M-Australian_Open-SF-Rafael_Nadal-Matteo_Berrettini,Rafael Nadal,1,12,2,21,24,4,7,0,0,0,0,0,0
20220128-M-Australian_Open-SF-Rafael_Nadal-Matteo_Berrettini,Rafael Nadal,2,3,5,12,6,4,2,15,9,8,2,0,0
20220128-M-Australian_Open-SF-Rafael_Nadal-Matteo_Berrettini,Matteo Berrettini,Total,16,10,27,21,13,15,12,12,10,2,0,0
20220128-M-Australian_Open-SF-Rafael_Nadal-Matteo_Berrettini,Matteo Berrettini,1,10,2,25,16,0,15,0,0,0,0,0,0
20220128-M-Australian_Open-SF-Rafael_Nadal-Matteo_Berrettini,Matteo Berrettini,2,6,8,2,5,13,0,12,12,10,2,0,0
20220126-M-Australian_Open-QF-Stefanos_Tsitsipas-Jannik_Sinner,Stefanos Tsitsipas,Total,12,7,23,9,13,14,11,9,6,1,0,0
20220126-M-Australian_Open-QF-Stefanos_Tsitsipas-Jannik_Sinner,Stefanos Tsitsipas,1,11,1,18,8,3,12,0,0,0,0,0,0
20220126-M-Australian_Open-QF-Stefanos_Tsitsipas-Jannik_Sinner,Stefanos Tsitsipas,2,1,6,5,1,10,2,11,9,6,1,0,0
20220126-M-Australian_Open-QF-Stefanos_Tsitsipas-Jannik_Sinner,Jannik Sinner,Total,8,13,15,4,16,10,8,2,10,5,0,0
20220126-M-Australian_Open-QF-Stefanos_Tsitsipas-Jannik_Sinner,Jannik Sinner,1,7,4,14,4,5,8,0,0,0,0,0,0
20220126-M-Australian_Open-QF-Stefanos_Tsitsipas-Jannik_Sinner,Jannik Sinner,2,1,9,1,0,11,2,8,2,10,5,0,0
20220126-M-Australian_Open-QF-Daniil_Medvedev-Felix_Auger_Aliassime,Daniil Medvedev,Total,48,12,42,35,13,45,37,11,26,5,0,0
20220126-M-Australian_Open-QF-Daniil_Medvedev-Felix_Auger_Aliassime,Daniil Medvedev,1,36,0,30,19,1,39,0,0,0,0,0,0
20220126-M-Australian_Open-QF-Daniil_Medvedev-Felix_Auger_Aliassime,Daniil Medvedev,2,12,12,12,16,12,6,37,11,26,5,0,0
20220126-M-Australian_Open-QF-Daniil_Medvedev-Felix_Auger_Aliassime,Felix Auger Aliassime,Total,33,18,39,29,14,34,24,17,13,2,0,0
20220126-M-Australian_Open-QF-Daniil_Medvedev-Felix_Auger_Aliassime,Felix Auger Aliassime,1,27,4,32,24,1,27,0,0,0,0,0,0
20220126-M-Australian_Open-QF-Daniil_Medvedev-Felix_Auger_Aliassime,Felix Auger Aliassime,2,6,14,7,5,13,7,24,17,13,2,0,0
20220125-M-Australian_Open-QF-Rafael_Nadal-Denis_Shapovalov,Rafael Nadal,Total,30,12,37,30,14,23,33,8,15,1,0,0
20220125-M-Australian_Open-QF-Rafael_Nadal-Denis_Shapovalov,Rafael Nadal,1,24,6,23,24,7,16,0,0,0,0,0,0
20220125-M-Australian_Open-QF-Rafael_Nadal-Denis_Shapovalov,Rafael Nadal,2,6,6,14,6,7,7,33,8,15,1,0,0
20220125-M-Australian_Open-QF-Rafael_Nadal-Denis_Shapovalov,Denis Shapovalov,Total,24,8,40,32,12,21,30,7,18,6,0,1
20220125-M-Australian_Open-QF-Rafael_Nadal-Denis_Shapovalov,Denis Shapovalov,1,11,2,30,20,3,14,0,0,0,0,0,0
20220125-M-Australian_Open-QF-Rafael_Nadal-Denis_Shapovalov,Denis Shapovalov,2,13,6,10,12,9,7,30,7,18,6,0,1
20220125-M-Australian_Open-QF-Gael_Monfils-Matteo_Berrettini,Gael Monfils,Total,31,15,27,28,6,29,29,10,26,2,0,0
20220125-M-Australian_Open-QF-Gael_Monfils-Matteo_Berrettini,Gael Monfils,1,13,6,24,16,0,17,0,0,0,0,0,0
20220125-M-Australian_Open-QF-Gael_Monfils-Matteo_Berrettini,Gael Monfils,2,18,9,3,12,6,12,29,10,26,2,0,0
20220125-M-Australian_Open-QF-Gael_Monfils-Matteo_Berrettini,Matteo Berrettini,Total,38,27,24,37,21,23,25,22,22,0,0,0
20220125-M-Australian_Open-QF-Gael_Monfils-Matteo_Berrettini,Matteo Berrettini,1,35,0,22,25,0,21,0,0,0,0,0,0
20220125-M-Australian_Open-QF-Gael_Monfils-Matteo_Berrettini,Matteo Berrettini,2,3,27,2,12,21,2,25,22,22,0,0,0
20220124-M-Australian_Open-R16-Maxime_Cressy-Daniil_Medvedev,Maxime Cressy,Total,42,9,34,53,6,21,43,14,16,4,0,1
20220124-M-Australian_Open-R16-Maxime_Cressy-Daniil_Medvedev,Maxime Cressy,1,28,5,23,33,3,12,0,0,0,0,0,0
20220124-M-Australian_Open-R16-Maxime_Cressy-Daniil_Medvedev,Maxime Cressy,2,14,4,11,20,3,9,43,14,16,4,0,1
20220124-M-Australian_Open-R16-Maxime_Cressy-Daniil_Medvedev,Daniil Medvedev,Total,43,9,17,20,9,31,21,6,18,6,0,0
20220124-M-Australian_Open-R16-Maxime_Cressy-Daniil_Medvedev,Daniil Medvedev,1,30,6,13,7,4,24,0,0,0,0,0,0
20220124-M-Australian_Open-R16-Maxime_Cressy-Daniil_Medvedev,Daniil Medvedev,2,13,3,4,13,5,7,21,6,18,6,0,0
20220123-M-Australian_Open-R16-Stefanos_Tsitsipas-Taylor_Fritz,Stefanos Tsitsipas,Total,19,11,55,20,12,42,22,16,10,4,0,0
20220123-M-Australian_Open-R16-Stefanos_Tsitsipas-Taylor_Fritz,Stefanos Tsitsipas,1,15,2,39,17,4,31,0,0,0,0,0,0
20220123-M-Australian_Open-R16-Stefanos_Tsitsipas-Taylor_Fritz,Stefanos Tsitsipas,2,4,9,16,3,8,11,22,16,10,4,0,0
20220123-M-Australian_Open-R16-Stefanos_Tsitsipas-Taylor_Fritz,Taylor Fritz,Total,23,6,42,44,4,17,20,6,29,1,0,0
20220123-M-Australian_Open-R16-Stefanos_Tsitsipas-Taylor_Fritz,Taylor Fritz,1,23,1,18,26,0,16,0,0,0,0,0,0
20220123-M-Australian_Open-R16-Stefanos_Tsitsipas-Taylor_Fritz,Taylor Fritz,2,0,5,24,18,4,1,20,6,29,1,0,0
20220123-M-Australian_Open-R16-Pablo_Carreno_Busta-Matteo_Berrettini,Pablo Carreno Busta,Total,14,12,33,23,15,18,15,9,12,1,0,0
20220123-M-Australian_Open-R16-Pablo_Carreno_Busta-Matteo_Berrettini,Pablo Carreno Busta,1,12,6,21,15,11,15,0,0,0,0,0,0
20220123-M-Australian_Open-R16-Pablo_Carreno_Busta-Matteo_Berrettini,Pablo Carreno Busta,2,2,6,12,8,4,3,15,9,12,1,0,0
20220123-M-Australian_Open-R16-Pablo_Carreno_Busta-Matteo_Berrettini,Matteo Berrettini,Total,18,10,21,13,9,21,8,8,6,0,0,0
20220123-M-Australian_Open-R16-Pablo_Carreno_Busta-Matteo_Berrettini,Matteo Berrettini,1,18,2,18,12,2,19,0,0,0,0,0,0
20220123-M-Australian_Open-R16-Pablo_Carreno_Busta-Matteo_Berrettini,Matteo Berrettini,2,0,8,3,1,7,2,8,8,6,0,0,0
20220123-M-Australian_Open-R16-Gael_Monfils-Miomir_Kecmanovic,Gael Monfils,Total,23,8,21,15,16,17,20,6,17,2,0,0
20220123-M-Australian_Open-R16-Gael_Monfils-Miomir_Kecmanovic,Gael Monfils,1,13,3,14,13,4,12,0,0,0,0,0,0
20220123-M-Australian_Open-R16-Gael_Monfils-Miomir_Kecmanovic,Gael Monfils,2,10,5,7,2,12,5,20,6,17,2,0,0
20220123-M-Australian_Open-R16-Gael_Monfils-Miomir_Kecmanovic,Miomir Kecmanovic,Total,12,18,36,26,20,17,33,6,19,2,0,0
20220123-M-Australian_Open-R16-Gael_Monfils-Miomir_Kecmanovic,Miomir Kecmanovic,1,11,13,13,10,10,16,0,0,0,0,0,0
20220123-M-Australian_Open-R16-Gael_Monfils-Miomir_Kecmanovic,Miomir Kecmanovic,2,1,5,23,16,10,1,33,6,19,2,0,0
20220122-M-Australian_Open-R32-Marin_Cilic-Andrey_Rublev,Marin Cilic,Total,26,9,27,19,20,12,22,14,19,0,0,0
20220122-M-Australian_Open-R32-Marin_Cilic-Andrey_Rublev,Marin Cilic,1,24,0,15,13,1,8,0,0,0,0,0,0
20220122-M-Australian_Open-R32-Marin_Cilic-Andrey_Rublev,Marin Cilic,2,2,9,12,6,19,4,22,14,19,0,0,0
20220122-M-Australian_Open-R32-Marin_Cilic-Andrey_Rublev,Andrey Rublev,Total,25,11,30,27,11,21,25,7,9,1,0,0
20220122-M-Australian_Open-R32-Marin_Cilic-Andrey_Rublev,Andrey Rublev,1,20,6,24,14,3,18,0,0,0,0,0,0
20220122-M-Australian_Open-R32-Marin_Cilic-Andrey_Rublev,Andrey Rublev,2,5,5,6,13,8,3,25,7,9,1,0,0
20220122-M-Australian_Open-R32-Botic_Van_De_Zandschulp-Daniil_Medvedev,Botic Van De Zandschulp,Total,12,10,23,17,10,14,8,4,12,6,0,0
20220122-M-Australian_Open-R32-Botic_Van_De_Zandschulp-Daniil_Medvedev,Botic Van De Zandschulp,1,9,4,18,12,2,11,0,0,0,0,0,0
20220122-M-Australian_Open-R32-Botic_Van_De_Zandschulp-Daniil_Medvedev,Botic Van De Zandschulp,2,3,6,5,5,8,3,8,4,12,6,0,0
20220122-M-Australian_Open-R32-Botic_Van_De_Zandschulp-Daniil_Medvedev,Daniil Medvedev,Total,19,1,24,14,8,20,11,4,16,3,0,1
20220122-M-Australian_Open-R32-Botic_Van_De_Zandschulp-Daniil_Medvedev,Daniil Medvedev,1,14,0,17,8,1,17,0,0,0,0,0,0
20220122-M-Australian_Open-R32-Botic_Van_De_Zandschulp-Daniil_Medvedev,Daniil Medvedev,2,5,1,7,6,7,3,11,4,16,3,0,1
20220122-M-Australian_Open-R16-Rafael_Nadal-Adrian_Mannarino,Rafael Nadal,Total,12,14,20,21,10,11,22,10,11,1,0,0
20220122-M-Australian_Open-R16-Rafael_Nadal-Adrian_Mannarino,Rafael Nadal,1,10,3,11,16,2,8,0,0,0,0,0,0
20220122-M-Australian_Open-R16-Rafael_Nadal-Adrian_Mannarino,Rafael Nadal,2,2,11,9,5,8,3,22,10,11,1,0,0
20220122-M-Australian_Open-R16-Rafael_Nadal-Adrian_Mannarino,Adrian Mannarino,Total,31,5,18,32,7,11,28,5,14,2,0,0
20220122-M-Australian_Open-R16-Rafael_Nadal-Adrian_Mannarino,Adrian Mannarino,1,23,2,7,16,2,9,0,0,0,0,0,0
20220122-M-Australian_Open-R16-Rafael_Nadal-Adrian_Mannarino,Adrian Mannarino,2,8,3,11,16,5,2,28,5,14,2,0,0
20220121-M-Australian_Open-R32-Lorenzo_Sonego-Miomir_Kecmanovic,Lorenzo Sonego,Total,32,15,19,28,8,19,13,7,19,4,0,0
20220121-M-Australian_Open-R32-Lorenzo_Sonego-Miomir_Kecmanovic,Lorenzo Sonego,1,30,5,11,19,4,17,0,0,0,0,0,0
20220121-M-Australian_Open-R32-Lorenzo_Sonego-Miomir_Kecmanovic,Lorenzo Sonego,2,2,10,8,9,4,2,13,7,19,4,0,0
20220121-M-Australian_Open-R32-Lorenzo_Sonego-Miomir_Kecmanovic,Miomir Kecmanovic,Total,21,13,40,27,20,21,36,12,19,2,0,0
20220121-M-Australian_Open-R32-Lorenzo_Sonego-Miomir_Kecmanovic,Miomir Kecmanovic,1,19,6,13,9,10,19,0,0,0,0,0,0
20220121-M-Australian_Open-R32-Lorenzo_Sonego-Miomir_Kecmanovic,Miomir Kecmanovic,2,2,7,27,18,10,2,36,12,19,2,0,0
20220121-M-Australian_Open-R32-Carlos_Alcaraz-Matteo_Berrettini,Carlos Alcaraz,Total,24,25,32,49,12,13,27,8,31,1,0,0
20220121-M-Australian_Open-R32-Carlos_Alcaraz-Matteo_Berrettini,Carlos Alcaraz,1,22,14,16,28,6,10,0,0,0,0,0,0
20220121-M-Australian_Open-R32-Carlos_Alcaraz-Matteo_Berrettini,Carlos Alcaraz,2,2,11,16,21,6,3,27,8,31,1,0,0
20220121-M-Australian_Open-R32-Carlos_Alcaraz-Matteo_Berrettini,Matteo Berrettini,Total,33,23,29,23,25,30,11,14,20,5,0,0
20220121-M-Australian_Open-R32-Carlos_Alcaraz-Matteo_Berrettini,Matteo Berrettini,1,31,8,27,19,1,29,0,0,0,0,0,0
20220121-M-Australian_Open-R32-Carlos_Alcaraz-Matteo_Berrettini,Matteo Berrettini,2,2,15,2,4,24,1,11,14,20,5,0,0
20220121-M-Australian_Open-R32-Aslan_Karatsev-Adrian_Mannarino,Aslan Karatsev,Total,25,45,26,35,37,19,28,9,33,5,0,1
20220121-M-Australian_Open-R32-Aslan_Karatsev-Adrian_Mannarino,Aslan Karatsev,1,23,16,21,30,15,12,0,0,0,0,0,0
20220121-M-Australian_Open-R32-Aslan_Karatsev-Adrian_Mannarino,Aslan Karatsev,2,2,29,5,5,22,7,28,9,33,5,0,1
20220121-M-Australian_Open-R32-Aslan_Karatsev-Adrian_Mannarino,Adrian Mannarino,Total,17,14,50,44,18,12,26,15,18,5,0,0
20220121-M-Australian_Open-R32-Aslan_Karatsev-Adrian_Mannarino,Adrian Mannarino,1,17,4,28,23,9,12,0,0,0,0,0,0
20220121-M-Australian_Open-R32-Aslan_Karatsev-Adrian_Mannarino,Adrian Mannarino,2,0,10,22,21,9,0,26,15,18,5,0,0
20220120-M-Australian_Open-R64-Taylor_Fritz-Frances_Tiafoe,Taylor Fritz,Total,24,21,17,23,9,26,19,11,18,0,0,1
20220120-M-Australian_Open-R64-Taylor_Fritz-Frances_Tiafoe,Taylor Fritz,1,21,2,12,16,4,22,0,0,0,0,0,0
20220120-M-Australian_Open-R64-Taylor_Fritz-Frances_Tiafoe,Taylor Fritz,2,3,19,5,7,5,4,19,11,18,0,0,1
20220120-M-Australian_Open-R64-Taylor_Fritz-Frances_Tiafoe,Frances Tiafoe,Total,25,11,23,25,14,18,28,9,18,0,0,0
20220120-M-Australian_Open-R64-Taylor_Fritz-Frances_Tiafoe,Frances Tiafoe,1,20,5,10,11,3,15,0,0,0,0,0,0
20220120-M-Australian_Open-R64-Taylor_Fritz-Frances_Tiafoe,Frances Tiafoe,2,5,6,13,14,11,3,28,9,18,0,0,0
20220120-M-Australian_Open-R64-Steve_Johnson-Jannik_Sinner,Steve Johnson,Total,17,8,19,17,14,9,19,9,4,6,0,0
20220120-M-Australian_Open-R64-Steve_Johnson-Jannik_Sinner,Steve Johnson,1,14,2,11,13,3,4,0,0,0,0,0,0
20220120-M-Australian_Open-R64-Steve_Johnson-Jannik_Sinner,Steve Johnson,2,3,6,8,4,11,5,19,9,4,6,0,0
20220120-M-Australian_Open-R64-Steve_Johnson-Jannik_Sinner,Jannik Sinner,Total,9,16,14,3,21,8,12,5,9,2,0,0
20220120-M-Australian_Open-R64-Steve_Johnson-Jannik_Sinner,Jannik Sinner,1,9,5,12,3,9,7,0,0,0,0,0,0
20220120-M-Australian_Open-R64-Steve_Johnson-Jannik_Sinner,Jannik Sinner,2,0,11,2,0,12,1,12,5,9,2,0,0
20220120-M-Australian_Open-R64-Nick_Kyrgios-Daniil_Medvedev,Nick Kyrgios,Total,21,8,39,17,18,25,13,4,18,3,0,0
20220120-M-Australian_Open-R64-Nick_Kyrgios-Daniil_Medvedev,Nick Kyrgios,1,19,3,33,8,7,22,0,0,0,0,0,0
20220120-M-Australian_Open-R64-Nick_Kyrgios-Daniil_Medvedev,Nick Kyrgios,2,2,5,6,9,11,3,13,4,18,3,0,0
20220120-M-Australian_Open-R64-Nick_Kyrgios-Daniil_Medvedev,Daniil Medvedev,Total,20,12,29,14,25,17,18,6,17,3,0,0
20220120-M-Australian_Open-R64-Nick_Kyrgios-Daniil_Medvedev,Daniil Medvedev,1,17,1,26,13,10,11,0,0,0,0,0,0
20220120-M-Australian_Open-R64-Nick_Kyrgios-Daniil_Medvedev,Daniil Medvedev,2,3,11,3,1,15,6,18,6,17,3,0,0
20220120-M-Australian_Open-R128-Christopher_Oconnell-Diego_Schwartzman,Christopher Oconnell,Total,25,12,26,33,2,24,22,18,10,3,0,0
20220120-M-Australian_Open-R128-Christopher_Oconnell-Diego_Schwartzman,Christopher Oconnell,1,22,0,12,17,1,20,0,0,0,0,0,0
20220120-M-Australian_Open-R128-Christopher_Oconnell-Diego_Schwartzman,Christopher Oconnell,2,3,12,14,16,1,4,22,18,10,3,0,0
20220120-M-Australian_Open-R128-Christopher_Oconnell-Diego_Schwartzman,Diego Schwartzman,Total,25,13,21,20,15,22,22,10,18,3,0,0
20220120-M-Australian_Open-R128-Christopher_Oconnell-Diego_Schwartzman,Diego Schwartzman,1,19,7,10,9,8,17,0,0,0,0,0,0
20220120-M-Australian_Open-R128-Christopher_Oconnell-Diego_Schwartzman,Diego Schwartzman,2,6,6,11,11,7,5,22,10,18,3,0,0
20220119-M-Australian_Open-R64-Pablo_Carreno_Busta-Tallon_Griekspoor,Pablo Carreno Busta,Total,32,19,34,39,15,23,27,6,26,2,0,0
20220119-M-Australian_Open-R64-Pablo_Carreno_Busta-Tallon_Griekspoor,Pablo Carreno Busta,1,29,9,22,22,11,17,0,0,0,0,0,0
20220119-M-Australian_Open-R64-Pablo_Carreno_Busta-Tallon_Griekspoor,Pablo Carreno Busta,2,3,10,12,17,4,6,27,6,26,2,0,0
20220119-M-Australian_Open-R64-Pablo_Carreno_Busta-Tallon_Griekspoor,Tallon Griekspoor,Total,35,27,34,49,19,23,52,18,25,6,0,0
20220119-M-Australian_Open-R64-Pablo_Carreno_Busta-Tallon_Griekspoor,Tallon Griekspoor,1,23,3,26,28,3,17,0,0,0,0,0,0
20220119-M-Australian_Open-R64-Pablo_Carreno_Busta-Tallon_Griekspoor,Tallon Griekspoor,2,12,24,8,21,16,6,52,18,25,6,0,0
20220119-M-Australian_Open-R64-Hubert_Hurkacz-Adrian_Mannarino,Hubert Hurkacz,Total,20,9,18,25,5,14,2,13,16,2,0,0
20220119-M-Australian_Open-R64-Hubert_Hurkacz-Adrian_Mannarino,Hubert Hurkacz,1,18,1,15,15,0,12,0,0,0,0,0,0
20220119-M-Australian_Open-R64-Hubert_Hurkacz-Adrian_Mannarino,Hubert Hurkacz,2,2,8,3,10,5,2,2,13,16,2,0,0
20220119-M-Australian_Open-R64-Hubert_Hurkacz-Adrian_Mannarino,Adrian Mannarino,Total,21,8,19,23,6,12,5,13,9,3,0,0
20220119-M-Australian_Open-R64-Hubert_Hurkacz-Adrian_Mannarino,Adrian Mannarino,1,21,2,8,14,3,11,0,0,0,0,0,0
20220119-M-Australian_Open-R64-Hubert_Hurkacz-Adrian_Mannarino,Adrian Mannarino,2,0,6,11,9,3,1,5,13,9,3,0,0
20220119-M-Australian_Open-R64-Gael_Monfils-Alexander_Bublik,Gael Monfils,Total,16,4,19,12,6,16,12,2,10,3,0,0
20220119-M-Australian_Open-R64-Gael_Monfils-Alexander_Bublik,Gael Monfils,1,5,1,18,10,1,12,0,0,0,0,0,0
20220119-M-Australian_Open-R64-Gael_Monfils-Alexander_Bublik,Gael Monfils,2,11,3,1,2,5,4,12,2,10,3,0,0
20220119-M-Australian_Open-R64-Gael_Monfils-Alexander_Bublik,Alexander Bublik,Total,13,8,23,7,12,24,20,8,9,5,0,0
20220119-M-Australian_Open-R64-Gael_Monfils-Alexander_Bublik,Alexander Bublik,1,13,1,16,7,4,13,0,0,0,0,0,0
20220119-M-Australian_Open-R64-Gael_Monfils-Alexander_Bublik,Alexander Bublik,2,0,7,7,0,8,11,20,8,9,5,0,0
20220118-M-Australian_Open-R128-Lorenzo_Musetti-Alex_De_Minaur,Lorenzo Musetti,Total,16,21,21,8,16,31,19,7,15,5,0,0
20220118-M-Australian_Open-R128-Lorenzo_Musetti-Alex_De_Minaur,Lorenzo Musetti,1,15,11,13,5,4,21,0,0,0,0,0,0
20220118-M-Australian_Open-R128-Lorenzo_Musetti-Alex_De_Minaur,Lorenzo Musetti,2,1,10,8,3,12,10,19,7,15,5,0,0
20220118-M-Australian_Open-R128-Lorenzo_Musetti-Alex_De_Minaur,Alex De Minaur,Total,18,8,22,20,7,17,9,7,8,5,0,0
20220118-M-Australian_Open-R128-Lorenzo_Musetti-Alex_De_Minaur,Alex De Minaur,1,18,3,15,9,1,17,0,0,0,0,0,0
20220118-M-Australian_Open-R128-Lorenzo_Musetti-Alex_De_Minaur,Alex De Minaur,2,0,5,7,11,6,0,9,7,8,5,0,0
20220118-M-Australian_Open-R128-Daniil_Medvedev-Henri_Laaksonen,Daniil Medvedev,Total,23,3,22,21,5,18,9,5,16,3,0,0
20220118-M-Australian_Open-R128-Daniil_Medvedev-Henri_Laaksonen,Daniil Medvedev,1,16,1,17,13,0,15,0,0,0,0,0,0
20220118-M-Australian_Open-R128-Daniil_Medvedev-Henri_Laaksonen,Daniil Medvedev,2,7,2,5,8,5,3,9,5,16,3,0,0
20220118-M-Australian_Open-R128-Daniil_Medvedev-Henri_Laaksonen,Henri Laaksonen,Total,20,7,21,22,9,11,9,12,10,2,0,0
20220118-M-Australian_Open-R128-Daniil_Medvedev-Henri_Laaksonen,Henri Laaksonen,1,16,0,14,18,0,9,0,0,0,0,0,0
20220118-M-Australian_Open-R128-Daniil_Medvedev-Henri_Laaksonen,Henri Laaksonen,2,4,7,7,4,9,2,9,12,10,2,0,0
20220118-M-Australian_Open-R128-Daniel_Evans-David_Goffin,Daniel Evans,Total,13,5,19,12,4,14,13,4,10,0,0,0
20220118-M-Australian_Open-R128-Daniel_Evans-David_Goffin,Daniel Evans,1,10,0,14,8,0,10,0,0,0,0,0,0
20220118-M-Australian_Open-R128-Daniel_Evans-David_Goffin,Daniel Evans,2,3,5,5,4,4,4,13,4,10,0,0,0
20220118-M-Australian_Open-R128-Daniel_Evans-David_Goffin,David Goffin,Total,17,4,18,24,1,12,20,2,12,0,2,0
20220118-M-Australian_Open-R128-Daniel_Evans-David_Goffin,David Goffin,1,13,1,4,14,0,10,0,0,0,0,0,0
20220118-M-Australian_Open-R128-Daniel_Evans-David_Goffin,David Goffin,2,4,3,14,10,1,2,20,2,12,0,2,0
20220118-M-Australian_Open-R128-Alex_Molcan-Roman_Safiullin,Alex Molcan,Total,17,27,35,32,18,20,24,7,9,1,0,1
20220118-M-Australian_Open-R128-Alex_Molcan-Roman_Safiullin,Alex Molcan,1,17,12,32,20,11,19,0,0,0,0,0,0
20220118-M-Australian_Open-R128-Alex_Molcan-Roman_Safiullin,Alex Molcan,2,0,15,3,12,7,1,24,7,9,1,0,1
20220118-M-Australian_Open-R128-Alex_Molcan-Roman_Safiullin,Roman Safiullin,Total,41,12,27,28,15,32,16,11,15,5,0,0
20220118-M-Australian_Open-R128-Alex_Molcan-Roman_Safiullin,Roman Safiullin,1,29,3,26,16,7,27,0,0,0,0,0,0
20220118-M-Australian_Open-R128-Alex_Molcan-Roman_Safiullin,Roman Safiullin,2,12,9,1,12,8,5,16,11,15,5,0,0
20220117-M-Australian_Open-R128-Tallon_Griekspoor-Fabio_Fognini,Tallon Griekspoor,Total,19,6,17,16,13,8,13,9,7,1,0,0
20220117-M-Australian_Open-R128-Tallon_Griekspoor-Fabio_Fognini,Tallon Griekspoor,1,15,0,11,11,5,8,0,0,0,0,0,0
20220117-M-Australian_Open-R128-Tallon_Griekspoor-Fabio_Fognini,Tallon Griekspoor,2,4,6,6,5,8,0,13,9,7,1,0,0
20220117-M-Australian_Open-R128-Tallon_Griekspoor-Fabio_Fognini,Fabio Fognini,Total,16,13,15,13,14,13,16,1,23,6,2,1
20220117-M-Australian_Open-R128-Tallon_Griekspoor-Fabio_Fognini,Fabio Fognini,1,10,3,6,7,3,10,0,0,0,0,0,0
20220117-M-Australian_Open-R128-Tallon_Griekspoor-Fabio_Fognini,Fabio Fognini,2,6,10,9,6,11,3,16,1,23,6,2,1
20220117-M-Australian_Open-R128-John_Millman-Feliciano_Lopez,John Millman,Total,33,10,20,13,20,25,13,13,17,1,0,0
20220117-M-Australian_Open-R128-John_Millman-Feliciano_Lopez,John Millman,1,22,4,19,10,2,20,0,0,0,0,0,0
20220117-M-Australian_Open-R128-John_Millman-Feliciano_Lopez,John Millman,2,11,6,1,3,18,5,13,13,17,1,0,0
20220117-M-Australian_Open-R128-John_Millman-Feliciano_Lopez,Feliciano Lopez,Total,16,11,42,20,24,19,32,12,12,3,0,0
20220117-M-Australian_Open-R128-John_Millman-Feliciano_Lopez,Feliciano Lopez,1,13,3,27,12,8,15,0,0,0,0,0,0
20220117-M-Australian_Open-R128-John_Millman-Feliciano_Lopez,Feliciano Lopez,2,3,8,15,8,16,4,32,12,12,3,0,0
20220117-M-Australian_Open-R128-Hubert_Hurkacz-Egor_Gerasimov,Hubert Hurkacz,Total,28,11,40,38,12,23,11,11,24,7,0,0
20220117-M-Australian_Open-R128-Hubert_Hurkacz-Egor_Gerasimov,Hubert Hurkacz,1,26,5,21,22,4,23,0,0,0,0,0,0
20220117-M-Australian_Open-R128-Hubert_Hurkacz-Egor_Gerasimov,Hubert Hurkacz,2,2,6,19,16,8,0,11,11,24,7,0,0
20220117-M-Australian_Open-R128-Hubert_Hurkacz-Egor_Gerasimov,Egor Gerasimov,Total,26,10,35,34,20,12,32,12,10,5,0,0
20220117-M-Australian_Open-R128-Hubert_Hurkacz-Egor_Gerasimov,Egor Gerasimov,1,21,1,22,22,6,11,0,0,0,0,0,0
20220117-M-Australian_Open-R128-Hubert_Hurkacz-Egor_Gerasimov,Egor Gerasimov,2,5,9,13,12,14,1,32,12,10,5,0,0
20220117-M-Australian_Open-R128-Federico_Delbonis-Pedro_Martinez,Federico Delbonis,Total,16,15,42,37,15,19,14,8,16,1,3,0
20220117-M-Australian_Open-R128-Federico_Delbonis-Pedro_Martinez,Federico Delbonis,1,13,12,32,25,7,17,0,0,0,0,0,0
20220117-M-Australian_Open-R128-Federico_Delbonis-Pedro_Martinez,Federico Delbonis,2,3,3,10,12,8,2,14,8,16,1,3,0
20220117-M-Australian_Open-R128-Federico_Delbonis-Pedro_Martinez,Pedro Martinez,Total,36,11,26,25,23,21,24,10,14,3,2,0
20220117-M-Australian_Open-R128-Federico_Delbonis-Pedro_Martinez,Pedro Martinez,1,25,5,20,17,10,17,0,0,0,0,0,0
20220117-M-Australian_Open-R128-Federico_Delbonis-Pedro_Martinez,Pedro Martinez,2,11,6,6,8,13,4,24,10,14,3,2,0
20220117-M-Australian_Open-R128-Aslan_Karatsev-Jaume_Munar,Aslan Karatsev,Total,29,49,21,27,56,10,40,13,34,3,0,0
20220117-M-Australian_Open-R128-Aslan_Karatsev-Jaume_Munar,Aslan Karatsev,1,29,16,20,20,15,10,0,0,0,0,0,0
20220117-M-Australian_Open-R128-Aslan_Karatsev-Jaume_Munar,Aslan Karatsev,2,0,33,1,7,41,0,40,13,34,3,0,0
20220117-M-Australian_Open-R128-Aslan_Karatsev-Jaume_Munar,Jaume Munar,Total,35,40,19,9,40,37,21,7,28,1,1,0
20220117-M-Australian_Open-R128-Aslan_Karatsev-Jaume_Munar,Jaume Munar,1,30,25,10,8,25,28,0,0,0,0,0,0
20220117-M-Australian_Open-R128-Aslan_Karatsev-Jaume_Munar,Jaume Munar,2,5,15,9,1,15,9,21,7,28,1,1,0
20220111-M-Australian_Open-Q1-J_J_Wolf-Sergiy_Stakhovsky,J J Wolf,Total,10,9,11,11,4,12,12,3,4,2,0,0
20220111-M-Australian_Open-Q1-J_J_Wolf-Sergiy_Stakhovsky,J J Wolf,1,9,2,7,7,2,9,0,0,0,0,0,0
20220111-M-Australian_Open-Q1-J_J_Wolf-Sergiy_Stakhovsky,J J Wolf,2,1,7,4,4,2,3,12,3,4,2,0,0
20220111-M-Australian_Open-Q1-J_J_Wolf-Sergiy_Stakhovsky,Sergiy Stakhovsky,Total,7,19,5,11,9,10,11,12,5,3,0,0
20220111-M-Australian_Open-Q1-J_J_Wolf-Sergiy_Stakhovsky,Sergiy Stakhovsky,1,6,7,2,7,0,8,0,0,0,0,0,0
20220111-M-Australian_Open-Q1-J_J_Wolf-Sergiy_Stakhovsky,Sergiy Stakhovsky,2,1,12,3,4,9,2,11,12,5,3,0,0
20220110-M-Australian_Open-Q1-Robin_Haase-Andrej_Martin,Robin Haase,Total,13,12,20,21,6,13,30,3,11,3,0,0
20220110-M-Australian_Open-Q1-Robin_Haase-Andrej_Martin,Robin Haase,1,8,1,9,15,2,8,0,0,0,0,0,0
20220110-M-Australian_Open-Q1-Robin_Haase-Andrej_Martin,Robin Haase,2,5,11,11,6,4,5,30,3,11,3,0,0
20220110-M-Australian_Open-Q1-Robin_Haase-Andrej_Martin,Andrej Martin,Total,14,13,24,24,4,19,20,12,15,0,0,0
20220110-M-Australian_Open-Q1-Robin_Haase-Andrej_Martin,Andrej Martin,1,13,8,11,10,1,12,0,0,0,0,0,0
20220110-M-Australian_Open-Q1-Robin_Haase-Andrej_Martin,Andrej Martin,2,1,5,13,14,3,7,20,12,15,0,0,0
20210912-M-US_Open-F-Novak_Djokovic-Daniil_Medvedev,Novak Djokovic,Total,26,9,12,19,7,19,23,6,13,3,0,0
20210912-M-US_Open-F-Novak_Djokovic-Daniil_Medvedev,Novak Djokovic,1,16,1,12,10,0,11,0,0,0,0,0,0
20210912-M-US_Open-F-Novak_Djokovic-Daniil_Medvedev,Novak Djokovic,2,10,8,0,9,7,8,23,6,13,3,0,0
20210912-M-US_Open-F-Novak_Djokovic-Daniil_Medvedev,Daniil Medvedev,Total,19,8,20,19,1,23,24,6,16,1,0,0
20210912-M-US_Open-F-Novak_Djokovic-Daniil_Medvedev,Daniil Medvedev,1,10,2,16,9,0,15,0,0,0,0,0,0
20210912-M-US_Open-F-Novak_Djokovic-Daniil_Medvedev,Daniil Medvedev,2,9,6,4,10,1,8,24,6,16,1,0,0
20210910-M-US_Open-SF-Novak_Djokovic-Alexander_Zverev,Novak Djokovic,Total,41,12,25,24,14,34,22,8,23,0,0,0
20210910-M-US_Open-SF-Novak_Djokovic-Alexander_Zverev,Novak Djokovic,1,29,0,23,19,1,27,0,0,0,0,0,0
20210910-M-US_Open-SF-Novak_Djokovic-Alexander_Zverev,Novak Djokovic,2,12,12,2,5,13,7,22,8,23,0,0,0
20210910-M-US_Open-SF-Novak_Djokovic-Alexander_Zverev,Alexander Zverev,Total,29,4,33,20,10,28,18,16,19,2,0,0
20210910-M-US_Open-SF-Novak_Djokovic-Alexander_Zverev,Alexander Zverev,1,27,1,15,12,2,20,0,0,0,0,0,0
20210910-M-US_Open-SF-Novak_Djokovic-Alexander_Zverev,Alexander Zverev,2,2,3,18,8,8,8,18,16,19,2,0,0
20210910-M-US_Open-SF-Felix_Auger_Aliassime-Daniil_Medvedev,Felix Auger Aliassime,Total,24,10,13,17,12,15,21,7,14,2,0,0
20210910-M-US_Open-SF-Felix_Auger_Aliassime-Daniil_Medvedev,Felix Auger Aliassime,1,20,0,10,12,2,13,0,0,0,0,0,0
20210910-M-US_Open-SF-Felix_Auger_Aliassime-Daniil_Medvedev,Felix Auger Aliassime,2,4,10,3,5,10,2,21,7,14,2,0,0
20210910-M-US_Open-SF-Felix_Auger_Aliassime-Daniil_Medvedev,Daniil Medvedev,Total,17,5,23,26,2,13,13,3,14,1,0,0
20210910-M-US_Open-SF-Felix_Auger_Aliassime-Daniil_Medvedev,Daniil Medvedev,1,11,0,21,16,1,10,0,0,0,0,0,0
20210910-M-US_Open-SF-Felix_Auger_Aliassime-Daniil_Medvedev,Daniil Medvedev,2,6,5,2,10,1,3,13,3,14,1,0,0
20210908-M-US_Open-QF-Novak_Djokovic-Matteo_Berrettini,Novak Djokovic,Total,21,17,23,18,12,26,23,8,16,2,0,0
20210908-M-US_Open-QF-Novak_Djokovic-Matteo_Berrettini,Novak Djokovic,1,15,1,18,13,4,21,0,0,0,0,0,0
20210908-M-US_Open-QF-Novak_Djokovic-Matteo_Berrettini,Novak Djokovic,2,6,16,5,5,8,5,23,8,16,2,0,0
20210908-M-US_Open-QF-Novak_Djokovic-Matteo_Berrettini,Matteo Berrettini,Total,28,27,20,32,23,17,26,15,17,1,0,0
20210908-M-US_Open-QF-Novak_Djokovic-Matteo_Berrettini,Matteo Berrettini,1,21,3,19,22,10,15,0,0,0,0,0,0
20210908-M-US_Open-QF-Novak_Djokovic-Matteo_Berrettini,Matteo Berrettini,2,7,24,1,10,13,2,26,15,17,1,0,0
20210907-M-US_Open-QF-Botic_Van_De_Zandschulp-Daniil_Medvedev,Botic Van De Zandschulp,Total,23,15,21,11,14,30,21,4,12,5,0,0
20210907-M-US_Open-QF-Botic_Van_De_Zandschulp-Daniil_Medvedev,Botic Van De Zandschulp,1,17,1,18,11,3,26,0,0,0,0,0,0
20210907-M-US_Open-QF-Botic_Van_De_Zandschulp-Daniil_Medvedev,Botic Van De Zandschulp,2,6,14,3,0,11,4,21,4,12,5,0,0
20210907-M-US_Open-QF-Botic_Van_De_Zandschulp-Daniil_Medvedev,Daniil Medvedev,Total,28,4,19,22,8,18,12,7,9,7,0,0
20210907-M-US_Open-QF-Botic_Van_De_Zandschulp-Daniil_Medvedev,Daniil Medvedev,1,21,0,15,13,0,16,0,0,0,0,0,0
20210907-M-US_Open-QF-Botic_Van_De_Zandschulp-Daniil_Medvedev,Daniil Medvedev,2,7,4,4,9,8,2,12,7,9,7,0,0
20210906-M-US_Open-R16-Jenson_Brooksby-Novak_Djokovic,Jenson Brooksby,Total,26,16,13,15,18,18,14,0,14,1,0,0
20210906-M-US_Open-R16-Jenson_Brooksby-Novak_Djokovic,Jenson Brooksby,1,24,9,12,12,8,13,0,0,0,0,0,0
20210906-M-US_Open-R16-Jenson_Brooksby-Novak_Djokovic,Jenson Brooksby,2,2,7,1,3,10,5,14,0,14,1,0,0
20210906-M-US_Open-R16-Jenson_Brooksby-Novak_Djokovic,Novak Djokovic,Total,20,13,21,16,12,23,20,5,14,1,0,0
20210906-M-US_Open-R16-Jenson_Brooksby-Novak_Djokovic,Novak Djokovic,1,15,0,19,15,1,16,0,0,0,0,0,0
20210906-M-US_Open-R16-Jenson_Brooksby-Novak_Djokovic,Novak Djokovic,2,5,13,2,1,11,7,20,5,14,1,0,0
20210906-M-US_Open-R16-Jannik_Sinner-Alexander_Zverev,Jannik Sinner,Total,27,18,11,17,18,15,17,7,17,3,0,0
20210906-M-US_Open-R16-Jannik_Sinner-Alexander_Zverev,Jannik Sinner,1,18,4,11,15,2,14,0,0,0,0,0,0
20210906-M-US_Open-R16-Jannik_Sinner-Alexander_Zverev,Jannik Sinner,2,9,14,0,2,16,1,17,7,17,3,0,0
20210906-M-US_Open-R16-Jannik_Sinner-Alexander_Zverev,Alexander Zverev,Total,14,14,29,20,6,24,13,7,14,3,0,0
20210906-M-US_Open-R16-Jannik_Sinner-Alexander_Zverev,Alexander Zverev,1,13,2,22,17,1,18,0,0,0,0,0,0
20210906-M-US_Open-R16-Jannik_Sinner-Alexander_Zverev,Alexander Zverev,2,1,12,7,3,5,6,13,7,14,3,0,0
20210905-M-US_Open-R32-Reilly_Opelka-Nikoloz_Basilashvili,Reilly Opelka,Total,20,10,23,24,8,17,19,10,6,0,0,0
20210905-M-US_Open-R32-Reilly_Opelka-Nikoloz_Basilashvili,Reilly Opelka,1,16,6,13,17,3,14,0,0,0,0,0,0
20210905-M-US_Open-R32-Reilly_Opelka-Nikoloz_Basilashvili,Reilly Opelka,2,4,4,10,7,5,3,19,10,6,0,0,0
20210905-M-US_Open-R32-Reilly_Opelka-Nikoloz_Basilashvili,Nikoloz Basilashvili,Total,13,12,24,19,20,7,35,6,17,0,0,0
20210905-M-US_Open-R32-Reilly_Opelka-Nikoloz_Basilashvili,Nikoloz Basilashvili,1,13,1,8,13,1,7,0,0,0,0,0,0
20210905-M-US_Open-R32-Reilly_Opelka-Nikoloz_Basilashvili,Nikoloz Basilashvili,2,0,11,16,6,19,0,35,6,17,0,0,0
20210905-M-US_Open-R16-Peter_Gojowczyk-Carlos_Alcaraz,Peter Gojowczyk,Total,19,36,23,20,29,22,43,11,23,3,0,1
20210905-M-US_Open-R16-Peter_Gojowczyk-Carlos_Alcaraz,Peter Gojowczyk,1,17,10,20,12,5,16,0,0,0,0,0,0
20210905-M-US_Open-R16-Peter_Gojowczyk-Carlos_Alcaraz,Peter Gojowczyk,2,2,26,3,8,24,6,43,11,23,3,0,1
20210905-M-US_Open-R16-Peter_Gojowczyk-Carlos_Alcaraz,Carlos Alcaraz,Total,18,24,32,19,34,15,18,8,20,7,0,0
20210905-M-US_Open-R16-Peter_Gojowczyk-Carlos_Alcaraz,Carlos Alcaraz,1,18,12,18,12,18,15,0,0,0,0,0,0
20210905-M-US_Open-R16-Peter_Gojowczyk-Carlos_Alcaraz,Carlos Alcaraz,2,0,12,14,7,16,0,18,8,20,7,0,0
20210905-M-US_Open-R16-Diego_Schwartzman-Botic_Van_De_Zandschulp,Diego Schwartzman,Total,33,31,13,7,18,45,29,4,18,3,0,0
20210905-M-US_Open-R16-Diego_Schwartzman-Botic_Van_De_Zandschulp,Diego Schwartzman,1,30,15,9,6,5,34,0,0,0,0,0,0
20210905-M-US_Open-R16-Diego_Schwartzman-Botic_Van_De_Zandschulp,Diego Schwartzman,2,3,16,4,1,13,11,29,4,18,3,0,0
20210905-M-US_Open-R16-Diego_Schwartzman-Botic_Van_De_Zandschulp,Botic Van De Zandschulp,Total,24,20,43,17,11,50,25,10,26,4,0,1
20210905-M-US_Open-R16-Diego_Schwartzman-Botic_Van_De_Zandschulp,Botic Van De Zandschulp,1,21,2,30,17,4,35,0,0,0,0,0,0
20210905-M-US_Open-R16-Diego_Schwartzman-Botic_Van_De_Zandschulp,Botic Van De Zandschulp,2,3,18,13,0,7,15,25,10,26,4,0,1
20210905-M-US_Open-R16-Daniil_Medvedev-Daniel_Evans,Daniil Medvedev,Total,13,2,25,19,1,18,13,5,6,0,0,0
20210905-M-US_Open-R16-Daniil_Medvedev-Daniel_Evans,Daniil Medvedev,1,8,0,21,11,0,16,0,0,0,0,0,0
20210905-M-US_Open-R16-Daniil_Medvedev-Daniel_Evans,Daniil Medvedev,2,5,2,4,8,1,2,13,5,6,0,0,0
20210905-M-US_Open-R16-Daniil_Medvedev-Daniel_Evans,Daniel Evans,Total,14,8,18,14,12,11,13,3,13,0,0,0
20210905-M-US_Open-R16-Daniil_Medvedev-Daniel_Evans,Daniel Evans,1,8,5,14,10,5,9,0,0,0,0,0,0
20210905-M-US_Open-R16-Daniil_Medvedev-Daniel_Evans,Daniel Evans,2,6,3,4,4,7,2,13,3,13,0,0,0
20210904-M-US_Open-R32-Novak_Djokovic-Kei_Nishikori,Novak Djokovic,Total,36,14,19,28,5,29,23,14,12,7,0,0
20210904-M-US_Open-R32-Novak_Djokovic-Kei_Nishikori,Novak Djokovic,1,24,5,17,18,1,17,0,0,0,0,0,0
20210904-M-US_Open-R32-Novak_Djokovic-Kei_Nishikori,Novak Djokovic,2,12,9,2,10,4,12,23,14,12,7,0,0
20210904-M-US_Open-R32-Novak_Djokovic-Kei_Nishikori,Kei Nishikori,Total,35,25,13,42,14,14,18,7,19,9,0,0
20210904-M-US_Open-R32-Novak_Djokovic-Kei_Nishikori,Kei Nishikori,1,32,11,12,19,7,12,0,0,0,0,0,0
20210904-M-US_Open-R32-Novak_Djokovic-Kei_Nishikori,Kei Nishikori,2,3,14,1,23,7,2,18,7,19,9,0,0
20210904-M-US_Open-R32-Jannik_Sinner-Gael_Monfils,Jannik Sinner,Total,17,44,26,23,37,19,29,5,35,7,0,1
20210904-M-US_Open-R32-Jannik_Sinner-Gael_Monfils,Jannik Sinner,1,16,9,25,21,5,18,0,0,0,0,0,0
20210904-M-US_Open-R32-Jannik_Sinner-Gael_Monfils,Jannik Sinner,2,1,35,1,2,32,1,29,5,35,7,0,1
20210904-M-US_Open-R32-Jannik_Sinner-Gael_Monfils,Gael Monfils,Total,35,9,42,26,25,33,34,11,23,12,0,1
20210904-M-US_Open-R32-Jannik_Sinner-Gael_Monfils,Gael Monfils,1,20,2,32,21,2,22,0,0,0,0,0,0
20210904-M-US_Open-R32-Jannik_Sinner-Gael_Monfils,Gael Monfils,2,15,7,10,5,23,11,34,11,23,12,0,1
20210903-M-US_Open-R32-Stefanos_Tsitsipas-Carlos_Alcaraz,Stefanos Tsitsipas,Total,26,18,39,28,20,25,20,19,21,7,0,0
20210903-M-US_Open-R32-Stefanos_Tsitsipas-Carlos_Alcaraz,Stefanos Tsitsipas,1,22,3,31,16,1,21,0,0,0,0,0,0
20210903-M-US_Open-R32-Stefanos_Tsitsipas-Carlos_Alcaraz,Stefanos Tsitsipas,2,4,15,8,12,19,4,20,19,21,7,0,0
20210903-M-US_Open-R32-Stefanos_Tsitsipas-Carlos_Alcaraz,Carlos Alcaraz,Total,16,32,41,51,14,16,28,5,26,3,0,0
20210903-M-US_Open-R32-Stefanos_Tsitsipas-Carlos_Alcaraz,Carlos Alcaraz,1,15,17,27,24,12,15,0,0,0,0,0,0
20210903-M-US_Open-R32-Stefanos_Tsitsipas-Carlos_Alcaraz,Carlos Alcaraz,2,1,15,14,27,2,1,28,5,26,3,0,0
20210903-M-US_Open-R32-Pablo_Andujar-Daniil_Medvedev,Pablo Andujar,Total,17,8,24,21,14,11,26,4,13,0,0,0
20210903-M-US_Open-R32-Pablo_Andujar-Daniil_Medvedev,Pablo Andujar,1,13,3,14,16,5,9,0,0,0,0,0,0
20210903-M-US_Open-R32-Pablo_Andujar-Daniil_Medvedev,Pablo Andujar,2,4,5,10,5,9,2,26,4,13,0,0,0
20210903-M-US_Open-R32-Pablo_Andujar-Daniil_Medvedev,Daniil Medvedev,Total,16,4,17,16,3,15,11,1,17,0,0,0
20210903-M-US_Open-R32-Pablo_Andujar-Daniil_Medvedev,Daniil Medvedev,1,9,0,14,7,1,12,0,0,0,0,0,0
20210903-M-US_Open-R32-Pablo_Andujar-Daniil_Medvedev,Daniil Medvedev,2,7,4,3,9,2,3,11,1,17,0,0,0
20210903-M-US_Open-R32-Felix_Auger_Aliassime-Roberto_Bautista_Agut,Felix Auger Aliassime,Total,27,13,36,27,23,18,17,22,22,1,0,0
20210903-M-US_Open-R32-Felix_Auger_Aliassime-Roberto_Bautista_Agut,Felix Auger Aliassime,1,24,0,26,23,0,17,0,0,0,0,0,0
20210903-M-US_Open-R32-Felix_Auger_Aliassime-Roberto_Bautista_Agut,Felix Auger Aliassime,2,3,13,10,4,23,1,17,22,22,1,0,0
20210903-M-US_Open-R32-Felix_Auger_Aliassime-Roberto_Bautista_Agut,Roberto Bautista Agut,Total,31,19,33,53,4,21,30,9,17,0,0,0
20210903-M-US_Open-R32-Felix_Auger_Aliassime-Roberto_Bautista_Agut,Roberto Bautista Agut,1,25,6,26,30,2,19,0,0,0,0,0,0
20210903-M-US_Open-R32-Felix_Auger_Aliassime-Roberto_Bautista_Agut,Roberto Bautista Agut,2,6,13,7,23,2,2,30,9,17,0,0,0
20210903-M-US_Open-R32-Facundo_Bagnis-Botic_Van_De_Zandschulp,Facundo Bagnis,Total,7,21,32,22,10,26,12,7,23,4,0,0
20210903-M-US_Open-R32-Facundo_Bagnis-Botic_Van_De_Zandschulp,Facundo Bagnis,1,5,10,22,19,4,19,0,0,0,0,0,0
20210903-M-US_Open-R32-Facundo_Bagnis-Botic_Van_De_Zandschulp,Facundo Bagnis,2,2,11,10,3,6,7,12,7,23,4,0,0
20210903-M-US_Open-R32-Facundo_Bagnis-Botic_Van_De_Zandschulp,Botic Van De Zandschulp,Total,18,10,26,10,9,32,26,9,12,3,0,0
20210903-M-US_Open-R32-Facundo_Bagnis-Botic_Van_De_Zandschulp,Botic Van De Zandschulp,1,16,3,19,5,2,15,0,0,0,0,0,0
20210903-M-US_Open-R32-Facundo_Bagnis-Botic_Van_De_Zandschulp,Botic Van De Zandschulp,2,2,7,7,5,7,17,26,9,12,3,0,0
20210902-M-US_Open-R64-Taylor_Fritz-Jenson_Brooksby,Taylor Fritz,Total,20,28,34,20,25,34,26,5,35,7,0,3
20210902-M-US_Open-R64-Taylor_Fritz-Jenson_Brooksby,Taylor Fritz,1,20,6,19,12,8,26,0,0,0,0,0,0
20210902-M-US_Open-R64-Taylor_Fritz-Jenson_Brooksby,Taylor Fritz,2,0,22,15,8,17,8,26,5,35,7,0,3
20210902-M-US_Open-R64-Taylor_Fritz-Jenson_Brooksby,Jenson Brooksby,Total,27,29,29,22,26,29,25,7,21,2,0,1
20210902-M-US_Open-R64-Taylor_Fritz-Jenson_Brooksby,Jenson Brooksby,1,24,15,25,18,8,20,0,0,0,0,0,0
20210902-M-US_Open-R64-Taylor_Fritz-Jenson_Brooksby,Jenson Brooksby,2,3,14,4,4,18,9,25,7,21,2,0,1
20210902-M-US_Open-R64-Reilly_Opelka-Lorenzo_Musetti,Reilly Opelka,Total,24,5,25,19,9,19,18,4,8,0,0,0
20210902-M-US_Open-R64-Reilly_Opelka-Lorenzo_Musetti,Reilly Opelka,1,19,2,19,12,6,15,0,0,0,0,0,0
20210902-M-US_Open-R64-Reilly_Opelka-Lorenzo_Musetti,Reilly Opelka,2,5,3,6,7,3,4,18,4,8,0,0,0
20210902-M-US_Open-R64-Reilly_Opelka-Lorenzo_Musetti,Lorenzo Musetti,Total,27,5,20,14,9,26,18,7,21,0,0,0
20210902-M-US_Open-R64-Reilly_Opelka-Lorenzo_Musetti,Lorenzo Musetti,1,20,3,11,11,1,14,0,0,0,0,0,0
20210902-M-US_Open-R64-Reilly_Opelka-Lorenzo_Musetti,Lorenzo Musetti,2,7,2,9,3,8,12,18,7,21,0,0,0
20210902-M-US_Open-R64-Novak_Djokovic-Tallon_Griekspoor,Novak Djokovic,Total,13,7,18,9,10,15,18,0,9,3,0,0
20210902-M-US_Open-R64-Novak_Djokovic-Tallon_Griekspoor,Novak Djokovic,1,11,1,14,9,4,8,0,0,0,0,0,0
20210902-M-US_Open-R64-Novak_Djokovic-Tallon_Griekspoor,Novak Djokovic,2,2,6,4,0,6,7,18,0,9,3,0,0
20210902-M-US_Open-R64-Novak_Djokovic-Tallon_Griekspoor,Tallon Griekspoor,Total,17,10,12,9,18,10,12,4,9,2,0,1
20210902-M-US_Open-R64-Novak_Djokovic-Tallon_Griekspoor,Tallon Griekspoor,1,14,4,9,8,7,8,0,0,0,0,0,0
20210902-M-US_Open-R64-Novak_Djokovic-Tallon_Griekspoor,Tallon Griekspoor,2,3,6,3,1,11,2,12,4,9,2,0,1
20210902-M-US_Open-R64-Jordan_Thompson-Aslan_Karatsev,Jordan Thompson,Total,8,29,29,6,23,35,30,4,24,3,0,0
20210902-M-US_Open-R64-Jordan_Thompson-Aslan_Karatsev,Jordan Thompson,1,6,11,21,2,9,25,0,0,0,0,0,0
20210902-M-US_Open-R64-Jordan_Thompson-Aslan_Karatsev,Jordan Thompson,2,2,18,8,4,14,10,30,4,24,3,0,0
20210902-M-US_Open-R64-Jordan_Thompson-Aslan_Karatsev,Aslan Karatsev,Total,17,19,22,20,17,10,20,8,19,4,0,0
20210902-M-US_Open-R64-Jordan_Thompson-Aslan_Karatsev,Aslan Karatsev,1,10,5,14,17,6,9,0,0,0,0,0,0
20210902-M-US_Open-R64-Jordan_Thompson-Aslan_Karatsev,Aslan Karatsev,2,7,14,8,3,11,1,20,8,19,4,0,0
20210901-M-US_Open-R64-Casper_Ruud-Botic_Van_De_Zandschulp,Casper Ruud,Total,18,12,30,23,14,18,15,11,11,6,0,0
20210901-M-US_Open-R64-Casper_Ruud-Botic_Van_De_Zandschulp,Casper Ruud,1,17,2,21,15,5,15,0,0,0,0,0,0
20210901-M-US_Open-R64-Casper_Ruud-Botic_Van_De_Zandschulp,Casper Ruud,2,1,10,9,8,9,3,15,11,11,6,0,0
20210901-M-US_Open-R64-Casper_Ruud-Botic_Van_De_Zandschulp,Botic Van De Zandschulp,Total,17,27,20,14,23,23,28,6,21,3,0,0
20210901-M-US_Open-R64-Casper_Ruud-Botic_Van_De_Zandschulp,Botic Van De Zandschulp,1,15,6,12,12,5,21,0,0,0,0,0,0
20210901-M-US_Open-R64-Casper_Ruud-Botic_Van_De_Zandschulp,Botic Van De Zandschulp,2,2,21,8,2,18,2,28,6,21,3,0,0
20210831-M-US_Open-R128-Tallon_Griekspoor-Jan_Lennard_Struff,Tallon Griekspoor,Total,37,25,31,31,27,29,25,12,20,3,5,0
20210831-M-US_Open-R128-Tallon_Griekspoor-Jan_Lennard_Struff,Tallon Griekspoor,1,29,6,26,26,15,20,0,0,0,0,0,0
20210831-M-US_Open-R128-Tallon_Griekspoor-Jan_Lennard_Struff,Tallon Griekspoor,2,8,19,5,5,12,9,25,12,20,3,5,0
20210831-M-US_Open-R128-Tallon_Griekspoor-Jan_Lennard_Struff,Jan Lennard Struff,Total,31,20,32,20,24,33,37,20,37,4,0,1
20210831-M-US_Open-R128-Tallon_Griekspoor-Jan_Lennard_Struff,Jan Lennard Struff,1,19,4,16,15,6,18,0,0,0,0,0,0
20210831-M-US_Open-R128-Tallon_Griekspoor-Jan_Lennard_Struff,Jan Lennard Struff,2,12,16,16,5,18,15,37,20,37,4,0,1
20210831-M-US_Open-R128-Roberto_Bautista_Agut-Nick_Kyrgios,Roberto Bautista Agut,Total,12,10,21,15,9,14,17,4,11,0,0,0
20210831-M-US_Open-R128-Roberto_Bautista_Agut-Nick_Kyrgios,Roberto Bautista Agut,1,12,1,14,10,3,11,0,0,0,0,0,0
20210831-M-US_Open-R128-Roberto_Bautista_Agut-Nick_Kyrgios,Roberto Bautista Agut,2,0,9,7,5,6,3,17,4,11,0,0,0
20210831-M-US_Open-R128-Roberto_Bautista_Agut-Nick_Kyrgios,Nick Kyrgios,Total,11,0,24,19,4,8,15,7,13,0,0,0
20210831-M-US_Open-R128-Roberto_Bautista_Agut-Nick_Kyrgios,Nick Kyrgios,1,5,0,14,6,1,7,0,0,0,0,0,0
20210831-M-US_Open-R128-Roberto_Bautista_Agut-Nick_Kyrgios,Nick Kyrgios,2,6,0,10,13,3,1,15,7,13,0,0,0
20210831-M-US_Open-R128-Mikael_Ymer-Jenson_Brooksby,Mikael Ymer,Total,20,28,22,7,37,22,28,10,18,10,0,0
20210831-M-US_Open-R128-Mikael_Ymer-Jenson_Brooksby,Mikael Ymer,1,17,13,14,7,10,13,0,0,0,0,0,0
20210831-M-US_Open-R128-Mikael_Ymer-Jenson_Brooksby,Mikael Ymer,2,3,15,8,0,27,9,28,10,18,10,0,0
20210831-M-US_Open-R128-Mikael_Ymer-Jenson_Brooksby,Jenson Brooksby,Total,26,29,15,17,31,19,18,7,25,6,0,0
20210831-M-US_Open-R128-Mikael_Ymer-Jenson_Brooksby,Jenson Brooksby,1,23,14,9,10,9,17,0,0,0,0,0,0
20210831-M-US_Open-R128-Mikael_Ymer-Jenson_Brooksby,Jenson Brooksby,2,3,15,6,7,22,2,18,7,25,6,0,0
20210831-M-US_Open-R128-Maxime_Cressy-Pablo_Carreno_Busta,Maxime Cressy,Total,22,13,40,28,9,29,37,8,16,0,0,0
20210831-M-US_Open-R128-Maxime_Cressy-Pablo_Carreno_Busta,Maxime Cressy,1,16,3,30,21,3,17,0,0,0,0,0,0
20210831-M-US_Open-R128-Maxime_Cressy-Pablo_Carreno_Busta,Maxime Cressy,2,6,10,10,7,6,12,37,8,16,0,0,0
20210831-M-US_Open-R128-Maxime_Cressy-Pablo_Carreno_Busta,Pablo Carreno Busta,Total,31,41,14,17,35,24,19,7,12,2,0,0
20210831-M-US_Open-R128-Maxime_Cressy-Pablo_Carreno_Busta,Pablo Carreno Busta,1,29,26,13,16,19,23,0,0,0,0,0,0
20210831-M-US_Open-R128-Maxime_Cressy-Pablo_Carreno_Busta,Pablo Carreno Busta,2,2,15,1,1,16,1,19,7,12,2,0,0
20210831-M-US_Open-R128-Feliciano_Lopez-Bernabe_Zapata_Miralles,Feliciano Lopez,Total,10,10,61,38,13,22,44,9,20,9,0,0
20210831-M-US_Open-R128-Feliciano_Lopez-Bernabe_Zapata_Miralles,Feliciano Lopez,1,5,2,37,28,3,14,0,0,0,0,0,0
20210831-M-US_Open-R128-Feliciano_Lopez-Bernabe_Zapata_Miralles,Feliciano Lopez,2,5,8,24,10,10,8,44,9,20,9,0,0
20210831-M-US_Open-R128-Feliciano_Lopez-Bernabe_Zapata_Miralles,Bernabe Zapata Miralles,Total,30,27,20,17,21,28,22,5,12,5,0,0
20210831-M-US_Open-R128-Feliciano_Lopez-Bernabe_Zapata_Miralles,Bernabe Zapata Miralles,1,29,11,16,13,8,25,0,0,0,0,0,0
20210831-M-US_Open-R128-Feliciano_Lopez-Bernabe_Zapata_Miralles,Bernabe Zapata Miralles,2,1,16,4,4,13,3,22,5,12,5,0,0
20210831-M-US_Open-R128-Daniil_Medvedev-Richard_Gasquet,Daniil Medvedev,Total,7,5,23,18,6,9,14,2,14,1,0,0
20210831-M-US_Open-R128-Daniil_Medvedev-Richard_Gasquet,Daniil Medvedev,1,5,2,15,9,2,8,0,0,0,0,0,0
20210831-M-US_Open-R128-Daniil_Medvedev-Richard_Gasquet,Daniil Medvedev,2,2,3,8,9,4,1,14,2,14,1,0,0
20210831-M-US_Open-R128-Daniil_Medvedev-Richard_Gasquet,Richard Gasquet,Total,20,7,26,28,8,16,29,7,17,0,0,0
20210831-M-US_Open-R128-Daniil_Medvedev-Richard_Gasquet,Richard Gasquet,1,17,1,11,15,1,13,0,0,0,0,0,0
20210831-M-US_Open-R128-Daniil_Medvedev-Richard_Gasquet,Richard Gasquet,2,3,6,15,13,7,3,29,7,17,0,0,0
20210831-M-US_Open-R128-Andreas_Seppi-Marton_Fucsovics,Andreas Seppi,Total,33,12,38,31,18,30,36,6,21,12,0,0
20210831-M-US_Open-R128-Andreas_Seppi-Marton_Fucsovics,Andreas Seppi,1,25,1,17,19,5,25,0,0,0,0,0,0
20210831-M-US_Open-R128-Andreas_Seppi-Marton_Fucsovics,Andreas Seppi,2,8,11,21,12,13,5,36,6,21,12,0,0
20210831-M-US_Open-R128-Andreas_Seppi-Marton_Fucsovics,Marton Fucsovics,Total,25,23,34,31,26,17,34,6,32,5,0,1
20210831-M-US_Open-R128-Andreas_Seppi-Marton_Fucsovics,Marton Fucsovics,1,14,9,20,17,12,15,0,0,0,0,0,0
20210831-M-US_Open-R128-Andreas_Seppi-Marton_Fucsovics,Marton Fucsovics,2,11,14,14,14,14,2,34,6,32,5,0,1
20210830-M-US_Open-R128-Stefanos_Tsitsipas-Andy_Murray,Stefanos Tsitsipas,Total,18,31,25,28,13,31,26,9,20,14,0,0
20210830-M-US_Open-R128-Stefanos_Tsitsipas-Andy_Murray,Stefanos Tsitsipas,1,15,2,21,22,4,18,0,0,0,0,0,0
20210830-M-US_Open-R128-Stefanos_Tsitsipas-Andy_Murray,Stefanos Tsitsipas,2,3,29,4,6,9,13,26,9,20,14,0,0
20210830-M-US_Open-R128-Stefanos_Tsitsipas-Andy_Murray,Andy Murray,Total,27,19,39,21,25,32,30,11,15,7,0,1
20210830-M-US_Open-R128-Stefanos_Tsitsipas-Andy_Murray,Andy Murray,1,24,5,21,15,8,29,0,0,0,0,0,0
20210830-M-US_Open-R128-Stefanos_Tsitsipas-Andy_Murray,Andy Murray,2,3,14,18,6,17,3,30,11,15,7,0,1
20210830-M-US_Open-R128-Carlos_Taberner-Botic_Van_De_Zandschulp,Carlos Taberner,Total,18,20,37,18,21,30,32,8,25,5,0,1
20210830-M-US_Open-R128-Carlos_Taberner-Botic_Van_De_Zandschulp,Carlos Taberner,1,17,6,17,11,1,28,0,0,0,0,0,0
20210830-M-US_Open-R128-Carlos_Taberner-Botic_Van_De_Zandschulp,Carlos Taberner,2,1,14,20,7,20,2,32,8,25,5,0,1
20210830-M-US_Open-R128-Carlos_Taberner-Botic_Van_De_Zandschulp,Botic Van De Zandschulp,Total,32,17,26,15,8,45,25,7,18,10,0,0
20210830-M-US_Open-R128-Carlos_Taberner-Botic_Van_De_Zandschulp,Botic Van De Zandschulp,1,25,3,22,13,1,27,0,0,0,0,0,0
20210830-M-US_Open-R128-Carlos_Taberner-Botic_Van_De_Zandschulp,Botic Van De Zandschulp,2,7,14,4,2,7,18,25,7,18,10,0,0
20210830-M-US_Open-R128-Cameron_Norrie-Carlos_Alcaraz,Cameron Norrie,Total,15,13,22,32,6,7,15,10,16,1,0,0
20210830-M-US_Open-R128-Cameron_Norrie-Carlos_Alcaraz,Cameron Norrie,1,11,3,15,19,1,7,0,0,0,0,0,0
20210830-M-US_Open-R128-Cameron_Norrie-Carlos_Alcaraz,Cameron Norrie,2,4,10,7,13,5,0,15,10,16,1,0,0
20210830-M-US_Open-R128-Cameron_Norrie-Carlos_Alcaraz,Carlos Alcaraz,Total,16,10,13,18,5,11,13,2,12,0,0,0
20210830-M-US_Open-R128-Cameron_Norrie-Carlos_Alcaraz,Carlos Alcaraz,1,13,5,5,10,4,11,0,0,0,0,0,0
20210830-M-US_Open-R128-Cameron_Norrie-Carlos_Alcaraz,Carlos Alcaraz,2,3,5,8,8,1,0,13,2,12,0,0,0
20210830-M-US_Open-R128-Andrey_Rublev-Ivo_Karlovic,Andrey Rublev,Total,9,10,26,30,3,9,7,8,4,0,0,1
20210830-M-US_Open-R128-Andrey_Rublev-Ivo_Karlovic,Andrey Rublev,1,6,8,21,25,2,6,0,0,0,0,0,0
20210830-M-US_Open-R128-Andrey_Rublev-Ivo_Karlovic,Andrey Rublev,2,3,2,5,5,1,3,7,8,4,0,0,1
20210830-M-US_Open-R128-Andrey_Rublev-Ivo_Karlovic,Ivo Karlovic,Total,18,9,15,21,5,12,20,2,5,0,0,0
20210830-M-US_Open-R128-Andrey_Rublev-Ivo_Karlovic,Ivo Karlovic,1,12,4,11,18,2,9,0,0,0,0,0,0
20210830-M-US_Open-R128-Andrey_Rublev-Ivo_Karlovic,Ivo Karlovic,2,6,5,4,3,3,3,20,2,5,0,0,0
20210827-M-US_Open-Q3-Ivo_Karlovic-Yuichi_Sugita,Ivo Karlovic,Total,11,3,12,6,10,7,9,3,6,1,0,0
20210827-M-US_Open-Q3-Ivo_Karlovic-Yuichi_Sugita,Ivo Karlovic,1,10,1,8,6,1,6,0,0,0,0,0,0
20210827-M-US_Open-Q3-Ivo_Karlovic-Yuichi_Sugita,Ivo Karlovic,2,1,2,4,0,9,1,9,3,6,1,0,0
20210827-M-US_Open-Q3-Ivo_Karlovic-Yuichi_Sugita,Yuichi Sugita,Total,6,6,20,17,8,4,3,1,12,1,0,0
20210827-M-US_Open-Q3-Ivo_Karlovic-Yuichi_Sugita,Yuichi Sugita,1,4,3,16,13,5,4,0,0,0,0,0,0
20210827-M-US_Open-Q3-Ivo_Karlovic-Yuichi_Sugita,Yuichi Sugita,2,2,3,4,4,3,0,3,1,12,1,0,0
20210827-M-US_Open-Q3-Enzo_Couacaud-Botic_Van_De_Zandschulp,Enzo Couacaud,Total,13,12,18,16,11,14,15,11,7,2,1,0
20210827-M-US_Open-Q3-Enzo_Couacaud-Botic_Van_De_Zandschulp,Enzo Couacaud,1,9,5,9,11,3,12,0,0,0,0,0,0
20210827-M-US_Open-Q3-Enzo_Couacaud-Botic_Van_De_Zandschulp,Enzo Couacaud,2,4,7,9,5,8,2,15,11,7,2,1,0
20210827-M-US_Open-Q3-Enzo_Couacaud-Botic_Van_De_Zandschulp,Botic Van De Zandschulp,Total,18,10,24,10,12,28,17,0,14,4,2,0
20210827-M-US_Open-Q3-Enzo_Couacaud-Botic_Van_De_Zandschulp,Botic Van De Zandschulp,1,16,3,16,8,2,22,0,0,0,0,0,0
20210827-M-US_Open-Q3-Enzo_Couacaud-Botic_Van_De_Zandschulp,Botic Van De Zandschulp,2,2,7,8,2,10,6,17,0,14,4,2,0
20210826-M-US_Open-Q2-Ben_Shelton-Botic_Van_De_Zandschulp,Ben Shelton,Total,10,15,26,18,13,13,17,8,25,4,1,0
20210826-M-US_Open-Q2-Ben_Shelton-Botic_Van_De_Zandschulp,Ben Shelton,1,6,2,14,11,7,8,0,0,0,0,0,0
20210826-M-US_Open-Q2-Ben_Shelton-Botic_Van_De_Zandschulp,Ben Shelton,2,4,13,12,7,6,5,17,8,25,4,1,0
20210826-M-US_Open-Q2-Ben_Shelton-Botic_Van_De_Zandschulp,Botic Van De Zandschulp,Total,20,5,16,10,3,26,9,5,13,5,0,0
20210826-M-US_Open-Q2-Ben_Shelton-Botic_Van_De_Zandschulp,Botic Van De Zandschulp,1,11,2,10,8,3,17,0,0,0,0,0,0
20210826-M-US_Open-Q2-Ben_Shelton-Botic_Van_De_Zandschulp,Botic Van De Zandschulp,2,9,3,6,2,0,9,9,5,13,5,0,0
20210825-M-US_Open-Q1-Botic_Van_De_Zandschulp-Tomas_Barrios_Vera,Botic Van De Zandschulp,Total,12,15,22,12,12,20,22,9,22,1,1,0
20210825-M-US_Open-Q1-Botic_Van_De_Zandschulp-Tomas_Barrios_Vera,Botic Van De Zandschulp,1,9,3,15,7,2,13,0,0,0,0,0,0
20210825-M-US_Open-Q1-Botic_Van_De_Zandschulp-Tomas_Barrios_Vera,Botic Van De Zandschulp,2,3,12,7,5,10,7,22,9,22,1,1,0
20210825-M-US_Open-Q1-Botic_Van_De_Zandschulp-Tomas_Barrios_Vera,Tomas Barrios Vera,Total,6,18,18,9,12,15,18,3,8,1,0,0
20210825-M-US_Open-Q1-Botic_Van_De_Zandschulp-Tomas_Barrios_Vera,Tomas Barrios Vera,1,4,9,15,5,4,12,0,0,0,0,0,0
20210825-M-US_Open-Q1-Botic_Van_De_Zandschulp-Tomas_Barrios_Vera,Tomas Barrios Vera,2,2,9,3,4,8,3,18,3,8,1,0,0
20210221-M-Australian_Open-F-Novak_Djokovic-Daniil_Medvedev,Novak Djokovic,Total,24,3,15,16,5,15,16,6,6,0,0,0
20210221-M-Australian_Open-F-Novak_Djokovic-Daniil_Medvedev,Novak Djokovic,1,13,1,14,14,0,10,0,0,0,0,0,0
20210221-M-Australian_Open-F-Novak_Djokovic-Daniil_Medvedev,Novak Djokovic,2,11,2,1,2,5,5,16,6,6,0,0,0
20210221-M-Australian_Open-F-Novak_Djokovic-Daniil_Medvedev,Daniil Medvedev,Total,14,4,22,21,2,14,14,4,13,1,0,0
20210221-M-Australian_Open-F-Novak_Djokovic-Daniil_Medvedev,Daniil Medvedev,1,11,1,14,9,0,14,0,0,0,0,0,0
20210221-M-Australian_Open-F-Novak_Djokovic-Daniil_Medvedev,Daniil Medvedev,2,3,3,8,12,2,0,14,4,13,1,0,0
20210219-M-Australian_Open-SF-Stefanos_Tsitsipas-Daniil_Medvedev,Stefanos Tsitsipas,Total,27,12,14,23,10,15,13,7,12,2,0,0
20210219-M-Australian_Open-SF-Stefanos_Tsitsipas-Daniil_Medvedev,Stefanos Tsitsipas,1,20,5,14,17,2,12,0,0,0,0,0,0
20210219-M-Australian_Open-SF-Stefanos_Tsitsipas-Daniil_Medvedev,Stefanos Tsitsipas,2,7,7,0,6,8,3,13,7,12,2,0,0
20210219-M-Australian_Open-SF-Stefanos_Tsitsipas-Daniil_Medvedev,Daniil Medvedev,Total,21,8,14,19,2,18,9,7,11,1,0,0
20210219-M-Australian_Open-SF-Stefanos_Tsitsipas-Daniil_Medvedev,Daniil Medvedev,1,15,1,12,11,2,15,0,0,0,0,0,0
20210219-M-Australian_Open-SF-Stefanos_Tsitsipas-Daniil_Medvedev,Daniil Medvedev,2,6,7,2,8,0,3,9,7,11,1,0,0
20210217-M-Australian_Open-QF-Rafael_Nadal-Stefanos_Tsitsipas,Rafael Nadal,Total,25,13,39,46,11,17,25,9,12,4,0,0
20210217-M-Australian_Open-QF-Rafael_Nadal-Stefanos_Tsitsipas,Rafael Nadal,1,19,5,25,35,6,13,0,0,0,0,0,0
20210217-M-Australian_Open-QF-Rafael_Nadal-Stefanos_Tsitsipas,Rafael Nadal,2,6,8,14,11,5,4,25,9,12,4,0,0
20210217-M-Australian_Open-QF-Rafael_Nadal-Stefanos_Tsitsipas,Stefanos Tsitsipas,Total,35,5,33,32,6,25,16,12,23,1,0,0
20210217-M-Australian_Open-QF-Rafael_Nadal-Stefanos_Tsitsipas,Stefanos Tsitsipas,1,23,1,23,23,0,14,0,0,0,0,0,0
20210217-M-Australian_Open-QF-Rafael_Nadal-Stefanos_Tsitsipas,Stefanos Tsitsipas,2,12,4,10,9,6,11,16,12,23,1,0,0
20210215-M-Australian_Open-QF-Grigor_Dimitrov-Aslan_Karatsev,Grigor Dimitrov,Total,14,13,24,21,10,16,27,4,8,2,0,0
20210215-M-Australian_Open-QF-Grigor_Dimitrov-Aslan_Karatsev,Grigor Dimitrov,1,13,4,11,15,6,15,0,0,0,0,0,0
20210215-M-Australian_Open-QF-Grigor_Dimitrov-Aslan_Karatsev,Grigor Dimitrov,2,1,9,13,6,4,1,27,4,8,2,0,0
20210215-M-Australian_Open-QF-Grigor_Dimitrov-Aslan_Karatsev,Aslan Karatsev,Total,17,15,24,19,19,11,24,12,17,0,0,0
20210215-M-Australian_Open-QF-Grigor_Dimitrov-Aslan_Karatsev,Aslan Karatsev,1,16,1,17,9,4,11,0,0,0,0,0,0
20210215-M-Australian_Open-QF-Grigor_Dimitrov-Aslan_Karatsev,Aslan Karatsev,2,1,14,7,10,15,0,24,12,17,0,0,0
20210213-M-Australian_Open-R32-Karen_Khachanov-Matteo_Berrettini,Karen Khachanov,Total,23,12,27,24,18,18,23,6,18,1,0,0
20210213-M-Australian_Open-R32-Karen_Khachanov-Matteo_Berrettini,Karen Khachanov,1,20,1,21,18,4,13,0,0,0,0,0,0
20210213-M-Australian_Open-R32-Karen_Khachanov-Matteo_Berrettini,Karen Khachanov,2,3,11,6,6,14,5,23,6,18,1,0,0
20210213-M-Australian_Open-R32-Karen_Khachanov-Matteo_Berrettini,Matteo Berrettini,Total,22,23,18,15,21,23,13,8,25,1,0,0
20210213-M-Australian_Open-R32-Karen_Khachanov-Matteo_Berrettini,Matteo Berrettini,1,17,7,14,13,6,19,0,0,0,0,0,0
20210213-M-Australian_Open-R32-Karen_Khachanov-Matteo_Berrettini,Matteo Berrettini,2,5,16,4,2,15,4,13,8,25,1,0,0
20210212-M-Australian_Open-R32-Novak_Djokovic-Taylor_Fritz,Novak Djokovic,Total,49,13,21,28,10,38,26,7,19,7,0,0
20210212-M-Australian_Open-R32-Novak_Djokovic-Taylor_Fritz,Novak Djokovic,1,36,5,19,22,2,21,0,0,0,0,0,0
20210212-M-Australian_Open-R32-Novak_Djokovic-Taylor_Fritz,Novak Djokovic,2,13,8,2,6,8,17,26,7,19,7,0,0
20210212-M-Australian_Open-R32-Novak_Djokovic-Taylor_Fritz,Taylor Fritz,Total,38,33,8,26,21,27,20,9,25,2,0,0
20210212-M-Australian_Open-R32-Novak_Djokovic-Taylor_Fritz,Taylor Fritz,1,32,14,7,21,3,21,0,0,0,0,0,0
20210212-M-Australian_Open-R32-Novak_Djokovic-Taylor_Fritz,Taylor Fritz,2,6,19,1,5,18,6,20,9,25,2,0,0
20210212-M-Australian_Open-R32-Dominic_Thiem-Nick_Kyrgios,Dominic Thiem,Total,25,15,31,18,25,22,8,13,21,8,0,1
20210212-M-Australian_Open-R32-Dominic_Thiem-Nick_Kyrgios,Dominic Thiem,1,21,2,23,15,5,20,0,0,0,0,0,0
20210212-M-Australian_Open-R32-Dominic_Thiem-Nick_Kyrgios,Dominic Thiem,2,4,13,8,3,20,2,8,13,21,8,0,1
20210212-M-Australian_Open-R32-Dominic_Thiem-Nick_Kyrgios,Nick Kyrgios,Total,32,9,37,41,4,26,16,8,12,6,0,2
20210212-M-Australian_Open-R32-Dominic_Thiem-Nick_Kyrgios,Nick Kyrgios,1,24,0,31,30,1,21,0,0,0,0,0,0
20210212-M-Australian_Open-R32-Dominic_Thiem-Nick_Kyrgios,Nick Kyrgios,2,8,9,6,11,3,5,16,8,12,6,0,2
20210212-M-Australian_Open-R32-Andrey_Rublev-Feliciano_Lopez,Andrey Rublev,Total,13,14,17,10,15,12,21,6,15,1,0,0
20210212-M-Australian_Open-R32-Andrey_Rublev-Feliciano_Lopez,Andrey Rublev,1,13,1,14,6,0,7,0,0,0,0,0,0
20210212-M-Australian_Open-R32-Andrey_Rublev-Feliciano_Lopez,Andrey Rublev,2,0,13,3,4,15,5,21,6,15,1,0,0
20210212-M-Australian_Open-R32-Andrey_Rublev-Feliciano_Lopez,Feliciano Lopez,Total,7,9,26,13,12,11,23,13,4,1,0,0
20210212-M-Australian_Open-R32-Andrey_Rublev-Feliciano_Lopez,Feliciano Lopez,1,6,2,17,8,3,8,0,0,0,0,0,0
20210212-M-Australian_Open-R32-Andrey_Rublev-Feliciano_Lopez,Feliciano Lopez,2,1,7,9,5,9,3,23,13,4,1,0,0
20210211-M-Australian_Open-R64-Stefanos_Tsitsipas-Thanasi_Kokkinakis,Stefanos Tsitsipas,Total,25,12,41,38,10,21,23,16,20,2,1,1
20210211-M-Australian_Open-R64-Stefanos_Tsitsipas-Thanasi_Kokkinakis,Stefanos Tsitsipas,1,18,3,25,25,2,20,0,0,0,0,0,0
20210211-M-Australian_Open-R64-Stefanos_Tsitsipas-Thanasi_Kokkinakis,Stefanos Tsitsipas,2,7,9,16,13,8,1,23,16,20,2,1,1
20210211-M-Australian_Open-R64-Stefanos_Tsitsipas-Thanasi_Kokkinakis,Thanasi Kokkinakis,Total,58,17,33,48,17,34,41,17,19,6,0,2
20210211-M-Australian_Open-R64-Stefanos_Tsitsipas-Thanasi_Kokkinakis,Thanasi Kokkinakis,1,43,6,22,27,5,27,0,0,0,0,0,0
20210211-M-Australian_Open-R64-Stefanos_Tsitsipas-Thanasi_Kokkinakis,Thanasi Kokkinakis,2,15,11,11,21,12,7,41,17,19,6,0,2
20210211-M-Australian_Open-R64-Lorenzo_Sonego-Feliciano_Lopez,Lorenzo Sonego,Total,35,24,16,13,28,25,16,6,18,0,0,0
20210211-M-Australian_Open-R64-Lorenzo_Sonego-Feliciano_Lopez,Lorenzo Sonego,1,27,15,14,11,18,19,0,0,0,0,0,0
20210211-M-Australian_Open-R64-Lorenzo_Sonego-Feliciano_Lopez,Lorenzo Sonego,2,8,9,2,2,10,6,16,6,18,0,0,0
20210211-M-Australian_Open-R64-Lorenzo_Sonego-Feliciano_Lopez,Feliciano Lopez,Total,14,6,63,34,22,15,31,11,17,6,1,0
20210211-M-Australian_Open-R64-Lorenzo_Sonego-Feliciano_Lopez,Feliciano Lopez,1,12,2,34,28,5,11,0,0,0,0,0,0
20210211-M-Australian_Open-R64-Lorenzo_Sonego-Feliciano_Lopez,Feliciano Lopez,2,2,4,29,6,17,4,31,11,17,6,1,0
20210211-M-Australian_Open-R64-Daniil_Medvedev-Roberto_Carballes_Baena,Daniil Medvedev,Total,20,6,14,13,5,18,14,6,8,2,0,0
20210211-M-Australian_Open-R64-Daniil_Medvedev-Roberto_Carballes_Baena,Daniil Medvedev,1,14,2,13,6,0,14,0,0,0,0,0,0
20210211-M-Australian_Open-R64-Daniil_Medvedev-Roberto_Carballes_Baena,Daniil Medvedev,2,6,4,1,7,5,4,14,6,8,2,0,0
20210211-M-Australian_Open-R64-Daniil_Medvedev-Roberto_Carballes_Baena,Roberto Carballes Baena,Total,14,17,6,13,10,12,20,2,13,1,0,0
20210211-M-Australian_Open-R64-Daniil_Medvedev-Roberto_Carballes_Baena,Roberto Carballes Baena,1,9,2,3,10,4,11,0,0,0,0,0,0
20210211-M-Australian_Open-R64-Daniil_Medvedev-Roberto_Carballes_Baena,Roberto Carballes Baena,2,5,15,3,3,6,1,20,2,13,1,0,0
20210210-M-Australian_Open-R64-Stan_Wawrinka-Marton_Fucsovics,Stan Wawrinka,Total,36,11,38,50,10,25,19,24,27,3,0,0
20210210-M-Australian_Open-R64-Stan_Wawrinka-Marton_Fucsovics,Stan Wawrinka,1,30,6,20,24,0,19,0,0,0,0,0,0
20210210-M-Australian_Open-R64-Stan_Wawrinka-Marton_Fucsovics,Stan Wawrinka,2,6,5,18,26,10,6,19,24,27,3,0,0
20210210-M-Australian_Open-R64-Stan_Wawrinka-Marton_Fucsovics,Marton Fucsovics,Total,27,29,16,37,17,8,26,11,23,3,0,0
20210210-M-Australian_Open-R64-Stan_Wawrinka-Marton_Fucsovics,Marton Fucsovics,1,17,14,11,17,11,6,0,0,0,0,0,0
20210210-M-Australian_Open-R64-Stan_Wawrinka-Marton_Fucsovics,Marton Fucsovics,2,10,15,5,20,6,2,26,11,23,3,0,0
20210209-M-Australian_Open-R128-Vasek_Pospisil-Daniil_Medvedev,Vasek Pospisil,Total,16,14,11,16,8,13,15,5,14,2,0,0
20210209-M-Australian_Open-R128-Vasek_Pospisil-Daniil_Medvedev,Vasek Pospisil,1,13,4,6,12,0,10,0,0,0,0,0,0
20210209-M-Australian_Open-R128-Vasek_Pospisil-Daniil_Medvedev,Vasek Pospisil,2,3,10,5,4,8,3,15,5,14,2,0,0
20210209-M-Australian_Open-R128-Vasek_Pospisil-Daniil_Medvedev,Daniil Medvedev,Total,9,13,16,12,10,14,12,2,12,0,0,0
20210209-M-Australian_Open-R128-Vasek_Pospisil-Daniil_Medvedev,Daniil Medvedev,1,7,4,13,8,4,14,0,0,0,0,0,0
20210209-M-Australian_Open-R128-Vasek_Pospisil-Daniil_Medvedev,Daniil Medvedev,2,2,9,3,4,6,0,12,2,12,0,0,0
20210209-M-Australian_Open-R128-Robin_Haase-Filip_Krajinovic,Robin Haase,Total,15,13,27,23,15,13,22,5,14,4,0,0
20210209-M-Australian_Open-R128-Robin_Haase-Filip_Krajinovic,Robin Haase,1,15,2,22,13,3,9,0,0,0,0,0,0
20210209-M-Australian_Open-R128-Robin_Haase-Filip_Krajinovic,Robin Haase,2,0,11,5,10,12,4,22,5,14,4,0,0
20210209-M-Australian_Open-R128-Robin_Haase-Filip_Krajinovic,Filip Krajinovic,Total,13,11,36,15,19,18,15,8,12,4,1,0
20210209-M-Australian_Open-R128-Robin_Haase-Filip_Krajinovic,Filip Krajinovic,1,12,3,31,12,1,15,0,0,0,0,0,0
20210209-M-Australian_Open-R128-Robin_Haase-Filip_Krajinovic,Filip Krajinovic,2,1,8,5,3,18,3,15,8,12,4,1,0
20210209-M-Australian_Open-R128-Hubert_Hurkacz-Mikael_Ymer,Hubert Hurkacz,Total,31,14,24,22,18,26,12,8,16,7,0,0
20210209-M-Australian_Open-R128-Hubert_Hurkacz-Mikael_Ymer,Hubert Hurkacz,1,30,3,13,19,6,24,0,0,0,0,0,0
20210209-M-Australian_Open-R128-Hubert_Hurkacz-Mikael_Ymer,Hubert Hurkacz,2,1,11,11,3,12,2,12,8,16,7,0,0
20210209-M-Australian_Open-R128-Hubert_Hurkacz-Mikael_Ymer,Mikael Ymer,Total,36,44,13,13,39,39,26,4,24,1,0,0
20210209-M-Australian_Open-R128-Hubert_Hurkacz-Mikael_Ymer,Mikael Ymer,1,33,29,11,13,26,26,0,0,0,0,0,0
20210209-M-Australian_Open-R128-Hubert_Hurkacz-Mikael_Ymer,Mikael Ymer,2,3,15,2,0,13,13,26,4,24,1,0,0
20210209-M-Australian_Open-R128-Feliciano_Lopez-Li_Tu,Feliciano Lopez,Total,15,10,45,19,11,30,44,13,16,6,0,0
20210209-M-Australian_Open-R128-Feliciano_Lopez-Li_Tu,Feliciano Lopez,1,11,4,18,12,1,16,0,0,0,0,0,0
20210209-M-Australian_Open-R128-Feliciano_Lopez-Li_Tu,Feliciano Lopez,2,4,6,27,7,10,14,44,13,16,6,0,0
20210209-M-Australian_Open-R128-Feliciano_Lopez-Li_Tu,Li Tu,Total,22,25,21,18,12,32,28,10,16,4,0,0
20210209-M-Australian_Open-R128-Feliciano_Lopez-Li_Tu,Li Tu,1,17,2,19,14,2,22,0,0,0,0,0,0
20210209-M-Australian_Open-R128-Feliciano_Lopez-Li_Tu,Li Tu,2,5,23,2,4,10,10,28,10,16,4,0,0
20210209-M-Australian_Open-R128-Carlos_Alcaraz-Botic_Van_De_Zandschulp,Carlos Alcaraz,Total,6,8,30,24,7,9,15,7,14,1,0,0
20210209-M-Australian_Open-R128-Carlos_Alcaraz-Botic_Van_De_Zandschulp,Carlos Alcaraz,1,5,4,16,13,3,7,0,0,0,0,0,0
20210209-M-Australian_Open-R128-Carlos_Alcaraz-Botic_Van_De_Zandschulp,Carlos Alcaraz,2,1,4,14,11,4,2,15,7,14,1,0,0
20210209-M-Australian_Open-R128-Carlos_Alcaraz-Botic_Van_De_Zandschulp,Botic Van De Zandschulp,Total,14,12,20,14,13,17,22,4,18,3,0,0
20210209-M-Australian_Open-R128-Carlos_Alcaraz-Botic_Van_De_Zandschulp,Botic Van De Zandschulp,1,10,3,13,9,4,10,0,0,0,0,0,0
20210209-M-Australian_Open-R128-Carlos_Alcaraz-Botic_Van_De_Zandschulp,Botic Van De Zandschulp,2,4,9,7,5,9,7,22,4,18,3,0,0
20210208-M-Australian_Open-R128-Jannik_Sinner-Denis_Shapovalov,Jannik Sinner,Total,47,22,6,20,22,28,14,11,15,8,0,0
20210208-M-Australian_Open-R128-Jannik_Sinner-Denis_Shapovalov,Jannik Sinner,1,31,13,6,17,9,25,0,0,0,0,0,0
20210208-M-Australian_Open-R128-Jannik_Sinner-Denis_Shapovalov,Jannik Sinner,2,16,9,0,3,13,3,14,11,15,8,0,0
20210208-M-Australian_Open-R128-Jannik_Sinner-Denis_Shapovalov,Denis Shapovalov,Total,29,16,37,51,8,16,16,17,26,6,0,2
20210208-M-Australian_Open-R128-Jannik_Sinner-Denis_Shapovalov,Denis Shapovalov,1,18,6,25,33,4,13,0,0,0,0,0,0
20210208-M-Australian_Open-R128-Jannik_Sinner-Denis_Shapovalov,Denis Shapovalov,2,11,10,12,18,4,3,16,17,26,6,0,2
20210208-M-Australian_Open-R128-Elias_Ymer-Diego_Schwartzman,Elias Ymer,Total,16,16,29,21,16,17,22,5,22,4,0,1
20210208-M-Australian_Open-R128-Elias_Ymer-Diego_Schwartzman,Elias Ymer,1,13,3,18,15,6,12,0,0,0,0,0,0
20210208-M-Australian_Open-R128-Elias_Ymer-Diego_Schwartzman,Elias Ymer,2,3,13,11,6,10,5,22,5,22,4,0,1
20210208-M-Australian_Open-R128-Elias_Ymer-Diego_Schwartzman,Diego Schwartzman,Total,28,14,25,15,13,34,24,3,18,1,0,0
20210208-M-Australian_Open-R128-Elias_Ymer-Diego_Schwartzman,Diego Schwartzman,1,24,8,14,11,5,25,0,0,0,0,0,0
20210208-M-Australian_Open-R128-Elias_Ymer-Diego_Schwartzman,Diego Schwartzman,2,4,6,11,4,8,9,24,3,18,1,0,0
20210208-M-Australian_Open-R128-Egor_Gerasimov-Benoit_Paire,Egor Gerasimov,Total,39,22,19,32,25,23,26,22,19,1,0,0
20210208-M-Australian_Open-R128-Egor_Gerasimov-Benoit_Paire,Egor Gerasimov,1,26,5,18,26,6,16,0,0,0,0,0,0
20210208-M-Australian_Open-R128-Egor_Gerasimov-Benoit_Paire,Egor Gerasimov,2,13,17,1,6,19,7,26,22,19,1,0,0
20210208-M-Australian_Open-R128-Egor_Gerasimov-Benoit_Paire,Benoit Paire,Total,48,11,19,39,17,18,37,25,25,5,0,1
20210208-M-Australian_Open-R128-Egor_Gerasimov-Benoit_Paire,Benoit Paire,1,26,0,18,21,2,15,0,0,0,0,0,0
20210208-M-Australian_Open-R128-Egor_Gerasimov-Benoit_Paire,Benoit Paire,2,22,11,1,18,15,3,37,25,25,5,0,1
20200913-M-US_Open-F-Dominic_Thiem-Alexander_Zverev,Dominic Thiem,Total,46,18,20,28,29,24,19,12,30,9,0,0
20200913-M-US_Open-F-Dominic_Thiem-Alexander_Zverev,Dominic Thiem,1,33,4,19,21,7,19,0,0,0,0,0,0
20200913-M-US_Open-F-Dominic_Thiem-Alexander_Zverev,Dominic Thiem,2,13,14,1,7,22,5,19,12,30,9,0,0
20200913-M-US_Open-F-Dominic_Thiem-Alexander_Zverev,Alexander Zverev,Total,26,25,31,32,27,16,20,10,33,8,0,0
20200913-M-US_Open-F-Dominic_Thiem-Alexander_Zverev,Alexander Zverev,1,24,16,20,14,13,14,0,0,0,0,0,0
20200913-M-US_Open-F-Dominic_Thiem-Alexander_Zverev,Alexander Zverev,2,2,9,11,18,14,2,20,10,33,8,0,0
20200911-M-US_Open-SF-Dominic_Thiem-Daniil_Medvedev,Dominic Thiem,Total,27,17,16,24,12,18,16,15,14,5,0,0
20200911-M-US_Open-SF-Dominic_Thiem-Daniil_Medvedev,Dominic Thiem,1,19,5,12,14,2,15,0,0,0,0,0,0
20200911-M-US_Open-SF-Dominic_Thiem-Daniil_Medvedev,Dominic Thiem,2,8,12,4,10,10,3,16,15,14,5,0,0
20200911-M-US_Open-SF-Dominic_Thiem-Daniil_Medvedev,Daniil Medvedev,Total,22,11,29,38,11,11,20,6,21,6,0,1
20200911-M-US_Open-SF-Dominic_Thiem-Daniil_Medvedev,Daniil Medvedev,1,16,1,19,22,4,11,0,0,0,0,0,0
20200911-M-US_Open-SF-Dominic_Thiem-Daniil_Medvedev,Daniil Medvedev,2,6,10,10,16,7,0,20,6,21,6,0,1
20200909-M-US_Open-QF-Andrey_Rublev-Daniil_Medvedev,Andrey Rublev,Total,15,15,23,28,7,10,26,10,11,1,0,0
20200909-M-US_Open-QF-Andrey_Rublev-Daniil_Medvedev,Andrey Rublev,1,15,1,15,9,1,10,0,0,0,0,0,0
20200909-M-US_Open-QF-Andrey_Rublev-Daniil_Medvedev,Andrey Rublev,2,0,14,8,19,6,0,26,10,11,1,0,0
20200909-M-US_Open-QF-Andrey_Rublev-Daniil_Medvedev,Daniil Medvedev,Total,36,1,12,30,3,12,12,9,19,0,1,0
20200909-M-US_Open-QF-Andrey_Rublev-Daniil_Medvedev,Daniil Medvedev,1,20,1,9,16,0,10,0,0,0,0,0,0
20200909-M-US_Open-QF-Andrey_Rublev-Daniil_Medvedev,Daniil Medvedev,2,16,0,3,14,3,2,12,9,19,0,1,0
20200908-M-US_Open-QF-Denis_Shapovalov-Pablo_Carreno_Busta,Denis Shapovalov,Total,39,8,40,45,3,34,29,18,27,3,0,0
20200908-M-US_Open-QF-Denis_Shapovalov-Pablo_Carreno_Busta,Denis Shapovalov,1,24,3,26,30,0,20,0,0,0,0,0,0
20200908-M-US_Open-QF-Denis_Shapovalov-Pablo_Carreno_Busta,Denis Shapovalov,2,15,5,14,15,3,14,29,18,27,3,0,0
20200908-M-US_Open-QF-Denis_Shapovalov-Pablo_Carreno_Busta,Pablo Carreno Busta,Total,48,20,9,18,11,38,21,12,10,0,0,0
20200908-M-US_Open-QF-Denis_Shapovalov-Pablo_Carreno_Busta,Pablo Carreno Busta,1,32,13,9,14,6,28,0,0,0,0,0,0
20200908-M-US_Open-QF-Denis_Shapovalov-Pablo_Carreno_Busta,Pablo Carreno Busta,2,16,7,0,4,5,10,21,12,10,0,0,0
20200908-M-US_Open-QF-Borna_Coric-Alexander_Zverev,Borna Coric,Total,32,3,33,23,9,27,12,18,7,0,0,0
20200908-M-US_Open-QF-Borna_Coric-Alexander_Zverev,Borna Coric,1,27,1,27,13,4,20,0,0,0,0,0,0
20200908-M-US_Open-QF-Borna_Coric-Alexander_Zverev,Borna Coric,2,5,2,6,10,5,7,12,18,7,0,0,0
20200908-M-US_Open-QF-Borna_Coric-Alexander_Zverev,Alexander Zverev,Total,28,9,35,27,9,33,24,12,18,0,0,0
20200908-M-US_Open-QF-Borna_Coric-Alexander_Zverev,Alexander Zverev,1,22,3,24,20,4,26,0,0,0,0,0,0
20200908-M-US_Open-QF-Borna_Coric-Alexander_Zverev,Alexander Zverev,2,6,6,11,7,5,7,24,12,18,0,0,0
20200907-M-US_Open-R16-Vasek_Pospisil-Alex_De_Minaur,Vasek Pospisil,Total,19,8,28,23,9,22,18,12,18,0,0,0
20200907-M-US_Open-R16-Vasek_Pospisil-Alex_De_Minaur,Vasek Pospisil,1,15,1,19,13,2,16,0,0,0,0,0,0
20200907-M-US_Open-R16-Vasek_Pospisil-Alex_De_Minaur,Vasek Pospisil,2,4,7,9,10,7,6,18,12,18,0,0,0
20200907-M-US_Open-R16-Vasek_Pospisil-Alex_De_Minaur,Alex De Minaur,Total,6,8,28,21,6,10,8,5,18,1,0,0
20200907-M-US_Open-R16-Vasek_Pospisil-Alex_De_Minaur,Alex De Minaur,1,5,5,17,9,4,9,0,0,0,0,0,0
20200907-M-US_Open-R16-Vasek_Pospisil-Alex_De_Minaur,Alex De Minaur,2,1,3,11,12,2,1,8,5,18,1,0,0
20200907-M-US_Open-R16-Felix_Auger_Aliassime-Dominic_Thiem,Felix Auger Aliassime,Total,22,9,14,24,8,11,11,5,18,3,0,0
20200907-M-US_Open-R16-Felix_Auger_Aliassime-Dominic_Thiem,Felix Auger Aliassime,1,16,3,8,12,4,10,0,0,0,0,0,0
20200907-M-US_Open-R16-Felix_Auger_Aliassime-Dominic_Thiem,Felix Auger Aliassime,2,6,6,6,12,4,1,11,5,18,3,0,0
20200907-M-US_Open-R16-Felix_Auger_Aliassime-Dominic_Thiem,Dominic Thiem,Total,15,11,16,20,9,9,10,9,7,3,0,0
20200907-M-US_Open-R16-Felix_Auger_Aliassime-Dominic_Thiem,Dominic Thiem,1,12,3,11,15,4,8,0,0,0,0,0,0
20200907-M-US_Open-R16-Felix_Auger_Aliassime-Dominic_Thiem,Dominic Thiem,2,3,8,5,5,5,1,10,9,7,3,0,0
20200907-M-US_Open-R16-Andrey_Rublev-Matteo_Berrettini,Andrey Rublev,Total,20,6,34,38,5,14,24,15,13,0,0,0
20200907-M-US_Open-R16-Andrey_Rublev-Matteo_Berrettini,Andrey Rublev,1,18,2,18,16,2,13,0,0,0,0,0,0
20200907-M-US_Open-R16-Andrey_Rublev-Matteo_Berrettini,Andrey Rublev,2,2,4,16,22,3,1,24,15,13,0,0,0
20200907-M-US_Open-R16-Andrey_Rublev-Matteo_Berrettini,Matteo Berrettini,Total,23,20,15,17,17,18,19,11,20,2,0,0
20200907-M-US_Open-R16-Andrey_Rublev-Matteo_Berrettini,Matteo Berrettini,1,19,1,11,8,8,14,0,0,0,0,0,0
20200907-M-US_Open-R16-Andrey_Rublev-Matteo_Berrettini,Matteo Berrettini,2,4,19,4,9,9,4,19,11,20,2,0,0
20200906-M-US_Open-R32-Marin_Cilic-Dominic_Thiem,Marin Cilic,Total,18,5,29,31,4,11,18,9,13,0,0,0
20200906-M-US_Open-R32-Marin_Cilic-Dominic_Thiem,Marin Cilic,1,16,1,11,21,1,11,0,0,0,0,0,0
20200906-M-US_Open-R32-Marin_Cilic-Dominic_Thiem,Marin Cilic,2,2,4,18,10,3,0,18,9,13,0,0,0
20200906-M-US_Open-R32-Marin_Cilic-Dominic_Thiem,Dominic Thiem,Total,22,5,28,17,11,21,20,10,14,1,0,0
20200906-M-US_Open-R32-Marin_Cilic-Dominic_Thiem,Dominic Thiem,1,17,0,20,12,1,11,0,0,0,0,0,0
20200906-M-US_Open-R32-Marin_Cilic-Dominic_Thiem,Dominic Thiem,2,5,5,8,5,10,10,20,10,14,1,0,0
20200906-M-US_Open-R16-Novak_Djokovic-Pablo_Carreno_Busta,Novak Djokovic,Total,7,3,6,6,1,5,3,1,2,2,0,0
20200906-M-US_Open-R16-Novak_Djokovic-Pablo_Carreno_Busta,Novak Djokovic,1,5,0,6,5,0,4,0,0,0,0,0,0
20200906-M-US_Open-R16-Novak_Djokovic-Pablo_Carreno_Busta,Novak Djokovic,2,2,3,0,1,1,1,3,1,2,2,0,0
20200906-M-US_Open-R16-Novak_Djokovic-Pablo_Carreno_Busta,Pablo Carreno Busta,Total,7,6,5,9,2,7,5,1,5,1,0,0
20200906-M-US_Open-R16-Novak_Djokovic-Pablo_Carreno_Busta,Pablo Carreno Busta,1,7,1,4,5,1,6,0,0,0,0,0,0
20200906-M-US_Open-R16-Novak_Djokovic-Pablo_Carreno_Busta,Pablo Carreno Busta,2,0,5,1,4,1,1,5,1,5,1,0,0
20200905-M-US_Open-R32-Novak_Djokovic-Jan_Lennard_Struff,Novak Djokovic,Total,17,18,8,10,17,11,16,2,14,0,0,1
20200905-M-US_Open-R32-Novak_Djokovic-Jan_Lennard_Struff,Novak Djokovic,1,13,9,7,9,7,8,0,0,0,0,0,0
20200905-M-US_Open-R32-Novak_Djokovic-Jan_Lennard_Struff,Novak Djokovic,2,4,9,1,1,10,3,16,2,14,0,0,1
20200905-M-US_Open-R32-Novak_Djokovic-Jan_Lennard_Struff,Jan Lennard Struff,Total,11,18,11,10,7,19,21,9,5,0,0,1
20200905-M-US_Open-R32-Novak_Djokovic-Jan_Lennard_Struff,Jan Lennard Struff,1,10,6,6,7,2,12,0,0,0,0,0,0
20200905-M-US_Open-R32-Novak_Djokovic-Jan_Lennard_Struff,Jan Lennard Struff,2,1,12,5,3,5,7,21,9,5,0,0,1
20200905-M-US_Open-R32-Felix_Auger_Aliassime-Corentin_Moutet,Felix Auger Aliassime,Total,23,5,12,8,5,23,11,12,9,0,0,0
20200905-M-US_Open-R32-Felix_Auger_Aliassime-Corentin_Moutet,Felix Auger Aliassime,1,14,3,11,5,1,14,0,0,0,0,0,0
20200905-M-US_Open-R32-Felix_Auger_Aliassime-Corentin_Moutet,Felix Auger Aliassime,2,9,2,1,3,4,9,11,12,9,0,0,0
20200905-M-US_Open-R32-Felix_Auger_Aliassime-Corentin_Moutet,Corentin Moutet,Total,7,13,20,17,13,6,20,8,6,0,0,0
20200905-M-US_Open-R32-Felix_Auger_Aliassime-Corentin_Moutet,Corentin Moutet,1,5,5,13,13,5,4,0,0,0,0,0,0
20200905-M-US_Open-R32-Felix_Auger_Aliassime-Corentin_Moutet,Corentin Moutet,2,2,8,7,4,8,2,20,8,6,0,0,0
20200905-M-US_Open-R32-Casper_Ruud-Matteo_Berrettini,Casper Ruud,Total,11,15,19,18,11,12,14,1,20,0,0,0
20200905-M-US_Open-R32-Casper_Ruud-Matteo_Berrettini,Casper Ruud,1,8,10,10,12,5,9,0,0,0,0,0,0
20200905-M-US_Open-R32-Casper_Ruud-Matteo_Berrettini,Casper Ruud,2,3,5,9,6,6,3,14,1,20,0,0,0
20200905-M-US_Open-R32-Casper_Ruud-Matteo_Berrettini,Matteo Berrettini,Total,17,12,17,11,18,13,22,2,15,0,0,0
20200905-M-US_Open-R32-Casper_Ruud-Matteo_Berrettini,Matteo Berrettini,1,15,3,11,8,4,12,0,0,0,0,0,0
20200905-M-US_Open-R32-Casper_Ruud-Matteo_Berrettini,Matteo Berrettini,2,2,9,6,3,14,1,22,2,15,0,0,0
20200904-M-US_Open-R32-Taylor_Fritz-Denis_Shapovalov,Taylor Fritz,Total,37,9,25,18,12,34,20,17,23,3,0,0
20200904-M-US_Open-R32-Taylor_Fritz-Denis_Shapovalov,Taylor Fritz,1,22,1,22,15,1,16,0,0,0,0,0,0
20200904-M-US_Open-R32-Taylor_Fritz-Denis_Shapovalov,Taylor Fritz,2,15,8,3,3,11,18,20,17,23,3,0,0
20200904-M-US_Open-R32-Taylor_Fritz-Denis_Shapovalov,Denis Shapovalov,Total,29,16,34,31,16,24,18,12,25,2,0,0
20200904-M-US_Open-R32-Taylor_Fritz-Denis_Shapovalov,Denis Shapovalov,1,20,6,22,24,10,21,0,0,0,0,0,0
20200904-M-US_Open-R32-Taylor_Fritz-Denis_Shapovalov,Denis Shapovalov,2,9,10,12,7,6,3,18,12,25,2,0,0
20200903-M-US_Open-R64-Ugo_Humbert-Matteo_Berrettini,Ugo Humbert,Total,14,11,27,32,9,7,18,9,16,0,0,0
20200903-M-US_Open-R64-Ugo_Humbert-Matteo_Berrettini,Ugo Humbert,1,14,3,15,18,7,6,0,0,0,0,0,0
20200903-M-US_Open-R64-Ugo_Humbert-Matteo_Berrettini,Ugo Humbert,2,0,8,12,14,2,1,18,9,16,0,0,0
20200903-M-US_Open-R64-Ugo_Humbert-Matteo_Berrettini,Matteo Berrettini,Total,23,14,9,19,5,15,8,8,11,1,0,0
20200903-M-US_Open-R64-Ugo_Humbert-Matteo_Berrettini,Matteo Berrettini,1,14,7,8,14,1,14,0,0,0,0,0,0
20200903-M-US_Open-R64-Ugo_Humbert-Matteo_Berrettini,Matteo Berrettini,2,9,7,1,5,4,1,8,8,11,1,0,0
20200903-M-US_Open-R64-Milos_Raonic-Vasek_Pospisil,Milos Raonic,Total,29,17,25,35,7,20,25,7,20,1,0,0
20200903-M-US_Open-R64-Milos_Raonic-Vasek_Pospisil,Milos Raonic,1,24,1,21,26,1,18,0,0,0,0,0,0
20200903-M-US_Open-R64-Milos_Raonic-Vasek_Pospisil,Milos Raonic,2,5,16,4,9,6,2,25,7,20,1,0,0
20200903-M-US_Open-R64-Milos_Raonic-Vasek_Pospisil,Vasek Pospisil,Total,22,11,37,38,2,22,24,8,14,1,0,0
20200903-M-US_Open-R64-Milos_Raonic-Vasek_Pospisil,Vasek Pospisil,1,21,5,24,22,1,17,0,0,0,0,0,0
20200903-M-US_Open-R64-Milos_Raonic-Vasek_Pospisil,Vasek Pospisil,2,1,6,13,16,1,5,24,8,14,1,0,0
20200903-M-US_Open-R64-Felix_Auger_Aliassime-Andy_Murray,Felix Auger Aliassime,Total,18,4,15,12,5,16,8,10,7,1,0,0
20200903-M-US_Open-R64-Felix_Auger_Aliassime-Andy_Murray,Felix Auger Aliassime,1,14,0,10,10,1,11,0,0,0,0,0,0
20200903-M-US_Open-R64-Felix_Auger_Aliassime-Andy_Murray,Felix Auger Aliassime,2,4,4,5,2,4,5,8,10,7,1,0,0
20200903-M-US_Open-R64-Felix_Auger_Aliassime-Andy_Murray,Andy Murray,Total,12,7,29,20,7,20,15,12,16,2,0,0
20200903-M-US_Open-R64-Felix_Auger_Aliassime-Andy_Murray,Andy Murray,1,10,0,15,10,0,17,0,0,0,0,0,0
20200903-M-US_Open-R64-Felix_Auger_Aliassime-Andy_Murray,Andy Murray,2,2,7,14,10,7,3,15,12,16,2,0,0
20200902-M-US_Open-R128-John_Millman-Nikoloz_Basilashvili,John Millman,Total,14,19,15,15,18,12,18,4,15,1,0,0
20200902-M-US_Open-R128-John_Millman-Nikoloz_Basilashvili,John Millman,1,13,6,13,9,3,11,0,0,0,0,0,0
20200902-M-US_Open-R128-John_Millman-Nikoloz_Basilashvili,John Millman,2,1,13,2,6,15,1,18,4,15,1,0,0
20200902-M-US_Open-R128-John_Millman-Nikoloz_Basilashvili,Nikoloz Basilashvili,Total,18,16,8,23,15,2,16,2,16,2,0,0
20200902-M-US_Open-R128-John_Millman-Nikoloz_Basilashvili,Nikoloz Basilashvili,1,17,4,5,13,7,2,0,0,0,0,0,0
20200902-M-US_Open-R128-John_Millman-Nikoloz_Basilashvili,Nikoloz Basilashvili,2,1,12,3,10,8,0,16,2,16,2,0,0
20200901-M-US_Open-R128-Jeremy_Chardy-Andrey_Rublev,Jeremy Chardy,Total,20,21,24,24,18,19,32,6,15,2,0,0
20200901-M-US_Open-R128-Jeremy_Chardy-Andrey_Rublev,Jeremy Chardy,1,19,10,17,13,9,14,0,0,0,0,0,0
20200901-M-US_Open-R128-Jeremy_Chardy-Andrey_Rublev,Jeremy Chardy,2,1,11,7,11,9,5,32,6,15,2,0,0
20200901-M-US_Open-R128-Jeremy_Chardy-Andrey_Rublev,Andrey Rublev,Total,16,12,19,17,17,9,23,7,14,0,0,1
20200901-M-US_Open-R128-Jeremy_Chardy-Andrey_Rublev,Andrey Rublev,1,10,9,10,9,2,8,0,0,0,0,0,0
20200901-M-US_Open-R128-Jeremy_Chardy-Andrey_Rublev,Andrey Rublev,2,6,3,9,8,15,1,23,7,14,0,0,1
20200901-M-US_Open-R128-Andy_Murray-Yoshihito_Nishioka,Andy Murray,Total,38,32,29,25,30,39,50,13,33,2,0,0
20200901-M-US_Open-R128-Andy_Murray-Yoshihito_Nishioka,Andy Murray,1,38,4,14,18,3,31,0,0,0,0,0,0
20200901-M-US_Open-R128-Andy_Murray-Yoshihito_Nishioka,Andy Murray,2,0,28,15,7,27,8,50,13,33,2,0,0
20200901-M-US_Open-R128-Andy_Murray-Yoshihito_Nishioka,Yoshihito Nishioka,Total,17,25,43,43,11,23,32,4,21,1,0,0
20200901-M-US_Open-R128-Andy_Murray-Yoshihito_Nishioka,Yoshihito Nishioka,1,14,7,31,32,5,20,0,0,0,0,0,0
20200901-M-US_Open-R128-Andy_Murray-Yoshihito_Nishioka,Yoshihito Nishioka,2,3,18,12,11,6,3,32,4,21,1,0,0
20200202-M-Australian_Open-F-Novak_Djokovic-Dominic_Thiem,Novak Djokovic,Total,38,1,34,31,4,26,20,10,16,5,0,0
20200202-M-Australian_Open-F-Novak_Djokovic-Dominic_Thiem,Novak Djokovic,1,22,0,27,19,1,18,0,0,0,0,0,0
20200202-M-Australian_Open-F-Novak_Djokovic-Dominic_Thiem,Novak Djokovic,2,16,1,7,12,3,8,20,10,16,5,0,0
20200202-M-Australian_Open-F-Novak_Djokovic-Dominic_Thiem,Dominic Thiem,Total,35,9,44,43,9,30,16,19,23,7,0,0
20200202-M-Australian_Open-F-Novak_Djokovic-Dominic_Thiem,Dominic Thiem,1,27,1,31,27,1,23,0,0,0,0,0,0
20200202-M-Australian_Open-F-Novak_Djokovic-Dominic_Thiem,Dominic Thiem,2,8,8,13,16,8,7,16,19,23,7,0,0
20200131-M-Australian_Open-SF-Dominic_Thiem-Alexander_Zverev,Dominic Thiem,Total,41,11,24,20,20,28,7,17,17,8,0,0
20200131-M-Australian_Open-SF-Dominic_Thiem-Alexander_Zverev,Dominic Thiem,1,28,2,23,16,12,18,0,0,0,0,0,0
20200131-M-Australian_Open-SF-Dominic_Thiem-Alexander_Zverev,Dominic Thiem,2,13,9,1,4,8,10,7,17,17,8,0,0
20200131-M-Australian_Open-SF-Dominic_Thiem-Alexander_Zverev,Alexander Zverev,Total,25,10,31,28,11,21,3,7,13,4,0,0
20200131-M-Australian_Open-SF-Dominic_Thiem-Alexander_Zverev,Alexander Zverev,1,23,5,25,20,9,20,0,0,0,0,0,0
20200131-M-Australian_Open-SF-Dominic_Thiem-Alexander_Zverev,Alexander Zverev,2,2,5,6,8,2,1,3,7,13,4,0,0
20200130-M-Australian_Open-SF-Roger_Federer-Novak_Djokovic,Roger Federer,Total,30,4,18,22,8,22,10,13,14,2,0,0
20200130-M-Australian_Open-SF-Roger_Federer-Novak_Djokovic,Roger Federer,1,24,0,13,15,0,16,0,0,0,0,0,0
20200130-M-Australian_Open-SF-Roger_Federer-Novak_Djokovic,Roger Federer,2,6,4,5,7,8,6,10,13,14,2,0,0
20200130-M-Australian_Open-SF-Roger_Federer-Novak_Djokovic,Novak Djokovic,Total,22,10,23,20,7,20,10,4,14,2,0,0
20200130-M-Australian_Open-SF-Roger_Federer-Novak_Djokovic,Novak Djokovic,1,17,5,19,19,0,13,0,0,0,0,0,0
20200130-M-Australian_Open-SF-Roger_Federer-Novak_Djokovic,Novak Djokovic,2,5,5,4,1,7,7,10,4,14,2,0,0
20200129-M-Australian_Open-QF-Stan_Wawrinka-Alexander_Zverev,Stan Wawrinka,Total,27,16,12,19,9,22,11,14,18,7,0,0
20200129-M-Australian_Open-QF-Stan_Wawrinka-Alexander_Zverev,Stan Wawrinka,1,15,8,6,10,4,17,0,0,0,0,0,0
20200129-M-Australian_Open-QF-Stan_Wawrinka-Alexander_Zverev,Stan Wawrinka,2,12,8,6,9,5,5,11,14,18,7,0,0
20200129-M-Australian_Open-QF-Stan_Wawrinka-Alexander_Zverev,Alexander Zverev,Total,14,12,21,15,10,20,9,4,6,1,0,0
20200129-M-Australian_Open-QF-Stan_Wawrinka-Alexander_Zverev,Alexander Zverev,1,14,6,18,13,2,20,0,0,0,0,0,0
20200129-M-Australian_Open-QF-Stan_Wawrinka-Alexander_Zverev,Alexander Zverev,2,0,6,3,2,8,0,9,4,6,1,0,0
20200129-M-Australian_Open-QF-Rafael_Nadal-Dominic_Thiem,Rafael Nadal,Total,20,13,47,41,13,17,20,13,15,1,0,0
20200129-M-Australian_Open-QF-Rafael_Nadal-Dominic_Thiem,Rafael Nadal,1,15,6,31,33,6,14,0,0,0,0,0,0
20200129-M-Australian_Open-QF-Rafael_Nadal-Dominic_Thiem,Rafael Nadal,2,5,7,16,8,7,3,20,13,15,1,0,0
20200129-M-Australian_Open-QF-Rafael_Nadal-Dominic_Thiem,Dominic Thiem,Total,43,5,25,21,5,41,21,20,20,0,0,0
20200129-M-Australian_Open-QF-Rafael_Nadal-Dominic_Thiem,Dominic Thiem,1,21,0,22,19,1,20,0,0,0,0,0,0
20200129-M-Australian_Open-QF-Rafael_Nadal-Dominic_Thiem,Dominic Thiem,2,22,5,3,2,4,21,21,20,20,0,0,0
20200128-M-Australian_Open-QF-Roger_Federer-Tennys_Sandgren,Roger Federer,Total,39,4,47,46,6,29,17,19,18,8,0,0
20200128-M-Australian_Open-QF-Roger_Federer-Tennys_Sandgren,Roger Federer,1,29,1,31,30,0,21,0,0,0,0,0,0
20200128-M-Australian_Open-QF-Roger_Federer-Tennys_Sandgren,Roger Federer,2,10,3,16,16,6,8,17,19,18,8,0,0
20200128-M-Australian_Open-QF-Roger_Federer-Tennys_Sandgren,Tennys Sandgren,Total,33,9,36,37,6,29,36,7,13,2,0,0
20200128-M-Australian_Open-QF-Roger_Federer-Tennys_Sandgren,Tennys Sandgren,1,27,1,27,25,0,17,0,0,0,0,0,0
20200128-M-Australian_Open-QF-Roger_Federer-Tennys_Sandgren,Tennys Sandgren,2,6,8,9,12,6,12,36,7,13,2,0,0
20200128-M-Australian_Open-QF-Novak_Djokovic-Milos_Raonic,Novak Djokovic,Total,18,16,14,19,8,19,7,6,14,2,0,0
20200128-M-Australian_Open-QF-Novak_Djokovic-Milos_Raonic,Novak Djokovic,1,15,9,12,16,1,13,0,0,0,0,0,0
20200128-M-Australian_Open-QF-Novak_Djokovic-Milos_Raonic,Novak Djokovic,2,3,7,2,3,7,6,7,6,14,2,0,0
20200128-M-Australian_Open-QF-Novak_Djokovic-Milos_Raonic,Milos Raonic,Total,29,21,12,31,13,15,21,12,11,6,0,0
20200128-M-Australian_Open-QF-Novak_Djokovic-Milos_Raonic,Milos Raonic,1,24,6,10,21,2,13,0,0,0,0,0,0
20200128-M-Australian_Open-QF-Novak_Djokovic-Milos_Raonic,Milos Raonic,2,5,15,2,10,11,2,21,12,11,6,0,0
20200127-M-Australian_Open-R16-Stan_Wawrinka-Daniil_Medvedev,Stan Wawrinka,Total,26,9,37,29,3,34,18,13,11,3,0,0
20200127-M-Australian_Open-R16-Stan_Wawrinka-Daniil_Medvedev,Stan Wawrinka,1,14,5,30,14,1,30,0,0,0,0,0,0
20200127-M-Australian_Open-R16-Stan_Wawrinka-Daniil_Medvedev,Stan Wawrinka,2,12,4,7,15,2,4,18,13,11,3,0,0
20200127-M-Australian_Open-R16-Stan_Wawrinka-Daniil_Medvedev,Daniil Medvedev,Total,48,6,21,29,13,26,18,12,13,2,0,1
20200127-M-Australian_Open-R16-Stan_Wawrinka-Daniil_Medvedev,Daniil Medvedev,1,34,2,19,15,3,26,0,0,0,0,0,0
20200127-M-Australian_Open-R16-Stan_Wawrinka-Daniil_Medvedev,Daniil Medvedev,2,14,4,2,14,10,0,18,12,13,2,0,1
20200127-M-Australian_Open-R16-Rafael_Nadal-Nick_Kyrgios,Rafael Nadal,Total,28,18,19,13,37,6,16,10,15,4,0,0
20200127-M-Australian_Open-R16-Rafael_Nadal-Nick_Kyrgios,Rafael Nadal,1,22,8,10,11,24,5,0,0,0,0,0,0
20200127-M-Australian_Open-R16-Rafael_Nadal-Nick_Kyrgios,Rafael Nadal,2,6,10,9,2,13,1,16,10,15,4,0,0
20200127-M-Australian_Open-R16-Rafael_Nadal-Nick_Kyrgios,Nick Kyrgios,Total,36,14,28,27,12,32,8,11,20,4,0,0
20200127-M-Australian_Open-R16-Rafael_Nadal-Nick_Kyrgios,Nick Kyrgios,1,25,6,25,18,8,29,0,0,0,0,0,0
20200127-M-Australian_Open-R16-Rafael_Nadal-Nick_Kyrgios,Nick Kyrgios,2,11,8,3,9,4,3,8,11,20,4,0,0
20200127-M-Australian_Open-R16-Gael_Monfils-Dominic_Thiem,Gael Monfils,Total,31,11,13,25,7,17,10,3,7,5,0,0
20200127-M-Australian_Open-R16-Gael_Monfils-Dominic_Thiem,Gael Monfils,1,22,6,11,22,2,16,0,0,0,0,0,0
20200127-M-Australian_Open-R16-Gael_Monfils-Dominic_Thiem,Gael Monfils,2,9,5,2,3,5,1,10,3,7,5,0,0
20200127-M-Australian_Open-R16-Gael_Monfils-Dominic_Thiem,Dominic Thiem,Total,16,8,13,11,13,9,5,5,7,8,0,0
20200127-M-Australian_Open-R16-Gael_Monfils-Dominic_Thiem,Dominic Thiem,1,16,3,11,5,2,9,0,0,0,0,0,0
20200127-M-Australian_Open-R16-Gael_Monfils-Dominic_Thiem,Dominic Thiem,2,0,5,2,6,11,0,5,5,7,8,0,0
20200127-M-Australian_Open-R16-Andrey_Rublev-Alexander_Zverev,Andrey Rublev,Total,12,8,23,18,9,11,14,6,13,0,0,0
20200127-M-Australian_Open-R16-Andrey_Rublev-Alexander_Zverev,Andrey Rublev,1,12,3,14,13,1,10,0,0,0,0,0,0
20200127-M-Australian_Open-R16-Andrey_Rublev-Alexander_Zverev,Andrey Rublev,2,0,5,9,5,8,1,14,6,13,0,0,0
20200127-M-Australian_Open-R16-Andrey_Rublev-Alexander_Zverev,Alexander Zverev,Total,17,2,19,12,8,14,8,6,5,2,0,0
20200127-M-Australian_Open-R16-Andrey_Rublev-Alexander_Zverev,Alexander Zverev,1,16,0,12,10,2,14,0,0,0,0,0,0
20200127-M-Australian_Open-R16-Andrey_Rublev-Alexander_Zverev,Alexander Zverev,2,1,2,7,2,6,0,8,6,5,2,0,0
20200126-M-Australian_Open-R16-Tennys_Sandgren-Fabio_Fognini,Tennys Sandgren,Total,35,10,27,27,13,26,22,10,9,5,0,0
20200126-M-Australian_Open-R16-Tennys_Sandgren-Fabio_Fognini,Tennys Sandgren,1,31,1,23,19,3,17,0,0,0,0,0,0
20200126-M-Australian_Open-R16-Tennys_Sandgren-Fabio_Fognini,Tennys Sandgren,2,4,9,4,8,10,9,22,10,9,5,0,0
20200126-M-Australian_Open-R16-Tennys_Sandgren-Fabio_Fognini,Fabio Fognini,Total,29,27,15,18,22,21,33,9,13,7,4,0
20200126-M-Australian_Open-R16-Tennys_Sandgren-Fabio_Fognini,Fabio Fognini,1,25,3,11,12,1,17,0,0,0,0,0,0
20200126-M-Australian_Open-R16-Tennys_Sandgren-Fabio_Fognini,Fabio Fognini,2,4,24,4,6,21,4,33,9,13,7,4,0
20200126-M-Australian_Open-R16-Roger_Federer-Marton_Fucsovics,Roger Federer,Total,34,6,15,21,8,19,12,11,11,6,0,0
20200126-M-Australian_Open-R16-Roger_Federer-Marton_Fucsovics,Roger Federer,1,28,0,10,12,0,13,0,0,0,0,0,0
20200126-M-Australian_Open-R16-Roger_Federer-Marton_Fucsovics,Roger Federer,2,6,6,5,9,8,6,12,11,11,6,0,0
20200126-M-Australian_Open-R16-Roger_Federer-Marton_Fucsovics,Marton Fucsovics,Total,11,22,14,20,12,10,17,5,18,6,0,0
20200126-M-Australian_Open-R16-Roger_Federer-Marton_Fucsovics,Marton Fucsovics,1,10,8,9,6,4,7,0,0,0,0,0,0
20200126-M-Australian_Open-R16-Roger_Federer-Marton_Fucsovics,Marton Fucsovics,2,1,14,5,14,8,3,17,5,18,6,0,0
20200126-M-Australian_Open-R16-Novak_Djokovic-Diego_Schwartzman,Novak Djokovic,Total,20,11,12,14,7,21,10,7,13,2,0,0
20200126-M-Australian_Open-R16-Novak_Djokovic-Diego_Schwartzman,Novak Djokovic,1,12,4,12,10,3,13,0,0,0,0,0,0
20200126-M-Australian_Open-R16-Novak_Djokovic-Diego_Schwartzman,Novak Djokovic,2,8,7,0,4,4,8,10,7,13,2,0,0
20200126-M-Australian_Open-R16-Novak_Djokovic-Diego_Schwartzman,Diego Schwartzman,Total,21,16,7,5,13,23,11,7,22,1,0,0
20200126-M-Australian_Open-R16-Novak_Djokovic-Diego_Schwartzman,Diego Schwartzman,1,16,7,4,3,4,14,0,0,0,0,0,0
20200126-M-Australian_Open-R16-Novak_Djokovic-Diego_Schwartzman,Diego Schwartzman,2,5,9,3,2,9,9,11,7,22,1,0,0
20200125-M-Australian_Open-R32-Taylor_Fritz-Dominic_Thiem,Taylor Fritz,Total,29,13,22,31,12,15,15,10,10,5,0,1
20200125-M-Australian_Open-R32-Taylor_Fritz-Dominic_Thiem,Taylor Fritz,1,25,2,13,25,5,15,0,0,0,0,0,0
20200125-M-Australian_Open-R32-Taylor_Fritz-Dominic_Thiem,Taylor Fritz,2,4,11,9,6,7,0,15,10,10,5,0,1
20200125-M-Australian_Open-R32-Taylor_Fritz-Dominic_Thiem,Dominic Thiem,Total,25,19,26,28,17,19,8,14,17,10,0,0
20200125-M-Australian_Open-R32-Taylor_Fritz-Dominic_Thiem,Dominic Thiem,1,17,2,24,22,7,18,0,0,0,0,0,0
20200125-M-Australian_Open-R32-Taylor_Fritz-Dominic_Thiem,Dominic Thiem,2,8,17,2,6,10,1,8,14,17,10,0,0
20200125-M-Australian_Open-R32-Rafael_Nadal-Pablo_Carreno_Busta,Rafael Nadal,Total,16,4,13,15,7,7,4,8,8,3,0,0
20200125-M-Australian_Open-R32-Rafael_Nadal-Pablo_Carreno_Busta,Rafael Nadal,1,13,0,9,10,4,3,0,0,0,0,0,0
20200125-M-Australian_Open-R32-Rafael_Nadal-Pablo_Carreno_Busta,Rafael Nadal,2,3,4,4,5,3,4,4,8,8,3,0,0
20200125-M-Australian_Open-R32-Rafael_Nadal-Pablo_Carreno_Busta,Pablo Carreno Busta,Total,14,13,7,9,7,13,6,5,9,3,0,0
20200125-M-Australian_Open-R32-Rafael_Nadal-Pablo_Carreno_Busta,Pablo Carreno Busta,1,9,6,6,8,5,7,0,0,0,0,0,0
20200125-M-Australian_Open-R32-Rafael_Nadal-Pablo_Carreno_Busta,Pablo Carreno Busta,2,5,7,1,1,2,6,6,5,9,3,0,0
20200125-M-Australian_Open-R32-Fernando_Verdasco-Alexander_Zverev,Fernando Verdasco,Total,18,11,14,24,11,6,16,6,12,3,0,0
20200125-M-Australian_Open-R32-Fernando_Verdasco-Alexander_Zverev,Fernando Verdasco,1,11,3,10,14,6,5,0,0,0,0,0,0
20200125-M-Australian_Open-R32-Fernando_Verdasco-Alexander_Zverev,Fernando Verdasco,2,7,8,4,10,5,1,16,6,12,3,0,0
20200125-M-Australian_Open-R32-Fernando_Verdasco-Alexander_Zverev,Alexander Zverev,Total,14,11,18,15,8,16,8,2,11,3,0,0
20200125-M-Australian_Open-R32-Fernando_Verdasco-Alexander_Zverev,Alexander Zverev,1,12,2,16,14,3,14,0,0,0,0,0,0
20200125-M-Australian_Open-R32-Fernando_Verdasco-Alexander_Zverev,Alexander Zverev,2,2,9,2,1,5,2,8,2,11,3,0,0
20200125-M-Australian_Open-R32-Alexei_Popyrin-Daniil_Medvedev,Alexei Popyrin,Total,25,9,8,15,14,9,20,3,12,2,0,0
20200125-M-Australian_Open-R32-Alexei_Popyrin-Daniil_Medvedev,Alexei Popyrin,1,15,4,8,12,5,6,0,0,0,0,0,0
20200125-M-Australian_Open-R32-Alexei_Popyrin-Daniil_Medvedev,Alexei Popyrin,2,10,5,0,3,9,3,20,3,12,2,0,0
20200125-M-Australian_Open-R32-Alexei_Popyrin-Daniil_Medvedev,Daniil Medvedev,Total,12,18,9,13,12,12,6,7,20,2,1,0
20200125-M-Australian_Open-R32-Alexei_Popyrin-Daniil_Medvedev,Daniil Medvedev,1,9,5,8,10,3,8,0,0,0,0,0,0
20200125-M-Australian_Open-R32-Alexei_Popyrin-Daniil_Medvedev,Daniil Medvedev,2,3,13,1,3,9,4,6,7,20,2,1,0
20200124-M-Australian_Open-R32-John_Millman-Roger_Federer,John Millman,Total,43,28,26,45,14,33,22,16,33,4,0,0
20200124-M-Australian_Open-R32-John_Millman-Roger_Federer,John Millman,1,30,6,23,27,4,28,0,0,0,0,0,0
20200124-M-Australian_Open-R32-John_Millman-Roger_Federer,John Millman,2,13,22,3,18,10,5,22,16,33,4,0,0
20200124-M-Australian_Open-R32-John_Millman-Roger_Federer,Roger Federer,Total,42,12,36,42,13,25,17,23,20,4,0,0
20200124-M-Australian_Open-R32-John_Millman-Roger_Federer,Roger Federer,1,30,2,30,30,2,18,0,0,0,0,0,0
20200124-M-Australian_Open-R32-John_Millman-Roger_Federer,Roger Federer,2,12,10,6,12,11,7,17,23,20,4,0,0
20200124-M-Australian_Open-R32-Guido_Pella-Fabio_Fognini,Guido Pella,Total,13,15,18,21,11,9,9,3,10,5,0,0
20200124-M-Australian_Open-R32-Guido_Pella-Fabio_Fognini,Guido Pella,1,10,6,17,16,5,7,0,0,0,0,0,0
20200124-M-Australian_Open-R32-Guido_Pella-Fabio_Fognini,Guido Pella,2,3,9,1,5,6,2,9,3,10,5,0,0
20200124-M-Australian_Open-R32-Guido_Pella-Fabio_Fognini,Fabio Fognini,Total,19,20,12,9,18,17,13,6,18,2,0,0
20200124-M-Australian_Open-R32-Guido_Pella-Fabio_Fognini,Fabio Fognini,1,16,7,11,7,6,14,0,0,0,0,0,0
20200124-M-Australian_Open-R32-Guido_Pella-Fabio_Fognini,Fabio Fognini,2,3,13,1,2,12,3,13,6,18,2,0,0
20200123-M-Australian_Open-R64-Gael_Monfils-Ivo_Karlovic,Gael Monfils,Total,28,19,22,26,13,18,19,8,13,2,0,0
20200123-M-Australian_Open-R64-Gael_Monfils-Ivo_Karlovic,Gael Monfils,1,14,15,20,23,6,13,0,0,0,0,0,0
20200123-M-Australian_Open-R64-Gael_Monfils-Ivo_Karlovic,Gael Monfils,2,14,4,2,3,7,5,19,8,13,2,0,0
20200123-M-Australian_Open-R64-Gael_Monfils-Ivo_Karlovic,Ivo Karlovic,Total,27,19,28,32,13,19,25,15,18,2,1,0
20200123-M-Australian_Open-R64-Gael_Monfils-Ivo_Karlovic,Ivo Karlovic,1,22,3,18,27,3,12,0,0,0,0,0,0
20200123-M-Australian_Open-R64-Gael_Monfils-Ivo_Karlovic,Ivo Karlovic,2,5,16,10,5,10,7,25,15,18,2,1,0
20200122-M-Australian_Open-R64-Tennys_Sandgren-Matteo_Berrettini,Tennys Sandgren,Total,38,10,30,36,18,14,21,9,13,0,0,0
20200122-M-Australian_Open-R64-Tennys_Sandgren-Matteo_Berrettini,Tennys Sandgren,1,33,2,23,29,9,9,0,0,0,0,0,0
20200122-M-Australian_Open-R64-Tennys_Sandgren-Matteo_Berrettini,Tennys Sandgren,2,5,8,7,7,9,5,21,9,13,0,0,0
20200122-M-Australian_Open-R64-Tennys_Sandgren-Matteo_Berrettini,Matteo Berrettini,Total,32,25,23,38,19,17,32,9,13,3,0,0
20200122-M-Australian_Open-R64-Tennys_Sandgren-Matteo_Berrettini,Matteo Berrettini,1,25,8,14,27,10,16,0,0,0,0,0,0
20200122-M-Australian_Open-R64-Tennys_Sandgren-Matteo_Berrettini,Matteo Berrettini,2,7,17,9,11,9,1,32,9,13,3,0,0
20200122-M-Australian_Open-R64-Jannik_Sinner-Marton_Fucsovics,Jannik Sinner,Total,16,25,11,29,11,9,11,7,25,6,1,0
20200122-M-Australian_Open-R64-Jannik_Sinner-Marton_Fucsovics,Jannik Sinner,1,14,6,8,18,1,8,0,0,0,0,0,0
20200122-M-Australian_Open-R64-Jannik_Sinner-Marton_Fucsovics,Jannik Sinner,2,2,19,3,11,10,1,11,7,25,6,1,0
20200122-M-Australian_Open-R64-Jannik_Sinner-Marton_Fucsovics,Marton Fucsovics,Total,14,20,11,20,13,10,13,3,15,5,0,0
20200122-M-Australian_Open-R64-Jannik_Sinner-Marton_Fucsovics,Marton Fucsovics,1,9,3,11,19,4,9,0,0,0,0,0,0
20200122-M-Australian_Open-R64-Jannik_Sinner-Marton_Fucsovics,Marton Fucsovics,2,5,17,0,1,9,1,13,3,15,5,0,0
20200122-M-Australian_Open-R64-Diego_Schwartzman-Alejandro_Davidovich_Fokina,Diego Schwartzman,Total,17,20,9,8,11,22,25,4,12,2,0,0
20200122-M-Australian_Open-R64-Diego_Schwartzman-Alejandro_Davidovich_Fokina,Diego Schwartzman,1,14,5,6,6,3,15,0,0,0,0,0,0
20200122-M-Australian_Open-R64-Diego_Schwartzman-Alejandro_Davidovich_Fokina,Diego Schwartzman,2,3,15,3,2,8,7,25,4,12,2,0,0
20200122-M-Australian_Open-R64-Diego_Schwartzman-Alejandro_Davidovich_Fokina,Alejandro Davidovich Fokina,Total,25,16,3,8,15,17,16,5,7,2,0,0
20200122-M-Australian_Open-R64-Diego_Schwartzman-Alejandro_Davidovich_Fokina,Alejandro Davidovich Fokina,1,21,9,2,6,6,13,0,0,0,0,0,0
20200122-M-Australian_Open-R64-Diego_Schwartzman-Alejandro_Davidovich_Fokina,Alejandro Davidovich Fokina,2,4,7,1,2,9,4,16,5,7,2,0,0
20200121-M-Australian_Open-R128-Vasek_Pospisil-Ivo_Karlovic,Vasek Pospisil,Total,12,5,31,31,5,9,20,10,14,0,0,1
20200121-M-Australian_Open-R128-Vasek_Pospisil-Ivo_Karlovic,Vasek Pospisil,1,6,2,20,17,2,7,0,0,0,0,0,0
20200121-M-Australian_Open-R128-Vasek_Pospisil-Ivo_Karlovic,Vasek Pospisil,2,6,3,11,14,3,2,20,10,14,0,0,1
20200121-M-Australian_Open-R128-Vasek_Pospisil-Ivo_Karlovic,Ivo Karlovic,Total,14,11,23,21,11,14,16,11,5,1,0,0
20200121-M-Australian_Open-R128-Vasek_Pospisil-Ivo_Karlovic,Ivo Karlovic,1,11,4,16,15,7,11,0,0,0,0,0,0
20200121-M-Australian_Open-R128-Vasek_Pospisil-Ivo_Karlovic,Ivo Karlovic,2,3,7,7,6,4,3,16,11,5,1,0,0
20200121-M-Australian_Open-R128-Taylor_Fritz-Tallon_Griekspoor,Taylor Fritz,Total,15,10,12,12,5,15,14,4,5,0,0,0
20200121-M-Australian_Open-R128-Taylor_Fritz-Tallon_Griekspoor,Taylor Fritz,1,14,1,11,5,2,13,0,0,0,0,0,0
20200121-M-Australian_Open-R128-Taylor_Fritz-Tallon_Griekspoor,Taylor Fritz,2,1,9,1,7,3,2,14,4,5,0,0,0
20200121-M-Australian_Open-R128-Taylor_Fritz-Tallon_Griekspoor,Tallon Griekspoor,Total,20,12,14,25,8,10,20,4,10,0,0,0
20200121-M-Australian_Open-R128-Taylor_Fritz-Tallon_Griekspoor,Tallon Griekspoor,1,11,7,11,19,4,6,0,0,0,0,0,0
20200121-M-Australian_Open-R128-Taylor_Fritz-Tallon_Griekspoor,Tallon Griekspoor,2,9,5,3,6,4,4,20,4,10,0,0,0
20200121-M-Australian_Open-R128-Pedro_Martinez-Dominik_Koepfer,Pedro Martinez,Total,23,5,21,15,14,15,11,10,10,5,0,0
20200121-M-Australian_Open-R128-Pedro_Martinez-Dominik_Koepfer,Pedro Martinez,1,16,3,16,9,5,11,0,0,0,0,0,0
20200121-M-Australian_Open-R128-Pedro_Martinez-Dominik_Koepfer,Pedro Martinez,2,7,2,5,6,9,4,11,10,10,5,0,0
20200121-M-Australian_Open-R128-Pedro_Martinez-Dominik_Koepfer,Dominik Koepfer,Total,12,13,24,28,11,10,16,7,3,1,0,0
20200121-M-Australian_Open-R128-Pedro_Martinez-Dominik_Koepfer,Dominik Koepfer,1,8,6,22,25,2,9,0,0,0,0,0,0
20200121-M-Australian_Open-R128-Pedro_Martinez-Dominik_Koepfer,Dominik Koepfer,2,4,7,2,3,9,1,16,7,3,1,0,0
20200121-M-Australian_Open-R128-Marc_Polmans-Mikhail_Kukushkin,Marc Polmans,Total,32,22,36,31,27,23,14,14,19,5,0,0
20200121-M-Australian_Open-R128-Marc_Polmans-Mikhail_Kukushkin,Marc Polmans,1,31,12,24,23,10,21,0,0,0,0,0,0
20200121-M-Australian_Open-R128-Marc_Polmans-Mikhail_Kukushkin,Marc Polmans,2,1,10,12,8,17,2,14,14,19,5,0,0
20200121-M-Australian_Open-R128-Marc_Polmans-Mikhail_Kukushkin,Mikhail Kukushkin,Total,24,24,43,42,28,14,16,11,33,6,1,0
20200121-M-Australian_Open-R128-Marc_Polmans-Mikhail_Kukushkin,Mikhail Kukushkin,1,23,11,27,28,11,12,0,0,0,0,0,0
20200121-M-Australian_Open-R128-Marc_Polmans-Mikhail_Kukushkin,Mikhail Kukushkin,2,1,13,16,14,17,2,16,11,33,6,1,0
20200121-M-Australian_Open-R128-Ernests_Gulbis-Felix_Auger_Aliassime,Ernests Gulbis,Total,28,17,25,29,9,25,28,10,19,4,0,0
20200121-M-Australian_Open-R128-Ernests_Gulbis-Felix_Auger_Aliassime,Ernests Gulbis,1,21,3,16,22,2,11,0,0,0,0,0,0
20200121-M-Australian_Open-R128-Ernests_Gulbis-Felix_Auger_Aliassime,Ernests Gulbis,2,7,14,9,7,7,14,28,10,19,4,0,0
20200121-M-Australian_Open-R128-Ernests_Gulbis-Felix_Auger_Aliassime,Felix Auger Aliassime,Total,25,22,26,16,19,32,32,12,16,1,0,0
20200121-M-Australian_Open-R128-Ernests_Gulbis-Felix_Auger_Aliassime,Felix Auger Aliassime,1,19,8,23,10,3,23,0,0,0,0,0,0
20200121-M-Australian_Open-R128-Ernests_Gulbis-Felix_Auger_Aliassime,Felix Auger Aliassime,2,6,14,3,6,16,9,32,12,16,1,0,0
20200121-M-Australian_Open-R128-Casper_Ruud-Egor_Gerasimov,Casper Ruud,Total,34,19,32,38,13,32,21,8,21,2,0,0
20200121-M-Australian_Open-R128-Casper_Ruud-Egor_Gerasimov,Casper Ruud,1,28,7,22,30,4,30,0,0,0,0,0,0
20200121-M-Australian_Open-R128-Casper_Ruud-Egor_Gerasimov,Casper Ruud,2,6,12,10,8,9,2,21,8,21,2,0,0
20200121-M-Australian_Open-R128-Casper_Ruud-Egor_Gerasimov,Egor Gerasimov,Total,34,11,37,41,14,22,26,14,9,0,0,0
20200121-M-Australian_Open-R128-Casper_Ruud-Egor_Gerasimov,Egor Gerasimov,1,22,6,33,34,3,15,0,0,0,0,0,0
20200121-M-Australian_Open-R128-Casper_Ruud-Egor_Gerasimov,Egor Gerasimov,2,12,5,4,7,11,7,26,14,9,0,0,0
20200120-M-Australian_Open-R128-Roger_Federer-Steve_Johnson,Roger Federer,Total,15,3,18,14,2,14,7,5,3,3,0,0
20200120-M-Australian_Open-R128-Roger_Federer-Steve_Johnson,Roger Federer,1,13,3,12,10,0,11,0,0,0,0,0,0
20200120-M-Australian_Open-R128-Roger_Federer-Steve_Johnson,Roger Federer,2,2,0,6,4,2,3,7,5,3,3,0,0
20200120-M-Australian_Open-R128-Roger_Federer-Steve_Johnson,Steve Johnson,Total,12,14,12,18,4,13,6,6,12,5,0,0
20200120-M-Australian_Open-R128-Roger_Federer-Steve_Johnson,Steve Johnson,1,11,3,10,10,3,9,0,0,0,0,0,0
20200120-M-Australian_Open-R128-Roger_Federer-Steve_Johnson,Steve Johnson,2,1,11,2,8,1,4,6,6,12,5,0,0
20200120-M-Australian_Open-R128-Denis_Shapovalov-Marton_Fucsovics,Denis Shapovalov,Total,19,6,47,44,7,19,23,14,21,6,0,0
20200120-M-Australian_Open-R128-Denis_Shapovalov-Marton_Fucsovics,Denis Shapovalov,1,12,1,28,28,2,15,0,0,0,0,0,0
20200120-M-Australian_Open-R128-Denis_Shapovalov-Marton_Fucsovics,Denis Shapovalov,2,7,5,19,16,5,4,23,14,21,6,0,0
20200120-M-Australian_Open-R128-Denis_Shapovalov-Marton_Fucsovics,Marton Fucsovics,Total,39,8,18,23,8,30,12,12,21,6,0,0
20200120-M-Australian_Open-R128-Denis_Shapovalov-Marton_Fucsovics,Marton Fucsovics,1,19,2,16,19,4,20,0,0,0,0,0,0
20200120-M-Australian_Open-R128-Denis_Shapovalov-Marton_Fucsovics,Marton Fucsovics,2,20,6,2,4,4,10,12,12,21,6,0,0
20200118-M-Australian_Open-Q3-Lorenzo_Musetti-Tallon_Griekspoor,Lorenzo Musetti,Total,19,4,15,16,9,10,9,4,13,7,0,0
20200118-M-Australian_Open-Q3-Lorenzo_Musetti-Tallon_Griekspoor,Lorenzo Musetti,1,12,0,8,10,6,6,0,0,0,0,0,0
20200118-M-Australian_Open-Q3-Lorenzo_Musetti-Tallon_Griekspoor,Lorenzo Musetti,2,7,4,7,6,3,4,9,4,13,7,0,0
20200118-M-Australian_Open-Q3-Lorenzo_Musetti-Tallon_Griekspoor,Tallon Griekspoor,Total,12,8,21,22,7,11,11,6,7,2,0,0
20200118-M-Australian_Open-Q3-Lorenzo_Musetti-Tallon_Griekspoor,Tallon Griekspoor,1,9,2,14,15,5,11,0,0,0,0,0,0
20200118-M-Australian_Open-Q3-Lorenzo_Musetti-Tallon_Griekspoor,Tallon Griekspoor,2,3,6,7,7,2,0,11,6,7,2,0,0
20200115-M-Australian_Open-Q1-Elliot_Benchetrit-Steve_Darcis,Elliot Benchetrit,Total,12,13,7,16,10,5,13,7,4,0,0,0
20200115-M-Australian_Open-Q1-Elliot_Benchetrit-Steve_Darcis,Elliot Benchetrit,1,11,2,6,11,4,5,0,0,0,0,0,0
20200115-M-Australian_Open-Q1-Elliot_Benchetrit-Steve_Darcis,Elliot Benchetrit,2,1,11,1,5,6,0,13,7,4,0,0,0
20200115-M-Australian_Open-Q1-Elliot_Benchetrit-Steve_Darcis,Steve Darcis,Total,20,10,9,18,5,11,9,5,13,1,1,1
20200115-M-Australian_Open-Q1-Elliot_Benchetrit-Steve_Darcis,Steve Darcis,1,13,4,6,8,3,10,0,0,0,0,0,0
20200115-M-Australian_Open-Q1-Elliot_Benchetrit-Steve_Darcis,Steve Darcis,2,7,6,3,10,2,1,9,5,13,1,1,1
20190906-M-US_Open-SF-Grigor_Dimitrov-Daniil_Medvedev,Grigor Dimitrov,Total,18,6,27,33,0,13,20,4,15,1,0,0
20190906-M-US_Open-SF-Grigor_Dimitrov-Daniil_Medvedev,Grigor Dimitrov,1,18,3,15,11,0,12,0,0,0,0,0,0
20190906-M-US_Open-SF-Grigor_Dimitrov-Daniil_Medvedev,Grigor Dimitrov,2,0,3,12,22,0,1,20,4,15,1,0,0
20190906-M-US_Open-SF-Grigor_Dimitrov-Daniil_Medvedev,Daniil Medvedev,Total,20,10,31,42,4,10,34,9,19,6,2,0
20190906-M-US_Open-SF-Grigor_Dimitrov-Daniil_Medvedev,Daniil Medvedev,1,10,2,19,16,1,7,0,0,0,0,0,0
20190906-M-US_Open-SF-Grigor_Dimitrov-Daniil_Medvedev,Daniil Medvedev,2,10,8,12,26,3,3,34,9,19,6,2,0
20190904-M-US_Open-QF-Rafael_Nadal-Diego_Schwartzman,Rafael Nadal,Total,8,7,33,14,16,13,14,9,12,0,0,0
20190904-M-US_Open-QF-Rafael_Nadal-Diego_Schwartzman,Rafael Nadal,1,6,3,19,11,5,13,0,0,0,0,0,0
20190904-M-US_Open-QF-Rafael_Nadal-Diego_Schwartzman,Rafael Nadal,2,2,4,14,3,11,0,14,9,12,0,0,0
20190904-M-US_Open-QF-Rafael_Nadal-Diego_Schwartzman,Diego Schwartzman,Total,27,14,8,10,6,28,13,4,19,3,0,0
20190904-M-US_Open-QF-Rafael_Nadal-Diego_Schwartzman,Diego Schwartzman,1,20,6,4,8,3,16,0,0,0,0,0,0
20190904-M-US_Open-QF-Rafael_Nadal-Diego_Schwartzman,Diego Schwartzman,2,7,8,4,2,3,12,13,4,19,3,0,0
20190903-M-US_Open-QF-Stan_Wawrinka-Daniil_Medvedev,Stan Wawrinka,Total,21,12,27,16,6,29,11,8,19,5,0,0
20190903-M-US_Open-QF-Stan_Wawrinka-Daniil_Medvedev,Stan Wawrinka,1,15,2,20,9,0,26,0,0,0,0,0,0
20190903-M-US_Open-QF-Stan_Wawrinka-Daniil_Medvedev,Stan Wawrinka,2,6,10,7,7,6,3,11,8,19,5,0,0
20190903-M-US_Open-QF-Stan_Wawrinka-Daniil_Medvedev,Daniil Medvedev,Total,39,6,22,24,13,25,27,4,26,5,1,0
20190903-M-US_Open-QF-Stan_Wawrinka-Daniil_Medvedev,Daniil Medvedev,1,23,5,14,9,4,22,0,0,0,0,0,0
20190903-M-US_Open-QF-Stan_Wawrinka-Daniil_Medvedev,Daniil Medvedev,2,16,1,8,15,9,3,27,4,26,5,1,0
20190902-M-US_Open-R16-Novak_Djokovic-Stan_Wawrinka,Novak Djokovic,Total,15,11,10,15,8,10,17,5,11,1,0,0
20190902-M-US_Open-R16-Novak_Djokovic-Stan_Wawrinka,Novak Djokovic,1,12,5,9,6,4,4,0,0,0,0,0,0
20190902-M-US_Open-R16-Novak_Djokovic-Stan_Wawrinka,Novak Djokovic,2,3,6,1,9,4,6,17,5,11,1,0,0
20190902-M-US_Open-R16-Novak_Djokovic-Stan_Wawrinka,Stan Wawrinka,Total,6,14,12,7,7,15,10,6,13,2,0,0
20190902-M-US_Open-R16-Novak_Djokovic-Stan_Wawrinka,Stan Wawrinka,1,6,1,11,4,0,11,0,0,0,0,0,0
20190902-M-US_Open-R16-Novak_Djokovic-Stan_Wawrinka,Stan Wawrinka,2,0,13,1,3,7,4,10,6,13,2,0,0
20190901-M-US_Open-R16-Roger_Federer-David_Goffin,Roger Federer,Total,11,3,18,16,1,13,6,8,7,3,0,0
20190901-M-US_Open-R16-Roger_Federer-David_Goffin,Roger Federer,1,8,1,12,10,0,10,0,0,0,0,0,0
20190901-M-US_Open-R16-Roger_Federer-David_Goffin,Roger Federer,2,3,2,6,6,1,3,6,8,7,3,0,0
20190901-M-US_Open-R16-Roger_Federer-David_Goffin,David Goffin,Total,8,0,24,13,2,13,15,3,14,2,0,0
20190901-M-US_Open-R16-Roger_Federer-David_Goffin,David Goffin,1,6,0,11,5,0,8,0,0,0,0,0,0
20190901-M-US_Open-R16-Roger_Federer-David_Goffin,David Goffin,2,2,0,13,8,2,5,15,3,14,2,0,0
20190901-M-US_Open-R16-Grigor_Dimitrov-Alex_De_Minaur,Grigor Dimitrov,Total,19,7,24,16,15,15,19,4,20,1,0,0
20190901-M-US_Open-R16-Grigor_Dimitrov-Alex_De_Minaur,Grigor Dimitrov,1,18,3,12,6,3,14,0,0,0,0,0,0
20190901-M-US_Open-R16-Grigor_Dimitrov-Alex_De_Minaur,Grigor Dimitrov,2,1,4,12,10,12,1,19,4,20,1,0,0
20190901-M-US_Open-R16-Grigor_Dimitrov-Alex_De_Minaur,Alex De Minaur,Total,12,23,14,21,15,10,15,4,17,2,0,0
20190901-M-US_Open-R16-Grigor_Dimitrov-Alex_De_Minaur,Alex De Minaur,1,12,12,9,12,6,10,0,0,0,0,0,0
20190901-M-US_Open-R16-Grigor_Dimitrov-Alex_De_Minaur,Alex De Minaur,2,0,11,5,9,9,0,15,4,17,2,0,0
20190831-M-US_Open-R32-Denis_Shapovalov-Gael_Monfils,Denis Shapovalov,Total,23,12,59,55,10,21,33,11,30,3,0,0
20190831-M-US_Open-R32-Denis_Shapovalov-Gael_Monfils,Denis Shapovalov,1,14,5,34,37,5,19,0,0,0,0,0,0
20190831-M-US_Open-R32-Denis_Shapovalov-Gael_Monfils,Denis Shapovalov,2,9,7,25,18,5,2,33,11,30,3,0,0
20190831-M-US_Open-R32-Denis_Shapovalov-Gael_Monfils,Gael Monfils,Total,49,13,33,23,7,52,30,11,14,3,0,0
20190831-M-US_Open-R32-Denis_Shapovalov-Gael_Monfils,Gael Monfils,1,34,4,27,19,1,39,0,0,0,0,0,0
20190831-M-US_Open-R32-Denis_Shapovalov-Gael_Monfils,Gael Monfils,2,15,9,6,4,6,13,30,11,14,3,0,0
20190830-M-US_Open-R32-Roger_Federer-Daniel_Evans,Roger Federer,Total,11,6,11,16,3,7,2,7,7,2,0,1
20190830-M-US_Open-R32-Roger_Federer-Daniel_Evans,Roger Federer,1,10,2,8,8,2,6,0,0,0,0,0,0
20190830-M-US_Open-R32-Roger_Federer-Daniel_Evans,Roger Federer,2,1,4,3,8,1,1,2,7,7,2,0,1
20190830-M-US_Open-R32-Roger_Federer-Daniel_Evans,Daniel Evans,Total,7,3,22,22,2,7,9,10,15,1,0,0
20190830-M-US_Open-R32-Roger_Federer-Daniel_Evans,Daniel Evans,1,5,1,9,11,1,5,0,0,0,0,0,0
20190830-M-US_Open-R32-Roger_Federer-Daniel_Evans,Daniel Evans,2,2,2,13,11,1,2,9,10,15,1,0,0
20190830-M-US_Open-R32-Feliciano_Lopez-Daniil_Medvedev,Feliciano Lopez,Total,31,18,35,22,40,19,38,17,25,9,0,0
20190830-M-US_Open-R32-Feliciano_Lopez-Daniil_Medvedev,Feliciano Lopez,1,16,3,24,16,8,16,0,0,0,0,0,0
20190830-M-US_Open-R32-Feliciano_Lopez-Daniil_Medvedev,Feliciano Lopez,2,15,15,11,6,32,3,38,17,25,9,0,0
20190830-M-US_Open-R32-Feliciano_Lopez-Daniil_Medvedev,Daniil Medvedev,Total,39,11,19,29,5,26,22,9,21,3,2,0
20190830-M-US_Open-R32-Feliciano_Lopez-Daniil_Medvedev,Daniil Medvedev,1,24,5,16,18,1,16,0,0,0,0,0,0
20190830-M-US_Open-R32-Feliciano_Lopez-Daniil_Medvedev,Daniil Medvedev,2,15,6,3,11,4,10,22,9,21,3,2,0
20190829-M-US_Open-R64-Thomas_Fabbiano-Alexander_Bublik,Thomas Fabbiano,Total,17,48,20,20,20,36,32,5,24,2,0,0
20190829-M-US_Open-R64-Thomas_Fabbiano-Alexander_Bublik,Thomas Fabbiano,1,15,26,10,11,10,34,0,0,0,0,0,0
20190829-M-US_Open-R64-Thomas_Fabbiano-Alexander_Bublik,Thomas Fabbiano,2,2,22,10,9,10,2,32,5,24,2,0,0
20190829-M-US_Open-R64-Thomas_Fabbiano-Alexander_Bublik,Alexander Bublik,Total,21,17,61,34,23,40,65,10,42,7,0,0
20190829-M-US_Open-R64-Thomas_Fabbiano-Alexander_Bublik,Alexander Bublik,1,18,2,30,18,8,22,0,0,0,0,0,0
20190829-M-US_Open-R64-Thomas_Fabbiano-Alexander_Bublik,Alexander Bublik,2,3,15,31,16,15,18,65,10,42,7,0,0
20190829-M-US_Open-R64-Paolo_Lorenzi-Miomir_Kecmanovic,Paolo Lorenzi,Total,35,41,29,42,27,27,56,9,38,7,0,0
20190829-M-US_Open-R64-Paolo_Lorenzi-Miomir_Kecmanovic,Paolo Lorenzi,1,28,2,24,25,4,23,0,0,0,0,0,0
20190829-M-US_Open-R64-Paolo_Lorenzi-Miomir_Kecmanovic,Paolo Lorenzi,2,7,39,5,17,23,4,56,9,38,7,0,0
20190829-M-US_Open-R64-Paolo_Lorenzi-Miomir_Kecmanovic,Miomir Kecmanovic,Total,26,47,29,27,29,37,45,10,26,7,0,1
20190829-M-US_Open-R64-Paolo_Lorenzi-Miomir_Kecmanovic,Miomir Kecmanovic,1,24,19,11,13,14,33,0,0,0,0,0,0
20190829-M-US_Open-R64-Paolo_Lorenzi-Miomir_Kecmanovic,Miomir Kecmanovic,2,2,28,18,14,15,4,45,10,26,7,0,1
20190829-M-US_Open-R64-Hugo_Dellien-Daniil_Medvedev,Hugo Dellien,Total,38,19,17,21,14,33,16,2,15,1,0,0
20190829-M-US_Open-R64-Hugo_Dellien-Daniil_Medvedev,Hugo Dellien,1,37,7,11,15,9,29,0,0,0,0,0,0
20190829-M-US_Open-R64-Hugo_Dellien-Daniil_Medvedev,Hugo Dellien,2,1,12,6,6,5,4,16,2,15,1,0,0
20190829-M-US_Open-R64-Hugo_Dellien-Daniil_Medvedev,Daniil Medvedev,Total,37,7,16,29,5,21,30,8,14,4,4,0
20190829-M-US_Open-R64-Hugo_Dellien-Daniil_Medvedev,Daniil Medvedev,1,20,1,10,10,2,18,0,0,0,0,0,0
20190829-M-US_Open-R64-Hugo_Dellien-Daniil_Medvedev,Daniil Medvedev,2,17,6,6,19,3,3,30,8,14,4,4,0
20190829-M-US_Open-R64-Feliciano_Lopez-Yoshihito_Nishioka,Feliciano Lopez,Total,16,11,29,9,21,21,32,9,20,5,0,0
20190829-M-US_Open-R64-Feliciano_Lopez-Yoshihito_Nishioka,Feliciano Lopez,1,7,5,17,8,0,13,0,0,0,0,0,0
20190829-M-US_Open-R64-Feliciano_Lopez-Yoshihito_Nishioka,Feliciano Lopez,2,9,6,12,1,21,8,32,9,20,5,0,0
20190829-M-US_Open-R64-Feliciano_Lopez-Yoshihito_Nishioka,Yoshihito Nishioka,Total,14,23,47,53,19,10,32,6,24,3,0,0
20190829-M-US_Open-R64-Feliciano_Lopez-Yoshihito_Nishioka,Yoshihito Nishioka,1,8,10,32,36,13,8,0,0,0,0,0,0
20190829-M-US_Open-R64-Feliciano_Lopez-Yoshihito_Nishioka,Yoshihito Nishioka,2,6,13,15,17,6,2,32,6,24,3,0,0
20190828-M-US_Open-R64-Reilly_Opelka-Dominik_Koepfer,Reilly Opelka,Total,29,11,17,19,4,28,24,4,11,2,0,0
20190828-M-US_Open-R64-Reilly_Opelka-Dominik_Koepfer,Reilly Opelka,1,17,6,10,10,0,25,0,0,0,0,0,0
20190828-M-US_Open-R64-Reilly_Opelka-Dominik_Koepfer,Reilly Opelka,2,12,5,7,9,4,3,24,4,11,2,0,0
20190828-M-US_Open-R64-Reilly_Opelka-Dominik_Koepfer,Dominik Koepfer,Total,4,44,13,17,33,4,27,2,21,3,0,0
20190828-M-US_Open-R64-Reilly_Opelka-Dominik_Koepfer,Dominik Koepfer,1,4,19,12,11,18,4,0,0,0,0,0,0
20190828-M-US_Open-R64-Reilly_Opelka-Dominik_Koepfer,Dominik Koepfer,2,0,25,1,6,15,0,27,2,21,3,0,0
20190828-M-US_Open-R64-Alex_De_Minaur-Cristian_Garin,Alex De Minaur,Total,14,18,19,23,10,13,16,4,20,4,0,0
20190828-M-US_Open-R64-Alex_De_Minaur-Cristian_Garin,Alex De Minaur,1,14,11,10,7,3,11,0,0,0,0,0,0
20190828-M-US_Open-R64-Alex_De_Minaur-Cristian_Garin,Alex De Minaur,2,0,7,9,16,7,2,16,4,20,4,0,0
20190828-M-US_Open-R64-Alex_De_Minaur-Cristian_Garin,Cristian Garin,Total,17,22,16,19,19,14,26,8,23,2,0,0
20190828-M-US_Open-R64-Alex_De_Minaur-Cristian_Garin,Cristian Garin,1,11,5,15,13,4,8,0,0,0,0,0,0
20190828-M-US_Open-R64-Alex_De_Minaur-Cristian_Garin,Cristian Garin,2,6,17,1,6,15,6,26,8,23,2,0,0
20190827-M-US_Open-R128-Stefanos_Tsitsipas-Andrey_Rublev,Stefanos Tsitsipas,Total,42,32,20,35,35,22,40,23,22,6,0,0
20190827-M-US_Open-R128-Stefanos_Tsitsipas-Andrey_Rublev,Stefanos Tsitsipas,1,30,2,19,24,6,20,0,0,0,0,0,0
20190827-M-US_Open-R128-Stefanos_Tsitsipas-Andrey_Rublev,Stefanos Tsitsipas,2,12,30,1,11,29,2,40,23,22,6,0,0
20190827-M-US_Open-R128-Stefanos_Tsitsipas-Andrey_Rublev,Andrey Rublev,Total,34,19,29,30,13,32,54,5,13,1,0,0
20190827-M-US_Open-R128-Stefanos_Tsitsipas-Andrey_Rublev,Andrey Rublev,1,32,4,13,8,5,28,0,0,0,0,0,0
20190827-M-US_Open-R128-Stefanos_Tsitsipas-Andrey_Rublev,Andrey Rublev,2,2,15,16,22,8,4,54,5,13,1,0,0
20190827-M-US_Open-R128-Stan_Wawrinka-Jannik_Sinner,Stan Wawrinka,Total,27,21,28,30,19,23,19,12,29,3,1,0
20190827-M-US_Open-R128-Stan_Wawrinka-Jannik_Sinner,Stan Wawrinka,1,26,5,14,18,6,21,0,0,0,0,0,0
20190827-M-US_Open-R128-Stan_Wawrinka-Jannik_Sinner,Stan Wawrinka,2,1,16,14,12,13,2,19,12,29,3,1,0
20190827-M-US_Open-R128-Stan_Wawrinka-Jannik_Sinner,Jannik Sinner,Total,23,29,12,17,26,15,22,8,20,4,0,0
20190827-M-US_Open-R128-Stan_Wawrinka-Jannik_Sinner,Jannik Sinner,1,17,7,11,14,10,14,0,0,0,0,0,0
20190827-M-US_Open-R128-Stan_Wawrinka-Jannik_Sinner,Jannik Sinner,2,6,22,1,3,16,1,22,8,20,4,0,0
20190827-M-US_Open-R128-Robin_Haase-Diego_Schwartzman,Robin Haase,Total,14,12,22,32,5,7,19,7,15,4,0,1
20190827-M-US_Open-R128-Robin_Haase-Diego_Schwartzman,Robin Haase,1,11,3,9,20,0,7,0,0,0,0,0,0
20190827-M-US_Open-R128-Robin_Haase-Diego_Schwartzman,Robin Haase,2,3,9,13,12,5,0,19,7,15,4,0,1
20190827-M-US_Open-R128-Robin_Haase-Diego_Schwartzman,Diego Schwartzman,Total,22,12,11,19,8,14,18,3,17,1,0,0
20190827-M-US_Open-R128-Robin_Haase-Diego_Schwartzman,Diego Schwartzman,1,14,6,4,12,3,10,0,0,0,0,0,0
20190827-M-US_Open-R128-Robin_Haase-Diego_Schwartzman,Diego Schwartzman,2,8,6,7,7,5,4,18,3,17,1,0,0
20190827-M-US_Open-R128-Dominic_Thiem-Thomas_Fabbiano,Dominic Thiem,Total,16,8,29,13,12,21,24,7,12,3,0,0
20190827-M-US_Open-R128-Dominic_Thiem-Thomas_Fabbiano,Dominic Thiem,1,10,2,17,6,2,19,0,0,0,0,0,0
20190827-M-US_Open-R128-Dominic_Thiem-Thomas_Fabbiano,Dominic Thiem,2,6,6,12,7,10,2,24,7,12,3,0,0
20190827-M-US_Open-R128-Dominic_Thiem-Thomas_Fabbiano,Thomas Fabbiano,Total,12,24,22,25,16,13,22,7,10,1,0,0
20190827-M-US_Open-R128-Dominic_Thiem-Thomas_Fabbiano,Thomas Fabbiano,1,10,16,15,16,8,12,0,0,0,0,0,0
20190827-M-US_Open-R128-Dominic_Thiem-Thomas_Fabbiano,Thomas Fabbiano,2,2,8,7,9,8,1,22,7,10,1,0,0
20190826-M-US_Open-R128-Nikoloz_Basilashvili-Marton_Fucsovics,Nikoloz Basilashvili,Total,24,34,17,47,13,9,39,10,18,7,0,0
20190826-M-US_Open-R128-Nikoloz_Basilashvili-Marton_Fucsovics,Nikoloz Basilashvili,1,20,9,7,30,2,9,0,0,0,0,0,0
20190826-M-US_Open-R128-Nikoloz_Basilashvili-Marton_Fucsovics,Nikoloz Basilashvili,2,4,25,10,17,11,0,39,10,18,7,0,0
20190826-M-US_Open-R128-Nikoloz_Basilashvili-Marton_Fucsovics,Marton Fucsovics,Total,30,24,18,27,21,15,29,10,34,5,0,0
20190826-M-US_Open-R128-Nikoloz_Basilashvili-Marton_Fucsovics,Marton Fucsovics,1,17,8,14,10,8,7,0,0,0,0,0,0
20190826-M-US_Open-R128-Nikoloz_Basilashvili-Marton_Fucsovics,Marton Fucsovics,2,13,16,4,17,13,8,29,10,34,5,0,0
20190826-M-US_Open-R128-Janko_Tipsarevic-Denis_Kudla,Janko Tipsarevic,Total,18,21,28,17,23,22,14,7,22,7,0,0
20190826-M-US_Open-R128-Janko_Tipsarevic-Denis_Kudla,Janko Tipsarevic,1,15,7,19,13,6,21,0,0,0,0,0,0
20190826-M-US_Open-R128-Janko_Tipsarevic-Denis_Kudla,Janko Tipsarevic,2,3,14,9,4,17,1,14,7,22,7,0,0
20190826-M-US_Open-R128-Janko_Tipsarevic-Denis_Kudla,Denis Kudla,Total,22,15,16,25,7,17,19,9,12,3,0,0
20190826-M-US_Open-R128-Janko_Tipsarevic-Denis_Kudla,Denis Kudla,1,19,2,12,14,1,14,0,0,0,0,0,0
20190826-M-US_Open-R128-Janko_Tipsarevic-Denis_Kudla,Denis Kudla,2,3,13,4,11,6,3,19,9,12,3,0,0
20190125-M-Australian_Open-SF-Novak_Djokovic-Lucas_Pouille,Novak Djokovic,Total,11,2,14,11,3,12,3,7,4,1,0,0
20190125-M-Australian_Open-SF-Novak_Djokovic-Lucas_Pouille,Novak Djokovic,1,9,0,12,10,1,6,0,0,0,0,0,0
20190125-M-Australian_Open-SF-Novak_Djokovic-Lucas_Pouille,Novak Djokovic,2,2,2,2,1,2,6,3,7,4,1,0,0
20190125-M-Australian_Open-SF-Novak_Djokovic-Lucas_Pouille,Lucas Pouille,Total,12,14,12,13,8,15,14,8,14,1,0,0
20190125-M-Australian_Open-SF-Novak_Djokovic-Lucas_Pouille,Lucas Pouille,1,10,3,9,8,2,8,0,0,0,0,0,0
20190125-M-Australian_Open-SF-Novak_Djokovic-Lucas_Pouille,Lucas Pouille,2,2,11,3,5,6,7,14,8,14,1,0,0
20190124-M-Australian_Open-SF-Stefanos_Tsitsipas-Rafael_Nadal,Stefanos Tsitsipas,Total,21,4,9,12,1,18,7,8,6,1,0,0
20190124-M-Australian_Open-SF-Stefanos_Tsitsipas-Rafael_Nadal,Stefanos Tsitsipas,1,15,0,8,10,0,12,0,0,0,0,0,0
20190124-M-Australian_Open-SF-Stefanos_Tsitsipas-Rafael_Nadal,Stefanos Tsitsipas,2,6,4,1,2,1,6,7,8,6,1,0,0
20190124-M-Australian_Open-SF-Stefanos_Tsitsipas-Rafael_Nadal,Rafael Nadal,Total,11,4,18,19,5,4,9,4,5,3,0,0
20190124-M-Australian_Open-SF-Stefanos_Tsitsipas-Rafael_Nadal,Rafael Nadal,1,7,1,11,15,3,3,0,0,0,0,0,0
20190124-M-Australian_Open-SF-Stefanos_Tsitsipas-Rafael_Nadal,Rafael Nadal,2,4,3,7,4,2,1,9,4,5,3,0,0
20190123-M-Australian_Open-QF-Novak_Djokovic-Kei_Nishikori,Novak Djokovic,Total,6,1,8,7,1,6,1,4,4,1,0,0
20190123-M-Australian_Open-QF-Novak_Djokovic-Kei_Nishikori,Novak Djokovic,1,1,0,8,7,1,3,0,0,0,0,0,0
20190123-M-Australian_Open-QF-Novak_Djokovic-Kei_Nishikori,Novak Djokovic,2,5,1,0,0,0,3,1,4,4,1,0,0
20190123-M-Australian_Open-QF-Novak_Djokovic-Kei_Nishikori,Kei Nishikori,Total,9,1,14,13,1,9,5,3,9,0,0,0
20190123-M-Australian_Open-QF-Novak_Djokovic-Kei_Nishikori,Kei Nishikori,1,8,1,9,6,1,8,0,0,0,0,0,0
20190123-M-Australian_Open-QF-Novak_Djokovic-Kei_Nishikori,Kei Nishikori,2,1,0,5,7,0,1,5,3,9,0,0,0
20190121-M-Australian_Open-R16-Novak_Djokovic-Daniil_Medvedev,Novak Djokovic,Total,35,7,23,24,4,33,11,17,17,2,0,0
20190121-M-Australian_Open-R16-Novak_Djokovic-Daniil_Medvedev,Novak Djokovic,1,17,2,22,22,0,21,0,0,0,0,0,0
20190121-M-Australian_Open-R16-Novak_Djokovic-Daniil_Medvedev,Novak Djokovic,2,18,5,1,2,4,12,11,17,17,2,0,0
20190121-M-Australian_Open-R16-Novak_Djokovic-Daniil_Medvedev,Daniil Medvedev,Total,42,12,20,34,6,28,21,11,19,4,0,0
20190121-M-Australian_Open-R16-Novak_Djokovic-Daniil_Medvedev,Daniil Medvedev,1,29,2,16,23,0,23,0,0,0,0,0,0
20190121-M-Australian_Open-R16-Novak_Djokovic-Daniil_Medvedev,Daniil Medvedev,2,13,10,4,11,6,5,21,11,19,4,0,0
20190121-M-Australian_Open-R16-Milos_Raonic-Alexander_Zverev,Milos Raonic,Total,20,3,18,17,2,18,13,6,5,1,0,0
20190121-M-Australian_Open-R16-Milos_Raonic-Alexander_Zverev,Milos Raonic,1,15,0,14,9,1,15,0,0,0,0,0,0
20190121-M-Australian_Open-R16-Milos_Raonic-Alexander_Zverev,Milos Raonic,2,5,3,4,8,1,3,13,6,5,1,0,0
20190121-M-Australian_Open-R16-Milos_Raonic-Alexander_Zverev,Alexander Zverev,Total,16,10,21,16,15,12,15,4,23,2,0,0
20190121-M-Australian_Open-R16-Milos_Raonic-Alexander_Zverev,Alexander Zverev,1,15,3,16,8,4,10,0,0,0,0,0,0
20190121-M-Australian_Open-R16-Milos_Raonic-Alexander_Zverev,Alexander Zverev,2,1,7,5,8,11,2,15,4,23,2,0,0
20190120-M-Australian_Open-R16-Stefanos_Tsitsipas-Roger_Federer,Stefanos Tsitsipas,Total,41,22,34,38,21,32,30,21,18,7,0,0
20190120-M-Australian_Open-R16-Stefanos_Tsitsipas-Roger_Federer,Stefanos Tsitsipas,1,28,3,27,26,3,25,0,0,0,0,0,0
20190120-M-Australian_Open-R16-Stefanos_Tsitsipas-Roger_Federer,Stefanos Tsitsipas,2,13,19,7,12,18,7,30,21,18,7,0,0
20190120-M-Australian_Open-R16-Stefanos_Tsitsipas-Roger_Federer,Roger Federer,Total,26,7,49,39,8,27,14,17,17,3,0,0
20190120-M-Australian_Open-R16-Stefanos_Tsitsipas-Roger_Federer,Roger Federer,1,20,3,31,25,4,22,0,0,0,0,0,0
20190120-M-Australian_Open-R16-Stefanos_Tsitsipas-Roger_Federer,Roger Federer,2,6,4,18,14,4,5,14,17,17,3,0,0
20190119-M-Australian_Open-R32-Fabio_Fognini-Pablo_Carreno_Busta,Fabio Fognini,Total,28,10,23,14,18,22,24,5,15,4,1,0
20190119-M-Australian_Open-R32-Fabio_Fognini-Pablo_Carreno_Busta,Fabio Fognini,1,23,4,15,11,4,17,0,0,0,0,0,0
20190119-M-Australian_Open-R32-Fabio_Fognini-Pablo_Carreno_Busta,Fabio Fognini,2,5,6,8,3,14,5,24,5,15,4,1,0
20190119-M-Australian_Open-R32-Fabio_Fognini-Pablo_Carreno_Busta,Pablo Carreno Busta,Total,16,15,26,27,6,17,14,11,10,0,0,0
20190119-M-Australian_Open-R32-Fabio_Fognini-Pablo_Carreno_Busta,Pablo Carreno Busta,1,16,6,17,19,1,16,0,0,0,0,0,0
20190119-M-Australian_Open-R32-Fabio_Fognini-Pablo_Carreno_Busta,Pablo Carreno Busta,2,0,9,9,8,5,1,14,11,10,0,0,0
20190119-M-Australian_Open-R32-Alexei_Popyrin-Lucas_Pouille,Alexei Popyrin,Total,42,9,43,41,10,34,27,21,24,5,0,0
20190119-M-Australian_Open-R32-Alexei_Popyrin-Lucas_Pouille,Alexei Popyrin,1,34,3,24,26,1,23,0,0,0,0,0,0
20190119-M-Australian_Open-R32-Alexei_Popyrin-Lucas_Pouille,Alexei Popyrin,2,8,6,19,15,9,11,27,21,24,5,0,0
20190119-M-Australian_Open-R32-Alexei_Popyrin-Lucas_Pouille,Lucas Pouille,Total,33,12,43,30,13,40,27,12,28,9,0,0
20190119-M-Australian_Open-R32-Alexei_Popyrin-Lucas_Pouille,Lucas Pouille,1,24,3,29,16,3,28,0,0,0,0,0,0
20190119-M-Australian_Open-R32-Alexei_Popyrin-Lucas_Pouille,Lucas Pouille,2,9,9,14,14,10,12,27,12,28,9,0,0
20190118-M-Australian_Open-R32-Stefanos_Tsitsipas-Nikoloz_Basilashvili,Stefanos Tsitsipas,Total,38,12,17,24,17,23,10,15,19,4,0,0
20190118-M-Australian_Open-R32-Stefanos_Tsitsipas-Nikoloz_Basilashvili,Stefanos Tsitsipas,1,25,2,16,20,3,17,0,0,0,0,0,0
20190118-M-Australian_Open-R32-Stefanos_Tsitsipas-Nikoloz_Basilashvili,Stefanos Tsitsipas,2,13,10,1,4,14,6,10,15,19,4,0,0
20190118-M-Australian_Open-R32-Stefanos_Tsitsipas-Nikoloz_Basilashvili,Nikoloz Basilashvili,Total,41,9,19,27,16,18,26,14,15,4,0,0
20190118-M-Australian_Open-R32-Stefanos_Tsitsipas-Nikoloz_Basilashvili,Nikoloz Basilashvili,1,25,1,16,20,3,12,0,0,0,0,0,0
20190118-M-Australian_Open-R32-Stefanos_Tsitsipas-Nikoloz_Basilashvili,Nikoloz Basilashvili,2,16,8,3,7,13,6,26,14,15,4,0,0
20190118-M-Australian_Open-R32-Fernando_Verdasco-Marin_Cilic,Fernando Verdasco,Total,35,6,44,48,9,22,14,18,21,3,0,0
20190118-M-Australian_Open-R32-Fernando_Verdasco-Marin_Cilic,Fernando Verdasco,1,28,1,30,33,2,19,0,0,0,0,0,0
20190118-M-Australian_Open-R32-Fernando_Verdasco-Marin_Cilic,Fernando Verdasco,2,7,5,14,15,7,3,14,18,21,3,0,0
20190118-M-Australian_Open-R32-Fernando_Verdasco-Marin_Cilic,Marin Cilic,Total,45,20,15,10,13,50,27,18,19,5,0,0
20190118-M-Australian_Open-R32-Fernando_Verdasco-Marin_Cilic,Marin Cilic,1,35,0,15,9,0,30,0,0,0,0,0,0
20190118-M-Australian_Open-R32-Fernando_Verdasco-Marin_Cilic,Marin Cilic,2,10,20,0,1,13,20,27,18,19,5,0,0
20190117-M-Australian_Open-R64-Marius_Copil-David_Goffin,Marius Copil,Total,22,10,32,35,6,18,21,13,13,5,0,0
20190117-M-Australian_Open-R64-Marius_Copil-David_Goffin,Marius Copil,1,17,3,18,18,3,15,0,0,0,0,0,0
20190117-M-Australian_Open-R64-Marius_Copil-David_Goffin,Marius Copil,2,5,7,14,17,3,3,21,13,13,5,0,0
20190117-M-Australian_Open-R64-Marius_Copil-David_Goffin,David Goffin,Total,20,13,28,21,13,17,10,11,10,1,0,0
20190117-M-Australian_Open-R64-Marius_Copil-David_Goffin,David Goffin,1,16,1,24,16,8,17,0,0,0,0,0,0
20190117-M-Australian_Open-R64-Marius_Copil-David_Goffin,David Goffin,2,4,12,4,5,5,0,10,11,10,1,0,0
20190117-M-Australian_Open-R64-Denis_Shapovalov-Taro_Daniel,Denis Shapovalov,Total,21,0,31,33,8,6,11,8,10,6,0,0
20190117-M-Australian_Open-R64-Denis_Shapovalov-Taro_Daniel,Denis Shapovalov,1,16,0,25,22,0,5,0,0,0,0,0,0
20190117-M-Australian_Open-R64-Denis_Shapovalov-Taro_Daniel,Denis Shapovalov,2,5,0,6,11,8,1,11,8,10,6,0,0
20190117-M-Australian_Open-R64-Denis_Shapovalov-Taro_Daniel,Taro Daniel,Total,17,9,16,12,6,18,11,9,11,3,0,0
20190117-M-Australian_Open-R64-Denis_Shapovalov-Taro_Daniel,Taro Daniel,1,10,4,14,8,2,11,0,0,0,0,0,0
20190117-M-Australian_Open-R64-Denis_Shapovalov-Taro_Daniel,Taro Daniel,2,7,5,2,4,4,7,11,9,11,3,0,0
20190115-M-Australian_Open-R128-Ugo_Humbert-Jeremy_Chardy,Ugo Humbert,Total,27,12,58,46,9,35,34,15,24,4,0,0
20190115-M-Australian_Open-R128-Ugo_Humbert-Jeremy_Chardy,Ugo Humbert,1,24,4,29,25,4,31,0,0,0,0,0,0
20190115-M-Australian_Open-R128-Ugo_Humbert-Jeremy_Chardy,Ugo Humbert,2,3,8,29,21,5,4,34,15,24,4,0,0
20190115-M-Australian_Open-R128-Ugo_Humbert-Jeremy_Chardy,Jeremy Chardy,Total,44,12,40,37,14,40,20,21,23,5,0,0
20190115-M-Australian_Open-R128-Ugo_Humbert-Jeremy_Chardy,Jeremy Chardy,1,34,0,27,26,6,33,0,0,0,0,0,0
20190115-M-Australian_Open-R128-Ugo_Humbert-Jeremy_Chardy,Jeremy Chardy,2,10,12,13,11,8,7,20,21,23,5,0,0
20190115-M-Australian_Open-R128-Pierre_Hugues_Herbert-Sam_Querrey,Pierre Hugues Herbert,Total,21,6,34,28,6,21,16,12,16,3,0,0
20190115-M-Australian_Open-R128-Pierre_Hugues_Herbert-Sam_Querrey,Pierre Hugues Herbert,1,15,3,20,19,0,15,0,0,0,0,0,0
20190115-M-Australian_Open-R128-Pierre_Hugues_Herbert-Sam_Querrey,Pierre Hugues Herbert,2,6,3,14,9,6,6,16,12,16,3,0,0
20190115-M-Australian_Open-R128-Pierre_Hugues_Herbert-Sam_Querrey,Sam Querrey,Total,37,16,19,29,4,33,24,12,21,4,0,0
20190115-M-Australian_Open-R128-Pierre_Hugues_Herbert-Sam_Querrey,Sam Querrey,1,27,2,16,14,1,25,0,0,0,0,0,0
20190115-M-Australian_Open-R128-Pierre_Hugues_Herbert-Sam_Querrey,Sam Querrey,2,10,14,3,15,3,8,24,12,21,4,0,0
20190115-M-Australian_Open-R128-Milos_Raonic-Nick_Kyrgios,Milos Raonic,Total,18,1,23,16,6,16,12,3,7,0,0,0
20190115-M-Australian_Open-R128-Milos_Raonic-Nick_Kyrgios,Milos Raonic,1,13,1,19,11,4,11,0,0,0,0,0,0
20190115-M-Australian_Open-R128-Milos_Raonic-Nick_Kyrgios,Milos Raonic,2,5,0,4,5,2,5,12,3,7,0,0,0
20190115-M-Australian_Open-R128-Milos_Raonic-Nick_Kyrgios,Nick Kyrgios,Total,14,2,31,28,1,15,13,3,9,0,0,0
20190115-M-Australian_Open-R128-Milos_Raonic-Nick_Kyrgios,Nick Kyrgios,1,11,0,25,21,0,11,0,0,0,0,0,0
20190115-M-Australian_Open-R128-Milos_Raonic-Nick_Kyrgios,Nick Kyrgios,2,3,2,6,7,1,4,13,3,9,0,0,0
20190115-M-Australian_Open-R128-Dominic_Thiem-Benoit_Paire,Dominic Thiem,Total,45,26,22,29,25,32,20,23,41,5,0,0
20190115-M-Australian_Open-R128-Dominic_Thiem-Benoit_Paire,Dominic Thiem,1,37,3,14,19,4,26,0,0,0,0,0,0
20190115-M-Australian_Open-R128-Dominic_Thiem-Benoit_Paire,Dominic Thiem,2,8,23,8,10,21,6,20,23,41,5,0,0
20190115-M-Australian_Open-R128-Dominic_Thiem-Benoit_Paire,Benoit Paire,Total,25,16,38,37,15,21,30,20,23,7,0,0
20190115-M-Australian_Open-R128-Dominic_Thiem-Benoit_Paire,Benoit Paire,1,14,2,22,21,0,18,0,0,0,0,0,0
20190115-M-Australian_Open-R128-Dominic_Thiem-Benoit_Paire,Benoit Paire,2,11,14,16,16,15,3,30,20,23,7,0,0
20190115-M-Australian_Open-R128-Andy_Murray-Roberto_Bautista_Agut,Andy Murray,Total,34,12,36,46,6,22,29,16,16,3,0,0
20190115-M-Australian_Open-R128-Andy_Murray-Roberto_Bautista_Agut,Andy Murray,1,32,0,16,22,2,22,0,0,0,0,0,0
20190115-M-Australian_Open-R128-Andy_Murray-Roberto_Bautista_Agut,Andy Murray,2,2,12,20,24,4,0,29,16,16,3,0,0
20190115-M-Australian_Open-R128-Andy_Murray-Roberto_Bautista_Agut,Roberto Bautista Agut,Total,34,16,27,30,13,27,11,12,15,1,0,0
20190115-M-Australian_Open-R128-Andy_Murray-Roberto_Bautista_Agut,Roberto Bautista Agut,1,31,6,21,24,1,25,0,0,0,0,0,0
20190115-M-Australian_Open-R128-Andy_Murray-Roberto_Bautista_Agut,Roberto Bautista Agut,2,3,10,6,6,12,2,11,12,15,1,0,0
20190115-M-Australian_Open-R128-Alexander_Zverev-Aljaz_Bedene,Alexander Zverev,Total,11,8,22,12,8,16,15,7,12,3,0,0
20190115-M-Australian_Open-R128-Alexander_Zverev-Aljaz_Bedene,Alexander Zverev,1,11,2,13,6,1,13,0,0,0,0,0,0
20190115-M-Australian_Open-R128-Alexander_Zverev-Aljaz_Bedene,Alexander Zverev,2,0,6,9,6,7,3,15,7,12,3,0,0
20190115-M-Australian_Open-R128-Alexander_Zverev-Aljaz_Bedene,Aljaz Bedene,Total,13,8,23,14,15,11,13,11,11,1,0,0
20190115-M-Australian_Open-R128-Alexander_Zverev-Aljaz_Bedene,Aljaz Bedene,1,12,0,18,9,2,9,0,0,0,0,0,0
20190115-M-Australian_Open-R128-Alexander_Zverev-Aljaz_Bedene,Aljaz Bedene,2,1,8,5,5,13,2,13,11,11,1,0,0
20190114-M-Australian_Open-R128-Taylor_Fritz-Cameron_Norrie,Taylor Fritz,Total,28,7,18,25,4,20,10,5,14,6,0,1
20190114-M-Australian_Open-R128-Taylor_Fritz-Cameron_Norrie,Taylor Fritz,1,23,0,14,15,1,14,0,0,0,0,0,0
20190114-M-Australian_Open-R128-Taylor_Fritz-Cameron_Norrie,Taylor Fritz,2,5,7,4,10,3,6,10,5,14,6,0,1
20190114-M-Australian_Open-R128-Taylor_Fritz-Cameron_Norrie,Cameron Norrie,Total,24,7,24,29,7,17,17,11,12,1,0,0
20190114-M-Australian_Open-R128-Taylor_Fritz-Cameron_Norrie,Cameron Norrie,1,17,5,13,20,0,13,0,0,0,0,0,0
20190114-M-Australian_Open-R128-Taylor_Fritz-Cameron_Norrie,Cameron Norrie,2,7,2,11,9,7,4,17,11,12,1,0,0
20190114-M-Australian_Open-R128-Stefanos_Tsitsipas-Matteo_Berrettini,Stefanos Tsitsipas,Total,31,11,26,26,5,29,19,8,16,1,0,0
20190114-M-Australian_Open-R128-Stefanos_Tsitsipas-Matteo_Berrettini,Stefanos Tsitsipas,1,25,1,21,16,1,24,0,0,0,0,0,0
20190114-M-Australian_Open-R128-Stefanos_Tsitsipas-Matteo_Berrettini,Stefanos Tsitsipas,2,6,10,5,10,4,5,19,8,16,1,0,0
20190114-M-Australian_Open-R128-Stefanos_Tsitsipas-Matteo_Berrettini,Matteo Berrettini,Total,16,23,29,41,7,17,32,7,16,4,0,0
20190114-M-Australian_Open-R128-Stefanos_Tsitsipas-Matteo_Berrettini,Matteo Berrettini,1,14,16,13,19,3,17,0,0,0,0,0,0
20190114-M-Australian_Open-R128-Stefanos_Tsitsipas-Matteo_Berrettini,Matteo Berrettini,2,2,7,16,22,4,0,32,7,16,4,0,0
20190114-M-Australian_Open-R128-Mirza_Basic-Henri_Laaksonen,Mirza Basic,Total,42,19,10,27,21,15,24,13,19,2,0,0
20190114-M-Australian_Open-R128-Mirza_Basic-Henri_Laaksonen,Mirza Basic,1,35,1,9,22,2,13,0,0,0,0,0,0
20190114-M-Australian_Open-R128-Mirza_Basic-Henri_Laaksonen,Mirza Basic,2,7,18,1,5,19,2,24,13,19,2,0,0
20190114-M-Australian_Open-R128-Mirza_Basic-Henri_Laaksonen,Henri Laaksonen,Total,26,14,31,34,7,24,22,4,17,1,0,0
20190114-M-Australian_Open-R128-Mirza_Basic-Henri_Laaksonen,Henri Laaksonen,1,20,4,27,25,0,18,0,0,0,0,0,0
20190114-M-Australian_Open-R128-Mirza_Basic-Henri_Laaksonen,Henri Laaksonen,2,6,10,4,9,7,6,22,4,17,1,0,0
20190114-M-Australian_Open-R128-Jason_Kubler-Thomas_Fabbiano,Jason Kubler,Total,15,7,44,40,3,17,26,9,20,2,0,0
20190114-M-Australian_Open-R128-Jason_Kubler-Thomas_Fabbiano,Jason Kubler,1,13,4,23,23,1,15,0,0,0,0,0,0
20190114-M-Australian_Open-R128-Jason_Kubler-Thomas_Fabbiano,Jason Kubler,2,2,3,21,17,2,2,26,9,20,2,0,0
20190114-M-Australian_Open-R128-Jason_Kubler-Thomas_Fabbiano,Thomas Fabbiano,Total,45,11,14,46,3,16,19,6,11,3,0,0
20190114-M-Australian_Open-R128-Jason_Kubler-Thomas_Fabbiano,Thomas Fabbiano,1,40,4,9,29,3,14,0,0,0,0,0,0
20190114-M-Australian_Open-R128-Jason_Kubler-Thomas_Fabbiano,Thomas Fabbiano,2,5,7,5,17,0,2,19,6,11,3,0,0
20180909-M-US_Open-F-Novak_Djokovic-Juan_Martin_Del_Potro,Novak Djokovic,Total,25,7,29,18,14,25,22,7,15,2,0,0
20180909-M-US_Open-F-Novak_Djokovic-Juan_Martin_Del_Potro,Novak Djokovic,1,20,0,22,12,3,17,0,0,0,0,0,0
20180909-M-US_Open-F-Novak_Djokovic-Juan_Martin_Del_Potro,Novak Djokovic,2,5,7,7,6,11,8,22,7,15,2,0,0
20180909-M-US_Open-F-Novak_Djokovic-Juan_Martin_Del_Potro,Juan Martin Del Potro,Total,9,14,25,18,8,15,9,3,19,2,0,0
20180909-M-US_Open-F-Novak_Djokovic-Juan_Martin_Del_Potro,Juan Martin Del Potro,1,9,3,17,15,2,11,0,0,0,0,0,0
20180909-M-US_Open-F-Novak_Djokovic-Juan_Martin_Del_Potro,Juan Martin Del Potro,2,0,11,8,3,6,4,9,3,19,2,0,0
20180907-M-US_Open-SF-Rafael_Nadal-Juan_Martin_Del_Potro,Rafael Nadal,Total,14,3,20,15,11,8,8,6,3,2,0,0
20180907-M-US_Open-SF-Rafael_Nadal-Juan_Martin_Del_Potro,Rafael Nadal,1,12,1,13,15,5,7,0,0,0,0,0,0
20180907-M-US_Open-SF-Rafael_Nadal-Juan_Martin_Del_Potro,Rafael Nadal,2,2,2,7,0,6,1,8,6,3,2,0,0
20180907-M-US_Open-SF-Rafael_Nadal-Juan_Martin_Del_Potro,Juan Martin Del Potro,Total,18,4,11,14,4,14,6,4,10,2,0,0
20180907-M-US_Open-SF-Rafael_Nadal-Juan_Martin_Del_Potro,Juan Martin Del Potro,1,11,0,10,14,2,6,0,0,0,0,0,0
20180907-M-US_Open-SF-Rafael_Nadal-Juan_Martin_Del_Potro,Juan Martin Del Potro,2,7,4,1,0,2,8,6,4,10,2,0,0
20180907-M-US_Open-SF-Novak_Djokovic-Kei_Nishikori,Novak Djokovic,Total,25,2,15,11,9,16,14,6,10,0,0,0
20180907-M-US_Open-SF-Novak_Djokovic-Kei_Nishikori,Novak Djokovic,1,14,1,9,11,4,11,0,0,0,0,0,0
20180907-M-US_Open-SF-Novak_Djokovic-Kei_Nishikori,Novak Djokovic,2,11,1,6,0,5,5,14,6,10,0,0,0
20180907-M-US_Open-SF-Novak_Djokovic-Kei_Nishikori,Kei Nishikori,Total,19,13,20,22,11,16,20,6,12,2,0,0
20180907-M-US_Open-SF-Novak_Djokovic-Kei_Nishikori,Kei Nishikori,1,17,5,12,11,3,15,0,0,0,0,0,0
20180907-M-US_Open-SF-Novak_Djokovic-Kei_Nishikori,Kei Nishikori,2,2,8,8,11,8,1,20,6,12,2,0,0
20180905-M-US_Open-QF-Rafael_Nadal-Dominic_Thiem,Rafael Nadal,Total,24,12,52,47,25,7,27,13,18,3,0,0
20180905-M-US_Open-QF-Rafael_Nadal-Dominic_Thiem,Rafael Nadal,1,15,6,32,39,12,6,0,0,0,0,0,0
20180905-M-US_Open-QF-Rafael_Nadal-Dominic_Thiem,Rafael Nadal,2,9,6,20,8,13,1,27,13,18,3,0,0
20180905-M-US_Open-QF-Rafael_Nadal-Dominic_Thiem,Dominic Thiem,Total,60,5,24,33,6,42,32,13,25,7,0,0
20180905-M-US_Open-QF-Rafael_Nadal-Dominic_Thiem,Dominic Thiem,1,25,3,22,25,0,22,0,0,0,0,0,0
20180905-M-US_Open-QF-Rafael_Nadal-Dominic_Thiem,Dominic Thiem,2,35,2,2,8,6,20,32,13,25,7,0,0
20180904-M-US_Open-QF-John_Isner-Juan_Martin_Del_Potro,John Isner,Total,27,27,20,37,15,18,10,23,17,8,1,0
20180904-M-US_Open-QF-John_Isner-Juan_Martin_Del_Potro,John Isner,1,24,6,18,17,9,15,0,0,0,0,0,0
20180904-M-US_Open-QF-John_Isner-Juan_Martin_Del_Potro,John Isner,2,3,21,2,20,6,3,10,23,17,8,1,0
20180904-M-US_Open-QF-John_Isner-Juan_Martin_Del_Potro,Juan Martin Del Potro,Total,15,20,30,24,15,17,11,9,24,6,0,0
20180904-M-US_Open-QF-John_Isner-Juan_Martin_Del_Potro,Juan Martin Del Potro,1,14,7,20,19,4,11,0,0,0,0,0,0
20180904-M-US_Open-QF-John_Isner-Juan_Martin_Del_Potro,Juan Martin Del Potro,2,1,13,10,5,11,6,11,9,24,6,0,0
20180903-M-US_Open-R16-Roger_Federer-John_Millman,Roger Federer,Total,37,10,42,53,4,27,48,15,29,5,0,1
20180903-M-US_Open-R16-Roger_Federer-John_Millman,Roger Federer,1,18,1,25,26,0,15,0,0,0,0,0,0
20180903-M-US_Open-R16-Roger_Federer-John_Millman,Roger Federer,2,19,9,17,27,4,12,48,15,29,5,0,1
20180903-M-US_Open-R16-Roger_Federer-John_Millman,John Millman,Total,22,24,28,38,14,18,21,8,17,8,0,0
20180903-M-US_Open-R16-Roger_Federer-John_Millman,John Millman,1,16,8,24,23,7,13,0,0,0,0,0,0
20180903-M-US_Open-R16-Roger_Federer-John_Millman,John Millman,2,6,16,4,15,7,5,21,8,17,8,0,0
20180903-M-US_Open-R16-Juan_Martin_Del_Potro-Borna_Coric,Juan Martin Del Potro,Total,22,1,14,20,0,12,5,0,9,2,0,0
20180903-M-US_Open-R16-Juan_Martin_Del_Potro-Borna_Coric,Juan Martin Del Potro,1,19,0,12,14,0,9,0,0,0,0,0,0
20180903-M-US_Open-R16-Juan_Martin_Del_Potro-Borna_Coric,Juan Martin Del Potro,2,3,1,2,6,0,3,5,0,9,2,0,0
20180903-M-US_Open-R16-Juan_Martin_Del_Potro-Borna_Coric,Borna Coric,Total,18,2,21,22,5,10,6,7,9,4,0,0
20180903-M-US_Open-R16-Juan_Martin_Del_Potro-Borna_Coric,Borna Coric,1,14,0,16,13,2,8,0,0,0,0,0,0
20180903-M-US_Open-R16-Juan_Martin_Del_Potro-Borna_Coric,Borna Coric,2,4,2,5,9,3,2,6,7,9,4,0,0
20180902-M-US_Open-R16-Rafael_Nadal-Nikoloz_Basilashvili,Rafael Nadal,Total,15,11,36,33,17,6,20,12,10,3,0,0
20180902-M-US_Open-R16-Rafael_Nadal-Nikoloz_Basilashvili,Rafael Nadal,1,12,1,21,28,8,6,0,0,0,0,0,0
20180902-M-US_Open-R16-Rafael_Nadal-Nikoloz_Basilashvili,Rafael Nadal,2,3,10,15,5,9,0,20,12,10,3,0,0
20180902-M-US_Open-R16-Rafael_Nadal-Nikoloz_Basilashvili,Nikoloz Basilashvili,Total,49,13,6,25,5,30,18,5,36,4,0,0
20180902-M-US_Open-R16-Rafael_Nadal-Nikoloz_Basilashvili,Nikoloz Basilashvili,1,29,7,6,16,0,15,0,0,0,0,0,0
20180902-M-US_Open-R16-Rafael_Nadal-Nikoloz_Basilashvili,Nikoloz Basilashvili,2,20,6,0,9,5,15,18,5,36,4,0,0
20180901-M-US_Open-R32-Roger_Federer-Nick_Kyrgios,Roger Federer,Total,21,5,21,26,5,14,13,6,8,5,0,0
20180901-M-US_Open-R32-Roger_Federer-Nick_Kyrgios,Roger Federer,1,16,2,14,18,1,10,0,0,0,0,0,0
20180901-M-US_Open-R32-Roger_Federer-Nick_Kyrgios,Roger Federer,2,5,3,7,8,4,4,13,6,8,5,0,0
20180901-M-US_Open-R32-Roger_Federer-Nick_Kyrgios,Nick Kyrgios,Total,12,5,32,23,2,20,16,5,15,3,0,0
20180901-M-US_Open-R32-Roger_Federer-Nick_Kyrgios,Nick Kyrgios,1,7,0,24,9,2,15,0,0,0,0,0,0
20180901-M-US_Open-R32-Roger_Federer-Nick_Kyrgios,Nick Kyrgios,2,5,5,8,14,0,5,16,5,15,3,0,0
20180831-M-US_Open-R32-Rafael_Nadal-Karen_Khachanov,Rafael Nadal,Total,27,9,40,34,19,15,32,8,18,0,0,0
20180831-M-US_Open-R32-Rafael_Nadal-Karen_Khachanov,Rafael Nadal,1,22,3,24,15,13,12,0,0,0,0,0,0
20180831-M-US_Open-R32-Rafael_Nadal-Karen_Khachanov,Rafael Nadal,2,5,6,16,19,6,3,32,8,18,0,0,0
20180831-M-US_Open-R32-Rafael_Nadal-Karen_Khachanov,Karen Khachanov,Total,57,8,25,25,23,36,37,5,25,0,0,0
20180831-M-US_Open-R32-Rafael_Nadal-Karen_Khachanov,Karen Khachanov,1,35,2,25,24,9,21,0,0,0,0,0,0
20180831-M-US_Open-R32-Rafael_Nadal-Karen_Khachanov,Karen Khachanov,2,22,6,0,1,14,15,37,5,25,0,0,0
20180831-M-US_Open-R32-Kevin_Anderson-Denis_Shapovalov,Kevin Anderson,Total,25,16,35,16,14,39,18,9,13,4,0,0
20180831-M-US_Open-R32-Kevin_Anderson-Denis_Shapovalov,Kevin Anderson,1,21,5,28,12,8,28,0,0,0,0,0,0
20180831-M-US_Open-R32-Kevin_Anderson-Denis_Shapovalov,Kevin Anderson,2,4,11,7,4,6,11,18,9,13,4,0,0
20180831-M-US_Open-R32-Kevin_Anderson-Denis_Shapovalov,Denis Shapovalov,Total,9,23,41,36,19,14,28,10,23,4,0,1
20180831-M-US_Open-R32-Kevin_Anderson-Denis_Shapovalov,Denis Shapovalov,1,8,7,29,22,5,13,0,0,0,0,0,0
20180831-M-US_Open-R32-Kevin_Anderson-Denis_Shapovalov,Denis Shapovalov,2,1,16,12,14,14,1,28,10,23,4,0,1
20180831-M-US_Open-R32-Fernando_Verdasco-Juan_Martin_Del_Potro,Fernando Verdasco,Total,17,15,23,28,16,9,12,8,16,5,0,0
20180831-M-US_Open-R32-Fernando_Verdasco-Juan_Martin_Del_Potro,Fernando Verdasco,1,10,7,16,24,6,6,0,0,0,0,0,0
20180831-M-US_Open-R32-Fernando_Verdasco-Juan_Martin_Del_Potro,Fernando Verdasco,2,7,8,7,4,10,3,12,8,16,5,0,0
20180831-M-US_Open-R32-Fernando_Verdasco-Juan_Martin_Del_Potro,Juan Martin Del Potro,Total,23,17,13,12,15,21,8,2,19,5,0,0
20180831-M-US_Open-R32-Fernando_Verdasco-Juan_Martin_Del_Potro,Juan Martin Del Potro,1,20,5,13,12,4,15,0,0,0,0,0,0
20180831-M-US_Open-R32-Fernando_Verdasco-Juan_Martin_Del_Potro,Juan Martin Del Potro,2,3,12,0,0,11,6,8,2,19,5,0,0
20180831-M-US_Open-R32-Borna_Coric-Daniil_Medvedev,Borna Coric,Total,22,1,25,15,4,22,13,14,9,1,0,0
20180831-M-US_Open-R32-Borna_Coric-Daniil_Medvedev,Borna Coric,1,16,0,13,7,2,17,0,0,0,0,0,0
20180831-M-US_Open-R32-Borna_Coric-Daniil_Medvedev,Borna Coric,2,6,1,12,8,2,5,13,14,9,1,0,0
20180831-M-US_Open-R32-Borna_Coric-Daniil_Medvedev,Daniil Medvedev,Total,20,8,20,21,13,11,20,8,28,1,0,0
20180831-M-US_Open-R32-Borna_Coric-Daniil_Medvedev,Daniil Medvedev,1,12,2,9,11,1,9,0,0,0,0,0,0
20180831-M-US_Open-R32-Borna_Coric-Daniil_Medvedev,Daniil Medvedev,2,8,6,11,10,12,2,20,8,28,1,0,0
20180830-M-US_Open-R64-Benoit_Paire-Roger_Federer,Benoit Paire,Total,12,17,25,26,14,8,27,8,15,6,0,0
20180830-M-US_Open-R64-Benoit_Paire-Roger_Federer,Benoit Paire,1,9,4,15,15,6,8,0,0,0,0,0,0
20180830-M-US_Open-R64-Benoit_Paire-Roger_Federer,Benoit Paire,2,3,13,10,11,8,0,27,8,15,6,0,0
20180830-M-US_Open-R64-Benoit_Paire-Roger_Federer,Roger Federer,Total,24,5,20,24,1,21,22,12,8,3,0,0
20180830-M-US_Open-R64-Benoit_Paire-Roger_Federer,Roger Federer,1,17,1,10,17,0,10,0,0,0,0,0,0
20180830-M-US_Open-R64-Benoit_Paire-Roger_Federer,Roger Federer,2,7,4,10,7,1,11,22,12,8,3,0,0
20180829-M-US_Open-R64-Denis_Kudla-Juan_Martin_Del_Potro,Denis Kudla,Total,8,23,15,24,8,8,9,9,24,6,0,0
20180829-M-US_Open-R64-Denis_Kudla-Juan_Martin_Del_Potro,Denis Kudla,1,7,5,12,13,3,4,0,0,0,0,0,0
20180829-M-US_Open-R64-Denis_Kudla-Juan_Martin_Del_Potro,Denis Kudla,2,1,18,3,11,5,4,9,9,24,6,0,0
20180829-M-US_Open-R64-Denis_Kudla-Juan_Martin_Del_Potro,Juan Martin Del Potro,Total,13,6,20,14,7,15,10,4,4,3,0,0
20180829-M-US_Open-R64-Denis_Kudla-Juan_Martin_Del_Potro,Juan Martin Del Potro,1,12,2,15,9,3,14,0,0,0,0,0,0
20180829-M-US_Open-R64-Denis_Kudla-Juan_Martin_Del_Potro,Juan Martin Del Potro,2,1,4,5,5,4,1,10,4,4,3,0,0
20180829-M-US_Open-R64-Andy_Murray-Fernando_Verdasco,Andy Murray,Total,12,26,21,11,13,28,22,7,21,6,0,0
20180829-M-US_Open-R64-Andy_Murray-Fernando_Verdasco,Andy Murray,1,11,4,16,8,3,19,0,0,0,0,0,0
20180829-M-US_Open-R64-Andy_Murray-Fernando_Verdasco,Andy Murray,2,1,22,5,3,10,9,22,7,21,6,0,0
20180829-M-US_Open-R64-Andy_Murray-Fernando_Verdasco,Fernando Verdasco,Total,23,24,22,23,29,12,26,16,14,1,0,0
20180829-M-US_Open-R64-Andy_Murray-Fernando_Verdasco,Fernando Verdasco,1,15,9,15,19,15,10,0,0,0,0,0,0
20180829-M-US_Open-R64-Andy_Murray-Fernando_Verdasco,Fernando Verdasco,2,8,15,7,4,14,2,26,16,14,1,0,0
20180828-M-US_Open-R128-Yoshihito_Nishioka-Roger_Federer,Yoshihito Nishioka,Total,11,13,32,37,11,6,25,4,20,0,0,0
20180828-M-US_Open-R128-Yoshihito_Nishioka-Roger_Federer,Yoshihito Nishioka,1,7,7,20,18,7,6,0,0,0,0,0,0
20180828-M-US_Open-R128-Yoshihito_Nishioka-Roger_Federer,Yoshihito Nishioka,2,4,6,12,19,4,0,25,4,20,0,0,0
20180828-M-US_Open-R128-Yoshihito_Nishioka-Roger_Federer,Roger Federer,Total,26,2,15,23,1,15,13,5,9,3,0,0
20180828-M-US_Open-R128-Yoshihito_Nishioka-Roger_Federer,Roger Federer,1,20,0,9,15,1,10,0,0,0,0,0,0
20180828-M-US_Open-R128-Yoshihito_Nishioka-Roger_Federer,Roger Federer,2,6,2,6,8,0,5,13,5,9,3,0,0
20180828-M-US_Open-R128-Nikoloz_Basilashvili-Aljaz_Bedene,Nikoloz Basilashvili,Total,28,12,32,43,11,14,22,6,33,1,0,2
20180828-M-US_Open-R128-Nikoloz_Basilashvili-Aljaz_Bedene,Nikoloz Basilashvili,1,18,5,19,25,5,11,0,0,0,0,0,0
20180828-M-US_Open-R128-Nikoloz_Basilashvili-Aljaz_Bedene,Nikoloz Basilashvili,2,10,7,13,18,6,3,22,6,33,1,0,2
20180828-M-US_Open-R128-Nikoloz_Basilashvili-Aljaz_Bedene,Aljaz Bedene,Total,18,12,47,29,13,29,37,23,21,1,0,0
20180828-M-US_Open-R128-Nikoloz_Basilashvili-Aljaz_Bedene,Aljaz Bedene,1,12,0,28,10,2,22,0,0,0,0,0,0
20180828-M-US_Open-R128-Nikoloz_Basilashvili-Aljaz_Bedene,Aljaz Bedene,2,6,12,19,19,11,7,37,23,21,1,0,0
20180128-M-Australian_Open-F-Marin_Cilic-Roger_Federer,Marin Cilic,Total,24,14,36,42,0,25,13,17,23,5,0,0
20180128-M-Australian_Open-F-Marin_Cilic-Roger_Federer,Marin Cilic,1,22,3,18,25,0,20,0,0,0,0,0,0
20180128-M-Australian_Open-F-Marin_Cilic-Roger_Federer,Marin Cilic,2,2,11,18,17,0,5,13,17,23,5,0,0
20180128-M-Australian_Open-F-Marin_Cilic-Roger_Federer,Roger Federer,Total,35,11,26,29,10,28,21,20,15,3,0,0
20180128-M-Australian_Open-F-Marin_Cilic-Roger_Federer,Roger Federer,1,26,5,19,15,2,17,0,0,0,0,0,0
20180128-M-Australian_Open-F-Marin_Cilic-Roger_Federer,Roger Federer,2,9,6,7,14,8,11,21,20,15,3,0,0
20180126-M-Australian_Open-SF-Hyeon_Chung-Roger_Federer,Hyeon Chung,Total,9,3,17,3,12,9,10,9,6,1,0,0
20180126-M-Australian_Open-SF-Hyeon_Chung-Roger_Federer,Hyeon Chung,1,7,2,11,2,3,5,0,0,0,0,0,0
20180126-M-Australian_Open-SF-Hyeon_Chung-Roger_Federer,Hyeon Chung,2,2,1,6,1,9,4,10,9,6,1,0,0
20180126-M-Australian_Open-SF-Hyeon_Chung-Roger_Federer,Roger Federer,Total,9,2,8,5,7,6,5,11,5,1,0,0
20180126-M-Australian_Open-SF-Hyeon_Chung-Roger_Federer,Roger Federer,1,6,0,4,2,1,3,0,0,0,0,0,0
20180126-M-Australian_Open-SF-Hyeon_Chung-Roger_Federer,Roger Federer,2,3,2,4,3,6,3,5,11,5,1,0,0
20180124-M-Australian_Open-QF-Tomas_Berdych-Roger_Federer,Tomas Berdych,Total,14,24,11,31,4,10,19,5,13,5,0,0
20180124-M-Australian_Open-QF-Tomas_Berdych-Roger_Federer,Tomas Berdych,1,10,10,10,11,2,10,0,0,0,0,0,0
20180124-M-Australian_Open-QF-Tomas_Berdych-Roger_Federer,Tomas Berdych,2,4,14,1,20,2,0,19,5,13,5,0,0
20180124-M-Australian_Open-QF-Tomas_Berdych-Roger_Federer,Roger Federer,Total,26,10,16,22,4,18,19,11,8,2,0,1
20180124-M-Australian_Open-QF-Tomas_Berdych-Roger_Federer,Roger Federer,1,20,3,11,14,0,12,0,0,0,0,0,0
20180124-M-Australian_Open-QF-Tomas_Berdych-Roger_Federer,Roger Federer,2,6,7,5,8,4,6,19,11,8,2,0,1
20180123-M-Australian_Open-QF-Rafael_Nadal-Marin_Cilic,Rafael Nadal,Total,48,7,28,45,29,7,17,12,11,3,0,0
20180123-M-Australian_Open-QF-Rafael_Nadal-Marin_Cilic,Rafael Nadal,1,40,1,23,35,19,5,0,0,0,0,0,0
20180123-M-Australian_Open-QF-Rafael_Nadal-Marin_Cilic,Rafael Nadal,2,8,6,5,10,10,2,17,12,11,3,0,0
20180123-M-Australian_Open-QF-Rafael_Nadal-Marin_Cilic,Marin Cilic,Total,54,11,7,28,9,29,14,20,14,5,0,0
20180123-M-Australian_Open-QF-Rafael_Nadal-Marin_Cilic,Marin Cilic,1,38,3,7,21,2,22,0,0,0,0,0,0
20180123-M-Australian_Open-QF-Rafael_Nadal-Marin_Cilic,Marin Cilic,2,16,8,0,7,7,7,14,20,14,5,0,0
20180123-M-Australian_Open-QF-Grigor_Dimitrov-Kyle_Edmund,Grigor Dimitrov,Total,22,8,30,22,11,23,25,14,10,1,0,0
20180123-M-Australian_Open-QF-Grigor_Dimitrov-Kyle_Edmund,Grigor Dimitrov,1,18,7,17,13,5,13,0,0,0,0,0,0
20180123-M-Australian_Open-QF-Grigor_Dimitrov-Kyle_Edmund,Grigor Dimitrov,2,4,1,13,9,6,10,25,14,10,1,0,0
20180123-M-Australian_Open-QF-Grigor_Dimitrov-Kyle_Edmund,Kyle Edmund,Total,19,24,22,26,16,17,17,8,16,7,0,0
20180123-M-Australian_Open-QF-Grigor_Dimitrov-Kyle_Edmund,Kyle Edmund,1,18,2,20,22,4,14,0,0,0,0,0,0
20180123-M-Australian_Open-QF-Grigor_Dimitrov-Kyle_Edmund,Kyle Edmund,2,1,22,2,4,12,3,17,8,16,7,0,0
20180122-M-Australian_Open-R16-Roger_Federer-Marton_Fucsovics,Roger Federer,Total,25,7,12,20,5,12,16,9,8,1,0,1
20180122-M-Australian_Open-R16-Roger_Federer-Marton_Fucsovics,Roger Federer,1,20,3,7,8,2,8,0,0,0,0,0,0
20180122-M-Australian_Open-R16-Roger_Federer-Marton_Fucsovics,Roger Federer,2,5,4,5,12,3,4,16,9,8,1,0,1
20180122-M-Australian_Open-R16-Roger_Federer-Marton_Fucsovics,Marton Fucsovics,Total,12,16,29,40,2,9,30,8,17,2,0,0
20180122-M-Australian_Open-R16-Roger_Federer-Marton_Fucsovics,Marton Fucsovics,1,6,8,15,21,1,6,0,0,0,0,0,0
20180122-M-Australian_Open-R16-Roger_Federer-Marton_Fucsovics,Marton Fucsovics,2,6,8,14,19,1,3,30,8,17,2,0,0
20180122-M-Australian_Open-R16-Novak_Djokovic-Hyeon_Chung,Novak Djokovic,Total,44,9,13,18,15,26,22,9,20,3,0,1
20180122-M-Australian_Open-R16-Novak_Djokovic-Hyeon_Chung,Novak Djokovic,1,26,1,13,14,6,19,0,0,0,0,0,0
20180122-M-Australian_Open-R16-Novak_Djokovic-Hyeon_Chung,Novak Djokovic,2,18,8,0,4,9,7,22,9,20,3,0,1
20180122-M-Australian_Open-R16-Novak_Djokovic-Hyeon_Chung,Hyeon Chung,Total,30,22,17,12,22,31,13,6,20,5,0,2
20180122-M-Australian_Open-R16-Novak_Djokovic-Hyeon_Chung,Hyeon Chung,1,26,14,14,9,6,21,0,0,0,0,0,0
20180122-M-Australian_Open-R16-Novak_Djokovic-Hyeon_Chung,Hyeon Chung,2,4,8,3,3,16,10,13,6,20,5,0,2
20180121-M-Australian_Open-R16-Grigor_Dimitrov-Nick_Kyrgios,Grigor Dimitrov,Total,24,15,44,35,13,27,20,12,17,5,0,0
20180121-M-Australian_Open-R16-Grigor_Dimitrov-Nick_Kyrgios,Grigor Dimitrov,1,22,4,34,27,2,22,0,0,0,0,0,0
20180121-M-Australian_Open-R16-Grigor_Dimitrov-Nick_Kyrgios,Grigor Dimitrov,2,2,11,10,8,11,5,20,12,17,5,0,0
20180121-M-Australian_Open-R16-Grigor_Dimitrov-Nick_Kyrgios,Nick Kyrgios,Total,28,5,47,39,10,24,16,12,24,5,1,0
20180121-M-Australian_Open-R16-Grigor_Dimitrov-Nick_Kyrgios,Nick Kyrgios,1,26,0,32,25,0,18,0,0,0,0,0,0
20180121-M-Australian_Open-R16-Grigor_Dimitrov-Nick_Kyrgios,Nick Kyrgios,2,2,5,15,14,10,6,16,12,24,5,1,0
20180120-M-Australian_Open-R32-Roger_Federer-Richard_Gasquet,Roger Federer,Total,20,8,20,27,3,16,12,13,8,1,0,0
20180120-M-Australian_Open-R32-Roger_Federer-Richard_Gasquet,Roger Federer,1,15,2,14,18,0,12,0,0,0,0,0,0
20180120-M-Australian_Open-R32-Roger_Federer-Richard_Gasquet,Roger Federer,2,5,6,6,9,3,4,12,13,8,1,0,0
20180120-M-Australian_Open-R32-Roger_Federer-Richard_Gasquet,Richard Gasquet,Total,10,21,18,32,3,6,15,8,7,1,1,0
20180120-M-Australian_Open-R32-Roger_Federer-Richard_Gasquet,Richard Gasquet,1,10,7,14,21,3,6,0,0,0,0,0,0
20180120-M-Australian_Open-R32-Roger_Federer-Richard_Gasquet,Richard Gasquet,2,0,14,4,11,0,0,15,8,7,1,1,0
20180120-M-Australian_Open-R32-Novak_Djokovic-Albert_Ramos,Novak Djokovic,Total,28,12,5,16,7,19,18,7,8,2,0,0
20180120-M-Australian_Open-R32-Novak_Djokovic-Albert_Ramos,Novak Djokovic,1,15,9,5,12,4,10,0,0,0,0,0,0
20180120-M-Australian_Open-R32-Novak_Djokovic-Albert_Ramos,Novak Djokovic,2,13,3,0,4,3,9,18,7,8,2,0,0
20180120-M-Australian_Open-R32-Novak_Djokovic-Albert_Ramos,Albert Ramos,Total,12,11,26,21,18,7,12,8,18,4,0,0
20180120-M-Australian_Open-R32-Novak_Djokovic-Albert_Ramos,Albert Ramos,1,6,2,18,16,9,5,0,0,0,0,0,0
20180120-M-Australian_Open-R32-Novak_Djokovic-Albert_Ramos,Albert Ramos,2,6,9,8,5,9,2,12,8,18,4,0,0
20180118-M-Australian_Open-R64-Novak_Djokovic-Gael_Monfils,Novak Djokovic,Total,31,16,12,22,10,23,17,9,21,2,0,1
20180118-M-Australian_Open-R64-Novak_Djokovic-Gael_Monfils,Novak Djokovic,1,19,6,12,19,4,15,0,0,0,0,0,0
20180118-M-Australian_Open-R64-Novak_Djokovic-Gael_Monfils,Novak Djokovic,2,12,10,0,3,6,8,17,9,21,2,0,1
20180118-M-Australian_Open-R64-Novak_Djokovic-Gael_Monfils,Gael Monfils,Total,25,21,14,27,9,18,25,13,24,7,0,0
20180118-M-Australian_Open-R64-Novak_Djokovic-Gael_Monfils,Gael Monfils,1,14,11,7,10,4,14,0,0,0,0,0,0
20180118-M-Australian_Open-R64-Novak_Djokovic-Gael_Monfils,Gael Monfils,2,11,10,7,17,5,4,25,13,24,7,0,0
20180118-M-Australian_Open-R64-Karen_Khachanov-Juan_Martin_Del_Potro,Karen Khachanov,Total,27,23,28,36,16,19,14,9,23,6,0,0
20180118-M-Australian_Open-R64-Karen_Khachanov-Juan_Martin_Del_Potro,Karen Khachanov,1,25,5,25,28,1,16,0,0,0,0,0,0
20180118-M-Australian_Open-R64-Karen_Khachanov-Juan_Martin_Del_Potro,Karen Khachanov,2,2,18,3,8,15,3,14,9,23,6,0,0
20180118-M-Australian_Open-R64-Karen_Khachanov-Juan_Martin_Del_Potro,Juan Martin Del Potro,Total,27,12,36,39,8,19,17,10,17,7,0,1
20180118-M-Australian_Open-R64-Karen_Khachanov-Juan_Martin_Del_Potro,Juan Martin Del Potro,1,20,0,29,33,1,8,0,0,0,0,0,0
20180118-M-Australian_Open-R64-Karen_Khachanov-Juan_Martin_Del_Potro,Juan Martin Del Potro,2,7,12,7,6,7,11,17,10,17,7,0,1
20180118-M-Australian_Open-R64-Jan_Lennard_Struff-Roger_Federer,Jan Lennard Struff,Total,18,23,14,25,11,16,24,10,18,7,0,0
20180118-M-Australian_Open-R64-Jan_Lennard_Struff-Roger_Federer,Jan Lennard Struff,1,13,3,10,13,3,11,0,0,0,0,0,0
20180118-M-Australian_Open-R64-Jan_Lennard_Struff-Roger_Federer,Jan Lennard Struff,2,5,20,4,12,8,5,24,10,18,7,0,0
20180118-M-Australian_Open-R64-Jan_Lennard_Struff-Roger_Federer,Roger Federer,Total,23,5,19,21,9,15,16,6,14,5,0,0
20180118-M-Australian_Open-R64-Jan_Lennard_Struff-Roger_Federer,Roger Federer,1,16,0,13,11,3,9,0,0,0,0,0,0
20180118-M-Australian_Open-R64-Jan_Lennard_Struff-Roger_Federer,Roger Federer,2,7,5,6,10,6,6,16,6,14,5,0,0
20180117-M-Australian_Open-R64-Grigor_Dimitrov-Mackenzie_Mcdonald,Grigor Dimitrov,Total,31,22,25,21,23,25,27,11,14,3,0,0
20180117-M-Australian_Open-R64-Grigor_Dimitrov-Mackenzie_Mcdonald,Grigor Dimitrov,1,26,12,18,14,11,20,0,0,0,0,0,0
20180117-M-Australian_Open-R64-Grigor_Dimitrov-Mackenzie_Mcdonald,Grigor Dimitrov,2,5,10,7,7,12,5,27,11,14,3,0,0
20180117-M-Australian_Open-R64-Grigor_Dimitrov-Mackenzie_Mcdonald,Mackenzie Mcdonald,Total,19,31,29,18,22,32,21,14,34,3,0,0
20180117-M-Australian_Open-R64-Grigor_Dimitrov-Mackenzie_Mcdonald,Mackenzie Mcdonald,1,12,9,24,12,7,21,0,0,0,0,0,0
20180117-M-Australian_Open-R64-Grigor_Dimitrov-Mackenzie_Mcdonald,Mackenzie Mcdonald,2,7,22,5,6,15,11,21,14,34,3,0,0
20180117-M-Australian_Open-R64-Denis_Shapovalov-Jo_Wilfried_Tsonga,Denis Shapovalov,Total,26,10,45,46,18,10,34,14,23,4,0,0
20180117-M-Australian_Open-R64-Denis_Shapovalov-Jo_Wilfried_Tsonga,Denis Shapovalov,1,20,4,23,27,6,8,0,0,0,0,0,0
20180117-M-Australian_Open-R64-Denis_Shapovalov-Jo_Wilfried_Tsonga,Denis Shapovalov,2,6,6,22,19,12,2,34,14,23,4,0,0
20180117-M-Australian_Open-R64-Denis_Shapovalov-Jo_Wilfried_Tsonga,Jo Wilfried Tsonga,Total,46,11,26,15,8,52,44,18,17,3,6,0
20180117-M-Australian_Open-R64-Denis_Shapovalov-Jo_Wilfried_Tsonga,Jo Wilfried Tsonga,1,15,1,21,10,2,29,0,0,0,0,0,0
20180117-M-Australian_Open-R64-Denis_Shapovalov-Jo_Wilfried_Tsonga,Jo Wilfried Tsonga,2,31,10,5,5,6,23,44,18,17,3,6,0
20180116-M-Australian_Open-R64-Rafael_Nadal-Leonardo_Mayer,Rafael Nadal,Total,15,7,27,17,10,18,10,4,10,2,0,0
20180116-M-Australian_Open-R64-Rafael_Nadal-Leonardo_Mayer,Rafael Nadal,1,12,3,22,10,7,15,0,0,0,0,0,0
20180116-M-Australian_Open-R64-Rafael_Nadal-Leonardo_Mayer,Rafael Nadal,2,3,4,5,7,3,3,10,4,10,2,0,0
20180116-M-Australian_Open-R64-Rafael_Nadal-Leonardo_Mayer,Leonardo Mayer,Total,28,7,22,26,6,20,23,7,12,2,0,0
20180116-M-Australian_Open-R64-Rafael_Nadal-Leonardo_Mayer,Leonardo Mayer,1,13,5,22,20,2,9,0,0,0,0,0,0
20180116-M-Australian_Open-R64-Rafael_Nadal-Leonardo_Mayer,Leonardo Mayer,2,15,2,0,6,4,11,23,7,12,2,0,0
20180116-M-Australian_Open-R128-Roger_Federer-Aljaz_Bedene,Roger Federer,Total,17,8,17,24,3,12,11,5,8,2,0,0
20180116-M-Australian_Open-R128-Roger_Federer-Aljaz_Bedene,Roger Federer,1,11,2,14,19,2,10,0,0,0,0,0,0
20180116-M-Australian_Open-R128-Roger_Federer-Aljaz_Bedene,Roger Federer,2,6,6,3,5,1,2,11,5,8,2,0,0
20180116-M-Australian_Open-R128-Roger_Federer-Aljaz_Bedene,Aljaz Bedene,Total,16,11,20,24,4,15,17,13,13,2,0,0
20180116-M-Australian_Open-R128-Roger_Federer-Aljaz_Bedene,Aljaz Bedene,1,13,4,13,10,0,10,0,0,0,0,0,0
20180116-M-Australian_Open-R128-Roger_Federer-Aljaz_Bedene,Aljaz Bedene,2,3,7,7,14,4,5,17,13,13,2,0,0
20180114-M-Australian_Open-R128-Rafael_Nadal-Victor_Estrella,Rafael Nadal,Total,13,7,16,17,8,5,7,5,6,1,0,0
20180114-M-Australian_Open-R128-Rafael_Nadal-Victor_Estrella,Rafael Nadal,1,11,3,11,14,5,4,0,0,0,0,0,0
20180114-M-Australian_Open-R128-Rafael_Nadal-Victor_Estrella,Rafael Nadal,2,2,4,5,3,3,1,7,5,6,1,0,0
20180114-M-Australian_Open-R128-Rafael_Nadal-Victor_Estrella,Victor Estrella,Total,6,6,19,7,1,22,11,2,8,1,0,0
20180114-M-Australian_Open-R128-Rafael_Nadal-Victor_Estrella,Victor Estrella,1,2,4,16,5,0,13,0,0,0,0,0,0
20180114-M-Australian_Open-R128-Rafael_Nadal-Victor_Estrella,Victor Estrella,2,4,2,3,2,1,9,11,2,8,1,0,0
20170910-M-US_Open-F-Kevin_Anderson-Rafael_Nadal,Kevin Anderson,Total,26,13,17,18,18,16,14,15,17,2,0,0
20170910-M-US_Open-F-Kevin_Anderson-Rafael_Nadal,Kevin Anderson,1,15,7,14,10,4,14,0,0,0,0,0,0
20170910-M-US_Open-F-Kevin_Anderson-Rafael_Nadal,Kevin Anderson,2,11,6,3,8,14,2,14,15,17,2,0,0
20170910-M-US_Open-F-Kevin_Anderson-Rafael_Nadal,Rafael Nadal,Total,10,14,14,25,7,2,14,7,8,0,0,0
20170910-M-US_Open-F-Kevin_Anderson-Rafael_Nadal,Rafael Nadal,1,8,4,10,17,3,2,0,0,0,0,0,0
20170910-M-US_Open-F-Kevin_Anderson-Rafael_Nadal,Rafael Nadal,2,2,10,4,8,4,0,14,7,8,0,0,0
20170908-M-US_Open-SF-Rafael_Nadal-Juan_Martin_Del_Potro,Rafael Nadal,Total,16,8,25,27,4,10,16,2,7,1,0,0
20170908-M-US_Open-SF-Rafael_Nadal-Juan_Martin_Del_Potro,Rafael Nadal,1,13,3,15,23,3,9,0,0,0,0,0,0
20170908-M-US_Open-SF-Rafael_Nadal-Juan_Martin_Del_Potro,Rafael Nadal,2,3,5,10,4,1,1,16,2,7,1,0,0
20170908-M-US_Open-SF-Rafael_Nadal-Juan_Martin_Del_Potro,Juan Martin Del Potro,Total,21,8,21,10,14,21,19,2,13,2,0,0
20170908-M-US_Open-SF-Rafael_Nadal-Juan_Martin_Del_Potro,Juan Martin Del Potro,1,14,2,20,10,6,11,0,0,0,0,0,0
20170908-M-US_Open-SF-Rafael_Nadal-Juan_Martin_Del_Potro,Juan Martin Del Potro,2,7,6,1,0,8,10,19,2,13,2,0,0
20170831-M-US_Open-R64-Roger_Federer-Mikhail_Youzhny,Roger Federer,Total,32,9,33,34,7,25,16,20,14,6,0,0
20170831-M-US_Open-R64-Roger_Federer-Mikhail_Youzhny,Roger Federer,1,26,4,18,22,0,16,0,0,0,0,0,0
20170831-M-US_Open-R64-Roger_Federer-Mikhail_Youzhny,Roger Federer,2,6,5,15,12,7,9,16,20,14,6,0,0
20170831-M-US_Open-R64-Roger_Federer-Mikhail_Youzhny,Mikhail Youzhny,Total,24,12,56,60,7,18,41,7,24,4,0,0
20170831-M-US_Open-R64-Roger_Federer-Mikhail_Youzhny,Mikhail Youzhny,1,16,4,33,39,4,13,0,0,0,0,0,0
20170831-M-US_Open-R64-Roger_Federer-Mikhail_Youzhny,Mikhail Youzhny,2,8,8,23,21,3,5,41,7,24,4,0,0
20170829-M-US_Open-R128-Roger_Federer-Frances_Tiafoe,Roger Federer,Total,25,19,18,20,12,22,21,12,18,6,0,0
20170829-M-US_Open-R128-Roger_Federer-Frances_Tiafoe,Roger Federer,1,17,9,12,8,2,15,0,0,0,0,0,0
20170829-M-US_Open-R128-Roger_Federer-Frances_Tiafoe,Roger Federer,2,8,10,6,12,10,7,21,12,18,6,0,0
20170829-M-US_Open-R128-Roger_Federer-Frances_Tiafoe,Frances Tiafoe,Total,24,34,14,38,18,10,29,14,28,2,0,0
20170829-M-US_Open-R128-Roger_Federer-Frances_Tiafoe,Frances Tiafoe,1,18,16,6,14,9,8,0,0,0,0,0,0
20170829-M-US_Open-R128-Roger_Federer-Frances_Tiafoe,Frances Tiafoe,2,6,18,8,24,9,2,29,14,28,2,0,0
20170828-M-US_Open-R16-Dominic_Thiem-Juan_Martin_Del_Potro,Dominic Thiem,Total,15,7,54,30,30,8,26,15,14,3,0,0
20170828-M-US_Open-R16-Dominic_Thiem-Juan_Martin_Del_Potro,Dominic Thiem,1,15,4,30,27,9,6,0,0,0,0,0,0
20170828-M-US_Open-R16-Dominic_Thiem-Juan_Martin_Del_Potro,Dominic Thiem,2,0,3,24,3,21,2,26,15,14,3,0,0
20170828-M-US_Open-R16-Dominic_Thiem-Juan_Martin_Del_Potro,Juan Martin Del Potro,Total,10,14,47,9,44,12,26,8,24,4,0,0
20170828-M-US_Open-R16-Dominic_Thiem-Juan_Martin_Del_Potro,Juan Martin Del Potro,1,7,5,31,8,15,12,0,0,0,0,0,0
20170828-M-US_Open-R16-Dominic_Thiem-Juan_Martin_Del_Potro,Juan Martin Del Potro,2,3,9,16,1,29,0,26,8,24,4,0,0
20170127-M-Australian_Open-SF-Rafael_Nadal-Grigor_Dimitrov,Rafael Nadal,Total,21,26,49,47,23,18,17,12,15,8,0,0
20170127-M-Australian_Open-SF-Rafael_Nadal-Grigor_Dimitrov,Rafael Nadal,1,16,13,39,41,12,14,0,0,0,0,0,0
20170127-M-Australian_Open-SF-Rafael_Nadal-Grigor_Dimitrov,Rafael Nadal,2,5,13,10,6,11,4,17,12,15,8,0,0
20170127-M-Australian_Open-SF-Rafael_Nadal-Grigor_Dimitrov,Grigor Dimitrov,Total,43,8,44,24,16,46,25,9,23,5,0,0
20170127-M-Australian_Open-SF-Rafael_Nadal-Grigor_Dimitrov,Grigor Dimitrov,1,29,1,38,15,5,36,0,0,0,0,0,0
20170127-M-Australian_Open-SF-Rafael_Nadal-Grigor_Dimitrov,Grigor Dimitrov,2,14,7,6,9,11,10,25,9,23,5,0,0
20170126-M-Australian_Open-SF-Roger_Federer-Stan_Wawrinka,Roger Federer,Total,30,21,25,29,15,23,19,19,16,6,0,0
20170126-M-Australian_Open-SF-Roger_Federer-Stan_Wawrinka,Roger Federer,1,26,4,15,17,7,17,0,0,0,0,0,0
20170126-M-Australian_Open-SF-Roger_Federer-Stan_Wawrinka,Roger Federer,2,4,17,10,12,8,6,19,19,16,6,0,0
20170126-M-Australian_Open-SF-Roger_Federer-Stan_Wawrinka,Stan Wawrinka,Total,20,18,32,37,10,17,13,15,17,3,0,0
20170126-M-Australian_Open-SF-Roger_Federer-Stan_Wawrinka,Stan Wawrinka,1,17,15,15,22,5,14,0,0,0,0,0,0
20170126-M-Australian_Open-SF-Roger_Federer-Stan_Wawrinka,Stan Wawrinka,2,3,3,17,15,5,3,13,15,17,3,0,0
20170124-M-Australian_Open-QF-Roger_Federer-Mischa_Zverev,Roger Federer,Total,20,8,13,15,9,14,11,5,7,3,0,0
20170124-M-Australian_Open-QF-Roger_Federer-Mischa_Zverev,Roger Federer,1,14,3,13,11,3,10,0,0,0,0,0,0
20170124-M-Australian_Open-QF-Roger_Federer-Mischa_Zverev,Roger Federer,2,6,5,0,4,6,4,11,5,7,3,0,0
20170124-M-Australian_Open-QF-Roger_Federer-Mischa_Zverev,Mischa Zverev,Total,6,24,20,16,16,15,17,0,8,0,0,0
20170124-M-Australian_Open-QF-Roger_Federer-Mischa_Zverev,Mischa Zverev,1,5,17,13,14,9,14,0,0,0,0,0,0
20170124-M-Australian_Open-QF-Roger_Federer-Mischa_Zverev,Mischa Zverev,2,1,7,7,2,7,1,17,0,8,0,0,0
20170124-M-Australian_Open-QF-Milos_Raonic-Rafael_Nadal,Milos Raonic,Total,25,12,19,22,7,22,19,9,8,2,0,0
20170124-M-Australian_Open-QF-Milos_Raonic-Rafael_Nadal,Milos Raonic,1,21,4,14,18,5,9,0,0,0,0,0,0
20170124-M-Australian_Open-QF-Milos_Raonic-Rafael_Nadal,Milos Raonic,2,4,8,5,4,2,13,19,9,8,2,0,0
20170124-M-Australian_Open-QF-Milos_Raonic-Rafael_Nadal,Rafael Nadal,Total,21,9,26,27,10,12,12,5,14,2,0,0
20170124-M-Australian_Open-QF-Milos_Raonic-Rafael_Nadal,Rafael Nadal,1,17,6,18,23,5,7,0,0,0,0,0,0
20170124-M-Australian_Open-QF-Milos_Raonic-Rafael_Nadal,Rafael Nadal,2,4,3,8,4,5,5,12,5,14,2,0,0
20170124-M-Australian_Open-QF-Grigor_Dimitrov-David_Goffin,Grigor Dimitrov,Total,13,12,24,24,7,15,22,7,11,0,0,0
20170124-M-Australian_Open-QF-Grigor_Dimitrov-David_Goffin,Grigor Dimitrov,1,12,3,15,12,3,14,0,0,0,0,0,0
20170124-M-Australian_Open-QF-Grigor_Dimitrov-David_Goffin,Grigor Dimitrov,2,1,9,9,12,4,1,22,7,11,0,0,0
20170124-M-Australian_Open-QF-Grigor_Dimitrov-David_Goffin,David Goffin,Total,19,3,27,26,4,15,23,6,24,0,0,0
20170124-M-Australian_Open-QF-Grigor_Dimitrov-David_Goffin,David Goffin,1,12,2,8,11,2,9,0,0,0,0,0,0
20170124-M-Australian_Open-QF-Grigor_Dimitrov-David_Goffin,David Goffin,2,7,1,19,15,2,6,23,6,24,0,0,0
20170123-M-Australian_Open-R16-David_Goffin-Dominic_Thiem,David Goffin,Total,24,8,34,32,3,24,36,3,13,5,0,0
20170123-M-Australian_Open-R16-David_Goffin-Dominic_Thiem,David Goffin,1,13,2,20,17,0,18,0,0,0,0,0,0
20170123-M-Australian_Open-R16-David_Goffin-Dominic_Thiem,David Goffin,2,11,6,14,15,3,6,36,3,13,5,0,0
20170123-M-Australian_Open-R16-David_Goffin-Dominic_Thiem,Dominic Thiem,Total,21,15,29,30,11,22,31,10,14,1,0,0
20170123-M-Australian_Open-R16-David_Goffin-Dominic_Thiem,Dominic Thiem,1,16,6,19,14,3,19,0,0,0,0,0,0
20170123-M-Australian_Open-R16-David_Goffin-Dominic_Thiem,Dominic Thiem,2,5,9,10,16,8,3,31,10,14,1,0,0
20170122-M-Australian_Open-R16-Roger_Federer-Kei_Nishikori,Roger Federer,Total,36,10,28,29,7,32,14,13,14,11,0,0
20170122-M-Australian_Open-R16-Roger_Federer-Kei_Nishikori,Roger Federer,1,24,5,20,20,2,25,0,0,0,0,0,0
20170122-M-Australian_Open-R16-Roger_Federer-Kei_Nishikori,Roger Federer,2,12,5,8,9,5,7,14,13,14,11,0,0
20170122-M-Australian_Open-R16-Roger_Federer-Kei_Nishikori,Kei Nishikori,Total,28,18,40,44,12,22,26,10,21,5,0,0
20170122-M-Australian_Open-R16-Roger_Federer-Kei_Nishikori,Kei Nishikori,1,25,13,21,24,6,18,0,0,0,0,0,0
20170122-M-Australian_Open-R16-Roger_Federer-Kei_Nishikori,Kei Nishikori,2,3,5,19,20,6,4,26,10,21,5,0,0
20170121-M-Australian_Open-R32-Rafael_Nadal-Alexander_Zverev,Rafael Nadal,Total,26,22,29,18,31,24,17,10,14,0,0,0
20170121-M-Australian_Open-R32-Rafael_Nadal-Alexander_Zverev,Rafael Nadal,1,16,11,28,18,22,18,0,0,0,0,0,0
20170121-M-Australian_Open-R32-Rafael_Nadal-Alexander_Zverev,Rafael Nadal,2,10,11,1,0,9,6,17,10,14,0,0,0
20170121-M-Australian_Open-R32-Rafael_Nadal-Alexander_Zverev,Alexander Zverev,Total,37,23,27,26,22,33,36,10,26,4,0,0
20170121-M-Australian_Open-R32-Rafael_Nadal-Alexander_Zverev,Alexander Zverev,1,26,9,25,23,4,17,0,0,0,0,0,0
20170121-M-Australian_Open-R32-Rafael_Nadal-Alexander_Zverev,Alexander Zverev,2,11,14,2,3,18,16,36,10,26,4,0,0
20170121-M-Australian_Open-R32-Milos_Raonic-Gilles_Simon,Milos Raonic,Total,31,7,21,25,7,21,16,8,16,1,0,0
20170121-M-Australian_Open-R32-Milos_Raonic-Gilles_Simon,Milos Raonic,1,18,5,17,16,4,14,0,0,0,0,0,0
20170121-M-Australian_Open-R32-Milos_Raonic-Gilles_Simon,Milos Raonic,2,13,2,4,9,3,7,16,8,16,1,0,0
20170121-M-Australian_Open-R32-Milos_Raonic-Gilles_Simon,Gilles Simon,Total,30,7,23,21,6,22,8,9,12,0,0,0
20170121-M-Australian_Open-R32-Milos_Raonic-Gilles_Simon,Gilles Simon,1,28,4,14,13,5,19,0,0,0,0,0,0
20170121-M-Australian_Open-R32-Milos_Raonic-Gilles_Simon,Gilles Simon,2,2,3,9,8,1,3,8,9,12,0,0,0
20170120-M-Australian_Open-R32-Tomas_Berdych-Roger_Federer,Tomas Berdych,Total,14,8,20,13,11,13,15,5,12,0,0,0
20170120-M-Australian_Open-R32-Tomas_Berdych-Roger_Federer,Tomas Berdych,1,11,4,14,10,0,11,0,0,0,0,0,0
20170120-M-Australian_Open-R32-Tomas_Berdych-Roger_Federer,Tomas Berdych,2,3,4,6,3,11,2,15,5,12,0,0,0
20170120-M-Australian_Open-R32-Tomas_Berdych-Roger_Federer,Roger Federer,Total,15,3,17,16,4,13,6,5,12,7,0,0
20170120-M-Australian_Open-R32-Tomas_Berdych-Roger_Federer,Roger Federer,1,10,2,9,12,0,7,0,0,0,0,0,0
20170120-M-Australian_Open-R32-Tomas_Berdych-Roger_Federer,Roger Federer,2,5,1,8,4,4,6,6,5,12,7,0,0
20170119-M-Australian_Open-R64-Novak_Djokovic-Denis_Istomin,Novak Djokovic,Total,44,18,35,30,22,33,41,13,27,3,0,1
20170119-M-Australian_Open-R64-Novak_Djokovic-Denis_Istomin,Novak Djokovic,1,30,2,27,20,5,21,0,0,0,0,0,0
20170119-M-Australian_Open-R64-Novak_Djokovic-Denis_Istomin,Novak Djokovic,2,14,16,8,10,17,12,41,13,27,3,0,1
20170119-M-Australian_Open-R64-Novak_Djokovic-Denis_Istomin,Denis Istomin,Total,37,30,32,35,12,42,27,12,15,3,0,4
20170119-M-Australian_Open-R64-Novak_Djokovic-Denis_Istomin,Denis Istomin,1,34,4,28,31,0,33,0,0,0,0,0,0
20170119-M-Australian_Open-R64-Novak_Djokovic-Denis_Istomin,Denis Istomin,2,3,26,4,4,12,9,27,12,15,3,0,4
20170118-M-Australian_Open-R64-Nick_Kyrgios-Andreas_Seppi,Nick Kyrgios,Total,41,7,40,29,9,45,12,19,27,2,0,1
20170118-M-Australian_Open-R64-Nick_Kyrgios-Andreas_Seppi,Nick Kyrgios,1,37,2,24,18,6,31,0,0,0,0,0,0
20170118-M-Australian_Open-R64-Nick_Kyrgios-Andreas_Seppi,Nick Kyrgios,2,4,5,16,11,3,14,12,19,27,2,0,1
20170118-M-Australian_Open-R64-Nick_Kyrgios-Andreas_Seppi,Andreas Seppi,Total,24,22,33,29,23,18,15,23,21,6,1,2
20170118-M-Australian_Open-R64-Nick_Kyrgios-Andreas_Seppi,Andreas Seppi,1,21,0,24,20,3,17,0,0,0,0,0,0
20170118-M-Australian_Open-R64-Nick_Kyrgios-Andreas_Seppi,Andreas Seppi,2,3,22,9,9,20,1,15,23,21,6,1,2
20170117-M-Australian_Open-R128-Rafael_Nadal-Florian_Mayer,Rafael Nadal,Total,17,17,7,7,15,13,9,4,10,1,0,0
20170117-M-Australian_Open-R128-Rafael_Nadal-Florian_Mayer,Rafael Nadal,1,16,7,3,5,11,11,0,0,0,0,0,0
20170117-M-Australian_Open-R128-Rafael_Nadal-Florian_Mayer,Rafael Nadal,2,1,10,4,2,4,2,9,4,10,1,0,0
20170117-M-Australian_Open-R128-Rafael_Nadal-Florian_Mayer,Florian Mayer,Total,25,8,17,24,11,15,17,10,8,1,0,0
20170117-M-Australian_Open-R128-Rafael_Nadal-Florian_Mayer,Florian Mayer,1,14,5,16,14,5,11,0,0,0,0,0,0
20170117-M-Australian_Open-R128-Rafael_Nadal-Florian_Mayer,Florian Mayer,2,11,3,1,10,6,4,17,10,8,1,0,0
20170117-M-Australian_Open-R128-Novak_Djokovic-Fernando_Verdasco,Novak Djokovic,Total,29,16,3,20,6,20,17,6,12,2,0,0
20170117-M-Australian_Open-R128-Novak_Djokovic-Fernando_Verdasco,Novak Djokovic,1,13,15,3,13,2,13,0,0,0,0,0,0
20170117-M-Australian_Open-R128-Novak_Djokovic-Fernando_Verdasco,Novak Djokovic,2,16,1,0,7,4,7,17,6,12,2,0,0
20170117-M-Australian_Open-R128-Novak_Djokovic-Fernando_Verdasco,Fernando Verdasco,Total,24,11,19,25,19,7,14,11,24,6,0,0
20170117-M-Australian_Open-R128-Novak_Djokovic-Fernando_Verdasco,Fernando Verdasco,1,11,7,14,16,4,3,0,0,0,0,0,0
20170117-M-Australian_Open-R128-Novak_Djokovic-Fernando_Verdasco,Fernando Verdasco,2,13,4,5,9,15,4,14,11,24,6,0,0
20170116-M-Australian_Open-R128-Jurgen_Melzer-Roger_Federer,Jurgen Melzer,Total,13,7,36,37,5,12,13,3,12,0,0,0
20170116-M-Australian_Open-R128-Jurgen_Melzer-Roger_Federer,Jurgen Melzer,1,11,4,28,30,0,10,0,0,0,0,0,0
20170116-M-Australian_Open-R128-Jurgen_Melzer-Roger_Federer,Jurgen Melzer,2,2,3,8,7,5,2,13,3,12,0,0,0
20170116-M-Australian_Open-R128-Jurgen_Melzer-Roger_Federer,Roger Federer,Total,26,4,23,22,7,21,9,8,18,1,0,1
20170116-M-Australian_Open-R128-Jurgen_Melzer-Roger_Federer,Roger Federer,1,18,0,16,15,2,16,0,0,0,0,0,0
20170116-M-Australian_Open-R128-Jurgen_Melzer-Roger_Federer,Roger Federer,2,8,4,7,7,5,5,9,8,18,1,0,1
20160911-M-US_Open-F-Novak_Djokovic-Stan_Wawrinka,Novak Djokovic,Total,22,35,6,35,18,7,33,3,31,0,0,0
20160911-M-US_Open-F-Novak_Djokovic-Stan_Wawrinka,Novak Djokovic,1,11,14,6,18,9,5,0,0,0,0,0,0
20160911-M-US_Open-F-Novak_Djokovic-Stan_Wawrinka,Novak Djokovic,2,11,21,0,17,9,2,33,3,31,0,0,0
20160911-M-US_Open-F-Novak_Djokovic-Stan_Wawrinka,Stan Wawrinka,Total,30,45,9,52,16,11,22,18,32,2,1,0
20160911-M-US_Open-F-Novak_Djokovic-Stan_Wawrinka,Stan Wawrinka,1,25,11,4,31,9,11,0,0,0,0,0,0
20160911-M-US_Open-F-Novak_Djokovic-Stan_Wawrinka,Stan Wawrinka,2,5,34,5,21,7,0,22,18,32,2,1,0
20160909-M-US_Open-SF-Stan_Wawrinka-Kei_Nishikori,Stan Wawrinka,Total,30,8,23,25,5,25,22,12,12,5,0,0
20160909-M-US_Open-SF-Stan_Wawrinka-Kei_Nishikori,Stan Wawrinka,1,19,1,14,16,0,23,0,0,0,0,0,0
20160909-M-US_Open-SF-Stan_Wawrinka-Kei_Nishikori,Stan Wawrinka,2,11,7,9,9,5,2,22,12,12,5,0,0
20160909-M-US_Open-SF-Stan_Wawrinka-Kei_Nishikori,Kei Nishikori,Total,30,14,19,28,19,12,29,8,18,2,0,0
20160909-M-US_Open-SF-Stan_Wawrinka-Kei_Nishikori,Kei Nishikori,1,25,4,10,12,12,8,0,0,0,0,0,0
20160909-M-US_Open-SF-Stan_Wawrinka-Kei_Nishikori,Kei Nishikori,2,5,10,9,16,7,4,29,8,18,2,0,0
20160909-M-US_Open-SF-Novak_Djokovic-Gael_Monfils,Novak Djokovic,Total,20,15,20,11,16,24,25,2,14,4,0,0
20160909-M-US_Open-SF-Novak_Djokovic-Gael_Monfils,Novak Djokovic,1,15,3,13,8,10,19,0,0,0,0,0,0
20160909-M-US_Open-SF-Novak_Djokovic-Gael_Monfils,Novak Djokovic,2,5,12,7,3,6,5,25,2,14,4,0,0
20160909-M-US_Open-SF-Novak_Djokovic-Gael_Monfils,Gael Monfils,Total,25,5,27,27,6,20,29,9,19,5,0,0
20160909-M-US_Open-SF-Novak_Djokovic-Gael_Monfils,Gael Monfils,1,14,0,12,15,1,17,0,0,0,0,0,0
20160909-M-US_Open-SF-Novak_Djokovic-Gael_Monfils,Gael Monfils,2,11,5,15,12,5,3,29,9,19,5,0,0
20160908-M-US_Open-QF-Juan_Martin_Del_Potro-Stan_Wawrinka,Juan Martin Del Potro,Total,13,9,40,21,9,30,22,5,32,0,0,0
20160908-M-US_Open-QF-Juan_Martin_Del_Potro-Stan_Wawrinka,Juan Martin Del Potro,1,12,3,17,11,5,23,0,0,0,0,0,0
20160908-M-US_Open-QF-Juan_Martin_Del_Potro-Stan_Wawrinka,Juan Martin Del Potro,2,1,6,23,10,4,7,22,5,32,0,0,0
20160908-M-US_Open-QF-Juan_Martin_Del_Potro-Stan_Wawrinka,Stan Wawrinka,Total,23,5,34,28,9,19,15,14,20,1,0,0
20160908-M-US_Open-QF-Juan_Martin_Del_Potro-Stan_Wawrinka,Stan Wawrinka,1,19,1,18,12,4,14,0,0,0,0,0,0
20160908-M-US_Open-QF-Juan_Martin_Del_Potro-Stan_Wawrinka,Stan Wawrinka,2,4,4,16,16,5,5,15,14,20,1,0,0
20160907-M-US_Open-QF-Andy_Murray-Kei_Nishikori,Andy Murray,Total,32,17,23,29,12,28,35,8,19,5,0,0
20160907-M-US_Open-QF-Andy_Murray-Kei_Nishikori,Andy Murray,1,27,2,13,14,1,20,0,0,0,0,0,0
20160907-M-US_Open-QF-Andy_Murray-Kei_Nishikori,Andy Murray,2,5,15,10,15,11,8,35,8,19,5,0,0
20160907-M-US_Open-QF-Andy_Murray-Kei_Nishikori,Kei Nishikori,Total,21,28,19,19,27,16,29,6,21,0,0,0
20160907-M-US_Open-QF-Andy_Murray-Kei_Nishikori,Kei Nishikori,1,16,11,14,14,13,10,0,0,0,0,0,0
20160907-M-US_Open-QF-Andy_Murray-Kei_Nishikori,Kei Nishikori,2,5,17,5,5,14,6,29,6,21,0,0,0
20160906-M-US_Open-QF-Lucas_Pouille-Gael_Monfils,Lucas Pouille,Total,13,9,26,26,6,12,20,4,20,1,0,0
20160906-M-US_Open-QF-Lucas_Pouille-Gael_Monfils,Lucas Pouille,1,12,3,13,10,3,12,0,0,0,0,0,0
20160906-M-US_Open-QF-Lucas_Pouille-Gael_Monfils,Lucas Pouille,2,1,6,13,16,3,0,20,4,20,1,0,0
20160906-M-US_Open-QF-Lucas_Pouille-Gael_Monfils,Gael Monfils,Total,21,6,13,14,2,19,11,7,11,1,0,0
20160906-M-US_Open-QF-Lucas_Pouille-Gael_Monfils,Gael Monfils,1,12,2,11,11,0,11,0,0,0,0,0,0
20160906-M-US_Open-QF-Lucas_Pouille-Gael_Monfils,Gael Monfils,2,9,4,2,3,2,8,11,7,11,1,0,0
20160904-M-US_Open-R16-Lucas_Pouille-Rafael_Nadal,Lucas Pouille,Total,45,13,27,24,22,31,47,10,32,4,0,0
20160904-M-US_Open-R16-Lucas_Pouille-Rafael_Nadal,Lucas Pouille,1,22,7,19,10,2,13,0,0,0,0,0,0
20160904-M-US_Open-R16-Lucas_Pouille-Rafael_Nadal,Lucas Pouille,2,23,6,8,14,20,18,47,10,32,4,0,0
20160904-M-US_Open-R16-Lucas_Pouille-Rafael_Nadal,Rafael Nadal,Total,5,12,62,53,7,11,29,11,20,4,0,0
20160904-M-US_Open-R16-Lucas_Pouille-Rafael_Nadal,Rafael Nadal,1,4,4,34,31,6,11,0,0,0,0,0,0
20160904-M-US_Open-R16-Lucas_Pouille-Rafael_Nadal,Rafael Nadal,2,1,8,28,22,1,0,29,11,20,4,0,0
20160829-M-US_Open-R128-Novak_Djokovic-Jerzy_Janowicz,Novak Djokovic,Total,25,20,14,25,12,18,21,3,17,7,0,0
20160829-M-US_Open-R128-Novak_Djokovic-Jerzy_Janowicz,Novak Djokovic,1,20,11,8,10,8,14,0,0,0,0,0,0
20160829-M-US_Open-R128-Novak_Djokovic-Jerzy_Janowicz,Novak Djokovic,2,5,9,6,15,4,4,21,3,17,7,0,0
20160829-M-US_Open-R128-Novak_Djokovic-Jerzy_Janowicz,Jerzy Janowicz,Total,23,24,14,31,10,14,23,3,30,7,3,1
20160829-M-US_Open-R128-Novak_Djokovic-Jerzy_Janowicz,Jerzy Janowicz,1,16,12,4,15,5,10,0,0,0,0,0,0
20160829-M-US_Open-R128-Novak_Djokovic-Jerzy_Janowicz,Jerzy Janowicz,2,7,12,10,16,5,4,23,3,30,7,3,1
20160131-M-Australian_Open-F-Novak_Djokovic-Andy_Murray,Novak Djokovic,Total,24,13,20,19,12,23,12,15,14,0,0,0
20160131-M-Australian_Open-F-Novak_Djokovic-Andy_Murray,Novak Djokovic,1,16,5,15,14,7,16,0,0,0,0,0,0
20160131-M-Australian_Open-F-Novak_Djokovic-Andy_Murray,Novak Djokovic,2,8,8,5,5,5,7,12,15,14,0,0,0
20160131-M-Australian_Open-F-Novak_Djokovic-Andy_Murray,Andy Murray,Total,31,8,20,21,11,20,18,10,16,1,0,0
20160131-M-Australian_Open-F-Novak_Djokovic-Andy_Murray,Andy Murray,1,29,1,10,14,2,15,0,0,0,0,0,0
20160131-M-Australian_Open-F-Novak_Djokovic-Andy_Murray,Andy Murray,2,2,7,10,7,9,5,18,10,16,1,0,0
20160129-M-Australian_Open-SF-Andy_Murray-Milos_Raonic,Andy Murray,Total,35,8,34,17,20,32,18,12,18,1,0,0
20160129-M-Australian_Open-SF-Andy_Murray-Milos_Raonic,Andy Murray,1,32,3,22,10,9,23,0,0,0,0,0,0
20160129-M-Australian_Open-SF-Andy_Murray-Milos_Raonic,Andy Murray,2,3,5,12,7,11,9,18,12,18,1,0,0
20160129-M-Australian_Open-SF-Andy_Murray-Milos_Raonic,Milos Raonic,Total,26,31,33,29,28,25,19,21,23,2,0,0
20160129-M-Australian_Open-SF-Andy_Murray-Milos_Raonic,Milos Raonic,1,20,15,24,23,12,21,0,0,0,0,0,0
20160129-M-Australian_Open-SF-Andy_Murray-Milos_Raonic,Milos Raonic,2,6,16,9,6,16,4,19,21,23,2,0,0
20160128-M-Australian_Open-SF-Novak_Djokovic-Roger_Federer,Novak Djokovic,Total,14,13,24,15,11,20,15,9,9,0,0,0
20160128-M-Australian_Open-SF-Novak_Djokovic-Roger_Federer,Novak Djokovic,1,11,2,18,10,7,17,0,0,0,0,0,0
20160128-M-Australian_Open-SF-Novak_Djokovic-Roger_Federer,Novak Djokovic,2,3,11,6,5,4,3,15,9,9,0,0,0
20160128-M-Australian_Open-SF-Novak_Djokovic-Roger_Federer,Roger Federer,Total,19,10,23,12,12,24,15,18,10,1,0,0
20160128-M-Australian_Open-SF-Novak_Djokovic-Roger_Federer,Roger Federer,1,14,2,15,10,3,13,0,0,0,0,0,0
20160128-M-Australian_Open-SF-Novak_Djokovic-Roger_Federer,Roger Federer,2,5,8,8,2,9,11,15,18,10,1,0,0
20160127-M-Australian_Open-QF-Milos_Raonic-Gael_Monfils,Milos Raonic,Total,15,19,22,20,14,11,6,14,21,2,0,0
20160127-M-Australian_Open-QF-Milos_Raonic-Gael_Monfils,Milos Raonic,1,11,9,13,12,8,9,0,0,0,0,0,0
20160127-M-Australian_Open-QF-Milos_Raonic-Gael_Monfils,Milos Raonic,2,4,10,9,8,6,2,6,14,21,2,0,0
20160127-M-Australian_Open-QF-Milos_Raonic-Gael_Monfils,Gael Monfils,Total,21,7,29,17,13,20,17,19,11,1,0,0
20160127-M-Australian_Open-QF-Milos_Raonic-Gael_Monfils,Gael Monfils,1,15,3,18,14,1,14,0,0,0,0,0,0
20160127-M-Australian_Open-QF-Milos_Raonic-Gael_Monfils,Gael Monfils,2,6,4,11,3,12,6,17,19,11,1,0,0
20160126-M-Australian_Open-QF-Roger_Federer-Tomas_Berdych,Roger Federer,Total,20,13,15,19,5,15,9,9,8,4,0,0
20160126-M-Australian_Open-QF-Roger_Federer-Tomas_Berdych,Roger Federer,1,16,7,14,13,0,10,0,0,0,0,0,0
20160126-M-Australian_Open-QF-Roger_Federer-Tomas_Berdych,Roger Federer,2,4,6,1,6,5,5,9,9,8,4,0,0
20160126-M-Australian_Open-QF-Roger_Federer-Tomas_Berdych,Tomas Berdych,Total,21,24,13,33,2,18,21,17,15,3,0,0
20160126-M-Australian_Open-QF-Roger_Federer-Tomas_Berdych,Tomas Berdych,1,18,7,11,9,1,14,0,0,0,0,0,0
20160126-M-Australian_Open-QF-Roger_Federer-Tomas_Berdych,Tomas Berdych,2,3,17,2,24,1,4,21,17,15,3,0,0
20160126-M-Australian_Open-QF-Novak_Djokovic-Kei_Nishikori,Novak Djokovic,Total,19,12,15,13,13,17,17,10,12,1,0,0
20160126-M-Australian_Open-QF-Novak_Djokovic-Kei_Nishikori,Novak Djokovic,1,15,4,11,9,4,8,0,0,0,0,0,0
20160126-M-Australian_Open-QF-Novak_Djokovic-Kei_Nishikori,Novak Djokovic,2,4,8,4,4,9,9,17,10,12,1,0,0
20160126-M-Australian_Open-QF-Novak_Djokovic-Kei_Nishikori,Kei Nishikori,Total,11,11,22,11,16,13,10,9,18,1,0,1
20160126-M-Australian_Open-QF-Novak_Djokovic-Kei_Nishikori,Kei Nishikori,1,10,1,10,9,8,11,0,0,0,0,0,0
20160126-M-Australian_Open-QF-Novak_Djokovic-Kei_Nishikori,Kei Nishikori,2,1,10,12,2,8,2,10,9,18,1,0,1
20160125-M-Australian_Open-R16-Stan_Wawrinka-Milos_Raonic,Stan Wawrinka,Total,23,13,54,43,16,22,21,17,41,2,0,0
20160125-M-Australian_Open-R16-Stan_Wawrinka-Milos_Raonic,Stan Wawrinka,1,19,7,27,24,5,17,0,0,0,0,0,0
20160125-M-Australian_Open-R16-Stan_Wawrinka-Milos_Raonic,Stan Wawrinka,2,4,6,27,19,11,5,21,17,41,2,0,0
20160125-M-Australian_Open-R16-Stan_Wawrinka-Milos_Raonic,Milos Raonic,Total,26,27,26,37,14,19,26,10,13,5,0,0
20160125-M-Australian_Open-R16-Stan_Wawrinka-Milos_Raonic,Milos Raonic,1,20,20,19,26,3,13,0,0,0,0,0,0
20160125-M-Australian_Open-R16-Stan_Wawrinka-Milos_Raonic,Milos Raonic,2,6,7,7,11,11,6,26,10,13,5,0,0
20160124-M-Australian_Open-R16-Novak_Djokovic-Gilles_Simon,Novak Djokovic,Total,41,18,32,35,12,37,28,16,21,3,0,0
20160124-M-Australian_Open-R16-Novak_Djokovic-Gilles_Simon,Novak Djokovic,1,28,8,21,24,1,26,0,0,0,0,0,0
20160124-M-Australian_Open-R16-Novak_Djokovic-Gilles_Simon,Novak Djokovic,2,13,10,11,11,11,11,28,16,21,3,0,0
20160124-M-Australian_Open-R16-Novak_Djokovic-Gilles_Simon,Gilles Simon,Total,42,23,31,33,34,28,27,11,27,4,0,0
20160124-M-Australian_Open-R16-Novak_Djokovic-Gilles_Simon,Gilles Simon,1,42,7,19,19,13,26,0,0,0,0,0,0
20160124-M-Australian_Open-R16-Novak_Djokovic-Gilles_Simon,Gilles Simon,2,0,16,12,14,21,2,27,11,27,4,0,0
20160123-M-Australian_Open-R32-Stan_Wawrinka-Lukas_Rosol,Stan Wawrinka,Total,21,12,12,12,11,17,15,7,17,3,0,0
20160123-M-Australian_Open-R32-Stan_Wawrinka-Lukas_Rosol,Stan Wawrinka,1,13,3,8,11,2,9,0,0,0,0,0,0
20160123-M-Australian_Open-R32-Stan_Wawrinka-Lukas_Rosol,Stan Wawrinka,2,8,9,4,1,9,8,15,7,17,3,0,0
20160123-M-Australian_Open-R32-Stan_Wawrinka-Lukas_Rosol,Lukas Rosol,Total,13,19,17,13,13,16,19,2,25,4,0,0
20160123-M-Australian_Open-R32-Stan_Wawrinka-Lukas_Rosol,Lukas Rosol,1,11,5,12,8,3,8,0,0,0,0,0,0
20160123-M-Australian_Open-R32-Stan_Wawrinka-Lukas_Rosol,Lukas Rosol,2,2,14,5,5,10,8,19,2,25,4,0,0
20160122-M-Australian_Open-R32-Grigor_Dimitrov-Roger_Federer,Grigor Dimitrov,Total,22,33,10,27,14,19,21,7,22,3,0,0
20160122-M-Australian_Open-R32-Grigor_Dimitrov-Roger_Federer,Grigor Dimitrov,1,18,11,9,17,8,12,0,0,0,0,0,0
20160122-M-Australian_Open-R32-Grigor_Dimitrov-Roger_Federer,Grigor Dimitrov,2,4,22,1,10,6,7,21,7,22,3,0,0
20160122-M-Australian_Open-R32-Grigor_Dimitrov-Roger_Federer,Roger Federer,Total,27,12,18,31,7,17,18,16,8,5,0,0
20160122-M-Australian_Open-R32-Grigor_Dimitrov-Roger_Federer,Roger Federer,1,23,4,12,18,2,11,0,0,0,0,0,0
20160122-M-Australian_Open-R32-Grigor_Dimitrov-Roger_Federer,Roger Federer,2,4,8,6,13,5,6,18,16,8,5,0,0
20160122-M-Australian_Open-R32-Gilles_Simon-Federico_Delbonis,Gilles Simon,Total,23,4,9,6,4,20,14,3,4,0,0,0
20160122-M-Australian_Open-R32-Gilles_Simon-Federico_Delbonis,Gilles Simon,1,17,1,8,5,1,14,0,0,0,0,0,0
20160122-M-Australian_Open-R32-Gilles_Simon-Federico_Delbonis,Gilles Simon,2,6,3,1,1,3,6,14,3,4,0,0,0
20160122-M-Australian_Open-R32-Gilles_Simon-Federico_Delbonis,Federico Delbonis,Total,9,8,26,19,11,6,13,5,15,2,0,0
20160122-M-Australian_Open-R32-Gilles_Simon-Federico_Delbonis,Federico Delbonis,1,6,5,12,13,3,6,0,0,0,0,0,0
20160122-M-Australian_Open-R32-Gilles_Simon-Federico_Delbonis,Federico Delbonis,2,3,3,14,6,8,0,13,5,15,2,0,0
20160122-M-Australian_Open-R32-David_Goffin-Dominic_Thiem,David Goffin,Total,23,13,23,29,4,17,28,7,19,2,0,0
20160122-M-Australian_Open-R32-David_Goffin-Dominic_Thiem,David Goffin,1,16,3,15,11,2,13,0,0,0,0,0,0
20160122-M-Australian_Open-R32-David_Goffin-Dominic_Thiem,David Goffin,2,7,10,8,18,2,4,28,7,19,2,0,0
20160122-M-Australian_Open-R32-David_Goffin-Dominic_Thiem,Dominic Thiem,Total,23,7,18,16,5,20,12,9,14,4,0,0
20160122-M-Australian_Open-R32-David_Goffin-Dominic_Thiem,Dominic Thiem,1,18,2,8,10,0,17,0,0,0,0,0,0
20160122-M-Australian_Open-R32-David_Goffin-Dominic_Thiem,Dominic Thiem,2,5,5,10,6,5,3,12,9,14,4,0,0
20160120-M-Australian_Open-R64-Roger_Federer-Alexandr_Dolgopolov,Roger Federer,Total,22,4,11,9,7,17,14,4,6,0,0,0
20160120-M-Australian_Open-R64-Roger_Federer-Alexandr_Dolgopolov,Roger Federer,1,17,1,9,6,3,12,0,0,0,0,0,0
20160120-M-Australian_Open-R64-Roger_Federer-Alexandr_Dolgopolov,Roger Federer,2,5,3,2,3,4,5,14,4,6,0,0,0
20160120-M-Australian_Open-R64-Roger_Federer-Alexandr_Dolgopolov,Alexandr Dolgopolov,Total,20,10,17,27,7,12,23,10,12,1,0,0
20160120-M-Australian_Open-R64-Roger_Federer-Alexandr_Dolgopolov,Alexandr Dolgopolov,1,11,6,8,17,4,7,0,0,0,0,0,0
20160120-M-Australian_Open-R64-Roger_Federer-Alexandr_Dolgopolov,Alexandr Dolgopolov,2,9,4,9,10,3,5,23,10,12,1,0,0
20160119-M-Australian_Open-R128-Rafael_Nadal-Fernando_Verdasco,Rafael Nadal,Total,22,22,44,18,43,21,24,16,19,9,0,0
20160119-M-Australian_Open-R128-Rafael_Nadal-Fernando_Verdasco,Rafael Nadal,1,11,4,33,17,28,15,0,0,0,0,0,0
20160119-M-Australian_Open-R128-Rafael_Nadal-Fernando_Verdasco,Rafael Nadal,2,11,18,11,1,15,6,24,16,19,9,0,0
20160119-M-Australian_Open-R128-Rafael_Nadal-Fernando_Verdasco,Fernando Verdasco,Total,52,10,36,57,8,29,37,12,25,9,0,0
20160119-M-Australian_Open-R128-Rafael_Nadal-Fernando_Verdasco,Fernando Verdasco,1,26,0,27,41,2,23,0,0,0,0,0,0
20160119-M-Australian_Open-R128-Rafael_Nadal-Fernando_Verdasco,Fernando Verdasco,2,26,10,9,16,6,6,37,12,25,9,0,0
20150913-M-US_Open-F-Roger_Federer-Novak_Djokovic,Roger Federer,Total,36,4,30,43,1,23,21,13,17,4,0,0
20150913-M-US_Open-F-Roger_Federer-Novak_Djokovic,Roger Federer,1,26,1,21,24,0,15,0,0,0,0,0,0
20150913-M-US_Open-F-Roger_Federer-Novak_Djokovic,Roger Federer,2,10,3,9,19,1,8,21,13,17,4,0,0
20150913-M-US_Open-F-Roger_Federer-Novak_Djokovic,Novak Djokovic,Total,33,7,39,44,4,28,17,12,31,4,0,0
20150913-M-US_Open-F-Roger_Federer-Novak_Djokovic,Novak Djokovic,1,23,2,28,19,4,20,0,0,0,0,0,0
20150913-M-US_Open-F-Roger_Federer-Novak_Djokovic,Novak Djokovic,2,10,5,11,25,0,8,17,12,31,4,0,0
20150911-M-US_Open-SF-Stan_Wawrinka-Roger_Federer,Stan Wawrinka,Total,13,6,22,24,1,12,15,8,15,2,1,0
20150911-M-US_Open-SF-Stan_Wawrinka-Roger_Federer,Stan Wawrinka,1,7,3,6,12,1,9,0,0,0,0,0,0
20150911-M-US_Open-SF-Stan_Wawrinka-Roger_Federer,Stan Wawrinka,2,6,3,16,12,0,3,15,8,15,2,1,0
20150911-M-US_Open-SF-Stan_Wawrinka-Roger_Federer,Roger Federer,Total,24,3,13,26,0,11,7,12,10,0,0,0
20150911-M-US_Open-SF-Stan_Wawrinka-Roger_Federer,Roger Federer,1,15,1,7,19,0,8,0,0,0,0,0,0
20150911-M-US_Open-SF-Stan_Wawrinka-Roger_Federer,Roger Federer,2,9,2,6,7,0,3,7,12,10,0,0,0
20150911-M-US_Open-SF-Novak_Djokovic-Marin_Cilic,Novak Djokovic,Total,13,6,12,7,5,13,4,5,11,0,0,0
20150911-M-US_Open-SF-Novak_Djokovic-Marin_Cilic,Novak Djokovic,1,10,3,8,5,2,9,0,0,0,0,0,0
20150911-M-US_Open-SF-Novak_Djokovic-Marin_Cilic,Novak Djokovic,2,3,3,4,2,3,4,4,5,11,0,0,0
20150911-M-US_Open-SF-Novak_Djokovic-Marin_Cilic,Marin Cilic,Total,15,7,12,19,6,7,14,9,15,2,0,0
20150911-M-US_Open-SF-Novak_Djokovic-Marin_Cilic,Marin Cilic,1,14,1,4,8,0,4,0,0,0,0,0,0
20150911-M-US_Open-SF-Novak_Djokovic-Marin_Cilic,Marin Cilic,2,1,6,8,11,6,3,14,9,15,2,0,0
20150910-M-US_Open-QF-Roger_Federer-Richard_Gasquet,Roger Federer,Total,20,1,16,18,2,13,5,4,10,0,0,0
20150910-M-US_Open-QF-Roger_Federer-Richard_Gasquet,Roger Federer,1,18,1,12,11,0,11,0,0,0,0,0,0
20150910-M-US_Open-QF-Roger_Federer-Richard_Gasquet,Roger Federer,2,2,0,4,7,2,2,5,4,10,0,0,0
20150910-M-US_Open-QF-Roger_Federer-Richard_Gasquet,Richard Gasquet,Total,10,8,20,27,1,7,14,6,9,2,0,0
20150910-M-US_Open-QF-Roger_Federer-Richard_Gasquet,Richard Gasquet,1,9,4,9,15,1,6,0,0,0,0,0,0
20150910-M-US_Open-QF-Roger_Federer-Richard_Gasquet,Richard Gasquet,2,1,4,11,12,0,1,14,6,9,2,0,0
20150909-M-US_Open-QF-Novak_Djokovic-Feliciano_Lopez,Novak Djokovic,Total,37,2,23,24,8,23,22,5,20,2,0,0
20150909-M-US_Open-QF-Novak_Djokovic-Feliciano_Lopez,Novak Djokovic,1,23,1,14,15,5,10,0,0,0,0,0,0
20150909-M-US_Open-QF-Novak_Djokovic-Feliciano_Lopez,Novak Djokovic,2,14,1,9,9,3,13,22,5,20,2,0,0
20150909-M-US_Open-QF-Novak_Djokovic-Feliciano_Lopez,Feliciano Lopez,Total,23,11,27,35,3,17,32,11,17,3,0,0
20150909-M-US_Open-QF-Novak_Djokovic-Feliciano_Lopez,Feliciano Lopez,1,15,1,11,14,2,16,0,0,0,0,0,0
20150909-M-US_Open-QF-Novak_Djokovic-Feliciano_Lopez,Feliciano Lopez,2,8,10,16,21,1,1,32,11,17,3,0,0
20150908-M-US_Open-R16-Roger_Federer-John_Isner,Roger Federer,Total,17,8,30,29,4,19,18,8,17,2,0,0
20150908-M-US_Open-R16-Roger_Federer-John_Isner,Roger Federer,1,14,4,21,13,1,10,0,0,0,0,0,0
20150908-M-US_Open-R16-Roger_Federer-John_Isner,Roger Federer,2,3,4,9,16,3,9,18,8,17,2,0,0
20150908-M-US_Open-R16-Roger_Federer-John_Isner,John Isner,Total,24,23,23,26,5,32,11,13,18,1,0,0
20150908-M-US_Open-R16-Roger_Federer-John_Isner,John Isner,1,21,10,20,13,3,24,0,0,0,0,0,0
20150908-M-US_Open-R16-Roger_Federer-John_Isner,John Isner,2,3,13,3,13,2,8,11,13,18,1,0,0
20150907-M-US_Open-R16-Andy_Murray-Kevin_Anderson,Andy Murray,Total,31,9,36,28,20,24,19,26,9,5,0,0
20150907-M-US_Open-R16-Andy_Murray-Kevin_Anderson,Andy Murray,1,26,4,20,17,6,19,0,0,0,0,0,0
20150907-M-US_Open-R16-Andy_Murray-Kevin_Anderson,Andy Murray,2,5,5,16,11,14,5,19,26,9,5,0,0
20150907-M-US_Open-R16-Andy_Murray-Kevin_Anderson,Kevin Anderson,Total,25,5,61,30,15,35,24,30,7,5,0,0
20150907-M-US_Open-R16-Andy_Murray-Kevin_Anderson,Kevin Anderson,1,20,1,43,16,2,29,0,0,0,0,0,0
20150907-M-US_Open-R16-Andy_Murray-Kevin_Anderson,Kevin Anderson,2,5,4,18,14,13,6,24,30,7,5,0,0
20150905-M-US_Open-R32-Roger_Federer-Philipp_Kohlschreiber,Roger Federer,Total,14,5,25,23,1,15,18,6,11,1,0,0
20150905-M-US_Open-R32-Roger_Federer-Philipp_Kohlschreiber,Roger Federer,1,11,3,17,9,1,10,0,0,0,0,0,0
20150905-M-US_Open-R32-Roger_Federer-Philipp_Kohlschreiber,Roger Federer,2,3,2,8,14,0,5,18,6,11,1,0,0
20150905-M-US_Open-R32-Roger_Federer-Philipp_Kohlschreiber,Philipp Kohlschreiber,Total,15,9,12,25,2,8,15,7,10,0,0,0
20150905-M-US_Open-R32-Roger_Federer-Philipp_Kohlschreiber,Philipp Kohlschreiber,1,7,6,10,14,0,7,0,0,0,0,0,0
20150905-M-US_Open-R32-Roger_Federer-Philipp_Kohlschreiber,Philipp Kohlschreiber,2,8,3,2,11,2,1,15,7,10,0,0,0
20150904-M-US_Open-R32-Novak_Djokovic-Andreas_Seppi,Novak Djokovic,Total,19,8,21,16,9,18,11,9,11,2,0,0
20150904-M-US_Open-R32-Novak_Djokovic-Andreas_Seppi,Novak Djokovic,1,12,1,15,11,6,16,0,0,0,0,0,0
20150904-M-US_Open-R32-Novak_Djokovic-Andreas_Seppi,Novak Djokovic,2,7,7,6,5,3,2,11,9,11,2,0,0
20150904-M-US_Open-R32-Novak_Djokovic-Andreas_Seppi,Andreas Seppi,Total,16,12,28,19,20,14,23,8,19,5,0,0
20150904-M-US_Open-R32-Novak_Djokovic-Andreas_Seppi,Andreas Seppi,1,13,1,16,14,1,12,0,0,0,0,0,0
20150904-M-US_Open-R32-Novak_Djokovic-Andreas_Seppi,Andreas Seppi,2,3,11,12,5,19,2,23,8,19,5,0,0
20150903-M-US_Open-R64-Steve_Darcis-Roger_Federer,Steve Darcis,Total,20,10,12,30,3,5,26,2,10,1,0,0
20150903-M-US_Open-R64-Steve_Darcis-Roger_Federer,Steve Darcis,1,13,4,7,13,2,4,0,0,0,0,0,0
20150903-M-US_Open-R64-Steve_Darcis-Roger_Federer,Steve Darcis,2,7,6,5,17,1,1,26,2,10,1,0,0
20150903-M-US_Open-R64-Steve_Darcis-Roger_Federer,Roger Federer,Total,15,5,13,18,0,10,6,7,5,1,0,0
20150903-M-US_Open-R64-Steve_Darcis-Roger_Federer,Roger Federer,1,11,2,9,13,0,8,0,0,0,0,0,0
20150903-M-US_Open-R64-Steve_Darcis-Roger_Federer,Roger Federer,2,4,3,4,5,0,2,6,7,5,1,0,0
20150903-M-US_Open-R64-Bernard_Tomic-Lleyton_Hewitt,Bernard Tomic,Total,37,7,39,50,5,20,27,21,9,1,0,0
20150903-M-US_Open-R64-Bernard_Tomic-Lleyton_Hewitt,Bernard Tomic,1,27,2,25,32,2,16,0,0,0,0,0,0
20150903-M-US_Open-R64-Bernard_Tomic-Lleyton_Hewitt,Bernard Tomic,2,10,5,14,18,3,4,27,21,9,1,0,0
20150903-M-US_Open-R64-Bernard_Tomic-Lleyton_Hewitt,Lleyton Hewitt,Total,40,16,26,34,15,29,47,17,10,6,0,0
20150903-M-US_Open-R64-Bernard_Tomic-Lleyton_Hewitt,Lleyton Hewitt,1,34,4,13,13,2,21,0,0,0,0,0,0
20150903-M-US_Open-R64-Bernard_Tomic-Lleyton_Hewitt,Lleyton Hewitt,2,6,12,13,21,13,8,47,17,10,6,0,0
20150902-M-US_Open-R64-Fernando_Verdasco-Milos_Raonic,Fernando Verdasco,Total,18,7,39,28,12,20,17,10,18,0,0,0
20150902-M-US_Open-R64-Fernando_Verdasco-Milos_Raonic,Fernando Verdasco,1,11,4,32,23,5,9,0,0,0,0,0,0
20150902-M-US_Open-R64-Fernando_Verdasco-Milos_Raonic,Fernando Verdasco,2,7,3,7,5,7,11,17,10,18,0,0,0
20150902-M-US_Open-R64-Fernando_Verdasco-Milos_Raonic,Milos Raonic,Total,46,5,17,20,1,37,21,15,16,4,0,0
20150902-M-US_Open-R64-Fernando_Verdasco-Milos_Raonic,Milos Raonic,1,30,2,15,8,1,21,0,0,0,0,0,0
20150902-M-US_Open-R64-Fernando_Verdasco-Milos_Raonic,Milos Raonic,2,16,3,2,12,0,16,21,15,16,4,0,0
20150902-M-US_Open-R128-Andy_Murray-Nick_Kyrgios,Andy Murray,Total,18,10,38,19,11,29,21,13,19,1,0,0
20150902-M-US_Open-R128-Andy_Murray-Nick_Kyrgios,Andy Murray,1,15,2,22,8,3,23,0,0,0,0,0,0
20150902-M-US_Open-R128-Andy_Murray-Nick_Kyrgios,Andy Murray,2,3,8,16,11,8,6,21,13,19,1,0,0
20150902-M-US_Open-R128-Andy_Murray-Nick_Kyrgios,Nick Kyrgios,Total,22,9,26,11,14,27,17,8,19,0,0,0
20150902-M-US_Open-R128-Andy_Murray-Nick_Kyrgios,Nick Kyrgios,1,17,1,17,9,1,23,0,0,0,0,0,0
20150902-M-US_Open-R128-Andy_Murray-Nick_Kyrgios,Nick Kyrgios,2,5,8,9,2,13,4,17,8,19,0,0,0
20150901-M-US_Open-R128-Roger_Federer-Leonardo_Mayer,Roger Federer,Total,14,8,12,22,1,9,12,7,7,1,0,0
20150901-M-US_Open-R128-Roger_Federer-Leonardo_Mayer,Roger Federer,1,10,3,8,15,0,8,0,0,0,0,0,0
20150901-M-US_Open-R128-Roger_Federer-Leonardo_Mayer,Roger Federer,2,4,5,4,7,1,1,12,7,7,1,0,0
20150901-M-US_Open-R128-Roger_Federer-Leonardo_Mayer,Leonardo Mayer,Total,25,4,6,15,5,12,24,2,7,2,0,0
20150901-M-US_Open-R128-Roger_Federer-Leonardo_Mayer,Leonardo Mayer,1,16,1,1,6,4,10,0,0,0,0,0,0
20150901-M-US_Open-R128-Roger_Federer-Leonardo_Mayer,Leonardo Mayer,2,9,3,5,9,1,2,24,2,7,2,0,0
20150831-M-US_Open-R128-Tim_Smyczek-Milos_Raonic,Tim Smyczek,Total,9,10,28,32,1,12,12,6,15,0,0,0
20150831-M-US_Open-R128-Tim_Smyczek-Milos_Raonic,Tim Smyczek,1,6,8,15,22,1,10,0,0,0,0,0,0
20150831-M-US_Open-R128-Tim_Smyczek-Milos_Raonic,Tim Smyczek,2,3,2,13,10,0,2,12,6,15,0,0,0
20150831-M-US_Open-R128-Tim_Smyczek-Milos_Raonic,Milos Raonic,Total,23,4,19,24,1,17,22,13,11,2,0,1
20150831-M-US_Open-R128-Tim_Smyczek-Milos_Raonic,Milos Raonic,1,16,1,9,7,1,10,0,0,0,0,0,0
20150831-M-US_Open-R128-Tim_Smyczek-Milos_Raonic,Milos Raonic,2,7,3,10,17,0,7,22,13,11,2,0,1
20150201-M-Australian_Open-F-Novak_Djokovic-Andy_Murray,Novak Djokovic,Total,30,24,17,25,10,30,20,14,17,5,0,0
20150201-M-Australian_Open-F-Novak_Djokovic-Andy_Murray,Novak Djokovic,1,23,4,13,20,1,20,0,0,0,0,0,0
20150201-M-Australian_Open-F-Novak_Djokovic-Andy_Murray,Novak Djokovic,2,7,20,4,5,9,10,20,14,17,5,0,0
20150201-M-Australian_Open-F-Novak_Djokovic-Andy_Murray,Andy Murray,Total,23,8,29,17,10,29,15,11,12,5,0,1
20150201-M-Australian_Open-F-Novak_Djokovic-Andy_Murray,Andy Murray,1,20,1,18,10,0,26,0,0,0,0,0,0
20150201-M-Australian_Open-F-Novak_Djokovic-Andy_Murray,Andy Murray,2,3,7,11,7,10,3,15,11,12,5,0,1
20150130-M-Australian_Open-SF-Novak_Djokovic-Stan_Wawrinka,Novak Djokovic,Total,22,18,33,37,4,21,20,9,18,4,0,0
20150130-M-Australian_Open-SF-Novak_Djokovic-Stan_Wawrinka,Novak Djokovic,1,16,3,27,24,3,14,0,0,0,0,0,0
20150130-M-Australian_Open-SF-Novak_Djokovic-Stan_Wawrinka,Novak Djokovic,2,6,15,6,13,1,7,20,9,18,4,0,0
20150130-M-Australian_Open-SF-Novak_Djokovic-Stan_Wawrinka,Stan Wawrinka,Total,32,18,31,29,12,35,12,13,26,16,0,0
20150130-M-Australian_Open-SF-Novak_Djokovic-Stan_Wawrinka,Stan Wawrinka,1,30,6,17,10,0,31,0,0,0,0,0,0
20150130-M-Australian_Open-SF-Novak_Djokovic-Stan_Wawrinka,Stan Wawrinka,2,2,12,14,19,12,4,12,13,26,16,0,0
20150129-M-Australian_Open-SF-Tomas_Berdych-Andy_Murray,Tomas Berdych,Total,24,17,26,23,9,28,25,7,20,5,1,0
20150129-M-Australian_Open-SF-Tomas_Berdych-Andy_Murray,Tomas Berdych,1,22,0,16,15,0,22,0,0,0,0,0,0
20150129-M-Australian_Open-SF-Tomas_Berdych-Andy_Murray,Tomas Berdych,2,2,17,10,8,9,6,25,7,20,5,1,0
20150129-M-Australian_Open-SF-Tomas_Berdych-Andy_Murray,Andy Murray,Total,35,7,25,16,16,31,19,11,14,3,0,0
20150129-M-Australian_Open-SF-Tomas_Berdych-Andy_Murray,Andy Murray,1,29,0,13,12,2,29,0,0,0,0,0,0
20150129-M-Australian_Open-SF-Tomas_Berdych-Andy_Murray,Andy Murray,2,6,7,12,4,14,2,19,11,14,3,0,0
20150127-M-Australian_Open-QF-Tomas_Berdych-Rafael_Nadal,Tomas Berdych,Total,24,10,11,13,4,25,12,6,12,0,0,0
20150127-M-Australian_Open-QF-Tomas_Berdych-Rafael_Nadal,Tomas Berdych,1,19,0,11,9,0,18,0,0,0,0,0,0
20150127-M-Australian_Open-QF-Tomas_Berdych-Rafael_Nadal,Tomas Berdych,2,5,10,0,4,4,7,12,6,12,0,0,0
20150127-M-Australian_Open-QF-Tomas_Berdych-Rafael_Nadal,Rafael Nadal,Total,10,11,22,18,10,11,15,3,8,1,0,0
20150127-M-Australian_Open-QF-Tomas_Berdych-Rafael_Nadal,Rafael Nadal,1,10,3,19,16,5,8,0,0,0,0,0,0
20150127-M-Australian_Open-QF-Tomas_Berdych-Rafael_Nadal,Rafael Nadal,2,0,8,3,2,5,3,15,3,8,1,0,0
20150127-M-Australian_Open-QF-Stan_Wawrinka-Kei_Nishikori,Stan Wawrinka,Total,23,6,18,25,3,16,14,6,15,3,0,0
20150127-M-Australian_Open-QF-Stan_Wawrinka-Kei_Nishikori,Stan Wawrinka,1,16,1,10,20,0,10,0,0,0,0,0,0
20150127-M-Australian_Open-QF-Stan_Wawrinka-Kei_Nishikori,Stan Wawrinka,2,7,5,8,5,3,6,14,6,15,3,0,0
20150127-M-Australian_Open-QF-Stan_Wawrinka-Kei_Nishikori,Kei Nishikori,Total,22,4,23,28,5,12,18,4,11,4,0,0
20150127-M-Australian_Open-QF-Stan_Wawrinka-Kei_Nishikori,Kei Nishikori,1,20,1,14,12,2,10,0,0,0,0,0,0
20150127-M-Australian_Open-QF-Stan_Wawrinka-Kei_Nishikori,Kei Nishikori,2,2,3,9,16,3,2,18,4,11,4,0,0
20150127-M-Australian_Open-QF-Andy_Murray-Nick_Kyrgios,Andy Murray,Total,25,6,16,9,5,26,9,5,13,1,0,0
20150127-M-Australian_Open-QF-Andy_Murray-Nick_Kyrgios,Andy Murray,1,19,2,9,6,1,23,0,0,0,0,0,0
20150127-M-Australian_Open-QF-Andy_Murray-Nick_Kyrgios,Andy Murray,2,6,4,7,3,4,3,9,5,13,1,0,0
20150127-M-Australian_Open-QF-Andy_Murray-Nick_Kyrgios,Nick Kyrgios,Total,22,8,26,30,3,21,10,12,20,2,0,0
20150127-M-Australian_Open-QF-Andy_Murray-Nick_Kyrgios,Nick Kyrgios,1,17,0,16,19,0,17,0,0,0,0,0,0
20150127-M-Australian_Open-QF-Andy_Murray-Nick_Kyrgios,Nick Kyrgios,2,5,8,10,11,3,4,10,12,20,2,0,0
20150126-M-Australian_Open-QF-Novak_Djokovic-Milos_Raonic,Novak Djokovic,Total,19,9,14,14,4,18,10,5,9,1,0,0
20150126-M-Australian_Open-QF-Novak_Djokovic-Milos_Raonic,Novak Djokovic,1,14,4,12,9,1,15,0,0,0,0,0,0
20150126-M-Australian_Open-QF-Novak_Djokovic-Milos_Raonic,Novak Djokovic,2,5,5,2,5,3,3,10,5,9,1,0,0
20150126-M-Australian_Open-QF-Novak_Djokovic-Milos_Raonic,Milos Raonic,Total,24,11,16,29,6,13,11,7,11,3,0,1
20150126-M-Australian_Open-QF-Novak_Djokovic-Milos_Raonic,Milos Raonic,1,21,2,14,18,2,11,0,0,0,0,0,0
20150126-M-Australian_Open-QF-Novak_Djokovic-Milos_Raonic,Milos Raonic,2,3,9,2,11,4,2,11,7,11,3,0,1
20150125-M-Australian_Open-R16-Nick_Kyrgios-Andreas_Seppi,Nick Kyrgios,Total,26,8,63,48,4,38,14,15,40,9,0,0
20150125-M-Australian_Open-R16-Nick_Kyrgios-Andreas_Seppi,Nick Kyrgios,1,19,1,39,30,1,26,0,0,0,0,0,0
20150125-M-Australian_Open-R16-Nick_Kyrgios-Andreas_Seppi,Nick Kyrgios,2,7,7,24,18,3,12,14,15,40,9,0,0
20150125-M-Australian_Open-R16-Nick_Kyrgios-Andreas_Seppi,Andreas Seppi,Total,32,12,47,36,15,36,23,10,26,8,0,0
20150125-M-Australian_Open-R16-Nick_Kyrgios-Andreas_Seppi,Andreas Seppi,1,28,2,30,22,2,31,0,0,0,0,0,0
20150125-M-Australian_Open-R16-Nick_Kyrgios-Andreas_Seppi,Andreas Seppi,2,4,10,17,14,13,5,23,10,26,8,0,0
20150125-M-Australian_Open-R16-Grigor_Dimitrov-Andy_Murray,Grigor Dimitrov,Total,42,20,16,30,17,28,22,10,17,1,0,0
20150125-M-Australian_Open-R16-Grigor_Dimitrov-Andy_Murray,Grigor Dimitrov,1,38,3,13,25,1,26,0,0,0,0,0,0
20150125-M-Australian_Open-R16-Grigor_Dimitrov-Andy_Murray,Grigor Dimitrov,2,4,17,3,5,16,2,22,10,17,1,0,0
20150125-M-Australian_Open-R16-Grigor_Dimitrov-Andy_Murray,Andy Murray,Total,41,8,22,34,6,25,19,12,14,3,0,0
20150125-M-Australian_Open-R16-Grigor_Dimitrov-Andy_Murray,Andy Murray,1,32,4,13,19,1,23,0,0,0,0,0,0
20150125-M-Australian_Open-R16-Grigor_Dimitrov-Andy_Murray,Andy Murray,2,9,4,9,15,5,2,19,12,14,3,0,0
20150125-M-Australian_Open-R16-Bernard_Tomic-Tomas_Berdych,Bernard Tomic,Total,26,5,22,26,11,15,14,8,13,3,0,0
20150125-M-Australian_Open-R16-Bernard_Tomic-Tomas_Berdych,Bernard Tomic,1,19,1,17,19,1,11,0,0,0,0,0,0
20150125-M-Australian_Open-R16-Bernard_Tomic-Tomas_Berdych,Bernard Tomic,2,7,4,5,7,10,4,14,8,13,3,0,0
20150125-M-Australian_Open-R16-Bernard_Tomic-Tomas_Berdych,Tomas Berdych,Total,18,10,17,13,11,19,18,20,6,1,0,0
20150125-M-Australian_Open-R16-Bernard_Tomic-Tomas_Berdych,Tomas Berdych,1,16,0,13,1,3,13,0,0,0,0,0,0
20150125-M-Australian_Open-R16-Bernard_Tomic-Tomas_Berdych,Tomas Berdych,2,2,10,4,12,8,6,18,20,6,1,0,0
20150123-M-Australian_Open-R32-Roger_Federer-Andreas_Seppi,Roger Federer,Total,28,9,34,34,8,25,23,20,20,2,0,0
20150123-M-Australian_Open-R32-Roger_Federer-Andreas_Seppi,Roger Federer,1,23,1,24,16,0,18,0,0,0,0,0,0
20150123-M-Australian_Open-R32-Roger_Federer-Andreas_Seppi,Roger Federer,2,5,8,10,18,8,7,23,20,20,2,0,0
20150123-M-Australian_Open-R32-Roger_Federer-Andreas_Seppi,Andreas Seppi,Total,34,10,34,33,12,28,27,12,26,4,0,0
20150123-M-Australian_Open-R32-Roger_Federer-Andreas_Seppi,Andreas Seppi,1,28,1,15,18,0,24,0,0,0,0,0,0
20150123-M-Australian_Open-R32-Roger_Federer-Andreas_Seppi,Andreas Seppi,2,6,9,19,15,12,4,27,12,26,4,0,0
20150123-M-Australian_Open-R32-Nick_Kyrgios-Malek_Jaziri,Nick Kyrgios,Total,16,1,36,22,1,25,14,6,6,5,0,0
20150123-M-Australian_Open-R32-Nick_Kyrgios-Malek_Jaziri,Nick Kyrgios,1,10,1,28,13,0,20,0,0,0,0,0,0
20150123-M-Australian_Open-R32-Nick_Kyrgios-Malek_Jaziri,Nick Kyrgios,2,6,0,8,9,1,5,14,6,6,5,0,0
20150123-M-Australian_Open-R32-Nick_Kyrgios-Malek_Jaziri,Malek Jaziri,Total,12,14,21,23,8,12,29,2,13,1,0,0
20150123-M-Australian_Open-R32-Nick_Kyrgios-Malek_Jaziri,Malek Jaziri,1,11,1,13,11,1,10,0,0,0,0,0,0
20150123-M-Australian_Open-R32-Nick_Kyrgios-Malek_Jaziri,Malek Jaziri,2,1,13,8,12,7,2,29,2,13,1,0,0
20150123-M-Australian_Open-R32-Fernando_Verdasco-Novak_Djokovic,Fernando Verdasco,Total,25,8,30,27,6,27,21,8,18,5,0,0
20150123-M-Australian_Open-R32-Fernando_Verdasco-Novak_Djokovic,Fernando Verdasco,1,17,3,21,19,0,16,0,0,0,0,0,0
20150123-M-Australian_Open-R32-Fernando_Verdasco-Novak_Djokovic,Fernando Verdasco,2,8,5,9,8,6,11,21,8,18,5,0,0
20150123-M-Australian_Open-R32-Fernando_Verdasco-Novak_Djokovic,Novak Djokovic,Total,30,3,15,18,5,20,7,3,10,5,0,0
20150123-M-Australian_Open-R32-Fernando_Verdasco-Novak_Djokovic,Novak Djokovic,1,22,2,11,15,1,15,0,0,0,0,0,0
20150123-M-Australian_Open-R32-Fernando_Verdasco-Novak_Djokovic,Novak Djokovic,2,8,1,4,3,4,5,7,3,10,5,0,0
20150121-M-Australian_Open-R64-Simone_Bolelli-Roger_Federer,Simone Bolelli,Total,11,17,29,26,6,19,32,7,11,4,1,0
20150121-M-Australian_Open-R64-Simone_Bolelli-Roger_Federer,Simone Bolelli,1,10,3,16,11,1,16,0,0,0,0,0,0
20150121-M-Australian_Open-R64-Simone_Bolelli-Roger_Federer,Simone Bolelli,2,1,14,13,15,5,3,32,7,11,4,1,0
20150121-M-Australian_Open-R64-Simone_Bolelli-Roger_Federer,Roger Federer,Total,21,6,21,22,4,18,13,5,12,0,0,0
20150121-M-Australian_Open-R64-Simone_Bolelli-Roger_Federer,Roger Federer,1,17,2,13,16,0,14,0,0,0,0,0,0
20150121-M-Australian_Open-R64-Simone_Bolelli-Roger_Federer,Roger Federer,2,4,4,8,6,4,4,13,5,12,0,0,0
20150121-M-Australian_Open-R64-Rafael_Nadal-Tim_Smyczek,Rafael Nadal,Total,12,24,45,49,12,12,27,14,14,2,0,0
20150121-M-Australian_Open-R64-Rafael_Nadal-Tim_Smyczek,Rafael Nadal,1,9,12,30,40,5,8,0,0,0,0,0,0
20150121-M-Australian_Open-R64-Rafael_Nadal-Tim_Smyczek,Rafael Nadal,2,3,12,15,9,7,4,27,14,14,2,0,0
20150121-M-Australian_Open-R64-Rafael_Nadal-Tim_Smyczek,Tim Smyczek,Total,52,7,23,27,3,44,22,13,15,1,0,0
20150121-M-Australian_Open-R64-Rafael_Nadal-Tim_Smyczek,Tim Smyczek,1,34,4,18,16,2,32,0,0,0,0,0,0
20150121-M-Australian_Open-R64-Rafael_Nadal-Tim_Smyczek,Tim Smyczek,2,18,3,5,11,1,12,22,13,15,1,0,0
20150119-M-Australian_Open-R128-Yen_Hsun_Lu-Roger_Federer,Yen Hsun Lu,Total,18,12,21,14,14,18,26,4,12,1,0,0
20150119-M-Australian_Open-R128-Yen_Hsun_Lu-Roger_Federer,Yen Hsun Lu,1,14,2,13,11,3,13,0,0,0,0,0,0
20150119-M-Australian_Open-R128-Yen_Hsun_Lu-Roger_Federer,Yen Hsun Lu,2,4,10,8,3,11,5,26,4,12,1,0,0
20150119-M-Australian_Open-R128-Yen_Hsun_Lu-Roger_Federer,Roger Federer,Total,23,5,15,22,4,13,16,9,4,0,0,0
20150119-M-Australian_Open-R128-Yen_Hsun_Lu-Roger_Federer,Roger Federer,1,17,0,11,17,1,10,0,0,0,0,0,0
20150119-M-Australian_Open-R128-Yen_Hsun_Lu-Roger_Federer,Roger Federer,2,6,5,4,5,3,3,16,9,4,0,0,0
20150119-M-Australian_Open-R128-Mikhail_Youzhny-Rafael_Nadal,Mikhail Youzhny,Total,21,2,18,19,4,17,18,5,18,1,0,0
20150119-M-Australian_Open-R128-Mikhail_Youzhny-Rafael_Nadal,Mikhail Youzhny,1,9,1,13,13,1,7,0,0,0,0,0,0
20150119-M-Australian_Open-R128-Mikhail_Youzhny-Rafael_Nadal,Mikhail Youzhny,2,12,1,5,6,3,10,18,5,18,1,0,0
20150119-M-Australian_Open-R128-Mikhail_Youzhny-Rafael_Nadal,Rafael Nadal,Total,6,5,20,16,5,5,13,5,6,1,0,0
20150119-M-Australian_Open-R128-Mikhail_Youzhny-Rafael_Nadal,Rafael Nadal,1,6,0,16,9,0,4,0,0,0,0,0,0
20150119-M-Australian_Open-R128-Mikhail_Youzhny-Rafael_Nadal,Rafael Nadal,2,0,5,4,7,5,1,13,5,6,1,0,0
20140906-M-US_Open-SF-Novak_Djokovic-Kei_Nishikori,Novak Djokovic,Total,22,8,29,23,7,23,20,9,18,3,0,0
20140906-M-US_Open-SF-Novak_Djokovic-Kei_Nishikori,Novak Djokovic,1,18,1,16,15,0,16,0,0,0,0,0,0
20140906-M-US_Open-SF-Novak_Djokovic-Kei_Nishikori,Novak Djokovic,2,4,7,13,8,7,7,20,9,18,3,0,0
20140906-M-US_Open-SF-Novak_Djokovic-Kei_Nishikori,Kei Nishikori,Total,25,17,23,19,20,21,30,7,15,4,0,0
20140906-M-US_Open-SF-Novak_Djokovic-Kei_Nishikori,Kei Nishikori,1,22,2,16,11,5,17,0,0,0,0,0,0
20140906-M-US_Open-SF-Novak_Djokovic-Kei_Nishikori,Kei Nishikori,2,3,15,7,8,15,4,30,7,15,4,0,0
20140905-M-US_Open-QF-Roger_Federer-Gael_Monfils,Roger Federer,Total,33,16,31,35,7,28,20,15,22,4,0,5
20140905-M-US_Open-QF-Roger_Federer-Gael_Monfils,Roger Federer,1,22,3,19,21,1,19,0,0,0,0,0,0
20140905-M-US_Open-QF-Roger_Federer-Gael_Monfils,Roger Federer,2,11,13,12,14,6,9,20,15,22,4,0,5
20140905-M-US_Open-QF-Roger_Federer-Gael_Monfils,Gael Monfils,Total,28,24,29,30,9,36,25,12,27,3,0,2
20140905-M-US_Open-QF-Roger_Federer-Gael_Monfils,Gael Monfils,1,19,7,18,24,2,27,0,0,0,0,0,0
20140905-M-US_Open-QF-Roger_Federer-Gael_Monfils,Gael Monfils,2,9,17,11,6,7,9,25,12,27,3,0,2
20140903-M-US_Open-QF-Novak_Djokovic-Andy_Murray,Novak Djokovic,Total,30,24,25,32,15,26,25,8,24,1,0,0
20140903-M-US_Open-QF-Novak_Djokovic-Andy_Murray,Novak Djokovic,1,25,7,17,23,3,22,0,0,0,0,0,0
20140903-M-US_Open-QF-Novak_Djokovic-Andy_Murray,Novak Djokovic,2,5,17,8,9,12,4,25,8,24,1,0,0
20140903-M-US_Open-QF-Novak_Djokovic-Andy_Murray,Andy Murray,Total,29,23,19,19,18,25,32,6,20,4,0,0
20140903-M-US_Open-QF-Novak_Djokovic-Andy_Murray,Andy Murray,1,25,5,13,7,5,20,0,0,0,0,0,0
20140903-M-US_Open-QF-Novak_Djokovic-Andy_Murray,Andy Murray,2,4,18,6,12,13,5,32,6,20,4,0,0
20140901-M-US_Open-R16-Milos_Raonic-Kei_Nishikori,Milos Raonic,Total,46,9,43,61,6,27,46,21,25,4,0,0
20140901-M-US_Open-R16-Milos_Raonic-Kei_Nishikori,Milos Raonic,1,34,2,20,30,2,18,0,0,0,0,0,0
20140901-M-US_Open-R16-Milos_Raonic-Kei_Nishikori,Milos Raonic,2,12,7,23,31,4,9,46,21,25,4,0,0
20140901-M-US_Open-R16-Milos_Raonic-Kei_Nishikori,Kei Nishikori,Total,30,15,43,35,17,23,38,12,24,3,0,0
20140901-M-US_Open-R16-Milos_Raonic-Kei_Nishikori,Kei Nishikori,1,22,8,22,18,6,17,0,0,0,0,0,0
20140901-M-US_Open-R16-Milos_Raonic-Kei_Nishikori,Kei Nishikori,2,8,7,21,17,11,6,38,12,24,3,0,0
20140826-M-US_Open-R128-Roger_Federer-Marinko_Matosevic,Roger Federer,Total,18,8,21,16,7,17,13,3,11,1,0,0
20140826-M-US_Open-R128-Roger_Federer-Marinko_Matosevic,Roger Federer,1,15,0,17,11,2,15,0,0,0,0,0,0
20140826-M-US_Open-R128-Roger_Federer-Marinko_Matosevic,Roger Federer,2,3,8,4,5,5,2,13,3,11,1,0,0
20140826-M-US_Open-R128-Roger_Federer-Marinko_Matosevic,Marinko Matosevic,Total,24,10,27,34,5,20,12,13,22,6,0,0
20140826-M-US_Open-R128-Roger_Federer-Marinko_Matosevic,Marinko Matosevic,1,19,2,13,18,3,16,0,0,0,0,0,0
20140826-M-US_Open-R128-Roger_Federer-Marinko_Matosevic,Marinko Matosevic,2,5,8,14,16,2,4,12,13,22,6,0,0
20140126-M-Australian_Open-F-Stan_Wawrinka-Rafael_Nadal,Stan Wawrinka,Total,27,2,21,18,3,23,6,16,20,3,0,0
20140126-M-Australian_Open-F-Stan_Wawrinka-Rafael_Nadal,Stan Wawrinka,1,11,0,16,9,3,12,0,0,0,0,0,0
20140126-M-Australian_Open-F-Stan_Wawrinka-Rafael_Nadal,Stan Wawrinka,2,16,2,5,9,0,11,6,16,20,3,0,0
20140126-M-Australian_Open-F-Stan_Wawrinka-Rafael_Nadal,Rafael Nadal,Total,14,15,28,15,24,12,13,2,9,2,0,0
20140126-M-Australian_Open-F-Stan_Wawrinka-Rafael_Nadal,Rafael Nadal,1,13,8,20,14,20,10,0,0,0,0,0,0
20140126-M-Australian_Open-F-Stan_Wawrinka-Rafael_Nadal,Rafael Nadal,2,1,7,8,1,4,2,13,2,9,2,0,0
20140123-M-Australian_Open-SF-Stan_Wawrinka-Tomas_Berdych,Stan Wawrinka,Total,32,5,39,29,6,34,18,17,22,4,0,0
20140123-M-Australian_Open-SF-Stan_Wawrinka-Tomas_Berdych,Stan Wawrinka,1,23,0,24,16,0,25,0,0,0,0,0,0
20140123-M-Australian_Open-SF-Stan_Wawrinka-Tomas_Berdych,Stan Wawrinka,2,9,5,15,13,6,9,18,17,22,4,0,0
20140123-M-Australian_Open-SF-Stan_Wawrinka-Tomas_Berdych,Tomas Berdych,Total,28,11,36,31,12,22,16,14,24,6,0,0
20140123-M-Australian_Open-SF-Stan_Wawrinka-Tomas_Berdych,Tomas Berdych,1,25,2,21,15,4,20,0,0,0,0,0,0
20140123-M-Australian_Open-SF-Stan_Wawrinka-Tomas_Berdych,Tomas Berdych,2,3,9,15,16,8,2,16,14,24,6,0,0
20140122-M-Australian_Open-QF-Roger_Federer-Andy_Murray,Roger Federer,Total,32,9,22,31,9,18,8,10,17,8,0,0
20140122-M-Australian_Open-QF-Roger_Federer-Andy_Murray,Roger Federer,1,27,0,16,19,2,14,0,0,0,0,0,0
20140122-M-Australian_Open-QF-Roger_Federer-Andy_Murray,Roger Federer,2,5,9,6,12,7,4,8,10,17,8,0,0
20140122-M-Australian_Open-QF-Roger_Federer-Andy_Murray,Andy Murray,Total,24,11,41,47,3,20,21,7,24,6,0,0
20140122-M-Australian_Open-QF-Roger_Federer-Andy_Murray,Andy Murray,1,23,3,22,22,1,18,0,0,0,0,0,0
20140122-M-Australian_Open-QF-Roger_Federer-Andy_Murray,Andy Murray,2,1,8,19,25,2,2,21,7,24,6,0,0
20140122-M-Australian_Open-QF-Novak_Djokovic-Stan_Wawrinka,Novak Djokovic,Total,35,7,32,35,9,26,17,9,6,8,0,0
20140122-M-Australian_Open-QF-Novak_Djokovic-Stan_Wawrinka,Novak Djokovic,1,26,4,23,28,3,21,0,0,0,0,0,0
20140122-M-Australian_Open-QF-Novak_Djokovic-Stan_Wawrinka,Novak Djokovic,2,9,3,9,7,6,5,17,9,6,8,0,0
20140122-M-Australian_Open-QF-Novak_Djokovic-Stan_Wawrinka,Stan Wawrinka,Total,38,10,41,45,6,30,14,23,33,7,0,0
20140122-M-Australian_Open-QF-Novak_Djokovic-Stan_Wawrinka,Stan Wawrinka,1,26,0,27,28,0,17,0,0,0,0,0,0
20140122-M-Australian_Open-QF-Novak_Djokovic-Stan_Wawrinka,Stan Wawrinka,2,12,10,14,17,6,13,14,23,33,7,0,0
20140122-M-Australian_Open-QF-Grigor_Dimitrov-Rafael_Nadal,Grigor Dimitrov,Total,23,31,23,20,30,26,27,9,26,6,0,0
20140122-M-Australian_Open-QF-Grigor_Dimitrov-Rafael_Nadal,Grigor Dimitrov,1,16,10,21,13,8,22,0,0,0,0,0,0
20140122-M-Australian_Open-QF-Grigor_Dimitrov-Rafael_Nadal,Grigor Dimitrov,2,7,21,2,7,22,4,27,9,26,6,0,0
20140122-M-Australian_Open-QF-Grigor_Dimitrov-Rafael_Nadal,Rafael Nadal,Total,3,28,33,33,23,4,19,5,13,2,0,0
20140122-M-Australian_Open-QF-Grigor_Dimitrov-Rafael_Nadal,Rafael Nadal,1,3,17,26,29,13,4,0,0,0,0,0,0
20140122-M-Australian_Open-QF-Grigor_Dimitrov-Rafael_Nadal,Rafael Nadal,2,0,11,7,4,10,0,19,5,13,2,0,0
20140121-M-Australian_Open-QF-Tomas_Berdych-David_Ferrer,Tomas Berdych,Total,20,27,20,28,16,17,28,14,21,1,0,0
20140121-M-Australian_Open-QF-Tomas_Berdych-David_Ferrer,Tomas Berdych,1,17,6,18,7,6,14,0,0,0,0,0,0
20140121-M-Australian_Open-QF-Tomas_Berdych-David_Ferrer,Tomas Berdych,2,3,21,2,21,10,3,28,14,21,1,0,0
20140121-M-Australian_Open-QF-Tomas_Berdych-David_Ferrer,David Ferrer,Total,17,34,10,28,18,10,22,8,15,1,0,0
20140121-M-Australian_Open-QF-Tomas_Berdych-David_Ferrer,David Ferrer,1,17,15,9,17,5,9,0,0,0,0,0,0
20140121-M-Australian_Open-QF-Tomas_Berdych-David_Ferrer,David Ferrer,2,0,19,1,11,13,1,22,8,15,1,0,0
20140120-M-Australian_Open-R16-Kei_Nishikori-Rafael_Nadal,Kei Nishikori,Total,27,16,17,15,22,18,22,1,13,4,0,0
20140120-M-Australian_Open-R16-Kei_Nishikori-Rafael_Nadal,Kei Nishikori,1,20,13,13,11,11,8,0,0,0,0,0,0
20140120-M-Australian_Open-R16-Kei_Nishikori-Rafael_Nadal,Kei Nishikori,2,7,3,4,4,11,10,22,1,13,4,0,0
20140120-M-Australian_Open-R16-Kei_Nishikori-Rafael_Nadal,Rafael Nadal,Total,13,16,36,8,34,17,15,8,10,3,0,0
20140120-M-Australian_Open-R16-Kei_Nishikori-Rafael_Nadal,Rafael Nadal,1,10,7,33,5,18,15,0,0,0,0,0,0
20140120-M-Australian_Open-R16-Kei_Nishikori-Rafael_Nadal,Rafael Nadal,2,3,9,3,3,16,2,15,8,10,3,0,0
20140118-M-Australian_Open-R32-Gael_Monfils-Rafael_Nadal,Gael Monfils,Total,18,12,20,16,14,18,11,7,14,2,0,1
20140118-M-Australian_Open-R32-Gael_Monfils-Rafael_Nadal,Gael Monfils,1,12,7,15,15,5,14,0,0,0,0,0,0
20140118-M-Australian_Open-R32-Gael_Monfils-Rafael_Nadal,Gael Monfils,2,6,5,5,1,9,4,11,7,14,2,0,1
20140118-M-Australian_Open-R32-Gael_Monfils-Rafael_Nadal,Rafael Nadal,Total,10,16,15,16,16,6,11,9,4,2,0,0
20140118-M-Australian_Open-R32-Gael_Monfils-Rafael_Nadal,Rafael Nadal,1,7,4,15,14,9,4,0,0,0,0,0,0
20140118-M-Australian_Open-R32-Gael_Monfils-Rafael_Nadal,Rafael Nadal,2,3,12,0,2,7,2,11,9,4,2,0,0
20140116-M-Australian_Open-R64-Thanasi_Kokkinakis-Rafael_Nadal,Thanasi Kokkinakis,Total,19,5,18,11,8,17,11,2,11,5,0,0
20140116-M-Australian_Open-R64-Thanasi_Kokkinakis-Rafael_Nadal,Thanasi Kokkinakis,1,10,3,16,7,3,13,0,0,0,0,0,0
20140116-M-Australian_Open-R64-Thanasi_Kokkinakis-Rafael_Nadal,Thanasi Kokkinakis,2,9,2,2,4,5,4,11,2,11,5,0,0
20140116-M-Australian_Open-R64-Thanasi_Kokkinakis-Rafael_Nadal,Rafael Nadal,Total,8,8,23,15,11,9,11,5,3,1,0,0
20140116-M-Australian_Open-R64-Thanasi_Kokkinakis-Rafael_Nadal,Rafael Nadal,1,6,5,20,14,2,8,0,0,0,0,0,0
20140116-M-Australian_Open-R64-Thanasi_Kokkinakis-Rafael_Nadal,Rafael Nadal,2,2,3,3,1,9,1,11,5,3,1,0,0
20140116-M-Australian_Open-R64-Nick_Kyrgios-Benoit_Paire,Nick Kyrgios,Total,37,7,52,30,4,55,25,15,25,8,0,0
20140116-M-Australian_Open-R64-Nick_Kyrgios-Benoit_Paire,Nick Kyrgios,1,27,4,36,18,1,37,0,0,0,0,0,0
20140116-M-Australian_Open-R64-Nick_Kyrgios-Benoit_Paire,Nick Kyrgios,2,10,3,16,12,3,18,25,15,25,8,0,0
20140116-M-Australian_Open-R64-Nick_Kyrgios-Benoit_Paire,Benoit Paire,Total,26,18,38,43,8,28,33,18,27,8,0,0
20140116-M-Australian_Open-R64-Nick_Kyrgios-Benoit_Paire,Benoit Paire,1,22,0,20,19,2,17,0,0,0,0,0,0
20140116-M-Australian_Open-R64-Nick_Kyrgios-Benoit_Paire,Benoit Paire,2,4,18,18,24,6,11,33,18,27,8,0,0
20140115-M-Australian_Open-R64-Richard_Gasquet-Nikolay_Davydenko,Richard Gasquet,Total,23,3,28,27,2,17,11,24,8,3,1,0
20140115-M-Australian_Open-R64-Richard_Gasquet-Nikolay_Davydenko,Richard Gasquet,1,22,0,10,10,0,16,0,0,0,0,0,0
20140115-M-Australian_Open-R64-Richard_Gasquet-Nikolay_Davydenko,Richard Gasquet,2,1,3,18,17,2,1,11,24,8,3,1,0
20140115-M-Australian_Open-R64-Richard_Gasquet-Nikolay_Davydenko,Nikolay Davydenko,Total,12,15,28,18,17,17,10,3,12,1,1,0
20140115-M-Australian_Open-R64-Richard_Gasquet-Nikolay_Davydenko,Nikolay Davydenko,1,9,9,24,12,13,14,0,0,0,0,0,0
20140115-M-Australian_Open-R64-Richard_Gasquet-Nikolay_Davydenko,Nikolay Davydenko,2,3,6,4,6,4,3,10,3,12,1,1,0
20140114-M-Australian_Open-R64-Leonardo_Mayer-Novak_Djokovic,Leonardo Mayer,Total,18,19,7,20,12,9,30,2,14,2,0,0
20140114-M-Australian_Open-R64-Leonardo_Mayer-Novak_Djokovic,Leonardo Mayer,1,12,5,4,11,5,7,0,0,0,0,0,0
20140114-M-Australian_Open-R64-Leonardo_Mayer-Novak_Djokovic,Leonardo Mayer,2,6,14,3,9,7,2,30,2,14,2,0,0
20140114-M-Australian_Open-R64-Leonardo_Mayer-Novak_Djokovic,Novak Djokovic,Total,21,7,7,14,5,13,13,2,7,2,0,0
20140114-M-Australian_Open-R64-Leonardo_Mayer-Novak_Djokovic,Novak Djokovic,1,16,3,4,11,2,9,0,0,0,0,0,0
20140114-M-Australian_Open-R64-Leonardo_Mayer-Novak_Djokovic,Novak Djokovic,2,5,4,3,3,3,4,13,2,7,2,0,0
20140114-M-Australian_Open-R64-Blaz_Kavcic-Roger_Federer,Blaz Kavcic,Total,21,9,20,28,7,14,15,8,15,3,0,0
20140114-M-Australian_Open-R64-Blaz_Kavcic-Roger_Federer,Blaz Kavcic,1,16,5,16,12,1,11,0,0,0,0,0,0
20140114-M-Australian_Open-R64-Blaz_Kavcic-Roger_Federer,Blaz Kavcic,2,5,4,4,16,6,3,15,8,15,3,0,0
20140114-M-Australian_Open-R64-Blaz_Kavcic-Roger_Federer,Roger Federer,Total,15,4,22,20,2,13,5,8,3,2,0,0
20140114-M-Australian_Open-R64-Blaz_Kavcic-Roger_Federer,Roger Federer,1,13,1,17,15,1,11,0,0,0,0,0,0
20140114-M-Australian_Open-R64-Blaz_Kavcic-Roger_Federer,Roger Federer,2,2,3,5,5,1,2,5,8,3,2,0,0
20140114-M-Australian_Open-R128-James_Duckworth-Roger_Federer,James Duckworth,Total,12,6,30,33,1,10,27,4,12,3,0,0
20140114-M-Australian_Open-R128-James_Duckworth-Roger_Federer,James Duckworth,1,7,2,10,22,1,7,0,0,0,0,0,0
20140114-M-Australian_Open-R128-James_Duckworth-Roger_Federer,James Duckworth,2,5,4,20,11,0,3,27,4,12,3,0,0
20140114-M-Australian_Open-R128-James_Duckworth-Roger_Federer,Roger Federer,Total,15,7,19,20,4,13,17,8,10,0,0,0
20140114-M-Australian_Open-R128-James_Duckworth-Roger_Federer,Roger Federer,1,12,4,12,12,0,8,0,0,0,0,0,0
20140114-M-Australian_Open-R128-James_Duckworth-Roger_Federer,Roger Federer,2,3,3,7,8,4,5,17,8,10,0,0,0
20140113-M-Australian_Open-R128-Ricardas_Berankis-Alexandr_Dolgopolov,Ricardas Berankis,Total,16,20,24,23,12,19,10,11,31,9,0,0
20140113-M-Australian_Open-R128-Ricardas_Berankis-Alexandr_Dolgopolov,Ricardas Berankis,1,7,4,17,14,1,13,0,0,0,0,0,0
20140113-M-Australian_Open-R128-Ricardas_Berankis-Alexandr_Dolgopolov,Ricardas Berankis,2,9,16,7,9,11,6,10,11,31,9,0,0
20140113-M-Australian_Open-R128-Ricardas_Berankis-Alexandr_Dolgopolov,Alexandr Dolgopolov,Total,25,17,6,24,8,11,22,8,8,3,0,0
20140113-M-Australian_Open-R128-Ricardas_Berankis-Alexandr_Dolgopolov,Alexandr Dolgopolov,1,20,4,4,12,4,10,0,0,0,0,0,0
20140113-M-Australian_Open-R128-Ricardas_Berankis-Alexandr_Dolgopolov,Alexandr Dolgopolov,2,5,13,2,12,4,1,22,8,8,3,0,0
20140113-M-Australian_Open-R128-Bernard_Tomic-Rafael_Nadal,Bernard Tomic,Total,7,2,5,6,4,4,3,4,2,1,0,0
20140113-M-Australian_Open-R128-Bernard_Tomic-Rafael_Nadal,Bernard Tomic,1,6,1,4,5,0,3,0,0,0,0,0,0
20140113-M-Australian_Open-R128-Bernard_Tomic-Rafael_Nadal,Bernard Tomic,2,1,1,1,1,4,1,3,4,2,1,0,0
20140113-M-Australian_Open-R128-Bernard_Tomic-Rafael_Nadal,Rafael Nadal,Total,3,5,6,4,5,3,6,2,2,1,0,0
20140113-M-Australian_Open-R128-Bernard_Tomic-Rafael_Nadal,Rafael Nadal,1,3,1,5,4,1,2,0,0,0,0,0,0
20140113-M-Australian_Open-R128-Bernard_Tomic-Rafael_Nadal,Rafael Nadal,2,0,4,1,0,4,1,6,2,2,1,0,0
20130904-M-US_Open-QF-Tommy_Robredo-Rafael_Nadal,Tommy Robredo,Total,19,4,10,11,8,14,14,3,19,0,0,0
20130904-M-US_Open-QF-Tommy_Robredo-Rafael_Nadal,Tommy Robredo,1,10,1,7,6,1,9,0,0,0,0,0,0
20130904-M-US_Open-QF-Tommy_Robredo-Rafael_Nadal,Tommy Robredo,2,9,3,3,5,7,5,14,3,19,0,0,0
20130904-M-US_Open-QF-Tommy_Robredo-Rafael_Nadal,Rafael Nadal,Total,6,3,23,23,0,4,10,2,11,0,0,0
20130904-M-US_Open-QF-Tommy_Robredo-Rafael_Nadal,Rafael Nadal,1,4,0,13,15,0,4,0,0,0,0,0,0
20130904-M-US_Open-QF-Tommy_Robredo-Rafael_Nadal,Rafael Nadal,2,2,3,10,8,0,0,10,2,11,0,0,0
20130903-M-US_Open-R16-Roger_Federer-Tommy_Robredo,Roger Federer,Total,19,5,22,29,2,9,8,12,10,4,0,0
20130903-M-US_Open-R16-Roger_Federer-Tommy_Robredo,Roger Federer,1,17,1,14,13,2,5,0,0,0,0,0,0
20130903-M-US_Open-R16-Roger_Federer-Tommy_Robredo,Roger Federer,2,2,4,8,16,0,4,8,12,10,4,0,0
20130903-M-US_Open-R16-Roger_Federer-Tommy_Robredo,Tommy Robredo,Total,8,22,33,33,18,11,24,3,12,1,0,0
20130903-M-US_Open-R16-Roger_Federer-Tommy_Robredo,Tommy Robredo,1,7,13,22,27,11,9,0,0,0,0,0,0
20130903-M-US_Open-R16-Roger_Federer-Tommy_Robredo,Tommy Robredo,2,1,9,11,6,7,2,24,3,12,1,0,0
20130903-M-US_Open-R16-Mikhail_Youzhny-Lleyton_Hewitt,Mikhail Youzhny,Total,25,15,38,51,5,11,31,14,18,3,0,0
20130903-M-US_Open-R16-Mikhail_Youzhny-Lleyton_Hewitt,Mikhail Youzhny,1,21,6,23,27,0,8,0,0,0,0,0,0
20130903-M-US_Open-R16-Mikhail_Youzhny-Lleyton_Hewitt,Mikhail Youzhny,2,4,9,15,24,5,3,31,14,18,3,0,0
20130903-M-US_Open-R16-Mikhail_Youzhny-Lleyton_Hewitt,Lleyton Hewitt,Total,48,9,20,40,8,21,39,13,26,3,0,0
20130903-M-US_Open-R16-Mikhail_Youzhny-Lleyton_Hewitt,Lleyton Hewitt,1,29,0,13,12,1,19,0,0,0,0,0,0
20130903-M-US_Open-R16-Mikhail_Youzhny-Lleyton_Hewitt,Lleyton Hewitt,2,19,9,7,28,7,2,39,13,26,3,0,0
20130828-M-US_Open-R128-Novak_Djokovic-Ricardas_Berankis,Novak Djokovic,Total,19,6,13,17,3,14,6,6,9,3,0,0
20130828-M-US_Open-R128-Novak_Djokovic-Ricardas_Berankis,Novak Djokovic,1,12,3,11,11,1,11,0,0,0,0,0,0
20130828-M-US_Open-R128-Novak_Djokovic-Ricardas_Berankis,Novak Djokovic,2,7,3,2,6,2,3,6,6,9,3,0,0
20130828-M-US_Open-R128-Novak_Djokovic-Ricardas_Berankis,Ricardas Berankis,Total,9,16,8,14,8,8,14,2,14,3,0,0
20130828-M-US_Open-R128-Novak_Djokovic-Ricardas_Berankis,Ricardas Berankis,1,3,4,7,9,5,6,0,0,0,0,0,0
20130828-M-US_Open-R128-Novak_Djokovic-Ricardas_Berankis,Ricardas Berankis,2,6,12,1,5,3,2,14,2,14,3,0,0
20130127-M-Australian_Open-F-Novak_Djokovic-Andy_Murray,Novak Djokovic,Total,30,12,30,28,8,26,20,13,8,7,0,0
20130127-M-Australian_Open-F-Novak_Djokovic-Andy_Murray,Novak Djokovic,1,28,5,20,18,1,17,0,0,0,0,0,0
20130127-M-Australian_Open-F-Novak_Djokovic-Andy_Murray,Novak Djokovic,2,2,7,10,10,7,9,20,13,8,7,0,0
20130127-M-Australian_Open-F-Novak_Djokovic-Andy_Murray,Andy Murray,Total,29,2,37,21,14,28,20,18,8,6,0,0
20130127-M-Australian_Open-F-Novak_Djokovic-Andy_Murray,Andy Murray,1,25,0,24,7,3,25,0,0,0,0,0,0
20130127-M-Australian_Open-F-Novak_Djokovic-Andy_Murray,Andy Murray,2,4,2,13,14,11,3,20,18,8,6,0,0
20130125-M-Australian_Open-SF-Roger_Federer-Andy_Murray,Roger Federer,Total,40,19,30,36,19,27,20,15,23,9,0,0
20130125-M-Australian_Open-SF-Roger_Federer-Andy_Murray,Roger Federer,1,32,4,23,23,3,21,0,0,0,0,0,0
20130125-M-Australian_Open-SF-Roger_Federer-Andy_Murray,Roger Federer,2,8,15,7,13,16,6,20,15,23,9,0,0
20130125-M-Australian_Open-SF-Roger_Federer-Andy_Murray,Andy Murray,Total,25,17,41,42,8,24,20,12,20,3,0,0
20130125-M-Australian_Open-SF-Roger_Federer-Andy_Murray,Andy Murray,1,21,9,25,25,2,20,0,0,0,0,0,0
20130125-M-Australian_Open-SF-Roger_Federer-Andy_Murray,Andy Murray,2,4,8,16,17,6,4,20,12,20,3,0,0
20130125-M-Australian_Open-SF-David_Ferrer-Novak_Djokovic,David Ferrer,Total,9,16,14,9,13,14,5,5,21,2,0,0
20130125-M-Australian_Open-SF-David_Ferrer-Novak_Djokovic,David Ferrer,1,9,8,9,6,0,13,0,0,0,0,0,0
20130125-M-Australian_Open-SF-David_Ferrer-Novak_Djokovic,David Ferrer,2,0,8,5,3,13,1,5,5,21,2,0,0
20130125-M-Australian_Open-SF-David_Ferrer-Novak_Djokovic,Novak Djokovic,Total,13,0,14,9,1,14,4,5,6,3,0,0
20130125-M-Australian_Open-SF-David_Ferrer-Novak_Djokovic,Novak Djokovic,1,7,0,9,5,0,12,0,0,0,0,0,0
20130125-M-Australian_Open-SF-David_Ferrer-Novak_Djokovic,Novak Djokovic,2,6,0,5,4,1,2,4,5,6,3,0,0
20130123-M-Australian_Open-QF-Jo_Wilfried_Tsonga-Roger_Federer,Jo Wilfried Tsonga,Total,20,14,57,53,2,29,15,14,26,3,1,0
20130123-M-Australian_Open-QF-Jo_Wilfried_Tsonga-Roger_Federer,Jo Wilfried Tsonga,1,19,1,43,29,1,24,0,0,0,0,0,0
20130123-M-Australian_Open-QF-Jo_Wilfried_Tsonga-Roger_Federer,Jo Wilfried Tsonga,2,1,13,14,24,1,5,15,14,26,3,1,0
20130123-M-Australian_Open-QF-Jo_Wilfried_Tsonga-Roger_Federer,Roger Federer,Total,31,9,43,38,11,26,19,21,21,3,0,0
20130123-M-Australian_Open-QF-Jo_Wilfried_Tsonga-Roger_Federer,Roger Federer,1,23,0,26,22,5,21,0,0,0,0,0,0
20130123-M-Australian_Open-QF-Jo_Wilfried_Tsonga-Roger_Federer,Roger Federer,2,8,9,17,16,6,5,19,21,21,3,0,0
20130123-M-Australian_Open-QF-Jeremy_Chardy-Andy_Murray,Jeremy Chardy,Total,12,9,11,8,14,8,9,3,10,1,0,0
20130123-M-Australian_Open-QF-Jeremy_Chardy-Andy_Murray,Jeremy Chardy,1,8,3,10,8,5,8,0,0,0,0,0,0
20130123-M-Australian_Open-QF-Jeremy_Chardy-Andy_Murray,Jeremy Chardy,2,4,6,1,0,9,0,9,3,10,1,0,0
20130123-M-Australian_Open-QF-Jeremy_Chardy-Andy_Murray,Andy Murray,Total,8,8,18,8,6,18,13,4,7,1,0,0
20130123-M-Australian_Open-QF-Jeremy_Chardy-Andy_Murray,Andy Murray,1,4,3,14,6,3,12,0,0,0,0,0,0
20130123-M-Australian_Open-QF-Jeremy_Chardy-Andy_Murray,Andy Murray,2,4,5,4,2,3,6,13,4,7,1,0,0
20130122-M-Australian_Open-QF-David_Ferrer-Nicolas_Almagro,David Ferrer,Total,27,29,24,27,14,28,17,5,20,4,0,0
20130122-M-Australian_Open-QF-David_Ferrer-Nicolas_Almagro,David Ferrer,1,24,11,19,21,0,28,0,0,0,0,0,0
20130122-M-Australian_Open-QF-David_Ferrer-Nicolas_Almagro,David Ferrer,2,3,18,5,6,14,0,17,5,20,4,0,0
20130122-M-Australian_Open-QF-David_Ferrer-Nicolas_Almagro,Nicolas Almagro,Total,29,15,43,46,13,19,48,20,22,2,0,0
20130122-M-Australian_Open-QF-David_Ferrer-Nicolas_Almagro,Nicolas Almagro,1,24,1,20,15,4,13,0,0,0,0,0,0
20130122-M-Australian_Open-QF-David_Ferrer-Nicolas_Almagro,Nicolas Almagro,2,5,14,23,31,9,6,48,20,22,2,0,0
20130120-M-Australian_Open-R16-Novak_Djokovic-Stan_Wawrinka,Novak Djokovic,Total,41,16,44,39,13,41,31,10,20,9,0,0
20130120-M-Australian_Open-R16-Novak_Djokovic-Stan_Wawrinka,Novak Djokovic,1,34,5,32,22,3,33,0,0,0,0,0,0
20130120-M-Australian_Open-R16-Novak_Djokovic-Stan_Wawrinka,Novak Djokovic,2,7,11,12,17,10,8,31,10,20,9,0,0
20130120-M-Australian_Open-R16-Novak_Djokovic-Stan_Wawrinka,Stan Wawrinka,Total,48,30,32,24,19,61,25,30,22,6,0,0
20130120-M-Australian_Open-R16-Novak_Djokovic-Stan_Wawrinka,Stan Wawrinka,1,42,4,17,19,1,50,0,0,0,0,0,0
20130120-M-Australian_Open-R16-Novak_Djokovic-Stan_Wawrinka,Stan Wawrinka,2,6,26,15,5,18,11,25,30,22,6,0,0
20130118-M-Australian_Open-R32-Novak_Djokovic-Radek_Stepanek,Novak Djokovic,Total,15,11,19,16,7,17,17,5,5,3,0,0
20130118-M-Australian_Open-R32-Novak_Djokovic-Radek_Stepanek,Novak Djokovic,1,12,3,17,11,0,13,0,0,0,0,0,0
20130118-M-Australian_Open-R32-Novak_Djokovic-Radek_Stepanek,Novak Djokovic,2,3,8,2,5,7,4,17,5,5,3,0,0
20130118-M-Australian_Open-R32-Novak_Djokovic-Radek_Stepanek,Radek Stepanek,Total,26,15,15,29,9,12,11,6,12,7,0,0
20130118-M-Australian_Open-R32-Novak_Djokovic-Radek_Stepanek,Radek Stepanek,1,21,6,14,20,4,8,0,0,0,0,0,0
20130118-M-Australian_Open-R32-Novak_Djokovic-Radek_Stepanek,Radek Stepanek,2,5,9,1,9,5,4,11,6,12,7,0,0
20130117-M-Australian_Open-R64-Roger_Federer-Nikolay_Davydenko,Roger Federer,Total,27,6,16,18,5,19,14,11,6,0,0,0
20130117-M-Australian_Open-R64-Roger_Federer-Nikolay_Davydenko,Roger Federer,1,20,2,12,9,3,16,0,0,0,0,0,0
20130117-M-Australian_Open-R64-Roger_Federer-Nikolay_Davydenko,Roger Federer,2,7,4,4,9,2,3,14,11,6,0,0,0
20130117-M-Australian_Open-R64-Roger_Federer-Nikolay_Davydenko,Nikolay Davydenko,Total,14,9,31,31,4,17,17,6,16,0,0,0
20130117-M-Australian_Open-R64-Roger_Federer-Nikolay_Davydenko,Nikolay Davydenko,1,11,6,21,21,2,9,0,0,0,0,0,0
20130117-M-Australian_Open-R64-Roger_Federer-Nikolay_Davydenko,Nikolay Davydenko,2,3,3,10,10,2,8,17,6,16,0,0,0
20130113-M-Australian_Open-R128-Paul_Henri_Mathieu-Novak_Djokovic,Paul Henri Mathieu,Total,29,13,4,24,4,11,13,5,9,4,0,0
20130113-M-Australian_Open-R128-Paul_Henri_Mathieu-Novak_Djokovic,Paul Henri Mathieu,1,25,5,3,15,1,9,0,0,0,0,0,0
20130113-M-Australian_Open-R128-Paul_Henri_Mathieu-Novak_Djokovic,Paul Henri Mathieu,2,4,8,1,9,3,2,13,5,9,4,0,0
20130113-M-Australian_Open-R128-Paul_Henri_Mathieu-Novak_Djokovic,Novak Djokovic,Total,19,13,9,14,8,14,15,4,7,5,0,0
20130113-M-Australian_Open-R128-Paul_Henri_Mathieu-Novak_Djokovic,Novak Djokovic,1,14,7,8,8,2,9,0,0,0,0,0,0
20130113-M-Australian_Open-R128-Paul_Henri_Mathieu-Novak_Djokovic,Novak Djokovic,2,5,6,1,6,6,5,15,4,7,5,0,0
20120909-M-US_Open-SF-Novak_Djokovic-David_Ferrer,Novak Djokovic,Total,22,16,15,20,11,17,22,3,16,1,0,0
20120909-M-US_Open-SF-Novak_Djokovic-David_Ferrer,Novak Djokovic,1,17,5,10,12,3,13,0,0,0,0,0,0
20120909-M-US_Open-SF-Novak_Djokovic-David_Ferrer,Novak Djokovic,2,5,11,5,8,8,4,22,3,16,1,0,0
20120909-M-US_Open-SF-Novak_Djokovic-David_Ferrer,David Ferrer,Total,13,28,8,11,17,15,15,2,19,4,0,0
20120909-M-US_Open-SF-Novak_Djokovic-David_Ferrer,David Ferrer,1,13,12,7,9,2,12,0,0,0,0,0,0
20120909-M-US_Open-SF-Novak_Djokovic-David_Ferrer,David Ferrer,2,0,16,1,2,15,3,15,2,19,4,0,0
20120909-M-US_Open-F-Novak_Djokovic-Andy_Murray,Novak Djokovic,Total,29,24,32,19,27,30,25,19,16,3,0,0
20120909-M-US_Open-F-Novak_Djokovic-Andy_Murray,Novak Djokovic,1,22,11,26,16,7,21,0,0,0,0,0,0
20120909-M-US_Open-F-Novak_Djokovic-Andy_Murray,Novak Djokovic,2,7,13,6,3,20,9,25,19,16,3,0,0
20120909-M-US_Open-F-Novak_Djokovic-Andy_Murray,Andy Murray,Total,25,21,29,17,21,28,19,20,11,5,0,0
20120909-M-US_Open-F-Novak_Djokovic-Andy_Murray,Andy Murray,1,23,9,12,12,7,27,0,0,0,0,0,0
20120909-M-US_Open-F-Novak_Djokovic-Andy_Murray,Andy Murray,2,2,12,17,5,14,1,19,20,11,5,0,0
20120908-M-US_Open-SF-Tomas_Berdych-Andy_Murray,Tomas Berdych,Total,24,31,26,29,15,32,30,11,21,4,0,0
20120908-M-US_Open-SF-Tomas_Berdych-Andy_Murray,Tomas Berdych,1,22,7,19,20,3,27,1,0,0,0,0,0
20120908-M-US_Open-SF-Tomas_Berdych-Andy_Murray,Tomas Berdych,2,2,24,7,9,12,5,29,11,21,4,0,0
20120908-M-US_Open-SF-Tomas_Berdych-Andy_Murray,Andy Murray,Total,15,24,20,23,17,16,13,2,18,0,0,0
20120908-M-US_Open-SF-Tomas_Berdych-Andy_Murray,Andy Murray,1,15,14,13,18,11,14,0,0,0,0,0,0
20120908-M-US_Open-SF-Tomas_Berdych-Andy_Murray,Andy Murray,2,0,10,7,5,6,2,13,2,18,0,0,0
20120905-M-US_Open-R16-Andy_Roddick-Juan_Martin_Del_Potro,Andy Roddick,Total,20,9,33,25,12,19,23,8,14,2,0,4
20120905-M-US_Open-R16-Andy_Roddick-Juan_Martin_Del_Potro,Andy Roddick,1,19,0,20,17,1,16,0,0,0,0,0,0
20120905-M-US_Open-R16-Andy_Roddick-Juan_Martin_Del_Potro,Andy Roddick,2,1,9,13,8,11,3,23,8,14,2,0,4
20120905-M-US_Open-R16-Andy_Roddick-Juan_Martin_Del_Potro,Juan Martin Del Potro,Total,20,14,26,16,12,22,14,3,16,0,0,2
20120905-M-US_Open-R16-Andy_Roddick-Juan_Martin_Del_Potro,Juan Martin Del Potro,1,18,3,20,11,7,18,0,0,0,0,0,0
20120905-M-US_Open-R16-Andy_Roddick-Juan_Martin_Del_Potro,Juan Martin Del Potro,2,2,11,6,5,5,4,14,3,16,0,0,2
20120905-M-US_Open-QF-Tomas_Berdych-Roger_Federer,Tomas Berdych,Total,20,18,20,21,17,14,23,4,19,2,0,0
20120905-M-US_Open-QF-Tomas_Berdych-Roger_Federer,Tomas Berdych,1,18,6,13,9,7,12,0,0,0,0,0,0
20120905-M-US_Open-QF-Tomas_Berdych-Roger_Federer,Tomas Berdych,2,2,12,7,12,10,2,23,4,19,2,0,0
20120905-M-US_Open-QF-Tomas_Berdych-Roger_Federer,Roger Federer,Total,33,7,21,29,6,19,16,13,14,2,0,0
20120905-M-US_Open-QF-Tomas_Berdych-Roger_Federer,Roger Federer,1,25,2,12,18,1,15,0,0,0,0,0,0
20120905-M-US_Open-QF-Tomas_Berdych-Roger_Federer,Roger Federer,2,8,5,9,11,5,4,16,13,14,2,0,0
20120904-M-US_Open-QF-Novak_Djokovic-Juan_Martin_Del_Potro,Novak Djokovic,Total,14,10,23,20,7,14,10,5,21,4,0,0
20120904-M-US_Open-QF-Novak_Djokovic-Juan_Martin_Del_Potro,Novak Djokovic,1,11,2,14,11,1,11,0,0,0,0,0,0
20120904-M-US_Open-QF-Novak_Djokovic-Juan_Martin_Del_Potro,Novak Djokovic,2,3,8,9,9,6,3,10,5,21,4,0,0
20120904-M-US_Open-QF-Novak_Djokovic-Juan_Martin_Del_Potro,Juan Martin Del Potro,Total,10,15,35,26,5,28,9,8,22,5,0,0
20120904-M-US_Open-QF-Novak_Djokovic-Juan_Martin_Del_Potro,Juan Martin Del Potro,1,10,7,19,16,0,26,0,0,0,0,0,0
20120904-M-US_Open-QF-Novak_Djokovic-Juan_Martin_Del_Potro,Juan Martin Del Potro,2,0,8,16,10,5,2,9,8,22,5,0,0
20120903-M-US_Open-R16-Milos_Raonic-Andy_Murray,Milos Raonic,Total,13,12,20,28,0,14,11,8,12,1,0,0
20120903-M-US_Open-R16-Milos_Raonic-Andy_Murray,Milos Raonic,1,8,6,17,19,0,11,0,0,0,0,0,0
20120903-M-US_Open-R16-Milos_Raonic-Andy_Murray,Milos Raonic,2,5,6,3,9,0,3,11,8,12,1,0,0
20120903-M-US_Open-R16-Milos_Raonic-Andy_Murray,Andy Murray,Total,17,16,6,14,4,16,10,7,8,1,0,0
20120903-M-US_Open-R16-Milos_Raonic-Andy_Murray,Andy Murray,1,12,8,5,7,3,13,0,0,0,0,0,0
20120903-M-US_Open-R16-Milos_Raonic-Andy_Murray,Andy Murray,2,5,8,1,7,1,3,10,7,8,1,0,0
20120830-M-US_Open-R64-Roger_Federer-Bjorn_Phau,Roger Federer,Total,22,6,10,17,6,14,10,4,6,3,0,0
20120830-M-US_Open-R64-Roger_Federer-Bjorn_Phau,Roger Federer,1,15,4,7,13,3,11,0,0,0,0,0,0
20120830-M-US_Open-R64-Roger_Federer-Bjorn_Phau,Roger Federer,2,7,2,3,4,3,3,10,4,6,3,0,0
20120830-M-US_Open-R64-Roger_Federer-Bjorn_Phau,Bjorn Phau,Total,10,9,20,15,9,11,22,6,10,3,0,0
20120830-M-US_Open-R64-Roger_Federer-Bjorn_Phau,Bjorn Phau,1,9,6,6,6,4,9,0,0,0,0,0,0
20120830-M-US_Open-R64-Roger_Federer-Bjorn_Phau,Bjorn Phau,2,1,3,14,9,5,2,22,6,10,3,0,0
20120829-M-US_Open-R64-Ivan_Dodig-Andy_Murray,Ivan Dodig,Total,12,4,21,14,8,12,12,17,4,0,0,0
20120829-M-US_Open-R64-Ivan_Dodig-Andy_Murray,Ivan Dodig,1,8,1,11,9,1,10,0,0,0,0,0,0
20120829-M-US_Open-R64-Ivan_Dodig-Andy_Murray,Ivan Dodig,2,4,3,10,5,7,2,12,17,4,0,0,0
20120829-M-US_Open-R64-Ivan_Dodig-Andy_Murray,Andy Murray,Total,10,6,23,15,4,16,12,12,5,5,0,0
20120829-M-US_Open-R64-Ivan_Dodig-Andy_Murray,Andy Murray,1,9,1,10,6,0,15,0,0,0,0,0,0
20120829-M-US_Open-R64-Ivan_Dodig-Andy_Murray,Andy Murray,2,1,5,13,9,4,1,12,12,5,5,0,0
20120129-M-Australian_Open-F-Novak_Djokovic-Rafael_Nadal,Novak Djokovic,Total,42,12,30,17,11,51,20,13,16,3,0,0
20120129-M-Australian_Open-F-Novak_Djokovic-Rafael_Nadal,Novak Djokovic,1,29,6,24,12,3,39,0,0,0,0,0,0
20120129-M-Australian_Open-F-Novak_Djokovic-Rafael_Nadal,Novak Djokovic,2,13,6,6,5,8,12,20,13,16,3,0,0
20120129-M-Australian_Open-F-Novak_Djokovic-Rafael_Nadal,Rafael Nadal,Total,23,25,54,37,29,34,16,19,27,1,0,0
20120129-M-Australian_Open-F-Novak_Djokovic-Rafael_Nadal,Rafael Nadal,1,15,17,37,24,20,30,0,0,0,0,0,0
20120129-M-Australian_Open-F-Novak_Djokovic-Rafael_Nadal,Rafael Nadal,2,8,8,17,13,9,4,16,19,27,1,0,0
20120127-M-Australian_Open-SF-Roger_Federer-Rafael_Nadal,Roger Federer,Total,46,5,20,17,5,42,19,10,14,10,0,0
20120127-M-Australian_Open-SF-Roger_Federer-Rafael_Nadal,Roger Federer,1,24,2,16,13,4,28,0,0,0,0,0,0
20120127-M-Australian_Open-SF-Roger_Federer-Rafael_Nadal,Roger Federer,2,22,3,4,4,1,14,19,10,14,10,0,0
20120127-M-Australian_Open-SF-Roger_Federer-Rafael_Nadal,Rafael Nadal,Total,7,10,56,40,21,7,10,9,9,5,0,0
20120127-M-Australian_Open-SF-Roger_Federer-Rafael_Nadal,Rafael Nadal,1,4,8,44,32,15,6,0,0,0,0,0,0
20120127-M-Australian_Open-SF-Roger_Federer-Rafael_Nadal,Rafael Nadal,2,3,2,12,8,6,1,10,9,9,5,0,0
20120127-M-Australian_Open-SF-Novak_Djokovic-Andy_Murray,Novak Djokovic,Total,39,23,26,26,26,31,29,10,26,8,0,0
20120127-M-Australian_Open-SF-Novak_Djokovic-Andy_Murray,Novak Djokovic,1,28,4,21,21,7,23,0,0,0,0,0,0
20120127-M-Australian_Open-SF-Novak_Djokovic-Andy_Murray,Novak Djokovic,2,11,19,5,5,19,8,29,10,26,8,0,0
20120127-M-Australian_Open-SF-Novak_Djokovic-Andy_Murray,Andy Murray,Total,40,23,25,23,19,42,28,17,19,10,0,0
20120127-M-Australian_Open-SF-Novak_Djokovic-Andy_Murray,Andy Murray,1,36,2,15,13,2,40,0,0,0,0,0,0
20120127-M-Australian_Open-SF-Novak_Djokovic-Andy_Murray,Andy Murray,2,4,21,10,10,17,2,28,17,19,10,0,0
20120125-M-Australian_Open-QF-Roger_Federer-Juan_Martin_Del_Potro,Roger Federer,Total,23,7,11,18,6,12,18,13,2,1,0,0
20120125-M-Australian_Open-QF-Roger_Federer-Juan_Martin_Del_Potro,Roger Federer,1,20,1,5,9,0,9,0,0,0,0,0,0
20120125-M-Australian_Open-QF-Roger_Federer-Juan_Martin_Del_Potro,Roger Federer,2,3,6,6,9,6,3,18,13,2,1,0,0
20120125-M-Australian_Open-QF-Roger_Federer-Juan_Martin_Del_Potro,Juan Martin Del Potro,Total,9,19,18,14,16,11,10,2,18,2,0,0
20120125-M-Australian_Open-QF-Roger_Federer-Juan_Martin_Del_Potro,Juan Martin Del Potro,1,9,6,17,9,6,11,0,0,0,0,0,0
20120125-M-Australian_Open-QF-Roger_Federer-Juan_Martin_Del_Potro,Juan Martin Del Potro,2,0,13,1,5,10,0,10,2,18,2,0,0
20120125-M-Australian_Open-QF-Andy_Murray-Kei_Nishikori,Andy Murray,Total,16,9,17,16,11,12,22,8,14,4,0,0
20120125-M-Australian_Open-QF-Andy_Murray-Kei_Nishikori,Andy Murray,1,13,1,5,8,2,7,0,0,0,0,0,0
20120125-M-Australian_Open-QF-Andy_Murray-Kei_Nishikori,Andy Murray,2,3,8,12,8,9,5,22,8,14,4,0,0
20120125-M-Australian_Open-QF-Andy_Murray-Kei_Nishikori,Kei Nishikori,Total,15,17,16,10,20,16,22,6,8,4,0,0
20120125-M-Australian_Open-QF-Andy_Murray-Kei_Nishikori,Kei Nishikori,1,12,7,14,7,6,10,0,0,0,0,0,0
20120125-M-Australian_Open-QF-Andy_Murray-Kei_Nishikori,Kei Nishikori,2,3,10,2,3,14,6,22,6,8,4,0,0
20120122-M-Australian_Open-R16-Tomas_Berdych-Nicolas_Almagro,Tomas Berdych,Total,25,21,29,36,9,26,31,12,23,1,0,0
20120122-M-Australian_Open-R16-Tomas_Berdych-Nicolas_Almagro,Tomas Berdych,1,21,4,18,17,1,22,0,0,0,0,0,0
20120122-M-Australian_Open-R16-Tomas_Berdych-Nicolas_Almagro,Tomas Berdych,2,4,17,11,19,8,4,31,12,23,1,0,0
20120122-M-Australian_Open-R16-Tomas_Berdych-Nicolas_Almagro,Nicolas Almagro,Total,25,5,53,41,10,23,22,11,30,3,2,0
20120122-M-Australian_Open-R16-Tomas_Berdych-Nicolas_Almagro,Nicolas Almagro,1,24,0,24,21,2,21,0,0,0,0,0,0
20120122-M-Australian_Open-R16-Tomas_Berdych-Nicolas_Almagro,Nicolas Almagro,2,1,5,29,20,8,2,22,11,30,3,2,0
20120122-M-Australian_Open-R16-Novak_Djokovic-Lleyton_Hewitt,Novak Djokovic,Total,22,5,28,24,7,16,14,6,15,7,0,0
20120122-M-Australian_Open-R16-Novak_Djokovic-Lleyton_Hewitt,Novak Djokovic,1,15,3,19,14,1,11,0,0,0,0,0,0
20120122-M-Australian_Open-R16-Novak_Djokovic-Lleyton_Hewitt,Novak Djokovic,2,7,2,9,10,6,5,14,6,15,7,0,0
20120122-M-Australian_Open-R16-Novak_Djokovic-Lleyton_Hewitt,Lleyton Hewitt,Total,38,7,18,29,5,27,33,10,12,8,0,0
20120122-M-Australian_Open-R16-Novak_Djokovic-Lleyton_Hewitt,Lleyton Hewitt,1,28,0,10,10,0,19,0,0,0,0,0,0
20120122-M-Australian_Open-R16-Novak_Djokovic-Lleyton_Hewitt,Lleyton Hewitt,2,10,7,8,19,5,8,33,10,12,8,0,0
20120122-M-Australian_Open-R16-Bernard_Tomic-Roger_Federer,Bernard Tomic,Total,22,3,24,28,6,11,10,5,8,3,0,0
20120122-M-Australian_Open-R16-Bernard_Tomic-Roger_Federer,Bernard Tomic,1,20,2,13,24,3,9,0,0,0,0,0,0
20120122-M-Australian_Open-R16-Bernard_Tomic-Roger_Federer,Bernard Tomic,2,2,1,11,4,3,2,10,5,8,3,0,0
20120122-M-Australian_Open-R16-Bernard_Tomic-Roger_Federer,Roger Federer,Total,14,4,22,14,3,18,13,14,7,1,0,0
20120122-M-Australian_Open-R16-Bernard_Tomic-Roger_Federer,Roger Federer,1,9,1,12,6,1,14,0,0,0,0,0,0
20120122-M-Australian_Open-R16-Bernard_Tomic-Roger_Federer,Roger Federer,2,5,3,10,8,2,4,13,14,7,1,0,0
20120121-M-Australian_Open-R32-Michael_Llodra-Andy_Murray,Michael Llodra,Total,7,11,22,21,9,7,18,6,9,2,0,0
20120121-M-Australian_Open-R32-Michael_Llodra-Andy_Murray,Michael Llodra,1,5,6,9,16,4,5,0,0,0,0,0,0
20120121-M-Australian_Open-R32-Michael_Llodra-Andy_Murray,Michael Llodra,2,2,5,13,5,5,2,18,6,9,2,0,0
20120121-M-Australian_Open-R32-Michael_Llodra-Andy_Murray,Andy Murray,Total,23,9,8,9,8,20,14,5,12,2,0,0
20120121-M-Australian_Open-R32-Michael_Llodra-Andy_Murray,Andy Murray,1,13,2,7,7,3,14,0,0,0,0,0,0
20120121-M-Australian_Open-R32-Michael_Llodra-Andy_Murray,Andy Murray,2,10,7,1,2,5,6,14,5,12,2,0,0
20120120-M-Australian_Open-R32-Ivo_Karlovic-Roger_Federer,Ivo Karlovic,Total,24,10,28,33,4,20,9,13,13,3,0,0
20120120-M-Australian_Open-R32-Ivo_Karlovic-Roger_Federer,Ivo Karlovic,1,16,5,19,27,2,15,0,0,0,0,0,0
20120120-M-Australian_Open-R32-Ivo_Karlovic-Roger_Federer,Ivo Karlovic,2,8,5,9,6,2,5,9,13,13,3,0,0
20120120-M-Australian_Open-R32-Ivo_Karlovic-Roger_Federer,Roger Federer,Total,21,3,28,31,0,16,11,11,13,3,0,0
20120120-M-Australian_Open-R32-Ivo_Karlovic-Roger_Federer,Roger Federer,1,14,1,17,16,0,13,0,0,0,0,0,0
20120120-M-Australian_Open-R32-Ivo_Karlovic-Roger_Federer,Roger Federer,2,7,2,11,15,0,3,11,11,13,3,0,0
20120118-M-Australian_Open-R64-Tommy_Haas-Rafael_Nadal,Tommy Haas,Total,25,5,19,22,2,21,22,2,15,0,0,0
20120118-M-Australian_Open-R64-Tommy_Haas-Rafael_Nadal,Tommy Haas,1,12,2,14,18,1,12,0,0,0,0,0,0
20120118-M-Australian_Open-R64-Tommy_Haas-Rafael_Nadal,Tommy Haas,2,13,3,5,4,1,9,22,2,15,0,0,0
20120118-M-Australian_Open-R64-Tommy_Haas-Rafael_Nadal,Rafael Nadal,Total,3,11,30,20,6,10,13,7,11,0,0,0
20120118-M-Australian_Open-R64-Tommy_Haas-Rafael_Nadal,Rafael Nadal,1,3,3,19,14,2,10,0,0,0,0,0,0
20120118-M-Australian_Open-R64-Tommy_Haas-Rafael_Nadal,Rafael Nadal,2,0,8,11,6,4,0,13,7,11,0,0,0
20120115-M-Australian_Open-R128-Juan_Martin_Del_Potro-Adrian_Mannarino,Juan Martin Del Potro,Total,30,24,17,10,20,37,29,9,25,2,0,0
20120115-M-Australian_Open-R128-Juan_Martin_Del_Potro-Adrian_Mannarino,Juan Martin Del Potro,1,23,4,15,8,7,22,0,0,0,0,0,0
20120115-M-Australian_Open-R128-Juan_Martin_Del_Potro-Adrian_Mannarino,Juan Martin Del Potro,2,7,20,2,2,13,15,29,9,25,2,0,0
20120115-M-Australian_Open-R128-Juan_Martin_Del_Potro-Adrian_Mannarino,Adrian Mannarino,Total,10,10,34,28,13,6,20,5,9,0,0,0
20120115-M-Australian_Open-R128-Juan_Martin_Del_Potro-Adrian_Mannarino,Adrian Mannarino,1,9,6,23,20,6,6,0,0,0,0,0,0
20120115-M-Australian_Open-R128-Juan_Martin_Del_Potro-Adrian_Mannarino,Adrian Mannarino,2,1,4,11,8,7,0,20,5,9,0,0,0
20110911-M-US_Open-SF-Andy_Murray-Rafael_Nadal,Andy Murray,Total,39,11,7,9,26,23,20,10,21,5,0,0
20110911-M-US_Open-SF-Andy_Murray-Rafael_Nadal,Andy Murray,1,14,9,7,8,6,17,0,0,0,0,0,0
20110911-M-US_Open-SF-Andy_Murray-Rafael_Nadal,Andy Murray,2,25,2,0,1,20,6,20,10,21,5,0,0
20110911-M-US_Open-SF-Andy_Murray-Rafael_Nadal,Rafael Nadal,Total,22,27,8,28,19,6,13,3,20,2,0,0
20110911-M-US_Open-SF-Andy_Murray-Rafael_Nadal,Rafael Nadal,1,17,12,8,14,16,6,0,0,0,0,0,0
20110911-M-US_Open-SF-Andy_Murray-Rafael_Nadal,Rafael Nadal,2,5,15,0,14,3,0,13,3,20,2,0,0
20110911-M-US_Open-F-Rafael_Nadal-Novak_Djokovic,Rafael Nadal,Total,17,28,29,35,21,11,23,2,20,3,0,0
20110911-M-US_Open-F-Rafael_Nadal-Novak_Djokovic,Rafael Nadal,1,14,15,18,27,12,10,0,0,0,0,0,0
20110911-M-US_Open-F-Rafael_Nadal-Novak_Djokovic,Rafael Nadal,2,3,13,11,8,9,1,23,2,20,3,0,0
20110911-M-US_Open-F-Rafael_Nadal-Novak_Djokovic,Novak Djokovic,Total,37,12,15,19,10,34,20,6,15,3,0,0
20110911-M-US_Open-F-Rafael_Nadal-Novak_Djokovic,Novak Djokovic,1,20,4,13,15,6,26,0,0,0,0,0,0
20110911-M-US_Open-F-Rafael_Nadal-Novak_Djokovic,Novak Djokovic,2,17,8,2,4,4,8,20,6,15,3,0,0
20110909-M-US_Open-SF-Roger_Federer-Novak_Djokovic,Roger Federer,Total,37,18,30,34,19,26,21,7,30,9,0,0
20110909-M-US_Open-SF-Roger_Federer-Novak_Djokovic,Roger Federer,1,33,7,16,19,7,19,0,0,0,0,0,0
20110909-M-US_Open-SF-Roger_Federer-Novak_Djokovic,Roger Federer,2,4,11,14,15,12,7,21,7,30,9,0,0
20110909-M-US_Open-SF-Roger_Federer-Novak_Djokovic,Novak Djokovic,Total,30,10,36,29,10,25,22,7,28,7,0,0
20110909-M-US_Open-SF-Roger_Federer-Novak_Djokovic,Novak Djokovic,1,21,1,18,19,6,17,0,0,0,0,0,0
20110909-M-US_Open-SF-Roger_Federer-Novak_Djokovic,Novak Djokovic,2,9,9,18,10,4,8,22,7,28,7,0,0
20110909-M-US_Open-QF-Jo_Wilfried_Tsonga-Roger_Federer,Jo Wilfried Tsonga,Total,8,13,23,15,14,12,15,2,24,2,0,0
20110909-M-US_Open-QF-Jo_Wilfried_Tsonga-Roger_Federer,Jo Wilfried Tsonga,1,8,5,13,6,4,9,0,0,0,0,0,0
20110909-M-US_Open-QF-Jo_Wilfried_Tsonga-Roger_Federer,Jo Wilfried Tsonga,2,0,8,10,9,10,3,15,2,24,2,0,0
20110909-M-US_Open-QF-Jo_Wilfried_Tsonga-Roger_Federer,Roger Federer,Total,14,14,17,24,5,12,9,5,12,1,0,0
20110909-M-US_Open-QF-Jo_Wilfried_Tsonga-Roger_Federer,Roger Federer,1,11,10,12,16,2,10,0,0,0,0,0,0
20110909-M-US_Open-QF-Jo_Wilfried_Tsonga-Roger_Federer,Roger Federer,2,3,4,5,8,3,2,9,5,12,1,0,0
20110909-M-US_Open-QF-Andy_Roddick-Rafael_Nadal,Andy Roddick,Total,15,5,15,9,3,21,12,3,13,3,0,0
20110909-M-US_Open-QF-Andy_Roddick-Rafael_Nadal,Andy Roddick,1,9,1,11,2,1,16,0,0,0,0,0,0
20110909-M-US_Open-QF-Andy_Roddick-Rafael_Nadal,Andy Roddick,2,6,4,4,7,2,5,12,3,13,3,0,0
20110909-M-US_Open-QF-Andy_Roddick-Rafael_Nadal,Rafael Nadal,Total,4,8,22,27,1,5,12,3,8,0,0,0
20110909-M-US_Open-QF-Andy_Roddick-Rafael_Nadal,Rafael Nadal,1,4,3,13,20,1,4,0,0,0,0,0,0
20110909-M-US_Open-QF-Andy_Roddick-Rafael_Nadal,Rafael Nadal,2,0,5,9,7,0,1,12,3,8,0,0,0
20110906-M-US_Open-R16-Roger_Federer-Juan_Monaco,Roger Federer,Total,17,1,12,14,4,11,5,5,8,2,0,1
20110906-M-US_Open-R16-Roger_Federer-Juan_Monaco,Roger Federer,1,14,0,6,9,1,9,0,0,0,0,0,0
20110906-M-US_Open-R16-Roger_Federer-Juan_Monaco,Roger Federer,2,3,1,6,5,3,2,5,5,8,2,0,1
20110906-M-US_Open-R16-Roger_Federer-Juan_Monaco,Juan Monaco,Total,6,6,23,28,2,3,11,3,11,0,0,0
20110906-M-US_Open-R16-Roger_Federer-Juan_Monaco,Juan Monaco,1,6,0,16,18,2,3,0,0,0,0,0,0
20110906-M-US_Open-R16-Roger_Federer-Juan_Monaco,Juan Monaco,2,0,6,7,10,0,0,11,3,11,0,0,0
20110904-M-US_Open-R32-Rafael_Nadal-David_Nalbandian,Rafael Nadal,Total,9,24,19,35,11,4,9,6,13,0,0,0
20110904-M-US_Open-R32-Rafael_Nadal-David_Nalbandian,Rafael Nadal,1,9,19,12,25,9,4,0,0,0,0,0,0
20110904-M-US_Open-R32-Rafael_Nadal-David_Nalbandian,Rafael Nadal,2,0,5,7,10,2,0,9,6,13,0,0,0
20110904-M-US_Open-R32-Rafael_Nadal-David_Nalbandian,David Nalbandian,Total,36,4,9,14,3,25,22,7,21,0,0,0
20110904-M-US_Open-R32-Rafael_Nadal-David_Nalbandian,David Nalbandian,1,16,1,8,9,2,12,0,0,0,0,0,0
20110904-M-US_Open-R32-Rafael_Nadal-David_Nalbandian,David Nalbandian,2,20,3,1,5,1,13,22,7,21,0,0,0
20110903-M-US_Open-R32-Roger_Federer-Marin_Cilic,Roger Federer,Total,26,16,14,27,12,13,9,18,18,3,0,0
20110903-M-US_Open-R32-Roger_Federer-Marin_Cilic,Roger Federer,1,20,5,10,14,5,9,0,0,0,0,0,0
20110903-M-US_Open-R32-Roger_Federer-Marin_Cilic,Roger Federer,2,6,11,4,13,7,4,9,18,18,3,0,0
20110903-M-US_Open-R32-Roger_Federer-Marin_Cilic,Marin Cilic,Total,12,14,34,42,12,4,28,8,18,12,0,0
20110903-M-US_Open-R32-Roger_Federer-Marin_Cilic,Marin Cilic,1,8,5,16,15,9,4,0,0,0,0,0,0
20110903-M-US_Open-R32-Roger_Federer-Marin_Cilic,Marin Cilic,2,4,9,18,27,3,0,28,8,18,12,0,0
20110901-M-US_Open-R64-Novak_Djokovic-Carlos_Berlocq,Novak Djokovic,Total,18,6,6,14,5,7,5,3,9,2,0,0
20110901-M-US_Open-R64-Novak_Djokovic-Carlos_Berlocq,Novak Djokovic,1,13,3,6,7,4,4,0,0,0,0,0,0
20110901-M-US_Open-R64-Novak_Djokovic-Carlos_Berlocq,Novak Djokovic,2,5,3,0,7,1,3,5,3,9,2,0,0
20110901-M-US_Open-R64-Novak_Djokovic-Carlos_Berlocq,Carlos Berlocq,Total,13,19,3,8,16,8,7,2,16,3,0,0
20110901-M-US_Open-R64-Novak_Djokovic-Carlos_Berlocq,Carlos Berlocq,1,8,9,3,6,11,8,0,0,0,0,0,0
20110901-M-US_Open-R64-Novak_Djokovic-Carlos_Berlocq,Carlos Berlocq,2,5,10,0,2,5,0,7,2,16,3,0,0
20110130-M-Australian_Open-F-Novak_Djokovic-Andy_Murray,Novak Djokovic,Total,21,7,13,14,10,10,9,4,7,3,0,0
20110130-M-Australian_Open-F-Novak_Djokovic-Andy_Murray,Novak Djokovic,1,14,1,12,14,3,8,0,0,0,0,0,0
20110130-M-Australian_Open-F-Novak_Djokovic-Andy_Murray,Novak Djokovic,2,7,6,1,0,7,2,9,4,7,3,0,0
20110130-M-Australian_Open-F-Novak_Djokovic-Andy_Murray,Andy Murray,Total,20,16,21,18,19,15,16,12,22,4,1,0
20110130-M-Australian_Open-F-Novak_Djokovic-Andy_Murray,Andy Murray,1,18,1,18,10,2,9,0,0,0,0,0,0
20110130-M-Australian_Open-F-Novak_Djokovic-Andy_Murray,Andy Murray,2,2,15,3,8,17,6,16,12,22,4,1,0
20110128-M-Australian_Open-SF-David_Ferrer-Andy_Murray,David Ferrer,Total,23,28,23,18,25,25,21,6,19,2,0,0
20110128-M-Australian_Open-SF-David_Ferrer-Andy_Murray,David Ferrer,1,23,6,20,16,8,23,0,0,0,0,0,0
20110128-M-Australian_Open-SF-David_Ferrer-Andy_Murray,David Ferrer,2,0,22,3,2,17,2,21,6,19,2,0,0
20110128-M-Australian_Open-SF-David_Ferrer-Andy_Murray,Andy Murray,Total,36,9,34,28,15,29,22,16,20,5,0,0
20110128-M-Australian_Open-SF-David_Ferrer-Andy_Murray,Andy Murray,1,31,0,17,17,0,26,0,0,0,0,0,0
20110128-M-Australian_Open-SF-David_Ferrer-Andy_Murray,Andy Murray,2,5,9,17,11,15,3,22,16,20,5,0,0
20110127-M-Australian_Open-SF-Novak_Djokovic-Roger_Federer,Novak Djokovic,Total,23,17,26,18,24,17,16,4,19,5,0,0
20110127-M-Australian_Open-SF-Novak_Djokovic-Roger_Federer,Novak Djokovic,1,19,10,22,11,13,11,0,0,0,0,0,0
20110127-M-Australian_Open-SF-Novak_Djokovic-Roger_Federer,Novak Djokovic,2,4,7,4,7,11,6,16,4,19,5,0,0
20110127-M-Australian_Open-SF-Novak_Djokovic-Roger_Federer,Roger Federer,Total,28,11,15,20,12,19,16,10,14,3,0,1
20110127-M-Australian_Open-SF-Novak_Djokovic-Roger_Federer,Roger Federer,1,17,5,10,11,3,15,0,0,0,0,0,0
20110127-M-Australian_Open-SF-Novak_Djokovic-Roger_Federer,Roger Federer,2,11,6,5,9,9,4,16,10,14,3,0,1
20110126-M-Australian_Open-QF-Roger_Federer-Stan_Wawrinka,Roger Federer,Total,18,7,15,14,6,15,9,4,3,1,0,0
20110126-M-Australian_Open-QF-Roger_Federer-Stan_Wawrinka,Roger Federer,1,15,3,12,12,2,14,0,0,0,0,0,0
20110126-M-Australian_Open-QF-Roger_Federer-Stan_Wawrinka,Roger Federer,2,3,4,3,2,4,1,9,4,3,1,0,0
20110126-M-Australian_Open-QF-Roger_Federer-Stan_Wawrinka,Stan Wawrinka,Total,12,8,24,22,4,12,13,9,10,3,0,0
20110126-M-Australian_Open-QF-Roger_Federer-Stan_Wawrinka,Stan Wawrinka,1,11,6,10,11,0,9,0,0,0,0,0,0
20110126-M-Australian_Open-QF-Roger_Federer-Stan_Wawrinka,Stan Wawrinka,2,1,2,14,11,4,3,13,9,10,3,0,0
20110126-M-Australian_Open-QF-David_Ferrer-Rafael_Nadal,David Ferrer,Total,28,3,8,9,5,20,10,2,11,2,0,0
20110126-M-Australian_Open-QF-David_Ferrer-Rafael_Nadal,David Ferrer,1,20,0,7,8,3,12,0,0,0,0,0,0
20110126-M-Australian_Open-QF-David_Ferrer-Rafael_Nadal,David Ferrer,2,8,3,1,1,2,8,10,2,11,2,0,0
20110126-M-Australian_Open-QF-David_Ferrer-Rafael_Nadal,Rafael Nadal,Total,12,16,27,29,15,5,12,2,19,3,0,0
20110126-M-Australian_Open-QF-David_Ferrer-Rafael_Nadal,Rafael Nadal,1,9,10,17,19,9,5,0,0,0,0,0,0
20110126-M-Australian_Open-QF-David_Ferrer-Rafael_Nadal,Rafael Nadal,2,3,6,10,10,6,0,12,2,19,3,0,0
20110125-M-Australian_Open-QF-Novak_Djokovic-Tomas_Berdych,Novak Djokovic,Total,17,18,12,19,11,13,13,3,11,3,0,0
20110125-M-Australian_Open-QF-Novak_Djokovic-Tomas_Berdych,Novak Djokovic,1,13,11,12,12,3,10,0,0,0,0,0,0
20110125-M-Australian_Open-QF-Novak_Djokovic-Tomas_Berdych,Novak Djokovic,2,4,7,0,7,8,3,13,3,11,3,0,0
20110125-M-Australian_Open-QF-Novak_Djokovic-Tomas_Berdych,Tomas Berdych,Total,26,13,11,22,7,17,20,6,15,9,0,0
20110125-M-Australian_Open-QF-Novak_Djokovic-Tomas_Berdych,Tomas Berdych,1,18,1,11,8,2,11,0,0,0,0,0,0
20110125-M-Australian_Open-QF-Novak_Djokovic-Tomas_Berdych,Tomas Berdych,2,8,12,0,14,5,6,20,6,15,9,0,0
20110124-M-Australian_Open-R16-Andy_Murray-Jurgen_Melzer,Andy Murray,Total,11,12,14,11,7,15,18,4,9,1,0,0
20110124-M-Australian_Open-R16-Andy_Murray-Jurgen_Melzer,Andy Murray,1,6,0,12,8,2,13,0,0,0,0,0,0
20110124-M-Australian_Open-R16-Andy_Murray-Jurgen_Melzer,Andy Murray,2,5,12,2,3,5,2,18,4,9,1,0,0
20110124-M-Australian_Open-R16-Andy_Murray-Jurgen_Melzer,Jurgen Melzer,Total,15,4,18,24,6,5,15,3,7,0,0,0
20110124-M-Australian_Open-R16-Andy_Murray-Jurgen_Melzer,Jurgen Melzer,1,11,3,14,13,3,4,0,0,0,0,0,0
20110124-M-Australian_Open-R16-Andy_Murray-Jurgen_Melzer,Jurgen Melzer,2,4,1,4,11,3,1,15,3,7,0,0,0
20110123-M-Australian_Open-R16-Robin_Soderling-Alexandr_Dolgopolov,Robin Soderling,Total,27,18,27,28,17,21,17,5,30,6,0,0
20110123-M-Australian_Open-R16-Robin_Soderling-Alexandr_Dolgopolov,Robin Soderling,1,24,4,18,18,5,17,0,0,0,0,0,0
20110123-M-Australian_Open-R16-Robin_Soderling-Alexandr_Dolgopolov,Robin Soderling,2,3,14,9,10,12,4,17,5,30,6,0,0
20110123-M-Australian_Open-R16-Robin_Soderling-Alexandr_Dolgopolov,Alexandr Dolgopolov,Total,31,8,15,28,13,10,26,10,17,1,0,0
20110123-M-Australian_Open-R16-Robin_Soderling-Alexandr_Dolgopolov,Alexandr Dolgopolov,1,18,0,9,18,1,7,0,0,0,0,0,0
20110123-M-Australian_Open-R16-Robin_Soderling-Alexandr_Dolgopolov,Alexandr Dolgopolov,2,13,8,6,10,12,3,26,10,17,1,0,0
20110122-M-Australian_Open-R32-Roger_Federer-Xavier_Malisse,Roger Federer,Total,16,10,17,21,7,12,11,10,12,0,0,0
20110122-M-Australian_Open-R32-Roger_Federer-Xavier_Malisse,Roger Federer,1,13,5,9,13,2,9,0,0,0,0,0,0
20110122-M-Australian_Open-R32-Roger_Federer-Xavier_Malisse,Roger Federer,2,3,5,8,8,5,3,11,10,12,0,0,0
20110122-M-Australian_Open-R32-Roger_Federer-Xavier_Malisse,Xavier Malisse,Total,13,3,28,27,1,13,13,4,17,1,0,0
20110122-M-Australian_Open-R32-Roger_Federer-Xavier_Malisse,Xavier Malisse,1,13,1,16,10,1,11,0,0,0,0,0,0
20110122-M-Australian_Open-R32-Roger_Federer-Xavier_Malisse,Xavier Malisse,2,0,2,12,17,0,2,13,4,17,1,0,0
20110120-M-Australian_Open-R64-Mikhail_Youzhny-Blaz_Kavcic,Mikhail Youzhny,Total,18,12,38,37,8,14,28,8,19,1,0,0
20110120-M-Australian_Open-R64-Mikhail_Youzhny-Blaz_Kavcic,Mikhail Youzhny,1,16,4,17,24,1,12,0,0,0,0,0,0
20110120-M-Australian_Open-R64-Mikhail_Youzhny-Blaz_Kavcic,Mikhail Youzhny,2,2,8,21,13,7,2,28,8,19,1,0,0
20110120-M-Australian_Open-R64-Mikhail_Youzhny-Blaz_Kavcic,Blaz Kavcic,Total,28,11,30,38,9,18,29,10,20,0,0,0
20110120-M-Australian_Open-R64-Mikhail_Youzhny-Blaz_Kavcic,Blaz Kavcic,1,19,5,15,23,5,16,0,0,0,0,0,0
20110120-M-Australian_Open-R64-Mikhail_Youzhny-Blaz_Kavcic,Blaz Kavcic,2,9,6,15,15,4,2,29,10,20,0,0,0
20110120-M-Australian_Open-R64-Gilles_Simon-Roger_Federer,Gilles Simon,Total,39,5,38,40,4,29,25,13,25,9,0,0
20110120-M-Australian_Open-R64-Gilles_Simon-Roger_Federer,Gilles Simon,1,35,0,12,14,1,26,0,0,0,0,0,0
20110120-M-Australian_Open-R64-Gilles_Simon-Roger_Federer,Gilles Simon,2,4,5,26,26,3,3,25,13,25,9,0,0
20110120-M-Australian_Open-R64-Gilles_Simon-Roger_Federer,Roger Federer,Total,32,6,28,29,8,23,12,11,20,7,0,0
20110120-M-Australian_Open-R64-Gilles_Simon-Roger_Federer,Roger Federer,1,23,1,15,19,1,18,0,0,0,0,0,0
20110120-M-Australian_Open-R64-Gilles_Simon-Roger_Federer,Roger Federer,2,9,5,13,10,7,5,12,11,20,7,0,0
20110120-M-Australian_Open-R64-Andy_Murray-Illya_Marchenko,Andy Murray,Total,14,9,19,16,4,20,12,4,13,0,1,0
20110120-M-Australian_Open-R64-Andy_Murray-Illya_Marchenko,Andy Murray,1,11,3,15,6,1,16,0,0,0,0,0,0
20110120-M-Australian_Open-R64-Andy_Murray-Illya_Marchenko,Andy Murray,2,3,6,4,10,3,4,12,4,13,0,1,0
20110120-M-Australian_Open-R64-Andy_Murray-Illya_Marchenko,Illya Marchenko,Total,12,12,13,14,8,12,17,0,19,1,0,0
20110120-M-Australian_Open-R64-Andy_Murray-Illya_Marchenko,Illya Marchenko,1,10,2,10,7,0,9,0,0,0,0,0,0
20110120-M-Australian_Open-R64-Andy_Murray-Illya_Marchenko,Illya Marchenko,2,2,10,3,7,8,3,17,0,19,1,0,0
20110118-M-Australian_Open-R128-David_Nalbandian-Lleyton_Hewitt,David Nalbandian,Total,47,23,39,66,8,27,30,15,28,6,0,1
20110118-M-Australian_Open-R128-David_Nalbandian-Lleyton_Hewitt,David Nalbandian,1,41,5,27,42,1,20,0,0,0,0,0,0
20110118-M-Australian_Open-R128-David_Nalbandian-Lleyton_Hewitt,David Nalbandian,2,6,18,12,24,7,7,30,15,28,6,0,1
20110118-M-Australian_Open-R128-David_Nalbandian-Lleyton_Hewitt,Lleyton Hewitt,Total,63,10,18,53,12,20,29,7,35,6,0,0
20110118-M-Australian_Open-R128-David_Nalbandian-Lleyton_Hewitt,Lleyton Hewitt,1,45,0,18,22,1,18,0,0,0,0,0,0
20110118-M-Australian_Open-R128-David_Nalbandian-Lleyton_Hewitt,Lleyton Hewitt,2,18,10,0,31,11,2,29,7,35,6,0,0
20110117-M-Australian_Open-R128-Roger_Federer-Lukas_Lacko,Roger Federer,Total,15,3,13,14,4,9,12,5,5,0,0,0
20110117-M-Australian_Open-R128-Roger_Federer-Lukas_Lacko,Roger Federer,1,13,1,7,10,0,6,0,0,0,0,0,0
20110117-M-Australian_Open-R128-Roger_Federer-Lukas_Lacko,Roger Federer,2,2,2,6,4,4,3,12,5,5,0,0,0
20110117-M-Australian_Open-R128-Roger_Federer-Lukas_Lacko,Lukas Lacko,Total,9,9,24,20,9,12,12,4,12,0,0,0
20110117-M-Australian_Open-R128-Roger_Federer-Lukas_Lacko,Lukas Lacko,1,7,2,18,13,6,10,0,0,0,0,0,0
20110117-M-Australian_Open-R128-Roger_Federer-Lukas_Lacko,Lukas Lacko,2,2,7,6,7,3,2,12,4,12,0,0,0
20110117-M-Australian_Open-R128-Novak_Djokovic-Marcel_Granollers,Novak Djokovic,Total,10,4,13,14,4,8,4,1,8,2,0,0
20110117-M-Australian_Open-R128-Novak_Djokovic-Marcel_Granollers,Novak Djokovic,1,8,1,12,10,0,7,0,0,0,0,0,0
20110117-M-Australian_Open-R128-Novak_Djokovic-Marcel_Granollers,Novak Djokovic,2,2,3,1,4,4,1,4,1,8,2,0,0
20110117-M-Australian_Open-R128-Novak_Djokovic-Marcel_Granollers,Marcel Granollers,Total,13,12,4,12,10,4,12,9,11,1,0,0
20110117-M-Australian_Open-R128-Novak_Djokovic-Marcel_Granollers,Marcel Granollers,1,9,2,4,4,2,4,0,0,0,0,0,0
20110117-M-Australian_Open-R128-Novak_Djokovic-Marcel_Granollers,Marcel Granollers,2,4,10,0,8,8,0,12,9,11,1,0,0
20100912-M-US_Open-F-Novak_Djokovic-Rafael_Nadal,Novak Djokovic,Total,31,25,18,14,29,26,15,9,26,1,0,0
20100912-M-US_Open-F-Novak_Djokovic-Rafael_Nadal,Novak Djokovic,1,22,14,16,13,14,17,0,0,0,0,0,0
20100912-M-US_Open-F-Novak_Djokovic-Rafael_Nadal,Novak Djokovic,2,9,11,2,1,15,9,15,9,26,1,0,0
20100912-M-US_Open-F-Novak_Djokovic-Rafael_Nadal,Rafael Nadal,Total,19,26,13,25,19,10,16,4,16,3,0,0
20100912-M-US_Open-F-Novak_Djokovic-Rafael_Nadal,Rafael Nadal,1,17,12,6,21,9,10,0,0,0,0,0,0
20100912-M-US_Open-F-Novak_Djokovic-Rafael_Nadal,Rafael Nadal,2,2,14,7,4,10,0,16,4,16,3,0,0
20100911-M-US_Open-SF-Rafael_Nadal-Mikhail_Youzhny,Rafael Nadal,Total,5,7,30,30,4,1,18,3,7,0,0,0
20100911-M-US_Open-SF-Rafael_Nadal-Mikhail_Youzhny,Rafael Nadal,1,5,5,16,22,1,1,0,0,0,0,0,0
20100911-M-US_Open-SF-Rafael_Nadal-Mikhail_Youzhny,Rafael Nadal,2,0,2,14,8,3,0,18,3,7,0,0,0
20100911-M-US_Open-SF-Rafael_Nadal-Mikhail_Youzhny,Mikhail Youzhny,Total,27,1,15,11,13,14,24,3,10,1,0,0
20100911-M-US_Open-SF-Rafael_Nadal-Mikhail_Youzhny,Mikhail Youzhny,1,15,1,13,10,4,5,0,0,0,0,0,0
20100911-M-US_Open-SF-Rafael_Nadal-Mikhail_Youzhny,Mikhail Youzhny,2,12,0,2,1,9,9,24,3,10,1,0,0
20100908-M-US_Open-QF-Novak_Djokovic-Gael_Monfils,Novak Djokovic,Total,22,25,4,21,21,7,11,1,15,2,1,0
20100908-M-US_Open-QF-Novak_Djokovic-Gael_Monfils,Novak Djokovic,1,18,17,4,17,11,7,0,0,0,0,0,0
20100908-M-US_Open-QF-Novak_Djokovic-Gael_Monfils,Novak Djokovic,2,4,8,0,4,10,0,11,1,15,2,1,0
20100908-M-US_Open-QF-Novak_Djokovic-Gael_Monfils,Gael Monfils,Total,24,28,3,27,8,19,23,7,17,7,0,0
20100908-M-US_Open-QF-Novak_Djokovic-Gael_Monfils,Gael Monfils,1,13,8,3,16,3,18,0,0,0,0,0,0
20100908-M-US_Open-QF-Novak_Djokovic-Gael_Monfils,Gael Monfils,2,11,20,0,11,5,1,23,7,17,7,0,0
20100907-M-US_Open-R16-Rafael_Nadal-Feliciano_Lopez,Rafael Nadal,Total,16,9,18,22,7,7,16,4,9,0,0,0
20100907-M-US_Open-R16-Rafael_Nadal-Feliciano_Lopez,Rafael Nadal,1,14,4,10,18,0,5,0,0,0,0,0,0
20100907-M-US_Open-R16-Rafael_Nadal-Feliciano_Lopez,Rafael Nadal,2,2,5,8,4,7,2,16,4,9,0,0,0
20100907-M-US_Open-R16-Rafael_Nadal-Feliciano_Lopez,Feliciano Lopez,Total,27,9,15,23,15,11,26,4,21,3,0,0
20100907-M-US_Open-R16-Rafael_Nadal-Feliciano_Lopez,Feliciano Lopez,1,14,7,8,9,5,9,0,0,0,0,0,0
20100907-M-US_Open-R16-Rafael_Nadal-Feliciano_Lopez,Feliciano Lopez,2,13,2,7,14,10,2,26,4,21,3,0,0
20100905-M-US_Open-R32-Stan_Wawrinka-Andy_Murray,Stan Wawrinka,Total,14,11,25,27,2,15,19,9,20,0,0,3
20100905-M-US_Open-R32-Stan_Wawrinka-Andy_Murray,Stan Wawrinka,1,11,4,12,10,0,10,0,0,0,0,0,0
20100905-M-US_Open-R32-Stan_Wawrinka-Andy_Murray,Stan Wawrinka,2,3,7,13,17,2,5,19,9,20,0,0,3
20100905-M-US_Open-R32-Stan_Wawrinka-Andy_Murray,Andy Murray,Total,21,17,22,37,8,10,23,6,28,5,2,1
20100905-M-US_Open-R32-Stan_Wawrinka-Andy_Murray,Andy Murray,1,16,1,11,16,1,9,0,0,0,0,0,0
20100905-M-US_Open-R32-Stan_Wawrinka-Andy_Murray,Andy Murray,2,5,16,11,21,7,1,23,6,28,5,2,1
20100904-M-US_Open-R32-Novak_Djokovic-James_Blake,Novak Djokovic,Total,13,25,12,18,18,6,8,8,5,0,0,0
20100904-M-US_Open-R32-Novak_Djokovic-James_Blake,Novak Djokovic,1,11,17,12,18,10,4,0,0,0,0,0,0
20100904-M-US_Open-R32-Novak_Djokovic-James_Blake,Novak Djokovic,2,2,8,0,0,8,2,8,8,5,0,0,0
20100904-M-US_Open-R32-Novak_Djokovic-James_Blake,James Blake,Total,18,18,5,19,3,13,7,7,14,1,0,0
20100904-M-US_Open-R32-Novak_Djokovic-James_Blake,James Blake,1,15,11,5,8,3,10,0,0,0,0,0,0
20100904-M-US_Open-R32-Novak_Djokovic-James_Blake,James Blake,2,3,7,0,11,0,3,7,7,14,1,0,0
20100903-M-US_Open-SF-Novak_Djokovic-Roger_Federer,Novak Djokovic,Total,15,24,40,32,24,16,18,5,36,1,0,0
20100903-M-US_Open-SF-Novak_Djokovic-Roger_Federer,Novak Djokovic,1,12,13,23,22,12,12,0,0,0,0,0,0
20100903-M-US_Open-SF-Novak_Djokovic-Roger_Federer,Novak Djokovic,2,3,11,17,10,12,4,18,5,36,1,0,0
20100903-M-US_Open-SF-Novak_Djokovic-Roger_Federer,Roger Federer,Total,33,22,28,37,14,26,23,15,36,7,0,0
20100903-M-US_Open-SF-Novak_Djokovic-Roger_Federer,Roger Federer,1,23,7,18,21,1,14,0,0,0,0,0,0
20100903-M-US_Open-SF-Novak_Djokovic-Roger_Federer,Roger Federer,2,10,15,10,16,13,12,23,15,36,7,0,0
20100901-M-US_Open-QF-Robin_Soderling-Roger_Federer,Robin Soderling,Total,16,19,13,21,5,18,14,6,19,4,0,0
20100901-M-US_Open-QF-Robin_Soderling-Roger_Federer,Robin Soderling,1,14,2,7,15,0,15,0,0,0,0,0,0
20100901-M-US_Open-QF-Robin_Soderling-Roger_Federer,Robin Soderling,2,2,17,6,6,5,3,14,6,19,4,0,0
20100901-M-US_Open-QF-Robin_Soderling-Roger_Federer,Roger Federer,Total,20,9,18,23,7,14,10,10,11,4,0,0
20100901-M-US_Open-QF-Robin_Soderling-Roger_Federer,Roger Federer,1,14,2,14,15,1,12,0,0,0,0,0,0
20100901-M-US_Open-QF-Robin_Soderling-Roger_Federer,Roger Federer,2,6,7,4,8,6,2,10,10,11,4,0,0
20100831-M-US_Open-R128-Teymuraz_Gabashvili-Rafael_Nadal,Teymuraz Gabashvili,Total,17,29,16,10,20,28,24,6,6,3,0,0
20100831-M-US_Open-R128-Teymuraz_Gabashvili-Rafael_Nadal,Teymuraz Gabashvili,1,15,15,15,10,7,21,0,0,0,0,0,0
20100831-M-US_Open-R128-Teymuraz_Gabashvili-Rafael_Nadal,Teymuraz Gabashvili,2,2,14,1,0,13,7,24,6,6,3,0,0
20100831-M-US_Open-R128-Teymuraz_Gabashvili-Rafael_Nadal,Rafael Nadal,Total,9,21,25,18,24,6,20,8,9,1,0,0
20100831-M-US_Open-R128-Teymuraz_Gabashvili-Rafael_Nadal,Rafael Nadal,1,7,10,19,15,13,4,0,0,0,0,0,0
20100831-M-US_Open-R128-Teymuraz_Gabashvili-Rafael_Nadal,Rafael Nadal,2,2,11,6,3,11,2,20,8,9,1,0,0
20100831-M-US_Open-R128-Roger_Federer-Brian_Dabul,Roger Federer,Total,17,1,15,12,1,15,7,5,11,0,0,0
20100831-M-US_Open-R128-Roger_Federer-Brian_Dabul,Roger Federer,1,11,0,11,10,0,7,0,0,0,0,0,0
20100831-M-US_Open-R128-Roger_Federer-Brian_Dabul,Roger Federer,2,6,1,4,2,1,8,7,5,11,0,0,0
20100831-M-US_Open-R128-Roger_Federer-Brian_Dabul,Brian Dabul,Total,11,2,23,27,3,4,8,4,13,0,0,0
20100831-M-US_Open-R128-Roger_Federer-Brian_Dabul,Brian Dabul,1,7,1,15,18,3,4,0,0,0,0,0,0
20100831-M-US_Open-R128-Roger_Federer-Brian_Dabul,Brian Dabul,2,4,1,8,9,0,0,8,4,13,0,0,0
20100131-M-Australian_Open-F-Roger_Federer-Andy_Murray,Roger Federer,Total,20,9,29,24,9,21,11,6,18,2,0,0
20100131-M-Australian_Open-F-Roger_Federer-Andy_Murray,Roger Federer,1,18,3,15,18,3,19,0,0,0,0,0,0
20100131-M-Australian_Open-F-Roger_Federer-Andy_Murray,Roger Federer,2,2,6,14,6,6,2,11,6,18,2,0,0
20100131-M-Australian_Open-F-Roger_Federer-Andy_Murray,Andy Murray,Total,18,3,34,21,12,16,26,5,13,2,0,0
20100131-M-Australian_Open-F-Roger_Federer-Andy_Murray,Andy Murray,1,15,0,23,12,1,11,0,0,0,0,0,0
20100131-M-Australian_Open-F-Roger_Federer-Andy_Murray,Andy Murray,2,3,3,11,9,11,5,26,5,13,2,0,0
20100128-M-Australian_Open-SF-Roger_Federer-Jo_Wilfried_Tsonga,Roger Federer,Total,10,7,19,18,3,12,7,5,9,4,0,0
20100128-M-Australian_Open-SF-Roger_Federer-Jo_Wilfried_Tsonga,Roger Federer,1,9,2,13,9,1,10,0,0,0,0,0,0
20100128-M-Australian_Open-SF-Roger_Federer-Jo_Wilfried_Tsonga,Roger Federer,2,1,5,6,9,2,2,7,5,9,4,0,0
20100128-M-Australian_Open-SF-Roger_Federer-Jo_Wilfried_Tsonga,Jo Wilfried Tsonga,Total,9,7,21,17,5,11,12,6,17,0,1,0
20100128-M-Australian_Open-SF-Roger_Federer-Jo_Wilfried_Tsonga,Jo Wilfried Tsonga,1,8,1,10,11,0,9,0,0,0,0,0,0
20100128-M-Australian_Open-SF-Roger_Federer-Jo_Wilfried_Tsonga,Jo Wilfried Tsonga,2,1,6,11,6,5,2,12,6,17,0,1,0
20100128-M-Australian_Open-SF-Andy_Murray-Marin_Cilic,Andy Murray,Total,33,10,15,16,10,23,25,8,8,0,0,0
20100128-M-Australian_Open-SF-Andy_Murray-Marin_Cilic,Andy Murray,1,29,0,8,8,1,21,0,0,0,0,0,0
20100128-M-Australian_Open-SF-Andy_Murray-Marin_Cilic,Andy Murray,2,4,10,7,8,9,2,25,8,8,0,0,0
20100128-M-Australian_Open-SF-Andy_Murray-Marin_Cilic,Marin Cilic,Total,22,8,35,32,11,16,14,15,21,10,0,0
20100128-M-Australian_Open-SF-Andy_Murray-Marin_Cilic,Marin Cilic,1,18,1,13,15,8,15,0,0,0,0,0,0
20100128-M-Australian_Open-SF-Andy_Murray-Marin_Cilic,Marin Cilic,2,4,7,22,17,3,1,14,15,21,10,0,0
20100126-M-Australian_Open-R16-John_Isner-Andy_Murray,John Isner,Total,16,13,12,24,6,8,5,10,10,1,0,0
20100126-M-Australian_Open-R16-John_Isner-Andy_Murray,John Isner,1,16,4,10,16,1,8,0,0,0,0,0,0
20100126-M-Australian_Open-R16-John_Isner-Andy_Murray,John Isner,2,0,9,2,8,5,0,5,10,10,1,0,0
20100126-M-Australian_Open-R16-John_Isner-Andy_Murray,Andy Murray,Total,9,18,17,18,14,8,13,3,6,2,0,0
20100126-M-Australian_Open-R16-John_Isner-Andy_Murray,Andy Murray,1,6,12,12,15,10,6,0,0,0,0,0,0
20100126-M-Australian_Open-R16-John_Isner-Andy_Murray,Andy Murray,2,3,6,5,3,4,2,13,3,6,2,0,0
20100126-M-Australian_Open-QF-Roger_Federer-Nikolay_Davydenko,Roger Federer,Total,33,10,20,33,12,14,21,10,21,0,0,0
20100126-M-Australian_Open-QF-Roger_Federer-Nikolay_Davydenko,Roger Federer,1,27,2,14,19,2,10,0,0,0,0,0,0
20100126-M-Australian_Open-QF-Roger_Federer-Nikolay_Davydenko,Roger Federer,2,6,8,6,14,10,4,21,10,21,0,0,0
20100126-M-Australian_Open-QF-Roger_Federer-Nikolay_Davydenko,Nikolay Davydenko,Total,10,23,23,23,17,9,22,4,19,0,0,0
20100126-M-Australian_Open-QF-Roger_Federer-Nikolay_Davydenko,Nikolay Davydenko,1,10,9,14,17,7,7,0,0,0,0,0,0
20100126-M-Australian_Open-QF-Roger_Federer-Nikolay_Davydenko,Nikolay Davydenko,2,0,14,9,6,10,2,22,4,19,0,0,0
20100126-M-Australian_Open-QF-Novak_Djokovic-Jo_Wilfried_Tsonga,Novak Djokovic,Total,28,20,29,40,17,11,20,9,23,2,0,0
20100126-M-Australian_Open-QF-Novak_Djokovic-Jo_Wilfried_Tsonga,Novak Djokovic,1,21,11,22,30,8,8,0,0,0,0,0,0
20100126-M-Australian_Open-QF-Novak_Djokovic-Jo_Wilfried_Tsonga,Novak Djokovic,2,7,9,7,10,9,3,20,9,23,2,0,0
20100126-M-Australian_Open-QF-Novak_Djokovic-Jo_Wilfried_Tsonga,Jo Wilfried Tsonga,Total,31,18,37,39,7,36,27,6,24,6,0,0
20100126-M-Australian_Open-QF-Novak_Djokovic-Jo_Wilfried_Tsonga,Jo Wilfried Tsonga,1,29,1,23,20,1,33,0,0,0,0,0,0
20100126-M-Australian_Open-QF-Novak_Djokovic-Jo_Wilfried_Tsonga,Jo Wilfried Tsonga,2,2,17,14,19,6,3,27,6,24,6,0,0
20100126-M-Australian_Open-QF-Andy_Roddick-Marin_Cilic,Andy Roddick,Total,36,8,30,25,7,32,19,8,24,0,0,0
20100126-M-Australian_Open-QF-Andy_Roddick-Marin_Cilic,Andy Roddick,1,30,3,17,13,2,23,0,0,0,0,0,0
20100126-M-Australian_Open-QF-Andy_Roddick-Marin_Cilic,Andy Roddick,2,6,5,13,12,5,9,19,8,24,0,0,0
20100126-M-Australian_Open-QF-Andy_Roddick-Marin_Cilic,Marin Cilic,Total,32,10,36,44,13,16,30,18,29,4,0,0
20100126-M-Australian_Open-QF-Andy_Roddick-Marin_Cilic,Marin Cilic,1,19,1,17,22,4,13,0,0,0,0,0,0
20100126-M-Australian_Open-QF-Andy_Roddick-Marin_Cilic,Marin Cilic,2,13,9,19,22,9,3,30,18,29,4,0,0
20100126-M-Australian_Open-QF-Andy_Murray-Rafael_Nadal,Andy Murray,Total,27,7,16,11,10,26,20,6,11,3,0,0
20100126-M-Australian_Open-QF-Andy_Murray-Rafael_Nadal,Andy Murray,1,17,2,16,7,0,16,0,0,0,0,0,0
20100126-M-Australian_Open-QF-Andy_Murray-Rafael_Nadal,Andy Murray,2,10,5,0,4,10,10,20,6,11,3,0,0
20100126-M-Australian_Open-QF-Andy_Murray-Rafael_Nadal,Rafael Nadal,Total,7,17,14,16,7,11,6,6,13,0,0,0
20100126-M-Australian_Open-QF-Andy_Murray-Rafael_Nadal,Rafael Nadal,1,5,2,14,15,3,9,0,0,0,0,0,0
20100126-M-Australian_Open-QF-Andy_Murray-Rafael_Nadal,Rafael Nadal,2,2,15,0,1,4,2,6,6,13,0,0,0
20100124-M-Australian_Open-R16-Roger_Federer-Lleyton_Hewitt,Roger Federer,Total,15,3,20,20,2,13,10,9,6,1,0,0
20100124-M-Australian_Open-R16-Roger_Federer-Lleyton_Hewitt,Roger Federer,1,12,0,14,10,0,11,0,0,0,0,0,0
20100124-M-Australian_Open-R16-Roger_Federer-Lleyton_Hewitt,Roger Federer,2,3,3,6,10,2,2,10,9,6,1,0,0
20100124-M-Australian_Open-R16-Roger_Federer-Lleyton_Hewitt,Lleyton Hewitt,Total,32,10,6,26,4,17,16,9,14,1,0,0
20100124-M-Australian_Open-R16-Roger_Federer-Lleyton_Hewitt,Lleyton Hewitt,1,23,0,4,12,2,16,0,0,0,0,0,0
20100124-M-Australian_Open-R16-Roger_Federer-Lleyton_Hewitt,Lleyton Hewitt,2,9,10,2,14,2,1,16,9,14,1,0,0
20100124-M-Australian_Open-R16-Fernando_Verdasco-Nikolay_Davydenko,Fernando Verdasco,Total,46,17,20,29,22,21,44,8,26,9,0,0
20100124-M-Australian_Open-R16-Fernando_Verdasco-Nikolay_Davydenko,Fernando Verdasco,1,17,13,14,21,10,13,0,0,0,0,0,0
20100124-M-Australian_Open-R16-Fernando_Verdasco-Nikolay_Davydenko,Fernando Verdasco,2,29,4,6,8,12,8,44,8,26,9,0,0
20100124-M-Australian_Open-R16-Fernando_Verdasco-Nikolay_Davydenko,Nikolay Davydenko,Total,52,18,19,27,20,37,32,11,22,5,0,0
20100124-M-Australian_Open-R16-Fernando_Verdasco-Nikolay_Davydenko,Nikolay Davydenko,1,32,5,18,14,13,26,0,0,0,0,0,0
20100124-M-Australian_Open-R16-Fernando_Verdasco-Nikolay_Davydenko,Nikolay Davydenko,2,20,13,1,13,7,11,32,11,22,5,0,0
20100124-M-Australian_Open-R16-Andy_Roddick-Fernando_Gonzalez,Andy Roddick,Total,30,5,27,25,4,28,21,6,12,0,0,0
20100124-M-Australian_Open-R16-Andy_Roddick-Fernando_Gonzalez,Andy Roddick,1,26,1,16,14,1,22,0,0,0,0,0,0
20100124-M-Australian_Open-R16-Andy_Roddick-Fernando_Gonzalez,Andy Roddick,2,4,4,11,11,3,6,21,6,12,0,0,0
20100124-M-Australian_Open-R16-Andy_Roddick-Fernando_Gonzalez,Fernando Gonzalez,Total,33,17,37,38,24,21,21,15,36,2,0,0
20100124-M-Australian_Open-R16-Andy_Roddick-Fernando_Gonzalez,Fernando Gonzalez,1,28,3,26,27,3,17,0,0,0,0,0,0
20100124-M-Australian_Open-R16-Andy_Roddick-Fernando_Gonzalez,Fernando Gonzalez,2,5,14,11,11,21,4,21,15,36,2,0,0
20100121-M-Australian_Open-R64-Roger_Federer-Victor_Hanescu,Roger Federer,Total,12,10,16,19,0,16,7,6,11,1,0,0
20100121-M-Australian_Open-R64-Roger_Federer-Victor_Hanescu,Roger Federer,1,10,7,8,10,0,14,0,0,0,0,0,0
20100121-M-Australian_Open-R64-Roger_Federer-Victor_Hanescu,Roger Federer,2,2,3,8,9,0,2,7,6,11,1,0,0
20100121-M-Australian_Open-R64-Roger_Federer-Victor_Hanescu,Victor Hanescu,Total,11,13,21,24,9,9,13,5,9,0,0,0
20100121-M-Australian_Open-R64-Roger_Federer-Victor_Hanescu,Victor Hanescu,1,7,1,20,22,5,6,0,0,0,0,0,0
20100121-M-Australian_Open-R64-Roger_Federer-Victor_Hanescu,Victor Hanescu,2,4,12,1,2,4,3,13,5,9,0,0,0
20100121-M-Australian_Open-R64-David_Ferrer-Marcos_Baghdatis,David Ferrer,Total,20,41,28,36,29,18,34,6,18,0,0,0
20100121-M-Australian_Open-R64-David_Ferrer-Marcos_Baghdatis,David Ferrer,1,19,13,20,24,20,18,0,0,0,0,0,0
20100121-M-Australian_Open-R64-David_Ferrer-Marcos_Baghdatis,David Ferrer,2,1,28,8,12,9,0,34,6,18,0,0,0
20100121-M-Australian_Open-R64-David_Ferrer-Marcos_Baghdatis,Marcos Baghdatis,Total,27,12,29,46,2,17,37,8,17,1,0,0
20100121-M-Australian_Open-R64-David_Ferrer-Marcos_Baghdatis,Marcos Baghdatis,1,20,2,16,15,1,17,0,0,0,0,0,0
20100121-M-Australian_Open-R64-David_Ferrer-Marcos_Baghdatis,Marcos Baghdatis,2,7,10,13,31,1,0,37,8,17,1,0,0
20100120-M-Australian_Open-R64-Bernard_Tomic-Marin_Cilic,Bernard Tomic,Total,40,24,29,57,15,19,30,11,27,2,0,0
20100120-M-Australian_Open-R64-Bernard_Tomic-Marin_Cilic,Bernard Tomic,1,39,9,16,33,9,16,0,0,0,0,0,0
20100120-M-Australian_Open-R64-Bernard_Tomic-Marin_Cilic,Bernard Tomic,2,1,15,13,24,6,3,30,11,27,2,0,0
20100120-M-Australian_Open-R64-Bernard_Tomic-Marin_Cilic,Marin Cilic,Total,21,6,54,54,5,16,34,17,33,3,0,0
20100120-M-Australian_Open-R64-Bernard_Tomic-Marin_Cilic,Marin Cilic,1,16,1,23,17,1,14,0,0,0,0,0,0
20100120-M-Australian_Open-R64-Bernard_Tomic-Marin_Cilic,Marin Cilic,2,5,5,31,37,4,2,34,17,33,3,0,0
20100118-M-Australian_Open-R128-Roger_Federer-Igor_Andreev,Roger Federer,Total,23,6,24,27,3,14,21,9,12,2,0,0
20100118-M-Australian_Open-R128-Roger_Federer-Igor_Andreev,Roger Federer,1,19,2,10,12,2,11,0,0,0,0,0,0
20100118-M-Australian_Open-R128-Roger_Federer-Igor_Andreev,Roger Federer,2,4,4,14,15,1,3,21,9,12,2,0,0
20100118-M-Australian_Open-R128-Roger_Federer-Igor_Andreev,Igor Andreev,Total,16,12,41,35,13,15,29,6,14,8,0,0
20100118-M-Australian_Open-R128-Roger_Federer-Igor_Andreev,Igor Andreev,1,16,2,23,19,6,15,0,0,0,0,0,0
20100118-M-Australian_Open-R128-Roger_Federer-Igor_Andreev,Igor Andreev,2,0,10,18,16,7,0,29,6,14,8,0,0
20090914-M-US_Open-F-Roger_Federer-Juan_Martin_Del_Potro,Roger Federer,Total,30,29,37,29,27,29,46,24,30,2,0,0
20090914-M-US_Open-F-Roger_Federer-Juan_Martin_Del_Potro,Roger Federer,1,24,6,19,15,6,20,0,0,0,0,0,0
20090914-M-US_Open-F-Roger_Federer-Juan_Martin_Del_Potro,Roger Federer,2,6,23,18,14,21,9,46,24,30,2,0,0
20090914-M-US_Open-F-Roger_Federer-Juan_Martin_Del_Potro,Juan Martin Del Potro,Total,13,17,59,30,30,22,30,12,20,4,0,0
20090914-M-US_Open-F-Roger_Federer-Juan_Martin_Del_Potro,Juan Martin Del Potro,1,13,7,36,16,17,22,0,0,0,0,0,0
20090914-M-US_Open-F-Roger_Federer-Juan_Martin_Del_Potro,Juan Martin Del Potro,2,0,10,23,14,13,0,30,12,20,4,0,0
20090913-M-US_Open-SF-Novak_Djokovic-Roger_Federer,Novak Djokovic,Total,18,20,23,16,17,21,17,6,16,2,0,0
20090913-M-US_Open-SF-Novak_Djokovic-Roger_Federer,Novak Djokovic,1,15,8,20,10,9,16,0,0,0,0,0,0
20090913-M-US_Open-SF-Novak_Djokovic-Roger_Federer,Novak Djokovic,2,3,12,3,6,8,5,17,6,16,2,0,0
20090913-M-US_Open-SF-Novak_Djokovic-Roger_Federer,Roger Federer,Total,20,13,25,21,9,21,23,11,14,1,0,0
20090913-M-US_Open-SF-Novak_Djokovic-Roger_Federer,Roger Federer,1,15,4,16,11,2,15,0,0,0,0,0,0
20090913-M-US_Open-SF-Novak_Djokovic-Roger_Federer,Roger Federer,2,5,9,9,10,7,6,23,11,14,1,0,0
20090913-M-US_Open-SF-Juan_Martin_Del_Potro-Rafael_Nadal,Juan Martin Del Potro,Total,31,4,8,10,2,30,15,4,14,0,0,0
20090913-M-US_Open-SF-Juan_Martin_Del_Potro-Rafael_Nadal,Juan Martin Del Potro,1,23,0,6,9,1,16,0,0,0,0,0,0
20090913-M-US_Open-SF-Juan_Martin_Del_Potro-Rafael_Nadal,Juan Martin Del Potro,2,8,4,2,1,1,14,15,4,14,0,0,0
20090913-M-US_Open-SF-Juan_Martin_Del_Potro-Rafael_Nadal,Rafael Nadal,Total,7,14,25,17,15,12,10,4,9,0,0,0
20090913-M-US_Open-SF-Juan_Martin_Del_Potro-Rafael_Nadal,Rafael Nadal,1,7,10,18,14,10,11,0,0,0,0,0,0
20090913-M-US_Open-SF-Juan_Martin_Del_Potro-Rafael_Nadal,Rafael Nadal,2,0,4,7,3,5,1,10,4,9,0,0,0
20090910-M-US_Open-QF-Juan_Martin_Del_Potro-Marin_Cilic,Juan Martin Del Potro,Total,15,13,21,20,11,14,16,6,12,3,0,1
20090910-M-US_Open-QF-Juan_Martin_Del_Potro-Marin_Cilic,Juan Martin Del Potro,1,15,4,14,15,1,11,0,0,0,0,0,0
20090910-M-US_Open-QF-Juan_Martin_Del_Potro-Marin_Cilic,Juan Martin Del Potro,2,0,9,7,5,10,3,16,6,12,3,0,1
20090910-M-US_Open-QF-Juan_Martin_Del_Potro-Marin_Cilic,Marin Cilic,Total,20,6,28,26,17,7,13,12,16,2,0,0
20090910-M-US_Open-QF-Juan_Martin_Del_Potro-Marin_Cilic,Marin Cilic,1,15,2,17,13,9,7,0,0,0,0,0,0
20090910-M-US_Open-QF-Juan_Martin_Del_Potro-Marin_Cilic,Marin Cilic,2,5,4,11,13,8,0,13,12,16,2,0,0
20090909-M-US_Open-QF-Roger_Federer-Robin_Soderling,Roger Federer,Total,27,16,25,26,13,21,21,11,13,1,0,0
20090909-M-US_Open-QF-Roger_Federer-Robin_Soderling,Roger Federer,1,24,2,20,20,2,17,0,0,0,0,0,0
20090909-M-US_Open-QF-Roger_Federer-Robin_Soderling,Roger Federer,2,3,14,5,6,11,4,21,11,13,1,0,0
20090909-M-US_Open-QF-Roger_Federer-Robin_Soderling,Robin Soderling,Total,22,28,17,16,19,25,19,4,21,3,0,0
20090909-M-US_Open-QF-Roger_Federer-Robin_Soderling,Robin Soderling,1,20,14,14,12,7,18,0,0,0,0,0,0
20090909-M-US_Open-QF-Roger_Federer-Robin_Soderling,Robin Soderling,2,2,14,3,4,12,7,19,4,21,3,0,0
20090909-M-US_Open-QF-Fernando_Verdasco-Novak_Djokovic,Fernando Verdasco,Total,31,11,21,18,8,30,27,10,22,2,0,0
20090909-M-US_Open-QF-Fernando_Verdasco-Novak_Djokovic,Fernando Verdasco,1,16,4,16,14,4,12,0,0,0,0,0,0
20090909-M-US_Open-QF-Fernando_Verdasco-Novak_Djokovic,Fernando Verdasco,2,15,7,5,4,4,18,27,10,22,2,0,0
20090909-M-US_Open-QF-Fernando_Verdasco-Novak_Djokovic,Novak Djokovic,Total,32,14,23,16,20,27,21,3,19,2,0,0
20090909-M-US_Open-QF-Fernando_Verdasco-Novak_Djokovic,Novak Djokovic,1,22,6,22,12,11,17,0,0,0,0,0,0
20090909-M-US_Open-QF-Fernando_Verdasco-Novak_Djokovic,Novak Djokovic,2,10,8,1,4,9,10,21,3,19,2,0,0
20090908-M-US_Open-R16-Jo_Wilfried_Tsonga-Fernando_Gonzalez,Jo Wilfried Tsonga,Total,28,20,19,38,4,18,16,8,24,5,0,0
20090908-M-US_Open-R16-Jo_Wilfried_Tsonga-Fernando_Gonzalez,Jo Wilfried Tsonga,1,23,7,13,21,1,13,0,0,0,0,0,0
20090908-M-US_Open-R16-Jo_Wilfried_Tsonga-Fernando_Gonzalez,Jo Wilfried Tsonga,2,5,13,6,17,3,5,16,8,24,5,0,0
20090908-M-US_Open-R16-Jo_Wilfried_Tsonga-Fernando_Gonzalez,Fernando Gonzalez,Total,38,20,14,44,6,13,21,22,14,3,0,1
20090908-M-US_Open-R16-Jo_Wilfried_Tsonga-Fernando_Gonzalez,Fernando Gonzalez,1,20,11,13,22,2,10,0,0,0,0,0,0
20090908-M-US_Open-R16-Jo_Wilfried_Tsonga-Fernando_Gonzalez,Fernando Gonzalez,2,18,9,1,22,4,3,21,22,14,3,0,1
20090905-M-US_Open-R32-Roger_Federer-Lleyton_Hewitt,Roger Federer,Total,27,11,31,34,7,24,23,10,28,4,0,0
20090905-M-US_Open-R32-Roger_Federer-Lleyton_Hewitt,Roger Federer,1,19,1,21,16,1,15,0,0,0,0,0,0
20090905-M-US_Open-R32-Roger_Federer-Lleyton_Hewitt,Roger Federer,2,8,10,10,18,6,9,23,10,28,4,0,0
20090905-M-US_Open-R32-Roger_Federer-Lleyton_Hewitt,Lleyton Hewitt,Total,29,14,17,34,2,14,23,9,21,5,0,0
20090905-M-US_Open-R32-Roger_Federer-Lleyton_Hewitt,Lleyton Hewitt,1,22,2,11,8,1,12,0,0,0,0,0,0
20090905-M-US_Open-R32-Roger_Federer-Lleyton_Hewitt,Lleyton Hewitt,2,7,12,6,26,1,2,23,9,21,5,0,0
20090905-M-US_Open-R32-Andy_Roddick-John_Isner,Andy Roddick,Total,25,14,45,22,7,41,30,8,13,2,0,1
20090905-M-US_Open-R32-Andy_Roddick-John_Isner,Andy Roddick,1,22,4,26,11,2,37,0,0,0,0,0,0
20090905-M-US_Open-R32-Andy_Roddick-John_Isner,Andy Roddick,2,3,10,19,11,5,4,30,8,13,2,0,1
20090905-M-US_Open-R32-Andy_Roddick-John_Isner,John Isner,Total,29,27,28,36,18,25,18,15,25,6,0,0
20090905-M-US_Open-R32-Andy_Roddick-John_Isner,John Isner,1,27,1,25,26,3,24,0,0,0,0,0,0
20090905-M-US_Open-R32-Andy_Roddick-John_Isner,John Isner,2,2,26,3,10,15,1,18,15,25,6,0,0
20090901-M-US_Open-R128-Roger_Federer-Devin_Britton,Roger Federer,Total,13,8,16,18,7,7,10,4,12,1,0,0
20090901-M-US_Open-R128-Roger_Federer-Devin_Britton,Roger Federer,1,11,2,13,12,2,5,0,0,0,0,0,0
20090901-M-US_Open-R128-Roger_Federer-Devin_Britton,Roger Federer,2,2,6,3,6,5,2,10,4,12,1,0,0
20090901-M-US_Open-R128-Roger_Federer-Devin_Britton,Devin Britton,Total,13,10,28,22,10,17,27,10,11,4,0,0
20090901-M-US_Open-R128-Roger_Federer-Devin_Britton,Devin Britton,1,10,1,18,14,1,13,0,0,0,0,0,0
20090901-M-US_Open-R128-Roger_Federer-Devin_Britton,Devin Britton,2,3,9,10,8,9,4,27,10,11,4,0,0
20090901-M-US_Open-R128-Fernando_Gonzalez-Nicolas_Massu,Fernando Gonzalez,Total,17,13,12,13,5,20,14,10,16,0,0,0
20090901-M-US_Open-R128-Fernando_Gonzalez-Nicolas_Massu,Fernando Gonzalez,1,8,2,9,6,0,17,0,0,0,0,0,0
20090901-M-US_Open-R128-Fernando_Gonzalez-Nicolas_Massu,Fernando Gonzalez,2,9,11,3,7,5,3,14,10,16,0,0,0
20090901-M-US_Open-R128-Fernando_Gonzalez-Nicolas_Massu,Nicolas Massu,Total,24,10,18,29,7,15,17,8,24,0,0,0
20090901-M-US_Open-R128-Fernando_Gonzalez-Nicolas_Massu,Nicolas Massu,1,11,7,11,16,5,10,0,0,0,0,0,0
20090901-M-US_Open-R128-Fernando_Gonzalez-Nicolas_Massu,Nicolas Massu,2,13,3,7,13,2,5,17,8,24,0,0,0
20090831-M-US_Open-R128-Andy_Roddick-Bjorn_Phau,Andy Roddick,Total,21,3,14,9,5,17,6,3,5,0,0,0
20090831-M-US_Open-R128-Andy_Roddick-Bjorn_Phau,Andy Roddick,1,21,2,12,4,1,16,0,0,0,0,0,0
20090831-M-US_Open-R128-Andy_Roddick-Bjorn_Phau,Andy Roddick,2,0,1,2,5,4,1,6,3,5,0,0,0
20090831-M-US_Open-R128-Andy_Roddick-Bjorn_Phau,Bjorn Phau,Total,8,16,16,18,4,14,19,6,10,0,0,0
20090831-M-US_Open-R128-Andy_Roddick-Bjorn_Phau,Bjorn Phau,1,8,3,8,7,2,13,0,0,0,0,0,0
20090831-M-US_Open-R128-Andy_Roddick-Bjorn_Phau,Bjorn Phau,2,0,13,8,11,2,1,19,6,10,0,0,0
20090201-M-Australian_Open-F-Roger_Federer-Rafael_Nadal,Roger Federer,Total,63,0,26,28,0,55,40,19,25,4,0,0
20090201-M-Australian_Open-F-Roger_Federer-Rafael_Nadal,Roger Federer,1,30,0,17,16,0,27,0,0,0,0,0,0
20090201-M-Australian_Open-F-Roger_Federer-Rafael_Nadal,Roger Federer,2,33,0,9,12,0,28,40,19,25,4,0,0
20090201-M-Australian_Open-F-Roger_Federer-Rafael_Nadal,Rafael Nadal,Total,6,8,76,68,5,12,24,16,24,3,0,0
20090201-M-Australian_Open-F-Roger_Federer-Rafael_Nadal,Rafael Nadal,1,6,7,41,45,4,9,0,0,0,0,0,0
20090201-M-Australian_Open-F-Roger_Federer-Rafael_Nadal,Rafael Nadal,2,0,1,35,23,1,3,24,16,24,3,0,0
20090130-M-Australian_Open-SF-Fernando_Verdasco-Rafael_Nadal,Fernando Verdasco,Total,49,10,51,53,7,42,20,18,29,0,0,0
20090130-M-Australian_Open-SF-Fernando_Verdasco-Rafael_Nadal,Fernando Verdasco,1,32,5,38,36,3,35,0,0,0,0,0,0
20090130-M-Australian_Open-SF-Fernando_Verdasco-Rafael_Nadal,Fernando Verdasco,2,17,5,13,17,4,7,20,18,29,0,0,0
20090130-M-Australian_Open-SF-Fernando_Verdasco-Rafael_Nadal,Rafael Nadal,Total,27,27,36,18,10,55,14,17,17,0,0,0
20090130-M-Australian_Open-SF-Fernando_Verdasco-Rafael_Nadal,Rafael Nadal,1,25,10,31,17,4,41,0,0,0,0,0,0
20090130-M-Australian_Open-SF-Fernando_Verdasco-Rafael_Nadal,Rafael Nadal,2,2,17,5,1,6,14,14,17,17,0,0,0
20090129-M-Australian_Open-SF-Andy_Roddick-Roger_Federer,Andy Roddick,Total,18,3,27,18,3,25,13,9,13,0,0,0
20090129-M-Australian_Open-SF-Andy_Roddick-Roger_Federer,Andy Roddick,1,14,0,19,11,0,17,0,0,0,0,0,0
20090129-M-Australian_Open-SF-Andy_Roddick-Roger_Federer,Andy Roddick,2,4,3,8,7,3,8,13,9,13,0,0,0
20090129-M-Australian_Open-SF-Andy_Roddick-Roger_Federer,Roger Federer,Total,23,5,23,20,6,18,10,5,13,5,0,0
20090129-M-Australian_Open-SF-Andy_Roddick-Roger_Federer,Roger Federer,1,18,1,17,11,1,14,0,0,0,0,0,0
20090129-M-Australian_Open-SF-Andy_Roddick-Roger_Federer,Roger Federer,2,5,4,6,9,5,4,10,5,13,5,0,0
20090128-M-Australian_Open-QF-Roger_Federer-Juan_Martin_Del_Potro,Roger Federer,Total,12,6,8,7,5,10,2,10,2,2,0,0
20090128-M-Australian_Open-QF-Roger_Federer-Juan_Martin_Del_Potro,Roger Federer,1,9,2,6,5,1,9,0,0,0,0,0,0
20090128-M-Australian_Open-QF-Roger_Federer-Juan_Martin_Del_Potro,Roger Federer,2,3,4,2,2,4,1,2,10,2,2,0,0
20090128-M-Australian_Open-QF-Roger_Federer-Juan_Martin_Del_Potro,Juan Martin Del Potro,Total,1,15,17,12,18,1,14,1,12,1,0,0
20090128-M-Australian_Open-QF-Roger_Federer-Juan_Martin_Del_Potro,Juan Martin Del Potro,1,1,7,12,7,10,1,0,0,0,0,0,0
20090128-M-Australian_Open-QF-Roger_Federer-Juan_Martin_Del_Potro,Juan Martin Del Potro,2,0,8,5,5,8,0,14,1,12,1,0,0
20090128-M-Australian_Open-QF-Gilles_Simon-Rafael_Nadal,Gilles Simon,Total,33,6,10,13,22,10,21,9,15,1,0,0
20090128-M-Australian_Open-QF-Gilles_Simon-Rafael_Nadal,Gilles Simon,1,19,2,10,7,8,6,0,0,0,0,0,0
20090128-M-Australian_Open-QF-Gilles_Simon-Rafael_Nadal,Gilles Simon,2,14,4,0,6,14,4,21,9,15,1,0,0
20090128-M-Australian_Open-QF-Gilles_Simon-Rafael_Nadal,Rafael Nadal,Total,17,12,19,32,11,3,15,7,11,0,0,0
20090128-M-Australian_Open-QF-Gilles_Simon-Rafael_Nadal,Rafael Nadal,1,17,3,13,20,7,3,0,0,0,0,0,0
20090128-M-Australian_Open-QF-Gilles_Simon-Rafael_Nadal,Rafael Nadal,2,0,9,6,12,4,0,15,7,11,0,0,0
20090128-M-Australian_Open-QF-Fernando_Verdasco-Jo_Wilfried_Tsonga,Fernando Verdasco,Total,23,6,38,37,4,20,6,10,15,0,0,0
20090128-M-Australian_Open-QF-Fernando_Verdasco-Jo_Wilfried_Tsonga,Fernando Verdasco,1,14,3,33,33,2,15,0,0,0,0,0,0
20090128-M-Australian_Open-QF-Fernando_Verdasco-Jo_Wilfried_Tsonga,Fernando Verdasco,2,9,3,5,4,2,5,6,10,15,0,0,0
20090128-M-Australian_Open-QF-Fernando_Verdasco-Jo_Wilfried_Tsonga,Jo Wilfried Tsonga,Total,24,8,17,9,2,37,17,8,10,3,0,0
20090128-M-Australian_Open-QF-Fernando_Verdasco-Jo_Wilfried_Tsonga,Jo Wilfried Tsonga,1,20,0,14,5,0,23,0,0,0,0,0,0
20090128-M-Australian_Open-QF-Fernando_Verdasco-Jo_Wilfried_Tsonga,Jo Wilfried Tsonga,2,4,8,3,4,2,14,17,8,10,3,0,0
20090127-M-Australian_Open-QF-Andy_Roddick-Novak_Djokovic,Andy Roddick,Total,18,5,24,11,3,26,14,5,10,1,0,0
20090127-M-Australian_Open-QF-Andy_Roddick-Novak_Djokovic,Andy Roddick,1,17,1,14,6,2,22,0,0,0,0,0,0
20090127-M-Australian_Open-QF-Andy_Roddick-Novak_Djokovic,Andy Roddick,2,1,4,10,5,1,4,14,5,10,1,0,0
20090127-M-Australian_Open-QF-Andy_Roddick-Novak_Djokovic,Novak Djokovic,Total,29,10,20,19,16,21,24,9,8,6,0,0
20090127-M-Australian_Open-QF-Andy_Roddick-Novak_Djokovic,Novak Djokovic,1,21,4,16,15,5,12,0,0,0,0,0,0
20090127-M-Australian_Open-QF-Andy_Roddick-Novak_Djokovic,Novak Djokovic,2,8,6,4,4,11,9,24,9,8,6,0,0
20090126-M-Australian_Open-R16-Roger_Federer-Tomas_Berdych,Roger Federer,Total,31,15,38,38,14,23,13,19,23,3,0,0
20090126-M-Australian_Open-R16-Roger_Federer-Tomas_Berdych,Roger Federer,1,27,2,32,25,4,16,0,0,0,0,0,0
20090126-M-Australian_Open-R16-Roger_Federer-Tomas_Berdych,Roger Federer,2,4,13,6,13,10,7,13,19,23,3,0,0
20090126-M-Australian_Open-R16-Roger_Federer-Tomas_Berdych,Tomas Berdych,Total,25,40,14,13,32,27,26,10,20,5,0,0
20090126-M-Australian_Open-R16-Roger_Federer-Tomas_Berdych,Tomas Berdych,1,22,18,10,10,12,20,0,0,0,0,0,0
20090126-M-Australian_Open-R16-Roger_Federer-Tomas_Berdych,Tomas Berdych,2,3,22,4,3,20,7,26,10,20,5,0,0
20090125-M-Australian_Open-R16-Fernando_Verdasco-Andy_Murray,Fernando Verdasco,Total,23,10,34,42,9,11,10,10,17,0,0,0
20090125-M-Australian_Open-R16-Fernando_Verdasco-Andy_Murray,Fernando Verdasco,1,16,4,30,37,1,9,0,0,0,0,0,0
20090125-M-Australian_Open-R16-Fernando_Verdasco-Andy_Murray,Fernando Verdasco,2,7,6,4,5,8,2,10,10,17,0,0,0
20090125-M-Australian_Open-R16-Fernando_Verdasco-Andy_Murray,Andy Murray,Total,51,5,15,11,15,40,19,12,24,2,0,0
20090125-M-Australian_Open-R16-Fernando_Verdasco-Andy_Murray,Andy Murray,1,31,1,15,9,3,24,0,0,0,0,0,0
20090125-M-Australian_Open-R16-Fernando_Verdasco-Andy_Murray,Andy Murray,2,20,4,0,2,12,16,19,12,24,2,0,0
20090124-M-Australian_Open-R32-Tommy_Haas-Rafael_Nadal,Tommy Haas,Total,29,3,19,22,2,23,15,7,14,1,0,0
20090124-M-Australian_Open-R32-Tommy_Haas-Rafael_Nadal,Tommy Haas,1,13,2,17,17,1,11,0,0,0,0,0,0
20090124-M-Australian_Open-R32-Tommy_Haas-Rafael_Nadal,Tommy Haas,2,16,1,2,5,1,12,15,7,14,1,0,0
20090124-M-Australian_Open-R32-Tommy_Haas-Rafael_Nadal,Rafael Nadal,Total,8,3,22,15,6,8,6,4,8,0,0,0
20090124-M-Australian_Open-R32-Tommy_Haas-Rafael_Nadal,Rafael Nadal,1,8,2,15,9,3,7,0,0,0,0,0,0
20090124-M-Australian_Open-R32-Tommy_Haas-Rafael_Nadal,Rafael Nadal,2,0,1,7,6,3,1,6,4,8,0,0,0
20090124-M-Australian_Open-R32-Richard_Gasquet-Fernando_Gonzalez,Richard Gasquet,Total,34,6,54,42,2,41,28,16,25,0,1,1
20090124-M-Australian_Open-R32-Richard_Gasquet-Fernando_Gonzalez,Richard Gasquet,1,26,1,28,23,1,36,0,0,0,0,0,0
20090124-M-Australian_Open-R32-Richard_Gasquet-Fernando_Gonzalez,Richard Gasquet,2,8,5,26,19,1,5,28,16,25,0,1,1
20090124-M-Australian_Open-R32-Richard_Gasquet-Fernando_Gonzalez,Fernando Gonzalez,Total,37,20,49,73,7,17,21,22,27,1,0,0
20090124-M-Australian_Open-R32-Richard_Gasquet-Fernando_Gonzalez,Fernando Gonzalez,1,26,12,32,52,3,14,0,0,0,0,0,0
20090124-M-Australian_Open-R32-Richard_Gasquet-Fernando_Gonzalez,Fernando Gonzalez,2,11,8,17,21,4,3,21,22,27,1,0,0
20090123-M-Australian_Open-R32-Roger_Federer-Marat_Safin,Roger Federer,Total,16,8,20,19,5,20,9,11,11,5,0,0
20090123-M-Australian_Open-R32-Roger_Federer-Marat_Safin,Roger Federer,1,12,2,12,10,2,15,0,0,0,0,0,0
20090123-M-Australian_Open-R32-Roger_Federer-Marat_Safin,Roger Federer,2,4,6,8,9,3,5,9,11,11,5,0,0
20090123-M-Australian_Open-R32-Roger_Federer-Marat_Safin,Marat Safin,Total,9,17,19,17,12,13,20,8,16,2,1,0
20090123-M-Australian_Open-R32-Roger_Federer-Marat_Safin,Marat Safin,1,7,2,10,15,0,9,0,0,0,0,0,0
20090123-M-Australian_Open-R32-Roger_Federer-Marat_Safin,Marat Safin,2,2,15,9,2,12,4,20,8,16,2,1,0
20080908-M-US_Open-F-Roger_Federer-Andy_Murray,Roger Federer,Total,23,1,18,18,0,21,19,7,7,1,0,0
20080908-M-US_Open-F-Roger_Federer-Andy_Murray,Roger Federer,1,12,0,12,7,0,16,0,0,0,0,0,0
20080908-M-US_Open-F-Roger_Federer-Andy_Murray,Roger Federer,2,11,1,6,11,0,5,19,7,7,1,0,0
20080908-M-US_Open-F-Roger_Federer-Andy_Murray,Andy Murray,Total,19,1,24,29,0,8,14,4,20,1,0,0
20080908-M-US_Open-F-Roger_Federer-Andy_Murray,Andy Murray,1,13,1,11,14,0,6,0,0,0,0,0,0
20080908-M-US_Open-F-Roger_Federer-Andy_Murray,Andy Murray,2,6,0,13,15,0,2,14,4,20,1,0,0
20080905-M-US_Open-SF-Rafael_Nadal-Andy_Murray,Rafael Nadal,Total,30,26,29,45,18,19,17,6,18,8,0,0
20080905-M-US_Open-SF-Rafael_Nadal-Andy_Murray,Rafael Nadal,1,25,5,27,44,9,10,0,0,0,0,0,0
20080905-M-US_Open-SF-Rafael_Nadal-Andy_Murray,Rafael Nadal,2,5,21,2,1,9,9,17,6,18,8,0,0
20080905-M-US_Open-SF-Rafael_Nadal-Andy_Murray,Andy Murray,Total,32,10,15,20,8,23,13,3,17,8,0,0
20080905-M-US_Open-SF-Rafael_Nadal-Andy_Murray,Andy Murray,1,22,1,13,15,1,18,0,0,0,0,0,0
20080905-M-US_Open-SF-Rafael_Nadal-Andy_Murray,Andy Murray,2,10,9,2,5,7,5,13,3,17,8,0,0
20080904-M-US_Open-QF-Roger_Federer-Gilles_Muller,Roger Federer,Total,24,12,18,19,9,21,15,6,16,3,0,0
20080904-M-US_Open-QF-Roger_Federer-Gilles_Muller,Roger Federer,1,18,3,12,13,1,16,0,0,0,0,0,0
20080904-M-US_Open-QF-Roger_Federer-Gilles_Muller,Roger Federer,2,6,9,6,6,8,5,15,6,16,3,0,0
20080904-M-US_Open-QF-Roger_Federer-Gilles_Muller,Gilles Muller,Total,13,9,40,30,11,18,19,7,21,2,1,0
20080904-M-US_Open-QF-Roger_Federer-Gilles_Muller,Gilles Muller,1,10,3,24,15,7,16,0,0,0,0,0,0
20080904-M-US_Open-QF-Roger_Federer-Gilles_Muller,Gilles Muller,2,3,6,16,15,4,2,19,7,21,2,1,0
20080903-M-US_Open-R16-Roger_Federer-Igor_Andreev,Roger Federer,Total,34,14,42,39,3,36,18,11,26,5,0,0
20080903-M-US_Open-R16-Roger_Federer-Igor_Andreev,Roger Federer,1,24,7,27,22,2,31,0,0,0,0,0,0
20080903-M-US_Open-R16-Roger_Federer-Igor_Andreev,Roger Federer,2,10,7,15,17,1,5,18,11,26,5,0,0
20080903-M-US_Open-R16-Roger_Federer-Igor_Andreev,Igor Andreev,Total,23,19,44,42,15,22,25,5,34,7,0,1
20080903-M-US_Open-R16-Roger_Federer-Igor_Andreev,Igor Andreev,1,20,1,25,33,2,19,0,0,0,0,0,0
20080903-M-US_Open-R16-Roger_Federer-Igor_Andreev,Igor Andreev,2,3,18,19,9,13,3,25,5,34,7,0,1
20080831-M-US_Open-R32-Roger_Federer-Radek_Stepanek,Roger Federer,Total,18,5,18,16,2,17,10,5,9,0,0,0
20080831-M-US_Open-R32-Roger_Federer-Radek_Stepanek,Roger Federer,1,14,2,10,14,0,15,0,0,0,0,0,0
20080831-M-US_Open-R32-Roger_Federer-Radek_Stepanek,Roger Federer,2,4,3,8,2,2,2,10,5,9,0,0,0
20080831-M-US_Open-R32-Roger_Federer-Radek_Stepanek,Radek Stepanek,Total,8,6,29,25,6,11,12,5,13,1,0,1
20080831-M-US_Open-R32-Roger_Federer-Radek_Stepanek,Radek Stepanek,1,8,4,18,15,3,10,0,0,0,0,0,0
20080831-M-US_Open-R32-Roger_Federer-Radek_Stepanek,Radek Stepanek,2,0,2,11,10,3,1,12,5,13,1,0,1
20080830-M-US_Open-R32-James_Blake-Mardy_Fish,James Blake,Total,17,22,14,13,16,19,14,6,20,6,0,0
20080830-M-US_Open-R32-James_Blake-Mardy_Fish,James Blake,1,15,6,8,9,4,15,0,0,0,0,0,0
20080830-M-US_Open-R32-James_Blake-Mardy_Fish,James Blake,2,2,16,6,4,12,4,14,6,20,6,0,0
20080830-M-US_Open-R32-James_Blake-Mardy_Fish,Mardy Fish,Total,11,11,30,16,16,14,14,6,15,10,0,0
20080830-M-US_Open-R32-James_Blake-Mardy_Fish,Mardy Fish,1,10,0,19,9,4,14,0,0,0,0,0,0
20080830-M-US_Open-R32-James_Blake-Mardy_Fish,Mardy Fish,2,1,11,11,7,12,0,14,6,15,10,0,0
20080830-M-US_Open-R32-Gilles_Simon-Juan_Martin_Del_Potro,Gilles Simon,Total,22,20,34,48,7,17,25,23,28,3,0,1
20080830-M-US_Open-R32-Gilles_Simon-Juan_Martin_Del_Potro,Gilles Simon,1,21,1,19,16,0,16,0,0,0,0,0,0
20080830-M-US_Open-R32-Gilles_Simon-Juan_Martin_Del_Potro,Gilles Simon,2,1,19,15,32,7,1,25,23,28,3,0,1
20080830-M-US_Open-R32-Gilles_Simon-Juan_Martin_Del_Potro,Juan Martin Del Potro,Total,25,11,32,30,7,32,27,7,19,0,0,3
20080830-M-US_Open-R32-Gilles_Simon-Juan_Martin_Del_Potro,Juan Martin Del Potro,1,17,2,24,23,2,20,0,0,0,0,0,0
20080830-M-US_Open-R32-Gilles_Simon-Juan_Martin_Del_Potro,Juan Martin Del Potro,2,8,9,8,7,5,12,27,7,19,0,0,3
20080827-M-US_Open-R128-Roger_Federer-Maximo_Gonzalez,Roger Federer,Total,20,2,19,19,2,14,5,8,6,2,0,0
20080827-M-US_Open-R128-Roger_Federer-Maximo_Gonzalez,Roger Federer,1,17,1,15,11,1,11,0,0,0,0,0,0
20080827-M-US_Open-R128-Roger_Federer-Maximo_Gonzalez,Roger Federer,2,3,1,4,8,1,3,5,8,6,2,0,0
20080827-M-US_Open-R128-Roger_Federer-Maximo_Gonzalez,Maximo Gonzalez,Total,15,2,23,23,3,9,16,6,5,2,0,0
20080827-M-US_Open-R128-Roger_Federer-Maximo_Gonzalez,Maximo Gonzalez,1,12,2,14,13,2,6,0,0,0,0,0,0
20080827-M-US_Open-R128-Roger_Federer-Maximo_Gonzalez,Maximo Gonzalez,2,3,0,9,10,1,3,16,6,5,2,0,0
20080127-M-Australian_Open-SF-Novak_Djokovic-Roger_Federer,Novak Djokovic,Total,24,10,21,22,14,16,19,10,9,2,0,0
20080127-M-Australian_Open-SF-Novak_Djokovic-Roger_Federer,Novak Djokovic,1,21,3,17,18,3,11,0,0,0,0,0,0
20080127-M-Australian_Open-SF-Novak_Djokovic-Roger_Federer,Novak Djokovic,2,3,7,4,4,11,5,19,10,9,2,0,0
20080127-M-Australian_Open-SF-Novak_Djokovic-Roger_Federer,Roger Federer,Total,19,8,25,25,5,18,10,9,12,9,0,0
20080127-M-Australian_Open-SF-Novak_Djokovic-Roger_Federer,Roger Federer,1,16,2,14,14,2,14,0,0,0,0,0,0
20080127-M-Australian_Open-SF-Novak_Djokovic-Roger_Federer,Roger Federer,2,3,6,11,11,3,4,10,9,12,9,0,0
20080125-M-Australian_Open-SF-Jo_Wilfried_Tsonga-Rafael_Nadal,Jo Wilfried Tsonga,Total,22,6,12,20,3,13,8,10,6,4,0,0
20080125-M-Australian_Open-SF-Jo_Wilfried_Tsonga-Rafael_Nadal,Jo Wilfried Tsonga,1,16,0,11,13,1,8,0,0,0,0,0,0
20080125-M-Australian_Open-SF-Jo_Wilfried_Tsonga-Rafael_Nadal,Jo Wilfried Tsonga,2,6,6,1,7,2,5,8,10,6,4,0,0
20080125-M-Australian_Open-SF-Jo_Wilfried_Tsonga-Rafael_Nadal,Rafael Nadal,Total,5,8,25,20,9,3,8,4,10,1,0,0
20080125-M-Australian_Open-SF-Jo_Wilfried_Tsonga-Rafael_Nadal,Rafael Nadal,1,5,0,19,17,4,3,0,0,0,0,0,0
20080125-M-Australian_Open-SF-Jo_Wilfried_Tsonga-Rafael_Nadal,Rafael Nadal,2,0,8,6,3,5,0,8,4,10,1,0,0
20080123-M-Australian_Open-QF-Roger_Federer-James_Blake,Roger Federer,Total,23,7,22,23,5,16,15,9,7,0,0,0
20080123-M-Australian_Open-QF-Roger_Federer-James_Blake,Roger Federer,1,19,2,16,16,0,12,0,0,0,0,0,0
20080123-M-Australian_Open-QF-Roger_Federer-James_Blake,Roger Federer,2,4,5,6,7,5,4,15,9,7,0,0,0
20080123-M-Australian_Open-QF-Roger_Federer-James_Blake,James Blake,Total,15,19,26,24,16,15,24,9,16,3,0,0
20080123-M-Australian_Open-QF-Roger_Federer-James_Blake,James Blake,1,13,6,17,15,4,13,0,0,0,0,0,0
20080123-M-Australian_Open-QF-Roger_Federer-James_Blake,James Blake,2,2,13,9,9,12,2,24,9,16,3,0,0
20080122-M-Australian_Open-QF-Jo_Wilfried_Tsonga-Mikhail_Youzhny,Jo Wilfried Tsonga,Total,24,8,15,22,1,16,11,10,12,0,0,0
20080122-M-Australian_Open-QF-Jo_Wilfried_Tsonga-Mikhail_Youzhny,Jo Wilfried Tsonga,1,16,3,11,10,0,14,0,0,0,0,0,0
20080122-M-Australian_Open-QF-Jo_Wilfried_Tsonga-Mikhail_Youzhny,Jo Wilfried Tsonga,2,8,5,4,12,1,2,11,10,12,0,0,0
20080122-M-Australian_Open-QF-Jo_Wilfried_Tsonga-Mikhail_Youzhny,Mikhail Youzhny,Total,15,3,36,41,2,9,12,4,16,0,0,0
20080122-M-Australian_Open-QF-Jo_Wilfried_Tsonga-Mikhail_Youzhny,Mikhail Youzhny,1,14,1,22,31,1,8,0,0,0,0,0,0
20080122-M-Australian_Open-QF-Jo_Wilfried_Tsonga-Mikhail_Youzhny,Mikhail Youzhny,2,1,2,14,10,1,1,12,4,16,0,0,0
20080122-M-Australian_Open-QF-Jarkko_Nieminen-Rafael_Nadal,Jarkko Nieminen,Total,19,11,18,27,8,8,11,0,13,1,0,1
20080122-M-Australian_Open-QF-Jarkko_Nieminen-Rafael_Nadal,Jarkko Nieminen,1,16,7,15,21,3,5,0,0,0,0,0,0
20080122-M-Australian_Open-QF-Jarkko_Nieminen-Rafael_Nadal,Jarkko Nieminen,2,3,4,3,6,5,3,11,0,13,1,0,1
20080122-M-Australian_Open-QF-Jarkko_Nieminen-Rafael_Nadal,Rafael Nadal,Total,12,19,17,8,23,12,24,2,11,0,0,0
20080122-M-Australian_Open-QF-Jarkko_Nieminen-Rafael_Nadal,Rafael Nadal,1,8,8,15,5,16,7,0,0,0,0,0,0
20080122-M-Australian_Open-QF-Jarkko_Nieminen-Rafael_Nadal,Rafael Nadal,2,4,11,2,3,7,5,24,2,11,0,0,0
20080121-M-Australian_Open-R16-Tomas_Berdych-Roger_Federer,Tomas Berdych,Total,17,15,13,21,8,12,13,13,9,1,0,2
20080121-M-Australian_Open-R16-Tomas_Berdych-Roger_Federer,Tomas Berdych,1,14,8,7,12,1,10,0,0,0,0,0,0
20080121-M-Australian_Open-R16-Tomas_Berdych-Roger_Federer,Tomas Berdych,2,3,7,6,9,7,2,13,13,9,1,0,2
20080121-M-Australian_Open-R16-Tomas_Berdych-Roger_Federer,Roger Federer,Total,17,1,30,22,3,15,7,10,8,2,0,3
20080121-M-Australian_Open-R16-Tomas_Berdych-Roger_Federer,Roger Federer,1,17,0,21,12,0,9,0,0,0,0,0,0
20080121-M-Australian_Open-R16-Tomas_Berdych-Roger_Federer,Roger Federer,2,0,1,9,10,3,6,7,10,8,2,0,3
20080120-M-Australian_Open-R16-Richard_Gasquet-Jo_Wilfried_Tsonga,Richard Gasquet,Total,30,4,43,44,4,26,22,19,17,5,0,0
20080120-M-Australian_Open-R16-Richard_Gasquet-Jo_Wilfried_Tsonga,Richard Gasquet,1,26,1,20,20,2,23,0,0,0,0,0,0
20080120-M-Australian_Open-R16-Richard_Gasquet-Jo_Wilfried_Tsonga,Richard Gasquet,2,4,3,23,24,2,3,22,19,17,5,0,0
20080120-M-Australian_Open-R16-Richard_Gasquet-Jo_Wilfried_Tsonga,Jo Wilfried Tsonga,Total,32,12,24,29,4,26,19,8,17,1,0,0
20080120-M-Australian_Open-R16-Richard_Gasquet-Jo_Wilfried_Tsonga,Jo Wilfried Tsonga,1,29,2,14,15,1,22,0,0,0,0,0,0
20080120-M-Australian_Open-R16-Richard_Gasquet-Jo_Wilfried_Tsonga,Jo Wilfried Tsonga,2,3,10,10,14,3,4,19,8,17,1,0,0
20080119-M-Australian_Open-R32-Roger_Federer-Janko_Tipsarevic,Roger Federer,Total,32,6,53,40,7,30,21,19,18,3,0,0
20080119-M-Australian_Open-R32-Roger_Federer-Janko_Tipsarevic,Roger Federer,1,27,0,33,25,0,23,0,0,0,0,0,0
20080119-M-Australian_Open-R32-Roger_Federer-Janko_Tipsarevic,Roger Federer,2,5,6,20,15,7,7,21,19,18,3,0,0
20080119-M-Australian_Open-R32-Roger_Federer-Janko_Tipsarevic,Janko Tipsarevic,Total,10,21,76,64,10,26,53,20,31,3,0,0
20080119-M-Australian_Open-R32-Roger_Federer-Janko_Tipsarevic,Janko Tipsarevic,1,9,7,33,28,8,21,0,0,0,0,0,0
20080119-M-Australian_Open-R32-Roger_Federer-Janko_Tipsarevic,Janko Tipsarevic,2,1,14,43,36,2,5,53,20,31,3,0,0
20080119-M-Australian_Open-R32-Lleyton_Hewitt-Marcos_Baghdatis,Lleyton Hewitt,Total,42,14,32,30,7,43,29,13,32,5,0,0
20080119-M-Australian_Open-R32-Lleyton_Hewitt-Marcos_Baghdatis,Lleyton Hewitt,1,28,0,27,13,1,26,0,0,0,0,0,0
20080119-M-Australian_Open-R32-Lleyton_Hewitt-Marcos_Baghdatis,Lleyton Hewitt,2,14,14,5,17,6,17,29,13,32,5,0,0
20080119-M-Australian_Open-R32-Lleyton_Hewitt-Marcos_Baghdatis,Marcos Baghdatis,Total,39,5,63,67,2,30,44,19,42,2,1,0
20080119-M-Australian_Open-R32-Lleyton_Hewitt-Marcos_Baghdatis,Marcos Baghdatis,1,30,0,31,21,0,24,0,0,0,0,0,0
20080119-M-Australian_Open-R32-Lleyton_Hewitt-Marcos_Baghdatis,Marcos Baghdatis,2,9,5,32,46,2,6,44,19,42,2,1,0
20080117-M-Australian_Open-R64-Roger_Federer-Fabrice_Santoro,Roger Federer,Total,14,1,18,15,2,11,7,6,7,0,0,0
20080117-M-Australian_Open-R64-Roger_Federer-Fabrice_Santoro,Roger Federer,1,10,1,12,9,0,10,0,0,0,0,0,0
20080117-M-Australian_Open-R64-Roger_Federer-Fabrice_Santoro,Roger Federer,2,4,0,6,6,2,1,7,6,7,0,0,0
20080117-M-Australian_Open-R64-Roger_Federer-Fabrice_Santoro,Fabrice Santoro,Total,11,11,14,17,4,12,15,3,7,0,0,0
20080117-M-Australian_Open-R64-Roger_Federer-Fabrice_Santoro,Fabrice Santoro,1,9,7,4,12,0,12,0,0,0,0,0,0
20080117-M-Australian_Open-R64-Roger_Federer-Fabrice_Santoro,Fabrice Santoro,2,2,4,10,5,4,0,15,3,7,0,0,0
20080117-M-Australian_Open-R64-Marat_Safin-Marcos_Baghdatis,Marat Safin,Total,24,19,36,26,12,33,21,19,19,4,0,2
20080117-M-Australian_Open-R64-Marat_Safin-Marcos_Baghdatis,Marat Safin,1,15,7,22,22,1,18,0,0,0,0,0,0
20080117-M-Australian_Open-R64-Marat_Safin-Marcos_Baghdatis,Marat Safin,2,9,12,14,4,11,15,21,19,19,4,0,2
20080117-M-Australian_Open-R64-Marat_Safin-Marcos_Baghdatis,Marcos Baghdatis,Total,19,9,42,31,13,20,17,3,32,3,2,1
20080117-M-Australian_Open-R64-Marat_Safin-Marcos_Baghdatis,Marcos Baghdatis,1,13,3,27,15,5,17,0,0,0,0,0,0
20080117-M-Australian_Open-R64-Marat_Safin-Marcos_Baghdatis,Marcos Baghdatis,2,6,6,15,16,8,3,17,3,32,3,2,1
20080115-M-Australian_Open-R128-Roger_Federer-Diego_Hartfield,Roger Federer,Total,17,2,15,16,1,14,3,11,3,2,0,0
20080115-M-Australian_Open-R128-Roger_Federer-Diego_Hartfield,Roger Federer,1,15,0,10,12,0,10,0,0,0,0,0,0
20080115-M-Australian_Open-R128-Roger_Federer-Diego_Hartfield,Roger Federer,2,2,2,5,4,1,4,3,11,3,2,0,0
20080115-M-Australian_Open-R128-Roger_Federer-Diego_Hartfield,Diego Hartfield,Total,10,7,15,21,1,8,7,6,10,1,0,0
20080115-M-Australian_Open-R128-Roger_Federer-Diego_Hartfield,Diego Hartfield,1,8,3,9,11,0,8,0,0,0,0,0,0
20080115-M-Australian_Open-R128-Roger_Federer-Diego_Hartfield,Diego Hartfield,2,2,4,6,10,1,0,7,6,10,1,0,0
20080114-M-Australian_Open-R128-Novak_Djokovic-Benjamin_Becker,Novak Djokovic,Total,17,17,7,20,11,7,20,3,5,3,0,0
20080114-M-Australian_Open-R128-Novak_Djokovic-Benjamin_Becker,Novak Djokovic,1,14,6,6,15,5,6,0,0,0,0,0,0
20080114-M-Australian_Open-R128-Novak_Djokovic-Benjamin_Becker,Novak Djokovic,2,3,11,1,5,6,1,20,3,5,3,0,0
20080114-M-Australian_Open-R128-Novak_Djokovic-Benjamin_Becker,Benjamin Becker,Total,18,16,8,13,14,13,22,5,13,4,0,0
20080114-M-Australian_Open-R128-Novak_Djokovic-Benjamin_Becker,Benjamin Becker,1,11,7,5,7,5,5,0,0,0,0,0,0
20080114-M-Australian_Open-R128-Novak_Djokovic-Benjamin_Becker,Benjamin Becker,2,7,9,3,6,9,8,22,5,13,4,0,0
20070909-M-US_Open-F-Roger_Federer-Novak_Djokovic,Roger Federer,Total,23,2,30,24,0,26,18,6,22,0,0,0
20070909-M-US_Open-F-Roger_Federer-Novak_Djokovic,Roger Federer,1,18,0,17,8,0,20,0,0,0,0,0,0
20070909-M-US_Open-F-Roger_Federer-Novak_Djokovic,Roger Federer,2,5,2,13,16,0,6,18,6,22,0,0,0
20070909-M-US_Open-F-Roger_Federer-Novak_Djokovic,Novak Djokovic,Total,31,4,26,36,2,17,25,4,30,2,0,0
20070909-M-US_Open-F-Roger_Federer-Novak_Djokovic,Novak Djokovic,1,13,1,21,16,0,11,0,0,0,0,0,0
20070909-M-US_Open-F-Roger_Federer-Novak_Djokovic,Novak Djokovic,2,18,3,5,20,2,6,25,4,30,2,0,0
20070908-M-US_Open-SF-Roger_Federer-Nikolay_Davydenko,Roger Federer,Total,20,7,30,27,4,20,17,14,13,7,0,0
20070908-M-US_Open-SF-Roger_Federer-Nikolay_Davydenko,Roger Federer,1,16,2,17,12,1,12,0,0,0,0,0,0
20070908-M-US_Open-SF-Roger_Federer-Nikolay_Davydenko,Roger Federer,2,4,5,13,15,3,8,17,14,13,7,0,0
20070908-M-US_Open-SF-Roger_Federer-Nikolay_Davydenko,Nikolay Davydenko,Total,10,9,34,26,14,9,14,5,22,2,0,0
20070908-M-US_Open-SF-Roger_Federer-Nikolay_Davydenko,Nikolay Davydenko,1,10,6,18,20,6,7,0,0,0,0,0,0
20070908-M-US_Open-SF-Roger_Federer-Nikolay_Davydenko,Nikolay Davydenko,2,0,3,16,6,8,2,14,5,22,2,0,0
20070908-M-US_Open-SF-David_Ferrer-Novak_Djokovic,David Ferrer,Total,13,17,19,16,16,16,11,3,12,1,0,0
20070908-M-US_Open-SF-David_Ferrer-Novak_Djokovic,David Ferrer,1,13,7,16,10,10,15,0,0,0,0,0,0
20070908-M-US_Open-SF-David_Ferrer-Novak_Djokovic,David Ferrer,2,0,10,3,6,6,1,11,3,12,1,0,0
20070908-M-US_Open-SF-David_Ferrer-Novak_Djokovic,Novak Djokovic,Total,14,13,21,16,11,16,17,1,14,0,0,1
20070908-M-US_Open-SF-David_Ferrer-Novak_Djokovic,Novak Djokovic,1,9,2,19,14,4,13,0,0,0,0,0,0
20070908-M-US_Open-SF-David_Ferrer-Novak_Djokovic,Novak Djokovic,2,5,11,2,2,7,3,17,1,14,0,0,1
20070905-M-US_Open-QF-Tommy_Haas-Nikolay_Davydenko,Tommy Haas,Total,25,2,30,29,1,25,19,7,8,4,0,2
20070905-M-US_Open-QF-Tommy_Haas-Nikolay_Davydenko,Tommy Haas,1,17,1,24,17,1,14,0,0,0,0,0,0
20070905-M-US_Open-QF-Tommy_Haas-Nikolay_Davydenko,Tommy Haas,2,8,1,6,12,0,11,19,7,8,4,0,2
20070905-M-US_Open-QF-Tommy_Haas-Nikolay_Davydenko,Nikolay Davydenko,Total,9,3,30,21,4,15,7,6,6,2,0,0
20070905-M-US_Open-QF-Tommy_Haas-Nikolay_Davydenko,Nikolay Davydenko,1,8,1,25,16,0,12,0,0,0,0,0,0
20070905-M-US_Open-QF-Tommy_Haas-Nikolay_Davydenko,Nikolay Davydenko,2,1,2,5,5,4,3,7,6,6,2,0,0
20070905-M-US_Open-QF-Roger_Federer-Andy_Roddick,Roger Federer,Total,21,16,16,24,7,17,14,10,14,1,0,0
20070905-M-US_Open-QF-Roger_Federer-Andy_Roddick,Roger Federer,1,17,6,12,10,2,15,0,0,0,0,0,0
20070905-M-US_Open-QF-Roger_Federer-Andy_Roddick,Roger Federer,2,4,10,4,14,5,2,14,10,14,1,0,0
20070905-M-US_Open-QF-Roger_Federer-Andy_Roddick,Andy Roddick,Total,24,19,12,19,11,18,14,4,12,0,0,0
20070905-M-US_Open-QF-Roger_Federer-Andy_Roddick,Andy Roddick,1,21,11,11,11,5,14,0,0,0,0,0,0
20070905-M-US_Open-QF-Roger_Federer-Andy_Roddick,Andy Roddick,2,3,8,1,8,6,4,14,4,12,0,0,0
20070904-M-US_Open-R16-Tommy_Haas-James_Blake,Tommy Haas,Total,25,10,52,51,10,21,31,12,18,6,0,0
20070904-M-US_Open-R16-Tommy_Haas-James_Blake,Tommy Haas,1,20,3,34,29,6,14,0,0,0,0,0,0
20070904-M-US_Open-R16-Tommy_Haas-James_Blake,Tommy Haas,2,5,7,18,22,4,7,31,12,18,6,0,0
20070904-M-US_Open-R16-Tommy_Haas-James_Blake,James Blake,Total,23,30,21,22,16,26,27,6,31,4,0,0
20070904-M-US_Open-R16-Tommy_Haas-James_Blake,James Blake,1,17,5,20,14,3,16,0,0,0,0,0,0
20070904-M-US_Open-R16-Tommy_Haas-James_Blake,James Blake,2,6,25,1,8,13,10,27,6,31,4,0,0
20070904-M-US_Open-R16-David_Ferrer-Rafael_Nadal,David Ferrer,Total,34,16,16,16,12,31,12,6,25,0,0,0
20070904-M-US_Open-R16-David_Ferrer-Rafael_Nadal,David Ferrer,1,21,5,13,16,11,18,0,0,0,0,0,0
20070904-M-US_Open-R16-David_Ferrer-Rafael_Nadal,David Ferrer,2,13,11,3,0,1,13,12,6,25,0,0,0
20070904-M-US_Open-R16-David_Ferrer-Rafael_Nadal,Rafael Nadal,Total,14,20,41,24,24,16,24,9,16,0,0,0
20070904-M-US_Open-R16-David_Ferrer-Rafael_Nadal,Rafael Nadal,1,13,11,30,9,18,16,0,0,0,0,0,0
20070904-M-US_Open-R16-David_Ferrer-Rafael_Nadal,Rafael Nadal,2,1,9,11,15,6,0,24,9,16,0,0,0
20070830-M-US_Open-R64-Roger_Federer-Paul_Capdeville,Roger Federer,Total,13,6,22,12,5,14,12,6,8,2,0,0
20070830-M-US_Open-R64-Roger_Federer-Paul_Capdeville,Roger Federer,1,11,3,15,7,1,8,0,0,0,0,0,0
20070830-M-US_Open-R64-Roger_Federer-Paul_Capdeville,Roger Federer,2,2,3,7,5,4,6,12,6,8,2,0,0
20070830-M-US_Open-R64-Roger_Federer-Paul_Capdeville,Paul Capdeville,Total,13,12,19,26,6,8,14,9,11,1,0,0
20070830-M-US_Open-R64-Roger_Federer-Paul_Capdeville,Paul Capdeville,1,11,0,12,19,3,6,0,0,0,0,0,0
20070830-M-US_Open-R64-Roger_Federer-Paul_Capdeville,Paul Capdeville,2,2,12,7,7,3,2,14,9,11,1,0,0
20070126-M-Australian_Open-SF-Tommy_Haas-Fernando_Gonzalez,Tommy Haas,Total,17,5,14,17,0,14,8,6,8,2,0,0
20070126-M-Australian_Open-SF-Tommy_Haas-Fernando_Gonzalez,Tommy Haas,1,14,1,13,9,0,10,0,0,0,0,0,0
20070126-M-Australian_Open-SF-Tommy_Haas-Fernando_Gonzalez,Tommy Haas,2,3,4,1,8,0,4,8,6,8,2,0,0
20070126-M-Australian_Open-SF-Tommy_Haas-Fernando_Gonzalez,Fernando Gonzalez,Total,17,5,10,9,5,14,9,6,2,1,0,0
20070126-M-Australian_Open-SF-Tommy_Haas-Fernando_Gonzalez,Fernando Gonzalez,1,13,3,8,7,1,10,0,0,0,0,0,0
20070126-M-Australian_Open-SF-Tommy_Haas-Fernando_Gonzalez,Fernando Gonzalez,2,4,2,2,2,4,4,9,6,2,1,0,0
20070125-M-Australian_Open-SF-Andy_Roddick-Roger_Federer,Andy Roddick,Total,15,10,10,13,10,7,9,7,10,1,0,0
20070125-M-Australian_Open-SF-Andy_Roddick-Roger_Federer,Andy Roddick,1,14,3,7,5,4,7,0,0,0,0,0,0
20070125-M-Australian_Open-SF-Andy_Roddick-Roger_Federer,Andy Roddick,2,1,7,3,8,6,0,9,7,10,1,0,0
20070125-M-Australian_Open-SF-Andy_Roddick-Roger_Federer,Roger Federer,Total,11,7,15,13,3,14,15,8,9,0,0,0
20070125-M-Australian_Open-SF-Andy_Roddick-Roger_Federer,Roger Federer,1,9,1,6,7,1,9,0,0,0,0,0,0
20070125-M-Australian_Open-SF-Andy_Roddick-Roger_Federer,Roger Federer,2,2,6,9,6,2,5,15,8,9,0,0,0
20070124-M-Australian_Open-QF-Roger_Federer-Tommy_Robredo,Roger Federer,Total,22,6,22,26,3,15,9,9,16,1,0,0
20070124-M-Australian_Open-QF-Roger_Federer-Tommy_Robredo,Roger Federer,1,16,3,13,16,0,12,0,0,0,0,0,0
20070124-M-Australian_Open-QF-Roger_Federer-Tommy_Robredo,Roger Federer,2,6,3,9,10,3,3,9,9,16,1,0,0
20070124-M-Australian_Open-QF-Roger_Federer-Tommy_Robredo,Tommy Robredo,Total,15,27,18,28,16,13,24,8,15,1,0,2
20070124-M-Australian_Open-QF-Roger_Federer-Tommy_Robredo,Tommy Robredo,1,14,9,10,19,7,12,0,0,0,0,0,0
20070124-M-Australian_Open-QF-Roger_Federer-Tommy_Robredo,Tommy Robredo,2,1,18,8,9,9,1,24,8,15,1,0,2
20070123-M-Australian_Open-QF-Rafael_Nadal-Fernando_Gonzalez,Rafael Nadal,Total,3,9,31,29,3,4,5,8,11,1,0,0
20070123-M-Australian_Open-QF-Rafael_Nadal-Fernando_Gonzalez,Rafael Nadal,1,2,3,26,21,2,2,0,0,0,0,0,0
20070123-M-Australian_Open-QF-Rafael_Nadal-Fernando_Gonzalez,Rafael Nadal,2,1,6,5,8,1,2,5,8,11,1,0,0
20070123-M-Australian_Open-QF-Rafael_Nadal-Fernando_Gonzalez,Fernando Gonzalez,Total,26,2,15,13,3,24,9,7,8,4,0,0
20070123-M-Australian_Open-QF-Rafael_Nadal-Fernando_Gonzalez,Fernando Gonzalez,1,17,0,15,10,0,13,0,0,0,0,0,0
20070123-M-Australian_Open-QF-Rafael_Nadal-Fernando_Gonzalez,Fernando Gonzalez,2,9,2,0,3,3,11,9,7,8,4,0,0
20070122-M-Australian_Open-R16-Roger_Federer-Novak_Djokovic,Roger Federer,Total,17,10,15,16,3,19,7,10,9,1,0,0
20070122-M-Australian_Open-R16-Roger_Federer-Novak_Djokovic,Roger Federer,1,15,3,9,12,0,15,0,0,0,0,0,0
20070122-M-Australian_Open-R16-Roger_Federer-Novak_Djokovic,Roger Federer,2,2,7,6,4,3,4,7,10,9,1,0,0
20070122-M-Australian_Open-R16-Roger_Federer-Novak_Djokovic,Novak Djokovic,Total,26,15,11,18,16,15,13,5,11,1,0,6
20070122-M-Australian_Open-R16-Roger_Federer-Novak_Djokovic,Novak Djokovic,1,19,5,8,17,6,12,0,0,0,0,0,0
20070122-M-Australian_Open-R16-Roger_Federer-Novak_Djokovic,Novak Djokovic,2,7,10,3,1,10,3,13,5,11,1,0,6
20070122-M-Australian_Open-R16-Rafael_Nadal-Andy_Murray,Rafael Nadal,Total,13,16,54,31,22,19,18,12,8,0,1,0
20070122-M-Australian_Open-R16-Rafael_Nadal-Andy_Murray,Rafael Nadal,1,13,7,41,31,7,18,0,0,0,0,0,0
20070122-M-Australian_Open-R16-Rafael_Nadal-Andy_Murray,Rafael Nadal,2,0,9,13,0,15,1,18,12,8,0,1,0
20070122-M-Australian_Open-R16-Rafael_Nadal-Andy_Murray,Andy Murray,Total,48,10,23,23,18,36,37,13,26,3,0,0
20070122-M-Australian_Open-R16-Rafael_Nadal-Andy_Murray,Andy Murray,1,25,2,18,17,6,20,0,0,0,0,0,0
20070122-M-Australian_Open-R16-Rafael_Nadal-Andy_Murray,Andy Murray,2,23,8,5,6,12,16,37,13,26,3,0,0
20070122-M-Australian_Open-R16-James_Blake-Fernando_Gonzalez,James Blake,Total,17,28,13,33,3,17,34,6,18,4,0,0
20070122-M-Australian_Open-R16-James_Blake-Fernando_Gonzalez,James Blake,1,11,6,11,14,2,11,0,0,0,0,0,0
20070122-M-Australian_Open-R16-James_Blake-Fernando_Gonzalez,James Blake,2,6,22,2,19,1,6,34,6,18,4,0,0
20070122-M-Australian_Open-R16-James_Blake-Fernando_Gonzalez,Fernando Gonzalez,Total,28,12,12,26,8,15,12,5,12,1,0,0
20070122-M-Australian_Open-R16-James_Blake-Fernando_Gonzalez,Fernando Gonzalez,1,21,6,11,19,3,12,0,0,0,0,0,0
20070122-M-Australian_Open-R16-James_Blake-Fernando_Gonzalez,Fernando Gonzalez,2,7,6,1,7,5,3,12,5,12,1,0,0
20070119-M-Australian_Open-R32-Roger_Federer-Mikhail_Youzhny,Roger Federer,Total,19,6,26,31,5,13,9,17,20,2,0,0
20070119-M-Australian_Open-R32-Roger_Federer-Mikhail_Youzhny,Roger Federer,1,15,1,15,13,1,8,0,0,0,0,0,0
20070119-M-Australian_Open-R32-Roger_Federer-Mikhail_Youzhny,Roger Federer,2,4,5,11,18,4,5,9,17,20,2,0,0
20070119-M-Australian_Open-R32-Roger_Federer-Mikhail_Youzhny,Mikhail Youzhny,Total,16,9,27,24,3,22,20,14,12,0,0,0
20070119-M-Australian_Open-R32-Roger_Federer-Mikhail_Youzhny,Mikhail Youzhny,1,15,0,14,8,1,18,0,0,0,0,0,0
20070119-M-Australian_Open-R32-Roger_Federer-Mikhail_Youzhny,Mikhail Youzhny,2,1,9,13,16,2,4,20,14,12,0,0,0
20070119-M-Australian_Open-R32-Andy_Roddick-Marat_Safin,Andy Roddick,Total,28,13,25,34,8,16,12,13,12,3,0,0
20070119-M-Australian_Open-R32-Andy_Roddick-Marat_Safin,Andy Roddick,1,26,6,20,19,2,13,0,0,0,0,0,0
20070119-M-Australian_Open-R32-Andy_Roddick-Marat_Safin,Andy Roddick,2,2,7,5,15,6,3,12,13,12,3,0,0
20070119-M-Australian_Open-R32-Andy_Roddick-Marat_Safin,Marat Safin,Total,17,18,37,31,7,25,15,14,13,2,0,2
20070119-M-Australian_Open-R32-Andy_Roddick-Marat_Safin,Marat Safin,1,13,7,30,24,0,17,0,0,0,0,0,0
20070119-M-Australian_Open-R32-Andy_Roddick-Marat_Safin,Marat Safin,2,4,11,7,7,7,8,15,14,13,2,0,2
20070118-M-Australian_Open-R64-Juan_Martin_Del_Potro-Fernando_Gonzalez,Juan Martin Del Potro,Total,14,37,26,33,22,18,22,11,30,2,0,0
20070118-M-Australian_Open-R64-Juan_Martin_Del_Potro-Fernando_Gonzalez,Juan Martin Del Potro,1,11,20,14,20,11,15,0,0,0,0,0,0
20070118-M-Australian_Open-R64-Juan_Martin_Del_Potro-Fernando_Gonzalez,Juan Martin Del Potro,2,3,17,12,13,11,3,22,11,30,2,0,0
20070118-M-Australian_Open-R64-Juan_Martin_Del_Potro-Fernando_Gonzalez,Fernando Gonzalez,Total,30,17,24,29,18,15,15,16,19,6,0,0
20070118-M-Australian_Open-R64-Juan_Martin_Del_Potro-Fernando_Gonzalez,Fernando Gonzalez,1,21,8,15,22,2,13,0,0,0,0,0,0
20070118-M-Australian_Open-R64-Juan_Martin_Del_Potro-Fernando_Gonzalez,Fernando Gonzalez,2,9,9,9,7,16,2,15,16,19,6,0,0
20070116-M-Australian_Open-R128-Robert_Kendrick-Rafael_Nadal,Robert Kendrick,Total,26,5,10,14,6,15,25,7,10,1,0,0
20070116-M-Australian_Open-R128-Robert_Kendrick-Rafael_Nadal,Robert Kendrick,1,10,1,8,10,1,9,0,0,0,0,0,0
20070116-M-Australian_Open-R128-Robert_Kendrick-Rafael_Nadal,Robert Kendrick,2,16,4,2,4,5,6,25,7,10,1,0,0
20070116-M-Australian_Open-R128-Robert_Kendrick-Rafael_Nadal,Rafael Nadal,Total,6,10,21,6,8,20,18,5,3,0,0,0
20070116-M-Australian_Open-R128-Robert_Kendrick-Rafael_Nadal,Rafael Nadal,1,5,3,13,5,1,19,0,0,0,0,0,0
20070116-M-Australian_Open-R128-Robert_Kendrick-Rafael_Nadal,Rafael Nadal,2,1,7,8,1,7,1,18,5,3,0,0,0
20070115-M-Australian_Open-R128-Novak_Djokovic-Nicolas_Massu,Novak Djokovic,Total,19,2,10,17,2,9,8,3,9,0,0,0
20070115-M-Australian_Open-R128-Novak_Djokovic-Nicolas_Massu,Novak Djokovic,1,13,1,7,11,2,6,0,0,0,0,0,0
20070115-M-Australian_Open-R128-Novak_Djokovic-Nicolas_Massu,Novak Djokovic,2,6,1,3,6,0,3,8,3,9,0,0,0
20070115-M-Australian_Open-R128-Novak_Djokovic-Nicolas_Massu,Nicolas Massu,Total,9,3,23,21,1,12,15,5,16,0,0,0
20070115-M-Australian_Open-R128-Novak_Djokovic-Nicolas_Massu,Nicolas Massu,1,6,1,11,10,0,9,0,0,0,0,0,0
20070115-M-Australian_Open-R128-Novak_Djokovic-Nicolas_Massu,Nicolas Massu,2,3,2,12,11,1,3,15,5,16,0,0,0
20060910-M-US_Open-F-Roger_Federer-Andy_Roddick,Roger Federer,Total,23,5,28,29,1,17,13,8,13,6,0,0
20060910-M-US_Open-F-Roger_Federer-Andy_Roddick,Roger Federer,1,19,1,16,16,0,11,0,0,0,0,0,0
20060910-M-US_Open-F-Roger_Federer-Andy_Roddick,Roger Federer,2,4,4,12,13,1,6,13,8,13,6,0,0
20060910-M-US_Open-F-Roger_Federer-Andy_Roddick,Andy Roddick,Total,37,3,24,29,3,26,18,6,16,2,0,0
20060910-M-US_Open-F-Roger_Federer-Andy_Roddick,Andy Roddick,1,32,0,12,12,1,24,0,0,0,0,0,0
20060910-M-US_Open-F-Roger_Federer-Andy_Roddick,Andy Roddick,2,5,3,12,17,2,2,18,6,16,2,0,0
20060909-M-US_Open-SF-Roger_Federer-Nikolay_Davydenko,Roger Federer,Total,13,7,23,21,5,12,15,5,8,1,0,0
20060909-M-US_Open-SF-Roger_Federer-Nikolay_Davydenko,Roger Federer,1,11,3,15,13,3,8,0,0,0,0,0,0
20060909-M-US_Open-SF-Roger_Federer-Nikolay_Davydenko,Roger Federer,2,2,4,8,8,2,4,15,5,8,1,0,0
20060909-M-US_Open-SF-Roger_Federer-Nikolay_Davydenko,Nikolay Davydenko,Total,9,11,24,21,10,8,12,1,11,1,0,0
20060909-M-US_Open-SF-Roger_Federer-Nikolay_Davydenko,Nikolay Davydenko,1,9,4,17,17,5,8,0,0,0,0,0,0
20060909-M-US_Open-SF-Roger_Federer-Nikolay_Davydenko,Nikolay Davydenko,2,0,7,7,4,5,0,12,1,11,1,0,0
20060909-M-US_Open-SF-Andy_Roddick-Mikhail_Youzhny,Andy Roddick,Total,20,9,33,25,15,19,16,7,17,0,0,0
20060909-M-US_Open-SF-Andy_Roddick-Mikhail_Youzhny,Andy Roddick,1,19,0,27,10,7,19,0,0,0,0,0,0
20060909-M-US_Open-SF-Andy_Roddick-Mikhail_Youzhny,Andy Roddick,2,1,9,6,15,8,0,16,7,17,0,0,0
20060909-M-US_Open-SF-Andy_Roddick-Mikhail_Youzhny,Mikhail Youzhny,Total,20,9,37,34,8,22,24,4,18,2,0,1
20060909-M-US_Open-SF-Andy_Roddick-Mikhail_Youzhny,Mikhail Youzhny,1,19,2,20,25,3,18,0,0,0,0,0,0
20060909-M-US_Open-SF-Andy_Roddick-Mikhail_Youzhny,Mikhail Youzhny,2,1,7,17,9,5,4,24,4,18,2,0,1
20060907-M-US_Open-QF-James_Blake-Roger_Federer,James Blake,Total,18,21,39,44,10,21,29,11,22,4,0,0
20060907-M-US_Open-QF-James_Blake-Roger_Federer,James Blake,1,15,1,29,26,4,16,0,0,0,0,0,0
20060907-M-US_Open-QF-James_Blake-Roger_Federer,James Blake,2,3,20,10,18,6,5,29,11,22,4,0,0
20060907-M-US_Open-QF-James_Blake-Roger_Federer,Roger Federer,Total,24,7,40,39,8,18,18,18,19,2,0,0
20060907-M-US_Open-QF-James_Blake-Roger_Federer,Roger Federer,1,21,1,22,24,5,10,0,0,0,0,0,0
20060907-M-US_Open-QF-James_Blake-Roger_Federer,Roger Federer,2,3,6,18,15,3,8,18,18,19,2,0,0
20060906-M-US_Open-QF-Tommy_Haas-Nikolay_Davydenko,Tommy Haas,Total,38,8,29,26,4,36,23,15,19,2,0,1
20060906-M-US_Open-QF-Tommy_Haas-Nikolay_Davydenko,Tommy Haas,1,27,1,23,17,1,20,0,0,0,0,0,0
20060906-M-US_Open-QF-Tommy_Haas-Nikolay_Davydenko,Tommy Haas,2,11,7,6,9,3,16,23,15,19,2,0,1
20060906-M-US_Open-QF-Tommy_Haas-Nikolay_Davydenko,Nikolay Davydenko,Total,20,26,43,53,10,20,12,9,17,1,0,0
20060906-M-US_Open-QF-Tommy_Haas-Nikolay_Davydenko,Nikolay Davydenko,1,17,13,38,41,5,19,0,0,0,0,0,0
20060906-M-US_Open-QF-Tommy_Haas-Nikolay_Davydenko,Nikolay Davydenko,2,3,13,5,12,5,1,12,9,17,1,0,0
20060906-M-US_Open-QF-Mikhail_Youzhny-Rafael_Nadal,Mikhail Youzhny,Total,38,4,24,23,4,34,21,8,19,0,0,0
20060906-M-US_Open-QF-Mikhail_Youzhny-Rafael_Nadal,Mikhail Youzhny,1,24,0,22,19,1,17,0,0,0,0,0,0
20060906-M-US_Open-QF-Mikhail_Youzhny-Rafael_Nadal,Mikhail Youzhny,2,14,4,2,4,3,17,21,8,19,0,0,0
20060906-M-US_Open-QF-Mikhail_Youzhny-Rafael_Nadal,Rafael Nadal,Total,23,10,32,30,13,15,22,8,15,1,0,0
20060906-M-US_Open-QF-Mikhail_Youzhny-Rafael_Nadal,Rafael Nadal,1,23,5,14,22,1,13,0,0,0,0,0,0
20060906-M-US_Open-QF-Mikhail_Youzhny-Rafael_Nadal,Rafael Nadal,2,0,5,18,8,12,2,22,8,15,1,0,0
20060906-M-US_Open-QF-Andy_Roddick-Lleyton_Hewitt,Andy Roddick,Total,19,9,20,30,0,11,14,9,4,0,0,0
20060906-M-US_Open-QF-Andy_Roddick-Lleyton_Hewitt,Andy Roddick,1,18,1,17,17,0,11,0,0,0,0,0,0
20060906-M-US_Open-QF-Andy_Roddick-Lleyton_Hewitt,Andy Roddick,2,1,8,3,13,0,0,14,9,4,0,0,0
20060906-M-US_Open-QF-Andy_Roddick-Lleyton_Hewitt,Lleyton Hewitt,Total,23,6,11,24,0,14,26,9,7,0,0,0
20060906-M-US_Open-QF-Andy_Roddick-Lleyton_Hewitt,Lleyton Hewitt,1,12,0,7,9,0,11,0,0,0,0,0,0
20060906-M-US_Open-QF-Andy_Roddick-Lleyton_Hewitt,Lleyton Hewitt,2,11,6,4,15,0,3,26,9,7,0,0,0
20060904-M-US_Open-R16-Richard_Gasquet-Lleyton_Hewitt,Richard Gasquet,Total,20,8,44,35,5,28,27,10,13,1,0,0
20060904-M-US_Open-R16-Richard_Gasquet-Lleyton_Hewitt,Richard Gasquet,1,19,3,29,18,1,24,0,0,0,0,0,0
20060904-M-US_Open-R16-Richard_Gasquet-Lleyton_Hewitt,Richard Gasquet,2,1,5,15,17,4,4,27,10,13,1,0,0
20060904-M-US_Open-R16-Richard_Gasquet-Lleyton_Hewitt,Lleyton Hewitt,Total,51,13,21,45,2,32,50,8,20,3,0,0
20060904-M-US_Open-R16-Richard_Gasquet-Lleyton_Hewitt,Lleyton Hewitt,1,30,0,16,15,0,25,0,0,0,0,0,0
20060904-M-US_Open-R16-Richard_Gasquet-Lleyton_Hewitt,Lleyton Hewitt,2,21,13,5,30,2,7,50,8,20,3,0,0
20060901-M-US_Open-R32-Vincent_Spadea-Roger_Federer,Vincent Spadea,Total,11,9,20,17,7,10,10,7,15,2,0,0
20060901-M-US_Open-R32-Vincent_Spadea-Roger_Federer,Vincent Spadea,1,10,2,5,13,2,10,0,0,0,0,0,0
20060901-M-US_Open-R32-Vincent_Spadea-Roger_Federer,Vincent Spadea,2,1,7,15,4,5,0,10,7,15,2,0,0
20060901-M-US_Open-R32-Vincent_Spadea-Roger_Federer,Roger Federer,Total,17,5,17,15,2,18,9,6,13,1,0,0
20060901-M-US_Open-R32-Vincent_Spadea-Roger_Federer,Roger Federer,1,13,1,8,11,0,12,0,0,0,0,0,0
20060901-M-US_Open-R32-Vincent_Spadea-Roger_Federer,Roger Federer,2,4,4,9,4,2,6,9,6,13,1,0,0
20060831-M-US_Open-R64-Marcos_Baghdatis-Andre_Agassi,Marcos Baghdatis,Total,18,21,54,49,6,33,37,18,30,2,0,1
20060831-M-US_Open-R64-Marcos_Baghdatis-Andre_Agassi,Marcos Baghdatis,1,18,2,32,18,3,26,0,0,0,0,0,0
20060831-M-US_Open-R64-Marcos_Baghdatis-Andre_Agassi,Marcos Baghdatis,2,0,19,22,31,3,7,37,18,30,2,0,1
20060831-M-US_Open-R64-Marcos_Baghdatis-Andre_Agassi,Andre Agassi,Total,53,15,24,49,3,32,28,16,18,3,0,0
20060831-M-US_Open-R64-Marcos_Baghdatis-Andre_Agassi,Andre Agassi,1,50,0,17,18,0,28,0,0,0,0,0,0
20060831-M-US_Open-R64-Marcos_Baghdatis-Andre_Agassi,Andre Agassi,2,3,15,7,31,3,4,28,16,18,3,0,0
20060831-M-US_Open-R64-Marat_Safin-David_Nalbandian,Marat Safin,Total,37,13,32,30,7,31,25,15,31,2,1,0
20060831-M-US_Open-R64-Marat_Safin-David_Nalbandian,Marat Safin,1,15,6,25,20,1,16,0,0,0,0,0,0
20060831-M-US_Open-R64-Marat_Safin-David_Nalbandian,Marat Safin,2,22,7,7,10,6,15,25,15,31,2,1,0
20060831-M-US_Open-R64-Marat_Safin-David_Nalbandian,David Nalbandian,Total,23,14,47,45,6,29,32,7,32,6,0,1
20060831-M-US_Open-R64-Marat_Safin-David_Nalbandian,David Nalbandian,1,20,5,25,22,2,23,0,0,0,0,0,0
20060831-M-US_Open-R64-Marat_Safin-David_Nalbandian,David Nalbandian,2,3,9,22,23,4,6,32,7,32,6,0,1
20060830-M-US_Open-R64-Andy_Roddick-Kristian_Pless,Andy Roddick,Total,21,3,15,21,4,16,10,3,4,2,1,0
20060830-M-US_Open-R64-Andy_Roddick-Kristian_Pless,Andy Roddick,1,20,0,10,12,3,16,0,0,0,0,0,0
20060830-M-US_Open-R64-Andy_Roddick-Kristian_Pless,Andy Roddick,2,1,3,5,9,1,0,10,3,4,2,1,0
20060830-M-US_Open-R64-Andy_Roddick-Kristian_Pless,Kristian Pless,Total,18,14,12,20,6,11,13,2,10,6,0,1
20060830-M-US_Open-R64-Andy_Roddick-Kristian_Pless,Kristian Pless,1,13,5,10,14,2,8,0,0,0,0,0,0
20060830-M-US_Open-R64-Andy_Roddick-Kristian_Pless,Kristian Pless,2,5,9,2,6,4,3,13,2,10,6,0,1
20060830-M-US_Open-R128-Jimmy_Wang-Roger_Federer,Jimmy Wang,Total,8,8,29,26,3,17,25,5,20,2,0,0
20060830-M-US_Open-R128-Jimmy_Wang-Roger_Federer,Jimmy Wang,1,6,3,14,3,2,16,0,0,0,0,0,0
20060830-M-US_Open-R128-Jimmy_Wang-Roger_Federer,Jimmy Wang,2,2,5,15,23,1,1,25,5,20,2,0,0
20060830-M-US_Open-R128-Jimmy_Wang-Roger_Federer,Roger Federer,Total,14,1,16,17,4,7,6,9,8,2,0,0
20060830-M-US_Open-R128-Jimmy_Wang-Roger_Federer,Roger Federer,1,11,0,9,11,0,4,0,0,0,0,0,0
20060830-M-US_Open-R128-Jimmy_Wang-Roger_Federer,Roger Federer,2,3,1,7,6,4,3,6,9,8,2,0,0
20060828-M-US_Open-R128-Andre_Agassi-Andrei_Pavel,Andre Agassi,Total,39,12,30,39,2,32,35,13,19,7,0,0
20060828-M-US_Open-R128-Andre_Agassi-Andrei_Pavel,Andre Agassi,1,25,1,15,20,1,26,0,0,0,0,0,0
20060828-M-US_Open-R128-Andre_Agassi-Andrei_Pavel,Andre Agassi,2,14,11,15,19,1,6,35,13,19,7,0,0
20060828-M-US_Open-R128-Andre_Agassi-Andrei_Pavel,Andrei Pavel,Total,35,9,43,41,6,33,26,13,16,3,0,0
20060828-M-US_Open-R128-Andre_Agassi-Andrei_Pavel,Andrei Pavel,1,31,2,24,23,2,29,0,0,0,0,0,0
20060828-M-US_Open-R128-Andre_Agassi-Andrei_Pavel,Andrei Pavel,2,4,7,19,18,4,4,26,13,16,3,0,0
20060126-M-Australian_Open-SF-Roger_Federer-Nicolas_Kiefer,Roger Federer,Total,13,12,31,29,7,14,26,6,8,2,0,0
20060126-M-Australian_Open-SF-Roger_Federer-Nicolas_Kiefer,Roger Federer,1,13,3,19,19,5,10,0,0,0,0,0,0
20060126-M-Australian_Open-SF-Roger_Federer-Nicolas_Kiefer,Roger Federer,2,0,9,12,10,2,4,26,6,8,2,0,0
20060126-M-Australian_Open-SF-Roger_Federer-Nicolas_Kiefer,Nicolas Kiefer,Total,28,10,24,31,18,11,27,8,26,6,0,0
20060126-M-Australian_Open-SF-Roger_Federer-Nicolas_Kiefer,Nicolas Kiefer,1,17,0,16,17,1,11,0,0,0,0,0,0
20060126-M-Australian_Open-SF-Roger_Federer-Nicolas_Kiefer,Nicolas Kiefer,2,11,10,8,14,17,0,27,8,26,6,0,0
20060126-M-Australian_Open-SF-David_Nalbandian-Marcos_Baghdatis,David Nalbandian,Total,19,18,36,36,13,19,18,9,17,3,0,0
20060126-M-Australian_Open-SF-David_Nalbandian-Marcos_Baghdatis,David Nalbandian,1,19,2,27,29,2,16,0,0,0,0,0,0
20060126-M-Australian_Open-SF-David_Nalbandian-Marcos_Baghdatis,David Nalbandian,2,0,16,9,7,11,3,18,9,17,3,0,0
20060126-M-Australian_Open-SF-David_Nalbandian-Marcos_Baghdatis,Marcos Baghdatis,Total,18,13,50,33,14,26,36,12,14,7,1,0
20060126-M-Australian_Open-SF-David_Nalbandian-Marcos_Baghdatis,Marcos Baghdatis,1,16,0,24,20,1,25,0,0,0,0,0,0
20060126-M-Australian_Open-SF-David_Nalbandian-Marcos_Baghdatis,Marcos Baghdatis,2,2,13,26,13,13,1,36,12,14,7,1,0
20060125-M-Australian_Open-QF-Roger_Federer-Nikolay_Davydenko,Roger Federer,Total,28,14,31,46,4,16,24,10,18,2,0,0
20060125-M-Australian_Open-QF-Roger_Federer-Nikolay_Davydenko,Roger Federer,1,25,4,20,22,3,11,0,0,0,0,0,0
20060125-M-Australian_Open-QF-Roger_Federer-Nikolay_Davydenko,Roger Federer,2,3,10,11,24,1,5,24,10,18,2,0,0
20060125-M-Australian_Open-QF-Roger_Federer-Nikolay_Davydenko,Nikolay Davydenko,Total,32,27,16,55,3,11,13,3,16,4,0,0
20060125-M-Australian_Open-QF-Roger_Federer-Nikolay_Davydenko,Nikolay Davydenko,1,28,14,15,44,0,9,0,0,0,0,0,0
20060125-M-Australian_Open-QF-Roger_Federer-Nikolay_Davydenko,Nikolay Davydenko,2,4,13,1,11,3,2,13,3,16,4,0,0
20060124-M-Australian_Open-QF-Ivan_Ljubicic-Marcos_Baghdatis,Ivan Ljubicic,Total,33,6,40,42,9,24,16,10,30,3,0,0
20060124-M-Australian_Open-QF-Ivan_Ljubicic-Marcos_Baghdatis,Ivan Ljubicic,1,29,0,24,24,1,20,0,0,0,0,0,0
20060124-M-Australian_Open-QF-Ivan_Ljubicic-Marcos_Baghdatis,Ivan Ljubicic,2,4,6,16,18,8,4,16,10,30,3,0,0
20060124-M-Australian_Open-QF-Ivan_Ljubicic-Marcos_Baghdatis,Marcos Baghdatis,Total,16,14,40,40,2,19,37,6,22,0,0,0
20060124-M-Australian_Open-QF-Ivan_Ljubicic-Marcos_Baghdatis,Marcos Baghdatis,1,16,2,24,12,0,16,0,0,0,0,0,0
20060124-M-Australian_Open-QF-Ivan_Ljubicic-Marcos_Baghdatis,Marcos Baghdatis,2,0,12,16,28,2,3,37,6,22,0,0,0
20060123-M-Australian_Open-R16-Tommy_Haas-Roger_Federer,Tommy Haas,Total,22,17,35,35,11,18,17,9,23,0,0,0
20060123-M-Australian_Open-R16-Tommy_Haas-Roger_Federer,Tommy Haas,1,17,5,27,23,5,12,0,0,0,0,0,0
20060123-M-Australian_Open-R16-Tommy_Haas-Roger_Federer,Tommy Haas,2,5,12,8,12,6,6,17,9,23,0,0,0
20060123-M-Australian_Open-R16-Tommy_Haas-Roger_Federer,Roger Federer,Total,13,18,37,42,10,12,8,12,36,0,0,0
20060123-M-Australian_Open-R16-Tommy_Haas-Roger_Federer,Roger Federer,1,12,3,21,27,7,7,0,0,0,0,0,0
20060123-M-Australian_Open-R16-Tommy_Haas-Roger_Federer,Roger Federer,2,1,15,16,15,3,5,8,12,36,0,0,0
20060123-M-Australian_Open-QF-David_Nalbandian-Fabrice_Santoro,David Nalbandian,Total,10,14,9,14,4,13,6,5,5,2,0,0
20060123-M-Australian_Open-QF-David_Nalbandian-Fabrice_Santoro,David Nalbandian,1,10,7,6,11,0,12,0,0,0,0,0,0
20060123-M-Australian_Open-QF-David_Nalbandian-Fabrice_Santoro,David Nalbandian,2,0,7,3,3,4,1,6,5,5,2,0,0
20060123-M-Australian_Open-QF-David_Nalbandian-Fabrice_Santoro,Fabrice Santoro,Total,21,7,14,25,5,4,11,5,7,1,0,0
20060123-M-Australian_Open-QF-David_Nalbandian-Fabrice_Santoro,Fabrice Santoro,1,20,3,10,16,0,4,0,0,0,0,0,0
20060123-M-Australian_Open-QF-David_Nalbandian-Fabrice_Santoro,Fabrice Santoro,2,1,4,4,9,5,0,11,5,7,1,0,0
20060122-M-Australian_Open-R16-Andy_Roddick-Marcos_Baghdatis,Andy Roddick,Total,24,7,23,30,7,11,14,11,15,1,0,2
20060122-M-Australian_Open-R16-Andy_Roddick-Marcos_Baghdatis,Andy Roddick,1,23,2,10,17,1,10,0,0,0,0,0,0
20060122-M-Australian_Open-R16-Andy_Roddick-Marcos_Baghdatis,Andy Roddick,2,1,5,13,13,6,1,14,11,15,1,0,2
20060122-M-Australian_Open-R16-Andy_Roddick-Marcos_Baghdatis,Marcos Baghdatis,Total,19,3,39,40,1,18,33,8,13,5,0,2
20060122-M-Australian_Open-R16-Andy_Roddick-Marcos_Baghdatis,Marcos Baghdatis,1,15,0,16,13,1,15,0,0,0,0,0,0
20060122-M-Australian_Open-R16-Andy_Roddick-Marcos_Baghdatis,Marcos Baghdatis,2,4,3,23,27,0,3,33,8,13,5,0,2
20060121-M-Australian_Open-R32-Roger_Federer-Max_Mirnyi,Roger Federer,Total,8,5,21,19,2,10,1,5,14,1,0,1
20060121-M-Australian_Open-R32-Roger_Federer-Max_Mirnyi,Roger Federer,1,7,3,13,12,1,9,0,0,0,0,0,0
20060121-M-Australian_Open-R32-Roger_Federer-Max_Mirnyi,Roger Federer,2,1,2,8,7,1,1,1,5,14,1,0,1
20060121-M-Australian_Open-R32-Roger_Federer-Max_Mirnyi,Max Mirnyi,Total,21,10,25,27,7,18,16,3,20,2,1,0
20060121-M-Australian_Open-R32-Roger_Federer-Max_Mirnyi,Max Mirnyi,1,17,4,16,16,4,15,0,0,0,0,0,0
20060121-M-Australian_Open-R32-Roger_Federer-Max_Mirnyi,Max Mirnyi,2,4,6,9,11,3,3,16,3,20,2,1,0
20060117-M-Australian_Open-R128-Roger_Federer-Denis_Istomin,Roger Federer,Total,12,12,11,16,10,5,8,4,9,0,0,0
20060117-M-Australian_Open-R128-Roger_Federer-Denis_Istomin,Roger Federer,1,10,7,7,11,5,5,0,0,0,0,0,0
20060117-M-Australian_Open-R128-Roger_Federer-Denis_Istomin,Roger Federer,2,2,5,4,5,5,0,8,4,9,0,0,0
20060117-M-Australian_Open-R128-Roger_Federer-Denis_Istomin,Denis Istomin,Total,16,15,12,12,14,14,13,9,10,0,0,0
20060117-M-Australian_Open-R128-Roger_Federer-Denis_Istomin,Denis Istomin,1,13,6,10,9,6,10,0,0,0,0,0,0
20060117-M-Australian_Open-R128-Roger_Federer-Denis_Istomin,Denis Istomin,2,3,9,2,3,8,4,13,9,10,0,0,0
20050911-M-US_Open-F-Roger_Federer-Andre_Agassi,Roger Federer,Total,17,7,34,29,6,14,15,5,6,0,0,0
20050911-M-US_Open-F-Roger_Federer-Andre_Agassi,Roger Federer,1,15,2,28,22,2,12,0,0,0,0,0,0
20050911-M-US_Open-F-Roger_Federer-Andre_Agassi,Roger Federer,2,2,5,6,7,4,2,15,5,6,0,0,0
20050911-M-US_Open-F-Roger_Federer-Andre_Agassi,Andre Agassi,Total,22,18,28,48,2,13,28,6,20,3,0,0
20050911-M-US_Open-F-Roger_Federer-Andre_Agassi,Andre Agassi,1,19,3,19,24,1,12,0,0,0,0,0,0
20050911-M-US_Open-F-Roger_Federer-Andre_Agassi,Andre Agassi,2,3,15,9,24,1,1,28,6,20,3,0,0
20050910-M-US_Open-SF-Roger_Federer-Lleyton_Hewitt,Roger Federer,Total,35,8,36,39,6,26,29,10,18,4,0,0
20050910-M-US_Open-SF-Roger_Federer-Lleyton_Hewitt,Roger Federer,1,28,2,18,23,2,18,0,0,0,0,0,0
20050910-M-US_Open-SF-Roger_Federer-Lleyton_Hewitt,Roger Federer,2,7,6,18,16,4,8,29,10,18,4,0,0
20050910-M-US_Open-SF-Roger_Federer-Lleyton_Hewitt,Lleyton Hewitt,Total,35,13,25,45,2,20,39,11,20,2,7,0
20050910-M-US_Open-SF-Roger_Federer-Lleyton_Hewitt,Lleyton Hewitt,1,26,1,9,16,0,17,0,0,0,0,0,0
20050910-M-US_Open-SF-Roger_Federer-Lleyton_Hewitt,Lleyton Hewitt,2,9,12,16,29,2,3,39,11,20,2,7,0
20050910-M-US_Open-SF-Robby_Ginepri-Andre_Agassi,Robby Ginepri,Total,32,14,35,29,13,34,26,15,16,2,0,0
20050910-M-US_Open-SF-Robby_Ginepri-Andre_Agassi,Robby Ginepri,1,27,5,18,19,3,29,0,0,0,0,0,0
20050910-M-US_Open-SF-Robby_Ginepri-Andre_Agassi,Robby Ginepri,2,5,9,17,10,10,5,26,15,16,2,0,0
20050910-M-US_Open-SF-Robby_Ginepri-Andre_Agassi,Andre Agassi,Total,37,9,33,44,5,24,24,19,20,4,1,0
20050910-M-US_Open-SF-Robby_Ginepri-Andre_Agassi,Andre Agassi,1,34,1,14,18,1,19,0,0,0,0,0,0
20050910-M-US_Open-SF-Robby_Ginepri-Andre_Agassi,Andre Agassi,2,3,8,19,26,4,5,24,19,20,4,1,0
20050908-M-US_Open-QF-Lleyton_Hewitt-Jarkko_Nieminen,Lleyton Hewitt,Total,46,1,11,14,7,30,25,13,9,0,4,0
20050908-M-US_Open-QF-Lleyton_Hewitt-Jarkko_Nieminen,Lleyton Hewitt,1,27,0,11,9,0,16,0,0,0,0,0,0
20050908-M-US_Open-QF-Lleyton_Hewitt-Jarkko_Nieminen,Lleyton Hewitt,2,19,1,0,5,7,14,25,13,9,0,4,0
20050908-M-US_Open-QF-Lleyton_Hewitt-Jarkko_Nieminen,Jarkko Nieminen,Total,17,20,31,40,5,19,17,4,29,0,0,0
20050908-M-US_Open-QF-Lleyton_Hewitt-Jarkko_Nieminen,Jarkko Nieminen,1,15,6,22,27,2,11,0,0,0,0,0,0
20050908-M-US_Open-QF-Lleyton_Hewitt-Jarkko_Nieminen,Jarkko Nieminen,2,2,14,9,13,3,8,17,4,29,0,0,0
20050908-M-US_Open-QF-Andre_Agassi-James_Blake,Andre Agassi,Total,35,6,43,38,1,39,19,14,25,2,0,0
20050908-M-US_Open-QF-Andre_Agassi-James_Blake,Andre Agassi,1,30,0,24,22,0,29,0,0,0,0,0,0
20050908-M-US_Open-QF-Andre_Agassi-James_Blake,Andre Agassi,2,5,6,19,16,1,10,19,14,25,2,0,0
20050908-M-US_Open-QF-Andre_Agassi-James_Blake,James Blake,Total,36,21,24,32,10,30,20,9,36,4,0,0
20050908-M-US_Open-QF-Andre_Agassi-James_Blake,James Blake,1,28,4,16,19,3,19,0,0,0,0,0,0
20050908-M-US_Open-QF-Andre_Agassi-James_Blake,James Blake,2,8,17,8,13,7,11,20,9,36,4,0,0
20050905-M-US_Open-R32-Roger_Federer-Olivier_Rochus,Roger Federer,Total,20,3,26,23,6,17,8,6,16,1,0,0
20050905-M-US_Open-R32-Roger_Federer-Olivier_Rochus,Roger Federer,1,17,0,18,16,3,12,0,0,0,0,0,0
20050905-M-US_Open-R32-Roger_Federer-Olivier_Rochus,Roger Federer,2,3,3,8,7,3,5,8,6,16,1,0,0
20050905-M-US_Open-R32-Roger_Federer-Olivier_Rochus,Olivier Rochus,Total,15,7,28,26,0,21,17,3,17,1,0,1
20050905-M-US_Open-R32-Roger_Federer-Olivier_Rochus,Olivier Rochus,1,13,3,11,14,0,20,0,0,0,0,0,0
20050905-M-US_Open-R32-Roger_Federer-Olivier_Rochus,Olivier Rochus,2,2,4,17,12,0,1,17,3,17,1,0,1
20050831-M-US_Open-R64-Scoville_Jenkins-Rafael_Nadal,Scoville Jenkins,Total,44,8,9,16,16,24,24,6,24,3,0,0
20050831-M-US_Open-R64-Scoville_Jenkins-Rafael_Nadal,Scoville Jenkins,1,26,3,9,15,5,10,0,0,0,0,0,0
20050831-M-US_Open-R64-Scoville_Jenkins-Rafael_Nadal,Scoville Jenkins,2,18,5,0,1,11,14,24,6,24,3,0,0
20050831-M-US_Open-R64-Scoville_Jenkins-Rafael_Nadal,Rafael Nadal,Total,6,10,27,22,9,6,14,4,9,1,0,0
20050831-M-US_Open-R64-Scoville_Jenkins-Rafael_Nadal,Rafael Nadal,1,6,4,17,17,4,5,0,0,0,0,0,0
20050831-M-US_Open-R64-Scoville_Jenkins-Rafael_Nadal,Rafael Nadal,2,0,6,10,5,5,1,14,4,9,1,0,0
20050831-M-US_Open-R64-Roger_Federer-Fabrice_Santoro,Roger Federer,Total,28,6,23,29,5,16,19,9,9,1,0,0
20050831-M-US_Open-R64-Roger_Federer-Fabrice_Santoro,Roger Federer,1,24,1,13,21,2,11,0,0,0,0,0,0
20050831-M-US_Open-R64-Roger_Federer-Fabrice_Santoro,Roger Federer,2,4,5,10,8,3,5,19,9,9,1,0,0
20050831-M-US_Open-R64-Roger_Federer-Fabrice_Santoro,Fabrice Santoro,Total,19,4,32,29,6,17,18,5,14,2,0,0
20050831-M-US_Open-R64-Roger_Federer-Fabrice_Santoro,Fabrice Santoro,1,15,2,26,12,0,13,0,0,0,0,0,0
20050831-M-US_Open-R64-Roger_Federer-Fabrice_Santoro,Fabrice Santoro,2,4,2,6,17,6,4,18,5,14,2,0,0
20050831-M-US_Open-R64-Arnaud_Clement-Andy_Murray,Arnaud Clement,Total,27,34,28,16,32,32,29,14,34,3,0,0
20050831-M-US_Open-R64-Arnaud_Clement-Andy_Murray,Arnaud Clement,1,22,5,25,14,1,26,0,0,0,0,0,0
20050831-M-US_Open-R64-Arnaud_Clement-Andy_Murray,Arnaud Clement,2,5,29,3,2,31,6,29,14,34,3,0,0
20050831-M-US_Open-R64-Arnaud_Clement-Andy_Murray,Andy Murray,Total,27,30,25,26,29,20,45,16,23,5,0,0
20050831-M-US_Open-R64-Arnaud_Clement-Andy_Murray,Andy Murray,1,19,3,22,17,3,18,0,0,0,0,0,0
20050831-M-US_Open-R64-Arnaud_Clement-Andy_Murray,Andy Murray,2,8,27,3,9,26,2,45,16,23,5,0,0
20050830-M-US_Open-R128-Novak_Djokovic-Gael_Monfils,Novak Djokovic,Total,31,21,40,40,16,31,26,12,23,4,0,0
20050830-M-US_Open-R128-Novak_Djokovic-Gael_Monfils,Novak Djokovic,1,20,11,26,27,11,24,0,0,0,0,0,0
20050830-M-US_Open-R128-Novak_Djokovic-Gael_Monfils,Novak Djokovic,2,11,10,14,13,5,7,26,12,23,4,0,0
20050830-M-US_Open-R128-Novak_Djokovic-Gael_Monfils,Gael Monfils,Total,28,23,28,26,19,23,32,9,23,10,0,0
20050830-M-US_Open-R128-Novak_Djokovic-Gael_Monfils,Gael Monfils,1,19,5,18,13,6,17,0,0,0,0,0,0
20050830-M-US_Open-R128-Novak_Djokovic-Gael_Monfils,Gael Monfils,2,9,18,10,13,13,6,32,9,23,10,0,0
20050130-M-Australian_Open-F-Lleyton_Hewitt-Marat_Safin,Lleyton Hewitt,Total,31,17,16,32,9,18,30,10,18,5,2,1
20050130-M-Australian_Open-F-Lleyton_Hewitt-Marat_Safin,Lleyton Hewitt,1,19,4,16,9,1,11,0,0,0,0,0,0
20050130-M-Australian_Open-F-Lleyton_Hewitt-Marat_Safin,Lleyton Hewitt,2,12,13,0,23,8,7,30,10,18,5,2,1
20050130-M-Australian_Open-F-Lleyton_Hewitt-Marat_Safin,Marat Safin,Total,16,5,37,28,7,17,20,8,9,8,0,0
20050130-M-Australian_Open-F-Lleyton_Hewitt-Marat_Safin,Marat Safin,1,15,2,23,14,0,12,0,0,0,0,0,0
20050130-M-Australian_Open-F-Lleyton_Hewitt-Marat_Safin,Marat Safin,2,1,3,14,14,7,5,20,8,9,8,0,0
20050128-M-Australian_Open-SF-Andy_Roddick-Lleyton_Hewitt,Andy Roddick,Total,30,6,33,43,10,12,24,20,22,2,0,0
20050128-M-Australian_Open-SF-Andy_Roddick-Lleyton_Hewitt,Andy Roddick,1,28,0,17,21,2,7,0,0,0,0,0,0
20050128-M-Australian_Open-SF-Andy_Roddick-Lleyton_Hewitt,Andy Roddick,2,2,6,16,22,8,5,24,20,22,2,0,0
20050128-M-Australian_Open-SF-Andy_Roddick-Lleyton_Hewitt,Lleyton Hewitt,Total,42,6,23,23,4,37,23,13,21,0,2,0
20050128-M-Australian_Open-SF-Andy_Roddick-Lleyton_Hewitt,Lleyton Hewitt,1,27,0,18,11,1,26,0,0,0,0,0,0
20050128-M-Australian_Open-SF-Andy_Roddick-Lleyton_Hewitt,Lleyton Hewitt,2,15,6,5,12,3,11,23,13,21,0,2,0
20050127-M-Australian_Open-SF-Roger_Federer-Marat_Safin,Roger Federer,Total,33,22,44,41,20,28,41,14,28,6,0,0
20050127-M-Australian_Open-SF-Roger_Federer-Marat_Safin,Roger Federer,1,29,7,26,27,7,11,0,0,0,0,0,0
20050127-M-Australian_Open-SF-Roger_Federer-Marat_Safin,Roger Federer,2,4,15,18,14,13,17,41,14,28,6,0,0
20050127-M-Australian_Open-SF-Roger_Federer-Marat_Safin,Marat Safin,Total,17,30,60,57,18,25,34,10,37,5,0,0
20050127-M-Australian_Open-SF-Roger_Federer-Marat_Safin,Marat Safin,1,15,15,33,30,10,19,0,0,0,0,0,0
20050127-M-Australian_Open-SF-Roger_Federer-Marat_Safin,Marat Safin,2,2,15,27,27,8,6,34,10,37,5,0,0
20050126-M-Australian_Open-QF-Roger_Federer-Andre_Agassi,Roger Federer,Total,20,6,25,29,6,13,20,8,7,2,0,0
20050126-M-Australian_Open-QF-Roger_Federer-Andre_Agassi,Roger Federer,1,17,1,15,21,2,10,0,0,0,0,0,0
20050126-M-Australian_Open-QF-Roger_Federer-Andre_Agassi,Roger Federer,2,3,5,10,8,4,3,20,8,7,2,0,0
20050126-M-Australian_Open-QF-Roger_Federer-Andre_Agassi,Andre Agassi,Total,9,11,21,25,2,11,15,4,17,1,0,0
20050126-M-Australian_Open-QF-Roger_Federer-Andre_Agassi,Andre Agassi,1,9,2,10,14,0,9,0,0,0,0,0,0
20050126-M-Australian_Open-QF-Roger_Federer-Andre_Agassi,Andre Agassi,2,0,9,11,11,2,2,15,4,17,1,0,0
20050126-M-Australian_Open-QF-Lleyton_Hewitt-David_Nalbandian,Lleyton Hewitt,Total,40,15,27,43,7,25,40,15,27,1,1,0
20050126-M-Australian_Open-QF-Lleyton_Hewitt-David_Nalbandian,Lleyton Hewitt,1,17,0,23,20,0,19,0,0,0,0,0,0
20050126-M-Australian_Open-QF-Lleyton_Hewitt-David_Nalbandian,Lleyton Hewitt,2,23,15,4,23,7,6,40,15,27,1,1,0
20050126-M-Australian_Open-QF-Lleyton_Hewitt-David_Nalbandian,David Nalbandian,Total,25,24,32,37,7,29,21,19,21,1,0,0
20050126-M-Australian_Open-QF-Lleyton_Hewitt-David_Nalbandian,David Nalbandian,1,23,5,16,26,2,24,0,0,0,0,0,0
20050126-M-Australian_Open-QF-Lleyton_Hewitt-David_Nalbandian,David Nalbandian,2,2,19,16,11,5,5,21,19,21,1,0,0
20050120-M-Australian_Open-R64-Lleyton_Hewitt-James_Blake,Lleyton Hewitt,Total,25,14,19,26,0,25,24,14,11,1,1,0
20050120-M-Australian_Open-R64-Lleyton_Hewitt-James_Blake,Lleyton Hewitt,1,16,1,14,14,0,20,0,0,0,0,0,0
20050120-M-Australian_Open-R64-Lleyton_Hewitt-James_Blake,Lleyton Hewitt,2,9,13,5,12,0,5,24,14,11,1,1,0
20050120-M-Australian_Open-R64-Lleyton_Hewitt-James_Blake,James Blake,Total,14,21,36,39,2,24,44,12,13,0,0,0
20050120-M-Australian_Open-R64-Lleyton_Hewitt-James_Blake,James Blake,1,11,2,21,19,1,20,0,0,0,0,0,0
20050120-M-Australian_Open-R64-Lleyton_Hewitt-James_Blake,James Blake,2,3,19,15,20,1,4,44,12,13,0,0,0
20050119-M-Australian_Open-R64-Roger_Federer-Takao_Suzuki,Roger Federer,Total,19,2,24,21,3,15,2,6,14,0,0,0
20050119-M-Australian_Open-R64-Roger_Federer-Takao_Suzuki,Roger Federer,1,16,1,16,16,1,12,0,0,0,0,0,0
20050119-M-Australian_Open-R64-Roger_Federer-Takao_Suzuki,Roger Federer,2,3,1,8,5,2,3,2,6,14,0,0,0
20050119-M-Australian_Open-R64-Roger_Federer-Takao_Suzuki,Takao Suzuki,Total,17,7,30,23,10,18,11,3,22,0,0,0
20050119-M-Australian_Open-R64-Roger_Federer-Takao_Suzuki,Takao Suzuki,1,14,6,17,11,8,16,0,0,0,0,0,0
20050119-M-Australian_Open-R64-Roger_Federer-Takao_Suzuki,Takao Suzuki,2,3,1,13,12,2,2,11,3,22,0,0,0
20050119-M-Australian_Open-R64-Bohdan_Ulihrach-Marat_Safin,Bohdan Ulihrach,Total,24,1,18,18,1,20,18,6,14,3,0,0
20050119-M-Australian_Open-R64-Bohdan_Ulihrach-Marat_Safin,Bohdan Ulihrach,1,11,0,13,11,1,10,0,0,0,0,0,0
20050119-M-Australian_Open-R64-Bohdan_Ulihrach-Marat_Safin,Bohdan Ulihrach,2,13,1,5,7,0,10,18,6,14,3,0,0
20050119-M-Australian_Open-R64-Bohdan_Ulihrach-Marat_Safin,Marat Safin,Total,7,8,20,14,4,14,10,9,7,0,0,1
20050119-M-Australian_Open-R64-Bohdan_Ulihrach-Marat_Safin,Marat Safin,1,5,4,11,7,0,13,0,0,0,0,0,0
20050119-M-Australian_Open-R64-Bohdan_Ulihrach-Marat_Safin,Marat Safin,2,2,4,9,7,4,1,10,9,7,0,0,1
20050117-M-Australian_Open-R128-Roger_Federer-Fabrice_Santoro,Roger Federer,Total,15,2,10,13,3,9,8,2,5,2,0,0
20050117-M-Australian_Open-R128-Roger_Federer-Fabrice_Santoro,Roger Federer,1,12,1,2,10,3,8,0,0,0,0,0,0
20050117-M-Australian_Open-R128-Roger_Federer-Fabrice_Santoro,Roger Federer,2,3,1,8,3,0,1,8,2,5,2,0,0
20050117-M-Australian_Open-R128-Roger_Federer-Fabrice_Santoro,Fabrice Santoro,Total,17,4,22,28,5,12,19,1,11,0,0,0
20050117-M-Australian_Open-R128-Roger_Federer-Fabrice_Santoro,Fabrice Santoro,1,13,4,12,20,1,9,0,0,0,0,0,0
20050117-M-Australian_Open-R128-Roger_Federer-Fabrice_Santoro,Fabrice Santoro,2,4,0,10,8,4,3,19,1,11,0,0,0
20050117-M-Australian_Open-R128-Novak_Djokovic-Marat_Safin,Novak Djokovic,Total,9,12,12,16,7,10,14,4,13,1,0,0
20050117-M-Australian_Open-R128-Novak_Djokovic-Marat_Safin,Novak Djokovic,1,7,6,8,10,2,6,0,0,0,0,0,0
20050117-M-Australian_Open-R128-Novak_Djokovic-Marat_Safin,Novak Djokovic,2,2,6,4,6,5,4,14,4,13,1,0,0
20050117-M-Australian_Open-R128-Novak_Djokovic-Marat_Safin,Marat Safin,Total,8,9,10,11,5,8,8,7,8,2,0,0
20050117-M-Australian_Open-R128-Novak_Djokovic-Marat_Safin,Marat Safin,1,6,2,6,7,1,5,0,0,0,0,0,0
20050117-M-Australian_Open-R128-Novak_Djokovic-Marat_Safin,Marat Safin,2,2,7,4,4,4,3,8,7,8,2,0,0
20050114-M-Australian_Open-R16-Lleyton_Hewitt-Rafael_Nadal,Lleyton Hewitt,Total,55,0,22,8,10,51,28,17,28,0,5,0
20050114-M-Australian_Open-R16-Lleyton_Hewitt-Rafael_Nadal,Lleyton Hewitt,1,25,0,22,8,2,17,0,0,0,0,0,0
20050114-M-Australian_Open-R16-Lleyton_Hewitt-Rafael_Nadal,Lleyton Hewitt,2,30,0,0,0,8,34,28,17,28,0,5,0
20050114-M-Australian_Open-R16-Lleyton_Hewitt-Rafael_Nadal,Rafael Nadal,Total,25,12,44,49,16,14,26,8,17,0,0,0
20050114-M-Australian_Open-R16-Lleyton_Hewitt-Rafael_Nadal,Rafael Nadal,1,23,4,29,35,7,14,0,0,0,0,0,0
20050114-M-Australian_Open-R16-Lleyton_Hewitt-Rafael_Nadal,Rafael Nadal,2,2,8,15,14,9,0,26,8,17,0,0,0
20040912-M-US_Open-F-Lleyton_Hewitt-Roger_Federer,Lleyton Hewitt,Total,22,11,7,18,4,13,10,10,16,3,0,0
20040912-M-US_Open-F-Lleyton_Hewitt-Roger_Federer,Lleyton Hewitt,1,15,1,5,6,2,12,0,0,0,0,0,0
20040912-M-US_Open-F-Lleyton_Hewitt-Roger_Federer,Lleyton Hewitt,2,7,10,2,12,2,1,10,10,16,3,0,0
20040912-M-US_Open-F-Lleyton_Hewitt-Roger_Federer,Roger Federer,Total,20,9,18,20,7,15,19,4,12,6,0,0
20040912-M-US_Open-F-Lleyton_Hewitt-Roger_Federer,Roger Federer,1,18,0,12,10,1,8,0,0,0,0,0,0
20040912-M-US_Open-F-Lleyton_Hewitt-Roger_Federer,Roger Federer,2,2,9,6,10,6,7,19,4,12,6,0,0
20040911-M-US_Open-SF-Roger_Federer-Tim_Henman,Roger Federer,Total,21,12,12,19,10,10,8,3,19,3,0,0
20040911-M-US_Open-SF-Roger_Federer-Tim_Henman,Roger Federer,1,19,4,7,14,3,6,0,0,0,0,0,0
20040911-M-US_Open-SF-Roger_Federer-Tim_Henman,Roger Federer,2,2,8,5,5,7,4,8,3,19,3,0,0
20040911-M-US_Open-SF-Roger_Federer-Tim_Henman,Tim Henman,Total,11,9,20,19,8,7,16,3,11,0,0,0
20040911-M-US_Open-SF-Roger_Federer-Tim_Henman,Tim Henman,1,9,5,7,13,5,6,0,0,0,0,0,0
20040911-M-US_Open-SF-Roger_Federer-Tim_Henman,Tim Henman,2,2,4,13,6,3,1,16,3,11,0,0,0
20040911-M-US_Open-SF-Lleyton_Hewitt-Joachim_Johansson,Lleyton Hewitt,Total,26,7,15,18,5,17,15,9,9,0,0,0
20040911-M-US_Open-SF-Lleyton_Hewitt-Joachim_Johansson,Lleyton Hewitt,1,20,1,11,10,1,14,0,0,0,0,0,0
20040911-M-US_Open-SF-Lleyton_Hewitt-Joachim_Johansson,Lleyton Hewitt,2,6,6,4,8,4,3,15,9,9,0,0,0
20040911-M-US_Open-SF-Lleyton_Hewitt-Joachim_Johansson,Joachim Johansson,Total,23,6,23,19,10,18,25,6,10,1,0,0
20040911-M-US_Open-SF-Lleyton_Hewitt-Joachim_Johansson,Joachim Johansson,1,18,3,11,13,3,13,0,0,0,0,0,0
20040911-M-US_Open-SF-Lleyton_Hewitt-Joachim_Johansson,Joachim Johansson,2,5,3,12,6,7,5,25,6,10,1,0,0
20040909-M-US_Open-QF-Roger_Federer-Andre_Agassi,Roger Federer,Total,30,17,36,48,3,24,26,14,27,0,0,0
20040909-M-US_Open-QF-Roger_Federer-Andre_Agassi,Roger Federer,1,23,4,23,31,2,17,0,0,0,0,0,0
20040909-M-US_Open-QF-Roger_Federer-Andre_Agassi,Roger Federer,2,7,13,13,17,1,7,26,14,27,0,0,0
20040909-M-US_Open-QF-Roger_Federer-Andre_Agassi,Andre Agassi,Total,28,12,32,45,3,22,18,18,13,0,0,0
20040909-M-US_Open-QF-Roger_Federer-Andre_Agassi,Andre Agassi,1,25,4,22,27,2,17,0,0,0,0,0,0
20040909-M-US_Open-QF-Roger_Federer-Andre_Agassi,Andre Agassi,2,3,8,10,18,1,5,18,18,13,0,0,0
20040909-M-US_Open-QF-Lleyton_Hewitt-Tommy_Haas,Lleyton Hewitt,Total,11,14,9,12,7,13,9,5,13,0,0,0
20040909-M-US_Open-QF-Lleyton_Hewitt-Tommy_Haas,Lleyton Hewitt,1,9,6,7,7,1,11,0,0,0,0,0,0
20040909-M-US_Open-QF-Lleyton_Hewitt-Tommy_Haas,Lleyton Hewitt,2,2,8,2,5,6,2,9,5,13,0,0,0
20040909-M-US_Open-QF-Lleyton_Hewitt-Tommy_Haas,Tommy Haas,Total,14,8,18,28,5,4,11,3,10,0,0,0
20040909-M-US_Open-QF-Lleyton_Hewitt-Tommy_Haas,Tommy Haas,1,14,3,14,18,3,4,0,0,0,0,0,0
20040909-M-US_Open-QF-Lleyton_Hewitt-Tommy_Haas,Tommy Haas,2,0,5,4,10,2,0,11,3,10,0,0,0
20040909-M-US_Open-QF-Andy_Roddick-Joachim_Johansson,Andy Roddick,Total,22,9,30,26,7,23,21,8,19,0,0,0
20040909-M-US_Open-QF-Andy_Roddick-Joachim_Johansson,Andy Roddick,1,22,2,14,13,4,19,0,0,0,0,0,0
20040909-M-US_Open-QF-Andy_Roddick-Joachim_Johansson,Andy Roddick,2,0,7,16,13,3,4,21,8,19,0,0,0
20040909-M-US_Open-QF-Andy_Roddick-Joachim_Johansson,Joachim Johansson,Total,36,8,40,35,20,23,35,8,25,1,0,0
20040909-M-US_Open-QF-Andy_Roddick-Joachim_Johansson,Joachim Johansson,1,29,1,24,25,3,17,0,0,0,0,0,0
20040909-M-US_Open-QF-Andy_Roddick-Joachim_Johansson,Joachim Johansson,2,7,7,16,10,17,6,35,8,25,1,0,0
20040904-M-US_Open-R32-Andy_Roddick-Guillermo_Canas,Andy Roddick,Total,12,1,23,18,2,13,9,1,9,1,0,0
20040904-M-US_Open-R32-Andy_Roddick-Guillermo_Canas,Andy Roddick,1,12,0,16,9,2,10,0,0,0,0,0,0
20040904-M-US_Open-R32-Andy_Roddick-Guillermo_Canas,Andy Roddick,2,0,1,7,9,0,3,9,1,9,1,0,0
20040904-M-US_Open-R32-Andy_Roddick-Guillermo_Canas,Guillermo Canas,Total,18,7,22,20,3,21,19,4,15,2,0,0
20040904-M-US_Open-R32-Andy_Roddick-Guillermo_Canas,Guillermo Canas,1,11,7,13,10,2,15,0,0,0,0,0,0
20040904-M-US_Open-R32-Andy_Roddick-Guillermo_Canas,Guillermo Canas,2,7,0,9,10,1,6,19,4,15,2,0,0
20040902-M-US_Open-R64-Rafael_Nadal-Andy_Roddick,Rafael Nadal,Total,7,6,27,23,8,3,10,2,4,1,0,0
20040902-M-US_Open-R64-Rafael_Nadal-Andy_Roddick,Rafael Nadal,1,6,5,22,19,6,3,0,0,0,0,0,0
20040902-M-US_Open-R64-Rafael_Nadal-Andy_Roddick,Rafael Nadal,2,1,1,5,4,2,0,10,2,4,1,0,0
20040902-M-US_Open-R64-Rafael_Nadal-Andy_Roddick,Andy Roddick,Total,12,6,20,12,11,13,12,2,15,3,0,0
20040902-M-US_Open-R64-Rafael_Nadal-Andy_Roddick,Andy Roddick,1,10,1,13,4,6,11,0,0,0,0,0,0
20040902-M-US_Open-R64-Rafael_Nadal-Andy_Roddick,Andy Roddick,2,2,5,7,8,5,2,12,2,15,3,0,0
20040902-M-US_Open-R64-Marcos_Baghdatis-Roger_Federer,Marcos Baghdatis,Total,20,4,34,34,4,15,17,14,22,5,0,0
20040902-M-US_Open-R64-Marcos_Baghdatis-Roger_Federer,Marcos Baghdatis,1,16,0,19,13,4,9,0,0,0,0,0,0
20040902-M-US_Open-R64-Marcos_Baghdatis-Roger_Federer,Marcos Baghdatis,2,4,4,15,21,0,6,17,14,22,5,0,0
20040902-M-US_Open-R64-Marcos_Baghdatis-Roger_Federer,Roger Federer,Total,13,13,24,25,7,16,15,9,18,3,0,1
20040902-M-US_Open-R64-Marcos_Baghdatis-Roger_Federer,Roger Federer,1,10,5,14,16,2,10,0,0,0,0,0,0
20040902-M-US_Open-R64-Marcos_Baghdatis-Roger_Federer,Roger Federer,2,3,8,10,9,5,6,15,9,18,3,0,1
20040201-M-Australian_Open-F-Roger_Federer-Marat_Safin,Roger Federer,Total,21,7,19,21,10,12,19,13,10,2,0,0
20040201-M-Australian_Open-F-Roger_Federer-Marat_Safin,Roger Federer,1,13,2,11,13,2,7,0,0,0,0,0,0
20040201-M-Australian_Open-F-Roger_Federer-Marat_Safin,Roger Federer,2,8,5,8,8,8,5,19,13,10,2,0,0
20040201-M-Australian_Open-F-Roger_Federer-Marat_Safin,Marat Safin,Total,10,3,45,49,2,6,27,8,28,1,0,0
20040201-M-Australian_Open-F-Roger_Federer-Marat_Safin,Marat Safin,1,9,2,21,20,0,4,0,0,0,0,0,0
20040201-M-Australian_Open-F-Roger_Federer-Marat_Safin,Marat Safin,2,1,1,24,29,2,2,27,8,28,1,0,0
20040130-M-Australian_Open-SF-Roger_Federer-Juan_Carlos_Ferrero,Roger Federer,Total,19,10,16,17,7,14,11,7,3,3,0,0
20040130-M-Australian_Open-SF-Roger_Federer-Juan_Carlos_Ferrero,Roger Federer,1,16,5,9,15,4,11,0,0,0,0,0,0
20040130-M-Australian_Open-SF-Roger_Federer-Juan_Carlos_Ferrero,Roger Federer,2,3,5,7,2,3,3,11,7,3,3,0,0
20040130-M-Australian_Open-SF-Roger_Federer-Juan_Carlos_Ferrero,Juan Carlos Ferrero,Total,8,5,24,18,7,9,7,5,17,1,0,0
20040130-M-Australian_Open-SF-Roger_Federer-Juan_Carlos_Ferrero,Juan Carlos Ferrero,1,6,3,11,13,1,7,0,0,0,0,0,0
20040130-M-Australian_Open-SF-Roger_Federer-Juan_Carlos_Ferrero,Juan Carlos Ferrero,2,2,2,13,5,6,2,7,5,17,1,0,0
20040129-M-Australian_Open-SF-Andre_Agassi-Marat_Safin,Andre Agassi,Total,45,17,30,37,4,46,39,7,24,5,0,0
20040129-M-Australian_Open-SF-Andre_Agassi-Marat_Safin,Andre Agassi,1,35,0,26,16,1,28,0,0,0,0,0,0
20040129-M-Australian_Open-SF-Andre_Agassi-Marat_Safin,Andre Agassi,2,10,17,4,21,3,18,39,7,24,5,0,0
20040129-M-Australian_Open-SF-Andre_Agassi-Marat_Safin,Marat Safin,Total,21,8,55,53,7,17,31,16,19,7,0,0
20040129-M-Australian_Open-SF-Andre_Agassi-Marat_Safin,Marat Safin,1,19,0,32,20,1,16,0,0,0,0,0,0
20040129-M-Australian_Open-SF-Andre_Agassi-Marat_Safin,Marat Safin,2,2,8,23,33,6,1,31,16,19,7,0,0
20040128-M-Australian_Open-QF-Roger_Federer-David_Nalbandian,Roger Federer,Total,36,7,26,32,3,23,27,13,14,0,0,0
20040128-M-Australian_Open-QF-Roger_Federer-David_Nalbandian,Roger Federer,1,29,0,16,15,1,15,0,0,0,0,0,0
20040128-M-Australian_Open-QF-Roger_Federer-David_Nalbandian,Roger Federer,2,7,7,10,17,2,8,27,13,14,0,0,0
20040128-M-Australian_Open-QF-Roger_Federer-David_Nalbandian,David Nalbandian,Total,16,15,30,36,5,15,13,15,16,0,0,0
20040128-M-Australian_Open-QF-Roger_Federer-David_Nalbandian,David Nalbandian,1,12,10,14,20,5,14,0,0,0,0,0,0
20040128-M-Australian_Open-QF-Roger_Federer-David_Nalbandian,David Nalbandian,2,4,5,16,16,0,1,13,15,16,0,0,0
20040127-M-Australian_Open-QF-Andy_Roddick-Marat_Safin,Andy Roddick,Total,31,18,31,29,7,34,25,9,22,1,0,0
20040127-M-Australian_Open-QF-Andy_Roddick-Marat_Safin,Andy Roddick,1,24,3,19,15,6,28,0,0,0,0,0,0
20040127-M-Australian_Open-QF-Andy_Roddick-Marat_Safin,Andy Roddick,2,7,15,12,14,1,6,25,9,22,1,0,0
20040127-M-Australian_Open-QF-Andy_Roddick-Marat_Safin,Marat Safin,Total,16,19,45,50,3,19,28,17,26,3,0,0
20040127-M-Australian_Open-QF-Andy_Roddick-Marat_Safin,Marat Safin,1,15,2,27,21,1,18,0,0,0,0,0,0
20040127-M-Australian_Open-QF-Andy_Roddick-Marat_Safin,Marat Safin,2,1,17,18,29,2,1,28,17,26,3,0,0
20040126-M-Australian_Open-R16-Roger_Federer-Lleyton_Hewitt,Roger Federer,Total,23,11,27,33,6,17,26,14,12,0,0,0
20040126-M-Australian_Open-R16-Roger_Federer-Lleyton_Hewitt,Roger Federer,1,18,0,15,22,2,12,0,0,0,0,0,0
20040126-M-Australian_Open-R16-Roger_Federer-Lleyton_Hewitt,Roger Federer,2,5,11,12,11,4,5,26,14,12,0,0,0
20040126-M-Australian_Open-R16-Roger_Federer-Lleyton_Hewitt,Lleyton Hewitt,Total,29,10,18,35,8,13,18,6,15,4,1,0
20040126-M-Australian_Open-R16-Roger_Federer-Lleyton_Hewitt,Lleyton Hewitt,1,23,1,17,18,5,10,0,0,0,0,0,0
20040126-M-Australian_Open-R16-Roger_Federer-Lleyton_Hewitt,Lleyton Hewitt,2,6,9,1,17,3,3,18,6,15,4,1,0
20040124-M-Australian_Open-R32-Roger_Federer-Todd_Reid,Roger Federer,Total,10,6,14,17,2,8,21,5,3,0,0,0
20040124-M-Australian_Open-R32-Roger_Federer-Todd_Reid,Roger Federer,1,5,3,7,12,0,4,0,0,0,0,0,0
20040124-M-Australian_Open-R32-Roger_Federer-Todd_Reid,Roger Federer,2,5,3,7,5,2,4,21,5,3,0,0,0
20040124-M-Australian_Open-R32-Roger_Federer-Todd_Reid,Todd Reid,Total,9,6,22,20,7,7,11,6,15,1,0,0
20040124-M-Australian_Open-R32-Roger_Federer-Todd_Reid,Todd Reid,1,7,0,12,13,4,5,0,0,0,0,0,0
20040124-M-Australian_Open-R32-Roger_Federer-Todd_Reid,Todd Reid,2,2,6,10,7,3,2,11,6,15,1,0,0
20040124-M-Australian_Open-R16-Andy_Roddick-Sjeng_Schalken,Andy Roddick,Total,8,6,19,16,4,11,12,4,9,0,0,0
20040124-M-Australian_Open-R16-Andy_Roddick-Sjeng_Schalken,Andy Roddick,1,5,0,15,7,3,10,0,0,0,0,0,0
20040124-M-Australian_Open-R16-Andy_Roddick-Sjeng_Schalken,Andy Roddick,2,3,6,4,9,1,1,12,4,9,0,0,0
20040124-M-Australian_Open-R16-Andy_Roddick-Sjeng_Schalken,Sjeng Schalken,Total,10,9,7,20,0,5,10,3,3,0,0,0
20040124-M-Australian_Open-R16-Andy_Roddick-Sjeng_Schalken,Sjeng Schalken,1,8,7,5,13,0,5,0,0,0,0,0,0
20040124-M-Australian_Open-R16-Andy_Roddick-Sjeng_Schalken,Sjeng Schalken,2,2,2,2,7,0,0,10,3,3,0,0,0
20040120-M-Australian_Open-R128-Roger_Federer-Alex_Bogomolov_Jr,Roger Federer,Total,6,6,9,7,4,9,6,2,6,2,0,0
20040120-M-Australian_Open-R128-Roger_Federer-Alex_Bogomolov_Jr,Roger Federer,1,5,2,8,3,3,6,0,0,0,0,0,0
20040120-M-Australian_Open-R128-Roger_Federer-Alex_Bogomolov_Jr,Roger Federer,2,1,4,1,4,1,3,6,2,6,2,0,0
20040120-M-Australian_Open-R128-Roger_Federer-Alex_Bogomolov_Jr,Alex Bogomolov Jr,Total,6,4,17,10,9,6,12,2,4,2,0,0
20040120-M-Australian_Open-R128-Roger_Federer-Alex_Bogomolov_Jr,Alex Bogomolov Jr,1,4,0,11,7,6,5,0,0,0,0,0,0
20040120-M-Australian_Open-R128-Roger_Federer-Alex_Bogomolov_Jr,Alex Bogomolov Jr,2,2,4,6,3,3,1,12,2,4,2,0,0
20030907-M-US_Open-F-Andy_Roddick-Juan_Carlos_Ferrero,Andy Roddick,Total,24,6,15,29,0,13,18,5,10,0,0,0
20030907-M-US_Open-F-Andy_Roddick-Juan_Carlos_Ferrero,Andy Roddick,1,19,0,8,18,0,11,0,0,0,0,0,0
20030907-M-US_Open-F-Andy_Roddick-Juan_Carlos_Ferrero,Andy Roddick,2,5,6,7,11,0,2,18,5,10,0,0,0
20030907-M-US_Open-F-Andy_Roddick-Juan_Carlos_Ferrero,Juan Carlos Ferrero,Total,13,6,28,32,0,11,13,10,11,1,0,0
20030907-M-US_Open-F-Andy_Roddick-Juan_Carlos_Ferrero,Juan Carlos Ferrero,1,12,3,16,16,0,9,0,0,0,0,0,0
20030907-M-US_Open-F-Andy_Roddick-Juan_Carlos_Ferrero,Juan Carlos Ferrero,2,1,3,12,16,0,2,13,10,11,1,0,0
20030906-M-US_Open-SF-Andy_Roddick-David_Nalbandian,Andy Roddick,Total,26,19,35,34,8,30,21,10,30,3,0,0
20030906-M-US_Open-SF-Andy_Roddick-David_Nalbandian,Andy Roddick,1,22,2,26,15,4,26,0,0,0,0,0,0
20030906-M-US_Open-SF-Andy_Roddick-David_Nalbandian,Andy Roddick,2,4,17,9,19,4,4,21,10,30,3,0,0
20030906-M-US_Open-SF-Andy_Roddick-David_Nalbandian,David Nalbandian,Total,36,17,41,58,5,18,19,9,13,6,0,0
20030906-M-US_Open-SF-Andy_Roddick-David_Nalbandian,David Nalbandian,1,26,11,31,44,1,17,0,0,0,0,0,0
20030906-M-US_Open-SF-Andy_Roddick-David_Nalbandian,David Nalbandian,2,10,6,10,14,4,1,19,9,13,6,0,0
20030906-M-US_Open-SF-Andre_Agassi-Juan_Carlos_Ferrero,Andre Agassi,Total,21,10,36,26,5,32,36,10,21,4,1,0
20030906-M-US_Open-SF-Andre_Agassi-Juan_Carlos_Ferrero,Andre Agassi,1,15,4,20,9,1,18,0,0,0,0,0,0
20030906-M-US_Open-SF-Andre_Agassi-Juan_Carlos_Ferrero,Andre Agassi,2,6,6,16,17,4,14,36,10,21,4,1,0
20030906-M-US_Open-SF-Andre_Agassi-Juan_Carlos_Ferrero,Juan Carlos Ferrero,Total,16,8,43,37,11,15,30,11,18,3,0,0
20030906-M-US_Open-SF-Andre_Agassi-Juan_Carlos_Ferrero,Juan Carlos Ferrero,1,14,2,22,17,8,13,0,0,0,0,0,0
20030906-M-US_Open-SF-Andre_Agassi-Juan_Carlos_Ferrero,Juan Carlos Ferrero,2,2,6,21,20,3,2,30,11,18,3,0,0
20030905-M-US_Open-QF-Juan_Carlos_Ferrero-Lleyton_Hewitt,Juan Carlos Ferrero,Total,27,0,39,41,1,19,19,12,21,5,0,0
20030905-M-US_Open-QF-Juan_Carlos_Ferrero-Lleyton_Hewitt,Juan Carlos Ferrero,1,23,0,14,22,0,15,0,0,0,0,0,0
20030905-M-US_Open-QF-Juan_Carlos_Ferrero-Lleyton_Hewitt,Juan Carlos Ferrero,2,4,0,25,19,1,4,19,12,21,5,0,0
20030905-M-US_Open-QF-Juan_Carlos_Ferrero-Lleyton_Hewitt,Lleyton Hewitt,Total,41,3,17,34,4,19,26,12,18,5,0,0
20030905-M-US_Open-QF-Juan_Carlos_Ferrero-Lleyton_Hewitt,Lleyton Hewitt,1,20,0,10,15,1,15,0,0,0,0,0,0
20030905-M-US_Open-QF-Juan_Carlos_Ferrero-Lleyton_Hewitt,Lleyton Hewitt,2,21,3,7,19,3,4,26,12,18,5,0,0
20030902-M-US_Open-R16-Roger_Federer-David_Nalbandian,Roger Federer,Total,29,17,30,29,13,25,24,14,24,6,0,0
20030902-M-US_Open-R16-Roger_Federer-David_Nalbandian,Roger Federer,1,23,6,18,13,3,16,0,0,0,0,0,0
20030902-M-US_Open-R16-Roger_Federer-David_Nalbandian,Roger Federer,2,6,11,12,16,10,9,24,14,24,6,0,0
20030902-M-US_Open-R16-Roger_Federer-David_Nalbandian,David Nalbandian,Total,15,14,31,37,2,13,21,9,19,0,0,0
20030902-M-US_Open-R16-Roger_Federer-David_Nalbandian,David Nalbandian,1,12,11,12,18,1,13,0,0,0,0,0,0
20030902-M-US_Open-R16-Roger_Federer-David_Nalbandian,David Nalbandian,2,3,3,19,19,1,0,21,9,19,0,0,0
20030901-M-US_Open-R32-Roger_Federer-James_Blake,Roger Federer,Total,16,14,24,28,5,14,15,7,16,5,0,0
20030901-M-US_Open-R32-Roger_Federer-James_Blake,Roger Federer,1,13,7,9,20,5,7,0,0,0,0,0,0
20030901-M-US_Open-R32-Roger_Federer-James_Blake,Roger Federer,2,3,7,15,8,0,7,15,7,16,5,0,0
20030901-M-US_Open-R32-Roger_Federer-James_Blake,James Blake,Total,17,11,38,34,9,19,21,6,27,3,0,1
20030901-M-US_Open-R32-Roger_Federer-James_Blake,James Blake,1,15,3,20,22,3,13,0,0,0,0,0,0
20030901-M-US_Open-R32-Roger_Federer-James_Blake,James Blake,2,2,8,18,12,6,6,21,6,27,3,0,1
20030829-M-US_Open-R64-Roger_Federer-Jean_Rene_Lisnard,Roger Federer,Total,12,8,12,12,9,8,9,5,5,4,0,0
20030829-M-US_Open-R64-Roger_Federer-Jean_Rene_Lisnard,Roger Federer,1,7,7,7,8,4,7,0,0,0,0,0,0
20030829-M-US_Open-R64-Roger_Federer-Jean_Rene_Lisnard,Roger Federer,2,5,1,5,4,5,1,9,5,5,4,0,0
20030829-M-US_Open-R64-Roger_Federer-Jean_Rene_Lisnard,Jean Rene Lisnard,Total,7,17,15,17,11,9,24,7,20,0,0,0
20030829-M-US_Open-R64-Roger_Federer-Jean_Rene_Lisnard,Jean Rene Lisnard,1,5,4,11,4,2,7,0,0,0,0,0,0
20030829-M-US_Open-R64-Roger_Federer-Jean_Rene_Lisnard,Jean Rene Lisnard,2,2,13,4,13,9,2,24,7,20,0,0,0
20030829-M-US_Open-R64-Andy_Roddick-Ivan_Ljubicic,Andy Roddick,Total,12,16,41,24,10,31,25,9,12,2,1,1
20030829-M-US_Open-R64-Andy_Roddick-Ivan_Ljubicic,Andy Roddick,1,12,3,31,12,2,27,0,0,0,0,0,0
20030829-M-US_Open-R64-Andy_Roddick-Ivan_Ljubicic,Andy Roddick,2,0,13,10,12,8,4,25,9,12,2,1,1
20030829-M-US_Open-R64-Andy_Roddick-Ivan_Ljubicic,Ivan Ljubicic,Total,24,15,34,37,8,20,17,18,31,3,0,1
20030829-M-US_Open-R64-Andy_Roddick-Ivan_Ljubicic,Ivan Ljubicic,1,17,3,16,17,4,17,0,0,0,0,0,0
20030829-M-US_Open-R64-Andy_Roddick-Ivan_Ljubicic,Ivan Ljubicic,2,7,12,18,20,4,3,17,18,31,3,0,1
20030126-M-Australian_Open-F-Rainer_Schuettler-Andre_Agassi,Rainer Schuettler,Total,16,2,16,22,0,9,16,3,14,2,0,0
20030126-M-Australian_Open-F-Rainer_Schuettler-Andre_Agassi,Rainer Schuettler,1,12,0,6,11,0,5,0,0,0,0,0,0
20030126-M-Australian_Open-F-Rainer_Schuettler-Andre_Agassi,Rainer Schuettler,2,4,2,10,11,0,4,16,3,14,2,0,0
20030126-M-Australian_Open-F-Rainer_Schuettler-Andre_Agassi,Andre Agassi,Total,11,0,19,13,0,15,11,6,2,1,0,0
20030126-M-Australian_Open-F-Rainer_Schuettler-Andre_Agassi,Andre Agassi,1,6,0,13,7,0,13,0,0,0,0,0,0
20030126-M-Australian_Open-F-Rainer_Schuettler-Andre_Agassi,Andre Agassi,2,5,0,6,6,0,2,11,6,2,1,0,0
20030125-M-Australian_Open-SF-Wayne_Ferreira-Andre_Agassi,Wayne Ferreira,Total,15,6,18,20,5,13,24,1,7,1,0,0
20030125-M-Australian_Open-SF-Wayne_Ferreira-Andre_Agassi,Wayne Ferreira,1,14,1,10,10,1,11,0,0,0,0,0,0
20030125-M-Australian_Open-SF-Wayne_Ferreira-Andre_Agassi,Wayne Ferreira,2,1,5,8,10,4,2,24,1,7,1,0,0
20030125-M-Australian_Open-SF-Wayne_Ferreira-Andre_Agassi,Andre Agassi,Total,13,4,21,17,2,14,9,7,4,2,0,0
20030125-M-Australian_Open-SF-Wayne_Ferreira-Andre_Agassi,Andre Agassi,1,12,0,14,14,1,11,0,0,0,0,0,0
20030125-M-Australian_Open-SF-Wayne_Ferreira-Andre_Agassi,Andre Agassi,2,1,4,7,3,1,3,9,7,4,2,0,0
20030125-M-Australian_Open-SF-Rainer_Schuettler-Andy_Roddick,Rainer Schuettler,Total,19,10,27,16,13,17,21,12,16,3,0,0
20030125-M-Australian_Open-SF-Rainer_Schuettler-Andy_Roddick,Rainer Schuettler,1,16,3,13,7,3,12,0,0,0,0,0,0
20030125-M-Australian_Open-SF-Rainer_Schuettler-Andy_Roddick,Rainer Schuettler,2,3,7,14,9,10,5,21,12,16,3,0,0
20030125-M-Australian_Open-SF-Rainer_Schuettler-Andy_Roddick,Andy Roddick,Total,17,3,44,27,6,26,27,11,12,1,1,0
20030125-M-Australian_Open-SF-Rainer_Schuettler-Andy_Roddick,Andy Roddick,1,15,1,22,13,2,22,0,0,0,0,0,0
20030125-M-Australian_Open-SF-Rainer_Schuettler-Andy_Roddick,Andy Roddick,2,2,2,22,14,4,4,27,11,12,1,1,0
20030122-M-Australian_Open-QF-Andy_Roddick-Younes_El_Aynaoui,Andy Roddick,Total,30,22,70,69,1,39,31,15,44,0,0,0
20030122-M-Australian_Open-QF-Andy_Roddick-Younes_El_Aynaoui,Andy Roddick,1,26,6,44,31,0,36,0,0,0,0,0,0
20030122-M-Australian_Open-QF-Andy_Roddick-Younes_El_Aynaoui,Andy Roddick,2,4,16,26,38,1,3,31,15,44,0,0,0
20030122-M-Australian_Open-QF-Andy_Roddick-Younes_El_Aynaoui,Younes El Aynaoui,Total,70,26,36,46,18,57,28,28,26,0,0,0
20030122-M-Australian_Open-QF-Andy_Roddick-Younes_El_Aynaoui,Younes El Aynaoui,1,53,8,32,26,14,46,0,0,0,0,0,0
20030122-M-Australian_Open-QF-Andy_Roddick-Younes_El_Aynaoui,Younes El Aynaoui,2,17,18,4,20,4,11,28,28,26,0,0,0
20030120-M-Australian_Open-R16-Roger_Federer-David_Nalbandian,Roger Federer,Total,29,16,31,41,10,21,35,13,24,7,0,0
20030120-M-Australian_Open-R16-Roger_Federer-David_Nalbandian,Roger Federer,1,19,2,17,24,3,13,0,0,0,0,0,0
20030120-M-Australian_Open-R16-Roger_Federer-David_Nalbandian,Roger Federer,2,10,14,14,17,7,8,35,13,24,7,0,0
20030120-M-Australian_Open-R16-Roger_Federer-David_Nalbandian,David Nalbandian,Total,19,13,36,47,4,14,21,19,13,3,0,0
20030120-M-Australian_Open-R16-Roger_Federer-David_Nalbandian,David Nalbandian,1,17,5,22,22,2,11,0,0,0,0,0,0
20030120-M-Australian_Open-R16-Roger_Federer-David_Nalbandian,David Nalbandian,2,2,8,14,25,2,3,21,19,13,3,0,0
20030115-M-Australian_Open-R128-Paradorn_Srichaphan-Mark_Philippoussis,Paradorn Srichaphan,Total,27,12,17,27,13,11,27,9,15,0,0,1
20030115-M-Australian_Open-R128-Paradorn_Srichaphan-Mark_Philippoussis,Paradorn Srichaphan,1,21,1,13,15,2,9,0,0,0,0,0,0
20030115-M-Australian_Open-R128-Paradorn_Srichaphan-Mark_Philippoussis,Paradorn Srichaphan,2,6,11,4,12,11,2,27,9,15,0,0,1
20030115-M-Australian_Open-R128-Paradorn_Srichaphan-Mark_Philippoussis,Mark Philippoussis,Total,27,11,26,26,8,28,28,9,15,0,0,2
20030115-M-Australian_Open-R128-Paradorn_Srichaphan-Mark_Philippoussis,Mark Philippoussis,1,21,4,13,15,2,23,0,0,0,0,0,0
20030115-M-Australian_Open-R128-Paradorn_Srichaphan-Mark_Philippoussis,Mark Philippoussis,2,6,7,13,11,6,5,28,9,15,0,0,2
20030114-M-Australian_Open-R128-Roger_Federer-Flavio_Saretta,Roger Federer,Total,24,13,22,33,10,13,23,12,20,3,0,0
20030114-M-Australian_Open-R128-Roger_Federer-Flavio_Saretta,Roger Federer,1,14,2,16,18,4,10,0,0,0,0,0,0
20030114-M-Australian_Open-R128-Roger_Federer-Flavio_Saretta,Roger Federer,2,10,11,6,15,6,3,23,12,20,3,0,0
20030114-M-Australian_Open-R128-Roger_Federer-Flavio_Saretta,Flavio Saretta,Total,15,29,25,39,16,9,32,11,27,1,0,0
20030114-M-Australian_Open-R128-Roger_Federer-Flavio_Saretta,Flavio Saretta,1,14,8,12,14,7,9,0,0,0,0,0,0
20030114-M-Australian_Open-R128-Roger_Federer-Flavio_Saretta,Flavio Saretta,2,1,21,13,25,9,0,32,11,27,1,0,0
20020908-M-US_Open-F-Pete_Sampras-Andre_Agassi,Pete Sampras,Total,36,0,41,33,1,41,28,27,21,3,0,0
20020908-M-US_Open-F-Pete_Sampras-Andre_Agassi,Pete Sampras,1,28,0,23,16,1,18,0,0,0,0,0,0
20020908-M-US_Open-F-Pete_Sampras-Andre_Agassi,Pete Sampras,2,8,0,18,17,0,23,28,27,21,3,0,0
20020908-M-US_Open-F-Pete_Sampras-Andre_Agassi,Andre Agassi,Total,27,3,34,45,0,16,17,13,16,2,0,0
20020908-M-US_Open-F-Pete_Sampras-Andre_Agassi,Andre Agassi,1,19,0,23,26,0,13,0,0,0,0,0,0
20020908-M-US_Open-F-Pete_Sampras-Andre_Agassi,Andre Agassi,2,8,3,11,19,0,3,17,13,16,2,0,0
20020907-M-US_Open-SF-Pete_Sampras-Sjeng_Schalken,Pete Sampras,Total,17,2,35,22,2,24,16,7,21,0,0,0
20020907-M-US_Open-SF-Pete_Sampras-Sjeng_Schalken,Pete Sampras,1,14,2,22,14,2,17,0,0,0,0,0,0
20020907-M-US_Open-SF-Pete_Sampras-Sjeng_Schalken,Pete Sampras,2,3,0,13,8,0,7,16,7,21,0,0,0
20020907-M-US_Open-SF-Pete_Sampras-Sjeng_Schalken,Sjeng Schalken,Total,23,8,29,18,15,19,14,6,14,2,0,0
20020907-M-US_Open-SF-Pete_Sampras-Sjeng_Schalken,Sjeng Schalken,1,23,5,16,12,7,14,0,0,0,0,0,0
20020907-M-US_Open-SF-Pete_Sampras-Sjeng_Schalken,Sjeng Schalken,2,0,3,13,6,8,5,14,6,14,2,0,0
20020907-M-US_Open-SF-Lleyton_Hewitt-Andre_Agassi,Lleyton Hewitt,Total,27,17,18,31,2,22,33,22,26,0,0,0
20020907-M-US_Open-SF-Lleyton_Hewitt-Andre_Agassi,Lleyton Hewitt,1,11,0,10,10,0,16,0,0,0,0,0,0
20020907-M-US_Open-SF-Lleyton_Hewitt-Andre_Agassi,Lleyton Hewitt,2,16,17,8,21,2,6,33,22,26,0,0,0
20020907-M-US_Open-SF-Lleyton_Hewitt-Andre_Agassi,Andre Agassi,Total,33,13,22,40,0,23,25,11,15,0,0,0
20020907-M-US_Open-SF-Lleyton_Hewitt-Andre_Agassi,Andre Agassi,1,29,2,16,23,0,14,0,0,0,0,0,0
20020907-M-US_Open-SF-Lleyton_Hewitt-Andre_Agassi,Andre Agassi,2,4,11,6,17,0,9,25,11,15,0,0,0
20020905-M-US_Open-QF-Sjeng_Schalken-Fernando_Gonzalez,Sjeng Schalken,Total,40,3,44,42,12,26,16,6,23,3,0,1
20020905-M-US_Open-QF-Sjeng_Schalken-Fernando_Gonzalez,Sjeng Schalken,1,38,1,28,24,9,20,0,0,0,0,0,0
20020905-M-US_Open-QF-Sjeng_Schalken-Fernando_Gonzalez,Sjeng Schalken,2,2,2,16,18,3,6,16,6,23,3,0,1
20020905-M-US_Open-QF-Sjeng_Schalken-Fernando_Gonzalez,Fernando Gonzalez,Total,41,6,40,39,11,32,33,18,34,7,0,1
20020905-M-US_Open-QF-Sjeng_Schalken-Fernando_Gonzalez,Fernando Gonzalez,1,26,2,19,19,3,19,0,0,0,0,0,0
20020905-M-US_Open-QF-Sjeng_Schalken-Fernando_Gonzalez,Fernando Gonzalez,2,15,4,21,20,8,13,33,18,34,7,0,1
20020905-M-US_Open-QF-Pete_Sampras-Andy_Roddick,Pete Sampras,Total,11,7,21,11,9,16,19,9,19,2,0,0
20020905-M-US_Open-QF-Pete_Sampras-Andy_Roddick,Pete Sampras,1,8,4,9,4,3,6,0,0,0,0,0,0
20020905-M-US_Open-QF-Pete_Sampras-Andy_Roddick,Pete Sampras,2,3,3,12,7,6,10,19,9,19,2,0,0
20020905-M-US_Open-QF-Pete_Sampras-Andy_Roddick,Andy Roddick,Total,8,21,7,11,8,14,15,1,8,1,0,0
20020905-M-US_Open-QF-Pete_Sampras-Andy_Roddick,Andy Roddick,1,8,11,4,6,4,14,0,0,0,0,0,0
20020905-M-US_Open-QF-Pete_Sampras-Andy_Roddick,Andy Roddick,2,0,10,3,5,4,0,15,1,8,1,0,0
20020902-M-US_Open-R32-Greg_Rusedski-Pete_Sampras,Greg Rusedski,Total,25,20,45,35,11,38,31,9,50,2,0,0
20020902-M-US_Open-R32-Greg_Rusedski-Pete_Sampras,Greg Rusedski,1,18,2,27,19,2,24,0,0,0,0,0,0
20020902-M-US_Open-R32-Greg_Rusedski-Pete_Sampras,Greg Rusedski,2,7,18,18,16,9,14,31,9,50,2,0,0
20020902-M-US_Open-R32-Greg_Rusedski-Pete_Sampras,Pete Sampras,Total,44,6,32,15,6,48,33,13,17,4,0,0
20020902-M-US_Open-R32-Greg_Rusedski-Pete_Sampras,Pete Sampras,1,20,1,24,9,2,33,0,0,0,0,0,0
20020902-M-US_Open-R32-Greg_Rusedski-Pete_Sampras,Pete Sampras,2,24,5,8,6,4,15,33,13,17,4,0,0
20020830-M-US_Open-R64-Marat_Safin-Gustavo_Kuerten,Marat Safin,Total,15,6,32,28,4,18,9,7,25,2,0,0
20020830-M-US_Open-R64-Marat_Safin-Gustavo_Kuerten,Marat Safin,1,14,1,16,12,1,17,0,0,0,0,0,0
20020830-M-US_Open-R64-Marat_Safin-Gustavo_Kuerten,Marat Safin,2,1,5,16,16,3,1,9,7,25,2,0,0
20020830-M-US_Open-R64-Marat_Safin-Gustavo_Kuerten,Gustavo Kuerten,Total,15,5,31,37,5,4,15,15,9,6,0,0
20020830-M-US_Open-R64-Marat_Safin-Gustavo_Kuerten,Gustavo Kuerten,1,10,0,18,23,0,4,0,0,0,0,0,0
20020830-M-US_Open-R64-Marat_Safin-Gustavo_Kuerten,Gustavo Kuerten,2,5,5,13,14,5,0,15,15,9,6,0,0
20020829-M-US_Open-R64-James_Blake-Nikolay_Davydenko,James Blake,Total,17,12,24,26,6,15,14,7,15,1,0,0
20020829-M-US_Open-R64-James_Blake-Nikolay_Davydenko,James Blake,1,15,6,18,10,2,15,0,0,0,0,0,0
20020829-M-US_Open-R64-James_Blake-Nikolay_Davydenko,James Blake,2,2,6,6,16,4,0,14,7,15,1,0,0
20020829-M-US_Open-R64-James_Blake-Nikolay_Davydenko,Nikolay Davydenko,Total,13,6,27,26,6,12,12,6,10,1,0,0
20020829-M-US_Open-R64-James_Blake-Nikolay_Davydenko,Nikolay Davydenko,1,10,5,23,13,3,10,0,0,0,0,0,0
20020829-M-US_Open-R64-James_Blake-Nikolay_Davydenko,Nikolay Davydenko,2,3,1,4,13,3,2,12,6,10,1,0,0
20020826-M-US_Open-R128-Jiri_Vanek-Roger_Federer,Jiri Vanek,Total,36,9,16,30,14,11,23,11,16,8,0,0
20020826-M-US_Open-R128-Jiri_Vanek-Roger_Federer,Jiri Vanek,1,19,1,14,14,3,8,0,0,0,0,0,0
20020826-M-US_Open-R128-Jiri_Vanek-Roger_Federer,Jiri Vanek,2,17,8,2,16,11,3,23,11,16,8,0,0
20020826-M-US_Open-R128-Jiri_Vanek-Roger_Federer,Roger Federer,Total,26,13,17,30,4,15,22,10,19,1,0,1
20020826-M-US_Open-R128-Jiri_Vanek-Roger_Federer,Roger Federer,1,18,4,11,15,2,9,0,0,0,0,0,0
20020826-M-US_Open-R128-Jiri_Vanek-Roger_Federer,Roger Federer,2,8,9,6,15,2,6,22,10,19,1,0,1
20020127-M-Australian_Open-F-Thomas_Johansson-Marat_Safin,Thomas Johansson,Total,27,18,17,32,2,19,26,8,20,1,0,0
20020127-M-Australian_Open-F-Thomas_Johansson-Marat_Safin,Thomas Johansson,1,20,0,12,14,0,18,0,0,0,0,0,0
20020127-M-Australian_Open-F-Thomas_Johansson-Marat_Safin,Thomas Johansson,2,7,18,5,18,2,1,26,8,20,1,0,0
20020127-M-Australian_Open-F-Thomas_Johansson-Marat_Safin,Marat Safin,Total,30,29,15,21,28,19,15,12,26,1,0,0
20020127-M-Australian_Open-F-Thomas_Johansson-Marat_Safin,Marat Safin,1,24,11,15,13,8,19,0,0,0,0,0,0
20020127-M-Australian_Open-F-Thomas_Johansson-Marat_Safin,Marat Safin,2,6,18,0,8,20,0,15,12,26,1,0,0
20020126-M-Australian_Open-SF-Tommy_Haas-Marat_Safin,Tommy Haas,Total,18,21,45,40,20,18,46,14,29,8,0,0
20020126-M-Australian_Open-SF-Tommy_Haas-Marat_Safin,Tommy Haas,1,12,0,31,21,2,5,0,0,0,0,0,0
20020126-M-Australian_Open-SF-Tommy_Haas-Marat_Safin,Tommy Haas,2,6,21,14,19,18,13,46,14,29,8,0,0
20020126-M-Australian_Open-SF-Tommy_Haas-Marat_Safin,Marat Safin,Total,15,24,37,40,7,20,27,11,29,8,2,0
20020126-M-Australian_Open-SF-Tommy_Haas-Marat_Safin,Marat Safin,1,15,3,23,14,1,16,0,0,0,0,0,0
20020126-M-Australian_Open-SF-Tommy_Haas-Marat_Safin,Marat Safin,2,0,21,14,26,6,4,27,11,29,8,2,0
20020126-M-Australian_Open-SF-Thomas_Johansson-Jiri_Novak,Thomas Johansson,Total,33,6,28,36,9,15,29,9,17,4,0,0
20020126-M-Australian_Open-SF-Thomas_Johansson-Jiri_Novak,Thomas Johansson,1,32,0,10,19,1,14,0,0,0,0,0,0
20020126-M-Australian_Open-SF-Thomas_Johansson-Jiri_Novak,Thomas Johansson,2,1,6,18,17,8,1,29,9,17,4,0,0
20020126-M-Australian_Open-SF-Thomas_Johansson-Jiri_Novak,Jiri Novak,Total,32,19,33,25,23,29,20,8,20,1,0,0
20020126-M-Australian_Open-SF-Thomas_Johansson-Jiri_Novak,Jiri Novak,1,29,0,31,24,2,28,0,0,0,0,0,0
20020126-M-Australian_Open-SF-Thomas_Johansson-Jiri_Novak,Jiri Novak,2,3,19,2,1,21,1,20,8,20,1,0,0
20020122-M-Australian_Open-R16-Roger_Federer-Tommy_Haas,Roger Federer,Total,42,20,29,48,14,22,30,9,28,7,0,0
20020122-M-Australian_Open-R16-Roger_Federer-Tommy_Haas,Roger Federer,1,35,3,19,28,6,16,0,0,0,0,0,0
20020122-M-Australian_Open-R16-Roger_Federer-Tommy_Haas,Roger Federer,2,7,17,10,20,8,6,30,9,28,7,0,0
20020122-M-Australian_Open-R16-Roger_Federer-Tommy_Haas,Tommy Haas,Total,23,27,37,39,21,25,30,10,35,11,0,0
20020122-M-Australian_Open-R16-Roger_Federer-Tommy_Haas,Tommy Haas,1,18,2,26,26,1,17,0,0,0,0,0,0
20020122-M-Australian_Open-R16-Roger_Federer-Tommy_Haas,Tommy Haas,2,5,25,11,13,20,8,30,10,35,11,0,0
20020121-M-Australian_Open-R16-Pete_Sampras-Marat_Safin,Pete Sampras,Total,39,0,44,45,11,24,20,20,27,7,0,0
20020121-M-Australian_Open-R16-Pete_Sampras-Marat_Safin,Pete Sampras,1,24,0,31,19,9,15,0,0,0,0,0,0
20020121-M-Australian_Open-R16-Pete_Sampras-Marat_Safin,Pete Sampras,2,15,0,13,26,2,9,20,20,27,7,0,0
20020121-M-Australian_Open-R16-Pete_Sampras-Marat_Safin,Marat Safin,Total,14,25,43,22,30,22,28,24,27,8,0,4
20020121-M-Australian_Open-R16-Pete_Sampras-Marat_Safin,Marat Safin,1,14,4,21,8,2,20,0,0,0,0,0,0
20020121-M-Australian_Open-R16-Pete_Sampras-Marat_Safin,Marat Safin,2,0,21,22,14,28,2,28,24,27,8,0,4
20010909-M-US_Open-F-Pete_Sampras-Lleyton_Hewitt,Pete Sampras,Total,27,3,22,27,1,19,19,12,13,2,0,0
20010909-M-US_Open-F-Pete_Sampras-Lleyton_Hewitt,Pete Sampras,1,18,0,14,10,0,17,0,0,0,0,0,0
20010909-M-US_Open-F-Pete_Sampras-Lleyton_Hewitt,Pete Sampras,2,9,3,8,17,1,2,19,12,13,2,0,0
20010909-M-US_Open-F-Pete_Sampras-Lleyton_Hewitt,Lleyton Hewitt,Total,27,3,10,23,0,14,10,6,16,1,0,0
20010909-M-US_Open-F-Pete_Sampras-Lleyton_Hewitt,Lleyton Hewitt,1,18,2,6,9,0,14,0,0,0,0,0,0
20010909-M-US_Open-F-Pete_Sampras-Lleyton_Hewitt,Lleyton Hewitt,2,9,1,4,14,0,0,10,6,16,1,0,0
20010908-M-US_Open-SF-Pete_Sampras-Marat_Safin,Pete Sampras,Total,30,7,16,15,11,23,18,7,16,4,0,0
20010908-M-US_Open-SF-Pete_Sampras-Marat_Safin,Pete Sampras,1,20,2,10,11,5,17,0,0,0,0,0,0
20010908-M-US_Open-SF-Pete_Sampras-Marat_Safin,Pete Sampras,2,10,5,6,4,6,6,18,7,16,4,0,0
20010908-M-US_Open-SF-Pete_Sampras-Marat_Safin,Marat Safin,Total,8,11,23,12,17,10,15,2,17,3,1,0
20010908-M-US_Open-SF-Pete_Sampras-Marat_Safin,Marat Safin,1,8,1,13,10,5,10,0,0,0,0,0,0
20010908-M-US_Open-SF-Pete_Sampras-Marat_Safin,Marat Safin,2,0,10,10,2,12,0,15,2,17,3,1,0
20010907-M-US_Open-SF-Yevgeny_Kafelnikov-Lleyton_Hewitt,Yevgeny Kafelnikov,Total,11,4,16,10,10,7,15,3,7,2,1,0
20010907-M-US_Open-SF-Yevgeny_Kafelnikov-Lleyton_Hewitt,Yevgeny Kafelnikov,1,9,2,7,6,4,6,0,0,0,0,0,0
20010907-M-US_Open-SF-Yevgeny_Kafelnikov-Lleyton_Hewitt,Yevgeny Kafelnikov,2,2,2,9,4,6,1,15,3,7,2,1,0
20010907-M-US_Open-SF-Yevgeny_Kafelnikov-Lleyton_Hewitt,Lleyton Hewitt,Total,12,7,14,12,10,10,8,9,10,4,0,1
20010907-M-US_Open-SF-Yevgeny_Kafelnikov-Lleyton_Hewitt,Lleyton Hewitt,1,10,2,10,5,5,6,0,0,0,0,0,0
20010907-M-US_Open-SF-Yevgeny_Kafelnikov-Lleyton_Hewitt,Lleyton Hewitt,2,2,5,4,7,5,4,8,9,10,4,0,1
20010906-M-US_Open-QF-Pete_Sampras-Andre_Agassi,Pete Sampras,Total,42,13,33,28,13,39,31,20,17,7,0,0
20010906-M-US_Open-QF-Pete_Sampras-Andre_Agassi,Pete Sampras,1,27,6,21,20,8,23,0,0,0,0,0,0
20010906-M-US_Open-QF-Pete_Sampras-Andre_Agassi,Pete Sampras,2,15,7,12,8,5,16,31,20,17,7,0,0
20010906-M-US_Open-QF-Pete_Sampras-Andre_Agassi,Andre Agassi,Total,20,33,36,42,22,17,28,10,20,5,0,0
20010906-M-US_Open-QF-Pete_Sampras-Andre_Agassi,Andre Agassi,1,17,11,27,30,15,11,0,0,0,0,0,0
20010906-M-US_Open-QF-Pete_Sampras-Andre_Agassi,Andre Agassi,2,3,22,9,12,7,6,28,10,20,5,0,0
20010906-M-US_Open-QF-Andy_Roddick-Lleyton_Hewitt,Andy Roddick,Total,39,16,26,40,3,34,26,24,35,1,0,0
20010906-M-US_Open-QF-Andy_Roddick-Lleyton_Hewitt,Andy Roddick,1,29,4,13,8,3,24,0,0,0,0,0,0
20010906-M-US_Open-QF-Andy_Roddick-Lleyton_Hewitt,Andy Roddick,2,10,12,13,32,0,10,26,24,35,1,0,0
20010906-M-US_Open-QF-Andy_Roddick-Lleyton_Hewitt,Lleyton Hewitt,Total,44,12,27,38,5,34,38,18,21,0,2,0
20010906-M-US_Open-QF-Andy_Roddick-Lleyton_Hewitt,Lleyton Hewitt,1,29,1,20,12,1,28,0,0,0,0,0,0
20010906-M-US_Open-QF-Andy_Roddick-Lleyton_Hewitt,Lleyton Hewitt,2,15,11,7,26,4,6,38,18,21,0,2,0
20010905-M-US_Open-R16-Tommy_Haas-Lleyton_Hewitt,Tommy Haas,Total,7,3,59,38,1,25,27,13,28,0,0,0
20010905-M-US_Open-R16-Tommy_Haas-Lleyton_Hewitt,Tommy Haas,1,4,1,30,22,1,15,0,0,0,0,0,0
20010905-M-US_Open-R16-Tommy_Haas-Lleyton_Hewitt,Tommy Haas,2,3,2,29,16,0,10,27,13,28,0,0,0
20010905-M-US_Open-R16-Tommy_Haas-Lleyton_Hewitt,Lleyton Hewitt,Total,27,16,19,40,3,11,27,11,19,0,0,0
20010905-M-US_Open-R16-Tommy_Haas-Lleyton_Hewitt,Lleyton Hewitt,1,19,3,14,14,2,11,0,0,0,0,0,0
20010905-M-US_Open-R16-Tommy_Haas-Lleyton_Hewitt,Lleyton Hewitt,2,8,13,5,26,1,0,27,11,19,0,0,0
20010904-M-US_Open-R16-Andre_Agassi-Roger_Federer,Andre Agassi,Total,13,6,19,22,2,14,13,3,8,2,0,0
20010904-M-US_Open-R16-Andre_Agassi-Roger_Federer,Andre Agassi,1,10,0,13,18,0,10,0,0,0,0,0,0
20010904-M-US_Open-R16-Andre_Agassi-Roger_Federer,Andre Agassi,2,3,6,6,4,2,4,13,3,8,2,0,0
20010904-M-US_Open-R16-Andre_Agassi-Roger_Federer,Roger Federer,Total,10,9,12,16,8,4,8,8,14,2,0,0
20010904-M-US_Open-R16-Andre_Agassi-Roger_Federer,Roger Federer,1,8,3,7,8,1,2,0,0,0,0,0,0
20010904-M-US_Open-R16-Andre_Agassi-Roger_Federer,Roger Federer,2,2,6,5,8,7,2,8,8,14,2,0,0
20010830-M-US_Open-R64-Robby_Ginepri-Roger_Federer,Robby Ginepri,Total,10,13,19,17,10,16,24,4,19,2,0,0
20010830-M-US_Open-R64-Robby_Ginepri-Roger_Federer,Robby Ginepri,1,9,4,9,6,4,12,0,0,0,0,0,0
20010830-M-US_Open-R64-Robby_Ginepri-Roger_Federer,Robby Ginepri,2,1,9,10,11,6,4,24,4,19,2,0,0
20010830-M-US_Open-R64-Robby_Ginepri-Roger_Federer,Roger Federer,Total,14,11,16,20,6,11,8,4,14,3,0,0
20010830-M-US_Open-R64-Robby_Ginepri-Roger_Federer,Roger Federer,1,10,6,11,15,1,8,0,0,0,0,0,0
20010830-M-US_Open-R64-Robby_Ginepri-Roger_Federer,Roger Federer,2,4,5,5,5,5,3,8,4,14,3,0,0
20010829-M-US_Open-R64-Jack_Brasington-Andy_Roddick,Jack Brasington,Total,23,16,28,12,20,27,35,3,21,1,0,0
20010829-M-US_Open-R64-Jack_Brasington-Andy_Roddick,Jack Brasington,1,17,5,15,10,10,22,0,0,0,0,0,0
20010829-M-US_Open-R64-Jack_Brasington-Andy_Roddick,Jack Brasington,2,6,11,13,2,10,5,35,3,21,1,0,0
20010829-M-US_Open-R64-Jack_Brasington-Andy_Roddick,Andy Roddick,Total,18,20,19,20,13,17,17,10,24,1,0,0
20010829-M-US_Open-R64-Jack_Brasington-Andy_Roddick,Andy Roddick,1,16,5,10,6,10,14,0,0,0,0,0,0
20010829-M-US_Open-R64-Jack_Brasington-Andy_Roddick,Andy Roddick,2,2,15,9,14,3,3,17,10,24,1,0,0
20010829-M-US_Open-R128-Daniel_Vacek-Gustavo_Kuerten,Daniel Vacek,Total,33,18,28,33,14,26,21,14,30,5,0,1
20010829-M-US_Open-R128-Daniel_Vacek-Gustavo_Kuerten,Daniel Vacek,1,28,6,15,15,4,18,0,0,0,0,0,0
20010829-M-US_Open-R128-Daniel_Vacek-Gustavo_Kuerten,Daniel Vacek,2,5,12,13,18,10,8,21,14,30,5,0,1
20010829-M-US_Open-R128-Daniel_Vacek-Gustavo_Kuerten,Gustavo Kuerten,Total,18,7,39,38,6,11,13,14,22,2,0,0
20010829-M-US_Open-R128-Daniel_Vacek-Gustavo_Kuerten,Gustavo Kuerten,1,18,1,20,21,0,11,0,0,0,0,0,0
20010829-M-US_Open-R128-Daniel_Vacek-Gustavo_Kuerten,Gustavo Kuerten,2,0,6,19,17,6,0,13,14,22,2,0,0
20010827-M-US_Open-R32-Max_Mirnyi-Gustavo_Kuerten,Max Mirnyi,Total,40,18,44,62,10,17,30,10,21,4,0,0
20010827-M-US_Open-R32-Max_Mirnyi-Gustavo_Kuerten,Max Mirnyi,1,30,6,33,41,5,16,0,0,0,0,0,0
20010827-M-US_Open-R32-Max_Mirnyi-Gustavo_Kuerten,Max Mirnyi,2,10,12,11,21,5,1,30,10,21,4,0,0
20010827-M-US_Open-R32-Max_Mirnyi-Gustavo_Kuerten,Gustavo Kuerten,Total,31,14,47,47,10,27,23,20,14,2,0,0
20010827-M-US_Open-R32-Max_Mirnyi-Gustavo_Kuerten,Gustavo Kuerten,1,31,1,27,31,1,27,0,0,0,0,0,0
20010827-M-US_Open-R32-Max_Mirnyi-Gustavo_Kuerten,Gustavo Kuerten,2,0,13,20,16,9,0,23,20,14,2,0,0
20010827-M-US_Open-R128-Mike_Bryan-Andre_Agassi,Mike Bryan,Total,10,13,11,12,12,7,14,2,10,1,0,10
20010827-M-US_Open-R128-Mike_Bryan-Andre_Agassi,Mike Bryan,1,9,9,4,7,6,7,0,0,0,0,0,0
20010827-M-US_Open-R128-Mike_Bryan-Andre_Agassi,Mike Bryan,2,1,4,7,5,6,0,14,2,10,1,0,10
20010827-M-US_Open-R128-Mike_Bryan-Andre_Agassi,Andre Agassi,Total,7,4,10,10,0,10,10,6,8,0,0,7
20010827-M-US_Open-R128-Mike_Bryan-Andre_Agassi,Andre Agassi,1,5,0,5,5,0,5,0,0,0,0,0,0
20010827-M-US_Open-R128-Mike_Bryan-Andre_Agassi,Andre Agassi,2,2,4,5,5,0,5,10,6,8,0,0,7
20010128-M-Australian_Open-F-Arnaud_Clement-Andre_Agassi,Arnaud Clement,Total,20,15,10,27,7,11,28,10,9,3,0,0
20010128-M-Australian_Open-F-Arnaud_Clement-Andre_Agassi,Arnaud Clement,1,14,2,6,13,3,9,0,0,0,0,0,0
20010128-M-Australian_Open-F-Arnaud_Clement-Andre_Agassi,Arnaud Clement,2,6,13,4,14,4,2,28,10,9,3,0,0
20010128-M-Australian_Open-F-Arnaud_Clement-Andre_Agassi,Andre Agassi,Total,28,5,9,20,0,19,11,6,9,3,0,0
20010128-M-Australian_Open-F-Arnaud_Clement-Andre_Agassi,Andre Agassi,1,23,0,6,10,0,14,0,0,0,0,0,0
20010128-M-Australian_Open-F-Arnaud_Clement-Andre_Agassi,Andre Agassi,2,5,5,3,10,0,5,11,6,9,3,0,0
20010126-M-Australian_Open-SF-Patrick_Rafter-Andre_Agassi,Patrick Rafter,Total,30,15,34,39,15,20,41,12,6,4,0,0
20010126-M-Australian_Open-SF-Patrick_Rafter-Andre_Agassi,Patrick Rafter,1,26,7,21,19,8,15,0,0,0,0,0,0
20010126-M-Australian_Open-SF-Patrick_Rafter-Andre_Agassi,Patrick Rafter,2,4,8,13,20,7,5,41,12,6,4,0,0
20010126-M-Australian_Open-SF-Patrick_Rafter-Andre_Agassi,Andre Agassi,Total,41,10,26,47,1,23,12,9,18,6,0,0
20010126-M-Australian_Open-SF-Patrick_Rafter-Andre_Agassi,Andre Agassi,1,38,5,12,32,1,18,0,0,0,0,0,0
20010126-M-Australian_Open-SF-Patrick_Rafter-Andre_Agassi,Andre Agassi,2,3,5,14,15,0,5,12,9,18,6,0,0
20010126-M-Australian_Open-SF-Arnaud_Clement-Sebastien_Grosjean,Arnaud Clement,Total,46,20,35,36,22,35,32,14,34,9,0,0
20010126-M-Australian_Open-SF-Arnaud_Clement-Sebastien_Grosjean,Arnaud Clement,1,43,2,13,22,3,27,0,0,0,0,0,0
20010126-M-Australian_Open-SF-Arnaud_Clement-Sebastien_Grosjean,Arnaud Clement,2,3,18,22,14,19,8,32,14,34,9,0,0
20010126-M-Australian_Open-SF-Arnaud_Clement-Sebastien_Grosjean,Sebastien Grosjean,Total,27,10,47,30,18,24,35,9,36,2,0,0
20010126-M-Australian_Open-SF-Arnaud_Clement-Sebastien_Grosjean,Sebastien Grosjean,1,23,0,25,13,3,15,0,0,0,0,0,0
20010126-M-Australian_Open-SF-Arnaud_Clement-Sebastien_Grosjean,Sebastien Grosjean,2,4,10,22,17,15,9,35,9,36,2,0,0
20010124-M-Australian_Open-QF-Patrick_Rafter-Dominik_Hrbaty,Patrick Rafter,Total,19,13,29,28,10,18,33,10,9,4,0,0
20010124-M-Australian_Open-QF-Patrick_Rafter-Dominik_Hrbaty,Patrick Rafter,1,16,3,15,16,3,14,0,0,0,0,0,0
20010124-M-Australian_Open-QF-Patrick_Rafter-Dominik_Hrbaty,Patrick Rafter,2,3,10,14,12,7,4,33,10,9,4,0,0
20010124-M-Australian_Open-QF-Patrick_Rafter-Dominik_Hrbaty,Dominik Hrbaty,Total,21,21,24,33,10,18,39,3,22,3,0,0
20010124-M-Australian_Open-QF-Patrick_Rafter-Dominik_Hrbaty,Dominik Hrbaty,1,19,3,13,17,5,10,0,0,0,0,0,0
20010124-M-Australian_Open-QF-Patrick_Rafter-Dominik_Hrbaty,Dominik Hrbaty,2,2,18,11,16,5,8,39,3,22,3,0,0
20010120-M-Australian_Open-R32-Carlos_Moya-Lleyton_Hewitt,Carlos Moya,Total,32,11,28,45,5,17,22,13,16,0,0,0
20010120-M-Australian_Open-R32-Carlos_Moya-Lleyton_Hewitt,Carlos Moya,1,26,4,19,18,5,17,0,0,0,0,0,0
20010120-M-Australian_Open-R32-Carlos_Moya-Lleyton_Hewitt,Carlos Moya,2,6,7,9,27,0,0,22,13,16,0,0,0
20010120-M-Australian_Open-R32-Carlos_Moya-Lleyton_Hewitt,Lleyton Hewitt,Total,38,15,25,47,1,23,30,19,28,0,0,0
20010120-M-Australian_Open-R32-Carlos_Moya-Lleyton_Hewitt,Lleyton Hewitt,1,21,2,19,17,1,18,0,0,0,0,0,0
20010120-M-Australian_Open-R32-Carlos_Moya-Lleyton_Hewitt,Lleyton Hewitt,2,17,13,6,30,0,5,30,19,28,0,0,0
20010117-M-Australian_Open-R64-Greg_Rusedski-Gustavo_Kuerten,Greg Rusedski,Total,32,5,37,46,5,17,18,6,19,2,0,3
20010117-M-Australian_Open-R64-Greg_Rusedski-Gustavo_Kuerten,Greg Rusedski,1,23,1,26,34,4,11,0,0,0,0,0,0
20010117-M-Australian_Open-R64-Greg_Rusedski-Gustavo_Kuerten,Greg Rusedski,2,9,4,11,12,1,6,18,6,19,2,0,3
20010117-M-Australian_Open-R64-Greg_Rusedski-Gustavo_Kuerten,Gustavo Kuerten,Total,48,6,25,26,9,37,11,18,27,6,5,2
20010117-M-Australian_Open-R64-Greg_Rusedski-Gustavo_Kuerten,Gustavo Kuerten,1,27,1,18,16,4,20,0,0,0,0,0,0
20010117-M-Australian_Open-R64-Greg_Rusedski-Gustavo_Kuerten,Gustavo Kuerten,2,21,5,7,10,5,17,11,18,27,6,5,2
20000910-M-US_Open-F-Pete_Sampras-Marat_Safin,Pete Sampras,Total,20,3,18,15,4,18,9,6,11,5,0,0
20000910-M-US_Open-F-Pete_Sampras-Marat_Safin,Pete Sampras,1,15,2,11,7,3,13,0,0,0,0,0,0
20000910-M-US_Open-F-Pete_Sampras-Marat_Safin,Pete Sampras,2,5,1,7,8,1,5,9,6,11,5,0,0
20000910-M-US_Open-F-Pete_Sampras-Marat_Safin,Marat Safin,Total,30,2,10,32,1,6,16,8,18,0,0,0
20000910-M-US_Open-F-Pete_Sampras-Marat_Safin,Marat Safin,1,9,2,9,14,1,5,0,0,0,0,0,0
20000910-M-US_Open-F-Pete_Sampras-Marat_Safin,Marat Safin,2,21,0,1,18,0,1,16,8,18,0,0,0
20000909-M-US_Open-SF-Pete_Sampras-Lleyton_Hewitt,Pete Sampras,Total,31,3,26,31,1,25,26,11,14,4,0,0
20000909-M-US_Open-SF-Pete_Sampras-Lleyton_Hewitt,Pete Sampras,1,15,0,14,22,0,19,0,0,0,0,0,0
20000909-M-US_Open-SF-Pete_Sampras-Lleyton_Hewitt,Pete Sampras,2,16,3,12,9,1,6,26,11,14,4,0,0
20000909-M-US_Open-SF-Pete_Sampras-Lleyton_Hewitt,Lleyton Hewitt,Total,33,11,19,25,17,17,28,2,21,6,1,0
20000909-M-US_Open-SF-Pete_Sampras-Lleyton_Hewitt,Lleyton Hewitt,1,21,1,17,12,2,16,0,0,0,0,0,0
20000909-M-US_Open-SF-Pete_Sampras-Lleyton_Hewitt,Lleyton Hewitt,2,12,10,2,13,15,1,28,2,21,6,1,0
20000909-M-US_Open-SF-Marat_Safin-Todd_Martin,Marat Safin,Total,17,27,17,17,31,10,29,5,22,2,0,0
20000909-M-US_Open-SF-Marat_Safin-Todd_Martin,Marat Safin,1,16,1,16,14,8,9,0,0,0,0,0,0
20000909-M-US_Open-SF-Marat_Safin-Todd_Martin,Marat Safin,2,1,26,1,3,23,1,29,5,22,2,0,0
20000909-M-US_Open-SF-Marat_Safin-Todd_Martin,Todd Martin,Total,19,20,13,23,14,9,18,13,14,3,0,0
20000909-M-US_Open-SF-Marat_Safin-Todd_Martin,Todd Martin,1,12,8,10,13,7,7,0,0,0,0,0,0
20000909-M-US_Open-SF-Marat_Safin-Todd_Martin,Todd Martin,2,7,12,3,10,7,2,18,13,14,3,0,0
20000906-M-US_Open-QF-Pete_Sampras-Richard_Krajicek,Pete Sampras,Total,17,7,37,18,14,25,15,4,24,0,0,1
20000906-M-US_Open-QF-Pete_Sampras-Richard_Krajicek,Pete Sampras,1,16,4,24,11,7,17,0,0,0,0,0,0
20000906-M-US_Open-QF-Pete_Sampras-Richard_Krajicek,Pete Sampras,2,1,3,13,7,7,8,15,4,24,0,0,1
20000906-M-US_Open-QF-Pete_Sampras-Richard_Krajicek,Richard Krajicek,Total,17,10,25,29,7,13,12,14,18,1,0,0
20000906-M-US_Open-QF-Pete_Sampras-Richard_Krajicek,Richard Krajicek,1,16,2,16,13,0,12,0,0,0,0,0,0
20000906-M-US_Open-QF-Pete_Sampras-Richard_Krajicek,Richard Krajicek,2,1,8,9,16,7,1,12,14,18,1,0,0
20000902-M-US_Open-R32-Roger_Federer-Juan_Carlos_Ferrero,Roger Federer,Total,20,21,28,34,14,13,37,7,18,5,0,0
20000902-M-US_Open-R32-Roger_Federer-Juan_Carlos_Ferrero,Roger Federer,1,14,6,18,18,5,9,0,0,0,0,0,0
20000902-M-US_Open-R32-Roger_Federer-Juan_Carlos_Ferrero,Roger Federer,2,6,15,10,16,9,4,37,7,18,5,0,0
20000902-M-US_Open-R32-Roger_Federer-Juan_Carlos_Ferrero,Juan Carlos Ferrero,Total,17,13,48,59,6,7,44,9,24,4,0,0
20000902-M-US_Open-R32-Roger_Federer-Juan_Carlos_Ferrero,Juan Carlos Ferrero,1,10,3,25,32,3,6,0,0,0,0,0,0
20000902-M-US_Open-R32-Roger_Federer-Juan_Carlos_Ferrero,Juan Carlos Ferrero,2,7,10,23,27,3,1,44,9,24,4,0,0
20000901-M-US_Open-R64-Roger_Federer-Daniel_Nestor,Roger Federer,Total,16,11,20,16,6,19,15,7,11,1,0,0
20000901-M-US_Open-R64-Roger_Federer-Daniel_Nestor,Roger Federer,1,10,3,15,12,2,13,0,0,0,0,0,0
20000901-M-US_Open-R64-Roger_Federer-Daniel_Nestor,Roger Federer,2,6,8,5,4,4,6,15,7,11,1,0,0
20000901-M-US_Open-R64-Roger_Federer-Daniel_Nestor,Daniel Nestor,Total,12,11,16,15,10,13,10,5,8,3,0,0
20000901-M-US_Open-R64-Roger_Federer-Daniel_Nestor,Daniel Nestor,1,10,4,14,9,7,10,0,0,0,0,0,0
20000901-M-US_Open-R64-Roger_Federer-Daniel_Nestor,Daniel Nestor,2,2,7,2,6,3,3,10,5,8,3,0,0
20000901-M-US_Open-R64-Marat_Safin-Gianluca_Pozzi,Marat Safin,Total,21,7,15,7,7,25,18,5,18,0,0,1
20000901-M-US_Open-R64-Marat_Safin-Gianluca_Pozzi,Marat Safin,1,9,1,14,6,0,12,0,0,0,0,0,0
20000901-M-US_Open-R64-Marat_Safin-Gianluca_Pozzi,Marat Safin,2,12,6,1,1,7,13,18,5,18,0,0,1
20000901-M-US_Open-R64-Marat_Safin-Gianluca_Pozzi,Gianluca Pozzi,Total,10,15,29,31,11,11,13,15,16,3,0,1
20000901-M-US_Open-R64-Marat_Safin-Gianluca_Pozzi,Gianluca Pozzi,1,9,4,17,20,0,11,0,0,0,0,0,0
20000901-M-US_Open-R64-Marat_Safin-Gianluca_Pozzi,Gianluca Pozzi,2,1,11,12,11,11,0,13,15,16,3,0,1
20000828-M-US_Open-R128-Marcelo_Rios-Nicolas_Massu,Marcelo Rios,Total,20,4,35,34,4,12,12,15,22,0,0,0
20000828-M-US_Open-R128-Marcelo_Rios-Nicolas_Massu,Marcelo Rios,1,9,3,21,16,1,11,0,0,0,0,0,0
20000828-M-US_Open-R128-Marcelo_Rios-Nicolas_Massu,Marcelo Rios,2,11,1,14,18,3,1,12,15,22,0,0,0
20000828-M-US_Open-R128-Marcelo_Rios-Nicolas_Massu,Nicolas Massu,Total,34,16,15,24,17,18,35,8,22,1,0,0
20000828-M-US_Open-R128-Marcelo_Rios-Nicolas_Massu,Nicolas Massu,1,12,3,11,15,6,14,0,0,0,0,0,0
20000828-M-US_Open-R128-Marcelo_Rios-Nicolas_Massu,Nicolas Massu,2,22,13,4,9,11,4,35,8,22,1,0,0
20000130-M-Australian_Open-F-Yevgeny_Kafelnikov-Andre_Agassi,Yevgeny Kafelnikov,Total,26,16,19,40,1,18,37,7,17,2,2,0
20000130-M-Australian_Open-F-Yevgeny_Kafelnikov-Andre_Agassi,Yevgeny Kafelnikov,1,15,5,13,15,0,16,0,0,0,0,0,0
20000130-M-Australian_Open-F-Yevgeny_Kafelnikov-Andre_Agassi,Yevgeny Kafelnikov,2,11,11,6,25,1,2,37,7,17,2,2,0
20000130-M-Australian_Open-F-Yevgeny_Kafelnikov-Andre_Agassi,Andre Agassi,Total,33,1,25,35,1,19,12,13,17,1,0,0
20000130-M-Australian_Open-F-Yevgeny_Kafelnikov-Andre_Agassi,Andre Agassi,1,29,0,15,19,0,13,0,0,0,0,0,0
20000130-M-Australian_Open-F-Yevgeny_Kafelnikov-Andre_Agassi,Andre Agassi,2,4,1,10,16,1,6,12,13,17,1,0,0
20000128-M-Australian_Open-SF-Yevgeny_Kafelnikov-Magnus_Norman,Yevgeny Kafelnikov,Total,12,15,13,9,12,11,19,2,9,1,0,0
20000128-M-Australian_Open-SF-Yevgeny_Kafelnikov-Magnus_Norman,Yevgeny Kafelnikov,1,12,3,10,6,1,11,0,0,0,0,0,0
20000128-M-Australian_Open-SF-Yevgeny_Kafelnikov-Magnus_Norman,Yevgeny Kafelnikov,2,0,12,3,3,11,0,19,2,9,1,0,0
20000128-M-Australian_Open-SF-Yevgeny_Kafelnikov-Magnus_Norman,Magnus Norman,Total,7,8,20,11,10,13,12,7,7,1,0,0
20000128-M-Australian_Open-SF-Yevgeny_Kafelnikov-Magnus_Norman,Magnus Norman,1,7,4,11,9,2,10,0,0,0,0,0,0
20000128-M-Australian_Open-SF-Yevgeny_Kafelnikov-Magnus_Norman,Magnus Norman,2,0,4,9,2,8,3,12,7,7,1,0,0
20000128-M-Australian_Open-SF-Pete_Sampras-Andre_Agassi,Pete Sampras,Total,32,2,47,19,16,40,28,15,18,1,0,0
20000128-M-Australian_Open-SF-Pete_Sampras-Andre_Agassi,Pete Sampras,1,25,0,23,16,3,32,0,0,0,0,0,0
20000128-M-Australian_Open-SF-Pete_Sampras-Andre_Agassi,Pete Sampras,2,7,2,24,3,13,8,28,15,18,1,0,0
20000128-M-Australian_Open-SF-Pete_Sampras-Andre_Agassi,Andre Agassi,Total,22,15,42,46,9,14,16,8,22,3,1,0
20000128-M-Australian_Open-SF-Pete_Sampras-Andre_Agassi,Andre Agassi,1,20,3,30,36,0,12,0,0,0,0,0,0
20000128-M-Australian_Open-SF-Pete_Sampras-Andre_Agassi,Andre Agassi,2,2,12,12,10,9,2,16,8,22,3,1,0
20000125-M-Australian_Open-QF-Pete_Sampras-Chris_Woodruff,Pete Sampras,Total,17,0,20,10,7,17,15,2,9,0,0,0
20000125-M-Australian_Open-QF-Pete_Sampras-Chris_Woodruff,Pete Sampras,1,15,0,11,6,0,13,0,0,0,0,0,0
20000125-M-Australian_Open-QF-Pete_Sampras-Chris_Woodruff,Pete Sampras,2,2,0,9,4,7,4,15,2,9,0,0,0
20000125-M-Australian_Open-QF-Pete_Sampras-Chris_Woodruff,Chris Woodruff,Total,8,19,26,24,8,17,15,3,23,0,0,0
20000125-M-Australian_Open-QF-Pete_Sampras-Chris_Woodruff,Chris Woodruff,1,7,3,21,17,5,12,0,0,0,0,0,0
20000125-M-Australian_Open-QF-Pete_Sampras-Chris_Woodruff,Chris Woodruff,2,1,16,5,7,3,5,15,3,23,0,0,0
20000125-M-Australian_Open-QF-Hicham_Arazi-Andre_Agassi,Hicham Arazi,Total,6,5,37,21,5,17,19,2,24,1,0,0
20000125-M-Australian_Open-QF-Hicham_Arazi-Andre_Agassi,Hicham Arazi,1,5,1,19,9,0,14,0,0,0,0,0,0
20000125-M-Australian_Open-QF-Hicham_Arazi-Andre_Agassi,Hicham Arazi,2,1,4,18,12,5,3,19,2,24,1,0,0
20000125-M-Australian_Open-QF-Hicham_Arazi-Andre_Agassi,Andre Agassi,Total,31,0,5,10,1,21,8,3,11,2,0,0
20000125-M-Australian_Open-QF-Hicham_Arazi-Andre_Agassi,Andre Agassi,1,24,0,4,4,0,13,0,0,0,0,0,0
20000125-M-Australian_Open-QF-Hicham_Arazi-Andre_Agassi,Andre Agassi,2,7,0,1,6,1,8,8,3,11,2,0,0
20000119-M-Australian_Open-R64-Pete_Sampras-Mikael_Tillstrom,Pete Sampras,Total,31,2,18,20,12,17,13,6,11,0,0,0
20000119-M-Australian_Open-R64-Pete_Sampras-Mikael_Tillstrom,Pete Sampras,1,23,1,14,16,4,13,0,0,0,0,0,0
20000119-M-Australian_Open-R64-Pete_Sampras-Mikael_Tillstrom,Pete Sampras,2,8,1,4,4,8,4,13,6,11,0,0,0
20000119-M-Australian_Open-R64-Pete_Sampras-Mikael_Tillstrom,Mikael Tillstrom,Total,13,13,15,15,9,13,17,2,21,0,0,0
20000119-M-Australian_Open-R64-Pete_Sampras-Mikael_Tillstrom,Mikael Tillstrom,1,8,5,10,10,4,9,0,0,0,0,0,0
20000119-M-Australian_Open-R64-Pete_Sampras-Mikael_Tillstrom,Mikael Tillstrom,2,5,8,5,5,5,4,17,2,21,0,0,0
20000119-M-Australian_Open-R64-Jan_Kroslak-Roger_Federer,Jan Kroslak,Total,22,6,25,22,10,20,17,7,17,1,0,0
20000119-M-Australian_Open-R64-Jan_Kroslak-Roger_Federer,Jan Kroslak,1,14,2,18,12,6,16,0,0,0,0,0,0
20000119-M-Australian_Open-R64-Jan_Kroslak-Roger_Federer,Jan Kroslak,2,8,4,7,10,4,4,17,7,17,1,0,0
20000119-M-Australian_Open-R64-Jan_Kroslak-Roger_Federer,Roger Federer,Total,23,5,28,35,5,10,22,7,14,4,0,0
20000119-M-Australian_Open-R64-Jan_Kroslak-Roger_Federer,Roger Federer,1,17,3,14,20,0,9,0,0,0,0,0,0
20000119-M-Australian_Open-R64-Jan_Kroslak-Roger_Federer,Roger Federer,2,6,2,14,15,5,1,22,7,14,4,0,0
19990912-M-US_Open-F-Todd_Martin-Andre_Agassi,Todd Martin,Total,46,7,23,36,5,25,18,14,27,4,0,0
19990912-M-US_Open-F-Todd_Martin-Andre_Agassi,Todd Martin,1,23,2,19,19,4,19,0,0,0,0,0,0
19990912-M-US_Open-F-Todd_Martin-Andre_Agassi,Todd Martin,2,23,5,4,17,1,6,18,14,27,4,0,0
19990912-M-US_Open-F-Todd_Martin-Andre_Agassi,Andre Agassi,Total,50,9,20,50,1,21,26,7,22,3,0,0
19990912-M-US_Open-F-Todd_Martin-Andre_Agassi,Andre Agassi,1,35,1,18,28,1,14,0,0,0,0,0,0
19990912-M-US_Open-F-Todd_Martin-Andre_Agassi,Andre Agassi,2,15,8,2,22,0,7,26,7,22,3,0,0
19990908-M-US_Open-QF-Yevgeny_Kafelnikov-Richard_Krajicek,Yevgeny Kafelnikov,Total,29,26,30,51,12,10,44,8,32,0,0,0
19990908-M-US_Open-QF-Yevgeny_Kafelnikov-Richard_Krajicek,Yevgeny Kafelnikov,1,22,1,18,29,0,10,0,0,0,0,0,0
19990908-M-US_Open-QF-Yevgeny_Kafelnikov-Richard_Krajicek,Yevgeny Kafelnikov,2,7,25,12,22,12,0,44,8,32,0,0,0
19990908-M-US_Open-QF-Yevgeny_Kafelnikov-Richard_Krajicek,Richard Krajicek,Total,22,21,51,34,20,30,28,24,32,4,0,0
19990908-M-US_Open-QF-Yevgeny_Kafelnikov-Richard_Krajicek,Richard Krajicek,1,19,0,35,20,3,26,0,0,0,0,0,0
19990908-M-US_Open-QF-Yevgeny_Kafelnikov-Richard_Krajicek,Richard Krajicek,2,3,21,16,14,17,4,28,24,32,4,0,0
19990908-M-US_Open-QF-Cedric_Pioline-Gustavo_Kuerten,Cedric Pioline,Total,35,17,34,46,13,14,26,14,26,4,0,0
19990908-M-US_Open-QF-Cedric_Pioline-Gustavo_Kuerten,Cedric Pioline,1,29,5,19,26,2,12,0,0,0,0,0,0
19990908-M-US_Open-QF-Cedric_Pioline-Gustavo_Kuerten,Cedric Pioline,2,6,12,15,20,11,2,26,14,26,4,0,0
19990908-M-US_Open-QF-Cedric_Pioline-Gustavo_Kuerten,Gustavo Kuerten,Total,30,9,48,62,11,11,19,20,26,14,2,3
19990908-M-US_Open-QF-Cedric_Pioline-Gustavo_Kuerten,Gustavo Kuerten,1,25,1,26,33,0,7,0,0,0,0,0,0
19990908-M-US_Open-QF-Cedric_Pioline-Gustavo_Kuerten,Gustavo Kuerten,2,5,8,22,29,11,4,19,20,26,14,2,3
19990904-M-US_Open-SF-Yevgeny_Kafelnikov-Andre_Agassi,Yevgeny Kafelnikov,Total,21,14,24,26,12,18,35,6,12,1,0,0
19990904-M-US_Open-SF-Yevgeny_Kafelnikov-Andre_Agassi,Yevgeny Kafelnikov,1,18,0,12,14,3,17,0,0,0,0,0,0
19990904-M-US_Open-SF-Yevgeny_Kafelnikov-Andre_Agassi,Yevgeny Kafelnikov,2,3,14,12,12,9,1,35,6,12,1,0,0
19990904-M-US_Open-SF-Yevgeny_Kafelnikov-Andre_Agassi,Andre Agassi,Total,22,9,21,22,8,19,31,4,15,3,0,0
19990904-M-US_Open-SF-Yevgeny_Kafelnikov-Andre_Agassi,Andre Agassi,1,12,2,11,11,2,13,0,0,0,0,0,0
19990904-M-US_Open-SF-Yevgeny_Kafelnikov-Andre_Agassi,Andre Agassi,2,10,7,10,11,6,6,31,4,15,3,0,0
19990904-M-US_Open-SF-Todd_Martin-Cedric_Pioline,Todd Martin,Total,11,16,16,14,13,13,14,3,13,3,0,0
19990904-M-US_Open-SF-Todd_Martin-Cedric_Pioline,Todd Martin,1,9,5,11,13,4,12,0,0,0,0,0,0
19990904-M-US_Open-SF-Todd_Martin-Cedric_Pioline,Todd Martin,2,2,11,5,1,9,1,14,3,13,3,0,0
19990904-M-US_Open-SF-Todd_Martin-Cedric_Pioline,Cedric Pioline,Total,8,17,10,7,18,9,24,2,8,2,0,0
19990904-M-US_Open-SF-Todd_Martin-Cedric_Pioline,Cedric Pioline,1,8,2,6,6,6,6,0,0,0,0,0,0
19990904-M-US_Open-SF-Todd_Martin-Cedric_Pioline,Cedric Pioline,2,0,15,4,1,12,3,24,2,8,2,0,0
19990131-M-Australian_Open-F-Yevgeny_Kafelnikov-Thomas_Enqvist,Yevgeny Kafelnikov,Total,41,10,16,37,3,24,28,9,21,1,0,0
19990131-M-Australian_Open-F-Yevgeny_Kafelnikov-Thomas_Enqvist,Yevgeny Kafelnikov,1,27,2,12,18,1,19,0,0,0,0,0,0
19990131-M-Australian_Open-F-Yevgeny_Kafelnikov-Thomas_Enqvist,Yevgeny Kafelnikov,2,14,8,4,19,2,5,28,9,21,1,0,0
19990131-M-Australian_Open-F-Yevgeny_Kafelnikov-Thomas_Enqvist,Thomas Enqvist,Total,29,12,16,34,4,14,26,5,18,3,0,0
19990131-M-Australian_Open-F-Yevgeny_Kafelnikov-Thomas_Enqvist,Thomas Enqvist,1,20,4,11,12,3,14,0,0,0,0,0,0
19990131-M-Australian_Open-F-Yevgeny_Kafelnikov-Thomas_Enqvist,Thomas Enqvist,2,9,8,5,22,1,0,26,5,18,3,0,0
19990129-M-Australian_Open-SF-Yevgeny_Kafelnikov-Tommy_Haas,Yevgeny Kafelnikov,Total,24,6,18,26,6,10,21,1,16,4,0,0
19990129-M-Australian_Open-SF-Yevgeny_Kafelnikov-Tommy_Haas,Yevgeny Kafelnikov,1,20,0,6,14,0,10,0,0,0,0,0,0
19990129-M-Australian_Open-SF-Yevgeny_Kafelnikov-Tommy_Haas,Yevgeny Kafelnikov,2,4,6,12,12,6,0,21,1,16,4,0,0
19990129-M-Australian_Open-SF-Yevgeny_Kafelnikov-Tommy_Haas,Tommy Haas,Total,12,9,27,24,2,16,18,3,15,2,0,0
19990129-M-Australian_Open-SF-Yevgeny_Kafelnikov-Tommy_Haas,Tommy Haas,1,8,2,19,13,0,11,0,0,0,0,0,0
19990129-M-Australian_Open-SF-Yevgeny_Kafelnikov-Tommy_Haas,Tommy Haas,2,4,7,8,11,2,5,18,3,15,2,0,0
19990129-M-Australian_Open-SF-Nicolas_Lapentti-Thomas_Enqvist,Nicolas Lapentti,Total,11,10,25,20,12,10,18,10,13,0,0,0
19990129-M-Australian_Open-SF-Nicolas_Lapentti-Thomas_Enqvist,Nicolas Lapentti,1,8,1,19,15,3,7,0,0,0,0,0,0
19990129-M-Australian_Open-SF-Nicolas_Lapentti-Thomas_Enqvist,Nicolas Lapentti,2,3,9,6,5,9,3,18,10,13,0,0,0
19990129-M-Australian_Open-SF-Nicolas_Lapentti-Thomas_Enqvist,Thomas Enqvist,Total,18,5,17,18,8,11,22,1,11,2,0,0
19990129-M-Australian_Open-SF-Nicolas_Lapentti-Thomas_Enqvist,Thomas Enqvist,1,15,0,14,4,0,11,0,0,0,0,0,0
19990129-M-Australian_Open-SF-Nicolas_Lapentti-Thomas_Enqvist,Thomas Enqvist,2,3,5,3,14,8,0,22,1,11,2,0,0
19990122-M-Australian_Open-R32-Todd_Martin-Petr_Korda,Todd Martin,Total,46,16,25,36,9,29,18,17,26,0,0,0
19990122-M-Australian_Open-R32-Todd_Martin-Petr_Korda,Todd Martin,1,29,7,22,20,4,25,0,0,0,0,0,0
19990122-M-Australian_Open-R32-Todd_Martin-Petr_Korda,Todd Martin,2,17,9,3,16,5,4,18,17,26,0,0,0
19990122-M-Australian_Open-R32-Todd_Martin-Petr_Korda,Petr Korda,Total,31,9,50,55,10,16,34,5,31,0,0,0
19990122-M-Australian_Open-R32-Todd_Martin-Petr_Korda,Petr Korda,1,20,3,28,41,5,14,0,0,0,0,0,0
19990122-M-Australian_Open-R32-Todd_Martin-Petr_Korda,Petr Korda,2,11,6,22,14,5,2,34,5,31,0,0,0
19980913-M-US_Open-F-Patrick_Rafter-Mark_Philippoussis,Patrick Rafter,Total,14,9,23,26,7,7,7,6,11,1,0,0
19980913-M-US_Open-F-Patrick_Rafter-Mark_Philippoussis,Patrick Rafter,1,11,5,15,22,3,6,0,0,0,0,0,0
19980913-M-US_Open-F-Patrick_Rafter-Mark_Philippoussis,Patrick Rafter,2,3,4,8,4,4,1,7,6,11,1,0,0
19980913-M-US_Open-F-Patrick_Rafter-Mark_Philippoussis,Mark Philippoussis,Total,25,14,20,39,2,16,26,9,25,3,0,2
19980913-M-US_Open-F-Patrick_Rafter-Mark_Philippoussis,Mark Philippoussis,1,18,6,11,19,0,11,0,0,0,0,0,1
19980913-M-US_Open-F-Patrick_Rafter-Mark_Philippoussis,Mark Philippoussis,2,7,8,9,20,2,5,26,9,25,3,0,1
19980912-M-US_Open-SF-Patrick_Rafter-Pete_Sampras,Patrick Rafter,Total,19,23,32,25,26,10,23,14,19,3,0,0
19980912-M-US_Open-SF-Patrick_Rafter-Pete_Sampras,Patrick Rafter,1,15,12,18,18,12,7,0,0,0,0,0,0
19980912-M-US_Open-SF-Patrick_Rafter-Pete_Sampras,Patrick Rafter,2,4,11,14,7,14,3,23,14,19,3,0,0
19980912-M-US_Open-SF-Patrick_Rafter-Pete_Sampras,Pete Sampras,Total,20,8,53,21,28,25,47,14,28,6,0,0
19980912-M-US_Open-SF-Patrick_Rafter-Pete_Sampras,Pete Sampras,1,12,0,21,17,5,21,0,0,0,0,0,0
19980912-M-US_Open-SF-Patrick_Rafter-Pete_Sampras,Pete Sampras,2,8,8,32,4,23,4,47,14,28,6,0,0
19980912-M-US_Open-SF-Mark_Philippoussis-Carlos_Moya,Mark Philippoussis,Total,29,5,25,26,4,22,24,8,14,2,0,0
19980912-M-US_Open-SF-Mark_Philippoussis-Carlos_Moya,Mark Philippoussis,1,19,2,17,15,2,19,0,0,0,0,0,0
19980912-M-US_Open-SF-Mark_Philippoussis-Carlos_Moya,Mark Philippoussis,2,10,3,8,11,2,3,24,8,14,2,0,0
19980912-M-US_Open-SF-Mark_Philippoussis-Carlos_Moya,Carlos Moya,Total,11,11,37,37,9,8,15,2,31,2,3,0
19980912-M-US_Open-SF-Mark_Philippoussis-Carlos_Moya,Carlos Moya,1,10,6,15,24,4,6,1,0,0,0,0,0
19980912-M-US_Open-SF-Mark_Philippoussis-Carlos_Moya,Carlos Moya,2,1,5,22,13,5,2,14,2,31,2,3,0
19980910-M-US_Open-QF-Mark_Philippoussis-Thomas_Johansson,Mark Philippoussis,Total,39,15,22,36,3,36,25,14,19,0,0,0
19980910-M-US_Open-QF-Mark_Philippoussis-Thomas_Johansson,Mark Philippoussis,1,27,6,15,20,3,28,0,0,0,0,0,0
19980910-M-US_Open-QF-Mark_Philippoussis-Thomas_Johansson,Mark Philippoussis,2,12,9,7,16,0,8,25,14,19,0,0,0
19980910-M-US_Open-QF-Mark_Philippoussis-Thomas_Johansson,Thomas Johansson,Total,29,20,37,52,10,17,48,7,41,2,0,1
19980910-M-US_Open-QF-Mark_Philippoussis-Thomas_Johansson,Thomas Johansson,1,22,5,19,21,2,13,0,0,0,0,0,0
19980910-M-US_Open-QF-Mark_Philippoussis-Thomas_Johansson,Thomas Johansson,2,7,15,18,31,8,4,48,7,41,2,0,1
19980909-M-US_Open-QF-Patrick_Rafter-Jonas_Bjorkman,Patrick Rafter,Total,13,25,9,12,27,6,13,5,4,3,0,0
19980909-M-US_Open-QF-Patrick_Rafter-Jonas_Bjorkman,Patrick Rafter,1,10,15,7,9,20,6,0,0,0,0,0,0
19980909-M-US_Open-QF-Patrick_Rafter-Jonas_Bjorkman,Patrick Rafter,2,3,10,2,3,7,0,13,5,4,3,0,0
19980909-M-US_Open-QF-Patrick_Rafter-Jonas_Bjorkman,Jonas Bjorkman,Total,18,15,12,12,17,15,13,3,7,1,0,0
19980909-M-US_Open-QF-Patrick_Rafter-Jonas_Bjorkman,Jonas Bjorkman,1,14,9,9,10,10,14,0,0,0,0,0,0
19980909-M-US_Open-QF-Patrick_Rafter-Jonas_Bjorkman,Jonas Bjorkman,2,4,6,3,2,7,1,13,3,7,1,0,0
19980901-M-US_Open-R128-Todd_Martin-Jeff_Tarango,Todd Martin,Total,28,7,14,20,5,19,19,10,2,0,0,0
19980901-M-US_Open-R128-Todd_Martin-Jeff_Tarango,Todd Martin,1,18,3,12,15,2,14,0,0,0,0,0,0
19980901-M-US_Open-R128-Todd_Martin-Jeff_Tarango,Todd Martin,2,10,4,2,5,3,5,19,10,2,0,0,0
19980901-M-US_Open-R128-Todd_Martin-Jeff_Tarango,Jeff Tarango,Total,8,12,30,14,21,11,17,3,19,2,0,0
19980901-M-US_Open-R128-Todd_Martin-Jeff_Tarango,Jeff Tarango,1,5,3,20,12,10,8,0,0,0,0,0,0
19980901-M-US_Open-R128-Todd_Martin-Jeff_Tarango,Jeff Tarango,2,3,9,10,2,11,3,17,3,19,2,0,0
19980201-M-Australian_Open-F-Petr_Korda-Marcelo_Rios,Petr Korda,Total,20,2,19,20,2,14,23,5,11,2,0,0
19980201-M-Australian_Open-F-Petr_Korda-Marcelo_Rios,Petr Korda,1,10,0,12,9,0,9,0,0,0,0,0,0
19980201-M-Australian_Open-F-Petr_Korda-Marcelo_Rios,Petr Korda,2,10,2,7,11,2,5,23,5,11,2,0,0
19980201-M-Australian_Open-F-Petr_Korda-Marcelo_Rios,Marcelo Rios,Total,25,0,12,22,2,10,18,6,7,3,0,0
19980201-M-Australian_Open-F-Petr_Korda-Marcelo_Rios,Marcelo Rios,1,12,0,10,12,0,7,0,0,0,0,0,0
19980201-M-Australian_Open-F-Petr_Korda-Marcelo_Rios,Marcelo Rios,2,13,0,2,10,2,3,18,6,7,3,0,0
19980131-M-Australian_Open-SF-Petr_Korda-Karol_Kucera,Petr Korda,Total,14,9,33,37,7,7,20,7,22,1,0,0
19980131-M-Australian_Open-SF-Petr_Korda-Karol_Kucera,Petr Korda,1,9,4,19,21,2,5,0,0,0,0,0,0
19980131-M-Australian_Open-SF-Petr_Korda-Karol_Kucera,Petr Korda,2,5,5,14,16,5,2,20,7,22,1,0,0
19980131-M-Australian_Open-SF-Petr_Korda-Karol_Kucera,Karol Kucera,Total,43,3,8,13,1,37,21,8,21,5,0,0
19980131-M-Australian_Open-SF-Petr_Korda-Karol_Kucera,Karol Kucera,1,25,1,8,13,0,11,0,0,0,0,0,0
19980131-M-Australian_Open-SF-Petr_Korda-Karol_Kucera,Karol Kucera,2,18,2,0,0,1,26,21,8,21,5,0,0
19980131-M-Australian_Open-SF-Marcelo_Rios-Nicolas_Escude,Marcelo Rios,Total,12,4,22,19,2,13,11,3,11,1,0,0
19980131-M-Australian_Open-SF-Marcelo_Rios-Nicolas_Escude,Marcelo Rios,1,9,1,14,10,1,11,0,0,0,0,0,0
19980131-M-Australian_Open-SF-Marcelo_Rios-Nicolas_Escude,Marcelo Rios,2,3,3,8,9,1,2,11,3,11,1,0,0
19980131-M-Australian_Open-SF-Marcelo_Rios-Nicolas_Escude,Nicolas Escude,Total,15,8,18,14,15,8,21,3,14,1,0,0
19980131-M-Australian_Open-SF-Marcelo_Rios-Nicolas_Escude,Nicolas Escude,1,8,1,12,10,3,8,0,0,0,0,0,0
19980131-M-Australian_Open-SF-Marcelo_Rios-Nicolas_Escude,Nicolas Escude,2,7,7,6,4,12,0,21,3,14,1,0,0
19980128-M-Australian_Open-QF-Marcelo_Rios-Alberto_Berasategui,Marcelo Rios,Total,24,2,38,52,2,3,15,20,17,4,1,1
19980128-M-Australian_Open-QF-Marcelo_Rios-Alberto_Berasategui,Marcelo Rios,1,12,1,23,30,0,3,0,0,0,0,0,0
19980128-M-Australian_Open-QF-Marcelo_Rios-Alberto_Berasategui,Marcelo Rios,2,12,1,15,22,2,0,15,20,17,4,1,1
19980128-M-Australian_Open-QF-Marcelo_Rios-Alberto_Berasategui,Alberto Berasategui,Total,55,2,22,2,1,73,14,9,9,1,0,0
19980128-M-Australian_Open-QF-Marcelo_Rios-Alberto_Berasategui,Alberto Berasategui,1,41,2,20,2,0,62,0,0,0,0,0,0
19980128-M-Australian_Open-QF-Marcelo_Rios-Alberto_Berasategui,Alberto Berasategui,2,14,0,2,0,1,11,14,9,9,1,0,0
19970907-M-US_Open-F-Patrick_Rafter-Greg_Rusedski,Patrick Rafter,Total,30,14,11,18,8,24,15,8,20,0,0,0
19970907-M-US_Open-F-Patrick_Rafter-Greg_Rusedski,Patrick Rafter,1,17,9,5,12,4,20,0,0,0,0,0,0
19970907-M-US_Open-F-Patrick_Rafter-Greg_Rusedski,Patrick Rafter,2,13,5,6,6,4,4,15,8,20,0,0,0
19970907-M-US_Open-F-Patrick_Rafter-Greg_Rusedski,Greg Rusedski,Total,39,5,18,37,1,23,19,12,21,1,0,0
19970907-M-US_Open-F-Patrick_Rafter-Greg_Rusedski,Greg Rusedski,1,19,1,15,26,1,12,0,0,0,0,0,0
19970907-M-US_Open-F-Patrick_Rafter-Greg_Rusedski,Greg Rusedski,2,20,4,3,11,0,11,19,12,21,1,0,0
19970906-M-US_Open-SF-Greg_Rusedski-Jonas_Bjorkman,Greg Rusedski,Total,32,18,15,23,12,27,24,7,16,0,0,0
19970906-M-US_Open-SF-Greg_Rusedski-Jonas_Bjorkman,Greg Rusedski,1,22,8,13,22,4,15,0,0,0,0,0,0
19970906-M-US_Open-SF-Greg_Rusedski-Jonas_Bjorkman,Greg Rusedski,2,10,10,2,1,8,12,24,7,16,0,0,0
19970906-M-US_Open-SF-Greg_Rusedski-Jonas_Bjorkman,Jonas Bjorkman,Total,30,30,6,11,23,26,20,8,17,2,0,0
19970906-M-US_Open-SF-Greg_Rusedski-Jonas_Bjorkman,Jonas Bjorkman,1,25,13,4,7,10,21,0,0,0,0,0,0
19970906-M-US_Open-SF-Greg_Rusedski-Jonas_Bjorkman,Jonas Bjorkman,2,5,17,2,4,13,5,20,8,17,2,0,0
19970905-M-US_Open-SF-Michael_Chang-Patrick_Rafter,Michael Chang,Total,19,7,20,10,13,18,13,5,14,1,0,0
19970905-M-US_Open-SF-Michael_Chang-Patrick_Rafter,Michael Chang,1,10,0,19,7,4,16,0,0,0,0,0,0
19970905-M-US_Open-SF-Michael_Chang-Patrick_Rafter,Michael Chang,2,9,7,1,3,9,2,13,5,14,1,0,0
19970905-M-US_Open-SF-Michael_Chang-Patrick_Rafter,Patrick Rafter,Total,16,16,15,11,17,13,12,9,13,0,0,0
19970905-M-US_Open-SF-Michael_Chang-Patrick_Rafter,Patrick Rafter,1,15,7,9,8,10,9,0,0,0,0,0,0
19970905-M-US_Open-SF-Michael_Chang-Patrick_Rafter,Patrick Rafter,2,1,9,6,3,7,4,12,9,13,0,0,0
19970903-M-US_Open-R16-Patrick_Rafter-Andre_Agassi,Patrick Rafter,Total,23,24,33,36,22,18,41,11,22,4,0,0
19970903-M-US_Open-R16-Patrick_Rafter-Andre_Agassi,Patrick Rafter,1,16,6,21,20,11,12,0,0,0,0,0,0
19970903-M-US_Open-R16-Patrick_Rafter-Andre_Agassi,Patrick Rafter,2,7,18,12,16,11,6,41,11,22,4,0,0
19970903-M-US_Open-R16-Patrick_Rafter-Andre_Agassi,Andre Agassi,Total,28,6,27,37,3,13,17,8,23,1,0,0
19970903-M-US_Open-R16-Patrick_Rafter-Andre_Agassi,Andre Agassi,1,23,1,13,22,2,12,0,0,0,0,0,0
19970903-M-US_Open-R16-Patrick_Rafter-Andre_Agassi,Andre Agassi,2,5,5,14,15,1,1,17,8,23,1,0,0
19970903-M-US_Open-QF-Patrick_Rafter-Magnus_Larsson,Patrick Rafter,Total,24,5,20,22,11,12,8,11,16,6,0,1
19970903-M-US_Open-QF-Patrick_Rafter-Magnus_Larsson,Patrick Rafter,1,19,4,9,11,6,10,0,0,0,0,0,0
19970903-M-US_Open-QF-Patrick_Rafter-Magnus_Larsson,Patrick Rafter,2,5,1,11,11,5,2,8,11,16,6,0,1
19970903-M-US_Open-QF-Patrick_Rafter-Magnus_Larsson,Magnus Larsson,Total,16,15,16,24,14,4,13,4,13,5,0,0
19970903-M-US_Open-QF-Patrick_Rafter-Magnus_Larsson,Magnus Larsson,1,11,9,10,16,7,4,0,0,0,0,0,0
19970903-M-US_Open-QF-Patrick_Rafter-Magnus_Larsson,Magnus Larsson,2,5,6,6,8,7,0,13,4,13,5,0,0
19970901-M-US_Open-R16-Petr_Korda-Pete_Sampras,Petr Korda,Total,18,28,38,53,16,7,34,6,16,0,0,0
19970901-M-US_Open-R16-Petr_Korda-Pete_Sampras,Petr Korda,1,13,15,27,38,8,7,0,0,0,0,0,0
19970901-M-US_Open-R16-Petr_Korda-Pete_Sampras,Petr Korda,2,5,13,11,15,8,0,34,6,16,0,0,0
19970901-M-US_Open-R16-Petr_Korda-Pete_Sampras,Pete Sampras,Total,70,11,13,26,23,35,29,12,35,2,0,1
19970901-M-US_Open-R16-Petr_Korda-Pete_Sampras,Pete Sampras,1,30,5,13,18,8,30,0,0,0,0,0,0
19970901-M-US_Open-R16-Petr_Korda-Pete_Sampras,Pete Sampras,2,40,6,0,8,15,5,29,12,35,2,0,1
19970126-M-Australian_Open-F-Pete_Sampras-Carlos_Moya,Pete Sampras,Total,20,1,17,7,0,24,8,4,9,0,0,0
19970126-M-Australian_Open-F-Pete_Sampras-Carlos_Moya,Pete Sampras,1,15,1,13,4,0,17,0,0,0,0,0,0
19970126-M-Australian_Open-F-Pete_Sampras-Carlos_Moya,Pete Sampras,2,5,0,4,3,0,7,8,4,9,0,0,0
19970126-M-Australian_Open-F-Pete_Sampras-Carlos_Moya,Carlos Moya,Total,15,9,15,28,2,7,14,2,14,0,0,0
19970126-M-Australian_Open-F-Pete_Sampras-Carlos_Moya,Carlos Moya,1,9,3,10,20,1,6,0,0,0,0,0,0
19970126-M-Australian_Open-F-Pete_Sampras-Carlos_Moya,Carlos Moya,2,6,6,5,8,1,1,14,2,14,0,0,0
19970125-M-Australian_Open-SF-Pete_Sampras-Thomas_Muster,Pete Sampras,Total,28,1,19,19,0,24,14,7,8,3,0,0
19970125-M-Australian_Open-SF-Pete_Sampras-Thomas_Muster,Pete Sampras,1,15,1,19,13,0,15,0,0,0,0,0,0
19970125-M-Australian_Open-SF-Pete_Sampras-Thomas_Muster,Pete Sampras,2,13,0,0,6,0,9,14,7,8,3,0,0
19970125-M-Australian_Open-SF-Pete_Sampras-Thomas_Muster,Thomas Muster,Total,6,8,36,29,8,7,18,6,12,2,0,0
19970125-M-Australian_Open-SF-Pete_Sampras-Thomas_Muster,Thomas Muster,1,5,5,24,18,2,5,0,0,0,0,0,0
19970125-M-Australian_Open-SF-Pete_Sampras-Thomas_Muster,Thomas Muster,2,1,3,12,11,6,2,18,6,12,2,0,0
19970124-M-Australian_Open-SF-Michael_Chang-Carlos_Moya,Michael Chang,Total,29,6,26,22,12,23,30,11,19,1,0,0
19970124-M-Australian_Open-SF-Michael_Chang-Carlos_Moya,Michael Chang,1,16,0,15,14,3,14,0,0,0,0,0,0
19970124-M-Australian_Open-SF-Michael_Chang-Carlos_Moya,Michael Chang,2,13,6,11,8,9,9,30,11,19,1,0,0
19970124-M-Australian_Open-SF-Michael_Chang-Carlos_Moya,Carlos Moya,Total,14,16,14,16,17,9,19,3,13,0,0,0
19970124-M-Australian_Open-SF-Michael_Chang-Carlos_Moya,Carlos Moya,1,11,6,6,16,5,8,0,0,0,0,0,0
19970124-M-Australian_Open-SF-Michael_Chang-Carlos_Moya,Carlos Moya,2,3,10,8,0,12,1,19,3,13,0,0,0
19970120-M-Australian_Open-R16-Dominik_Hrbaty-Pete_Sampras,Dominik Hrbaty,Total,17,26,33,40,14,16,48,6,23,1,0,0
19970120-M-Australian_Open-R16-Dominik_Hrbaty-Pete_Sampras,Dominik Hrbaty,1,15,9,17,22,7,11,0,0,0,0,0,0
19970120-M-Australian_Open-R16-Dominik_Hrbaty-Pete_Sampras,Dominik Hrbaty,2,2,17,16,18,7,5,48,6,23,1,0,0
19970120-M-Australian_Open-R16-Dominik_Hrbaty-Pete_Sampras,Pete Sampras,Total,42,8,24,36,5,23,25,12,19,0,0,0
19970120-M-Australian_Open-R16-Dominik_Hrbaty-Pete_Sampras,Pete Sampras,1,22,1,23,26,0,18,0,0,0,0,0,0
19970120-M-Australian_Open-R16-Dominik_Hrbaty-Pete_Sampras,Pete Sampras,2,20,7,1,10,5,5,25,12,19,0,0,0
19970113-M-Australian_Open-R128-Carlos_Moya-Boris_Becker,Carlos Moya,Total,19,22,33,31,19,18,27,4,25,0,2,0
19970113-M-Australian_Open-R128-Carlos_Moya-Boris_Becker,Carlos Moya,1,15,12,14,21,12,17,0,0,0,0,0,0
19970113-M-Australian_Open-R128-Carlos_Moya-Boris_Becker,Carlos Moya,2,4,10,19,10,7,1,27,4,25,0,2,0
19970113-M-Australian_Open-R128-Carlos_Moya-Boris_Becker,Boris Becker,Total,31,15,30,34,13,24,28,12,48,1,0,0
19970113-M-Australian_Open-R128-Carlos_Moya-Boris_Becker,Boris Becker,1,19,2,23,12,2,15,0,0,0,0,0,0
19970113-M-Australian_Open-R128-Carlos_Moya-Boris_Becker,Boris Becker,2,12,13,7,22,11,9,28,12,48,1,0,0
19960908-M-US_Open-F-Pete_Sampras-Michael_Chang,Pete Sampras,Total,30,6,13,18,3,25,12,12,23,0,0,0
19960908-M-US_Open-F-Pete_Sampras-Michael_Chang,Pete Sampras,1,17,1,13,6,0,15,0,0,0,0,0,0
19960908-M-US_Open-F-Pete_Sampras-Michael_Chang,Pete Sampras,2,13,5,0,12,3,10,12,12,23,0,0,0
19960908-M-US_Open-F-Pete_Sampras-Michael_Chang,Michael Chang,Total,16,8,16,21,1,12,24,8,9,1,0,0
19960908-M-US_Open-F-Pete_Sampras-Michael_Chang,Michael Chang,1,8,0,10,6,1,10,0,0,0,0,0,0
19960908-M-US_Open-F-Pete_Sampras-Michael_Chang,Michael Chang,2,8,8,6,15,0,2,24,8,9,1,0,0
19960907-M-US_Open-SF-Pete_Sampras-Goran_Ivanisevic,Pete Sampras,Total,34,13,20,12,16,36,26,6,21,2,0,1
19960907-M-US_Open-SF-Pete_Sampras-Goran_Ivanisevic,Pete Sampras,1,26,0,20,8,4,22,0,0,0,0,0,0
19960907-M-US_Open-SF-Pete_Sampras-Goran_Ivanisevic,Pete Sampras,2,8,13,0,4,12,14,26,6,21,2,0,1
19960907-M-US_Open-SF-Pete_Sampras-Goran_Ivanisevic,Goran Ivanisevic,Total,8,10,38,21,15,18,27,2,18,8,0,1
19960907-M-US_Open-SF-Pete_Sampras-Goran_Ivanisevic,Goran Ivanisevic,1,6,0,24,16,1,12,0,0,0,0,0,0
19960907-M-US_Open-SF-Pete_Sampras-Goran_Ivanisevic,Goran Ivanisevic,2,2,10,14,5,14,6,27,2,18,8,0,1
19960907-M-US_Open-SF-Michael_Chang-Andre_Agassi,Michael Chang,Total,19,17,14,18,19,10,24,11,15,2,1,0
19960907-M-US_Open-SF-Michael_Chang-Andre_Agassi,Michael Chang,1,13,0,11,14,1,8,0,0,0,0,0,0
19960907-M-US_Open-SF-Michael_Chang-Andre_Agassi,Michael Chang,2,6,17,3,4,18,2,24,11,15,2,1,0
19960907-M-US_Open-SF-Michael_Chang-Andre_Agassi,Andre Agassi,Total,12,0,29,25,4,10,21,2,13,3,0,0
19960907-M-US_Open-SF-Michael_Chang-Andre_Agassi,Andre Agassi,1,9,0,12,14,2,8,0,0,0,0,0,0
19960907-M-US_Open-SF-Michael_Chang-Andre_Agassi,Andre Agassi,2,3,0,17,11,2,2,21,2,13,3,0,0
19960905-M-US_Open-QF-Pete_Sampras-Alex_Corretja,Pete Sampras,Total,33,7,46,64,8,13,36,15,15,7,0,0
19960905-M-US_Open-QF-Pete_Sampras-Alex_Corretja,Pete Sampras,1,23,3,24,41,2,10,0,0,0,0,0,0
19960905-M-US_Open-QF-Pete_Sampras-Alex_Corretja,Pete Sampras,2,10,4,22,23,6,3,36,15,15,7,0,0
19960905-M-US_Open-QF-Pete_Sampras-Alex_Corretja,Alex Corretja,Total,27,17,49,56,18,14,23,12,25,6,0,1
19960905-M-US_Open-QF-Pete_Sampras-Alex_Corretja,Alex Corretja,1,27,9,27,33,8,13,0,0,0,0,0,0
19960905-M-US_Open-QF-Pete_Sampras-Alex_Corretja,Alex Corretja,2,0,8,22,23,10,1,23,12,25,6,0,1
19960904-M-US_Open-QF-Goran_Ivanisevic-Stefan_Edberg,Goran Ivanisevic,Total,11,3,42,18,6,27,26,7,12,4,1,3
19960904-M-US_Open-QF-Goran_Ivanisevic-Stefan_Edberg,Goran Ivanisevic,1,7,0,18,12,0,21,0,0,0,0,0,0
19960904-M-US_Open-QF-Goran_Ivanisevic-Stefan_Edberg,Goran Ivanisevic,2,4,3,24,6,6,6,26,7,12,4,1,3
19960904-M-US_Open-QF-Goran_Ivanisevic-Stefan_Edberg,Stefan Edberg,Total,30,16,14,11,8,40,27,11,20,6,1,0
19960904-M-US_Open-QF-Goran_Ivanisevic-Stefan_Edberg,Stefan Edberg,1,18,9,11,7,1,20,1,0,0,0,0,0
19960904-M-US_Open-QF-Goran_Ivanisevic-Stefan_Edberg,Stefan Edberg,2,12,7,3,4,7,20,26,11,20,6,1,0
19960903-M-US_Open-R16-Tim_Henman-Stefan_Edberg,Tim Henman,Total,19,31,30,49,9,15,34,11,40,5,0,2
19960903-M-US_Open-R16-Tim_Henman-Stefan_Edberg,Tim Henman,1,10,2,15,27,2,13,0,0,0,0,0,0
19960903-M-US_Open-R16-Tim_Henman-Stefan_Edberg,Tim Henman,2,9,29,15,22,7,2,34,11,40,5,0,2
19960903-M-US_Open-R16-Tim_Henman-Stefan_Edberg,Stefan Edberg,Total,19,13,37,43,9,14,23,6,17,2,0,2
19960903-M-US_Open-R16-Tim_Henman-Stefan_Edberg,Stefan Edberg,1,14,9,18,30,8,8,0,0,0,0,0,0
19960903-M-US_Open-R16-Tim_Henman-Stefan_Edberg,Stefan Edberg,2,5,4,19,13,1,6,23,6,17,2,0,2
19960831-M-US_Open-R32-Paul_Haarhuis-Stefan_Edberg,Paul Haarhuis,Total,16,12,15,31,2,9,21,3,12,1,0,2
19960831-M-US_Open-R32-Paul_Haarhuis-Stefan_Edberg,Paul Haarhuis,1,14,9,6,8,1,9,0,0,0,0,0,0
19960831-M-US_Open-R32-Paul_Haarhuis-Stefan_Edberg,Paul Haarhuis,2,2,3,9,23,1,0,21,3,12,1,0,2
19960831-M-US_Open-R32-Paul_Haarhuis-Stefan_Edberg,Stefan Edberg,Total,19,11,18,34,3,7,19,6,7,2,1,0
19960831-M-US_Open-R32-Paul_Haarhuis-Stefan_Edberg,Stefan Edberg,1,14,3,12,23,1,5,0,0,0,0,0,0
19960831-M-US_Open-R32-Paul_Haarhuis-Stefan_Edberg,Stefan Edberg,2,5,8,6,11,2,2,19,6,7,2,1,0
19960828-M-US_Open-R64-Leander_Paes-Andre_Agassi,Leander Paes,Total,22,22,14,34,13,10,19,6,18,2,2,0
19960828-M-US_Open-R64-Leander_Paes-Andre_Agassi,Leander Paes,1,17,8,9,22,7,8,0,0,0,0,0,0
19960828-M-US_Open-R64-Leander_Paes-Andre_Agassi,Leander Paes,2,5,14,5,12,6,2,19,6,18,2,2,0
19960828-M-US_Open-R64-Leander_Paes-Andre_Agassi,Andre Agassi,Total,12,4,45,38,0,20,25,5,13,4,0,0
19960828-M-US_Open-R64-Leander_Paes-Andre_Agassi,Andre Agassi,1,12,2,25,22,0,16,0,0,0,0,0,0
19960828-M-US_Open-R64-Leander_Paes-Andre_Agassi,Andre Agassi,2,0,2,20,16,0,4,25,5,13,4,0,0
19960827-M-US_Open-R128-Richard_Krajicek-Stefan_Edberg,Richard Krajicek,Total,11,11,23,27,8,6,18,7,21,0,0,0
19960827-M-US_Open-R128-Richard_Krajicek-Stefan_Edberg,Richard Krajicek,1,10,4,15,10,3,4,0,0,0,0,0,0
19960827-M-US_Open-R128-Richard_Krajicek-Stefan_Edberg,Richard Krajicek,2,1,7,8,17,5,2,18,7,21,0,0,0
19960827-M-US_Open-R128-Richard_Krajicek-Stefan_Edberg,Stefan Edberg,Total,10,11,26,19,19,7,13,5,20,2,0,0
19960827-M-US_Open-R128-Richard_Krajicek-Stefan_Edberg,Stefan Edberg,1,9,6,14,15,9,6,0,0,0,0,0,0
19960827-M-US_Open-R128-Richard_Krajicek-Stefan_Edberg,Stefan Edberg,2,1,5,12,4,10,1,13,5,20,2,0,0
19960826-M-US_Open-R128-Michael_Stich-Tommy_Haas,Michael Stich,Total,22,7,28,28,5,20,41,9,22,2,0,1
19960826-M-US_Open-R128-Michael_Stich-Tommy_Haas,Michael Stich,1,16,0,8,10,0,14,0,0,0,0,0,0
19960826-M-US_Open-R128-Michael_Stich-Tommy_Haas,Michael Stich,2,6,7,20,18,5,6,41,9,22,2,0,1
19960826-M-US_Open-R128-Michael_Stich-Tommy_Haas,Tommy Haas,Total,13,12,29,40,1,10,22,4,25,5,0,0
19960826-M-US_Open-R128-Michael_Stich-Tommy_Haas,Tommy Haas,1,8,3,13,22,1,9,0,0,0,0,0,0
19960826-M-US_Open-R128-Michael_Stich-Tommy_Haas,Tommy Haas,2,5,9,16,18,0,1,22,4,25,5,0,0
19960128-M-Australian_Open-F-Michael_Chang-Boris_Becker,Michael Chang,Total,29,5,23,32,5,17,21,10,28,5,0,0
19960128-M-Australian_Open-F-Michael_Chang-Boris_Becker,Michael Chang,1,13,0,16,10,0,14,0,0,0,0,0,0
19960128-M-Australian_Open-F-Michael_Chang-Boris_Becker,Michael Chang,2,16,5,7,22,5,3,21,10,28,5,0,0
19960128-M-Australian_Open-F-Michael_Chang-Boris_Becker,Boris Becker,Total,28,7,19,33,3,13,17,9,28,6,0,0
19960128-M-Australian_Open-F-Michael_Chang-Boris_Becker,Boris Becker,1,12,3,11,14,0,10,0,0,0,0,0,0
19960128-M-Australian_Open-F-Michael_Chang-Boris_Becker,Boris Becker,2,16,4,8,19,3,3,17,9,28,6,0,0
19960127-M-Australian_Open-SF-Michael_Chang-Andre_Agassi,Michael Chang,Total,14,12,20,13,14,11,12,13,18,1,1,0
19960127-M-Australian_Open-SF-Michael_Chang-Andre_Agassi,Michael Chang,1,11,0,15,5,0,10,0,0,0,0,0,0
19960127-M-Australian_Open-SF-Michael_Chang-Andre_Agassi,Michael Chang,2,3,12,5,8,14,1,12,13,18,1,1,0
19960127-M-Australian_Open-SF-Michael_Chang-Andre_Agassi,Andre Agassi,Total,22,11,36,36,3,27,31,10,14,3,0,0
19960127-M-Australian_Open-SF-Michael_Chang-Andre_Agassi,Andre Agassi,1,15,3,22,21,0,22,0,0,0,0,0,0
19960127-M-Australian_Open-SF-Michael_Chang-Andre_Agassi,Andre Agassi,2,7,8,14,15,3,5,31,10,14,3,0,0
19960126-M-Australian_Open-SF-Mark_Woodforde-Boris_Becker,Mark Woodforde,Total,6,18,20,14,17,11,18,3,16,5,0,0
19960126-M-Australian_Open-SF-Mark_Woodforde-Boris_Becker,Mark Woodforde,1,6,9,16,11,3,8,0,0,0,0,0,0
19960126-M-Australian_Open-SF-Mark_Woodforde-Boris_Becker,Mark Woodforde,2,0,9,4,3,14,3,18,3,16,5,0,0
19960126-M-Australian_Open-SF-Mark_Woodforde-Boris_Becker,Boris Becker,Total,16,4,13,9,3,20,6,6,17,4,0,0
19960126-M-Australian_Open-SF-Mark_Woodforde-Boris_Becker,Boris Becker,1,6,0,9,7,1,12,0,0,0,0,0,0
19960126-M-Australian_Open-SF-Mark_Woodforde-Boris_Becker,Boris Becker,2,10,4,4,2,2,8,6,6,17,4,0,0
19960124-M-Australian_Open-QF-Yevgeny_Kafelnikov-Boris_Becker,Yevgeny Kafelnikov,Total,21,8,15,23,8,12,16,5,12,5,0,1
19960124-M-Australian_Open-QF-Yevgeny_Kafelnikov-Boris_Becker,Yevgeny Kafelnikov,1,18,1,12,10,1,10,0,0,0,0,0,0
19960124-M-Australian_Open-QF-Yevgeny_Kafelnikov-Boris_Becker,Yevgeny Kafelnikov,2,3,7,3,13,7,2,16,5,12,5,0,1
19960124-M-Australian_Open-QF-Yevgeny_Kafelnikov-Boris_Becker,Boris Becker,Total,16,4,28,18,8,17,8,15,21,4,0,1
19960124-M-Australian_Open-QF-Yevgeny_Kafelnikov-Boris_Becker,Boris Becker,1,9,0,14,11,0,12,0,0,0,0,0,0
19960124-M-Australian_Open-QF-Yevgeny_Kafelnikov-Boris_Becker,Boris Becker,2,7,4,14,7,8,5,8,15,21,4,0,1
19960123-M-Australian_Open-QF-Jim_Courier-Andre_Agassi,Jim Courier,Total,11,21,44,38,15,15,21,9,27,1,0,0
19960123-M-Australian_Open-QF-Jim_Courier-Andre_Agassi,Jim Courier,1,10,11,27,24,8,11,0,0,0,0,0,0
19960123-M-Australian_Open-QF-Jim_Courier-Andre_Agassi,Jim Courier,2,1,10,17,14,7,4,21,9,27,1,0,0
19960123-M-Australian_Open-QF-Jim_Courier-Andre_Agassi,Andre Agassi,Total,29,9,39,33,3,31,19,10,25,1,0,0
19960123-M-Australian_Open-QF-Jim_Courier-Andre_Agassi,Andre Agassi,1,19,5,23,19,3,24,0,0,0,0,0,0
19960123-M-Australian_Open-QF-Jim_Courier-Andre_Agassi,Andre Agassi,2,10,4,16,14,0,7,19,10,25,1,0,0
19960119-M-Australian_Open-R32-Mark_Philippoussis-Pete_Sampras,Mark Philippoussis,Total,22,2,36,26,3,27,21,6,22,1,0,0
19960119-M-Australian_Open-R32-Mark_Philippoussis-Pete_Sampras,Mark Philippoussis,1,18,1,16,15,0,22,0,0,0,0,0,0
19960119-M-Australian_Open-R32-Mark_Philippoussis-Pete_Sampras,Mark Philippoussis,2,4,1,20,11,3,5,21,6,22,1,0,0
19960119-M-Australian_Open-R32-Mark_Philippoussis-Pete_Sampras,Pete Sampras,Total,13,2,44,26,4,23,18,12,19,4,0,0
19960119-M-Australian_Open-R32-Mark_Philippoussis-Pete_Sampras,Pete Sampras,1,11,0,22,10,0,17,0,0,0,0,0,0
19960119-M-Australian_Open-R32-Mark_Philippoussis-Pete_Sampras,Pete Sampras,2,2,2,22,16,4,6,18,12,19,4,0,0
19960115-M-Australian_Open-R128-Gaston_Etlis-Andre_Agassi,Gaston Etlis,Total,31,15,38,53,5,20,32,10,22,4,0,0
19960115-M-Australian_Open-R128-Gaston_Etlis-Andre_Agassi,Gaston Etlis,1,23,9,14,34,2,15,0,0,0,0,0,0
19960115-M-Australian_Open-R128-Gaston_Etlis-Andre_Agassi,Gaston Etlis,2,8,6,24,19,3,5,32,10,22,4,0,0
19960115-M-Australian_Open-R128-Gaston_Etlis-Andre_Agassi,Andre Agassi,Total,27,16,55,61,4,27,32,11,25,3,0,0
19960115-M-Australian_Open-R128-Gaston_Etlis-Andre_Agassi,Andre Agassi,1,18,7,33,43,1,21,0,0,0,0,0,0
19960115-M-Australian_Open-R128-Gaston_Etlis-Andre_Agassi,Andre Agassi,2,9,9,22,18,3,6,32,11,25,3,0,0
19950910-M-US_Open-F-Pete_Sampras-Andre_Agassi,Pete Sampras,Total,34,4,26,26,0,31,26,12,21,2,0,0
19950910-M-US_Open-F-Pete_Sampras-Andre_Agassi,Pete Sampras,1,16,1,14,10,0,25,0,0,0,0,0,0
19950910-M-US_Open-F-Pete_Sampras-Andre_Agassi,Pete Sampras,2,18,3,12,16,0,6,26,12,21,2,0,0
19950910-M-US_Open-F-Pete_Sampras-Andre_Agassi,Andre Agassi,Total,22,0,38,43,0,12,23,16,14,2,0,0
19950910-M-US_Open-F-Pete_Sampras-Andre_Agassi,Andre Agassi,1,16,0,18,21,0,10,0,0,0,0,0,0
19950910-M-US_Open-F-Pete_Sampras-Andre_Agassi,Andre Agassi,2,6,0,20,22,0,2,23,16,14,2,0,0
19950909-M-US_Open-SF-Pete_Sampras-Jim_Courier,Pete Sampras,Total,25,10,31,24,17,20,43,12,13,3,0,0
19950909-M-US_Open-SF-Pete_Sampras-Jim_Courier,Pete Sampras,1,20,1,16,17,1,8,0,0,0,0,0,0
19950909-M-US_Open-SF-Pete_Sampras-Jim_Courier,Pete Sampras,2,5,9,15,7,16,12,43,12,13,3,0,0
19950909-M-US_Open-SF-Pete_Sampras-Jim_Courier,Jim Courier,Total,25,18,32,33,16,16,21,8,29,4,2,0
19950909-M-US_Open-SF-Pete_Sampras-Jim_Courier,Jim Courier,1,21,10,16,20,5,10,0,0,0,0,0,0
19950909-M-US_Open-SF-Pete_Sampras-Jim_Courier,Jim Courier,2,4,8,16,13,11,6,21,8,29,4,2,0
19950909-M-US_Open-SF-Andre_Agassi-Boris_Becker,Andre Agassi,Total,22,11,37,42,11,12,28,12,9,6,0,0
19950909-M-US_Open-SF-Andre_Agassi-Boris_Becker,Andre Agassi,1,21,1,20,32,0,10,0,0,0,0,0,0
19950909-M-US_Open-SF-Andre_Agassi-Boris_Becker,Andre Agassi,2,1,10,17,10,11,2,28,12,9,6,0,0
19950909-M-US_Open-SF-Andre_Agassi-Boris_Becker,Boris Becker,Total,33,12,41,36,17,26,25,16,31,4,0,0
19950909-M-US_Open-SF-Andre_Agassi-Boris_Becker,Boris Becker,1,24,3,23,28,3,19,0,0,0,0,0,0
19950909-M-US_Open-SF-Andre_Agassi-Boris_Becker,Boris Becker,2,9,9,18,8,14,7,25,16,31,4,0,0
19950902-M-US_Open-R32-Stefan_Edberg-Andre_Agassi,Stefan Edberg,Total,12,9,19,19,8,10,25,5,9,1,1,0
19950902-M-US_Open-R32-Stefan_Edberg-Andre_Agassi,Stefan Edberg,1,9,2,10,8,4,8,0,0,0,0,0,0
19950902-M-US_Open-R32-Stefan_Edberg-Andre_Agassi,Stefan Edberg,2,3,7,9,11,4,2,25,5,9,1,1,0
19950902-M-US_Open-R32-Stefan_Edberg-Andre_Agassi,Andre Agassi,Total,22,4,19,27,3,13,16,2,15,7,0,0
19950902-M-US_Open-R32-Stefan_Edberg-Andre_Agassi,Andre Agassi,1,15,0,9,13,1,12,0,0,0,0,0,0
19950902-M-US_Open-R32-Stefan_Edberg-Andre_Agassi,Andre Agassi,2,7,4,10,14,2,1,16,2,15,7,0,0
19950831-M-US_Open-R64-Alex_Corretja-Andre_Agassi,Alex Corretja,Total,20,25,42,50,19,12,15,5,19,1,0,0
19950831-M-US_Open-R64-Alex_Corretja-Andre_Agassi,Alex Corretja,1,18,20,28,40,13,11,0,0,0,0,0,0
19950831-M-US_Open-R64-Alex_Corretja-Andre_Agassi,Alex Corretja,2,2,5,14,10,6,1,15,5,19,1,0,0
19950831-M-US_Open-R64-Alex_Corretja-Andre_Agassi,Andre Agassi,Total,33,6,18,38,4,18,16,6,16,0,0,0
19950831-M-US_Open-R64-Alex_Corretja-Andre_Agassi,Andre Agassi,1,26,2,14,22,4,15,0,0,0,0,0,0
19950831-M-US_Open-R64-Alex_Corretja-Andre_Agassi,Andre Agassi,2,7,4,4,16,0,3,16,6,16,0,0,0
19950129-M-Australian_Open-F-Pete_Sampras-Andre_Agassi,Pete Sampras,Total,33,3,36,36,6,25,34,18,18,4,0,0
19950129-M-Australian_Open-F-Pete_Sampras-Andre_Agassi,Pete Sampras,1,24,0,19,13,0,15,0,0,0,0,0,0
19950129-M-Australian_Open-F-Pete_Sampras-Andre_Agassi,Pete Sampras,2,9,3,17,23,6,10,34,18,18,4,0,0
19950129-M-Australian_Open-F-Pete_Sampras-Andre_Agassi,Andre Agassi,Total,34,13,17,41,0,13,26,7,6,1,0,0
19950129-M-Australian_Open-F-Pete_Sampras-Andre_Agassi,Andre Agassi,1,31,6,10,25,0,10,0,0,0,0,0,0
19950129-M-Australian_Open-F-Pete_Sampras-Andre_Agassi,Andre Agassi,2,3,7,7,16,0,3,26,7,6,1,0,0
19950127-M-Australian_Open-SF-Michael_Chang-Pete_Sampras,Michael Chang,Total,20,13,36,24,23,18,35,10,28,1,0,0
19950127-M-Australian_Open-SF-Michael_Chang-Pete_Sampras,Michael Chang,1,16,0,16,15,1,14,0,0,0,0,0,0
19950127-M-Australian_Open-SF-Michael_Chang-Pete_Sampras,Michael Chang,2,4,13,20,9,22,4,35,10,28,1,0,0
19950127-M-Australian_Open-SF-Michael_Chang-Pete_Sampras,Pete Sampras,Total,29,7,34,10,32,26,29,16,22,6,0,0
19950127-M-Australian_Open-SF-Michael_Chang-Pete_Sampras,Pete Sampras,1,14,2,19,10,2,22,0,0,0,0,0,0
19950127-M-Australian_Open-SF-Michael_Chang-Pete_Sampras,Pete Sampras,2,15,5,15,0,30,4,29,16,22,6,0,0
19950127-M-Australian_Open-SF-Aaron_Krickstein-Andre_Agassi,Aaron Krickstein,Total,14,4,15,5,11,11,16,4,8,0,0,0
19950127-M-Australian_Open-SF-Aaron_Krickstein-Andre_Agassi,Aaron Krickstein,1,10,2,7,3,1,9,0,0,0,0,0,0
19950127-M-Australian_Open-SF-Aaron_Krickstein-Andre_Agassi,Aaron Krickstein,2,4,2,8,2,10,2,16,4,8,0,0,0
19950127-M-Australian_Open-SF-Aaron_Krickstein-Andre_Agassi,Andre Agassi,Total,14,2,12,14,4,6,12,4,0,0,0,0
19950127-M-Australian_Open-SF-Aaron_Krickstein-Andre_Agassi,Andre Agassi,1,11,1,6,12,2,5,1,0,0,0,0,0
19950127-M-Australian_Open-SF-Aaron_Krickstein-Andre_Agassi,Andre Agassi,2,3,1,6,2,2,1,11,4,0,0,0,0
19950124-M-Australian_Open-QF-Jim_Courier-Pete_Sampras,Jim Courier,Total,33,31,28,44,15,27,14,13,27,9,0,0
19950124-M-Australian_Open-QF-Jim_Courier-Pete_Sampras,Jim Courier,1,27,12,20,24,12,22,0,0,0,0,0,0
19950124-M-Australian_Open-QF-Jim_Courier-Pete_Sampras,Jim Courier,2,6,19,8,20,3,5,14,13,27,9,0,0
19950124-M-Australian_Open-QF-Jim_Courier-Pete_Sampras,Pete Sampras,Total,42,9,33,34,10,27,37,15,18,7,0,0
19950124-M-Australian_Open-QF-Jim_Courier-Pete_Sampras,Pete Sampras,1,30,0,19,12,2,19,0,0,0,0,0,0
19950124-M-Australian_Open-QF-Jim_Courier-Pete_Sampras,Pete Sampras,2,12,9,14,22,8,8,37,15,18,7,0,0
19950123-M-Australian_Open-R16-Patrick_Rafter-Andre_Agassi,Patrick Rafter,Total,12,12,14,16,11,7,15,8,10,1,0,0
19950123-M-Australian_Open-R16-Patrick_Rafter-Andre_Agassi,Patrick Rafter,1,10,3,10,8,6,4,0,0,0,0,0,0
19950123-M-Australian_Open-R16-Patrick_Rafter-Andre_Agassi,Patrick Rafter,2,2,9,4,8,5,3,15,8,10,1,0,0
19950123-M-Australian_Open-R16-Patrick_Rafter-Andre_Agassi,Andre Agassi,Total,19,3,11,18,7,5,11,5,8,0,0,0
19950123-M-Australian_Open-R16-Patrick_Rafter-Andre_Agassi,Andre Agassi,1,17,1,7,9,1,4,0,0,0,0,0,0
19950123-M-Australian_Open-R16-Patrick_Rafter-Andre_Agassi,Andre Agassi,2,2,2,4,9,6,1,11,5,8,0,0,0
19950122-M-Australian_Open-R16-Aaron_Krickstein-Stefan_Edberg,Aaron Krickstein,Total,45,20,39,23,29,44,49,9,20,1,0,0
19950122-M-Australian_Open-R16-Aaron_Krickstein-Stefan_Edberg,Aaron Krickstein,1,30,1,26,23,8,34,0,0,0,0,0,0
19950122-M-Australian_Open-R16-Aaron_Krickstein-Stefan_Edberg,Aaron Krickstein,2,15,19,13,0,21,10,49,9,20,1,0,0
19950122-M-Australian_Open-R16-Aaron_Krickstein-Stefan_Edberg,Stefan Edberg,Total,18,30,48,38,29,22,31,5,14,5,10,0
19950122-M-Australian_Open-R16-Aaron_Krickstein-Stefan_Edberg,Stefan Edberg,1,11,18,38,31,10,19,0,0,0,0,0,0
19950122-M-Australian_Open-R16-Aaron_Krickstein-Stefan_Edberg,Stefan Edberg,2,7,12,10,7,19,3,31,5,14,5,10,0
19950121-M-Australian_Open-R32-Greg_Rusedski-Andre_Agassi,Greg Rusedski,Total,16,13,15,28,7,7,19,5,19,0,5,0
19950121-M-Australian_Open-R32-Greg_Rusedski-Andre_Agassi,Greg Rusedski,1,7,5,9,14,3,4,0,0,0,0,0,0
19950121-M-Australian_Open-R32-Greg_Rusedski-Andre_Agassi,Greg Rusedski,2,9,8,6,14,4,3,19,5,19,0,5,0
19950121-M-Australian_Open-R32-Greg_Rusedski-Andre_Agassi,Andre Agassi,Total,29,1,3,9,3,16,7,4,11,0,0,0
19950121-M-Australian_Open-R32-Greg_Rusedski-Andre_Agassi,Andre Agassi,1,18,0,3,8,2,10,0,0,0,0,0,0
19950121-M-Australian_Open-R32-Greg_Rusedski-Andre_Agassi,Andre Agassi,2,11,1,0,1,1,6,7,4,11,0,0,0
19950119-M-Australian_Open-R32-Hendrik_Dreekmann-Stefan_Edberg,Hendrik Dreekmann,Total,25,9,17,33,7,8,20,3,16,5,0,0
19950119-M-Australian_Open-R32-Hendrik_Dreekmann-Stefan_Edberg,Hendrik Dreekmann,1,16,3,14,16,2,6,0,0,0,0,0,0
19950119-M-Australian_Open-R32-Hendrik_Dreekmann-Stefan_Edberg,Hendrik Dreekmann,2,9,6,3,17,5,2,20,3,16,5,0,0
19950119-M-Australian_Open-R32-Hendrik_Dreekmann-Stefan_Edberg,Stefan Edberg,Total,22,10,17,17,15,20,21,7,9,0,7,0
19950119-M-Australian_Open-R32-Hendrik_Dreekmann-Stefan_Edberg,Stefan Edberg,1,16,3,8,15,4,17,0,0,0,0,0,0
19950119-M-Australian_Open-R32-Hendrik_Dreekmann-Stefan_Edberg,Stefan Edberg,2,6,7,9,2,11,3,21,7,9,0,7,0
19950116-M-Australian_Open-R128-Stefan_Edberg-Mark_Philippoussis,Stefan Edberg,Total,22,15,26,27,15,17,17,10,20,2,6,0
19950116-M-Australian_Open-R128-Stefan_Edberg-Mark_Philippoussis,Stefan Edberg,1,9,8,22,18,3,13,0,0,0,0,0,0
19950116-M-Australian_Open-R128-Stefan_Edberg-Mark_Philippoussis,Stefan Edberg,2,13,7,4,9,12,4,17,10,20,2,6,0
19950116-M-Australian_Open-R128-Stefan_Edberg-Mark_Philippoussis,Mark Philippoussis,Total,22,13,31,31,5,21,24,6,18,2,0,1
19950116-M-Australian_Open-R128-Stefan_Edberg-Mark_Philippoussis,Mark Philippoussis,1,18,4,21,15,1,19,0,0,0,0,0,0
19950116-M-Australian_Open-R128-Stefan_Edberg-Mark_Philippoussis,Mark Philippoussis,2,4,9,10,16,4,2,24,6,18,2,0,1
19940911-M-US_Open-F-Michael_Stich-Andre_Agassi,Michael Stich,Total,26,19,13,25,14,12,33,11,23,2,0,0
19940911-M-US_Open-F-Michael_Stich-Andre_Agassi,Michael Stich,1,16,4,8,8,4,10,0,0,0,0,0,0
19940911-M-US_Open-F-Michael_Stich-Andre_Agassi,Michael Stich,2,10,15,5,17,10,2,33,11,23,2,0,0
19940911-M-US_Open-F-Michael_Stich-Andre_Agassi,Andre Agassi,Total,17,20,10,33,0,9,16,5,11,1,0,0
19940911-M-US_Open-F-Michael_Stich-Andre_Agassi,Andre Agassi,1,16,6,8,20,0,8,0,0,0,0,0,0
19940911-M-US_Open-F-Michael_Stich-Andre_Agassi,Andre Agassi,2,1,14,2,13,0,1,16,5,11,1,0,0
19940910-M-US_Open-SF-Todd_Martin-Andre_Agassi,Todd Martin,Total,15,14,29,16,14,24,23,7,20,1,0,0
19940910-M-US_Open-SF-Todd_Martin-Andre_Agassi,Todd Martin,1,9,1,20,8,7,23,0,0,0,0,0,0
19940910-M-US_Open-SF-Todd_Martin-Andre_Agassi,Todd Martin,2,6,13,9,8,7,1,23,7,20,1,0,0
19940910-M-US_Open-SF-Todd_Martin-Andre_Agassi,Andre Agassi,Total,19,15,16,26,2,16,18,3,13,2,0,0
19940910-M-US_Open-SF-Todd_Martin-Andre_Agassi,Andre Agassi,1,17,3,13,14,0,15,0,0,0,0,0,0
19940910-M-US_Open-SF-Todd_Martin-Andre_Agassi,Andre Agassi,2,2,12,3,12,2,1,18,3,13,2,0,0
19940910-M-US_Open-SF-Michael_Stich-Karel_Novacek,Michael Stich,Total,10,11,27,18,7,17,18,2,13,3,1,0
19940910-M-US_Open-SF-Michael_Stich-Karel_Novacek,Michael Stich,1,9,3,15,11,2,16,0,0,0,0,0,0
19940910-M-US_Open-SF-Michael_Stich-Karel_Novacek,Michael Stich,2,1,8,12,7,5,1,18,2,13,3,1,0
19940910-M-US_Open-SF-Michael_Stich-Karel_Novacek,Karel Novacek,Total,12,11,29,28,8,10,23,8,15,4,0,0
19940910-M-US_Open-SF-Michael_Stich-Karel_Novacek,Karel Novacek,1,11,3,13,12,1,9,0,0,0,0,0,0
19940910-M-US_Open-SF-Michael_Stich-Karel_Novacek,Karel Novacek,2,1,8,16,16,7,1,23,8,15,4,0,0
19940907-M-US_Open-QF-Andre_Agassi-Thomas_Muster,Andre Agassi,Total,34,5,6,22,4,17,24,6,14,0,0,0
19940907-M-US_Open-QF-Andre_Agassi-Thomas_Muster,Andre Agassi,1,16,1,5,12,3,11,0,0,0,0,0,0
19940907-M-US_Open-QF-Andre_Agassi-Thomas_Muster,Andre Agassi,2,18,4,1,10,1,6,24,6,14,0,0,0
19940907-M-US_Open-QF-Andre_Agassi-Thomas_Muster,Thomas Muster,Total,12,10,21,18,17,3,15,7,19,2,0,0
19940907-M-US_Open-QF-Andre_Agassi-Thomas_Muster,Thomas Muster,1,7,3,9,12,7,2,0,0,0,0,0,0
19940907-M-US_Open-QF-Andre_Agassi-Thomas_Muster,Thomas Muster,2,5,7,12,6,10,1,15,7,19,2,0,0
19940906-M-US_Open-R16-Yevgeny_Kafelnikov-Michael_Stich,Yevgeny Kafelnikov,Total,17,30,16,18,25,15,27,5,16,1,0,0
19940906-M-US_Open-R16-Yevgeny_Kafelnikov-Michael_Stich,Yevgeny Kafelnikov,1,16,15,11,9,9,13,0,0,0,0,0,0
19940906-M-US_Open-R16-Yevgeny_Kafelnikov-Michael_Stich,Yevgeny Kafelnikov,2,1,15,5,9,16,2,27,5,16,1,0,0
19940906-M-US_Open-R16-Yevgeny_Kafelnikov-Michael_Stich,Michael Stich,Total,14,13,19,25,4,16,25,3,16,2,0,0
19940906-M-US_Open-R16-Yevgeny_Kafelnikov-Michael_Stich,Michael Stich,1,9,1,12,9,2,13,0,0,0,0,0,0
19940906-M-US_Open-R16-Yevgeny_Kafelnikov-Michael_Stich,Michael Stich,2,5,12,7,16,2,3,25,3,16,2,0,0
19940906-M-US_Open-R16-Pete_Sampras-Jaime_Yzaga,Pete Sampras,Total,36,17,32,32,28,18,42,16,31,1,0,0
19940906-M-US_Open-R16-Pete_Sampras-Jaime_Yzaga,Pete Sampras,1,31,1,14,18,3,15,0,0,0,0,0,0
19940906-M-US_Open-R16-Pete_Sampras-Jaime_Yzaga,Pete Sampras,2,5,16,18,14,25,3,42,16,31,1,0,0
19940906-M-US_Open-R16-Pete_Sampras-Jaime_Yzaga,Jaime Yzaga,Total,17,33,33,54,11,13,53,10,33,0,0,0
19940906-M-US_Open-R16-Pete_Sampras-Jaime_Yzaga,Jaime Yzaga,1,15,15,9,20,3,12,0,0,0,0,0,0
19940906-M-US_Open-R16-Pete_Sampras-Jaime_Yzaga,Jaime Yzaga,2,2,18,24,34,8,1,53,10,33,0,0,0
19940905-M-US_Open-R16-Michael_Chang-Andre_Agassi,Michael Chang,Total,59,7,15,38,12,26,36,21,33,3,0,0
19940905-M-US_Open-R16-Michael_Chang-Andre_Agassi,Michael Chang,1,31,0,8,12,1,18,0,0,0,0,0,0
19940905-M-US_Open-R16-Michael_Chang-Andre_Agassi,Michael Chang,2,28,7,7,26,11,8,36,21,33,3,0,0
19940905-M-US_Open-R16-Michael_Chang-Andre_Agassi,Andre Agassi,Total,26,13,27,40,3,17,15,9,22,0,0,0
19940905-M-US_Open-R16-Michael_Chang-Andre_Agassi,Andre Agassi,1,24,6,15,19,2,15,0,0,0,0,0,0
19940905-M-US_Open-R16-Michael_Chang-Andre_Agassi,Andre Agassi,2,2,7,12,21,1,2,15,9,22,0,0,0
19940901-M-US_Open-R64-Guy_Forget-Andre_Agassi,Guy Forget,Total,17,14,34,20,25,22,43,10,18,0,0,0
19940901-M-US_Open-R64-Guy_Forget-Andre_Agassi,Guy Forget,1,13,3,18,12,4,19,0,0,0,0,0,0
19940901-M-US_Open-R64-Guy_Forget-Andre_Agassi,Guy Forget,2,4,11,16,8,21,3,43,10,18,0,0,0
19940901-M-US_Open-R64-Guy_Forget-Andre_Agassi,Andre Agassi,Total,37,9,11,26,4,31,11,5,22,1,0,0
19940901-M-US_Open-R64-Guy_Forget-Andre_Agassi,Andre Agassi,1,29,4,9,18,2,22,0,0,0,0,0,0
19940901-M-US_Open-R64-Guy_Forget-Andre_Agassi,Andre Agassi,2,8,5,2,8,2,9,11,5,22,1,0,0
19940130-M-Australian_Open-F-Pete_Sampras-Todd_Martin,Pete Sampras,Total,30,4,24,23,2,25,30,3,19,4,0,1
19940130-M-Australian_Open-F-Pete_Sampras-Todd_Martin,Pete Sampras,1,18,1,14,9,0,16,0,0,0,0,0,0
19940130-M-Australian_Open-F-Pete_Sampras-Todd_Martin,Pete Sampras,2,12,3,10,14,2,9,30,3,19,4,0,1
19940130-M-Australian_Open-F-Pete_Sampras-Todd_Martin,Todd Martin,Total,13,18,25,37,4,12,26,13,16,2,0,1
19940130-M-Australian_Open-F-Pete_Sampras-Todd_Martin,Todd Martin,1,7,5,12,18,3,11,0,0,0,0,0,1
19940130-M-Australian_Open-F-Pete_Sampras-Todd_Martin,Todd Martin,2,6,13,13,19,1,1,26,13,16,2,0,0
19940128-M-Australian_Open-SF-Pete_Sampras-Jim_Courier,Pete Sampras,Total,20,5,17,18,9,14,19,11,15,1,0,0
19940128-M-Australian_Open-SF-Pete_Sampras-Jim_Courier,Pete Sampras,1,13,0,10,9,0,9,0,0,0,0,0,0
19940128-M-Australian_Open-SF-Pete_Sampras-Jim_Courier,Pete Sampras,2,7,5,7,9,9,5,19,11,15,1,0,0
19940128-M-Australian_Open-SF-Pete_Sampras-Jim_Courier,Jim Courier,Total,8,8,26,21,6,9,14,5,12,3,0,1
19940128-M-Australian_Open-SF-Pete_Sampras-Jim_Courier,Jim Courier,1,6,2,15,13,1,8,0,0,0,0,0,0
19940128-M-Australian_Open-SF-Pete_Sampras-Jim_Courier,Jim Courier,2,2,6,11,8,5,1,14,5,12,3,0,1
19940127-M-Australian_Open-SF-Todd_Martin-Stefan_Edberg,Todd Martin,Total,33,17,27,45,4,18,21,18,20,4,0,0
19940127-M-Australian_Open-SF-Todd_Martin-Stefan_Edberg,Todd Martin,1,23,3,19,22,2,13,0,0,0,0,0,0
19940127-M-Australian_Open-SF-Todd_Martin-Stefan_Edberg,Todd Martin,2,10,14,8,23,2,5,21,18,20,4,0,0
19940127-M-Australian_Open-SF-Todd_Martin-Stefan_Edberg,Stefan Edberg,Total,39,42,19,31,38,29,41,17,31,6,4,0
19940127-M-Australian_Open-SF-Todd_Martin-Stefan_Edberg,Stefan Edberg,1,29,22,8,20,13,20,0,0,0,0,0,0
19940127-M-Australian_Open-SF-Todd_Martin-Stefan_Edberg,Stefan Edberg,2,10,20,11,11,25,9,41,17,31,6,4,0
19940124-M-Australian_Open-R16-Pete_Sampras-Ivan_Lendl,Pete Sampras,Total,8,5,29,19,8,13,15,5,8,2,0,0
19940124-M-Australian_Open-R16-Pete_Sampras-Ivan_Lendl,Pete Sampras,1,4,2,19,16,1,11,0,0,0,0,0,0
19940124-M-Australian_Open-R16-Pete_Sampras-Ivan_Lendl,Pete Sampras,2,4,3,10,3,7,2,15,5,8,2,0,0
19940124-M-Australian_Open-R16-Pete_Sampras-Ivan_Lendl,Ivan Lendl,Total,6,9,26,19,7,8,20,5,8,4,0,0
19940124-M-Australian_Open-R16-Pete_Sampras-Ivan_Lendl,Ivan Lendl,1,6,0,19,8,0,7,0,0,0,0,0,0
19940124-M-Australian_Open-R16-Pete_Sampras-Ivan_Lendl,Ivan Lendl,2,0,9,7,11,7,1,20,5,8,4,0,0
19930912-M-US_Open-F-Cedric_Pioline-Pete_Sampras,Cedric Pioline,Total,35,0,18,35,1,12,21,8,28,3,0,0
19930912-M-US_Open-F-Cedric_Pioline-Pete_Sampras,Cedric Pioline,1,17,0,13,11,0,9,0,0,0,0,0,0
19930912-M-US_Open-F-Cedric_Pioline-Pete_Sampras,Cedric Pioline,2,18,0,5,24,1,3,21,8,28,3,0,0
19930912-M-US_Open-F-Cedric_Pioline-Pete_Sampras,Pete Sampras,Total,24,4,11,19,1,11,21,8,11,0,0,0
19930912-M-US_Open-F-Cedric_Pioline-Pete_Sampras,Pete Sampras,1,8,1,7,9,0,9,0,0,0,0,0,0
19930912-M-US_Open-F-Cedric_Pioline-Pete_Sampras,Pete Sampras,2,16,3,4,10,1,2,21,8,11,0,0,0
19930911-M-US_Open-SF-Pete_Sampras-Alexander_Volkov,Pete Sampras,Total,27,1,12,5,7,24,23,4,12,3,0,0
19930911-M-US_Open-SF-Pete_Sampras-Alexander_Volkov,Pete Sampras,1,13,0,10,4,0,13,0,0,0,0,0,0
19930911-M-US_Open-SF-Pete_Sampras-Alexander_Volkov,Pete Sampras,2,14,1,2,1,7,11,23,4,12,3,0,0
19930911-M-US_Open-SF-Pete_Sampras-Alexander_Volkov,Alexander Volkov,Total,5,5,37,18,17,10,13,12,31,4,0,0
19930911-M-US_Open-SF-Pete_Sampras-Alexander_Volkov,Alexander Volkov,1,4,0,12,6,6,10,0,0,0,0,0,0
19930911-M-US_Open-SF-Pete_Sampras-Alexander_Volkov,Alexander Volkov,2,1,5,25,12,11,0,13,12,31,4,0,0
19930909-M-US_Open-QF-Michael_Chang-Pete_Sampras,Michael Chang,Total,20,16,24,27,4,23,11,5,13,4,0,0
19930909-M-US_Open-QF-Michael_Chang-Pete_Sampras,Michael Chang,1,17,7,18,21,0,19,0,0,0,0,0,0
19930909-M-US_Open-QF-Michael_Chang-Pete_Sampras,Michael Chang,2,3,9,6,6,4,4,11,5,13,4,0,0
19930909-M-US_Open-QF-Michael_Chang-Pete_Sampras,Pete Sampras,Total,29,7,20,9,16,26,29,12,18,5,0,0
19930909-M-US_Open-QF-Michael_Chang-Pete_Sampras,Pete Sampras,1,19,1,10,8,0,12,0,0,0,0,0,0
19930909-M-US_Open-QF-Michael_Chang-Pete_Sampras,Pete Sampras,2,10,6,10,1,16,14,29,12,18,5,0,0
19930905-M-US_Open-R32-Sergio_Cortes-Boris_Becker,Sergio Cortes,Total,4,5,33,20,17,2,14,2,13,0,0,0
19930905-M-US_Open-R32-Sergio_Cortes-Boris_Becker,Sergio Cortes,1,4,2,22,15,11,2,0,0,0,0,0,0
19930905-M-US_Open-R32-Sergio_Cortes-Boris_Becker,Sergio Cortes,2,0,3,11,5,6,0,14,2,13,0,0,0
19930905-M-US_Open-R32-Sergio_Cortes-Boris_Becker,Boris Becker,Total,11,11,18,7,16,13,9,4,24,3,0,0
19930905-M-US_Open-R32-Sergio_Cortes-Boris_Becker,Boris Becker,1,6,5,13,3,7,10,0,0,0,0,0,0
19930905-M-US_Open-R32-Sergio_Cortes-Boris_Becker,Boris Becker,2,5,6,5,4,9,3,9,4,24,3,0,0
19930904-M-US_Open-SF-Cedric_Pioline-Wally_Masur,Cedric Pioline,Total,27,18,24,25,25,14,27,6,23,0,0,0
19930904-M-US_Open-SF-Cedric_Pioline-Wally_Masur,Cedric Pioline,1,21,5,17,13,12,13,0,0,0,0,0,0
19930904-M-US_Open-SF-Cedric_Pioline-Wally_Masur,Cedric Pioline,2,6,13,7,12,13,1,27,6,23,0,0,0
19930904-M-US_Open-SF-Cedric_Pioline-Wally_Masur,Wally Masur,Total,17,16,27,27,15,16,15,3,15,2,0,0
19930904-M-US_Open-SF-Cedric_Pioline-Wally_Masur,Wally Masur,1,17,10,16,18,9,15,0,0,0,0,0,0
19930904-M-US_Open-SF-Cedric_Pioline-Wally_Masur,Wally Masur,2,0,6,11,9,6,1,15,3,15,2,0,0
19930903-M-US_Open-R64-Mats_Wilander-Mikael_Pernfors,Mats Wilander,Total,24,22,13,16,24,14,23,6,24,0,0,0
19930903-M-US_Open-R64-Mats_Wilander-Mikael_Pernfors,Mats Wilander,1,19,9,9,8,6,13,0,0,0,0,0,0
19930903-M-US_Open-R64-Mats_Wilander-Mikael_Pernfors,Mats Wilander,2,5,13,4,8,18,1,23,6,24,0,0,0
19930903-M-US_Open-R64-Mats_Wilander-Mikael_Pernfors,Mikael Pernfors,Total,24,10,23,18,15,16,30,5,19,2,0,0
19930903-M-US_Open-R64-Mats_Wilander-Mikael_Pernfors,Mikael Pernfors,1,10,1,17,12,3,8,0,0,0,0,0,0
19930903-M-US_Open-R64-Mats_Wilander-Mikael_Pernfors,Mikael Pernfors,2,14,9,6,6,12,8,30,5,19,2,0,0
19930831-M-US_Open-R128-Thomas_Enqvist-Andre_Agassi,Thomas Enqvist,Total,22,40,19,29,34,13,38,5,34,0,0,0
19930831-M-US_Open-R128-Thomas_Enqvist-Andre_Agassi,Thomas Enqvist,1,19,13,14,17,14,11,0,0,0,0,0,0
19930831-M-US_Open-R128-Thomas_Enqvist-Andre_Agassi,Thomas Enqvist,2,3,27,5,12,20,2,38,5,34,0,0,0
19930831-M-US_Open-R128-Thomas_Enqvist-Andre_Agassi,Andre Agassi,Total,15,27,30,45,8,13,26,10,27,0,0,0
19930831-M-US_Open-R128-Thomas_Enqvist-Andre_Agassi,Andre Agassi,1,14,11,18,23,4,11,0,0,0,0,0,0
19930831-M-US_Open-R128-Thomas_Enqvist-Andre_Agassi,Andre Agassi,2,1,16,12,22,4,2,26,10,27,0,0,0
19930131-M-Australian_Open-SF-Jim_Courier-Michael_Stich,Jim Courier,Total,25,7,16,18,5,18,13,12,15,2,0,0
19930131-M-Australian_Open-SF-Jim_Courier-Michael_Stich,Jim Courier,1,15,0,12,10,0,12,0,0,0,0,0,0
19930131-M-Australian_Open-SF-Jim_Courier-Michael_Stich,Jim Courier,2,10,7,4,8,5,6,13,12,15,2,0,0
19930131-M-Australian_Open-SF-Jim_Courier-Michael_Stich,Michael Stich,Total,19,6,26,24,2,17,28,7,18,2,0,0
19930131-M-Australian_Open-SF-Jim_Courier-Michael_Stich,Michael Stich,1,12,1,12,11,0,12,0,0,0,0,0,0
19930131-M-Australian_Open-SF-Jim_Courier-Michael_Stich,Michael Stich,2,7,5,14,13,2,5,28,7,18,2,0,0
19930131-M-Australian_Open-F-Jim_Courier-Stefan_Edberg,Jim Courier,Total,27,12,11,25,1,20,17,8,18,1,0,0
19930131-M-Australian_Open-F-Jim_Courier-Stefan_Edberg,Jim Courier,1,19,3,11,9,0,15,0,0,0,0,0,0
19930131-M-Australian_Open-F-Jim_Courier-Stefan_Edberg,Jim Courier,2,8,9,0,16,1,5,17,8,18,1,0,0
19930131-M-Australian_Open-F-Jim_Courier-Stefan_Edberg,Stefan Edberg,Total,15,20,20,30,9,10,21,17,6,6,7,0
19930131-M-Australian_Open-F-Jim_Courier-Stefan_Edberg,Stefan Edberg,1,9,7,10,21,3,7,0,0,0,0,0,0
19930131-M-Australian_Open-F-Jim_Courier-Stefan_Edberg,Stefan Edberg,2,6,13,10,9,6,3,21,17,6,6,7,0
19930128-M-Australian_Open-SF-Pete_Sampras-Stefan_Edberg,Pete Sampras,Total,16,12,32,16,18,18,32,13,18,4,0,0
19930128-M-Australian_Open-SF-Pete_Sampras-Stefan_Edberg,Pete Sampras,1,10,4,16,10,0,11,0,0,0,0,0,0
19930128-M-Australian_Open-SF-Pete_Sampras-Stefan_Edberg,Pete Sampras,2,6,8,16,6,18,7,32,13,18,4,0,0
19930128-M-Australian_Open-SF-Pete_Sampras-Stefan_Edberg,Stefan Edberg,Total,16,24,20,27,18,11,20,7,7,7,10,0
19930128-M-Australian_Open-SF-Pete_Sampras-Stefan_Edberg,Stefan Edberg,1,10,10,10,20,10,7,0,0,0,0,0,0
19930128-M-Australian_Open-SF-Pete_Sampras-Stefan_Edberg,Stefan Edberg,2,6,14,10,7,8,4,20,7,7,7,10,0
19920913-M-US_Open-F-Pete_Sampras-Stefan_Edberg,Pete Sampras,Total,29,2,39,29,3,32,24,15,31,0,0,0
19920913-M-US_Open-F-Pete_Sampras-Stefan_Edberg,Pete Sampras,1,13,2,22,17,0,21,0,0,0,0,0,0
19920913-M-US_Open-F-Pete_Sampras-Stefan_Edberg,Pete Sampras,2,16,0,17,12,3,11,24,15,31,0,0,0
19920913-M-US_Open-F-Pete_Sampras-Stefan_Edberg,Stefan Edberg,Total,31,2,30,40,2,16,25,9,12,2,2,0
19920913-M-US_Open-F-Pete_Sampras-Stefan_Edberg,Stefan Edberg,1,23,1,16,21,2,13,0,0,0,0,0,0
19920913-M-US_Open-F-Pete_Sampras-Stefan_Edberg,Stefan Edberg,2,8,1,14,19,0,3,25,9,12,2,2,0
19920912-M-US_Open-SF-Michael_Chang-Stefan_Edberg,Michael Chang,Total,47,27,26,34,27,32,27,5,21,10,0,0
19920912-M-US_Open-SF-Michael_Chang-Stefan_Edberg,Michael Chang,1,33,14,24,32,9,22,0,0,0,0,0,0
19920912-M-US_Open-SF-Michael_Chang-Stefan_Edberg,Michael Chang,2,14,13,2,2,18,10,27,5,21,10,0,0
19920912-M-US_Open-SF-Michael_Chang-Stefan_Edberg,Stefan Edberg,Total,33,44,30,34,50,18,65,12,34,8,0,1
19920912-M-US_Open-SF-Michael_Chang-Stefan_Edberg,Stefan Edberg,1,25,17,16,15,18,16,0,0,0,0,0,0
19920912-M-US_Open-SF-Michael_Chang-Stefan_Edberg,Stefan Edberg,2,8,27,14,19,32,2,65,12,34,8,0,1
19920909-M-US_Open-QF-Jim_Courier-Andre_Agassi,Jim Courier,Total,25,9,33,38,5,21,29,12,21,1,0,0
19920909-M-US_Open-QF-Jim_Courier-Andre_Agassi,Jim Courier,1,14,1,23,17,0,17,0,0,0,0,0,0
19920909-M-US_Open-QF-Jim_Courier-Andre_Agassi,Jim Courier,2,11,8,10,21,5,4,29,12,21,1,0,0
19920909-M-US_Open-QF-Jim_Courier-Andre_Agassi,Andre Agassi,Total,23,23,25,56,4,12,21,9,31,0,0,1
19920909-M-US_Open-QF-Jim_Courier-Andre_Agassi,Andre Agassi,1,15,13,15,28,3,8,0,0,0,0,0,0
19920909-M-US_Open-QF-Jim_Courier-Andre_Agassi,Andre Agassi,2,8,10,10,28,1,4,21,9,31,0,0,1
19920908-M-US_Open-R16-Richard_Krajicek-Stefan_Edberg,Richard Krajicek,Total,22,33,40,43,17,22,47,17,37,4,0,0
19920908-M-US_Open-R16-Richard_Krajicek-Stefan_Edberg,Richard Krajicek,1,16,6,16,16,9,18,0,0,0,0,0,0
19920908-M-US_Open-R16-Richard_Krajicek-Stefan_Edberg,Richard Krajicek,2,6,27,24,27,8,4,47,17,37,4,0,0
19920908-M-US_Open-R16-Richard_Krajicek-Stefan_Edberg,Stefan Edberg,Total,27,25,34,39,27,19,43,7,25,2,0,0
19920908-M-US_Open-R16-Richard_Krajicek-Stefan_Edberg,Stefan Edberg,1,23,14,21,21,11,17,0,0,0,0,0,0
19920908-M-US_Open-R16-Richard_Krajicek-Stefan_Edberg,Stefan Edberg,2,4,11,13,18,16,2,43,7,25,2,0,0
19920908-M-US_Open-R16-Ivan_Lendl-Boris_Becker,Ivan Lendl,Total,36,26,27,55,13,14,32,15,20,2,0,0
19920908-M-US_Open-R16-Ivan_Lendl-Boris_Becker,Ivan Lendl,1,32,8,19,28,6,13,0,0,0,0,0,0
19920908-M-US_Open-R16-Ivan_Lendl-Boris_Becker,Ivan Lendl,2,4,18,8,27,7,1,32,15,20,2,0,0
19920908-M-US_Open-R16-Ivan_Lendl-Boris_Becker,Boris Becker,Total,24,39,36,47,34,14,39,12,54,3,0,0
19920908-M-US_Open-R16-Ivan_Lendl-Boris_Becker,Boris Becker,1,19,11,20,24,12,13,0,0,0,0,0,0
19920908-M-US_Open-R16-Ivan_Lendl-Boris_Becker,Boris Becker,2,5,28,16,23,22,1,39,12,54,3,0,0
19920905-M-US_Open-SF-Jim_Courier-Pete_Sampras,Jim Courier,Total,12,4,31,24,7,13,18,4,22,3,0,1
19920905-M-US_Open-SF-Jim_Courier-Pete_Sampras,Jim Courier,1,9,0,16,15,1,9,0,0,0,0,0,0
19920905-M-US_Open-SF-Jim_Courier-Pete_Sampras,Jim Courier,2,3,4,15,9,6,4,18,4,22,3,0,1
19920905-M-US_Open-SF-Jim_Courier-Pete_Sampras,Pete Sampras,Total,14,11,36,22,15,17,27,8,13,1,0,1
19920905-M-US_Open-SF-Jim_Courier-Pete_Sampras,Pete Sampras,1,11,3,23,18,4,10,0,0,0,0,0,0
19920905-M-US_Open-SF-Jim_Courier-Pete_Sampras,Pete Sampras,2,3,8,13,4,11,7,27,8,13,1,0,1
19920905-M-US_Open-R32-Pete_Sampras-Todd_Martin,Pete Sampras,Total,30,23,34,17,22,41,30,13,23,1,0,0
19920905-M-US_Open-R32-Pete_Sampras-Todd_Martin,Pete Sampras,1,22,9,26,15,4,29,0,0,0,0,0,0
19920905-M-US_Open-R32-Pete_Sampras-Todd_Martin,Pete Sampras,2,8,14,8,2,18,12,30,13,23,1,0,0
19920905-M-US_Open-R32-Pete_Sampras-Todd_Martin,Todd Martin,Total,21,28,34,45,10,18,19,18,16,2,0,0
19920905-M-US_Open-R32-Pete_Sampras-Todd_Martin,Todd Martin,1,17,15,28,22,7,16,0,0,0,0,0,0
19920905-M-US_Open-R32-Pete_Sampras-Todd_Martin,Todd Martin,2,4,13,6,23,3,2,19,18,16,2,0,0
19920903-M-US_Open-QF-Ivan_Lendl-Stefan_Edberg,Ivan Lendl,Total,49,11,32,59,6,26,41,9,17,3,0,1
19920903-M-US_Open-QF-Ivan_Lendl-Stefan_Edberg,Ivan Lendl,1,32,0,26,35,0,23,0,0,0,0,0,0
19920903-M-US_Open-QF-Ivan_Lendl-Stefan_Edberg,Ivan Lendl,2,17,11,6,24,6,3,41,9,17,3,0,1
19920903-M-US_Open-QF-Ivan_Lendl-Stefan_Edberg,Stefan Edberg,Total,18,18,43,55,8,8,27,6,19,6,1,0
19920903-M-US_Open-QF-Ivan_Lendl-Stefan_Edberg,Stefan Edberg,1,17,10,22,39,5,6,0,0,0,0,0,0
19920903-M-US_Open-QF-Ivan_Lendl-Stefan_Edberg,Stefan Edberg,2,1,8,21,16,3,2,27,6,19,6,1,0
19920901-M-US_Open-R128-Boris_Becker-Kevin_Curren,Boris Becker,Total,11,28,15,18,27,5,21,7,21,2,0,0
19920901-M-US_Open-R128-Boris_Becker-Kevin_Curren,Boris Becker,1,7,13,9,13,14,4,0,0,0,0,0,0
19920901-M-US_Open-R128-Boris_Becker-Kevin_Curren,Boris Becker,2,4,15,6,5,13,1,21,7,21,2,0,0
19920901-M-US_Open-R128-Boris_Becker-Kevin_Curren,Kevin Curren,Total,20,19,22,37,6,12,23,5,31,0,0,1
19920901-M-US_Open-R128-Boris_Becker-Kevin_Curren,Kevin Curren,1,13,7,9,17,0,11,0,0,0,0,0,0
19920901-M-US_Open-R128-Boris_Becker-Kevin_Curren,Kevin Curren,2,7,12,13,20,6,1,23,5,31,0,0,1
19920126-M-Australian_Open-F-Jim_Courier-Stefan_Edberg,Jim Courier,Total,36,1,22,37,1,16,15,11,12,0,0,0
19920126-M-Australian_Open-F-Jim_Courier-Stefan_Edberg,Jim Courier,1,24,1,19,19,0,14,0,0,0,0,0,0
19920126-M-Australian_Open-F-Jim_Courier-Stefan_Edberg,Jim Courier,2,12,0,3,18,1,2,15,11,12,0,0,0
19920126-M-Australian_Open-F-Jim_Courier-Stefan_Edberg,Stefan Edberg,Total,29,3,31,52,5,3,28,6,15,2,0,1
19920126-M-Australian_Open-F-Jim_Courier-Stefan_Edberg,Stefan Edberg,1,22,2,17,32,3,2,0,0,0,0,0,0
19920126-M-Australian_Open-F-Jim_Courier-Stefan_Edberg,Stefan Edberg,2,7,1,14,20,2,1,28,6,15,2,0,1
19920125-M-Australian_Open-SF-Wayne_Ferreira-Stefan_Edberg,Wayne Ferreira,Total,25,7,29,19,21,16,28,17,16,1,0,0
19920125-M-Australian_Open-SF-Wayne_Ferreira-Stefan_Edberg,Wayne Ferreira,1,18,1,18,15,5,7,0,0,0,0,0,0
19920125-M-Australian_Open-SF-Wayne_Ferreira-Stefan_Edberg,Wayne Ferreira,2,7,6,11,4,16,9,28,17,16,1,0,0
19920125-M-Australian_Open-SF-Wayne_Ferreira-Stefan_Edberg,Stefan Edberg,Total,10,16,27,26,15,9,18,6,9,2,3,0
19920125-M-Australian_Open-SF-Wayne_Ferreira-Stefan_Edberg,Stefan Edberg,1,9,10,13,18,8,8,0,0,0,0,0,0
19920125-M-Australian_Open-SF-Wayne_Ferreira-Stefan_Edberg,Stefan Edberg,2,1,6,14,8,7,1,18,6,9,2,3,0
19920122-M-Australian_Open-QF-Stefan_Edberg-Ivan_Lendl,Stefan Edberg,Total,8,38,27,52,9,3,18,8,12,3,2,0
19920122-M-Australian_Open-QF-Stefan_Edberg-Ivan_Lendl,Stefan Edberg,1,8,31,18,36,6,3,0,0,0,0,0,0
19920122-M-Australian_Open-QF-Stefan_Edberg-Ivan_Lendl,Stefan Edberg,2,0,7,9,16,3,0,18,8,12,3,2,0
19920122-M-Australian_Open-QF-Stefan_Edberg-Ivan_Lendl,Ivan Lendl,Total,33,29,16,48,6,17,30,10,25,2,0,0
19920122-M-Australian_Open-QF-Stefan_Edberg-Ivan_Lendl,Ivan Lendl,1,19,9,16,23,2,17,0,0,0,0,0,0
19920122-M-Australian_Open-QF-Stefan_Edberg-Ivan_Lendl,Ivan Lendl,2,14,20,0,25,4,0,30,10,25,2,0,0
19920122-M-Australian_Open-QF-John_Mcenroe-Wayne_Ferreira,John Mcenroe,Total,14,11,20,22,10,10,16,7,16,0,0,0
19920122-M-Australian_Open-QF-John_Mcenroe-Wayne_Ferreira,John Mcenroe,1,8,6,11,11,2,10,0,0,0,0,0,0
19920122-M-Australian_Open-QF-John_Mcenroe-Wayne_Ferreira,John Mcenroe,2,6,5,9,11,8,0,16,7,16,0,0,0
19920122-M-Australian_Open-QF-John_Mcenroe-Wayne_Ferreira,Wayne Ferreira,Total,27,3,17,19,1,23,14,8,13,0,0,0
19920122-M-Australian_Open-QF-John_Mcenroe-Wayne_Ferreira,Wayne Ferreira,1,15,1,14,13,0,13,0,0,0,0,0,0
19920122-M-Australian_Open-QF-John_Mcenroe-Wayne_Ferreira,Wayne Ferreira,2,12,2,3,6,1,10,14,8,13,0,0,0
19920117-M-Australian_Open-R32-John_Mcenroe-Boris_Becker,John Mcenroe,Total,11,33,9,25,14,9,13,3,19,4,0,0
19920117-M-Australian_Open-R32-John_Mcenroe-Boris_Becker,John Mcenroe,1,6,16,9,16,9,9,0,0,0,0,0,0
19920117-M-Australian_Open-R32-John_Mcenroe-Boris_Becker,John Mcenroe,2,5,17,0,9,5,0,13,3,19,4,0,0
19920117-M-Australian_Open-R32-John_Mcenroe-Boris_Becker,Boris Becker,Total,30,4,16,18,14,15,7,13,24,4,0,0
19920117-M-Australian_Open-R32-John_Mcenroe-Boris_Becker,Boris Becker,1,20,0,9,8,3,14,0,0,0,0,0,0
19920117-M-Australian_Open-R32-John_Mcenroe-Boris_Becker,Boris Becker,2,10,4,7,10,11,1,7,13,24,4,0,0
19920117-M-Australian_Open-QF-Michael_Stich-Richard_Krajicek,Michael Stich,Total,31,6,60,53,5,31,34,14,29,5,1,0
19920117-M-Australian_Open-QF-Michael_Stich-Richard_Krajicek,Michael Stich,1,26,1,31,25,1,29,0,0,0,0,0,0
19920117-M-Australian_Open-QF-Michael_Stich-Richard_Krajicek,Michael Stich,2,5,5,29,28,4,2,34,14,29,5,1,0
19920117-M-Australian_Open-QF-Michael_Stich-Richard_Krajicek,Richard Krajicek,Total,28,33,31,39,23,20,48,11,16,1,0,0
19920117-M-Australian_Open-QF-Michael_Stich-Richard_Krajicek,Richard Krajicek,1,23,8,24,21,9,18,0,0,0,0,0,0
19920117-M-Australian_Open-QF-Michael_Stich-Richard_Krajicek,Richard Krajicek,2,5,25,7,18,14,2,48,11,16,1,0,0
19910908-M-US_Open-F-Jim_Courier-Stefan_Edberg,Jim Courier,Total,28,1,16,24,0,19,11,8,23,1,0,1
19910908-M-US_Open-F-Jim_Courier-Stefan_Edberg,Jim Courier,1,13,1,11,12,0,12,0,0,0,0,0,1
19910908-M-US_Open-F-Jim_Courier-Stefan_Edberg,Jim Courier,2,15,0,5,12,0,7,11,8,23,1,0,0
19910908-M-US_Open-F-Jim_Courier-Stefan_Edberg,Stefan Edberg,Total,11,12,10,22,3,6,12,4,9,0,4,0
19910908-M-US_Open-F-Jim_Courier-Stefan_Edberg,Stefan Edberg,1,7,6,4,13,2,4,0,0,0,0,0,0
19910908-M-US_Open-F-Jim_Courier-Stefan_Edberg,Stefan Edberg,2,4,6,6,9,1,2,12,4,9,0,4,0
19910907-M-US_Open-SF-Jim_Courier-Jimmy_Connors,Jim Courier,Total,18,5,18,18,5,13,17,7,9,2,0,0
19910907-M-US_Open-SF-Jim_Courier-Jimmy_Connors,Jim Courier,1,12,1,13,13,0,6,0,0,0,0,0,0
19910907-M-US_Open-SF-Jim_Courier-Jimmy_Connors,Jim Courier,2,6,4,5,5,5,7,17,7,9,2,0,0
19910907-M-US_Open-SF-Jim_Courier-Jimmy_Connors,Jimmy Connors,Total,7,11,27,28,4,8,18,3,11,1,0,0
19910907-M-US_Open-SF-Jim_Courier-Jimmy_Connors,Jimmy Connors,1,4,11,17,15,2,7,0,0,0,0,0,0
19910907-M-US_Open-SF-Jim_Courier-Jimmy_Connors,Jimmy Connors,2,3,0,10,13,2,1,18,3,11,1,0,0
19910907-M-US_Open-SF-Jim_Courier-Jimmy_Connors,Jim Courier,Total,18,5,18,18,5,13,17,7,9,2,0,0
19910907-M-US_Open-SF-Jim_Courier-Jimmy_Connors,Jim Courier,1,12,1,13,13,0,6,0,0,0,0,0,0
19910907-M-US_Open-SF-Jim_Courier-Jimmy_Connors,Jim Courier,2,6,4,5,5,5,7,17,7,9,2,0,0
19910907-M-US_Open-SF-Jim_Courier-Jimmy_Connors,Jimmy Connors,Total,7,9,27,28,4,8,18,3,11,1,0,0
19910907-M-US_Open-SF-Jim_Courier-Jimmy_Connors,Jimmy Connors,1,4,9,17,15,2,7,0,0,0,0,0,0
19910907-M-US_Open-SF-Jim_Courier-Jimmy_Connors,Jimmy Connors,2,3,0,10,13,2,1,18,3,11,1,0,0
19910907-M-US_Open-SF-Ivan_Lendl-Stefan_Edberg,Ivan Lendl,Total,13,15,15,30,6,6,26,1,16,3,0,0
19910907-M-US_Open-SF-Ivan_Lendl-Stefan_Edberg,Ivan Lendl,1,11,1,10,11,2,6,0,0,0,0,0,0
19910907-M-US_Open-SF-Ivan_Lendl-Stefan_Edberg,Ivan Lendl,2,2,14,5,19,4,0,26,1,16,3,0,0
19910907-M-US_Open-SF-Ivan_Lendl-Stefan_Edberg,Stefan Edberg,Total,5,17,23,26,9,2,12,8,7,2,1,1
19910907-M-US_Open-SF-Ivan_Lendl-Stefan_Edberg,Stefan Edberg,1,4,13,14,18,4,2,0,0,0,0,0,0
19910907-M-US_Open-SF-Ivan_Lendl-Stefan_Edberg,Stefan Edberg,2,1,4,9,8,5,0,12,8,7,2,1,1
19910905-M-US_Open-QF-Pete_Sampras-Jim_Courier,Pete Sampras,Total,23,15,27,29,15,20,36,10,21,2,0,0
19910905-M-US_Open-QF-Pete_Sampras-Jim_Courier,Pete Sampras,1,17,1,16,18,1,16,0,0,0,0,0,0
19910905-M-US_Open-QF-Pete_Sampras-Jim_Courier,Pete Sampras,2,6,14,11,11,14,4,36,10,21,2,0,0
19910905-M-US_Open-QF-Pete_Sampras-Jim_Courier,Jim Courier,Total,25,6,20,29,5,12,15,6,16,0,0,0
19910905-M-US_Open-QF-Pete_Sampras-Jim_Courier,Jim Courier,1,18,2,13,16,2,11,0,0,0,0,0,0
19910905-M-US_Open-QF-Pete_Sampras-Jim_Courier,Jim Courier,2,7,4,7,13,3,1,15,6,16,0,0,0
19910905-M-US_Open-QF-Jimmy_Connors-Paul_Haarhuis,Jimmy Connors,Total,14,8,34,35,10,6,23,10,18,0,0,0
19910905-M-US_Open-QF-Jimmy_Connors-Paul_Haarhuis,Jimmy Connors,1,7,2,22,16,6,5,0,0,0,0,0,0
19910905-M-US_Open-QF-Jimmy_Connors-Paul_Haarhuis,Jimmy Connors,2,7,6,12,19,4,1,23,10,18,0,0,0
19910905-M-US_Open-QF-Jimmy_Connors-Paul_Haarhuis,Paul Haarhuis,Total,23,16,16,21,15,17,27,3,11,1,0,0
19910905-M-US_Open-QF-Jimmy_Connors-Paul_Haarhuis,Paul Haarhuis,1,18,6,11,11,5,16,0,0,0,0,0,0
19910905-M-US_Open-QF-Jimmy_Connors-Paul_Haarhuis,Paul Haarhuis,2,5,10,5,10,10,1,27,3,11,1,0,0
19910904-M-US_Open-QF-Javier_Sanchez-Stefan_Edberg,Javier Sanchez,Total,6,0,42,31,2,15,13,4,14,3,0,1
19910904-M-US_Open-QF-Javier_Sanchez-Stefan_Edberg,Javier Sanchez,1,5,0,25,17,1,15,0,0,0,0,0,0
19910904-M-US_Open-QF-Javier_Sanchez-Stefan_Edberg,Javier Sanchez,2,1,0,17,14,1,0,13,4,14,3,0,1
19910904-M-US_Open-QF-Javier_Sanchez-Stefan_Edberg,Stefan Edberg,Total,1,9,22,23,4,4,9,4,12,0,1,0
19910904-M-US_Open-QF-Javier_Sanchez-Stefan_Edberg,Stefan Edberg,1,1,8,11,17,2,3,0,0,0,0,0,0
19910904-M-US_Open-QF-Javier_Sanchez-Stefan_Edberg,Stefan Edberg,2,0,1,11,6,2,1,9,4,12,0,1,0
19910902-M-US_Open-R16-Aaron_Krickstein-Jimmy_Connors,Aaron Krickstein,Total,58,26,20,21,25,51,49,9,32,1,0,0
19910902-M-US_Open-R16-Aaron_Krickstein-Jimmy_Connors,Aaron Krickstein,1,32,7,14,19,9,31,0,0,0,0,0,0
19910902-M-US_Open-R16-Aaron_Krickstein-Jimmy_Connors,Aaron Krickstein,2,26,19,6,2,16,20,49,9,32,1,0,0
19910902-M-US_Open-R16-Aaron_Krickstein-Jimmy_Connors,Jimmy Connors,Total,21,33,35,54,15,13,31,7,28,2,0,0
19910902-M-US_Open-R16-Aaron_Krickstein-Jimmy_Connors,Jimmy Connors,1,15,22,23,27,12,11,0,0,0,0,0,0
19910902-M-US_Open-R16-Aaron_Krickstein-Jimmy_Connors,Jimmy Connors,2,6,11,12,27,3,2,31,7,28,2,0,0
19910902-M-US_Open-QF-Michael_Chang-Stefan_Edberg,Michael Chang,Total,12,28,13,10,23,16,20,5,29,1,0,1
19910902-M-US_Open-QF-Michael_Chang-Stefan_Edberg,Michael Chang,1,8,4,10,8,4,15,0,0,0,0,0,0
19910902-M-US_Open-QF-Michael_Chang-Stefan_Edberg,Michael Chang,2,4,24,3,2,19,1,20,5,29,1,0,1
19910902-M-US_Open-QF-Michael_Chang-Stefan_Edberg,Stefan Edberg,Total,16,27,9,31,12,4,21,5,14,3,1,2
19910902-M-US_Open-QF-Michael_Chang-Stefan_Edberg,Stefan Edberg,1,13,8,4,23,2,4,0,0,0,0,0,0
19910902-M-US_Open-QF-Michael_Chang-Stefan_Edberg,Stefan Edberg,2,3,19,5,8,10,0,21,5,14,3,1,2
19910901-M-US_Open-R16-Ivan_Lendl-Goran_Ivanisevic,Ivan Lendl,Total,38,7,12,22,11,22,30,4,16,2,1,0
19910901-M-US_Open-R16-Ivan_Lendl-Goran_Ivanisevic,Ivan Lendl,1,18,4,11,15,1,14,0,0,0,0,0,0
19910901-M-US_Open-R16-Ivan_Lendl-Goran_Ivanisevic,Ivan Lendl,2,20,3,1,7,10,8,30,4,16,2,1,0
19910901-M-US_Open-R16-Ivan_Lendl-Goran_Ivanisevic,Goran Ivanisevic,Total,14,15,33,35,9,17,30,9,34,0,4,0
19910901-M-US_Open-R16-Ivan_Lendl-Goran_Ivanisevic,Goran Ivanisevic,1,9,4,17,13,1,10,0,0,0,0,0,0
19910901-M-US_Open-R16-Ivan_Lendl-Goran_Ivanisevic,Goran Ivanisevic,2,5,11,16,22,8,7,30,9,34,0,4,0
19910830-M-US_Open-R32-John_Mcenroe-Michael_Chang,John Mcenroe,Total,19,32,25,41,18,15,26,5,24,2,0,0
19910830-M-US_Open-R32-John_Mcenroe-Michael_Chang,John Mcenroe,1,14,11,19,33,5,13,0,0,0,0,0,0
19910830-M-US_Open-R32-John_Mcenroe-Michael_Chang,John Mcenroe,2,5,21,6,8,13,2,26,5,24,2,0,0
19910830-M-US_Open-R32-John_Mcenroe-Michael_Chang,Michael Chang,Total,37,15,18,13,14,37,28,6,38,1,0,0
19910830-M-US_Open-R32-John_Mcenroe-Michael_Chang,Michael Chang,1,17,1,16,10,2,18,0,0,0,0,0,0
19910830-M-US_Open-R32-John_Mcenroe-Michael_Chang,Michael Chang,2,20,14,2,3,12,19,28,6,38,1,0,0
19910829-M-US_Open-R64-Jimmy_Connors-Michiel_Schapers,Jimmy Connors,Total,10,11,15,17,14,4,11,5,5,2,0,0
19910829-M-US_Open-R64-Jimmy_Connors-Michiel_Schapers,Jimmy Connors,1,4,7,14,14,7,4,0,0,0,0,0,0
19910829-M-US_Open-R64-Jimmy_Connors-Michiel_Schapers,Jimmy Connors,2,6,4,1,3,7,0,11,5,5,2,0,0
19910829-M-US_Open-R64-Jimmy_Connors-Michiel_Schapers,Michiel Schapers,Total,11,10,7,7,14,8,6,3,8,1,0,0
19910829-M-US_Open-R64-Jimmy_Connors-Michiel_Schapers,Michiel Schapers,1,6,8,7,7,8,6,0,0,0,0,0,0
19910829-M-US_Open-R64-Jimmy_Connors-Michiel_Schapers,Michiel Schapers,2,5,2,0,0,6,2,6,3,8,1,0,0
19910827-M-US_Open-R128-Jimmy_Connors-Patrick_Mcenroe,Jimmy Connors,Total,16,23,38,30,41,7,23,4,32,2,0,0
19910827-M-US_Open-R128-Jimmy_Connors-Patrick_Mcenroe,Jimmy Connors,1,10,14,31,24,15,7,0,0,0,0,0,0
19910827-M-US_Open-R128-Jimmy_Connors-Patrick_Mcenroe,Jimmy Connors,2,6,9,7,6,26,0,23,4,32,2,0,0
19910827-M-US_Open-R128-Jimmy_Connors-Patrick_Mcenroe,Patrick Mcenroe,Total,35,34,20,22,29,33,34,9,38,2,0,0
19910827-M-US_Open-R128-Jimmy_Connors-Patrick_Mcenroe,Patrick Mcenroe,1,24,9,14,16,11,20,0,0,0,0,0,0
19910827-M-US_Open-R128-Jimmy_Connors-Patrick_Mcenroe,Patrick Mcenroe,2,11,25,6,6,18,13,34,9,38,2,0,0
19910127-M-Australian_Open-F-Ivan_Lendl-Boris_Becker,Ivan Lendl,Total,35,4,17,32,2,16,27,7,14,1,0,0
19910127-M-Australian_Open-F-Ivan_Lendl-Boris_Becker,Ivan Lendl,1,22,1,12,12,0,13,0,0,0,0,0,0
19910127-M-Australian_Open-F-Ivan_Lendl-Boris_Becker,Ivan Lendl,2,13,3,5,20,2,3,27,7,14,1,0,0
19910127-M-Australian_Open-F-Ivan_Lendl-Boris_Becker,Boris Becker,Total,17,14,25,36,8,7,6,2,29,1,0,1
19910127-M-Australian_Open-F-Ivan_Lendl-Boris_Becker,Boris Becker,1,13,9,19,18,7,6,0,0,0,0,0,1
19910127-M-Australian_Open-F-Ivan_Lendl-Boris_Becker,Boris Becker,2,4,5,6,18,1,1,6,2,29,1,0,0
19910126-M-Australian_Open-SF-Boris_Becker-Patrick_Mcenroe,Boris Becker,Total,26,10,29,21,18,18,16,5,25,0,0,0
19910126-M-Australian_Open-SF-Boris_Becker-Patrick_Mcenroe,Boris Becker,1,19,3,21,16,7,15,0,0,0,0,0,0
19910126-M-Australian_Open-SF-Boris_Becker-Patrick_Mcenroe,Boris Becker,2,7,7,8,5,11,3,16,5,25,0,0,0
19910126-M-Australian_Open-SF-Boris_Becker-Patrick_Mcenroe,Patrick Mcenroe,Total,19,17,35,21,13,30,30,11,15,1,6,0
19910126-M-Australian_Open-SF-Boris_Becker-Patrick_Mcenroe,Patrick Mcenroe,1,13,7,17,8,6,23,0,0,0,0,0,0
19910126-M-Australian_Open-SF-Boris_Becker-Patrick_Mcenroe,Patrick Mcenroe,2,6,10,18,13,7,7,30,11,15,1,6,0
19910125-M-Australian_Open-SF-Stefan_Edberg-Ivan_Lendl,Stefan Edberg,Total,15,42,26,54,18,5,32,13,23,5,2,0
19910125-M-Australian_Open-SF-Stefan_Edberg-Ivan_Lendl,Stefan Edberg,1,14,27,12,30,8,5,0,0,0,0,0,0
19910125-M-Australian_Open-SF-Stefan_Edberg-Ivan_Lendl,Stefan Edberg,2,1,15,14,24,10,0,32,13,23,5,2,0
19910125-M-Australian_Open-SF-Stefan_Edberg-Ivan_Lendl,Ivan Lendl,Total,37,25,26,57,4,16,36,17,22,3,0,0
19910125-M-Australian_Open-SF-Stefan_Edberg-Ivan_Lendl,Ivan Lendl,1,20,9,23,22,1,16,0,0,0,0,0,0
19910125-M-Australian_Open-SF-Stefan_Edberg-Ivan_Lendl,Ivan Lendl,2,17,16,3,35,3,0,36,17,22,3,0,0
19910123-M-Australian_Open-QF-Jaime_Yzaga-Stefan_Edberg,Jaime Yzaga,Total,14,16,8,13,5,17,14,3,13,0,0,0
19910123-M-Australian_Open-QF-Jaime_Yzaga-Stefan_Edberg,Jaime Yzaga,1,9,9,4,8,2,13,0,0,0,0,0,0
19910123-M-Australian_Open-QF-Jaime_Yzaga-Stefan_Edberg,Jaime Yzaga,2,5,7,4,5,3,4,14,3,13,0,0,0
19910123-M-Australian_Open-QF-Jaime_Yzaga-Stefan_Edberg,Stefan Edberg,Total,10,15,12,23,7,4,12,4,12,1,0,0
19910123-M-Australian_Open-QF-Jaime_Yzaga-Stefan_Edberg,Stefan Edberg,1,9,8,8,16,1,4,0,0,0,0,0,0
19910123-M-Australian_Open-QF-Jaime_Yzaga-Stefan_Edberg,Stefan Edberg,2,1,7,4,7,6,0,12,4,12,1,0,0
19910122-M-Australian_Open-QF-Guy_Forget-Boris_Becker,Guy Forget,Total,6,16,20,12,20,6,26,7,14,1,0,0
19910122-M-Australian_Open-QF-Guy_Forget-Boris_Becker,Guy Forget,1,5,3,11,7,1,6,0,0,0,0,0,0
19910122-M-Australian_Open-QF-Guy_Forget-Boris_Becker,Guy Forget,2,1,13,9,5,19,0,26,7,14,1,0,0
19910122-M-Australian_Open-QF-Guy_Forget-Boris_Becker,Boris Becker,Total,12,10,20,13,10,14,15,7,15,1,0,0
19910122-M-Australian_Open-QF-Guy_Forget-Boris_Becker,Boris Becker,1,5,6,12,4,8,9,0,0,0,0,0,0
19910122-M-Australian_Open-QF-Guy_Forget-Boris_Becker,Boris Becker,2,7,4,8,9,2,5,15,7,15,1,0,0
19910119-M-Australian_Open-R32-Pat_Cash-Stefan_Edberg,Pat Cash,Total,16,21,17,14,14,22,9,8,12,2,1,0
19910119-M-Australian_Open-R32-Pat_Cash-Stefan_Edberg,Pat Cash,1,13,13,9,11,12,16,0,0,0,0,0,0
19910119-M-Australian_Open-R32-Pat_Cash-Stefan_Edberg,Pat Cash,2,3,8,8,3,2,6,9,8,12,2,1,0
19910119-M-Australian_Open-R32-Pat_Cash-Stefan_Edberg,Stefan Edberg,Total,14,24,16,26,19,5,16,8,17,1,1,0
19910119-M-Australian_Open-R32-Pat_Cash-Stefan_Edberg,Stefan Edberg,1,13,15,11,18,6,4,0,0,0,0,0,0
19910119-M-Australian_Open-R32-Pat_Cash-Stefan_Edberg,Stefan Edberg,2,1,9,5,8,13,1,16,8,17,1,1,0
19910118-M-Australian_Open-R32-Omar_Camporese-Boris_Becker,Omar Camporese,Total,32,14,56,63,6,26,43,18,44,3,0,0
19910118-M-Australian_Open-R32-Omar_Camporese-Boris_Becker,Omar Camporese,1,23,5,21,28,2,16,0,0,0,0,0,0
19910118-M-Australian_Open-R32-Omar_Camporese-Boris_Becker,Omar Camporese,2,9,9,35,35,4,10,43,18,44,3,0,0
19910118-M-Australian_Open-R32-Omar_Camporese-Boris_Becker,Boris Becker,Total,39,13,46,39,30,21,14,8,37,2,0,0
19910118-M-Australian_Open-R32-Omar_Camporese-Boris_Becker,Boris Becker,1,31,8,31,24,18,16,0,0,0,0,0,0
19910118-M-Australian_Open-R32-Omar_Camporese-Boris_Becker,Boris Becker,2,8,5,15,15,12,5,14,8,37,2,0,0
19900909-M-US_Open-F-Andre_Agassi-Pete_Sampras,Andre Agassi,Total,6,1,44,41,0,7,8,4,13,0,0,0
19900909-M-US_Open-F-Andre_Agassi-Pete_Sampras,Andre Agassi,1,6,0,31,31,0,7,0,0,0,0,0,0
19900909-M-US_Open-F-Andre_Agassi-Pete_Sampras,Andre Agassi,2,0,1,13,10,0,0,8,4,13,0,0,0
19900909-M-US_Open-F-Andre_Agassi-Pete_Sampras,Pete Sampras,Total,16,3,19,16,1,17,18,4,12,1,0,0
19900909-M-US_Open-F-Andre_Agassi-Pete_Sampras,Pete Sampras,1,8,1,11,7,0,11,0,0,0,0,0,0
19900909-M-US_Open-F-Andre_Agassi-Pete_Sampras,Pete Sampras,2,8,2,8,9,1,6,18,4,12,1,0,0
19900908-M-US_Open-SF-John_Mcenroe-Pete_Sampras,John Mcenroe,Total,11,18,31,18,17,21,19,3,22,7,0,0
19900908-M-US_Open-SF-John_Mcenroe-Pete_Sampras,John Mcenroe,1,8,7,24,14,3,17,0,0,0,0,0,0
19900908-M-US_Open-SF-John_Mcenroe-Pete_Sampras,John Mcenroe,2,3,11,7,4,14,4,19,3,22,7,0,0
19900908-M-US_Open-SF-John_Mcenroe-Pete_Sampras,Pete Sampras,Total,15,15,25,6,10,37,26,10,13,4,0,0
19900908-M-US_Open-SF-John_Mcenroe-Pete_Sampras,Pete Sampras,1,11,4,17,3,3,22,0,0,0,0,0,0
19900908-M-US_Open-SF-John_Mcenroe-Pete_Sampras,Pete Sampras,2,4,11,8,3,7,15,26,10,13,4,0,0
19900908-M-US_Open-SF-Andre_Agassi-Boris_Becker,Andre Agassi,Total,9,8,42,37,6,6,14,5,14,1,0,0
19900908-M-US_Open-SF-Andre_Agassi-Boris_Becker,Andre Agassi,1,9,5,26,26,3,6,0,0,0,0,0,0
19900908-M-US_Open-SF-Andre_Agassi-Boris_Becker,Andre Agassi,2,0,3,16,11,3,0,14,5,14,1,0,0
19900908-M-US_Open-SF-Andre_Agassi-Boris_Becker,Boris Becker,Total,24,14,32,32,25,12,18,5,40,2,0,0
19900908-M-US_Open-SF-Andre_Agassi-Boris_Becker,Boris Becker,1,15,4,18,18,13,10,0,0,0,0,0,0
19900908-M-US_Open-SF-Andre_Agassi-Boris_Becker,Boris Becker,2,9,10,14,14,12,2,18,5,40,2,0,0
19900906-M-US_Open-QF-Andrei_Cherkasov-Andre_Agassi,Andrei Cherkasov,Total,15,14,15,19,2,18,6,4,27,1,0,0
19900906-M-US_Open-QF-Andrei_Cherkasov-Andre_Agassi,Andrei Cherkasov,1,9,5,9,7,2,14,0,0,0,0,0,0
19900906-M-US_Open-QF-Andrei_Cherkasov-Andre_Agassi,Andrei Cherkasov,2,6,9,6,12,0,4,6,4,27,1,0,0
19900906-M-US_Open-QF-Andrei_Cherkasov-Andre_Agassi,Andre Agassi,Total,18,4,15,22,3,9,15,2,10,0,0,0
19900906-M-US_Open-QF-Andrei_Cherkasov-Andre_Agassi,Andre Agassi,1,17,2,7,10,1,8,0,0,0,0,0,0
19900906-M-US_Open-QF-Andrei_Cherkasov-Andre_Agassi,Andre Agassi,2,1,2,8,12,2,1,15,2,10,0,0,0
19900905-M-US_Open-QF-John_Mcenroe-David_Wheaton,John Mcenroe,Total,13,13,12,15,11,11,17,3,17,2,0,0
19900905-M-US_Open-QF-John_Mcenroe-David_Wheaton,John Mcenroe,1,7,6,9,10,1,6,0,0,0,0,0,0
19900905-M-US_Open-QF-John_Mcenroe-David_Wheaton,John Mcenroe,2,6,7,3,5,10,5,17,3,17,2,0,0
19900905-M-US_Open-QF-John_Mcenroe-David_Wheaton,David Wheaton,Total,19,19,7,12,11,19,15,5,18,1,0,0
19900905-M-US_Open-QF-John_Mcenroe-David_Wheaton,David Wheaton,1,12,8,5,12,4,12,0,0,0,0,0,0
19900905-M-US_Open-QF-John_Mcenroe-David_Wheaton,David Wheaton,2,7,11,2,0,7,7,15,5,18,1,0,0
19900903-M-US_Open-R16-Darren_Cahill-Boris_Becker,Darren Cahill,Total,13,31,40,43,27,9,39,8,31,0,0,0
19900903-M-US_Open-R16-Darren_Cahill-Boris_Becker,Darren Cahill,1,9,18,19,29,7,8,0,0,0,0,0,0
19900903-M-US_Open-R16-Darren_Cahill-Boris_Becker,Darren Cahill,2,4,13,21,14,20,1,39,8,31,0,0,0
19900903-M-US_Open-R16-Darren_Cahill-Boris_Becker,Boris Becker,Total,19,27,16,30,17,8,9,3,25,1,0,0
19900903-M-US_Open-R16-Darren_Cahill-Boris_Becker,Boris Becker,1,17,11,14,26,10,5,0,0,0,0,0,0
19900903-M-US_Open-R16-Darren_Cahill-Boris_Becker,Boris Becker,2,2,16,2,4,7,3,9,3,25,1,0,0
19900902-M-US_Open-R16-John_Mcenroe-Emilio_Sanchez,John Mcenroe,Total,19,41,25,40,21,12,31,13,28,0,1,0
19900902-M-US_Open-R16-John_Mcenroe-Emilio_Sanchez,John Mcenroe,1,15,20,18,29,4,7,0,0,0,0,0,0
19900902-M-US_Open-R16-John_Mcenroe-Emilio_Sanchez,John Mcenroe,2,4,21,7,11,17,5,31,13,28,0,1,0
19900902-M-US_Open-R16-John_Mcenroe-Emilio_Sanchez,Emilio Sanchez,Total,42,27,13,26,28,20,26,6,20,0,0,0
19900902-M-US_Open-R16-John_Mcenroe-Emilio_Sanchez,Emilio Sanchez,1,32,9,11,20,14,18,0,0,0,0,0,0
19900902-M-US_Open-R16-John_Mcenroe-Emilio_Sanchez,Emilio Sanchez,2,10,18,2,6,14,2,26,6,20,0,0,0
19900901-M-US_Open-R32-Tomas_Carbonell-Boris_Becker,Tomas Carbonell,Total,14,10,12,24,5,5,11,4,14,1,0,0
19900901-M-US_Open-R32-Tomas_Carbonell-Boris_Becker,Tomas Carbonell,1,13,1,8,14,1,5,0,0,0,0,0,0
19900901-M-US_Open-R32-Tomas_Carbonell-Boris_Becker,Tomas Carbonell,2,1,9,4,10,4,0,11,4,14,1,0,0
19900901-M-US_Open-R32-Tomas_Carbonell-Boris_Becker,Boris Becker,Total,25,6,10,24,8,4,5,5,27,6,0,0
19900901-M-US_Open-R32-Tomas_Carbonell-Boris_Becker,Boris Becker,1,17,1,8,8,1,3,0,0,0,0,0,0
19900901-M-US_Open-R32-Tomas_Carbonell-Boris_Becker,Boris Becker,2,8,5,2,16,7,1,5,5,27,6,0,0
19900830-M-US_Open-R64-Yannick_Noah-Boris_Becker,Yannick Noah,Total,8,17,21,15,16,11,30,8,19,1,0,0
19900830-M-US_Open-R64-Yannick_Noah-Boris_Becker,Yannick Noah,1,5,5,11,6,3,5,0,0,0,0,0,0
19900830-M-US_Open-R64-Yannick_Noah-Boris_Becker,Yannick Noah,2,3,12,10,9,13,6,30,8,19,1,0,0
19900830-M-US_Open-R64-Yannick_Noah-Boris_Becker,Boris Becker,Total,12,16,18,25,11,4,8,2,17,0,0,0
19900830-M-US_Open-R64-Yannick_Noah-Boris_Becker,Boris Becker,1,10,11,14,17,4,3,0,0,0,0,0,0
19900830-M-US_Open-R64-Yannick_Noah-Boris_Becker,Boris Becker,2,2,5,4,8,7,1,8,2,17,0,0,0
19900829-M-US_Open-R64-Michael_Stich-Ivan_Lendl,Michael Stich,Total,9,15,37,34,12,10,22,1,25,0,0,0
19900829-M-US_Open-R64-Michael_Stich-Ivan_Lendl,Michael Stich,1,8,6,24,18,8,9,0,0,0,0,0,0
19900829-M-US_Open-R64-Michael_Stich-Ivan_Lendl,Michael Stich,2,1,9,13,16,4,1,22,1,25,0,0,0
19900829-M-US_Open-R64-Michael_Stich-Ivan_Lendl,Ivan Lendl,Total,31,16,25,38,13,18,22,7,25,3,0,0
19900829-M-US_Open-R64-Michael_Stich-Ivan_Lendl,Ivan Lendl,1,28,2,19,18,2,18,0,0,0,0,0,0
19900829-M-US_Open-R64-Michael_Stich-Ivan_Lendl,Ivan Lendl,2,3,14,6,20,11,0,22,7,25,3,0,0
19900203-M-Australian_Open-SF-Yannick_Noah-Ivan_Lendl,Yannick Noah,Total,9,13,17,11,7,16,23,5,7,0,0,0
19900203-M-Australian_Open-SF-Yannick_Noah-Ivan_Lendl,Yannick Noah,1,5,5,8,8,1,12,0,0,0,0,0,0
19900203-M-Australian_Open-SF-Yannick_Noah-Ivan_Lendl,Yannick Noah,2,4,8,9,3,6,4,23,5,7,0,0,0
19900203-M-Australian_Open-SF-Yannick_Noah-Ivan_Lendl,Ivan Lendl,Total,10,10,16,16,7,9,11,3,13,1,0,1
19900203-M-Australian_Open-SF-Yannick_Noah-Ivan_Lendl,Ivan Lendl,1,7,3,11,12,3,7,0,0,0,0,0,0
19900203-M-Australian_Open-SF-Yannick_Noah-Ivan_Lendl,Ivan Lendl,2,3,7,5,4,4,2,11,3,13,1,0,1
19900128-M-Australian_Open-F-Ivan_Lendl-Stefan_Edberg,Ivan Lendl,Total,36,2,11,31,0,10,24,8,14,1,0,0
19900128-M-Australian_Open-F-Ivan_Lendl-Stefan_Edberg,Ivan Lendl,1,16,0,8,15,0,9,0,0,0,0,0,0
19900128-M-Australian_Open-F-Ivan_Lendl-Stefan_Edberg,Ivan Lendl,2,20,2,3,16,0,1,24,8,14,1,0,0
19900128-M-Australian_Open-F-Ivan_Lendl-Stefan_Edberg,Stefan Edberg,Total,17,10,29,45,3,5,20,10,11,1,1,0
19900128-M-Australian_Open-F-Ivan_Lendl-Stefan_Edberg,Stefan Edberg,1,14,6,17,31,3,4,0,0,0,0,0,0
19900128-M-Australian_Open-F-Ivan_Lendl-Stefan_Edberg,Stefan Edberg,2,3,4,12,14,0,1,20,10,11,1,1,0
19900127-M-Australian_Open-SF-Mats_Wilander-Stefan_Edberg,Mats Wilander,Total,4,15,16,5,15,14,10,7,7,0,1,0
19900127-M-Australian_Open-SF-Mats_Wilander-Stefan_Edberg,Mats Wilander,1,4,7,12,5,3,13,0,0,0,0,0,0
19900127-M-Australian_Open-SF-Mats_Wilander-Stefan_Edberg,Mats Wilander,2,0,8,4,0,12,1,10,7,7,0,1,0
19900127-M-Australian_Open-SF-Mats_Wilander-Stefan_Edberg,Stefan Edberg,Total,9,15,6,8,13,6,9,3,2,1,0,0
19900127-M-Australian_Open-SF-Mats_Wilander-Stefan_Edberg,Stefan Edberg,1,9,11,5,7,6,6,0,0,0,0,0,0
19900127-M-Australian_Open-SF-Mats_Wilander-Stefan_Edberg,Stefan Edberg,2,0,4,1,1,7,0,9,3,2,1,0,0
19900122-M-Australian_Open-R16-Jonas_Svensson-Stefan_Edberg,Jonas Svensson,Total,16,21,6,26,15,2,16,0,19,0,0,0
19900122-M-Australian_Open-R16-Jonas_Svensson-Stefan_Edberg,Jonas Svensson,1,13,9,5,18,7,2,0,0,0,0,0,0
19900122-M-Australian_Open-R16-Jonas_Svensson-Stefan_Edberg,Jonas Svensson,2,3,12,1,8,8,0,16,0,19,0,0,0
19900122-M-Australian_Open-R16-Jonas_Svensson-Stefan_Edberg,Stefan Edberg,Total,7,26,7,17,13,7,11,3,3,1,3,0
19900122-M-Australian_Open-R16-Jonas_Svensson-Stefan_Edberg,Stefan Edberg,1,7,15,3,14,11,7,0,0,0,0,0,0
19900122-M-Australian_Open-R16-Jonas_Svensson-Stefan_Edberg,Stefan Edberg,2,0,11,4,3,2,0,11,3,3,1,3,0
19900122-M-Australian_Open-R16-Boris_Becker-Miloslav_Mecir,Boris Becker,Total,25,21,27,28,25,13,27,4,43,5,0,0
19900122-M-Australian_Open-R16-Boris_Becker-Miloslav_Mecir,Boris Becker,1,17,1,19,13,5,9,0,0,0,0,0,0
19900122-M-Australian_Open-R16-Boris_Becker-Miloslav_Mecir,Boris Becker,2,8,20,8,15,20,4,27,4,43,5,0,0
19900122-M-Australian_Open-R16-Boris_Becker-Miloslav_Mecir,Miloslav Mecir,Total,19,13,48,49,12,18,44,3,33,1,0,0
19900122-M-Australian_Open-R16-Boris_Becker-Miloslav_Mecir,Miloslav Mecir,1,15,1,24,25,2,15,0,0,0,0,0,0
19900122-M-Australian_Open-R16-Boris_Becker-Miloslav_Mecir,Miloslav Mecir,2,4,12,24,24,10,3,44,3,33,1,0,0
19900121-M-Australian_Open-R16-John_Mcenroe-Mikael_Pernfors,John Mcenroe,Total,17,33,14,39,16,5,30,8,37,2,0,0
19900121-M-Australian_Open-R16-John_Mcenroe-Mikael_Pernfors,John Mcenroe,1,12,7,8,20,5,5,0,0,0,0,0,0
19900121-M-Australian_Open-R16-John_Mcenroe-Mikael_Pernfors,John Mcenroe,2,5,26,6,19,11,0,30,8,37,2,0,0
19900121-M-Australian_Open-R16-John_Mcenroe-Mikael_Pernfors,Mikael Pernfors,Total,36,16,5,12,16,24,22,3,8,0,0,0
19900121-M-Australian_Open-R16-John_Mcenroe-Mikael_Pernfors,Mikael Pernfors,1,23,16,4,10,12,16,0,0,0,0,0,0
19900121-M-Australian_Open-R16-John_Mcenroe-Mikael_Pernfors,Mikael Pernfors,2,13,0,1,2,4,8,22,3,8,0,0,0
19890910-M-US_Open-F-Boris_Becker-Ivan_Lendl,Boris Becker,Total,22,23,30,61,3,4,19,19,34,3,0,0
19890910-M-US_Open-F-Boris_Becker-Ivan_Lendl,Boris Becker,1,16,6,16,36,3,2,0,0,0,0,0,0
19890910-M-US_Open-F-Boris_Becker-Ivan_Lendl,Boris Becker,2,6,17,14,25,0,2,19,19,34,3,0,0
19890910-M-US_Open-F-Boris_Becker-Ivan_Lendl,Ivan Lendl,Total,35,7,24,43,0,16,19,11,19,2,0,0
19890910-M-US_Open-F-Boris_Becker-Ivan_Lendl,Ivan Lendl,1,25,4,13,22,0,15,0,0,0,0,0,0
19890910-M-US_Open-F-Boris_Becker-Ivan_Lendl,Ivan Lendl,2,10,3,11,21,0,1,19,11,19,2,0,0
19890909-M-US_Open-SF-Boris_Becker-Aaron_Krickstein,Boris Becker,Total,19,17,21,24,20,10,25,4,29,9,0,0
19890909-M-US_Open-SF-Boris_Becker-Aaron_Krickstein,Boris Becker,1,14,2,9,6,9,10,0,0,0,0,0,0
19890909-M-US_Open-SF-Boris_Becker-Aaron_Krickstein,Boris Becker,2,5,15,12,18,11,0,25,4,29,9,0,0
19890909-M-US_Open-SF-Boris_Becker-Aaron_Krickstein,Aaron Krickstein,Total,15,18,17,14,19,13,35,3,17,1,1,0
19890909-M-US_Open-SF-Boris_Becker-Aaron_Krickstein,Aaron Krickstein,1,11,5,9,9,1,8,0,0,0,0,0,0
19890909-M-US_Open-SF-Boris_Becker-Aaron_Krickstein,Aaron Krickstein,2,4,13,8,5,18,5,35,3,17,1,1,0
19890909-M-US_Open-SF-Andre_Agassi-Ivan_Lendl,Andre Agassi,Total,16,12,31,34,8,12,25,10,21,8,0,0
19890909-M-US_Open-SF-Andre_Agassi-Ivan_Lendl,Andre Agassi,1,13,3,12,15,1,11,0,0,0,0,0,0
19890909-M-US_Open-SF-Andre_Agassi-Ivan_Lendl,Andre Agassi,2,3,9,19,19,7,1,25,10,21,8,0,0
19890909-M-US_Open-SF-Andre_Agassi-Ivan_Lendl,Ivan Lendl,Total,27,15,17,38,3,12,32,6,16,6,0,0
19890909-M-US_Open-SF-Andre_Agassi-Ivan_Lendl,Ivan Lendl,1,16,2,10,17,0,10,0,0,0,0,0,0
19890909-M-US_Open-SF-Andre_Agassi-Ivan_Lendl,Ivan Lendl,2,11,13,7,21,3,2,32,6,16,6,0,0
19890907-M-US_Open-SF-Tim_Mayotte-Ivan_Lendl,Tim Mayotte,Total,13,20,8,14,18,7,18,4,13,0,0,0
19890907-M-US_Open-SF-Tim_Mayotte-Ivan_Lendl,Tim Mayotte,1,12,12,4,12,7,6,0,0,0,0,0,0
19890907-M-US_Open-SF-Tim_Mayotte-Ivan_Lendl,Tim Mayotte,2,1,8,4,2,11,1,18,4,13,0,0,0
19890907-M-US_Open-SF-Tim_Mayotte-Ivan_Lendl,Ivan Lendl,Total,12,19,5,15,14,4,7,2,10,0,0,0
19890907-M-US_Open-SF-Tim_Mayotte-Ivan_Lendl,Ivan Lendl,1,12,14,4,12,5,4,0,0,0,0,0,0
19890907-M-US_Open-SF-Tim_Mayotte-Ivan_Lendl,Ivan Lendl,2,0,5,1,3,9,0,7,2,10,0,0,0
19890905-M-US_Open-R16-Jimmy_Connors-Stefan_Edberg,Jimmy Connors,Total,16,9,15,27,8,1,11,1,8,0,0,1
19890905-M-US_Open-R16-Jimmy_Connors-Stefan_Edberg,Jimmy Connors,1,11,6,15,20,5,1,0,0,0,0,0,0
19890905-M-US_Open-R16-Jimmy_Connors-Stefan_Edberg,Jimmy Connors,2,5,3,0,7,3,0,11,1,8,0,0,1
19890905-M-US_Open-R16-Jimmy_Connors-Stefan_Edberg,Stefan Edberg,Total,13,11,6,16,9,6,17,6,8,1,0,0
19890905-M-US_Open-R16-Jimmy_Connors-Stefan_Edberg,Stefan Edberg,1,6,7,4,6,5,5,0,0,0,0,0,0
19890905-M-US_Open-R16-Jimmy_Connors-Stefan_Edberg,Stefan Edberg,2,7,4,2,10,4,1,17,6,8,1,0,0
19890129-M-Australian_Open-F-Ivan_Lendl-Miloslav_Mecir,Ivan Lendl,Total,21,3,7,23,1,6,16,4,8,3,0,0
19890129-M-Australian_Open-F-Ivan_Lendl-Miloslav_Mecir,Ivan Lendl,1,11,0,6,8,0,6,0,0,0,0,0,0
19890129-M-Australian_Open-F-Ivan_Lendl-Miloslav_Mecir,Ivan Lendl,2,10,3,1,15,1,0,16,4,8,3,0,0
19890129-M-Australian_Open-F-Ivan_Lendl-Miloslav_Mecir,Miloslav Mecir,Total,13,8,5,20,1,3,15,2,7,0,0,0
19890129-M-Australian_Open-F-Ivan_Lendl-Miloslav_Mecir,Miloslav Mecir,1,7,3,3,17,1,1,0,0,0,0,0,0
19890129-M-Australian_Open-F-Ivan_Lendl-Miloslav_Mecir,Miloslav Mecir,2,6,5,2,3,0,2,15,2,7,0,0,0
19890127-M-Australian_Open-SF-Thomas_Muster-Ivan_Lendl,Thomas Muster,Total,19,6,40,48,3,9,28,3,20,3,0,0
19890127-M-Australian_Open-SF-Thomas_Muster-Ivan_Lendl,Thomas Muster,1,11,3,28,27,2,7,0,0,0,0,0,0
19890127-M-Australian_Open-SF-Thomas_Muster-Ivan_Lendl,Thomas Muster,2,8,3,12,21,1,2,28,3,20,3,0,0
19890127-M-Australian_Open-SF-Thomas_Muster-Ivan_Lendl,Ivan Lendl,Total,48,0,15,33,0,26,25,7,16,6,0,0
19890127-M-Australian_Open-SF-Thomas_Muster-Ivan_Lendl,Ivan Lendl,1,28,0,9,13,0,20,0,0,0,0,0,0
19890127-M-Australian_Open-SF-Thomas_Muster-Ivan_Lendl,Ivan Lendl,2,20,0,6,20,0,6,25,7,16,6,0,0
19890127-M-Australian_Open-SF-Jan_Gunnarsson-Miloslav_Mecir,Jan Gunnarsson,Total,13,22,11,12,23,8,37,7,15,2,0,0
19890127-M-Australian_Open-SF-Jan_Gunnarsson-Miloslav_Mecir,Jan Gunnarsson,1,12,4,5,5,2,6,0,0,0,0,0,0
19890127-M-Australian_Open-SF-Jan_Gunnarsson-Miloslav_Mecir,Jan Gunnarsson,2,1,18,6,7,21,2,37,7,15,2,0,0
19890127-M-Australian_Open-SF-Jan_Gunnarsson-Miloslav_Mecir,Miloslav Mecir,Total,14,28,5,20,17,7,19,4,7,0,0,0
19890127-M-Australian_Open-SF-Jan_Gunnarsson-Miloslav_Mecir,Miloslav Mecir,1,13,17,2,17,9,6,0,0,0,0,0,0
19890127-M-Australian_Open-SF-Jan_Gunnarsson-Miloslav_Mecir,Miloslav Mecir,2,1,11,3,3,8,1,19,4,7,0,0,0
19890125-M-Australian_Open-QF-Ivan_Lendl-John_Mcenroe,Ivan Lendl,Total,27,5,16,15,6,20,19,7,11,2,0,0
19890125-M-Australian_Open-QF-Ivan_Lendl-John_Mcenroe,Ivan Lendl,1,12,1,12,10,4,13,0,0,0,0,0,0
19890125-M-Australian_Open-QF-Ivan_Lendl-John_Mcenroe,Ivan Lendl,2,15,4,4,5,2,7,19,7,11,2,0,0
19890125-M-Australian_Open-QF-Ivan_Lendl-John_Mcenroe,John Mcenroe,Total,11,16,30,27,15,9,20,7,19,1,0,0
19890125-M-Australian_Open-QF-Ivan_Lendl-John_Mcenroe,John Mcenroe,1,10,6,19,14,7,8,0,0,0,0,0,0
19890125-M-Australian_Open-QF-Ivan_Lendl-John_Mcenroe,John Mcenroe,2,1,10,11,13,8,1,20,7,19,1,0,0
19890123-M-Australian_Open-R16-Jonas_Svensson-Boris_Becker,Jonas Svensson,Total,15,18,8,19,12,6,17,0,13,0,0,0
19890123-M-Australian_Open-R16-Jonas_Svensson-Boris_Becker,Jonas Svensson,1,13,8,5,12,6,4,0,0,0,0,0,0
19890123-M-Australian_Open-R16-Jonas_Svensson-Boris_Becker,Jonas Svensson,2,2,10,3,7,6,2,17,0,13,0,0,0
19890123-M-Australian_Open-R16-Jonas_Svensson-Boris_Becker,Boris Becker,Total,22,9,18,27,8,10,19,2,27,1,0,0
19890123-M-Australian_Open-R16-Jonas_Svensson-Boris_Becker,Boris Becker,1,13,3,11,7,5,7,0,0,0,0,0,0
19890123-M-Australian_Open-R16-Jonas_Svensson-Boris_Becker,Boris Becker,2,9,6,7,20,3,3,19,2,27,1,0,0
19880911-M-US_Open-F-Mats_Wilander-Ivan_Lendl,Mats Wilander,Total,55,15,23,56,7,25,8,5,12,0,0,0
19880911-M-US_Open-F-Mats_Wilander-Ivan_Lendl,Mats Wilander,1,49,13,20,50,5,19,0,0,0,0,0,0
19880911-M-US_Open-F-Mats_Wilander-Ivan_Lendl,Mats Wilander,2,6,2,3,6,2,6,8,5,12,0,0,0
19880911-M-US_Open-F-Mats_Wilander-Ivan_Lendl,Ivan Lendl,Total,36,21,21,50,1,17,52,14,15,4,0,0
19880911-M-US_Open-F-Mats_Wilander-Ivan_Lendl,Ivan Lendl,1,18,3,13,11,1,17,0,0,0,0,0,0
19880911-M-US_Open-F-Mats_Wilander-Ivan_Lendl,Ivan Lendl,2,18,18,8,39,0,0,52,14,15,4,0,0
19880910-M-US_Open-SF-Andre_Agassi-Ivan_Lendl,Andre Agassi,Total,19,9,28,41,4,4,20,7,19,4,0,0
19880910-M-US_Open-SF-Andre_Agassi-Ivan_Lendl,Andre Agassi,1,14,3,12,24,1,4,0,0,0,0,0,0
19880910-M-US_Open-SF-Andre_Agassi-Ivan_Lendl,Andre Agassi,2,5,6,16,17,3,0,20,7,19,4,0,0
19880910-M-US_Open-SF-Andre_Agassi-Ivan_Lendl,Ivan Lendl,Total,26,7,21,33,1,13,34,10,11,1,0,0
19880910-M-US_Open-SF-Andre_Agassi-Ivan_Lendl,Ivan Lendl,1,12,1,10,15,0,11,0,0,0,0,0,0
19880910-M-US_Open-SF-Andre_Agassi-Ivan_Lendl,Ivan Lendl,2,14,6,11,18,1,2,34,10,11,1,0,0
19880901-M-US_Open-R64-John_Mcenroe-Mark_Woodforde,John Mcenroe,Total,25,30,18,22,14,20,31,6,33,0,0,0
19880901-M-US_Open-R64-John_Mcenroe-Mark_Woodforde,John Mcenroe,1,14,12,14,13,3,13,0,0,0,0,0,0
19880901-M-US_Open-R64-John_Mcenroe-Mark_Woodforde,John Mcenroe,2,11,18,4,9,11,7,31,6,33,0,0,0
19880901-M-US_Open-R64-John_Mcenroe-Mark_Woodforde,Mark Woodforde,Total,28,25,22,18,24,24,11,21,21,1,0,1
19880901-M-US_Open-R64-John_Mcenroe-Mark_Woodforde,Mark Woodforde,1,19,6,21,17,4,22,0,0,0,0,0,0
19880901-M-US_Open-R64-John_Mcenroe-Mark_Woodforde,Mark Woodforde,2,9,19,1,1,20,2,11,21,21,1,0,1
19880124-M-Australian_Open-F-Pat_Cash-Mats_Wilander,Pat Cash,Total,42,25,24,54,16,17,45,13,21,2,0,0
19880124-M-Australian_Open-F-Pat_Cash-Mats_Wilander,Pat Cash,1,28,11,14,29,14,10,0,0,0,0,0,0
19880124-M-Australian_Open-F-Pat_Cash-Mats_Wilander,Pat Cash,2,14,14,10,25,2,7,45,13,21,2,0,0
19880124-M-Australian_Open-F-Pat_Cash-Mats_Wilander,Mats Wilander,Total,60,8,12,33,15,25,17,7,13,1,0,0
19880124-M-Australian_Open-F-Pat_Cash-Mats_Wilander,Mats Wilander,1,53,5,11,21,6,21,0,0,0,0,0,0
19880124-M-Australian_Open-F-Pat_Cash-Mats_Wilander,Mats Wilander,2,7,3,1,12,9,4,17,7,13,1,0,0
19880123-M-Australian_Open-SF-Stefan_Edberg-Mats_Wilander,Stefan Edberg,Total,13,18,35,38,9,15,21,5,16,2,12,3
19880123-M-Australian_Open-SF-Stefan_Edberg-Mats_Wilander,Stefan Edberg,1,9,5,18,28,2,14,0,0,0,0,0,0
19880123-M-Australian_Open-SF-Stefan_Edberg-Mats_Wilander,Stefan Edberg,2,4,13,17,10,7,1,21,5,16,2,12,3
19880123-M-Australian_Open-SF-Stefan_Edberg-Mats_Wilander,Mats Wilander,Total,34,8,19,14,17,27,13,2,11,1,0,0
19880123-M-Australian_Open-SF-Stefan_Edberg-Mats_Wilander,Mats Wilander,1,33,6,10,12,7,24,0,0,0,0,0,0
19880123-M-Australian_Open-SF-Stefan_Edberg-Mats_Wilander,Mats Wilander,2,1,2,9,2,10,3,13,2,11,1,0,0
19880122-M-Australian_Open-SF-Pat_Cash-Ivan_Lendl,Pat Cash,Total,34,6,40,37,17,19,30,17,19,1,1,0
19880122-M-Australian_Open-SF-Pat_Cash-Ivan_Lendl,Pat Cash,1,25,2,25,23,3,11,0,0,0,0,0,0
19880122-M-Australian_Open-SF-Pat_Cash-Ivan_Lendl,Pat Cash,2,9,4,15,14,14,8,30,17,19,1,1,0
19880122-M-Australian_Open-SF-Pat_Cash-Ivan_Lendl,Ivan Lendl,Total,27,14,30,52,4,8,26,10,16,4,0,0
19880122-M-Australian_Open-SF-Pat_Cash-Ivan_Lendl,Ivan Lendl,1,17,2,21,36,1,8,0,0,0,0,0,0
19880122-M-Australian_Open-SF-Pat_Cash-Ivan_Lendl,Ivan Lendl,2,10,12,9,16,3,0,26,10,16,4,0,0
19870914-M-US_Open-F-Ivan_Lendl-Mats_Wilander,Ivan Lendl,Total,37,15,29,63,2,12,36,18,27,2,0,0
19870914-M-US_Open-F-Ivan_Lendl-Mats_Wilander,Ivan Lendl,1,24,1,21,22,1,12,0,0,0,0,0,0
19870914-M-US_Open-F-Ivan_Lendl-Mats_Wilander,Ivan Lendl,2,13,14,8,41,1,0,36,18,27,2,0,0
19870914-M-US_Open-F-Ivan_Lendl-Mats_Wilander,Mats Wilander,Total,38,4,30,34,3,31,24,6,18,1,0,0
19870914-M-US_Open-F-Ivan_Lendl-Mats_Wilander,Mats Wilander,1,25,1,21,22,0,25,0,0,0,0,0,0
19870914-M-US_Open-F-Ivan_Lendl-Mats_Wilander,Mats Wilander,2,13,3,9,12,3,6,24,6,18,1,0,0
19870912-M-US_Open-SF-Stefan_Edberg-Mats_Wilander,Stefan Edberg,Total,18,23,29,35,16,13,27,10,8,3,3,0
19870912-M-US_Open-SF-Stefan_Edberg-Mats_Wilander,Stefan Edberg,1,17,15,14,25,4,13,0,0,0,0,0,0
19870912-M-US_Open-SF-Stefan_Edberg-Mats_Wilander,Stefan Edberg,2,1,8,15,10,12,0,27,10,8,3,3,0
19870912-M-US_Open-SF-Stefan_Edberg-Mats_Wilander,Mats Wilander,Total,26,18,29,15,20,26,26,1,15,1,0,0
19870912-M-US_Open-SF-Stefan_Edberg-Mats_Wilander,Mats Wilander,1,25,4,21,15,4,24,0,0,0,0,0,0
19870912-M-US_Open-SF-Stefan_Edberg-Mats_Wilander,Mats Wilander,2,1,14,8,0,16,2,26,1,15,1,0,0
19870912-M-US_Open-SF-Jimmy_Connors-Ivan_Lendl,Jimmy Connors,Total,14,2,33,35,4,6,13,5,16,0,0,0
19870912-M-US_Open-SF-Jimmy_Connors-Ivan_Lendl,Jimmy Connors,1,12,1,22,19,4,4,0,0,0,0,0,0
19870912-M-US_Open-SF-Jimmy_Connors-Ivan_Lendl,Jimmy Connors,2,2,1,11,16,0,2,13,5,16,0,0,0
19870912-M-US_Open-SF-Jimmy_Connors-Ivan_Lendl,Ivan Lendl,Total,14,12,16,24,4,11,17,9,13,1,0,0
19870912-M-US_Open-SF-Jimmy_Connors-Ivan_Lendl,Ivan Lendl,1,10,0,10,11,0,10,0,0,0,0,0,0
19870912-M-US_Open-SF-Jimmy_Connors-Ivan_Lendl,Ivan Lendl,2,4,12,6,13,4,1,17,9,13,1,0,0
19870907-M-US_Open-R16-Brad_Gilbert-Boris_Becker,Brad Gilbert,Total,34,16,18,25,15,24,14,12,23,2,0,0
19870907-M-US_Open-R16-Brad_Gilbert-Boris_Becker,Brad Gilbert,1,21,6,16,17,3,21,0,0,0,0,0,0
19870907-M-US_Open-R16-Brad_Gilbert-Boris_Becker,Brad Gilbert,2,13,10,2,8,12,3,14,12,23,2,0,0
19870907-M-US_Open-R16-Brad_Gilbert-Boris_Becker,Boris Becker,Total,17,18,49,24,31,20,31,7,37,0,0,1
19870907-M-US_Open-R16-Brad_Gilbert-Boris_Becker,Boris Becker,1,13,9,32,17,9,15,0,0,0,0,0,0
19870907-M-US_Open-R16-Brad_Gilbert-Boris_Becker,Boris Becker,2,4,9,17,7,22,5,31,7,37,0,0,1
19870906-M-US_Open-R32-Stefan_Edberg-Kelly_Evernden,Stefan Edberg,Total,8,9,23,30,2,4,14,5,6,1,0,0
19870906-M-US_Open-R32-Stefan_Edberg-Kelly_Evernden,Stefan Edberg,1,8,4,17,21,0,4,0,0,0,0,0,0
19870906-M-US_Open-R32-Stefan_Edberg-Kelly_Evernden,Stefan Edberg,2,0,5,6,9,2,0,14,5,6,1,0,0
19870906-M-US_Open-R32-Stefan_Edberg-Kelly_Evernden,Kelly Evernden,Total,15,4,21,35,0,3,20,4,11,3,0,0
19870906-M-US_Open-R32-Stefan_Edberg-Kelly_Evernden,Kelly Evernden,1,12,0,10,18,0,2,0,0,0,0,0,0
19870906-M-US_Open-R32-Stefan_Edberg-Kelly_Evernden,Kelly Evernden,2,3,4,11,17,0,1,20,4,11,3,0,0
19870905-M-US_Open-R32-John_Mcenroe-Slobodan_Zivojinovic,John Mcenroe,Total,42,32,10,48,20,8,35,13,23,2,0,0
19870905-M-US_Open-R32-John_Mcenroe-Slobodan_Zivojinovic,John Mcenroe,1,22,17,9,28,14,7,0,0,0,0,0,0
19870905-M-US_Open-R32-John_Mcenroe-Slobodan_Zivojinovic,John Mcenroe,2,20,15,1,20,6,1,35,13,23,2,0,0
19870905-M-US_Open-R32-John_Mcenroe-Slobodan_Zivojinovic,Slobodan Zivojinovic,Total,46,24,10,39,17,15,55,13,23,4,0,1
19870905-M-US_Open-R32-John_Mcenroe-Slobodan_Zivojinovic,Slobodan Zivojinovic,1,16,4,7,18,4,12,0,0,0,0,0,0
19870905-M-US_Open-R32-John_Mcenroe-Slobodan_Zivojinovic,Slobodan Zivojinovic,2,30,20,3,21,13,3,55,13,23,4,0,1
19870904-M-US_Open-R64-Stefan_Edberg-Dan_Goldie,Stefan Edberg,Total,29,27,13,22,24,13,31,9,9,1,1,0
19870904-M-US_Open-R64-Stefan_Edberg-Dan_Goldie,Stefan Edberg,1,26,16,8,15,6,13,0,0,0,0,0,0
19870904-M-US_Open-R64-Stefan_Edberg-Dan_Goldie,Stefan Edberg,2,3,11,5,7,18,0,31,9,9,1,1,0
19870904-M-US_Open-R64-Stefan_Edberg-Dan_Goldie,Dan Goldie,Total,20,24,19,31,13,11,18,5,26,2,0,0
19870904-M-US_Open-R64-Stefan_Edberg-Dan_Goldie,Dan Goldie,1,13,12,14,13,9,9,0,0,0,0,0,0
19870904-M-US_Open-R64-Stefan_Edberg-Dan_Goldie,Dan Goldie,2,7,12,5,18,4,2,18,5,26,2,0,0
19870903-M-US_Open-R32-Andrew_Castle-Boris_Becker,Andrew Castle,Total,11,16,39,33,11,16,25,6,25,3,0,0
19870903-M-US_Open-R32-Andrew_Castle-Boris_Becker,Andrew Castle,1,8,7,25,18,3,12,0,0,0,0,0,0
19870903-M-US_Open-R32-Andrew_Castle-Boris_Becker,Andrew Castle,2,3,9,14,15,8,4,25,6,25,3,0,0
19870903-M-US_Open-R32-Andrew_Castle-Boris_Becker,Boris Becker,Total,13,15,36,19,14,25,18,4,28,2,0,0
19870903-M-US_Open-R32-Andrew_Castle-Boris_Becker,Boris Becker,1,12,9,25,14,5,16,0,0,0,0,0,0
19870903-M-US_Open-R32-Andrew_Castle-Boris_Becker,Boris Becker,2,1,6,11,5,9,9,18,4,28,2,0,0
19870901-M-US_Open-R128-Boris_Becker-Tim_Wilkison,Boris Becker,Total,27,10,28,12,23,27,24,9,34,5,0,0
19870901-M-US_Open-R128-Boris_Becker-Tim_Wilkison,Boris Becker,1,15,1,13,9,12,16,0,0,0,0,0,0
19870901-M-US_Open-R128-Boris_Becker-Tim_Wilkison,Boris Becker,2,12,9,15,3,11,11,24,9,34,5,0,0
19870901-M-US_Open-R128-Boris_Becker-Tim_Wilkison,Tim Wilkison,Total,13,30,26,40,18,8,27,0,15,2,0,0
19870901-M-US_Open-R128-Boris_Becker-Tim_Wilkison,Tim Wilkison,1,8,18,26,29,12,7,0,0,0,0,0,0
19870901-M-US_Open-R128-Boris_Becker-Tim_Wilkison,Tim Wilkison,2,5,12,0,11,6,1,27,0,15,2,0,0
19870901-M-US_Open-QF-John_Mcenroe-Ivan_Lendl,John Mcenroe,Total,10,22,14,15,19,7,17,3,21,5,0,0
19870901-M-US_Open-QF-John_Mcenroe-Ivan_Lendl,John Mcenroe,1,8,11,9,12,4,4,0,0,0,0,0,0
19870901-M-US_Open-QF-John_Mcenroe-Ivan_Lendl,John Mcenroe,2,2,11,5,3,15,3,17,3,21,5,0,0
19870901-M-US_Open-QF-John_Mcenroe-Ivan_Lendl,Ivan Lendl,Total,21,7,12,16,7,12,11,5,13,2,0,0
19870901-M-US_Open-QF-John_Mcenroe-Ivan_Lendl,Ivan Lendl,1,13,4,11,6,2,11,0,0,0,0,0,0
19870901-M-US_Open-QF-John_Mcenroe-Ivan_Lendl,Ivan Lendl,2,8,3,1,10,5,1,11,5,13,2,0,0
19870125-M-Australian_Open-F-Stefan_Edberg-Pat_Cash,Stefan Edberg,Total,38,34,6,48,16,7,18,16,16,10,0,0
19870125-M-Australian_Open-F-Stefan_Edberg-Pat_Cash,Stefan Edberg,1,26,14,3,32,10,7,0,0,0,0,0,0
19870125-M-Australian_Open-F-Stefan_Edberg-Pat_Cash,Stefan Edberg,2,12,20,3,16,6,0,18,16,16,10,0,0
19870125-M-Australian_Open-F-Stefan_Edberg-Pat_Cash,Pat Cash,Total,37,39,10,38,37,6,38,10,35,1,0,0
19870125-M-Australian_Open-F-Stefan_Edberg-Pat_Cash,Pat Cash,1,25,16,9,19,20,6,0,0,0,0,0,0
19870125-M-Australian_Open-F-Stefan_Edberg-Pat_Cash,Pat Cash,2,12,23,1,19,17,0,38,10,35,1,0,0
19870123-M-Australian_Open-SF-Wally_Masur-Stefan_Edberg,Wally Masur,Total,30,8,24,28,10,22,22,8,15,2,0,0
19870123-M-Australian_Open-SF-Wally_Masur-Stefan_Edberg,Wally Masur,1,24,3,18,16,2,14,0,0,0,0,0,0
19870123-M-Australian_Open-SF-Wally_Masur-Stefan_Edberg,Wally Masur,2,6,5,6,12,8,8,22,8,15,2,0,0
19870123-M-Australian_Open-SF-Wally_Masur-Stefan_Edberg,Stefan Edberg,Total,20,5,21,29,5,6,15,11,8,2,0,0
19870123-M-Australian_Open-SF-Wally_Masur-Stefan_Edberg,Stefan Edberg,1,17,1,10,18,2,6,0,0,0,0,0,0
19870123-M-Australian_Open-SF-Wally_Masur-Stefan_Edberg,Stefan Edberg,2,3,4,11,11,3,0,15,11,8,2,0,0
19870123-M-Australian_Open-SF-Pat_Cash-Ivan_Lendl,Pat Cash,Total,18,11,21,24,12,12,19,4,17,4,2,0
19870123-M-Australian_Open-SF-Pat_Cash-Ivan_Lendl,Pat Cash,1,14,9,10,14,5,7,0,0,0,0,0,0
19870123-M-Australian_Open-SF-Pat_Cash-Ivan_Lendl,Pat Cash,2,4,2,11,10,7,5,19,4,17,4,2,0
19870123-M-Australian_Open-SF-Pat_Cash-Ivan_Lendl,Ivan Lendl,Total,10,9,42,40,11,9,29,5,14,2,0,0
19870123-M-Australian_Open-SF-Pat_Cash-Ivan_Lendl,Ivan Lendl,1,7,2,28,26,3,7,0,0,0,0,0,0
19870123-M-Australian_Open-SF-Pat_Cash-Ivan_Lendl,Ivan Lendl,2,3,7,14,14,8,2,29,5,14,2,0,0
19860907-M-US_Open-F-Miloslav_Mecir-Ivan_Lendl,Miloslav Mecir,Total,21,15,14,33,8,7,21,5,12,2,0,0
19860907-M-US_Open-F-Miloslav_Mecir-Ivan_Lendl,Miloslav Mecir,1,17,8,9,21,2,3,0,0,0,0,0,0
19860907-M-US_Open-F-Miloslav_Mecir-Ivan_Lendl,Miloslav Mecir,2,4,7,5,12,6,4,21,5,12,2,0,0
19860907-M-US_Open-F-Miloslav_Mecir-Ivan_Lendl,Ivan Lendl,Total,17,3,10,15,5,7,12,3,2,2,0,0
19860907-M-US_Open-F-Miloslav_Mecir-Ivan_Lendl,Ivan Lendl,1,12,1,10,8,0,7,0,0,0,0,0,0
19860907-M-US_Open-F-Miloslav_Mecir-Ivan_Lendl,Ivan Lendl,2,5,2,0,7,5,0,12,3,2,2,0,0
19860906-M-US_Open-SF-Stefan_Edberg-Ivan_Lendl,Stefan Edberg,Total,17,3,35,47,1,3,27,7,13,2,0,0
19860906-M-US_Open-SF-Stefan_Edberg-Ivan_Lendl,Stefan Edberg,1,13,2,19,27,0,3,0,0,0,0,0,0
19860906-M-US_Open-SF-Stefan_Edberg-Ivan_Lendl,Stefan Edberg,2,4,1,16,20,1,0,27,7,13,2,0,0
19860906-M-US_Open-SF-Stefan_Edberg-Ivan_Lendl,Ivan Lendl,Total,30,4,15,28,5,12,17,4,6,2,0,0
19860906-M-US_Open-SF-Stefan_Edberg-Ivan_Lendl,Ivan Lendl,1,21,2,12,17,3,11,0,0,0,0,0,0
19860906-M-US_Open-SF-Stefan_Edberg-Ivan_Lendl,Ivan Lendl,2,9,2,3,11,2,1,17,4,6,2,0,0
19860906-M-US_Open-SF-Miloslav_Mecir-Boris_Becker,Miloslav Mecir,Total,40,13,29,52,9,17,17,4,14,1,0,1
19860906-M-US_Open-SF-Miloslav_Mecir-Boris_Becker,Miloslav Mecir,1,38,9,18,39,4,15,0,0,0,0,0,0
19860906-M-US_Open-SF-Miloslav_Mecir-Boris_Becker,Miloslav Mecir,2,2,4,11,13,5,2,17,4,14,1,0,1
19860906-M-US_Open-SF-Miloslav_Mecir-Boris_Becker,Boris Becker,Total,27,9,48,40,10,29,23,12,35,5,0,0
19860906-M-US_Open-SF-Miloslav_Mecir-Boris_Becker,Boris Becker,1,23,3,28,15,3,27,0,0,0,0,0,0
19860906-M-US_Open-SF-Miloslav_Mecir-Boris_Becker,Boris Becker,2,4,6,20,25,7,2,23,12,35,5,0,0
19860904-M-US_Open-QF-Henri_Leconte-Ivan_Lendl,Henri Leconte,Total,3,13,22,20,6,11,17,8,14,5,1,0
19860904-M-US_Open-QF-Henri_Leconte-Ivan_Lendl,Henri Leconte,1,3,2,11,7,4,8,0,0,0,0,0,0
19860904-M-US_Open-QF-Henri_Leconte-Ivan_Lendl,Henri Leconte,2,0,11,11,13,2,3,17,8,14,5,1,0
19860904-M-US_Open-QF-Henri_Leconte-Ivan_Lendl,Ivan Lendl,Total,16,11,4,10,6,11,14,4,7,3,0,0
19860904-M-US_Open-QF-Henri_Leconte-Ivan_Lendl,Ivan Lendl,1,11,3,3,6,5,3,0,0,0,0,0,0
19860904-M-US_Open-QF-Henri_Leconte-Ivan_Lendl,Ivan Lendl,2,5,8,1,4,1,8,14,4,7,3,0,0
19860826-M-US_Open-R128-John_Mcenroe-Paul_Annacone,John Mcenroe,Total,12,25,18,19,19,11,29,6,15,1,1,0
19860826-M-US_Open-R128-John_Mcenroe-Paul_Annacone,John Mcenroe,1,10,9,13,16,3,10,0,0,0,0,0,0
19860826-M-US_Open-R128-John_Mcenroe-Paul_Annacone,John Mcenroe,2,2,16,5,3,16,1,29,6,15,1,1,0
19860826-M-US_Open-R128-John_Mcenroe-Paul_Annacone,Paul Annacone,Total,25,11,20,13,22,15,27,5,19,1,0,0
19860826-M-US_Open-R128-John_Mcenroe-Paul_Annacone,Paul Annacone,1,15,1,19,11,4,10,0,0,0,0,0,0
19860826-M-US_Open-R128-John_Mcenroe-Paul_Annacone,Paul Annacone,2,10,10,1,2,18,5,27,5,19,1,0,0
19851208-M-Australian_Open-F-Stefan_Edberg-Mats_Wilander,Stefan Edberg,Total,24,1,15,18,1,15,18,7,7,0,0,0
19851208-M-Australian_Open-F-Stefan_Edberg-Mats_Wilander,Stefan Edberg,1,15,0,10,4,1,14,0,0,0,0,0,0
19851208-M-Australian_Open-F-Stefan_Edberg-Mats_Wilander,Stefan Edberg,2,9,1,5,14,0,1,18,7,7,0,0,0
19851208-M-Australian_Open-F-Stefan_Edberg-Mats_Wilander,Mats Wilander,Total,29,1,19,34,2,11,25,5,10,1,0,0
19851208-M-Australian_Open-F-Stefan_Edberg-Mats_Wilander,Mats Wilander,1,18,0,15,11,2,11,0,0,0,0,0,0
19851208-M-Australian_Open-F-Stefan_Edberg-Mats_Wilander,Mats Wilander,2,11,1,4,23,0,0,25,5,10,1,0,0
19851207-M-Australian_Open-SF-Stefan_Edberg-Ivan_Lendl,Stefan Edberg,Total,34,33,25,63,9,10,17,4,14,3,0,34
19851207-M-Australian_Open-SF-Stefan_Edberg-Ivan_Lendl,Stefan Edberg,1,26,20,17,36,6,8,0,0,0,0,0,0
19851207-M-Australian_Open-SF-Stefan_Edberg-Ivan_Lendl,Stefan Edberg,2,8,13,8,27,3,2,17,4,14,3,0,34
19851207-M-Australian_Open-SF-Stefan_Edberg-Ivan_Lendl,Ivan Lendl,Total,32,40,31,70,10,20,23,10,19,4,0,35
19851207-M-Australian_Open-SF-Stefan_Edberg-Ivan_Lendl,Ivan Lendl,1,21,10,26,41,7,19,0,0,0,0,0,0
19851207-M-Australian_Open-SF-Stefan_Edberg-Ivan_Lendl,Ivan Lendl,2,11,30,5,29,3,1,23,10,19,4,0,35
19851206-M-Australian_Open-SF-Mats_Wilander-Slobodan_Zivojinovic,Mats Wilander,Total,9,3,10,8,4,6,9,1,8,1,0,0
19851206-M-Australian_Open-SF-Mats_Wilander-Slobodan_Zivojinovic,Mats Wilander,1,9,1,4,3,0,6,0,0,0,0,0,0
19851206-M-Australian_Open-SF-Mats_Wilander-Slobodan_Zivojinovic,Mats Wilander,2,0,2,6,5,4,0,9,1,8,1,0,0
19851206-M-Australian_Open-SF-Mats_Wilander-Slobodan_Zivojinovic,Slobodan Zivojinovic,Total,16,4,7,8,5,8,13,1,7,2,2,0
19851206-M-Australian_Open-SF-Mats_Wilander-Slobodan_Zivojinovic,Slobodan Zivojinovic,1,12,1,4,3,2,8,0,0,0,0,0,0
19851206-M-Australian_Open-SF-Mats_Wilander-Slobodan_Zivojinovic,Slobodan Zivojinovic,2,4,3,3,5,3,0,13,1,7,2,2,0
19851202-M-Australian_Open-R16-Henri_Leconte-John_Mcenroe,Henri Leconte,Total,35,13,34,12,18,43,28,9,40,6,0,0
19851202-M-Australian_Open-R16-Henri_Leconte-John_Mcenroe,Henri Leconte,1,13,1,28,8,4,28,0,0,0,0,0,0
19851202-M-Australian_Open-R16-Henri_Leconte-John_Mcenroe,Henri Leconte,2,22,12,6,4,14,15,28,9,40,6,0,0
19851202-M-Australian_Open-R16-Henri_Leconte-John_Mcenroe,John Mcenroe,Total,63,10,27,23,17,52,39,5,44,3,0,1
19851202-M-Australian_Open-R16-Henri_Leconte-John_Mcenroe,John Mcenroe,1,29,2,25,13,5,32,0,0,0,0,0,0
19851202-M-Australian_Open-R16-Henri_Leconte-John_Mcenroe,John Mcenroe,2,34,8,2,10,12,20,39,5,44,3,0,1
19850908-M-US_Open-F-John_Mcenroe-Ivan_Lendl,John Mcenroe,Total,28,5,12,33,3,7,13,11,11,3,0,0
19850908-M-US_Open-F-John_Mcenroe-Ivan_Lendl,John Mcenroe,1,17,0,8,18,1,7,0,0,0,0,0,0
19850908-M-US_Open-F-John_Mcenroe-Ivan_Lendl,John Mcenroe,2,11,5,4,15,2,0,13,11,11,3,0,0
19850908-M-US_Open-F-John_Mcenroe-Ivan_Lendl,Ivan Lendl,Total,30,2,15,25,7,9,19,6,13,3,0,0
19850908-M-US_Open-F-John_Mcenroe-Ivan_Lendl,Ivan Lendl,1,16,1,11,17,2,4,0,0,0,0,0,0
19850908-M-US_Open-F-John_Mcenroe-Ivan_Lendl,Ivan Lendl,2,14,1,4,8,5,5,19,6,13,3,0,0
19850907-M-US_Open-SF-Mats_Wilander-John_Mcenroe,Mats Wilander,Total,42,21,12,9,12,49,19,9,16,1,0,0
19850907-M-US_Open-SF-Mats_Wilander-John_Mcenroe,Mats Wilander,1,34,6,12,7,6,35,0,0,0,0,0,0
19850907-M-US_Open-SF-Mats_Wilander-John_Mcenroe,Mats Wilander,2,8,15,0,2,6,14,19,9,16,1,0,0
19850907-M-US_Open-SF-Mats_Wilander-John_Mcenroe,John Mcenroe,Total,22,26,27,33,25,10,35,8,23,8,0,1
19850907-M-US_Open-SF-Mats_Wilander-John_Mcenroe,John Mcenroe,1,14,7,16,22,7,6,0,0,0,0,0,0
19850907-M-US_Open-SF-Mats_Wilander-John_Mcenroe,John Mcenroe,2,8,19,11,11,18,4,35,8,23,8,0,1
19850907-M-US_Open-SF-Ivan_Lendl-Jimmy_Connors,Ivan Lendl,Total,16,13,15,23,5,11,18,7,17,3,0,0
19850907-M-US_Open-SF-Ivan_Lendl-Jimmy_Connors,Ivan Lendl,1,13,0,6,11,0,11,0,0,0,0,0,0
19850907-M-US_Open-SF-Ivan_Lendl-Jimmy_Connors,Ivan Lendl,2,3,13,9,12,5,0,18,7,17,3,0,0
19850907-M-US_Open-SF-Ivan_Lendl-Jimmy_Connors,Jimmy Connors,Total,6,4,24,31,1,2,9,3,9,0,0,0
19850907-M-US_Open-SF-Ivan_Lendl-Jimmy_Connors,Jimmy Connors,1,6,3,17,20,1,2,0,0,0,0,0,0
19850907-M-US_Open-SF-Ivan_Lendl-Jimmy_Connors,Jimmy Connors,2,0,1,7,11,0,0,9,3,9,0,0,0
19850907-M-US_Open-SF-Ivan_Lendl-Jimmy_Connors,Ivan Lendl,Total,16,13,14,22,5,11,18,7,16,2,0,0
19850907-M-US_Open-SF-Ivan_Lendl-Jimmy_Connors,Ivan Lendl,1,13,0,6,11,0,11,0,0,0,0,0,0
19850907-M-US_Open-SF-Ivan_Lendl-Jimmy_Connors,Ivan Lendl,2,3,13,8,11,5,0,18,7,16,2,0,0
19850907-M-US_Open-SF-Ivan_Lendl-Jimmy_Connors,Jimmy Connors,Total,5,4,20,29,1,2,8,3,9,0,0,0
19850907-M-US_Open-SF-Ivan_Lendl-Jimmy_Connors,Jimmy Connors,1,5,3,14,18,1,2,0,0,0,0,0,0
19850907-M-US_Open-SF-Ivan_Lendl-Jimmy_Connors,Jimmy Connors,2,0,1,6,11,0,0,8,3,9,0,0,0
19841209-M-Australian_Open-F-Mats_Wilander-Kevin_Curren,Mats Wilander,Total,38,26,14,23,32,18,14,9,13,2,0,0
19841209-M-Australian_Open-F-Mats_Wilander-Kevin_Curren,Mats Wilander,1,23,24,14,17,20,17,0,0,0,0,0,0
19841209-M-Australian_Open-F-Mats_Wilander-Kevin_Curren,Mats Wilander,2,15,2,0,6,12,1,14,9,13,2,0,0
19841209-M-Australian_Open-F-Mats_Wilander-Kevin_Curren,Kevin Curren,Total,45,23,12,45,7,20,37,14,30,3,1,0
19841209-M-Australian_Open-F-Mats_Wilander-Kevin_Curren,Kevin Curren,1,17,13,11,24,2,6,0,0,0,0,0,0
19841209-M-Australian_Open-F-Mats_Wilander-Kevin_Curren,Kevin Curren,2,28,10,1,21,5,14,37,14,30,3,1,0
19840909-M-US_Open-F-John_Mcenroe-Ivan_Lendl,John Mcenroe,Total,13,6,17,25,0,11,14,7,12,1,0,0
19840909-M-US_Open-F-John_Mcenroe-Ivan_Lendl,John Mcenroe,1,7,3,12,13,0,9,0,0,0,0,0,0
19840909-M-US_Open-F-John_Mcenroe-Ivan_Lendl,John Mcenroe,2,6,3,5,12,0,2,14,7,12,1,0,0
19840909-M-US_Open-F-John_Mcenroe-Ivan_Lendl,Ivan Lendl,Total,28,2,13,20,4,15,16,8,7,1,0,1
19840909-M-US_Open-F-John_Mcenroe-Ivan_Lendl,Ivan Lendl,1,18,0,8,13,2,10,0,0,0,0,0,1
19840909-M-US_Open-F-John_Mcenroe-Ivan_Lendl,Ivan Lendl,2,10,2,5,7,2,5,16,8,7,1,0,0
19840908-M-US_Open-SF-Pat_Cash-Ivan_Lendl,Pat Cash,Total,29,22,36,49,5,22,34,18,20,4,0,0
19840908-M-US_Open-SF-Pat_Cash-Ivan_Lendl,Pat Cash,1,19,6,24,31,1,11,0,0,0,0,0,0
19840908-M-US_Open-SF-Pat_Cash-Ivan_Lendl,Pat Cash,2,10,16,12,18,4,11,34,18,20,4,0,0
19840908-M-US_Open-SF-Pat_Cash-Ivan_Lendl,Ivan Lendl,Total,31,25,31,58,6,10,39,15,20,4,0,1
19840908-M-US_Open-SF-Pat_Cash-Ivan_Lendl,Ivan Lendl,1,30,2,14,29,2,9,0,0,0,0,0,0
19840908-M-US_Open-SF-Pat_Cash-Ivan_Lendl,Ivan Lendl,2,1,23,17,29,4,1,39,15,20,4,0,1
19840908-M-US_Open-SF-John_Mcenroe-Jimmy_Connors,John Mcenroe,Total,45,15,21,29,17,31,38,4,22,4,0,0
19840908-M-US_Open-SF-John_Mcenroe-Jimmy_Connors,John Mcenroe,1,30,6,17,17,6,21,0,0,0,0,0,0
19840908-M-US_Open-SF-John_Mcenroe-Jimmy_Connors,John Mcenroe,2,15,9,4,12,11,10,38,4,22,4,0,0
19840908-M-US_Open-SF-John_Mcenroe-Jimmy_Connors,Jimmy Connors,Total,20,12,50,30,33,16,15,7,16,0,0,0
19840908-M-US_Open-SF-John_Mcenroe-Jimmy_Connors,Jimmy Connors,1,19,11,42,22,19,11,0,0,0,0,0,0
19840908-M-US_Open-SF-John_Mcenroe-Jimmy_Connors,Jimmy Connors,2,1,1,8,8,14,5,15,7,16,0,0,0
19831211-M-Australian_Open-F-Mats_Wilander-Ivan_Lendl,Mats Wilander,Total,18,11,14,22,3,14,25,2,11,1,0,0
19831211-M-Australian_Open-F-Mats_Wilander-Ivan_Lendl,Mats Wilander,1,7,8,11,10,0,8,0,0,0,0,0,0
19831211-M-Australian_Open-F-Mats_Wilander-Ivan_Lendl,Mats Wilander,2,11,3,3,12,3,6,25,2,11,1,0,0
19831211-M-Australian_Open-F-Mats_Wilander-Ivan_Lendl,Ivan Lendl,Total,20,10,17,37,1,7,37,8,16,0,0,0
19831211-M-Australian_Open-F-Mats_Wilander-Ivan_Lendl,Ivan Lendl,1,11,0,10,9,1,6,0,0,0,0,0,0
19831211-M-Australian_Open-F-Mats_Wilander-Ivan_Lendl,Ivan Lendl,2,9,10,7,28,0,1,37,8,16,0,0,0
19831209-M-Australian_Open-SF-Mats_Wilander-John_Mcenroe,Mats Wilander,Total,7,2,1,1,2,6,5,2,1,0,0,0
19831209-M-Australian_Open-SF-Mats_Wilander-John_Mcenroe,Mats Wilander,1,5,0,1,1,0,4,0,0,0,0,0,0
19831209-M-Australian_Open-SF-Mats_Wilander-John_Mcenroe,Mats Wilander,2,2,2,0,0,2,2,5,2,1,0,0,0
19831209-M-Australian_Open-SF-Mats_Wilander-John_Mcenroe,John Mcenroe,Total,1,3,8,4,2,4,6,0,6,0,0,0
19831209-M-Australian_Open-SF-Mats_Wilander-John_Mcenroe,John Mcenroe,1,1,0,6,0,2,3,0,0,0,0,0,0
19831209-M-Australian_Open-SF-Mats_Wilander-John_Mcenroe,John Mcenroe,2,0,3,2,4,0,1,6,0,6,0,0,0
19830911-M-US_Open-F-Jimmy_Connors-Ivan_Lendl,Jimmy Connors,Total,18,6,36,45,2,7,19,3,8,2,0,0
19830911-M-US_Open-F-Jimmy_Connors-Ivan_Lendl,Jimmy Connors,1,17,4,24,33,1,7,0,0,0,0,0,0
19830911-M-US_Open-F-Jimmy_Connors-Ivan_Lendl,Jimmy Connors,2,1,2,12,12,1,0,19,3,8,2,0,0
19830911-M-US_Open-F-Jimmy_Connors-Ivan_Lendl,Ivan Lendl,Total,43,14,19,53,2,20,36,13,31,4,0,1
19830911-M-US_Open-F-Jimmy_Connors-Ivan_Lendl,Ivan Lendl,1,22,2,12,16,0,18,0,0,0,0,0,0
19830911-M-US_Open-F-Jimmy_Connors-Ivan_Lendl,Ivan Lendl,2,21,12,7,37,2,2,36,13,31,4,0,1
19830909-M-US_Open-SF-Jimmy_Connors-Bill_Scanlon,Jimmy Connors,Total,9,5,27,18,13,9,17,7,5,0,0,0
19830909-M-US_Open-SF-Jimmy_Connors-Bill_Scanlon,Jimmy Connors,1,9,4,13,10,8,9,0,0,0,0,0,0
19830909-M-US_Open-SF-Jimmy_Connors-Bill_Scanlon,Jimmy Connors,2,0,1,14,8,5,0,17,7,5,0,0,0
19830909-M-US_Open-SF-Jimmy_Connors-Bill_Scanlon,Bill Scanlon,Total,32,4,14,30,3,16,32,5,16,0,0,0
19830909-M-US_Open-SF-Jimmy_Connors-Bill_Scanlon,Bill Scanlon,1,14,2,9,12,2,11,0,0,0,0,0,0
19830909-M-US_Open-SF-Jimmy_Connors-Bill_Scanlon,Bill Scanlon,2,18,2,5,18,1,5,32,5,16,0,0,0
19830909-M-US_Open-SF-Jimmy_Arias-Ivan_Lendl,Jimmy Arias,Total,6,10,32,17,6,19,12,5,23,3,0,0
19830909-M-US_Open-SF-Jimmy_Arias-Ivan_Lendl,Jimmy Arias,1,5,3,17,10,2,13,0,0,0,0,0,0
19830909-M-US_Open-SF-Jimmy_Arias-Ivan_Lendl,Jimmy Arias,2,1,7,15,7,4,6,12,5,23,3,0,0
19830909-M-US_Open-SF-Jimmy_Arias-Ivan_Lendl,Ivan Lendl,Total,18,13,21,31,6,14,22,11,14,4,0,0
19830909-M-US_Open-SF-Jimmy_Arias-Ivan_Lendl,Ivan Lendl,1,15,0,14,16,0,12,0,0,0,0,0,0
19830909-M-US_Open-SF-Jimmy_Arias-Ivan_Lendl,Ivan Lendl,2,3,13,7,15,6,2,22,11,14,4,0,0
19821213-M-Australian_Open-F-Steve_Denton-Johan_Kriek,Steve Denton,Total,16,23,4,20,6,12,22,3,15,3,0,0
19821213-M-Australian_Open-F-Steve_Denton-Johan_Kriek,Steve Denton,1,10,9,3,9,2,11,0,0,0,0,0,0
19821213-M-Australian_Open-F-Steve_Denton-Johan_Kriek,Steve Denton,2,6,14,1,11,4,1,22,3,15,3,0,0
19821213-M-Australian_Open-F-Steve_Denton-Johan_Kriek,Johan Kriek,Total,18,21,6,27,10,7,32,2,14,3,0,0
19821213-M-Australian_Open-F-Steve_Denton-Johan_Kriek,Johan Kriek,1,5,13,6,8,5,6,0,0,0,0,0,0
19821213-M-Australian_Open-F-Steve_Denton-Johan_Kriek,Johan Kriek,2,13,8,0,19,5,1,32,2,14,3,0,0
19820912-M-US_Open-F-Jimmy_Connors-Ivan_Lendl,Jimmy Connors,Total,25,3,31,43,1,11,26,7,11,0,0,0
19820912-M-US_Open-F-Jimmy_Connors-Ivan_Lendl,Jimmy Connors,1,18,0,19,23,1,11,0,0,0,0,0,0
19820912-M-US_Open-F-Jimmy_Connors-Ivan_Lendl,Jimmy Connors,2,7,3,12,20,0,0,26,7,11,0,0,0
19820912-M-US_Open-F-Jimmy_Connors-Ivan_Lendl,Ivan Lendl,Total,38,8,20,34,5,22,23,19,19,1,0,1
19820912-M-US_Open-F-Jimmy_Connors-Ivan_Lendl,Ivan Lendl,1,22,3,13,8,2,19,0,0,0,0,0,0
19820912-M-US_Open-F-Jimmy_Connors-Ivan_Lendl,Ivan Lendl,2,16,5,7,26,3,3,23,19,19,1,0,1
19820911-M-US_Open-SF-John_Mcenroe-Ivan_Lendl,John Mcenroe,Total,16,12,29,40,1,6,28,8,14,5,1,0
19820911-M-US_Open-SF-John_Mcenroe-Ivan_Lendl,John Mcenroe,1,15,8,10,13,1,4,0,0,0,0,0,0
19820911-M-US_Open-SF-John_Mcenroe-Ivan_Lendl,John Mcenroe,2,1,4,19,27,0,2,28,8,14,5,1,0
19820911-M-US_Open-SF-John_Mcenroe-Ivan_Lendl,Ivan Lendl,Total,37,3,15,15,0,35,22,13,10,8,0,0
19820911-M-US_Open-SF-John_Mcenroe-Ivan_Lendl,Ivan Lendl,1,18,1,13,6,0,18,0,0,0,0,0,0
19820911-M-US_Open-SF-John_Mcenroe-Ivan_Lendl,Ivan Lendl,2,19,2,2,9,0,17,22,13,10,8,0,0
19810913-M-US_Open-F-John_Mcenroe-Bjorn_Borg,John Mcenroe,Total,16,11,32,40,0,14,21,13,23,4,0,0
19810913-M-US_Open-F-John_Mcenroe-Bjorn_Borg,John Mcenroe,1,10,3,14,18,0,14,0,0,0,0,0,0
19810913-M-US_Open-F-John_Mcenroe-Bjorn_Borg,John Mcenroe,2,6,8,18,22,0,0,21,13,23,4,0,0
19810913-M-US_Open-F-John_Mcenroe-Bjorn_Borg,Bjorn Borg,Total,38,4,17,13,6,34,25,11,18,3,0,0
19810913-M-US_Open-F-John_Mcenroe-Bjorn_Borg,Bjorn Borg,1,15,1,17,9,1,19,0,0,0,0,0,0
19810913-M-US_Open-F-John_Mcenroe-Bjorn_Borg,Bjorn Borg,2,23,3,0,4,5,15,25,11,18,3,0,0
19810912-M-US_Open-SF-Jimmy_Connors-Bjorn_Borg,Jimmy Connors,Total,10,9,32,32,4,11,10,6,6,2,0,0
19810912-M-US_Open-SF-Jimmy_Connors-Bjorn_Borg,Jimmy Connors,1,8,8,24,24,2,10,0,0,0,0,0,0
19810912-M-US_Open-SF-Jimmy_Connors-Bjorn_Borg,Jimmy Connors,2,2,1,8,8,2,1,10,6,6,2,0,0
19810912-M-US_Open-SF-Jimmy_Connors-Bjorn_Borg,Bjorn Borg,Total,23,19,10,8,17,23,29,7,12,5,2,0
19810912-M-US_Open-SF-Jimmy_Connors-Bjorn_Borg,Bjorn Borg,1,14,0,9,8,0,16,0,0,0,0,0,0
19810912-M-US_Open-SF-Jimmy_Connors-Bjorn_Borg,Bjorn Borg,2,9,19,1,0,17,7,29,7,12,5,2,0
19810911-M-US_Open-SF-Vitas_Gerulaitis-John_Mcenroe,Vitas Gerulaitis,Total,41,1,24,18,3,37,15,10,25,5,0,1
19810911-M-US_Open-SF-Vitas_Gerulaitis-John_Mcenroe,Vitas Gerulaitis,1,22,1,22,17,0,13,0,0,0,0,0,0
19810911-M-US_Open-SF-Vitas_Gerulaitis-John_Mcenroe,Vitas Gerulaitis,2,19,0,2,1,3,24,15,10,25,5,0,1
19810911-M-US_Open-SF-Vitas_Gerulaitis-John_Mcenroe,John Mcenroe,Total,21,9,49,51,5,14,30,7,29,2,0,1
19810911-M-US_Open-SF-Vitas_Gerulaitis-John_Mcenroe,John Mcenroe,1,18,2,22,30,1,13,0,0,0,0,0,0
19810911-M-US_Open-SF-Vitas_Gerulaitis-John_Mcenroe,John Mcenroe,2,3,7,27,21,4,1,30,7,29,2,0,1
19810104-M-Australian_Open-F-Kim_Warwick-Brian_Teacher,Kim Warwick,Total,12,36,7,38,5,7,15,1,14,2,0,1
19810104-M-Australian_Open-F-Kim_Warwick-Brian_Teacher,Kim Warwick,1,9,27,6,23,5,5,0,0,0,0,0,0
19810104-M-Australian_Open-F-Kim_Warwick-Brian_Teacher,Kim Warwick,2,3,9,1,15,0,2,15,1,14,2,0,1
19810104-M-Australian_Open-F-Kim_Warwick-Brian_Teacher,Brian Teacher,Total,28,24,2,11,31,6,18,0,18,0,0,0
19810104-M-Australian_Open-F-Kim_Warwick-Brian_Teacher,Brian Teacher,1,15,23,1,9,18,4,0,0,0,0,0,0
19810104-M-Australian_Open-F-Kim_Warwick-Brian_Teacher,Brian Teacher,2,13,1,1,2,13,2,18,0,18,0,0,0
19800907-M-US_Open-F-John_Mcenroe-Bjorn_Borg,John Mcenroe,Total,20,28,37,59,5,15,20,21,28,0,1,2
19800907-M-US_Open-F-John_Mcenroe-Bjorn_Borg,John Mcenroe,1,14,11,21,33,4,15,0,0,0,0,0,0
19800907-M-US_Open-F-John_Mcenroe-Bjorn_Borg,John Mcenroe,2,6,17,16,26,1,0,20,21,28,0,1,2
19800907-M-US_Open-F-John_Mcenroe-Bjorn_Borg,Bjorn Borg,Total,57,14,8,16,25,34,45,11,28,1,0,0
19800907-M-US_Open-F-John_Mcenroe-Bjorn_Borg,Bjorn Borg,1,25,2,8,14,6,23,0,0,0,0,0,0
19800907-M-US_Open-F-John_Mcenroe-Bjorn_Borg,Bjorn Borg,2,32,12,0,2,19,11,45,11,28,1,0,0
19800906-M-US_Open-SF-John_Mcenroe-Jimmy_Connors,John Mcenroe,Total,29,36,19,29,27,23,28,14,22,4,0,0
19800906-M-US_Open-SF-John_Mcenroe-Jimmy_Connors,John Mcenroe,1,26,7,15,22,6,22,0,0,0,0,0,0
19800906-M-US_Open-SF-John_Mcenroe-Jimmy_Connors,John Mcenroe,2,3,29,4,7,21,1,28,14,22,4,0,0
19800906-M-US_Open-SF-John_Mcenroe-Jimmy_Connors,Jimmy Connors,Total,16,25,40,25,27,22,10,5,16,1,0,0
19800906-M-US_Open-SF-John_Mcenroe-Jimmy_Connors,Jimmy Connors,1,12,13,39,23,15,21,0,0,0,0,0,0
19800906-M-US_Open-SF-John_Mcenroe-Jimmy_Connors,Jimmy Connors,2,4,12,1,2,12,1,10,5,16,1,0,0
19800906-M-US_Open-SF-Johan_Kriek-Bjorn_Borg,Johan Kriek,Total,26,0,20,35,2,8,27,18,10,2,0,0
19800906-M-US_Open-SF-Johan_Kriek-Bjorn_Borg,Johan Kriek,1,9,0,10,17,1,3,0,0,0,0,0,0
19800906-M-US_Open-SF-Johan_Kriek-Bjorn_Borg,Johan Kriek,2,17,0,10,18,1,5,27,18,10,2,0,0
19800906-M-US_Open-SF-Johan_Kriek-Bjorn_Borg,Bjorn Borg,Total,8,6,19,21,3,8,20,4,11,2,0,0
19800906-M-US_Open-SF-Johan_Kriek-Bjorn_Borg,Bjorn Borg,1,6,0,9,8,0,8,0,0,0,0,0,0
19800906-M-US_Open-SF-Johan_Kriek-Bjorn_Borg,Bjorn Borg,2,2,6,10,13,3,0,20,4,11,2,0,0
19790107-M-Australian_Open-F-John_Marks-Guillermo_Vilas,John Marks,Total,41,18,11,20,19,26,32,2,27,2,0,0
19790107-M-Australian_Open-F-John_Marks-Guillermo_Vilas,John Marks,1,20,11,9,17,9,14,0,0,0,0,0,0
19790107-M-Australian_Open-F-John_Marks-Guillermo_Vilas,John Marks,2,21,7,2,3,10,12,32,2,27,2,0,0
19790107-M-Australian_Open-F-John_Marks-Guillermo_Vilas,Guillermo Vilas,Total,6,7,53,53,5,2,31,6,17,2,0,0
19790107-M-Australian_Open-F-John_Marks-Guillermo_Vilas,Guillermo Vilas,1,6,3,32,31,2,2,0,0,0,0,0,0
19790107-M-Australian_Open-F-John_Marks-Guillermo_Vilas,Guillermo Vilas,2,0,4,21,22,3,0,31,6,17,2,0,0
19770911-M-US_Open-F-Guillermo_Vilas-Jimmy_Connors,Guillermo Vilas,Total,8,9,44,40,8,11,20,2,20,2,2,0
19770911-M-US_Open-F-Guillermo_Vilas-Jimmy_Connors,Guillermo Vilas,1,8,3,29,20,7,11,0,0,0,0,0,0
19770911-M-US_Open-F-Guillermo_Vilas-Jimmy_Connors,Guillermo Vilas,2,0,6,15,20,1,0,20,2,20,2,2,0
19770911-M-US_Open-F-Guillermo_Vilas-Jimmy_Connors,Jimmy Connors,Total,19,22,17,13,19,23,20,5,19,2,0,0
19770911-M-US_Open-F-Guillermo_Vilas-Jimmy_Connors,Jimmy Connors,1,13,9,17,12,9,9,0,0,0,0,0,0
19770911-M-US_Open-F-Guillermo_Vilas-Jimmy_Connors,Jimmy Connors,2,6,13,0,1,10,14,20,5,19,2,0,0
19770109-M-Australian_Open-F-Roscoe_Tanner-Guillermo_Vilas,Roscoe Tanner,Total,20,5,19,20,6,14,28,2,20,0,1,0
19770109-M-Australian_Open-F-Roscoe_Tanner-Guillermo_Vilas,Roscoe Tanner,1,9,1,8,12,0,7,0,0,0,0,0,0
19770109-M-Australian_Open-F-Roscoe_Tanner-Guillermo_Vilas,Roscoe Tanner,2,11,4,11,8,6,7,28,2,20,0,1,0
19770109-M-Australian_Open-F-Roscoe_Tanner-Guillermo_Vilas,Guillermo Vilas,Total,8,22,15,20,7,14,19,2,16,1,0,0
19770109-M-Australian_Open-F-Roscoe_Tanner-Guillermo_Vilas,Guillermo Vilas,1,6,6,11,15,4,9,0,0,0,0,0,0
19770109-M-Australian_Open-F-Roscoe_Tanner-Guillermo_Vilas,Guillermo Vilas,2,2,16,4,5,3,5,19,2,16,1,0,0
19750907-M-US_Open-F-Manuel_Orantes-Jimmy_Connors,Manuel Orantes,Total,31,9,4,28,6,8,23,10,17,1,0,0
19750907-M-US_Open-F-Manuel_Orantes-Jimmy_Connors,Manuel Orantes,1,9,0,4,16,1,7,0,0,0,0,0,0
19750907-M-US_Open-F-Manuel_Orantes-Jimmy_Connors,Manuel Orantes,2,22,9,0,12,5,1,23,10,17,1,0,0
19750907-M-US_Open-F-Manuel_Orantes-Jimmy_Connors,Jimmy Connors,Total,11,15,15,23,9,7,7,6,10,0,0,0
19750907-M-US_Open-F-Manuel_Orantes-Jimmy_Connors,Jimmy Connors,1,9,7,13,20,3,6,0,0,0,0,0,0
19750907-M-US_Open-F-Manuel_Orantes-Jimmy_Connors,Jimmy Connors,2,2,8,2,3,6,1,7,6,10,0,0,0
19750101-M-Australian_Open-F-Jimmy_Connors-John_Newcombe,Jimmy Connors,Total,13,27,32,38,19,11,13,9,17,3,0,0
19750101-M-Australian_Open-F-Jimmy_Connors-John_Newcombe,Jimmy Connors,1,10,16,28,28,6,11,0,0,0,0,0,0
19750101-M-Australian_Open-F-Jimmy_Connors-John_Newcombe,Jimmy Connors,2,3,11,4,10,13,0,13,9,17,3,0,0
19750101-M-Australian_Open-F-Jimmy_Connors-John_Newcombe,John Newcombe,Total,51,5,13,13,5,46,25,7,21,4,0,0
19750101-M-Australian_Open-F-Jimmy_Connors-John_Newcombe,John Newcombe,1,30,2,12,11,1,27,0,0,0,0,0,0
19750101-M-Australian_Open-F-Jimmy_Connors-John_Newcombe,John Newcombe,2,21,3,1,2,4,19,25,7,21,4,0,0
19740908-M-US_Open-F-Ken_Rosewall-Jimmy_Connors,Ken Rosewall,Total,13,7,9,3,4,17,14,0,11,0,0,0
19740908-M-US_Open-F-Ken_Rosewall-Jimmy_Connors,Ken Rosewall,1,6,4,9,1,2,11,0,0,0,0,0,0
19740908-M-US_Open-F-Ken_Rosewall-Jimmy_Connors,Ken Rosewall,2,7,3,0,2,2,6,14,0,11,0,0,0
19740908-M-US_Open-F-Ken_Rosewall-Jimmy_Connors,Jimmy Connors,Total,14,6,16,19,4,11,10,4,8,1,0,0
19740908-M-US_Open-F-Ken_Rosewall-Jimmy_Connors,Jimmy Connors,1,11,2,14,16,0,4,0,0,0,0,0,0
19740908-M-US_Open-F-Ken_Rosewall-Jimmy_Connors,Jimmy Connors,2,3,4,2,3,4,7,10,4,8,1,0,0
19730909-M-US_Open-F-Jan_Kodes-John_Newcombe,Jan Kodes,Total,9,5,20,13,7,12,2,3,6,1,0,0
19730909-M-US_Open-F-Jan_Kodes-John_Newcombe,Jan Kodes,1,8,3,17,11,6,9,0,0,0,0,0,0
19730909-M-US_Open-F-Jan_Kodes-John_Newcombe,Jan Kodes,2,1,2,3,2,1,3,2,3,6,1,0,0
19730909-M-US_Open-F-Jan_Kodes-John_Newcombe,John Newcombe,Total,10,10,7,7,9,11,11,7,5,1,0,0
19730909-M-US_Open-F-Jan_Kodes-John_Newcombe,John Newcombe,1,9,0,5,6,3,9,0,0,0,0,0,0
19730909-M-US_Open-F-Jan_Kodes-John_Newcombe,John Newcombe,2,1,10,2,1,6,2,11,7,5,1,0,0
19720910-M-US_Open-F-Arthur_Ashe-Ilie_Nastase,Arthur Ashe,Total,13,7,33,27,4,16,29,5,12,2,0,0
19720910-M-US_Open-F-Arthur_Ashe-Ilie_Nastase,Arthur Ashe,1,12,1,17,13,2,11,0,0,0,0,0,0
19720910-M-US_Open-F-Arthur_Ashe-Ilie_Nastase,Arthur Ashe,2,1,6,16,14,2,5,29,5,12,2,0,0
19720910-M-US_Open-F-Arthur_Ashe-Ilie_Nastase,Ilie Nastase,Total,10,5,41,26,15,12,19,3,23,0,0,0
19720910-M-US_Open-F-Arthur_Ashe-Ilie_Nastase,Ilie Nastase,1,10,1,23,16,5,11,0,0,0,0,0,0
19720910-M-US_Open-F-Arthur_Ashe-Ilie_Nastase,Ilie Nastase,2,0,4,18,10,10,1,19,3,23,0,0,0
19710916-M-US_Open-F-Jan_Kodes-Stan_Smith,Jan Kodes,Total,13,8,27,26,8,8,13,4,19,4,1,0
19710916-M-US_Open-F-Jan_Kodes-Stan_Smith,Jan Kodes,1,7,6,17,18,1,5,0,0,0,0,0,0
19710916-M-US_Open-F-Jan_Kodes-Stan_Smith,Jan Kodes,2,6,2,10,8,7,3,13,4,19,4,1,0
19710916-M-US_Open-F-Jan_Kodes-Stan_Smith,Stan Smith,Total,17,9,13,16,14,6,10,2,13,0,0,1
19710916-M-US_Open-F-Jan_Kodes-Stan_Smith,Stan Smith,1,15,6,8,10,9,4,0,0,0,0,0,0
19710916-M-US_Open-F-Jan_Kodes-Stan_Smith,Stan Smith,2,2,3,5,6,5,2,10,2,13,0,0,1
19690907-M-US_Open-F-Rod_Laver-Tony_Roche,Rod Laver,Total,18,32,13,20,20,19,28,9,25,0,0,0
19690907-M-US_Open-F-Rod_Laver-Tony_Roche,Rod Laver,1,14,7,8,12,5,19,0,0,0,0,0,0
19690907-M-US_Open-F-Rod_Laver-Tony_Roche,Rod Laver,2,4,25,5,8,15,0,28,9,25,0,0,0
19690907-M-US_Open-F-Rod_Laver-Tony_Roche,Tony Roche,Total,53,6,7,7,13,40,22,7,18,0,0,0
19690907-M-US_Open-F-Rod_Laver-Tony_Roche,Tony Roche,1,32,2,7,7,8,28,0,0,0,0,0,0
19690907-M-US_Open-F-Rod_Laver-Tony_Roche,Tony Roche,2,21,4,0,0,5,12,22,7,18,0,0,0
