match_id,player,row,crosscourt,down_middle,down_the_line,inside_out,inside_in
20260909-W-US_Open-QF-Coco_Gauff-Mirra_Andreeva,Coco Gauff,Total,138,92,42,36,0
20260909-W-US_Open-QF-Coco_Gauff-Mirra_Andreeva,Coco Gauff,F,97,66,26,26,0
20260909-W-US_Open-QF-Coco_Gauff-Mirra_Andreeva,Coco Gauff,B,39,24,15,10,0
20260909-W-US_Open-QF-Coco_Gauff-Mirra_Andreeva,Coco Gauff,S,2,2,1,0,0
20260909-W-US_Open-QF-Coco_Gauff-Mirra_Andreeva,Mirra Andreeva,Total,149,66,54,42,2
20260909-W-US_Open-QF-Coco_Gauff-Mirra_Andreeva,Mirra Andreeva,F,108,29,19,24,1
20260909-W-US_Open-QF-Coco_Gauff-Mirra_Andreeva,Mirra Andreeva,B,36,32,34,18,1
20260909-W-US_Open-QF-Coco_Gauff-Mirra_Andreeva,Mirra Andreeva,S,5,5,1,0,0
20260907-W-US_Open-R16-Elena_Rybakina-Naomi_Osaka,Elena Rybakina,Total,67,34,12,8,0
20260907-W-US_Open-R16-Elena_Rybakina-Naomi_Osaka,Elena Rybakina,F,45,23,11,7,0
20260907-W-US_Open-R16-Elena_Rybakina-Naomi_Osaka,Elena Rybakina,B,20,10,1,0,0
20260907-W-US_Open-R16-Elena_Rybakina-Naomi_Osaka,Elena Rybakina,S,2,1,0,1,0
20260907-W-US_Open-R16-Elena_Rybakina-Naomi_Osaka,Naomi Osaka,Total,42,40,11,12,0
20260907-W-US_Open-R16-Elena_Rybakina-Naomi_Osaka,Naomi Osaka,F,36,15,2,8,0
20260907-W-US_Open-R16-Elena_Rybakina-Naomi_Osaka,Naomi Osaka,B,6,22,8,4,0
20260907-W-US_Open-R16-Elena_Rybakina-Naomi_Osaka,Naomi Osaka,S,0,3,1,0,0
20260907-W-US_Open-R16-Coco_Gauff-Iva_Jovic,Coco Gauff,Total,71,69,21,26,1
20260907-W-US_Open-R16-Coco_Gauff-Iva_Jovic,Coco Gauff,F,37,32,11,17,0
20260907-W-US_Open-R16-Coco_Gauff-Iva_Jovic,Coco Gauff,B,30,33,9,7,1
20260907-W-US_Open-R16-Coco_Gauff-Iva_Jovic,Coco Gauff,S,4,4,1,2,0
20260907-W-US_Open-R16-Coco_Gauff-Iva_Jovic,Iva Jovic,Total,89,63,31,24,1
20260907-W-US_Open-R16-Coco_Gauff-Iva_Jovic,Iva Jovic,F,50,28,13,17,1
20260907-W-US_Open-R16-Coco_Gauff-Iva_Jovic,Iva Jovic,B,39,33,17,7,0
20260907-W-US_Open-R16-Coco_Gauff-Iva_Jovic,Iva Jovic,S,0,2,1,0,0
20260907-W-US_Open-R16-Anastasia_Potapova-Mirra_Andreeva,Anastasia Potapova,Total,142,72,30,26,2
20260907-W-US_Open-R16-Anastasia_Potapova-Mirra_Andreeva,Anastasia Potapova,F,71,37,19,18,2
20260907-W-US_Open-R16-Anastasia_Potapova-Mirra_Andreeva,Anastasia Potapova,B,70,33,10,7,0
20260907-W-US_Open-R16-Anastasia_Potapova-Mirra_Andreeva,Anastasia Potapova,S,1,2,1,1,0
20260907-W-US_Open-R16-Anastasia_Potapova-Mirra_Andreeva,Mirra Andreeva,Total,97,79,46,40,6
20260907-W-US_Open-R16-Anastasia_Potapova-Mirra_Andreeva,Mirra Andreeva,F,47,30,22,27,4
20260907-W-US_Open-R16-Anastasia_Potapova-Mirra_Andreeva,Mirra Andreeva,B,47,43,22,13,2
20260907-W-US_Open-R16-Anastasia_Potapova-Mirra_Andreeva,Mirra Andreeva,S,3,6,2,0,0
20260905-W-US_Open-R32-Nikola_Bartunkova-Mirra_Andreeva,Nikola Bartunkova,Total,32,33,16,16,0
20260905-W-US_Open-R32-Nikola_Bartunkova-Mirra_Andreeva,Nikola Bartunkova,F,14,14,4,8,0
20260905-W-US_Open-R32-Nikola_Bartunkova-Mirra_Andreeva,Nikola Bartunkova,B,17,16,10,8,0
20260905-W-US_Open-R32-Nikola_Bartunkova-Mirra_Andreeva,Nikola Bartunkova,S,1,3,2,0,0
20260905-W-US_Open-R32-Nikola_Bartunkova-Mirra_Andreeva,Mirra Andreeva,Total,45,36,18,17,0
20260905-W-US_Open-R32-Nikola_Bartunkova-Mirra_Andreeva,Mirra Andreeva,F,24,16,11,9,0
20260905-W-US_Open-R32-Nikola_Bartunkova-Mirra_Andreeva,Mirra Andreeva,B,20,19,7,8,0
20260905-W-US_Open-R32-Nikola_Bartunkova-Mirra_Andreeva,Mirra Andreeva,S,1,1,0,0,0
20260905-W-US_Open-R32-Elena_Rybakina-Yuliia_Starodubtseva,Elena Rybakina,Total,82,59,14,22,2
20260905-W-US_Open-R32-Elena_Rybakina-Yuliia_Starodubtseva,Elena Rybakina,F,63,35,10,20,2
20260905-W-US_Open-R32-Elena_Rybakina-Yuliia_Starodubtseva,Elena Rybakina,B,18,22,4,2,0
20260905-W-US_Open-R32-Elena_Rybakina-Yuliia_Starodubtseva,Elena Rybakina,S,1,2,0,0,0
20260905-W-US_Open-R32-Elena_Rybakina-Yuliia_Starodubtseva,Yuliia Starodubtseva,Total,52,97,11,15,2
20260905-W-US_Open-R32-Elena_Rybakina-Yuliia_Starodubtseva,Yuliia Starodubtseva,F,35,59,5,11,2
20260905-W-US_Open-R32-Elena_Rybakina-Yuliia_Starodubtseva,Yuliia Starodubtseva,B,14,35,5,4,0
20260905-W-US_Open-R32-Elena_Rybakina-Yuliia_Starodubtseva,Yuliia Starodubtseva,S,3,3,1,0,0
20260905-W-US_Open-R32-Coco_Gauff-Cristina_Bucsa,Coco Gauff,Total,57,61,18,26,0
20260905-W-US_Open-R32-Coco_Gauff-Cristina_Bucsa,Coco Gauff,F,27,38,9,18,0
20260905-W-US_Open-R32-Coco_Gauff-Cristina_Bucsa,Coco Gauff,B,28,19,9,8,0
20260905-W-US_Open-R32-Coco_Gauff-Cristina_Bucsa,Coco Gauff,S,2,4,0,0,0
20260905-W-US_Open-R32-Coco_Gauff-Cristina_Bucsa,Cristina Bucsa,Total,58,67,17,22,1
20260905-W-US_Open-R32-Coco_Gauff-Cristina_Bucsa,Cristina Bucsa,F,35,32,5,19,1
20260905-W-US_Open-R32-Coco_Gauff-Cristina_Bucsa,Cristina Bucsa,B,22,31,12,3,0
20260905-W-US_Open-R32-Coco_Gauff-Cristina_Bucsa,Cristina Bucsa,S,1,4,0,0,0
20260905-W-US_Open-R32-Alexandra_Eala-Iva_Jovic,Alexandra Eala,Total,118,82,43,31,1
20260905-W-US_Open-R32-Alexandra_Eala-Iva_Jovic,Alexandra Eala,F,50,40,29,24,1
20260905-W-US_Open-R32-Alexandra_Eala-Iva_Jovic,Alexandra Eala,B,63,39,14,7,0
20260905-W-US_Open-R32-Alexandra_Eala-Iva_Jovic,Alexandra Eala,S,5,3,0,0,0
20260905-W-US_Open-R32-Alexandra_Eala-Iva_Jovic,Iva Jovic,Total,115,83,42,34,1
20260905-W-US_Open-R32-Alexandra_Eala-Iva_Jovic,Iva Jovic,F,74,39,36,18,1
20260905-W-US_Open-R32-Alexandra_Eala-Iva_Jovic,Iva Jovic,B,38,40,5,16,0
20260905-W-US_Open-R32-Alexandra_Eala-Iva_Jovic,Iva Jovic,S,3,4,1,0,0
20260904-W-US_Open-R64-Eva_Lys-Mirra_Andreeva,Eva Lys,Total,52,37,17,16,1
20260904-W-US_Open-R64-Eva_Lys-Mirra_Andreeva,Eva Lys,F,25,15,10,6,0
20260904-W-US_Open-R64-Eva_Lys-Mirra_Andreeva,Eva Lys,B,27,21,7,10,1
20260904-W-US_Open-R64-Eva_Lys-Mirra_Andreeva,Eva Lys,S,0,1,0,0,0
20260904-W-US_Open-R64-Eva_Lys-Mirra_Andreeva,Mirra Andreeva,Total,47,27,16,26,0
20260904-W-US_Open-R64-Eva_Lys-Mirra_Andreeva,Mirra Andreeva,F,25,5,4,18,0
20260904-W-US_Open-R64-Eva_Lys-Mirra_Andreeva,Mirra Andreeva,B,20,21,11,8,0
20260904-W-US_Open-R64-Eva_Lys-Mirra_Andreeva,Mirra Andreeva,S,2,1,1,0,0
20260903-W-US_Open-R64-Francesca_Jones-Iva_Jovic,Francesca Jones,Total,52,67,20,33,4
20260903-W-US_Open-R64-Francesca_Jones-Iva_Jovic,Francesca Jones,F,33,25,6,30,4
20260903-W-US_Open-R64-Francesca_Jones-Iva_Jovic,Francesca Jones,B,13,28,11,2,0
20260903-W-US_Open-R64-Francesca_Jones-Iva_Jovic,Francesca Jones,S,6,14,3,1,0
20260903-W-US_Open-R64-Francesca_Jones-Iva_Jovic,Iva Jovic,Total,64,62,16,31,3
20260903-W-US_Open-R64-Francesca_Jones-Iva_Jovic,Iva Jovic,F,37,27,11,30,3
20260903-W-US_Open-R64-Francesca_Jones-Iva_Jovic,Iva Jovic,B,26,33,4,1,0
20260903-W-US_Open-R64-Francesca_Jones-Iva_Jovic,Iva Jovic,S,1,2,1,0,0
20260902-W-US_Open-R64-Diana_Shnaider-Karolina_Pliskova,Diana Shnaider,Total,92,54,15,24,1
20260902-W-US_Open-R64-Diana_Shnaider-Karolina_Pliskova,Diana Shnaider,F,47,15,10,18,1
20260902-W-US_Open-R64-Diana_Shnaider-Karolina_Pliskova,Diana Shnaider,B,43,35,5,5,0
20260902-W-US_Open-R64-Diana_Shnaider-Karolina_Pliskova,Diana Shnaider,S,2,4,0,1,0
20260902-W-US_Open-R64-Diana_Shnaider-Karolina_Pliskova,Karolina Pliskova,Total,77,57,27,23,0
20260902-W-US_Open-R64-Diana_Shnaider-Karolina_Pliskova,Karolina Pliskova,F,50,26,10,16,0
20260902-W-US_Open-R64-Diana_Shnaider-Karolina_Pliskova,Karolina Pliskova,B,26,28,16,7,0
20260902-W-US_Open-R64-Diana_Shnaider-Karolina_Pliskova,Karolina Pliskova,S,1,3,1,0,0
20260901-W-US_Open-R128-Madison_Keys-Alina_Korneeva,Madison Keys,Total,48,71,16,37,3
20260901-W-US_Open-R128-Madison_Keys-Alina_Korneeva,Madison Keys,F,33,34,7,30,3
20260901-W-US_Open-R128-Madison_Keys-Alina_Korneeva,Madison Keys,B,13,34,7,6,0
20260901-W-US_Open-R128-Madison_Keys-Alina_Korneeva,Madison Keys,S,2,3,2,1,0
20260901-W-US_Open-R128-Madison_Keys-Alina_Korneeva,Alina Korneeva,Total,51,71,22,21,0
20260901-W-US_Open-R128-Madison_Keys-Alina_Korneeva,Alina Korneeva,F,25,37,15,17,0
20260901-W-US_Open-R128-Madison_Keys-Alina_Korneeva,Alina Korneeva,B,23,30,7,4,0
20260901-W-US_Open-R128-Madison_Keys-Alina_Korneeva,Alina Korneeva,S,3,4,0,0,0
20260901-W-US_Open-R128-Janice_Tjen-Mirra_Andreeva,Janice Tjen,Total,60,36,11,21,3
20260901-W-US_Open-R128-Janice_Tjen-Mirra_Andreeva,Janice Tjen,F,38,21,6,19,3
20260901-W-US_Open-R128-Janice_Tjen-Mirra_Andreeva,Janice Tjen,B,1,2,3,0,0
20260901-W-US_Open-R128-Janice_Tjen-Mirra_Andreeva,Janice Tjen,S,21,13,2,2,0
20260901-W-US_Open-R128-Janice_Tjen-Mirra_Andreeva,Mirra Andreeva,Total,66,24,28,19,0
20260901-W-US_Open-R128-Janice_Tjen-Mirra_Andreeva,Mirra Andreeva,F,25,15,18,15,0
20260901-W-US_Open-R128-Janice_Tjen-Mirra_Andreeva,Mirra Andreeva,B,40,6,10,4,0
20260901-W-US_Open-R128-Janice_Tjen-Mirra_Andreeva,Mirra Andreeva,S,1,3,0,0,0
20260901-W-US_Open-R128-Iva_Jovic-Magdalena_Frech,Iva Jovic,Total,105,73,36,30,1
20260901-W-US_Open-R128-Iva_Jovic-Magdalena_Frech,Iva Jovic,F,63,34,19,18,1
20260901-W-US_Open-R128-Iva_Jovic-Magdalena_Frech,Iva Jovic,B,38,36,16,12,0
20260901-W-US_Open-R128-Iva_Jovic-Magdalena_Frech,Iva Jovic,S,4,3,1,0,0
20260901-W-US_Open-R128-Iva_Jovic-Magdalena_Frech,Magdalena Frech,Total,88,94,27,23,0
20260901-W-US_Open-R128-Iva_Jovic-Magdalena_Frech,Magdalena Frech,F,51,53,14,15,0
20260901-W-US_Open-R128-Iva_Jovic-Magdalena_Frech,Magdalena Frech,B,34,34,11,7,0
20260901-W-US_Open-R128-Iva_Jovic-Magdalena_Frech,Magdalena Frech,S,3,7,2,1,0
20260901-W-US_Open-R128-Coco_Gauff-Zeynep_Sonmez,Coco Gauff,Total,51,49,19,22,0
20260901-W-US_Open-R128-Coco_Gauff-Zeynep_Sonmez,Coco Gauff,F,26,19,8,17,0
20260901-W-US_Open-R128-Coco_Gauff-Zeynep_Sonmez,Coco Gauff,B,24,28,9,5,0
20260901-W-US_Open-R128-Coco_Gauff-Zeynep_Sonmez,Coco Gauff,S,1,2,2,0,0
20260901-W-US_Open-R128-Coco_Gauff-Zeynep_Sonmez,Zeynep Sonmez,Total,54,49,24,25,0
20260901-W-US_Open-R128-Coco_Gauff-Zeynep_Sonmez,Zeynep Sonmez,F,23,26,11,17,0
20260901-W-US_Open-R128-Coco_Gauff-Zeynep_Sonmez,Zeynep Sonmez,B,30,23,13,8,0
20260901-W-US_Open-R128-Coco_Gauff-Zeynep_Sonmez,Zeynep Sonmez,S,1,0,0,0,0
20260831-W-US_Open-R128-Karolina_Muchova-Sinja_Kraus,Karolina Muchova,Total,28,27,7,5,1
20260831-W-US_Open-R128-Karolina_Muchova-Sinja_Kraus,Karolina Muchova,F,10,13,3,4,1
20260831-W-US_Open-R128-Karolina_Muchova-Sinja_Kraus,Karolina Muchova,B,11,12,3,0,0
20260831-W-US_Open-R128-Karolina_Muchova-Sinja_Kraus,Karolina Muchova,S,7,2,1,1,0
20260831-W-US_Open-R128-Karolina_Muchova-Sinja_Kraus,Sinja Kraus,Total,34,20,10,14,0
20260831-W-US_Open-R128-Karolina_Muchova-Sinja_Kraus,Sinja Kraus,F,12,6,6,10,0
20260831-W-US_Open-R128-Karolina_Muchova-Sinja_Kraus,Sinja Kraus,B,22,14,3,4,0
20260831-W-US_Open-R128-Karolina_Muchova-Sinja_Kraus,Sinja Kraus,S,0,0,1,0,0
20260831-W-US_Open-R128-Caty_Mcnally-Anouk_Koevermans,Caty Mcnally,Total,43,41,11,24,4
20260831-W-US_Open-R128-Caty_Mcnally-Anouk_Koevermans,Caty Mcnally,F,17,18,5,22,4
20260831-W-US_Open-R128-Caty_Mcnally-Anouk_Koevermans,Caty Mcnally,B,13,16,6,2,0
20260831-W-US_Open-R128-Caty_Mcnally-Anouk_Koevermans,Caty Mcnally,S,13,7,0,0,0
20260831-W-US_Open-R128-Caty_Mcnally-Anouk_Koevermans,Anouk Koevermans,Total,32,35,5,42,5
20260831-W-US_Open-R128-Caty_Mcnally-Anouk_Koevermans,Anouk Koevermans,F,19,17,3,40,5
20260831-W-US_Open-R128-Caty_Mcnally-Anouk_Koevermans,Anouk Koevermans,B,9,13,2,2,0
20260831-W-US_Open-R128-Caty_Mcnally-Anouk_Koevermans,Anouk Koevermans,S,4,5,0,0,0
20260831-W-US_Open-R128-Anna_Kalinskaya-Anna_Blinkova,Anna Kalinskaya,Total,81,27,12,20,0
20260831-W-US_Open-R128-Anna_Kalinskaya-Anna_Blinkova,Anna Kalinskaya,F,41,12,5,15,0
20260831-W-US_Open-R128-Anna_Kalinskaya-Anna_Blinkova,Anna Kalinskaya,B,39,13,7,5,0
20260831-W-US_Open-R128-Anna_Kalinskaya-Anna_Blinkova,Anna Kalinskaya,S,1,2,0,0,0
20260831-W-US_Open-R128-Anna_Kalinskaya-Anna_Blinkova,Anna Blinkova,Total,65,42,14,5,0
20260831-W-US_Open-R128-Anna_Kalinskaya-Anna_Blinkova,Anna Blinkova,F,28,20,5,3,0
20260831-W-US_Open-R128-Anna_Kalinskaya-Anna_Blinkova,Anna Blinkova,B,34,19,9,2,0
20260831-W-US_Open-R128-Anna_Kalinskaya-Anna_Blinkova,Anna Blinkova,S,3,3,0,0,0
20260831-W-US_Open-R128-Amanda_Anisimova-Ashlyn_Krueger,Amanda Anisimova,Total,45,22,13,22,0
20260831-W-US_Open-R128-Amanda_Anisimova-Ashlyn_Krueger,Amanda Anisimova,F,21,15,9,12,0
20260831-W-US_Open-R128-Amanda_Anisimova-Ashlyn_Krueger,Amanda Anisimova,B,23,7,4,10,0
20260831-W-US_Open-R128-Amanda_Anisimova-Ashlyn_Krueger,Amanda Anisimova,S,1,0,0,0,0
20260831-W-US_Open-R128-Amanda_Anisimova-Ashlyn_Krueger,Ashlyn Krueger,Total,39,31,7,4,1
20260831-W-US_Open-R128-Amanda_Anisimova-Ashlyn_Krueger,Ashlyn Krueger,F,18,15,2,1,1
20260831-W-US_Open-R128-Amanda_Anisimova-Ashlyn_Krueger,Ashlyn Krueger,B,18,14,4,3,0
20260831-W-US_Open-R128-Amanda_Anisimova-Ashlyn_Krueger,Ashlyn Krueger,S,3,2,1,0,0
20260830-W-US_Open-R128-Talia_Gibson-Donna_Vekic,Talia Gibson,Total,72,51,26,39,0
20260830-W-US_Open-R128-Talia_Gibson-Donna_Vekic,Talia Gibson,F,39,26,19,24,0
20260830-W-US_Open-R128-Talia_Gibson-Donna_Vekic,Talia Gibson,B,30,23,7,14,0
20260830-W-US_Open-R128-Talia_Gibson-Donna_Vekic,Talia Gibson,S,3,2,0,1,0
20260830-W-US_Open-R128-Talia_Gibson-Donna_Vekic,Donna Vekic,Total,39,84,16,29,1
20260830-W-US_Open-R128-Talia_Gibson-Donna_Vekic,Donna Vekic,F,24,43,7,15,1
20260830-W-US_Open-R128-Talia_Gibson-Donna_Vekic,Donna Vekic,B,12,40,8,14,0
20260830-W-US_Open-R128-Talia_Gibson-Donna_Vekic,Donna Vekic,S,3,1,1,0,0
20260830-W-US_Open-R128-Emiliana_Arango-Xin_Yu_Wang,Emiliana Arango,Total,21,52,10,22,3
20260830-W-US_Open-R128-Emiliana_Arango-Xin_Yu_Wang,Emiliana Arango,F,10,32,2,19,3
20260830-W-US_Open-R128-Emiliana_Arango-Xin_Yu_Wang,Emiliana Arango,B,6,6,4,3,0
20260830-W-US_Open-R128-Emiliana_Arango-Xin_Yu_Wang,Emiliana Arango,S,5,14,4,0,0
20260830-W-US_Open-R128-Emiliana_Arango-Xin_Yu_Wang,Xin Yu Wang,Total,54,22,10,23,1
20260830-W-US_Open-R128-Emiliana_Arango-Xin_Yu_Wang,Xin Yu Wang,F,28,11,8,21,1
20260830-W-US_Open-R128-Emiliana_Arango-Xin_Yu_Wang,Xin Yu Wang,B,25,11,2,2,0
20260830-W-US_Open-R128-Emiliana_Arango-Xin_Yu_Wang,Xin Yu Wang,S,1,0,0,0,0
20260830-W-US_Open-R128-Elina_Svitolina-Solana_Sierra,Elina Svitolina,Total,25,22,4,4,0
20260830-W-US_Open-R128-Elina_Svitolina-Solana_Sierra,Elina Svitolina,F,12,10,4,3,0
20260830-W-US_Open-R128-Elina_Svitolina-Solana_Sierra,Elina Svitolina,B,10,11,0,1,0
20260830-W-US_Open-R128-Elina_Svitolina-Solana_Sierra,Elina Svitolina,S,3,1,0,0,0
20260830-W-US_Open-R128-Elina_Svitolina-Solana_Sierra,Solana Sierra,Total,26,21,10,6,0
20260830-W-US_Open-R128-Elina_Svitolina-Solana_Sierra,Solana Sierra,F,13,6,5,3,0
20260830-W-US_Open-R128-Elina_Svitolina-Solana_Sierra,Solana Sierra,B,13,12,3,3,0
20260830-W-US_Open-R128-Elina_Svitolina-Solana_Sierra,Solana Sierra,S,0,3,2,0,0
20260827-W-US_Open-Q3-Tamara_Zidansek-Bianca_Andreescu,Tamara Zidansek,Total,97,56,12,57,13
20260827-W-US_Open-Q3-Tamara_Zidansek-Bianca_Andreescu,Tamara Zidansek,F,67,37,8,56,13
20260827-W-US_Open-Q3-Tamara_Zidansek-Bianca_Andreescu,Tamara Zidansek,B,24,17,3,1,0
20260827-W-US_Open-Q3-Tamara_Zidansek-Bianca_Andreescu,Tamara Zidansek,S,6,2,1,0,0
20260827-W-US_Open-Q3-Tamara_Zidansek-Bianca_Andreescu,Bianca Andreescu,Total,56,73,28,37,7
20260827-W-US_Open-Q3-Tamara_Zidansek-Bianca_Andreescu,Bianca Andreescu,F,29,41,19,31,7
20260827-W-US_Open-Q3-Tamara_Zidansek-Bianca_Andreescu,Bianca Andreescu,B,24,26,9,4,0
20260827-W-US_Open-Q3-Tamara_Zidansek-Bianca_Andreescu,Bianca Andreescu,S,3,6,0,2,0
20260827-W-US_Open-Q2-Arantxa_Rus-Suzan_Lamens,Arantxa Rus,Total,67,58,16,33,3
20260827-W-US_Open-Q2-Arantxa_Rus-Suzan_Lamens,Arantxa Rus,F,43,34,4,22,3
20260827-W-US_Open-Q2-Arantxa_Rus-Suzan_Lamens,Arantxa Rus,B,21,23,10,11,0
20260827-W-US_Open-Q2-Arantxa_Rus-Suzan_Lamens,Arantxa Rus,S,3,1,2,0,0
20260827-W-US_Open-Q2-Arantxa_Rus-Suzan_Lamens,Suzan Lamens,Total,61,72,20,14,1
20260827-W-US_Open-Q2-Arantxa_Rus-Suzan_Lamens,Suzan Lamens,F,37,32,11,10,1
20260827-W-US_Open-Q2-Arantxa_Rus-Suzan_Lamens,Suzan Lamens,B,24,37,9,4,0
20260827-W-US_Open-Q2-Arantxa_Rus-Suzan_Lamens,Suzan Lamens,S,0,3,0,0,0
20260826-W-US_Open-Q2-Bianca_Andreescu-Veronika_Podrez,Bianca Andreescu,Total,9,28,9,23,2
20260826-W-US_Open-Q2-Bianca_Andreescu-Veronika_Podrez,Bianca Andreescu,F,7,16,3,20,2
20260826-W-US_Open-Q2-Bianca_Andreescu-Veronika_Podrez,Bianca Andreescu,B,2,8,4,2,0
20260826-W-US_Open-Q2-Bianca_Andreescu-Veronika_Podrez,Bianca Andreescu,S,0,4,2,1,0
20260826-W-US_Open-Q2-Bianca_Andreescu-Veronika_Podrez,Veronika Podrez,Total,30,35,7,8,1
20260826-W-US_Open-Q2-Bianca_Andreescu-Veronika_Podrez,Veronika Podrez,F,13,12,4,5,1
20260826-W-US_Open-Q2-Bianca_Andreescu-Veronika_Podrez,Veronika Podrez,B,15,21,2,3,0
20260826-W-US_Open-Q2-Bianca_Andreescu-Veronika_Podrez,Veronika Podrez,S,2,2,1,0,0
20260824-W-US_Open-Q1-Lisa_Pigato-Linda_Klimovicova,Lisa Pigato,Total,46,47,19,21,0
20260824-W-US_Open-Q1-Lisa_Pigato-Linda_Klimovicova,Lisa Pigato,F,19,22,9,17,0
20260824-W-US_Open-Q1-Lisa_Pigato-Linda_Klimovicova,Lisa Pigato,B,26,24,10,4,0
20260824-W-US_Open-Q1-Lisa_Pigato-Linda_Klimovicova,Lisa Pigato,S,1,1,0,0,0
20260824-W-US_Open-Q1-Lisa_Pigato-Linda_Klimovicova,Linda Klimovicova,Total,54,44,8,7,0
20260824-W-US_Open-Q1-Lisa_Pigato-Linda_Klimovicova,Linda Klimovicova,F,23,15,5,4,0
20260824-W-US_Open-Q1-Lisa_Pigato-Linda_Klimovicova,Linda Klimovicova,B,29,24,3,3,0
20260824-W-US_Open-Q1-Lisa_Pigato-Linda_Klimovicova,Linda Klimovicova,S,2,5,0,0,0
20260824-W-US_Open-Q1-Bianca_Andreescu-Eva_Vedder,Bianca Andreescu,Total,24,29,9,23,1
20260824-W-US_Open-Q1-Bianca_Andreescu-Eva_Vedder,Bianca Andreescu,F,13,18,3,19,1
20260824-W-US_Open-Q1-Bianca_Andreescu-Eva_Vedder,Bianca Andreescu,B,9,6,3,3,0
20260824-W-US_Open-Q1-Bianca_Andreescu-Eva_Vedder,Bianca Andreescu,S,2,5,3,1,0
20260824-W-US_Open-Q1-Bianca_Andreescu-Eva_Vedder,Eva Vedder,Total,42,33,3,10,3
20260824-W-US_Open-Q1-Bianca_Andreescu-Eva_Vedder,Eva Vedder,F,19,26,3,10,3
20260824-W-US_Open-Q1-Bianca_Andreescu-Eva_Vedder,Eva Vedder,B,20,3,0,0,0
20260824-W-US_Open-Q1-Bianca_Andreescu-Eva_Vedder,Eva Vedder,S,3,4,0,0,0
20260129-W-Australian_Open-SF-Elena_Rybakina-Jessica_Pegula,Elena Rybakina,Total,84,47,10,14,2
20260129-W-Australian_Open-SF-Elena_Rybakina-Jessica_Pegula,Elena Rybakina,F,56,21,3,8,2
20260129-W-Australian_Open-SF-Elena_Rybakina-Jessica_Pegula,Elena Rybakina,B,27,25,6,6,0
20260129-W-Australian_Open-SF-Elena_Rybakina-Jessica_Pegula,Elena Rybakina,S,1,1,1,0,0
20260129-W-Australian_Open-SF-Elena_Rybakina-Jessica_Pegula,Jessica Pegula,Total,54,49,11,19,0
20260129-W-Australian_Open-SF-Elena_Rybakina-Jessica_Pegula,Jessica Pegula,F,29,25,10,14,0
20260129-W-Australian_Open-SF-Elena_Rybakina-Jessica_Pegula,Jessica Pegula,B,21,20,0,4,0
20260129-W-Australian_Open-SF-Elena_Rybakina-Jessica_Pegula,Jessica Pegula,S,4,4,1,1,0
20260128-W-Australian_Open-QF-Elena_Rybakina-Iga_Swiatek,Elena Rybakina,Total,43,30,9,6,0
20260128-W-Australian_Open-QF-Elena_Rybakina-Iga_Swiatek,Elena Rybakina,F,26,11,4,3,0
20260128-W-Australian_Open-QF-Elena_Rybakina-Iga_Swiatek,Elena Rybakina,B,17,18,4,3,0
20260128-W-Australian_Open-QF-Elena_Rybakina-Iga_Swiatek,Elena Rybakina,S,0,1,1,0,0
20260128-W-Australian_Open-QF-Elena_Rybakina-Iga_Swiatek,Iga Swiatek,Total,47,29,7,15,1
20260128-W-Australian_Open-QF-Elena_Rybakina-Iga_Swiatek,Iga Swiatek,F,24,11,3,9,1
20260128-W-Australian_Open-QF-Elena_Rybakina-Iga_Swiatek,Iga Swiatek,B,23,17,4,6,0
20260128-W-Australian_Open-QF-Elena_Rybakina-Iga_Swiatek,Iga Swiatek,S,0,1,0,0,0
20260127-W-Australian_Open-QF-Coco_Gauff-Elina_Svitolina,Coco Gauff,Total,36,51,12,16,0
20260127-W-Australian_Open-QF-Coco_Gauff-Elina_Svitolina,Coco Gauff,F,15,27,10,11,0
20260127-W-Australian_Open-QF-Coco_Gauff-Elina_Svitolina,Coco Gauff,B,21,23,2,5,0
20260127-W-Australian_Open-QF-Coco_Gauff-Elina_Svitolina,Coco Gauff,S,0,1,0,0,0
20260127-W-Australian_Open-QF-Coco_Gauff-Elina_Svitolina,Elina Svitolina,Total,56,42,7,12,2
20260127-W-Australian_Open-QF-Coco_Gauff-Elina_Svitolina,Elina Svitolina,F,33,23,3,8,2
20260127-W-Australian_Open-QF-Coco_Gauff-Elina_Svitolina,Elina Svitolina,B,22,19,3,4,0
20260127-W-Australian_Open-QF-Coco_Gauff-Elina_Svitolina,Elina Svitolina,S,1,0,1,0,0
20260127-W-Australian_Open-QF-Amanda_Anisimova-Jessica_Pegula,Amanda Anisimova,Total,67,35,23,26,0
20260127-W-Australian_Open-QF-Amanda_Anisimova-Jessica_Pegula,Amanda Anisimova,F,44,16,14,12,0
20260127-W-Australian_Open-QF-Amanda_Anisimova-Jessica_Pegula,Amanda Anisimova,B,23,18,8,13,0
20260127-W-Australian_Open-QF-Amanda_Anisimova-Jessica_Pegula,Amanda Anisimova,S,0,1,1,1,0
20260127-W-Australian_Open-QF-Amanda_Anisimova-Jessica_Pegula,Jessica Pegula,Total,56,45,17,9,0
20260127-W-Australian_Open-QF-Amanda_Anisimova-Jessica_Pegula,Jessica Pegula,F,34,21,9,5,0
20260127-W-Australian_Open-QF-Amanda_Anisimova-Jessica_Pegula,Jessica Pegula,B,17,18,6,3,0
20260127-W-Australian_Open-QF-Amanda_Anisimova-Jessica_Pegula,Jessica Pegula,S,5,6,2,1,0
20260126-W-Australian_Open-R16-Jessica_Pegula-Madison_Keys,Jessica Pegula,Total,41,33,6,12,0
20260126-W-Australian_Open-R16-Jessica_Pegula-Madison_Keys,Jessica Pegula,F,19,15,3,9,0
20260126-W-Australian_Open-R16-Jessica_Pegula-Madison_Keys,Jessica Pegula,B,19,13,3,3,0
20260126-W-Australian_Open-R16-Jessica_Pegula-Madison_Keys,Jessica Pegula,S,3,5,0,0,0
20260126-W-Australian_Open-R16-Jessica_Pegula-Madison_Keys,Madison Keys,Total,26,33,11,27,0
20260126-W-Australian_Open-R16-Jessica_Pegula-Madison_Keys,Madison Keys,F,11,10,5,22,0
20260126-W-Australian_Open-R16-Jessica_Pegula-Madison_Keys,Madison Keys,B,11,21,6,2,0
20260126-W-Australian_Open-R16-Jessica_Pegula-Madison_Keys,Madison Keys,S,4,2,0,3,0
20260126-W-Australian_Open-R16-Iga_Swiatek-Maddison_Inglis,Iga Swiatek,Total,54,20,14,15,2
20260126-W-Australian_Open-R16-Iga_Swiatek-Maddison_Inglis,Iga Swiatek,F,33,10,5,11,2
20260126-W-Australian_Open-R16-Iga_Swiatek-Maddison_Inglis,Iga Swiatek,B,20,10,9,4,0
20260126-W-Australian_Open-R16-Iga_Swiatek-Maddison_Inglis,Iga Swiatek,S,1,0,0,0,0
20260126-W-Australian_Open-R16-Iga_Swiatek-Maddison_Inglis,Maddison Inglis,Total,39,28,12,12,1
20260126-W-Australian_Open-R16-Iga_Swiatek-Maddison_Inglis,Maddison Inglis,F,21,12,8,8,1
20260126-W-Australian_Open-R16-Iga_Swiatek-Maddison_Inglis,Maddison Inglis,B,15,15,4,4,0
20260126-W-Australian_Open-R16-Iga_Swiatek-Maddison_Inglis,Maddison Inglis,S,3,1,0,0,0
20260125-W-Australian_Open-R16-Iva_Jovic-Yulia_Putintseva,Iva Jovic,Total,66,44,14,15,1
20260125-W-Australian_Open-R16-Iva_Jovic-Yulia_Putintseva,Iva Jovic,F,27,13,5,9,1
20260125-W-Australian_Open-R16-Iva_Jovic-Yulia_Putintseva,Iva Jovic,B,37,31,9,6,0
20260125-W-Australian_Open-R16-Iva_Jovic-Yulia_Putintseva,Iva Jovic,S,2,0,0,0,0
20260125-W-Australian_Open-R16-Iva_Jovic-Yulia_Putintseva,Yulia Putintseva,Total,44,47,16,19,0
20260125-W-Australian_Open-R16-Iva_Jovic-Yulia_Putintseva,Yulia Putintseva,F,13,18,10,15,0
20260125-W-Australian_Open-R16-Iva_Jovic-Yulia_Putintseva,Yulia Putintseva,B,24,21,5,1,0
20260125-W-Australian_Open-R16-Iva_Jovic-Yulia_Putintseva,Yulia Putintseva,S,7,8,1,3,0
20260125-W-Australian_Open-R16-Elina_Svitolina-Mirra_Andreeva,Elina Svitolina,Total,92,47,14,24,3
20260125-W-Australian_Open-R16-Elina_Svitolina-Mirra_Andreeva,Elina Svitolina,F,40,16,9,20,3
20260125-W-Australian_Open-R16-Elina_Svitolina-Mirra_Andreeva,Elina Svitolina,B,48,28,4,4,0
20260125-W-Australian_Open-R16-Elina_Svitolina-Mirra_Andreeva,Elina Svitolina,S,4,3,1,0,0
20260125-W-Australian_Open-R16-Elina_Svitolina-Mirra_Andreeva,Mirra Andreeva,Total,64,41,43,29,0
20260125-W-Australian_Open-R16-Elina_Svitolina-Mirra_Andreeva,Mirra Andreeva,F,22,17,22,17,0
20260125-W-Australian_Open-R16-Elina_Svitolina-Mirra_Andreeva,Mirra Andreeva,B,37,22,21,11,0
20260125-W-Australian_Open-R16-Elina_Svitolina-Mirra_Andreeva,Mirra Andreeva,S,5,2,0,1,0
20260124-W-Australian_Open-R32-Linda_Noskova-Xin_Yu_Wang,Linda Noskova,Total,28,52,10,19,1
20260124-W-Australian_Open-R32-Linda_Noskova-Xin_Yu_Wang,Linda Noskova,F,10,16,6,14,1
20260124-W-Australian_Open-R32-Linda_Noskova-Xin_Yu_Wang,Linda Noskova,B,16,32,4,5,0
20260124-W-Australian_Open-R32-Linda_Noskova-Xin_Yu_Wang,Linda Noskova,S,2,4,0,0,0
20260124-W-Australian_Open-R32-Linda_Noskova-Xin_Yu_Wang,Xin Yu Wang,Total,31,60,8,9,1
20260124-W-Australian_Open-R32-Linda_Noskova-Xin_Yu_Wang,Xin Yu Wang,F,12,24,5,8,1
20260124-W-Australian_Open-R32-Linda_Noskova-Xin_Yu_Wang,Xin Yu Wang,B,19,28,2,1,0
20260124-W-Australian_Open-R32-Linda_Noskova-Xin_Yu_Wang,Xin Yu Wang,S,0,8,1,0,0
20260124-W-Australian_Open-R32-Iga_Swiatek-Anna_Kalinskaya,Iga Swiatek,Total,66,43,14,24,0
20260124-W-Australian_Open-R32-Iga_Swiatek-Anna_Kalinskaya,Iga Swiatek,F,23,16,4,17,0
20260124-W-Australian_Open-R32-Iga_Swiatek-Anna_Kalinskaya,Iga Swiatek,B,42,26,9,7,0
20260124-W-Australian_Open-R32-Iga_Swiatek-Anna_Kalinskaya,Iga Swiatek,S,1,1,1,0,0
20260124-W-Australian_Open-R32-Iga_Swiatek-Anna_Kalinskaya,Anna Kalinskaya,Total,56,49,14,25,0
20260124-W-Australian_Open-R32-Iga_Swiatek-Anna_Kalinskaya,Anna Kalinskaya,F,20,25,10,18,0
20260124-W-Australian_Open-R32-Iga_Swiatek-Anna_Kalinskaya,Anna Kalinskaya,B,33,23,4,7,0
20260124-W-Australian_Open-R32-Iga_Swiatek-Anna_Kalinskaya,Anna Kalinskaya,S,3,1,0,0,0
20260124-W-Australian_Open-R32-Elena_Rybakina-Tereza_Valentova,Elena Rybakina,Total,60,34,9,9,1
20260124-W-Australian_Open-R32-Elena_Rybakina-Tereza_Valentova,Elena Rybakina,F,44,15,4,6,1
20260124-W-Australian_Open-R32-Elena_Rybakina-Tereza_Valentova,Elena Rybakina,B,14,17,5,3,0
20260124-W-Australian_Open-R32-Elena_Rybakina-Tereza_Valentova,Elena Rybakina,S,2,2,0,0,0
20260124-W-Australian_Open-R32-Elena_Rybakina-Tereza_Valentova,Tereza Valentova,Total,27,56,9,8,0
20260124-W-Australian_Open-R32-Elena_Rybakina-Tereza_Valentova,Tereza Valentova,F,17,33,6,6,0
20260124-W-Australian_Open-R32-Elena_Rybakina-Tereza_Valentova,Tereza Valentova,B,6,16,2,2,0
20260124-W-Australian_Open-R32-Elena_Rybakina-Tereza_Valentova,Tereza Valentova,S,4,7,1,0,0
20260123-W-Australian_Open-R32-Mirra_Andreeva-Elena_Gabriela_Ruse,Mirra Andreeva,Total,79,64,26,32,0
20260123-W-Australian_Open-R32-Mirra_Andreeva-Elena_Gabriela_Ruse,Mirra Andreeva,F,18,19,9,28,0
20260123-W-Australian_Open-R32-Mirra_Andreeva-Elena_Gabriela_Ruse,Mirra Andreeva,B,53,36,16,4,0
20260123-W-Australian_Open-R32-Mirra_Andreeva-Elena_Gabriela_Ruse,Mirra Andreeva,S,8,9,1,0,0
20260123-W-Australian_Open-R32-Mirra_Andreeva-Elena_Gabriela_Ruse,Elena Gabriela Ruse,Total,121,51,25,41,0
20260123-W-Australian_Open-R32-Mirra_Andreeva-Elena_Gabriela_Ruse,Elena Gabriela Ruse,F,48,23,13,25,0
20260123-W-Australian_Open-R32-Mirra_Andreeva-Elena_Gabriela_Ruse,Elena Gabriela Ruse,B,71,25,11,15,0
20260123-W-Australian_Open-R32-Mirra_Andreeva-Elena_Gabriela_Ruse,Elena Gabriela Ruse,S,2,3,1,1,0
20260123-W-Australian_Open-R32-Magda_Linette-Karolina_Muchova,Magda Linette,Total,52,36,10,6,0
20260123-W-Australian_Open-R32-Magda_Linette-Karolina_Muchova,Magda Linette,F,24,12,4,6,0
20260123-W-Australian_Open-R32-Magda_Linette-Karolina_Muchova,Magda Linette,B,27,24,3,0,0
20260123-W-Australian_Open-R32-Magda_Linette-Karolina_Muchova,Magda Linette,S,1,0,3,0,0
20260123-W-Australian_Open-R32-Magda_Linette-Karolina_Muchova,Karolina Muchova,Total,36,40,12,15,3
20260123-W-Australian_Open-R32-Magda_Linette-Karolina_Muchova,Karolina Muchova,F,18,17,9,11,3
20260123-W-Australian_Open-R32-Magda_Linette-Karolina_Muchova,Karolina Muchova,B,12,14,2,3,0
20260123-W-Australian_Open-R32-Magda_Linette-Karolina_Muchova,Karolina Muchova,S,6,9,1,1,0
20260123-W-Australian_Open-R32-Jasmine_Paolini-Iva_Jovic,Jasmine Paolini,Total,109,75,20,26,2
20260123-W-Australian_Open-R32-Jasmine_Paolini-Iva_Jovic,Jasmine Paolini,F,63,41,17,19,2
20260123-W-Australian_Open-R32-Jasmine_Paolini-Iva_Jovic,Jasmine Paolini,B,42,31,3,7,0
20260123-W-Australian_Open-R32-Jasmine_Paolini-Iva_Jovic,Jasmine Paolini,S,4,3,0,0,0
20260123-W-Australian_Open-R32-Jasmine_Paolini-Iva_Jovic,Iva Jovic,Total,98,76,20,28,0
20260123-W-Australian_Open-R32-Jasmine_Paolini-Iva_Jovic,Iva Jovic,F,63,37,9,25,0
20260123-W-Australian_Open-R32-Jasmine_Paolini-Iva_Jovic,Iva Jovic,B,31,37,11,3,0
20260123-W-Australian_Open-R32-Jasmine_Paolini-Iva_Jovic,Iva Jovic,S,4,2,0,0,0
20260123-W-Australian_Open-R32-Diana_Shnaider-Elina_Svitolina,Diana Shnaider,Total,72,58,25,31,0
20260123-W-Australian_Open-R32-Diana_Shnaider-Elina_Svitolina,Diana Shnaider,F,37,24,15,23,0
20260123-W-Australian_Open-R32-Diana_Shnaider-Elina_Svitolina,Diana Shnaider,B,35,31,6,8,0
20260123-W-Australian_Open-R32-Diana_Shnaider-Elina_Svitolina,Diana Shnaider,S,0,3,4,0,0
20260123-W-Australian_Open-R32-Diana_Shnaider-Elina_Svitolina,Elina Svitolina,Total,84,61,12,17,1
20260123-W-Australian_Open-R32-Diana_Shnaider-Elina_Svitolina,Elina Svitolina,F,52,37,5,12,1
20260123-W-Australian_Open-R32-Diana_Shnaider-Elina_Svitolina,Elina Svitolina,B,29,23,6,4,0
20260123-W-Australian_Open-R32-Diana_Shnaider-Elina_Svitolina,Elina Svitolina,S,3,1,1,1,0
20260122-W-Australian_Open-R64-Mccartney_Kessler-Jessica_Pegula,Mccartney Kessler,Total,25,35,9,17,0
20260122-W-Australian_Open-R64-Mccartney_Kessler-Jessica_Pegula,Mccartney Kessler,F,16,14,7,15,0
20260122-W-Australian_Open-R64-Mccartney_Kessler-Jessica_Pegula,Mccartney Kessler,B,9,21,2,2,0
20260122-W-Australian_Open-R64-Mccartney_Kessler-Jessica_Pegula,Jessica Pegula,Total,35,37,7,10,0
20260122-W-Australian_Open-R64-Mccartney_Kessler-Jessica_Pegula,Jessica Pegula,F,20,8,2,4,0
20260122-W-Australian_Open-R64-Mccartney_Kessler-Jessica_Pegula,Jessica Pegula,B,15,27,3,5,0
20260122-W-Australian_Open-R64-Mccartney_Kessler-Jessica_Pegula,Jessica Pegula,S,0,2,2,1,0
20260122-W-Australian_Open-R64-Iga_Swiatek-Marie_Bouzkova,Iga Swiatek,Total,72,23,21,23,0
20260122-W-Australian_Open-R64-Iga_Swiatek-Marie_Bouzkova,Iga Swiatek,F,36,14,14,16,0
20260122-W-Australian_Open-R64-Iga_Swiatek-Marie_Bouzkova,Iga Swiatek,B,32,9,7,7,0
20260122-W-Australian_Open-R64-Iga_Swiatek-Marie_Bouzkova,Iga Swiatek,S,4,0,0,0,0
20260122-W-Australian_Open-R64-Iga_Swiatek-Marie_Bouzkova,Marie Bouzkova,Total,41,44,20,14,1
20260122-W-Australian_Open-R64-Iga_Swiatek-Marie_Bouzkova,Marie Bouzkova,F,20,16,9,10,1
20260122-W-Australian_Open-R64-Iga_Swiatek-Marie_Bouzkova,Marie Bouzkova,B,19,25,10,4,0
20260122-W-Australian_Open-R64-Iga_Swiatek-Marie_Bouzkova,Marie Bouzkova,S,2,3,1,0,0
20260122-W-Australian_Open-R64-Elena_Rybakina-Varvara_Gracheva,Elena Rybakina,Total,58,36,14,4,3
20260122-W-Australian_Open-R64-Elena_Rybakina-Varvara_Gracheva,Elena Rybakina,F,35,12,5,4,3
20260122-W-Australian_Open-R64-Elena_Rybakina-Varvara_Gracheva,Elena Rybakina,B,22,22,6,0,0
20260122-W-Australian_Open-R64-Elena_Rybakina-Varvara_Gracheva,Elena Rybakina,S,1,2,3,0,0
20260122-W-Australian_Open-R64-Elena_Rybakina-Varvara_Gracheva,Varvara Gracheva,Total,51,44,9,10,0
20260122-W-Australian_Open-R64-Elena_Rybakina-Varvara_Gracheva,Varvara Gracheva,F,30,22,5,5,0
20260122-W-Australian_Open-R64-Elena_Rybakina-Varvara_Gracheva,Varvara Gracheva,B,20,22,4,5,0
20260122-W-Australian_Open-R64-Elena_Rybakina-Varvara_Gracheva,Varvara Gracheva,S,1,0,0,0,0
20260121-W-Australian_Open-R64-Victoria_Mboko-Caty_Mcnally,Victoria Mboko,Total,52,61,38,39,1
20260121-W-Australian_Open-R64-Victoria_Mboko-Caty_Mcnally,Victoria Mboko,F,30,26,20,32,1
20260121-W-Australian_Open-R64-Victoria_Mboko-Caty_Mcnally,Victoria Mboko,B,21,32,15,6,0
20260121-W-Australian_Open-R64-Victoria_Mboko-Caty_Mcnally,Victoria Mboko,S,1,3,3,1,0
20260121-W-Australian_Open-R64-Victoria_Mboko-Caty_Mcnally,Caty Mcnally,Total,71,76,21,17,0
20260121-W-Australian_Open-R64-Victoria_Mboko-Caty_Mcnally,Caty Mcnally,F,36,32,9,15,0
20260121-W-Australian_Open-R64-Victoria_Mboko-Caty_Mcnally,Caty Mcnally,B,26,34,10,2,0
20260121-W-Australian_Open-R64-Victoria_Mboko-Caty_Mcnally,Caty Mcnally,S,9,10,2,0,0
20260121-W-Australian_Open-R64-Maria_Sakkari-Mirra_Andreeva,Maria Sakkari,Total,72,61,17,13,1
20260121-W-Australian_Open-R64-Maria_Sakkari-Mirra_Andreeva,Maria Sakkari,F,28,19,4,7,1
20260121-W-Australian_Open-R64-Maria_Sakkari-Mirra_Andreeva,Maria Sakkari,B,43,42,12,5,0
20260121-W-Australian_Open-R64-Maria_Sakkari-Mirra_Andreeva,Maria Sakkari,S,1,0,1,1,0
20260121-W-Australian_Open-R64-Maria_Sakkari-Mirra_Andreeva,Mirra Andreeva,Total,58,34,23,37,0
20260121-W-Australian_Open-R64-Maria_Sakkari-Mirra_Andreeva,Mirra Andreeva,F,17,13,13,24,0
20260121-W-Australian_Open-R64-Maria_Sakkari-Mirra_Andreeva,Mirra Andreeva,B,38,14,10,13,0
20260121-W-Australian_Open-R64-Maria_Sakkari-Mirra_Andreeva,Mirra Andreeva,S,3,7,0,0,0
20260121-W-Australian_Open-R64-Iva_Jovic-Priscilla_Hon,Iva Jovic,Total,64,57,19,14,0
20260121-W-Australian_Open-R64-Iva_Jovic-Priscilla_Hon,Iva Jovic,F,36,32,9,13,0
20260121-W-Australian_Open-R64-Iva_Jovic-Priscilla_Hon,Iva Jovic,B,27,21,9,1,0
20260121-W-Australian_Open-R64-Iva_Jovic-Priscilla_Hon,Iva Jovic,S,1,4,1,0,0
20260121-W-Australian_Open-R64-Iva_Jovic-Priscilla_Hon,Priscilla Hon,Total,50,56,13,16,0
20260121-W-Australian_Open-R64-Iva_Jovic-Priscilla_Hon,Priscilla Hon,F,20,18,8,14,0
20260121-W-Australian_Open-R64-Iva_Jovic-Priscilla_Hon,Priscilla Hon,B,26,25,5,2,0
20260121-W-Australian_Open-R64-Iva_Jovic-Priscilla_Hon,Priscilla Hon,S,4,13,0,0,0
20260121-W-Australian_Open-R64-Diana_Shnaider-Talia_Gibson,Diana Shnaider,Total,53,57,15,16,0
20260121-W-Australian_Open-R64-Diana_Shnaider-Talia_Gibson,Diana Shnaider,F,36,25,9,11,0
20260121-W-Australian_Open-R64-Diana_Shnaider-Talia_Gibson,Diana Shnaider,B,16,26,4,4,0
20260121-W-Australian_Open-R64-Diana_Shnaider-Talia_Gibson,Diana Shnaider,S,1,6,2,1,0
20260121-W-Australian_Open-R64-Diana_Shnaider-Talia_Gibson,Talia Gibson,Total,71,33,23,29,1
20260121-W-Australian_Open-R64-Diana_Shnaider-Talia_Gibson,Talia Gibson,F,29,15,12,18,1
20260121-W-Australian_Open-R64-Diana_Shnaider-Talia_Gibson,Talia Gibson,B,39,18,11,11,0
20260121-W-Australian_Open-R64-Diana_Shnaider-Talia_Gibson,Talia Gibson,S,3,0,0,0,0
20260121-W-Australian_Open-R64-Coco_Gauff-Olga_Danilovic,Coco Gauff,Total,61,40,8,6,1
20260121-W-Australian_Open-R64-Coco_Gauff-Olga_Danilovic,Coco Gauff,F,23,23,6,3,1
20260121-W-Australian_Open-R64-Coco_Gauff-Olga_Danilovic,Coco Gauff,B,38,13,1,3,0
20260121-W-Australian_Open-R64-Coco_Gauff-Olga_Danilovic,Coco Gauff,S,0,4,1,0,0
20260121-W-Australian_Open-R64-Coco_Gauff-Olga_Danilovic,Olga Danilovic,Total,60,42,18,15,1
20260121-W-Australian_Open-R64-Coco_Gauff-Olga_Danilovic,Olga Danilovic,F,42,25,13,11,1
20260121-W-Australian_Open-R64-Coco_Gauff-Olga_Danilovic,Olga Danilovic,B,15,16,5,4,0
20260121-W-Australian_Open-R64-Coco_Gauff-Olga_Danilovic,Olga Danilovic,S,3,1,0,0,0
20260121-W-Australian_Open-R64-Anastasia_Potapova-Emma_Raducanu,Anastasia Potapova,Total,87,40,27,18,1
20260121-W-Australian_Open-R64-Anastasia_Potapova-Emma_Raducanu,Anastasia Potapova,F,51,18,17,8,1
20260121-W-Australian_Open-R64-Anastasia_Potapova-Emma_Raducanu,Anastasia Potapova,B,35,20,8,9,0
20260121-W-Australian_Open-R64-Anastasia_Potapova-Emma_Raducanu,Anastasia Potapova,S,1,2,2,1,0
20260121-W-Australian_Open-R64-Anastasia_Potapova-Emma_Raducanu,Emma Raducanu,Total,70,41,35,27,1
20260121-W-Australian_Open-R64-Anastasia_Potapova-Emma_Raducanu,Emma Raducanu,F,42,27,17,19,1
20260121-W-Australian_Open-R64-Anastasia_Potapova-Emma_Raducanu,Emma Raducanu,B,22,10,18,6,0
20260121-W-Australian_Open-R64-Anastasia_Potapova-Emma_Raducanu,Emma Raducanu,S,6,4,0,2,0
20260121-W-Australian_Open-R64-Alycia_Parks-Karolina_Muchova,Alycia Parks,Total,52,34,17,41,1
20260121-W-Australian_Open-R64-Alycia_Parks-Karolina_Muchova,Alycia Parks,F,27,16,9,35,1
20260121-W-Australian_Open-R64-Alycia_Parks-Karolina_Muchova,Alycia Parks,B,21,16,6,5,0
20260121-W-Australian_Open-R64-Alycia_Parks-Karolina_Muchova,Alycia Parks,S,4,2,2,1,0
20260121-W-Australian_Open-R64-Alycia_Parks-Karolina_Muchova,Karolina Muchova,Total,45,51,6,14,0
20260121-W-Australian_Open-R64-Alycia_Parks-Karolina_Muchova,Karolina Muchova,F,16,18,3,10,0
20260121-W-Australian_Open-R64-Alycia_Parks-Karolina_Muchova,Karolina Muchova,B,13,20,1,3,0
20260121-W-Australian_Open-R64-Alycia_Parks-Karolina_Muchova,Karolina Muchova,S,16,13,2,1,0
20260120-W-Australian_Open-R64-Elina_Svitolina-Linda_Klimovicova,Elina Svitolina,Total,49,37,7,12,0
20260120-W-Australian_Open-R64-Elina_Svitolina-Linda_Klimovicova,Elina Svitolina,F,33,15,3,9,0
20260120-W-Australian_Open-R64-Elina_Svitolina-Linda_Klimovicova,Elina Svitolina,B,16,18,3,3,0
20260120-W-Australian_Open-R64-Elina_Svitolina-Linda_Klimovicova,Elina Svitolina,S,0,4,1,0,0
20260120-W-Australian_Open-R64-Elina_Svitolina-Linda_Klimovicova,Linda Klimovicova,Total,46,36,15,11,0
20260120-W-Australian_Open-R64-Elina_Svitolina-Linda_Klimovicova,Linda Klimovicova,F,28,11,8,7,0
20260120-W-Australian_Open-R64-Elina_Svitolina-Linda_Klimovicova,Linda Klimovicova,B,17,22,7,4,0
20260120-W-Australian_Open-R64-Elina_Svitolina-Linda_Klimovicova,Linda Klimovicova,S,1,3,0,0,0
20260120-W-Australian_Open-R128-Maya_Joint-Tereza_Valentova,Maya Joint,Total,44,58,20,14,0
20260120-W-Australian_Open-R128-Maya_Joint-Tereza_Valentova,Maya Joint,F,28,27,10,12,0
20260120-W-Australian_Open-R128-Maya_Joint-Tereza_Valentova,Maya Joint,B,11,27,9,2,0
20260120-W-Australian_Open-R128-Maya_Joint-Tereza_Valentova,Maya Joint,S,5,4,1,0,0
20260120-W-Australian_Open-R128-Maya_Joint-Tereza_Valentova,Tereza Valentova,Total,46,41,11,19,0
20260120-W-Australian_Open-R128-Maya_Joint-Tereza_Valentova,Tereza Valentova,F,26,20,5,10,0
20260120-W-Australian_Open-R128-Maya_Joint-Tereza_Valentova,Tereza Valentova,B,14,18,5,9,0
20260120-W-Australian_Open-R128-Maya_Joint-Tereza_Valentova,Tereza Valentova,S,6,3,1,0,0
20260120-W-Australian_Open-R128-Madison_Keys-Oleksandra_Oliynykova,Madison Keys,Total,58,56,11,41,2
20260120-W-Australian_Open-R128-Madison_Keys-Oleksandra_Oliynykova,Madison Keys,F,33,29,2,34,2
20260120-W-Australian_Open-R128-Madison_Keys-Oleksandra_Oliynykova,Madison Keys,B,20,22,9,5,0
20260120-W-Australian_Open-R128-Madison_Keys-Oleksandra_Oliynykova,Madison Keys,S,5,5,0,2,0
20260120-W-Australian_Open-R128-Madison_Keys-Oleksandra_Oliynykova,Oleksandra Oliynykova,Total,51,48,10,28,1
20260120-W-Australian_Open-R128-Madison_Keys-Oleksandra_Oliynykova,Oleksandra Oliynykova,F,11,18,5,17,1
20260120-W-Australian_Open-R128-Madison_Keys-Oleksandra_Oliynykova,Oleksandra Oliynykova,B,35,24,4,11,0
20260120-W-Australian_Open-R128-Madison_Keys-Oleksandra_Oliynykova,Oleksandra Oliynykova,S,5,6,1,0,0
20260120-W-Australian_Open-R128-Leylah_Fernandez-Janice_Tjen,Leylah Fernandez,Total,55,36,20,23,1
20260120-W-Australian_Open-R128-Leylah_Fernandez-Janice_Tjen,Leylah Fernandez,F,45,13,11,14,1
20260120-W-Australian_Open-R128-Leylah_Fernandez-Janice_Tjen,Leylah Fernandez,B,10,19,7,6,0
20260120-W-Australian_Open-R128-Leylah_Fernandez-Janice_Tjen,Leylah Fernandez,S,0,4,2,3,0
20260120-W-Australian_Open-R128-Leylah_Fernandez-Janice_Tjen,Janice Tjen,Total,39,53,10,31,6
20260120-W-Australian_Open-R128-Leylah_Fernandez-Janice_Tjen,Janice Tjen,F,28,23,4,30,6
20260120-W-Australian_Open-R128-Leylah_Fernandez-Janice_Tjen,Janice Tjen,B,0,0,2,0,0
20260120-W-Australian_Open-R128-Leylah_Fernandez-Janice_Tjen,Janice Tjen,S,11,30,4,1,0
20260120-W-Australian_Open-R128-Elena_Rybakina-Kaja_Juvan,Elena Rybakina,Total,41,24,12,7,2
20260120-W-Australian_Open-R128-Elena_Rybakina-Kaja_Juvan,Elena Rybakina,F,26,13,6,5,2
20260120-W-Australian_Open-R128-Elena_Rybakina-Kaja_Juvan,Elena Rybakina,B,14,9,6,1,0
20260120-W-Australian_Open-R128-Elena_Rybakina-Kaja_Juvan,Elena Rybakina,S,1,2,0,1,0
20260120-W-Australian_Open-R128-Elena_Rybakina-Kaja_Juvan,Kaja Juvan,Total,35,37,5,5,0
20260120-W-Australian_Open-R128-Elena_Rybakina-Kaja_Juvan,Kaja Juvan,F,16,21,2,3,0
20260120-W-Australian_Open-R128-Elena_Rybakina-Kaja_Juvan,Kaja Juvan,B,18,15,3,2,0
20260120-W-Australian_Open-R128-Elena_Rybakina-Kaja_Juvan,Kaja Juvan,S,1,1,0,0,0
20260119-W-Australian_Open-R128-Solana_Sierra-Moyuka_Uchijima,Solana Sierra,Total,41,37,5,9,0
20260119-W-Australian_Open-R128-Solana_Sierra-Moyuka_Uchijima,Solana Sierra,F,28,13,1,5,0
20260119-W-Australian_Open-R128-Solana_Sierra-Moyuka_Uchijima,Solana Sierra,B,13,23,4,4,0
20260119-W-Australian_Open-R128-Solana_Sierra-Moyuka_Uchijima,Solana Sierra,S,0,1,0,0,0
20260119-W-Australian_Open-R128-Solana_Sierra-Moyuka_Uchijima,Moyuka Uchijima,Total,20,30,8,15,0
20260119-W-Australian_Open-R128-Solana_Sierra-Moyuka_Uchijima,Moyuka Uchijima,F,11,15,5,15,0
20260119-W-Australian_Open-R128-Solana_Sierra-Moyuka_Uchijima,Moyuka Uchijima,B,9,14,3,0,0
20260119-W-Australian_Open-R128-Solana_Sierra-Moyuka_Uchijima,Moyuka Uchijima,S,0,1,0,0,0
20260119-W-Australian_Open-R128-Mirra_Andreeva-Donna_Vekic,Mirra Andreeva,Total,48,47,26,30,0
20260119-W-Australian_Open-R128-Mirra_Andreeva-Donna_Vekic,Mirra Andreeva,F,24,23,15,20,0
20260119-W-Australian_Open-R128-Mirra_Andreeva-Donna_Vekic,Mirra Andreeva,B,21,22,9,10,0
20260119-W-Australian_Open-R128-Mirra_Andreeva-Donna_Vekic,Mirra Andreeva,S,3,2,2,0,0
20260119-W-Australian_Open-R128-Mirra_Andreeva-Donna_Vekic,Donna Vekic,Total,43,53,32,41,8
20260119-W-Australian_Open-R128-Mirra_Andreeva-Donna_Vekic,Donna Vekic,F,26,29,12,32,8
20260119-W-Australian_Open-R128-Mirra_Andreeva-Donna_Vekic,Donna Vekic,B,16,24,18,9,0
20260119-W-Australian_Open-R128-Mirra_Andreeva-Donna_Vekic,Donna Vekic,S,1,0,2,0,0
20260119-W-Australian_Open-R128-Iva_Jovic-Katie_Volynets,Iva Jovic,Total,77,49,22,23,1
20260119-W-Australian_Open-R128-Iva_Jovic-Katie_Volynets,Iva Jovic,F,45,17,14,18,1
20260119-W-Australian_Open-R128-Iva_Jovic-Katie_Volynets,Iva Jovic,B,31,30,8,4,0
20260119-W-Australian_Open-R128-Iva_Jovic-Katie_Volynets,Iva Jovic,S,1,2,0,1,0
20260119-W-Australian_Open-R128-Iva_Jovic-Katie_Volynets,Katie Volynets,Total,71,59,20,24,0
20260119-W-Australian_Open-R128-Iva_Jovic-Katie_Volynets,Katie Volynets,F,38,25,12,14,0
20260119-W-Australian_Open-R128-Iva_Jovic-Katie_Volynets,Katie Volynets,B,29,30,7,9,0
20260119-W-Australian_Open-R128-Iva_Jovic-Katie_Volynets,Katie Volynets,S,4,4,1,1,0
20260119-W-Australian_Open-R128-Iga_Swiatek-Yue_Yuan,Iga Swiatek,Total,80,43,13,29,0
20260119-W-Australian_Open-R128-Iga_Swiatek-Yue_Yuan,Iga Swiatek,F,44,18,9,23,0
20260119-W-Australian_Open-R128-Iga_Swiatek-Yue_Yuan,Iga Swiatek,B,36,23,3,6,0
20260119-W-Australian_Open-R128-Iga_Swiatek-Yue_Yuan,Iga Swiatek,S,0,2,1,0,0
20260119-W-Australian_Open-R128-Iga_Swiatek-Yue_Yuan,Yue Yuan,Total,53,78,20,11,1
20260119-W-Australian_Open-R128-Iga_Swiatek-Yue_Yuan,Yue Yuan,F,37,28,11,9,1
20260119-W-Australian_Open-R128-Iga_Swiatek-Yue_Yuan,Yue Yuan,B,15,46,9,2,0
20260119-W-Australian_Open-R128-Iga_Swiatek-Yue_Yuan,Yue Yuan,S,1,4,0,0,0
20260119-W-Australian_Open-R128-Emerson_Jones-Victoria_Mboko,Emerson Jones,Total,56,50,15,25,0
20260119-W-Australian_Open-R128-Emerson_Jones-Victoria_Mboko,Emerson Jones,F,36,21,10,18,0
20260119-W-Australian_Open-R128-Emerson_Jones-Victoria_Mboko,Emerson Jones,B,19,28,4,6,0
20260119-W-Australian_Open-R128-Emerson_Jones-Victoria_Mboko,Emerson Jones,S,1,1,1,1,0
20260119-W-Australian_Open-R128-Emerson_Jones-Victoria_Mboko,Victoria Mboko,Total,44,44,23,22,0
20260119-W-Australian_Open-R128-Emerson_Jones-Victoria_Mboko,Victoria Mboko,F,23,23,8,12,0
20260119-W-Australian_Open-R128-Emerson_Jones-Victoria_Mboko,Victoria Mboko,B,19,14,14,9,0
20260119-W-Australian_Open-R128-Emerson_Jones-Victoria_Mboko,Victoria Mboko,S,2,7,1,1,0
20260118-W-Australian_Open-R128-Venus_Williams-Olga_Danilovic,Venus Williams,Total,64,61,10,22,3
20260118-W-Australian_Open-R128-Venus_Williams-Olga_Danilovic,Venus Williams,F,40,34,4,16,3
20260118-W-Australian_Open-R128-Venus_Williams-Olga_Danilovic,Venus Williams,B,24,21,5,6,0
20260118-W-Australian_Open-R128-Venus_Williams-Olga_Danilovic,Venus Williams,S,0,6,1,0,0
20260118-W-Australian_Open-R128-Venus_Williams-Olga_Danilovic,Olga Danilovic,Total,67,54,11,23,1
20260118-W-Australian_Open-R128-Venus_Williams-Olga_Danilovic,Olga Danilovic,F,44,26,8,18,1
20260118-W-Australian_Open-R128-Venus_Williams-Olga_Danilovic,Olga Danilovic,B,22,24,2,4,0
20260118-W-Australian_Open-R128-Venus_Williams-Olga_Danilovic,Olga Danilovic,S,1,4,1,1,0
20260118-W-Australian_Open-R128-Emma_Raducanu-Mananchaya_Sawangkaew,Emma Raducanu,Total,50,45,16,29,1
20260118-W-Australian_Open-R128-Emma_Raducanu-Mananchaya_Sawangkaew,Emma Raducanu,F,34,14,9,23,1
20260118-W-Australian_Open-R128-Emma_Raducanu-Mananchaya_Sawangkaew,Emma Raducanu,B,13,26,6,6,0
20260118-W-Australian_Open-R128-Emma_Raducanu-Mananchaya_Sawangkaew,Emma Raducanu,S,3,5,1,0,0
20260118-W-Australian_Open-R128-Emma_Raducanu-Mananchaya_Sawangkaew,Mananchaya Sawangkaew,Total,65,36,16,11,0
20260118-W-Australian_Open-R128-Emma_Raducanu-Mananchaya_Sawangkaew,Mananchaya Sawangkaew,F,33,18,8,5,0
20260118-W-Australian_Open-R128-Emma_Raducanu-Mananchaya_Sawangkaew,Mananchaya Sawangkaew,B,28,17,7,6,0
20260118-W-Australian_Open-R128-Emma_Raducanu-Mananchaya_Sawangkaew,Mananchaya Sawangkaew,S,4,1,1,0,0
20260118-W-Australian_Open-R128-Emma_Navarro-Magda_Linette,Emma Navarro,Total,84,54,10,16,0
20260118-W-Australian_Open-R128-Emma_Navarro-Magda_Linette,Emma Navarro,F,55,30,7,14,0
20260118-W-Australian_Open-R128-Emma_Navarro-Magda_Linette,Emma Navarro,B,25,20,2,2,0
20260118-W-Australian_Open-R128-Emma_Navarro-Magda_Linette,Emma Navarro,S,4,4,1,0,0
20260118-W-Australian_Open-R128-Emma_Navarro-Magda_Linette,Magda Linette,Total,72,56,16,15,0
20260118-W-Australian_Open-R128-Emma_Navarro-Magda_Linette,Magda Linette,F,43,17,5,8,0
20260118-W-Australian_Open-R128-Emma_Navarro-Magda_Linette,Magda Linette,B,29,37,9,7,0
20260118-W-Australian_Open-R128-Emma_Navarro-Magda_Linette,Magda Linette,S,0,2,2,0,0
20260118-W-Australian_Open-R128-Elsa_Jacquemot-Marta_Kostyuk,Elsa Jacquemot,Total,69,70,37,63,4
20260118-W-Australian_Open-R128-Elsa_Jacquemot-Marta_Kostyuk,Elsa Jacquemot,F,16,23,24,54,4
20260118-W-Australian_Open-R128-Elsa_Jacquemot-Marta_Kostyuk,Elsa Jacquemot,B,49,39,12,9,0
20260118-W-Australian_Open-R128-Elsa_Jacquemot-Marta_Kostyuk,Elsa Jacquemot,S,4,8,1,0,0
20260118-W-Australian_Open-R128-Elsa_Jacquemot-Marta_Kostyuk,Marta Kostyuk,Total,96,79,30,55,3
20260118-W-Australian_Open-R128-Elsa_Jacquemot-Marta_Kostyuk,Marta Kostyuk,F,32,21,9,48,3
20260118-W-Australian_Open-R128-Elsa_Jacquemot-Marta_Kostyuk,Marta Kostyuk,B,59,54,18,4,0
20260118-W-Australian_Open-R128-Elsa_Jacquemot-Marta_Kostyuk,Marta Kostyuk,S,5,4,3,3,0
20260118-W-Australian_Open-R128-Anna_Blinkova-Talia_Gibson,Anna Blinkova,Total,47,45,8,6,1
20260118-W-Australian_Open-R128-Anna_Blinkova-Talia_Gibson,Anna Blinkova,F,22,18,4,6,0
20260118-W-Australian_Open-R128-Anna_Blinkova-Talia_Gibson,Anna Blinkova,B,25,21,3,0,1
20260118-W-Australian_Open-R128-Anna_Blinkova-Talia_Gibson,Anna Blinkova,S,0,6,1,0,0
20260118-W-Australian_Open-R128-Anna_Blinkova-Talia_Gibson,Talia Gibson,Total,63,34,16,20,0
20260118-W-Australian_Open-R128-Anna_Blinkova-Talia_Gibson,Talia Gibson,F,31,14,8,11,0
20260118-W-Australian_Open-R128-Anna_Blinkova-Talia_Gibson,Talia Gibson,B,32,20,8,8,0
20260118-W-Australian_Open-R128-Anna_Blinkova-Talia_Gibson,Talia Gibson,S,0,0,0,1,0
20260118-W-Australian_Open-R128-Anastasia_Potapova-Suzan_Lamens,Anastasia Potapova,Total,129,127,28,50,0
20260118-W-Australian_Open-R128-Anastasia_Potapova-Suzan_Lamens,Anastasia Potapova,F,73,53,18,35,0
20260118-W-Australian_Open-R128-Anastasia_Potapova-Suzan_Lamens,Anastasia Potapova,B,53,72,9,14,0
20260118-W-Australian_Open-R128-Anastasia_Potapova-Suzan_Lamens,Anastasia Potapova,S,3,2,1,1,0
20260118-W-Australian_Open-R128-Anastasia_Potapova-Suzan_Lamens,Suzan Lamens,Total,102,160,20,47,1
20260118-W-Australian_Open-R128-Anastasia_Potapova-Suzan_Lamens,Suzan Lamens,F,60,72,14,38,1
20260118-W-Australian_Open-R128-Anastasia_Potapova-Suzan_Lamens,Suzan Lamens,B,40,71,4,7,0
20260118-W-Australian_Open-R128-Anastasia_Potapova-Suzan_Lamens,Suzan Lamens,S,2,17,2,2,0
20250906-W-US_Open-F-Aryna_Sabalenka-Amanda_Anisimova,Aryna Sabalenka,Total,33,46,7,9,0
20250906-W-US_Open-F-Aryna_Sabalenka-Amanda_Anisimova,Aryna Sabalenka,F,22,22,2,7,0
20250906-W-US_Open-F-Aryna_Sabalenka-Amanda_Anisimova,Aryna Sabalenka,B,11,22,4,1,0
20250906-W-US_Open-F-Aryna_Sabalenka-Amanda_Anisimova,Aryna Sabalenka,S,0,2,1,1,0
20250906-W-US_Open-F-Aryna_Sabalenka-Amanda_Anisimova,Amanda Anisimova,Total,39,37,10,23,0
20250906-W-US_Open-F-Aryna_Sabalenka-Amanda_Anisimova,Amanda Anisimova,F,20,19,8,13,0
20250906-W-US_Open-F-Aryna_Sabalenka-Amanda_Anisimova,Amanda Anisimova,B,19,17,2,10,0
20250906-W-US_Open-F-Aryna_Sabalenka-Amanda_Anisimova,Amanda Anisimova,S,0,1,0,0,0
20250904-W-US_Open-SF-Aryna_Sabalenka-Jessica_Pegula,Aryna Sabalenka,Total,84,43,18,22,1
20250904-W-US_Open-SF-Aryna_Sabalenka-Jessica_Pegula,Aryna Sabalenka,F,37,15,7,15,1
20250904-W-US_Open-SF-Aryna_Sabalenka-Jessica_Pegula,Aryna Sabalenka,B,44,20,10,5,0
20250904-W-US_Open-SF-Aryna_Sabalenka-Jessica_Pegula,Aryna Sabalenka,S,3,8,1,2,0
20250904-W-US_Open-SF-Aryna_Sabalenka-Jessica_Pegula,Jessica Pegula,Total,75,65,12,7,0
20250904-W-US_Open-SF-Aryna_Sabalenka-Jessica_Pegula,Jessica Pegula,F,32,24,6,6,0
20250904-W-US_Open-SF-Aryna_Sabalenka-Jessica_Pegula,Jessica Pegula,B,37,33,6,1,0
20250904-W-US_Open-SF-Aryna_Sabalenka-Jessica_Pegula,Jessica Pegula,S,6,8,0,0,0
20250904-W-US_Open-SF-Amanda_Anisimova-Naomi_Osaka,Amanda Anisimova,Total,60,103,9,43,1
20250904-W-US_Open-SF-Amanda_Anisimova-Naomi_Osaka,Amanda Anisimova,F,27,45,6,23,0
20250904-W-US_Open-SF-Amanda_Anisimova-Naomi_Osaka,Amanda Anisimova,B,32,55,3,20,1
20250904-W-US_Open-SF-Amanda_Anisimova-Naomi_Osaka,Amanda Anisimova,S,1,3,0,0,0
20250904-W-US_Open-SF-Amanda_Anisimova-Naomi_Osaka,Naomi Osaka,Total,31,116,13,32,1
20250904-W-US_Open-SF-Amanda_Anisimova-Naomi_Osaka,Naomi Osaka,F,17,54,6,15,0
20250904-W-US_Open-SF-Amanda_Anisimova-Naomi_Osaka,Naomi Osaka,B,11,56,7,17,1
20250904-W-US_Open-SF-Amanda_Anisimova-Naomi_Osaka,Naomi Osaka,S,3,6,0,0,0
20250903-W-US_Open-QF-Amanda_Anisimova-Iga_Swiatek,Amanda Anisimova,Total,38,29,11,20,1
20250903-W-US_Open-QF-Amanda_Anisimova-Iga_Swiatek,Amanda Anisimova,F,22,17,5,13,1
20250903-W-US_Open-QF-Amanda_Anisimova-Iga_Swiatek,Amanda Anisimova,B,16,11,6,7,0
20250903-W-US_Open-QF-Amanda_Anisimova-Iga_Swiatek,Amanda Anisimova,S,0,1,0,0,0
20250903-W-US_Open-QF-Amanda_Anisimova-Iga_Swiatek,Iga Swiatek,Total,34,30,14,12,0
20250903-W-US_Open-QF-Amanda_Anisimova-Iga_Swiatek,Iga Swiatek,F,19,17,7,4,0
20250903-W-US_Open-QF-Amanda_Anisimova-Iga_Swiatek,Iga Swiatek,B,12,12,7,8,0
20250903-W-US_Open-QF-Amanda_Anisimova-Iga_Swiatek,Iga Swiatek,S,3,1,0,0,0
20250902-W-US_Open-QF-Jessica_Pegula-Barbora_Krejcikova,Jessica Pegula,Total,63,34,11,13,1
20250902-W-US_Open-QF-Jessica_Pegula-Barbora_Krejcikova,Jessica Pegula,F,28,13,9,8,1
20250902-W-US_Open-QF-Jessica_Pegula-Barbora_Krejcikova,Jessica Pegula,B,25,14,1,5,0
20250902-W-US_Open-QF-Jessica_Pegula-Barbora_Krejcikova,Jessica Pegula,S,10,7,1,0,0
20250902-W-US_Open-QF-Jessica_Pegula-Barbora_Krejcikova,Barbora Krejcikova,Total,47,41,13,11,1
20250902-W-US_Open-QF-Jessica_Pegula-Barbora_Krejcikova,Barbora Krejcikova,F,23,13,5,8,1
20250902-W-US_Open-QF-Jessica_Pegula-Barbora_Krejcikova,Barbora Krejcikova,B,12,19,5,1,0
20250902-W-US_Open-QF-Jessica_Pegula-Barbora_Krejcikova,Barbora Krejcikova,S,12,9,3,2,0
20250901-W-US_Open-R16-Karolina_Muchova-Marta_Kostyuk,Karolina Muchova,Total,80,85,31,40,0
20250901-W-US_Open-R16-Karolina_Muchova-Marta_Kostyuk,Karolina Muchova,F,47,38,17,28,0
20250901-W-US_Open-R16-Karolina_Muchova-Marta_Kostyuk,Karolina Muchova,B,19,31,13,7,0
20250901-W-US_Open-R16-Karolina_Muchova-Marta_Kostyuk,Karolina Muchova,S,14,16,1,5,0
20250901-W-US_Open-R16-Karolina_Muchova-Marta_Kostyuk,Marta Kostyuk,Total,77,83,26,44,3
20250901-W-US_Open-R16-Karolina_Muchova-Marta_Kostyuk,Marta Kostyuk,F,51,46,14,39,2
20250901-W-US_Open-R16-Karolina_Muchova-Marta_Kostyuk,Marta Kostyuk,B,21,31,10,5,1
20250901-W-US_Open-R16-Karolina_Muchova-Marta_Kostyuk,Marta Kostyuk,S,5,6,2,0,0
20250901-W-US_Open-R16-Coco_Gauff-Naomi_Osaka,Coco Gauff,Total,25,66,3,13,0
20250901-W-US_Open-R16-Coco_Gauff-Naomi_Osaka,Coco Gauff,F,16,46,3,7,0
20250901-W-US_Open-R16-Coco_Gauff-Naomi_Osaka,Coco Gauff,B,9,19,0,6,0
20250901-W-US_Open-R16-Coco_Gauff-Naomi_Osaka,Coco Gauff,S,0,1,0,0,0
20250901-W-US_Open-R16-Coco_Gauff-Naomi_Osaka,Naomi Osaka,Total,33,51,8,10,0
20250901-W-US_Open-R16-Coco_Gauff-Naomi_Osaka,Naomi Osaka,F,19,32,5,5,0
20250901-W-US_Open-R16-Coco_Gauff-Naomi_Osaka,Naomi Osaka,B,14,19,3,5,0
20250901-W-US_Open-R16-Beatriz_Haddad_Maia-Amanda_Anisimova,Beatriz Haddad Maia,Total,23,43,12,10,0
20250901-W-US_Open-R16-Beatriz_Haddad_Maia-Amanda_Anisimova,Beatriz Haddad Maia,F,12,21,4,10,0
20250901-W-US_Open-R16-Beatriz_Haddad_Maia-Amanda_Anisimova,Beatriz Haddad Maia,B,11,20,7,0,0
20250901-W-US_Open-R16-Beatriz_Haddad_Maia-Amanda_Anisimova,Beatriz Haddad Maia,S,0,2,1,0,0
20250901-W-US_Open-R16-Beatriz_Haddad_Maia-Amanda_Anisimova,Amanda Anisimova,Total,47,19,10,24,0
20250901-W-US_Open-R16-Beatriz_Haddad_Maia-Amanda_Anisimova,Amanda Anisimova,F,29,8,6,14,0
20250901-W-US_Open-R16-Beatriz_Haddad_Maia-Amanda_Anisimova,Amanda Anisimova,B,17,11,4,10,0
20250901-W-US_Open-R16-Beatriz_Haddad_Maia-Amanda_Anisimova,Amanda Anisimova,S,1,0,0,0,0
20250831-W-US_Open-R16-Barbora_Krejcikova-Taylor_Townsend,Barbora Krejcikova,Total,91,74,29,45,2
20250831-W-US_Open-R16-Barbora_Krejcikova-Taylor_Townsend,Barbora Krejcikova,F,65,36,8,25,2
20250831-W-US_Open-R16-Barbora_Krejcikova-Taylor_Townsend,Barbora Krejcikova,B,26,32,14,15,0
20250831-W-US_Open-R16-Barbora_Krejcikova-Taylor_Townsend,Barbora Krejcikova,S,0,6,7,5,0
20250831-W-US_Open-R16-Barbora_Krejcikova-Taylor_Townsend,Taylor Townsend,Total,63,73,43,31,3
20250831-W-US_Open-R16-Barbora_Krejcikova-Taylor_Townsend,Taylor Townsend,F,32,26,12,18,3
20250831-W-US_Open-R16-Barbora_Krejcikova-Taylor_Townsend,Taylor Townsend,B,30,42,22,11,0
20250831-W-US_Open-R16-Barbora_Krejcikova-Taylor_Townsend,Taylor Townsend,S,1,5,9,2,0
20250830-W-US_Open-R32-Naomi_Osaka-Daria_Kasatkina,Naomi Osaka,Total,47,75,10,28,0
20250830-W-US_Open-R32-Naomi_Osaka-Daria_Kasatkina,Naomi Osaka,F,14,24,3,15,0
20250830-W-US_Open-R32-Naomi_Osaka-Daria_Kasatkina,Naomi Osaka,B,33,48,7,13,0
20250830-W-US_Open-R32-Naomi_Osaka-Daria_Kasatkina,Naomi Osaka,S,0,3,0,0,0
20250830-W-US_Open-R32-Naomi_Osaka-Daria_Kasatkina,Daria Kasatkina,Total,31,85,6,25,0
20250830-W-US_Open-R32-Naomi_Osaka-Daria_Kasatkina,Daria Kasatkina,F,11,35,3,24,0
20250830-W-US_Open-R32-Naomi_Osaka-Daria_Kasatkina,Daria Kasatkina,B,19,42,3,1,0
20250830-W-US_Open-R32-Naomi_Osaka-Daria_Kasatkina,Daria Kasatkina,S,1,8,0,0,0
20250830-W-US_Open-R32-Karolina_Muchova-Linda_Noskova,Karolina Muchova,Total,35,62,28,33,2
20250830-W-US_Open-R32-Karolina_Muchova-Linda_Noskova,Karolina Muchova,F,16,31,9,25,2
20250830-W-US_Open-R32-Karolina_Muchova-Linda_Noskova,Karolina Muchova,B,11,22,12,6,0
20250830-W-US_Open-R32-Karolina_Muchova-Linda_Noskova,Karolina Muchova,S,8,9,7,2,0
20250830-W-US_Open-R32-Karolina_Muchova-Linda_Noskova,Linda Noskova,Total,68,56,22,34,1
20250830-W-US_Open-R32-Karolina_Muchova-Linda_Noskova,Linda Noskova,F,29,29,15,25,1
20250830-W-US_Open-R32-Karolina_Muchova-Linda_Noskova,Linda Noskova,B,36,25,7,8,0
20250830-W-US_Open-R32-Karolina_Muchova-Linda_Noskova,Linda Noskova,S,3,2,0,1,0
20250830-W-US_Open-R32-Jaqueline_Cristian-Amanda_Anisimova,Jaqueline Cristian,Total,43,99,19,16,0
20250830-W-US_Open-R32-Jaqueline_Cristian-Amanda_Anisimova,Jaqueline Cristian,F,23,55,4,10,0
20250830-W-US_Open-R32-Jaqueline_Cristian-Amanda_Anisimova,Jaqueline Cristian,B,18,37,12,6,0
20250830-W-US_Open-R32-Jaqueline_Cristian-Amanda_Anisimova,Jaqueline Cristian,S,2,7,3,0,0
20250830-W-US_Open-R32-Jaqueline_Cristian-Amanda_Anisimova,Amanda Anisimova,Total,62,45,24,60,1
20250830-W-US_Open-R32-Jaqueline_Cristian-Amanda_Anisimova,Amanda Anisimova,F,37,17,16,44,1
20250830-W-US_Open-R32-Jaqueline_Cristian-Amanda_Anisimova,Amanda Anisimova,B,24,28,8,16,0
20250830-W-US_Open-R32-Jaqueline_Cristian-Amanda_Anisimova,Amanda Anisimova,S,1,0,0,0,0
20250830-W-US_Open-R32-Diane_Parry-Marta_Kostyuk,Diane Parry,Total,63,70,29,46,5
20250830-W-US_Open-R32-Diane_Parry-Marta_Kostyuk,Diane Parry,F,39,40,15,42,5
20250830-W-US_Open-R32-Diane_Parry-Marta_Kostyuk,Diane Parry,B,5,8,3,1,0
20250830-W-US_Open-R32-Diane_Parry-Marta_Kostyuk,Diane Parry,S,19,22,11,3,0
20250830-W-US_Open-R32-Diane_Parry-Marta_Kostyuk,Marta Kostyuk,Total,86,50,14,49,1
20250830-W-US_Open-R32-Diane_Parry-Marta_Kostyuk,Marta Kostyuk,F,48,19,7,44,0
20250830-W-US_Open-R32-Diane_Parry-Marta_Kostyuk,Marta Kostyuk,B,32,22,3,4,1
20250830-W-US_Open-R32-Diane_Parry-Marta_Kostyuk,Marta Kostyuk,S,6,9,4,1,0
20250829-W-US_Open-R32-Mirra_Andreeva-Taylor_Townsend,Mirra Andreeva,Total,30,28,11,14,1
20250829-W-US_Open-R32-Mirra_Andreeva-Taylor_Townsend,Mirra Andreeva,F,21,13,5,4,1
20250829-W-US_Open-R32-Mirra_Andreeva-Taylor_Townsend,Mirra Andreeva,B,9,15,5,10,0
20250829-W-US_Open-R32-Mirra_Andreeva-Taylor_Townsend,Mirra Andreeva,S,0,0,1,0,0
20250829-W-US_Open-R32-Mirra_Andreeva-Taylor_Townsend,Taylor Townsend,Total,34,28,7,11,0
20250829-W-US_Open-R32-Mirra_Andreeva-Taylor_Townsend,Taylor Townsend,F,11,7,4,8,0
20250829-W-US_Open-R32-Mirra_Andreeva-Taylor_Townsend,Taylor Townsend,B,22,18,3,3,0
20250829-W-US_Open-R32-Mirra_Andreeva-Taylor_Townsend,Taylor Townsend,S,1,3,0,0,0
20250829-W-US_Open-R32-Elena_Rybakina-Emma_Raducanu,Elena Rybakina,Total,46,17,4,8,1
20250829-W-US_Open-R32-Elena_Rybakina-Emma_Raducanu,Elena Rybakina,F,29,9,1,7,1
20250829-W-US_Open-R32-Elena_Rybakina-Emma_Raducanu,Elena Rybakina,B,17,8,3,1,0
20250829-W-US_Open-R32-Elena_Rybakina-Emma_Raducanu,Emma Raducanu,Total,31,31,0,10,0
20250829-W-US_Open-R32-Elena_Rybakina-Emma_Raducanu,Emma Raducanu,F,17,11,0,7,0
20250829-W-US_Open-R32-Elena_Rybakina-Emma_Raducanu,Emma Raducanu,B,12,18,0,2,0
20250829-W-US_Open-R32-Elena_Rybakina-Emma_Raducanu,Emma Raducanu,S,2,2,0,1,0
20250828-W-US_Open-R64-Naomi_Osaka-Hailey_Baptiste,Naomi Osaka,Total,31,50,3,19,0
20250828-W-US_Open-R64-Naomi_Osaka-Hailey_Baptiste,Naomi Osaka,F,19,26,1,7,0
20250828-W-US_Open-R64-Naomi_Osaka-Hailey_Baptiste,Naomi Osaka,B,12,24,2,12,0
20250828-W-US_Open-R64-Naomi_Osaka-Hailey_Baptiste,Hailey Baptiste,Total,22,61,8,9,1
20250828-W-US_Open-R64-Naomi_Osaka-Hailey_Baptiste,Hailey Baptiste,F,16,40,4,9,0
20250828-W-US_Open-R64-Naomi_Osaka-Hailey_Baptiste,Hailey Baptiste,B,2,14,3,0,0
20250828-W-US_Open-R64-Naomi_Osaka-Hailey_Baptiste,Hailey Baptiste,S,4,7,1,0,1
20250828-W-US_Open-R64-Marta_Kostyuk-Zeynep_Sonmez,Marta Kostyuk,Total,78,93,15,36,1
20250828-W-US_Open-R64-Marta_Kostyuk-Zeynep_Sonmez,Marta Kostyuk,F,44,43,7,31,1
20250828-W-US_Open-R64-Marta_Kostyuk-Zeynep_Sonmez,Marta Kostyuk,B,31,40,7,3,0
20250828-W-US_Open-R64-Marta_Kostyuk-Zeynep_Sonmez,Marta Kostyuk,S,3,10,1,2,0
20250828-W-US_Open-R64-Marta_Kostyuk-Zeynep_Sonmez,Zeynep Sonmez,Total,63,86,24,62,0
20250828-W-US_Open-R64-Marta_Kostyuk-Zeynep_Sonmez,Zeynep Sonmez,F,37,35,12,50,0
20250828-W-US_Open-R64-Marta_Kostyuk-Zeynep_Sonmez,Zeynep Sonmez,B,24,50,8,11,0
20250828-W-US_Open-R64-Marta_Kostyuk-Zeynep_Sonmez,Zeynep Sonmez,S,2,1,4,1,0
20250828-W-US_Open-R64-Maria_Sakkari-Anna_Bondar,Maria Sakkari,Total,70,60,21,13,2
20250828-W-US_Open-R64-Maria_Sakkari-Anna_Bondar,Maria Sakkari,F,36,36,12,13,2
20250828-W-US_Open-R64-Maria_Sakkari-Anna_Bondar,Maria Sakkari,B,31,21,7,0,0
20250828-W-US_Open-R64-Maria_Sakkari-Anna_Bondar,Maria Sakkari,S,3,3,2,0,0
20250828-W-US_Open-R64-Maria_Sakkari-Anna_Bondar,Anna Bondar,Total,54,53,22,27,0
20250828-W-US_Open-R64-Maria_Sakkari-Anna_Bondar,Anna Bondar,F,29,27,7,20,0
20250828-W-US_Open-R64-Maria_Sakkari-Anna_Bondar,Anna Bondar,B,23,24,14,7,0
20250828-W-US_Open-R64-Maria_Sakkari-Anna_Bondar,Anna Bondar,S,2,2,1,0,0
20250828-W-US_Open-R64-Amanda_Anisimova-Maya_Joint,Amanda Anisimova,Total,46,18,13,19,0
20250828-W-US_Open-R64-Amanda_Anisimova-Maya_Joint,Amanda Anisimova,F,27,7,7,13,0
20250828-W-US_Open-R64-Amanda_Anisimova-Maya_Joint,Amanda Anisimova,B,18,10,5,6,0
20250828-W-US_Open-R64-Amanda_Anisimova-Maya_Joint,Amanda Anisimova,S,1,1,1,0,0
20250828-W-US_Open-R64-Amanda_Anisimova-Maya_Joint,Maya Joint,Total,26,43,8,8,0
20250828-W-US_Open-R64-Amanda_Anisimova-Maya_Joint,Maya Joint,F,12,22,3,4,0
20250828-W-US_Open-R64-Amanda_Anisimova-Maya_Joint,Maya Joint,B,14,18,4,4,0
20250828-W-US_Open-R64-Amanda_Anisimova-Maya_Joint,Maya Joint,S,0,3,1,0,0
20250827-W-US_Open-R64-Jasmine_Paolini-Iva_Jovic,Jasmine Paolini,Total,61,86,16,23,1
20250827-W-US_Open-R64-Jasmine_Paolini-Iva_Jovic,Jasmine Paolini,F,35,39,7,19,1
20250827-W-US_Open-R64-Jasmine_Paolini-Iva_Jovic,Jasmine Paolini,B,26,44,6,4,0
20250827-W-US_Open-R64-Jasmine_Paolini-Iva_Jovic,Jasmine Paolini,S,0,3,3,0,0
20250827-W-US_Open-R64-Jasmine_Paolini-Iva_Jovic,Iva Jovic,Total,73,66,8,21,1
20250827-W-US_Open-R64-Jasmine_Paolini-Iva_Jovic,Iva Jovic,F,46,29,4,16,1
20250827-W-US_Open-R64-Jasmine_Paolini-Iva_Jovic,Iva Jovic,B,26,37,4,5,0
20250827-W-US_Open-R64-Jasmine_Paolini-Iva_Jovic,Iva Jovic,S,1,0,0,0,0
20250827-W-US_Open-R64-Emma_Raducanu-Janice_Tjen,Emma Raducanu,Total,33,53,3,8,0
20250827-W-US_Open-R64-Emma_Raducanu-Janice_Tjen,Emma Raducanu,F,16,19,3,7,0
20250827-W-US_Open-R64-Emma_Raducanu-Janice_Tjen,Emma Raducanu,B,15,30,0,1,0
20250827-W-US_Open-R64-Emma_Raducanu-Janice_Tjen,Emma Raducanu,S,2,4,0,0,0
20250827-W-US_Open-R64-Emma_Raducanu-Janice_Tjen,Janice Tjen,Total,24,51,5,22,3
20250827-W-US_Open-R64-Emma_Raducanu-Janice_Tjen,Janice Tjen,F,19,34,3,21,3
20250827-W-US_Open-R64-Emma_Raducanu-Janice_Tjen,Janice Tjen,B,0,3,2,1,0
20250827-W-US_Open-R64-Emma_Raducanu-Janice_Tjen,Janice Tjen,S,5,14,0,0,0
20250827-W-US_Open-R64-Elena_Rybakina-Tereza_Valentova,Elena Rybakina,Total,54,55,14,15,1
20250827-W-US_Open-R64-Elena_Rybakina-Tereza_Valentova,Elena Rybakina,F,39,32,7,11,1
20250827-W-US_Open-R64-Elena_Rybakina-Tereza_Valentova,Elena Rybakina,B,14,23,7,4,0
20250827-W-US_Open-R64-Elena_Rybakina-Tereza_Valentova,Elena Rybakina,S,1,0,0,0,0
20250827-W-US_Open-R64-Elena_Rybakina-Tereza_Valentova,Tereza Valentova,Total,37,59,13,15,2
20250827-W-US_Open-R64-Elena_Rybakina-Tereza_Valentova,Tereza Valentova,F,28,36,6,9,2
20250827-W-US_Open-R64-Elena_Rybakina-Tereza_Valentova,Tereza Valentova,B,7,21,7,6,0
20250827-W-US_Open-R64-Elena_Rybakina-Tereza_Valentova,Tereza Valentova,S,2,2,0,0,0
20250827-W-US_Open-R64-Caty_Mcnally-Emma_Navarro,Caty Mcnally,Total,56,90,19,38,2
20250827-W-US_Open-R64-Caty_Mcnally-Emma_Navarro,Caty Mcnally,F,23,46,9,27,2
20250827-W-US_Open-R64-Caty_Mcnally-Emma_Navarro,Caty Mcnally,B,14,27,8,8,0
20250827-W-US_Open-R64-Caty_Mcnally-Emma_Navarro,Caty Mcnally,S,19,17,2,3,0
20250827-W-US_Open-R64-Caty_Mcnally-Emma_Navarro,Emma Navarro,Total,76,72,11,29,0
20250827-W-US_Open-R64-Caty_Mcnally-Emma_Navarro,Emma Navarro,F,37,34,7,27,0
20250827-W-US_Open-R64-Caty_Mcnally-Emma_Navarro,Emma Navarro,B,33,33,3,2,0
20250827-W-US_Open-R64-Caty_Mcnally-Emma_Navarro,Emma Navarro,S,6,5,1,0,0
20250827-W-US_Open-R64-Anastasia_Potapova-Mirra_Andreeva,Anastasia Potapova,Total,85,71,12,23,0
20250827-W-US_Open-R64-Anastasia_Potapova-Mirra_Andreeva,Anastasia Potapova,F,35,24,5,9,0
20250827-W-US_Open-R64-Anastasia_Potapova-Mirra_Andreeva,Anastasia Potapova,B,48,43,5,13,0
20250827-W-US_Open-R64-Anastasia_Potapova-Mirra_Andreeva,Anastasia Potapova,S,2,4,2,1,0
20250827-W-US_Open-R64-Anastasia_Potapova-Mirra_Andreeva,Mirra Andreeva,Total,63,55,14,24,0
20250827-W-US_Open-R64-Anastasia_Potapova-Mirra_Andreeva,Mirra Andreeva,F,27,16,4,17,0
20250827-W-US_Open-R64-Anastasia_Potapova-Mirra_Andreeva,Mirra Andreeva,B,34,34,10,7,0
20250827-W-US_Open-R64-Anastasia_Potapova-Mirra_Andreeva,Mirra Andreeva,S,2,5,0,0,0
20250827-W-US_Open-R64-Anastasia_Pavlyuchenkova-Victoria_Azarenka,Anastasia Pavlyuchenkova,Total,40,19,10,12,0
20250827-W-US_Open-R64-Anastasia_Pavlyuchenkova-Victoria_Azarenka,Anastasia Pavlyuchenkova,F,20,8,5,6,0
20250827-W-US_Open-R64-Anastasia_Pavlyuchenkova-Victoria_Azarenka,Anastasia Pavlyuchenkova,B,20,11,5,6,0
20250827-W-US_Open-R64-Anastasia_Pavlyuchenkova-Victoria_Azarenka,Victoria Azarenka,Total,25,25,8,12,0
20250827-W-US_Open-R64-Anastasia_Pavlyuchenkova-Victoria_Azarenka,Victoria Azarenka,F,14,10,7,8,0
20250827-W-US_Open-R64-Anastasia_Pavlyuchenkova-Victoria_Azarenka,Victoria Azarenka,B,8,12,1,4,0
20250827-W-US_Open-R64-Anastasia_Pavlyuchenkova-Victoria_Azarenka,Victoria Azarenka,S,3,3,0,0,0
20250827-W-US_Open-R64 -Emma_Raducanu-Janice_Tjen,Emma Raducanu,Total,33,53,3,8,0
20250827-W-US_Open-R64 -Emma_Raducanu-Janice_Tjen,Emma Raducanu,F,16,19,3,7,0
20250827-W-US_Open-R64 -Emma_Raducanu-Janice_Tjen,Emma Raducanu,B,15,30,0,1,0
20250827-W-US_Open-R64 -Emma_Raducanu-Janice_Tjen,Emma Raducanu,S,2,4,0,0,0
20250827-W-US_Open-R64 -Emma_Raducanu-Janice_Tjen,Janice Tjen,Total,24,51,5,22,3
20250827-W-US_Open-R64 -Emma_Raducanu-Janice_Tjen,Janice Tjen,F,19,34,3,21,3
20250827-W-US_Open-R64 -Emma_Raducanu-Janice_Tjen,Janice Tjen,B,0,3,2,1,0
20250827-W-US_Open-R64 -Emma_Raducanu-Janice_Tjen,Janice Tjen,S,5,14,0,0,0
20250826-W-US_Open-R128-Valerie_Glozman-Suzan_Lamens,Valerie Glozman,Total,76,49,12,38,5
20250826-W-US_Open-R128-Valerie_Glozman-Suzan_Lamens,Valerie Glozman,F,43,35,5,37,5
20250826-W-US_Open-R128-Valerie_Glozman-Suzan_Lamens,Valerie Glozman,B,15,10,1,1,0
20250826-W-US_Open-R128-Valerie_Glozman-Suzan_Lamens,Valerie Glozman,S,18,4,6,0,0
20250826-W-US_Open-R128-Valerie_Glozman-Suzan_Lamens,Suzan Lamens,Total,86,52,19,31,5
20250826-W-US_Open-R128-Valerie_Glozman-Suzan_Lamens,Suzan Lamens,F,46,28,12,29,5
20250826-W-US_Open-R128-Valerie_Glozman-Suzan_Lamens,Suzan Lamens,B,38,21,4,2,0
20250826-W-US_Open-R128-Valerie_Glozman-Suzan_Lamens,Suzan Lamens,S,2,3,3,0,0
20250826-W-US_Open-R128-Maya_Joint-Victoria_Jimenez_Kasintseva,Maya Joint,Total,95,98,24,41,3
20250826-W-US_Open-R128-Maya_Joint-Victoria_Jimenez_Kasintseva,Maya Joint,F,60,54,15,34,3
20250826-W-US_Open-R128-Maya_Joint-Victoria_Jimenez_Kasintseva,Maya Joint,B,35,44,9,7,0
20250826-W-US_Open-R128-Maya_Joint-Victoria_Jimenez_Kasintseva,Victoria Jimenez Kasintseva,Total,70,112,21,35,0
20250826-W-US_Open-R128-Maya_Joint-Victoria_Jimenez_Kasintseva,Victoria Jimenez Kasintseva,F,37,58,15,30,0
20250826-W-US_Open-R128-Maya_Joint-Victoria_Jimenez_Kasintseva,Victoria Jimenez Kasintseva,B,33,50,5,5,0
20250826-W-US_Open-R128-Maya_Joint-Victoria_Jimenez_Kasintseva,Victoria Jimenez Kasintseva,S,0,4,1,0,0
20250826-W-US_Open-R128-Amanda_Anisimova-Kimberly_Birrell,Amanda Anisimova,Total,25,20,8,24,1
20250826-W-US_Open-R128-Amanda_Anisimova-Kimberly_Birrell,Amanda Anisimova,F,14,8,3,19,1
20250826-W-US_Open-R128-Amanda_Anisimova-Kimberly_Birrell,Amanda Anisimova,B,11,11,5,4,0
20250826-W-US_Open-R128-Amanda_Anisimova-Kimberly_Birrell,Amanda Anisimova,S,0,1,0,1,0
20250826-W-US_Open-R128-Amanda_Anisimova-Kimberly_Birrell,Kimberly Birrell,Total,20,43,7,9,0
20250826-W-US_Open-R128-Amanda_Anisimova-Kimberly_Birrell,Kimberly Birrell,F,10,19,5,6,0
20250826-W-US_Open-R128-Amanda_Anisimova-Kimberly_Birrell,Kimberly Birrell,B,10,22,2,3,0
20250826-W-US_Open-R128-Amanda_Anisimova-Kimberly_Birrell,Kimberly Birrell,S,0,2,0,0,0
20250825-W-US_Open-R128-Victoria_Mboko-Barbora_Krejcikova,Victoria Mboko,Total,24,67,6,28,0
20250825-W-US_Open-R128-Victoria_Mboko-Barbora_Krejcikova,Victoria Mboko,F,14,35,3,17,0
20250825-W-US_Open-R128-Victoria_Mboko-Barbora_Krejcikova,Victoria Mboko,B,10,27,3,9,0
20250825-W-US_Open-R128-Victoria_Mboko-Barbora_Krejcikova,Victoria Mboko,S,0,5,0,2,0
20250825-W-US_Open-R128-Victoria_Mboko-Barbora_Krejcikova,Barbora Krejcikova,Total,42,51,4,11,0
20250825-W-US_Open-R128-Victoria_Mboko-Barbora_Krejcikova,Barbora Krejcikova,F,26,17,1,6,0
20250825-W-US_Open-R128-Victoria_Mboko-Barbora_Krejcikova,Barbora Krejcikova,B,10,13,2,2,0
20250825-W-US_Open-R128-Victoria_Mboko-Barbora_Krejcikova,Barbora Krejcikova,S,6,21,1,3,0
20250825-W-US_Open-R128-Venus_Williams-Karolina_Muchova,Venus Williams,Total,53,35,13,28,2
20250825-W-US_Open-R128-Venus_Williams-Karolina_Muchova,Venus Williams,F,17,17,9,22,2
20250825-W-US_Open-R128-Venus_Williams-Karolina_Muchova,Venus Williams,B,31,16,3,6,0
20250825-W-US_Open-R128-Venus_Williams-Karolina_Muchova,Venus Williams,S,5,2,1,0,0
20250825-W-US_Open-R128-Venus_Williams-Karolina_Muchova,Karolina Muchova,Total,31,46,15,21,3
20250825-W-US_Open-R128-Venus_Williams-Karolina_Muchova,Karolina Muchova,F,14,16,4,19,3
20250825-W-US_Open-R128-Venus_Williams-Karolina_Muchova,Karolina Muchova,B,12,21,8,2,0
20250825-W-US_Open-R128-Venus_Williams-Karolina_Muchova,Karolina Muchova,S,5,9,3,0,0
20250825-W-US_Open-R128-Iva_Jovic-Aliaksandra_Sasnovich,Iva Jovic,Total,43,57,16,14,0
20250825-W-US_Open-R128-Iva_Jovic-Aliaksandra_Sasnovich,Iva Jovic,F,26,31,9,5,0
20250825-W-US_Open-R128-Iva_Jovic-Aliaksandra_Sasnovich,Iva Jovic,B,16,22,6,9,0
20250825-W-US_Open-R128-Iva_Jovic-Aliaksandra_Sasnovich,Iva Jovic,S,1,4,1,0,0
20250825-W-US_Open-R128-Iva_Jovic-Aliaksandra_Sasnovich,Aliaksandra Sasnovich,Total,62,54,3,22,0
20250825-W-US_Open-R128-Iva_Jovic-Aliaksandra_Sasnovich,Aliaksandra Sasnovich,F,29,29,2,9,0
20250825-W-US_Open-R128-Iva_Jovic-Aliaksandra_Sasnovich,Aliaksandra Sasnovich,B,29,22,1,12,0
20250825-W-US_Open-R128-Iva_Jovic-Aliaksandra_Sasnovich,Aliaksandra Sasnovich,S,4,3,0,1,0
20250825-W-US_Open-R128-Emma_Raducanu-Ena_Shibahara,Emma Raducanu,Total,39,58,6,9,2
20250825-W-US_Open-R128-Emma_Raducanu-Ena_Shibahara,Emma Raducanu,F,21,24,1,8,1
20250825-W-US_Open-R128-Emma_Raducanu-Ena_Shibahara,Emma Raducanu,B,13,22,4,1,0
20250825-W-US_Open-R128-Emma_Raducanu-Ena_Shibahara,Emma Raducanu,S,5,12,1,0,1
20250825-W-US_Open-R128-Emma_Raducanu-Ena_Shibahara,Ena Shibahara,Total,42,46,8,17,0
20250825-W-US_Open-R128-Emma_Raducanu-Ena_Shibahara,Ena Shibahara,F,23,23,5,12,0
20250825-W-US_Open-R128-Emma_Raducanu-Ena_Shibahara,Ena Shibahara,B,13,19,3,4,0
20250825-W-US_Open-R128-Emma_Raducanu-Ena_Shibahara,Ena Shibahara,S,6,4,0,1,0
20250825-W-US_Open-R128-Elina_Svitolina-Anna_Bondar,Elina Svitolina,Total,85,79,5,24,0
20250825-W-US_Open-R128-Elina_Svitolina-Anna_Bondar,Elina Svitolina,F,42,41,2,16,0
20250825-W-US_Open-R128-Elina_Svitolina-Anna_Bondar,Elina Svitolina,B,41,36,3,7,0
20250825-W-US_Open-R128-Elina_Svitolina-Anna_Bondar,Elina Svitolina,S,2,2,0,1,0
20250825-W-US_Open-R128-Elina_Svitolina-Anna_Bondar,Anna Bondar,Total,46,79,13,36,1
20250825-W-US_Open-R128-Elina_Svitolina-Anna_Bondar,Anna Bondar,F,30,37,8,30,1
20250825-W-US_Open-R128-Elina_Svitolina-Anna_Bondar,Anna Bondar,B,14,35,5,5,0
20250825-W-US_Open-R128-Elina_Svitolina-Anna_Bondar,Anna Bondar,S,2,7,0,1,0
20250825-W-US_Open-R128-Clervie_Ngounoue-Anna_Kalinskaya,Clervie Ngounoue,Total,47,56,23,34,2
20250825-W-US_Open-R128-Clervie_Ngounoue-Anna_Kalinskaya,Clervie Ngounoue,F,13,19,9,20,2
20250825-W-US_Open-R128-Clervie_Ngounoue-Anna_Kalinskaya,Clervie Ngounoue,B,28,28,11,13,0
20250825-W-US_Open-R128-Clervie_Ngounoue-Anna_Kalinskaya,Clervie Ngounoue,S,6,9,3,1,0
20250825-W-US_Open-R128-Clervie_Ngounoue-Anna_Kalinskaya,Anna Kalinskaya,Total,79,54,8,27,1
20250825-W-US_Open-R128-Clervie_Ngounoue-Anna_Kalinskaya,Anna Kalinskaya,F,31,19,7,23,1
20250825-W-US_Open-R128-Clervie_Ngounoue-Anna_Kalinskaya,Anna Kalinskaya,B,47,32,1,4,0
20250825-W-US_Open-R128-Clervie_Ngounoue-Anna_Kalinskaya,Anna Kalinskaya,S,1,3,0,0,0
20250825-W-US_Open-R128-Alycia_Parks-Mirra_Andreeva,Alycia Parks,Total,28,28,8,13,1
20250825-W-US_Open-R128-Alycia_Parks-Mirra_Andreeva,Alycia Parks,F,12,11,3,9,1
20250825-W-US_Open-R128-Alycia_Parks-Mirra_Andreeva,Alycia Parks,B,16,16,4,4,0
20250825-W-US_Open-R128-Alycia_Parks-Mirra_Andreeva,Alycia Parks,S,0,1,1,0,0
20250825-W-US_Open-R128-Alycia_Parks-Mirra_Andreeva,Mirra Andreeva,Total,19,17,9,12,0
20250825-W-US_Open-R128-Alycia_Parks-Mirra_Andreeva,Mirra Andreeva,F,6,5,5,8,0
20250825-W-US_Open-R128-Alycia_Parks-Mirra_Andreeva,Mirra Andreeva,B,12,12,4,4,0
20250825-W-US_Open-R128-Alycia_Parks-Mirra_Andreeva,Mirra Andreeva,S,1,0,0,0,0
20250824-W-US_Open-R128-Tereza_Valentova-Lucia_Bronzetti,Tereza Valentova,Total,63,76,12,39,0
20250824-W-US_Open-R128-Tereza_Valentova-Lucia_Bronzetti,Tereza Valentova,F,36,47,8,26,0
20250824-W-US_Open-R128-Tereza_Valentova-Lucia_Bronzetti,Tereza Valentova,B,23,25,2,12,0
20250824-W-US_Open-R128-Tereza_Valentova-Lucia_Bronzetti,Tereza Valentova,S,4,4,2,1,0
20250824-W-US_Open-R128-Tereza_Valentova-Lucia_Bronzetti,Lucia Bronzetti,Total,40,92,31,28,1
20250824-W-US_Open-R128-Tereza_Valentova-Lucia_Bronzetti,Lucia Bronzetti,F,21,54,10,19,1
20250824-W-US_Open-R128-Tereza_Valentova-Lucia_Bronzetti,Lucia Bronzetti,B,17,34,19,9,0
20250824-W-US_Open-R128-Tereza_Valentova-Lucia_Bronzetti,Lucia Bronzetti,S,2,4,2,0,0
20250824-W-US_Open-R128-Clara_Tauson-Alexandra_Eala,Clara Tauson,Total,77,79,29,22,1
20250824-W-US_Open-R128-Clara_Tauson-Alexandra_Eala,Clara Tauson,F,54,43,15,13,1
20250824-W-US_Open-R128-Clara_Tauson-Alexandra_Eala,Clara Tauson,B,15,26,11,5,0
20250824-W-US_Open-R128-Clara_Tauson-Alexandra_Eala,Clara Tauson,S,8,10,3,4,0
20250824-W-US_Open-R128-Clara_Tauson-Alexandra_Eala,Alexandra Eala,Total,87,77,21,39,1
20250824-W-US_Open-R128-Clara_Tauson-Alexandra_Eala,Alexandra Eala,F,43,30,8,25,1
20250824-W-US_Open-R128-Clara_Tauson-Alexandra_Eala,Alexandra Eala,B,43,42,12,13,0
20250824-W-US_Open-R128-Clara_Tauson-Alexandra_Eala,Alexandra Eala,S,1,5,1,1,0
20250822-W-US_Open-Q3-Aoi_Ito-Janice_Tjen,Aoi Ito,Total,44,15,7,18,0
20250822-W-US_Open-Q3-Aoi_Ito-Janice_Tjen,Aoi Ito,F,1,0,1,9,0
20250822-W-US_Open-Q3-Aoi_Ito-Janice_Tjen,Aoi Ito,B,43,15,6,9,0
20250822-W-US_Open-Q3-Aoi_Ito-Janice_Tjen,Janice Tjen,Total,45,24,8,27,2
20250822-W-US_Open-Q3-Aoi_Ito-Janice_Tjen,Janice Tjen,F,20,13,5,27,2
20250822-W-US_Open-Q3-Aoi_Ito-Janice_Tjen,Janice Tjen,B,2,0,1,0,0
20250822-W-US_Open-Q3-Aoi_Ito-Janice_Tjen,Janice Tjen,S,23,11,2,0,0
20250822-W-US_Open-Q2-Darja_Semenistaja-Linda_Klimovicova,Darja Semenistaja,Total,92,96,42,15,0
20250822-W-US_Open-Q2-Darja_Semenistaja-Linda_Klimovicova,Darja Semenistaja,F,71,41,32,7,0
20250822-W-US_Open-Q2-Darja_Semenistaja-Linda_Klimovicova,Darja Semenistaja,B,16,47,8,8,0
20250822-W-US_Open-Q2-Darja_Semenistaja-Linda_Klimovicova,Darja Semenistaja,S,5,8,2,0,0
20250822-W-US_Open-Q2-Darja_Semenistaja-Linda_Klimovicova,Linda Klimovicova,Total,132,56,34,31,1
20250822-W-US_Open-Q2-Darja_Semenistaja-Linda_Klimovicova,Linda Klimovicova,F,68,20,14,26,1
20250822-W-US_Open-Q2-Darja_Semenistaja-Linda_Klimovicova,Linda Klimovicova,B,64,35,20,5,0
20250822-W-US_Open-Q2-Darja_Semenistaja-Linda_Klimovicova,Linda Klimovicova,S,0,1,0,0,0
20250123-W-Australian_Open-SF-Iga_Swiatek-Madison_Keys,Iga Swiatek,Total,84,54,40,41,1
20250123-W-Australian_Open-SF-Iga_Swiatek-Madison_Keys,Iga Swiatek,F,49,19,20,33,1
20250123-W-Australian_Open-SF-Iga_Swiatek-Madison_Keys,Iga Swiatek,B,34,32,18,8,0
20250123-W-Australian_Open-SF-Iga_Swiatek-Madison_Keys,Iga Swiatek,S,1,3,2,0,0
20250123-W-Australian_Open-SF-Iga_Swiatek-Madison_Keys,Madison Keys,Total,88,62,30,38,0
20250123-W-Australian_Open-SF-Iga_Swiatek-Madison_Keys,Madison Keys,F,51,25,13,33,0
20250123-W-Australian_Open-SF-Iga_Swiatek-Madison_Keys,Madison Keys,B,25,34,17,4,0
20250123-W-Australian_Open-SF-Iga_Swiatek-Madison_Keys,Madison Keys,S,12,3,0,1,0
20250122-W-Australian_Open-QF-Emma_Navarro-Iga_Swiatek,Emma Navarro,Total,89,87,25,18,2
20250122-W-Australian_Open-QF-Emma_Navarro-Iga_Swiatek,Emma Navarro,F,45,52,17,16,2
20250122-W-Australian_Open-QF-Emma_Navarro-Iga_Swiatek,Emma Navarro,B,35,26,7,1,0
20250122-W-Australian_Open-QF-Emma_Navarro-Iga_Swiatek,Emma Navarro,S,9,9,1,1,0
20250122-W-Australian_Open-QF-Emma_Navarro-Iga_Swiatek,Iga Swiatek,Total,113,59,29,30,0
20250122-W-Australian_Open-QF-Emma_Navarro-Iga_Swiatek,Iga Swiatek,F,59,19,11,18,0
20250122-W-Australian_Open-QF-Emma_Navarro-Iga_Swiatek,Iga Swiatek,B,53,40,18,12,0
20250122-W-Australian_Open-QF-Emma_Navarro-Iga_Swiatek,Iga Swiatek,S,1,0,0,0,0
20250122-W-Australian_Open-QF-Elina_Svitolina-Madison_Keys,Elina Svitolina,Total,58,66,11,15,0
20250122-W-Australian_Open-QF-Elina_Svitolina-Madison_Keys,Elina Svitolina,F,33,33,6,13,0
20250122-W-Australian_Open-QF-Elina_Svitolina-Madison_Keys,Elina Svitolina,B,24,31,4,2,0
20250122-W-Australian_Open-QF-Elina_Svitolina-Madison_Keys,Elina Svitolina,S,1,2,1,0,0
20250122-W-Australian_Open-QF-Elina_Svitolina-Madison_Keys,Madison Keys,Total,53,48,26,37,2
20250122-W-Australian_Open-QF-Elina_Svitolina-Madison_Keys,Madison Keys,F,30,25,15,31,2
20250122-W-Australian_Open-QF-Elina_Svitolina-Madison_Keys,Madison Keys,B,16,18,9,6,0
20250122-W-Australian_Open-QF-Elina_Svitolina-Madison_Keys,Madison Keys,S,7,5,2,0,0
20250120-W-Australian_Open-R16-Iga_Swiatek-Eva_Lys,Iga Swiatek,Total,45,18,18,17,0
20250120-W-Australian_Open-R16-Iga_Swiatek-Eva_Lys,Iga Swiatek,F,23,6,12,14,0
20250120-W-Australian_Open-R16-Iga_Swiatek-Eva_Lys,Iga Swiatek,B,22,11,6,3,0
20250120-W-Australian_Open-R16-Iga_Swiatek-Eva_Lys,Iga Swiatek,S,0,1,0,0,0
20250120-W-Australian_Open-R16-Iga_Swiatek-Eva_Lys,Eva Lys,Total,42,30,12,16,0
20250120-W-Australian_Open-R16-Iga_Swiatek-Eva_Lys,Eva Lys,F,22,12,5,6,0
20250120-W-Australian_Open-R16-Iga_Swiatek-Eva_Lys,Eva Lys,B,19,16,6,10,0
20250120-W-Australian_Open-R16-Iga_Swiatek-Eva_Lys,Eva Lys,S,1,2,1,0,0
20250119-W-Australian_Open-R16-Coco_Gauff-Belinda_Bencic,Coco Gauff,Total,107,81,22,24,0
20250119-W-Australian_Open-R16-Coco_Gauff-Belinda_Bencic,Coco Gauff,F,55,39,11,15,0
20250119-W-Australian_Open-R16-Coco_Gauff-Belinda_Bencic,Coco Gauff,B,50,39,11,9,0
20250119-W-Australian_Open-R16-Coco_Gauff-Belinda_Bencic,Coco Gauff,S,2,3,0,0,0
20250119-W-Australian_Open-R16-Coco_Gauff-Belinda_Bencic,Belinda Bencic,Total,101,82,20,22,0
20250119-W-Australian_Open-R16-Coco_Gauff-Belinda_Bencic,Belinda Bencic,F,55,41,8,15,0
20250119-W-Australian_Open-R16-Coco_Gauff-Belinda_Bencic,Belinda Bencic,B,43,39,12,7,0
20250119-W-Australian_Open-R16-Coco_Gauff-Belinda_Bencic,Belinda Bencic,S,3,2,0,0,0
20250118-W-Australian_Open-R32-Iga_Swiatek-Emma_Raducanu,Iga Swiatek,Total,52,27,20,18,0
20250118-W-Australian_Open-R32-Iga_Swiatek-Emma_Raducanu,Iga Swiatek,F,16,8,9,11,0
20250118-W-Australian_Open-R32-Iga_Swiatek-Emma_Raducanu,Iga Swiatek,B,36,19,11,7,0
20250118-W-Australian_Open-R32-Iga_Swiatek-Emma_Raducanu,Emma Raducanu,Total,59,34,13,14,1
20250118-W-Australian_Open-R32-Iga_Swiatek-Emma_Raducanu,Emma Raducanu,F,21,15,9,11,1
20250118-W-Australian_Open-R32-Iga_Swiatek-Emma_Raducanu,Emma Raducanu,B,33,19,4,3,0
20250118-W-Australian_Open-R32-Iga_Swiatek-Emma_Raducanu,Emma Raducanu,S,5,0,0,0,0
20250118-W-Australian_Open-R32-Eva_Lys-Jaqueline_Cristian,Eva Lys,Total,126,126,37,44,0
20250118-W-Australian_Open-R32-Eva_Lys-Jaqueline_Cristian,Eva Lys,F,59,65,22,25,0
20250118-W-Australian_Open-R32-Eva_Lys-Jaqueline_Cristian,Eva Lys,B,64,56,13,19,0
20250118-W-Australian_Open-R32-Eva_Lys-Jaqueline_Cristian,Eva Lys,S,3,5,2,0,0
20250118-W-Australian_Open-R32-Eva_Lys-Jaqueline_Cristian,Jaqueline Cristian,Total,102,134,26,45,3
20250118-W-Australian_Open-R32-Eva_Lys-Jaqueline_Cristian,Jaqueline Cristian,F,55,58,14,40,3
20250118-W-Australian_Open-R32-Eva_Lys-Jaqueline_Cristian,Jaqueline Cristian,B,43,66,12,5,0
20250118-W-Australian_Open-R32-Eva_Lys-Jaqueline_Cristian,Jaqueline Cristian,S,4,10,0,0,0
20250118-W-Australian_Open-R32-Danielle_Collins-Madison_Keys,Danielle Collins,Total,45,20,8,4,0
20250118-W-Australian_Open-R32-Danielle_Collins-Madison_Keys,Danielle Collins,F,27,9,6,2,0
20250118-W-Australian_Open-R32-Danielle_Collins-Madison_Keys,Danielle Collins,B,17,11,2,0,0
20250118-W-Australian_Open-R32-Danielle_Collins-Madison_Keys,Danielle Collins,S,1,0,0,2,0
20250118-W-Australian_Open-R32-Danielle_Collins-Madison_Keys,Madison Keys,Total,29,22,12,17,1
20250118-W-Australian_Open-R32-Danielle_Collins-Madison_Keys,Madison Keys,F,25,10,5,15,1
20250118-W-Australian_Open-R32-Danielle_Collins-Madison_Keys,Madison Keys,B,4,6,5,2,0
20250118-W-Australian_Open-R32-Danielle_Collins-Madison_Keys,Madison Keys,S,0,6,2,0,0
20250118-W-Australian_Open-R16-Paula_Badosa-Olga_Danilovic,Paula Badosa,Total,51,48,13,20,1
20250118-W-Australian_Open-R16-Paula_Badosa-Olga_Danilovic,Paula Badosa,F,20,18,5,14,1
20250118-W-Australian_Open-R16-Paula_Badosa-Olga_Danilovic,Paula Badosa,B,30,28,7,6,0
20250118-W-Australian_Open-R16-Paula_Badosa-Olga_Danilovic,Paula Badosa,S,1,2,1,0,0
20250118-W-Australian_Open-R16-Paula_Badosa-Olga_Danilovic,Olga Danilovic,Total,60,40,13,20,1
20250118-W-Australian_Open-R16-Paula_Badosa-Olga_Danilovic,Olga Danilovic,F,43,22,9,14,1
20250118-W-Australian_Open-R16-Paula_Badosa-Olga_Danilovic,Olga Danilovic,B,16,16,3,6,0
20250118-W-Australian_Open-R16-Paula_Badosa-Olga_Danilovic,Olga Danilovic,S,1,2,1,0,0
20250117-W-Australian_Open-R32-Paula_Badosa-Marta_Kostyuk,Paula Badosa,Total,115,103,40,44,5
20250117-W-Australian_Open-R32-Paula_Badosa-Marta_Kostyuk,Paula Badosa,F,71,46,21,28,5
20250117-W-Australian_Open-R32-Paula_Badosa-Marta_Kostyuk,Paula Badosa,B,43,54,16,14,0
20250117-W-Australian_Open-R32-Paula_Badosa-Marta_Kostyuk,Paula Badosa,S,1,3,3,2,0
20250117-W-Australian_Open-R32-Paula_Badosa-Marta_Kostyuk,Marta Kostyuk,Total,128,87,21,28,4
20250117-W-Australian_Open-R32-Paula_Badosa-Marta_Kostyuk,Marta Kostyuk,F,69,46,12,24,4
20250117-W-Australian_Open-R32-Paula_Badosa-Marta_Kostyuk,Marta Kostyuk,B,53,35,7,4,0
20250117-W-Australian_Open-R32-Paula_Badosa-Marta_Kostyuk,Marta Kostyuk,S,6,6,2,0,0
20250117-W-Australian_Open-R32-Mirra_Andreeva-Magdalena_Frech,Mirra Andreeva,Total,125,134,38,67,2
20250117-W-Australian_Open-R32-Mirra_Andreeva-Magdalena_Frech,Mirra Andreeva,F,52,62,22,53,2
20250117-W-Australian_Open-R32-Mirra_Andreeva-Magdalena_Frech,Mirra Andreeva,B,70,54,15,14,0
20250117-W-Australian_Open-R32-Mirra_Andreeva-Magdalena_Frech,Mirra Andreeva,S,3,18,1,0,0
20250117-W-Australian_Open-R32-Mirra_Andreeva-Magdalena_Frech,Magdalena Frech,Total,130,153,33,58,2
20250117-W-Australian_Open-R32-Mirra_Andreeva-Magdalena_Frech,Magdalena Frech,F,56,61,12,41,2
20250117-W-Australian_Open-R32-Mirra_Andreeva-Magdalena_Frech,Magdalena Frech,B,64,77,17,12,0
20250117-W-Australian_Open-R32-Mirra_Andreeva-Magdalena_Frech,Magdalena Frech,S,10,15,4,5,0
20250117-W-Australian_Open-R32-Leylah_Fernandez-Coco_Gauff,Leylah Fernandez,Total,54,81,19,20,0
20250117-W-Australian_Open-R32-Leylah_Fernandez-Coco_Gauff,Leylah Fernandez,F,15,37,12,19,0
20250117-W-Australian_Open-R32-Leylah_Fernandez-Coco_Gauff,Leylah Fernandez,B,31,37,6,1,0
20250117-W-Australian_Open-R32-Leylah_Fernandez-Coco_Gauff,Leylah Fernandez,S,8,7,1,0,0
20250117-W-Australian_Open-R32-Leylah_Fernandez-Coco_Gauff,Coco Gauff,Total,80,58,8,20,0
20250117-W-Australian_Open-R32-Leylah_Fernandez-Coco_Gauff,Coco Gauff,F,52,38,7,13,0
20250117-W-Australian_Open-R32-Leylah_Fernandez-Coco_Gauff,Coco Gauff,B,28,16,1,5,0
20250117-W-Australian_Open-R32-Leylah_Fernandez-Coco_Gauff,Coco Gauff,S,0,4,0,2,0
20250117-W-Australian_Open-R32-Diana_Shnaider-Donna_Vekic,Diana Shnaider,Total,72,65,37,55,4
20250117-W-Australian_Open-R32-Diana_Shnaider-Donna_Vekic,Diana Shnaider,F,36,25,21,43,4
20250117-W-Australian_Open-R32-Diana_Shnaider-Donna_Vekic,Diana Shnaider,B,35,32,15,11,0
20250117-W-Australian_Open-R32-Diana_Shnaider-Donna_Vekic,Diana Shnaider,S,1,8,1,1,0
20250117-W-Australian_Open-R32-Diana_Shnaider-Donna_Vekic,Donna Vekic,Total,86,56,19,45,3
20250117-W-Australian_Open-R32-Diana_Shnaider-Donna_Vekic,Donna Vekic,F,56,36,15,30,3
20250117-W-Australian_Open-R32-Diana_Shnaider-Donna_Vekic,Donna Vekic,B,29,19,4,14,0
20250117-W-Australian_Open-R32-Diana_Shnaider-Donna_Vekic,Donna Vekic,S,1,1,0,1,0
20250116-W-Australian_Open-R64-Iga_Swiatek-Rebecca_Sramkova,Iga Swiatek,Total,55,24,24,11,0
20250116-W-Australian_Open-R64-Iga_Swiatek-Rebecca_Sramkova,Iga Swiatek,F,36,10,17,8,0
20250116-W-Australian_Open-R64-Iga_Swiatek-Rebecca_Sramkova,Iga Swiatek,B,18,14,7,3,0
20250116-W-Australian_Open-R64-Iga_Swiatek-Rebecca_Sramkova,Iga Swiatek,S,1,0,0,0,0
20250116-W-Australian_Open-R64-Iga_Swiatek-Rebecca_Sramkova,Rebecca Sramkova,Total,55,33,16,8,2
20250116-W-Australian_Open-R64-Iga_Swiatek-Rebecca_Sramkova,Rebecca Sramkova,F,37,16,8,1,2
20250116-W-Australian_Open-R64-Iga_Swiatek-Rebecca_Sramkova,Rebecca Sramkova,B,17,17,8,7,0
20250116-W-Australian_Open-R64-Iga_Swiatek-Rebecca_Sramkova,Rebecca Sramkova,S,1,0,0,0,0
20250116-W-Australian_Open-R64-Elena_Rybakina-Iva_Jovic,Elena Rybakina,Total,59,30,12,13,0
20250116-W-Australian_Open-R64-Elena_Rybakina-Iva_Jovic,Elena Rybakina,F,24,15,2,3,0
20250116-W-Australian_Open-R64-Elena_Rybakina-Iva_Jovic,Elena Rybakina,B,35,13,10,10,0
20250116-W-Australian_Open-R64-Elena_Rybakina-Iva_Jovic,Elena Rybakina,S,0,2,0,0,0
20250116-W-Australian_Open-R64-Elena_Rybakina-Iva_Jovic,Iva Jovic,Total,42,49,10,12,0
20250116-W-Australian_Open-R64-Elena_Rybakina-Iva_Jovic,Iva Jovic,F,16,21,4,6,0
20250116-W-Australian_Open-R64-Elena_Rybakina-Iva_Jovic,Iva Jovic,B,25,22,6,6,0
20250116-W-Australian_Open-R64-Elena_Rybakina-Iva_Jovic,Iva Jovic,S,1,6,0,0,0
20250116-W-Australian_Open-R64-Daria_Kasatkina-Yafan_Wang,Daria Kasatkina,Total,79,47,14,41,3
20250116-W-Australian_Open-R64-Daria_Kasatkina-Yafan_Wang,Daria Kasatkina,F,34,19,8,34,3
20250116-W-Australian_Open-R64-Daria_Kasatkina-Yafan_Wang,Daria Kasatkina,B,39,23,5,7,0
20250116-W-Australian_Open-R64-Daria_Kasatkina-Yafan_Wang,Daria Kasatkina,S,6,5,1,0,0
20250116-W-Australian_Open-R64-Daria_Kasatkina-Yafan_Wang,Yafan Wang,Total,82,59,21,27,2
20250116-W-Australian_Open-R64-Daria_Kasatkina-Yafan_Wang,Yafan Wang,F,30,22,11,22,2
20250116-W-Australian_Open-R64-Daria_Kasatkina-Yafan_Wang,Yafan Wang,B,44,31,9,3,0
20250116-W-Australian_Open-R64-Daria_Kasatkina-Yafan_Wang,Yafan Wang,S,8,6,1,2,0
20250116-W-Australian_Open-R32-Aryna_Sabalenka-Clara_Tauson,Aryna Sabalenka,Total,71,37,26,24,2
20250116-W-Australian_Open-R32-Aryna_Sabalenka-Clara_Tauson,Aryna Sabalenka,F,37,13,11,14,2
20250116-W-Australian_Open-R32-Aryna_Sabalenka-Clara_Tauson,Aryna Sabalenka,B,26,14,10,8,0
20250116-W-Australian_Open-R32-Aryna_Sabalenka-Clara_Tauson,Aryna Sabalenka,S,8,10,5,2,0
20250116-W-Australian_Open-R32-Aryna_Sabalenka-Clara_Tauson,Clara Tauson,Total,77,39,20,23,2
20250116-W-Australian_Open-R32-Aryna_Sabalenka-Clara_Tauson,Clara Tauson,F,36,20,12,16,2
20250116-W-Australian_Open-R32-Aryna_Sabalenka-Clara_Tauson,Clara Tauson,B,31,13,5,7,0
20250116-W-Australian_Open-R32-Aryna_Sabalenka-Clara_Tauson,Clara Tauson,S,10,6,3,0,0
20250115-W-Australian_Open-R64-Paula_Badosa-Talia_Gibson,Paula Badosa,Total,23,39,15,10,0
20250115-W-Australian_Open-R64-Paula_Badosa-Talia_Gibson,Paula Badosa,F,8,10,3,4,0
20250115-W-Australian_Open-R64-Paula_Badosa-Talia_Gibson,Paula Badosa,B,13,24,9,6,0
20250115-W-Australian_Open-R64-Paula_Badosa-Talia_Gibson,Paula Badosa,S,2,5,3,0,0
20250115-W-Australian_Open-R64-Paula_Badosa-Talia_Gibson,Talia Gibson,Total,38,24,5,15,0
20250115-W-Australian_Open-R64-Paula_Badosa-Talia_Gibson,Talia Gibson,F,11,14,3,14,0
20250115-W-Australian_Open-R64-Paula_Badosa-Talia_Gibson,Talia Gibson,B,27,9,2,1,0
20250115-W-Australian_Open-R64-Paula_Badosa-Talia_Gibson,Talia Gibson,S,0,1,0,0,0
20250115-W-Australian_Open-R64-Moyuka_Uchijima-Mirra_Andreeva,Moyuka Uchijima,Total,0,0,0,0,0
20250115-W-Australian_Open-R64-Moyuka_Uchijima-Mirra_Andreeva,Mirra Andreeva,Total,0,0,0,0,0
20250115-W-Australian_Open-R64-Coco_Gauff-Jodie_Burrage,Coco Gauff,Total,56,51,7,11,0
20250115-W-Australian_Open-R64-Coco_Gauff-Jodie_Burrage,Coco Gauff,F,33,22,6,7,0
20250115-W-Australian_Open-R64-Coco_Gauff-Jodie_Burrage,Coco Gauff,B,23,26,1,2,0
20250115-W-Australian_Open-R64-Coco_Gauff-Jodie_Burrage,Coco Gauff,S,0,3,0,2,0
20250115-W-Australian_Open-R64-Coco_Gauff-Jodie_Burrage,Jodie Burrage,Total,59,52,17,11,0
20250115-W-Australian_Open-R64-Coco_Gauff-Jodie_Burrage,Jodie Burrage,F,39,23,11,6,0
20250115-W-Australian_Open-R64-Coco_Gauff-Jodie_Burrage,Jodie Burrage,B,19,26,6,5,0
20250115-W-Australian_Open-R64-Coco_Gauff-Jodie_Burrage,Jodie Burrage,S,1,3,0,0,0
20250115-W-Australian_Open-R64-Amanda_Anisimova-Emma_Raducanu,Amanda Anisimova,Total,70,40,30,36,1
20250115-W-Australian_Open-R64-Amanda_Anisimova-Emma_Raducanu,Amanda Anisimova,F,32,19,14,25,1
20250115-W-Australian_Open-R64-Amanda_Anisimova-Emma_Raducanu,Amanda Anisimova,B,37,17,15,9,0
20250115-W-Australian_Open-R64-Amanda_Anisimova-Emma_Raducanu,Amanda Anisimova,S,1,4,1,2,0
20250115-W-Australian_Open-R64-Amanda_Anisimova-Emma_Raducanu,Emma Raducanu,Total,75,66,15,9,0
20250115-W-Australian_Open-R64-Amanda_Anisimova-Emma_Raducanu,Emma Raducanu,F,36,18,7,8,0
20250115-W-Australian_Open-R64-Amanda_Anisimova-Emma_Raducanu,Emma Raducanu,B,34,37,6,0,0
20250115-W-Australian_Open-R64-Amanda_Anisimova-Emma_Raducanu,Emma Raducanu,S,5,11,2,1,0
20250114-W-Australian_Open-R64-Liudmila_Samsonova-Olga_Danilovic,Liudmila Samsonova,Total,33,32,7,16,1
20250114-W-Australian_Open-R64-Liudmila_Samsonova-Olga_Danilovic,Liudmila Samsonova,F,27,16,3,16,1
20250114-W-Australian_Open-R64-Liudmila_Samsonova-Olga_Danilovic,Liudmila Samsonova,B,6,14,4,0,0
20250114-W-Australian_Open-R64-Liudmila_Samsonova-Olga_Danilovic,Liudmila Samsonova,S,0,2,0,0,0
20250114-W-Australian_Open-R64-Liudmila_Samsonova-Olga_Danilovic,Olga Danilovic,Total,24,28,11,10,0
20250114-W-Australian_Open-R64-Liudmila_Samsonova-Olga_Danilovic,Olga Danilovic,F,10,12,9,3,0
20250114-W-Australian_Open-R64-Liudmila_Samsonova-Olga_Danilovic,Olga Danilovic,B,13,12,1,3,0
20250114-W-Australian_Open-R64-Liudmila_Samsonova-Olga_Danilovic,Olga Danilovic,S,1,4,1,4,0
20250114-W-Australian_Open-R128-Olivia_Gadecki-Veronika_Kudermetova,Olivia Gadecki,Total,33,22,9,6,0
20250114-W-Australian_Open-R128-Olivia_Gadecki-Veronika_Kudermetova,Olivia Gadecki,F,19,9,4,5,0
20250114-W-Australian_Open-R128-Olivia_Gadecki-Veronika_Kudermetova,Olivia Gadecki,B,11,11,5,0,0
20250114-W-Australian_Open-R128-Olivia_Gadecki-Veronika_Kudermetova,Olivia Gadecki,S,3,2,0,1,0
20250114-W-Australian_Open-R128-Olivia_Gadecki-Veronika_Kudermetova,Veronika Kudermetova,Total,35,15,5,9,1
20250114-W-Australian_Open-R128-Olivia_Gadecki-Veronika_Kudermetova,Veronika Kudermetova,F,17,4,3,6,1
20250114-W-Australian_Open-R128-Olivia_Gadecki-Veronika_Kudermetova,Veronika Kudermetova,B,16,8,2,3,0
20250114-W-Australian_Open-R128-Olivia_Gadecki-Veronika_Kudermetova,Veronika Kudermetova,S,2,3,0,0,0
20250114-W-Australian_Open-R128-Eva_Lys-Kimberly_Birrell,Eva Lys,Total,37,37,17,18,0
20250114-W-Australian_Open-R128-Eva_Lys-Kimberly_Birrell,Eva Lys,F,21,24,10,13,0
20250114-W-Australian_Open-R128-Eva_Lys-Kimberly_Birrell,Eva Lys,B,16,13,7,5,0
20250114-W-Australian_Open-R128-Eva_Lys-Kimberly_Birrell,Kimberly Birrell,Total,46,41,6,10,0
20250114-W-Australian_Open-R128-Eva_Lys-Kimberly_Birrell,Kimberly Birrell,F,24,20,2,7,0
20250114-W-Australian_Open-R128-Eva_Lys-Kimberly_Birrell,Kimberly Birrell,B,21,18,3,3,0
20250114-W-Australian_Open-R128-Eva_Lys-Kimberly_Birrell,Kimberly Birrell,S,1,3,1,0,0
20250114-W-Australian_Open-R128-Emma_Raducanu-Ekaterina_Alexandrova,Emma Raducanu,Total,85,65,16,15,0
20250114-W-Australian_Open-R128-Emma_Raducanu-Ekaterina_Alexandrova,Emma Raducanu,F,52,29,10,9,0
20250114-W-Australian_Open-R128-Emma_Raducanu-Ekaterina_Alexandrova,Emma Raducanu,B,27,30,6,4,0
20250114-W-Australian_Open-R128-Emma_Raducanu-Ekaterina_Alexandrova,Emma Raducanu,S,6,6,0,2,0
20250114-W-Australian_Open-R128-Emma_Raducanu-Ekaterina_Alexandrova,Ekaterina Alexandrova,Total,89,62,23,22,2
20250114-W-Australian_Open-R128-Emma_Raducanu-Ekaterina_Alexandrova,Ekaterina Alexandrova,F,47,26,11,14,1
20250114-W-Australian_Open-R128-Emma_Raducanu-Ekaterina_Alexandrova,Ekaterina Alexandrova,B,42,34,12,8,1
20250114-W-Australian_Open-R128-Emma_Raducanu-Ekaterina_Alexandrova,Ekaterina Alexandrova,S,0,2,0,0,0
20250114-W-Australian_Open-R128-Elena_Rybakina-Emerson_Jones,Elena Rybakina,Total,39,24,10,6,0
20250114-W-Australian_Open-R128-Elena_Rybakina-Emerson_Jones,Elena Rybakina,F,26,11,3,5,0
20250114-W-Australian_Open-R128-Elena_Rybakina-Emerson_Jones,Elena Rybakina,B,13,12,7,1,0
20250114-W-Australian_Open-R128-Elena_Rybakina-Emerson_Jones,Elena Rybakina,S,0,1,0,0,0
20250114-W-Australian_Open-R128-Elena_Rybakina-Emerson_Jones,Emerson Jones,Total,23,32,11,11,0
20250114-W-Australian_Open-R128-Elena_Rybakina-Emerson_Jones,Emerson Jones,F,13,14,5,10,0
20250114-W-Australian_Open-R128-Elena_Rybakina-Emerson_Jones,Emerson Jones,B,10,16,5,1,0
20250114-W-Australian_Open-R128-Elena_Rybakina-Emerson_Jones,Emerson Jones,S,0,2,1,0,0
20250113-W-Australian_Open-R128-Viktoriya_Tomova-Daria_Kasatkina,Viktoriya Tomova,Total,50,71,39,24,0
20250113-W-Australian_Open-R128-Viktoriya_Tomova-Daria_Kasatkina,Viktoriya Tomova,F,12,22,26,16,0
20250113-W-Australian_Open-R128-Viktoriya_Tomova-Daria_Kasatkina,Viktoriya Tomova,B,29,48,13,7,0
20250113-W-Australian_Open-R128-Viktoriya_Tomova-Daria_Kasatkina,Viktoriya Tomova,S,9,1,0,1,0
20250113-W-Australian_Open-R128-Viktoriya_Tomova-Daria_Kasatkina,Daria Kasatkina,Total,88,37,27,45,3
20250113-W-Australian_Open-R128-Viktoriya_Tomova-Daria_Kasatkina,Daria Kasatkina,F,35,15,9,30,3
20250113-W-Australian_Open-R128-Viktoriya_Tomova-Daria_Kasatkina,Daria Kasatkina,B,50,15,16,15,0
20250113-W-Australian_Open-R128-Viktoriya_Tomova-Daria_Kasatkina,Daria Kasatkina,S,3,7,2,0,0
20250113-W-Australian_Open-R128-Maya_Joint-Jessica_Pegula,Maya Joint,Total,56,70,14,11,0
20250113-W-Australian_Open-R128-Maya_Joint-Jessica_Pegula,Maya Joint,F,32,35,7,9,0
20250113-W-Australian_Open-R128-Maya_Joint-Jessica_Pegula,Maya Joint,B,23,30,6,2,0
20250113-W-Australian_Open-R128-Maya_Joint-Jessica_Pegula,Maya Joint,S,1,5,1,0,0
20250113-W-Australian_Open-R128-Maya_Joint-Jessica_Pegula,Jessica Pegula,Total,62,41,12,17,0
20250113-W-Australian_Open-R128-Maya_Joint-Jessica_Pegula,Jessica Pegula,F,29,21,8,12,0
20250113-W-Australian_Open-R128-Maya_Joint-Jessica_Pegula,Jessica Pegula,B,29,18,3,3,0
20250113-W-Australian_Open-R128-Maya_Joint-Jessica_Pegula,Jessica Pegula,S,4,2,1,2,0
20250113-W-Australian_Open-R128-Marta_Kostyuk-Nao_Hibino,Marta Kostyuk,Total,74,74,10,27,0
20250113-W-Australian_Open-R128-Marta_Kostyuk-Nao_Hibino,Marta Kostyuk,F,39,32,2,16,0
20250113-W-Australian_Open-R128-Marta_Kostyuk-Nao_Hibino,Marta Kostyuk,B,34,37,7,10,0
20250113-W-Australian_Open-R128-Marta_Kostyuk-Nao_Hibino,Marta Kostyuk,S,1,5,1,1,0
20250113-W-Australian_Open-R128-Marta_Kostyuk-Nao_Hibino,Nao Hibino,Total,50,81,8,33,1
20250113-W-Australian_Open-R128-Marta_Kostyuk-Nao_Hibino,Nao Hibino,F,30,49,7,30,1
20250113-W-Australian_Open-R128-Marta_Kostyuk-Nao_Hibino,Nao Hibino,B,20,28,1,3,0
20250113-W-Australian_Open-R128-Marta_Kostyuk-Nao_Hibino,Nao Hibino,S,0,4,0,0,0
20250113-W-Australian_Open-R128-Iga_Swiatek-Katerina_Siniakova,Iga Swiatek,Total,60,29,23,16,0
20250113-W-Australian_Open-R128-Iga_Swiatek-Katerina_Siniakova,Iga Swiatek,F,31,13,12,4,0
20250113-W-Australian_Open-R128-Iga_Swiatek-Katerina_Siniakova,Iga Swiatek,B,29,16,11,11,0
20250113-W-Australian_Open-R128-Iga_Swiatek-Katerina_Siniakova,Iga Swiatek,S,0,0,0,1,0
20250113-W-Australian_Open-R128-Iga_Swiatek-Katerina_Siniakova,Katerina Siniakova,Total,63,36,16,14,0
20250113-W-Australian_Open-R128-Iga_Swiatek-Katerina_Siniakova,Katerina Siniakova,F,36,21,9,2,0
20250113-W-Australian_Open-R128-Iga_Swiatek-Katerina_Siniakova,Katerina Siniakova,B,27,14,7,11,0
20250113-W-Australian_Open-R128-Iga_Swiatek-Katerina_Siniakova,Katerina Siniakova,S,0,1,0,1,0
20250113-W-Australian_Open-R128-Coco_Gauff-Sofia_Kenin,Coco Gauff,Total,57,55,10,17,0
20250113-W-Australian_Open-R128-Coco_Gauff-Sofia_Kenin,Coco Gauff,F,37,25,2,7,0
20250113-W-Australian_Open-R128-Coco_Gauff-Sofia_Kenin,Coco Gauff,B,19,30,8,10,0
20250113-W-Australian_Open-R128-Coco_Gauff-Sofia_Kenin,Coco Gauff,S,1,0,0,0,0
20250113-W-Australian_Open-R128-Coco_Gauff-Sofia_Kenin,Sofia Kenin,Total,68,43,12,17,0
20250113-W-Australian_Open-R128-Coco_Gauff-Sofia_Kenin,Sofia Kenin,F,36,24,6,10,0
20250113-W-Australian_Open-R128-Coco_Gauff-Sofia_Kenin,Sofia Kenin,B,31,19,6,7,0
20250113-W-Australian_Open-R128-Coco_Gauff-Sofia_Kenin,Sofia Kenin,S,1,0,0,0,0
20250112-W-Australian_Open-R128-Suzan_Lamens-Veronika_Erjavec,Suzan Lamens,Total,165,124,14,40,1
20250112-W-Australian_Open-R128-Suzan_Lamens-Veronika_Erjavec,Suzan Lamens,F,80,42,7,31,1
20250112-W-Australian_Open-R128-Suzan_Lamens-Veronika_Erjavec,Suzan Lamens,B,79,77,7,9,0
20250112-W-Australian_Open-R128-Suzan_Lamens-Veronika_Erjavec,Suzan Lamens,S,6,5,0,0,0
20250112-W-Australian_Open-R128-Suzan_Lamens-Veronika_Erjavec,Veronika Erjavec,Total,136,99,46,57,3
20250112-W-Australian_Open-R128-Suzan_Lamens-Veronika_Erjavec,Veronika Erjavec,F,66,40,35,43,3
20250112-W-Australian_Open-R128-Suzan_Lamens-Veronika_Erjavec,Veronika Erjavec,B,65,53,11,13,0
20250112-W-Australian_Open-R128-Suzan_Lamens-Veronika_Erjavec,Veronika Erjavec,S,5,6,0,1,0
20250111-W-Australian_Open-R128-Marie_Bouzkova-Mirra_Andreeva,Marie Bouzkova,Total,104,60,27,22,1
20250111-W-Australian_Open-R128-Marie_Bouzkova-Mirra_Andreeva,Marie Bouzkova,F,38,22,9,11,1
20250111-W-Australian_Open-R128-Marie_Bouzkova-Mirra_Andreeva,Marie Bouzkova,B,61,34,16,11,0
20250111-W-Australian_Open-R128-Marie_Bouzkova-Mirra_Andreeva,Marie Bouzkova,S,5,4,2,0,0
20250111-W-Australian_Open-R128-Marie_Bouzkova-Mirra_Andreeva,Mirra Andreeva,Total,84,48,44,49,0
20250111-W-Australian_Open-R128-Marie_Bouzkova-Mirra_Andreeva,Mirra Andreeva,F,30,21,22,38,0
20250111-W-Australian_Open-R128-Marie_Bouzkova-Mirra_Andreeva,Mirra Andreeva,B,51,22,22,11,0
20250111-W-Australian_Open-R128-Marie_Bouzkova-Mirra_Andreeva,Mirra Andreeva,S,3,5,0,0,0
20250106-W-Australian_Open-Q1-Lucija_Ciric_Bagaric-Solana_Sierra,Lucija Ciric Bagaric,Total,39,68,14,24,0
20250106-W-Australian_Open-Q1-Lucija_Ciric_Bagaric-Solana_Sierra,Lucija Ciric Bagaric,F,20,38,12,15,0
20250106-W-Australian_Open-Q1-Lucija_Ciric_Bagaric-Solana_Sierra,Lucija Ciric Bagaric,B,13,16,1,9,0
20250106-W-Australian_Open-Q1-Lucija_Ciric_Bagaric-Solana_Sierra,Lucija Ciric Bagaric,S,6,14,1,0,0
20250106-W-Australian_Open-Q1-Lucija_Ciric_Bagaric-Solana_Sierra,Solana Sierra,Total,64,63,15,20,1
20250106-W-Australian_Open-Q1-Lucija_Ciric_Bagaric-Solana_Sierra,Solana Sierra,F,35,26,5,9,1
20250106-W-Australian_Open-Q1-Lucija_Ciric_Bagaric-Solana_Sierra,Solana Sierra,B,28,35,9,9,0
20250106-W-Australian_Open-Q1-Lucija_Ciric_Bagaric-Solana_Sierra,Solana Sierra,S,1,2,1,2,0
20240907-W-US_Open-F-Aryna_Sabalenka-Jessica_Pegula,Aryna Sabalenka,Total,93,40,16,24,1
20240907-W-US_Open-F-Aryna_Sabalenka-Jessica_Pegula,Aryna Sabalenka,F,46,15,5,17,1
20240907-W-US_Open-F-Aryna_Sabalenka-Jessica_Pegula,Aryna Sabalenka,B,41,19,11,7,0
20240907-W-US_Open-F-Aryna_Sabalenka-Jessica_Pegula,Aryna Sabalenka,S,6,6,0,0,0
20240907-W-US_Open-F-Aryna_Sabalenka-Jessica_Pegula,Jessica Pegula,Total,73,64,22,15,0
20240907-W-US_Open-F-Aryna_Sabalenka-Jessica_Pegula,Jessica Pegula,F,32,28,14,10,0
20240907-W-US_Open-F-Aryna_Sabalenka-Jessica_Pegula,Jessica Pegula,B,37,29,7,4,0
20240907-W-US_Open-F-Aryna_Sabalenka-Jessica_Pegula,Jessica Pegula,S,4,7,1,1,0
20240905-W-US_Open-SF-Karolina_Muchova-Jessica_Pegula,Karolina Muchova,Total,82,76,35,33,5
20240905-W-US_Open-SF-Karolina_Muchova-Jessica_Pegula,Karolina Muchova,F,47,37,12,23,5
20240905-W-US_Open-SF-Karolina_Muchova-Jessica_Pegula,Karolina Muchova,B,22,24,10,3,0
20240905-W-US_Open-SF-Karolina_Muchova-Jessica_Pegula,Karolina Muchova,S,13,15,13,7,0
20240905-W-US_Open-SF-Karolina_Muchova-Jessica_Pegula,Jessica Pegula,Total,125,76,31,34,0
20240905-W-US_Open-SF-Karolina_Muchova-Jessica_Pegula,Jessica Pegula,F,62,37,25,27,0
20240905-W-US_Open-SF-Karolina_Muchova-Jessica_Pegula,Jessica Pegula,B,49,30,4,7,0
20240905-W-US_Open-SF-Karolina_Muchova-Jessica_Pegula,Jessica Pegula,S,14,9,2,0,0
20240905-W-US_Open-SF-Aryna_Sabalenka-Emma_Navarro,Aryna Sabalenka,Total,66,23,12,22,2
20240905-W-US_Open-SF-Aryna_Sabalenka-Emma_Navarro,Aryna Sabalenka,F,33,7,3,17,2
20240905-W-US_Open-SF-Aryna_Sabalenka-Emma_Navarro,Aryna Sabalenka,B,31,12,7,4,0
20240905-W-US_Open-SF-Aryna_Sabalenka-Emma_Navarro,Aryna Sabalenka,S,2,4,2,1,0
20240905-W-US_Open-SF-Aryna_Sabalenka-Emma_Navarro,Emma Navarro,Total,57,32,15,16,0
20240905-W-US_Open-SF-Aryna_Sabalenka-Emma_Navarro,Emma Navarro,F,20,20,7,14,0
20240905-W-US_Open-SF-Aryna_Sabalenka-Emma_Navarro,Emma Navarro,B,23,8,6,2,0
20240905-W-US_Open-SF-Aryna_Sabalenka-Emma_Navarro,Emma Navarro,S,14,4,2,0,0
20240904-W-US_Open-QF-Iga_Swiatek-Jessica_Pegula,Iga Swiatek,Total,90,31,16,24,0
20240904-W-US_Open-QF-Iga_Swiatek-Jessica_Pegula,Iga Swiatek,F,45,21,7,17,0
20240904-W-US_Open-QF-Iga_Swiatek-Jessica_Pegula,Iga Swiatek,B,45,10,9,7,0
20240904-W-US_Open-QF-Iga_Swiatek-Jessica_Pegula,Jessica Pegula,Total,75,61,15,8,0
20240904-W-US_Open-QF-Iga_Swiatek-Jessica_Pegula,Jessica Pegula,F,44,28,8,4,0
20240904-W-US_Open-QF-Iga_Swiatek-Jessica_Pegula,Jessica Pegula,B,27,26,6,4,0
20240904-W-US_Open-QF-Iga_Swiatek-Jessica_Pegula,Jessica Pegula,S,4,7,1,0,0
20240903-W-US_Open-QF-Aryna_Sabalenka-Qinwen_Zheng,Aryna Sabalenka,Total,40,15,6,8,0
20240903-W-US_Open-QF-Aryna_Sabalenka-Qinwen_Zheng,Aryna Sabalenka,F,27,6,5,6,0
20240903-W-US_Open-QF-Aryna_Sabalenka-Qinwen_Zheng,Aryna Sabalenka,B,13,9,0,2,0
20240903-W-US_Open-QF-Aryna_Sabalenka-Qinwen_Zheng,Aryna Sabalenka,S,0,0,1,0,0
20240903-W-US_Open-QF-Aryna_Sabalenka-Qinwen_Zheng,Qinwen Zheng,Total,21,23,11,12,0
20240903-W-US_Open-QF-Aryna_Sabalenka-Qinwen_Zheng,Qinwen Zheng,F,15,12,6,7,0
20240903-W-US_Open-QF-Aryna_Sabalenka-Qinwen_Zheng,Qinwen Zheng,B,5,9,2,5,0
20240903-W-US_Open-QF-Aryna_Sabalenka-Qinwen_Zheng,Qinwen Zheng,S,1,2,3,0,0
20240902-W-US_Open-R16-Karolina_Muchova-Jasmine_Paolini,Karolina Muchova,Total,39,37,10,21,1
20240902-W-US_Open-R16-Karolina_Muchova-Jasmine_Paolini,Karolina Muchova,F,23,20,5,12,1
20240902-W-US_Open-R16-Karolina_Muchova-Jasmine_Paolini,Karolina Muchova,B,11,12,2,3,0
20240902-W-US_Open-R16-Karolina_Muchova-Jasmine_Paolini,Karolina Muchova,S,5,5,3,6,0
20240902-W-US_Open-R16-Karolina_Muchova-Jasmine_Paolini,Jasmine Paolini,Total,45,48,6,18,1
20240902-W-US_Open-R16-Karolina_Muchova-Jasmine_Paolini,Jasmine Paolini,F,25,26,4,17,1
20240902-W-US_Open-R16-Karolina_Muchova-Jasmine_Paolini,Jasmine Paolini,B,19,18,1,1,0
20240902-W-US_Open-R16-Karolina_Muchova-Jasmine_Paolini,Jasmine Paolini,S,1,4,1,0,0
20240902-W-US_Open-R16-Diana_Shnaider-Jessica_Pegula,Diana Shnaider,Total,75,37,28,20,0
20240902-W-US_Open-R16-Diana_Shnaider-Jessica_Pegula,Diana Shnaider,F,47,10,23,16,0
20240902-W-US_Open-R16-Diana_Shnaider-Jessica_Pegula,Diana Shnaider,B,24,18,5,4,0
20240902-W-US_Open-R16-Diana_Shnaider-Jessica_Pegula,Diana Shnaider,S,4,9,0,0,0
20240902-W-US_Open-R16-Diana_Shnaider-Jessica_Pegula,Jessica Pegula,Total,73,40,26,17,2
20240902-W-US_Open-R16-Diana_Shnaider-Jessica_Pegula,Jessica Pegula,F,37,19,17,13,2
20240902-W-US_Open-R16-Diana_Shnaider-Jessica_Pegula,Jessica Pegula,B,30,13,6,3,0
20240902-W-US_Open-R16-Diana_Shnaider-Jessica_Pegula,Jessica Pegula,S,6,8,3,1,0
20240901-W-US_Open-R16-Qinwen_Zheng-Donna_Vekic,Qinwen Zheng,Total,64,44,23,39,3
20240901-W-US_Open-R16-Qinwen_Zheng-Donna_Vekic,Qinwen Zheng,F,50,25,21,33,3
20240901-W-US_Open-R16-Qinwen_Zheng-Donna_Vekic,Qinwen Zheng,B,7,14,1,6,0
20240901-W-US_Open-R16-Qinwen_Zheng-Donna_Vekic,Qinwen Zheng,S,7,5,1,0,0
20240901-W-US_Open-R16-Qinwen_Zheng-Donna_Vekic,Donna Vekic,Total,65,56,25,25,3
20240901-W-US_Open-R16-Qinwen_Zheng-Donna_Vekic,Donna Vekic,F,41,32,9,20,3
20240901-W-US_Open-R16-Qinwen_Zheng-Donna_Vekic,Donna Vekic,B,22,23,15,5,0
20240901-W-US_Open-R16-Qinwen_Zheng-Donna_Vekic,Donna Vekic,S,2,1,1,0,0
20240901-W-US_Open-R16-Paula_Badosa-Yafan_Wang,Paula Badosa,Total,75,54,23,30,3
20240901-W-US_Open-R16-Paula_Badosa-Yafan_Wang,Paula Badosa,F,43,28,14,27,3
20240901-W-US_Open-R16-Paula_Badosa-Yafan_Wang,Paula Badosa,B,29,24,9,3,0
20240901-W-US_Open-R16-Paula_Badosa-Yafan_Wang,Paula Badosa,S,3,2,0,0,0
20240901-W-US_Open-R16-Paula_Badosa-Yafan_Wang,Yafan Wang,Total,72,40,21,29,3
20240901-W-US_Open-R16-Paula_Badosa-Yafan_Wang,Yafan Wang,F,45,21,16,26,3
20240901-W-US_Open-R16-Paula_Badosa-Yafan_Wang,Yafan Wang,B,20,16,5,3,0
20240901-W-US_Open-R16-Paula_Badosa-Yafan_Wang,Yafan Wang,S,7,3,0,0,0
20240901-W-US_Open-R16-Elise_Mertens-Aryna_Sabalenka,Elise Mertens,Total,43,33,10,13,0
20240901-W-US_Open-R16-Elise_Mertens-Aryna_Sabalenka,Elise Mertens,F,18,15,4,8,0
20240901-W-US_Open-R16-Elise_Mertens-Aryna_Sabalenka,Elise Mertens,B,17,11,3,4,0
20240901-W-US_Open-R16-Elise_Mertens-Aryna_Sabalenka,Elise Mertens,S,8,7,3,1,0
20240901-W-US_Open-R16-Elise_Mertens-Aryna_Sabalenka,Aryna Sabalenka,Total,65,12,19,22,0
20240901-W-US_Open-R16-Elise_Mertens-Aryna_Sabalenka,Aryna Sabalenka,F,30,4,6,16,0
20240901-W-US_Open-R16-Elise_Mertens-Aryna_Sabalenka,Aryna Sabalenka,B,32,7,12,4,0
20240901-W-US_Open-R16-Elise_Mertens-Aryna_Sabalenka,Aryna Sabalenka,S,3,1,1,2,0
20240831-W-US_Open-R32-Jessica_Bouzas_Maneiro-Jessica_Pegula,Jessica Bouzas Maneiro,Total,73,46,14,6,1
20240831-W-US_Open-R32-Jessica_Bouzas_Maneiro-Jessica_Pegula,Jessica Bouzas Maneiro,F,42,26,10,5,1
20240831-W-US_Open-R32-Jessica_Bouzas_Maneiro-Jessica_Pegula,Jessica Bouzas Maneiro,B,26,15,4,1,0
20240831-W-US_Open-R32-Jessica_Bouzas_Maneiro-Jessica_Pegula,Jessica Bouzas Maneiro,S,5,5,0,0,0
20240831-W-US_Open-R32-Jessica_Bouzas_Maneiro-Jessica_Pegula,Jessica Pegula,Total,48,40,19,23,0
20240831-W-US_Open-R32-Jessica_Bouzas_Maneiro-Jessica_Pegula,Jessica Pegula,F,31,22,9,15,0
20240831-W-US_Open-R32-Jessica_Bouzas_Maneiro-Jessica_Pegula,Jessica Pegula,B,14,14,6,3,0
20240831-W-US_Open-R32-Jessica_Bouzas_Maneiro-Jessica_Pegula,Jessica Pegula,S,3,4,4,5,0
20240831-W-US_Open-R32-Jasmine_Paolini-Yulia_Putintseva,Jasmine Paolini,Total,88,54,16,29,5
20240831-W-US_Open-R32-Jasmine_Paolini-Yulia_Putintseva,Jasmine Paolini,F,49,21,7,27,5
20240831-W-US_Open-R32-Jasmine_Paolini-Yulia_Putintseva,Jasmine Paolini,B,36,30,9,2,0
20240831-W-US_Open-R32-Jasmine_Paolini-Yulia_Putintseva,Jasmine Paolini,S,3,3,0,0,0
20240831-W-US_Open-R32-Jasmine_Paolini-Yulia_Putintseva,Yulia Putintseva,Total,72,63,31,21,0
20240831-W-US_Open-R32-Jasmine_Paolini-Yulia_Putintseva,Yulia Putintseva,F,36,28,15,15,0
20240831-W-US_Open-R32-Jasmine_Paolini-Yulia_Putintseva,Yulia Putintseva,B,25,28,11,4,0
20240831-W-US_Open-R32-Jasmine_Paolini-Yulia_Putintseva,Yulia Putintseva,S,11,7,5,2,0
20240831-W-US_Open-R32-Caroline_Wozniacki-Jessika_Ponchet,Caroline Wozniacki,Total,86,45,20,23,1
20240831-W-US_Open-R32-Caroline_Wozniacki-Jessika_Ponchet,Caroline Wozniacki,F,45,30,17,18,0
20240831-W-US_Open-R32-Caroline_Wozniacki-Jessika_Ponchet,Caroline Wozniacki,B,41,14,3,5,1
20240831-W-US_Open-R32-Caroline_Wozniacki-Jessika_Ponchet,Caroline Wozniacki,S,0,1,0,0,0
20240831-W-US_Open-R32-Caroline_Wozniacki-Jessika_Ponchet,Jessika Ponchet,Total,59,59,24,27,2
20240831-W-US_Open-R32-Caroline_Wozniacki-Jessika_Ponchet,Jessika Ponchet,F,38,26,5,24,2
20240831-W-US_Open-R32-Caroline_Wozniacki-Jessika_Ponchet,Jessika Ponchet,B,18,27,16,3,0
20240831-W-US_Open-R32-Caroline_Wozniacki-Jessika_Ponchet,Jessika Ponchet,S,3,6,3,0,0
20240831-W-US_Open-R32-Ashlyn_Krueger-Liudmila_Samsonova,Ashlyn Krueger,Total,45,36,5,10,0
20240831-W-US_Open-R32-Ashlyn_Krueger-Liudmila_Samsonova,Ashlyn Krueger,F,27,18,1,6,0
20240831-W-US_Open-R32-Ashlyn_Krueger-Liudmila_Samsonova,Ashlyn Krueger,B,17,16,4,4,0
20240831-W-US_Open-R32-Ashlyn_Krueger-Liudmila_Samsonova,Ashlyn Krueger,S,1,2,0,0,0
20240831-W-US_Open-R32-Ashlyn_Krueger-Liudmila_Samsonova,Liudmila Samsonova,Total,33,30,8,15,0
20240831-W-US_Open-R32-Ashlyn_Krueger-Liudmila_Samsonova,Liudmila Samsonova,F,27,17,5,13,0
20240831-W-US_Open-R32-Ashlyn_Krueger-Liudmila_Samsonova,Liudmila Samsonova,B,6,12,3,2,0
20240831-W-US_Open-R32-Ashlyn_Krueger-Liudmila_Samsonova,Liudmila Samsonova,S,0,1,0,0,0
20240831-W-US_Open-R32-Aryna_Sabalenka-Ekaterina_Alexandrova,Aryna Sabalenka,Total,69,31,12,17,0
20240831-W-US_Open-R32-Aryna_Sabalenka-Ekaterina_Alexandrova,Aryna Sabalenka,F,37,11,5,8,0
20240831-W-US_Open-R32-Aryna_Sabalenka-Ekaterina_Alexandrova,Aryna Sabalenka,B,31,14,3,9,0
20240831-W-US_Open-R32-Aryna_Sabalenka-Ekaterina_Alexandrova,Aryna Sabalenka,S,1,6,4,0,0
20240831-W-US_Open-R32-Aryna_Sabalenka-Ekaterina_Alexandrova,Ekaterina Alexandrova,Total,54,36,22,17,2
20240831-W-US_Open-R32-Aryna_Sabalenka-Ekaterina_Alexandrova,Ekaterina Alexandrova,F,30,15,15,9,2
20240831-W-US_Open-R32-Aryna_Sabalenka-Ekaterina_Alexandrova,Ekaterina Alexandrova,B,24,21,7,7,0
20240831-W-US_Open-R32-Aryna_Sabalenka-Ekaterina_Alexandrova,Ekaterina Alexandrova,S,0,0,0,1,0
20240831-W-US_Open-R32-Anastasia_Potapova-Karolina_Muchova,Anastasia Potapova,Total,46,20,17,20,0
20240831-W-US_Open-R32-Anastasia_Potapova-Karolina_Muchova,Anastasia Potapova,F,22,8,11,13,0
20240831-W-US_Open-R32-Anastasia_Potapova-Karolina_Muchova,Anastasia Potapova,B,24,12,5,6,0
20240831-W-US_Open-R32-Anastasia_Potapova-Karolina_Muchova,Anastasia Potapova,S,0,0,1,1,0
20240831-W-US_Open-R32-Anastasia_Potapova-Karolina_Muchova,Karolina Muchova,Total,27,35,21,5,0
20240831-W-US_Open-R32-Anastasia_Potapova-Karolina_Muchova,Karolina Muchova,F,14,17,7,3,0
20240831-W-US_Open-R32-Anastasia_Potapova-Karolina_Muchova,Karolina Muchova,B,9,12,7,0,0
20240831-W-US_Open-R32-Anastasia_Potapova-Karolina_Muchova,Karolina Muchova,S,4,6,7,2,0
20240831-W-US_Open-R32-Anastasia_Pavlyuchenkova-Iga_Swiatek,Anastasia Pavlyuchenkova,Total,32,34,13,10,1
20240831-W-US_Open-R32-Anastasia_Pavlyuchenkova-Iga_Swiatek,Anastasia Pavlyuchenkova,F,17,7,7,6,1
20240831-W-US_Open-R32-Anastasia_Pavlyuchenkova-Iga_Swiatek,Anastasia Pavlyuchenkova,B,15,26,5,4,0
20240831-W-US_Open-R32-Anastasia_Pavlyuchenkova-Iga_Swiatek,Anastasia Pavlyuchenkova,S,0,1,1,0,0
20240831-W-US_Open-R32-Anastasia_Pavlyuchenkova-Iga_Swiatek,Iga Swiatek,Total,54,18,8,14,0
20240831-W-US_Open-R32-Anastasia_Pavlyuchenkova-Iga_Swiatek,Iga Swiatek,F,21,7,7,7,0
20240831-W-US_Open-R32-Anastasia_Pavlyuchenkova-Iga_Swiatek,Iga Swiatek,B,33,10,1,7,0
20240831-W-US_Open-R32-Anastasia_Pavlyuchenkova-Iga_Swiatek,Iga Swiatek,S,0,1,0,0,0
20240830-W-US_Open-R32-Jule_Niemeier-Qinwen_Zheng,Jule Niemeier,Total,33,30,5,9,3
20240830-W-US_Open-R32-Jule_Niemeier-Qinwen_Zheng,Jule Niemeier,F,18,17,2,8,3
20240830-W-US_Open-R32-Jule_Niemeier-Qinwen_Zheng,Jule Niemeier,B,11,10,3,1,0
20240830-W-US_Open-R32-Jule_Niemeier-Qinwen_Zheng,Jule Niemeier,S,4,3,0,0,0
20240830-W-US_Open-R32-Jule_Niemeier-Qinwen_Zheng,Qinwen Zheng,Total,28,23,12,16,0
20240830-W-US_Open-R32-Jule_Niemeier-Qinwen_Zheng,Qinwen Zheng,F,14,14,6,12,0
20240830-W-US_Open-R32-Jule_Niemeier-Qinwen_Zheng,Qinwen Zheng,B,8,8,5,4,0
20240830-W-US_Open-R32-Jule_Niemeier-Qinwen_Zheng,Qinwen Zheng,S,6,1,1,0,0
20240830-W-US_Open-R32-Elina_Svitolina-Coco_Gauff,Elina Svitolina,Total,127,78,34,21,2
20240830-W-US_Open-R32-Elina_Svitolina-Coco_Gauff,Elina Svitolina,F,48,28,14,11,2
20240830-W-US_Open-R32-Elina_Svitolina-Coco_Gauff,Elina Svitolina,B,78,48,20,10,0
20240830-W-US_Open-R32-Elina_Svitolina-Coco_Gauff,Elina Svitolina,S,1,2,0,0,0
20240830-W-US_Open-R32-Elina_Svitolina-Coco_Gauff,Coco Gauff,Total,113,80,27,35,0
20240830-W-US_Open-R32-Elina_Svitolina-Coco_Gauff,Coco Gauff,F,40,35,20,31,0
20240830-W-US_Open-R32-Elina_Svitolina-Coco_Gauff,Coco Gauff,B,70,40,6,4,0
20240830-W-US_Open-R32-Elina_Svitolina-Coco_Gauff,Coco Gauff,S,3,5,1,0,0
20240829-W-US_Open-R64-Xin_Yu_Wang-Yulia_Putintseva,Xin Yu Wang,Total,0,0,0,0,0
20240829-W-US_Open-R64-Xin_Yu_Wang-Yulia_Putintseva,Yulia Putintseva,Total,0,0,0,0,0
20240829-W-US_Open-R64-Sofia_Kenin-Jessica_Pegula,Sofia Kenin,Total,102,47,14,8,0
20240829-W-US_Open-R64-Sofia_Kenin-Jessica_Pegula,Sofia Kenin,F,43,18,6,5,0
20240829-W-US_Open-R64-Sofia_Kenin-Jessica_Pegula,Sofia Kenin,B,56,28,8,3,0
20240829-W-US_Open-R64-Sofia_Kenin-Jessica_Pegula,Sofia Kenin,S,3,1,0,0,0
20240829-W-US_Open-R64-Sofia_Kenin-Jessica_Pegula,Jessica Pegula,Total,68,55,22,20,0
20240829-W-US_Open-R64-Sofia_Kenin-Jessica_Pegula,Jessica Pegula,F,34,18,7,15,0
20240829-W-US_Open-R64-Sofia_Kenin-Jessica_Pegula,Jessica Pegula,B,23,29,12,4,0
20240829-W-US_Open-R64-Sofia_Kenin-Jessica_Pegula,Jessica Pegula,S,11,8,3,1,0
20240829-W-US_Open-R64-Naomi_Osaka-Karolina_Muchova,Naomi Osaka,Total,60,29,4,22,0
20240829-W-US_Open-R64-Naomi_Osaka-Karolina_Muchova,Naomi Osaka,F,38,15,3,17,0
20240829-W-US_Open-R64-Naomi_Osaka-Karolina_Muchova,Naomi Osaka,B,22,13,1,5,0
20240829-W-US_Open-R64-Naomi_Osaka-Karolina_Muchova,Naomi Osaka,S,0,1,0,0,0
20240829-W-US_Open-R64-Naomi_Osaka-Karolina_Muchova,Karolina Muchova,Total,14,36,16,19,1
20240829-W-US_Open-R64-Naomi_Osaka-Karolina_Muchova,Karolina Muchova,F,11,9,9,13,1
20240829-W-US_Open-R64-Naomi_Osaka-Karolina_Muchova,Karolina Muchova,B,2,6,3,1,0
20240829-W-US_Open-R64-Naomi_Osaka-Karolina_Muchova,Karolina Muchova,S,1,21,4,5,0
20240829-W-US_Open-R64-Iga_Swiatek-Ena_Shibahara,Iga Swiatek,Total,71,5,17,11,0
20240829-W-US_Open-R64-Iga_Swiatek-Ena_Shibahara,Iga Swiatek,F,29,3,6,7,0
20240829-W-US_Open-R64-Iga_Swiatek-Ena_Shibahara,Iga Swiatek,B,41,1,11,4,0
20240829-W-US_Open-R64-Iga_Swiatek-Ena_Shibahara,Iga Swiatek,S,1,1,0,0,0
20240829-W-US_Open-R64-Iga_Swiatek-Ena_Shibahara,Ena Shibahara,Total,51,31,12,9,1
20240829-W-US_Open-R64-Iga_Swiatek-Ena_Shibahara,Ena Shibahara,F,22,9,7,8,0
20240829-W-US_Open-R64-Iga_Swiatek-Ena_Shibahara,Ena Shibahara,B,23,22,4,1,0
20240829-W-US_Open-R64-Iga_Swiatek-Ena_Shibahara,Ena Shibahara,S,6,0,1,0,1
20240829-W-US_Open-R64-Caroline_Wozniacki-Renata_Zarazua,Caroline Wozniacki,Total,193,126,42,38,0
20240829-W-US_Open-R64-Caroline_Wozniacki-Renata_Zarazua,Caroline Wozniacki,F,131,61,34,29,0
20240829-W-US_Open-R64-Caroline_Wozniacki-Renata_Zarazua,Caroline Wozniacki,B,61,60,6,9,0
20240829-W-US_Open-R64-Caroline_Wozniacki-Renata_Zarazua,Caroline Wozniacki,S,1,5,2,0,0
20240829-W-US_Open-R64-Caroline_Wozniacki-Renata_Zarazua,Renata Zarazua,Total,191,167,29,19,0
20240829-W-US_Open-R64-Caroline_Wozniacki-Renata_Zarazua,Renata Zarazua,F,130,72,18,11,0
20240829-W-US_Open-R64-Caroline_Wozniacki-Renata_Zarazua,Renata Zarazua,B,51,79,11,8,0
20240829-W-US_Open-R64-Caroline_Wozniacki-Renata_Zarazua,Renata Zarazua,S,10,16,0,0,0
20240829-W-US_Open-R64-Ashlyn_Krueger-Mirra_Andreeva,Ashlyn Krueger,Total,54,23,8,16,0
20240829-W-US_Open-R64-Ashlyn_Krueger-Mirra_Andreeva,Ashlyn Krueger,F,24,12,3,16,0
20240829-W-US_Open-R64-Ashlyn_Krueger-Mirra_Andreeva,Ashlyn Krueger,B,27,9,5,0,0
20240829-W-US_Open-R64-Ashlyn_Krueger-Mirra_Andreeva,Ashlyn Krueger,S,3,2,0,0,0
20240829-W-US_Open-R64-Ashlyn_Krueger-Mirra_Andreeva,Mirra Andreeva,Total,28,39,12,11,0
20240829-W-US_Open-R64-Ashlyn_Krueger-Mirra_Andreeva,Mirra Andreeva,F,11,10,4,8,0
20240829-W-US_Open-R64-Ashlyn_Krueger-Mirra_Andreeva,Mirra Andreeva,B,17,29,8,3,0
20240828-W-US_Open-R64-Iva_Jovic-Ekaterina_Alexandrova,Iva Jovic,Total,60,105,16,16,0
20240828-W-US_Open-R64-Iva_Jovic-Ekaterina_Alexandrova,Iva Jovic,F,38,51,14,9,0
20240828-W-US_Open-R64-Iva_Jovic-Ekaterina_Alexandrova,Iva Jovic,B,21,49,2,7,0
20240828-W-US_Open-R64-Iva_Jovic-Ekaterina_Alexandrova,Iva Jovic,S,1,5,0,0,0
20240828-W-US_Open-R64-Iva_Jovic-Ekaterina_Alexandrova,Ekaterina Alexandrova,Total,92,70,13,38,1
20240828-W-US_Open-R64-Iva_Jovic-Ekaterina_Alexandrova,Ekaterina Alexandrova,F,58,30,8,19,1
20240828-W-US_Open-R64-Iva_Jovic-Ekaterina_Alexandrova,Ekaterina Alexandrova,B,32,40,5,19,0
20240828-W-US_Open-R64-Iva_Jovic-Ekaterina_Alexandrova,Ekaterina Alexandrova,S,2,0,0,0,0
20240828-W-US_Open-R64-Erika_Andreeva-Qinwen_Zheng,Erika Andreeva,Total,59,42,18,21,0
20240828-W-US_Open-R64-Erika_Andreeva-Qinwen_Zheng,Erika Andreeva,F,32,16,8,17,0
20240828-W-US_Open-R64-Erika_Andreeva-Qinwen_Zheng,Erika Andreeva,B,25,26,10,4,0
20240828-W-US_Open-R64-Erika_Andreeva-Qinwen_Zheng,Erika Andreeva,S,2,0,0,0,0
20240828-W-US_Open-R64-Erika_Andreeva-Qinwen_Zheng,Qinwen Zheng,Total,39,47,23,24,0
20240828-W-US_Open-R64-Erika_Andreeva-Qinwen_Zheng,Qinwen Zheng,F,18,20,14,16,0
20240828-W-US_Open-R64-Erika_Andreeva-Qinwen_Zheng,Qinwen Zheng,B,20,22,9,8,0
20240828-W-US_Open-R64-Erika_Andreeva-Qinwen_Zheng,Qinwen Zheng,S,1,5,0,0,0
20240828-W-US_Open-R64-Aryna_Sabalenka-Lucia_Bronzetti,Aryna Sabalenka,Total,30,10,11,14,1
20240828-W-US_Open-R64-Aryna_Sabalenka-Lucia_Bronzetti,Aryna Sabalenka,F,21,1,5,9,1
20240828-W-US_Open-R64-Aryna_Sabalenka-Lucia_Bronzetti,Aryna Sabalenka,B,9,8,6,4,0
20240828-W-US_Open-R64-Aryna_Sabalenka-Lucia_Bronzetti,Aryna Sabalenka,S,0,1,0,1,0
20240828-W-US_Open-R64-Aryna_Sabalenka-Lucia_Bronzetti,Lucia Bronzetti,Total,23,36,4,4,0
20240828-W-US_Open-R64-Aryna_Sabalenka-Lucia_Bronzetti,Lucia Bronzetti,F,13,17,2,4,0
20240828-W-US_Open-R64-Aryna_Sabalenka-Lucia_Bronzetti,Lucia Bronzetti,B,9,15,2,0,0
20240828-W-US_Open-R64-Aryna_Sabalenka-Lucia_Bronzetti,Lucia Bronzetti,S,1,4,0,0,0
20240827-W-US_Open-R128-Taylah_Preston-Anastasia_Pavlyuchenkova,Taylah Preston,Total,24,33,8,2,0
20240827-W-US_Open-R128-Taylah_Preston-Anastasia_Pavlyuchenkova,Taylah Preston,F,6,14,2,0,0
20240827-W-US_Open-R128-Taylah_Preston-Anastasia_Pavlyuchenkova,Taylah Preston,B,18,18,5,2,0
20240827-W-US_Open-R128-Taylah_Preston-Anastasia_Pavlyuchenkova,Taylah Preston,S,0,1,1,0,0
20240827-W-US_Open-R128-Taylah_Preston-Anastasia_Pavlyuchenkova,Anastasia Pavlyuchenkova,Total,35,19,3,17,0
20240827-W-US_Open-R128-Taylah_Preston-Anastasia_Pavlyuchenkova,Anastasia Pavlyuchenkova,F,19,9,1,15,0
20240827-W-US_Open-R128-Taylah_Preston-Anastasia_Pavlyuchenkova,Anastasia Pavlyuchenkova,B,16,10,2,2,0
20240827-W-US_Open-R128-Shuai_Zhang-Ashlyn_Krueger,Shuai Zhang,Total,87,43,24,17,1
20240827-W-US_Open-R128-Shuai_Zhang-Ashlyn_Krueger,Shuai Zhang,F,56,23,11,12,1
20240827-W-US_Open-R128-Shuai_Zhang-Ashlyn_Krueger,Shuai Zhang,B,30,19,12,4,0
20240827-W-US_Open-R128-Shuai_Zhang-Ashlyn_Krueger,Shuai Zhang,S,1,1,1,1,0
20240827-W-US_Open-R128-Shuai_Zhang-Ashlyn_Krueger,Ashlyn Krueger,Total,82,49,16,16,1
20240827-W-US_Open-R128-Shuai_Zhang-Ashlyn_Krueger,Ashlyn Krueger,F,46,23,9,9,1
20240827-W-US_Open-R128-Shuai_Zhang-Ashlyn_Krueger,Ashlyn Krueger,B,35,23,7,6,0
20240827-W-US_Open-R128-Shuai_Zhang-Ashlyn_Krueger,Ashlyn Krueger,S,1,3,0,1,0
20240827-W-US_Open-R128-Naomi_Osaka-Jelena_Ostapenko,Naomi Osaka,Total,33,15,5,5,0
20240827-W-US_Open-R128-Naomi_Osaka-Jelena_Ostapenko,Naomi Osaka,F,18,4,2,4,0
20240827-W-US_Open-R128-Naomi_Osaka-Jelena_Ostapenko,Naomi Osaka,B,15,11,3,1,0
20240827-W-US_Open-R128-Naomi_Osaka-Jelena_Ostapenko,Jelena Ostapenko,Total,40,12,7,2,0
20240827-W-US_Open-R128-Naomi_Osaka-Jelena_Ostapenko,Jelena Ostapenko,F,22,4,5,2,0
20240827-W-US_Open-R128-Naomi_Osaka-Jelena_Ostapenko,Jelena Ostapenko,B,18,7,2,0,0
20240827-W-US_Open-R128-Naomi_Osaka-Jelena_Ostapenko,Jelena Ostapenko,S,0,1,0,0,0
20240827-W-US_Open-R128-Jessica_Pegula-Shelby_Rogers,Jessica Pegula,Total,69,47,11,17,1
20240827-W-US_Open-R128-Jessica_Pegula-Shelby_Rogers,Jessica Pegula,F,39,18,5,14,1
20240827-W-US_Open-R128-Jessica_Pegula-Shelby_Rogers,Jessica Pegula,B,28,22,5,3,0
20240827-W-US_Open-R128-Jessica_Pegula-Shelby_Rogers,Jessica Pegula,S,2,7,1,0,0
20240827-W-US_Open-R128-Jessica_Pegula-Shelby_Rogers,Shelby Rogers,Total,47,54,14,26,4
20240827-W-US_Open-R128-Jessica_Pegula-Shelby_Rogers,Shelby Rogers,F,26,30,6,21,4
20240827-W-US_Open-R128-Jessica_Pegula-Shelby_Rogers,Shelby Rogers,B,18,17,5,5,0
20240827-W-US_Open-R128-Jessica_Pegula-Shelby_Rogers,Shelby Rogers,S,3,7,3,0,0
20240827-W-US_Open-R128-Jasmine_Paolini-Bianca_Andreescu,Jasmine Paolini,Total,98,88,18,27,3
20240827-W-US_Open-R128-Jasmine_Paolini-Bianca_Andreescu,Jasmine Paolini,F,60,53,12,24,3
20240827-W-US_Open-R128-Jasmine_Paolini-Bianca_Andreescu,Jasmine Paolini,B,36,30,6,3,0
20240827-W-US_Open-R128-Jasmine_Paolini-Bianca_Andreescu,Jasmine Paolini,S,2,5,0,0,0
20240827-W-US_Open-R128-Jasmine_Paolini-Bianca_Andreescu,Bianca Andreescu,Total,77,83,24,45,5
20240827-W-US_Open-R128-Jasmine_Paolini-Bianca_Andreescu,Bianca Andreescu,F,51,41,14,33,5
20240827-W-US_Open-R128-Jasmine_Paolini-Bianca_Andreescu,Bianca Andreescu,B,24,39,9,9,0
20240827-W-US_Open-R128-Jasmine_Paolini-Bianca_Andreescu,Bianca Andreescu,S,2,3,1,3,0
20240827-W-US_Open-R128-Emma_Raducanu-Sofia_Kenin,Emma Raducanu,Total,86,73,27,14,1
20240827-W-US_Open-R128-Emma_Raducanu-Sofia_Kenin,Emma Raducanu,F,54,24,13,10,1
20240827-W-US_Open-R128-Emma_Raducanu-Sofia_Kenin,Emma Raducanu,B,21,38,9,3,0
20240827-W-US_Open-R128-Emma_Raducanu-Sofia_Kenin,Emma Raducanu,S,11,11,5,1,0
20240827-W-US_Open-R128-Emma_Raducanu-Sofia_Kenin,Sofia Kenin,Total,106,47,30,25,1
20240827-W-US_Open-R128-Emma_Raducanu-Sofia_Kenin,Sofia Kenin,F,67,23,16,15,1
20240827-W-US_Open-R128-Emma_Raducanu-Sofia_Kenin,Sofia Kenin,B,35,20,11,10,0
20240827-W-US_Open-R128-Emma_Raducanu-Sofia_Kenin,Sofia Kenin,S,4,4,3,0,0
20240827-W-US_Open-R128-Elena_Rybakina-Destanee_Aiava,Elena Rybakina,Total,67,30,12,3,2
20240827-W-US_Open-R128-Elena_Rybakina-Destanee_Aiava,Elena Rybakina,F,39,12,10,1,2
20240827-W-US_Open-R128-Elena_Rybakina-Destanee_Aiava,Elena Rybakina,B,28,16,2,2,0
20240827-W-US_Open-R128-Elena_Rybakina-Destanee_Aiava,Elena Rybakina,S,0,2,0,0,0
20240827-W-US_Open-R128-Elena_Rybakina-Destanee_Aiava,Destanee Aiava,Total,27,39,17,18,0
20240827-W-US_Open-R128-Elena_Rybakina-Destanee_Aiava,Destanee Aiava,F,13,17,10,12,0
20240827-W-US_Open-R128-Elena_Rybakina-Destanee_Aiava,Destanee Aiava,B,13,20,6,6,0
20240827-W-US_Open-R128-Elena_Rybakina-Destanee_Aiava,Destanee Aiava,S,1,2,1,0,0
20240827-W-US_Open-R128-Danielle_Collins-Caroline_Dolehide,Danielle Collins,Total,109,26,16,24,2
20240827-W-US_Open-R128-Danielle_Collins-Caroline_Dolehide,Danielle Collins,F,53,11,9,18,2
20240827-W-US_Open-R128-Danielle_Collins-Caroline_Dolehide,Danielle Collins,B,52,15,6,6,0
20240827-W-US_Open-R128-Danielle_Collins-Caroline_Dolehide,Danielle Collins,S,4,0,1,0,0
20240827-W-US_Open-R128-Danielle_Collins-Caroline_Dolehide,Caroline Dolehide,Total,32,74,9,12,7
20240827-W-US_Open-R128-Danielle_Collins-Caroline_Dolehide,Caroline Dolehide,F,17,32,3,9,7
20240827-W-US_Open-R128-Danielle_Collins-Caroline_Dolehide,Caroline Dolehide,B,2,13,0,3,0
20240827-W-US_Open-R128-Danielle_Collins-Caroline_Dolehide,Caroline Dolehide,S,13,29,6,0,0
20240827-W-US_Open-R128-Caroline_Wozniacki-Nao_Hibino,Caroline Wozniacki,Total,51,40,8,14,0
20240827-W-US_Open-R128-Caroline_Wozniacki-Nao_Hibino,Caroline Wozniacki,F,17,14,3,5,0
20240827-W-US_Open-R128-Caroline_Wozniacki-Nao_Hibino,Caroline Wozniacki,B,33,26,5,8,0
20240827-W-US_Open-R128-Caroline_Wozniacki-Nao_Hibino,Caroline Wozniacki,S,1,0,0,1,0
20240827-W-US_Open-R128-Caroline_Wozniacki-Nao_Hibino,Nao Hibino,Total,39,40,13,25,1
20240827-W-US_Open-R128-Caroline_Wozniacki-Nao_Hibino,Nao Hibino,F,15,20,9,20,1
20240827-W-US_Open-R128-Caroline_Wozniacki-Nao_Hibino,Nao Hibino,B,22,15,4,3,0
20240827-W-US_Open-R128-Caroline_Wozniacki-Nao_Hibino,Nao Hibino,S,2,5,0,2,0
20240827-W-US_Open-R128-Alexa_Noel-Sara_Sorribes_Tormo,Alexa Noel,Total,81,81,22,61,1
20240827-W-US_Open-R128-Alexa_Noel-Sara_Sorribes_Tormo,Alexa Noel,F,16,26,10,60,1
20240827-W-US_Open-R128-Alexa_Noel-Sara_Sorribes_Tormo,Alexa Noel,B,12,31,12,1,0
20240827-W-US_Open-R128-Alexa_Noel-Sara_Sorribes_Tormo,Alexa Noel,S,53,24,0,0,0
20240827-W-US_Open-R128-Alexa_Noel-Sara_Sorribes_Tormo,Sara Sorribes Tormo,Total,67,57,23,83,5
20240827-W-US_Open-R128-Alexa_Noel-Sara_Sorribes_Tormo,Sara Sorribes Tormo,F,17,13,10,83,5
20240827-W-US_Open-R128-Alexa_Noel-Sara_Sorribes_Tormo,Sara Sorribes Tormo,B,33,30,10,0,0
20240827-W-US_Open-R128-Alexa_Noel-Sara_Sorribes_Tormo,Sara Sorribes Tormo,S,17,14,3,0,0
20240826-W-US_Open-R128-Varvara_Gracheva-Coco_Gauff,Varvara Gracheva,Total,53,27,13,12,2
20240826-W-US_Open-R128-Varvara_Gracheva-Coco_Gauff,Varvara Gracheva,F,28,8,6,7,2
20240826-W-US_Open-R128-Varvara_Gracheva-Coco_Gauff,Varvara Gracheva,B,24,15,6,5,0
20240826-W-US_Open-R128-Varvara_Gracheva-Coco_Gauff,Varvara Gracheva,S,1,4,1,0,0
20240826-W-US_Open-R128-Varvara_Gracheva-Coco_Gauff,Coco Gauff,Total,50,39,8,13,1
20240826-W-US_Open-R128-Varvara_Gracheva-Coco_Gauff,Coco Gauff,F,26,19,5,7,1
20240826-W-US_Open-R128-Varvara_Gracheva-Coco_Gauff,Coco Gauff,B,24,18,3,6,0
20240826-W-US_Open-R128-Varvara_Gracheva-Coco_Gauff,Coco Gauff,S,0,2,0,0,0
20240826-W-US_Open-R128-Tatjana_Maria-Solana_Sierra,Tatjana Maria,Total,28,42,6,7,0
20240826-W-US_Open-R128-Tatjana_Maria-Solana_Sierra,Tatjana Maria,F,6,4,0,2,0
20240826-W-US_Open-R128-Tatjana_Maria-Solana_Sierra,Tatjana Maria,B,0,2,2,1,0
20240826-W-US_Open-R128-Tatjana_Maria-Solana_Sierra,Tatjana Maria,S,22,36,4,4,0
20240826-W-US_Open-R128-Tatjana_Maria-Solana_Sierra,Solana Sierra,Total,79,31,14,33,2
20240826-W-US_Open-R128-Tatjana_Maria-Solana_Sierra,Solana Sierra,F,46,11,7,22,2
20240826-W-US_Open-R128-Tatjana_Maria-Solana_Sierra,Solana Sierra,B,28,19,7,6,0
20240826-W-US_Open-R128-Tatjana_Maria-Solana_Sierra,Solana Sierra,S,5,1,0,5,0
20240826-W-US_Open-R128-Priscilla_Hon-Aryna_Sabalenka,Priscilla Hon,Total,37,33,5,9,0
20240826-W-US_Open-R128-Priscilla_Hon-Aryna_Sabalenka,Priscilla Hon,F,10,11,3,8,0
20240826-W-US_Open-R128-Priscilla_Hon-Aryna_Sabalenka,Priscilla Hon,B,18,15,0,1,0
20240826-W-US_Open-R128-Priscilla_Hon-Aryna_Sabalenka,Priscilla Hon,S,9,7,2,0,0
20240826-W-US_Open-R128-Priscilla_Hon-Aryna_Sabalenka,Aryna Sabalenka,Total,60,16,14,23,1
20240826-W-US_Open-R128-Priscilla_Hon-Aryna_Sabalenka,Aryna Sabalenka,F,39,2,9,18,1
20240826-W-US_Open-R128-Priscilla_Hon-Aryna_Sabalenka,Aryna Sabalenka,B,20,11,5,5,0
20240826-W-US_Open-R128-Priscilla_Hon-Aryna_Sabalenka,Aryna Sabalenka,S,1,3,0,0,0
20240826-W-US_Open-R128-Magda_Linette-Iva_Jovic,Magda Linette,Total,88,48,14,15,1
20240826-W-US_Open-R128-Magda_Linette-Iva_Jovic,Magda Linette,F,48,14,8,12,1
20240826-W-US_Open-R128-Magda_Linette-Iva_Jovic,Magda Linette,B,39,34,5,3,0
20240826-W-US_Open-R128-Magda_Linette-Iva_Jovic,Magda Linette,S,1,0,1,0,0
20240826-W-US_Open-R128-Magda_Linette-Iva_Jovic,Iva Jovic,Total,74,60,15,16,0
20240826-W-US_Open-R128-Magda_Linette-Iva_Jovic,Iva Jovic,F,35,30,10,13,0
20240826-W-US_Open-R128-Magda_Linette-Iva_Jovic,Iva Jovic,B,39,30,5,3,0
20240826-W-US_Open-R128-Arantxa_Rus-Ana_Bogdan,Arantxa Rus,Total,88,90,33,63,4
20240826-W-US_Open-R128-Arantxa_Rus-Ana_Bogdan,Arantxa Rus,F,34,27,16,58,4
20240826-W-US_Open-R128-Arantxa_Rus-Ana_Bogdan,Arantxa Rus,B,51,58,17,5,0
20240826-W-US_Open-R128-Arantxa_Rus-Ana_Bogdan,Arantxa Rus,S,3,5,0,0,0
20240826-W-US_Open-R128-Arantxa_Rus-Ana_Bogdan,Ana Bogdan,Total,143,86,16,30,1
20240826-W-US_Open-R128-Arantxa_Rus-Ana_Bogdan,Ana Bogdan,F,105,47,8,19,1
20240826-W-US_Open-R128-Arantxa_Rus-Ana_Bogdan,Ana Bogdan,B,37,37,5,10,0
20240826-W-US_Open-R128-Arantxa_Rus-Ana_Bogdan,Ana Bogdan,S,1,2,3,1,0
20240826-W-US_Open-R128-Amanda_Anisimova-Qinwen_Zheng,Amanda Anisimova,Total,66,35,16,31,1
20240826-W-US_Open-R128-Amanda_Anisimova-Qinwen_Zheng,Amanda Anisimova,F,36,16,7,22,1
20240826-W-US_Open-R128-Amanda_Anisimova-Qinwen_Zheng,Amanda Anisimova,B,29,17,6,9,0
20240826-W-US_Open-R128-Amanda_Anisimova-Qinwen_Zheng,Amanda Anisimova,S,1,2,3,0,0
20240826-W-US_Open-R128-Amanda_Anisimova-Qinwen_Zheng,Qinwen Zheng,Total,45,56,21,14,0
20240826-W-US_Open-R128-Amanda_Anisimova-Qinwen_Zheng,Qinwen Zheng,F,27,36,10,10,0
20240826-W-US_Open-R128-Amanda_Anisimova-Qinwen_Zheng,Qinwen Zheng,B,16,12,7,4,0
20240826-W-US_Open-R128-Amanda_Anisimova-Qinwen_Zheng,Qinwen Zheng,S,2,8,4,0,0
20240822-W-US_Open-Q3-Arianne_Hartono-Ena_Shibahara,Arianne Hartono,Total,98,57,14,30,2
20240822-W-US_Open-Q3-Arianne_Hartono-Ena_Shibahara,Arianne Hartono,F,36,24,12,29,2
20240822-W-US_Open-Q3-Arianne_Hartono-Ena_Shibahara,Arianne Hartono,B,62,31,2,1,0
20240822-W-US_Open-Q3-Arianne_Hartono-Ena_Shibahara,Arianne Hartono,S,0,2,0,0,0
20240822-W-US_Open-Q3-Arianne_Hartono-Ena_Shibahara,Ena Shibahara,Total,80,65,18,29,2
20240822-W-US_Open-Q3-Arianne_Hartono-Ena_Shibahara,Ena Shibahara,F,33,18,4,24,2
20240822-W-US_Open-Q3-Arianne_Hartono-Ena_Shibahara,Ena Shibahara,B,39,42,11,5,0
20240822-W-US_Open-Q3-Arianne_Hartono-Ena_Shibahara,Ena Shibahara,S,8,5,3,0,0
20240821-W-US_Open-Q2-Arianne_Hartono-Rebecca_Marino,Arianne Hartono,Total,82,51,12,15,0
20240821-W-US_Open-Q2-Arianne_Hartono-Rebecca_Marino,Arianne Hartono,F,51,22,11,14,0
20240821-W-US_Open-Q2-Arianne_Hartono-Rebecca_Marino,Arianne Hartono,B,30,28,1,1,0
20240821-W-US_Open-Q2-Arianne_Hartono-Rebecca_Marino,Arianne Hartono,S,1,1,0,0,0
20240821-W-US_Open-Q2-Arianne_Hartono-Rebecca_Marino,Rebecca Marino,Total,54,61,16,20,1
20240821-W-US_Open-Q2-Arianne_Hartono-Rebecca_Marino,Rebecca Marino,F,36,32,5,14,1
20240821-W-US_Open-Q2-Arianne_Hartono-Rebecca_Marino,Rebecca Marino,B,17,26,5,4,0
20240821-W-US_Open-Q2-Arianne_Hartono-Rebecca_Marino,Rebecca Marino,S,1,3,6,2,0
20240820-W-US_Open-Q1-Arianne_Hartono-Suzan_Lamens,Arianne Hartono,Total,63,36,7,35,2
20240820-W-US_Open-Q1-Arianne_Hartono-Suzan_Lamens,Arianne Hartono,F,31,14,5,29,2
20240820-W-US_Open-Q1-Arianne_Hartono-Suzan_Lamens,Arianne Hartono,B,32,21,2,6,0
20240820-W-US_Open-Q1-Arianne_Hartono-Suzan_Lamens,Arianne Hartono,S,0,1,0,0,0
20240820-W-US_Open-Q1-Arianne_Hartono-Suzan_Lamens,Suzan Lamens,Total,47,60,8,15,2
20240820-W-US_Open-Q1-Arianne_Hartono-Suzan_Lamens,Suzan Lamens,F,18,25,3,14,2
20240820-W-US_Open-Q1-Arianne_Hartono-Suzan_Lamens,Suzan Lamens,B,22,33,4,1,0
20240820-W-US_Open-Q1-Arianne_Hartono-Suzan_Lamens,Suzan Lamens,S,7,2,1,0,0
20240125-W-Australian_Open-SF-Dayana_Yastremska-Qinwen_Zheng,Dayana Yastremska,Total,34,32,13,14,0
20240125-W-Australian_Open-SF-Dayana_Yastremska-Qinwen_Zheng,Dayana Yastremska,F,23,9,3,8,0
20240125-W-Australian_Open-SF-Dayana_Yastremska-Qinwen_Zheng,Dayana Yastremska,B,10,22,9,6,0
20240125-W-Australian_Open-SF-Dayana_Yastremska-Qinwen_Zheng,Dayana Yastremska,S,1,1,1,0,0
20240125-W-Australian_Open-SF-Dayana_Yastremska-Qinwen_Zheng,Qinwen Zheng,Total,28,30,13,14,0
20240125-W-Australian_Open-SF-Dayana_Yastremska-Qinwen_Zheng,Qinwen Zheng,F,18,14,8,12,0
20240125-W-Australian_Open-SF-Dayana_Yastremska-Qinwen_Zheng,Qinwen Zheng,B,10,14,5,1,0
20240125-W-Australian_Open-SF-Dayana_Yastremska-Qinwen_Zheng,Qinwen Zheng,S,0,2,0,1,0
20240124-W-Australian_Open-QF-Dayana_Yastremska-Linda_Noskova,Dayana Yastremska,Total,32,28,7,24,0
20240124-W-Australian_Open-QF-Dayana_Yastremska-Linda_Noskova,Dayana Yastremska,F,26,13,4,14,0
20240124-W-Australian_Open-QF-Dayana_Yastremska-Linda_Noskova,Dayana Yastremska,B,6,14,3,10,0
20240124-W-Australian_Open-QF-Dayana_Yastremska-Linda_Noskova,Dayana Yastremska,S,0,1,0,0,0
20240124-W-Australian_Open-QF-Dayana_Yastremska-Linda_Noskova,Linda Noskova,Total,19,39,8,10,0
20240124-W-Australian_Open-QF-Dayana_Yastremska-Linda_Noskova,Linda Noskova,F,10,22,2,3,0
20240124-W-Australian_Open-QF-Dayana_Yastremska-Linda_Noskova,Linda Noskova,B,9,17,6,7,0
20240124-W-Australian_Open-QF-Anna_Kalinskaya-Qinwen_Zheng,Anna Kalinskaya,Total,109,57,18,21,0
20240124-W-Australian_Open-QF-Anna_Kalinskaya-Qinwen_Zheng,Anna Kalinskaya,F,48,28,8,17,0
20240124-W-Australian_Open-QF-Anna_Kalinskaya-Qinwen_Zheng,Anna Kalinskaya,B,59,29,9,4,0
20240124-W-Australian_Open-QF-Anna_Kalinskaya-Qinwen_Zheng,Anna Kalinskaya,S,2,0,1,0,0
20240124-W-Australian_Open-QF-Anna_Kalinskaya-Qinwen_Zheng,Qinwen Zheng,Total,93,52,35,28,4
20240124-W-Australian_Open-QF-Anna_Kalinskaya-Qinwen_Zheng,Qinwen Zheng,F,50,16,21,18,4
20240124-W-Australian_Open-QF-Anna_Kalinskaya-Qinwen_Zheng,Qinwen Zheng,B,43,35,14,10,0
20240124-W-Australian_Open-QF-Anna_Kalinskaya-Qinwen_Zheng,Qinwen Zheng,S,0,1,0,0,0
20240122-W-Australian_Open-R16-Qinwen_Zheng-Oceane_Dodin,Qinwen Zheng,Total,23,26,5,11,0
20240122-W-Australian_Open-R16-Qinwen_Zheng-Oceane_Dodin,Qinwen Zheng,F,14,17,3,11,0
20240122-W-Australian_Open-R16-Qinwen_Zheng-Oceane_Dodin,Qinwen Zheng,B,9,8,2,0,0
20240122-W-Australian_Open-R16-Qinwen_Zheng-Oceane_Dodin,Qinwen Zheng,S,0,1,0,0,0
20240122-W-Australian_Open-R16-Qinwen_Zheng-Oceane_Dodin,Oceane Dodin,Total,18,26,5,10,0
20240122-W-Australian_Open-R16-Qinwen_Zheng-Oceane_Dodin,Oceane Dodin,F,9,9,1,2,0
20240122-W-Australian_Open-R16-Qinwen_Zheng-Oceane_Dodin,Oceane Dodin,B,9,17,4,8,0
20240121-W-Australian_Open-R16-Dayana_Yastremska-Victoria_Azarenka,Dayana Yastremska,Total,66,60,22,31,1
20240121-W-Australian_Open-R16-Dayana_Yastremska-Victoria_Azarenka,Dayana Yastremska,F,46,31,9,15,1
20240121-W-Australian_Open-R16-Dayana_Yastremska-Victoria_Azarenka,Dayana Yastremska,B,20,27,13,15,0
20240121-W-Australian_Open-R16-Dayana_Yastremska-Victoria_Azarenka,Dayana Yastremska,S,0,2,0,1,0
20240121-W-Australian_Open-R16-Dayana_Yastremska-Victoria_Azarenka,Victoria Azarenka,Total,51,75,15,23,0
20240121-W-Australian_Open-R16-Dayana_Yastremska-Victoria_Azarenka,Victoria Azarenka,F,36,33,14,20,0
20240121-W-Australian_Open-R16-Dayana_Yastremska-Victoria_Azarenka,Victoria Azarenka,B,11,36,1,3,0
20240121-W-Australian_Open-R16-Dayana_Yastremska-Victoria_Azarenka,Victoria Azarenka,S,4,6,0,0,0
20240120-W-Australian_Open-R32-Victoria_Azarenka-Jelena_Ostapenko,Victoria Azarenka,Total,20,23,14,11,0
20240120-W-Australian_Open-R32-Victoria_Azarenka-Jelena_Ostapenko,Victoria Azarenka,F,4,9,9,5,0
20240120-W-Australian_Open-R32-Victoria_Azarenka-Jelena_Ostapenko,Victoria Azarenka,B,11,13,2,4,0
20240120-W-Australian_Open-R32-Victoria_Azarenka-Jelena_Ostapenko,Victoria Azarenka,S,5,1,3,2,0
20240120-W-Australian_Open-R32-Victoria_Azarenka-Jelena_Ostapenko,Jelena Ostapenko,Total,49,7,18,6,0
20240120-W-Australian_Open-R32-Victoria_Azarenka-Jelena_Ostapenko,Jelena Ostapenko,F,20,3,4,2,0
20240120-W-Australian_Open-R32-Victoria_Azarenka-Jelena_Ostapenko,Jelena Ostapenko,B,29,4,14,4,0
20240120-W-Australian_Open-R32-Sloane_Stephens-Anna_Kalinskaya,Sloane Stephens,Total,147,116,58,44,3
20240120-W-Australian_Open-R32-Sloane_Stephens-Anna_Kalinskaya,Sloane Stephens,F,64,50,23,30,3
20240120-W-Australian_Open-R32-Sloane_Stephens-Anna_Kalinskaya,Sloane Stephens,B,70,58,33,14,0
20240120-W-Australian_Open-R32-Sloane_Stephens-Anna_Kalinskaya,Sloane Stephens,S,13,8,2,0,0
20240120-W-Australian_Open-R32-Sloane_Stephens-Anna_Kalinskaya,Anna Kalinskaya,Total,183,90,54,32,0
20240120-W-Australian_Open-R32-Sloane_Stephens-Anna_Kalinskaya,Anna Kalinskaya,F,80,44,24,26,0
20240120-W-Australian_Open-R32-Sloane_Stephens-Anna_Kalinskaya,Anna Kalinskaya,B,93,41,30,6,0
20240120-W-Australian_Open-R32-Sloane_Stephens-Anna_Kalinskaya,Anna Kalinskaya,S,10,5,0,0,0
20240120-W-Australian_Open-R32-Iga_Swiatek-Linda_Noskova,Iga Swiatek,Total,88,44,22,23,1
20240120-W-Australian_Open-R32-Iga_Swiatek-Linda_Noskova,Iga Swiatek,F,52,25,14,17,1
20240120-W-Australian_Open-R32-Iga_Swiatek-Linda_Noskova,Iga Swiatek,B,34,18,8,6,0
20240120-W-Australian_Open-R32-Iga_Swiatek-Linda_Noskova,Iga Swiatek,S,2,1,0,0,0
20240120-W-Australian_Open-R32-Iga_Swiatek-Linda_Noskova,Linda Noskova,Total,67,53,24,21,2
20240120-W-Australian_Open-R32-Iga_Swiatek-Linda_Noskova,Linda Noskova,F,37,24,11,16,2
20240120-W-Australian_Open-R32-Iga_Swiatek-Linda_Noskova,Linda Noskova,B,27,26,10,5,0
20240120-W-Australian_Open-R32-Iga_Swiatek-Linda_Noskova,Linda Noskova,S,3,3,3,0,0
20240120-W-Australian_Open-R16-Marta_Kostyuk-Maria_Timofeeva,Marta Kostyuk,Total,64,48,20,30,0
20240120-W-Australian_Open-R16-Marta_Kostyuk-Maria_Timofeeva,Marta Kostyuk,F,28,17,7,24,0
20240120-W-Australian_Open-R16-Marta_Kostyuk-Maria_Timofeeva,Marta Kostyuk,B,29,26,9,4,0
20240120-W-Australian_Open-R16-Marta_Kostyuk-Maria_Timofeeva,Marta Kostyuk,S,7,5,4,2,0
20240120-W-Australian_Open-R16-Marta_Kostyuk-Maria_Timofeeva,Maria Timofeeva,Total,80,42,29,21,0
20240120-W-Australian_Open-R16-Marta_Kostyuk-Maria_Timofeeva,Maria Timofeeva,F,35,13,16,18,0
20240120-W-Australian_Open-R16-Marta_Kostyuk-Maria_Timofeeva,Maria Timofeeva,B,38,26,7,2,0
20240120-W-Australian_Open-R16-Marta_Kostyuk-Maria_Timofeeva,Maria Timofeeva,S,7,3,6,1,0
20240120-W-Australian_Open-R16-Magdalena_Frech-Coco_Gauff,Magdalena Frech,Total,58,40,24,20,0
20240120-W-Australian_Open-R16-Magdalena_Frech-Coco_Gauff,Magdalena Frech,F,32,19,14,9,0
20240120-W-Australian_Open-R16-Magdalena_Frech-Coco_Gauff,Magdalena Frech,B,21,16,9,11,0
20240120-W-Australian_Open-R16-Magdalena_Frech-Coco_Gauff,Magdalena Frech,S,5,5,1,0,0
20240120-W-Australian_Open-R16-Magdalena_Frech-Coco_Gauff,Coco Gauff,Total,64,31,24,23,1
20240120-W-Australian_Open-R16-Magdalena_Frech-Coco_Gauff,Coco Gauff,F,39,13,15,17,1
20240120-W-Australian_Open-R16-Magdalena_Frech-Coco_Gauff,Coco Gauff,B,25,16,7,6,0
20240120-W-Australian_Open-R16-Magdalena_Frech-Coco_Gauff,Coco Gauff,S,0,2,2,0,0
20240119-W-Australian_Open-R32-Yafan_Wang-Qinwen_Zheng,Yafan Wang,Total,95,88,35,34,3
20240119-W-Australian_Open-R32-Yafan_Wang-Qinwen_Zheng,Yafan Wang,F,41,39,13,30,3
20240119-W-Australian_Open-R32-Yafan_Wang-Qinwen_Zheng,Yafan Wang,B,48,41,17,3,0
20240119-W-Australian_Open-R32-Yafan_Wang-Qinwen_Zheng,Yafan Wang,S,6,8,5,1,0
20240119-W-Australian_Open-R32-Yafan_Wang-Qinwen_Zheng,Qinwen Zheng,Total,110,49,32,62,3
20240119-W-Australian_Open-R32-Yafan_Wang-Qinwen_Zheng,Qinwen Zheng,F,50,20,18,55,3
20240119-W-Australian_Open-R32-Yafan_Wang-Qinwen_Zheng,Qinwen Zheng,B,53,26,13,6,0
20240119-W-Australian_Open-R32-Yafan_Wang-Qinwen_Zheng,Qinwen Zheng,S,7,3,1,1,0
20240119-W-Australian_Open-R32-Oceane_Dodin-Clara_Burel,Oceane Dodin,Total,46,24,23,23,0
20240119-W-Australian_Open-R32-Oceane_Dodin-Clara_Burel,Oceane Dodin,F,19,7,12,10,0
20240119-W-Australian_Open-R32-Oceane_Dodin-Clara_Burel,Oceane Dodin,B,27,17,11,13,0
20240119-W-Australian_Open-R32-Oceane_Dodin-Clara_Burel,Clara Burel,Total,30,46,14,7,0
20240119-W-Australian_Open-R32-Oceane_Dodin-Clara_Burel,Clara Burel,F,15,19,6,6,0
20240119-W-Australian_Open-R32-Oceane_Dodin-Clara_Burel,Clara Burel,B,11,18,5,0,0
20240119-W-Australian_Open-R32-Oceane_Dodin-Clara_Burel,Clara Burel,S,4,9,3,1,0
20240119-W-Australian_Open-R32-Jasmine_Paolini-Anna_Blinkova,Jasmine Paolini,Total,79,34,20,15,3
20240119-W-Australian_Open-R32-Jasmine_Paolini-Anna_Blinkova,Jasmine Paolini,F,54,17,13,12,3
20240119-W-Australian_Open-R32-Jasmine_Paolini-Anna_Blinkova,Jasmine Paolini,B,25,16,7,3,0
20240119-W-Australian_Open-R32-Jasmine_Paolini-Anna_Blinkova,Jasmine Paolini,S,0,1,0,0,0
20240119-W-Australian_Open-R32-Jasmine_Paolini-Anna_Blinkova,Anna Blinkova,Total,89,30,20,18,0
20240119-W-Australian_Open-R32-Jasmine_Paolini-Anna_Blinkova,Anna Blinkova,F,55,13,13,10,0
20240119-W-Australian_Open-R32-Jasmine_Paolini-Anna_Blinkova,Anna Blinkova,B,34,17,7,8,0
20240119-W-Australian_Open-R32-Diane_Parry-Mirra_Andreeva,Diane Parry,Total,146,111,49,53,15
20240119-W-Australian_Open-R32-Diane_Parry-Mirra_Andreeva,Diane Parry,F,69,37,29,49,15
20240119-W-Australian_Open-R32-Diane_Parry-Mirra_Andreeva,Diane Parry,B,29,19,9,2,0
20240119-W-Australian_Open-R32-Diane_Parry-Mirra_Andreeva,Diane Parry,S,48,55,11,2,0
20240119-W-Australian_Open-R32-Diane_Parry-Mirra_Andreeva,Mirra Andreeva,Total,169,70,60,66,0
20240119-W-Australian_Open-R32-Diane_Parry-Mirra_Andreeva,Mirra Andreeva,F,46,24,26,32,0
20240119-W-Australian_Open-R32-Diane_Parry-Mirra_Andreeva,Mirra Andreeva,B,116,39,32,29,0
20240119-W-Australian_Open-R32-Diane_Parry-Mirra_Andreeva,Mirra Andreeva,S,7,7,2,5,0
20240118-W-Australian_Open-R64-Katie_Boulter-Qinwen_Zheng,Katie Boulter,Total,43,40,16,23,1
20240118-W-Australian_Open-R64-Katie_Boulter-Qinwen_Zheng,Katie Boulter,F,28,16,9,16,1
20240118-W-Australian_Open-R64-Katie_Boulter-Qinwen_Zheng,Katie Boulter,B,15,23,7,6,0
20240118-W-Australian_Open-R64-Katie_Boulter-Qinwen_Zheng,Katie Boulter,S,0,1,0,1,0
20240118-W-Australian_Open-R64-Katie_Boulter-Qinwen_Zheng,Qinwen Zheng,Total,39,48,21,21,1
20240118-W-Australian_Open-R64-Katie_Boulter-Qinwen_Zheng,Qinwen Zheng,F,26,29,12,13,1
20240118-W-Australian_Open-R64-Katie_Boulter-Qinwen_Zheng,Qinwen Zheng,B,11,16,8,8,0
20240118-W-Australian_Open-R64-Katie_Boulter-Qinwen_Zheng,Qinwen Zheng,S,2,3,1,0,0
20240118-W-Australian_Open-R64-Elena_Rybakina-Anna_Blinkova,Elena Rybakina,Total,170,80,29,18,1
20240118-W-Australian_Open-R64-Elena_Rybakina-Anna_Blinkova,Elena Rybakina,F,108,32,14,17,1
20240118-W-Australian_Open-R64-Elena_Rybakina-Anna_Blinkova,Elena Rybakina,B,60,44,14,1,0
20240118-W-Australian_Open-R64-Elena_Rybakina-Anna_Blinkova,Elena Rybakina,S,2,4,1,0,0
20240118-W-Australian_Open-R64-Elena_Rybakina-Anna_Blinkova,Anna Blinkova,Total,133,104,27,28,1
20240118-W-Australian_Open-R64-Elena_Rybakina-Anna_Blinkova,Anna Blinkova,F,75,55,15,16,1
20240118-W-Australian_Open-R64-Elena_Rybakina-Anna_Blinkova,Anna Blinkova,B,56,48,12,12,0
20240118-W-Australian_Open-R64-Elena_Rybakina-Anna_Blinkova,Anna Blinkova,S,2,1,0,0,0
20240118-W-Australian_Open-R64-Danielle_Collins-Iga_Swiatek,Danielle Collins,Total,111,46,27,16,2
20240118-W-Australian_Open-R64-Danielle_Collins-Iga_Swiatek,Danielle Collins,F,52,18,11,10,2
20240118-W-Australian_Open-R64-Danielle_Collins-Iga_Swiatek,Danielle Collins,B,56,27,16,6,0
20240118-W-Australian_Open-R64-Danielle_Collins-Iga_Swiatek,Danielle Collins,S,3,1,0,0,0
20240118-W-Australian_Open-R64-Danielle_Collins-Iga_Swiatek,Iga Swiatek,Total,86,51,29,23,0
20240118-W-Australian_Open-R64-Danielle_Collins-Iga_Swiatek,Iga Swiatek,F,37,22,14,16,0
20240118-W-Australian_Open-R64-Danielle_Collins-Iga_Swiatek,Iga Swiatek,B,46,28,12,7,0
20240118-W-Australian_Open-R64-Danielle_Collins-Iga_Swiatek,Iga Swiatek,S,3,1,3,0,0
20240118-W-Australian_Open-R64-Clara_Burel-Jessica_Pegula,Clara Burel,Total,31,61,15,15,0
20240118-W-Australian_Open-R64-Clara_Burel-Jessica_Pegula,Clara Burel,F,18,31,10,13,0
20240118-W-Australian_Open-R64-Clara_Burel-Jessica_Pegula,Clara Burel,B,6,8,3,2,0
20240118-W-Australian_Open-R64-Clara_Burel-Jessica_Pegula,Clara Burel,S,7,22,2,0,0
20240118-W-Australian_Open-R64-Clara_Burel-Jessica_Pegula,Jessica Pegula,Total,59,49,6,19,0
20240118-W-Australian_Open-R64-Clara_Burel-Jessica_Pegula,Jessica Pegula,F,31,24,4,15,0
20240118-W-Australian_Open-R64-Clara_Burel-Jessica_Pegula,Jessica Pegula,B,22,16,2,1,0
20240118-W-Australian_Open-R64-Clara_Burel-Jessica_Pegula,Jessica Pegula,S,6,9,0,3,0
20240117-W-Australian_Open-R64-Ons_Jabeur-Mirra_Andreeva,Ons Jabeur,Total,48,19,24,10,1
20240117-W-Australian_Open-R64-Ons_Jabeur-Mirra_Andreeva,Ons Jabeur,F,23,8,10,6,1
20240117-W-Australian_Open-R64-Ons_Jabeur-Mirra_Andreeva,Ons Jabeur,B,20,9,11,3,0
20240117-W-Australian_Open-R64-Ons_Jabeur-Mirra_Andreeva,Ons Jabeur,S,5,2,3,1,0
20240117-W-Australian_Open-R64-Ons_Jabeur-Mirra_Andreeva,Mirra Andreeva,Total,43,12,30,11,1
20240117-W-Australian_Open-R64-Ons_Jabeur-Mirra_Andreeva,Mirra Andreeva,F,15,5,18,7,0
20240117-W-Australian_Open-R64-Ons_Jabeur-Mirra_Andreeva,Mirra Andreeva,B,21,6,10,4,1
20240117-W-Australian_Open-R64-Ons_Jabeur-Mirra_Andreeva,Mirra Andreeva,S,7,1,2,0,0
20240117-W-Australian_Open-R64-Marta_Kostyuk-Elise_Mertens,Marta Kostyuk,Total,151,130,58,56,2
20240117-W-Australian_Open-R64-Marta_Kostyuk-Elise_Mertens,Marta Kostyuk,F,82,46,33,47,2
20240117-W-Australian_Open-R64-Marta_Kostyuk-Elise_Mertens,Marta Kostyuk,B,60,65,22,7,0
20240117-W-Australian_Open-R64-Marta_Kostyuk-Elise_Mertens,Marta Kostyuk,S,9,19,3,2,0
20240117-W-Australian_Open-R64-Marta_Kostyuk-Elise_Mertens,Elise Mertens,Total,174,79,57,80,1
20240117-W-Australian_Open-R64-Marta_Kostyuk-Elise_Mertens,Elise Mertens,F,85,27,32,52,0
20240117-W-Australian_Open-R64-Marta_Kostyuk-Elise_Mertens,Elise Mertens,B,82,48,24,25,1
20240117-W-Australian_Open-R64-Marta_Kostyuk-Elise_Mertens,Elise Mertens,S,7,4,1,3,0
20240117-W-Australian_Open-R64-Beatriz_Haddad_Maia-Alina_Korneeva,Beatriz Haddad Maia,Total,94,70,7,14,0
20240117-W-Australian_Open-R64-Beatriz_Haddad_Maia-Alina_Korneeva,Beatriz Haddad Maia,F,64,41,3,14,0
20240117-W-Australian_Open-R64-Beatriz_Haddad_Maia-Alina_Korneeva,Beatriz Haddad Maia,B,29,25,3,0,0
20240117-W-Australian_Open-R64-Beatriz_Haddad_Maia-Alina_Korneeva,Beatriz Haddad Maia,S,1,4,1,0,0
20240117-W-Australian_Open-R64-Beatriz_Haddad_Maia-Alina_Korneeva,Alina Korneeva,Total,86,61,18,28,0
20240117-W-Australian_Open-R64-Beatriz_Haddad_Maia-Alina_Korneeva,Alina Korneeva,F,42,18,9,18,0
20240117-W-Australian_Open-R64-Beatriz_Haddad_Maia-Alina_Korneeva,Alina Korneeva,B,42,41,9,7,0
20240117-W-Australian_Open-R64-Beatriz_Haddad_Maia-Alina_Korneeva,Alina Korneeva,S,2,2,0,3,0
20240116-W-Australian_Open-R64-Coco_Gauff-Caroline_Dolehide,Coco Gauff,Total,78,59,28,40,3
20240116-W-Australian_Open-R64-Coco_Gauff-Caroline_Dolehide,Coco Gauff,F,33,24,21,28,3
20240116-W-Australian_Open-R64-Coco_Gauff-Caroline_Dolehide,Coco Gauff,B,42,31,5,11,0
20240116-W-Australian_Open-R64-Coco_Gauff-Caroline_Dolehide,Coco Gauff,S,3,4,2,1,0
20240116-W-Australian_Open-R64-Coco_Gauff-Caroline_Dolehide,Caroline Dolehide,Total,95,67,22,22,8
20240116-W-Australian_Open-R64-Coco_Gauff-Caroline_Dolehide,Caroline Dolehide,F,46,34,5,18,8
20240116-W-Australian_Open-R64-Coco_Gauff-Caroline_Dolehide,Caroline Dolehide,B,35,25,9,1,0
20240116-W-Australian_Open-R64-Coco_Gauff-Caroline_Dolehide,Caroline Dolehide,S,14,8,8,3,0
20240116-W-Australian_Open-R128-Iga_Swiatek-Sofia_Kenin,Iga Swiatek,Total,60,36,17,13,1
20240116-W-Australian_Open-R128-Iga_Swiatek-Sofia_Kenin,Iga Swiatek,F,25,14,5,7,1
20240116-W-Australian_Open-R128-Iga_Swiatek-Sofia_Kenin,Iga Swiatek,B,34,21,12,6,0
20240116-W-Australian_Open-R128-Iga_Swiatek-Sofia_Kenin,Iga Swiatek,S,1,1,0,0,0
20240116-W-Australian_Open-R128-Iga_Swiatek-Sofia_Kenin,Sofia Kenin,Total,49,46,13,17,0
20240116-W-Australian_Open-R128-Iga_Swiatek-Sofia_Kenin,Sofia Kenin,F,16,23,8,6,0
20240116-W-Australian_Open-R128-Iga_Swiatek-Sofia_Kenin,Sofia Kenin,B,30,23,5,11,0
20240116-W-Australian_Open-R128-Iga_Swiatek-Sofia_Kenin,Sofia Kenin,S,3,0,0,0,0
20240116-W-Australian_Open-R128-Emma_Raducanu-Shelby_Rogers,Emma Raducanu,Total,41,52,6,13,0
20240116-W-Australian_Open-R128-Emma_Raducanu-Shelby_Rogers,Emma Raducanu,F,20,33,5,11,0
20240116-W-Australian_Open-R128-Emma_Raducanu-Shelby_Rogers,Emma Raducanu,B,12,18,1,2,0
20240116-W-Australian_Open-R128-Emma_Raducanu-Shelby_Rogers,Emma Raducanu,S,9,1,0,0,0
20240116-W-Australian_Open-R128-Emma_Raducanu-Shelby_Rogers,Shelby Rogers,Total,35,47,13,21,4
20240116-W-Australian_Open-R128-Emma_Raducanu-Shelby_Rogers,Shelby Rogers,F,22,21,9,14,4
20240116-W-Australian_Open-R128-Emma_Raducanu-Shelby_Rogers,Shelby Rogers,B,11,22,4,4,0
20240116-W-Australian_Open-R128-Emma_Raducanu-Shelby_Rogers,Shelby Rogers,S,2,4,0,3,0
20240115-W-Australian_Open-R128-Linda_Noskova-Marie_Bouzkova,Linda Noskova,Total,64,48,23,26,0
20240115-W-Australian_Open-R128-Linda_Noskova-Marie_Bouzkova,Linda Noskova,F,39,25,15,19,0
20240115-W-Australian_Open-R128-Linda_Noskova-Marie_Bouzkova,Linda Noskova,B,22,22,8,7,0
20240115-W-Australian_Open-R128-Linda_Noskova-Marie_Bouzkova,Linda Noskova,S,3,1,0,0,0
20240115-W-Australian_Open-R128-Linda_Noskova-Marie_Bouzkova,Marie Bouzkova,Total,61,54,13,15,0
20240115-W-Australian_Open-R128-Linda_Noskova-Marie_Bouzkova,Marie Bouzkova,F,30,23,6,4,0
20240115-W-Australian_Open-R128-Linda_Noskova-Marie_Bouzkova,Marie Bouzkova,B,30,28,4,11,0
20240115-W-Australian_Open-R128-Linda_Noskova-Marie_Bouzkova,Marie Bouzkova,S,1,3,3,0,0
20240115-W-Australian_Open-R128-Arantxa_Rus-Anhelina_Kalinina,Arantxa Rus,Total,51,65,23,33,1
20240115-W-Australian_Open-R128-Arantxa_Rus-Anhelina_Kalinina,Arantxa Rus,F,32,35,14,28,1
20240115-W-Australian_Open-R128-Arantxa_Rus-Anhelina_Kalinina,Arantxa Rus,B,15,23,8,5,0
20240115-W-Australian_Open-R128-Arantxa_Rus-Anhelina_Kalinina,Arantxa Rus,S,4,7,1,0,0
20240115-W-Australian_Open-R128-Arantxa_Rus-Anhelina_Kalinina,Anhelina Kalinina,Total,98,36,8,17,1
20240115-W-Australian_Open-R128-Arantxa_Rus-Anhelina_Kalinina,Anhelina Kalinina,F,53,16,4,11,1
20240115-W-Australian_Open-R128-Arantxa_Rus-Anhelina_Kalinina,Anhelina Kalinina,B,45,19,4,6,0
20240115-W-Australian_Open-R128-Arantxa_Rus-Anhelina_Kalinina,Anhelina Kalinina,S,0,1,0,0,0
20240114-W-Australian_Open-R128-Fiona_Ferro-Mccartney_Kessler,Fiona Ferro,Total,59,75,27,57,2
20240114-W-Australian_Open-R128-Fiona_Ferro-Mccartney_Kessler,Fiona Ferro,F,29,38,12,45,2
20240114-W-Australian_Open-R128-Fiona_Ferro-Mccartney_Kessler,Fiona Ferro,B,30,36,14,12,0
20240114-W-Australian_Open-R128-Fiona_Ferro-Mccartney_Kessler,Fiona Ferro,S,0,1,1,0,0
20240114-W-Australian_Open-R128-Fiona_Ferro-Mccartney_Kessler,Mccartney Kessler,Total,70,81,19,26,2
20240114-W-Australian_Open-R128-Fiona_Ferro-Mccartney_Kessler,Mccartney Kessler,F,34,35,5,18,2
20240114-W-Australian_Open-R128-Fiona_Ferro-Mccartney_Kessler,Mccartney Kessler,B,35,45,12,8,0
20240114-W-Australian_Open-R128-Fiona_Ferro-Mccartney_Kessler,Mccartney Kessler,S,1,1,2,0,0
20240114-W-Australian_Open-R128-Elina_Avanesyan-Zhuoxuan_Bai,Elina Avanesyan,Total,114,155,49,63,0
20240114-W-Australian_Open-R128-Elina_Avanesyan-Zhuoxuan_Bai,Elina Avanesyan,F,62,83,23,42,0
20240114-W-Australian_Open-R128-Elina_Avanesyan-Zhuoxuan_Bai,Elina Avanesyan,B,50,68,24,21,0
20240114-W-Australian_Open-R128-Elina_Avanesyan-Zhuoxuan_Bai,Elina Avanesyan,S,2,4,2,0,0
20240114-W-Australian_Open-R128-Elina_Avanesyan-Zhuoxuan_Bai,Zhuoxuan Bai,Total,191,133,25,57,1
20240114-W-Australian_Open-R128-Elina_Avanesyan-Zhuoxuan_Bai,Zhuoxuan Bai,F,111,68,13,47,1
20240114-W-Australian_Open-R128-Elina_Avanesyan-Zhuoxuan_Bai,Zhuoxuan Bai,B,77,60,12,10,0
20240114-W-Australian_Open-R128-Elina_Avanesyan-Zhuoxuan_Bai,Zhuoxuan Bai,S,3,5,0,0,0
20240114-W-Australian_Open-R128-Coco_Gauff-Anna_Karolina_Schmiedlova,Coco Gauff,Total,59,31,24,24,0
20240114-W-Australian_Open-R128-Coco_Gauff-Anna_Karolina_Schmiedlova,Coco Gauff,F,33,13,18,14,0
20240114-W-Australian_Open-R128-Coco_Gauff-Anna_Karolina_Schmiedlova,Coco Gauff,B,26,13,6,10,0
20240114-W-Australian_Open-R128-Coco_Gauff-Anna_Karolina_Schmiedlova,Coco Gauff,S,0,5,0,0,0
20240114-W-Australian_Open-R128-Coco_Gauff-Anna_Karolina_Schmiedlova,Anna Karolina Schmiedlova,Total,63,44,17,10,0
20240114-W-Australian_Open-R128-Coco_Gauff-Anna_Karolina_Schmiedlova,Anna Karolina Schmiedlova,F,37,21,7,7,0
20240114-W-Australian_Open-R128-Coco_Gauff-Anna_Karolina_Schmiedlova,Anna Karolina Schmiedlova,B,25,22,10,3,0
20240114-W-Australian_Open-R128-Coco_Gauff-Anna_Karolina_Schmiedlova,Anna Karolina Schmiedlova,S,1,1,0,0,0
20240114-W-Australian_Open-R128-Alina_Korneeva-Sara_Sorribes_Tormo,Alina Korneeva,Total,178,72,32,85,6
20240114-W-Australian_Open-R128-Alina_Korneeva-Sara_Sorribes_Tormo,Alina Korneeva,F,85,29,17,72,6
20240114-W-Australian_Open-R128-Alina_Korneeva-Sara_Sorribes_Tormo,Alina Korneeva,B,89,39,13,11,0
20240114-W-Australian_Open-R128-Alina_Korneeva-Sara_Sorribes_Tormo,Alina Korneeva,S,4,4,2,2,0
20240114-W-Australian_Open-R128-Alina_Korneeva-Sara_Sorribes_Tormo,Sara Sorribes Tormo,Total,105,168,27,35,0
20240114-W-Australian_Open-R128-Alina_Korneeva-Sara_Sorribes_Tormo,Sara Sorribes Tormo,F,46,74,13,29,0
20240114-W-Australian_Open-R128-Alina_Korneeva-Sara_Sorribes_Tormo,Sara Sorribes Tormo,B,33,56,9,3,0
20240114-W-Australian_Open-R128-Alina_Korneeva-Sara_Sorribes_Tormo,Sara Sorribes Tormo,S,26,38,5,3,0
20240112-W-Australian_Open-Q3-Maya_Joint-Dayana_Yastremska,Maya Joint,Total,24,88,9,14,1
20240112-W-Australian_Open-Q3-Maya_Joint-Dayana_Yastremska,Maya Joint,F,12,44,1,11,1
20240112-W-Australian_Open-Q3-Maya_Joint-Dayana_Yastremska,Maya Joint,B,12,43,7,3,0
20240112-W-Australian_Open-Q3-Maya_Joint-Dayana_Yastremska,Maya Joint,S,0,1,1,0,0
20240112-W-Australian_Open-Q3-Maya_Joint-Dayana_Yastremska,Dayana Yastremska,Total,47,53,10,35,0
20240112-W-Australian_Open-Q3-Maya_Joint-Dayana_Yastremska,Dayana Yastremska,F,30,21,5,21,0
20240112-W-Australian_Open-Q3-Maya_Joint-Dayana_Yastremska,Dayana Yastremska,B,17,31,4,13,0
20240112-W-Australian_Open-Q3-Maya_Joint-Dayana_Yastremska,Dayana Yastremska,S,0,1,1,1,0
20240111-W-Australian_Open-Q3-Anna_Bondar-Alina_Korneeva,Anna Bondar,Total,43,49,21,31,1
20240111-W-Australian_Open-Q3-Anna_Bondar-Alina_Korneeva,Anna Bondar,F,22,16,12,26,1
20240111-W-Australian_Open-Q3-Anna_Bondar-Alina_Korneeva,Anna Bondar,B,17,27,8,5,0
20240111-W-Australian_Open-Q3-Anna_Bondar-Alina_Korneeva,Anna Bondar,S,4,6,1,0,0
20240111-W-Australian_Open-Q3-Anna_Bondar-Alina_Korneeva,Alina Korneeva,Total,80,40,17,20,0
20240111-W-Australian_Open-Q3-Anna_Bondar-Alina_Korneeva,Alina Korneeva,F,31,13,5,11,0
20240111-W-Australian_Open-Q3-Anna_Bondar-Alina_Korneeva,Alina Korneeva,B,48,26,11,9,0
20240111-W-Australian_Open-Q3-Anna_Bondar-Alina_Korneeva,Alina Korneeva,S,1,1,1,0,0
20240111-W-Australian_Open-Q2-Talia_Gibson-Brenda_Fruhvirtova,Talia Gibson,Total,112,40,21,24,0
20240111-W-Australian_Open-Q2-Talia_Gibson-Brenda_Fruhvirtova,Talia Gibson,F,51,20,10,12,0
20240111-W-Australian_Open-Q2-Talia_Gibson-Brenda_Fruhvirtova,Talia Gibson,B,57,18,11,11,0
20240111-W-Australian_Open-Q2-Talia_Gibson-Brenda_Fruhvirtova,Talia Gibson,S,4,2,0,1,0
20240111-W-Australian_Open-Q2-Talia_Gibson-Brenda_Fruhvirtova,Brenda Fruhvirtova,Total,90,56,22,14,1
20240111-W-Australian_Open-Q2-Talia_Gibson-Brenda_Fruhvirtova,Brenda Fruhvirtova,F,51,27,10,8,1
20240111-W-Australian_Open-Q2-Talia_Gibson-Brenda_Fruhvirtova,Brenda Fruhvirtova,B,38,28,12,6,0
20240111-W-Australian_Open-Q2-Talia_Gibson-Brenda_Fruhvirtova,Brenda Fruhvirtova,S,1,1,0,0,0
20240109-W-Australian_Open-Q1-Rebecca_Marino-Ya_Yi_Yang,Rebecca Marino,Total,38,36,14,17,1
20240109-W-Australian_Open-Q1-Rebecca_Marino-Ya_Yi_Yang,Rebecca Marino,F,20,19,11,15,1
20240109-W-Australian_Open-Q1-Rebecca_Marino-Ya_Yi_Yang,Rebecca Marino,B,10,14,2,2,0
20240109-W-Australian_Open-Q1-Rebecca_Marino-Ya_Yi_Yang,Rebecca Marino,S,8,3,1,0,0
20240109-W-Australian_Open-Q1-Rebecca_Marino-Ya_Yi_Yang,Ya Yi Yang,Total,43,29,23,29,0
20240109-W-Australian_Open-Q1-Rebecca_Marino-Ya_Yi_Yang,Ya Yi Yang,F,19,10,11,18,0
20240109-W-Australian_Open-Q1-Rebecca_Marino-Ya_Yi_Yang,Ya Yi Yang,B,24,19,11,11,0
20240109-W-Australian_Open-Q1-Rebecca_Marino-Ya_Yi_Yang,Ya Yi Yang,S,0,0,1,0,0
20240109-W-Australian_Open-Q1-Anna_Bondar-Su_Wei_Hsieh,Anna Bondar,Total,60,45,18,24,4
20240109-W-Australian_Open-Q1-Anna_Bondar-Su_Wei_Hsieh,Anna Bondar,F,24,14,13,17,4
20240109-W-Australian_Open-Q1-Anna_Bondar-Su_Wei_Hsieh,Anna Bondar,B,31,23,5,6,0
20240109-W-Australian_Open-Q1-Anna_Bondar-Su_Wei_Hsieh,Anna Bondar,S,5,8,0,1,0
20240109-W-Australian_Open-Q1-Anna_Bondar-Su_Wei_Hsieh,Su Wei Hsieh,Total,88,40,18,18,1
20240109-W-Australian_Open-Q1-Anna_Bondar-Su_Wei_Hsieh,Su Wei Hsieh,F,32,11,3,10,0
20240109-W-Australian_Open-Q1-Anna_Bondar-Su_Wei_Hsieh,Su Wei Hsieh,B,52,26,13,8,1
20240109-W-Australian_Open-Q1-Anna_Bondar-Su_Wei_Hsieh,Su Wei Hsieh,S,4,3,2,0,0
20230906-W-US_Open-QF-Madison_Keys-Marketa_Vondrousova,Madison Keys,Total,37,37,0,48,13
20230906-W-US_Open-QF-Madison_Keys-Marketa_Vondrousova,Madison Keys,F,31,22,0,29,6
20230906-W-US_Open-QF-Madison_Keys-Marketa_Vondrousova,Madison Keys,B,6,14,0,14,6
20230906-W-US_Open-QF-Madison_Keys-Marketa_Vondrousova,Madison Keys,S,0,1,0,5,1
20230906-W-US_Open-QF-Madison_Keys-Marketa_Vondrousova,Marketa Vondrousova,Total,8,48,0,40,10
20230906-W-US_Open-QF-Madison_Keys-Marketa_Vondrousova,Marketa Vondrousova,F,5,24,0,27,6
20230906-W-US_Open-QF-Madison_Keys-Marketa_Vondrousova,Marketa Vondrousova,B,3,19,0,13,2
20230906-W-US_Open-QF-Madison_Keys-Marketa_Vondrousova,Marketa Vondrousova,S,0,5,0,0,2
20230905-W-US_Open-QF-Sorana_Cirstea-Karolina_Muchova,Sorana Cirstea,Total,73,31,33,25,3
20230905-W-US_Open-QF-Sorana_Cirstea-Karolina_Muchova,Sorana Cirstea,F,49,13,24,20,3
20230905-W-US_Open-QF-Sorana_Cirstea-Karolina_Muchova,Sorana Cirstea,B,22,18,9,5,0
20230905-W-US_Open-QF-Sorana_Cirstea-Karolina_Muchova,Sorana Cirstea,S,2,0,0,0,0
20230905-W-US_Open-QF-Sorana_Cirstea-Karolina_Muchova,Karolina Muchova,Total,68,40,30,19,2
20230905-W-US_Open-QF-Sorana_Cirstea-Karolina_Muchova,Karolina Muchova,F,39,15,12,11,2
20230905-W-US_Open-QF-Sorana_Cirstea-Karolina_Muchova,Karolina Muchova,B,22,16,10,5,0
20230905-W-US_Open-QF-Sorana_Cirstea-Karolina_Muchova,Karolina Muchova,S,7,9,8,3,0
20230905-W-US_Open-QF-Jelena_Ostapenko-Coco_Gauff,Jelena Ostapenko,Total,62,9,24,15,0
20230905-W-US_Open-QF-Jelena_Ostapenko-Coco_Gauff,Jelena Ostapenko,F,29,4,7,11,0
20230905-W-US_Open-QF-Jelena_Ostapenko-Coco_Gauff,Jelena Ostapenko,B,33,5,17,4,0
20230905-W-US_Open-QF-Jelena_Ostapenko-Coco_Gauff,Coco Gauff,Total,36,38,12,5,0
20230905-W-US_Open-QF-Jelena_Ostapenko-Coco_Gauff,Coco Gauff,F,14,22,8,5,0
20230905-W-US_Open-QF-Jelena_Ostapenko-Coco_Gauff,Coco Gauff,B,21,15,4,0,0
20230905-W-US_Open-QF-Jelena_Ostapenko-Coco_Gauff,Coco Gauff,S,1,1,0,0,0
20230904-W-US_Open-R16-Ons_Jabeur-Qinwen_Zheng,Ons Jabeur,Total,57,25,19,20,0
20230904-W-US_Open-R16-Ons_Jabeur-Qinwen_Zheng,Ons Jabeur,F,25,7,7,17,0
20230904-W-US_Open-R16-Ons_Jabeur-Qinwen_Zheng,Ons Jabeur,B,27,12,9,3,0
20230904-W-US_Open-R16-Ons_Jabeur-Qinwen_Zheng,Ons Jabeur,S,5,6,3,0,0
20230904-W-US_Open-R16-Ons_Jabeur-Qinwen_Zheng,Qinwen Zheng,Total,38,36,15,18,0
20230904-W-US_Open-R16-Ons_Jabeur-Qinwen_Zheng,Qinwen Zheng,F,18,13,10,15,0
20230904-W-US_Open-R16-Ons_Jabeur-Qinwen_Zheng,Qinwen Zheng,B,16,19,5,2,0
20230904-W-US_Open-R16-Ons_Jabeur-Qinwen_Zheng,Qinwen Zheng,S,4,4,0,1,0
20230904-W-US_Open-R16-Madison_Keys-Jessica_Pegula,Madison Keys,Total,27,22,11,21,1
20230904-W-US_Open-R16-Madison_Keys-Jessica_Pegula,Madison Keys,F,14,13,4,15,1
20230904-W-US_Open-R16-Madison_Keys-Jessica_Pegula,Madison Keys,B,7,6,7,3,0
20230904-W-US_Open-R16-Madison_Keys-Jessica_Pegula,Madison Keys,S,6,3,0,3,0
20230904-W-US_Open-R16-Madison_Keys-Jessica_Pegula,Jessica Pegula,Total,33,25,11,11,0
20230904-W-US_Open-R16-Madison_Keys-Jessica_Pegula,Jessica Pegula,F,17,14,6,9,0
20230904-W-US_Open-R16-Madison_Keys-Jessica_Pegula,Jessica Pegula,B,13,9,4,1,0
20230904-W-US_Open-R16-Madison_Keys-Jessica_Pegula,Jessica Pegula,S,3,2,1,1,0
20230903-W-US_Open-R16-Xin_Yu_Wang-Karolina_Muchova,Xin Yu Wang,Total,45,64,1,81,30
20230903-W-US_Open-R16-Xin_Yu_Wang-Karolina_Muchova,Xin Yu Wang,F,44,36,1,32,23
20230903-W-US_Open-R16-Xin_Yu_Wang-Karolina_Muchova,Xin Yu Wang,B,1,21,0,40,6
20230903-W-US_Open-R16-Xin_Yu_Wang-Karolina_Muchova,Xin Yu Wang,S,0,7,0,9,1
20230903-W-US_Open-R16-Xin_Yu_Wang-Karolina_Muchova,Karolina Muchova,Total,27,81,1,68,28
20230903-W-US_Open-R16-Xin_Yu_Wang-Karolina_Muchova,Karolina Muchova,F,18,22,1,22,7
20230903-W-US_Open-R16-Xin_Yu_Wang-Karolina_Muchova,Karolina Muchova,B,6,40,0,31,12
20230903-W-US_Open-R16-Xin_Yu_Wang-Karolina_Muchova,Karolina Muchova,S,3,19,0,15,9
20230903-W-US_Open-R16-Sorana_Cirstea-Belinda_Bencic,Sorana Cirstea,Total,51,38,19,6,0
20230903-W-US_Open-R16-Sorana_Cirstea-Belinda_Bencic,Sorana Cirstea,F,35,21,6,2,0
20230903-W-US_Open-R16-Sorana_Cirstea-Belinda_Bencic,Sorana Cirstea,B,16,15,13,4,0
20230903-W-US_Open-R16-Sorana_Cirstea-Belinda_Bencic,Sorana Cirstea,S,0,2,0,0,0
20230903-W-US_Open-R16-Sorana_Cirstea-Belinda_Bencic,Belinda Bencic,Total,73,20,17,18,0
20230903-W-US_Open-R16-Sorana_Cirstea-Belinda_Bencic,Belinda Bencic,F,50,9,10,12,0
20230903-W-US_Open-R16-Sorana_Cirstea-Belinda_Bencic,Belinda Bencic,B,23,11,7,6,0
20230903-W-US_Open-R16-Coco_Gauff-Caroline_Wozniacki,Coco Gauff,Total,138,77,60,41,0
20230903-W-US_Open-R16-Coco_Gauff-Caroline_Wozniacki,Coco Gauff,F,80,36,37,22,0
20230903-W-US_Open-R16-Coco_Gauff-Caroline_Wozniacki,Coco Gauff,B,58,38,22,19,0
20230903-W-US_Open-R16-Coco_Gauff-Caroline_Wozniacki,Coco Gauff,S,0,3,1,0,0
20230903-W-US_Open-R16-Coco_Gauff-Caroline_Wozniacki,Caroline Wozniacki,Total,182,62,53,26,1
20230903-W-US_Open-R16-Coco_Gauff-Caroline_Wozniacki,Caroline Wozniacki,F,106,25,34,14,1
20230903-W-US_Open-R16-Coco_Gauff-Caroline_Wozniacki,Caroline Wozniacki,B,75,33,16,12,0
20230903-W-US_Open-R16-Coco_Gauff-Caroline_Wozniacki,Caroline Wozniacki,S,1,4,3,0,0
20230901-W-US_Open-R32-Taylor_Townsend-Karolina_Muchova,Taylor Townsend,Total,72,46,17,18,2
20230901-W-US_Open-R32-Taylor_Townsend-Karolina_Muchova,Taylor Townsend,F,44,19,12,15,2
20230901-W-US_Open-R32-Taylor_Townsend-Karolina_Muchova,Taylor Townsend,B,24,21,4,2,0
20230901-W-US_Open-R32-Taylor_Townsend-Karolina_Muchova,Taylor Townsend,S,4,6,1,1,0
20230901-W-US_Open-R32-Taylor_Townsend-Karolina_Muchova,Karolina Muchova,Total,73,47,16,19,3
20230901-W-US_Open-R32-Taylor_Townsend-Karolina_Muchova,Karolina Muchova,F,49,26,7,17,3
20230901-W-US_Open-R32-Taylor_Townsend-Karolina_Muchova,Karolina Muchova,B,15,17,6,2,0
20230901-W-US_Open-R32-Taylor_Townsend-Karolina_Muchova,Karolina Muchova,S,9,4,3,0,0
20230901-W-US_Open-R32-Sorana_Cirstea-Elena_Rybakina,Sorana Cirstea,Total,141,72,64,36,1
20230901-W-US_Open-R32-Sorana_Cirstea-Elena_Rybakina,Sorana Cirstea,F,74,27,36,26,1
20230901-W-US_Open-R32-Sorana_Cirstea-Elena_Rybakina,Sorana Cirstea,B,66,43,28,10,0
20230901-W-US_Open-R32-Sorana_Cirstea-Elena_Rybakina,Sorana Cirstea,S,1,2,0,0,0
20230901-W-US_Open-R32-Sorana_Cirstea-Elena_Rybakina,Elena Rybakina,Total,223,65,22,10,1
20230901-W-US_Open-R32-Sorana_Cirstea-Elena_Rybakina,Elena Rybakina,F,119,29,7,6,1
20230901-W-US_Open-R32-Sorana_Cirstea-Elena_Rybakina,Elena Rybakina,B,102,36,11,4,0
20230901-W-US_Open-R32-Sorana_Cirstea-Elena_Rybakina,Elena Rybakina,S,2,0,4,0,0
20230901-W-US_Open-R32-Jennifer_Brady-Caroline_Wozniacki,Jennifer Brady,Total,161,124,32,37,4
20230901-W-US_Open-R32-Jennifer_Brady-Caroline_Wozniacki,Jennifer Brady,F,82,38,8,35,4
20230901-W-US_Open-R32-Jennifer_Brady-Caroline_Wozniacki,Jennifer Brady,B,77,70,17,2,0
20230901-W-US_Open-R32-Jennifer_Brady-Caroline_Wozniacki,Jennifer Brady,S,2,16,7,0,0
20230901-W-US_Open-R32-Jennifer_Brady-Caroline_Wozniacki,Caroline Wozniacki,Total,172,88,51,48,0
20230901-W-US_Open-R32-Jennifer_Brady-Caroline_Wozniacki,Caroline Wozniacki,F,66,42,44,35,0
20230901-W-US_Open-R32-Jennifer_Brady-Caroline_Wozniacki,Caroline Wozniacki,B,105,44,7,13,0
20230901-W-US_Open-R32-Jennifer_Brady-Caroline_Wozniacki,Caroline Wozniacki,S,1,2,0,0,0
20230831-W-US_Open-R64-Caroline_Wozniacki-Petra_Kvitova,Caroline Wozniacki,Total,48,62,21,17,0
20230831-W-US_Open-R64-Caroline_Wozniacki-Petra_Kvitova,Caroline Wozniacki,F,20,29,12,10,0
20230831-W-US_Open-R64-Caroline_Wozniacki-Petra_Kvitova,Caroline Wozniacki,B,28,29,9,7,0
20230831-W-US_Open-R64-Caroline_Wozniacki-Petra_Kvitova,Caroline Wozniacki,S,0,4,0,0,0
20230831-W-US_Open-R64-Caroline_Wozniacki-Petra_Kvitova,Petra Kvitova,Total,73,44,21,34,0
20230831-W-US_Open-R64-Caroline_Wozniacki-Petra_Kvitova,Petra Kvitova,F,42,28,13,24,0
20230831-W-US_Open-R64-Caroline_Wozniacki-Petra_Kvitova,Petra Kvitova,B,28,10,8,10,0
20230831-W-US_Open-R64-Caroline_Wozniacki-Petra_Kvitova,Petra Kvitova,S,3,6,0,0,0
20230830-W-US_Open-R64-Jennifer_Brady-Magda_Linette,Jennifer Brady,Total,145,83,35,77,3
20230830-W-US_Open-R64-Jennifer_Brady-Magda_Linette,Jennifer Brady,F,93,31,18,73,3
20230830-W-US_Open-R64-Jennifer_Brady-Magda_Linette,Jennifer Brady,B,49,44,9,4,0
20230830-W-US_Open-R64-Jennifer_Brady-Magda_Linette,Jennifer Brady,S,3,8,8,0,0
20230830-W-US_Open-R64-Jennifer_Brady-Magda_Linette,Magda Linette,Total,183,95,36,17,0
20230830-W-US_Open-R64-Jennifer_Brady-Magda_Linette,Magda Linette,F,82,36,27,12,0
20230830-W-US_Open-R64-Jennifer_Brady-Magda_Linette,Magda Linette,B,100,57,8,5,0
20230830-W-US_Open-R64-Jennifer_Brady-Magda_Linette,Magda Linette,S,1,2,1,0,0
20230830-W-US_Open-R64-Coco_Gauff-Mirra_Andreeva,Coco Gauff,Total,77,48,22,30,1
20230830-W-US_Open-R64-Coco_Gauff-Mirra_Andreeva,Coco Gauff,F,53,32,14,20,1
20230830-W-US_Open-R64-Coco_Gauff-Mirra_Andreeva,Coco Gauff,B,24,15,8,8,0
20230830-W-US_Open-R64-Coco_Gauff-Mirra_Andreeva,Coco Gauff,S,0,1,0,2,0
20230830-W-US_Open-R64-Coco_Gauff-Mirra_Andreeva,Mirra Andreeva,Total,61,66,29,23,0
20230830-W-US_Open-R64-Coco_Gauff-Mirra_Andreeva,Mirra Andreeva,F,47,26,14,9,0
20230830-W-US_Open-R64-Coco_Gauff-Mirra_Andreeva,Mirra Andreeva,B,11,33,13,14,0
20230830-W-US_Open-R64-Coco_Gauff-Mirra_Andreeva,Mirra Andreeva,S,3,7,2,0,0
20230830-W-US_Open-R128-Barbora_Strycova-Kaia_Kanepi,Barbora Strycova,Total,67,62,12,9,0
20230830-W-US_Open-R128-Barbora_Strycova-Kaia_Kanepi,Barbora Strycova,F,29,22,9,6,0
20230830-W-US_Open-R128-Barbora_Strycova-Kaia_Kanepi,Barbora Strycova,B,32,36,3,3,0
20230830-W-US_Open-R128-Barbora_Strycova-Kaia_Kanepi,Barbora Strycova,S,6,4,0,0,0
20230830-W-US_Open-R128-Barbora_Strycova-Kaia_Kanepi,Kaia Kanepi,Total,70,41,24,29,2
20230830-W-US_Open-R128-Barbora_Strycova-Kaia_Kanepi,Kaia Kanepi,F,34,18,11,22,2
20230830-W-US_Open-R128-Barbora_Strycova-Kaia_Kanepi,Kaia Kanepi,B,36,19,12,7,0
20230830-W-US_Open-R128-Barbora_Strycova-Kaia_Kanepi,Kaia Kanepi,S,0,4,1,0,0
20230829-W-US_Open-R128-Martina_Trevisan-Yulia_Putintseva,Martina Trevisan,Total,232,151,50,55,12
20230829-W-US_Open-R128-Martina_Trevisan-Yulia_Putintseva,Martina Trevisan,F,156,69,16,45,12
20230829-W-US_Open-R128-Martina_Trevisan-Yulia_Putintseva,Martina Trevisan,B,66,68,32,10,0
20230829-W-US_Open-R128-Martina_Trevisan-Yulia_Putintseva,Martina Trevisan,S,10,14,2,0,0
20230829-W-US_Open-R128-Martina_Trevisan-Yulia_Putintseva,Yulia Putintseva,Total,277,150,40,45,1
20230829-W-US_Open-R128-Martina_Trevisan-Yulia_Putintseva,Yulia Putintseva,F,132,45,8,3,0
20230829-W-US_Open-R128-Martina_Trevisan-Yulia_Putintseva,Yulia Putintseva,B,143,99,29,40,1
20230829-W-US_Open-R128-Martina_Trevisan-Yulia_Putintseva,Yulia Putintseva,S,2,6,3,2,0
20230829-W-US_Open-R128-Elsa_Jacquemot-Lesia_Tsurenko,Elsa Jacquemot,Total,92,73,29,46,7
20230829-W-US_Open-R128-Elsa_Jacquemot-Lesia_Tsurenko,Elsa Jacquemot,F,28,19,16,40,7
20230829-W-US_Open-R128-Elsa_Jacquemot-Lesia_Tsurenko,Elsa Jacquemot,B,62,48,11,6,0
20230829-W-US_Open-R128-Elsa_Jacquemot-Lesia_Tsurenko,Elsa Jacquemot,S,2,6,2,0,0
20230829-W-US_Open-R128-Elsa_Jacquemot-Lesia_Tsurenko,Lesia Tsurenko,Total,119,79,41,31,6
20230829-W-US_Open-R128-Elsa_Jacquemot-Lesia_Tsurenko,Lesia Tsurenko,F,38,17,11,26,6
20230829-W-US_Open-R128-Elsa_Jacquemot-Lesia_Tsurenko,Lesia Tsurenko,B,77,59,29,5,0
20230829-W-US_Open-R128-Elsa_Jacquemot-Lesia_Tsurenko,Lesia Tsurenko,S,4,3,1,0,0
20230829-W-US_Open-R128-Camila_Giorgi-Jessica_Pegula,Camila Giorgi,Total,77,39,21,9,1
20230829-W-US_Open-R128-Camila_Giorgi-Jessica_Pegula,Camila Giorgi,F,40,16,8,8,1
20230829-W-US_Open-R128-Camila_Giorgi-Jessica_Pegula,Camila Giorgi,B,36,21,12,1,0
20230829-W-US_Open-R128-Camila_Giorgi-Jessica_Pegula,Camila Giorgi,S,1,2,1,0,0
20230829-W-US_Open-R128-Camila_Giorgi-Jessica_Pegula,Jessica Pegula,Total,64,37,10,12,0
20230829-W-US_Open-R128-Camila_Giorgi-Jessica_Pegula,Jessica Pegula,F,35,16,6,10,0
20230829-W-US_Open-R128-Camila_Giorgi-Jessica_Pegula,Jessica Pegula,B,23,16,4,2,0
20230829-W-US_Open-R128-Camila_Giorgi-Jessica_Pegula,Jessica Pegula,S,6,5,0,0,0
20230829-W-US_Open-R128-Anastasia_Pavlyuchenkova-Fiona_Crawley,Anastasia Pavlyuchenkova,Total,90,41,19,10,1
20230829-W-US_Open-R128-Anastasia_Pavlyuchenkova-Fiona_Crawley,Anastasia Pavlyuchenkova,F,49,18,9,5,1
20230829-W-US_Open-R128-Anastasia_Pavlyuchenkova-Fiona_Crawley,Anastasia Pavlyuchenkova,B,40,22,10,5,0
20230829-W-US_Open-R128-Anastasia_Pavlyuchenkova-Fiona_Crawley,Anastasia Pavlyuchenkova,S,1,1,0,0,0
20230829-W-US_Open-R128-Anastasia_Pavlyuchenkova-Fiona_Crawley,Fiona Crawley,Total,58,47,26,19,0
20230829-W-US_Open-R128-Anastasia_Pavlyuchenkova-Fiona_Crawley,Fiona Crawley,F,25,22,18,12,0
20230829-W-US_Open-R128-Anastasia_Pavlyuchenkova-Fiona_Crawley,Fiona Crawley,B,32,25,8,7,0
20230829-W-US_Open-R128-Anastasia_Pavlyuchenkova-Fiona_Crawley,Fiona Crawley,S,1,0,0,0,0
20230828-W-US_Open-R128-Iga_Swiatek-Rebecca_Peterson,Iga Swiatek,Total,46,14,15,25,1
20230828-W-US_Open-R128-Iga_Swiatek-Rebecca_Peterson,Iga Swiatek,F,27,9,8,21,1
20230828-W-US_Open-R128-Iga_Swiatek-Rebecca_Peterson,Iga Swiatek,B,19,5,7,4,0
20230828-W-US_Open-R128-Iga_Swiatek-Rebecca_Peterson,Rebecca Peterson,Total,38,35,5,10,0
20230828-W-US_Open-R128-Iga_Swiatek-Rebecca_Peterson,Rebecca Peterson,F,21,18,3,8,0
20230828-W-US_Open-R128-Iga_Swiatek-Rebecca_Peterson,Rebecca Peterson,B,15,16,2,2,0
20230828-W-US_Open-R128-Iga_Swiatek-Rebecca_Peterson,Rebecca Peterson,S,2,1,0,0,0
20230828-W-US_Open-R128-Coco_Gauff-Laura_Siegemund,Coco Gauff,Total,82,55,66,29,0
20230828-W-US_Open-R128-Coco_Gauff-Laura_Siegemund,Coco Gauff,F,48,28,40,14,0
20230828-W-US_Open-R128-Coco_Gauff-Laura_Siegemund,Coco Gauff,B,31,22,16,13,0
20230828-W-US_Open-R128-Coco_Gauff-Laura_Siegemund,Coco Gauff,S,3,5,10,2,0
20230828-W-US_Open-R128-Coco_Gauff-Laura_Siegemund,Laura Siegemund,Total,121,48,36,32,1
20230828-W-US_Open-R128-Coco_Gauff-Laura_Siegemund,Laura Siegemund,F,67,19,16,22,1
20230828-W-US_Open-R128-Coco_Gauff-Laura_Siegemund,Laura Siegemund,B,50,25,17,8,0
20230828-W-US_Open-R128-Coco_Gauff-Laura_Siegemund,Laura Siegemund,S,4,4,3,2,0
20230828-W-US_Open-R128-Anhelina_Kalinina-Sara_Sorribes_Tormo,Anhelina Kalinina,Total,187,27,22,56,17
20230828-W-US_Open-R128-Anhelina_Kalinina-Sara_Sorribes_Tormo,Anhelina Kalinina,F,91,12,15,44,17
20230828-W-US_Open-R128-Anhelina_Kalinina-Sara_Sorribes_Tormo,Anhelina Kalinina,B,93,14,7,12,0
20230828-W-US_Open-R128-Anhelina_Kalinina-Sara_Sorribes_Tormo,Anhelina Kalinina,S,3,1,0,0,0
20230828-W-US_Open-R128-Anhelina_Kalinina-Sara_Sorribes_Tormo,Sara Sorribes Tormo,Total,83,131,38,37,5
20230828-W-US_Open-R128-Anhelina_Kalinina-Sara_Sorribes_Tormo,Sara Sorribes Tormo,F,36,66,22,34,5
20230828-W-US_Open-R128-Anhelina_Kalinina-Sara_Sorribes_Tormo,Sara Sorribes Tormo,B,16,32,13,2,0
20230828-W-US_Open-R128-Anhelina_Kalinina-Sara_Sorribes_Tormo,Sara Sorribes Tormo,S,31,33,3,1,0
20230826-W-US_Open-Q3-Elsa_Jacquemot-Arianne_Hartono,Elsa Jacquemot,Total,49,35,17,31,1
20230826-W-US_Open-Q3-Elsa_Jacquemot-Arianne_Hartono,Elsa Jacquemot,F,11,27,11,31,1
20230826-W-US_Open-Q3-Elsa_Jacquemot-Arianne_Hartono,Elsa Jacquemot,B,30,7,5,0,0
20230826-W-US_Open-Q3-Elsa_Jacquemot-Arianne_Hartono,Elsa Jacquemot,S,8,1,1,0,0
20230826-W-US_Open-Q3-Elsa_Jacquemot-Arianne_Hartono,Arianne Hartono,Total,73,52,13,27,10
20230826-W-US_Open-Q3-Elsa_Jacquemot-Arianne_Hartono,Arianne Hartono,F,34,13,4,26,10
20230826-W-US_Open-Q3-Elsa_Jacquemot-Arianne_Hartono,Arianne Hartono,B,37,39,9,1,0
20230826-W-US_Open-Q3-Elsa_Jacquemot-Arianne_Hartono,Arianne Hartono,S,2,0,0,0,0
20230824-W-US_Open-Q2-Celine_Naef-Katie_Volynets,Celine Naef,Total,124,148,24,32,0
20230824-W-US_Open-Q2-Celine_Naef-Katie_Volynets,Celine Naef,F,53,68,15,17,0
20230824-W-US_Open-Q2-Celine_Naef-Katie_Volynets,Celine Naef,B,70,78,8,14,0
20230824-W-US_Open-Q2-Celine_Naef-Katie_Volynets,Celine Naef,S,1,2,1,1,0
20230824-W-US_Open-Q2-Celine_Naef-Katie_Volynets,Katie Volynets,Total,109,122,23,56,4
20230824-W-US_Open-Q2-Celine_Naef-Katie_Volynets,Katie Volynets,F,70,58,14,51,4
20230824-W-US_Open-Q2-Celine_Naef-Katie_Volynets,Katie Volynets,B,37,51,7,2,0
20230824-W-US_Open-Q2-Celine_Naef-Katie_Volynets,Katie Volynets,S,2,13,2,3,0
20230822-W-US_Open-Q1-Liv_Hovde-Darja_Semenistaja,Liv Hovde,Total,78,82,19,35,0
20230822-W-US_Open-Q1-Liv_Hovde-Darja_Semenistaja,Liv Hovde,F,27,14,3,10,0
20230822-W-US_Open-Q1-Liv_Hovde-Darja_Semenistaja,Liv Hovde,B,51,63,14,25,0
20230822-W-US_Open-Q1-Liv_Hovde-Darja_Semenistaja,Liv Hovde,S,0,5,2,0,0
20230822-W-US_Open-Q1-Liv_Hovde-Darja_Semenistaja,Darja Semenistaja,Total,59,94,18,16,0
20230822-W-US_Open-Q1-Liv_Hovde-Darja_Semenistaja,Darja Semenistaja,F,50,53,4,5,0
20230822-W-US_Open-Q1-Liv_Hovde-Darja_Semenistaja,Darja Semenistaja,B,9,38,11,10,0
20230822-W-US_Open-Q1-Liv_Hovde-Darja_Semenistaja,Darja Semenistaja,S,0,3,3,1,0
20230126-W-Australian_Open-SF-Elena_Rybakina-Victoria_Azarenka,Elena Rybakina,Total,73,33,15,9,0
20230126-W-Australian_Open-SF-Elena_Rybakina-Victoria_Azarenka,Elena Rybakina,F,42,15,7,7,0
20230126-W-Australian_Open-SF-Elena_Rybakina-Victoria_Azarenka,Elena Rybakina,B,31,17,7,2,0
20230126-W-Australian_Open-SF-Elena_Rybakina-Victoria_Azarenka,Elena Rybakina,S,0,1,1,0,0
20230126-W-Australian_Open-SF-Elena_Rybakina-Victoria_Azarenka,Victoria Azarenka,Total,59,45,21,21,1
20230126-W-Australian_Open-SF-Elena_Rybakina-Victoria_Azarenka,Victoria Azarenka,F,34,23,12,14,1
20230126-W-Australian_Open-SF-Elena_Rybakina-Victoria_Azarenka,Victoria Azarenka,B,22,16,6,7,0
20230126-W-Australian_Open-SF-Elena_Rybakina-Victoria_Azarenka,Victoria Azarenka,S,3,6,3,0,0
20230125-W-Australian_Open-R32-Camila_Giorgi-Belinda_Bencic,Camila Giorgi,Total,58,46,25,9,0
20230125-W-Australian_Open-R32-Camila_Giorgi-Belinda_Bencic,Camila Giorgi,F,29,20,6,8,0
20230125-W-Australian_Open-R32-Camila_Giorgi-Belinda_Bencic,Camila Giorgi,B,29,24,19,1,0
20230125-W-Australian_Open-R32-Camila_Giorgi-Belinda_Bencic,Camila Giorgi,S,0,2,0,0,0
20230125-W-Australian_Open-R32-Camila_Giorgi-Belinda_Bencic,Belinda Bencic,Total,59,46,9,16,0
20230125-W-Australian_Open-R32-Camila_Giorgi-Belinda_Bencic,Belinda Bencic,F,25,21,5,12,0
20230125-W-Australian_Open-R32-Camila_Giorgi-Belinda_Bencic,Belinda Bencic,B,32,24,4,4,0
20230125-W-Australian_Open-R32-Camila_Giorgi-Belinda_Bencic,Belinda Bencic,S,2,1,0,0,0
20230125-W-Australian_Open-QF-Magda_Linette-Karolina_Pliskova,Magda Linette,Total,67,49,26,17,0
20230125-W-Australian_Open-QF-Magda_Linette-Karolina_Pliskova,Magda Linette,F,37,17,15,9,0
20230125-W-Australian_Open-QF-Magda_Linette-Karolina_Pliskova,Magda Linette,B,29,30,10,8,0
20230125-W-Australian_Open-QF-Magda_Linette-Karolina_Pliskova,Magda Linette,S,1,2,1,0,0
20230125-W-Australian_Open-QF-Magda_Linette-Karolina_Pliskova,Karolina Pliskova,Total,75,32,21,25,1
20230125-W-Australian_Open-QF-Magda_Linette-Karolina_Pliskova,Karolina Pliskova,F,43,14,14,18,1
20230125-W-Australian_Open-QF-Magda_Linette-Karolina_Pliskova,Karolina Pliskova,B,26,15,7,7,0
20230125-W-Australian_Open-QF-Magda_Linette-Karolina_Pliskova,Karolina Pliskova,S,6,3,0,0,0
20230124-W-Australian_Open-QF-Victoria_Azarenka-Jessica_Pegula,Victoria Azarenka,Total,92,62,26,35,0
20230124-W-Australian_Open-QF-Victoria_Azarenka-Jessica_Pegula,Victoria Azarenka,F,49,33,20,25,0
20230124-W-Australian_Open-QF-Victoria_Azarenka-Jessica_Pegula,Victoria Azarenka,B,29,20,6,9,0
20230124-W-Australian_Open-QF-Victoria_Azarenka-Jessica_Pegula,Victoria Azarenka,S,14,9,0,1,0
20230124-W-Australian_Open-QF-Victoria_Azarenka-Jessica_Pegula,Jessica Pegula,Total,94,83,20,21,3
20230124-W-Australian_Open-QF-Victoria_Azarenka-Jessica_Pegula,Jessica Pegula,F,54,47,12,14,3
20230124-W-Australian_Open-QF-Victoria_Azarenka-Jessica_Pegula,Jessica Pegula,B,34,29,7,7,0
20230124-W-Australian_Open-QF-Victoria_Azarenka-Jessica_Pegula,Jessica Pegula,S,6,7,1,0,0
20230124-W-Australian_Open-QF-Jelena_Ostapenko-Elena_Rybakina,Jelena Ostapenko,Total,37,27,7,6,0
20230124-W-Australian_Open-QF-Jelena_Ostapenko-Elena_Rybakina,Jelena Ostapenko,F,18,9,5,5,0
20230124-W-Australian_Open-QF-Jelena_Ostapenko-Elena_Rybakina,Jelena Ostapenko,B,16,14,2,1,0
20230124-W-Australian_Open-QF-Jelena_Ostapenko-Elena_Rybakina,Jelena Ostapenko,S,3,4,0,0,0
20230124-W-Australian_Open-QF-Jelena_Ostapenko-Elena_Rybakina,Elena Rybakina,Total,30,26,9,6,0
20230124-W-Australian_Open-QF-Jelena_Ostapenko-Elena_Rybakina,Elena Rybakina,F,16,13,4,3,0
20230124-W-Australian_Open-QF-Jelena_Ostapenko-Elena_Rybakina,Elena Rybakina,B,14,12,4,3,0
20230124-W-Australian_Open-QF-Jelena_Ostapenko-Elena_Rybakina,Elena Rybakina,S,0,1,1,0,0
20230123-W-Australian_Open-R16-Magda_Linette-Caroline_Garcia,Magda Linette,Total,59,39,22,9,0
20230123-W-Australian_Open-R16-Magda_Linette-Caroline_Garcia,Magda Linette,F,40,14,14,5,0
20230123-W-Australian_Open-R16-Magda_Linette-Caroline_Garcia,Magda Linette,B,17,22,7,4,0
20230123-W-Australian_Open-R16-Magda_Linette-Caroline_Garcia,Magda Linette,S,2,3,1,0,0
20230123-W-Australian_Open-R16-Magda_Linette-Caroline_Garcia,Caroline Garcia,Total,82,32,14,20,1
20230123-W-Australian_Open-R16-Magda_Linette-Caroline_Garcia,Caroline Garcia,F,51,23,13,20,1
20230123-W-Australian_Open-R16-Magda_Linette-Caroline_Garcia,Caroline Garcia,B,31,8,1,0,0
20230123-W-Australian_Open-R16-Magda_Linette-Caroline_Garcia,Caroline Garcia,S,0,1,0,0,0
20230123-W-Australian_Open-R16-Linda_Fruhvirtova-Donna_Vekic,Linda Fruhvirtova,Total,65,65,15,37,0
20230123-W-Australian_Open-R16-Linda_Fruhvirtova-Donna_Vekic,Linda Fruhvirtova,F,37,26,9,30,0
20230123-W-Australian_Open-R16-Linda_Fruhvirtova-Donna_Vekic,Linda Fruhvirtova,B,24,33,6,7,0
20230123-W-Australian_Open-R16-Linda_Fruhvirtova-Donna_Vekic,Linda Fruhvirtova,S,4,6,0,0,0
20230123-W-Australian_Open-R16-Linda_Fruhvirtova-Donna_Vekic,Donna Vekic,Total,44,69,19,65,5
20230123-W-Australian_Open-R16-Linda_Fruhvirtova-Donna_Vekic,Donna Vekic,F,26,36,8,54,5
20230123-W-Australian_Open-R16-Linda_Fruhvirtova-Donna_Vekic,Donna Vekic,B,18,33,11,11,0
20230122-W-Australian_Open-R16-Victoria_Azarenka-Lin_Zhu,Victoria Azarenka,Total,137,109,40,39,1
20230122-W-Australian_Open-R16-Victoria_Azarenka-Lin_Zhu,Victoria Azarenka,F,83,50,26,29,1
20230122-W-Australian_Open-R16-Victoria_Azarenka-Lin_Zhu,Victoria Azarenka,B,47,50,10,9,0
20230122-W-Australian_Open-R16-Victoria_Azarenka-Lin_Zhu,Victoria Azarenka,S,7,9,4,1,0
20230122-W-Australian_Open-R16-Victoria_Azarenka-Lin_Zhu,Lin Zhu,Total,130,116,42,40,1
20230122-W-Australian_Open-R16-Victoria_Azarenka-Lin_Zhu,Lin Zhu,F,78,49,14,30,1
20230122-W-Australian_Open-R16-Victoria_Azarenka-Lin_Zhu,Lin Zhu,B,49,58,23,10,0
20230122-W-Australian_Open-R16-Victoria_Azarenka-Lin_Zhu,Lin Zhu,S,3,9,5,0,0
20230122-W-Australian_Open-R16-Iga_Swiatek-Elena_Rybakina,Iga Swiatek,Total,46,29,15,13,0
20230122-W-Australian_Open-R16-Iga_Swiatek-Elena_Rybakina,Iga Swiatek,F,29,15,10,10,0
20230122-W-Australian_Open-R16-Iga_Swiatek-Elena_Rybakina,Iga Swiatek,B,17,14,5,3,0
20230122-W-Australian_Open-R16-Iga_Swiatek-Elena_Rybakina,Elena Rybakina,Total,49,28,19,7,1
20230122-W-Australian_Open-R16-Iga_Swiatek-Elena_Rybakina,Elena Rybakina,F,36,9,8,3,1
20230122-W-Australian_Open-R16-Iga_Swiatek-Elena_Rybakina,Elena Rybakina,B,13,18,9,4,0
20230122-W-Australian_Open-R16-Iga_Swiatek-Elena_Rybakina,Elena Rybakina,S,0,1,2,0,0
20230122-W-Australian_Open-R16-Barbora_Krejcikova-Jessica_Pegula,Barbora Krejcikova,Total,102,56,15,31,0
20230122-W-Australian_Open-R16-Barbora_Krejcikova-Jessica_Pegula,Barbora Krejcikova,F,58,20,7,28,0
20230122-W-Australian_Open-R16-Barbora_Krejcikova-Jessica_Pegula,Barbora Krejcikova,B,27,26,8,3,0
20230122-W-Australian_Open-R16-Barbora_Krejcikova-Jessica_Pegula,Barbora Krejcikova,S,17,10,0,0,0
20230122-W-Australian_Open-R16-Barbora_Krejcikova-Jessica_Pegula,Jessica Pegula,Total,69,70,23,23,2
20230122-W-Australian_Open-R16-Barbora_Krejcikova-Jessica_Pegula,Jessica Pegula,F,30,32,11,10,2
20230122-W-Australian_Open-R16-Barbora_Krejcikova-Jessica_Pegula,Jessica Pegula,B,27,31,9,10,0
20230122-W-Australian_Open-R16-Barbora_Krejcikova-Jessica_Pegula,Jessica Pegula,S,12,7,3,3,0
20230121-W-Australian_Open-R32-Nuria_Parrizas_Diaz-Donna_Vekic,Nuria Parrizas Diaz,Total,60,24,4,13,0
20230121-W-Australian_Open-R32-Nuria_Parrizas_Diaz-Donna_Vekic,Nuria Parrizas Diaz,F,25,8,2,11,0
20230121-W-Australian_Open-R32-Nuria_Parrizas_Diaz-Donna_Vekic,Nuria Parrizas Diaz,B,34,14,2,2,0
20230121-W-Australian_Open-R32-Nuria_Parrizas_Diaz-Donna_Vekic,Nuria Parrizas Diaz,S,1,2,0,0,0
20230121-W-Australian_Open-R32-Nuria_Parrizas_Diaz-Donna_Vekic,Donna Vekic,Total,18,29,16,22,0
20230121-W-Australian_Open-R32-Nuria_Parrizas_Diaz-Donna_Vekic,Donna Vekic,F,6,14,9,18,0
20230121-W-Australian_Open-R32-Nuria_Parrizas_Diaz-Donna_Vekic,Donna Vekic,B,12,14,6,4,0
20230121-W-Australian_Open-R32-Nuria_Parrizas_Diaz-Donna_Vekic,Donna Vekic,S,0,1,1,0,0
20230121-W-Australian_Open-R32-Magda_Linette-Ekaterina_Alexandrova,Magda Linette,Total,73,62,20,10,0
20230121-W-Australian_Open-R32-Magda_Linette-Ekaterina_Alexandrova,Magda Linette,F,50,27,10,4,0
20230121-W-Australian_Open-R32-Magda_Linette-Ekaterina_Alexandrova,Magda Linette,B,17,32,8,5,0
20230121-W-Australian_Open-R32-Magda_Linette-Ekaterina_Alexandrova,Magda Linette,S,6,3,2,1,0
20230121-W-Australian_Open-R32-Magda_Linette-Ekaterina_Alexandrova,Ekaterina Alexandrova,Total,78,40,24,39,1
20230121-W-Australian_Open-R32-Magda_Linette-Ekaterina_Alexandrova,Ekaterina Alexandrova,F,49,20,14,24,1
20230121-W-Australian_Open-R32-Magda_Linette-Ekaterina_Alexandrova,Ekaterina Alexandrova,B,28,20,10,15,0
20230121-W-Australian_Open-R32-Magda_Linette-Ekaterina_Alexandrova,Ekaterina Alexandrova,S,1,0,0,0,0
20230121-W-Australian_Open-R32-Linda_Fruhvirtova-Marketa_Vondrousova,Linda Fruhvirtova,Total,134,76,60,72,2
20230121-W-Australian_Open-R32-Linda_Fruhvirtova-Marketa_Vondrousova,Linda Fruhvirtova,F,71,27,14,51,2
20230121-W-Australian_Open-R32-Linda_Fruhvirtova-Marketa_Vondrousova,Linda Fruhvirtova,B,60,44,38,19,0
20230121-W-Australian_Open-R32-Linda_Fruhvirtova-Marketa_Vondrousova,Linda Fruhvirtova,S,3,5,8,2,0
20230121-W-Australian_Open-R32-Linda_Fruhvirtova-Marketa_Vondrousova,Marketa Vondrousova,Total,140,111,38,19,0
20230121-W-Australian_Open-R32-Linda_Fruhvirtova-Marketa_Vondrousova,Marketa Vondrousova,F,88,37,21,10,0
20230121-W-Australian_Open-R32-Linda_Fruhvirtova-Marketa_Vondrousova,Marketa Vondrousova,B,48,52,11,7,0
20230121-W-Australian_Open-R32-Linda_Fruhvirtova-Marketa_Vondrousova,Marketa Vondrousova,S,4,22,6,2,0
20230121-W-Australian_Open-R32-Laura_Siegemund-Caroline_Garcia,Laura Siegemund,Total,54,44,15,15,2
20230121-W-Australian_Open-R32-Laura_Siegemund-Caroline_Garcia,Laura Siegemund,F,23,18,8,13,1
20230121-W-Australian_Open-R32-Laura_Siegemund-Caroline_Garcia,Laura Siegemund,B,27,21,7,2,0
20230121-W-Australian_Open-R32-Laura_Siegemund-Caroline_Garcia,Laura Siegemund,S,4,5,0,0,1
20230121-W-Australian_Open-R32-Laura_Siegemund-Caroline_Garcia,Caroline Garcia,Total,73,37,15,15,3
20230121-W-Australian_Open-R32-Laura_Siegemund-Caroline_Garcia,Caroline Garcia,F,38,14,10,10,3
20230121-W-Australian_Open-R32-Laura_Siegemund-Caroline_Garcia,Caroline Garcia,B,30,20,5,4,0
20230121-W-Australian_Open-R32-Laura_Siegemund-Caroline_Garcia,Caroline Garcia,S,5,3,0,1,0
20230121-W-Australian_Open-R16-Jelena_Ostapenko-Coco_Gauff,Jelena Ostapenko,Total,62,20,15,22,1
20230121-W-Australian_Open-R16-Jelena_Ostapenko-Coco_Gauff,Jelena Ostapenko,F,36,12,6,15,0
20230121-W-Australian_Open-R16-Jelena_Ostapenko-Coco_Gauff,Jelena Ostapenko,B,25,8,9,7,1
20230121-W-Australian_Open-R16-Jelena_Ostapenko-Coco_Gauff,Jelena Ostapenko,S,1,0,0,0,0
20230121-W-Australian_Open-R16-Jelena_Ostapenko-Coco_Gauff,Coco Gauff,Total,26,48,13,7,1
20230121-W-Australian_Open-R16-Jelena_Ostapenko-Coco_Gauff,Coco Gauff,F,17,22,6,4,1
20230121-W-Australian_Open-R16-Jelena_Ostapenko-Coco_Gauff,Coco Gauff,B,9,24,7,3,0
20230121-W-Australian_Open-R16-Jelena_Ostapenko-Coco_Gauff,Coco Gauff,S,0,2,0,0,0
20230120-W-Australian_Open-R32-Marta_Kostyuk-Jessica_Pegula,Marta Kostyuk,Total,33,30,15,18,1
20230120-W-Australian_Open-R32-Marta_Kostyuk-Jessica_Pegula,Marta Kostyuk,F,18,8,5,14,1
20230120-W-Australian_Open-R32-Marta_Kostyuk-Jessica_Pegula,Marta Kostyuk,B,11,21,8,3,0
20230120-W-Australian_Open-R32-Marta_Kostyuk-Jessica_Pegula,Marta Kostyuk,S,4,1,2,1,0
20230120-W-Australian_Open-R32-Marta_Kostyuk-Jessica_Pegula,Jessica Pegula,Total,37,33,12,7,1
20230120-W-Australian_Open-R32-Marta_Kostyuk-Jessica_Pegula,Jessica Pegula,F,15,14,8,5,1
20230120-W-Australian_Open-R32-Marta_Kostyuk-Jessica_Pegula,Jessica Pegula,B,19,15,4,2,0
20230120-W-Australian_Open-R32-Marta_Kostyuk-Jessica_Pegula,Jessica Pegula,S,3,4,0,0,0
20230120-W-Australian_Open-R32-Madison_Keys-Victoria_Azarenka,Madison Keys,Total,66,61,32,28,2
20230120-W-Australian_Open-R32-Madison_Keys-Victoria_Azarenka,Madison Keys,F,41,25,13,21,2
20230120-W-Australian_Open-R32-Madison_Keys-Victoria_Azarenka,Madison Keys,B,21,34,18,5,0
20230120-W-Australian_Open-R32-Madison_Keys-Victoria_Azarenka,Madison Keys,S,4,2,1,2,0
20230120-W-Australian_Open-R32-Madison_Keys-Victoria_Azarenka,Victoria Azarenka,Total,46,49,37,25,0
20230120-W-Australian_Open-R32-Madison_Keys-Victoria_Azarenka,Victoria Azarenka,F,26,22,26,20,0
20230120-W-Australian_Open-R32-Madison_Keys-Victoria_Azarenka,Victoria Azarenka,B,18,19,10,5,0
20230120-W-Australian_Open-R32-Madison_Keys-Victoria_Azarenka,Victoria Azarenka,S,2,8,1,0,0
20230120-W-Australian_Open-R32-Jelena_Ostapenko-Kateryna_Baindl,Jelena Ostapenko,Total,53,18,21,16,0
20230120-W-Australian_Open-R32-Jelena_Ostapenko-Kateryna_Baindl,Jelena Ostapenko,F,31,7,7,12,0
20230120-W-Australian_Open-R32-Jelena_Ostapenko-Kateryna_Baindl,Jelena Ostapenko,B,22,11,14,4,0
20230120-W-Australian_Open-R32-Jelena_Ostapenko-Kateryna_Baindl,Kateryna Baindl,Total,25,43,9,9,0
20230120-W-Australian_Open-R32-Jelena_Ostapenko-Kateryna_Baindl,Kateryna Baindl,F,10,22,6,6,0
20230120-W-Australian_Open-R32-Jelena_Ostapenko-Kateryna_Baindl,Kateryna Baindl,B,12,14,2,2,0
20230120-W-Australian_Open-R32-Jelena_Ostapenko-Kateryna_Baindl,Kateryna Baindl,S,3,7,1,1,0
20230120-W-Australian_Open-R32-Iga_Swiatek-Cristina_Bucsa,Iga Swiatek,Total,38,26,6,10,0
20230120-W-Australian_Open-R32-Iga_Swiatek-Cristina_Bucsa,Iga Swiatek,F,16,10,3,5,0
20230120-W-Australian_Open-R32-Iga_Swiatek-Cristina_Bucsa,Iga Swiatek,B,21,16,3,5,0
20230120-W-Australian_Open-R32-Iga_Swiatek-Cristina_Bucsa,Iga Swiatek,S,1,0,0,0,0
20230120-W-Australian_Open-R32-Iga_Swiatek-Cristina_Bucsa,Cristina Bucsa,Total,24,35,10,15,0
20230120-W-Australian_Open-R32-Iga_Swiatek-Cristina_Bucsa,Cristina Bucsa,F,14,12,5,11,0
20230120-W-Australian_Open-R32-Iga_Swiatek-Cristina_Bucsa,Cristina Bucsa,B,9,18,5,4,0
20230120-W-Australian_Open-R32-Iga_Swiatek-Cristina_Bucsa,Cristina Bucsa,S,1,5,0,0,0
20230120-W-Australian_Open-R32-Danielle_Collins-Elena_Rybakina,Danielle Collins,Total,72,53,21,11,1
20230120-W-Australian_Open-R32-Danielle_Collins-Elena_Rybakina,Danielle Collins,F,43,29,12,3,1
20230120-W-Australian_Open-R32-Danielle_Collins-Elena_Rybakina,Danielle Collins,B,28,23,9,8,0
20230120-W-Australian_Open-R32-Danielle_Collins-Elena_Rybakina,Danielle Collins,S,1,1,0,0,0
20230120-W-Australian_Open-R32-Danielle_Collins-Elena_Rybakina,Elena Rybakina,Total,81,46,17,14,2
20230120-W-Australian_Open-R32-Danielle_Collins-Elena_Rybakina,Elena Rybakina,F,59,21,6,11,2
20230120-W-Australian_Open-R32-Danielle_Collins-Elena_Rybakina,Elena Rybakina,B,22,25,10,3,0
20230120-W-Australian_Open-R32-Danielle_Collins-Elena_Rybakina,Elena Rybakina,S,0,0,1,0,0
20230120-W-Australian_Open-R32-Coco_Gauff-Bernarda_Pera,Coco Gauff,Total,46,74,30,40,0
20230120-W-Australian_Open-R32-Coco_Gauff-Bernarda_Pera,Coco Gauff,F,18,38,21,26,0
20230120-W-Australian_Open-R32-Coco_Gauff-Bernarda_Pera,Coco Gauff,B,26,34,8,13,0
20230120-W-Australian_Open-R32-Coco_Gauff-Bernarda_Pera,Coco Gauff,S,2,2,1,1,0
20230120-W-Australian_Open-R32-Coco_Gauff-Bernarda_Pera,Bernarda Pera,Total,90,80,24,35,1
20230120-W-Australian_Open-R32-Coco_Gauff-Bernarda_Pera,Bernarda Pera,F,62,41,17,33,1
20230120-W-Australian_Open-R32-Coco_Gauff-Bernarda_Pera,Bernarda Pera,B,26,38,6,0,0
20230120-W-Australian_Open-R32-Coco_Gauff-Bernarda_Pera,Bernarda Pera,S,2,1,1,2,0
20230119-W-Australian_Open-R64-Marketa_Vondrousova-Ons_Jabeur,Marketa Vondrousova,Total,90,68,28,14,1
20230119-W-Australian_Open-R64-Marketa_Vondrousova-Ons_Jabeur,Marketa Vondrousova,F,56,21,10,3,1
20230119-W-Australian_Open-R64-Marketa_Vondrousova-Ons_Jabeur,Marketa Vondrousova,B,33,36,10,10,0
20230119-W-Australian_Open-R64-Marketa_Vondrousova-Ons_Jabeur,Marketa Vondrousova,S,1,11,8,1,0
20230119-W-Australian_Open-R64-Marketa_Vondrousova-Ons_Jabeur,Ons Jabeur,Total,98,42,38,37,2
20230119-W-Australian_Open-R64-Marketa_Vondrousova-Ons_Jabeur,Ons Jabeur,F,67,19,13,32,2
20230119-W-Australian_Open-R64-Marketa_Vondrousova-Ons_Jabeur,Ons Jabeur,B,19,20,18,4,0
20230119-W-Australian_Open-R64-Marketa_Vondrousova-Ons_Jabeur,Ons Jabeur,S,12,3,7,1,0
20230119-W-Australian_Open-R64-Donna_Vekic-Liudmila_Samsonova,Donna Vekic,Total,12,30,6,16,0
20230119-W-Australian_Open-R64-Donna_Vekic-Liudmila_Samsonova,Donna Vekic,F,8,15,3,11,0
20230119-W-Australian_Open-R64-Donna_Vekic-Liudmila_Samsonova,Donna Vekic,B,4,15,3,5,0
20230119-W-Australian_Open-R64-Donna_Vekic-Liudmila_Samsonova,Liudmila Samsonova,Total,43,23,4,13,0
20230119-W-Australian_Open-R64-Donna_Vekic-Liudmila_Samsonova,Liudmila Samsonova,F,35,12,2,12,0
20230119-W-Australian_Open-R64-Donna_Vekic-Liudmila_Samsonova,Liudmila Samsonova,B,8,10,2,1,0
20230119-W-Australian_Open-R64-Donna_Vekic-Liudmila_Samsonova,Liudmila Samsonova,S,0,1,0,0,0
20230119-W-Australian_Open-R64-Claire_Liu-Belinda_Bencic,Claire Liu,Total,77,61,21,14,0
20230119-W-Australian_Open-R64-Claire_Liu-Belinda_Bencic,Claire Liu,F,43,26,10,9,0
20230119-W-Australian_Open-R64-Claire_Liu-Belinda_Bencic,Claire Liu,B,33,31,9,5,0
20230119-W-Australian_Open-R64-Claire_Liu-Belinda_Bencic,Claire Liu,S,1,4,2,0,0
20230119-W-Australian_Open-R64-Claire_Liu-Belinda_Bencic,Belinda Bencic,Total,66,53,22,28,0
20230119-W-Australian_Open-R64-Claire_Liu-Belinda_Bencic,Belinda Bencic,F,41,25,10,23,0
20230119-W-Australian_Open-R64-Claire_Liu-Belinda_Bencic,Belinda Bencic,B,25,28,12,5,0
20230119-W-Australian_Open-R64-Caroline_Garcia-Leylah_Fernandez,Caroline Garcia,Total,82,38,8,6,1
20230119-W-Australian_Open-R64-Caroline_Garcia-Leylah_Fernandez,Caroline Garcia,F,32,14,2,5,1
20230119-W-Australian_Open-R64-Caroline_Garcia-Leylah_Fernandez,Caroline Garcia,B,49,23,4,1,0
20230119-W-Australian_Open-R64-Caroline_Garcia-Leylah_Fernandez,Caroline Garcia,S,1,1,2,0,0
20230119-W-Australian_Open-R64-Caroline_Garcia-Leylah_Fernandez,Leylah Fernandez,Total,50,33,27,8,0
20230119-W-Australian_Open-R64-Caroline_Garcia-Leylah_Fernandez,Leylah Fernandez,F,40,20,10,4,0
20230119-W-Australian_Open-R64-Caroline_Garcia-Leylah_Fernandez,Leylah Fernandez,B,10,12,12,3,0
20230119-W-Australian_Open-R64-Caroline_Garcia-Leylah_Fernandez,Leylah Fernandez,S,0,1,5,1,0
20230119-W-Australian_Open-R64-Anna_Karolina_Schmiedlova-Camila_Giorgi,Anna Karolina Schmiedlova,Total,45,64,8,6,0
20230119-W-Australian_Open-R64-Anna_Karolina_Schmiedlova-Camila_Giorgi,Anna Karolina Schmiedlova,F,19,32,2,4,0
20230119-W-Australian_Open-R64-Anna_Karolina_Schmiedlova-Camila_Giorgi,Anna Karolina Schmiedlova,B,21,28,6,2,0
20230119-W-Australian_Open-R64-Anna_Karolina_Schmiedlova-Camila_Giorgi,Anna Karolina Schmiedlova,S,5,4,0,0,0
20230119-W-Australian_Open-R64-Anna_Karolina_Schmiedlova-Camila_Giorgi,Camila Giorgi,Total,66,44,8,18,1
20230119-W-Australian_Open-R64-Anna_Karolina_Schmiedlova-Camila_Giorgi,Camila Giorgi,F,30,25,1,13,1
20230119-W-Australian_Open-R64-Anna_Karolina_Schmiedlova-Camila_Giorgi,Camila Giorgi,B,36,19,6,4,0
20230119-W-Australian_Open-R64-Anna_Karolina_Schmiedlova-Camila_Giorgi,Camila Giorgi,S,0,0,1,1,0
20230119-W-Australian_Open-R64-Anett_Kontaveit-Magda_Linette,Anett Kontaveit,Total,106,40,34,15,0
20230119-W-Australian_Open-R64-Anett_Kontaveit-Magda_Linette,Anett Kontaveit,F,66,25,25,11,0
20230119-W-Australian_Open-R64-Anett_Kontaveit-Magda_Linette,Anett Kontaveit,B,38,14,6,4,0
20230119-W-Australian_Open-R64-Anett_Kontaveit-Magda_Linette,Anett Kontaveit,S,2,1,3,0,0
20230119-W-Australian_Open-R64-Anett_Kontaveit-Magda_Linette,Magda Linette,Total,90,45,43,21,1
20230119-W-Australian_Open-R64-Anett_Kontaveit-Magda_Linette,Magda Linette,F,60,16,23,11,1
20230119-W-Australian_Open-R64-Anett_Kontaveit-Magda_Linette,Magda Linette,B,27,27,18,9,0
20230119-W-Australian_Open-R64-Anett_Kontaveit-Magda_Linette,Magda Linette,S,3,2,2,1,0
20230118-W-Australian_Open-R64-Veronika_Kudermetova-Katie_Volynets,Veronika Kudermetova,Total,131,73,23,40,2
20230118-W-Australian_Open-R64-Veronika_Kudermetova-Katie_Volynets,Veronika Kudermetova,F,88,44,20,30,2
20230118-W-Australian_Open-R64-Veronika_Kudermetova-Katie_Volynets,Veronika Kudermetova,B,34,28,3,10,0
20230118-W-Australian_Open-R64-Veronika_Kudermetova-Katie_Volynets,Veronika Kudermetova,S,9,1,0,0,0
20230118-W-Australian_Open-R64-Veronika_Kudermetova-Katie_Volynets,Katie Volynets,Total,95,116,25,37,0
20230118-W-Australian_Open-R64-Veronika_Kudermetova-Katie_Volynets,Katie Volynets,F,69,44,10,19,0
20230118-W-Australian_Open-R64-Veronika_Kudermetova-Katie_Volynets,Katie Volynets,B,24,66,15,17,0
20230118-W-Australian_Open-R64-Veronika_Kudermetova-Katie_Volynets,Katie Volynets,S,2,6,0,1,0
20230118-W-Australian_Open-R64-Petra_Kvitova-Anhelina_Kalinina,Petra Kvitova,Total,93,41,25,31,0
20230118-W-Australian_Open-R64-Petra_Kvitova-Anhelina_Kalinina,Petra Kvitova,F,55,18,18,22,0
20230118-W-Australian_Open-R64-Petra_Kvitova-Anhelina_Kalinina,Petra Kvitova,B,34,17,7,8,0
20230118-W-Australian_Open-R64-Petra_Kvitova-Anhelina_Kalinina,Petra Kvitova,S,4,6,0,1,0
20230118-W-Australian_Open-R64-Petra_Kvitova-Anhelina_Kalinina,Anhelina Kalinina,Total,87,47,20,10,1
20230118-W-Australian_Open-R64-Petra_Kvitova-Anhelina_Kalinina,Anhelina Kalinina,F,47,13,13,9,1
20230118-W-Australian_Open-R64-Petra_Kvitova-Anhelina_Kalinina,Anhelina Kalinina,B,40,33,7,1,0
20230118-W-Australian_Open-R64-Petra_Kvitova-Anhelina_Kalinina,Anhelina Kalinina,S,0,1,0,0,0
20230118-W-Australian_Open-R64-Olivia_Gadecki-Marta_Kostyuk,Olivia Gadecki,Total,34,21,8,10,0
20230118-W-Australian_Open-R64-Olivia_Gadecki-Marta_Kostyuk,Olivia Gadecki,F,26,9,2,6,0
20230118-W-Australian_Open-R64-Olivia_Gadecki-Marta_Kostyuk,Olivia Gadecki,B,8,12,5,4,0
20230118-W-Australian_Open-R64-Olivia_Gadecki-Marta_Kostyuk,Olivia Gadecki,S,0,0,1,0,0
20230118-W-Australian_Open-R64-Olivia_Gadecki-Marta_Kostyuk,Marta Kostyuk,Total,17,17,9,13,0
20230118-W-Australian_Open-R64-Olivia_Gadecki-Marta_Kostyuk,Marta Kostyuk,F,7,8,6,8,0
20230118-W-Australian_Open-R64-Olivia_Gadecki-Marta_Kostyuk,Marta Kostyuk,B,8,6,2,5,0
20230118-W-Australian_Open-R64-Olivia_Gadecki-Marta_Kostyuk,Marta Kostyuk,S,2,3,1,0,0
20230118-W-Australian_Open-R64-Nadia_Podoroska-Victoria_Azarenka,Nadia Podoroska,Total,60,67,8,21,3
20230118-W-Australian_Open-R64-Nadia_Podoroska-Victoria_Azarenka,Nadia Podoroska,F,28,21,2,18,3
20230118-W-Australian_Open-R64-Nadia_Podoroska-Victoria_Azarenka,Nadia Podoroska,B,29,36,5,2,0
20230118-W-Australian_Open-R64-Nadia_Podoroska-Victoria_Azarenka,Nadia Podoroska,S,3,10,1,1,0
20230118-W-Australian_Open-R64-Nadia_Podoroska-Victoria_Azarenka,Victoria Azarenka,Total,52,41,20,36,0
20230118-W-Australian_Open-R64-Nadia_Podoroska-Victoria_Azarenka,Victoria Azarenka,F,19,12,14,26,0
20230118-W-Australian_Open-R64-Nadia_Podoroska-Victoria_Azarenka,Victoria Azarenka,B,29,23,6,9,0
20230118-W-Australian_Open-R64-Nadia_Podoroska-Victoria_Azarenka,Victoria Azarenka,S,4,6,0,1,0
20230118-W-Australian_Open-R64-Madison_Keys-Xin_Yu_Wang,Madison Keys,Total,42,40,14,30,4
20230118-W-Australian_Open-R64-Madison_Keys-Xin_Yu_Wang,Madison Keys,F,26,25,7,21,4
20230118-W-Australian_Open-R64-Madison_Keys-Xin_Yu_Wang,Madison Keys,B,15,12,6,7,0
20230118-W-Australian_Open-R64-Madison_Keys-Xin_Yu_Wang,Madison Keys,S,1,3,1,2,0
20230118-W-Australian_Open-R64-Madison_Keys-Xin_Yu_Wang,Xin Yu Wang,Total,43,53,16,18,1
20230118-W-Australian_Open-R64-Madison_Keys-Xin_Yu_Wang,Xin Yu Wang,F,25,29,11,16,1
20230118-W-Australian_Open-R64-Madison_Keys-Xin_Yu_Wang,Xin Yu Wang,B,18,19,5,2,0
20230118-W-Australian_Open-R64-Madison_Keys-Xin_Yu_Wang,Xin Yu Wang,S,0,5,0,0,0
20230118-W-Australian_Open-R64-Iga_Swiatek-Camila_Osorio,Iga Swiatek,Total,82,33,29,32,3
20230118-W-Australian_Open-R64-Iga_Swiatek-Camila_Osorio,Iga Swiatek,F,53,18,23,26,3
20230118-W-Australian_Open-R64-Iga_Swiatek-Camila_Osorio,Iga Swiatek,B,29,15,6,6,0
20230118-W-Australian_Open-R64-Iga_Swiatek-Camila_Osorio,Camila Osorio,Total,53,60,24,23,0
20230118-W-Australian_Open-R64-Iga_Swiatek-Camila_Osorio,Camila Osorio,F,34,26,12,14,0
20230118-W-Australian_Open-R64-Iga_Swiatek-Camila_Osorio,Camila Osorio,B,11,18,8,8,0
20230118-W-Australian_Open-R64-Iga_Swiatek-Camila_Osorio,Camila Osorio,S,8,16,4,1,0
20230118-W-Australian_Open-R64-Elena_Rybakina-Kaja_Juvan,Elena Rybakina,Total,81,28,10,12,1
20230118-W-Australian_Open-R64-Elena_Rybakina-Kaja_Juvan,Elena Rybakina,F,53,17,7,8,1
20230118-W-Australian_Open-R64-Elena_Rybakina-Kaja_Juvan,Elena Rybakina,B,28,11,1,4,0
20230118-W-Australian_Open-R64-Elena_Rybakina-Kaja_Juvan,Elena Rybakina,S,0,0,2,0,0
20230118-W-Australian_Open-R64-Elena_Rybakina-Kaja_Juvan,Kaja Juvan,Total,40,55,14,13,0
20230118-W-Australian_Open-R64-Elena_Rybakina-Kaja_Juvan,Kaja Juvan,F,30,29,10,11,0
20230118-W-Australian_Open-R64-Elena_Rybakina-Kaja_Juvan,Kaja Juvan,B,9,20,4,2,0
20230118-W-Australian_Open-R64-Elena_Rybakina-Kaja_Juvan,Kaja Juvan,S,1,6,0,0,0
20230118-W-Australian_Open-R64-Danielle_Collins-Karolina_Muchova,Danielle Collins,Total,152,60,39,34,0
20230118-W-Australian_Open-R64-Danielle_Collins-Karolina_Muchova,Danielle Collins,F,58,27,11,13,0
20230118-W-Australian_Open-R64-Danielle_Collins-Karolina_Muchova,Danielle Collins,B,92,29,27,21,0
20230118-W-Australian_Open-R64-Danielle_Collins-Karolina_Muchova,Danielle Collins,S,2,4,1,0,0
20230118-W-Australian_Open-R64-Danielle_Collins-Karolina_Muchova,Karolina Muchova,Total,90,72,61,50,4
20230118-W-Australian_Open-R64-Danielle_Collins-Karolina_Muchova,Karolina Muchova,F,39,25,31,39,4
20230118-W-Australian_Open-R64-Danielle_Collins-Karolina_Muchova,Karolina Muchova,B,30,29,26,6,0
20230118-W-Australian_Open-R64-Danielle_Collins-Karolina_Muchova,Karolina Muchova,S,21,18,4,5,0
20230118-W-Australian_Open-R64-Cristina_Bucsa-Bianca_Andreescu,Cristina Bucsa,Total,92,125,29,57,3
20230118-W-Australian_Open-R64-Cristina_Bucsa-Bianca_Andreescu,Cristina Bucsa,F,53,64,18,47,3
20230118-W-Australian_Open-R64-Cristina_Bucsa-Bianca_Andreescu,Cristina Bucsa,B,37,54,11,10,0
20230118-W-Australian_Open-R64-Cristina_Bucsa-Bianca_Andreescu,Cristina Bucsa,S,2,7,0,0,0
20230118-W-Australian_Open-R64-Cristina_Bucsa-Bianca_Andreescu,Bianca Andreescu,Total,106,107,21,53,0
20230118-W-Australian_Open-R64-Cristina_Bucsa-Bianca_Andreescu,Bianca Andreescu,F,63,36,12,25,0
20230118-W-Australian_Open-R64-Cristina_Bucsa-Bianca_Andreescu,Bianca Andreescu,B,39,61,5,25,0
20230118-W-Australian_Open-R64-Cristina_Bucsa-Bianca_Andreescu,Bianca Andreescu,S,4,10,4,3,0
20230118-W-Australian_Open-R64-Coco_Gauff-Emma_Raducanu,Coco Gauff,Total,58,91,45,43,0
20230118-W-Australian_Open-R64-Coco_Gauff-Emma_Raducanu,Coco Gauff,F,30,48,32,32,0
20230118-W-Australian_Open-R64-Coco_Gauff-Emma_Raducanu,Coco Gauff,B,26,41,12,11,0
20230118-W-Australian_Open-R64-Coco_Gauff-Emma_Raducanu,Coco Gauff,S,2,2,1,0,0
20230118-W-Australian_Open-R64-Coco_Gauff-Emma_Raducanu,Emma Raducanu,Total,95,85,46,28,0
20230118-W-Australian_Open-R64-Coco_Gauff-Emma_Raducanu,Emma Raducanu,F,62,33,13,11,0
20230118-W-Australian_Open-R64-Coco_Gauff-Emma_Raducanu,Emma Raducanu,B,31,51,33,17,0
20230118-W-Australian_Open-R64-Coco_Gauff-Emma_Raducanu,Emma Raducanu,S,2,1,0,0,0
20230118-W-Australian_Open-R64-Aliaksandra_Sasnovich-Jessica_Pegula,Aliaksandra Sasnovich,Total,60,30,12,20,0
20230118-W-Australian_Open-R64-Aliaksandra_Sasnovich-Jessica_Pegula,Aliaksandra Sasnovich,F,23,15,4,11,0
20230118-W-Australian_Open-R64-Aliaksandra_Sasnovich-Jessica_Pegula,Aliaksandra Sasnovich,B,30,13,7,8,0
20230118-W-Australian_Open-R64-Aliaksandra_Sasnovich-Jessica_Pegula,Aliaksandra Sasnovich,S,7,2,1,1,0
20230118-W-Australian_Open-R64-Aliaksandra_Sasnovich-Jessica_Pegula,Jessica Pegula,Total,52,35,18,8,0
20230118-W-Australian_Open-R64-Aliaksandra_Sasnovich-Jessica_Pegula,Jessica Pegula,F,20,19,11,4,0
20230118-W-Australian_Open-R64-Aliaksandra_Sasnovich-Jessica_Pegula,Jessica Pegula,B,25,13,6,3,0
20230118-W-Australian_Open-R64-Aliaksandra_Sasnovich-Jessica_Pegula,Jessica Pegula,S,7,3,1,1,0
20230118-W-Australian_Open-R128-Varvara_Gracheva-Daria_Kasatkina,Varvara Gracheva,Total,70,36,20,18,0
20230118-W-Australian_Open-R128-Varvara_Gracheva-Daria_Kasatkina,Varvara Gracheva,F,25,14,10,14,0
20230118-W-Australian_Open-R128-Varvara_Gracheva-Daria_Kasatkina,Varvara Gracheva,B,42,20,9,4,0
20230118-W-Australian_Open-R128-Varvara_Gracheva-Daria_Kasatkina,Varvara Gracheva,S,3,2,1,0,0
20230118-W-Australian_Open-R128-Varvara_Gracheva-Daria_Kasatkina,Daria Kasatkina,Total,42,49,15,30,2
20230118-W-Australian_Open-R128-Varvara_Gracheva-Daria_Kasatkina,Daria Kasatkina,F,18,16,6,26,2
20230118-W-Australian_Open-R128-Varvara_Gracheva-Daria_Kasatkina,Daria Kasatkina,B,23,27,8,3,0
20230118-W-Australian_Open-R128-Varvara_Gracheva-Daria_Kasatkina,Daria Kasatkina,S,1,6,1,1,0
20230118-W-Australian_Open-R128-Magda_Linette-Mayar_Sherif,Magda Linette,Total,70,34,26,21,1
20230118-W-Australian_Open-R128-Magda_Linette-Mayar_Sherif,Magda Linette,F,42,6,15,14,1
20230118-W-Australian_Open-R128-Magda_Linette-Mayar_Sherif,Magda Linette,B,28,26,7,7,0
20230118-W-Australian_Open-R128-Magda_Linette-Mayar_Sherif,Magda Linette,S,0,2,4,0,0
20230118-W-Australian_Open-R128-Magda_Linette-Mayar_Sherif,Mayar Sherif,Total,58,46,21,20,0
20230118-W-Australian_Open-R128-Magda_Linette-Mayar_Sherif,Mayar Sherif,F,34,22,11,14,0
20230118-W-Australian_Open-R128-Magda_Linette-Mayar_Sherif,Mayar Sherif,B,22,23,9,6,0
20230118-W-Australian_Open-R128-Magda_Linette-Mayar_Sherif,Mayar Sherif,S,2,1,1,0,0
20230118-W-Australian_Open-R128-Beatriz_Haddad_Maia-Nuria_Parrizas_Diaz,Beatriz Haddad Maia,Total,105,83,24,18,2
20230118-W-Australian_Open-R128-Beatriz_Haddad_Maia-Nuria_Parrizas_Diaz,Beatriz Haddad Maia,F,55,49,17,17,2
20230118-W-Australian_Open-R128-Beatriz_Haddad_Maia-Nuria_Parrizas_Diaz,Beatriz Haddad Maia,B,47,27,7,1,0
20230118-W-Australian_Open-R128-Beatriz_Haddad_Maia-Nuria_Parrizas_Diaz,Beatriz Haddad Maia,S,3,7,0,0,0
20230118-W-Australian_Open-R128-Beatriz_Haddad_Maia-Nuria_Parrizas_Diaz,Nuria Parrizas Diaz,Total,150,71,24,20,0
20230118-W-Australian_Open-R128-Beatriz_Haddad_Maia-Nuria_Parrizas_Diaz,Nuria Parrizas Diaz,F,72,22,21,18,0
20230118-W-Australian_Open-R128-Beatriz_Haddad_Maia-Nuria_Parrizas_Diaz,Nuria Parrizas Diaz,B,78,43,3,2,0
20230118-W-Australian_Open-R128-Beatriz_Haddad_Maia-Nuria_Parrizas_Diaz,Nuria Parrizas Diaz,S,0,6,0,0,0
20230117-W-Australian_Open-R128-Ons_Jabeur-Tamara_Zidansek,Ons Jabeur,Total,120,44,37,56,7
20230117-W-Australian_Open-R128-Ons_Jabeur-Tamara_Zidansek,Ons Jabeur,F,50,14,19,52,7
20230117-W-Australian_Open-R128-Ons_Jabeur-Tamara_Zidansek,Ons Jabeur,B,38,21,14,2,0
20230117-W-Australian_Open-R128-Ons_Jabeur-Tamara_Zidansek,Ons Jabeur,S,32,9,4,2,0
20230117-W-Australian_Open-R128-Ons_Jabeur-Tamara_Zidansek,Tamara Zidansek,Total,84,95,34,56,2
20230117-W-Australian_Open-R128-Ons_Jabeur-Tamara_Zidansek,Tamara Zidansek,F,39,29,18,56,2
20230117-W-Australian_Open-R128-Ons_Jabeur-Tamara_Zidansek,Tamara Zidansek,B,23,47,11,0,0
20230117-W-Australian_Open-R128-Ons_Jabeur-Tamara_Zidansek,Tamara Zidansek,S,22,19,5,0,0
20230117-W-Australian_Open-R128-Oksana_Selekhmeteva-Donna_Vekic,Oksana Selekhmeteva,Total,106,108,21,35,1
20230117-W-Australian_Open-R128-Oksana_Selekhmeteva-Donna_Vekic,Oksana Selekhmeteva,F,66,45,13,24,1
20230117-W-Australian_Open-R128-Oksana_Selekhmeteva-Donna_Vekic,Oksana Selekhmeteva,B,26,35,3,6,0
20230117-W-Australian_Open-R128-Oksana_Selekhmeteva-Donna_Vekic,Oksana Selekhmeteva,S,14,28,5,5,0
20230117-W-Australian_Open-R128-Oksana_Selekhmeteva-Donna_Vekic,Donna Vekic,Total,65,74,28,76,3
20230117-W-Australian_Open-R128-Oksana_Selekhmeteva-Donna_Vekic,Donna Vekic,F,42,36,10,58,3
20230117-W-Australian_Open-R128-Oksana_Selekhmeteva-Donna_Vekic,Donna Vekic,B,22,38,18,17,0
20230117-W-Australian_Open-R128-Oksana_Selekhmeteva-Donna_Vekic,Donna Vekic,S,1,0,0,1,0
20230117-W-Australian_Open-R128-Leylah_Fernandez-Alize_Cornet,Leylah Fernandez,Total,75,49,30,15,1
20230117-W-Australian_Open-R128-Leylah_Fernandez-Alize_Cornet,Leylah Fernandez,F,44,23,10,11,1
20230117-W-Australian_Open-R128-Leylah_Fernandez-Alize_Cornet,Leylah Fernandez,B,30,25,10,3,0
20230117-W-Australian_Open-R128-Leylah_Fernandez-Alize_Cornet,Leylah Fernandez,S,1,1,10,1,0
20230117-W-Australian_Open-R128-Leylah_Fernandez-Alize_Cornet,Alize Cornet,Total,57,59,35,24,0
20230117-W-Australian_Open-R128-Leylah_Fernandez-Alize_Cornet,Alize Cornet,F,24,26,10,10,0
20230117-W-Australian_Open-R128-Leylah_Fernandez-Alize_Cornet,Alize Cornet,B,29,31,19,13,0
20230117-W-Australian_Open-R128-Leylah_Fernandez-Alize_Cornet,Alize Cornet,S,4,2,6,1,0
20230117-W-Australian_Open-R128-Evgeniya_Rodina-Katie_Volynets,Evgeniya Rodina,Total,141,78,18,13,0
20230117-W-Australian_Open-R128-Evgeniya_Rodina-Katie_Volynets,Evgeniya Rodina,F,99,57,14,11,0
20230117-W-Australian_Open-R128-Evgeniya_Rodina-Katie_Volynets,Evgeniya Rodina,B,41,20,3,2,0
20230117-W-Australian_Open-R128-Evgeniya_Rodina-Katie_Volynets,Evgeniya Rodina,S,1,1,1,0,0
20230117-W-Australian_Open-R128-Evgeniya_Rodina-Katie_Volynets,Katie Volynets,Total,101,83,37,27,0
20230117-W-Australian_Open-R128-Evgeniya_Rodina-Katie_Volynets,Katie Volynets,F,79,47,19,18,0
20230117-W-Australian_Open-R128-Evgeniya_Rodina-Katie_Volynets,Katie Volynets,B,21,32,15,8,0
20230117-W-Australian_Open-R128-Evgeniya_Rodina-Katie_Volynets,Katie Volynets,S,1,4,3,1,0
20230117-W-Australian_Open-R128-Caroline_Garcia-Katherine_Sebov,Caroline Garcia,Total,37,9,3,4,1
20230117-W-Australian_Open-R128-Caroline_Garcia-Katherine_Sebov,Caroline Garcia,F,23,3,2,3,1
20230117-W-Australian_Open-R128-Caroline_Garcia-Katherine_Sebov,Caroline Garcia,B,14,6,0,1,0
20230117-W-Australian_Open-R128-Caroline_Garcia-Katherine_Sebov,Caroline Garcia,S,0,0,1,0,0
20230117-W-Australian_Open-R128-Caroline_Garcia-Katherine_Sebov,Katherine Sebov,Total,8,31,7,5,1
20230117-W-Australian_Open-R128-Caroline_Garcia-Katherine_Sebov,Katherine Sebov,F,5,11,5,4,1
20230117-W-Australian_Open-R128-Caroline_Garcia-Katherine_Sebov,Katherine Sebov,B,3,20,2,1,0
20230117-W-Australian_Open-R128-Camila_Giorgi-Anastasia_Pavlyuchenkova,Camila Giorgi,Total,28,18,1,5,0
20230117-W-Australian_Open-R128-Camila_Giorgi-Anastasia_Pavlyuchenkova,Camila Giorgi,F,18,13,0,3,0
20230117-W-Australian_Open-R128-Camila_Giorgi-Anastasia_Pavlyuchenkova,Camila Giorgi,B,9,5,1,2,0
20230117-W-Australian_Open-R128-Camila_Giorgi-Anastasia_Pavlyuchenkova,Camila Giorgi,S,1,0,0,0,0
20230117-W-Australian_Open-R128-Camila_Giorgi-Anastasia_Pavlyuchenkova,Anastasia Pavlyuchenkova,Total,16,20,5,11,0
20230117-W-Australian_Open-R128-Camila_Giorgi-Anastasia_Pavlyuchenkova,Anastasia Pavlyuchenkova,F,9,11,2,9,0
20230117-W-Australian_Open-R128-Camila_Giorgi-Anastasia_Pavlyuchenkova,Anastasia Pavlyuchenkova,B,7,9,2,2,0
20230117-W-Australian_Open-R128-Camila_Giorgi-Anastasia_Pavlyuchenkova,Anastasia Pavlyuchenkova,S,0,0,1,0,0
20230117-W-Australian_Open-R128-Anett_Kontaveit-Julia_Grabher,Anett Kontaveit,Total,31,9,10,9,0
20230117-W-Australian_Open-R128-Anett_Kontaveit-Julia_Grabher,Anett Kontaveit,F,17,4,3,4,0
20230117-W-Australian_Open-R128-Anett_Kontaveit-Julia_Grabher,Anett Kontaveit,B,14,5,7,5,0
20230117-W-Australian_Open-R128-Anett_Kontaveit-Julia_Grabher,Julia Grabher,Total,25,21,6,6,3
20230117-W-Australian_Open-R128-Anett_Kontaveit-Julia_Grabher,Julia Grabher,F,20,9,4,6,3
20230117-W-Australian_Open-R128-Anett_Kontaveit-Julia_Grabher,Julia Grabher,B,4,12,2,0,0
20230117-W-Australian_Open-R128-Anett_Kontaveit-Julia_Grabher,Julia Grabher,S,1,0,0,0,0
20230116-W-Australian_Open-R128-Yue_Yuan-Maria_Sakkari,Yue Yuan,Total,85,74,25,23,0
20230116-W-Australian_Open-R128-Yue_Yuan-Maria_Sakkari,Yue Yuan,F,47,28,20,20,0
20230116-W-Australian_Open-R128-Yue_Yuan-Maria_Sakkari,Yue Yuan,B,37,46,5,3,0
20230116-W-Australian_Open-R128-Yue_Yuan-Maria_Sakkari,Yue Yuan,S,1,0,0,0,0
20230116-W-Australian_Open-R128-Yue_Yuan-Maria_Sakkari,Maria Sakkari,Total,95,49,26,21,2
20230116-W-Australian_Open-R128-Yue_Yuan-Maria_Sakkari,Maria Sakkari,F,49,20,17,20,2
20230116-W-Australian_Open-R128-Yue_Yuan-Maria_Sakkari,Maria Sakkari,B,42,23,9,1,0
20230116-W-Australian_Open-R128-Yue_Yuan-Maria_Sakkari,Maria Sakkari,S,4,6,0,0,0
20230116-W-Australian_Open-R128-Tamara_Korpatsch-Emma_Raducanu,Tamara Korpatsch,Total,51,63,18,28,0
20230116-W-Australian_Open-R128-Tamara_Korpatsch-Emma_Raducanu,Tamara Korpatsch,F,18,28,9,22,0
20230116-W-Australian_Open-R128-Tamara_Korpatsch-Emma_Raducanu,Tamara Korpatsch,B,33,31,9,6,0
20230116-W-Australian_Open-R128-Tamara_Korpatsch-Emma_Raducanu,Tamara Korpatsch,S,0,4,0,0,0
20230116-W-Australian_Open-R128-Tamara_Korpatsch-Emma_Raducanu,Emma Raducanu,Total,74,56,13,17,3
20230116-W-Australian_Open-R128-Tamara_Korpatsch-Emma_Raducanu,Emma Raducanu,F,22,21,7,13,3
20230116-W-Australian_Open-R128-Tamara_Korpatsch-Emma_Raducanu,Emma Raducanu,B,50,35,6,4,0
20230116-W-Australian_Open-R128-Tamara_Korpatsch-Emma_Raducanu,Emma Raducanu,S,2,0,0,0,0
20230116-W-Australian_Open-R128-Sofia_Kenin-Victoria_Azarenka,Sofia Kenin,Total,116,58,33,28,0
20230116-W-Australian_Open-R128-Sofia_Kenin-Victoria_Azarenka,Sofia Kenin,F,58,23,16,17,0
20230116-W-Australian_Open-R128-Sofia_Kenin-Victoria_Azarenka,Sofia Kenin,B,58,31,16,10,0
20230116-W-Australian_Open-R128-Sofia_Kenin-Victoria_Azarenka,Sofia Kenin,S,0,4,1,1,0
20230116-W-Australian_Open-R128-Sofia_Kenin-Victoria_Azarenka,Victoria Azarenka,Total,81,86,31,22,0
20230116-W-Australian_Open-R128-Sofia_Kenin-Victoria_Azarenka,Victoria Azarenka,F,43,37,19,13,0
20230116-W-Australian_Open-R128-Sofia_Kenin-Victoria_Azarenka,Victoria Azarenka,B,29,40,7,9,0
20230116-W-Australian_Open-R128-Sofia_Kenin-Victoria_Azarenka,Victoria Azarenka,S,9,9,5,0,0
20230116-W-Australian_Open-R128-Selena_Janicijevic-Kaja_Juvan,Selena Janicijevic,Total,49,28,16,21,1
20230116-W-Australian_Open-R128-Selena_Janicijevic-Kaja_Juvan,Selena Janicijevic,F,12,9,9,11,1
20230116-W-Australian_Open-R128-Selena_Janicijevic-Kaja_Juvan,Selena Janicijevic,B,32,14,3,9,0
20230116-W-Australian_Open-R128-Selena_Janicijevic-Kaja_Juvan,Selena Janicijevic,S,5,5,4,1,0
20230116-W-Australian_Open-R128-Selena_Janicijevic-Kaja_Juvan,Kaja Juvan,Total,42,34,15,22,4
20230116-W-Australian_Open-R128-Selena_Janicijevic-Kaja_Juvan,Kaja Juvan,F,26,11,8,20,4
20230116-W-Australian_Open-R128-Selena_Janicijevic-Kaja_Juvan,Kaja Juvan,B,14,18,4,2,0
20230116-W-Australian_Open-R128-Selena_Janicijevic-Kaja_Juvan,Kaja Juvan,S,2,5,3,0,0
20230116-W-Australian_Open-R128-Sara_Bejlek-Barbora_Krejcikova,Sara Bejlek,Total,37,42,15,12,2
20230116-W-Australian_Open-R128-Sara_Bejlek-Barbora_Krejcikova,Sara Bejlek,F,21,17,4,6,2
20230116-W-Australian_Open-R128-Sara_Bejlek-Barbora_Krejcikova,Sara Bejlek,B,15,22,9,5,0
20230116-W-Australian_Open-R128-Sara_Bejlek-Barbora_Krejcikova,Sara Bejlek,S,1,3,2,1,0
20230116-W-Australian_Open-R128-Sara_Bejlek-Barbora_Krejcikova,Barbora Krejcikova,Total,60,19,12,14,0
20230116-W-Australian_Open-R128-Sara_Bejlek-Barbora_Krejcikova,Barbora Krejcikova,F,35,9,4,10,0
20230116-W-Australian_Open-R128-Sara_Bejlek-Barbora_Krejcikova,Barbora Krejcikova,B,24,8,7,2,0
20230116-W-Australian_Open-R128-Sara_Bejlek-Barbora_Krejcikova,Barbora Krejcikova,S,1,2,1,2,0
20230116-W-Australian_Open-R128-Olivia_Gadecki-Polina_Kudermetova,Olivia Gadecki,Total,32,27,7,7,0
20230116-W-Australian_Open-R128-Olivia_Gadecki-Polina_Kudermetova,Olivia Gadecki,F,24,15,5,4,0
20230116-W-Australian_Open-R128-Olivia_Gadecki-Polina_Kudermetova,Olivia Gadecki,B,6,11,2,3,0
20230116-W-Australian_Open-R128-Olivia_Gadecki-Polina_Kudermetova,Olivia Gadecki,S,2,1,0,0,0
20230116-W-Australian_Open-R128-Olivia_Gadecki-Polina_Kudermetova,Polina Kudermetova,Total,41,23,11,13,0
20230116-W-Australian_Open-R128-Olivia_Gadecki-Polina_Kudermetova,Polina Kudermetova,F,24,12,5,7,0
20230116-W-Australian_Open-R128-Olivia_Gadecki-Polina_Kudermetova,Polina Kudermetova,B,17,9,6,6,0
20230116-W-Australian_Open-R128-Olivia_Gadecki-Polina_Kudermetova,Polina Kudermetova,S,0,2,0,0,0
20230116-W-Australian_Open-R128-Marta_Kostyuk-Amanda_Anisimova,Marta Kostyuk,Total,36,35,21,20,0
20230116-W-Australian_Open-R128-Marta_Kostyuk-Amanda_Anisimova,Marta Kostyuk,F,17,16,14,17,0
20230116-W-Australian_Open-R128-Marta_Kostyuk-Amanda_Anisimova,Marta Kostyuk,B,15,18,7,3,0
20230116-W-Australian_Open-R128-Marta_Kostyuk-Amanda_Anisimova,Marta Kostyuk,S,4,1,0,0,0
20230116-W-Australian_Open-R128-Marta_Kostyuk-Amanda_Anisimova,Amanda Anisimova,Total,43,27,24,27,0
20230116-W-Australian_Open-R128-Marta_Kostyuk-Amanda_Anisimova,Amanda Anisimova,F,23,10,8,17,0
20230116-W-Australian_Open-R128-Marta_Kostyuk-Amanda_Anisimova,Amanda Anisimova,B,20,15,14,8,0
20230116-W-Australian_Open-R128-Marta_Kostyuk-Amanda_Anisimova,Amanda Anisimova,S,0,2,2,2,0
20230116-W-Australian_Open-R128-Jessica_Pegula-Jaqueline_Cristian,Jessica Pegula,Total,63,28,7,12,0
20230116-W-Australian_Open-R128-Jessica_Pegula-Jaqueline_Cristian,Jessica Pegula,F,31,11,6,9,0
20230116-W-Australian_Open-R128-Jessica_Pegula-Jaqueline_Cristian,Jessica Pegula,B,30,16,1,3,0
20230116-W-Australian_Open-R128-Jessica_Pegula-Jaqueline_Cristian,Jessica Pegula,S,2,1,0,0,0
20230116-W-Australian_Open-R128-Jessica_Pegula-Jaqueline_Cristian,Jaqueline Cristian,Total,36,41,16,27,0
20230116-W-Australian_Open-R128-Jessica_Pegula-Jaqueline_Cristian,Jaqueline Cristian,F,17,15,8,21,0
20230116-W-Australian_Open-R128-Jessica_Pegula-Jaqueline_Cristian,Jaqueline Cristian,B,18,21,8,6,0
20230116-W-Australian_Open-R128-Jessica_Pegula-Jaqueline_Cristian,Jaqueline Cristian,S,1,5,0,0,0
20230116-W-Australian_Open-R128-Iga_Swiatek-Jule_Niemeier,Iga Swiatek,Total,90,33,27,21,1
20230116-W-Australian_Open-R128-Iga_Swiatek-Jule_Niemeier,Iga Swiatek,F,54,14,15,14,1
20230116-W-Australian_Open-R128-Iga_Swiatek-Jule_Niemeier,Iga Swiatek,B,35,19,12,7,0
20230116-W-Australian_Open-R128-Iga_Swiatek-Jule_Niemeier,Iga Swiatek,S,1,0,0,0,0
20230116-W-Australian_Open-R128-Iga_Swiatek-Jule_Niemeier,Jule Niemeier,Total,55,57,20,17,1
20230116-W-Australian_Open-R128-Iga_Swiatek-Jule_Niemeier,Jule Niemeier,F,33,30,12,14,1
20230116-W-Australian_Open-R128-Iga_Swiatek-Jule_Niemeier,Jule Niemeier,B,17,19,7,1,0
20230116-W-Australian_Open-R128-Iga_Swiatek-Jule_Niemeier,Jule Niemeier,S,5,8,1,2,0
20230116-W-Australian_Open-R128-Eva_Lys-Cristina_Bucsa,Eva Lys,Total,91,74,33,22,1
20230116-W-Australian_Open-R128-Eva_Lys-Cristina_Bucsa,Eva Lys,F,43,37,20,12,1
20230116-W-Australian_Open-R128-Eva_Lys-Cristina_Bucsa,Eva Lys,B,47,36,12,10,0
20230116-W-Australian_Open-R128-Eva_Lys-Cristina_Bucsa,Eva Lys,S,1,1,1,0,0
20230116-W-Australian_Open-R128-Eva_Lys-Cristina_Bucsa,Cristina Bucsa,Total,77,58,28,33,1
20230116-W-Australian_Open-R128-Eva_Lys-Cristina_Bucsa,Cristina Bucsa,F,42,23,14,29,1
20230116-W-Australian_Open-R128-Eva_Lys-Cristina_Bucsa,Cristina Bucsa,B,29,34,14,3,0
20230116-W-Australian_Open-R128-Eva_Lys-Cristina_Bucsa,Cristina Bucsa,S,6,1,0,1,0
20230116-W-Australian_Open-R128-Elena_Rybakina-Elisabetta_Cocciaretto,Elena Rybakina,Total,68,26,15,17,1
20230116-W-Australian_Open-R128-Elena_Rybakina-Elisabetta_Cocciaretto,Elena Rybakina,F,42,9,7,12,1
20230116-W-Australian_Open-R128-Elena_Rybakina-Elisabetta_Cocciaretto,Elena Rybakina,B,24,17,8,5,0
20230116-W-Australian_Open-R128-Elena_Rybakina-Elisabetta_Cocciaretto,Elena Rybakina,S,2,0,0,0,0
20230116-W-Australian_Open-R128-Elena_Rybakina-Elisabetta_Cocciaretto,Elisabetta Cocciaretto,Total,68,43,15,8,1
20230116-W-Australian_Open-R128-Elena_Rybakina-Elisabetta_Cocciaretto,Elisabetta Cocciaretto,F,37,16,8,3,1
20230116-W-Australian_Open-R128-Elena_Rybakina-Elisabetta_Cocciaretto,Elisabetta Cocciaretto,B,30,24,7,5,0
20230116-W-Australian_Open-R128-Elena_Rybakina-Elisabetta_Cocciaretto,Elisabetta Cocciaretto,S,1,3,0,0,0
20230116-W-Australian_Open-R128-Diana_Shnaider-Kristina_Kucova,Diana Shnaider,Total,73,63,15,27,1
20230116-W-Australian_Open-R128-Diana_Shnaider-Kristina_Kucova,Diana Shnaider,F,46,27,7,18,1
20230116-W-Australian_Open-R128-Diana_Shnaider-Kristina_Kucova,Diana Shnaider,B,25,33,6,9,0
20230116-W-Australian_Open-R128-Diana_Shnaider-Kristina_Kucova,Diana Shnaider,S,2,3,2,0,0
20230116-W-Australian_Open-R128-Diana_Shnaider-Kristina_Kucova,Kristina Kucova,Total,60,63,16,23,0
20230116-W-Australian_Open-R128-Diana_Shnaider-Kristina_Kucova,Kristina Kucova,F,36,31,5,10,0
20230116-W-Australian_Open-R128-Diana_Shnaider-Kristina_Kucova,Kristina Kucova,B,24,31,10,13,0
20230116-W-Australian_Open-R128-Diana_Shnaider-Kristina_Kucova,Kristina Kucova,S,0,1,1,0,0
20230116-W-Australian_Open-R128-Coco_Gauff-Katerina_Siniakova,Coco Gauff,Total,54,55,26,32,0
20230116-W-Australian_Open-R128-Coco_Gauff-Katerina_Siniakova,Coco Gauff,F,25,25,13,23,0
20230116-W-Australian_Open-R128-Coco_Gauff-Katerina_Siniakova,Coco Gauff,B,28,27,13,9,0
20230116-W-Australian_Open-R128-Coco_Gauff-Katerina_Siniakova,Coco Gauff,S,1,3,0,0,0
20230116-W-Australian_Open-R128-Coco_Gauff-Katerina_Siniakova,Katerina Siniakova,Total,91,51,16,12,0
20230116-W-Australian_Open-R128-Coco_Gauff-Katerina_Siniakova,Katerina Siniakova,F,47,21,6,7,0
20230116-W-Australian_Open-R128-Coco_Gauff-Katerina_Siniakova,Katerina Siniakova,B,44,29,9,5,0
20230116-W-Australian_Open-R128-Coco_Gauff-Katerina_Siniakova,Katerina Siniakova,S,0,1,1,0,0
20230116-W-Australian_Open-R128-Bianca_Andreescu-Marie_Bouzkova,Bianca Andreescu,Total,77,48,16,25,0
20230116-W-Australian_Open-R128-Bianca_Andreescu-Marie_Bouzkova,Bianca Andreescu,F,40,16,5,15,0
20230116-W-Australian_Open-R128-Bianca_Andreescu-Marie_Bouzkova,Bianca Andreescu,B,37,27,6,10,0
20230116-W-Australian_Open-R128-Bianca_Andreescu-Marie_Bouzkova,Bianca Andreescu,S,0,5,5,0,0
20230116-W-Australian_Open-R128-Bianca_Andreescu-Marie_Bouzkova,Marie Bouzkova,Total,64,55,23,24,0
20230116-W-Australian_Open-R128-Bianca_Andreescu-Marie_Bouzkova,Marie Bouzkova,F,30,26,16,17,0
20230116-W-Australian_Open-R128-Bianca_Andreescu-Marie_Bouzkova,Marie Bouzkova,B,32,27,6,7,0
20230116-W-Australian_Open-R128-Bianca_Andreescu-Marie_Bouzkova,Marie Bouzkova,S,2,2,1,0,0
20230116-W-Australian_Open-R128-Aliaksandra_Sasnovich-Brenda_Fruhvirtova,Aliaksandra Sasnovich,Total,57,24,18,13,2
20230116-W-Australian_Open-R128-Aliaksandra_Sasnovich-Brenda_Fruhvirtova,Aliaksandra Sasnovich,F,31,13,9,6,2
20230116-W-Australian_Open-R128-Aliaksandra_Sasnovich-Brenda_Fruhvirtova,Aliaksandra Sasnovich,B,23,11,8,5,0
20230116-W-Australian_Open-R128-Aliaksandra_Sasnovich-Brenda_Fruhvirtova,Aliaksandra Sasnovich,S,3,0,1,2,0
20230116-W-Australian_Open-R128-Aliaksandra_Sasnovich-Brenda_Fruhvirtova,Brenda Fruhvirtova,Total,25,43,21,14,0
20230116-W-Australian_Open-R128-Aliaksandra_Sasnovich-Brenda_Fruhvirtova,Brenda Fruhvirtova,F,11,16,10,6,0
20230116-W-Australian_Open-R128-Aliaksandra_Sasnovich-Brenda_Fruhvirtova,Brenda Fruhvirtova,B,10,23,11,7,0
20230116-W-Australian_Open-R128-Aliaksandra_Sasnovich-Brenda_Fruhvirtova,Brenda Fruhvirtova,S,4,4,0,1,0
20230109-W-Australian_Open-Q1-Ashlyn_Krueger-Eugenie_Bouchard,Ashlyn Krueger,Total,99,74,20,21,2
20230109-W-Australian_Open-Q1-Ashlyn_Krueger-Eugenie_Bouchard,Ashlyn Krueger,F,65,30,9,13,2
20230109-W-Australian_Open-Q1-Ashlyn_Krueger-Eugenie_Bouchard,Ashlyn Krueger,B,31,37,8,8,0
20230109-W-Australian_Open-Q1-Ashlyn_Krueger-Eugenie_Bouchard,Ashlyn Krueger,S,3,7,3,0,0
20230109-W-Australian_Open-Q1-Ashlyn_Krueger-Eugenie_Bouchard,Eugenie Bouchard,Total,92,63,18,32,0
20230109-W-Australian_Open-Q1-Ashlyn_Krueger-Eugenie_Bouchard,Eugenie Bouchard,F,54,38,11,26,0
20230109-W-Australian_Open-Q1-Ashlyn_Krueger-Eugenie_Bouchard,Eugenie Bouchard,B,35,25,7,6,0
20230109-W-Australian_Open-Q1-Ashlyn_Krueger-Eugenie_Bouchard,Eugenie Bouchard,S,3,0,0,0,0
20220910-W-US_Open-F-Iga_Swiatek-Ons_Jabeur,Iga Swiatek,Total,99,72,36,34,0
20220910-W-US_Open-F-Iga_Swiatek-Ons_Jabeur,Iga Swiatek,F,59,44,20,25,0
20220910-W-US_Open-F-Iga_Swiatek-Ons_Jabeur,Iga Swiatek,B,39,28,16,9,0
20220910-W-US_Open-F-Iga_Swiatek-Ons_Jabeur,Iga Swiatek,S,1,0,0,0,0
20220910-W-US_Open-F-Iga_Swiatek-Ons_Jabeur,Ons Jabeur,Total,103,72,34,28,2
20220910-W-US_Open-F-Iga_Swiatek-Ons_Jabeur,Ons Jabeur,F,70,35,13,16,2
20220910-W-US_Open-F-Iga_Swiatek-Ons_Jabeur,Ons Jabeur,B,27,28,19,12,0
20220910-W-US_Open-F-Iga_Swiatek-Ons_Jabeur,Ons Jabeur,S,6,9,2,0,0
20220907-W-US_Open-QF-Iga_Swiatek-Jessica_Pegula,Iga Swiatek,Total,137,63,40,34,0
20220907-W-US_Open-QF-Iga_Swiatek-Jessica_Pegula,Iga Swiatek,F,81,44,26,23,0
20220907-W-US_Open-QF-Iga_Swiatek-Jessica_Pegula,Iga Swiatek,B,55,18,14,11,0
20220907-W-US_Open-QF-Iga_Swiatek-Jessica_Pegula,Iga Swiatek,S,1,1,0,0,0
20220907-W-US_Open-QF-Iga_Swiatek-Jessica_Pegula,Jessica Pegula,Total,131,84,28,17,0
20220907-W-US_Open-QF-Iga_Swiatek-Jessica_Pegula,Jessica Pegula,F,84,44,10,10,0
20220907-W-US_Open-QF-Iga_Swiatek-Jessica_Pegula,Jessica Pegula,B,40,34,15,6,0
20220907-W-US_Open-QF-Iga_Swiatek-Jessica_Pegula,Jessica Pegula,S,7,6,3,1,0
20220906-W-US_Open-QF-Caroline_Garcia-Coco_Gauff,Caroline Garcia,Total,67,31,13,19,2
20220906-W-US_Open-QF-Caroline_Garcia-Coco_Gauff,Caroline Garcia,F,42,14,7,18,2
20220906-W-US_Open-QF-Caroline_Garcia-Coco_Gauff,Caroline Garcia,B,24,16,5,1,0
20220906-W-US_Open-QF-Caroline_Garcia-Coco_Gauff,Caroline Garcia,S,1,1,1,0,0
20220906-W-US_Open-QF-Caroline_Garcia-Coco_Gauff,Coco Gauff,Total,43,47,19,12,0
20220906-W-US_Open-QF-Caroline_Garcia-Coco_Gauff,Coco Gauff,F,20,24,12,9,0
20220906-W-US_Open-QF-Caroline_Garcia-Coco_Gauff,Coco Gauff,B,22,21,7,3,0
20220906-W-US_Open-QF-Caroline_Garcia-Coco_Gauff,Coco Gauff,S,1,2,0,0,0
20220905-W-US_Open-R16-Petra_Kvitova-Jessica_Pegula,Petra Kvitova,Total,46,29,6,17,0
20220905-W-US_Open-R16-Petra_Kvitova-Jessica_Pegula,Petra Kvitova,F,23,17,2,7,0
20220905-W-US_Open-R16-Petra_Kvitova-Jessica_Pegula,Petra Kvitova,B,19,12,4,8,0
20220905-W-US_Open-R16-Petra_Kvitova-Jessica_Pegula,Petra Kvitova,S,4,0,0,2,0
20220905-W-US_Open-R16-Petra_Kvitova-Jessica_Pegula,Jessica Pegula,Total,36,51,5,6,1
20220905-W-US_Open-R16-Petra_Kvitova-Jessica_Pegula,Jessica Pegula,F,20,18,2,4,1
20220905-W-US_Open-R16-Petra_Kvitova-Jessica_Pegula,Jessica Pegula,B,12,31,2,2,0
20220905-W-US_Open-R16-Petra_Kvitova-Jessica_Pegula,Jessica Pegula,S,4,2,1,0,0
20220905-W-US_Open-R16-Karolina_Pliskova-Victoria_Azarenka,Karolina Pliskova,Total,168,79,34,37,2
20220905-W-US_Open-R16-Karolina_Pliskova-Victoria_Azarenka,Karolina Pliskova,F,88,21,15,22,2
20220905-W-US_Open-R16-Karolina_Pliskova-Victoria_Azarenka,Karolina Pliskova,B,67,52,17,15,0
20220905-W-US_Open-R16-Karolina_Pliskova-Victoria_Azarenka,Karolina Pliskova,S,13,6,2,0,0
20220905-W-US_Open-R16-Karolina_Pliskova-Victoria_Azarenka,Victoria Azarenka,Total,132,81,53,48,0
20220905-W-US_Open-R16-Karolina_Pliskova-Victoria_Azarenka,Victoria Azarenka,F,68,36,29,32,0
20220905-W-US_Open-R16-Karolina_Pliskova-Victoria_Azarenka,Victoria Azarenka,B,51,37,24,14,0
20220905-W-US_Open-R16-Karolina_Pliskova-Victoria_Azarenka,Victoria Azarenka,S,13,8,0,2,0
20220905-W-US_Open-R16-Iga_Swiatek-Jule_Niemeier,Iga Swiatek,Total,91,50,21,13,0
20220905-W-US_Open-R16-Iga_Swiatek-Jule_Niemeier,Iga Swiatek,F,45,17,13,10,0
20220905-W-US_Open-R16-Iga_Swiatek-Jule_Niemeier,Iga Swiatek,B,44,32,7,3,0
20220905-W-US_Open-R16-Iga_Swiatek-Jule_Niemeier,Iga Swiatek,S,2,1,1,0,0
20220905-W-US_Open-R16-Iga_Swiatek-Jule_Niemeier,Jule Niemeier,Total,65,51,20,19,3
20220905-W-US_Open-R16-Iga_Swiatek-Jule_Niemeier,Jule Niemeier,F,32,25,10,15,2
20220905-W-US_Open-R16-Iga_Swiatek-Jule_Niemeier,Jule Niemeier,B,27,20,8,2,1
20220905-W-US_Open-R16-Iga_Swiatek-Jule_Niemeier,Jule Niemeier,S,6,6,2,2,0
20220905-W-US_Open-R16-Danielle_Collins-Aryna_Sabalenka,Danielle Collins,Total,62,39,18,11,1
20220905-W-US_Open-R16-Danielle_Collins-Aryna_Sabalenka,Danielle Collins,F,32,18,13,8,1
20220905-W-US_Open-R16-Danielle_Collins-Aryna_Sabalenka,Danielle Collins,B,30,19,5,3,0
20220905-W-US_Open-R16-Danielle_Collins-Aryna_Sabalenka,Danielle Collins,S,0,2,0,0,0
20220905-W-US_Open-R16-Danielle_Collins-Aryna_Sabalenka,Aryna Sabalenka,Total,52,32,19,15,0
20220905-W-US_Open-R16-Danielle_Collins-Aryna_Sabalenka,Aryna Sabalenka,F,31,16,8,12,0
20220905-W-US_Open-R16-Danielle_Collins-Aryna_Sabalenka,Aryna Sabalenka,B,19,7,10,3,0
20220905-W-US_Open-R16-Danielle_Collins-Aryna_Sabalenka,Aryna Sabalenka,S,2,9,1,0,0
20220904-W-US_Open-R16-Shuai_Zhang-Coco_Gauff,Shuai Zhang,Total,144,70,37,22,0
20220904-W-US_Open-R16-Shuai_Zhang-Coco_Gauff,Shuai Zhang,F,61,27,7,12,0
20220904-W-US_Open-R16-Shuai_Zhang-Coco_Gauff,Shuai Zhang,B,82,43,28,10,0
20220904-W-US_Open-R16-Shuai_Zhang-Coco_Gauff,Shuai Zhang,S,1,0,2,0,0
20220904-W-US_Open-R16-Shuai_Zhang-Coco_Gauff,Coco Gauff,Total,84,94,54,37,1
20220904-W-US_Open-R16-Shuai_Zhang-Coco_Gauff,Coco Gauff,F,40,44,34,23,1
20220904-W-US_Open-R16-Shuai_Zhang-Coco_Gauff,Coco Gauff,B,43,44,19,14,0
20220904-W-US_Open-R16-Shuai_Zhang-Coco_Gauff,Coco Gauff,S,1,6,1,0,0
20220904-W-US_Open-R16-Liudmila_Samsonova-Ajla_Tomljanovic,Liudmila Samsonova,Total,105,54,9,41,3
20220904-W-US_Open-R16-Liudmila_Samsonova-Ajla_Tomljanovic,Liudmila Samsonova,F,68,24,7,35,3
20220904-W-US_Open-R16-Liudmila_Samsonova-Ajla_Tomljanovic,Liudmila Samsonova,B,37,30,2,5,0
20220904-W-US_Open-R16-Liudmila_Samsonova-Ajla_Tomljanovic,Liudmila Samsonova,S,0,0,0,1,0
20220904-W-US_Open-R16-Liudmila_Samsonova-Ajla_Tomljanovic,Ajla Tomljanovic,Total,73,101,13,10,0
20220904-W-US_Open-R16-Liudmila_Samsonova-Ajla_Tomljanovic,Ajla Tomljanovic,F,34,44,11,4,0
20220904-W-US_Open-R16-Liudmila_Samsonova-Ajla_Tomljanovic,Ajla Tomljanovic,B,36,49,2,6,0
20220904-W-US_Open-R16-Liudmila_Samsonova-Ajla_Tomljanovic,Ajla Tomljanovic,S,3,8,0,0,0
20220904-W-US_Open-R16-Caroline_Garcia-Alison_Riske_Amritraj,Caroline Garcia,Total,60,29,7,13,1
20220904-W-US_Open-R16-Caroline_Garcia-Alison_Riske_Amritraj,Caroline Garcia,F,38,15,7,11,1
20220904-W-US_Open-R16-Caroline_Garcia-Alison_Riske_Amritraj,Caroline Garcia,B,22,14,0,1,0
20220904-W-US_Open-R16-Caroline_Garcia-Alison_Riske_Amritraj,Caroline Garcia,S,0,0,0,1,0
20220904-W-US_Open-R16-Caroline_Garcia-Alison_Riske_Amritraj,Alison Riske Amritraj,Total,30,46,6,13,0
20220904-W-US_Open-R16-Caroline_Garcia-Alison_Riske_Amritraj,Alison Riske Amritraj,F,14,21,3,8,0
20220904-W-US_Open-R16-Caroline_Garcia-Alison_Riske_Amritraj,Alison Riske Amritraj,B,16,24,3,5,0
20220904-W-US_Open-R16-Caroline_Garcia-Alison_Riske_Amritraj,Alison Riske Amritraj,S,0,1,0,0,0
20220903-W-US_Open-R32-Serena_Williams-Ajla_Tomljanovic,Serena Williams,Total,106,93,34,61,1
20220903-W-US_Open-R32-Serena_Williams-Ajla_Tomljanovic,Serena Williams,F,60,41,13,30,1
20220903-W-US_Open-R32-Serena_Williams-Ajla_Tomljanovic,Serena Williams,B,43,47,21,30,0
20220903-W-US_Open-R32-Serena_Williams-Ajla_Tomljanovic,Serena Williams,S,3,5,0,1,0
20220903-W-US_Open-R32-Serena_Williams-Ajla_Tomljanovic,Ajla Tomljanovic,Total,104,136,21,27,0
20220903-W-US_Open-R32-Serena_Williams-Ajla_Tomljanovic,Ajla Tomljanovic,F,56,63,16,22,0
20220903-W-US_Open-R32-Serena_Williams-Ajla_Tomljanovic,Ajla Tomljanovic,B,45,63,4,5,0
20220903-W-US_Open-R32-Serena_Williams-Ajla_Tomljanovic,Ajla Tomljanovic,S,3,10,1,0,0
20220903-W-US_Open-R32-Petra_Kvitova-Garbine_Muguruza,Petra Kvitova,Total,85,58,7,37,2
20220903-W-US_Open-R32-Petra_Kvitova-Garbine_Muguruza,Petra Kvitova,F,38,24,4,23,2
20220903-W-US_Open-R32-Petra_Kvitova-Garbine_Muguruza,Petra Kvitova,B,42,26,2,14,0
20220903-W-US_Open-R32-Petra_Kvitova-Garbine_Muguruza,Petra Kvitova,S,5,8,1,0,0
20220903-W-US_Open-R32-Petra_Kvitova-Garbine_Muguruza,Garbine Muguruza,Total,68,82,13,19,0
20220903-W-US_Open-R32-Petra_Kvitova-Garbine_Muguruza,Garbine Muguruza,F,48,39,7,7,0
20220903-W-US_Open-R32-Petra_Kvitova-Garbine_Muguruza,Garbine Muguruza,B,20,43,6,12,0
20220903-W-US_Open-R32-Iga_Swiatek-Lauren_Davis,Iga Swiatek,Total,109,34,29,22,2
20220903-W-US_Open-R32-Iga_Swiatek-Lauren_Davis,Iga Swiatek,F,50,16,12,13,2
20220903-W-US_Open-R32-Iga_Swiatek-Lauren_Davis,Iga Swiatek,B,58,17,16,9,0
20220903-W-US_Open-R32-Iga_Swiatek-Lauren_Davis,Iga Swiatek,S,1,1,1,0,0
20220903-W-US_Open-R32-Iga_Swiatek-Lauren_Davis,Lauren Davis,Total,74,54,43,26,0
20220903-W-US_Open-R32-Iga_Swiatek-Lauren_Davis,Lauren Davis,F,34,17,33,17,0
20220903-W-US_Open-R32-Iga_Swiatek-Lauren_Davis,Lauren Davis,B,35,35,10,9,0
20220903-W-US_Open-R32-Iga_Swiatek-Lauren_Davis,Lauren Davis,S,5,2,0,0,0
20220902-W-US_Open-R32-Coco_Gauff-Madison_Keys,Coco Gauff,Total,48,39,27,32,0
20220902-W-US_Open-R32-Coco_Gauff-Madison_Keys,Coco Gauff,F,24,16,21,23,0
20220902-W-US_Open-R32-Coco_Gauff-Madison_Keys,Coco Gauff,B,22,16,6,9,0
20220902-W-US_Open-R32-Coco_Gauff-Madison_Keys,Coco Gauff,S,2,7,0,0,0
20220902-W-US_Open-R32-Coco_Gauff-Madison_Keys,Madison Keys,Total,59,49,21,23,3
20220902-W-US_Open-R32-Coco_Gauff-Madison_Keys,Madison Keys,F,32,24,2,21,3
20220902-W-US_Open-R32-Coco_Gauff-Madison_Keys,Madison Keys,B,26,21,18,1,0
20220902-W-US_Open-R32-Coco_Gauff-Madison_Keys,Madison Keys,S,1,4,1,1,0
20220902-W-US_Open-R32-Caroline_Garcia-Bianca_Andreescu,Caroline Garcia,Total,62,27,8,20,5
20220902-W-US_Open-R32-Caroline_Garcia-Bianca_Andreescu,Caroline Garcia,F,34,18,6,20,5
20220902-W-US_Open-R32-Caroline_Garcia-Bianca_Andreescu,Caroline Garcia,B,28,8,2,0,0
20220902-W-US_Open-R32-Caroline_Garcia-Bianca_Andreescu,Caroline Garcia,S,0,1,0,0,0
20220902-W-US_Open-R32-Caroline_Garcia-Bianca_Andreescu,Bianca Andreescu,Total,45,38,11,13,0
20220902-W-US_Open-R32-Caroline_Garcia-Bianca_Andreescu,Bianca Andreescu,F,21,14,6,8,0
20220902-W-US_Open-R32-Caroline_Garcia-Bianca_Andreescu,Bianca Andreescu,B,22,21,4,5,0
20220902-W-US_Open-R32-Caroline_Garcia-Bianca_Andreescu,Bianca Andreescu,S,2,3,1,0,0
20220901-W-US_Open-R64-Linda_Fruhvirtova-Garbine_Muguruza,Linda Fruhvirtova,Total,43,54,11,14,0
20220901-W-US_Open-R64-Linda_Fruhvirtova-Garbine_Muguruza,Linda Fruhvirtova,F,23,34,7,13,0
20220901-W-US_Open-R64-Linda_Fruhvirtova-Garbine_Muguruza,Linda Fruhvirtova,B,18,19,4,1,0
20220901-W-US_Open-R64-Linda_Fruhvirtova-Garbine_Muguruza,Linda Fruhvirtova,S,2,1,0,0,0
20220901-W-US_Open-R64-Linda_Fruhvirtova-Garbine_Muguruza,Garbine Muguruza,Total,58,38,16,21,0
20220901-W-US_Open-R64-Linda_Fruhvirtova-Garbine_Muguruza,Garbine Muguruza,F,32,18,3,12,0
20220901-W-US_Open-R64-Linda_Fruhvirtova-Garbine_Muguruza,Garbine Muguruza,B,26,20,13,9,0
20220901-W-US_Open-R64-Iga_Swiatek-Sloane_Stephens,Iga Swiatek,Total,50,19,23,12,0
20220901-W-US_Open-R64-Iga_Swiatek-Sloane_Stephens,Iga Swiatek,F,20,9,11,10,0
20220901-W-US_Open-R64-Iga_Swiatek-Sloane_Stephens,Iga Swiatek,B,30,10,12,2,0
20220901-W-US_Open-R64-Iga_Swiatek-Sloane_Stephens,Sloane Stephens,Total,37,35,15,10,0
20220901-W-US_Open-R64-Iga_Swiatek-Sloane_Stephens,Sloane Stephens,F,17,15,5,9,0
20220901-W-US_Open-R64-Iga_Swiatek-Sloane_Stephens,Sloane Stephens,B,17,18,10,1,0
20220901-W-US_Open-R64-Iga_Swiatek-Sloane_Stephens,Sloane Stephens,S,3,2,0,0,0
20220901-W-US_Open-R64-Beatriz_Haddad_Maia-Bianca_Andreescu,Beatriz Haddad Maia,Total,66,72,5,19,5
20220901-W-US_Open-R64-Beatriz_Haddad_Maia-Bianca_Andreescu,Beatriz Haddad Maia,F,46,49,3,19,5
20220901-W-US_Open-R64-Beatriz_Haddad_Maia-Bianca_Andreescu,Beatriz Haddad Maia,B,19,22,2,0,0
20220901-W-US_Open-R64-Beatriz_Haddad_Maia-Bianca_Andreescu,Beatriz Haddad Maia,S,1,1,0,0,0
20220901-W-US_Open-R64-Beatriz_Haddad_Maia-Bianca_Andreescu,Bianca Andreescu,Total,55,65,14,18,1
20220901-W-US_Open-R64-Beatriz_Haddad_Maia-Bianca_Andreescu,Bianca Andreescu,F,29,33,9,10,1
20220901-W-US_Open-R64-Beatriz_Haddad_Maia-Bianca_Andreescu,Bianca Andreescu,B,26,29,4,4,0
20220901-W-US_Open-R64-Beatriz_Haddad_Maia-Bianca_Andreescu,Bianca Andreescu,S,0,3,1,4,0
20220831-W-US_Open-R64-Rebecca_Marino-Daria_Snigur,Rebecca Marino,Total,42,65,10,13,0
20220831-W-US_Open-R64-Rebecca_Marino-Daria_Snigur,Rebecca Marino,F,25,25,1,5,0
20220831-W-US_Open-R64-Rebecca_Marino-Daria_Snigur,Rebecca Marino,B,16,33,3,7,0
20220831-W-US_Open-R64-Rebecca_Marino-Daria_Snigur,Rebecca Marino,S,1,7,6,1,0
20220831-W-US_Open-R64-Rebecca_Marino-Daria_Snigur,Daria Snigur,Total,61,38,20,32,0
20220831-W-US_Open-R64-Rebecca_Marino-Daria_Snigur,Daria Snigur,F,25,16,14,16,0
20220831-W-US_Open-R64-Rebecca_Marino-Daria_Snigur,Daria Snigur,B,36,22,6,16,0
20220831-W-US_Open-R64-Anett_Kontaveit-Serena_Williams,Anett Kontaveit,Total,86,52,29,19,2
20220831-W-US_Open-R64-Anett_Kontaveit-Serena_Williams,Anett Kontaveit,F,48,34,15,14,2
20220831-W-US_Open-R64-Anett_Kontaveit-Serena_Williams,Anett Kontaveit,B,36,18,12,5,0
20220831-W-US_Open-R64-Anett_Kontaveit-Serena_Williams,Anett Kontaveit,S,2,0,2,0,0
20220831-W-US_Open-R64-Anett_Kontaveit-Serena_Williams,Serena Williams,Total,80,61,23,15,0
20220831-W-US_Open-R64-Anett_Kontaveit-Serena_Williams,Serena Williams,F,45,27,8,9,0
20220831-W-US_Open-R64-Anett_Kontaveit-Serena_Williams,Serena Williams,B,30,34,15,6,0
20220831-W-US_Open-R64-Anett_Kontaveit-Serena_Williams,Serena Williams,S,5,0,0,0,0
20220830-W-US_Open-R128-Venus_Williams-Alison_Van_Uytvanck,Venus Williams,Total,54,72,12,20,0
20220830-W-US_Open-R128-Venus_Williams-Alison_Van_Uytvanck,Venus Williams,F,36,26,6,13,0
20220830-W-US_Open-R128-Venus_Williams-Alison_Van_Uytvanck,Venus Williams,B,18,40,6,7,0
20220830-W-US_Open-R128-Venus_Williams-Alison_Van_Uytvanck,Venus Williams,S,0,6,0,0,0
20220830-W-US_Open-R128-Venus_Williams-Alison_Van_Uytvanck,Alison Van Uytvanck,Total,49,61,8,18,0
20220830-W-US_Open-R128-Venus_Williams-Alison_Van_Uytvanck,Alison Van Uytvanck,F,32,30,4,15,0
20220830-W-US_Open-R128-Venus_Williams-Alison_Van_Uytvanck,Alison Van Uytvanck,B,14,29,1,2,0
20220830-W-US_Open-R128-Venus_Williams-Alison_Van_Uytvanck,Alison Van Uytvanck,S,3,2,3,1,0
20220830-W-US_Open-R128-Peyton_Stearns-Ekaterina_Alexandrova,Peyton Stearns,Total,87,78,20,32,3
20220830-W-US_Open-R128-Peyton_Stearns-Ekaterina_Alexandrova,Peyton Stearns,F,64,40,10,27,3
20220830-W-US_Open-R128-Peyton_Stearns-Ekaterina_Alexandrova,Peyton Stearns,B,21,32,7,5,0
20220830-W-US_Open-R128-Peyton_Stearns-Ekaterina_Alexandrova,Peyton Stearns,S,2,6,3,0,0
20220830-W-US_Open-R128-Peyton_Stearns-Ekaterina_Alexandrova,Ekaterina Alexandrova,Total,94,77,16,36,1
20220830-W-US_Open-R128-Peyton_Stearns-Ekaterina_Alexandrova,Ekaterina Alexandrova,F,51,34,11,23,1
20220830-W-US_Open-R128-Peyton_Stearns-Ekaterina_Alexandrova,Ekaterina Alexandrova,B,42,40,5,13,0
20220830-W-US_Open-R128-Peyton_Stearns-Ekaterina_Alexandrova,Ekaterina Alexandrova,S,1,3,0,0,0
20220830-W-US_Open-R128-Naomi_Osaka-Danielle_Collins,Naomi Osaka,Total,53,22,9,11,1
20220830-W-US_Open-R128-Naomi_Osaka-Danielle_Collins,Naomi Osaka,F,29,9,6,10,1
20220830-W-US_Open-R128-Naomi_Osaka-Danielle_Collins,Naomi Osaka,B,22,13,3,1,0
20220830-W-US_Open-R128-Naomi_Osaka-Danielle_Collins,Naomi Osaka,S,2,0,0,0,0
20220830-W-US_Open-R128-Naomi_Osaka-Danielle_Collins,Danielle Collins,Total,57,18,16,4,1
20220830-W-US_Open-R128-Naomi_Osaka-Danielle_Collins,Danielle Collins,F,17,7,4,0,1
20220830-W-US_Open-R128-Naomi_Osaka-Danielle_Collins,Danielle Collins,B,39,9,11,4,0
20220830-W-US_Open-R128-Naomi_Osaka-Danielle_Collins,Danielle Collins,S,1,2,1,0,0
20220830-W-US_Open-R128-Marie_Bouzkova-Linda_Noskova,Marie Bouzkova,Total,74,64,25,23,0
20220830-W-US_Open-R128-Marie_Bouzkova-Linda_Noskova,Marie Bouzkova,F,43,30,14,17,0
20220830-W-US_Open-R128-Marie_Bouzkova-Linda_Noskova,Marie Bouzkova,B,26,22,10,6,0
20220830-W-US_Open-R128-Marie_Bouzkova-Linda_Noskova,Marie Bouzkova,S,5,12,1,0,0
20220830-W-US_Open-R128-Marie_Bouzkova-Linda_Noskova,Linda Noskova,Total,73,79,17,26,0
20220830-W-US_Open-R128-Marie_Bouzkova-Linda_Noskova,Linda Noskova,F,40,43,4,11,0
20220830-W-US_Open-R128-Marie_Bouzkova-Linda_Noskova,Linda Noskova,B,27,36,13,14,0
20220830-W-US_Open-R128-Marie_Bouzkova-Linda_Noskova,Linda Noskova,S,6,0,0,1,0
20220830-W-US_Open-R128-Kaja_Juvan-Cristina_Bucsa,Kaja Juvan,Total,40,78,10,30,0
20220830-W-US_Open-R128-Kaja_Juvan-Cristina_Bucsa,Kaja Juvan,F,22,40,3,25,0
20220830-W-US_Open-R128-Kaja_Juvan-Cristina_Bucsa,Kaja Juvan,B,11,29,7,5,0
20220830-W-US_Open-R128-Kaja_Juvan-Cristina_Bucsa,Kaja Juvan,S,7,9,0,0,0
20220830-W-US_Open-R128-Kaja_Juvan-Cristina_Bucsa,Cristina Bucsa,Total,48,69,20,40,2
20220830-W-US_Open-R128-Kaja_Juvan-Cristina_Bucsa,Cristina Bucsa,F,35,35,10,34,2
20220830-W-US_Open-R128-Kaja_Juvan-Cristina_Bucsa,Cristina Bucsa,B,12,28,9,6,0
20220830-W-US_Open-R128-Kaja_Juvan-Cristina_Bucsa,Cristina Bucsa,S,1,6,1,0,0
20220830-W-US_Open-R128-Jasmine_Paolini-Iga_Swiatek,Jasmine Paolini,Total,62,37,20,10,3
20220830-W-US_Open-R128-Jasmine_Paolini-Iga_Swiatek,Jasmine Paolini,F,25,18,10,8,3
20220830-W-US_Open-R128-Jasmine_Paolini-Iga_Swiatek,Jasmine Paolini,B,34,18,10,2,0
20220830-W-US_Open-R128-Jasmine_Paolini-Iga_Swiatek,Jasmine Paolini,S,3,1,0,0,0
20220830-W-US_Open-R128-Jasmine_Paolini-Iga_Swiatek,Iga Swiatek,Total,63,22,24,16,1
20220830-W-US_Open-R128-Jasmine_Paolini-Iga_Swiatek,Iga Swiatek,F,22,16,10,11,1
20220830-W-US_Open-R128-Jasmine_Paolini-Iga_Swiatek,Iga Swiatek,B,41,6,14,5,0
20220830-W-US_Open-R128-Andrea_Petkovic-Belinda_Bencic,Andrea Petkovic,Total,58,63,16,12,0
20220830-W-US_Open-R128-Andrea_Petkovic-Belinda_Bencic,Andrea Petkovic,F,38,28,11,8,0
20220830-W-US_Open-R128-Andrea_Petkovic-Belinda_Bencic,Andrea Petkovic,B,17,30,4,4,0
20220830-W-US_Open-R128-Andrea_Petkovic-Belinda_Bencic,Andrea Petkovic,S,3,5,1,0,0
20220830-W-US_Open-R128-Andrea_Petkovic-Belinda_Bencic,Belinda Bencic,Total,49,45,18,34,0
20220830-W-US_Open-R128-Andrea_Petkovic-Belinda_Bencic,Belinda Bencic,F,29,22,12,26,0
20220830-W-US_Open-R128-Andrea_Petkovic-Belinda_Bencic,Belinda Bencic,B,20,20,6,8,0
20220830-W-US_Open-R128-Andrea_Petkovic-Belinda_Bencic,Belinda Bencic,S,0,3,0,0,0
20220830-W-US_Open-R128-Alize_Cornet-Emma_Raducanu,Alize Cornet,Total,92,99,25,28,0
20220830-W-US_Open-R128-Alize_Cornet-Emma_Raducanu,Alize Cornet,F,19,43,18,20,0
20220830-W-US_Open-R128-Alize_Cornet-Emma_Raducanu,Alize Cornet,B,58,49,7,7,0
20220830-W-US_Open-R128-Alize_Cornet-Emma_Raducanu,Alize Cornet,S,15,7,0,1,0
20220830-W-US_Open-R128-Alize_Cornet-Emma_Raducanu,Emma Raducanu,Total,113,83,28,37,2
20220830-W-US_Open-R128-Alize_Cornet-Emma_Raducanu,Emma Raducanu,F,51,19,9,21,2
20220830-W-US_Open-R128-Alize_Cornet-Emma_Raducanu,Emma Raducanu,B,58,61,17,14,0
20220830-W-US_Open-R128-Alize_Cornet-Emma_Raducanu,Emma Raducanu,S,4,3,2,2,0
20220829-W-US_Open-R128-Serena_Williams-Danka_Kovinic,Serena Williams,Total,58,47,9,20,0
20220829-W-US_Open-R128-Serena_Williams-Danka_Kovinic,Serena Williams,F,40,31,4,10,0
20220829-W-US_Open-R128-Serena_Williams-Danka_Kovinic,Serena Williams,B,17,12,4,10,0
20220829-W-US_Open-R128-Serena_Williams-Danka_Kovinic,Serena Williams,S,1,4,1,0,0
20220829-W-US_Open-R128-Serena_Williams-Danka_Kovinic,Danka Kovinic,Total,40,61,11,21,1
20220829-W-US_Open-R128-Serena_Williams-Danka_Kovinic,Danka Kovinic,F,26,31,6,14,1
20220829-W-US_Open-R128-Serena_Williams-Danka_Kovinic,Danka Kovinic,B,12,24,5,7,0
20220829-W-US_Open-R128-Serena_Williams-Danka_Kovinic,Danka Kovinic,S,2,6,0,0,0
20220829-W-US_Open-R128-Sara_Bejlek-Liudmila_Samsonova,Sara Bejlek,Total,49,40,17,10,0
20220829-W-US_Open-R128-Sara_Bejlek-Liudmila_Samsonova,Sara Bejlek,F,32,18,13,6,0
20220829-W-US_Open-R128-Sara_Bejlek-Liudmila_Samsonova,Sara Bejlek,B,17,18,1,4,0
20220829-W-US_Open-R128-Sara_Bejlek-Liudmila_Samsonova,Sara Bejlek,S,0,4,3,0,0
20220829-W-US_Open-R128-Sara_Bejlek-Liudmila_Samsonova,Liudmila Samsonova,Total,61,18,11,22,4
20220829-W-US_Open-R128-Sara_Bejlek-Liudmila_Samsonova,Liudmila Samsonova,F,36,9,5,21,4
20220829-W-US_Open-R128-Sara_Bejlek-Liudmila_Samsonova,Liudmila Samsonova,B,23,9,5,1,0
20220829-W-US_Open-R128-Sara_Bejlek-Liudmila_Samsonova,Liudmila Samsonova,S,2,0,1,0,0
20220829-W-US_Open-R128-Martina_Trevisan-Evgeniya_Rodina,Martina Trevisan,Total,94,96,30,55,5
20220829-W-US_Open-R128-Martina_Trevisan-Evgeniya_Rodina,Martina Trevisan,F,63,56,12,39,5
20220829-W-US_Open-R128-Martina_Trevisan-Evgeniya_Rodina,Martina Trevisan,B,28,36,18,14,0
20220829-W-US_Open-R128-Martina_Trevisan-Evgeniya_Rodina,Martina Trevisan,S,3,4,0,2,0
20220829-W-US_Open-R128-Martina_Trevisan-Evgeniya_Rodina,Evgeniya Rodina,Total,110,132,16,29,0
20220829-W-US_Open-R128-Martina_Trevisan-Evgeniya_Rodina,Evgeniya Rodina,F,63,48,4,7,0
20220829-W-US_Open-R128-Martina_Trevisan-Evgeniya_Rodina,Evgeniya Rodina,B,46,83,10,22,0
20220829-W-US_Open-R128-Martina_Trevisan-Evgeniya_Rodina,Evgeniya Rodina,S,1,1,2,0,0
20220829-W-US_Open-R128-Madison_Brengle-Ons_Jabeur,Madison Brengle,Total,34,68,11,22,0
20220829-W-US_Open-R128-Madison_Brengle-Ons_Jabeur,Madison Brengle,F,11,36,8,11,0
20220829-W-US_Open-R128-Madison_Brengle-Ons_Jabeur,Madison Brengle,B,18,30,3,11,0
20220829-W-US_Open-R128-Madison_Brengle-Ons_Jabeur,Madison Brengle,S,5,2,0,0,0
20220829-W-US_Open-R128-Madison_Brengle-Ons_Jabeur,Ons Jabeur,Total,64,37,12,22,5
20220829-W-US_Open-R128-Madison_Brengle-Ons_Jabeur,Ons Jabeur,F,42,24,6,17,5
20220829-W-US_Open-R128-Madison_Brengle-Ons_Jabeur,Ons Jabeur,B,10,6,5,3,0
20220829-W-US_Open-R128-Madison_Brengle-Ons_Jabeur,Ons Jabeur,S,12,7,1,2,0
20220829-W-US_Open-R128-Harmony_Tan-Bianca_Andreescu,Harmony Tan,Total,42,50,19,25,0
20220829-W-US_Open-R128-Harmony_Tan-Bianca_Andreescu,Harmony Tan,F,16,20,8,15,0
20220829-W-US_Open-R128-Harmony_Tan-Bianca_Andreescu,Harmony Tan,B,21,24,10,10,0
20220829-W-US_Open-R128-Harmony_Tan-Bianca_Andreescu,Harmony Tan,S,5,6,1,0,0
20220829-W-US_Open-R128-Harmony_Tan-Bianca_Andreescu,Bianca Andreescu,Total,54,46,11,22,1
20220829-W-US_Open-R128-Harmony_Tan-Bianca_Andreescu,Bianca Andreescu,F,28,23,7,16,1
20220829-W-US_Open-R128-Harmony_Tan-Bianca_Andreescu,Bianca Andreescu,B,25,22,2,5,0
20220829-W-US_Open-R128-Harmony_Tan-Bianca_Andreescu,Bianca Andreescu,S,1,1,2,1,0
20220829-W-US_Open-R128-Eleana_Yu-Alison_Riske_Amritraj,Eleana Yu,Total,35,60,25,17,0
20220829-W-US_Open-R128-Eleana_Yu-Alison_Riske_Amritraj,Eleana Yu,F,12,24,12,15,0
20220829-W-US_Open-R128-Eleana_Yu-Alison_Riske_Amritraj,Eleana Yu,B,17,25,12,2,0
20220829-W-US_Open-R128-Eleana_Yu-Alison_Riske_Amritraj,Eleana Yu,S,6,11,1,0,0
20220829-W-US_Open-R128-Eleana_Yu-Alison_Riske_Amritraj,Alison Riske Amritraj,Total,68,38,17,43,0
20220829-W-US_Open-R128-Eleana_Yu-Alison_Riske_Amritraj,Alison Riske Amritraj,F,32,18,4,19,0
20220829-W-US_Open-R128-Eleana_Yu-Alison_Riske_Amritraj,Alison Riske Amritraj,B,36,20,12,23,0
20220829-W-US_Open-R128-Eleana_Yu-Alison_Riske_Amritraj,Alison Riske Amritraj,S,0,0,1,1,0
20220824-W-US_Open-Q1-Tara_Wurth-Maja_Chwalinska,Tara Wurth,Total,89,91,32,73,16
20220824-W-US_Open-Q1-Tara_Wurth-Maja_Chwalinska,Tara Wurth,F,48,55,13,62,16
20220824-W-US_Open-Q1-Tara_Wurth-Maja_Chwalinska,Tara Wurth,B,40,28,18,9,0
20220824-W-US_Open-Q1-Tara_Wurth-Maja_Chwalinska,Tara Wurth,S,1,8,1,2,0
20220824-W-US_Open-Q1-Tara_Wurth-Maja_Chwalinska,Maja Chwalinska,Total,107,81,29,24,0
20220824-W-US_Open-Q1-Tara_Wurth-Maja_Chwalinska,Maja Chwalinska,F,80,37,16,10,0
20220824-W-US_Open-Q1-Tara_Wurth-Maja_Chwalinska,Maja Chwalinska,B,22,23,7,3,0
20220824-W-US_Open-Q1-Tara_Wurth-Maja_Chwalinska,Maja Chwalinska,S,5,21,6,11,0
20220824-W-US_Open-Q1-Elsa_Jacquemot-Moyuka_Uchijima,Elsa Jacquemot,Total,120,83,38,58,1
20220824-W-US_Open-Q1-Elsa_Jacquemot-Moyuka_Uchijima,Elsa Jacquemot,F,28,35,24,55,1
20220824-W-US_Open-Q1-Elsa_Jacquemot-Moyuka_Uchijima,Elsa Jacquemot,B,85,43,13,3,0
20220824-W-US_Open-Q1-Elsa_Jacquemot-Moyuka_Uchijima,Elsa Jacquemot,S,7,5,1,0,0
20220824-W-US_Open-Q1-Elsa_Jacquemot-Moyuka_Uchijima,Moyuka Uchijima,Total,155,101,30,94,14
20220824-W-US_Open-Q1-Elsa_Jacquemot-Moyuka_Uchijima,Moyuka Uchijima,F,84,44,9,89,14
20220824-W-US_Open-Q1-Elsa_Jacquemot-Moyuka_Uchijima,Moyuka Uchijima,B,68,54,20,5,0
20220824-W-US_Open-Q1-Elsa_Jacquemot-Moyuka_Uchijima,Moyuka Uchijima,S,3,3,1,0,0
20220823-W-US_Open-Q1-Yuki_Naito-Eugenie_Bouchard,Yuki Naito,Total,55,65,11,23,1
20220823-W-US_Open-Q1-Yuki_Naito-Eugenie_Bouchard,Yuki Naito,F,30,29,5,18,1
20220823-W-US_Open-Q1-Yuki_Naito-Eugenie_Bouchard,Yuki Naito,B,25,34,4,5,0
20220823-W-US_Open-Q1-Yuki_Naito-Eugenie_Bouchard,Yuki Naito,S,0,2,2,0,0
20220823-W-US_Open-Q1-Yuki_Naito-Eugenie_Bouchard,Eugenie Bouchard,Total,72,52,19,27,1
20220823-W-US_Open-Q1-Yuki_Naito-Eugenie_Bouchard,Eugenie Bouchard,F,41,30,11,22,1
20220823-W-US_Open-Q1-Yuki_Naito-Eugenie_Bouchard,Eugenie Bouchard,B,31,20,7,5,0
20220823-W-US_Open-Q1-Yuki_Naito-Eugenie_Bouchard,Eugenie Bouchard,S,0,2,1,0,0
20220126-W-Australian_Open-QF-Iga_Swiatek-Kaia_Kanepi,Iga Swiatek,Total,128,93,17,33,0
20220126-W-Australian_Open-QF-Iga_Swiatek-Kaia_Kanepi,Iga Swiatek,F,68,45,8,20,0
20220126-W-Australian_Open-QF-Iga_Swiatek-Kaia_Kanepi,Iga Swiatek,B,58,43,9,13,0
20220126-W-Australian_Open-QF-Iga_Swiatek-Kaia_Kanepi,Iga Swiatek,S,2,5,0,0,0
20220126-W-Australian_Open-QF-Iga_Swiatek-Kaia_Kanepi,Kaia Kanepi,Total,97,112,31,48,3
20220126-W-Australian_Open-QF-Iga_Swiatek-Kaia_Kanepi,Kaia Kanepi,F,48,56,16,39,3
20220126-W-Australian_Open-QF-Iga_Swiatek-Kaia_Kanepi,Kaia Kanepi,B,47,48,14,8,0
20220126-W-Australian_Open-QF-Iga_Swiatek-Kaia_Kanepi,Kaia Kanepi,S,2,8,1,1,0
20220125-W-Australian_Open-QF-Jessica_Pegula-Ashleigh_Barty,Jessica Pegula,Total,62,35,11,17,0
20220125-W-Australian_Open-QF-Jessica_Pegula-Ashleigh_Barty,Jessica Pegula,F,22,16,6,15,0
20220125-W-Australian_Open-QF-Jessica_Pegula-Ashleigh_Barty,Jessica Pegula,B,30,16,4,1,0
20220125-W-Australian_Open-QF-Jessica_Pegula-Ashleigh_Barty,Jessica Pegula,S,10,3,1,1,0
20220125-W-Australian_Open-QF-Jessica_Pegula-Ashleigh_Barty,Ashleigh Barty,Total,45,50,9,26,2
20220125-W-Australian_Open-QF-Jessica_Pegula-Ashleigh_Barty,Ashleigh Barty,F,23,18,5,22,2
20220125-W-Australian_Open-QF-Jessica_Pegula-Ashleigh_Barty,Ashleigh Barty,B,7,8,1,0,0
20220125-W-Australian_Open-QF-Jessica_Pegula-Ashleigh_Barty,Ashleigh Barty,S,15,24,3,4,0
20220122-W-Australian_Open-R32-Ashleigh_Barty-Camila_Giorgi,Ashleigh Barty,Total,20,24,4,11,1
20220122-W-Australian_Open-R32-Ashleigh_Barty-Camila_Giorgi,Ashleigh Barty,F,13,12,3,11,1
20220122-W-Australian_Open-R32-Ashleigh_Barty-Camila_Giorgi,Ashleigh Barty,B,1,2,0,0,0
20220122-W-Australian_Open-R32-Ashleigh_Barty-Camila_Giorgi,Ashleigh Barty,S,6,10,1,0,0
20220122-W-Australian_Open-R32-Ashleigh_Barty-Camila_Giorgi,Camila Giorgi,Total,34,19,10,11,0
20220122-W-Australian_Open-R32-Ashleigh_Barty-Camila_Giorgi,Camila Giorgi,F,17,8,4,5,0
20220122-W-Australian_Open-R32-Ashleigh_Barty-Camila_Giorgi,Camila Giorgi,B,17,11,5,5,0
20220122-W-Australian_Open-R32-Ashleigh_Barty-Camila_Giorgi,Camila Giorgi,S,0,0,1,1,0
20220121-W-Australian_Open-R32-Marta_Kostyuk-Paula_Badosa,Marta Kostyuk,Total,90,91,36,50,1
20220121-W-Australian_Open-R32-Marta_Kostyuk-Paula_Badosa,Marta Kostyuk,F,44,33,22,40,1
20220121-W-Australian_Open-R32-Marta_Kostyuk-Paula_Badosa,Marta Kostyuk,B,43,54,14,10,0
20220121-W-Australian_Open-R32-Marta_Kostyuk-Paula_Badosa,Marta Kostyuk,S,3,4,0,0,0
20220121-W-Australian_Open-R32-Marta_Kostyuk-Paula_Badosa,Paula Badosa,Total,114,101,32,41,1
20220121-W-Australian_Open-R32-Marta_Kostyuk-Paula_Badosa,Paula Badosa,F,51,37,16,28,1
20220121-W-Australian_Open-R32-Marta_Kostyuk-Paula_Badosa,Paula Badosa,B,61,61,16,13,0
20220121-W-Australian_Open-R32-Marta_Kostyuk-Paula_Badosa,Paula Badosa,S,2,3,0,0,0
20220120-W-Australian_Open-R64-Samantha_Stosur-Anastasia_Pavlyuchenkova,Samantha Stosur,Total,32,40,7,20,1
20220120-W-Australian_Open-R64-Samantha_Stosur-Anastasia_Pavlyuchenkova,Samantha Stosur,F,13,19,3,19,1
20220120-W-Australian_Open-R64-Samantha_Stosur-Anastasia_Pavlyuchenkova,Samantha Stosur,B,6,11,4,1,0
20220120-W-Australian_Open-R64-Samantha_Stosur-Anastasia_Pavlyuchenkova,Samantha Stosur,S,13,10,0,0,0
20220120-W-Australian_Open-R64-Samantha_Stosur-Anastasia_Pavlyuchenkova,Anastasia Pavlyuchenkova,Total,52,23,8,21,2
20220120-W-Australian_Open-R64-Samantha_Stosur-Anastasia_Pavlyuchenkova,Anastasia Pavlyuchenkova,F,26,13,6,21,2
20220120-W-Australian_Open-R64-Samantha_Stosur-Anastasia_Pavlyuchenkova,Anastasia Pavlyuchenkova,B,25,8,2,0,0
20220120-W-Australian_Open-R64-Samantha_Stosur-Anastasia_Pavlyuchenkova,Anastasia Pavlyuchenkova,S,1,2,0,0,0
20220120-W-Australian_Open-R64-Alize_Cornet-Garbine_Muguruza,Alize Cornet,Total,72,76,30,18,1
20220120-W-Australian_Open-R64-Alize_Cornet-Garbine_Muguruza,Alize Cornet,F,30,28,18,12,1
20220120-W-Australian_Open-R64-Alize_Cornet-Garbine_Muguruza,Alize Cornet,B,34,40,11,5,0
20220120-W-Australian_Open-R64-Alize_Cornet-Garbine_Muguruza,Alize Cornet,S,8,8,1,1,0
20220120-W-Australian_Open-R64-Alize_Cornet-Garbine_Muguruza,Garbine Muguruza,Total,107,56,24,26,1
20220120-W-Australian_Open-R64-Alize_Cornet-Garbine_Muguruza,Garbine Muguruza,F,42,17,9,16,1
20220120-W-Australian_Open-R64-Alize_Cornet-Garbine_Muguruza,Garbine Muguruza,B,65,37,15,10,0
20220120-W-Australian_Open-R64-Alize_Cornet-Garbine_Muguruza,Garbine Muguruza,S,0,2,0,0,0
20220119-W-Australian_Open-R64-Tereza_Martincova-Camila_Giorgi,Tereza Martincova,Total,58,73,13,15,0
20220119-W-Australian_Open-R64-Tereza_Martincova-Camila_Giorgi,Tereza Martincova,F,31,44,6,14,0
20220119-W-Australian_Open-R64-Tereza_Martincova-Camila_Giorgi,Tereza Martincova,B,26,25,6,1,0
20220119-W-Australian_Open-R64-Tereza_Martincova-Camila_Giorgi,Tereza Martincova,S,1,4,1,0,0
20220119-W-Australian_Open-R64-Tereza_Martincova-Camila_Giorgi,Camila Giorgi,Total,76,68,20,10,2
20220119-W-Australian_Open-R64-Tereza_Martincova-Camila_Giorgi,Camila Giorgi,F,47,34,8,5,2
20220119-W-Australian_Open-R64-Tereza_Martincova-Camila_Giorgi,Camila Giorgi,B,29,33,12,5,0
20220119-W-Australian_Open-R64-Tereza_Martincova-Camila_Giorgi,Camila Giorgi,S,0,1,0,0,0
20220118-W-Australian_Open-R128-Robin_Anderson-Samantha_Stosur,Robin Anderson,Total,139,65,23,21,2
20220118-W-Australian_Open-R128-Robin_Anderson-Samantha_Stosur,Robin Anderson,F,42,30,12,18,2
20220118-W-Australian_Open-R128-Robin_Anderson-Samantha_Stosur,Robin Anderson,B,68,25,6,2,0
20220118-W-Australian_Open-R128-Robin_Anderson-Samantha_Stosur,Robin Anderson,S,29,10,5,1,0
20220118-W-Australian_Open-R128-Robin_Anderson-Samantha_Stosur,Samantha Stosur,Total,98,62,30,54,6
20220118-W-Australian_Open-R128-Robin_Anderson-Samantha_Stosur,Samantha Stosur,F,42,37,19,50,6
20220118-W-Australian_Open-R128-Robin_Anderson-Samantha_Stosur,Samantha Stosur,B,8,12,6,2,0
20220118-W-Australian_Open-R128-Robin_Anderson-Samantha_Stosur,Samantha Stosur,S,48,13,5,2,0
20220118-W-Australian_Open-R128-Rebecca_Marino-Marie_Bouzkova,Rebecca Marino,Total,80,68,11,33,3
20220118-W-Australian_Open-R128-Rebecca_Marino-Marie_Bouzkova,Rebecca Marino,F,45,37,5,22,3
20220118-W-Australian_Open-R128-Rebecca_Marino-Marie_Bouzkova,Rebecca Marino,B,32,27,4,7,0
20220118-W-Australian_Open-R128-Rebecca_Marino-Marie_Bouzkova,Rebecca Marino,S,3,4,2,4,0
20220118-W-Australian_Open-R128-Rebecca_Marino-Marie_Bouzkova,Marie Bouzkova,Total,57,78,17,15,0
20220118-W-Australian_Open-R128-Rebecca_Marino-Marie_Bouzkova,Marie Bouzkova,F,23,43,11,9,0
20220118-W-Australian_Open-R128-Rebecca_Marino-Marie_Bouzkova,Marie Bouzkova,B,27,30,5,5,0
20220118-W-Australian_Open-R128-Rebecca_Marino-Marie_Bouzkova,Marie Bouzkova,S,7,5,1,1,0
20220118-W-Australian_Open-R128-Arantxa_Rus-Tamara_Zidansek,Arantxa Rus,Total,121,111,47,74,3
20220118-W-Australian_Open-R128-Arantxa_Rus-Tamara_Zidansek,Arantxa Rus,F,87,50,19,53,3
20220118-W-Australian_Open-R128-Arantxa_Rus-Tamara_Zidansek,Arantxa Rus,B,34,58,25,20,0
20220118-W-Australian_Open-R128-Arantxa_Rus-Tamara_Zidansek,Arantxa Rus,S,0,3,3,1,0
20220118-W-Australian_Open-R128-Arantxa_Rus-Tamara_Zidansek,Tamara Zidansek,Total,140,138,26,49,2
20220118-W-Australian_Open-R128-Arantxa_Rus-Tamara_Zidansek,Tamara Zidansek,F,84,54,14,43,2
20220118-W-Australian_Open-R128-Arantxa_Rus-Tamara_Zidansek,Tamara Zidansek,B,52,79,11,6,0
20220118-W-Australian_Open-R128-Arantxa_Rus-Tamara_Zidansek,Tamara Zidansek,S,4,5,1,0,0
20220117-W-Australian_Open-R128-Viktoria_Hruncakova-Xiyu_Wang,Viktoria Hruncakova,Total,68,33,24,20,3
20220117-W-Australian_Open-R128-Viktoria_Hruncakova-Xiyu_Wang,Viktoria Hruncakova,F,47,17,15,15,2
20220117-W-Australian_Open-R128-Viktoria_Hruncakova-Xiyu_Wang,Viktoria Hruncakova,B,20,15,9,5,0
20220117-W-Australian_Open-R128-Viktoria_Hruncakova-Xiyu_Wang,Viktoria Hruncakova,S,1,1,0,0,1
20220117-W-Australian_Open-R128-Viktoria_Hruncakova-Xiyu_Wang,Xiyu Wang,Total,36,51,27,9,0
20220117-W-Australian_Open-R128-Viktoria_Hruncakova-Xiyu_Wang,Xiyu Wang,F,15,24,17,7,0
20220117-W-Australian_Open-R128-Viktoria_Hruncakova-Xiyu_Wang,Xiyu Wang,B,21,27,10,2,0
20220117-W-Australian_Open-R128-Naomi_Osaka-Camila_Osorio,Naomi Osaka,Total,61,19,13,16,2
20220117-W-Australian_Open-R128-Naomi_Osaka-Camila_Osorio,Naomi Osaka,F,24,12,7,15,2
20220117-W-Australian_Open-R128-Naomi_Osaka-Camila_Osorio,Naomi Osaka,B,34,7,5,1,0
20220117-W-Australian_Open-R128-Naomi_Osaka-Camila_Osorio,Naomi Osaka,S,3,0,1,0,0
20220117-W-Australian_Open-R128-Naomi_Osaka-Camila_Osorio,Camila Osorio,Total,31,32,9,15,0
20220117-W-Australian_Open-R128-Naomi_Osaka-Camila_Osorio,Camila Osorio,F,12,8,1,8,0
20220117-W-Australian_Open-R128-Naomi_Osaka-Camila_Osorio,Camila Osorio,B,14,16,5,6,0
20220117-W-Australian_Open-R128-Naomi_Osaka-Camila_Osorio,Camila Osorio,S,5,8,3,1,0
20220117-W-Australian_Open-R128-Madison_Keys-Sofia_Kenin,Madison Keys,Total,33,47,18,32,0
20220117-W-Australian_Open-R128-Madison_Keys-Sofia_Kenin,Madison Keys,F,17,19,6,27,0
20220117-W-Australian_Open-R128-Madison_Keys-Sofia_Kenin,Madison Keys,B,13,21,11,5,0
20220117-W-Australian_Open-R128-Madison_Keys-Sofia_Kenin,Madison Keys,S,3,7,1,0,0
20220117-W-Australian_Open-R128-Madison_Keys-Sofia_Kenin,Sofia Kenin,Total,50,39,26,27,2
20220117-W-Australian_Open-R128-Madison_Keys-Sofia_Kenin,Sofia Kenin,F,20,20,15,14,2
20220117-W-Australian_Open-R128-Madison_Keys-Sofia_Kenin,Sofia Kenin,B,29,17,9,13,0
20220117-W-Australian_Open-R128-Madison_Keys-Sofia_Kenin,Sofia Kenin,S,1,2,2,0,0
20220117-W-Australian_Open-R128-Kirsten_Flipkens-Sara_Sorribes_Tormo,Kirsten Flipkens,Total,83,27,17,42,6
20220117-W-Australian_Open-R128-Kirsten_Flipkens-Sara_Sorribes_Tormo,Kirsten Flipkens,F,21,11,9,42,6
20220117-W-Australian_Open-R128-Kirsten_Flipkens-Sara_Sorribes_Tormo,Kirsten Flipkens,B,19,9,5,0,0
20220117-W-Australian_Open-R128-Kirsten_Flipkens-Sara_Sorribes_Tormo,Kirsten Flipkens,S,43,7,3,0,0
20220117-W-Australian_Open-R128-Kirsten_Flipkens-Sara_Sorribes_Tormo,Sara Sorribes Tormo,Total,57,31,31,45,13
20220117-W-Australian_Open-R128-Kirsten_Flipkens-Sara_Sorribes_Tormo,Sara Sorribes Tormo,F,11,12,16,45,13
20220117-W-Australian_Open-R128-Kirsten_Flipkens-Sara_Sorribes_Tormo,Sara Sorribes Tormo,B,15,9,8,0,0
20220117-W-Australian_Open-R128-Kirsten_Flipkens-Sara_Sorribes_Tormo,Sara Sorribes Tormo,S,31,10,7,0,0
20220117-W-Australian_Open-R128-Dayana_Yastremska-Madison_Brengle,Dayana Yastremska,Total,97,50,33,31,0
20220117-W-Australian_Open-R128-Dayana_Yastremska-Madison_Brengle,Dayana Yastremska,F,46,15,9,19,0
20220117-W-Australian_Open-R128-Dayana_Yastremska-Madison_Brengle,Dayana Yastremska,B,50,35,24,12,0
20220117-W-Australian_Open-R128-Dayana_Yastremska-Madison_Brengle,Dayana Yastremska,S,1,0,0,0,0
20220117-W-Australian_Open-R128-Dayana_Yastremska-Madison_Brengle,Madison Brengle,Total,63,61,13,11,0
20220117-W-Australian_Open-R128-Dayana_Yastremska-Madison_Brengle,Madison Brengle,F,15,22,9,7,0
20220117-W-Australian_Open-R128-Dayana_Yastremska-Madison_Brengle,Madison Brengle,B,40,34,3,4,0
20220117-W-Australian_Open-R128-Dayana_Yastremska-Madison_Brengle,Madison Brengle,S,8,5,1,0,0
20220117-W-Australian_Open-R128-Camila_Giorgi-Anastasia_Potapova,Camila Giorgi,Total,51,44,15,16,0
20220117-W-Australian_Open-R128-Camila_Giorgi-Anastasia_Potapova,Camila Giorgi,F,25,24,5,12,0
20220117-W-Australian_Open-R128-Camila_Giorgi-Anastasia_Potapova,Camila Giorgi,B,26,20,8,4,0
20220117-W-Australian_Open-R128-Camila_Giorgi-Anastasia_Potapova,Camila Giorgi,S,0,0,2,0,0
20220117-W-Australian_Open-R128-Camila_Giorgi-Anastasia_Potapova,Anastasia Potapova,Total,40,51,9,12,0
20220117-W-Australian_Open-R128-Camila_Giorgi-Anastasia_Potapova,Anastasia Potapova,F,19,16,8,6,0
20220117-W-Australian_Open-R128-Camila_Giorgi-Anastasia_Potapova,Anastasia Potapova,B,19,35,0,6,0
20220117-W-Australian_Open-R128-Camila_Giorgi-Anastasia_Potapova,Anastasia Potapova,S,2,0,1,0,0
20220117-W-Australian_Open-R128-Amanda_Anisimova-Arianne_Hartono,Amanda Anisimova,Total,77,50,12,23,1
20220117-W-Australian_Open-R128-Amanda_Anisimova-Arianne_Hartono,Amanda Anisimova,F,48,28,6,16,1
20220117-W-Australian_Open-R128-Amanda_Anisimova-Arianne_Hartono,Amanda Anisimova,B,29,21,6,7,0
20220117-W-Australian_Open-R128-Amanda_Anisimova-Arianne_Hartono,Amanda Anisimova,S,0,1,0,0,0
20220117-W-Australian_Open-R128-Amanda_Anisimova-Arianne_Hartono,Arianne Hartono,Total,88,66,6,8,0
20220117-W-Australian_Open-R128-Amanda_Anisimova-Arianne_Hartono,Arianne Hartono,F,59,26,4,6,0
20220117-W-Australian_Open-R128-Amanda_Anisimova-Arianne_Hartono,Arianne Hartono,B,26,36,1,2,0
20220117-W-Australian_Open-R128-Amanda_Anisimova-Arianne_Hartono,Arianne Hartono,S,3,4,1,0,0
20220114-W-Australian_Open-Q3-Arianne_Hartono-Jule_Niemeier,Arianne Hartono,Total,88,62,5,12,1
20220114-W-Australian_Open-Q3-Arianne_Hartono-Jule_Niemeier,Arianne Hartono,F,55,29,1,8,1
20220114-W-Australian_Open-Q3-Arianne_Hartono-Jule_Niemeier,Arianne Hartono,B,31,28,3,4,0
20220114-W-Australian_Open-Q3-Arianne_Hartono-Jule_Niemeier,Arianne Hartono,S,2,5,1,0,0
20220114-W-Australian_Open-Q3-Arianne_Hartono-Jule_Niemeier,Jule Niemeier,Total,71,55,16,28,0
20220114-W-Australian_Open-Q3-Arianne_Hartono-Jule_Niemeier,Jule Niemeier,F,46,33,9,22,0
20220114-W-Australian_Open-Q3-Arianne_Hartono-Jule_Niemeier,Jule Niemeier,B,20,19,6,6,0
20220114-W-Australian_Open-Q3-Arianne_Hartono-Jule_Niemeier,Jule Niemeier,S,5,3,1,0,0
20220112-W-Australian_Open-Q2-Indy_De_Vroome-Dalma_Galfi,Indy De Vroome,Total,90,75,30,33,0
20220112-W-Australian_Open-Q2-Indy_De_Vroome-Dalma_Galfi,Indy De Vroome,F,30,25,15,11,0
20220112-W-Australian_Open-Q2-Indy_De_Vroome-Dalma_Galfi,Indy De Vroome,B,59,50,14,22,0
20220112-W-Australian_Open-Q2-Indy_De_Vroome-Dalma_Galfi,Indy De Vroome,S,1,0,1,0,0
20220112-W-Australian_Open-Q2-Indy_De_Vroome-Dalma_Galfi,Dalma Galfi,Total,64,70,44,64,0
20220112-W-Australian_Open-Q2-Indy_De_Vroome-Dalma_Galfi,Dalma Galfi,F,27,23,22,41,0
20220112-W-Australian_Open-Q2-Indy_De_Vroome-Dalma_Galfi,Dalma Galfi,B,29,41,18,22,0
20220112-W-Australian_Open-Q2-Indy_De_Vroome-Dalma_Galfi,Dalma Galfi,S,8,6,4,1,0
20220111-W-Australian_Open-Q1-Urszula_Radwanska-Indy_De_Vroome,Urszula Radwanska,Total,83,82,11,25,0
20220111-W-Australian_Open-Q1-Urszula_Radwanska-Indy_De_Vroome,Urszula Radwanska,F,59,34,9,17,0
20220111-W-Australian_Open-Q1-Urszula_Radwanska-Indy_De_Vroome,Urszula Radwanska,B,18,35,2,8,0
20220111-W-Australian_Open-Q1-Urszula_Radwanska-Indy_De_Vroome,Urszula Radwanska,S,6,13,0,0,0
20220111-W-Australian_Open-Q1-Urszula_Radwanska-Indy_De_Vroome,Indy De Vroome,Total,90,58,36,58,1
20220111-W-Australian_Open-Q1-Urszula_Radwanska-Indy_De_Vroome,Indy De Vroome,F,66,32,23,25,1
20220111-W-Australian_Open-Q1-Urszula_Radwanska-Indy_De_Vroome,Indy De Vroome,B,24,26,13,32,0
20220111-W-Australian_Open-Q1-Urszula_Radwanska-Indy_De_Vroome,Indy De Vroome,S,0,0,0,1,0
20220111-W-Australian_Open-Q1-Simona_Waltert-Paula_Ormaechea,Simona Waltert,Total,67,66,22,33,1
20220111-W-Australian_Open-Q1-Simona_Waltert-Paula_Ormaechea,Simona Waltert,F,38,27,11,23,1
20220111-W-Australian_Open-Q1-Simona_Waltert-Paula_Ormaechea,Simona Waltert,B,28,33,9,9,0
20220111-W-Australian_Open-Q1-Simona_Waltert-Paula_Ormaechea,Simona Waltert,S,1,6,2,1,0
20220111-W-Australian_Open-Q1-Simona_Waltert-Paula_Ormaechea,Paula Ormaechea,Total,43,62,21,30,0
20220111-W-Australian_Open-Q1-Simona_Waltert-Paula_Ormaechea,Paula Ormaechea,F,22,30,13,18,0
20220111-W-Australian_Open-Q1-Simona_Waltert-Paula_Ormaechea,Paula Ormaechea,B,19,25,7,10,0
20220111-W-Australian_Open-Q1-Simona_Waltert-Paula_Ormaechea,Paula Ormaechea,S,2,7,1,2,0
20220110-W-Australian_Open-Q1-Yuliya_Hatouka-Caroline_Dolehide,Yuliya Hatouka,Total,40,13,7,25,1
20220110-W-Australian_Open-Q1-Yuliya_Hatouka-Caroline_Dolehide,Yuliya Hatouka,F,16,5,5,18,1
20220110-W-Australian_Open-Q1-Yuliya_Hatouka-Caroline_Dolehide,Yuliya Hatouka,B,24,8,2,7,0
20220110-W-Australian_Open-Q1-Yuliya_Hatouka-Caroline_Dolehide,Caroline Dolehide,Total,28,25,6,8,3
20220110-W-Australian_Open-Q1-Yuliya_Hatouka-Caroline_Dolehide,Caroline Dolehide,F,11,12,4,8,3
20220110-W-Australian_Open-Q1-Yuliya_Hatouka-Caroline_Dolehide,Caroline Dolehide,B,10,8,2,0,0
20220110-W-Australian_Open-Q1-Yuliya_Hatouka-Caroline_Dolehide,Caroline Dolehide,S,7,5,0,0,0
20210909-W-US_Open-SF-Emma_Raducanu-Maria_Sakkari,Emma Raducanu,Total,45,61,17,11,0
20210909-W-US_Open-SF-Emma_Raducanu-Maria_Sakkari,Emma Raducanu,F,28,24,5,7,0
20210909-W-US_Open-SF-Emma_Raducanu-Maria_Sakkari,Emma Raducanu,B,16,36,11,3,0
20210909-W-US_Open-SF-Emma_Raducanu-Maria_Sakkari,Emma Raducanu,S,1,1,1,1,0
20210909-W-US_Open-SF-Emma_Raducanu-Maria_Sakkari,Maria Sakkari,Total,55,59,8,16,0
20210909-W-US_Open-SF-Emma_Raducanu-Maria_Sakkari,Maria Sakkari,F,31,32,8,14,0
20210909-W-US_Open-SF-Emma_Raducanu-Maria_Sakkari,Maria Sakkari,B,21,23,0,2,0
20210909-W-US_Open-SF-Emma_Raducanu-Maria_Sakkari,Maria Sakkari,S,3,4,0,0,0
20210908-W-US_Open-QF-Karolina_Pliskova-Maria_Sakkari,Karolina Pliskova,Total,43,44,12,24,0
20210908-W-US_Open-QF-Karolina_Pliskova-Maria_Sakkari,Karolina Pliskova,F,26,22,3,16,0
20210908-W-US_Open-QF-Karolina_Pliskova-Maria_Sakkari,Karolina Pliskova,B,14,20,8,7,0
20210908-W-US_Open-QF-Karolina_Pliskova-Maria_Sakkari,Karolina Pliskova,S,3,2,1,1,0
20210908-W-US_Open-QF-Karolina_Pliskova-Maria_Sakkari,Maria Sakkari,Total,38,44,13,13,1
20210908-W-US_Open-QF-Karolina_Pliskova-Maria_Sakkari,Maria Sakkari,F,14,24,10,11,1
20210908-W-US_Open-QF-Karolina_Pliskova-Maria_Sakkari,Maria Sakkari,B,23,19,3,2,0
20210908-W-US_Open-QF-Karolina_Pliskova-Maria_Sakkari,Maria Sakkari,S,1,1,0,0,0
20210907-W-US_Open-QF-Leylah_Fernandez-Elina_Svitolina,Leylah Fernandez,Total,134,136,35,40,0
20210907-W-US_Open-QF-Leylah_Fernandez-Elina_Svitolina,Leylah Fernandez,F,100,71,25,26,0
20210907-W-US_Open-QF-Leylah_Fernandez-Elina_Svitolina,Leylah Fernandez,B,34,57,5,13,0
20210907-W-US_Open-QF-Leylah_Fernandez-Elina_Svitolina,Leylah Fernandez,S,0,8,5,1,0
20210907-W-US_Open-QF-Leylah_Fernandez-Elina_Svitolina,Elina Svitolina,Total,99,164,13,45,1
20210907-W-US_Open-QF-Leylah_Fernandez-Elina_Svitolina,Elina Svitolina,F,37,68,4,31,1
20210907-W-US_Open-QF-Leylah_Fernandez-Elina_Svitolina,Elina Svitolina,B,57,91,9,14,0
20210907-W-US_Open-QF-Leylah_Fernandez-Elina_Svitolina,Elina Svitolina,S,5,5,0,0,0
20210906-W-US_Open-R16-Karolina_Pliskova-Anastasia_Pavlyuchenkova,Karolina Pliskova,Total,55,40,11,16,1
20210906-W-US_Open-R16-Karolina_Pliskova-Anastasia_Pavlyuchenkova,Karolina Pliskova,F,34,14,2,8,1
20210906-W-US_Open-R16-Karolina_Pliskova-Anastasia_Pavlyuchenkova,Karolina Pliskova,B,16,23,9,8,0
20210906-W-US_Open-R16-Karolina_Pliskova-Anastasia_Pavlyuchenkova,Karolina Pliskova,S,5,3,0,0,0
20210906-W-US_Open-R16-Karolina_Pliskova-Anastasia_Pavlyuchenkova,Anastasia Pavlyuchenkova,Total,43,43,22,18,0
20210906-W-US_Open-R16-Karolina_Pliskova-Anastasia_Pavlyuchenkova,Anastasia Pavlyuchenkova,F,23,21,15,16,0
20210906-W-US_Open-R16-Karolina_Pliskova-Anastasia_Pavlyuchenkova,Anastasia Pavlyuchenkova,B,19,21,7,2,0
20210906-W-US_Open-R16-Karolina_Pliskova-Anastasia_Pavlyuchenkova,Anastasia Pavlyuchenkova,S,1,1,0,0,0
20210906-W-US_Open-R16-Iga_Swiatek-Belinda_Bencic,Iga Swiatek,Total,72,61,17,20,0
20210906-W-US_Open-R16-Iga_Swiatek-Belinda_Bencic,Iga Swiatek,F,50,32,9,7,0
20210906-W-US_Open-R16-Iga_Swiatek-Belinda_Bencic,Iga Swiatek,B,22,28,7,13,0
20210906-W-US_Open-R16-Iga_Swiatek-Belinda_Bencic,Iga Swiatek,S,0,1,1,0,0
20210906-W-US_Open-R16-Iga_Swiatek-Belinda_Bencic,Belinda Bencic,Total,74,48,22,27,0
20210906-W-US_Open-R16-Iga_Swiatek-Belinda_Bencic,Belinda Bencic,F,54,32,10,23,0
20210906-W-US_Open-R16-Iga_Swiatek-Belinda_Bencic,Belinda Bencic,B,20,16,12,4,0
20210906-W-US_Open-R16-Bianca_Andreescu-Maria_Sakkari,Bianca Andreescu,Total,120,138,24,52,0
20210906-W-US_Open-R16-Bianca_Andreescu-Maria_Sakkari,Bianca Andreescu,F,74,57,9,39,0
20210906-W-US_Open-R16-Bianca_Andreescu-Maria_Sakkari,Bianca Andreescu,B,42,74,11,11,0
20210906-W-US_Open-R16-Bianca_Andreescu-Maria_Sakkari,Bianca Andreescu,S,4,7,4,2,0
20210906-W-US_Open-R16-Bianca_Andreescu-Maria_Sakkari,Maria Sakkari,Total,119,162,13,31,3
20210906-W-US_Open-R16-Bianca_Andreescu-Maria_Sakkari,Maria Sakkari,F,59,87,12,24,3
20210906-W-US_Open-R16-Bianca_Andreescu-Maria_Sakkari,Maria Sakkari,B,57,70,0,7,0
20210906-W-US_Open-R16-Bianca_Andreescu-Maria_Sakkari,Maria Sakkari,S,3,5,1,0,0
20210905-W-US_Open-R16-Leylah_Fernandez-Angelique_Kerber,Leylah Fernandez,Total,117,110,40,36,1
20210905-W-US_Open-R16-Leylah_Fernandez-Angelique_Kerber,Leylah Fernandez,F,82,68,28,26,1
20210905-W-US_Open-R16-Leylah_Fernandez-Angelique_Kerber,Leylah Fernandez,B,33,31,10,9,0
20210905-W-US_Open-R16-Leylah_Fernandez-Angelique_Kerber,Leylah Fernandez,S,2,11,2,1,0
20210905-W-US_Open-R16-Leylah_Fernandez-Angelique_Kerber,Angelique Kerber,Total,137,100,25,37,2
20210905-W-US_Open-R16-Leylah_Fernandez-Angelique_Kerber,Angelique Kerber,F,89,46,20,26,2
20210905-W-US_Open-R16-Leylah_Fernandez-Angelique_Kerber,Angelique Kerber,B,42,49,3,9,0
20210905-W-US_Open-R16-Leylah_Fernandez-Angelique_Kerber,Angelique Kerber,S,6,5,2,2,0
20210905-W-US_Open-R16-Barbora_Krejcikova-Garbine_Muguruza,Barbora Krejcikova,Total,96,73,13,17,1
20210905-W-US_Open-R16-Barbora_Krejcikova-Garbine_Muguruza,Barbora Krejcikova,F,50,30,7,14,1
20210905-W-US_Open-R16-Barbora_Krejcikova-Garbine_Muguruza,Barbora Krejcikova,B,37,36,6,3,0
20210905-W-US_Open-R16-Barbora_Krejcikova-Garbine_Muguruza,Barbora Krejcikova,S,9,7,0,0,0
20210905-W-US_Open-R16-Barbora_Krejcikova-Garbine_Muguruza,Garbine Muguruza,Total,67,73,24,30,0
20210905-W-US_Open-R16-Barbora_Krejcikova-Garbine_Muguruza,Garbine Muguruza,F,26,26,15,19,0
20210905-W-US_Open-R16-Barbora_Krejcikova-Garbine_Muguruza,Garbine Muguruza,B,41,47,9,11,0
20210904-W-US_Open-R32-Petra_Kvitova-Maria_Sakkari,Petra Kvitova,Total,30,32,8,17,0
20210904-W-US_Open-R32-Petra_Kvitova-Maria_Sakkari,Petra Kvitova,F,24,19,8,12,0
20210904-W-US_Open-R32-Petra_Kvitova-Maria_Sakkari,Petra Kvitova,B,6,12,0,3,0
20210904-W-US_Open-R32-Petra_Kvitova-Maria_Sakkari,Petra Kvitova,S,0,1,0,2,0
20210904-W-US_Open-R32-Petra_Kvitova-Maria_Sakkari,Maria Sakkari,Total,20,42,6,6,0
20210904-W-US_Open-R32-Petra_Kvitova-Maria_Sakkari,Maria Sakkari,F,11,18,6,6,0
20210904-W-US_Open-R32-Petra_Kvitova-Maria_Sakkari,Maria Sakkari,B,8,20,0,0,0
20210904-W-US_Open-R32-Petra_Kvitova-Maria_Sakkari,Maria Sakkari,S,1,4,0,0,0
20210904-W-US_Open-R32-Karolina_Pliskova-Ajla_Tomljanovic,Karolina Pliskova,Total,38,30,11,26,1
20210904-W-US_Open-R32-Karolina_Pliskova-Ajla_Tomljanovic,Karolina Pliskova,F,24,12,3,15,1
20210904-W-US_Open-R32-Karolina_Pliskova-Ajla_Tomljanovic,Karolina Pliskova,B,8,16,7,11,0
20210904-W-US_Open-R32-Karolina_Pliskova-Ajla_Tomljanovic,Karolina Pliskova,S,6,2,1,0,0
20210904-W-US_Open-R32-Karolina_Pliskova-Ajla_Tomljanovic,Ajla Tomljanovic,Total,34,44,9,16,0
20210904-W-US_Open-R32-Karolina_Pliskova-Ajla_Tomljanovic,Ajla Tomljanovic,F,18,25,8,11,0
20210904-W-US_Open-R32-Karolina_Pliskova-Ajla_Tomljanovic,Ajla Tomljanovic,B,14,14,1,5,0
20210904-W-US_Open-R32-Karolina_Pliskova-Ajla_Tomljanovic,Ajla Tomljanovic,S,2,5,0,0,0
20210904-W-US_Open-R32-Jessica_Pegula-Belinda_Bencic,Jessica Pegula,Total,42,50,10,15,0
20210904-W-US_Open-R32-Jessica_Pegula-Belinda_Bencic,Jessica Pegula,F,29,21,4,9,0
20210904-W-US_Open-R32-Jessica_Pegula-Belinda_Bencic,Jessica Pegula,B,12,25,4,6,0
20210904-W-US_Open-R32-Jessica_Pegula-Belinda_Bencic,Jessica Pegula,S,1,4,2,0,0
20210904-W-US_Open-R32-Jessica_Pegula-Belinda_Bencic,Belinda Bencic,Total,30,44,14,22,0
20210904-W-US_Open-R32-Jessica_Pegula-Belinda_Bencic,Belinda Bencic,F,24,22,6,16,0
20210904-W-US_Open-R32-Jessica_Pegula-Belinda_Bencic,Belinda Bencic,B,6,21,8,6,0
20210904-W-US_Open-R32-Jessica_Pegula-Belinda_Bencic,Belinda Bencic,S,0,1,0,0,0
20210904-W-US_Open-R32-Iga_Swiatek-Anett_Kontaveit,Iga Swiatek,Total,107,79,28,37,0
20210904-W-US_Open-R32-Iga_Swiatek-Anett_Kontaveit,Iga Swiatek,F,58,33,14,25,0
20210904-W-US_Open-R32-Iga_Swiatek-Anett_Kontaveit,Iga Swiatek,B,48,42,13,12,0
20210904-W-US_Open-R32-Iga_Swiatek-Anett_Kontaveit,Iga Swiatek,S,1,4,1,0,0
20210904-W-US_Open-R32-Iga_Swiatek-Anett_Kontaveit,Anett Kontaveit,Total,113,107,24,20,0
20210904-W-US_Open-R32-Iga_Swiatek-Anett_Kontaveit,Anett Kontaveit,F,46,51,14,13,0
20210904-W-US_Open-R32-Iga_Swiatek-Anett_Kontaveit,Anett Kontaveit,B,66,53,9,7,0
20210904-W-US_Open-R32-Iga_Swiatek-Anett_Kontaveit,Anett Kontaveit,S,1,3,1,0,0
20210904-W-US_Open-R32-Bianca_Andreescu-Greet_Minnen,Bianca Andreescu,Total,31,50,9,18,0
20210904-W-US_Open-R32-Bianca_Andreescu-Greet_Minnen,Bianca Andreescu,F,19,18,4,7,0
20210904-W-US_Open-R32-Bianca_Andreescu-Greet_Minnen,Bianca Andreescu,B,11,26,5,7,0
20210904-W-US_Open-R32-Bianca_Andreescu-Greet_Minnen,Bianca Andreescu,S,1,6,0,4,0
20210904-W-US_Open-R32-Bianca_Andreescu-Greet_Minnen,Greet Minnen,Total,38,48,5,25,2
20210904-W-US_Open-R32-Bianca_Andreescu-Greet_Minnen,Greet Minnen,F,24,27,2,23,2
20210904-W-US_Open-R32-Bianca_Andreescu-Greet_Minnen,Greet Minnen,B,13,18,2,0,0
20210904-W-US_Open-R32-Bianca_Andreescu-Greet_Minnen,Greet Minnen,S,1,3,1,2,0
20210904-W-US_Open-R32-Ashleigh_Barty-Shelby_Rogers,Ashleigh Barty,Total,125,83,25,57,10
20210904-W-US_Open-R32-Ashleigh_Barty-Shelby_Rogers,Ashleigh Barty,F,74,36,6,45,10
20210904-W-US_Open-R32-Ashleigh_Barty-Shelby_Rogers,Ashleigh Barty,B,15,18,8,3,0
20210904-W-US_Open-R32-Ashleigh_Barty-Shelby_Rogers,Ashleigh Barty,S,36,29,11,9,0
20210904-W-US_Open-R32-Ashleigh_Barty-Shelby_Rogers,Shelby Rogers,Total,72,104,56,51,0
20210904-W-US_Open-R32-Ashleigh_Barty-Shelby_Rogers,Shelby Rogers,F,27,50,43,49,0
20210904-W-US_Open-R32-Ashleigh_Barty-Shelby_Rogers,Shelby Rogers,B,35,49,12,2,0
20210904-W-US_Open-R32-Ashleigh_Barty-Shelby_Rogers,Shelby Rogers,S,10,5,1,0,0
20210903-W-US_Open-R32-Victoria_Azarenka-Garbine_Muguruza,Victoria Azarenka,Total,79,72,40,32,0
20210903-W-US_Open-R32-Victoria_Azarenka-Garbine_Muguruza,Victoria Azarenka,F,51,38,25,19,0
20210903-W-US_Open-R32-Victoria_Azarenka-Garbine_Muguruza,Victoria Azarenka,B,25,30,11,13,0
20210903-W-US_Open-R32-Victoria_Azarenka-Garbine_Muguruza,Victoria Azarenka,S,3,4,4,0,0
20210903-W-US_Open-R32-Victoria_Azarenka-Garbine_Muguruza,Garbine Muguruza,Total,77,73,30,32,0
20210903-W-US_Open-R32-Victoria_Azarenka-Garbine_Muguruza,Garbine Muguruza,F,43,33,18,14,0
20210903-W-US_Open-R32-Victoria_Azarenka-Garbine_Muguruza,Garbine Muguruza,B,34,39,12,18,0
20210903-W-US_Open-R32-Victoria_Azarenka-Garbine_Muguruza,Garbine Muguruza,S,0,1,0,0,0
20210903-W-US_Open-R32-Leylah_Fernandez-Naomi_Osaka,Leylah Fernandez,Total,17,58,0,60,18
20210903-W-US_Open-R32-Leylah_Fernandez-Naomi_Osaka,Leylah Fernandez,F,10,28,0,40,12
20210903-W-US_Open-R32-Leylah_Fernandez-Naomi_Osaka,Leylah Fernandez,B,5,28,0,20,5
20210903-W-US_Open-R32-Leylah_Fernandez-Naomi_Osaka,Leylah Fernandez,S,2,2,0,0,1
20210903-W-US_Open-R32-Leylah_Fernandez-Naomi_Osaka,Naomi Osaka,Total,70,44,15,41,1
20210903-W-US_Open-R32-Leylah_Fernandez-Naomi_Osaka,Naomi Osaka,F,40,23,6,25,1
20210903-W-US_Open-R32-Leylah_Fernandez-Naomi_Osaka,Naomi Osaka,B,29,21,9,16,0
20210903-W-US_Open-R32-Leylah_Fernandez-Naomi_Osaka,Naomi Osaka,S,1,0,0,0,0
20210903-W-US_Open-R32-Daria_Kasatkina-Elina_Svitolina,Daria Kasatkina,Total,66,52,31,58,4
20210903-W-US_Open-R32-Daria_Kasatkina-Elina_Svitolina,Daria Kasatkina,F,35,21,17,48,4
20210903-W-US_Open-R32-Daria_Kasatkina-Elina_Svitolina,Daria Kasatkina,B,20,21,13,7,0
20210903-W-US_Open-R32-Daria_Kasatkina-Elina_Svitolina,Daria Kasatkina,S,11,10,1,3,0
20210903-W-US_Open-R32-Daria_Kasatkina-Elina_Svitolina,Elina Svitolina,Total,80,65,25,25,1
20210903-W-US_Open-R32-Daria_Kasatkina-Elina_Svitolina,Elina Svitolina,F,24,29,13,18,1
20210903-W-US_Open-R32-Daria_Kasatkina-Elina_Svitolina,Elina Svitolina,B,53,32,12,7,0
20210903-W-US_Open-R32-Daria_Kasatkina-Elina_Svitolina,Elina Svitolina,S,3,4,0,0,0
20210902-W-US_Open-R64-Shuai_Zhang-Emma_Raducanu,Shuai Zhang,Total,48,90,14,17,0
20210902-W-US_Open-R64-Shuai_Zhang-Emma_Raducanu,Shuai Zhang,F,32,45,6,12,0
20210902-W-US_Open-R64-Shuai_Zhang-Emma_Raducanu,Shuai Zhang,B,16,45,8,5,0
20210902-W-US_Open-R64-Shuai_Zhang-Emma_Raducanu,Emma Raducanu,Total,41,82,12,22,0
20210902-W-US_Open-R64-Shuai_Zhang-Emma_Raducanu,Emma Raducanu,F,26,38,8,14,0
20210902-W-US_Open-R64-Shuai_Zhang-Emma_Raducanu,Emma Raducanu,B,15,44,4,8,0
20210902-W-US_Open-R64-Sara_Sorribes_Tormo-Su_Wei_Hsieh,Sara Sorribes Tormo,Total,66,105,17,26,1
20210902-W-US_Open-R64-Sara_Sorribes_Tormo-Su_Wei_Hsieh,Sara Sorribes Tormo,F,35,38,9,21,1
20210902-W-US_Open-R64-Sara_Sorribes_Tormo-Su_Wei_Hsieh,Sara Sorribes Tormo,B,8,36,5,4,0
20210902-W-US_Open-R64-Sara_Sorribes_Tormo-Su_Wei_Hsieh,Sara Sorribes Tormo,S,23,31,3,1,0
20210902-W-US_Open-R64-Sara_Sorribes_Tormo-Su_Wei_Hsieh,Su Wei Hsieh,Total,124,47,22,39,0
20210902-W-US_Open-R64-Sara_Sorribes_Tormo-Su_Wei_Hsieh,Su Wei Hsieh,F,51,24,9,24,0
20210902-W-US_Open-R64-Sara_Sorribes_Tormo-Su_Wei_Hsieh,Su Wei Hsieh,B,70,19,13,13,0
20210902-W-US_Open-R64-Sara_Sorribes_Tormo-Su_Wei_Hsieh,Su Wei Hsieh,S,3,4,0,2,0
20210902-W-US_Open-R64-Maria_Sakkari-Katerina_Siniakova,Maria Sakkari,Total,33,52,14,20,0
20210902-W-US_Open-R64-Maria_Sakkari-Katerina_Siniakova,Maria Sakkari,F,14,23,10,18,0
20210902-W-US_Open-R64-Maria_Sakkari-Katerina_Siniakova,Maria Sakkari,B,18,27,3,1,0
20210902-W-US_Open-R64-Maria_Sakkari-Katerina_Siniakova,Maria Sakkari,S,1,2,1,1,0
20210902-W-US_Open-R64-Maria_Sakkari-Katerina_Siniakova,Katerina Siniakova,Total,45,59,10,21,0
20210902-W-US_Open-R64-Maria_Sakkari-Katerina_Siniakova,Katerina Siniakova,F,16,27,3,10,0
20210902-W-US_Open-R64-Maria_Sakkari-Katerina_Siniakova,Katerina Siniakova,B,28,30,4,10,0
20210902-W-US_Open-R64-Maria_Sakkari-Katerina_Siniakova,Katerina Siniakova,S,1,2,3,1,0
20210902-W-US_Open-R64-Bianca_Andreescu-Lauren_Davis,Bianca Andreescu,Total,52,76,12,20,0
20210902-W-US_Open-R64-Bianca_Andreescu-Lauren_Davis,Bianca Andreescu,F,28,30,6,13,0
20210902-W-US_Open-R64-Bianca_Andreescu-Lauren_Davis,Bianca Andreescu,B,23,38,5,6,0
20210902-W-US_Open-R64-Bianca_Andreescu-Lauren_Davis,Bianca Andreescu,S,1,8,1,1,0
20210902-W-US_Open-R64-Bianca_Andreescu-Lauren_Davis,Lauren Davis,Total,46,77,12,24,0
20210902-W-US_Open-R64-Bianca_Andreescu-Lauren_Davis,Lauren Davis,F,20,35,7,17,0
20210902-W-US_Open-R64-Bianca_Andreescu-Lauren_Davis,Lauren Davis,B,21,40,5,7,0
20210902-W-US_Open-R64-Bianca_Andreescu-Lauren_Davis,Lauren Davis,S,5,2,0,0,0
20210901-W-US_Open-R64-Rebeka_Masarova-Elina_Svitolina,Rebeka Masarova,Total,67,88,19,24,1
20210901-W-US_Open-R64-Rebeka_Masarova-Elina_Svitolina,Rebeka Masarova,F,49,46,7,10,1
20210901-W-US_Open-R64-Rebeka_Masarova-Elina_Svitolina,Rebeka Masarova,B,16,32,12,12,0
20210901-W-US_Open-R64-Rebeka_Masarova-Elina_Svitolina,Rebeka Masarova,S,2,10,0,2,0
20210901-W-US_Open-R64-Rebeka_Masarova-Elina_Svitolina,Elina Svitolina,Total,70,78,13,36,1
20210901-W-US_Open-R64-Rebeka_Masarova-Elina_Svitolina,Elina Svitolina,F,50,57,9,30,1
20210901-W-US_Open-R64-Rebeka_Masarova-Elina_Svitolina,Elina Svitolina,B,20,16,4,5,0
20210901-W-US_Open-R64-Rebeka_Masarova-Elina_Svitolina,Elina Svitolina,S,0,5,0,1,0
20210901-W-US_Open-R64-Leylah_Fernandez-Kaia_Kanepi,Leylah Fernandez,Total,67,57,20,29,4
20210901-W-US_Open-R64-Leylah_Fernandez-Kaia_Kanepi,Leylah Fernandez,F,28,35,10,23,4
20210901-W-US_Open-R64-Leylah_Fernandez-Kaia_Kanepi,Leylah Fernandez,B,36,19,8,6,0
20210901-W-US_Open-R64-Leylah_Fernandez-Kaia_Kanepi,Leylah Fernandez,S,3,3,2,0,0
20210901-W-US_Open-R64-Leylah_Fernandez-Kaia_Kanepi,Kaia Kanepi,Total,68,71,23,28,0
20210901-W-US_Open-R64-Leylah_Fernandez-Kaia_Kanepi,Kaia Kanepi,F,39,35,9,18,0
20210901-W-US_Open-R64-Leylah_Fernandez-Kaia_Kanepi,Kaia Kanepi,B,27,34,13,8,0
20210901-W-US_Open-R64-Leylah_Fernandez-Kaia_Kanepi,Kaia Kanepi,S,2,2,1,2,0
20210901-W-US_Open-R64-Coco_Gauff-Sloane_Stephens,Coco Gauff,Total,44,36,15,21,0
20210901-W-US_Open-R64-Coco_Gauff-Sloane_Stephens,Coco Gauff,F,11,20,13,17,0
20210901-W-US_Open-R64-Coco_Gauff-Sloane_Stephens,Coco Gauff,B,33,14,2,4,0
20210901-W-US_Open-R64-Coco_Gauff-Sloane_Stephens,Coco Gauff,S,0,2,0,0,0
20210901-W-US_Open-R64-Coco_Gauff-Sloane_Stephens,Sloane Stephens,Total,48,42,16,19,1
20210901-W-US_Open-R64-Coco_Gauff-Sloane_Stephens,Sloane Stephens,F,25,13,7,17,1
20210901-W-US_Open-R64-Coco_Gauff-Sloane_Stephens,Sloane Stephens,B,18,27,7,1,0
20210901-W-US_Open-R64-Coco_Gauff-Sloane_Stephens,Sloane Stephens,S,5,2,2,1,0
20210831-W-US_Open-R128-Sara_Sorribes_Tormo-Karolina_Muchova,Sara Sorribes Tormo,Total,96,155,41,58,5
20210831-W-US_Open-R128-Sara_Sorribes_Tormo-Karolina_Muchova,Sara Sorribes Tormo,F,47,83,29,54,5
20210831-W-US_Open-R128-Sara_Sorribes_Tormo-Karolina_Muchova,Sara Sorribes Tormo,B,14,43,9,2,0
20210831-W-US_Open-R128-Sara_Sorribes_Tormo-Karolina_Muchova,Sara Sorribes Tormo,S,35,29,3,2,0
20210831-W-US_Open-R128-Sara_Sorribes_Tormo-Karolina_Muchova,Karolina Muchova,Total,188,95,25,58,3
20210831-W-US_Open-R128-Sara_Sorribes_Tormo-Karolina_Muchova,Karolina Muchova,F,103,43,11,48,3
20210831-W-US_Open-R128-Sara_Sorribes_Tormo-Karolina_Muchova,Karolina Muchova,B,68,41,10,9,0
20210831-W-US_Open-R128-Sara_Sorribes_Tormo-Karolina_Muchova,Karolina Muchova,S,17,11,4,1,0
20210831-W-US_Open-R128-Marta_Kostyuk-Maria_Sakkari,Marta Kostyuk,Total,28,43,11,21,0
20210831-W-US_Open-R128-Marta_Kostyuk-Maria_Sakkari,Marta Kostyuk,F,12,15,4,17,0
20210831-W-US_Open-R128-Marta_Kostyuk-Maria_Sakkari,Marta Kostyuk,B,15,25,6,2,0
20210831-W-US_Open-R128-Marta_Kostyuk-Maria_Sakkari,Marta Kostyuk,S,1,3,1,2,0
20210831-W-US_Open-R128-Marta_Kostyuk-Maria_Sakkari,Maria Sakkari,Total,54,32,5,23,0
20210831-W-US_Open-R128-Marta_Kostyuk-Maria_Sakkari,Maria Sakkari,F,20,15,3,23,0
20210831-W-US_Open-R128-Marta_Kostyuk-Maria_Sakkari,Maria Sakkari,B,33,17,2,0,0
20210831-W-US_Open-R128-Marta_Kostyuk-Maria_Sakkari,Maria Sakkari,S,1,0,0,0,0
20210831-W-US_Open-R128-Jil_Teichmann-Cristina_Bucsa,Jil Teichmann,Total,25,81,1,64,19
20210831-W-US_Open-R128-Jil_Teichmann-Cristina_Bucsa,Jil Teichmann,F,17,32,1,32,12
20210831-W-US_Open-R128-Jil_Teichmann-Cristina_Bucsa,Jil Teichmann,B,5,35,0,22,4
20210831-W-US_Open-R128-Jil_Teichmann-Cristina_Bucsa,Jil Teichmann,S,3,14,0,10,3
20210831-W-US_Open-R128-Jil_Teichmann-Cristina_Bucsa,Cristina Bucsa,Total,27,65,0,74,17
20210831-W-US_Open-R128-Jil_Teichmann-Cristina_Bucsa,Cristina Bucsa,F,15,24,0,53,5
20210831-W-US_Open-R128-Jil_Teichmann-Cristina_Bucsa,Cristina Bucsa,B,12,38,0,19,12
20210831-W-US_Open-R128-Jil_Teichmann-Cristina_Bucsa,Cristina Bucsa,S,0,3,0,2,0
20210831-W-US_Open-R128-Bianca_Andreescu-Viktorija_Golubic,Bianca Andreescu,Total,105,110,13,33,1
20210831-W-US_Open-R128-Bianca_Andreescu-Viktorija_Golubic,Bianca Andreescu,F,50,50,7,22,1
20210831-W-US_Open-R128-Bianca_Andreescu-Viktorija_Golubic,Bianca Andreescu,B,52,55,6,9,0
20210831-W-US_Open-R128-Bianca_Andreescu-Viktorija_Golubic,Bianca Andreescu,S,3,5,0,2,0
20210831-W-US_Open-R128-Bianca_Andreescu-Viktorija_Golubic,Viktorija Golubic,Total,63,108,28,38,0
20210831-W-US_Open-R128-Bianca_Andreescu-Viktorija_Golubic,Viktorija Golubic,F,27,46,15,29,0
20210831-W-US_Open-R128-Bianca_Andreescu-Viktorija_Golubic,Viktorija Golubic,B,16,48,7,8,0
20210831-W-US_Open-R128-Bianca_Andreescu-Viktorija_Golubic,Viktorija Golubic,S,20,14,6,1,0
20210830-W-US_Open-R128-Leylah_Fernandez-Ana_Konjuh,Leylah Fernandez,Total,58,30,19,18,2
20210830-W-US_Open-R128-Leylah_Fernandez-Ana_Konjuh,Leylah Fernandez,F,41,18,10,10,2
20210830-W-US_Open-R128-Leylah_Fernandez-Ana_Konjuh,Leylah Fernandez,B,15,11,4,6,0
20210830-W-US_Open-R128-Leylah_Fernandez-Ana_Konjuh,Leylah Fernandez,S,2,1,5,2,0
20210830-W-US_Open-R128-Leylah_Fernandez-Ana_Konjuh,Ana Konjuh,Total,54,37,10,16,0
20210830-W-US_Open-R128-Leylah_Fernandez-Ana_Konjuh,Ana Konjuh,F,19,15,6,11,0
20210830-W-US_Open-R128-Leylah_Fernandez-Ana_Konjuh,Ana Konjuh,B,29,20,4,4,0
20210830-W-US_Open-R128-Leylah_Fernandez-Ana_Konjuh,Ana Konjuh,S,6,2,0,1,0
20210830-W-US_Open-R128-Elina_Svitolina-Rebecca_Marino,Elina Svitolina,Total,30,50,10,16,0
20210830-W-US_Open-R128-Elina_Svitolina-Rebecca_Marino,Elina Svitolina,F,13,26,5,11,0
20210830-W-US_Open-R128-Elina_Svitolina-Rebecca_Marino,Elina Svitolina,B,15,23,4,5,0
20210830-W-US_Open-R128-Elina_Svitolina-Rebecca_Marino,Elina Svitolina,S,2,1,1,0,0
20210830-W-US_Open-R128-Elina_Svitolina-Rebecca_Marino,Rebecca Marino,Total,45,49,8,22,1
20210830-W-US_Open-R128-Elina_Svitolina-Rebecca_Marino,Rebecca Marino,F,31,23,2,20,1
20210830-W-US_Open-R128-Elina_Svitolina-Rebecca_Marino,Rebecca Marino,B,13,24,5,2,0
20210830-W-US_Open-R128-Elina_Svitolina-Rebecca_Marino,Rebecca Marino,S,1,2,1,0,0
20210830-W-US_Open-R128-Donna_Vekic-Garbine_Muguruza,Donna Vekic,Total,49,96,16,37,2
20210830-W-US_Open-R128-Donna_Vekic-Garbine_Muguruza,Donna Vekic,F,41,60,7,25,1
20210830-W-US_Open-R128-Donna_Vekic-Garbine_Muguruza,Donna Vekic,B,8,35,9,12,1
20210830-W-US_Open-R128-Donna_Vekic-Garbine_Muguruza,Donna Vekic,S,0,1,0,0,0
20210830-W-US_Open-R128-Donna_Vekic-Garbine_Muguruza,Garbine Muguruza,Total,44,106,11,35,0
20210830-W-US_Open-R128-Donna_Vekic-Garbine_Muguruza,Garbine Muguruza,F,28,62,3,21,0
20210830-W-US_Open-R128-Donna_Vekic-Garbine_Muguruza,Garbine Muguruza,B,16,43,8,14,0
20210830-W-US_Open-R128-Donna_Vekic-Garbine_Muguruza,Garbine Muguruza,S,0,1,0,0,0
20210830-W-US_Open-R128-Carla_Suarez_Navarro-Danielle_Collins,Carla Suarez Navarro,Total,11,15,5,9,0
20210830-W-US_Open-R128-Carla_Suarez_Navarro-Danielle_Collins,Carla Suarez Navarro,F,5,3,2,8,0
20210830-W-US_Open-R128-Carla_Suarez_Navarro-Danielle_Collins,Carla Suarez Navarro,B,2,7,1,0,0
20210830-W-US_Open-R128-Carla_Suarez_Navarro-Danielle_Collins,Carla Suarez Navarro,S,4,5,2,1,0
20210830-W-US_Open-R128-Carla_Suarez_Navarro-Danielle_Collins,Danielle Collins,Total,27,9,6,6,0
20210830-W-US_Open-R128-Carla_Suarez_Navarro-Danielle_Collins,Danielle Collins,F,9,2,3,1,0
20210830-W-US_Open-R128-Carla_Suarez_Navarro-Danielle_Collins,Danielle Collins,B,18,7,3,5,0
20210825-W-US_Open-Q1-Emma_Raducanu-Bibiane_Schoofs,Emma Raducanu,Total,54,36,12,12,1
20210825-W-US_Open-Q1-Emma_Raducanu-Bibiane_Schoofs,Emma Raducanu,F,33,15,5,5,1
20210825-W-US_Open-Q1-Emma_Raducanu-Bibiane_Schoofs,Emma Raducanu,B,18,18,7,6,0
20210825-W-US_Open-Q1-Emma_Raducanu-Bibiane_Schoofs,Emma Raducanu,S,3,3,0,1,0
20210825-W-US_Open-Q1-Emma_Raducanu-Bibiane_Schoofs,Bibiane Schoofs,Total,44,44,6,15,0
20210825-W-US_Open-Q1-Emma_Raducanu-Bibiane_Schoofs,Bibiane Schoofs,F,26,22,5,10,0
20210825-W-US_Open-Q1-Emma_Raducanu-Bibiane_Schoofs,Bibiane Schoofs,B,7,15,0,4,0
20210825-W-US_Open-Q1-Emma_Raducanu-Bibiane_Schoofs,Bibiane Schoofs,S,11,7,1,1,0
20210220-W-Australian_Open-F-Naomi_Osaka-Jennifer_Brady,Naomi Osaka,Total,62,27,12,16,0
20210220-W-Australian_Open-F-Naomi_Osaka-Jennifer_Brady,Naomi Osaka,F,27,6,7,7,0
20210220-W-Australian_Open-F-Naomi_Osaka-Jennifer_Brady,Naomi Osaka,B,34,20,5,9,0
20210220-W-Australian_Open-F-Naomi_Osaka-Jennifer_Brady,Naomi Osaka,S,1,1,0,0,0
20210220-W-Australian_Open-F-Naomi_Osaka-Jennifer_Brady,Jennifer Brady,Total,33,36,17,21,2
20210220-W-Australian_Open-F-Naomi_Osaka-Jennifer_Brady,Jennifer Brady,F,12,16,9,17,2
20210220-W-Australian_Open-F-Naomi_Osaka-Jennifer_Brady,Jennifer Brady,B,20,17,5,4,0
20210220-W-Australian_Open-F-Naomi_Osaka-Jennifer_Brady,Jennifer Brady,S,1,3,3,0,0
20210218-W-Australian_Open-SF-Naomi_Osaka-Serena_Williams,Naomi Osaka,Total,38,25,16,15,0
20210218-W-Australian_Open-SF-Naomi_Osaka-Serena_Williams,Naomi Osaka,F,21,9,7,10,0
20210218-W-Australian_Open-SF-Naomi_Osaka-Serena_Williams,Naomi Osaka,B,17,15,9,5,0
20210218-W-Australian_Open-SF-Naomi_Osaka-Serena_Williams,Naomi Osaka,S,0,1,0,0,0
20210218-W-Australian_Open-SF-Naomi_Osaka-Serena_Williams,Serena Williams,Total,41,35,11,7,0
20210218-W-Australian_Open-SF-Naomi_Osaka-Serena_Williams,Serena Williams,F,14,12,5,4,0
20210218-W-Australian_Open-SF-Naomi_Osaka-Serena_Williams,Serena Williams,B,25,22,6,3,0
20210218-W-Australian_Open-SF-Naomi_Osaka-Serena_Williams,Serena Williams,S,2,1,0,0,0
20210218-W-Australian_Open-SF-Jennifer_Brady-Karolina_Muchova,Jennifer Brady,Total,55,63,12,42,0
20210218-W-Australian_Open-SF-Jennifer_Brady-Karolina_Muchova,Jennifer Brady,F,27,24,1,37,0
20210218-W-Australian_Open-SF-Jennifer_Brady-Karolina_Muchova,Jennifer Brady,B,26,36,9,5,0
20210218-W-Australian_Open-SF-Jennifer_Brady-Karolina_Muchova,Jennifer Brady,S,2,3,2,0,0
20210218-W-Australian_Open-SF-Jennifer_Brady-Karolina_Muchova,Karolina Muchova,Total,51,73,12,23,1
20210218-W-Australian_Open-SF-Jennifer_Brady-Karolina_Muchova,Karolina Muchova,F,23,27,9,22,1
20210218-W-Australian_Open-SF-Jennifer_Brady-Karolina_Muchova,Karolina Muchova,B,22,33,3,1,0
20210218-W-Australian_Open-SF-Jennifer_Brady-Karolina_Muchova,Karolina Muchova,S,6,13,0,0,0
20210217-W-Australian_Open-QF-Jennifer_Brady-Jessica_Pegula,Jennifer Brady,Total,71,59,25,24,1
20210217-W-Australian_Open-QF-Jennifer_Brady-Jessica_Pegula,Jennifer Brady,F,38,25,7,18,1
20210217-W-Australian_Open-QF-Jennifer_Brady-Jessica_Pegula,Jennifer Brady,B,31,24,15,6,0
20210217-W-Australian_Open-QF-Jennifer_Brady-Jessica_Pegula,Jennifer Brady,S,2,10,3,0,0
20210217-W-Australian_Open-QF-Jennifer_Brady-Jessica_Pegula,Jessica Pegula,Total,87,63,19,21,0
20210217-W-Australian_Open-QF-Jennifer_Brady-Jessica_Pegula,Jessica Pegula,F,40,26,12,17,0
20210217-W-Australian_Open-QF-Jennifer_Brady-Jessica_Pegula,Jessica Pegula,B,39,31,5,4,0
20210217-W-Australian_Open-QF-Jennifer_Brady-Jessica_Pegula,Jessica Pegula,S,8,6,2,0,0
20210217-W-Australian_Open-QF-Ashleigh_Barty-Karolina_Muchova,Ashleigh Barty,Total,89,71,8,19,5
20210217-W-Australian_Open-QF-Ashleigh_Barty-Karolina_Muchova,Ashleigh Barty,F,39,24,2,16,5
20210217-W-Australian_Open-QF-Ashleigh_Barty-Karolina_Muchova,Ashleigh Barty,B,18,26,4,1,0
20210217-W-Australian_Open-QF-Ashleigh_Barty-Karolina_Muchova,Ashleigh Barty,S,32,21,2,2,0
20210217-W-Australian_Open-QF-Ashleigh_Barty-Karolina_Muchova,Karolina Muchova,Total,67,52,22,42,3
20210217-W-Australian_Open-QF-Ashleigh_Barty-Karolina_Muchova,Karolina Muchova,F,26,20,18,35,3
20210217-W-Australian_Open-QF-Ashleigh_Barty-Karolina_Muchova,Karolina Muchova,B,23,19,2,6,0
20210217-W-Australian_Open-QF-Ashleigh_Barty-Karolina_Muchova,Karolina Muchova,S,18,13,2,1,0
20210214-W-Australian_Open-R16-Karolina_Muchova-Elise_Mertens,Karolina Muchova,Total,104,56,34,24,6
20210214-W-Australian_Open-R16-Karolina_Muchova-Elise_Mertens,Karolina Muchova,F,57,13,12,13,6
20210214-W-Australian_Open-R16-Karolina_Muchova-Elise_Mertens,Karolina Muchova,B,37,27,17,10,0
20210214-W-Australian_Open-R16-Karolina_Muchova-Elise_Mertens,Karolina Muchova,S,10,16,5,1,0
20210214-W-Australian_Open-R16-Karolina_Muchova-Elise_Mertens,Elise Mertens,Total,84,51,57,35,0
20210214-W-Australian_Open-R16-Karolina_Muchova-Elise_Mertens,Elise Mertens,F,41,27,39,27,0
20210214-W-Australian_Open-R16-Karolina_Muchova-Elise_Mertens,Elise Mertens,B,40,19,18,8,0
20210214-W-Australian_Open-R16-Karolina_Muchova-Elise_Mertens,Elise Mertens,S,3,5,0,0,0
20210213-W-Australian_Open-R32-Karolina_Pliskova-Karolina_Muchova,Karolina Pliskova,Total,70,55,10,32,0
20210213-W-Australian_Open-R32-Karolina_Pliskova-Karolina_Muchova,Karolina Pliskova,F,37,20,7,27,0
20210213-W-Australian_Open-R32-Karolina_Pliskova-Karolina_Muchova,Karolina Pliskova,B,30,33,3,5,0
20210213-W-Australian_Open-R32-Karolina_Pliskova-Karolina_Muchova,Karolina Pliskova,S,3,2,0,0,0
20210213-W-Australian_Open-R32-Karolina_Pliskova-Karolina_Muchova,Karolina Muchova,Total,51,70,17,27,3
20210213-W-Australian_Open-R32-Karolina_Pliskova-Karolina_Muchova,Karolina Muchova,F,21,21,10,23,3
20210213-W-Australian_Open-R32-Karolina_Pliskova-Karolina_Muchova,Karolina Muchova,B,23,35,6,3,0
20210213-W-Australian_Open-R32-Karolina_Pliskova-Karolina_Muchova,Karolina Muchova,S,7,14,1,1,0
20210211-W-Australian_Open-R64-Samantha_Stosur-Jessica_Pegula,Samantha Stosur,Total,23,41,8,15,1
20210211-W-Australian_Open-R64-Samantha_Stosur-Jessica_Pegula,Samantha Stosur,F,14,20,3,15,1
20210211-W-Australian_Open-R64-Samantha_Stosur-Jessica_Pegula,Samantha Stosur,B,4,9,2,0,0
20210211-W-Australian_Open-R64-Samantha_Stosur-Jessica_Pegula,Samantha Stosur,S,5,12,3,0,0
20210211-W-Australian_Open-R64-Samantha_Stosur-Jessica_Pegula,Jessica Pegula,Total,39,37,6,11,0
20210211-W-Australian_Open-R64-Samantha_Stosur-Jessica_Pegula,Jessica Pegula,F,18,18,3,8,0
20210211-W-Australian_Open-R64-Samantha_Stosur-Jessica_Pegula,Jessica Pegula,B,18,17,3,3,0
20210211-W-Australian_Open-R64-Samantha_Stosur-Jessica_Pegula,Jessica Pegula,S,3,2,0,0,0
20210211-W-Australian_Open-R64-Elina_Svitolina-Coco_Gauff,Elina Svitolina,Total,67,55,18,29,1
20210211-W-Australian_Open-R64-Elina_Svitolina-Coco_Gauff,Elina Svitolina,F,28,19,9,22,1
20210211-W-Australian_Open-R64-Elina_Svitolina-Coco_Gauff,Elina Svitolina,B,37,32,9,7,0
20210211-W-Australian_Open-R64-Elina_Svitolina-Coco_Gauff,Elina Svitolina,S,2,4,0,0,0
20210211-W-Australian_Open-R64-Elina_Svitolina-Coco_Gauff,Coco Gauff,Total,56,53,29,25,1
20210211-W-Australian_Open-R64-Elina_Svitolina-Coco_Gauff,Coco Gauff,F,20,22,17,13,1
20210211-W-Australian_Open-R64-Elina_Svitolina-Coco_Gauff,Coco Gauff,B,35,27,12,12,0
20210211-W-Australian_Open-R64-Elina_Svitolina-Coco_Gauff,Coco Gauff,S,1,4,0,0,0
20210211-W-Australian_Open-R32-Naomi_Osaka-Ons_Jabeur,Naomi Osaka,Total,53,15,11,18,0
20210211-W-Australian_Open-R32-Naomi_Osaka-Ons_Jabeur,Naomi Osaka,F,24,7,5,7,0
20210211-W-Australian_Open-R32-Naomi_Osaka-Ons_Jabeur,Naomi Osaka,B,29,7,6,11,0
20210211-W-Australian_Open-R32-Naomi_Osaka-Ons_Jabeur,Naomi Osaka,S,0,1,0,0,0
20210211-W-Australian_Open-R32-Naomi_Osaka-Ons_Jabeur,Ons Jabeur,Total,30,27,12,5,2
20210211-W-Australian_Open-R32-Naomi_Osaka-Ons_Jabeur,Ons Jabeur,F,17,16,4,4,2
20210211-W-Australian_Open-R32-Naomi_Osaka-Ons_Jabeur,Ons Jabeur,B,8,5,7,0,0
20210211-W-Australian_Open-R32-Naomi_Osaka-Ons_Jabeur,Ons Jabeur,S,5,6,1,1,0
20210211-W-Australian_Open-R32-Anastasia_Potapova-Serena_Williams,Anastasia Potapova,Total,84,35,26,14,0
20210211-W-Australian_Open-R32-Anastasia_Potapova-Serena_Williams,Anastasia Potapova,F,51,17,17,11,0
20210211-W-Australian_Open-R32-Anastasia_Potapova-Serena_Williams,Anastasia Potapova,B,32,17,9,3,0
20210211-W-Australian_Open-R32-Anastasia_Potapova-Serena_Williams,Anastasia Potapova,S,1,1,0,0,0
20210211-W-Australian_Open-R32-Anastasia_Potapova-Serena_Williams,Serena Williams,Total,77,50,18,18,0
20210211-W-Australian_Open-R32-Anastasia_Potapova-Serena_Williams,Serena Williams,F,44,21,11,5,0
20210211-W-Australian_Open-R32-Anastasia_Potapova-Serena_Williams,Serena Williams,B,33,26,5,13,0
20210211-W-Australian_Open-R32-Anastasia_Potapova-Serena_Williams,Serena Williams,S,0,3,2,0,0
20210210-W-Australian_Open-R64-Rebecca_Marino-Marketa_Vondrousova,Rebecca Marino,Total,72,58,15,29,1
20210210-W-Australian_Open-R64-Rebecca_Marino-Marketa_Vondrousova,Rebecca Marino,F,42,25,2,18,1
20210210-W-Australian_Open-R64-Rebecca_Marino-Marketa_Vondrousova,Rebecca Marino,B,27,29,9,8,0
20210210-W-Australian_Open-R64-Rebecca_Marino-Marketa_Vondrousova,Rebecca Marino,S,3,4,4,3,0
20210210-W-Australian_Open-R64-Rebecca_Marino-Marketa_Vondrousova,Marketa Vondrousova,Total,68,78,6,7,0
20210210-W-Australian_Open-R64-Rebecca_Marino-Marketa_Vondrousova,Marketa Vondrousova,F,36,40,4,2,0
20210210-W-Australian_Open-R64-Rebecca_Marino-Marketa_Vondrousova,Marketa Vondrousova,B,25,21,1,5,0
20210210-W-Australian_Open-R64-Rebecca_Marino-Marketa_Vondrousova,Marketa Vondrousova,S,7,17,1,0,0
20210210-W-Australian_Open-R64-Bianca_Andreescu-Su_Wei_Hsieh,Bianca Andreescu,Total,45,47,13,24,2
20210210-W-Australian_Open-R64-Bianca_Andreescu-Su_Wei_Hsieh,Bianca Andreescu,F,24,23,5,20,2
20210210-W-Australian_Open-R64-Bianca_Andreescu-Su_Wei_Hsieh,Bianca Andreescu,B,19,17,8,4,0
20210210-W-Australian_Open-R64-Bianca_Andreescu-Su_Wei_Hsieh,Bianca Andreescu,S,2,7,0,0,0
20210210-W-Australian_Open-R64-Bianca_Andreescu-Su_Wei_Hsieh,Su Wei Hsieh,Total,52,46,4,21,0
20210210-W-Australian_Open-R64-Bianca_Andreescu-Su_Wei_Hsieh,Su Wei Hsieh,F,28,11,2,18,0
20210210-W-Australian_Open-R64-Bianca_Andreescu-Su_Wei_Hsieh,Su Wei Hsieh,B,22,29,1,3,0
20210210-W-Australian_Open-R64-Bianca_Andreescu-Su_Wei_Hsieh,Su Wei Hsieh,S,2,6,1,0,0
20210209-W-Australian_Open-R128-Elina_Svitolina-Marie_Bouzkova,Elina Svitolina,Total,108,97,22,37,2
20210209-W-Australian_Open-R128-Elina_Svitolina-Marie_Bouzkova,Elina Svitolina,F,44,52,7,28,2
20210209-W-Australian_Open-R128-Elina_Svitolina-Marie_Bouzkova,Elina Svitolina,B,58,37,15,9,0
20210209-W-Australian_Open-R128-Elina_Svitolina-Marie_Bouzkova,Elina Svitolina,S,6,8,0,0,0
20210209-W-Australian_Open-R128-Elina_Svitolina-Marie_Bouzkova,Marie Bouzkova,Total,99,85,23,47,0
20210209-W-Australian_Open-R128-Elina_Svitolina-Marie_Bouzkova,Marie Bouzkova,F,40,46,10,34,0
20210209-W-Australian_Open-R128-Elina_Svitolina-Marie_Bouzkova,Marie Bouzkova,B,52,32,11,13,0
20210209-W-Australian_Open-R128-Elina_Svitolina-Marie_Bouzkova,Marie Bouzkova,S,7,7,2,0,0
20210209-W-Australian_Open-R128-Destanee_Aiava-Samantha_Stosur,Destanee Aiava,Total,84,100,18,39,1
20210209-W-Australian_Open-R128-Destanee_Aiava-Samantha_Stosur,Destanee Aiava,F,40,47,13,28,1
20210209-W-Australian_Open-R128-Destanee_Aiava-Samantha_Stosur,Destanee Aiava,B,38,44,4,10,0
20210209-W-Australian_Open-R128-Destanee_Aiava-Samantha_Stosur,Destanee Aiava,S,6,9,1,1,0
20210209-W-Australian_Open-R128-Destanee_Aiava-Samantha_Stosur,Samantha Stosur,Total,52,98,23,52,4
20210209-W-Australian_Open-R128-Destanee_Aiava-Samantha_Stosur,Samantha Stosur,F,36,47,15,48,4
20210209-W-Australian_Open-R128-Destanee_Aiava-Samantha_Stosur,Samantha Stosur,B,1,12,7,3,0
20210209-W-Australian_Open-R128-Destanee_Aiava-Samantha_Stosur,Samantha Stosur,S,15,39,1,1,0
20210209-W-Australian_Open-R128-Coco_Gauff-Jil_Teichmann,Coco Gauff,Total,24,37,6,11,1
20210209-W-Australian_Open-R128-Coco_Gauff-Jil_Teichmann,Coco Gauff,F,15,24,6,6,1
20210209-W-Australian_Open-R128-Coco_Gauff-Jil_Teichmann,Coco Gauff,B,9,13,0,5,0
20210209-W-Australian_Open-R128-Coco_Gauff-Jil_Teichmann,Jil Teichmann,Total,32,35,8,10,0
20210209-W-Australian_Open-R128-Coco_Gauff-Jil_Teichmann,Jil Teichmann,F,18,20,5,10,0
20210209-W-Australian_Open-R128-Coco_Gauff-Jil_Teichmann,Jil Teichmann,B,9,11,3,0,0
20210209-W-Australian_Open-R128-Coco_Gauff-Jil_Teichmann,Jil Teichmann,S,5,4,0,0,0
20210209-W-Australian_Open-R128-Chloe_Paquet-Mayar_Sherif,Chloe Paquet,Total,91,80,21,33,3
20210209-W-Australian_Open-R128-Chloe_Paquet-Mayar_Sherif,Chloe Paquet,F,40,40,13,28,3
20210209-W-Australian_Open-R128-Chloe_Paquet-Mayar_Sherif,Chloe Paquet,B,50,39,7,5,0
20210209-W-Australian_Open-R128-Chloe_Paquet-Mayar_Sherif,Chloe Paquet,S,1,1,1,0,0
20210209-W-Australian_Open-R128-Chloe_Paquet-Mayar_Sherif,Mayar Sherif,Total,80,61,27,53,9
20210209-W-Australian_Open-R128-Chloe_Paquet-Mayar_Sherif,Mayar Sherif,F,47,30,15,52,9
20210209-W-Australian_Open-R128-Chloe_Paquet-Mayar_Sherif,Mayar Sherif,B,30,22,7,1,0
20210209-W-Australian_Open-R128-Chloe_Paquet-Mayar_Sherif,Mayar Sherif,S,3,9,5,0,0
20210209-W-Australian_Open-R128-Barbora_Strycova-Svetlana_Kuznetsova,Barbora Strycova,Total,63,66,14,10,0
20210209-W-Australian_Open-R128-Barbora_Strycova-Svetlana_Kuznetsova,Barbora Strycova,F,32,32,10,7,0
20210209-W-Australian_Open-R128-Barbora_Strycova-Svetlana_Kuznetsova,Barbora Strycova,B,27,30,4,2,0
20210209-W-Australian_Open-R128-Barbora_Strycova-Svetlana_Kuznetsova,Barbora Strycova,S,4,4,0,1,0
20210209-W-Australian_Open-R128-Barbora_Strycova-Svetlana_Kuznetsova,Svetlana Kuznetsova,Total,65,54,27,27,3
20210209-W-Australian_Open-R128-Barbora_Strycova-Svetlana_Kuznetsova,Svetlana Kuznetsova,F,34,28,17,22,3
20210209-W-Australian_Open-R128-Barbora_Strycova-Svetlana_Kuznetsova,Svetlana Kuznetsova,B,26,21,8,5,0
20210209-W-Australian_Open-R128-Barbora_Strycova-Svetlana_Kuznetsova,Svetlana Kuznetsova,S,5,5,2,0,0
20210208-W-Australian_Open-R128-Tsvetana_Pironkova-Su_Wei_Hsieh,Tsvetana Pironkova,Total,58,44,14,17,0
20210208-W-Australian_Open-R128-Tsvetana_Pironkova-Su_Wei_Hsieh,Tsvetana Pironkova,F,32,26,7,6,0
20210208-W-Australian_Open-R128-Tsvetana_Pironkova-Su_Wei_Hsieh,Tsvetana Pironkova,B,25,17,6,11,0
20210208-W-Australian_Open-R128-Tsvetana_Pironkova-Su_Wei_Hsieh,Tsvetana Pironkova,S,1,1,1,0,0
20210208-W-Australian_Open-R128-Tsvetana_Pironkova-Su_Wei_Hsieh,Su Wei Hsieh,Total,59,44,20,16,0
20210208-W-Australian_Open-R128-Tsvetana_Pironkova-Su_Wei_Hsieh,Su Wei Hsieh,F,40,18,5,9,0
20210208-W-Australian_Open-R128-Tsvetana_Pironkova-Su_Wei_Hsieh,Su Wei Hsieh,B,19,24,13,5,0
20210208-W-Australian_Open-R128-Tsvetana_Pironkova-Su_Wei_Hsieh,Su Wei Hsieh,S,0,2,2,2,0
20210208-W-Australian_Open-R128-Serena_Williams-Laura_Siegemund,Serena Williams,Total,32,15,11,12,0
20210208-W-Australian_Open-R128-Serena_Williams-Laura_Siegemund,Serena Williams,F,15,5,2,5,0
20210208-W-Australian_Open-R128-Serena_Williams-Laura_Siegemund,Serena Williams,B,17,9,9,6,0
20210208-W-Australian_Open-R128-Serena_Williams-Laura_Siegemund,Serena Williams,S,0,1,0,1,0
20210208-W-Australian_Open-R128-Serena_Williams-Laura_Siegemund,Laura Siegemund,Total,28,19,9,8,0
20210208-W-Australian_Open-R128-Serena_Williams-Laura_Siegemund,Laura Siegemund,F,12,8,6,6,0
20210208-W-Australian_Open-R128-Serena_Williams-Laura_Siegemund,Laura Siegemund,B,15,8,3,2,0
20210208-W-Australian_Open-R128-Serena_Williams-Laura_Siegemund,Laura Siegemund,S,1,3,0,0,0
20210208-W-Australian_Open-R128-Rebecca_Marino-Kimberly_Birrell,Rebecca Marino,Total,59,63,14,23,0
20210208-W-Australian_Open-R128-Rebecca_Marino-Kimberly_Birrell,Rebecca Marino,F,35,37,6,14,0
20210208-W-Australian_Open-R128-Rebecca_Marino-Kimberly_Birrell,Rebecca Marino,B,24,24,7,8,0
20210208-W-Australian_Open-R128-Rebecca_Marino-Kimberly_Birrell,Rebecca Marino,S,0,2,1,1,0
20210208-W-Australian_Open-R128-Rebecca_Marino-Kimberly_Birrell,Kimberly Birrell,Total,62,83,13,16,0
20210208-W-Australian_Open-R128-Rebecca_Marino-Kimberly_Birrell,Kimberly Birrell,F,34,39,9,7,0
20210208-W-Australian_Open-R128-Rebecca_Marino-Kimberly_Birrell,Kimberly Birrell,B,28,43,4,9,0
20210208-W-Australian_Open-R128-Rebecca_Marino-Kimberly_Birrell,Kimberly Birrell,S,0,1,0,0,0
20210208-W-Australian_Open-R128-Iga_Swiatek-Arantxa_Rus,Iga Swiatek,Total,82,48,14,19,2
20210208-W-Australian_Open-R128-Iga_Swiatek-Arantxa_Rus,Iga Swiatek,F,49,24,7,12,2
20210208-W-Australian_Open-R128-Iga_Swiatek-Arantxa_Rus,Iga Swiatek,B,33,21,6,7,0
20210208-W-Australian_Open-R128-Iga_Swiatek-Arantxa_Rus,Iga Swiatek,S,0,3,1,0,0
20210208-W-Australian_Open-R128-Iga_Swiatek-Arantxa_Rus,Arantxa Rus,Total,76,70,20,23,2
20210208-W-Australian_Open-R128-Iga_Swiatek-Arantxa_Rus,Arantxa Rus,F,49,29,8,16,2
20210208-W-Australian_Open-R128-Iga_Swiatek-Arantxa_Rus,Arantxa Rus,B,25,38,10,7,0
20210208-W-Australian_Open-R128-Iga_Swiatek-Arantxa_Rus,Arantxa Rus,S,2,3,2,0,0
20210207-W-Australian_Open-R128-Bianca_Andreescu-Mihaela_Buzarnescu,Bianca Andreescu,Total,64,89,21,32,0
20210207-W-Australian_Open-R128-Bianca_Andreescu-Mihaela_Buzarnescu,Bianca Andreescu,F,38,35,7,19,0
20210207-W-Australian_Open-R128-Bianca_Andreescu-Mihaela_Buzarnescu,Bianca Andreescu,B,26,41,10,11,0
20210207-W-Australian_Open-R128-Bianca_Andreescu-Mihaela_Buzarnescu,Bianca Andreescu,S,0,13,4,2,0
20210207-W-Australian_Open-R128-Bianca_Andreescu-Mihaela_Buzarnescu,Mihaela Buzarnescu,Total,109,81,8,11,0
20210207-W-Australian_Open-R128-Bianca_Andreescu-Mihaela_Buzarnescu,Mihaela Buzarnescu,F,58,34,4,2,0
20210207-W-Australian_Open-R128-Bianca_Andreescu-Mihaela_Buzarnescu,Mihaela Buzarnescu,B,50,37,3,9,0
20210207-W-Australian_Open-R128-Bianca_Andreescu-Mihaela_Buzarnescu,Mihaela Buzarnescu,S,1,10,1,0,0
20200912-W-US_Open-F-Naomi_Osaka-Victoria_Azarenka,Naomi Osaka,Total,93,68,38,29,3
20200912-W-US_Open-F-Naomi_Osaka-Victoria_Azarenka,Naomi Osaka,F,49,22,16,21,3
20200912-W-US_Open-F-Naomi_Osaka-Victoria_Azarenka,Naomi Osaka,B,42,42,21,8,0
20200912-W-US_Open-F-Naomi_Osaka-Victoria_Azarenka,Naomi Osaka,S,2,4,1,0,0
20200912-W-US_Open-F-Naomi_Osaka-Victoria_Azarenka,Victoria Azarenka,Total,82,53,43,49,0
20200912-W-US_Open-F-Naomi_Osaka-Victoria_Azarenka,Victoria Azarenka,F,40,27,26,35,0
20200912-W-US_Open-F-Naomi_Osaka-Victoria_Azarenka,Victoria Azarenka,B,33,18,16,13,0
20200912-W-US_Open-F-Naomi_Osaka-Victoria_Azarenka,Victoria Azarenka,S,9,8,1,1,0
20200910-W-US_Open-SF-Victoria_Azarenka-Serena_Williams,Victoria Azarenka,Total,69,53,36,29,0
20200910-W-US_Open-SF-Victoria_Azarenka-Serena_Williams,Victoria Azarenka,F,34,19,21,16,0
20200910-W-US_Open-SF-Victoria_Azarenka-Serena_Williams,Victoria Azarenka,B,28,29,13,13,0
20200910-W-US_Open-SF-Victoria_Azarenka-Serena_Williams,Victoria Azarenka,S,7,5,2,0,0
20200910-W-US_Open-SF-Victoria_Azarenka-Serena_Williams,Serena Williams,Total,92,54,19,28,2
20200910-W-US_Open-SF-Victoria_Azarenka-Serena_Williams,Serena Williams,F,50,23,12,19,2
20200910-W-US_Open-SF-Victoria_Azarenka-Serena_Williams,Serena Williams,B,41,29,7,9,0
20200910-W-US_Open-SF-Victoria_Azarenka-Serena_Williams,Serena Williams,S,1,2,0,0,0
20200910-W-US_Open-SF-Naomi_Osaka-Jennifer_Brady,Naomi Osaka,Total,105,44,15,21,0
20200910-W-US_Open-SF-Naomi_Osaka-Jennifer_Brady,Naomi Osaka,F,40,21,8,12,0
20200910-W-US_Open-SF-Naomi_Osaka-Jennifer_Brady,Naomi Osaka,B,61,22,7,9,0
20200910-W-US_Open-SF-Naomi_Osaka-Jennifer_Brady,Naomi Osaka,S,4,1,0,0,0
20200910-W-US_Open-SF-Naomi_Osaka-Jennifer_Brady,Jennifer Brady,Total,76,67,19,20,5
20200910-W-US_Open-SF-Naomi_Osaka-Jennifer_Brady,Jennifer Brady,F,35,24,6,16,5
20200910-W-US_Open-SF-Naomi_Osaka-Jennifer_Brady,Jennifer Brady,B,41,39,9,3,0
20200910-W-US_Open-SF-Naomi_Osaka-Jennifer_Brady,Jennifer Brady,S,0,4,4,1,0
20200909-W-US_Open-QF-Victoria_Azarenka-Elise_Mertens,Victoria Azarenka,Total,51,33,32,22,0
20200909-W-US_Open-QF-Victoria_Azarenka-Elise_Mertens,Victoria Azarenka,F,28,12,13,12,0
20200909-W-US_Open-QF-Victoria_Azarenka-Elise_Mertens,Victoria Azarenka,B,21,18,18,10,0
20200909-W-US_Open-QF-Victoria_Azarenka-Elise_Mertens,Victoria Azarenka,S,2,3,1,0,0
20200909-W-US_Open-QF-Victoria_Azarenka-Elise_Mertens,Elise Mertens,Total,51,31,33,19,0
20200909-W-US_Open-QF-Victoria_Azarenka-Elise_Mertens,Elise Mertens,F,29,10,18,10,0
20200909-W-US_Open-QF-Victoria_Azarenka-Elise_Mertens,Elise Mertens,B,18,18,14,9,0
20200909-W-US_Open-QF-Victoria_Azarenka-Elise_Mertens,Elise Mertens,S,4,3,1,0,0
20200909-W-US_Open-QF-Serena_Williams-Tsvetana_Pironkova,Serena Williams,Total,100,62,23,29,0
20200909-W-US_Open-QF-Serena_Williams-Tsvetana_Pironkova,Serena Williams,F,37,28,8,16,0
20200909-W-US_Open-QF-Serena_Williams-Tsvetana_Pironkova,Serena Williams,B,55,33,15,12,0
20200909-W-US_Open-QF-Serena_Williams-Tsvetana_Pironkova,Serena Williams,S,8,1,0,1,0
20200909-W-US_Open-QF-Serena_Williams-Tsvetana_Pironkova,Tsvetana Pironkova,Total,59,57,35,24,0
20200909-W-US_Open-QF-Serena_Williams-Tsvetana_Pironkova,Tsvetana Pironkova,F,22,30,13,13,0
20200909-W-US_Open-QF-Serena_Williams-Tsvetana_Pironkova,Tsvetana Pironkova,B,37,25,22,10,0
20200909-W-US_Open-QF-Serena_Williams-Tsvetana_Pironkova,Tsvetana Pironkova,S,0,2,0,1,0
20200907-W-US_Open-R16-Victoria_Azarenka-Karolina_Muchova,Victoria Azarenka,Total,89,74,52,73,1
20200907-W-US_Open-R16-Victoria_Azarenka-Karolina_Muchova,Victoria Azarenka,F,62,30,40,51,1
20200907-W-US_Open-R16-Victoria_Azarenka-Karolina_Muchova,Victoria Azarenka,B,24,34,8,22,0
20200907-W-US_Open-R16-Victoria_Azarenka-Karolina_Muchova,Victoria Azarenka,S,3,10,4,0,0
20200907-W-US_Open-R16-Victoria_Azarenka-Karolina_Muchova,Karolina Muchova,Total,98,107,50,44,4
20200907-W-US_Open-R16-Victoria_Azarenka-Karolina_Muchova,Karolina Muchova,F,56,45,21,27,4
20200907-W-US_Open-R16-Victoria_Azarenka-Karolina_Muchova,Karolina Muchova,B,29,35,19,10,0
20200907-W-US_Open-R16-Victoria_Azarenka-Karolina_Muchova,Karolina Muchova,S,13,27,10,7,0
20200907-W-US_Open-R16-Sofia_Kenin-Elise_Mertens,Sofia Kenin,Total,77,25,19,14,0
20200907-W-US_Open-R16-Sofia_Kenin-Elise_Mertens,Sofia Kenin,F,27,10,6,3,0
20200907-W-US_Open-R16-Sofia_Kenin-Elise_Mertens,Sofia Kenin,B,46,15,13,11,0
20200907-W-US_Open-R16-Sofia_Kenin-Elise_Mertens,Sofia Kenin,S,4,0,0,0,0
20200907-W-US_Open-R16-Sofia_Kenin-Elise_Mertens,Elise Mertens,Total,33,36,26,15,0
20200907-W-US_Open-R16-Sofia_Kenin-Elise_Mertens,Elise Mertens,F,11,14,14,8,0
20200907-W-US_Open-R16-Sofia_Kenin-Elise_Mertens,Elise Mertens,B,15,20,12,7,0
20200907-W-US_Open-R16-Sofia_Kenin-Elise_Mertens,Elise Mertens,S,7,2,0,0,0
20200907-W-US_Open-R16-Serena_Williams-Maria_Sakkari,Serena Williams,Total,107,63,29,33,0
20200907-W-US_Open-R16-Serena_Williams-Maria_Sakkari,Serena Williams,F,36,23,4,16,0
20200907-W-US_Open-R16-Serena_Williams-Maria_Sakkari,Serena Williams,B,67,38,24,16,0
20200907-W-US_Open-R16-Serena_Williams-Maria_Sakkari,Serena Williams,S,4,2,1,1,0
20200907-W-US_Open-R16-Serena_Williams-Maria_Sakkari,Maria Sakkari,Total,113,58,35,24,1
20200907-W-US_Open-R16-Serena_Williams-Maria_Sakkari,Maria Sakkari,F,47,25,22,22,1
20200907-W-US_Open-R16-Serena_Williams-Maria_Sakkari,Maria Sakkari,B,59,29,12,2,0
20200907-W-US_Open-R16-Serena_Williams-Maria_Sakkari,Maria Sakkari,S,7,4,1,0,0
20200907-W-US_Open-R16-Alize_Cornet-Tsvetana_Pironkova,Alize Cornet,Total,127,157,40,32,0
20200907-W-US_Open-R16-Alize_Cornet-Tsvetana_Pironkova,Alize Cornet,F,61,56,20,14,0
20200907-W-US_Open-R16-Alize_Cornet-Tsvetana_Pironkova,Alize Cornet,B,57,81,13,13,0
20200907-W-US_Open-R16-Alize_Cornet-Tsvetana_Pironkova,Alize Cornet,S,9,20,7,5,0
20200907-W-US_Open-R16-Alize_Cornet-Tsvetana_Pironkova,Tsvetana Pironkova,Total,161,101,49,52,3
20200907-W-US_Open-R16-Alize_Cornet-Tsvetana_Pironkova,Tsvetana Pironkova,F,62,37,26,15,0
20200907-W-US_Open-R16-Alize_Cornet-Tsvetana_Pironkova,Tsvetana Pironkova,B,96,61,22,36,3
20200907-W-US_Open-R16-Alize_Cornet-Tsvetana_Pironkova,Tsvetana Pironkova,S,3,3,1,1,0
20200906-W-US_Open-R16-Petra_Kvitova-Shelby_Rogers,Petra Kvitova,Total,87,75,16,40,2
20200906-W-US_Open-R16-Petra_Kvitova-Shelby_Rogers,Petra Kvitova,F,45,41,7,20,2
20200906-W-US_Open-R16-Petra_Kvitova-Shelby_Rogers,Petra Kvitova,B,39,29,7,17,0
20200906-W-US_Open-R16-Petra_Kvitova-Shelby_Rogers,Petra Kvitova,S,3,5,2,3,0
20200906-W-US_Open-R16-Petra_Kvitova-Shelby_Rogers,Shelby Rogers,Total,46,104,24,29,0
20200906-W-US_Open-R16-Petra_Kvitova-Shelby_Rogers,Shelby Rogers,F,32,45,10,22,0
20200906-W-US_Open-R16-Petra_Kvitova-Shelby_Rogers,Shelby Rogers,B,12,51,11,5,0
20200906-W-US_Open-R16-Petra_Kvitova-Shelby_Rogers,Shelby Rogers,S,2,8,3,2,0
20200906-W-US_Open-R16-Jennifer_Brady-Angelique_Kerber,Jennifer Brady,Total,97,68,29,19,3
20200906-W-US_Open-R16-Jennifer_Brady-Angelique_Kerber,Jennifer Brady,F,43,35,13,18,3
20200906-W-US_Open-R16-Jennifer_Brady-Angelique_Kerber,Jennifer Brady,B,52,25,13,1,0
20200906-W-US_Open-R16-Jennifer_Brady-Angelique_Kerber,Jennifer Brady,S,2,8,3,0,0
20200906-W-US_Open-R16-Jennifer_Brady-Angelique_Kerber,Angelique Kerber,Total,113,48,22,27,2
20200906-W-US_Open-R16-Jennifer_Brady-Angelique_Kerber,Angelique Kerber,F,73,20,16,22,2
20200906-W-US_Open-R16-Jennifer_Brady-Angelique_Kerber,Angelique Kerber,B,35,25,6,5,0
20200906-W-US_Open-R16-Jennifer_Brady-Angelique_Kerber,Angelique Kerber,S,5,3,0,0,0
20200905-W-US_Open-R32-Victoria_Azarenka-Iga_Swiatek,Victoria Azarenka,Total,50,50,34,28,0
20200905-W-US_Open-R32-Victoria_Azarenka-Iga_Swiatek,Victoria Azarenka,F,21,25,20,17,0
20200905-W-US_Open-R32-Victoria_Azarenka-Iga_Swiatek,Victoria Azarenka,B,25,18,14,9,0
20200905-W-US_Open-R32-Victoria_Azarenka-Iga_Swiatek,Victoria Azarenka,S,4,7,0,2,0
20200905-W-US_Open-R32-Victoria_Azarenka-Iga_Swiatek,Iga Swiatek,Total,80,47,21,27,2
20200905-W-US_Open-R32-Victoria_Azarenka-Iga_Swiatek,Iga Swiatek,F,40,16,7,21,2
20200905-W-US_Open-R32-Victoria_Azarenka-Iga_Swiatek,Iga Swiatek,B,39,28,14,6,0
20200905-W-US_Open-R32-Victoria_Azarenka-Iga_Swiatek,Iga Swiatek,S,1,3,0,0,0
20200905-W-US_Open-R32-Ons_Jabeur-Sofia_Kenin,Ons Jabeur,Total,83,54,47,13,3
20200905-W-US_Open-R32-Ons_Jabeur-Sofia_Kenin,Ons Jabeur,F,50,29,24,9,3
20200905-W-US_Open-R32-Ons_Jabeur-Sofia_Kenin,Ons Jabeur,B,20,11,14,1,0
20200905-W-US_Open-R32-Ons_Jabeur-Sofia_Kenin,Ons Jabeur,S,13,14,9,3,0
20200905-W-US_Open-R32-Ons_Jabeur-Sofia_Kenin,Sofia Kenin,Total,127,34,22,18,0
20200905-W-US_Open-R32-Ons_Jabeur-Sofia_Kenin,Sofia Kenin,F,66,17,8,4,0
20200905-W-US_Open-R32-Ons_Jabeur-Sofia_Kenin,Sofia Kenin,B,54,12,14,14,0
20200905-W-US_Open-R32-Ons_Jabeur-Sofia_Kenin,Sofia Kenin,S,7,5,0,0,0
20200904-W-US_Open-R32-Jennifer_Brady-Caroline_Garcia,Jennifer Brady,Total,41,30,4,13,4
20200904-W-US_Open-R32-Jennifer_Brady-Caroline_Garcia,Jennifer Brady,F,26,17,1,9,4
20200904-W-US_Open-R32-Jennifer_Brady-Caroline_Garcia,Jennifer Brady,B,15,13,3,4,0
20200904-W-US_Open-R32-Jennifer_Brady-Caroline_Garcia,Caroline Garcia,Total,42,25,11,17,2
20200904-W-US_Open-R32-Jennifer_Brady-Caroline_Garcia,Caroline Garcia,F,31,15,8,14,2
20200904-W-US_Open-R32-Jennifer_Brady-Caroline_Garcia,Caroline Garcia,B,10,10,3,3,0
20200904-W-US_Open-R32-Jennifer_Brady-Caroline_Garcia,Caroline Garcia,S,1,0,0,0,0
20200903-W-US_Open-R64-Katrina_Scott-Amanda_Anisimova,Katrina Scott,Total,0,0,0,0,0
20200903-W-US_Open-R64-Katrina_Scott-Amanda_Anisimova,Amanda Anisimova,Total,0,0,0,0,0
20200902-W-US_Open-R64-Shelby_Rogers-Elena_Rybakina,Shelby Rogers,Total,43,52,12,17,0
20200902-W-US_Open-R64-Shelby_Rogers-Elena_Rybakina,Shelby Rogers,F,25,29,9,13,0
20200902-W-US_Open-R64-Shelby_Rogers-Elena_Rybakina,Shelby Rogers,B,17,16,1,2,0
20200902-W-US_Open-R64-Shelby_Rogers-Elena_Rybakina,Shelby Rogers,S,1,7,2,2,0
20200902-W-US_Open-R64-Shelby_Rogers-Elena_Rybakina,Elena Rybakina,Total,53,41,13,16,0
20200902-W-US_Open-R64-Shelby_Rogers-Elena_Rybakina,Elena Rybakina,F,31,18,5,6,0
20200902-W-US_Open-R64-Shelby_Rogers-Elena_Rybakina,Elena Rybakina,B,22,22,7,8,0
20200902-W-US_Open-R64-Shelby_Rogers-Elena_Rybakina,Elena Rybakina,S,0,1,1,2,0
20200902-W-US_Open-R64-Marta_Kostyuk-Anastasija_Sevastova,Marta Kostyuk,Total,75,60,26,22,0
20200902-W-US_Open-R64-Marta_Kostyuk-Anastasija_Sevastova,Marta Kostyuk,F,42,24,12,20,0
20200902-W-US_Open-R64-Marta_Kostyuk-Anastasija_Sevastova,Marta Kostyuk,B,31,32,13,2,0
20200902-W-US_Open-R64-Marta_Kostyuk-Anastasija_Sevastova,Marta Kostyuk,S,2,4,1,0,0
20200902-W-US_Open-R64-Marta_Kostyuk-Anastasija_Sevastova,Anastasija Sevastova,Total,92,35,27,25,3
20200902-W-US_Open-R64-Marta_Kostyuk-Anastasija_Sevastova,Anastasija Sevastova,F,49,19,16,19,3
20200902-W-US_Open-R64-Marta_Kostyuk-Anastasija_Sevastova,Anastasija Sevastova,B,36,10,11,5,0
20200902-W-US_Open-R64-Marta_Kostyuk-Anastasija_Sevastova,Anastasija Sevastova,S,7,6,0,1,0
20200902-W-US_Open-R64-Caroline_Garcia-Karolina_Pliskova,Caroline Garcia,Total,50,16,6,9,0
20200902-W-US_Open-R64-Caroline_Garcia-Karolina_Pliskova,Caroline Garcia,F,30,5,4,7,0
20200902-W-US_Open-R64-Caroline_Garcia-Karolina_Pliskova,Caroline Garcia,B,18,10,2,2,0
20200902-W-US_Open-R64-Caroline_Garcia-Karolina_Pliskova,Caroline Garcia,S,2,1,0,0,0
20200902-W-US_Open-R64-Caroline_Garcia-Karolina_Pliskova,Karolina Pliskova,Total,22,29,15,6,1
20200902-W-US_Open-R64-Caroline_Garcia-Karolina_Pliskova,Karolina Pliskova,F,8,13,5,4,1
20200902-W-US_Open-R64-Caroline_Garcia-Karolina_Pliskova,Karolina Pliskova,B,12,10,10,2,0
20200902-W-US_Open-R64-Caroline_Garcia-Karolina_Pliskova,Karolina Pliskova,S,2,6,0,0,0
20200902-W-US_Open-R64-Angelique_Kerber-Anna_Lena_Friedsam,Angelique Kerber,Total,148,49,41,28,4
20200902-W-US_Open-R64-Angelique_Kerber-Anna_Lena_Friedsam,Angelique Kerber,F,81,16,28,22,4
20200902-W-US_Open-R64-Angelique_Kerber-Anna_Lena_Friedsam,Angelique Kerber,B,57,30,10,3,0
20200902-W-US_Open-R64-Angelique_Kerber-Anna_Lena_Friedsam,Angelique Kerber,S,10,3,3,3,0
20200902-W-US_Open-R64-Angelique_Kerber-Anna_Lena_Friedsam,Anna Lena Friedsam,Total,138,59,39,15,3
20200902-W-US_Open-R64-Angelique_Kerber-Anna_Lena_Friedsam,Anna Lena Friedsam,F,80,25,18,12,2
20200902-W-US_Open-R64-Angelique_Kerber-Anna_Lena_Friedsam,Anna Lena Friedsam,B,44,20,14,3,1
20200902-W-US_Open-R64-Angelique_Kerber-Anna_Lena_Friedsam,Anna Lena Friedsam,S,14,14,7,0,0
20200901-W-US_Open-R128-Victoria_Azarenka-Barbara_Haas,Victoria Azarenka,Total,39,43,28,34,0
20200901-W-US_Open-R128-Victoria_Azarenka-Barbara_Haas,Victoria Azarenka,F,25,22,18,22,0
20200901-W-US_Open-R128-Victoria_Azarenka-Barbara_Haas,Victoria Azarenka,B,14,21,10,11,0
20200901-W-US_Open-R128-Victoria_Azarenka-Barbara_Haas,Victoria Azarenka,S,0,0,0,1,0
20200901-W-US_Open-R128-Victoria_Azarenka-Barbara_Haas,Barbara Haas,Total,54,61,11,11,0
20200901-W-US_Open-R128-Victoria_Azarenka-Barbara_Haas,Barbara Haas,F,31,25,6,4,0
20200901-W-US_Open-R128-Victoria_Azarenka-Barbara_Haas,Barbara Haas,B,22,34,4,6,0
20200901-W-US_Open-R128-Victoria_Azarenka-Barbara_Haas,Barbara Haas,S,1,2,1,1,0
20200831-W-US_Open-R128-Jennifer_Brady-Anna_Blinkova,Jennifer Brady,Total,55,44,17,18,3
20200831-W-US_Open-R128-Jennifer_Brady-Anna_Blinkova,Jennifer Brady,F,27,19,5,16,3
20200831-W-US_Open-R128-Jennifer_Brady-Anna_Blinkova,Jennifer Brady,B,27,24,11,2,0
20200831-W-US_Open-R128-Jennifer_Brady-Anna_Blinkova,Jennifer Brady,S,1,1,1,0,0
20200831-W-US_Open-R128-Jennifer_Brady-Anna_Blinkova,Anna Blinkova,Total,74,41,7,21,0
20200831-W-US_Open-R128-Jennifer_Brady-Anna_Blinkova,Anna Blinkova,F,34,16,5,16,0
20200831-W-US_Open-R128-Jennifer_Brady-Anna_Blinkova,Anna Blinkova,B,39,23,2,4,0
20200831-W-US_Open-R128-Jennifer_Brady-Anna_Blinkova,Anna Blinkova,S,1,2,0,1,0
20200831-W-US_Open-R128-Ajla_Tomljanovic-Angelique_Kerber,Ajla Tomljanovic,Total,100,101,34,18,1
20200831-W-US_Open-R128-Ajla_Tomljanovic-Angelique_Kerber,Ajla Tomljanovic,F,44,45,23,6,1
20200831-W-US_Open-R128-Ajla_Tomljanovic-Angelique_Kerber,Ajla Tomljanovic,B,47,45,5,12,0
20200831-W-US_Open-R128-Ajla_Tomljanovic-Angelique_Kerber,Ajla Tomljanovic,S,9,11,6,0,0
20200831-W-US_Open-R128-Ajla_Tomljanovic-Angelique_Kerber,Angelique Kerber,Total,142,38,27,47,1
20200831-W-US_Open-R128-Ajla_Tomljanovic-Angelique_Kerber,Angelique Kerber,F,93,19,21,42,1
20200831-W-US_Open-R128-Ajla_Tomljanovic-Angelique_Kerber,Angelique Kerber,B,42,18,3,3,0
20200831-W-US_Open-R128-Ajla_Tomljanovic-Angelique_Kerber,Angelique Kerber,S,7,1,3,2,0
20200201-W-Australian_Open-F-Sofia_Kenin-Garbine_Muguruza,Sofia Kenin,Total,132,95,25,32,1
20200201-W-Australian_Open-F-Sofia_Kenin-Garbine_Muguruza,Sofia Kenin,F,69,42,16,18,1
20200201-W-Australian_Open-F-Sofia_Kenin-Garbine_Muguruza,Sofia Kenin,B,56,38,7,13,0
20200201-W-Australian_Open-F-Sofia_Kenin-Garbine_Muguruza,Sofia Kenin,S,7,15,2,1,0
20200201-W-Australian_Open-F-Sofia_Kenin-Garbine_Muguruza,Garbine Muguruza,Total,120,85,39,36,1
20200201-W-Australian_Open-F-Sofia_Kenin-Garbine_Muguruza,Garbine Muguruza,F,70,31,21,22,1
20200201-W-Australian_Open-F-Sofia_Kenin-Garbine_Muguruza,Garbine Muguruza,B,50,52,18,14,0
20200201-W-Australian_Open-F-Sofia_Kenin-Garbine_Muguruza,Garbine Muguruza,S,0,2,0,0,0
20200130-W-Australian_Open-SF-Ashleigh_Barty-Sofia_Kenin,Ashleigh Barty,Total,74,69,26,19,3
20200130-W-Australian_Open-SF-Ashleigh_Barty-Sofia_Kenin,Ashleigh Barty,F,40,24,8,16,3
20200130-W-Australian_Open-SF-Ashleigh_Barty-Sofia_Kenin,Ashleigh Barty,B,4,10,3,3,0
20200130-W-Australian_Open-SF-Ashleigh_Barty-Sofia_Kenin,Ashleigh Barty,S,30,35,15,0,0
20200130-W-Australian_Open-SF-Ashleigh_Barty-Sofia_Kenin,Sofia Kenin,Total,92,46,20,20,0
20200130-W-Australian_Open-SF-Ashleigh_Barty-Sofia_Kenin,Sofia Kenin,F,27,25,13,14,0
20200130-W-Australian_Open-SF-Ashleigh_Barty-Sofia_Kenin,Sofia Kenin,B,56,17,7,5,0
20200130-W-Australian_Open-SF-Ashleigh_Barty-Sofia_Kenin,Sofia Kenin,S,9,4,0,1,0
20200128-W-Australian_Open-QF-Ons_Jabeur-Sofia_Kenin,Ons Jabeur,Total,56,41,31,32,4
20200128-W-Australian_Open-QF-Ons_Jabeur-Sofia_Kenin,Ons Jabeur,F,31,7,13,28,4
20200128-W-Australian_Open-QF-Ons_Jabeur-Sofia_Kenin,Ons Jabeur,B,11,15,9,3,0
20200128-W-Australian_Open-QF-Ons_Jabeur-Sofia_Kenin,Ons Jabeur,S,14,19,9,1,0
20200128-W-Australian_Open-QF-Ons_Jabeur-Sofia_Kenin,Sofia Kenin,Total,90,46,12,18,1
20200128-W-Australian_Open-QF-Ons_Jabeur-Sofia_Kenin,Sofia Kenin,F,40,18,8,11,1
20200128-W-Australian_Open-QF-Ons_Jabeur-Sofia_Kenin,Sofia Kenin,B,41,21,2,7,0
20200128-W-Australian_Open-QF-Ons_Jabeur-Sofia_Kenin,Sofia Kenin,S,9,7,2,0,0
20200127-W-Australian_Open-R16-Garbine_Muguruza-Kiki_Bertens,Garbine Muguruza,Total,67,45,14,20,0
20200127-W-Australian_Open-R16-Garbine_Muguruza-Kiki_Bertens,Garbine Muguruza,F,43,25,10,17,0
20200127-W-Australian_Open-R16-Garbine_Muguruza-Kiki_Bertens,Garbine Muguruza,B,24,20,4,3,0
20200127-W-Australian_Open-R16-Garbine_Muguruza-Kiki_Bertens,Kiki Bertens,Total,55,52,19,15,0
20200127-W-Australian_Open-R16-Garbine_Muguruza-Kiki_Bertens,Kiki Bertens,F,42,24,11,15,0
20200127-W-Australian_Open-R16-Garbine_Muguruza-Kiki_Bertens,Kiki Bertens,B,13,23,7,0,0
20200127-W-Australian_Open-R16-Garbine_Muguruza-Kiki_Bertens,Kiki Bertens,S,0,5,1,0,0
20200125-W-Australian_Open-R32-Zarina_Diyas-Kiki_Bertens,Zarina Diyas,Total,101,89,39,49,1
20200125-W-Australian_Open-R32-Zarina_Diyas-Kiki_Bertens,Zarina Diyas,F,60,48,29,41,1
20200125-W-Australian_Open-R32-Zarina_Diyas-Kiki_Bertens,Zarina Diyas,B,35,34,10,7,0
20200125-W-Australian_Open-R32-Zarina_Diyas-Kiki_Bertens,Zarina Diyas,S,6,7,0,1,0
20200125-W-Australian_Open-R32-Zarina_Diyas-Kiki_Bertens,Kiki Bertens,Total,102,103,30,31,2
20200125-W-Australian_Open-R32-Zarina_Diyas-Kiki_Bertens,Kiki Bertens,F,68,29,12,24,2
20200125-W-Australian_Open-R32-Zarina_Diyas-Kiki_Bertens,Kiki Bertens,B,19,39,7,4,0
20200125-W-Australian_Open-R32-Zarina_Diyas-Kiki_Bertens,Kiki Bertens,S,15,35,11,3,0
20200125-W-Australian_Open-R32-Iga_Swiatek-Donna_Vekic,Iga Swiatek,Total,50,41,17,34,1
20200125-W-Australian_Open-R32-Iga_Swiatek-Donna_Vekic,Iga Swiatek,F,31,17,10,28,1
20200125-W-Australian_Open-R32-Iga_Swiatek-Donna_Vekic,Iga Swiatek,B,19,24,7,5,0
20200125-W-Australian_Open-R32-Iga_Swiatek-Donna_Vekic,Iga Swiatek,S,0,0,0,1,0
20200125-W-Australian_Open-R32-Iga_Swiatek-Donna_Vekic,Donna Vekic,Total,35,62,15,24,2
20200125-W-Australian_Open-R32-Iga_Swiatek-Donna_Vekic,Donna Vekic,F,18,21,6,14,2
20200125-W-Australian_Open-R32-Iga_Swiatek-Donna_Vekic,Donna Vekic,B,17,40,9,10,0
20200125-W-Australian_Open-R32-Iga_Swiatek-Donna_Vekic,Donna Vekic,S,0,1,0,0,0
20200125-W-Australian_Open-R32-Garbine_Muguruza-Elina_Svitolina,Garbine Muguruza,Total,71,47,21,34,0
20200125-W-Australian_Open-R32-Garbine_Muguruza-Elina_Svitolina,Garbine Muguruza,F,39,13,10,12,0
20200125-W-Australian_Open-R32-Garbine_Muguruza-Elina_Svitolina,Garbine Muguruza,B,30,34,11,22,0
20200125-W-Australian_Open-R32-Garbine_Muguruza-Elina_Svitolina,Garbine Muguruza,S,2,0,0,0,0
20200125-W-Australian_Open-R32-Garbine_Muguruza-Elina_Svitolina,Elina Svitolina,Total,68,63,18,17,0
20200125-W-Australian_Open-R32-Garbine_Muguruza-Elina_Svitolina,Elina Svitolina,F,34,34,12,11,0
20200125-W-Australian_Open-R32-Garbine_Muguruza-Elina_Svitolina,Elina Svitolina,B,33,29,5,6,0
20200125-W-Australian_Open-R32-Garbine_Muguruza-Elina_Svitolina,Elina Svitolina,S,1,0,1,0,0
20200125-W-Australian_Open-R32-Camila_Giorgi-Angelique_Kerber,Camila Giorgi,Total,128,95,28,27,0
20200125-W-Australian_Open-R32-Camila_Giorgi-Angelique_Kerber,Camila Giorgi,F,67,40,11,16,0
20200125-W-Australian_Open-R32-Camila_Giorgi-Angelique_Kerber,Camila Giorgi,B,59,54,16,10,0
20200125-W-Australian_Open-R32-Camila_Giorgi-Angelique_Kerber,Camila Giorgi,S,2,1,1,1,0
20200125-W-Australian_Open-R32-Camila_Giorgi-Angelique_Kerber,Angelique Kerber,Total,101,86,23,29,0
20200125-W-Australian_Open-R32-Camila_Giorgi-Angelique_Kerber,Angelique Kerber,F,56,34,10,20,0
20200125-W-Australian_Open-R32-Camila_Giorgi-Angelique_Kerber,Angelique Kerber,B,39,46,10,9,0
20200125-W-Australian_Open-R32-Camila_Giorgi-Angelique_Kerber,Angelique Kerber,S,6,6,3,0,0
20200125-W-Australian_Open-R32-Anastasia_Pavlyuchenkova-Karolina_Pliskova,Anastasia Pavlyuchenkova,Total,64,80,33,38,1
20200125-W-Australian_Open-R32-Anastasia_Pavlyuchenkova-Karolina_Pliskova,Anastasia Pavlyuchenkova,F,42,40,19,29,1
20200125-W-Australian_Open-R32-Anastasia_Pavlyuchenkova-Karolina_Pliskova,Anastasia Pavlyuchenkova,B,22,40,14,9,0
20200125-W-Australian_Open-R32-Anastasia_Pavlyuchenkova-Karolina_Pliskova,Karolina Pliskova,Total,74,86,23,30,0
20200125-W-Australian_Open-R32-Anastasia_Pavlyuchenkova-Karolina_Pliskova,Karolina Pliskova,F,31,49,14,23,0
20200125-W-Australian_Open-R32-Anastasia_Pavlyuchenkova-Karolina_Pliskova,Karolina Pliskova,B,40,36,8,7,0
20200125-W-Australian_Open-R32-Anastasia_Pavlyuchenkova-Karolina_Pliskova,Karolina Pliskova,S,3,1,1,0,0
20200124-W-Australian_Open-R32-Madison_Keys-Maria_Sakkari,Madison Keys,Total,39,54,7,23,1
20200124-W-Australian_Open-R32-Madison_Keys-Maria_Sakkari,Madison Keys,F,15,25,3,16,1
20200124-W-Australian_Open-R32-Madison_Keys-Maria_Sakkari,Madison Keys,B,22,27,4,7,0
20200124-W-Australian_Open-R32-Madison_Keys-Maria_Sakkari,Madison Keys,S,2,2,0,0,0
20200124-W-Australian_Open-R32-Madison_Keys-Maria_Sakkari,Maria Sakkari,Total,30,52,8,20,2
20200124-W-Australian_Open-R32-Madison_Keys-Maria_Sakkari,Maria Sakkari,F,12,30,6,19,2
20200124-W-Australian_Open-R32-Madison_Keys-Maria_Sakkari,Maria Sakkari,B,18,21,2,1,0
20200124-W-Australian_Open-R32-Madison_Keys-Maria_Sakkari,Maria Sakkari,S,0,1,0,0,0
20200124-W-Australian_Open-R32-Coco_Gauff-Naomi_Osaka,Naomi Osaka,S,2,0,1,0,0
20200124-W-Australian_Open-R32-Coco_Gauff-Naomi_Osaka,Coco Gauff,Total,34,49,8,5,0
20200124-W-Australian_Open-R32-Coco_Gauff-Naomi_Osaka,Coco Gauff,F,8,15,3,3,0
20200124-W-Australian_Open-R32-Coco_Gauff-Naomi_Osaka,Coco Gauff,B,23,26,2,2,0
20200124-W-Australian_Open-R32-Coco_Gauff-Naomi_Osaka,Coco Gauff,S,3,8,3,0,0
20200124-W-Australian_Open-R32-Coco_Gauff-Naomi_Osaka,Naomi Osaka,Total,62,24,8,19,0
20200124-W-Australian_Open-R32-Coco_Gauff-Naomi_Osaka,Naomi Osaka,F,22,11,1,15,0
20200124-W-Australian_Open-R32-Coco_Gauff-Naomi_Osaka,Naomi Osaka,B,38,13,6,4,0
20200124-W-Australian_Open-R32-Caroline_Wozniacki-Ons_Jabeur,Caroline Wozniacki,Total,88,68,16,25,0
20200124-W-Australian_Open-R32-Caroline_Wozniacki-Ons_Jabeur,Caroline Wozniacki,F,30,38,9,8,0
20200124-W-Australian_Open-R32-Caroline_Wozniacki-Ons_Jabeur,Caroline Wozniacki,B,55,25,4,17,0
20200124-W-Australian_Open-R32-Caroline_Wozniacki-Ons_Jabeur,Caroline Wozniacki,S,3,5,3,0,0
20200124-W-Australian_Open-R32-Caroline_Wozniacki-Ons_Jabeur,Ons Jabeur,Total,66,66,55,46,1
20200124-W-Australian_Open-R32-Caroline_Wozniacki-Ons_Jabeur,Ons Jabeur,F,38,33,20,35,1
20200124-W-Australian_Open-R32-Caroline_Wozniacki-Ons_Jabeur,Ons Jabeur,B,24,18,27,9,0
20200124-W-Australian_Open-R32-Caroline_Wozniacki-Ons_Jabeur,Ons Jabeur,S,4,15,8,2,0
20200124-W-Australian_Open-R32-Ashleigh_Barty-Elena_Rybakina,Ashleigh Barty,Total,92,54,11,24,5
20200124-W-Australian_Open-R32-Ashleigh_Barty-Elena_Rybakina,Ashleigh Barty,F,63,27,5,22,5
20200124-W-Australian_Open-R32-Ashleigh_Barty-Elena_Rybakina,Ashleigh Barty,B,14,10,1,0,0
20200124-W-Australian_Open-R32-Ashleigh_Barty-Elena_Rybakina,Ashleigh Barty,S,15,17,5,2,0
20200124-W-Australian_Open-R32-Ashleigh_Barty-Elena_Rybakina,Elena Rybakina,Total,82,63,22,20,0
20200124-W-Australian_Open-R32-Ashleigh_Barty-Elena_Rybakina,Elena Rybakina,F,52,21,11,8,0
20200124-W-Australian_Open-R32-Ashleigh_Barty-Elena_Rybakina,Elena Rybakina,B,24,32,10,10,0
20200124-W-Australian_Open-R32-Ashleigh_Barty-Elena_Rybakina,Elena Rybakina,S,6,10,1,2,0
20200123-W-Australian_Open-R64-Lauren_Davis-Elina_Svitolina,Lauren Davis,Total,93,91,24,35,0
20200123-W-Australian_Open-R64-Lauren_Davis-Elina_Svitolina,Lauren Davis,F,27,38,11,19,0
20200123-W-Australian_Open-R64-Lauren_Davis-Elina_Svitolina,Lauren Davis,B,55,38,11,15,0
20200123-W-Australian_Open-R64-Lauren_Davis-Elina_Svitolina,Lauren Davis,S,11,15,2,1,0
20200123-W-Australian_Open-R64-Lauren_Davis-Elina_Svitolina,Elina Svitolina,Total,96,78,16,34,1
20200123-W-Australian_Open-R64-Lauren_Davis-Elina_Svitolina,Elina Svitolina,F,29,35,6,27,1
20200123-W-Australian_Open-R64-Lauren_Davis-Elina_Svitolina,Elina Svitolina,B,61,39,8,6,0
20200123-W-Australian_Open-R64-Lauren_Davis-Elina_Svitolina,Elina Svitolina,S,6,4,2,1,0
20200123-W-Australian_Open-R64-Karolina_Muchova-Catherine_Cartan_Bellis,Karolina Muchova,Total,42,65,14,34,1
20200123-W-Australian_Open-R64-Karolina_Muchova-Catherine_Cartan_Bellis,Karolina Muchova,F,24,32,8,22,1
20200123-W-Australian_Open-R64-Karolina_Muchova-Catherine_Cartan_Bellis,Karolina Muchova,B,12,23,5,10,0
20200123-W-Australian_Open-R64-Karolina_Muchova-Catherine_Cartan_Bellis,Karolina Muchova,S,6,10,1,2,0
20200123-W-Australian_Open-R64-Karolina_Muchova-Catherine_Cartan_Bellis,Catherine Cartan Bellis,Total,61,73,13,20,0
20200123-W-Australian_Open-R64-Karolina_Muchova-Catherine_Cartan_Bellis,Catherine Cartan Bellis,F,37,33,8,15,0
20200123-W-Australian_Open-R64-Karolina_Muchova-Catherine_Cartan_Bellis,Catherine Cartan Bellis,B,21,37,5,5,0
20200123-W-Australian_Open-R64-Karolina_Muchova-Catherine_Cartan_Bellis,Catherine Cartan Bellis,S,3,3,0,0,0
20200123-W-Australian_Open-R64-Iga_Swiatek-Carla_Suarez_Navarro,Iga Swiatek,Total,78,37,30,22,1
20200123-W-Australian_Open-R64-Iga_Swiatek-Carla_Suarez_Navarro,Iga Swiatek,F,33,19,14,15,1
20200123-W-Australian_Open-R64-Iga_Swiatek-Carla_Suarez_Navarro,Iga Swiatek,B,44,17,14,6,0
20200123-W-Australian_Open-R64-Iga_Swiatek-Carla_Suarez_Navarro,Iga Swiatek,S,1,1,2,1,0
20200123-W-Australian_Open-R64-Iga_Swiatek-Carla_Suarez_Navarro,Carla Suarez Navarro,Total,76,60,16,10,0
20200123-W-Australian_Open-R64-Iga_Swiatek-Carla_Suarez_Navarro,Carla Suarez Navarro,F,37,29,10,10,0
20200123-W-Australian_Open-R64-Iga_Swiatek-Carla_Suarez_Navarro,Carla Suarez Navarro,B,28,23,4,0,0
20200123-W-Australian_Open-R64-Iga_Swiatek-Carla_Suarez_Navarro,Carla Suarez Navarro,S,11,8,2,0,0
20200123-W-Australian_Open-R64-Arina_Rodionova-Kiki_Bertens,Arina Rodionova,Total,90,89,28,32,1
20200123-W-Australian_Open-R64-Arina_Rodionova-Kiki_Bertens,Arina Rodionova,F,64,46,17,22,1
20200123-W-Australian_Open-R64-Arina_Rodionova-Kiki_Bertens,Arina Rodionova,B,15,20,8,7,0
20200123-W-Australian_Open-R64-Arina_Rodionova-Kiki_Bertens,Arina Rodionova,S,11,23,3,3,0
20200123-W-Australian_Open-R64-Arina_Rodionova-Kiki_Bertens,Kiki Bertens,Total,114,62,29,34,4
20200123-W-Australian_Open-R64-Arina_Rodionova-Kiki_Bertens,Kiki Bertens,F,89,29,17,33,4
20200123-W-Australian_Open-R64-Arina_Rodionova-Kiki_Bertens,Kiki Bertens,B,11,15,6,1,0
20200123-W-Australian_Open-R64-Arina_Rodionova-Kiki_Bertens,Kiki Bertens,S,14,18,6,0,0
20200122-W-Australian_Open-R64-Garbine_Muguruza-Ajla_Tomljanovic,Garbine Muguruza,Total,98,124,18,48,0
20200122-W-Australian_Open-R64-Garbine_Muguruza-Ajla_Tomljanovic,Garbine Muguruza,F,54,54,6,16,0
20200122-W-Australian_Open-R64-Garbine_Muguruza-Ajla_Tomljanovic,Garbine Muguruza,B,44,70,12,31,0
20200122-W-Australian_Open-R64-Garbine_Muguruza-Ajla_Tomljanovic,Garbine Muguruza,S,0,0,0,1,0
20200122-W-Australian_Open-R64-Garbine_Muguruza-Ajla_Tomljanovic,Ajla Tomljanovic,Total,90,133,17,50,0
20200122-W-Australian_Open-R64-Garbine_Muguruza-Ajla_Tomljanovic,Ajla Tomljanovic,F,57,72,10,29,0
20200122-W-Australian_Open-R64-Garbine_Muguruza-Ajla_Tomljanovic,Ajla Tomljanovic,B,31,47,7,20,0
20200122-W-Australian_Open-R64-Garbine_Muguruza-Ajla_Tomljanovic,Ajla Tomljanovic,S,2,14,0,1,0
20200122-W-Australian_Open-R64-Caroline_Wozniacki-Dayana_Yastremska,Caroline Wozniacki,Total,64,103,28,20,0
20200122-W-Australian_Open-R64-Caroline_Wozniacki-Dayana_Yastremska,Caroline Wozniacki,F,26,50,19,13,0
20200122-W-Australian_Open-R64-Caroline_Wozniacki-Dayana_Yastremska,Caroline Wozniacki,B,36,46,8,7,0
20200122-W-Australian_Open-R64-Caroline_Wozniacki-Dayana_Yastremska,Caroline Wozniacki,S,2,7,1,0,0
20200122-W-Australian_Open-R64-Caroline_Wozniacki-Dayana_Yastremska,Dayana Yastremska,Total,105,71,23,49,1
20200122-W-Australian_Open-R64-Caroline_Wozniacki-Dayana_Yastremska,Dayana Yastremska,F,59,28,12,25,1
20200122-W-Australian_Open-R64-Caroline_Wozniacki-Dayana_Yastremska,Dayana Yastremska,B,44,41,10,24,0
20200122-W-Australian_Open-R64-Caroline_Wozniacki-Dayana_Yastremska,Dayana Yastremska,S,2,2,1,0,0
20200122-W-Australian_Open-R64-Arantxa_Rus-Madison_Keys,Arantxa Rus,Total,42,80,16,32,0
20200122-W-Australian_Open-R64-Arantxa_Rus-Madison_Keys,Arantxa Rus,F,31,37,7,19,0
20200122-W-Australian_Open-R64-Arantxa_Rus-Madison_Keys,Arantxa Rus,B,9,41,8,12,0
20200122-W-Australian_Open-R64-Arantxa_Rus-Madison_Keys,Arantxa Rus,S,2,2,1,1,0
20200122-W-Australian_Open-R64-Arantxa_Rus-Madison_Keys,Madison Keys,Total,67,60,13,35,1
20200122-W-Australian_Open-R64-Arantxa_Rus-Madison_Keys,Madison Keys,F,36,35,5,25,1
20200122-W-Australian_Open-R64-Arantxa_Rus-Madison_Keys,Madison Keys,B,30,22,8,10,0
20200122-W-Australian_Open-R64-Arantxa_Rus-Madison_Keys,Madison Keys,S,1,3,0,0,0
20200121-W-Australian_Open-R64-Coco_Gauff-Sorana_Cirstea,Coco Gauff,Total,101,55,23,11,0
20200121-W-Australian_Open-R64-Coco_Gauff-Sorana_Cirstea,Coco Gauff,F,63,27,13,8,0
20200121-W-Australian_Open-R64-Coco_Gauff-Sorana_Cirstea,Coco Gauff,B,34,25,9,3,0
20200121-W-Australian_Open-R64-Coco_Gauff-Sorana_Cirstea,Coco Gauff,S,4,3,1,0,0
20200121-W-Australian_Open-R64-Coco_Gauff-Sorana_Cirstea,Sorana Cirstea,Total,104,41,32,24,1
20200121-W-Australian_Open-R64-Coco_Gauff-Sorana_Cirstea,Sorana Cirstea,F,70,17,14,11,1
20200121-W-Australian_Open-R64-Coco_Gauff-Sorana_Cirstea,Sorana Cirstea,B,33,22,18,10,0
20200121-W-Australian_Open-R64-Coco_Gauff-Sorana_Cirstea,Sorana Cirstea,S,1,2,0,3,0
20200121-W-Australian_Open-R128-Svetlana_Kuznetsova-Marketa_Vondrousova,Svetlana Kuznetsova,Total,103,106,29,61,6
20200121-W-Australian_Open-R128-Svetlana_Kuznetsova-Marketa_Vondrousova,Svetlana Kuznetsova,F,49,45,16,57,6
20200121-W-Australian_Open-R128-Svetlana_Kuznetsova-Marketa_Vondrousova,Svetlana Kuznetsova,B,44,51,10,4,0
20200121-W-Australian_Open-R128-Svetlana_Kuznetsova-Marketa_Vondrousova,Svetlana Kuznetsova,S,10,10,3,0,0
20200121-W-Australian_Open-R128-Svetlana_Kuznetsova-Marketa_Vondrousova,Marketa Vondrousova,Total,157,110,23,10,0
20200121-W-Australian_Open-R128-Svetlana_Kuznetsova-Marketa_Vondrousova,Marketa Vondrousova,F,119,58,16,7,0
20200121-W-Australian_Open-R128-Svetlana_Kuznetsova-Marketa_Vondrousova,Marketa Vondrousova,B,36,46,5,3,0
20200121-W-Australian_Open-R128-Svetlana_Kuznetsova-Marketa_Vondrousova,Marketa Vondrousova,S,2,6,2,0,0
20200121-W-Australian_Open-R128-Rebecca_Peterson-Polona_Hercog,Rebecca Peterson,Total,57,46,17,33,4
20200121-W-Australian_Open-R128-Rebecca_Peterson-Polona_Hercog,Rebecca Peterson,F,37,24,8,31,4
20200121-W-Australian_Open-R128-Rebecca_Peterson-Polona_Hercog,Rebecca Peterson,B,14,19,8,2,0
20200121-W-Australian_Open-R128-Rebecca_Peterson-Polona_Hercog,Rebecca Peterson,S,6,3,1,0,0
20200121-W-Australian_Open-R128-Rebecca_Peterson-Polona_Hercog,Polona Hercog,Total,71,49,3,34,3
20200121-W-Australian_Open-R128-Rebecca_Peterson-Polona_Hercog,Polona Hercog,F,37,30,2,32,3
20200121-W-Australian_Open-R128-Rebecca_Peterson-Polona_Hercog,Polona Hercog,B,24,14,1,1,0
20200121-W-Australian_Open-R128-Rebecca_Peterson-Polona_Hercog,Polona Hercog,S,10,5,0,1,0
20200121-W-Australian_Open-R128-Misaki_Doi-Harriet_Dart,Misaki Doi,Total,183,100,23,49,9
20200121-W-Australian_Open-R128-Misaki_Doi-Harriet_Dart,Misaki Doi,F,85,38,8,49,9
20200121-W-Australian_Open-R128-Misaki_Doi-Harriet_Dart,Misaki Doi,B,98,59,15,0,0
20200121-W-Australian_Open-R128-Misaki_Doi-Harriet_Dart,Misaki Doi,S,0,3,0,0,0
20200121-W-Australian_Open-R128-Misaki_Doi-Harriet_Dart,Harriet Dart,Total,138,99,56,40,4
20200121-W-Australian_Open-R128-Misaki_Doi-Harriet_Dart,Harriet Dart,F,104,53,28,24,4
20200121-W-Australian_Open-R128-Misaki_Doi-Harriet_Dart,Harriet Dart,B,33,37,25,15,0
20200121-W-Australian_Open-R128-Misaki_Doi-Harriet_Dart,Harriet Dart,S,1,9,3,1,0
20200121-W-Australian_Open-R128-Magda_Linette-Arantxa_Rus,Magda Linette,Total,211,91,49,33,0
20200121-W-Australian_Open-R128-Magda_Linette-Arantxa_Rus,Magda Linette,F,148,35,36,17,0
20200121-W-Australian_Open-R128-Magda_Linette-Arantxa_Rus,Magda Linette,B,63,56,13,15,0
20200121-W-Australian_Open-R128-Magda_Linette-Arantxa_Rus,Magda Linette,S,0,0,0,1,0
20200121-W-Australian_Open-R128-Magda_Linette-Arantxa_Rus,Arantxa Rus,Total,142,177,26,36,1
20200121-W-Australian_Open-R128-Magda_Linette-Arantxa_Rus,Arantxa Rus,F,59,79,11,29,1
20200121-W-Australian_Open-R128-Magda_Linette-Arantxa_Rus,Arantxa Rus,B,81,91,14,7,0
20200121-W-Australian_Open-R128-Magda_Linette-Arantxa_Rus,Arantxa Rus,S,2,7,1,0,0
20200121-W-Australian_Open-R128-Kirsten_Flipkens-Karolina_Muchova,Kirsten Flipkens,Total,88,51,24,33,0
20200121-W-Australian_Open-R128-Kirsten_Flipkens-Karolina_Muchova,Kirsten Flipkens,F,48,17,15,32,0
20200121-W-Australian_Open-R128-Kirsten_Flipkens-Karolina_Muchova,Kirsten Flipkens,B,12,9,4,1,0
20200121-W-Australian_Open-R128-Kirsten_Flipkens-Karolina_Muchova,Kirsten Flipkens,S,28,25,5,0,0
20200121-W-Australian_Open-R128-Kirsten_Flipkens-Karolina_Muchova,Karolina Muchova,Total,77,49,35,36,4
20200121-W-Australian_Open-R128-Kirsten_Flipkens-Karolina_Muchova,Karolina Muchova,F,30,18,17,27,4
20200121-W-Australian_Open-R128-Kirsten_Flipkens-Karolina_Muchova,Karolina Muchova,B,32,22,14,4,0
20200121-W-Australian_Open-R128-Kirsten_Flipkens-Karolina_Muchova,Karolina Muchova,S,15,9,4,5,0
20200121-W-Australian_Open-R128-Kiki_Bertens-Irina_Camelia_Begu,Kiki Bertens,Total,75,92,16,14,0
20200121-W-Australian_Open-R128-Kiki_Bertens-Irina_Camelia_Begu,Kiki Bertens,F,50,27,10,11,0
20200121-W-Australian_Open-R128-Kiki_Bertens-Irina_Camelia_Begu,Kiki Bertens,B,16,47,2,3,0
20200121-W-Australian_Open-R128-Kiki_Bertens-Irina_Camelia_Begu,Kiki Bertens,S,9,18,4,0,0
20200121-W-Australian_Open-R128-Kiki_Bertens-Irina_Camelia_Begu,Irina Camelia Begu,Total,90,45,23,39,1
20200121-W-Australian_Open-R128-Kiki_Bertens-Irina_Camelia_Begu,Irina Camelia Begu,F,53,25,19,33,1
20200121-W-Australian_Open-R128-Kiki_Bertens-Irina_Camelia_Begu,Irina Camelia Begu,B,35,18,4,3,0
20200121-W-Australian_Open-R128-Kiki_Bertens-Irina_Camelia_Begu,Irina Camelia Begu,S,2,2,0,3,0
20200121-W-Australian_Open-R128-Kateryna_Bondarenko-Arina_Rodionova,Kateryna Bondarenko,Total,138,50,38,48,0
20200121-W-Australian_Open-R128-Kateryna_Bondarenko-Arina_Rodionova,Kateryna Bondarenko,F,78,31,19,31,0
20200121-W-Australian_Open-R128-Kateryna_Bondarenko-Arina_Rodionova,Kateryna Bondarenko,B,59,17,18,17,0
20200121-W-Australian_Open-R128-Kateryna_Bondarenko-Arina_Rodionova,Kateryna Bondarenko,S,1,2,1,0,0
20200121-W-Australian_Open-R128-Kateryna_Bondarenko-Arina_Rodionova,Arina Rodionova,Total,72,110,16,27,0
20200121-W-Australian_Open-R128-Kateryna_Bondarenko-Arina_Rodionova,Arina Rodionova,F,44,45,6,13,0
20200121-W-Australian_Open-R128-Kateryna_Bondarenko-Arina_Rodionova,Arina Rodionova,B,17,44,9,14,0
20200121-W-Australian_Open-R128-Kateryna_Bondarenko-Arina_Rodionova,Arina Rodionova,S,11,21,1,0,0
20200121-W-Australian_Open-R128-Donna_Vekic-Maria_Sharapova,Donna Vekic,Total,33,45,9,10,0
20200121-W-Australian_Open-R128-Donna_Vekic-Maria_Sharapova,Donna Vekic,F,23,23,3,9,0
20200121-W-Australian_Open-R128-Donna_Vekic-Maria_Sharapova,Donna Vekic,B,9,22,4,1,0
20200121-W-Australian_Open-R128-Donna_Vekic-Maria_Sharapova,Donna Vekic,S,1,0,2,0,0
20200121-W-Australian_Open-R128-Donna_Vekic-Maria_Sharapova,Maria Sharapova,Total,41,25,16,17,0
20200121-W-Australian_Open-R128-Donna_Vekic-Maria_Sharapova,Maria Sharapova,F,29,18,13,8,0
20200121-W-Australian_Open-R128-Donna_Vekic-Maria_Sharapova,Maria Sharapova,B,12,7,3,8,0
20200121-W-Australian_Open-R128-Donna_Vekic-Maria_Sharapova,Maria Sharapova,S,0,0,0,1,0
20200121-W-Australian_Open-R128-Anna_Blinkova-Jasmine_Paolini,Anna Blinkova,Total,117,67,16,42,2
20200121-W-Australian_Open-R128-Anna_Blinkova-Jasmine_Paolini,Anna Blinkova,F,59,24,9,30,2
20200121-W-Australian_Open-R128-Anna_Blinkova-Jasmine_Paolini,Anna Blinkova,B,58,40,6,11,0
20200121-W-Australian_Open-R128-Anna_Blinkova-Jasmine_Paolini,Anna Blinkova,S,0,3,1,1,0
20200121-W-Australian_Open-R128-Anna_Blinkova-Jasmine_Paolini,Jasmine Paolini,Total,94,100,24,24,1
20200121-W-Australian_Open-R128-Anna_Blinkova-Jasmine_Paolini,Jasmine Paolini,F,39,36,10,18,1
20200121-W-Australian_Open-R128-Anna_Blinkova-Jasmine_Paolini,Jasmine Paolini,B,53,61,14,6,0
20200121-W-Australian_Open-R128-Anna_Blinkova-Jasmine_Paolini,Jasmine Paolini,S,2,3,0,0,0
20200121-W-Australian_Open-R128-Alize_Cornet-Monica_Niculescu,Alize Cornet,Total,149,86,34,40,3
20200121-W-Australian_Open-R128-Alize_Cornet-Monica_Niculescu,Alize Cornet,F,82,36,17,28,3
20200121-W-Australian_Open-R128-Alize_Cornet-Monica_Niculescu,Alize Cornet,B,63,47,13,12,0
20200121-W-Australian_Open-R128-Alize_Cornet-Monica_Niculescu,Alize Cornet,S,4,3,4,0,0
20200121-W-Australian_Open-R128-Alize_Cornet-Monica_Niculescu,Monica Niculescu,Total,49,76,14,8,0
20200121-W-Australian_Open-R128-Alize_Cornet-Monica_Niculescu,Monica Niculescu,F,3,2,1,0,0
20200121-W-Australian_Open-R128-Alize_Cornet-Monica_Niculescu,Monica Niculescu,B,44,71,13,7,0
20200121-W-Australian_Open-R128-Alize_Cornet-Monica_Niculescu,Monica Niculescu,S,2,3,0,1,0
20200120-W-Australian_Open-R128-Marie_Bouzkova-Naomi_Osaka,Marie Bouzkova,Total,37,45,13,4,0
20200120-W-Australian_Open-R128-Marie_Bouzkova-Naomi_Osaka,Marie Bouzkova,F,14,15,5,2,0
20200120-W-Australian_Open-R128-Marie_Bouzkova-Naomi_Osaka,Marie Bouzkova,B,23,28,7,2,0
20200120-W-Australian_Open-R128-Marie_Bouzkova-Naomi_Osaka,Marie Bouzkova,S,0,2,1,0,0
20200120-W-Australian_Open-R128-Marie_Bouzkova-Naomi_Osaka,Naomi Osaka,Total,50,29,13,21,0
20200120-W-Australian_Open-R128-Marie_Bouzkova-Naomi_Osaka,Naomi Osaka,F,25,7,4,15,0
20200120-W-Australian_Open-R128-Marie_Bouzkova-Naomi_Osaka,Naomi Osaka,B,25,21,9,6,0
20200120-W-Australian_Open-R128-Marie_Bouzkova-Naomi_Osaka,Naomi Osaka,S,0,1,0,0,0
20200120-W-Australian_Open-R128-Jil_Teichmann-Ekaterina_Alexandrova,Jil Teichmann,Total,81,110,28,14,0
20200120-W-Australian_Open-R128-Jil_Teichmann-Ekaterina_Alexandrova,Jil Teichmann,F,39,52,20,6,0
20200120-W-Australian_Open-R128-Jil_Teichmann-Ekaterina_Alexandrova,Jil Teichmann,B,22,41,4,5,0
20200120-W-Australian_Open-R128-Jil_Teichmann-Ekaterina_Alexandrova,Jil Teichmann,S,20,17,4,3,0
20200120-W-Australian_Open-R128-Jil_Teichmann-Ekaterina_Alexandrova,Ekaterina Alexandrova,Total,104,53,34,54,0
20200120-W-Australian_Open-R128-Jil_Teichmann-Ekaterina_Alexandrova,Ekaterina Alexandrova,F,64,23,22,42,0
20200120-W-Australian_Open-R128-Jil_Teichmann-Ekaterina_Alexandrova,Ekaterina Alexandrova,B,38,29,11,12,0
20200120-W-Australian_Open-R128-Jil_Teichmann-Ekaterina_Alexandrova,Ekaterina Alexandrova,S,2,1,1,0,0
20200120-W-Australian_Open-R128-Caroline_Wozniacki-Kristie_Ahn,Caroline Wozniacki,Total,87,60,34,29,0
20200120-W-Australian_Open-R128-Caroline_Wozniacki-Kristie_Ahn,Caroline Wozniacki,F,37,31,22,16,0
20200120-W-Australian_Open-R128-Caroline_Wozniacki-Kristie_Ahn,Caroline Wozniacki,B,48,27,10,12,0
20200120-W-Australian_Open-R128-Caroline_Wozniacki-Kristie_Ahn,Caroline Wozniacki,S,2,2,2,1,0
20200120-W-Australian_Open-R128-Caroline_Wozniacki-Kristie_Ahn,Kristie Ahn,Total,81,79,29,38,7
20200120-W-Australian_Open-R128-Caroline_Wozniacki-Kristie_Ahn,Kristie Ahn,F,47,38,10,36,7
20200120-W-Australian_Open-R128-Caroline_Wozniacki-Kristie_Ahn,Kristie Ahn,B,27,32,11,2,0
20200120-W-Australian_Open-R128-Caroline_Wozniacki-Kristie_Ahn,Kristie Ahn,S,7,9,8,0,0
20200120-W-Australian_Open-R128-Ashleigh_Barty-Lesia_Tsurenko,Ashleigh Barty,Total,98,66,29,28,4
20200120-W-Australian_Open-R128-Ashleigh_Barty-Lesia_Tsurenko,Ashleigh Barty,F,60,18,9,20,4
20200120-W-Australian_Open-R128-Ashleigh_Barty-Lesia_Tsurenko,Ashleigh Barty,B,15,19,10,4,0
20200120-W-Australian_Open-R128-Ashleigh_Barty-Lesia_Tsurenko,Ashleigh Barty,S,23,29,10,4,0
20200120-W-Australian_Open-R128-Ashleigh_Barty-Lesia_Tsurenko,Lesia Tsurenko,Total,100,44,36,31,1
20200120-W-Australian_Open-R128-Ashleigh_Barty-Lesia_Tsurenko,Lesia Tsurenko,F,49,24,29,23,1
20200120-W-Australian_Open-R128-Ashleigh_Barty-Lesia_Tsurenko,Lesia Tsurenko,B,41,14,6,6,0
20200120-W-Australian_Open-R128-Ashleigh_Barty-Lesia_Tsurenko,Lesia Tsurenko,S,10,6,1,2,0
20200117-W-Australian_Open-Q2-Leylah_Fernandez-Mayo_Hibi,Leylah Fernandez,Total,152,72,27,31,2
20200117-W-Australian_Open-Q2-Leylah_Fernandez-Mayo_Hibi,Leylah Fernandez,F,84,27,12,16,2
20200117-W-Australian_Open-Q2-Leylah_Fernandez-Mayo_Hibi,Leylah Fernandez,B,63,38,11,13,0
20200117-W-Australian_Open-Q2-Leylah_Fernandez-Mayo_Hibi,Leylah Fernandez,S,5,7,4,2,0
20200117-W-Australian_Open-Q2-Leylah_Fernandez-Mayo_Hibi,Mayo Hibi,Total,70,105,47,42,1
20200117-W-Australian_Open-Q2-Leylah_Fernandez-Mayo_Hibi,Mayo Hibi,F,50,33,18,33,1
20200117-W-Australian_Open-Q2-Leylah_Fernandez-Mayo_Hibi,Mayo Hibi,B,4,13,8,4,0
20200117-W-Australian_Open-Q2-Leylah_Fernandez-Mayo_Hibi,Mayo Hibi,S,16,59,21,5,0
20200115-W-Australian_Open-Q1-Lesley_Pattinama_Kerkhove-Eva_Guerrero_Alvarez,Lesley Pattinama Kerkhove,Total,52,68,15,24,0
20200115-W-Australian_Open-Q1-Lesley_Pattinama_Kerkhove-Eva_Guerrero_Alvarez,Lesley Pattinama Kerkhove,F,31,31,6,21,0
20200115-W-Australian_Open-Q1-Lesley_Pattinama_Kerkhove-Eva_Guerrero_Alvarez,Lesley Pattinama Kerkhove,B,19,35,8,3,0
20200115-W-Australian_Open-Q1-Lesley_Pattinama_Kerkhove-Eva_Guerrero_Alvarez,Lesley Pattinama Kerkhove,S,2,2,1,0,0
20200115-W-Australian_Open-Q1-Lesley_Pattinama_Kerkhove-Eva_Guerrero_Alvarez,Eva Guerrero Alvarez,Total,56,67,7,24,0
20200115-W-Australian_Open-Q1-Lesley_Pattinama_Kerkhove-Eva_Guerrero_Alvarez,Eva Guerrero Alvarez,F,18,37,6,14,0
20200115-W-Australian_Open-Q1-Lesley_Pattinama_Kerkhove-Eva_Guerrero_Alvarez,Eva Guerrero Alvarez,B,34,26,1,9,0
20200115-W-Australian_Open-Q1-Lesley_Pattinama_Kerkhove-Eva_Guerrero_Alvarez,Eva Guerrero Alvarez,S,4,4,0,1,0
20200114-W-Australian_Open-Q1-Rebecca_Sramkova-Maddison_Inglis,Rebecca Sramkova,Total,153,79,51,39,3
20200114-W-Australian_Open-Q1-Rebecca_Sramkova-Maddison_Inglis,Rebecca Sramkova,F,77,28,21,28,3
20200114-W-Australian_Open-Q1-Rebecca_Sramkova-Maddison_Inglis,Rebecca Sramkova,B,75,48,30,10,0
20200114-W-Australian_Open-Q1-Rebecca_Sramkova-Maddison_Inglis,Rebecca Sramkova,S,1,3,0,1,0
20200114-W-Australian_Open-Q1-Rebecca_Sramkova-Maddison_Inglis,Maddison Inglis,Total,113,87,36,35,1
20200114-W-Australian_Open-Q1-Rebecca_Sramkova-Maddison_Inglis,Maddison Inglis,F,48,34,22,29,1
20200114-W-Australian_Open-Q1-Rebecca_Sramkova-Maddison_Inglis,Maddison Inglis,B,59,48,14,6,0
20200114-W-Australian_Open-Q1-Rebecca_Sramkova-Maddison_Inglis,Maddison Inglis,S,6,5,0,0,0
20190907-W-US_Open-F-Serena_Williams-Bianca_Andreescu,Serena Williams,Total,64,36,13,13,1
20190907-W-US_Open-F-Serena_Williams-Bianca_Andreescu,Serena Williams,F,28,17,7,8,1
20190907-W-US_Open-F-Serena_Williams-Bianca_Andreescu,Serena Williams,B,35,19,5,5,0
20190907-W-US_Open-F-Serena_Williams-Bianca_Andreescu,Serena Williams,S,1,0,1,0,0
20190907-W-US_Open-F-Serena_Williams-Bianca_Andreescu,Bianca Andreescu,Total,39,49,12,13,1
20190907-W-US_Open-F-Serena_Williams-Bianca_Andreescu,Bianca Andreescu,F,22,18,9,12,1
20190907-W-US_Open-F-Serena_Williams-Bianca_Andreescu,Bianca Andreescu,B,16,25,3,1,0
20190907-W-US_Open-F-Serena_Williams-Bianca_Andreescu,Bianca Andreescu,S,1,6,0,0,0
20190905-W-US_Open-SF-Belinda_Bencic-Bianca_Andreescu,Belinda Bencic,Total,85,66,21,43,0
20190905-W-US_Open-SF-Belinda_Bencic-Bianca_Andreescu,Belinda Bencic,F,51,34,11,25,0
20190905-W-US_Open-SF-Belinda_Bencic-Bianca_Andreescu,Belinda Bencic,B,34,32,10,17,0
20190905-W-US_Open-SF-Belinda_Bencic-Bianca_Andreescu,Belinda Bencic,S,0,0,0,1,0
20190905-W-US_Open-SF-Belinda_Bencic-Bianca_Andreescu,Bianca Andreescu,Total,74,95,24,29,0
20190905-W-US_Open-SF-Belinda_Bencic-Bianca_Andreescu,Bianca Andreescu,F,47,44,12,18,0
20190905-W-US_Open-SF-Belinda_Bencic-Bianca_Andreescu,Bianca Andreescu,B,19,44,12,10,0
20190905-W-US_Open-SF-Belinda_Bencic-Bianca_Andreescu,Bianca Andreescu,S,8,7,0,1,0
20190904-W-US_Open-QF-Elise_Mertens-Bianca_Andreescu,Elise Mertens,Total,53,67,18,35,0
20190904-W-US_Open-QF-Elise_Mertens-Bianca_Andreescu,Elise Mertens,F,22,32,6,28,0
20190904-W-US_Open-QF-Elise_Mertens-Bianca_Andreescu,Elise Mertens,B,24,28,9,7,0
20190904-W-US_Open-QF-Elise_Mertens-Bianca_Andreescu,Elise Mertens,S,7,7,3,0,0
20190904-W-US_Open-QF-Elise_Mertens-Bianca_Andreescu,Bianca Andreescu,Total,67,76,18,20,0
20190904-W-US_Open-QF-Elise_Mertens-Bianca_Andreescu,Bianca Andreescu,F,30,25,7,13,0
20190904-W-US_Open-QF-Elise_Mertens-Bianca_Andreescu,Bianca Andreescu,B,33,39,10,3,0
20190904-W-US_Open-QF-Elise_Mertens-Bianca_Andreescu,Bianca Andreescu,S,4,12,1,4,0
20190903-W-US_Open-QF-Serena_Williams-Qiang_Wang,Serena Williams,Total,41,12,11,9,0
20190903-W-US_Open-QF-Serena_Williams-Qiang_Wang,Serena Williams,F,16,5,5,4,0
20190903-W-US_Open-QF-Serena_Williams-Qiang_Wang,Serena Williams,B,25,7,6,5,0
20190903-W-US_Open-QF-Serena_Williams-Qiang_Wang,Qiang Wang,Total,21,28,8,4,0
20190903-W-US_Open-QF-Serena_Williams-Qiang_Wang,Qiang Wang,F,9,16,5,4,0
20190903-W-US_Open-QF-Serena_Williams-Qiang_Wang,Qiang Wang,B,11,12,2,0,0
20190903-W-US_Open-QF-Serena_Williams-Qiang_Wang,Qiang Wang,S,1,0,1,0,0
20190902-W-US_Open-R16-Bianca_Andreescu-Taylor_Townsend,Bianca Andreescu,Total,61,19,18,18,2
20190902-W-US_Open-R16-Bianca_Andreescu-Taylor_Townsend,Bianca Andreescu,F,37,8,9,13,2
20190902-W-US_Open-R16-Bianca_Andreescu-Taylor_Townsend,Bianca Andreescu,B,24,9,9,4,0
20190902-W-US_Open-R16-Bianca_Andreescu-Taylor_Townsend,Bianca Andreescu,S,0,2,0,1,0
20190902-W-US_Open-R16-Bianca_Andreescu-Taylor_Townsend,Taylor Townsend,Total,42,32,22,11,1
20190902-W-US_Open-R16-Bianca_Andreescu-Taylor_Townsend,Taylor Townsend,F,25,6,8,9,1
20190902-W-US_Open-R16-Bianca_Andreescu-Taylor_Townsend,Taylor Townsend,B,16,20,7,2,0
20190902-W-US_Open-R16-Bianca_Andreescu-Taylor_Townsend,Taylor Townsend,S,1,6,7,0,0
20190831-W-US_Open-R32-Sorana_Cirstea-Taylor_Townsend,Sorana Cirstea,Total,27,17,20,15,2
20190831-W-US_Open-R32-Sorana_Cirstea-Taylor_Townsend,Sorana Cirstea,F,20,8,10,10,1
20190831-W-US_Open-R32-Sorana_Cirstea-Taylor_Townsend,Sorana Cirstea,B,7,9,8,5,1
20190831-W-US_Open-R32-Sorana_Cirstea-Taylor_Townsend,Sorana Cirstea,S,0,0,2,0,0
20190831-W-US_Open-R32-Sorana_Cirstea-Taylor_Townsend,Taylor Townsend,Total,27,10,4,8,2
20190831-W-US_Open-R32-Sorana_Cirstea-Taylor_Townsend,Taylor Townsend,F,14,5,1,7,1
20190831-W-US_Open-R32-Sorana_Cirstea-Taylor_Townsend,Taylor Townsend,B,11,3,1,1,1
20190831-W-US_Open-R32-Sorana_Cirstea-Taylor_Townsend,Taylor Townsend,S,2,2,2,0,0
20190831-W-US_Open-R32-Naomi_Osaka-Coco_Gauff,Naomi Osaka,Total,51,32,12,13,0
20190831-W-US_Open-R32-Naomi_Osaka-Coco_Gauff,Naomi Osaka,F,21,14,7,4,0
20190831-W-US_Open-R32-Naomi_Osaka-Coco_Gauff,Naomi Osaka,B,30,17,4,9,0
20190831-W-US_Open-R32-Naomi_Osaka-Coco_Gauff,Naomi Osaka,S,0,1,1,0,0
20190831-W-US_Open-R32-Naomi_Osaka-Coco_Gauff,Coco Gauff,Total,31,43,16,11,1
20190831-W-US_Open-R32-Naomi_Osaka-Coco_Gauff,Coco Gauff,F,11,17,9,7,1
20190831-W-US_Open-R32-Naomi_Osaka-Coco_Gauff,Coco Gauff,B,17,21,7,4,0
20190831-W-US_Open-R32-Naomi_Osaka-Coco_Gauff,Coco Gauff,S,3,5,0,0,0
20190831-W-US_Open-R32-Kristie_Ahn-Jelena_Ostapenko,Kristie Ahn,Total,56,38,7,18,2
20190831-W-US_Open-R32-Kristie_Ahn-Jelena_Ostapenko,Kristie Ahn,F,40,17,4,16,2
20190831-W-US_Open-R32-Kristie_Ahn-Jelena_Ostapenko,Kristie Ahn,B,14,20,2,2,0
20190831-W-US_Open-R32-Kristie_Ahn-Jelena_Ostapenko,Kristie Ahn,S,2,1,1,0,0
20190831-W-US_Open-R32-Kristie_Ahn-Jelena_Ostapenko,Jelena Ostapenko,Total,71,29,26,8,0
20190831-W-US_Open-R32-Kristie_Ahn-Jelena_Ostapenko,Jelena Ostapenko,F,54,10,17,5,0
20190831-W-US_Open-R32-Kristie_Ahn-Jelena_Ostapenko,Jelena Ostapenko,B,17,19,9,3,0
20190831-W-US_Open-R32-Julia_Goerges-Kiki_Bertens,Julia Goerges,Total,27,30,17,19,0
20190831-W-US_Open-R32-Julia_Goerges-Kiki_Bertens,Julia Goerges,F,13,10,9,18,0
20190831-W-US_Open-R32-Julia_Goerges-Kiki_Bertens,Julia Goerges,B,14,19,8,1,0
20190831-W-US_Open-R32-Julia_Goerges-Kiki_Bertens,Julia Goerges,S,0,1,0,0,0
20190831-W-US_Open-R32-Julia_Goerges-Kiki_Bertens,Kiki Bertens,Total,37,22,4,15,0
20190831-W-US_Open-R32-Julia_Goerges-Kiki_Bertens,Kiki Bertens,F,12,5,3,12,0
20190831-W-US_Open-R32-Julia_Goerges-Kiki_Bertens,Kiki Bertens,B,23,14,1,3,0
20190831-W-US_Open-R32-Julia_Goerges-Kiki_Bertens,Kiki Bertens,S,2,3,0,0,0
20190831-W-US_Open-R32-Donna_Vekic-Yulia_Putintseva,Donna Vekic,Total,51,42,18,30,4
20190831-W-US_Open-R32-Donna_Vekic-Yulia_Putintseva,Donna Vekic,F,28,16,7,27,4
20190831-W-US_Open-R32-Donna_Vekic-Yulia_Putintseva,Donna Vekic,B,23,26,10,2,0
20190831-W-US_Open-R32-Donna_Vekic-Yulia_Putintseva,Donna Vekic,S,0,0,1,1,0
20190831-W-US_Open-R32-Donna_Vekic-Yulia_Putintseva,Yulia Putintseva,Total,59,43,16,21,0
20190831-W-US_Open-R32-Donna_Vekic-Yulia_Putintseva,Yulia Putintseva,F,27,15,11,12,0
20190831-W-US_Open-R32-Donna_Vekic-Yulia_Putintseva,Yulia Putintseva,B,20,16,5,7,0
20190831-W-US_Open-R32-Donna_Vekic-Yulia_Putintseva,Yulia Putintseva,S,12,12,0,2,0
20190831-W-US_Open-R32-Caroline_Wozniacki-Bianca_Andreescu,Caroline Wozniacki,Total,79,54,26,16,1
20190831-W-US_Open-R32-Caroline_Wozniacki-Bianca_Andreescu,Caroline Wozniacki,F,33,22,18,11,1
20190831-W-US_Open-R32-Caroline_Wozniacki-Bianca_Andreescu,Caroline Wozniacki,B,44,28,8,5,0
20190831-W-US_Open-R32-Caroline_Wozniacki-Bianca_Andreescu,Caroline Wozniacki,S,2,4,0,0,0
20190831-W-US_Open-R32-Caroline_Wozniacki-Bianca_Andreescu,Bianca Andreescu,Total,79,57,20,26,2
20190831-W-US_Open-R32-Caroline_Wozniacki-Bianca_Andreescu,Bianca Andreescu,F,36,22,8,20,2
20190831-W-US_Open-R32-Caroline_Wozniacki-Bianca_Andreescu,Bianca Andreescu,B,40,25,12,6,0
20190831-W-US_Open-R32-Caroline_Wozniacki-Bianca_Andreescu,Bianca Andreescu,S,3,10,0,0,0
20190830-W-US_Open-R32-Madison_Keys-Sofia_Kenin,Madison Keys,Total,35,37,11,19,0
20190830-W-US_Open-R32-Madison_Keys-Sofia_Kenin,Madison Keys,F,26,22,5,9,0
20190830-W-US_Open-R32-Madison_Keys-Sofia_Kenin,Madison Keys,B,5,13,5,9,0
20190830-W-US_Open-R32-Madison_Keys-Sofia_Kenin,Madison Keys,S,4,2,1,1,0
20190830-W-US_Open-R32-Madison_Keys-Sofia_Kenin,Sofia Kenin,Total,41,44,7,6,0
20190830-W-US_Open-R32-Madison_Keys-Sofia_Kenin,Sofia Kenin,F,21,25,5,5,0
20190830-W-US_Open-R32-Madison_Keys-Sofia_Kenin,Sofia Kenin,B,16,19,1,1,0
20190830-W-US_Open-R32-Madison_Keys-Sofia_Kenin,Sofia Kenin,S,4,0,1,0,0
20190829-W-US_Open-R64-Taylor_Townsend-Simona_Halep,Taylor Townsend,Total,58,27,20,14,3
20190829-W-US_Open-R64-Taylor_Townsend-Simona_Halep,Taylor Townsend,F,34,6,6,11,1
20190829-W-US_Open-R64-Taylor_Townsend-Simona_Halep,Taylor Townsend,B,22,18,12,3,2
20190829-W-US_Open-R64-Taylor_Townsend-Simona_Halep,Taylor Townsend,S,2,3,2,0,0
20190829-W-US_Open-R64-Taylor_Townsend-Simona_Halep,Simona Halep,Total,74,45,34,20,5
20190829-W-US_Open-R64-Taylor_Townsend-Simona_Halep,Simona Halep,F,40,18,15,11,5
20190829-W-US_Open-R64-Taylor_Townsend-Simona_Halep,Simona Halep,B,33,27,19,8,0
20190829-W-US_Open-R64-Taylor_Townsend-Simona_Halep,Simona Halep,S,1,0,0,1,0
20190829-W-US_Open-R64-Su_Wei_Hsieh-Karolina_Muchova,Su Wei Hsieh,Total,74,50,18,19,0
20190829-W-US_Open-R64-Su_Wei_Hsieh-Karolina_Muchova,Su Wei Hsieh,F,28,19,8,12,0
20190829-W-US_Open-R64-Su_Wei_Hsieh-Karolina_Muchova,Su Wei Hsieh,B,41,24,8,7,0
20190829-W-US_Open-R64-Su_Wei_Hsieh-Karolina_Muchova,Su Wei Hsieh,S,5,7,2,0,0
20190829-W-US_Open-R64-Su_Wei_Hsieh-Karolina_Muchova,Karolina Muchova,Total,62,62,25,23,2
20190829-W-US_Open-R64-Su_Wei_Hsieh-Karolina_Muchova,Karolina Muchova,F,24,28,13,17,2
20190829-W-US_Open-R64-Su_Wei_Hsieh-Karolina_Muchova,Karolina Muchova,B,22,15,9,5,0
20190829-W-US_Open-R64-Su_Wei_Hsieh-Karolina_Muchova,Karolina Muchova,S,16,19,3,1,0
20190829-W-US_Open-R64-Laura_Siegemund-Sofia_Kenin,Laura Siegemund,Total,67,56,21,14,0
20190829-W-US_Open-R64-Laura_Siegemund-Sofia_Kenin,Laura Siegemund,F,44,23,14,10,0
20190829-W-US_Open-R64-Laura_Siegemund-Sofia_Kenin,Laura Siegemund,B,18,27,7,4,0
20190829-W-US_Open-R64-Laura_Siegemund-Sofia_Kenin,Laura Siegemund,S,5,6,0,0,0
20190829-W-US_Open-R64-Laura_Siegemund-Sofia_Kenin,Sofia Kenin,Total,85,42,14,7,0
20190829-W-US_Open-R64-Laura_Siegemund-Sofia_Kenin,Sofia Kenin,F,56,13,8,5,0
20190829-W-US_Open-R64-Laura_Siegemund-Sofia_Kenin,Sofia Kenin,B,26,26,6,2,0
20190829-W-US_Open-R64-Laura_Siegemund-Sofia_Kenin,Sofia Kenin,S,3,3,0,0,0
20190829-W-US_Open-R64-Kirsten_Flipkens-Bianca_Andreescu,Kirsten Flipkens,Total,43,38,6,17,0
20190829-W-US_Open-R64-Kirsten_Flipkens-Bianca_Andreescu,Kirsten Flipkens,F,18,15,4,17,0
20190829-W-US_Open-R64-Kirsten_Flipkens-Bianca_Andreescu,Kirsten Flipkens,B,7,4,0,0,0
20190829-W-US_Open-R64-Kirsten_Flipkens-Bianca_Andreescu,Kirsten Flipkens,S,18,19,2,0,0
20190829-W-US_Open-R64-Kirsten_Flipkens-Bianca_Andreescu,Bianca Andreescu,Total,40,40,15,14,2
20190829-W-US_Open-R64-Kirsten_Flipkens-Bianca_Andreescu,Bianca Andreescu,F,14,19,5,13,2
20190829-W-US_Open-R64-Kirsten_Flipkens-Bianca_Andreescu,Bianca Andreescu,B,19,18,6,1,0
20190829-W-US_Open-R64-Kirsten_Flipkens-Bianca_Andreescu,Bianca Andreescu,S,7,3,4,0,0
20190829-W-US_Open-R64-Kaia_Kanepi-Donna_Vekic,Kaia Kanepi,Total,0,0,0,0,0
20190829-W-US_Open-R64-Kaia_Kanepi-Donna_Vekic,Donna Vekic,Total,0,0,0,0,0
20190829-W-US_Open-R64-Iga_Swiatek-Anastasija_Sevastova,Iga Swiatek,Total,97,43,28,21,2
20190829-W-US_Open-R64-Iga_Swiatek-Anastasija_Sevastova,Iga Swiatek,F,58,17,9,14,2
20190829-W-US_Open-R64-Iga_Swiatek-Anastasija_Sevastova,Iga Swiatek,B,38,26,18,7,0
20190829-W-US_Open-R64-Iga_Swiatek-Anastasija_Sevastova,Iga Swiatek,S,1,0,1,0,0
20190829-W-US_Open-R64-Iga_Swiatek-Anastasija_Sevastova,Anastasija Sevastova,Total,88,54,14,12,0
20190829-W-US_Open-R64-Iga_Swiatek-Anastasija_Sevastova,Anastasija Sevastova,F,46,26,8,10,0
20190829-W-US_Open-R64-Iga_Swiatek-Anastasija_Sevastova,Anastasija Sevastova,B,35,24,6,2,0
20190829-W-US_Open-R64-Iga_Swiatek-Anastasija_Sevastova,Anastasija Sevastova,S,7,4,0,0,0
20190829-W-US_Open-R64-Francesca_Di_Lorenzo-Julia_Goerges,Francesca Di Lorenzo,Total,35,50,10,4,0
20190829-W-US_Open-R64-Francesca_Di_Lorenzo-Julia_Goerges,Francesca Di Lorenzo,F,14,22,1,1,0
20190829-W-US_Open-R64-Francesca_Di_Lorenzo-Julia_Goerges,Francesca Di Lorenzo,B,21,24,7,3,0
20190829-W-US_Open-R64-Francesca_Di_Lorenzo-Julia_Goerges,Francesca Di Lorenzo,S,0,4,2,0,0
20190829-W-US_Open-R64-Francesca_Di_Lorenzo-Julia_Goerges,Julia Goerges,Total,41,31,13,19,2
20190829-W-US_Open-R64-Francesca_Di_Lorenzo-Julia_Goerges,Julia Goerges,F,35,12,8,16,2
20190829-W-US_Open-R64-Francesca_Di_Lorenzo-Julia_Goerges,Julia Goerges,B,6,18,5,3,0
20190829-W-US_Open-R64-Francesca_Di_Lorenzo-Julia_Goerges,Julia Goerges,S,0,1,0,0,0
20190829-W-US_Open-R64-Anastasia_Pavlyuchenkova-Kiki_Bertens,Anastasia Pavlyuchenkova,Total,46,35,15,27,1
20190829-W-US_Open-R64-Anastasia_Pavlyuchenkova-Kiki_Bertens,Anastasia Pavlyuchenkova,F,29,21,10,24,1
20190829-W-US_Open-R64-Anastasia_Pavlyuchenkova-Kiki_Bertens,Anastasia Pavlyuchenkova,B,17,14,5,3,0
20190829-W-US_Open-R64-Anastasia_Pavlyuchenkova-Kiki_Bertens,Kiki Bertens,Total,40,49,15,14,0
20190829-W-US_Open-R64-Anastasia_Pavlyuchenkova-Kiki_Bertens,Kiki Bertens,F,18,22,9,11,0
20190829-W-US_Open-R64-Anastasia_Pavlyuchenkova-Kiki_Bertens,Kiki Bertens,B,18,16,5,3,0
20190829-W-US_Open-R64-Anastasia_Pavlyuchenkova-Kiki_Bertens,Kiki Bertens,S,4,11,1,0,0
20190827-W-US_Open-R128-Paula_Badosa-Kiki_Bertens,Paula Badosa,Total,54,55,19,34,3
20190827-W-US_Open-R128-Paula_Badosa-Kiki_Bertens,Paula Badosa,F,26,30,8,26,3
20190827-W-US_Open-R128-Paula_Badosa-Kiki_Bertens,Paula Badosa,B,26,23,11,8,0
20190827-W-US_Open-R128-Paula_Badosa-Kiki_Bertens,Paula Badosa,S,2,2,0,0,0
20190827-W-US_Open-R128-Paula_Badosa-Kiki_Bertens,Kiki Bertens,Total,77,54,7,14,2
20190827-W-US_Open-R128-Paula_Badosa-Kiki_Bertens,Kiki Bertens,F,36,18,5,11,2
20190827-W-US_Open-R128-Paula_Badosa-Kiki_Bertens,Kiki Bertens,B,34,31,2,3,0
20190827-W-US_Open-R128-Paula_Badosa-Kiki_Bertens,Kiki Bertens,S,7,5,0,0,0
20190827-W-US_Open-R128-Katie_Volynets-Bianca_Andreescu,Katie Volynets,Total,84,82,20,13,1
20190827-W-US_Open-R128-Katie_Volynets-Bianca_Andreescu,Katie Volynets,F,59,45,7,12,1
20190827-W-US_Open-R128-Katie_Volynets-Bianca_Andreescu,Katie Volynets,B,23,32,11,1,0
20190827-W-US_Open-R128-Katie_Volynets-Bianca_Andreescu,Katie Volynets,S,2,5,2,0,0
20190827-W-US_Open-R128-Katie_Volynets-Bianca_Andreescu,Bianca Andreescu,Total,88,50,31,27,1
20190827-W-US_Open-R128-Katie_Volynets-Bianca_Andreescu,Bianca Andreescu,F,58,25,21,24,1
20190827-W-US_Open-R128-Katie_Volynets-Bianca_Andreescu,Bianca Andreescu,B,27,17,7,2,0
20190827-W-US_Open-R128-Katie_Volynets-Bianca_Andreescu,Bianca Andreescu,S,3,8,3,1,0
20190827-W-US_Open-R128-Donna_Vekic-Richel_Hogenkamp,Donna Vekic,Total,63,63,23,44,1
20190827-W-US_Open-R128-Donna_Vekic-Richel_Hogenkamp,Donna Vekic,F,31,28,8,38,1
20190827-W-US_Open-R128-Donna_Vekic-Richel_Hogenkamp,Donna Vekic,B,32,33,13,5,0
20190827-W-US_Open-R128-Donna_Vekic-Richel_Hogenkamp,Donna Vekic,S,0,2,2,1,0
20190827-W-US_Open-R128-Donna_Vekic-Richel_Hogenkamp,Richel Hogenkamp,Total,57,65,38,39,1
20190827-W-US_Open-R128-Donna_Vekic-Richel_Hogenkamp,Richel Hogenkamp,F,28,26,19,27,1
20190827-W-US_Open-R128-Donna_Vekic-Richel_Hogenkamp,Richel Hogenkamp,B,11,13,11,8,0
20190827-W-US_Open-R128-Donna_Vekic-Richel_Hogenkamp,Richel Hogenkamp,S,18,26,8,4,0
20190826-W-US_Open-R128-Whitney_Osuigwe-Elina_Svitolina,Whitney Osuigwe,Total,114,62,27,22,1
20190826-W-US_Open-R128-Whitney_Osuigwe-Elina_Svitolina,Whitney Osuigwe,F,61,22,12,17,1
20190826-W-US_Open-R128-Whitney_Osuigwe-Elina_Svitolina,Whitney Osuigwe,B,51,37,14,5,0
20190826-W-US_Open-R128-Whitney_Osuigwe-Elina_Svitolina,Whitney Osuigwe,S,2,3,1,0,0
20190826-W-US_Open-R128-Whitney_Osuigwe-Elina_Svitolina,Elina Svitolina,Total,102,58,25,25,2
20190826-W-US_Open-R128-Whitney_Osuigwe-Elina_Svitolina,Elina Svitolina,F,36,39,13,17,2
20190826-W-US_Open-R128-Whitney_Osuigwe-Elina_Svitolina,Elina Svitolina,B,63,17,12,7,0
20190826-W-US_Open-R128-Whitney_Osuigwe-Elina_Svitolina,Elina Svitolina,S,3,2,0,1,0
20190826-W-US_Open-R128-Serena_Williams-Maria_Sharapova,Serena Williams,Total,42,12,8,11,0
20190826-W-US_Open-R128-Serena_Williams-Maria_Sharapova,Serena Williams,F,25,5,5,8,0
20190826-W-US_Open-R128-Serena_Williams-Maria_Sharapova,Serena Williams,B,17,7,3,3,0
20190826-W-US_Open-R128-Serena_Williams-Maria_Sharapova,Maria Sharapova,Total,25,27,12,6,0
20190826-W-US_Open-R128-Serena_Williams-Maria_Sharapova,Maria Sharapova,F,17,12,7,4,0
20190826-W-US_Open-R128-Serena_Williams-Maria_Sharapova,Maria Sharapova,B,8,15,5,2,0
20190826-W-US_Open-R128-Priscilla_Hon-Margarita_Gasparyan,Priscilla Hon,Total,88,42,19,27,0
20190826-W-US_Open-R128-Priscilla_Hon-Margarita_Gasparyan,Priscilla Hon,F,38,9,12,14,0
20190826-W-US_Open-R128-Priscilla_Hon-Margarita_Gasparyan,Priscilla Hon,B,41,29,5,12,0
20190826-W-US_Open-R128-Priscilla_Hon-Margarita_Gasparyan,Priscilla Hon,S,9,4,2,1,0
20190826-W-US_Open-R128-Priscilla_Hon-Margarita_Gasparyan,Margarita Gasparyan,Total,65,46,22,34,1
20190826-W-US_Open-R128-Priscilla_Hon-Margarita_Gasparyan,Margarita Gasparyan,F,33,14,14,24,1
20190826-W-US_Open-R128-Priscilla_Hon-Margarita_Gasparyan,Margarita Gasparyan,B,25,27,6,9,0
20190826-W-US_Open-R128-Priscilla_Hon-Margarita_Gasparyan,Margarita Gasparyan,S,7,5,2,1,0
20190826-W-US_Open-R128-Iga_Swiatek-Ivana_Jorovic,Iga Swiatek,Total,50,13,12,14,2
20190826-W-US_Open-R128-Iga_Swiatek-Ivana_Jorovic,Iga Swiatek,F,26,4,5,12,2
20190826-W-US_Open-R128-Iga_Swiatek-Ivana_Jorovic,Iga Swiatek,B,23,7,6,2,0
20190826-W-US_Open-R128-Iga_Swiatek-Ivana_Jorovic,Iga Swiatek,S,1,2,1,0,0
20190826-W-US_Open-R128-Iga_Swiatek-Ivana_Jorovic,Ivana Jorovic,Total,33,22,22,9,0
20190826-W-US_Open-R128-Iga_Swiatek-Ivana_Jorovic,Ivana Jorovic,F,15,10,11,6,0
20190826-W-US_Open-R128-Iga_Swiatek-Ivana_Jorovic,Ivana Jorovic,B,18,10,10,3,0
20190826-W-US_Open-R128-Iga_Swiatek-Ivana_Jorovic,Ivana Jorovic,S,0,2,1,0,0
20190826-W-US_Open-R128-Angelique_Kerber-Kristina_Mladenovic,Angelique Kerber,Total,149,62,60,45,6
20190826-W-US_Open-R128-Angelique_Kerber-Kristina_Mladenovic,Angelique Kerber,F,70,16,20,31,6
20190826-W-US_Open-R128-Angelique_Kerber-Kristina_Mladenovic,Angelique Kerber,B,75,37,27,12,0
20190826-W-US_Open-R128-Angelique_Kerber-Kristina_Mladenovic,Angelique Kerber,S,4,9,13,2,0
20190826-W-US_Open-R128-Angelique_Kerber-Kristina_Mladenovic,Kristina Mladenovic,Total,142,50,63,66,8
20190826-W-US_Open-R128-Angelique_Kerber-Kristina_Mladenovic,Kristina Mladenovic,F,90,19,22,46,7
20190826-W-US_Open-R128-Angelique_Kerber-Kristina_Mladenovic,Kristina Mladenovic,B,43,30,31,15,1
20190826-W-US_Open-R128-Angelique_Kerber-Kristina_Mladenovic,Kristina Mladenovic,S,9,1,10,5,0
20190123-W-Australian_Open-QF-Serena_Williams-Karolina_Pliskova,Serena Williams,Total,103,48,45,24,0
20190123-W-Australian_Open-QF-Serena_Williams-Karolina_Pliskova,Serena Williams,F,64,28,25,15,0
20190123-W-Australian_Open-QF-Serena_Williams-Karolina_Pliskova,Serena Williams,B,34,20,19,9,0
20190123-W-Australian_Open-QF-Serena_Williams-Karolina_Pliskova,Serena Williams,S,5,0,1,0,0
20190123-W-Australian_Open-QF-Serena_Williams-Karolina_Pliskova,Karolina Pliskova,Total,87,55,24,30,0
20190123-W-Australian_Open-QF-Serena_Williams-Karolina_Pliskova,Karolina Pliskova,F,58,24,15,16,0
20190123-W-Australian_Open-QF-Serena_Williams-Karolina_Pliskova,Karolina Pliskova,B,23,25,9,14,0
20190123-W-Australian_Open-QF-Serena_Williams-Karolina_Pliskova,Karolina Pliskova,S,6,6,0,0,0
20190122-W-Australian_Open-QF-Petra_Kvitova-Ashleigh_Barty,Petra Kvitova,Total,73,26,15,13,0
20190122-W-Australian_Open-QF-Petra_Kvitova-Ashleigh_Barty,Petra Kvitova,F,48,9,5,7,0
20190122-W-Australian_Open-QF-Petra_Kvitova-Ashleigh_Barty,Petra Kvitova,B,22,16,9,6,0
20190122-W-Australian_Open-QF-Petra_Kvitova-Ashleigh_Barty,Petra Kvitova,S,3,1,1,0,0
20190122-W-Australian_Open-QF-Petra_Kvitova-Ashleigh_Barty,Ashleigh Barty,Total,54,31,13,8,0
20190122-W-Australian_Open-QF-Petra_Kvitova-Ashleigh_Barty,Ashleigh Barty,F,33,13,4,7,0
20190122-W-Australian_Open-QF-Petra_Kvitova-Ashleigh_Barty,Ashleigh Barty,B,10,11,4,0,0
20190122-W-Australian_Open-QF-Petra_Kvitova-Ashleigh_Barty,Ashleigh Barty,S,11,7,5,1,0
20190120-W-Australian_Open-R16-Danielle_Collins-Angelique_Kerber,Danielle Collins,Total,64,21,20,11,0
20190120-W-Australian_Open-R16-Danielle_Collins-Angelique_Kerber,Danielle Collins,F,31,13,10,10,0
20190120-W-Australian_Open-R16-Danielle_Collins-Angelique_Kerber,Danielle Collins,B,33,8,10,1,0
20190120-W-Australian_Open-R16-Danielle_Collins-Angelique_Kerber,Angelique Kerber,Total,51,30,17,10,0
20190120-W-Australian_Open-R16-Danielle_Collins-Angelique_Kerber,Angelique Kerber,F,31,13,11,8,0
20190120-W-Australian_Open-R16-Danielle_Collins-Angelique_Kerber,Angelique Kerber,B,19,14,3,2,0
20190120-W-Australian_Open-R16-Danielle_Collins-Angelique_Kerber,Angelique Kerber,S,1,3,3,0,0
20190120-W-Australian_Open-R16-Ashleigh_Barty-Maria_Sharapova,Ashleigh Barty,Total,149,69,38,31,7
20190120-W-Australian_Open-R16-Ashleigh_Barty-Maria_Sharapova,Ashleigh Barty,F,93,23,18,24,7
20190120-W-Australian_Open-R16-Ashleigh_Barty-Maria_Sharapova,Ashleigh Barty,B,12,17,2,3,0
20190120-W-Australian_Open-R16-Ashleigh_Barty-Maria_Sharapova,Ashleigh Barty,S,44,29,18,4,0
20190120-W-Australian_Open-R16-Ashleigh_Barty-Maria_Sharapova,Maria Sharapova,Total,163,53,38,35,2
20190120-W-Australian_Open-R16-Ashleigh_Barty-Maria_Sharapova,Maria Sharapova,F,88,28,30,27,2
20190120-W-Australian_Open-R16-Ashleigh_Barty-Maria_Sharapova,Maria Sharapova,B,74,24,7,7,0
20190120-W-Australian_Open-R16-Ashleigh_Barty-Maria_Sharapova,Maria Sharapova,S,1,1,1,1,0
20190119-W-Australian_Open-R32-Dayana_Yastremska-Serena_Williams,Dayana Yastremska,Total,29,28,18,19,0
20190119-W-Australian_Open-R32-Dayana_Yastremska-Serena_Williams,Dayana Yastremska,F,19,13,8,11,0
20190119-W-Australian_Open-R32-Dayana_Yastremska-Serena_Williams,Dayana Yastremska,B,10,14,10,8,0
20190119-W-Australian_Open-R32-Dayana_Yastremska-Serena_Williams,Dayana Yastremska,S,0,1,0,0,0
20190119-W-Australian_Open-R32-Dayana_Yastremska-Serena_Williams,Serena Williams,Total,25,26,17,14,0
20190119-W-Australian_Open-R32-Dayana_Yastremska-Serena_Williams,Serena Williams,F,16,11,9,7,0
20190119-W-Australian_Open-R32-Dayana_Yastremska-Serena_Williams,Serena Williams,B,8,14,8,7,0
20190119-W-Australian_Open-R32-Dayana_Yastremska-Serena_Williams,Serena Williams,S,1,1,0,0,0
20190118-W-Australian_Open-R32-Aryna_Sabalenka-Amanda_Anisimova,Aryna Sabalenka,Total,34,14,17,8,1
20190118-W-Australian_Open-R32-Aryna_Sabalenka-Amanda_Anisimova,Aryna Sabalenka,F,14,7,12,7,1
20190118-W-Australian_Open-R32-Aryna_Sabalenka-Amanda_Anisimova,Aryna Sabalenka,B,20,6,5,1,0
20190118-W-Australian_Open-R32-Aryna_Sabalenka-Amanda_Anisimova,Aryna Sabalenka,S,0,1,0,0,0
20190118-W-Australian_Open-R32-Aryna_Sabalenka-Amanda_Anisimova,Amanda Anisimova,Total,43,19,12,9,1
20190118-W-Australian_Open-R32-Aryna_Sabalenka-Amanda_Anisimova,Amanda Anisimova,F,20,5,5,6,1
20190118-W-Australian_Open-R32-Aryna_Sabalenka-Amanda_Anisimova,Amanda Anisimova,B,21,13,6,3,0
20190118-W-Australian_Open-R32-Aryna_Sabalenka-Amanda_Anisimova,Amanda Anisimova,S,2,1,1,0,0
20190117-W-Australian_Open-R64-Madison_Keys-Anastasia_Potapova,Madison Keys,Total,43,36,20,14,0
20190117-W-Australian_Open-R64-Madison_Keys-Anastasia_Potapova,Madison Keys,F,30,16,9,9,0
20190117-W-Australian_Open-R64-Madison_Keys-Anastasia_Potapova,Madison Keys,B,11,15,11,4,0
20190117-W-Australian_Open-R64-Madison_Keys-Anastasia_Potapova,Madison Keys,S,2,5,0,1,0
20190117-W-Australian_Open-R64-Madison_Keys-Anastasia_Potapova,Anastasia Potapova,Total,40,35,20,13,0
20190117-W-Australian_Open-R64-Madison_Keys-Anastasia_Potapova,Anastasia Potapova,F,28,21,14,11,0
20190117-W-Australian_Open-R64-Madison_Keys-Anastasia_Potapova,Anastasia Potapova,B,12,14,6,2,0
20190117-W-Australian_Open-R64-Johanna_Konta-Garbine_Muguruza,Johanna Konta,Total,127,72,18,24,2
20190117-W-Australian_Open-R64-Johanna_Konta-Garbine_Muguruza,Johanna Konta,F,74,26,8,20,2
20190117-W-Australian_Open-R64-Johanna_Konta-Garbine_Muguruza,Johanna Konta,B,46,42,9,4,0
20190117-W-Australian_Open-R64-Johanna_Konta-Garbine_Muguruza,Johanna Konta,S,7,4,1,0,0
20190117-W-Australian_Open-R64-Johanna_Konta-Garbine_Muguruza,Garbine Muguruza,Total,83,83,22,31,0
20190117-W-Australian_Open-R64-Johanna_Konta-Garbine_Muguruza,Garbine Muguruza,F,46,44,11,19,0
20190117-W-Australian_Open-R64-Johanna_Konta-Garbine_Muguruza,Garbine Muguruza,B,37,39,11,12,0
20190117-W-Australian_Open-R64-Camila_Giorgi-Iga_Swiatek,Camila Giorgi,Total,28,15,5,2,0
20190117-W-Australian_Open-R64-Camila_Giorgi-Iga_Swiatek,Camila Giorgi,F,15,10,3,2,0
20190117-W-Australian_Open-R64-Camila_Giorgi-Iga_Swiatek,Camila Giorgi,B,13,5,2,0,0
20190117-W-Australian_Open-R64-Camila_Giorgi-Iga_Swiatek,Iga Swiatek,Total,24,12,10,9,0
20190117-W-Australian_Open-R64-Camila_Giorgi-Iga_Swiatek,Iga Swiatek,F,12,5,2,4,0
20190117-W-Australian_Open-R64-Camila_Giorgi-Iga_Swiatek,Iga Swiatek,B,12,6,6,5,0
20190117-W-Australian_Open-R64-Camila_Giorgi-Iga_Swiatek,Iga Swiatek,S,0,1,2,0,0
20190116-W-Australian_Open-R64-Marketa_Vondrousova-Petra_Martic,Marketa Vondrousova,Total,136,61,17,15,0
20190116-W-Australian_Open-R64-Marketa_Vondrousova-Petra_Martic,Marketa Vondrousova,F,76,24,9,9,0
20190116-W-Australian_Open-R64-Marketa_Vondrousova-Petra_Martic,Marketa Vondrousova,B,59,30,5,5,0
20190116-W-Australian_Open-R64-Marketa_Vondrousova-Petra_Martic,Marketa Vondrousova,S,1,7,3,1,0
20190116-W-Australian_Open-R64-Marketa_Vondrousova-Petra_Martic,Petra Martic,Total,80,80,33,32,1
20190116-W-Australian_Open-R64-Marketa_Vondrousova-Petra_Martic,Petra Martic,F,50,37,20,26,1
20190116-W-Australian_Open-R64-Marketa_Vondrousova-Petra_Martic,Petra Martic,B,24,26,4,2,0
20190116-W-Australian_Open-R64-Marketa_Vondrousova-Petra_Martic,Petra Martic,S,6,17,9,4,0
20190116-W-Australian_Open-R64-Caroline_Wozniacki-Johanna_Larsson,Caroline Wozniacki,Total,61,103,17,24,0
20190116-W-Australian_Open-R64-Caroline_Wozniacki-Johanna_Larsson,Caroline Wozniacki,F,27,56,7,12,0
20190116-W-Australian_Open-R64-Caroline_Wozniacki-Johanna_Larsson,Caroline Wozniacki,B,34,42,8,12,0
20190116-W-Australian_Open-R64-Caroline_Wozniacki-Johanna_Larsson,Caroline Wozniacki,S,0,5,2,0,0
20190116-W-Australian_Open-R64-Caroline_Wozniacki-Johanna_Larsson,Johanna Larsson,Total,76,100,6,13,0
20190116-W-Australian_Open-R64-Caroline_Wozniacki-Johanna_Larsson,Johanna Larsson,F,36,49,4,9,0
20190116-W-Australian_Open-R64-Caroline_Wozniacki-Johanna_Larsson,Johanna Larsson,B,36,47,2,4,0
20190116-W-Australian_Open-R64-Caroline_Wozniacki-Johanna_Larsson,Johanna Larsson,S,4,4,0,0,0
20190115-W-Australian_Open-R128-Whitney_Osuigwe-Bianca_Andreescu,Whitney Osuigwe,Total,147,96,21,34,2
20190115-W-Australian_Open-R128-Whitney_Osuigwe-Bianca_Andreescu,Whitney Osuigwe,F,74,38,11,30,2
20190115-W-Australian_Open-R128-Whitney_Osuigwe-Bianca_Andreescu,Whitney Osuigwe,B,69,48,8,4,0
20190115-W-Australian_Open-R128-Whitney_Osuigwe-Bianca_Andreescu,Whitney Osuigwe,S,4,10,2,0,0
20190115-W-Australian_Open-R128-Whitney_Osuigwe-Bianca_Andreescu,Bianca Andreescu,Total,110,93,34,43,3
20190115-W-Australian_Open-R128-Whitney_Osuigwe-Bianca_Andreescu,Bianca Andreescu,F,59,46,23,34,3
20190115-W-Australian_Open-R128-Whitney_Osuigwe-Bianca_Andreescu,Bianca Andreescu,B,39,28,5,7,0
20190115-W-Australian_Open-R128-Whitney_Osuigwe-Bianca_Andreescu,Bianca Andreescu,S,12,19,6,2,0
20190115-W-Australian_Open-R128-Viktoria_Hruncakova-Kateryna_Baindl,Viktoria Hruncakova,Total,138,58,31,45,2
20190115-W-Australian_Open-R128-Viktoria_Hruncakova-Kateryna_Baindl,Viktoria Hruncakova,F,65,18,19,26,2
20190115-W-Australian_Open-R128-Viktoria_Hruncakova-Kateryna_Baindl,Viktoria Hruncakova,B,71,35,12,17,0
20190115-W-Australian_Open-R128-Viktoria_Hruncakova-Kateryna_Baindl,Viktoria Hruncakova,S,2,5,0,2,0
20190115-W-Australian_Open-R128-Viktoria_Hruncakova-Kateryna_Baindl,Kateryna Baindl,Total,92,84,29,33,1
20190115-W-Australian_Open-R128-Viktoria_Hruncakova-Kateryna_Baindl,Kateryna Baindl,F,47,33,20,29,1
20190115-W-Australian_Open-R128-Viktoria_Hruncakova-Kateryna_Baindl,Kateryna Baindl,B,31,36,8,4,0
20190115-W-Australian_Open-R128-Viktoria_Hruncakova-Kateryna_Baindl,Kateryna Baindl,S,14,15,1,0,0
20190115-W-Australian_Open-R128-Veronika_Kudermetova-Sofia_Kenin,Veronika Kudermetova,Total,76,84,18,36,0
20190115-W-Australian_Open-R128-Veronika_Kudermetova-Sofia_Kenin,Veronika Kudermetova,F,39,36,5,19,0
20190115-W-Australian_Open-R128-Veronika_Kudermetova-Sofia_Kenin,Veronika Kudermetova,B,27,45,12,16,0
20190115-W-Australian_Open-R128-Veronika_Kudermetova-Sofia_Kenin,Veronika Kudermetova,S,10,3,1,1,0
20190115-W-Australian_Open-R128-Veronika_Kudermetova-Sofia_Kenin,Sofia Kenin,Total,75,103,15,16,0
20190115-W-Australian_Open-R128-Veronika_Kudermetova-Sofia_Kenin,Sofia Kenin,F,37,53,7,9,0
20190115-W-Australian_Open-R128-Veronika_Kudermetova-Sofia_Kenin,Sofia Kenin,B,35,42,7,7,0
20190115-W-Australian_Open-R128-Veronika_Kudermetova-Sofia_Kenin,Sofia Kenin,S,3,8,1,0,0
20190115-W-Australian_Open-R128-Samantha_Stosur-Dayana_Yastremska,Samantha Stosur,Total,19,29,14,15,0
20190115-W-Australian_Open-R128-Samantha_Stosur-Dayana_Yastremska,Samantha Stosur,F,14,22,8,14,0
20190115-W-Australian_Open-R128-Samantha_Stosur-Dayana_Yastremska,Samantha Stosur,B,4,4,5,1,0
20190115-W-Australian_Open-R128-Samantha_Stosur-Dayana_Yastremska,Samantha Stosur,S,1,3,1,0,0
20190115-W-Australian_Open-R128-Samantha_Stosur-Dayana_Yastremska,Dayana Yastremska,Total,34,33,10,15,0
20190115-W-Australian_Open-R128-Samantha_Stosur-Dayana_Yastremska,Dayana Yastremska,F,20,9,4,10,0
20190115-W-Australian_Open-R128-Samantha_Stosur-Dayana_Yastremska,Dayana Yastremska,B,14,24,6,5,0
20190114-W-Australian_Open-R128-Shuai_Peng-Eugenie_Bouchard,Shuai Peng,Total,24,29,10,8,0
20190114-W-Australian_Open-R128-Shuai_Peng-Eugenie_Bouchard,Shuai Peng,F,13,12,8,4,0
20190114-W-Australian_Open-R128-Shuai_Peng-Eugenie_Bouchard,Shuai Peng,B,10,15,2,4,0
20190114-W-Australian_Open-R128-Shuai_Peng-Eugenie_Bouchard,Shuai Peng,S,1,2,0,0,0
20190114-W-Australian_Open-R128-Shuai_Peng-Eugenie_Bouchard,Eugenie Bouchard,Total,34,21,7,6,1
20190114-W-Australian_Open-R128-Shuai_Peng-Eugenie_Bouchard,Eugenie Bouchard,F,17,9,4,3,1
20190114-W-Australian_Open-R128-Shuai_Peng-Eugenie_Bouchard,Eugenie Bouchard,B,16,10,3,3,0
20190114-W-Australian_Open-R128-Shuai_Peng-Eugenie_Bouchard,Eugenie Bouchard,S,1,2,0,0,0
20190114-W-Australian_Open-R128-Maria_Sharapova-Harriet_Dart,Maria Sharapova,Total,66,25,14,3,0
20190114-W-Australian_Open-R128-Maria_Sharapova-Harriet_Dart,Maria Sharapova,F,35,14,8,1,0
20190114-W-Australian_Open-R128-Maria_Sharapova-Harriet_Dart,Maria Sharapova,B,30,11,4,1,0
20190114-W-Australian_Open-R128-Maria_Sharapova-Harriet_Dart,Maria Sharapova,S,1,0,2,1,0
20190114-W-Australian_Open-R128-Maria_Sharapova-Harriet_Dart,Harriet Dart,Total,37,32,18,10,0
20190114-W-Australian_Open-R128-Maria_Sharapova-Harriet_Dart,Harriet Dart,F,25,14,10,5,0
20190114-W-Australian_Open-R128-Maria_Sharapova-Harriet_Dart,Harriet Dart,B,6,17,8,5,0
20190114-W-Australian_Open-R128-Maria_Sharapova-Harriet_Dart,Harriet Dart,S,6,1,0,0,0
20190114-W-Australian_Open-R128-Kiki_Bertens-Alison_Riske_Amritraj,Kiki Bertens,Total,34,49,14,15,0
20190114-W-Australian_Open-R128-Kiki_Bertens-Alison_Riske_Amritraj,Kiki Bertens,F,25,22,10,9,0
20190114-W-Australian_Open-R128-Kiki_Bertens-Alison_Riske_Amritraj,Kiki Bertens,B,7,19,3,6,0
20190114-W-Australian_Open-R128-Kiki_Bertens-Alison_Riske_Amritraj,Kiki Bertens,S,2,8,1,0,0
20190114-W-Australian_Open-R128-Kiki_Bertens-Alison_Riske_Amritraj,Alison Riske Amritraj,Total,36,44,9,24,0
20190114-W-Australian_Open-R128-Kiki_Bertens-Alison_Riske_Amritraj,Alison Riske Amritraj,F,22,24,4,14,0
20190114-W-Australian_Open-R128-Kiki_Bertens-Alison_Riske_Amritraj,Alison Riske Amritraj,B,13,20,5,10,0
20190114-W-Australian_Open-R128-Kiki_Bertens-Alison_Riske_Amritraj,Alison Riske Amritraj,S,1,0,0,0,0
20190114-W-Australian_Open-R128-Caroline_Wozniacki-Alison_Van_Uytvanck,Caroline Wozniacki,Total,96,65,24,36,0
20190114-W-Australian_Open-R128-Caroline_Wozniacki-Alison_Van_Uytvanck,Caroline Wozniacki,F,54,29,16,17,0
20190114-W-Australian_Open-R128-Caroline_Wozniacki-Alison_Van_Uytvanck,Caroline Wozniacki,B,39,30,7,17,0
20190114-W-Australian_Open-R128-Caroline_Wozniacki-Alison_Van_Uytvanck,Caroline Wozniacki,S,3,6,1,2,0
20190114-W-Australian_Open-R128-Caroline_Wozniacki-Alison_Van_Uytvanck,Alison Van Uytvanck,Total,75,84,27,32,2
20190114-W-Australian_Open-R128-Caroline_Wozniacki-Alison_Van_Uytvanck,Alison Van Uytvanck,F,51,34,14,24,2
20190114-W-Australian_Open-R128-Caroline_Wozniacki-Alison_Van_Uytvanck,Alison Van Uytvanck,B,16,34,10,8,0
20190114-W-Australian_Open-R128-Caroline_Wozniacki-Alison_Van_Uytvanck,Alison Van Uytvanck,S,8,16,3,0,0
20190114-W-Australian_Open-R128-Beatriz_Haddad_Maia-Bernarda_Pera,Beatriz Haddad Maia,Total,124,70,16,13,1
20190114-W-Australian_Open-R128-Beatriz_Haddad_Maia-Bernarda_Pera,Beatriz Haddad Maia,F,71,39,15,10,1
20190114-W-Australian_Open-R128-Beatriz_Haddad_Maia-Bernarda_Pera,Beatriz Haddad Maia,B,52,27,0,3,0
20190114-W-Australian_Open-R128-Beatriz_Haddad_Maia-Bernarda_Pera,Beatriz Haddad Maia,S,1,4,1,0,0
20190114-W-Australian_Open-R128-Beatriz_Haddad_Maia-Bernarda_Pera,Bernarda Pera,Total,84,85,42,21,1
20190114-W-Australian_Open-R128-Beatriz_Haddad_Maia-Bernarda_Pera,Bernarda Pera,F,51,42,31,15,1
20190114-W-Australian_Open-R128-Beatriz_Haddad_Maia-Bernarda_Pera,Bernarda Pera,B,33,38,7,4,0
20190114-W-Australian_Open-R128-Beatriz_Haddad_Maia-Bernarda_Pera,Bernarda Pera,S,0,5,4,2,0
20190114-W-Australian_Open-R128-Astra_Sharma-Priscilla_Hon,Astra Sharma,Total,50,54,28,9,3
20190114-W-Australian_Open-R128-Astra_Sharma-Priscilla_Hon,Astra Sharma,F,38,37,17,7,3
20190114-W-Australian_Open-R128-Astra_Sharma-Priscilla_Hon,Astra Sharma,B,9,15,7,2,0
20190114-W-Australian_Open-R128-Astra_Sharma-Priscilla_Hon,Astra Sharma,S,3,2,4,0,0
20190114-W-Australian_Open-R128-Astra_Sharma-Priscilla_Hon,Priscilla Hon,Total,69,48,19,17,0
20190114-W-Australian_Open-R128-Astra_Sharma-Priscilla_Hon,Priscilla Hon,F,36,24,8,14,0
20190114-W-Australian_Open-R128-Astra_Sharma-Priscilla_Hon,Priscilla Hon,B,32,22,10,3,0
20190114-W-Australian_Open-R128-Astra_Sharma-Priscilla_Hon,Priscilla Hon,S,1,2,1,0,0
20190111-W-Australian_Open-Q3-Tereza_Smitkova-Bianca_Andreescu,Tereza Smitkova,Total,21,20,2,16,0
20190111-W-Australian_Open-Q3-Tereza_Smitkova-Bianca_Andreescu,Tereza Smitkova,F,12,8,1,10,0
20190111-W-Australian_Open-Q3-Tereza_Smitkova-Bianca_Andreescu,Tereza Smitkova,B,8,12,1,6,0
20190111-W-Australian_Open-Q3-Tereza_Smitkova-Bianca_Andreescu,Tereza Smitkova,S,1,0,0,0,0
20190111-W-Australian_Open-Q3-Tereza_Smitkova-Bianca_Andreescu,Bianca Andreescu,Total,16,20,5,9,0
20190111-W-Australian_Open-Q3-Tereza_Smitkova-Bianca_Andreescu,Bianca Andreescu,F,9,8,3,6,0
20190111-W-Australian_Open-Q3-Tereza_Smitkova-Bianca_Andreescu,Bianca Andreescu,B,7,7,1,3,0
20190111-W-Australian_Open-Q3-Tereza_Smitkova-Bianca_Andreescu,Bianca Andreescu,S,0,5,1,0,0
20190110-W-Australian_Open-Q2-Valentini_Grammatikopoulou-Bianca_Andreescu,Valentini Grammatikopoulou,Total,60,27,7,24,0
20190110-W-Australian_Open-Q2-Valentini_Grammatikopoulou-Bianca_Andreescu,Valentini Grammatikopoulou,F,20,13,4,18,0
20190110-W-Australian_Open-Q2-Valentini_Grammatikopoulou-Bianca_Andreescu,Valentini Grammatikopoulou,B,36,11,2,6,0
20190110-W-Australian_Open-Q2-Valentini_Grammatikopoulou-Bianca_Andreescu,Valentini Grammatikopoulou,S,4,3,1,0,0
20190110-W-Australian_Open-Q2-Valentini_Grammatikopoulou-Bianca_Andreescu,Bianca Andreescu,Total,45,42,12,9,2
20190110-W-Australian_Open-Q2-Valentini_Grammatikopoulou-Bianca_Andreescu,Bianca Andreescu,F,16,16,5,8,2
20190110-W-Australian_Open-Q2-Valentini_Grammatikopoulou-Bianca_Andreescu,Bianca Andreescu,B,25,17,3,1,0
20190110-W-Australian_Open-Q2-Valentini_Grammatikopoulou-Bianca_Andreescu,Bianca Andreescu,S,4,9,4,0,0
20190108-W-Australian_Open-Q1-Isabelle_Wallace-Sabine_Lisicki,Isabelle Wallace,Total,33,33,17,10,1
20190108-W-Australian_Open-Q1-Isabelle_Wallace-Sabine_Lisicki,Isabelle Wallace,F,19,17,8,9,1
20190108-W-Australian_Open-Q1-Isabelle_Wallace-Sabine_Lisicki,Isabelle Wallace,B,12,15,8,1,0
20190108-W-Australian_Open-Q1-Isabelle_Wallace-Sabine_Lisicki,Isabelle Wallace,S,2,1,1,0,0
20190108-W-Australian_Open-Q1-Isabelle_Wallace-Sabine_Lisicki,Sabine Lisicki,Total,36,21,12,30,1
20190108-W-Australian_Open-Q1-Isabelle_Wallace-Sabine_Lisicki,Sabine Lisicki,F,24,13,7,22,1
20190108-W-Australian_Open-Q1-Isabelle_Wallace-Sabine_Lisicki,Sabine Lisicki,B,12,8,5,6,0
20190108-W-Australian_Open-Q1-Isabelle_Wallace-Sabine_Lisicki,Sabine Lisicki,S,0,0,0,2,0
20190108-W-Australian_Open-Q1-Iga_Swiatek-Olga_Danilovic,Iga Swiatek,Total,61,30,33,17,0
20190108-W-Australian_Open-Q1-Iga_Swiatek-Olga_Danilovic,Iga Swiatek,F,34,14,14,14,0
20190108-W-Australian_Open-Q1-Iga_Swiatek-Olga_Danilovic,Iga Swiatek,B,27,14,16,3,0
20190108-W-Australian_Open-Q1-Iga_Swiatek-Olga_Danilovic,Iga Swiatek,S,0,2,3,0,0
20190108-W-Australian_Open-Q1-Iga_Swiatek-Olga_Danilovic,Olga Danilovic,Total,66,35,18,10,4
20190108-W-Australian_Open-Q1-Iga_Swiatek-Olga_Danilovic,Olga Danilovic,F,42,17,8,3,4
20190108-W-Australian_Open-Q1-Iga_Swiatek-Olga_Danilovic,Olga Danilovic,B,22,16,7,7,0
20190108-W-Australian_Open-Q1-Iga_Swiatek-Olga_Danilovic,Olga Danilovic,S,2,2,3,0,0
20180908-W-US_Open-F-Serena_Williams-Naomi_Osaka,Serena Williams,Total,42,28,20,14,0
20180908-W-US_Open-F-Serena_Williams-Naomi_Osaka,Serena Williams,F,22,8,7,11,0
20180908-W-US_Open-F-Serena_Williams-Naomi_Osaka,Serena Williams,B,20,18,13,3,0
20180908-W-US_Open-F-Serena_Williams-Naomi_Osaka,Serena Williams,S,0,2,0,0,0
20180908-W-US_Open-F-Serena_Williams-Naomi_Osaka,Naomi Osaka,Total,60,15,13,12,0
20180908-W-US_Open-F-Serena_Williams-Naomi_Osaka,Naomi Osaka,F,27,6,11,11,0
20180908-W-US_Open-F-Serena_Williams-Naomi_Osaka,Naomi Osaka,B,32,7,2,1,0
20180908-W-US_Open-F-Serena_Williams-Naomi_Osaka,Naomi Osaka,S,1,2,0,0,0
20180904-W-US_Open-QF-Serena_Williams-Karolina_Pliskova,Serena Williams,Total,66,13,29,7,1
20180904-W-US_Open-QF-Serena_Williams-Karolina_Pliskova,Serena Williams,F,31,5,18,6,1
20180904-W-US_Open-QF-Serena_Williams-Karolina_Pliskova,Serena Williams,B,34,7,10,1,0
20180904-W-US_Open-QF-Serena_Williams-Karolina_Pliskova,Serena Williams,S,1,1,1,0,0
20180904-W-US_Open-QF-Serena_Williams-Karolina_Pliskova,Karolina Pliskova,Total,53,14,26,10,3
20180904-W-US_Open-QF-Serena_Williams-Karolina_Pliskova,Karolina Pliskova,F,27,5,9,9,3
20180904-W-US_Open-QF-Serena_Williams-Karolina_Pliskova,Karolina Pliskova,B,23,8,14,1,0
20180904-W-US_Open-QF-Serena_Williams-Karolina_Pliskova,Karolina Pliskova,S,3,1,3,0,0
20180903-W-US_Open-R16-Madison_Keys-Dominika_Cibulkova,Madison Keys,Total,38,39,14,17,1
20180903-W-US_Open-R16-Madison_Keys-Dominika_Cibulkova,Madison Keys,F,20,13,6,13,1
20180903-W-US_Open-R16-Madison_Keys-Dominika_Cibulkova,Madison Keys,B,16,24,8,4,0
20180903-W-US_Open-R16-Madison_Keys-Dominika_Cibulkova,Madison Keys,S,2,2,0,0,0
20180903-W-US_Open-R16-Madison_Keys-Dominika_Cibulkova,Dominika Cibulkova,Total,46,40,9,15,1
20180903-W-US_Open-R16-Madison_Keys-Dominika_Cibulkova,Dominika Cibulkova,F,18,20,9,14,1
20180903-W-US_Open-R16-Madison_Keys-Dominika_Cibulkova,Dominika Cibulkova,B,28,17,0,1,0
20180903-W-US_Open-R16-Madison_Keys-Dominika_Cibulkova,Dominika Cibulkova,S,0,3,0,0,0
20180902-W-US_Open-R16-Ashleigh_Barty-Karolina_Pliskova,Ashleigh Barty,Total,80,53,16,19,5
20180902-W-US_Open-R16-Ashleigh_Barty-Karolina_Pliskova,Ashleigh Barty,F,44,25,9,17,5
20180902-W-US_Open-R16-Ashleigh_Barty-Karolina_Pliskova,Ashleigh Barty,B,3,6,0,0,0
20180902-W-US_Open-R16-Ashleigh_Barty-Karolina_Pliskova,Ashleigh Barty,S,33,22,7,2,0
20180902-W-US_Open-R16-Ashleigh_Barty-Karolina_Pliskova,Karolina Pliskova,Total,71,39,21,23,4
20180902-W-US_Open-R16-Ashleigh_Barty-Karolina_Pliskova,Karolina Pliskova,F,32,17,10,20,4
20180902-W-US_Open-R16-Ashleigh_Barty-Karolina_Pliskova,Karolina Pliskova,B,27,15,10,3,0
20180902-W-US_Open-R16-Ashleigh_Barty-Karolina_Pliskova,Karolina Pliskova,S,12,7,1,0,0
20180830-W-US_Open-R64-Maria_Sharapova-Sorana_Cirstea,Maria Sharapova,Total,69,43,9,21,0
20180830-W-US_Open-R64-Maria_Sharapova-Sorana_Cirstea,Maria Sharapova,F,37,20,5,17,0
20180830-W-US_Open-R64-Maria_Sharapova-Sorana_Cirstea,Maria Sharapova,B,32,23,4,4,0
20180830-W-US_Open-R64-Maria_Sharapova-Sorana_Cirstea,Sorana Cirstea,Total,49,56,22,21,0
20180830-W-US_Open-R64-Maria_Sharapova-Sorana_Cirstea,Sorana Cirstea,F,25,28,12,15,0
20180830-W-US_Open-R64-Maria_Sharapova-Sorana_Cirstea,Sorana Cirstea,B,24,27,10,6,0
20180830-W-US_Open-R64-Maria_Sharapova-Sorana_Cirstea,Sorana Cirstea,S,0,1,0,0,0
20180828-W-US_Open-R128-Samantha_Stosur-Caroline_Wozniacki,Samantha Stosur,Total,38,59,17,28,7
20180828-W-US_Open-R128-Samantha_Stosur-Caroline_Wozniacki,Samantha Stosur,F,31,38,10,26,7
20180828-W-US_Open-R128-Samantha_Stosur-Caroline_Wozniacki,Samantha Stosur,B,2,6,3,1,0
20180828-W-US_Open-R128-Samantha_Stosur-Caroline_Wozniacki,Samantha Stosur,S,5,15,4,1,0
20180828-W-US_Open-R128-Samantha_Stosur-Caroline_Wozniacki,Caroline Wozniacki,Total,59,53,11,20,1
20180828-W-US_Open-R128-Samantha_Stosur-Caroline_Wozniacki,Caroline Wozniacki,F,33,21,7,15,0
20180828-W-US_Open-R128-Samantha_Stosur-Caroline_Wozniacki,Caroline Wozniacki,B,26,27,3,5,0
20180828-W-US_Open-R128-Samantha_Stosur-Caroline_Wozniacki,Caroline Wozniacki,S,0,5,1,0,1
20180827-W-US_Open-R128-Venus_Williams-Svetlana_Kuznetsova,Venus Williams,Total,89,72,14,55,0
20180827-W-US_Open-R128-Venus_Williams-Svetlana_Kuznetsova,Venus Williams,F,33,24,7,38,0
20180827-W-US_Open-R128-Venus_Williams-Svetlana_Kuznetsova,Venus Williams,B,52,44,6,17,0
20180827-W-US_Open-R128-Venus_Williams-Svetlana_Kuznetsova,Venus Williams,S,4,4,1,0,0
20180827-W-US_Open-R128-Venus_Williams-Svetlana_Kuznetsova,Svetlana Kuznetsova,Total,62,100,14,32,1
20180827-W-US_Open-R128-Venus_Williams-Svetlana_Kuznetsova,Svetlana Kuznetsova,F,16,36,4,26,1
20180827-W-US_Open-R128-Venus_Williams-Svetlana_Kuznetsova,Svetlana Kuznetsova,B,37,50,8,6,0
20180827-W-US_Open-R128-Venus_Williams-Svetlana_Kuznetsova,Svetlana Kuznetsova,S,9,14,2,0,0
20180127-W-Australian_Open-F-Caroline_Wozniacki-Simona_Halep,Caroline Wozniacki,Total,166,108,66,40,1
20180127-W-Australian_Open-F-Caroline_Wozniacki-Simona_Halep,Caroline Wozniacki,F,78,47,35,23,1
20180127-W-Australian_Open-F-Caroline_Wozniacki-Simona_Halep,Caroline Wozniacki,B,85,51,28,17,0
20180127-W-Australian_Open-F-Caroline_Wozniacki-Simona_Halep,Caroline Wozniacki,S,3,10,3,0,0
20180127-W-Australian_Open-F-Caroline_Wozniacki-Simona_Halep,Simona Halep,Total,174,111,75,36,4
20180127-W-Australian_Open-F-Caroline_Wozniacki-Simona_Halep,Simona Halep,F,89,47,44,27,4
20180127-W-Australian_Open-F-Caroline_Wozniacki-Simona_Halep,Simona Halep,B,85,61,31,9,0
20180127-W-Australian_Open-F-Caroline_Wozniacki-Simona_Halep,Simona Halep,S,0,3,0,0,0
20180123-W-Australian_Open-QF-Caroline_Wozniacki-Carla_Suarez_Navarro,Caroline Wozniacki,Total,212,83,66,39,0
20180123-W-Australian_Open-QF-Caroline_Wozniacki-Carla_Suarez_Navarro,Caroline Wozniacki,F,135,48,47,27,0
20180123-W-Australian_Open-QF-Caroline_Wozniacki-Carla_Suarez_Navarro,Caroline Wozniacki,B,74,24,17,12,0
20180123-W-Australian_Open-QF-Caroline_Wozniacki-Carla_Suarez_Navarro,Caroline Wozniacki,S,3,11,2,0,0
20180123-W-Australian_Open-QF-Caroline_Wozniacki-Carla_Suarez_Navarro,Carla Suarez Navarro,Total,180,127,60,34,5
20180123-W-Australian_Open-QF-Caroline_Wozniacki-Carla_Suarez_Navarro,Carla Suarez Navarro,F,114,60,27,21,5
20180123-W-Australian_Open-QF-Caroline_Wozniacki-Carla_Suarez_Navarro,Carla Suarez Navarro,B,52,52,26,13,0
20180123-W-Australian_Open-QF-Caroline_Wozniacki-Carla_Suarez_Navarro,Carla Suarez Navarro,S,14,15,7,0,0
20180122-W-Australian_Open-R16-Su_Wei_Hsieh-Angelique_Kerber,Su Wei Hsieh,Total,142,65,37,41,2
20180122-W-Australian_Open-R16-Su_Wei_Hsieh-Angelique_Kerber,Su Wei Hsieh,F,75,23,10,20,1
20180122-W-Australian_Open-R16-Su_Wei_Hsieh-Angelique_Kerber,Su Wei Hsieh,B,65,36,27,21,1
20180122-W-Australian_Open-R16-Su_Wei_Hsieh-Angelique_Kerber,Su Wei Hsieh,S,2,6,0,0,0
20180122-W-Australian_Open-R16-Su_Wei_Hsieh-Angelique_Kerber,Angelique Kerber,Total,122,90,45,34,1
20180122-W-Australian_Open-R16-Su_Wei_Hsieh-Angelique_Kerber,Angelique Kerber,F,63,38,24,25,1
20180122-W-Australian_Open-R16-Su_Wei_Hsieh-Angelique_Kerber,Angelique Kerber,B,51,35,15,5,0
20180122-W-Australian_Open-R16-Su_Wei_Hsieh-Angelique_Kerber,Angelique Kerber,S,8,17,6,4,0
20180122-W-Australian_Open-QF-Elina_Svitolina-Elise_Mertens,Elina Svitolina,Total,67,88,16,21,0
20180122-W-Australian_Open-QF-Elina_Svitolina-Elise_Mertens,Elina Svitolina,F,32,50,12,16,0
20180122-W-Australian_Open-QF-Elina_Svitolina-Elise_Mertens,Elina Svitolina,B,33,34,4,5,0
20180122-W-Australian_Open-QF-Elina_Svitolina-Elise_Mertens,Elina Svitolina,S,2,4,0,0,0
20180122-W-Australian_Open-QF-Elina_Svitolina-Elise_Mertens,Elise Mertens,Total,69,55,25,41,0
20180122-W-Australian_Open-QF-Elina_Svitolina-Elise_Mertens,Elise Mertens,F,39,22,11,23,0
20180122-W-Australian_Open-QF-Elina_Svitolina-Elise_Mertens,Elise Mertens,B,30,32,14,17,0
20180122-W-Australian_Open-QF-Elina_Svitolina-Elise_Mertens,Elise Mertens,S,0,1,0,1,0
20180121-W-Australian_Open-R16-Caroline_Wozniacki-Magdalena_Rybarikova,Caroline Wozniacki,Total,57,52,8,17,1
20180121-W-Australian_Open-R16-Caroline_Wozniacki-Magdalena_Rybarikova,Caroline Wozniacki,F,23,24,3,11,0
20180121-W-Australian_Open-R16-Caroline_Wozniacki-Magdalena_Rybarikova,Caroline Wozniacki,B,33,23,4,6,1
20180121-W-Australian_Open-R16-Caroline_Wozniacki-Magdalena_Rybarikova,Caroline Wozniacki,S,1,5,1,0,0
20180121-W-Australian_Open-R16-Caroline_Wozniacki-Magdalena_Rybarikova,Magdalena Rybarikova,Total,29,62,11,10,0
20180121-W-Australian_Open-R16-Caroline_Wozniacki-Magdalena_Rybarikova,Magdalena Rybarikova,F,9,25,5,7,0
20180121-W-Australian_Open-R16-Caroline_Wozniacki-Magdalena_Rybarikova,Magdalena Rybarikova,B,6,20,4,2,0
20180121-W-Australian_Open-R16-Caroline_Wozniacki-Magdalena_Rybarikova,Magdalena Rybarikova,S,14,17,2,1,0
20180119-W-Australian_Open-R32-Elina_Svitolina-Marta_Kostyuk,Elina Svitolina,Total,19,18,8,8,0
20180119-W-Australian_Open-R32-Elina_Svitolina-Marta_Kostyuk,Elina Svitolina,F,9,7,5,5,0
20180119-W-Australian_Open-R32-Elina_Svitolina-Marta_Kostyuk,Elina Svitolina,B,9,11,2,3,0
20180119-W-Australian_Open-R32-Elina_Svitolina-Marta_Kostyuk,Elina Svitolina,S,1,0,1,0,0
20180119-W-Australian_Open-R32-Elina_Svitolina-Marta_Kostyuk,Marta Kostyuk,Total,25,27,6,14,0
20180119-W-Australian_Open-R32-Elina_Svitolina-Marta_Kostyuk,Marta Kostyuk,F,11,10,2,13,0
20180119-W-Australian_Open-R32-Elina_Svitolina-Marta_Kostyuk,Marta Kostyuk,B,14,16,4,1,0
20180119-W-Australian_Open-R32-Elina_Svitolina-Marta_Kostyuk,Marta Kostyuk,S,0,1,0,0,0
20180119-W-Australian_Open-R32-Caroline_Wozniacki-Kiki_Bertens,Caroline Wozniacki,Total,97,58,34,21,0
20180119-W-Australian_Open-R32-Caroline_Wozniacki-Kiki_Bertens,Caroline Wozniacki,F,54,35,24,17,0
20180119-W-Australian_Open-R32-Caroline_Wozniacki-Kiki_Bertens,Caroline Wozniacki,B,41,21,9,4,0
20180119-W-Australian_Open-R32-Caroline_Wozniacki-Kiki_Bertens,Caroline Wozniacki,S,2,2,1,0,0
20180119-W-Australian_Open-R32-Caroline_Wozniacki-Kiki_Bertens,Kiki Bertens,Total,119,57,23,20,4
20180119-W-Australian_Open-R32-Caroline_Wozniacki-Kiki_Bertens,Kiki Bertens,F,73,21,12,14,4
20180119-W-Australian_Open-R32-Caroline_Wozniacki-Kiki_Bertens,Kiki Bertens,B,37,33,11,6,0
20180119-W-Australian_Open-R32-Caroline_Wozniacki-Kiki_Bertens,Kiki Bertens,S,9,3,0,0,0
20180117-W-Australian_Open-R64-Elina_Svitolina-Katerina_Siniakova,Elina Svitolina,Total,102,111,9,25,1
20180117-W-Australian_Open-R64-Elina_Svitolina-Katerina_Siniakova,Elina Svitolina,F,43,48,4,14,1
20180117-W-Australian_Open-R64-Elina_Svitolina-Katerina_Siniakova,Elina Svitolina,B,56,56,5,11,0
20180117-W-Australian_Open-R64-Elina_Svitolina-Katerina_Siniakova,Elina Svitolina,S,3,7,0,0,0
20180117-W-Australian_Open-R64-Elina_Svitolina-Katerina_Siniakova,Katerina Siniakova,Total,101,100,44,46,0
20180117-W-Australian_Open-R64-Elina_Svitolina-Katerina_Siniakova,Katerina Siniakova,F,44,36,17,18,0
20180117-W-Australian_Open-R64-Elina_Svitolina-Katerina_Siniakova,Katerina Siniakova,B,56,60,25,28,0
20180117-W-Australian_Open-R64-Elina_Svitolina-Katerina_Siniakova,Katerina Siniakova,S,1,4,2,0,0
20180115-W-Australian_Open-R32-Su_Wei_Hsieh-Agnieszka_Radwanska,Su Wei Hsieh,Total,96,43,19,26,2
20180115-W-Australian_Open-R32-Su_Wei_Hsieh-Agnieszka_Radwanska,Su Wei Hsieh,F,40,12,3,12,1
20180115-W-Australian_Open-R32-Su_Wei_Hsieh-Agnieszka_Radwanska,Su Wei Hsieh,B,56,31,14,13,1
20180115-W-Australian_Open-R32-Su_Wei_Hsieh-Agnieszka_Radwanska,Su Wei Hsieh,S,0,0,2,1,0
20180115-W-Australian_Open-R32-Su_Wei_Hsieh-Agnieszka_Radwanska,Agnieszka Radwanska,Total,67,67,17,16,0
20180115-W-Australian_Open-R32-Su_Wei_Hsieh-Agnieszka_Radwanska,Agnieszka Radwanska,F,33,24,10,11,0
20180115-W-Australian_Open-R32-Su_Wei_Hsieh-Agnieszka_Radwanska,Agnieszka Radwanska,B,27,35,6,4,0
20180115-W-Australian_Open-R32-Su_Wei_Hsieh-Agnieszka_Radwanska,Agnieszka Radwanska,S,7,8,1,1,0
20170907-W-US_Open-SF-Madison_Keys-Coco_Vandeweghe,Madison Keys,Total,27,18,6,24,1
20170907-W-US_Open-SF-Madison_Keys-Coco_Vandeweghe,Madison Keys,F,11,6,2,18,1
20170907-W-US_Open-SF-Madison_Keys-Coco_Vandeweghe,Madison Keys,B,15,11,3,6,0
20170907-W-US_Open-SF-Madison_Keys-Coco_Vandeweghe,Madison Keys,S,1,1,1,0,0
20170907-W-US_Open-SF-Madison_Keys-Coco_Vandeweghe,Coco Vandeweghe,Total,25,26,7,7,2
20170907-W-US_Open-SF-Madison_Keys-Coco_Vandeweghe,Coco Vandeweghe,F,8,14,5,6,2
20170907-W-US_Open-SF-Madison_Keys-Coco_Vandeweghe,Coco Vandeweghe,B,12,8,1,1,0
20170907-W-US_Open-SF-Madison_Keys-Coco_Vandeweghe,Coco Vandeweghe,S,5,4,1,0,0
20170904-W-US_Open-R16-Madison_Keys-Elina_Svitolina,Madison Keys,Total,82,70,28,37,2
20170904-W-US_Open-R16-Madison_Keys-Elina_Svitolina,Madison Keys,F,38,31,8,30,2
20170904-W-US_Open-R16-Madison_Keys-Elina_Svitolina,Madison Keys,B,39,36,20,7,0
20170904-W-US_Open-R16-Madison_Keys-Elina_Svitolina,Madison Keys,S,5,3,0,0,0
20170904-W-US_Open-R16-Madison_Keys-Elina_Svitolina,Elina Svitolina,Total,84,74,10,30,1
20170904-W-US_Open-R16-Madison_Keys-Elina_Svitolina,Elina Svitolina,F,32,43,6,28,1
20170904-W-US_Open-R16-Madison_Keys-Elina_Svitolina,Elina Svitolina,B,50,29,4,2,0
20170904-W-US_Open-R16-Madison_Keys-Elina_Svitolina,Elina Svitolina,S,2,2,0,0,0
20170904-W-US_Open-R16-Garbine_Muguruza-Petra_Kvitova,Garbine Muguruza,Total,59,59,22,22,0
20170904-W-US_Open-R16-Garbine_Muguruza-Petra_Kvitova,Garbine Muguruza,F,44,32,12,11,0
20170904-W-US_Open-R16-Garbine_Muguruza-Petra_Kvitova,Garbine Muguruza,B,15,26,9,11,0
20170904-W-US_Open-R16-Garbine_Muguruza-Petra_Kvitova,Garbine Muguruza,S,0,1,1,0,0
20170904-W-US_Open-R16-Garbine_Muguruza-Petra_Kvitova,Petra Kvitova,Total,92,44,14,29,1
20170904-W-US_Open-R16-Garbine_Muguruza-Petra_Kvitova,Petra Kvitova,F,45,17,7,24,1
20170904-W-US_Open-R16-Garbine_Muguruza-Petra_Kvitova,Petra Kvitova,B,43,25,7,5,0
20170904-W-US_Open-R16-Garbine_Muguruza-Petra_Kvitova,Petra Kvitova,S,4,2,0,0,0
20170902-W-US_Open-R32-Daria_Kasatkina-Jelena_Ostapenko,Daria Kasatkina,Total,54,44,11,13,1
20170902-W-US_Open-R32-Daria_Kasatkina-Jelena_Ostapenko,Daria Kasatkina,F,20,18,6,11,1
20170902-W-US_Open-R32-Daria_Kasatkina-Jelena_Ostapenko,Daria Kasatkina,B,16,13,4,2,0
20170902-W-US_Open-R32-Daria_Kasatkina-Jelena_Ostapenko,Daria Kasatkina,S,18,13,1,0,0
20170902-W-US_Open-R32-Daria_Kasatkina-Jelena_Ostapenko,Jelena Ostapenko,Total,79,27,24,26,1
20170902-W-US_Open-R32-Daria_Kasatkina-Jelena_Ostapenko,Jelena Ostapenko,F,41,5,4,21,1
20170902-W-US_Open-R32-Daria_Kasatkina-Jelena_Ostapenko,Jelena Ostapenko,B,38,22,18,5,0
20170902-W-US_Open-R32-Daria_Kasatkina-Jelena_Ostapenko,Jelena Ostapenko,S,0,0,2,0,0
20170901-W-US_Open-R32-Maria_Sharapova-Sofia_Kenin,Maria Sharapova,Total,64,28,21,26,3
20170901-W-US_Open-R32-Maria_Sharapova-Sofia_Kenin,Maria Sharapova,F,37,15,10,24,3
20170901-W-US_Open-R32-Maria_Sharapova-Sofia_Kenin,Maria Sharapova,B,27,12,10,2,0
20170901-W-US_Open-R32-Maria_Sharapova-Sofia_Kenin,Maria Sharapova,S,0,1,1,0,0
20170901-W-US_Open-R32-Maria_Sharapova-Sofia_Kenin,Sofia Kenin,Total,57,56,9,8,0
20170901-W-US_Open-R32-Maria_Sharapova-Sofia_Kenin,Sofia Kenin,F,20,22,3,4,0
20170901-W-US_Open-R32-Maria_Sharapova-Sofia_Kenin,Sofia Kenin,B,32,27,6,4,0
20170901-W-US_Open-R32-Maria_Sharapova-Sofia_Kenin,Sofia Kenin,S,5,7,0,0,0
20170122-W-Australian_Open-R16-Sorana_Cirstea-Garbine_Muguruza,Sorana Cirstea,Total,39,39,15,19,0
20170122-W-Australian_Open-R16-Sorana_Cirstea-Garbine_Muguruza,Sorana Cirstea,F,30,16,8,14,0
20170122-W-Australian_Open-R16-Sorana_Cirstea-Garbine_Muguruza,Sorana Cirstea,B,9,22,7,5,0
20170122-W-Australian_Open-R16-Sorana_Cirstea-Garbine_Muguruza,Sorana Cirstea,S,0,1,0,0,0
20170122-W-Australian_Open-R16-Sorana_Cirstea-Garbine_Muguruza,Garbine Muguruza,Total,48,30,8,16,0
20170122-W-Australian_Open-R16-Sorana_Cirstea-Garbine_Muguruza,Garbine Muguruza,F,25,17,5,9,0
20170122-W-Australian_Open-R16-Sorana_Cirstea-Garbine_Muguruza,Garbine Muguruza,B,23,13,3,7,0
20170121-W-Australian_Open-R32-Serena_Williams-Nicole_Gibbs,Serena Williams,Total,36,21,3,11,1
20170121-W-Australian_Open-R32-Serena_Williams-Nicole_Gibbs,Serena Williams,F,22,7,2,8,1
20170121-W-Australian_Open-R32-Serena_Williams-Nicole_Gibbs,Serena Williams,B,12,14,1,3,0
20170121-W-Australian_Open-R32-Serena_Williams-Nicole_Gibbs,Serena Williams,S,2,0,0,0,0
20170121-W-Australian_Open-R32-Serena_Williams-Nicole_Gibbs,Nicole Gibbs,Total,25,38,5,14,0
20170121-W-Australian_Open-R32-Serena_Williams-Nicole_Gibbs,Nicole Gibbs,F,16,17,3,11,0
20170121-W-Australian_Open-R32-Serena_Williams-Nicole_Gibbs,Nicole Gibbs,B,4,18,2,2,0
20170121-W-Australian_Open-R32-Serena_Williams-Nicole_Gibbs,Nicole Gibbs,S,5,3,0,1,0
20170121-W-Australian_Open-R32-Karolina_Pliskova-Jelena_Ostapenko,Karolina Pliskova,Total,80,62,23,11,0
20170121-W-Australian_Open-R32-Karolina_Pliskova-Jelena_Ostapenko,Karolina Pliskova,F,40,19,12,10,0
20170121-W-Australian_Open-R32-Karolina_Pliskova-Jelena_Ostapenko,Karolina Pliskova,B,27,39,9,1,0
20170121-W-Australian_Open-R32-Karolina_Pliskova-Jelena_Ostapenko,Karolina Pliskova,S,13,4,2,0,0
20170121-W-Australian_Open-R32-Karolina_Pliskova-Jelena_Ostapenko,Jelena Ostapenko,Total,107,38,44,27,1
20170121-W-Australian_Open-R32-Karolina_Pliskova-Jelena_Ostapenko,Jelena Ostapenko,F,51,12,21,24,1
20170121-W-Australian_Open-R32-Karolina_Pliskova-Jelena_Ostapenko,Jelena Ostapenko,B,54,26,23,3,0
20170121-W-Australian_Open-R32-Karolina_Pliskova-Jelena_Ostapenko,Jelena Ostapenko,S,2,0,0,0,0
20170121-W-Australian_Open-R32-Dominika_Cibulkova-Kate_Makarova,Dominika Cibulkova,Total,143,94,55,49,3
20170121-W-Australian_Open-R32-Dominika_Cibulkova-Kate_Makarova,Dominika Cibulkova,F,76,45,32,42,3
20170121-W-Australian_Open-R32-Dominika_Cibulkova-Kate_Makarova,Dominika Cibulkova,B,60,42,20,5,0
20170121-W-Australian_Open-R32-Dominika_Cibulkova-Kate_Makarova,Dominika Cibulkova,S,7,7,3,2,0
20170121-W-Australian_Open-R32-Dominika_Cibulkova-Kate_Makarova,Kate Makarova,Total,159,84,53,31,0
20170121-W-Australian_Open-R32-Dominika_Cibulkova-Kate_Makarova,Kate Makarova,F,97,40,31,24,0
20170121-W-Australian_Open-R32-Dominika_Cibulkova-Kate_Makarova,Kate Makarova,B,62,42,21,7,0
20170121-W-Australian_Open-R32-Dominika_Cibulkova-Kate_Makarova,Kate Makarova,S,0,2,1,0,0
20170120-W-Australian_Open-R32-Venus_Williams-Ying_Ying_Duan,Venus Williams,Total,44,20,4,10,0
20170120-W-Australian_Open-R32-Venus_Williams-Ying_Ying_Duan,Venus Williams,F,23,12,2,7,0
20170120-W-Australian_Open-R32-Venus_Williams-Ying_Ying_Duan,Venus Williams,B,19,8,1,2,0
20170120-W-Australian_Open-R32-Venus_Williams-Ying_Ying_Duan,Venus Williams,S,2,0,1,1,0
20170120-W-Australian_Open-R32-Venus_Williams-Ying_Ying_Duan,Ying Ying Duan,Total,28,15,25,9,1
20170120-W-Australian_Open-R32-Venus_Williams-Ying_Ying_Duan,Ying Ying Duan,F,16,4,14,3,1
20170120-W-Australian_Open-R32-Venus_Williams-Ying_Ying_Duan,Ying Ying Duan,B,11,9,11,6,0
20170120-W-Australian_Open-R32-Venus_Williams-Ying_Ying_Duan,Ying Ying Duan,S,1,2,0,0,0
20170120-W-Australian_Open-R32-Eugenie_Bouchard-Coco_Vandeweghe,Eugenie Bouchard,Total,45,61,24,22,1
20170120-W-Australian_Open-R32-Eugenie_Bouchard-Coco_Vandeweghe,Eugenie Bouchard,F,27,29,18,20,1
20170120-W-Australian_Open-R32-Eugenie_Bouchard-Coco_Vandeweghe,Eugenie Bouchard,B,18,30,6,2,0
20170120-W-Australian_Open-R32-Eugenie_Bouchard-Coco_Vandeweghe,Eugenie Bouchard,S,0,2,0,0,0
20170120-W-Australian_Open-R32-Eugenie_Bouchard-Coco_Vandeweghe,Coco Vandeweghe,Total,76,42,11,12,1
20170120-W-Australian_Open-R32-Eugenie_Bouchard-Coco_Vandeweghe,Coco Vandeweghe,F,49,21,2,7,1
20170120-W-Australian_Open-R32-Eugenie_Bouchard-Coco_Vandeweghe,Coco Vandeweghe,B,24,19,6,5,0
20170120-W-Australian_Open-R32-Eugenie_Bouchard-Coco_Vandeweghe,Coco Vandeweghe,S,3,2,3,0,0
20170120-W-Australian_Open-R32-Ashleigh_Barty-Mona_Barthel,Ashleigh Barty,Total,87,42,16,21,6
20170120-W-Australian_Open-R32-Ashleigh_Barty-Mona_Barthel,Ashleigh Barty,F,52,11,5,17,6
20170120-W-Australian_Open-R32-Ashleigh_Barty-Mona_Barthel,Ashleigh Barty,B,23,23,7,3,0
20170120-W-Australian_Open-R32-Ashleigh_Barty-Mona_Barthel,Ashleigh Barty,S,12,8,4,1,0
20170120-W-Australian_Open-R32-Ashleigh_Barty-Mona_Barthel,Mona Barthel,Total,57,48,36,19,0
20170120-W-Australian_Open-R32-Ashleigh_Barty-Mona_Barthel,Mona Barthel,F,24,21,20,10,0
20170120-W-Australian_Open-R32-Ashleigh_Barty-Mona_Barthel,Mona Barthel,B,30,25,13,9,0
20170120-W-Australian_Open-R32-Ashleigh_Barty-Mona_Barthel,Mona Barthel,S,3,2,3,0,0
20170119-W-Australian_Open-R64-Caroline_Wozniacki-Donna_Vekic,Caroline Wozniacki,Total,74,50,30,35,0
20170119-W-Australian_Open-R64-Caroline_Wozniacki-Donna_Vekic,Caroline Wozniacki,F,32,30,23,20,0
20170119-W-Australian_Open-R64-Caroline_Wozniacki-Donna_Vekic,Caroline Wozniacki,B,40,17,3,15,0
20170119-W-Australian_Open-R64-Caroline_Wozniacki-Donna_Vekic,Caroline Wozniacki,S,2,3,4,0,0
20170119-W-Australian_Open-R64-Caroline_Wozniacki-Donna_Vekic,Donna Vekic,Total,59,68,29,35,1
20170119-W-Australian_Open-R64-Caroline_Wozniacki-Donna_Vekic,Donna Vekic,F,33,30,8,28,1
20170119-W-Australian_Open-R64-Caroline_Wozniacki-Donna_Vekic,Donna Vekic,B,25,38,21,7,0
20170119-W-Australian_Open-R64-Caroline_Wozniacki-Donna_Vekic,Donna Vekic,S,1,0,0,0,0
20170119-W-Australian_Open-R64-Agnieszka_Radwanska-Mirjana_Lucic,Agnieszka Radwanska,Total,25,34,6,10,0
20170119-W-Australian_Open-R64-Agnieszka_Radwanska-Mirjana_Lucic,Agnieszka Radwanska,F,11,13,4,7,0
20170119-W-Australian_Open-R64-Agnieszka_Radwanska-Mirjana_Lucic,Agnieszka Radwanska,B,9,17,2,2,0
20170119-W-Australian_Open-R64-Agnieszka_Radwanska-Mirjana_Lucic,Agnieszka Radwanska,S,5,4,0,1,0
20170119-W-Australian_Open-R64-Agnieszka_Radwanska-Mirjana_Lucic,Mirjana Lucic,Total,57,15,9,24,1
20170119-W-Australian_Open-R64-Agnieszka_Radwanska-Mirjana_Lucic,Mirjana Lucic,F,33,4,3,18,1
20170119-W-Australian_Open-R64-Agnieszka_Radwanska-Mirjana_Lucic,Mirjana Lucic,B,23,7,4,5,0
20170119-W-Australian_Open-R64-Agnieszka_Radwanska-Mirjana_Lucic,Mirjana Lucic,S,1,4,2,1,0
20170118-W-Australian_Open-R64-Shuai_Peng-Eugenie_Bouchard,Shuai Peng,Total,57,26,40,26,0
20170118-W-Australian_Open-R64-Shuai_Peng-Eugenie_Bouchard,Shuai Peng,F,27,13,22,16,0
20170118-W-Australian_Open-R64-Shuai_Peng-Eugenie_Bouchard,Shuai Peng,B,29,13,18,10,0
20170118-W-Australian_Open-R64-Shuai_Peng-Eugenie_Bouchard,Shuai Peng,S,1,0,0,0,0
20170118-W-Australian_Open-R64-Shuai_Peng-Eugenie_Bouchard,Eugenie Bouchard,Total,71,41,25,6,1
20170118-W-Australian_Open-R64-Shuai_Peng-Eugenie_Bouchard,Eugenie Bouchard,F,42,12,17,3,1
20170118-W-Australian_Open-R64-Shuai_Peng-Eugenie_Bouchard,Eugenie Bouchard,B,29,26,7,3,0
20170118-W-Australian_Open-R64-Shuai_Peng-Eugenie_Bouchard,Eugenie Bouchard,S,0,3,1,0,0
20170118-W-Australian_Open-R64-Ashleigh_Barty-Shelby_Rogers,Ashleigh Barty,Total,60,26,14,11,1
20170118-W-Australian_Open-R64-Ashleigh_Barty-Shelby_Rogers,Ashleigh Barty,F,40,11,9,11,1
20170118-W-Australian_Open-R64-Ashleigh_Barty-Shelby_Rogers,Ashleigh Barty,B,14,11,3,0,0
20170118-W-Australian_Open-R64-Ashleigh_Barty-Shelby_Rogers,Ashleigh Barty,S,6,4,2,0,0
20170118-W-Australian_Open-R64-Ashleigh_Barty-Shelby_Rogers,Shelby Rogers,Total,48,39,16,12,0
20170118-W-Australian_Open-R64-Ashleigh_Barty-Shelby_Rogers,Shelby Rogers,F,28,20,9,8,0
20170118-W-Australian_Open-R64-Ashleigh_Barty-Shelby_Rogers,Shelby Rogers,B,16,16,6,4,0
20170118-W-Australian_Open-R64-Ashleigh_Barty-Shelby_Rogers,Shelby Rogers,S,4,3,1,0,0
20170116-W-Australian_Open-R128-Louisa_Chirico-Eugenie_Bouchard,Louisa Chirico,Total,40,34,16,12,1
20170116-W-Australian_Open-R128-Louisa_Chirico-Eugenie_Bouchard,Louisa Chirico,F,19,15,9,10,1
20170116-W-Australian_Open-R128-Louisa_Chirico-Eugenie_Bouchard,Louisa Chirico,B,19,17,7,2,0
20170116-W-Australian_Open-R128-Louisa_Chirico-Eugenie_Bouchard,Louisa Chirico,S,2,2,0,0,0
20170116-W-Australian_Open-R128-Louisa_Chirico-Eugenie_Bouchard,Eugenie Bouchard,Total,60,22,14,8,1
20170116-W-Australian_Open-R128-Louisa_Chirico-Eugenie_Bouchard,Eugenie Bouchard,F,19,6,9,5,1
20170116-W-Australian_Open-R128-Louisa_Chirico-Eugenie_Bouchard,Eugenie Bouchard,B,40,16,5,3,0
20170116-W-Australian_Open-R128-Louisa_Chirico-Eugenie_Bouchard,Eugenie Bouchard,S,1,0,0,0,0
20170116-W-Australian_Open-R128-Ashleigh_Barty-Annika_Beck,Ashleigh Barty,Total,120,37,27,32,7
20170116-W-Australian_Open-R128-Ashleigh_Barty-Annika_Beck,Ashleigh Barty,F,62,14,10,28,7
20170116-W-Australian_Open-R128-Ashleigh_Barty-Annika_Beck,Ashleigh Barty,B,38,20,13,2,0
20170116-W-Australian_Open-R128-Ashleigh_Barty-Annika_Beck,Ashleigh Barty,S,20,3,4,2,0
20170116-W-Australian_Open-R128-Ashleigh_Barty-Annika_Beck,Annika Beck,Total,68,88,38,24,0
20170116-W-Australian_Open-R128-Ashleigh_Barty-Annika_Beck,Annika Beck,F,28,41,30,19,0
20170116-W-Australian_Open-R128-Ashleigh_Barty-Annika_Beck,Annika Beck,B,39,42,6,5,0
20170116-W-Australian_Open-R128-Ashleigh_Barty-Annika_Beck,Annika Beck,S,1,5,2,0,0
20160904-W-US_Open-R16-Caroline_Wozniacki-Madison_Keys,Caroline Wozniacki,Total,55,27,25,16,0
20160904-W-US_Open-R16-Caroline_Wozniacki-Madison_Keys,Caroline Wozniacki,F,18,10,19,10,0
20160904-W-US_Open-R16-Caroline_Wozniacki-Madison_Keys,Caroline Wozniacki,B,34,9,5,5,0
20160904-W-US_Open-R16-Caroline_Wozniacki-Madison_Keys,Caroline Wozniacki,S,3,8,1,1,0
20160904-W-US_Open-R16-Caroline_Wozniacki-Madison_Keys,Madison Keys,Total,64,27,24,36,2
20160904-W-US_Open-R16-Caroline_Wozniacki-Madison_Keys,Madison Keys,F,32,6,6,33,2
20160904-W-US_Open-R16-Caroline_Wozniacki-Madison_Keys,Madison Keys,B,32,17,16,3,0
20160904-W-US_Open-R16-Caroline_Wozniacki-Madison_Keys,Madison Keys,S,0,4,2,0,0
20160902-W-US_Open-R32-Elina_Svitolina-Petra_Kvitova,Elina Svitolina,Total,36,58,6,9,1
20160902-W-US_Open-R32-Elina_Svitolina-Petra_Kvitova,Elina Svitolina,F,19,27,2,7,1
20160902-W-US_Open-R32-Elina_Svitolina-Petra_Kvitova,Elina Svitolina,B,17,27,3,2,0
20160902-W-US_Open-R32-Elina_Svitolina-Petra_Kvitova,Elina Svitolina,S,0,4,1,0,0
20160902-W-US_Open-R32-Elina_Svitolina-Petra_Kvitova,Petra Kvitova,Total,52,35,5,22,0
20160902-W-US_Open-R32-Elina_Svitolina-Petra_Kvitova,Petra Kvitova,F,36,13,3,19,0
20160902-W-US_Open-R32-Elina_Svitolina-Petra_Kvitova,Petra Kvitova,B,15,17,2,3,0
20160902-W-US_Open-R32-Elina_Svitolina-Petra_Kvitova,Petra Kvitova,S,1,5,0,0,0
20160831-W-US_Open-R64-Caroline_Wozniacki-Svetlana_Kuznetsova,Caroline Wozniacki,Total,120,58,50,20,1
20160831-W-US_Open-R64-Caroline_Wozniacki-Svetlana_Kuznetsova,Caroline Wozniacki,F,47,27,33,14,0
20160831-W-US_Open-R64-Caroline_Wozniacki-Svetlana_Kuznetsova,Caroline Wozniacki,B,70,26,14,6,0
20160831-W-US_Open-R64-Caroline_Wozniacki-Svetlana_Kuznetsova,Caroline Wozniacki,S,3,5,3,0,1
20160831-W-US_Open-R64-Caroline_Wozniacki-Svetlana_Kuznetsova,Svetlana Kuznetsova,Total,128,48,44,26,5
20160831-W-US_Open-R64-Caroline_Wozniacki-Svetlana_Kuznetsova,Svetlana Kuznetsova,F,55,19,18,22,3
20160831-W-US_Open-R64-Caroline_Wozniacki-Svetlana_Kuznetsova,Svetlana Kuznetsova,B,66,25,25,4,2
20160831-W-US_Open-R64-Caroline_Wozniacki-Svetlana_Kuznetsova,Svetlana Kuznetsova,S,7,4,1,0,0
20160829-W-US_Open-R128-Monica_Puig-Saisai_Zheng,Monica Puig,Total,83,41,12,25,0
20160829-W-US_Open-R128-Monica_Puig-Saisai_Zheng,Monica Puig,F,21,18,5,20,0
20160829-W-US_Open-R128-Monica_Puig-Saisai_Zheng,Monica Puig,B,62,23,7,5,0
20160829-W-US_Open-R128-Monica_Puig-Saisai_Zheng,Saisai Zheng,Total,52,59,20,21,0
20160829-W-US_Open-R128-Monica_Puig-Saisai_Zheng,Saisai Zheng,F,11,18,7,15,0
20160829-W-US_Open-R128-Monica_Puig-Saisai_Zheng,Saisai Zheng,B,16,26,4,6,0
20160829-W-US_Open-R128-Monica_Puig-Saisai_Zheng,Saisai Zheng,S,25,15,9,0,0
20160128-W-Australian_Open-SF-Agnieszka_Radwanska-Serena_Williams,Agnieszka Radwanska,Total,34,29,9,12,0
20160128-W-Australian_Open-SF-Agnieszka_Radwanska-Serena_Williams,Agnieszka Radwanska,F,18,12,6,11,0
20160128-W-Australian_Open-SF-Agnieszka_Radwanska-Serena_Williams,Agnieszka Radwanska,B,12,9,2,1,0
20160128-W-Australian_Open-SF-Agnieszka_Radwanska-Serena_Williams,Agnieszka Radwanska,S,4,8,1,0,0
20160128-W-Australian_Open-SF-Agnieszka_Radwanska-Serena_Williams,Serena Williams,Total,40,18,18,13,1
20160128-W-Australian_Open-SF-Agnieszka_Radwanska-Serena_Williams,Serena Williams,F,22,7,9,9,1
20160128-W-Australian_Open-SF-Agnieszka_Radwanska-Serena_Williams,Serena Williams,B,18,10,8,4,0
20160128-W-Australian_Open-SF-Agnieszka_Radwanska-Serena_Williams,Serena Williams,S,0,1,1,0,0
20160126-W-Australian_Open-QF-Serena_Williams-Maria_Sharapova,Serena Williams,Total,28,24,8,15,0
20160126-W-Australian_Open-QF-Serena_Williams-Maria_Sharapova,Serena Williams,F,15,10,5,10,0
20160126-W-Australian_Open-QF-Serena_Williams-Maria_Sharapova,Serena Williams,B,13,13,3,5,0
20160126-W-Australian_Open-QF-Serena_Williams-Maria_Sharapova,Serena Williams,S,0,1,0,0,0
20160126-W-Australian_Open-QF-Serena_Williams-Maria_Sharapova,Maria Sharapova,Total,27,23,10,12,0
20160126-W-Australian_Open-QF-Serena_Williams-Maria_Sharapova,Maria Sharapova,F,18,8,6,9,0
20160126-W-Australian_Open-QF-Serena_Williams-Maria_Sharapova,Maria Sharapova,B,9,15,4,3,0
20160124-W-Australian_Open-R16-Serena_Williams-Margarita_Gasparyan,Serena Williams,Total,30,11,7,14,0
20160124-W-Australian_Open-R16-Serena_Williams-Margarita_Gasparyan,Serena Williams,F,13,3,5,9,0
20160124-W-Australian_Open-R16-Serena_Williams-Margarita_Gasparyan,Serena Williams,B,15,6,2,5,0
20160124-W-Australian_Open-R16-Serena_Williams-Margarita_Gasparyan,Serena Williams,S,2,2,0,0,0
20160124-W-Australian_Open-R16-Serena_Williams-Margarita_Gasparyan,Margarita Gasparyan,Total,21,14,17,5,0
20160124-W-Australian_Open-R16-Serena_Williams-Margarita_Gasparyan,Margarita Gasparyan,F,9,6,10,5,0
20160124-W-Australian_Open-R16-Serena_Williams-Margarita_Gasparyan,Margarita Gasparyan,B,8,6,5,0,0
20160124-W-Australian_Open-R16-Serena_Williams-Margarita_Gasparyan,Margarita Gasparyan,S,4,2,2,0,0
20160123-W-Australian_Open-R32-Victoria_Azarenka-Naomi_Osaka,Victoria Azarenka,Total,71,26,10,26,0
20160123-W-Australian_Open-R32-Victoria_Azarenka-Naomi_Osaka,Victoria Azarenka,F,32,8,7,16,0
20160123-W-Australian_Open-R32-Victoria_Azarenka-Naomi_Osaka,Victoria Azarenka,B,33,16,3,10,0
20160123-W-Australian_Open-R32-Victoria_Azarenka-Naomi_Osaka,Victoria Azarenka,S,6,2,0,0,0
20160123-W-Australian_Open-R32-Victoria_Azarenka-Naomi_Osaka,Naomi Osaka,Total,44,47,19,16,0
20160123-W-Australian_Open-R32-Victoria_Azarenka-Naomi_Osaka,Naomi Osaka,F,15,15,7,12,0
20160123-W-Australian_Open-R32-Victoria_Azarenka-Naomi_Osaka,Naomi Osaka,B,28,31,11,4,0
20160123-W-Australian_Open-R32-Victoria_Azarenka-Naomi_Osaka,Naomi Osaka,S,1,1,1,0,0
20160123-W-Australian_Open-R16-Maria_Sharapova-Belinda_Bencic,Maria Sharapova,Total,56,54,17,41,1
20160123-W-Australian_Open-R16-Maria_Sharapova-Belinda_Bencic,Maria Sharapova,F,28,26,11,34,1
20160123-W-Australian_Open-R16-Maria_Sharapova-Belinda_Bencic,Maria Sharapova,B,27,27,6,7,0
20160123-W-Australian_Open-R16-Maria_Sharapova-Belinda_Bencic,Maria Sharapova,S,1,1,0,0,0
20160123-W-Australian_Open-R16-Maria_Sharapova-Belinda_Bencic,Belinda Bencic,Total,44,55,18,30,0
20160123-W-Australian_Open-R16-Maria_Sharapova-Belinda_Bencic,Belinda Bencic,F,23,21,5,20,0
20160123-W-Australian_Open-R16-Maria_Sharapova-Belinda_Bencic,Belinda Bencic,B,21,32,13,10,0
20160123-W-Australian_Open-R16-Maria_Sharapova-Belinda_Bencic,Belinda Bencic,S,0,2,0,0,0
20160122-W-Australian_Open-R32-Serena_Williams-Daria_Kasatkina,Serena Williams,Total,16,11,10,6,0
20160122-W-Australian_Open-R32-Serena_Williams-Daria_Kasatkina,Serena Williams,F,8,2,4,4,0
20160122-W-Australian_Open-R32-Serena_Williams-Daria_Kasatkina,Serena Williams,B,8,9,5,2,0
20160122-W-Australian_Open-R32-Serena_Williams-Daria_Kasatkina,Serena Williams,S,0,0,1,0,0
20160122-W-Australian_Open-R32-Serena_Williams-Daria_Kasatkina,Daria Kasatkina,Total,17,14,2,8,0
20160122-W-Australian_Open-R32-Serena_Williams-Daria_Kasatkina,Daria Kasatkina,F,6,8,2,6,0
20160122-W-Australian_Open-R32-Serena_Williams-Daria_Kasatkina,Daria Kasatkina,B,6,4,0,2,0
20160122-W-Australian_Open-R32-Serena_Williams-Daria_Kasatkina,Daria Kasatkina,S,5,2,0,0,0
20160122-W-Australian_Open-R32-Maria_Sharapova-Lauren_Davis,Maria Sharapova,Total,52,48,8,21,0
20160122-W-Australian_Open-R32-Maria_Sharapova-Lauren_Davis,Maria Sharapova,F,37,18,5,14,0
20160122-W-Australian_Open-R32-Maria_Sharapova-Lauren_Davis,Maria Sharapova,B,15,30,3,7,0
20160122-W-Australian_Open-R32-Maria_Sharapova-Lauren_Davis,Lauren Davis,Total,40,65,10,22,1
20160122-W-Australian_Open-R32-Maria_Sharapova-Lauren_Davis,Lauren Davis,F,22,22,8,14,0
20160122-W-Australian_Open-R32-Maria_Sharapova-Lauren_Davis,Lauren Davis,B,17,38,2,8,1
20160122-W-Australian_Open-R32-Maria_Sharapova-Lauren_Davis,Lauren Davis,S,1,5,0,0,0
20160122-W-Australian_Open-R32-Kristina_Mladenovic-Daria_Saville,Kristina Mladenovic,Total,91,46,20,40,9
20160122-W-Australian_Open-R32-Kristina_Mladenovic-Daria_Saville,Kristina Mladenovic,F,62,13,16,36,9
20160122-W-Australian_Open-R32-Kristina_Mladenovic-Daria_Saville,Kristina Mladenovic,B,24,26,3,4,0
20160122-W-Australian_Open-R32-Kristina_Mladenovic-Daria_Saville,Kristina Mladenovic,S,5,7,1,0,0
20160122-W-Australian_Open-R32-Kristina_Mladenovic-Daria_Saville,Daria Saville,Total,95,52,34,33,3
20160122-W-Australian_Open-R32-Kristina_Mladenovic-Daria_Saville,Daria Saville,F,70,18,21,31,3
20160122-W-Australian_Open-R32-Kristina_Mladenovic-Daria_Saville,Daria Saville,B,12,26,7,2,0
20160122-W-Australian_Open-R32-Kristina_Mladenovic-Daria_Saville,Daria Saville,S,13,8,6,0,0
20160121-W-Australian_Open-R64-Danka_Kovinic-Victoria_Azarenka,Danka Kovinic,Total,44,41,16,8,0
20160121-W-Australian_Open-R64-Danka_Kovinic-Victoria_Azarenka,Danka Kovinic,F,21,8,9,6,0
20160121-W-Australian_Open-R64-Danka_Kovinic-Victoria_Azarenka,Danka Kovinic,B,21,27,6,2,0
20160121-W-Australian_Open-R64-Danka_Kovinic-Victoria_Azarenka,Danka Kovinic,S,2,6,1,0,0
20160121-W-Australian_Open-R64-Danka_Kovinic-Victoria_Azarenka,Victoria Azarenka,Total,44,22,21,16,0
20160121-W-Australian_Open-R64-Danka_Kovinic-Victoria_Azarenka,Victoria Azarenka,F,21,6,16,13,0
20160121-W-Australian_Open-R64-Danka_Kovinic-Victoria_Azarenka,Victoria Azarenka,B,22,14,3,3,0
20160121-W-Australian_Open-R64-Danka_Kovinic-Victoria_Azarenka,Victoria Azarenka,S,1,2,2,0,0
20160118-W-Australian_Open-R128-Carina_Witthoeft-Saisai_Zheng,Carina Witthoeft,Total,69,30,19,40,2
20160118-W-Australian_Open-R128-Carina_Witthoeft-Saisai_Zheng,Carina Witthoeft,F,38,12,8,30,2
20160118-W-Australian_Open-R128-Carina_Witthoeft-Saisai_Zheng,Carina Witthoeft,B,30,18,10,9,0
20160118-W-Australian_Open-R128-Carina_Witthoeft-Saisai_Zheng,Carina Witthoeft,S,1,0,1,1,0
20160118-W-Australian_Open-R128-Carina_Witthoeft-Saisai_Zheng,Saisai Zheng,Total,46,65,27,12,1
20160118-W-Australian_Open-R128-Carina_Witthoeft-Saisai_Zheng,Saisai Zheng,F,20,33,17,10,1
20160118-W-Australian_Open-R128-Carina_Witthoeft-Saisai_Zheng,Saisai Zheng,B,10,25,8,2,0
20160118-W-Australian_Open-R128-Carina_Witthoeft-Saisai_Zheng,Saisai Zheng,S,16,7,2,0,0
20160113-W-Australian_Open-Q1-Lin_Zhu-Elena_Vesnina,Lin Zhu,Total,95,157,26,37,0
20160113-W-Australian_Open-Q1-Lin_Zhu-Elena_Vesnina,Lin Zhu,F,46,88,14,20,0
20160113-W-Australian_Open-Q1-Lin_Zhu-Elena_Vesnina,Lin Zhu,B,47,66,12,17,0
20160113-W-Australian_Open-Q1-Lin_Zhu-Elena_Vesnina,Lin Zhu,S,2,3,0,0,0
20160113-W-Australian_Open-Q1-Lin_Zhu-Elena_Vesnina,Elena Vesnina,Total,159,92,25,32,0
20160113-W-Australian_Open-Q1-Lin_Zhu-Elena_Vesnina,Elena Vesnina,F,92,44,5,23,0
20160113-W-Australian_Open-Q1-Lin_Zhu-Elena_Vesnina,Elena Vesnina,B,65,45,20,9,0
20160113-W-Australian_Open-Q1-Lin_Zhu-Elena_Vesnina,Elena Vesnina,S,2,3,0,0,0
20150912-W-US_Open-F-Roberta_Vinci-Flavia_Pennetta,Roberta Vinci,Total,103,118,20,35,5
20150912-W-US_Open-F-Roberta_Vinci-Flavia_Pennetta,Roberta Vinci,F,44,38,7,29,5
20150912-W-US_Open-F-Roberta_Vinci-Flavia_Pennetta,Roberta Vinci,B,5,5,1,0,0
20150912-W-US_Open-F-Roberta_Vinci-Flavia_Pennetta,Roberta Vinci,S,54,75,12,6,0
20150912-W-US_Open-F-Roberta_Vinci-Flavia_Pennetta,Flavia Pennetta,Total,128,110,30,20,0
20150912-W-US_Open-F-Roberta_Vinci-Flavia_Pennetta,Flavia Pennetta,F,26,62,18,13,0
20150912-W-US_Open-F-Roberta_Vinci-Flavia_Pennetta,Flavia Pennetta,B,97,44,12,7,0
20150912-W-US_Open-F-Roberta_Vinci-Flavia_Pennetta,Flavia Pennetta,S,5,4,0,0,0
20150911-W-US_Open-SF-Serena_Williams-Roberta_Vinci,Serena Williams,Total,94,26,38,30,1
20150911-W-US_Open-SF-Serena_Williams-Roberta_Vinci,Serena Williams,F,39,11,11,17,1
20150911-W-US_Open-SF-Serena_Williams-Roberta_Vinci,Serena Williams,B,55,15,25,12,0
20150911-W-US_Open-SF-Serena_Williams-Roberta_Vinci,Serena Williams,S,0,0,2,1,0
20150911-W-US_Open-SF-Serena_Williams-Roberta_Vinci,Roberta Vinci,Total,76,52,28,20,1
20150911-W-US_Open-SF-Serena_Williams-Roberta_Vinci,Roberta Vinci,F,44,21,22,20,1
20150911-W-US_Open-SF-Serena_Williams-Roberta_Vinci,Roberta Vinci,B,5,2,2,0,0
20150911-W-US_Open-SF-Serena_Williams-Roberta_Vinci,Roberta Vinci,S,27,29,4,0,0
20150909-W-US_Open-QF-Venus_Williams-Serena_Williams,Venus Williams,Total,40,37,7,15,0
20150909-W-US_Open-QF-Venus_Williams-Serena_Williams,Venus Williams,F,17,17,4,13,0
20150909-W-US_Open-QF-Venus_Williams-Serena_Williams,Venus Williams,B,22,19,3,2,0
20150909-W-US_Open-QF-Venus_Williams-Serena_Williams,Venus Williams,S,1,1,0,0,0
20150909-W-US_Open-QF-Venus_Williams-Serena_Williams,Serena Williams,Total,42,40,12,10,0
20150909-W-US_Open-QF-Venus_Williams-Serena_Williams,Serena Williams,F,18,17,1,6,0
20150909-W-US_Open-QF-Venus_Williams-Serena_Williams,Serena Williams,B,24,23,11,4,0
20150906-W-US_Open-R16-Serena_Williams-Madison_Keys,Serena Williams,Total,35,13,13,4,0
20150906-W-US_Open-R16-Serena_Williams-Madison_Keys,Serena Williams,F,15,7,5,4,0
20150906-W-US_Open-R16-Serena_Williams-Madison_Keys,Serena Williams,B,20,6,7,0,0
20150906-W-US_Open-R16-Serena_Williams-Madison_Keys,Serena Williams,S,0,0,1,0,0
20150906-W-US_Open-R16-Serena_Williams-Madison_Keys,Madison Keys,Total,42,12,12,9,0
20150906-W-US_Open-R16-Serena_Williams-Madison_Keys,Madison Keys,F,25,6,7,7,0
20150906-W-US_Open-R16-Serena_Williams-Madison_Keys,Madison Keys,B,16,6,5,2,0
20150906-W-US_Open-R16-Serena_Williams-Madison_Keys,Madison Keys,S,1,0,0,0,0
20150905-W-US_Open-R32-Angelique_Kerber-Victoria_Azarenka,Angelique Kerber,Total,187,118,35,46,0
20150905-W-US_Open-R32-Angelique_Kerber-Victoria_Azarenka,Angelique Kerber,F,91,32,29,34,0
20150905-W-US_Open-R32-Angelique_Kerber-Victoria_Azarenka,Angelique Kerber,B,93,79,3,10,0
20150905-W-US_Open-R32-Angelique_Kerber-Victoria_Azarenka,Angelique Kerber,S,3,7,3,2,0
20150905-W-US_Open-R32-Angelique_Kerber-Victoria_Azarenka,Victoria Azarenka,Total,160,86,69,59,0
20150905-W-US_Open-R32-Angelique_Kerber-Victoria_Azarenka,Victoria Azarenka,F,89,50,37,39,0
20150905-W-US_Open-R32-Angelique_Kerber-Victoria_Azarenka,Victoria Azarenka,B,68,29,22,18,0
20150905-W-US_Open-R32-Angelique_Kerber-Victoria_Azarenka,Victoria Azarenka,S,3,7,10,2,0
20150904-W-US_Open-R32-Venus_Williams-Belinda_Bencic,Venus Williams,Total,48,36,13,16,0
20150904-W-US_Open-R32-Venus_Williams-Belinda_Bencic,Venus Williams,F,26,13,6,14,0
20150904-W-US_Open-R32-Venus_Williams-Belinda_Bencic,Venus Williams,B,21,18,7,2,0
20150904-W-US_Open-R32-Venus_Williams-Belinda_Bencic,Venus Williams,S,1,5,0,0,0
20150904-W-US_Open-R32-Venus_Williams-Belinda_Bencic,Belinda Bencic,Total,41,33,14,21,0
20150904-W-US_Open-R32-Venus_Williams-Belinda_Bencic,Belinda Bencic,F,21,15,10,14,0
20150904-W-US_Open-R32-Venus_Williams-Belinda_Bencic,Belinda Bencic,B,20,17,4,7,0
20150904-W-US_Open-R32-Venus_Williams-Belinda_Bencic,Belinda Bencic,S,0,1,0,0,0
20150904-W-US_Open-R32-Dominika_Cibulkova-Eugenie_Bouchard,Dominika Cibulkova,Total,92,67,57,25,3
20150904-W-US_Open-R32-Dominika_Cibulkova-Eugenie_Bouchard,Dominika Cibulkova,F,58,35,34,20,3
20150904-W-US_Open-R32-Dominika_Cibulkova-Eugenie_Bouchard,Dominika Cibulkova,B,33,31,18,5,0
20150904-W-US_Open-R32-Dominika_Cibulkova-Eugenie_Bouchard,Dominika Cibulkova,S,1,1,5,0,0
20150904-W-US_Open-R32-Dominika_Cibulkova-Eugenie_Bouchard,Eugenie Bouchard,Total,89,60,30,30,1
20150904-W-US_Open-R32-Dominika_Cibulkova-Eugenie_Bouchard,Eugenie Bouchard,F,55,21,22,23,1
20150904-W-US_Open-R32-Dominika_Cibulkova-Eugenie_Bouchard,Eugenie Bouchard,B,33,36,8,7,0
20150904-W-US_Open-R32-Dominika_Cibulkova-Eugenie_Bouchard,Eugenie Bouchard,S,1,3,0,0,0
20150904-W-US_Open-R32-Bethanie_Mattek_Sands-Serena_Williams,Bethanie Mattek Sands,Total,30,26,19,12,1
20150904-W-US_Open-R32-Bethanie_Mattek_Sands-Serena_Williams,Bethanie Mattek Sands,F,12,9,11,9,1
20150904-W-US_Open-R32-Bethanie_Mattek_Sands-Serena_Williams,Bethanie Mattek Sands,B,11,12,7,3,0
20150904-W-US_Open-R32-Bethanie_Mattek_Sands-Serena_Williams,Bethanie Mattek Sands,S,7,5,1,0,0
20150904-W-US_Open-R32-Bethanie_Mattek_Sands-Serena_Williams,Serena Williams,Total,57,11,22,19,0
20150904-W-US_Open-R32-Bethanie_Mattek_Sands-Serena_Williams,Serena Williams,F,21,5,9,13,0
20150904-W-US_Open-R32-Bethanie_Mattek_Sands-Serena_Williams,Serena Williams,B,35,6,12,6,0
20150904-W-US_Open-R32-Bethanie_Mattek_Sands-Serena_Williams,Serena Williams,S,1,0,1,0,0
20150903-W-US_Open-R64-Caroline_Wozniacki-Petra_Cetkovska,Caroline Wozniacki,Total,178,148,60,80,0
20150903-W-US_Open-R64-Caroline_Wozniacki-Petra_Cetkovska,Caroline Wozniacki,F,74,65,43,37,0
20150903-W-US_Open-R64-Caroline_Wozniacki-Petra_Cetkovska,Caroline Wozniacki,B,94,75,13,42,0
20150903-W-US_Open-R64-Caroline_Wozniacki-Petra_Cetkovska,Caroline Wozniacki,S,10,8,4,1,0
20150903-W-US_Open-R64-Caroline_Wozniacki-Petra_Cetkovska,Petra Cetkovska,Total,179,146,74,62,4
20150903-W-US_Open-R64-Caroline_Wozniacki-Petra_Cetkovska,Petra Cetkovska,F,98,52,28,44,4
20150903-W-US_Open-R64-Caroline_Wozniacki-Petra_Cetkovska,Petra Cetkovska,B,57,74,39,16,0
20150903-W-US_Open-R64-Caroline_Wozniacki-Petra_Cetkovska,Petra Cetkovska,S,24,20,7,2,0
20150902-W-US_Open-R64-Serena_Williams-Kiki_Bertens,Serena Williams,Total,63,25,13,20,0
20150902-W-US_Open-R64-Serena_Williams-Kiki_Bertens,Serena Williams,F,34,12,7,15,0
20150902-W-US_Open-R64-Serena_Williams-Kiki_Bertens,Serena Williams,B,29,13,6,5,0
20150902-W-US_Open-R64-Serena_Williams-Kiki_Bertens,Kiki Bertens,Total,58,42,18,17,0
20150902-W-US_Open-R64-Serena_Williams-Kiki_Bertens,Kiki Bertens,F,34,13,11,14,0
20150902-W-US_Open-R64-Serena_Williams-Kiki_Bertens,Kiki Bertens,B,19,22,6,3,0
20150902-W-US_Open-R64-Serena_Williams-Kiki_Bertens,Kiki Bertens,S,5,7,1,0,0
20150902-W-US_Open-R64-Mariana_Duque_Marino-Oceane_Dodin,Mariana Duque Marino,Total,35,69,12,33,0
20150902-W-US_Open-R64-Mariana_Duque_Marino-Oceane_Dodin,Mariana Duque Marino,F,27,41,6,25,0
20150902-W-US_Open-R64-Mariana_Duque_Marino-Oceane_Dodin,Mariana Duque Marino,B,6,13,2,5,0
20150902-W-US_Open-R64-Mariana_Duque_Marino-Oceane_Dodin,Mariana Duque Marino,S,2,15,4,3,0
20150902-W-US_Open-R64-Mariana_Duque_Marino-Oceane_Dodin,Oceane Dodin,Total,64,72,20,21,0
20150902-W-US_Open-R64-Mariana_Duque_Marino-Oceane_Dodin,Oceane Dodin,F,35,36,13,10,0
20150902-W-US_Open-R64-Mariana_Duque_Marino-Oceane_Dodin,Oceane Dodin,B,28,34,4,11,0
20150902-W-US_Open-R64-Mariana_Duque_Marino-Oceane_Dodin,Oceane Dodin,S,1,2,3,0,0
20150902-W-US_Open-R64-Eugenie_Bouchard-Polona_Hercog,Eugenie Bouchard,Total,187,64,35,58,8
20150902-W-US_Open-R64-Eugenie_Bouchard-Polona_Hercog,Eugenie Bouchard,F,108,28,23,52,8
20150902-W-US_Open-R64-Eugenie_Bouchard-Polona_Hercog,Eugenie Bouchard,B,75,31,11,6,0
20150902-W-US_Open-R64-Eugenie_Bouchard-Polona_Hercog,Eugenie Bouchard,S,4,5,1,0,0
20150902-W-US_Open-R64-Eugenie_Bouchard-Polona_Hercog,Polona Hercog,Total,182,103,28,33,3
20150902-W-US_Open-R64-Eugenie_Bouchard-Polona_Hercog,Polona Hercog,F,104,45,21,28,2
20150902-W-US_Open-R64-Eugenie_Bouchard-Polona_Hercog,Polona Hercog,B,21,16,2,1,1
20150902-W-US_Open-R64-Eugenie_Bouchard-Polona_Hercog,Polona Hercog,S,57,42,5,4,0
20150831-W-US_Open-R128-Serena_Williams-Vitalia_Diatchenko,Serena Williams,Total,6,1,0,5,0
20150831-W-US_Open-R128-Serena_Williams-Vitalia_Diatchenko,Serena Williams,F,1,0,0,4,0
20150831-W-US_Open-R128-Serena_Williams-Vitalia_Diatchenko,Serena Williams,B,5,1,0,1,0
20150831-W-US_Open-R128-Serena_Williams-Vitalia_Diatchenko,Vitalia Diatchenko,Total,3,7,1,5,0
20150831-W-US_Open-R128-Serena_Williams-Vitalia_Diatchenko,Vitalia Diatchenko,F,1,3,1,1,0
20150831-W-US_Open-R128-Serena_Williams-Vitalia_Diatchenko,Vitalia Diatchenko,B,2,3,0,4,0
20150831-W-US_Open-R128-Serena_Williams-Vitalia_Diatchenko,Vitalia Diatchenko,S,0,1,0,0,0
20150831-W-US_Open-R128-Eugenie_Bouchard-Alison_Riske_Amritraj,Eugenie Bouchard,Total,84,24,27,23,0
20150831-W-US_Open-R128-Eugenie_Bouchard-Alison_Riske_Amritraj,Eugenie Bouchard,F,53,8,15,18,0
20150831-W-US_Open-R128-Eugenie_Bouchard-Alison_Riske_Amritraj,Eugenie Bouchard,B,30,16,11,5,0
20150831-W-US_Open-R128-Eugenie_Bouchard-Alison_Riske_Amritraj,Eugenie Bouchard,S,1,0,1,0,0
20150831-W-US_Open-R128-Eugenie_Bouchard-Alison_Riske_Amritraj,Alison Riske Amritraj,Total,73,38,33,9,2
20150831-W-US_Open-R128-Eugenie_Bouchard-Alison_Riske_Amritraj,Alison Riske Amritraj,F,44,16,14,8,2
20150831-W-US_Open-R128-Eugenie_Bouchard-Alison_Riske_Amritraj,Alison Riske Amritraj,B,26,19,18,1,0
20150831-W-US_Open-R128-Eugenie_Bouchard-Alison_Riske_Amritraj,Alison Riske Amritraj,S,3,3,1,0,0
20150831-W-US_Open-R128-Dominika_Cibulkova-Ana_Ivanovic,Dominika Cibulkova,Total,61,50,12,33,2
20150831-W-US_Open-R128-Dominika_Cibulkova-Ana_Ivanovic,Dominika Cibulkova,F,23,17,9,28,2
20150831-W-US_Open-R128-Dominika_Cibulkova-Ana_Ivanovic,Dominika Cibulkova,B,38,32,3,3,0
20150831-W-US_Open-R128-Dominika_Cibulkova-Ana_Ivanovic,Dominika Cibulkova,S,0,1,0,2,0
20150831-W-US_Open-R128-Dominika_Cibulkova-Ana_Ivanovic,Ana Ivanovic,Total,58,52,9,17,1
20150831-W-US_Open-R128-Dominika_Cibulkova-Ana_Ivanovic,Ana Ivanovic,F,30,24,7,17,1
20150831-W-US_Open-R128-Dominika_Cibulkova-Ana_Ivanovic,Ana Ivanovic,B,21,19,0,0,0
20150831-W-US_Open-R128-Dominika_Cibulkova-Ana_Ivanovic,Ana Ivanovic,S,7,9,2,0,0
20150831-W-US_Open-R128-Alison_Van_Uytvanck-Jessica_Pegula,Alison Van Uytvanck,Total,33,62,16,13,1
20150831-W-US_Open-R128-Alison_Van_Uytvanck-Jessica_Pegula,Alison Van Uytvanck,F,22,22,10,11,1
20150831-W-US_Open-R128-Alison_Van_Uytvanck-Jessica_Pegula,Alison Van Uytvanck,B,4,28,5,2,0
20150831-W-US_Open-R128-Alison_Van_Uytvanck-Jessica_Pegula,Alison Van Uytvanck,S,7,12,1,0,0
20150831-W-US_Open-R128-Alison_Van_Uytvanck-Jessica_Pegula,Jessica Pegula,Total,43,57,8,18,0
20150831-W-US_Open-R128-Alison_Van_Uytvanck-Jessica_Pegula,Jessica Pegula,F,25,18,6,13,0
20150831-W-US_Open-R128-Alison_Van_Uytvanck-Jessica_Pegula,Jessica Pegula,B,14,33,2,5,0
20150831-W-US_Open-R128-Alison_Van_Uytvanck-Jessica_Pegula,Jessica Pegula,S,4,6,0,0,0
20150131-W-Australian_Open-F-Maria_Sharapova-Serena_Williams,Maria Sharapova,Total,42,46,13,21,0
20150131-W-Australian_Open-F-Maria_Sharapova-Serena_Williams,Maria Sharapova,F,22,23,7,15,0
20150131-W-Australian_Open-F-Maria_Sharapova-Serena_Williams,Maria Sharapova,B,18,22,5,5,0
20150131-W-Australian_Open-F-Maria_Sharapova-Serena_Williams,Maria Sharapova,S,2,1,1,1,0
20150131-W-Australian_Open-F-Maria_Sharapova-Serena_Williams,Serena Williams,Total,50,47,13,15,0
20150131-W-Australian_Open-F-Maria_Sharapova-Serena_Williams,Serena Williams,F,25,20,4,9,0
20150131-W-Australian_Open-F-Maria_Sharapova-Serena_Williams,Serena Williams,B,22,25,8,6,0
20150131-W-Australian_Open-F-Maria_Sharapova-Serena_Williams,Serena Williams,S,3,2,1,0,0
20150129-W-Australian_Open-SF-Maria_Sharapova-Kate_Makarova,Maria Sharapova,Total,58,49,15,16,0
20150129-W-Australian_Open-SF-Maria_Sharapova-Kate_Makarova,Maria Sharapova,F,32,27,12,15,0
20150129-W-Australian_Open-SF-Maria_Sharapova-Kate_Makarova,Maria Sharapova,B,25,21,3,1,0
20150129-W-Australian_Open-SF-Maria_Sharapova-Kate_Makarova,Maria Sharapova,S,1,1,0,0,0
20150129-W-Australian_Open-SF-Maria_Sharapova-Kate_Makarova,Kate Makarova,Total,55,54,22,17,0
20150129-W-Australian_Open-SF-Maria_Sharapova-Kate_Makarova,Kate Makarova,F,29,30,16,11,0
20150129-W-Australian_Open-SF-Maria_Sharapova-Kate_Makarova,Kate Makarova,B,26,23,6,6,0
20150129-W-Australian_Open-SF-Maria_Sharapova-Kate_Makarova,Kate Makarova,S,0,1,0,0,0
20150127-W-Australian_Open-QF-Eugenie_Bouchard-Maria_Sharapova,Eugenie Bouchard,Total,51,48,11,18,0
20150127-W-Australian_Open-QF-Eugenie_Bouchard-Maria_Sharapova,Eugenie Bouchard,F,27,19,1,13,0
20150127-W-Australian_Open-QF-Eugenie_Bouchard-Maria_Sharapova,Eugenie Bouchard,B,24,27,9,5,0
20150127-W-Australian_Open-QF-Eugenie_Bouchard-Maria_Sharapova,Eugenie Bouchard,S,0,2,1,0,0
20150127-W-Australian_Open-QF-Eugenie_Bouchard-Maria_Sharapova,Maria Sharapova,Total,44,46,11,14,0
20150127-W-Australian_Open-QF-Eugenie_Bouchard-Maria_Sharapova,Maria Sharapova,F,20,26,8,12,0
20150127-W-Australian_Open-QF-Eugenie_Bouchard-Maria_Sharapova,Maria Sharapova,B,22,20,2,2,0
20150127-W-Australian_Open-QF-Eugenie_Bouchard-Maria_Sharapova,Maria Sharapova,S,2,0,1,0,0
20150125-W-Australian_Open-R16-Madison_Brengle-Madison_Keys,Madison Brengle,Total,46,51,15,12,0
20150125-W-Australian_Open-R16-Madison_Brengle-Madison_Keys,Madison Brengle,F,21,23,8,7,0
20150125-W-Australian_Open-R16-Madison_Brengle-Madison_Keys,Madison Brengle,B,22,25,5,5,0
20150125-W-Australian_Open-R16-Madison_Brengle-Madison_Keys,Madison Brengle,S,3,3,2,0,0
20150125-W-Australian_Open-R16-Madison_Brengle-Madison_Keys,Madison Keys,Total,57,30,14,33,3
20150125-W-Australian_Open-R16-Madison_Brengle-Madison_Keys,Madison Keys,F,35,12,9,28,3
20150125-W-Australian_Open-R16-Madison_Brengle-Madison_Keys,Madison Keys,B,22,17,5,5,0
20150125-W-Australian_Open-R16-Madison_Brengle-Madison_Keys,Madison Keys,S,0,1,0,0,0
20150125-W-Australian_Open-R16-Eugenie_Bouchard-Irina_Camelia_Begu,Eugenie Bouchard,Total,96,85,19,28,1
20150125-W-Australian_Open-R16-Eugenie_Bouchard-Irina_Camelia_Begu,Eugenie Bouchard,F,63,47,14,24,1
20150125-W-Australian_Open-R16-Eugenie_Bouchard-Irina_Camelia_Begu,Eugenie Bouchard,B,30,36,4,4,0
20150125-W-Australian_Open-R16-Eugenie_Bouchard-Irina_Camelia_Begu,Eugenie Bouchard,S,3,2,1,0,0
20150125-W-Australian_Open-R16-Eugenie_Bouchard-Irina_Camelia_Begu,Irina Camelia Begu,Total,59,98,20,36,0
20150125-W-Australian_Open-R16-Eugenie_Bouchard-Irina_Camelia_Begu,Irina Camelia Begu,F,39,56,8,20,0
20150125-W-Australian_Open-R16-Eugenie_Bouchard-Irina_Camelia_Begu,Irina Camelia Begu,B,19,36,11,16,0
20150125-W-Australian_Open-R16-Eugenie_Bouchard-Irina_Camelia_Begu,Irina Camelia Begu,S,1,6,1,0,0
20150125-W-Australian_Open-R16-Agnieszka_Radwanska-Venus_Williams,Agnieszka Radwanska,Total,89,104,41,35,1
20150125-W-Australian_Open-R16-Agnieszka_Radwanska-Venus_Williams,Agnieszka Radwanska,F,33,32,23,24,1
20150125-W-Australian_Open-R16-Agnieszka_Radwanska-Venus_Williams,Agnieszka Radwanska,B,49,66,13,10,0
20150125-W-Australian_Open-R16-Agnieszka_Radwanska-Venus_Williams,Agnieszka Radwanska,S,7,6,5,1,0
20150125-W-Australian_Open-R16-Agnieszka_Radwanska-Venus_Williams,Venus Williams,Total,162,55,27,53,2
20150125-W-Australian_Open-R16-Agnieszka_Radwanska-Venus_Williams,Venus Williams,F,82,18,13,48,2
20150125-W-Australian_Open-R16-Agnieszka_Radwanska-Venus_Williams,Venus Williams,B,74,30,13,5,0
20150125-W-Australian_Open-R16-Agnieszka_Radwanska-Venus_Williams,Venus Williams,S,6,7,1,0,0
20150125-W-Australian_Open-QF-Dominika_Cibulkova-Serena_Williams,Dominika Cibulkova,Total,31,36,12,12,0
20150125-W-Australian_Open-QF-Dominika_Cibulkova-Serena_Williams,Dominika Cibulkova,F,18,12,9,11,0
20150125-W-Australian_Open-QF-Dominika_Cibulkova-Serena_Williams,Dominika Cibulkova,B,10,20,3,1,0
20150125-W-Australian_Open-QF-Dominika_Cibulkova-Serena_Williams,Dominika Cibulkova,S,3,4,0,0,0
20150125-W-Australian_Open-QF-Dominika_Cibulkova-Serena_Williams,Serena Williams,Total,33,26,11,16,0
20150125-W-Australian_Open-QF-Dominika_Cibulkova-Serena_Williams,Serena Williams,F,15,9,6,10,0
20150125-W-Australian_Open-QF-Dominika_Cibulkova-Serena_Williams,Serena Williams,B,17,15,4,6,0
20150125-W-Australian_Open-QF-Dominika_Cibulkova-Serena_Williams,Serena Williams,S,1,2,1,0,0
20150124-W-Australian_Open-R32-Petra_Kvitova-Madison_Keys,Petra Kvitova,Total,38,44,9,23,0
20150124-W-Australian_Open-R32-Petra_Kvitova-Madison_Keys,Petra Kvitova,F,19,17,3,15,0
20150124-W-Australian_Open-R32-Petra_Kvitova-Madison_Keys,Petra Kvitova,B,17,25,6,8,0
20150124-W-Australian_Open-R32-Petra_Kvitova-Madison_Keys,Petra Kvitova,S,2,2,0,0,0
20150124-W-Australian_Open-R32-Petra_Kvitova-Madison_Keys,Madison Keys,Total,27,65,7,19,0
20150124-W-Australian_Open-R32-Petra_Kvitova-Madison_Keys,Madison Keys,F,18,41,2,15,0
20150124-W-Australian_Open-R32-Petra_Kvitova-Madison_Keys,Madison Keys,B,9,20,5,4,0
20150124-W-Australian_Open-R32-Petra_Kvitova-Madison_Keys,Madison Keys,S,0,4,0,0,0
20150123-W-Australian_Open-R32-Zarina_Diyas-Maria_Sharapova,Zarina Diyas,Total,30,55,11,12,1
20150123-W-Australian_Open-R32-Zarina_Diyas-Maria_Sharapova,Zarina Diyas,F,14,25,5,6,1
20150123-W-Australian_Open-R32-Zarina_Diyas-Maria_Sharapova,Zarina Diyas,B,13,26,5,6,0
20150123-W-Australian_Open-R32-Zarina_Diyas-Maria_Sharapova,Zarina Diyas,S,3,4,1,0,0
20150123-W-Australian_Open-R32-Zarina_Diyas-Maria_Sharapova,Maria Sharapova,Total,53,24,5,18,2
20150123-W-Australian_Open-R32-Zarina_Diyas-Maria_Sharapova,Maria Sharapova,F,33,10,4,16,2
20150123-W-Australian_Open-R32-Zarina_Diyas-Maria_Sharapova,Maria Sharapova,B,19,13,1,2,0
20150123-W-Australian_Open-R32-Zarina_Diyas-Maria_Sharapova,Maria Sharapova,S,1,1,0,0,0
20150123-W-Australian_Open-R32-Eugenie_Bouchard-Caroline_Garcia,Eugenie Bouchard,Total,50,34,9,13,0
20150123-W-Australian_Open-R32-Eugenie_Bouchard-Caroline_Garcia,Eugenie Bouchard,F,26,10,4,9,0
20150123-W-Australian_Open-R32-Eugenie_Bouchard-Caroline_Garcia,Eugenie Bouchard,B,21,22,4,3,0
20150123-W-Australian_Open-R32-Eugenie_Bouchard-Caroline_Garcia,Eugenie Bouchard,S,3,2,1,1,0
20150123-W-Australian_Open-R32-Eugenie_Bouchard-Caroline_Garcia,Caroline Garcia,Total,52,31,14,10,0
20150123-W-Australian_Open-R32-Eugenie_Bouchard-Caroline_Garcia,Caroline Garcia,F,25,21,9,8,0
20150123-W-Australian_Open-R32-Eugenie_Bouchard-Caroline_Garcia,Caroline Garcia,B,26,9,5,2,0
20150123-W-Australian_Open-R32-Eugenie_Bouchard-Caroline_Garcia,Caroline Garcia,S,1,1,0,0,0
20150122-W-Australian_Open-R64-Samantha_Stosur-Coco_Vandeweghe,Samantha Stosur,Total,23,31,9,14,1
20150122-W-Australian_Open-R64-Samantha_Stosur-Coco_Vandeweghe,Samantha Stosur,F,15,19,5,12,1
20150122-W-Australian_Open-R64-Samantha_Stosur-Coco_Vandeweghe,Samantha Stosur,B,3,8,3,2,0
20150122-W-Australian_Open-R64-Samantha_Stosur-Coco_Vandeweghe,Samantha Stosur,S,5,4,1,0,0
20150122-W-Australian_Open-R64-Samantha_Stosur-Coco_Vandeweghe,Coco Vandeweghe,Total,27,25,9,8,0
20150122-W-Australian_Open-R64-Samantha_Stosur-Coco_Vandeweghe,Coco Vandeweghe,F,18,12,5,6,0
20150122-W-Australian_Open-R64-Samantha_Stosur-Coco_Vandeweghe,Coco Vandeweghe,B,8,11,1,2,0
20150122-W-Australian_Open-R64-Samantha_Stosur-Coco_Vandeweghe,Coco Vandeweghe,S,1,2,3,0,0
20150122-W-Australian_Open-R64-Daniela_Hantuchova-Garbine_Muguruza,Daniela Hantuchova,Total,46,52,13,26,0
20150122-W-Australian_Open-R64-Daniela_Hantuchova-Garbine_Muguruza,Daniela Hantuchova,F,32,26,3,16,0
20150122-W-Australian_Open-R64-Daniela_Hantuchova-Garbine_Muguruza,Daniela Hantuchova,B,13,23,8,10,0
20150122-W-Australian_Open-R64-Daniela_Hantuchova-Garbine_Muguruza,Daniela Hantuchova,S,1,3,2,0,0
20150122-W-Australian_Open-R64-Daniela_Hantuchova-Garbine_Muguruza,Garbine Muguruza,Total,48,58,10,19,0
20150122-W-Australian_Open-R64-Daniela_Hantuchova-Garbine_Muguruza,Garbine Muguruza,F,26,28,5,8,0
20150122-W-Australian_Open-R64-Daniela_Hantuchova-Garbine_Muguruza,Garbine Muguruza,B,22,28,5,11,0
20150122-W-Australian_Open-R64-Daniela_Hantuchova-Garbine_Muguruza,Garbine Muguruza,S,0,2,0,0,0
20150121-W-Australian_Open-R64-Eugenie_Bouchard-Kiki_Bertens,Eugenie Bouchard,Total,40,13,6,18,0
20150121-W-Australian_Open-R64-Eugenie_Bouchard-Kiki_Bertens,Eugenie Bouchard,F,25,5,3,14,0
20150121-W-Australian_Open-R64-Eugenie_Bouchard-Kiki_Bertens,Eugenie Bouchard,B,15,8,3,4,0
20150121-W-Australian_Open-R64-Eugenie_Bouchard-Kiki_Bertens,Kiki Bertens,Total,14,38,8,9,0
20150121-W-Australian_Open-R64-Eugenie_Bouchard-Kiki_Bertens,Kiki Bertens,F,7,21,6,7,0
20150121-W-Australian_Open-R64-Eugenie_Bouchard-Kiki_Bertens,Kiki Bertens,B,6,13,2,2,0
20150121-W-Australian_Open-R64-Eugenie_Bouchard-Kiki_Bertens,Kiki Bertens,S,1,4,0,0,0
20150121-W-Australian_Open-R64-Agnieszka_Radwanska-Johanna_Larsson,Agnieszka Radwanska,Total,46,34,19,16,0
20150121-W-Australian_Open-R64-Agnieszka_Radwanska-Johanna_Larsson,Agnieszka Radwanska,F,26,14,10,10,0
20150121-W-Australian_Open-R64-Agnieszka_Radwanska-Johanna_Larsson,Agnieszka Radwanska,B,17,18,7,6,0
20150121-W-Australian_Open-R64-Agnieszka_Radwanska-Johanna_Larsson,Agnieszka Radwanska,S,3,2,2,0,0
20150121-W-Australian_Open-R64-Agnieszka_Radwanska-Johanna_Larsson,Johanna Larsson,Total,65,29,8,11,2
20150121-W-Australian_Open-R64-Agnieszka_Radwanska-Johanna_Larsson,Johanna Larsson,F,37,14,4,10,2
20150121-W-Australian_Open-R64-Agnieszka_Radwanska-Johanna_Larsson,Johanna Larsson,B,17,9,3,0,0
20150121-W-Australian_Open-R64-Agnieszka_Radwanska-Johanna_Larsson,Johanna Larsson,S,11,6,1,1,0
20150120-W-Australian_Open-R128-Andrea_Petkovic-Madison_Brengle,Andrea Petkovic,Total,154,192,36,36,1
20150120-W-Australian_Open-R128-Andrea_Petkovic-Madison_Brengle,Andrea Petkovic,F,85,87,13,24,1
20150120-W-Australian_Open-R128-Andrea_Petkovic-Madison_Brengle,Andrea Petkovic,B,63,92,20,12,0
20150120-W-Australian_Open-R128-Andrea_Petkovic-Madison_Brengle,Andrea Petkovic,S,6,13,3,0,0
20150120-W-Australian_Open-R128-Andrea_Petkovic-Madison_Brengle,Madison Brengle,Total,125,152,30,68,0
20150120-W-Australian_Open-R128-Andrea_Petkovic-Madison_Brengle,Madison Brengle,F,60,78,22,46,0
20150120-W-Australian_Open-R128-Andrea_Petkovic-Madison_Brengle,Madison Brengle,B,61,70,7,22,0
20150120-W-Australian_Open-R128-Andrea_Petkovic-Madison_Brengle,Madison Brengle,S,4,4,1,0,0
20150120-W-Australian_Open-R128-Agnieszka_Radwanska-Kurumi_Nara,Agnieszka Radwanska,Total,41,65,17,15,1
20150120-W-Australian_Open-R128-Agnieszka_Radwanska-Kurumi_Nara,Agnieszka Radwanska,F,19,18,6,12,1
20150120-W-Australian_Open-R128-Agnieszka_Radwanska-Kurumi_Nara,Agnieszka Radwanska,B,20,40,9,2,0
20150120-W-Australian_Open-R128-Agnieszka_Radwanska-Kurumi_Nara,Agnieszka Radwanska,S,2,7,2,1,0
20150120-W-Australian_Open-R128-Agnieszka_Radwanska-Kurumi_Nara,Kurumi Nara,Total,48,50,26,25,0
20150120-W-Australian_Open-R128-Agnieszka_Radwanska-Kurumi_Nara,Kurumi Nara,F,18,23,16,14,0
20150120-W-Australian_Open-R128-Agnieszka_Radwanska-Kurumi_Nara,Kurumi Nara,B,29,23,10,11,0
20150120-W-Australian_Open-R128-Agnieszka_Radwanska-Kurumi_Nara,Kurumi Nara,S,1,4,0,0,0
20150119-W-Australian_Open-R128-Venus_Williams-Maria_Teresa_Torro_Flor,Venus Williams,Total,49,19,11,5,0
20150119-W-Australian_Open-R128-Venus_Williams-Maria_Teresa_Torro_Flor,Venus Williams,F,26,7,5,4,0
20150119-W-Australian_Open-R128-Venus_Williams-Maria_Teresa_Torro_Flor,Venus Williams,B,22,10,5,1,0
20150119-W-Australian_Open-R128-Venus_Williams-Maria_Teresa_Torro_Flor,Venus Williams,S,1,2,1,0,0
20150119-W-Australian_Open-R128-Venus_Williams-Maria_Teresa_Torro_Flor,Maria Teresa Torro Flor,Total,38,26,12,12,2
20150119-W-Australian_Open-R128-Venus_Williams-Maria_Teresa_Torro_Flor,Maria Teresa Torro Flor,F,20,10,8,10,2
20150119-W-Australian_Open-R128-Venus_Williams-Maria_Teresa_Torro_Flor,Maria Teresa Torro Flor,B,16,16,2,1,0
20150119-W-Australian_Open-R128-Venus_Williams-Maria_Teresa_Torro_Flor,Maria Teresa Torro Flor,S,2,0,2,1,0
20150119-W-Australian_Open-R128-Sloane_Stephens-Victoria_Azarenka,Sloane Stephens,Total,84,59,9,16,0
20150119-W-Australian_Open-R128-Sloane_Stephens-Victoria_Azarenka,Sloane Stephens,F,39,17,1,11,0
20150119-W-Australian_Open-R128-Sloane_Stephens-Victoria_Azarenka,Sloane Stephens,B,45,38,8,5,0
20150119-W-Australian_Open-R128-Sloane_Stephens-Victoria_Azarenka,Sloane Stephens,S,0,4,0,0,0
20150119-W-Australian_Open-R128-Sloane_Stephens-Victoria_Azarenka,Victoria Azarenka,Total,54,44,28,21,0
20150119-W-Australian_Open-R128-Sloane_Stephens-Victoria_Azarenka,Victoria Azarenka,F,24,18,12,14,0
20150119-W-Australian_Open-R128-Sloane_Stephens-Victoria_Azarenka,Victoria Azarenka,B,27,23,14,7,0
20150119-W-Australian_Open-R128-Sloane_Stephens-Victoria_Azarenka,Victoria Azarenka,S,3,3,2,0,0
20150119-W-Australian_Open-R128-Monica_Puig-Arina_Rodionova,Monica Puig,Total,39,46,16,15,1
20150119-W-Australian_Open-R128-Monica_Puig-Arina_Rodionova,Monica Puig,F,27,21,12,9,1
20150119-W-Australian_Open-R128-Monica_Puig-Arina_Rodionova,Monica Puig,B,11,22,3,6,0
20150119-W-Australian_Open-R128-Monica_Puig-Arina_Rodionova,Monica Puig,S,1,3,1,0,0
20150119-W-Australian_Open-R128-Monica_Puig-Arina_Rodionova,Arina Rodionova,Total,34,39,9,24,0
20150119-W-Australian_Open-R128-Monica_Puig-Arina_Rodionova,Arina Rodionova,F,19,19,6,11,0
20150119-W-Australian_Open-R128-Monica_Puig-Arina_Rodionova,Arina Rodionova,B,11,13,2,13,0
20150119-W-Australian_Open-R128-Monica_Puig-Arina_Rodionova,Arina Rodionova,S,4,7,1,0,0
20150119-W-Australian_Open-R128-Magdalena_Rybarikova-Ana_Konjuh,Magdalena Rybarikova,Total,23,56,12,9,0
20150119-W-Australian_Open-R128-Magdalena_Rybarikova-Ana_Konjuh,Magdalena Rybarikova,F,4,21,11,7,0
20150119-W-Australian_Open-R128-Magdalena_Rybarikova-Ana_Konjuh,Magdalena Rybarikova,B,11,17,0,1,0
20150119-W-Australian_Open-R128-Magdalena_Rybarikova-Ana_Konjuh,Magdalena Rybarikova,S,8,18,1,1,0
20150119-W-Australian_Open-R128-Magdalena_Rybarikova-Ana_Konjuh,Ana Konjuh,Total,63,25,11,18,1
20150119-W-Australian_Open-R128-Magdalena_Rybarikova-Ana_Konjuh,Ana Konjuh,F,23,6,1,10,1
20150119-W-Australian_Open-R128-Magdalena_Rybarikova-Ana_Konjuh,Ana Konjuh,B,40,15,9,8,0
20150119-W-Australian_Open-R128-Magdalena_Rybarikova-Ana_Konjuh,Ana Konjuh,S,0,4,1,0,0
20150119-W-Australian_Open-R128-Julia_Goerges-Belinda_Bencic,Julia Goerges,Total,48,33,14,23,0
20150119-W-Australian_Open-R128-Julia_Goerges-Belinda_Bencic,Julia Goerges,F,31,12,7,18,0
20150119-W-Australian_Open-R128-Julia_Goerges-Belinda_Bencic,Julia Goerges,B,16,17,7,5,0
20150119-W-Australian_Open-R128-Julia_Goerges-Belinda_Bencic,Julia Goerges,S,1,4,0,0,0
20150119-W-Australian_Open-R128-Julia_Goerges-Belinda_Bencic,Belinda Bencic,Total,36,42,10,13,0
20150119-W-Australian_Open-R128-Julia_Goerges-Belinda_Bencic,Belinda Bencic,F,18,18,5,9,0
20150119-W-Australian_Open-R128-Julia_Goerges-Belinda_Bencic,Belinda Bencic,B,17,23,5,4,0
20150119-W-Australian_Open-R128-Julia_Goerges-Belinda_Bencic,Belinda Bencic,S,1,1,0,0,0
20150119-W-Australian_Open-R128-Carina_Witthoeft-Carla_Suarez_Navarro,Carina Witthoeft,Total,66,52,11,13,0
20150119-W-Australian_Open-R128-Carina_Witthoeft-Carla_Suarez_Navarro,Carina Witthoeft,F,33,20,3,6,0
20150119-W-Australian_Open-R128-Carina_Witthoeft-Carla_Suarez_Navarro,Carina Witthoeft,B,33,32,8,7,0
20150119-W-Australian_Open-R128-Carina_Witthoeft-Carla_Suarez_Navarro,Carla Suarez Navarro,Total,49,71,11,12,0
20150119-W-Australian_Open-R128-Carina_Witthoeft-Carla_Suarez_Navarro,Carla Suarez Navarro,F,21,35,9,7,0
20150119-W-Australian_Open-R128-Carina_Witthoeft-Carla_Suarez_Navarro,Carla Suarez Navarro,B,21,33,2,4,0
20150119-W-Australian_Open-R128-Carina_Witthoeft-Carla_Suarez_Navarro,Carla Suarez Navarro,S,7,3,0,1,0
20140907-W-US_Open-F-Serena_Williams-Caroline_Wozniacki,Serena Williams,Total,61,51,17,39,0
20140907-W-US_Open-F-Serena_Williams-Caroline_Wozniacki,Serena Williams,F,40,29,5,19,0
20140907-W-US_Open-F-Serena_Williams-Caroline_Wozniacki,Serena Williams,B,21,21,12,20,0
20140907-W-US_Open-F-Serena_Williams-Caroline_Wozniacki,Serena Williams,S,0,1,0,0,0
20140907-W-US_Open-F-Serena_Williams-Caroline_Wozniacki,Caroline Wozniacki,Total,45,74,20,19,0
20140907-W-US_Open-F-Serena_Williams-Caroline_Wozniacki,Caroline Wozniacki,F,28,40,10,9,0
20140907-W-US_Open-F-Serena_Williams-Caroline_Wozniacki,Caroline Wozniacki,B,17,30,6,10,0
20140907-W-US_Open-F-Serena_Williams-Caroline_Wozniacki,Caroline Wozniacki,S,0,4,4,0,0
20140903-W-US_Open-QF-Serena_Williams-Flavia_Pennetta,Serena Williams,Total,27,36,12,12,1
20140903-W-US_Open-QF-Serena_Williams-Flavia_Pennetta,Serena Williams,F,13,16,4,3,1
20140903-W-US_Open-QF-Serena_Williams-Flavia_Pennetta,Serena Williams,B,14,20,8,9,0
20140903-W-US_Open-QF-Serena_Williams-Flavia_Pennetta,Flavia Pennetta,Total,25,40,9,12,0
20140903-W-US_Open-QF-Serena_Williams-Flavia_Pennetta,Flavia Pennetta,F,14,20,6,10,0
20140903-W-US_Open-QF-Serena_Williams-Flavia_Pennetta,Flavia Pennetta,B,11,17,2,2,0
20140903-W-US_Open-QF-Serena_Williams-Flavia_Pennetta,Flavia Pennetta,S,0,3,1,0,0
20140902-W-US_Open-QF-Caroline_Wozniacki-Sara_Errani,Caroline Wozniacki,Total,76,77,22,49,1
20140902-W-US_Open-QF-Caroline_Wozniacki-Sara_Errani,Caroline Wozniacki,F,34,42,11,19,0
20140902-W-US_Open-QF-Caroline_Wozniacki-Sara_Errani,Caroline Wozniacki,B,39,34,11,30,1
20140902-W-US_Open-QF-Caroline_Wozniacki-Sara_Errani,Caroline Wozniacki,S,3,1,0,0,0
20140902-W-US_Open-QF-Caroline_Wozniacki-Sara_Errani,Sara Errani,Total,61,98,16,27,3
20140902-W-US_Open-QF-Caroline_Wozniacki-Sara_Errani,Sara Errani,F,32,55,9,16,3
20140902-W-US_Open-QF-Caroline_Wozniacki-Sara_Errani,Sara Errani,B,26,34,4,11,0
20140902-W-US_Open-QF-Caroline_Wozniacki-Sara_Errani,Sara Errani,S,3,9,3,0,0
20140901-W-US_Open-R16-Eugenie_Bouchard-Kate_Makarova,Eugenie Bouchard,Total,51,39,21,22,0
20140901-W-US_Open-R16-Eugenie_Bouchard-Kate_Makarova,Eugenie Bouchard,F,29,21,19,19,0
20140901-W-US_Open-R16-Eugenie_Bouchard-Kate_Makarova,Eugenie Bouchard,B,21,16,2,3,0
20140901-W-US_Open-R16-Eugenie_Bouchard-Kate_Makarova,Eugenie Bouchard,S,1,2,0,0,0
20140901-W-US_Open-R16-Eugenie_Bouchard-Kate_Makarova,Kate Makarova,Total,59,35,18,27,0
20140901-W-US_Open-R16-Eugenie_Bouchard-Kate_Makarova,Kate Makarova,F,25,19,12,22,0
20140901-W-US_Open-R16-Eugenie_Bouchard-Kate_Makarova,Kate Makarova,B,34,15,6,5,0
20140901-W-US_Open-R16-Eugenie_Bouchard-Kate_Makarova,Kate Makarova,S,0,1,0,0,0
20140831-W-US_Open-R32-Caroline_Wozniacki-Maria_Sharapova,Caroline Wozniacki,Total,0,0,0,0,0
20140831-W-US_Open-R32-Caroline_Wozniacki-Maria_Sharapova,Maria Sharapova,Total,0,0,0,0,0
20140831-W-US_Open-R16-Belinda_Bencic-Jelena_Jankovic,Belinda Bencic,Total,121,94,38,38,0
20140831-W-US_Open-R16-Belinda_Bencic-Jelena_Jankovic,Belinda Bencic,F,56,44,16,18,0
20140831-W-US_Open-R16-Belinda_Bencic-Jelena_Jankovic,Belinda Bencic,B,65,50,21,20,0
20140831-W-US_Open-R16-Belinda_Bencic-Jelena_Jankovic,Belinda Bencic,S,0,0,1,0,0
20140831-W-US_Open-R16-Belinda_Bencic-Jelena_Jankovic,Jelena Jankovic,Total,89,88,60,56,1
20140831-W-US_Open-R16-Belinda_Bencic-Jelena_Jankovic,Jelena Jankovic,F,39,43,38,31,1
20140831-W-US_Open-R16-Belinda_Bencic-Jelena_Jankovic,Jelena Jankovic,B,42,32,22,25,0
20140831-W-US_Open-R16-Belinda_Bencic-Jelena_Jankovic,Jelena Jankovic,S,8,13,0,0,0
20140830-W-US_Open-R64-Ana_Ivanovic-Karolina_Pliskova,Ana Ivanovic,Total,65,33,16,11,1
20140830-W-US_Open-R64-Ana_Ivanovic-Karolina_Pliskova,Ana Ivanovic,F,37,13,8,11,1
20140830-W-US_Open-R64-Ana_Ivanovic-Karolina_Pliskova,Ana Ivanovic,B,25,19,5,0,0
20140830-W-US_Open-R64-Ana_Ivanovic-Karolina_Pliskova,Ana Ivanovic,S,3,1,3,0,0
20140830-W-US_Open-R64-Ana_Ivanovic-Karolina_Pliskova,Karolina Pliskova,Total,57,42,11,17,0
20140830-W-US_Open-R64-Ana_Ivanovic-Karolina_Pliskova,Karolina Pliskova,F,29,14,5,13,0
20140830-W-US_Open-R64-Ana_Ivanovic-Karolina_Pliskova,Karolina Pliskova,B,23,20,6,4,0
20140830-W-US_Open-R64-Ana_Ivanovic-Karolina_Pliskova,Karolina Pliskova,S,5,8,0,0,0
20140829-W-US_Open-R32-Venus_Williams-Sara_Errani,Venus Williams,Total,131,73,22,33,0
20140829-W-US_Open-R32-Venus_Williams-Sara_Errani,Venus Williams,F,56,23,3,26,0
20140829-W-US_Open-R32-Venus_Williams-Sara_Errani,Venus Williams,B,73,49,17,7,0
20140829-W-US_Open-R32-Venus_Williams-Sara_Errani,Venus Williams,S,2,1,2,0,0
20140829-W-US_Open-R32-Venus_Williams-Sara_Errani,Sara Errani,Total,91,88,32,36,1
20140829-W-US_Open-R32-Venus_Williams-Sara_Errani,Sara Errani,F,33,41,22,35,1
20140829-W-US_Open-R32-Venus_Williams-Sara_Errani,Sara Errani,B,54,44,8,1,0
20140829-W-US_Open-R32-Venus_Williams-Sara_Errani,Sara Errani,S,4,3,2,0,0
20140828-W-US_Open-R64-Zarina_Diyas-Catherine_Cartan_Bellis,Zarina Diyas,Total,124,136,30,67,0
20140828-W-US_Open-R64-Zarina_Diyas-Catherine_Cartan_Bellis,Zarina Diyas,F,54,69,21,48,0
20140828-W-US_Open-R64-Zarina_Diyas-Catherine_Cartan_Bellis,Zarina Diyas,B,68,61,9,19,0
20140828-W-US_Open-R64-Zarina_Diyas-Catherine_Cartan_Bellis,Zarina Diyas,S,2,6,0,0,0
20140828-W-US_Open-R64-Zarina_Diyas-Catherine_Cartan_Bellis,Catherine Cartan Bellis,Total,121,151,26,54,0
20140828-W-US_Open-R64-Zarina_Diyas-Catherine_Cartan_Bellis,Catherine Cartan Bellis,F,64,62,11,35,0
20140828-W-US_Open-R64-Zarina_Diyas-Catherine_Cartan_Bellis,Catherine Cartan Bellis,B,49,75,14,18,0
20140828-W-US_Open-R64-Zarina_Diyas-Catherine_Cartan_Bellis,Catherine Cartan Bellis,S,8,14,1,1,0
20140125-W-Australian_Open-F-Dominika_Cibulkova-Na_Li,Dominika Cibulkova,Total,69,105,17,24,0
20140125-W-Australian_Open-F-Dominika_Cibulkova-Na_Li,Dominika Cibulkova,F,47,57,11,13,0
20140125-W-Australian_Open-F-Dominika_Cibulkova-Na_Li,Dominika Cibulkova,B,20,40,5,11,0
20140125-W-Australian_Open-F-Dominika_Cibulkova-Na_Li,Dominika Cibulkova,S,2,8,1,0,0
20140125-W-Australian_Open-F-Dominika_Cibulkova-Na_Li,Na Li,Total,85,74,25,35,0
20140125-W-Australian_Open-F-Dominika_Cibulkova-Na_Li,Na Li,F,58,45,10,24,0
20140125-W-Australian_Open-F-Dominika_Cibulkova-Na_Li,Na Li,B,26,29,15,11,0
20140125-W-Australian_Open-F-Dominika_Cibulkova-Na_Li,Na Li,S,1,0,0,0,0
20140119-W-Australian_Open-R16-Serena_Williams-Ana_Ivanovic,Serena Williams,Total,62,58,9,19,0
20140119-W-Australian_Open-R16-Serena_Williams-Ana_Ivanovic,Serena Williams,F,14,12,3,10,0
20140119-W-Australian_Open-R16-Serena_Williams-Ana_Ivanovic,Serena Williams,B,48,43,6,9,0
20140119-W-Australian_Open-R16-Serena_Williams-Ana_Ivanovic,Serena Williams,S,0,3,0,0,0
20140119-W-Australian_Open-R16-Serena_Williams-Ana_Ivanovic,Ana Ivanovic,Total,44,60,20,31,2
20140119-W-Australian_Open-R16-Serena_Williams-Ana_Ivanovic,Ana Ivanovic,F,21,14,14,28,2
20140119-W-Australian_Open-R16-Serena_Williams-Ana_Ivanovic,Ana Ivanovic,B,18,34,4,2,0
20140119-W-Australian_Open-R16-Serena_Williams-Ana_Ivanovic,Ana Ivanovic,S,5,12,2,1,0
20140119-W-Australian_Open-R16-Agnieszka_Radwanska-Garbine_Muguruza,Agnieszka Radwanska,Total,63,63,27,33,0
20140119-W-Australian_Open-R16-Agnieszka_Radwanska-Garbine_Muguruza,Agnieszka Radwanska,F,32,18,19,25,0
20140119-W-Australian_Open-R16-Agnieszka_Radwanska-Garbine_Muguruza,Agnieszka Radwanska,B,28,39,7,6,0
20140119-W-Australian_Open-R16-Agnieszka_Radwanska-Garbine_Muguruza,Agnieszka Radwanska,S,3,6,1,2,0
20140119-W-Australian_Open-R16-Agnieszka_Radwanska-Garbine_Muguruza,Garbine Muguruza,Total,101,58,33,28,0
20140119-W-Australian_Open-R16-Agnieszka_Radwanska-Garbine_Muguruza,Garbine Muguruza,F,54,16,19,16,0
20140119-W-Australian_Open-R16-Agnieszka_Radwanska-Garbine_Muguruza,Garbine Muguruza,B,47,42,14,12,0
20140118-W-Australian_Open-R32-Maria_Sharapova-Alize_Cornet,Maria Sharapova,Total,79,61,17,37,2
20140118-W-Australian_Open-R32-Maria_Sharapova-Alize_Cornet,Maria Sharapova,F,31,22,8,25,2
20140118-W-Australian_Open-R32-Maria_Sharapova-Alize_Cornet,Maria Sharapova,B,48,34,9,12,0
20140118-W-Australian_Open-R32-Maria_Sharapova-Alize_Cornet,Maria Sharapova,S,0,5,0,0,0
20140118-W-Australian_Open-R32-Maria_Sharapova-Alize_Cornet,Alize Cornet,Total,52,86,15,24,0
20140118-W-Australian_Open-R32-Maria_Sharapova-Alize_Cornet,Alize Cornet,F,27,23,12,21,0
20140118-W-Australian_Open-R32-Maria_Sharapova-Alize_Cornet,Alize Cornet,B,19,56,2,3,0
20140118-W-Australian_Open-R32-Maria_Sharapova-Alize_Cornet,Alize Cornet,S,6,7,1,0,0
20140117-W-Australian_Open-R32-Serena_Williams-Daniela_Hantuchova,Serena Williams,Total,23,24,5,15,0
20140117-W-Australian_Open-R32-Serena_Williams-Daniela_Hantuchova,Serena Williams,F,11,8,2,7,0
20140117-W-Australian_Open-R32-Serena_Williams-Daniela_Hantuchova,Serena Williams,B,12,14,3,7,0
20140117-W-Australian_Open-R32-Serena_Williams-Daniela_Hantuchova,Serena Williams,S,0,2,0,1,0
20140117-W-Australian_Open-R32-Serena_Williams-Daniela_Hantuchova,Daniela Hantuchova,Total,21,23,8,10,0
20140117-W-Australian_Open-R32-Serena_Williams-Daniela_Hantuchova,Daniela Hantuchova,F,13,10,4,8,0
20140117-W-Australian_Open-R32-Serena_Williams-Daniela_Hantuchova,Daniela Hantuchova,B,8,13,4,2,0
20140114-W-Australian_Open-R128-Caroline_Wozniacki-Lourdes_Dominguez_Lino,Caroline Wozniacki,Total,86,35,29,29,0
20140114-W-Australian_Open-R128-Caroline_Wozniacki-Lourdes_Dominguez_Lino,Caroline Wozniacki,F,30,21,14,15,0
20140114-W-Australian_Open-R128-Caroline_Wozniacki-Lourdes_Dominguez_Lino,Caroline Wozniacki,B,56,13,15,12,0
20140114-W-Australian_Open-R128-Caroline_Wozniacki-Lourdes_Dominguez_Lino,Caroline Wozniacki,S,0,1,0,2,0
20140114-W-Australian_Open-R128-Caroline_Wozniacki-Lourdes_Dominguez_Lino,Lourdes Dominguez Lino,Total,60,65,23,35,0
20140114-W-Australian_Open-R128-Caroline_Wozniacki-Lourdes_Dominguez_Lino,Lourdes Dominguez Lino,F,33,22,12,30,0
20140114-W-Australian_Open-R128-Caroline_Wozniacki-Lourdes_Dominguez_Lino,Lourdes Dominguez Lino,B,7,17,9,2,0
20140114-W-Australian_Open-R128-Caroline_Wozniacki-Lourdes_Dominguez_Lino,Lourdes Dominguez Lino,S,20,26,2,3,0
20140113-W-Australian_Open-R64-Alla_Kudryavtseva-Angelique_Kerber,Alla Kudryavtseva,Total,55,9,22,16,2
20140113-W-Australian_Open-R64-Alla_Kudryavtseva-Angelique_Kerber,Alla Kudryavtseva,F,25,1,8,15,2
20140113-W-Australian_Open-R64-Alla_Kudryavtseva-Angelique_Kerber,Alla Kudryavtseva,B,30,8,14,1,0
20140113-W-Australian_Open-R64-Alla_Kudryavtseva-Angelique_Kerber,Angelique Kerber,Total,51,13,20,9,1
20140113-W-Australian_Open-R64-Alla_Kudryavtseva-Angelique_Kerber,Angelique Kerber,F,35,6,17,7,0
20140113-W-Australian_Open-R64-Alla_Kudryavtseva-Angelique_Kerber,Angelique Kerber,B,15,5,3,2,1
20140113-W-Australian_Open-R64-Alla_Kudryavtseva-Angelique_Kerber,Angelique Kerber,S,1,2,0,0,0
20140113-W-Australian_Open-R128-Venus_Williams-Kate_Makarova,Venus Williams,Total,114,73,30,46,2
20140113-W-Australian_Open-R128-Venus_Williams-Kate_Makarova,Venus Williams,F,80,46,16,33,1
20140113-W-Australian_Open-R128-Venus_Williams-Kate_Makarova,Venus Williams,B,34,25,12,13,1
20140113-W-Australian_Open-R128-Venus_Williams-Kate_Makarova,Venus Williams,S,0,2,2,0,0
20140113-W-Australian_Open-R128-Venus_Williams-Kate_Makarova,Kate Makarova,Total,113,99,24,20,6
20140113-W-Australian_Open-R128-Venus_Williams-Kate_Makarova,Kate Makarova,F,46,33,8,7,2
20140113-W-Australian_Open-R128-Venus_Williams-Kate_Makarova,Kate Makarova,B,67,66,16,13,4
20140113-W-Australian_Open-R128-Ana_Konjuh-Na_Li,Ana Konjuh,Total,33,48,4,10,0
20140113-W-Australian_Open-R128-Ana_Konjuh-Na_Li,Ana Konjuh,F,19,25,1,7,0
20140113-W-Australian_Open-R128-Ana_Konjuh-Na_Li,Ana Konjuh,B,10,19,1,3,0
20140113-W-Australian_Open-R128-Ana_Konjuh-Na_Li,Ana Konjuh,S,4,4,2,0,0
20140113-W-Australian_Open-R128-Ana_Konjuh-Na_Li,Na Li,Total,37,29,14,14,0
20140113-W-Australian_Open-R128-Ana_Konjuh-Na_Li,Na Li,F,24,17,7,9,0
20140113-W-Australian_Open-R128-Ana_Konjuh-Na_Li,Na Li,B,13,11,7,5,0
20140113-W-Australian_Open-R128-Ana_Konjuh-Na_Li,Na Li,S,0,1,0,0,0
20130826-W-US_Open-R128-Ying_Ying_Duan-Caroline_Wozniacki,Ying Ying Duan,Total,86,39,19,31,2
20130826-W-US_Open-R128-Ying_Ying_Duan-Caroline_Wozniacki,Ying Ying Duan,F,54,19,10,24,2
20130826-W-US_Open-R128-Ying_Ying_Duan-Caroline_Wozniacki,Ying Ying Duan,B,32,20,9,7,0
20130826-W-US_Open-R128-Ying_Ying_Duan-Caroline_Wozniacki,Caroline Wozniacki,Total,45,64,21,14,0
20130826-W-US_Open-R128-Ying_Ying_Duan-Caroline_Wozniacki,Caroline Wozniacki,F,27,31,16,8,0
20130826-W-US_Open-R128-Ying_Ying_Duan-Caroline_Wozniacki,Caroline Wozniacki,B,16,30,5,6,0
20130826-W-US_Open-R128-Ying_Ying_Duan-Caroline_Wozniacki,Caroline Wozniacki,S,2,3,0,0,0
20130826-W-US_Open-R128-Eugenie_Bouchard-Karolina_Pliskova,Eugenie Bouchard,Total,89,79,29,21,0
20130826-W-US_Open-R128-Eugenie_Bouchard-Karolina_Pliskova,Eugenie Bouchard,F,48,37,19,15,0
20130826-W-US_Open-R128-Eugenie_Bouchard-Karolina_Pliskova,Eugenie Bouchard,B,39,40,10,6,0
20130826-W-US_Open-R128-Eugenie_Bouchard-Karolina_Pliskova,Eugenie Bouchard,S,2,2,0,0,0
20130826-W-US_Open-R128-Eugenie_Bouchard-Karolina_Pliskova,Karolina Pliskova,Total,102,75,16,44,0
20130826-W-US_Open-R128-Eugenie_Bouchard-Karolina_Pliskova,Karolina Pliskova,F,51,33,7,25,0
20130826-W-US_Open-R128-Eugenie_Bouchard-Karolina_Pliskova,Karolina Pliskova,B,41,38,9,19,0
20130826-W-US_Open-R128-Eugenie_Bouchard-Karolina_Pliskova,Karolina Pliskova,S,10,4,0,0,0
20130826-W-US_Open-R128-Agnieszka_Radwanska-Silvia_Soler_Espinosa,Agnieszka Radwanska,Total,61,33,22,14,0
20130826-W-US_Open-R128-Agnieszka_Radwanska-Silvia_Soler_Espinosa,Agnieszka Radwanska,F,30,17,12,11,0
20130826-W-US_Open-R128-Agnieszka_Radwanska-Silvia_Soler_Espinosa,Agnieszka Radwanska,B,29,15,7,3,0
20130826-W-US_Open-R128-Agnieszka_Radwanska-Silvia_Soler_Espinosa,Agnieszka Radwanska,S,2,1,3,0,0
20130826-W-US_Open-R128-Agnieszka_Radwanska-Silvia_Soler_Espinosa,Silvia Soler Espinosa,Total,61,36,20,26,5
20130826-W-US_Open-R128-Agnieszka_Radwanska-Silvia_Soler_Espinosa,Silvia Soler Espinosa,F,40,14,9,23,5
20130826-W-US_Open-R128-Agnieszka_Radwanska-Silvia_Soler_Espinosa,Silvia Soler Espinosa,B,14,17,11,3,0
20130826-W-US_Open-R128-Agnieszka_Radwanska-Silvia_Soler_Espinosa,Silvia Soler Espinosa,S,7,5,0,0,0
20130124-W-Australian_Open-SF-Sloane_Stephens-Victoria_Azarenka,Sloane Stephens,Total,92,107,21,26,0
20130124-W-Australian_Open-SF-Sloane_Stephens-Victoria_Azarenka,Sloane Stephens,F,35,38,6,20,0
20130124-W-Australian_Open-SF-Sloane_Stephens-Victoria_Azarenka,Sloane Stephens,B,49,61,14,5,0
20130124-W-Australian_Open-SF-Sloane_Stephens-Victoria_Azarenka,Sloane Stephens,S,8,8,1,1,0
20130124-W-Australian_Open-SF-Sloane_Stephens-Victoria_Azarenka,Victoria Azarenka,Total,93,60,23,52,0
20130124-W-Australian_Open-SF-Sloane_Stephens-Victoria_Azarenka,Victoria Azarenka,F,36,23,17,40,0
20130124-W-Australian_Open-SF-Sloane_Stephens-Victoria_Azarenka,Victoria Azarenka,B,53,36,5,12,0
20130124-W-Australian_Open-SF-Sloane_Stephens-Victoria_Azarenka,Victoria Azarenka,S,4,1,1,0,0
20130123-W-Australian_Open-QF-Svetlana_Kuznetsova-Victoria_Azarenka,Svetlana Kuznetsova,Total,75,69,34,22,0
20130123-W-Australian_Open-QF-Svetlana_Kuznetsova-Victoria_Azarenka,Svetlana Kuznetsova,F,35,20,12,19,0
20130123-W-Australian_Open-QF-Svetlana_Kuznetsova-Victoria_Azarenka,Svetlana Kuznetsova,B,29,35,19,2,0
20130123-W-Australian_Open-QF-Svetlana_Kuznetsova-Victoria_Azarenka,Svetlana Kuznetsova,S,11,14,3,1,0
20130123-W-Australian_Open-QF-Svetlana_Kuznetsova-Victoria_Azarenka,Victoria Azarenka,Total,93,50,28,36,1
20130123-W-Australian_Open-QF-Svetlana_Kuznetsova-Victoria_Azarenka,Victoria Azarenka,F,40,22,18,31,0
20130123-W-Australian_Open-QF-Svetlana_Kuznetsova-Victoria_Azarenka,Victoria Azarenka,B,48,25,10,4,0
20130123-W-Australian_Open-QF-Svetlana_Kuznetsova-Victoria_Azarenka,Victoria Azarenka,S,5,3,0,1,1
20130120-W-Australian_Open-R16-Serena_Williams-Maria_Kirilenko,Serena Williams,Total,38,20,12,13,0
20130120-W-Australian_Open-R16-Serena_Williams-Maria_Kirilenko,Serena Williams,F,19,5,6,9,0
20130120-W-Australian_Open-R16-Serena_Williams-Maria_Kirilenko,Serena Williams,B,19,15,6,4,0
20130120-W-Australian_Open-R16-Serena_Williams-Maria_Kirilenko,Maria Kirilenko,Total,36,28,13,9,0
20130120-W-Australian_Open-R16-Serena_Williams-Maria_Kirilenko,Maria Kirilenko,F,13,10,8,9,0
20130120-W-Australian_Open-R16-Serena_Williams-Maria_Kirilenko,Maria Kirilenko,B,20,12,5,0,0
20130120-W-Australian_Open-R16-Serena_Williams-Maria_Kirilenko,Maria Kirilenko,S,3,6,0,0,0
20130120-W-Australian_Open-R16-Elena_Vesnina-Victoria_Azarenka,Elena Vesnina,Total,23,35,7,6,1
20130120-W-Australian_Open-R16-Elena_Vesnina-Victoria_Azarenka,Elena Vesnina,F,15,12,3,3,1
20130120-W-Australian_Open-R16-Elena_Vesnina-Victoria_Azarenka,Elena Vesnina,B,7,21,4,3,0
20130120-W-Australian_Open-R16-Elena_Vesnina-Victoria_Azarenka,Elena Vesnina,S,1,2,0,0,0
20130120-W-Australian_Open-R16-Elena_Vesnina-Victoria_Azarenka,Victoria Azarenka,Total,25,31,4,7,0
20130120-W-Australian_Open-R16-Elena_Vesnina-Victoria_Azarenka,Victoria Azarenka,F,14,13,3,5,0
20130120-W-Australian_Open-R16-Elena_Vesnina-Victoria_Azarenka,Victoria Azarenka,B,11,17,1,2,0
20130120-W-Australian_Open-R16-Elena_Vesnina-Victoria_Azarenka,Victoria Azarenka,S,0,1,0,0,0
20130120-W-Australian_Open-R16-Ana_Ivanovic-Agnieszka_Radwanska,Ana Ivanovic,Total,53,29,18,30,5
20130120-W-Australian_Open-R16-Ana_Ivanovic-Agnieszka_Radwanska,Ana Ivanovic,F,35,15,10,25,5
20130120-W-Australian_Open-R16-Ana_Ivanovic-Agnieszka_Radwanska,Ana Ivanovic,B,18,12,7,5,0
20130120-W-Australian_Open-R16-Ana_Ivanovic-Agnieszka_Radwanska,Ana Ivanovic,S,0,2,1,0,0
20130120-W-Australian_Open-R16-Ana_Ivanovic-Agnieszka_Radwanska,Agnieszka Radwanska,Total,32,46,19,13,1
20130120-W-Australian_Open-R16-Ana_Ivanovic-Agnieszka_Radwanska,Agnieszka Radwanska,F,12,18,7,10,1
20130120-W-Australian_Open-R16-Ana_Ivanovic-Agnieszka_Radwanska,Agnieszka Radwanska,B,14,21,9,3,0
20130120-W-Australian_Open-R16-Ana_Ivanovic-Agnieszka_Radwanska,Agnieszka Radwanska,S,6,7,3,0,0
20130119-W-Australian_Open-R32-Caroline_Wozniacki-Lesia_Tsurenko,Caroline Wozniacki,Total,86,131,17,34,0
20130119-W-Australian_Open-R32-Caroline_Wozniacki-Lesia_Tsurenko,Caroline Wozniacki,F,52,69,12,18,0
20130119-W-Australian_Open-R32-Caroline_Wozniacki-Lesia_Tsurenko,Caroline Wozniacki,B,33,59,5,16,0
20130119-W-Australian_Open-R32-Caroline_Wozniacki-Lesia_Tsurenko,Caroline Wozniacki,S,1,3,0,0,0
20130119-W-Australian_Open-R32-Caroline_Wozniacki-Lesia_Tsurenko,Lesia Tsurenko,Total,129,89,31,39,1
20130119-W-Australian_Open-R32-Caroline_Wozniacki-Lesia_Tsurenko,Lesia Tsurenko,F,83,54,16,28,1
20130119-W-Australian_Open-R32-Caroline_Wozniacki-Lesia_Tsurenko,Lesia Tsurenko,B,46,35,15,11,0
20130118-W-Australian_Open-R32-Victoria_Azarenka-Jamie_Hampton,Victoria Azarenka,Total,101,100,36,39,0
20130118-W-Australian_Open-R32-Victoria_Azarenka-Jamie_Hampton,Victoria Azarenka,F,44,33,20,22,0
20130118-W-Australian_Open-R32-Victoria_Azarenka-Jamie_Hampton,Victoria Azarenka,B,56,60,15,16,0
20130118-W-Australian_Open-R32-Victoria_Azarenka-Jamie_Hampton,Victoria Azarenka,S,1,7,1,1,0
20130118-W-Australian_Open-R32-Victoria_Azarenka-Jamie_Hampton,Jamie Hampton,Total,134,100,32,24,0
20130118-W-Australian_Open-R32-Victoria_Azarenka-Jamie_Hampton,Jamie Hampton,F,66,46,17,19,0
20130118-W-Australian_Open-R32-Victoria_Azarenka-Jamie_Hampton,Jamie Hampton,B,50,42,12,4,0
20130118-W-Australian_Open-R32-Victoria_Azarenka-Jamie_Hampton,Jamie Hampton,S,18,12,3,1,0
20130118-W-Australian_Open-R32-Venus_Williams-Maria_Sharapova,Venus Williams,Total,43,27,19,13,0
20130118-W-Australian_Open-R32-Venus_Williams-Maria_Sharapova,Venus Williams,F,21,15,11,10,0
20130118-W-Australian_Open-R32-Venus_Williams-Maria_Sharapova,Venus Williams,B,21,11,8,3,0
20130118-W-Australian_Open-R32-Venus_Williams-Maria_Sharapova,Venus Williams,S,1,1,0,0,0
20130118-W-Australian_Open-R32-Venus_Williams-Maria_Sharapova,Maria Sharapova,Total,51,21,18,15,1
20130118-W-Australian_Open-R32-Venus_Williams-Maria_Sharapova,Maria Sharapova,F,29,6,9,12,1
20130118-W-Australian_Open-R32-Venus_Williams-Maria_Sharapova,Maria Sharapova,B,21,14,9,3,0
20130118-W-Australian_Open-R32-Venus_Williams-Maria_Sharapova,Maria Sharapova,S,1,1,0,0,0
20130117-W-Australian_Open-R64-Victoria_Azarenka-Eleni_Daniilidou,Victoria Azarenka,Total,71,25,18,28,0
20130117-W-Australian_Open-R64-Victoria_Azarenka-Eleni_Daniilidou,Victoria Azarenka,F,17,7,11,21,0
20130117-W-Australian_Open-R64-Victoria_Azarenka-Eleni_Daniilidou,Victoria Azarenka,B,53,15,6,7,0
20130117-W-Australian_Open-R64-Victoria_Azarenka-Eleni_Daniilidou,Victoria Azarenka,S,1,3,1,0,0
20130117-W-Australian_Open-R64-Victoria_Azarenka-Eleni_Daniilidou,Eleni Daniilidou,Total,64,51,7,16,2
20130117-W-Australian_Open-R64-Victoria_Azarenka-Eleni_Daniilidou,Eleni Daniilidou,F,20,14,1,16,2
20130117-W-Australian_Open-R64-Victoria_Azarenka-Eleni_Daniilidou,Eleni Daniilidou,B,25,15,1,0,0
20130117-W-Australian_Open-R64-Victoria_Azarenka-Eleni_Daniilidou,Eleni Daniilidou,S,19,22,5,0,0
20130117-W-Australian_Open-R64-Laura_Robson-Petra_Kvitova,Laura Robson,Total,55,83,22,20,1
20130117-W-Australian_Open-R64-Laura_Robson-Petra_Kvitova,Laura Robson,F,35,38,9,14,1
20130117-W-Australian_Open-R64-Laura_Robson-Petra_Kvitova,Laura Robson,B,20,42,11,6,0
20130117-W-Australian_Open-R64-Laura_Robson-Petra_Kvitova,Laura Robson,S,0,3,2,0,0
20130117-W-Australian_Open-R64-Laura_Robson-Petra_Kvitova,Petra Kvitova,Total,58,73,20,40,0
20130117-W-Australian_Open-R64-Laura_Robson-Petra_Kvitova,Petra Kvitova,F,29,36,14,29,0
20130117-W-Australian_Open-R64-Laura_Robson-Petra_Kvitova,Petra Kvitova,B,26,34,6,9,0
20130117-W-Australian_Open-R64-Laura_Robson-Petra_Kvitova,Petra Kvitova,S,3,3,0,2,0
20130117-W-Australian_Open-R64-Garbine_Muguruza-Serena_Williams,Garbine Muguruza,Total,41,34,11,8,0
20130117-W-Australian_Open-R64-Garbine_Muguruza-Serena_Williams,Garbine Muguruza,F,23,16,7,6,0
20130117-W-Australian_Open-R64-Garbine_Muguruza-Serena_Williams,Garbine Muguruza,B,18,18,4,2,0
20130117-W-Australian_Open-R64-Garbine_Muguruza-Serena_Williams,Serena Williams,Total,44,22,8,10,0
20130117-W-Australian_Open-R64-Garbine_Muguruza-Serena_Williams,Serena Williams,F,26,11,3,5,0
20130117-W-Australian_Open-R64-Garbine_Muguruza-Serena_Williams,Serena Williams,B,17,9,5,5,0
20130117-W-Australian_Open-R64-Garbine_Muguruza-Serena_Williams,Serena Williams,S,1,2,0,0,0
20130117-W-Australian_Open-R32-Jelena_Jankovic-Ana_Ivanovic,Jelena Jankovic,Total,58,24,64,31,1
20130117-W-Australian_Open-R32-Jelena_Jankovic-Ana_Ivanovic,Jelena Jankovic,F,32,7,43,22,1
20130117-W-Australian_Open-R32-Jelena_Jankovic-Ana_Ivanovic,Jelena Jankovic,B,22,13,20,9,0
20130117-W-Australian_Open-R32-Jelena_Jankovic-Ana_Ivanovic,Jelena Jankovic,S,4,4,1,0,0
20130117-W-Australian_Open-R32-Jelena_Jankovic-Ana_Ivanovic,Ana Ivanovic,Total,81,35,49,18,8
20130117-W-Australian_Open-R32-Jelena_Jankovic-Ana_Ivanovic,Ana Ivanovic,F,41,13,13,16,8
20130117-W-Australian_Open-R32-Jelena_Jankovic-Ana_Ivanovic,Ana Ivanovic,B,39,16,32,1,0
20130117-W-Australian_Open-R32-Jelena_Jankovic-Ana_Ivanovic,Ana Ivanovic,S,1,6,4,1,0
20130116-W-Australian_Open-R64-Julia_Goerges-Romina_Oprandi,Julia Goerges,Total,41,15,17,18,4
20130116-W-Australian_Open-R64-Julia_Goerges-Romina_Oprandi,Julia Goerges,F,29,9,9,16,4
20130116-W-Australian_Open-R64-Julia_Goerges-Romina_Oprandi,Julia Goerges,B,12,6,6,2,0
20130116-W-Australian_Open-R64-Julia_Goerges-Romina_Oprandi,Julia Goerges,S,0,0,2,0,0
20130116-W-Australian_Open-R64-Julia_Goerges-Romina_Oprandi,Romina Oprandi,Total,36,26,14,10,0
20130116-W-Australian_Open-R64-Julia_Goerges-Romina_Oprandi,Romina Oprandi,F,20,13,9,7,0
20130116-W-Australian_Open-R64-Julia_Goerges-Romina_Oprandi,Romina Oprandi,B,11,8,3,2,0
20130116-W-Australian_Open-R64-Julia_Goerges-Romina_Oprandi,Romina Oprandi,S,5,5,2,1,0
20130115-W-Australian_Open-R128-Victoria_Azarenka-Monica_Niculescu,Victoria Azarenka,Total,128,58,36,54,1
20130115-W-Australian_Open-R128-Victoria_Azarenka-Monica_Niculescu,Victoria Azarenka,F,74,25,27,38,1
20130115-W-Australian_Open-R128-Victoria_Azarenka-Monica_Niculescu,Victoria Azarenka,B,54,31,9,16,0
20130115-W-Australian_Open-R128-Victoria_Azarenka-Monica_Niculescu,Victoria Azarenka,S,0,2,0,0,0
20130115-W-Australian_Open-R128-Victoria_Azarenka-Monica_Niculescu,Monica Niculescu,Total,36,89,18,14,0
20130115-W-Australian_Open-R128-Victoria_Azarenka-Monica_Niculescu,Monica Niculescu,F,4,5,3,4,0
20130115-W-Australian_Open-R128-Victoria_Azarenka-Monica_Niculescu,Monica Niculescu,B,29,78,15,9,0
20130115-W-Australian_Open-R128-Victoria_Azarenka-Monica_Niculescu,Monica Niculescu,S,3,6,0,1,0
20130115-W-Australian_Open-R128-Nadia_Petrova-Kimiko_Date_Krumm,Nadia Petrova,Total,57,25,20,22,0
20130115-W-Australian_Open-R128-Nadia_Petrova-Kimiko_Date_Krumm,Nadia Petrova,F,36,10,12,12,0
20130115-W-Australian_Open-R128-Nadia_Petrova-Kimiko_Date_Krumm,Nadia Petrova,B,17,13,2,8,0
20130115-W-Australian_Open-R128-Nadia_Petrova-Kimiko_Date_Krumm,Nadia Petrova,S,4,2,6,2,0
20130115-W-Australian_Open-R128-Nadia_Petrova-Kimiko_Date_Krumm,Kimiko Date Krumm,Total,57,37,26,12,1
20130115-W-Australian_Open-R128-Nadia_Petrova-Kimiko_Date_Krumm,Kimiko Date Krumm,F,34,21,12,7,1
20130115-W-Australian_Open-R128-Nadia_Petrova-Kimiko_Date_Krumm,Kimiko Date Krumm,B,21,12,11,5,0
20130115-W-Australian_Open-R128-Nadia_Petrova-Kimiko_Date_Krumm,Kimiko Date Krumm,S,2,4,3,0,0
20120907-W-US_Open-SF-Serena_Williams-Sara_Errani,Serena Williams,Total,71,10,27,10,0
20120907-W-US_Open-SF-Serena_Williams-Sara_Errani,Serena Williams,F,26,3,9,8,0
20120907-W-US_Open-SF-Serena_Williams-Sara_Errani,Serena Williams,B,44,7,18,2,0
20120907-W-US_Open-SF-Serena_Williams-Sara_Errani,Serena Williams,S,1,0,0,0,0
20120907-W-US_Open-SF-Serena_Williams-Sara_Errani,Sara Errani,Total,47,35,17,16,3
20120907-W-US_Open-SF-Serena_Williams-Sara_Errani,Sara Errani,F,14,16,11,14,3
20120907-W-US_Open-SF-Serena_Williams-Sara_Errani,Sara Errani,B,29,16,5,1,0
20120907-W-US_Open-SF-Serena_Williams-Sara_Errani,Sara Errani,S,4,3,1,1,0
20120902-W-US_Open-R16-Andrea_Hlavackova-Serena_Williams,Andrea Hlavackova,Total,27,10,13,4,1
20120902-W-US_Open-R16-Andrea_Hlavackova-Serena_Williams,Andrea Hlavackova,F,14,6,6,4,1
20120902-W-US_Open-R16-Andrea_Hlavackova-Serena_Williams,Andrea Hlavackova,B,12,4,7,0,0
20120902-W-US_Open-R16-Andrea_Hlavackova-Serena_Williams,Andrea Hlavackova,S,1,0,0,0,0
20120902-W-US_Open-R16-Andrea_Hlavackova-Serena_Williams,Serena Williams,Total,30,13,4,6,0
20120902-W-US_Open-R16-Andrea_Hlavackova-Serena_Williams,Serena Williams,F,14,7,2,4,0
20120902-W-US_Open-R16-Andrea_Hlavackova-Serena_Williams,Serena Williams,B,16,6,2,2,0
20120829-W-US_Open-R64-Maria_Sharapova-Lourdes_Dominguez_Lino,Maria Sharapova,Total,39,7,15,30,2
20120829-W-US_Open-R64-Maria_Sharapova-Lourdes_Dominguez_Lino,Maria Sharapova,F,25,4,8,29,2
20120829-W-US_Open-R64-Maria_Sharapova-Lourdes_Dominguez_Lino,Maria Sharapova,B,13,2,6,1,0
20120829-W-US_Open-R64-Maria_Sharapova-Lourdes_Dominguez_Lino,Maria Sharapova,S,1,1,1,0,0
20120829-W-US_Open-R64-Maria_Sharapova-Lourdes_Dominguez_Lino,Lourdes Dominguez Lino,Total,30,31,8,4,0
20120829-W-US_Open-R64-Maria_Sharapova-Lourdes_Dominguez_Lino,Lourdes Dominguez Lino,F,11,11,2,2,0
20120829-W-US_Open-R64-Maria_Sharapova-Lourdes_Dominguez_Lino,Lourdes Dominguez Lino,B,0,0,1,0,0
20120829-W-US_Open-R64-Maria_Sharapova-Lourdes_Dominguez_Lino,Lourdes Dominguez Lino,S,19,20,5,2,0
20120828-W-US_Open-R128-Venus_Williams-Bethanie_Mattek_Sands,Venus Williams,Total,14,17,4,7,0
20120828-W-US_Open-R128-Venus_Williams-Bethanie_Mattek_Sands,Venus Williams,F,7,7,1,6,0
20120828-W-US_Open-R128-Venus_Williams-Bethanie_Mattek_Sands,Venus Williams,B,6,10,3,1,0
20120828-W-US_Open-R128-Venus_Williams-Bethanie_Mattek_Sands,Venus Williams,S,1,0,0,0,0
20120828-W-US_Open-R128-Venus_Williams-Bethanie_Mattek_Sands,Bethanie Mattek Sands,Total,10,20,3,8,1
20120828-W-US_Open-R128-Venus_Williams-Bethanie_Mattek_Sands,Bethanie Mattek Sands,F,6,9,2,5,0
20120828-W-US_Open-R128-Venus_Williams-Bethanie_Mattek_Sands,Bethanie Mattek Sands,B,1,7,1,3,0
20120828-W-US_Open-R128-Venus_Williams-Bethanie_Mattek_Sands,Bethanie Mattek Sands,S,3,4,0,0,1
20120128-W-Australian_Open-F-Victoria_Azarenka-Maria_Sharapova,Victoria Azarenka,Total,69,39,43,11,0
20120128-W-Australian_Open-F-Victoria_Azarenka-Maria_Sharapova,Victoria Azarenka,F,41,9,27,7,0
20120128-W-Australian_Open-F-Victoria_Azarenka-Maria_Sharapova,Victoria Azarenka,B,24,28,15,4,0
20120128-W-Australian_Open-F-Victoria_Azarenka-Maria_Sharapova,Victoria Azarenka,S,4,2,1,0,0
20120128-W-Australian_Open-F-Victoria_Azarenka-Maria_Sharapova,Maria Sharapova,Total,82,26,30,29,2
20120128-W-Australian_Open-F-Victoria_Azarenka-Maria_Sharapova,Maria Sharapova,F,42,13,17,20,2
20120128-W-Australian_Open-F-Victoria_Azarenka-Maria_Sharapova,Maria Sharapova,B,38,12,13,9,0
20120128-W-Australian_Open-F-Victoria_Azarenka-Maria_Sharapova,Maria Sharapova,S,2,1,0,0,0
20120126-W-Australian_Open-SF-Petra_Kvitova-Maria_Sharapova,Petra Kvitova,Total,107,47,30,24,0
20120126-W-Australian_Open-SF-Petra_Kvitova-Maria_Sharapova,Petra Kvitova,F,72,26,21,13,0
20120126-W-Australian_Open-SF-Petra_Kvitova-Maria_Sharapova,Petra Kvitova,B,30,17,8,11,0
20120126-W-Australian_Open-SF-Petra_Kvitova-Maria_Sharapova,Petra Kvitova,S,5,4,1,0,0
20120126-W-Australian_Open-SF-Petra_Kvitova-Maria_Sharapova,Maria Sharapova,Total,102,59,24,28,1
20120126-W-Australian_Open-SF-Petra_Kvitova-Maria_Sharapova,Maria Sharapova,F,48,18,17,24,1
20120126-W-Australian_Open-SF-Petra_Kvitova-Maria_Sharapova,Maria Sharapova,B,52,39,7,4,0
20120126-W-Australian_Open-SF-Petra_Kvitova-Maria_Sharapova,Maria Sharapova,S,2,2,0,0,0
20120124-W-Australian_Open-QF-Caroline_Wozniacki-Kim_Clijsters,Caroline Wozniacki,Total,128,75,54,32,0
20120124-W-Australian_Open-QF-Caroline_Wozniacki-Kim_Clijsters,Caroline Wozniacki,F,69,26,40,22,0
20120124-W-Australian_Open-QF-Caroline_Wozniacki-Kim_Clijsters,Caroline Wozniacki,B,59,49,14,10,0
20120124-W-Australian_Open-QF-Caroline_Wozniacki-Kim_Clijsters,Kim Clijsters,Total,152,57,46,33,0
20120124-W-Australian_Open-QF-Caroline_Wozniacki-Kim_Clijsters,Kim Clijsters,F,66,19,15,21,0
20120124-W-Australian_Open-QF-Caroline_Wozniacki-Kim_Clijsters,Kim Clijsters,B,78,37,31,12,0
20120124-W-Australian_Open-QF-Caroline_Wozniacki-Kim_Clijsters,Kim Clijsters,S,8,1,0,0,0
20120122-W-Australian_Open-R16-Kim_Clijsters-Na_Li,Kim Clijsters,Total,146,27,34,13,4
20120122-W-Australian_Open-R16-Kim_Clijsters-Na_Li,Kim Clijsters,F,88,10,22,10,4
20120122-W-Australian_Open-R16-Kim_Clijsters-Na_Li,Kim Clijsters,B,49,14,12,3,0
20120122-W-Australian_Open-R16-Kim_Clijsters-Na_Li,Kim Clijsters,S,9,3,0,0,0
20120122-W-Australian_Open-R16-Kim_Clijsters-Na_Li,Na Li,Total,113,41,64,21,2
20120122-W-Australian_Open-R16-Kim_Clijsters-Na_Li,Na Li,F,71,20,30,12,2
20120122-W-Australian_Open-R16-Kim_Clijsters-Na_Li,Na Li,B,42,20,34,9,0
20120122-W-Australian_Open-R16-Kim_Clijsters-Na_Li,Na Li,S,0,1,0,0,0
20120122-W-Australian_Open-R16-Jelena_Jankovic-Caroline_Wozniacki,Jelena Jankovic,Total,98,101,63,45,0
20120122-W-Australian_Open-R16-Jelena_Jankovic-Caroline_Wozniacki,Jelena Jankovic,F,68,45,38,26,0
20120122-W-Australian_Open-R16-Jelena_Jankovic-Caroline_Wozniacki,Jelena Jankovic,B,28,46,21,18,0
20120122-W-Australian_Open-R16-Jelena_Jankovic-Caroline_Wozniacki,Jelena Jankovic,S,2,10,4,1,0
20120122-W-Australian_Open-R16-Jelena_Jankovic-Caroline_Wozniacki,Caroline Wozniacki,Total,154,101,33,17,0
20120122-W-Australian_Open-R16-Jelena_Jankovic-Caroline_Wozniacki,Caroline Wozniacki,F,105,48,21,8,0
20120122-W-Australian_Open-R16-Jelena_Jankovic-Caroline_Wozniacki,Caroline Wozniacki,B,47,50,10,9,0
20120122-W-Australian_Open-R16-Jelena_Jankovic-Caroline_Wozniacki,Caroline Wozniacki,S,2,3,2,0,0
20120120-W-Australian_Open-R32-Caroline_Wozniacki-Monica_Niculescu,Caroline Wozniacki,Total,144,43,37,38,1
20120120-W-Australian_Open-R32-Caroline_Wozniacki-Monica_Niculescu,Caroline Wozniacki,F,104,20,21,26,1
20120120-W-Australian_Open-R32-Caroline_Wozniacki-Monica_Niculescu,Caroline Wozniacki,B,39,22,15,12,0
20120120-W-Australian_Open-R32-Caroline_Wozniacki-Monica_Niculescu,Caroline Wozniacki,S,1,1,1,0,0
20120120-W-Australian_Open-R32-Caroline_Wozniacki-Monica_Niculescu,Monica Niculescu,Total,78,74,18,20,1
20120120-W-Australian_Open-R32-Caroline_Wozniacki-Monica_Niculescu,Monica Niculescu,F,42,31,7,4,0
20120120-W-Australian_Open-R32-Caroline_Wozniacki-Monica_Niculescu,Monica Niculescu,B,34,36,11,16,1
20120120-W-Australian_Open-R32-Caroline_Wozniacki-Monica_Niculescu,Monica Niculescu,S,2,7,0,0,0
20120120-W-Australian_Open-R32-Angelique_Kerber-Maria_Sharapova,Angelique Kerber,Total,56,46,31,23,0
20120120-W-Australian_Open-R32-Angelique_Kerber-Maria_Sharapova,Angelique Kerber,F,37,16,17,19,0
20120120-W-Australian_Open-R32-Angelique_Kerber-Maria_Sharapova,Angelique Kerber,B,15,27,5,2,0
20120120-W-Australian_Open-R32-Angelique_Kerber-Maria_Sharapova,Angelique Kerber,S,4,3,9,2,0
20120120-W-Australian_Open-R32-Angelique_Kerber-Maria_Sharapova,Maria Sharapova,Total,87,24,25,23,1
20120120-W-Australian_Open-R32-Angelique_Kerber-Maria_Sharapova,Maria Sharapova,F,41,15,15,19,1
20120120-W-Australian_Open-R32-Angelique_Kerber-Maria_Sharapova,Maria Sharapova,B,43,8,10,4,0
20120120-W-Australian_Open-R32-Angelique_Kerber-Maria_Sharapova,Maria Sharapova,S,3,1,0,0,0
20120116-W-Australian_Open-R128-Na_Li-Ksenia_Pervak,Na Li,Total,88,32,24,18,0
20120116-W-Australian_Open-R128-Na_Li-Ksenia_Pervak,Na Li,F,68,24,15,15,0
20120116-W-Australian_Open-R128-Na_Li-Ksenia_Pervak,Na Li,B,20,8,9,3,0
20120116-W-Australian_Open-R128-Na_Li-Ksenia_Pervak,Ksenia Pervak,Total,83,45,22,9,0
20120116-W-Australian_Open-R128-Na_Li-Ksenia_Pervak,Ksenia Pervak,F,27,16,16,7,0
20120116-W-Australian_Open-R128-Na_Li-Ksenia_Pervak,Ksenia Pervak,B,54,29,6,2,0
20120116-W-Australian_Open-R128-Na_Li-Ksenia_Pervak,Ksenia Pervak,S,2,0,0,0,0
20120116-W-Australian_Open-R128-Caroline_Wozniacki-Anastasia_Rodionova,Caroline Wozniacki,Total,88,69,17,27,0
20120116-W-Australian_Open-R128-Caroline_Wozniacki-Anastasia_Rodionova,Caroline Wozniacki,F,48,38,12,15,0
20120116-W-Australian_Open-R128-Caroline_Wozniacki-Anastasia_Rodionova,Caroline Wozniacki,B,39,30,5,12,0
20120116-W-Australian_Open-R128-Caroline_Wozniacki-Anastasia_Rodionova,Caroline Wozniacki,S,1,1,0,0,0
20120116-W-Australian_Open-R128-Caroline_Wozniacki-Anastasia_Rodionova,Anastasia Rodionova,Total,94,72,16,26,0
20120116-W-Australian_Open-R128-Caroline_Wozniacki-Anastasia_Rodionova,Anastasia Rodionova,F,57,26,6,15,0
20120116-W-Australian_Open-R128-Caroline_Wozniacki-Anastasia_Rodionova,Anastasia Rodionova,B,37,44,10,11,0
20120116-W-Australian_Open-R128-Caroline_Wozniacki-Anastasia_Rodionova,Anastasia Rodionova,S,0,2,0,0,0
20110910-W-US_Open-SF-Samantha_Stosur-Angelique_Kerber,Samantha Stosur,Total,67,64,52,42,5
20110910-W-US_Open-SF-Samantha_Stosur-Angelique_Kerber,Samantha Stosur,F,47,25,36,40,5
20110910-W-US_Open-SF-Samantha_Stosur-Angelique_Kerber,Samantha Stosur,B,8,22,9,1,0
20110910-W-US_Open-SF-Samantha_Stosur-Angelique_Kerber,Samantha Stosur,S,12,17,7,1,0
20110910-W-US_Open-SF-Samantha_Stosur-Angelique_Kerber,Angelique Kerber,Total,110,37,24,29,1
20110910-W-US_Open-SF-Samantha_Stosur-Angelique_Kerber,Angelique Kerber,F,63,12,21,20,1
20110910-W-US_Open-SF-Samantha_Stosur-Angelique_Kerber,Angelique Kerber,B,46,20,3,8,0
20110910-W-US_Open-SF-Samantha_Stosur-Angelique_Kerber,Angelique Kerber,S,1,5,0,1,0
20110910-W-US_Open-F-Serena_Williams-Samantha_Stosur,Serena Williams,Total,78,23,25,20,0
20110910-W-US_Open-F-Serena_Williams-Samantha_Stosur,Serena Williams,F,39,10,11,11,0
20110910-W-US_Open-F-Serena_Williams-Samantha_Stosur,Serena Williams,B,37,10,14,9,0
20110910-W-US_Open-F-Serena_Williams-Samantha_Stosur,Serena Williams,S,2,3,0,0,0
20110910-W-US_Open-F-Serena_Williams-Samantha_Stosur,Samantha Stosur,Total,52,30,31,18,3
20110910-W-US_Open-F-Serena_Williams-Samantha_Stosur,Samantha Stosur,F,26,13,23,18,3
20110910-W-US_Open-F-Serena_Williams-Samantha_Stosur,Samantha Stosur,B,15,11,4,0,0
20110910-W-US_Open-F-Serena_Williams-Samantha_Stosur,Samantha Stosur,S,11,6,4,0,0
20110127-W-Australian_Open-SF-Caroline_Wozniacki-Na_Li,Caroline Wozniacki,Total,182,111,65,30,0
20110127-W-Australian_Open-SF-Caroline_Wozniacki-Na_Li,Caroline Wozniacki,F,118,47,46,15,0
20110127-W-Australian_Open-SF-Caroline_Wozniacki-Na_Li,Caroline Wozniacki,B,60,57,18,15,0
20110127-W-Australian_Open-SF-Caroline_Wozniacki-Na_Li,Caroline Wozniacki,S,4,7,1,0,0
20110127-W-Australian_Open-SF-Caroline_Wozniacki-Na_Li,Na Li,Total,216,73,82,41,0
20110127-W-Australian_Open-SF-Caroline_Wozniacki-Na_Li,Na Li,F,131,22,40,16,0
20110127-W-Australian_Open-SF-Caroline_Wozniacki-Na_Li,Na Li,B,84,49,42,25,0
20110127-W-Australian_Open-SF-Caroline_Wozniacki-Na_Li,Na Li,S,1,2,0,0,0
20110126-W-Australian_Open-QF-Agnieszka_Radwanska-Kim_Clijsters,Agnieszka Radwanska,Total,85,73,47,31,0
20110126-W-Australian_Open-QF-Agnieszka_Radwanska-Kim_Clijsters,Agnieszka Radwanska,F,52,26,22,20,0
20110126-W-Australian_Open-QF-Agnieszka_Radwanska-Kim_Clijsters,Agnieszka Radwanska,B,28,38,23,9,0
20110126-W-Australian_Open-QF-Agnieszka_Radwanska-Kim_Clijsters,Agnieszka Radwanska,S,5,9,2,2,0
20110126-W-Australian_Open-QF-Agnieszka_Radwanska-Kim_Clijsters,Kim Clijsters,Total,165,36,34,31,0
20110126-W-Australian_Open-QF-Agnieszka_Radwanska-Kim_Clijsters,Kim Clijsters,F,88,18,21,26,0
20110126-W-Australian_Open-QF-Agnieszka_Radwanska-Kim_Clijsters,Kim Clijsters,B,70,15,13,5,0
20110126-W-Australian_Open-QF-Agnieszka_Radwanska-Kim_Clijsters,Kim Clijsters,S,7,3,0,0,0
20110125-W-Australian_Open-QF-Francesca_Schiavone-Caroline_Wozniacki,Francesca Schiavone,Total,134,99,53,50,4
20110125-W-Australian_Open-QF-Francesca_Schiavone-Caroline_Wozniacki,Francesca Schiavone,F,56,40,24,39,4
20110125-W-Australian_Open-QF-Francesca_Schiavone-Caroline_Wozniacki,Francesca Schiavone,B,54,36,19,10,0
20110125-W-Australian_Open-QF-Francesca_Schiavone-Caroline_Wozniacki,Francesca Schiavone,S,24,23,10,1,0
20110125-W-Australian_Open-QF-Francesca_Schiavone-Caroline_Wozniacki,Caroline Wozniacki,Total,176,86,36,40,1
20110125-W-Australian_Open-QF-Francesca_Schiavone-Caroline_Wozniacki,Caroline Wozniacki,F,71,47,15,31,1
20110125-W-Australian_Open-QF-Francesca_Schiavone-Caroline_Wozniacki,Caroline Wozniacki,B,100,36,19,9,0
20110125-W-Australian_Open-QF-Francesca_Schiavone-Caroline_Wozniacki,Caroline Wozniacki,S,5,3,2,0,0
20110123-W-Australian_Open-R16-Francesca_Schiavone-Svetlana_Kuznetsova,Francesca Schiavone,Total,260,150,83,68,12
20110123-W-Australian_Open-R16-Francesca_Schiavone-Svetlana_Kuznetsova,Francesca Schiavone,F,103,55,48,59,12
20110123-W-Australian_Open-R16-Francesca_Schiavone-Svetlana_Kuznetsova,Francesca Schiavone,B,80,64,21,5,0
20110123-W-Australian_Open-R16-Francesca_Schiavone-Svetlana_Kuznetsova,Francesca Schiavone,S,77,31,14,4,0
20110123-W-Australian_Open-R16-Francesca_Schiavone-Svetlana_Kuznetsova,Svetlana Kuznetsova,Total,273,133,99,66,7
20110123-W-Australian_Open-R16-Francesca_Schiavone-Svetlana_Kuznetsova,Svetlana Kuznetsova,F,111,60,54,57,7
20110123-W-Australian_Open-R16-Francesca_Schiavone-Svetlana_Kuznetsova,Svetlana Kuznetsova,B,146,64,39,8,0
20110123-W-Australian_Open-R16-Francesca_Schiavone-Svetlana_Kuznetsova,Svetlana Kuznetsova,S,16,9,6,1,0
20110123-W-Australian_Open-R16-Caroline_Wozniacki-Anastasija_Sevastova,Caroline Wozniacki,Total,103,52,23,28,1
20110123-W-Australian_Open-R16-Caroline_Wozniacki-Anastasija_Sevastova,Caroline Wozniacki,F,58,30,18,24,0
20110123-W-Australian_Open-R16-Caroline_Wozniacki-Anastasija_Sevastova,Caroline Wozniacki,B,45,20,5,4,1
20110123-W-Australian_Open-R16-Caroline_Wozniacki-Anastasija_Sevastova,Caroline Wozniacki,S,0,2,0,0,0
20110123-W-Australian_Open-R16-Caroline_Wozniacki-Anastasija_Sevastova,Anastasija Sevastova,Total,93,64,35,26,0
20110123-W-Australian_Open-R16-Caroline_Wozniacki-Anastasija_Sevastova,Anastasija Sevastova,F,55,17,9,14,0
20110123-W-Australian_Open-R16-Caroline_Wozniacki-Anastasija_Sevastova,Anastasija Sevastova,B,36,39,22,12,0
20110123-W-Australian_Open-R16-Caroline_Wozniacki-Anastasija_Sevastova,Anastasija Sevastova,S,2,8,4,0,0
20110123-W-Australian_Open-R16-Andrea_Petkovic-Maria_Sharapova,Andrea Petkovic,Total,71,35,12,10,0
20110123-W-Australian_Open-R16-Andrea_Petkovic-Maria_Sharapova,Andrea Petkovic,F,46,14,7,6,0
20110123-W-Australian_Open-R16-Andrea_Petkovic-Maria_Sharapova,Andrea Petkovic,B,22,19,4,4,0
20110123-W-Australian_Open-R16-Andrea_Petkovic-Maria_Sharapova,Andrea Petkovic,S,3,2,1,0,0
20110123-W-Australian_Open-R16-Andrea_Petkovic-Maria_Sharapova,Maria Sharapova,Total,61,34,16,18,0
20110123-W-Australian_Open-R16-Andrea_Petkovic-Maria_Sharapova,Maria Sharapova,F,34,19,12,11,0
20110123-W-Australian_Open-R16-Andrea_Petkovic-Maria_Sharapova,Maria Sharapova,B,27,15,4,7,0
20110121-W-Australian_Open-R32-Caroline_Wozniacki-Dominika_Cibulkova,Caroline Wozniacki,Total,83,70,15,14,0
20110121-W-Australian_Open-R32-Caroline_Wozniacki-Dominika_Cibulkova,Caroline Wozniacki,F,29,30,8,11,0
20110121-W-Australian_Open-R32-Caroline_Wozniacki-Dominika_Cibulkova,Caroline Wozniacki,B,52,40,7,3,0
20110121-W-Australian_Open-R32-Caroline_Wozniacki-Dominika_Cibulkova,Caroline Wozniacki,S,2,0,0,0,0
20110121-W-Australian_Open-R32-Caroline_Wozniacki-Dominika_Cibulkova,Dominika Cibulkova,Total,97,58,16,38,4
20110121-W-Australian_Open-R32-Caroline_Wozniacki-Dominika_Cibulkova,Dominika Cibulkova,F,50,32,9,38,4
20110121-W-Australian_Open-R32-Caroline_Wozniacki-Dominika_Cibulkova,Dominika Cibulkova,B,45,25,7,0,0
20110121-W-Australian_Open-R32-Caroline_Wozniacki-Dominika_Cibulkova,Dominika Cibulkova,S,2,1,0,0,0
20110119-W-Australian_Open-R64-Vania_King-Caroline_Wozniacki,Vania King,Total,67,53,26,15,1
20110119-W-Australian_Open-R64-Vania_King-Caroline_Wozniacki,Vania King,F,31,24,12,9,1
20110119-W-Australian_Open-R64-Vania_King-Caroline_Wozniacki,Vania King,B,31,25,13,6,0
20110119-W-Australian_Open-R64-Vania_King-Caroline_Wozniacki,Vania King,S,5,4,1,0,0
20110119-W-Australian_Open-R64-Vania_King-Caroline_Wozniacki,Caroline Wozniacki,Total,81,38,29,21,1
20110119-W-Australian_Open-R64-Vania_King-Caroline_Wozniacki,Caroline Wozniacki,F,37,18,18,14,1
20110119-W-Australian_Open-R64-Vania_King-Caroline_Wozniacki,Caroline Wozniacki,B,44,19,11,7,0
20110119-W-Australian_Open-R64-Vania_King-Caroline_Wozniacki,Caroline Wozniacki,S,0,1,0,0,0
20110117-W-Australian_Open-R128-Caroline_Wozniacki-Gisela_Dulko,Caroline Wozniacki,Total,136,60,36,23,0
20110117-W-Australian_Open-R128-Caroline_Wozniacki-Gisela_Dulko,Caroline Wozniacki,F,59,30,23,16,0
20110117-W-Australian_Open-R128-Caroline_Wozniacki-Gisela_Dulko,Caroline Wozniacki,B,73,28,12,7,0
20110117-W-Australian_Open-R128-Caroline_Wozniacki-Gisela_Dulko,Caroline Wozniacki,S,4,2,1,0,0
20110117-W-Australian_Open-R128-Caroline_Wozniacki-Gisela_Dulko,Gisela Dulko,Total,100,54,53,35,7
20110117-W-Australian_Open-R128-Caroline_Wozniacki-Gisela_Dulko,Gisela Dulko,F,61,14,26,27,7
20110117-W-Australian_Open-R128-Caroline_Wozniacki-Gisela_Dulko,Gisela Dulko,B,27,35,24,7,0
20110117-W-Australian_Open-R128-Caroline_Wozniacki-Gisela_Dulko,Gisela Dulko,S,12,5,3,1,0
20100906-W-US_Open-R16-Caroline_Wozniacki-Maria_Sharapova,Caroline Wozniacki,Total,104,125,12,23,0
20100906-W-US_Open-R16-Caroline_Wozniacki-Maria_Sharapova,Caroline Wozniacki,F,55,65,5,16,0
20100906-W-US_Open-R16-Caroline_Wozniacki-Maria_Sharapova,Caroline Wozniacki,B,44,52,7,7,0
20100906-W-US_Open-R16-Caroline_Wozniacki-Maria_Sharapova,Caroline Wozniacki,S,5,8,0,0,0
20100906-W-US_Open-R16-Caroline_Wozniacki-Maria_Sharapova,Maria Sharapova,Total,119,85,25,32,1
20100906-W-US_Open-R16-Caroline_Wozniacki-Maria_Sharapova,Maria Sharapova,F,64,47,10,20,1
20100906-W-US_Open-R16-Caroline_Wozniacki-Maria_Sharapova,Maria Sharapova,B,55,37,15,12,0
20100906-W-US_Open-R16-Caroline_Wozniacki-Maria_Sharapova,Maria Sharapova,S,0,1,0,0,0
20100902-W-US_Open-R64-Kim_Clijsters-Sally_Peers,Kim Clijsters,Total,42,25,4,17,1
20100902-W-US_Open-R64-Kim_Clijsters-Sally_Peers,Kim Clijsters,F,25,8,2,17,1
20100902-W-US_Open-R64-Kim_Clijsters-Sally_Peers,Kim Clijsters,B,17,10,2,0,0
20100902-W-US_Open-R64-Kim_Clijsters-Sally_Peers,Kim Clijsters,S,0,7,0,0,0
20100902-W-US_Open-R64-Kim_Clijsters-Sally_Peers,Sally Peers,Total,30,30,11,17,0
20100902-W-US_Open-R64-Kim_Clijsters-Sally_Peers,Sally Peers,F,15,13,3,16,0
20100902-W-US_Open-R64-Kim_Clijsters-Sally_Peers,Sally Peers,B,11,15,8,1,0
20100902-W-US_Open-R64-Kim_Clijsters-Sally_Peers,Sally Peers,S,4,2,0,0,0
20100902-W-US_Open-R64-Andrea_Petkovic-Bethanie_Mattek_Sands,Andrea Petkovic,Total,133,43,13,14,2
20100902-W-US_Open-R64-Andrea_Petkovic-Bethanie_Mattek_Sands,Andrea Petkovic,F,58,16,9,12,2
20100902-W-US_Open-R64-Andrea_Petkovic-Bethanie_Mattek_Sands,Andrea Petkovic,B,61,24,4,2,0
20100902-W-US_Open-R64-Andrea_Petkovic-Bethanie_Mattek_Sands,Andrea Petkovic,S,14,3,0,0,0
20100902-W-US_Open-R64-Andrea_Petkovic-Bethanie_Mattek_Sands,Bethanie Mattek Sands,Total,53,51,44,39,5
20100902-W-US_Open-R64-Andrea_Petkovic-Bethanie_Mattek_Sands,Bethanie Mattek Sands,F,32,25,18,34,4
20100902-W-US_Open-R64-Andrea_Petkovic-Bethanie_Mattek_Sands,Bethanie Mattek Sands,B,18,20,22,1,1
20100902-W-US_Open-R64-Andrea_Petkovic-Bethanie_Mattek_Sands,Bethanie Mattek Sands,S,3,6,4,4,0
20100130-W-Australian_Open-F-Serena_Williams-Justine_Henin,Serena Williams,Total,84,44,17,22,0
20100130-W-Australian_Open-F-Serena_Williams-Justine_Henin,Serena Williams,F,30,15,11,17,0
20100130-W-Australian_Open-F-Serena_Williams-Justine_Henin,Serena Williams,B,50,27,4,5,0
20100130-W-Australian_Open-F-Serena_Williams-Justine_Henin,Serena Williams,S,4,2,2,0,0
20100130-W-Australian_Open-F-Serena_Williams-Justine_Henin,Justine Henin,Total,73,66,11,15,2
20100130-W-Australian_Open-F-Serena_Williams-Justine_Henin,Justine Henin,F,27,36,4,15,2
20100130-W-Australian_Open-F-Serena_Williams-Justine_Henin,Justine Henin,B,32,17,6,0,0
20100130-W-Australian_Open-F-Serena_Williams-Justine_Henin,Justine Henin,S,14,13,1,0,0
20100128-W-Australian_Open-SF-Na_Li-Serena_Williams,Na Li,Total,92,39,42,23,2
20100128-W-Australian_Open-SF-Na_Li-Serena_Williams,Na Li,F,40,19,19,12,1
20100128-W-Australian_Open-SF-Na_Li-Serena_Williams,Na Li,B,51,17,21,11,1
20100128-W-Australian_Open-SF-Na_Li-Serena_Williams,Na Li,S,1,3,2,0,0
20100128-W-Australian_Open-SF-Na_Li-Serena_Williams,Serena Williams,Total,87,41,33,19,0
20100128-W-Australian_Open-SF-Na_Li-Serena_Williams,Serena Williams,F,43,14,21,10,0
20100128-W-Australian_Open-SF-Na_Li-Serena_Williams,Serena Williams,B,41,24,12,9,0
20100128-W-Australian_Open-SF-Na_Li-Serena_Williams,Serena Williams,S,3,3,0,0,0
20100127-W-Australian_Open-QF-Serena_Williams-Victoria_Azarenka,Serena Williams,Total,119,52,41,30,0
20100127-W-Australian_Open-QF-Serena_Williams-Victoria_Azarenka,Serena Williams,F,60,16,24,12,0
20100127-W-Australian_Open-QF-Serena_Williams-Victoria_Azarenka,Serena Williams,B,57,35,17,17,0
20100127-W-Australian_Open-QF-Serena_Williams-Victoria_Azarenka,Serena Williams,S,2,1,0,1,0
20100127-W-Australian_Open-QF-Serena_Williams-Victoria_Azarenka,Victoria Azarenka,Total,82,51,66,41,1
20100127-W-Australian_Open-QF-Serena_Williams-Victoria_Azarenka,Victoria Azarenka,F,45,21,39,28,1
20100127-W-Australian_Open-QF-Serena_Williams-Victoria_Azarenka,Victoria Azarenka,B,36,25,25,12,0
20100127-W-Australian_Open-QF-Serena_Williams-Victoria_Azarenka,Victoria Azarenka,S,1,5,2,1,0
20100122-W-Australian_Open-R32-Nadia_Petrova-Kim_Clijsters,Nadia Petrova,Total,40,25,26,20,0
20100122-W-Australian_Open-R32-Nadia_Petrova-Kim_Clijsters,Nadia Petrova,F,8,4,18,18,0
20100122-W-Australian_Open-R32-Nadia_Petrova-Kim_Clijsters,Nadia Petrova,B,30,20,8,2,0
20100122-W-Australian_Open-R32-Nadia_Petrova-Kim_Clijsters,Nadia Petrova,S,2,1,0,0,0
20100122-W-Australian_Open-R32-Nadia_Petrova-Kim_Clijsters,Kim Clijsters,Total,77,16,11,8,0
20100122-W-Australian_Open-R32-Nadia_Petrova-Kim_Clijsters,Kim Clijsters,F,18,5,1,5,0
20100122-W-Australian_Open-R32-Nadia_Petrova-Kim_Clijsters,Kim Clijsters,B,53,8,8,3,0
20100122-W-Australian_Open-R32-Nadia_Petrova-Kim_Clijsters,Kim Clijsters,S,6,3,2,0,0
20100118-W-Australian_Open-R128-Maria_Kirilenko-Maria_Sharapova,Maria Kirilenko,Total,155,104,23,30,0
20100118-W-Australian_Open-R128-Maria_Kirilenko-Maria_Sharapova,Maria Kirilenko,F,78,49,14,23,0
20100118-W-Australian_Open-R128-Maria_Kirilenko-Maria_Sharapova,Maria Kirilenko,B,71,45,7,6,0
20100118-W-Australian_Open-R128-Maria_Kirilenko-Maria_Sharapova,Maria Kirilenko,S,6,10,2,1,0
20100118-W-Australian_Open-R128-Maria_Kirilenko-Maria_Sharapova,Maria Sharapova,Total,156,75,47,40,1
20100118-W-Australian_Open-R128-Maria_Kirilenko-Maria_Sharapova,Maria Sharapova,F,78,31,21,29,1
20100118-W-Australian_Open-R128-Maria_Kirilenko-Maria_Sharapova,Maria Sharapova,B,75,40,26,10,0
20100118-W-Australian_Open-R128-Maria_Kirilenko-Maria_Sharapova,Maria Sharapova,S,3,4,0,1,0
20090912-W-US_Open-SF-Kim_Clijsters-Serena_Williams,Serena Williams,Total,82,34,38,15,0
20090912-W-US_Open-SF-Kim_Clijsters-Serena_Williams,Serena Williams,F,34,8,20,8,0
20090912-W-US_Open-SF-Kim_Clijsters-Serena_Williams,Serena Williams,B,44,24,18,7,0
20090912-W-US_Open-SF-Kim_Clijsters-Serena_Williams,Serena Williams,S,4,2,0,0,0
20090908-W-US_Open-QF-Na_Li-Kim_Clijsters,Na Li,Total,73,39,25,20,2
20090908-W-US_Open-QF-Na_Li-Kim_Clijsters,Na Li,F,41,16,11,11,2
20090908-W-US_Open-QF-Na_Li-Kim_Clijsters,Na Li,B,32,22,13,9,0
20090908-W-US_Open-QF-Na_Li-Kim_Clijsters,Na Li,S,0,1,1,0,0
20090908-W-US_Open-QF-Na_Li-Kim_Clijsters,Kim Clijsters,Total,73,38,12,18,0
20090908-W-US_Open-QF-Na_Li-Kim_Clijsters,Kim Clijsters,F,40,18,7,14,0
20090908-W-US_Open-QF-Na_Li-Kim_Clijsters,Kim Clijsters,B,27,13,4,3,0
20090908-W-US_Open-QF-Na_Li-Kim_Clijsters,Kim Clijsters,S,6,7,1,1,0
20090907-W-US_Open-R16-Svetlana_Kuznetsova-Caroline_Wozniacki,Svetlana Kuznetsova,Total,113,144,37,48,2
20090907-W-US_Open-R16-Svetlana_Kuznetsova-Caroline_Wozniacki,Svetlana Kuznetsova,F,60,66,16,39,2
20090907-W-US_Open-R16-Svetlana_Kuznetsova-Caroline_Wozniacki,Svetlana Kuznetsova,B,48,64,19,8,0
20090907-W-US_Open-R16-Svetlana_Kuznetsova-Caroline_Wozniacki,Svetlana Kuznetsova,S,5,14,2,1,0
20090907-W-US_Open-R16-Svetlana_Kuznetsova-Caroline_Wozniacki,Caroline Wozniacki,Total,132,129,19,31,0
20090907-W-US_Open-R16-Svetlana_Kuznetsova-Caroline_Wozniacki,Caroline Wozniacki,F,59,67,13,25,0
20090907-W-US_Open-R16-Svetlana_Kuznetsova-Caroline_Wozniacki,Caroline Wozniacki,B,69,55,5,6,0
20090907-W-US_Open-R16-Svetlana_Kuznetsova-Caroline_Wozniacki,Caroline Wozniacki,S,4,7,1,0,0
20090906-W-US_Open-R16-Flavia_Pennetta-Vera_Zvonareva,Flavia Pennetta,Total,246,118,98,37,3
20090906-W-US_Open-R16-Flavia_Pennetta-Vera_Zvonareva,Flavia Pennetta,F,144,42,59,32,3
20090906-W-US_Open-R16-Flavia_Pennetta-Vera_Zvonareva,Flavia Pennetta,B,100,73,38,5,0
20090906-W-US_Open-R16-Flavia_Pennetta-Vera_Zvonareva,Flavia Pennetta,S,2,3,1,0,0
20090906-W-US_Open-R16-Flavia_Pennetta-Vera_Zvonareva,Vera Zvonareva,Total,268,79,92,53,0
20090906-W-US_Open-R16-Flavia_Pennetta-Vera_Zvonareva,Vera Zvonareva,F,144,28,42,22,0
20090906-W-US_Open-R16-Flavia_Pennetta-Vera_Zvonareva,Vera Zvonareva,B,122,50,43,29,0
20090906-W-US_Open-R16-Flavia_Pennetta-Vera_Zvonareva,Vera Zvonareva,S,2,1,7,2,0
20090131-W-Australian_Open-F-Serena_Williams-Dinara_Safina,Serena Williams,Total,36,23,11,6,0
20090131-W-Australian_Open-F-Serena_Williams-Dinara_Safina,Serena Williams,F,20,6,4,4,0
20090131-W-Australian_Open-F-Serena_Williams-Dinara_Safina,Serena Williams,B,16,14,7,2,0
20090131-W-Australian_Open-F-Serena_Williams-Dinara_Safina,Serena Williams,S,0,3,0,0,0
20090131-W-Australian_Open-F-Serena_Williams-Dinara_Safina,Dinara Safina,Total,40,18,13,8,0
20090131-W-Australian_Open-F-Serena_Williams-Dinara_Safina,Dinara Safina,F,16,4,9,5,0
20090131-W-Australian_Open-F-Serena_Williams-Dinara_Safina,Dinara Safina,B,23,11,4,2,0
20090131-W-Australian_Open-F-Serena_Williams-Dinara_Safina,Dinara Safina,S,1,3,0,1,0
20090128-W-Australian_Open-QF-Carla_Suarez_Navarro-Elena_Dementieva,Carla Suarez Navarro,Total,97,35,12,20,0
20090128-W-Australian_Open-QF-Carla_Suarez_Navarro-Elena_Dementieva,Carla Suarez Navarro,F,43,14,10,16,0
20090128-W-Australian_Open-QF-Carla_Suarez_Navarro-Elena_Dementieva,Carla Suarez Navarro,B,46,16,2,4,0
20090128-W-Australian_Open-QF-Carla_Suarez_Navarro-Elena_Dementieva,Carla Suarez Navarro,S,8,5,0,0,0
20090128-W-Australian_Open-QF-Carla_Suarez_Navarro-Elena_Dementieva,Elena Dementieva,Total,77,38,23,27,2
20090128-W-Australian_Open-QF-Carla_Suarez_Navarro-Elena_Dementieva,Elena Dementieva,F,36,9,12,21,2
20090128-W-Australian_Open-QF-Carla_Suarez_Navarro-Elena_Dementieva,Elena Dementieva,B,40,27,11,6,0
20090128-W-Australian_Open-QF-Carla_Suarez_Navarro-Elena_Dementieva,Elena Dementieva,S,1,2,0,0,0
20090126-W-Australian_Open-R16-Dominika_Cibulkova-Elena_Dementieva,Dominika Cibulkova,Total,98,77,15,22,0
20090126-W-Australian_Open-R16-Dominika_Cibulkova-Elena_Dementieva,Dominika Cibulkova,F,48,35,10,16,0
20090126-W-Australian_Open-R16-Dominika_Cibulkova-Elena_Dementieva,Dominika Cibulkova,B,50,36,4,6,0
20090126-W-Australian_Open-R16-Dominika_Cibulkova-Elena_Dementieva,Dominika Cibulkova,S,0,6,1,0,0
20090126-W-Australian_Open-R16-Dominika_Cibulkova-Elena_Dementieva,Elena Dementieva,Total,79,81,21,38,0
20090126-W-Australian_Open-R16-Dominika_Cibulkova-Elena_Dementieva,Elena Dementieva,F,46,35,13,28,0
20090126-W-Australian_Open-R16-Dominika_Cibulkova-Elena_Dementieva,Elena Dementieva,B,30,43,7,10,0
20090126-W-Australian_Open-R16-Dominika_Cibulkova-Elena_Dementieva,Elena Dementieva,S,3,3,1,0,0
20090125-W-Australian_Open-R16-Jelena_Dokic-Alisa_Kleybanova,Jelena Dokic,Total,196,60,67,32,1
20090125-W-Australian_Open-R16-Jelena_Dokic-Alisa_Kleybanova,Jelena Dokic,F,142,18,41,14,1
20090125-W-Australian_Open-R16-Jelena_Dokic-Alisa_Kleybanova,Jelena Dokic,B,54,30,19,17,0
20090125-W-Australian_Open-R16-Jelena_Dokic-Alisa_Kleybanova,Jelena Dokic,S,0,12,7,1,0
20090125-W-Australian_Open-R16-Jelena_Dokic-Alisa_Kleybanova,Alisa Kleybanova,Total,209,74,39,32,0
20090125-W-Australian_Open-R16-Jelena_Dokic-Alisa_Kleybanova,Alisa Kleybanova,F,137,36,32,14,0
20090125-W-Australian_Open-R16-Jelena_Dokic-Alisa_Kleybanova,Alisa Kleybanova,B,65,32,7,18,0
20090125-W-Australian_Open-R16-Jelena_Dokic-Alisa_Kleybanova,Alisa Kleybanova,S,7,6,0,0,0
20090124-W-Australian_Open-R32-Samantha_Stosur-Elena_Dementieva,Samantha Stosur,Total,62,45,43,46,2
20090124-W-Australian_Open-R32-Samantha_Stosur-Elena_Dementieva,Samantha Stosur,F,36,20,20,39,2
20090124-W-Australian_Open-R32-Samantha_Stosur-Elena_Dementieva,Samantha Stosur,B,7,8,14,4,0
20090124-W-Australian_Open-R32-Samantha_Stosur-Elena_Dementieva,Samantha Stosur,S,19,17,9,3,0
20090124-W-Australian_Open-R32-Samantha_Stosur-Elena_Dementieva,Elena Dementieva,Total,95,48,23,32,1
20090124-W-Australian_Open-R32-Samantha_Stosur-Elena_Dementieva,Elena Dementieva,F,44,16,12,24,1
20090124-W-Australian_Open-R32-Samantha_Stosur-Elena_Dementieva,Elena Dementieva,B,47,30,6,7,0
20090124-W-Australian_Open-R32-Samantha_Stosur-Elena_Dementieva,Elena Dementieva,S,4,2,5,1,0
20090119-W-Australian_Open-R128-Ana_Ivanovic-Julia_Goerges,Ana Ivanovic,Total,65,28,20,23,5
20090119-W-Australian_Open-R128-Ana_Ivanovic-Julia_Goerges,Ana Ivanovic,F,36,16,10,21,5
20090119-W-Australian_Open-R128-Ana_Ivanovic-Julia_Goerges,Ana Ivanovic,B,23,10,9,2,0
20090119-W-Australian_Open-R128-Ana_Ivanovic-Julia_Goerges,Ana Ivanovic,S,6,2,1,0,0
20090119-W-Australian_Open-R128-Ana_Ivanovic-Julia_Goerges,Julia Goerges,Total,79,30,31,18,5
20090119-W-Australian_Open-R128-Ana_Ivanovic-Julia_Goerges,Julia Goerges,F,43,11,13,16,5
20090119-W-Australian_Open-R128-Ana_Ivanovic-Julia_Goerges,Julia Goerges,B,35,18,18,2,0
20090119-W-Australian_Open-R128-Ana_Ivanovic-Julia_Goerges,Julia Goerges,S,1,1,0,0,0
20080903-W-US_Open-QF-Serena_Williams-Venus_Williams,Serena Williams,Total,109,51,43,38,2
20080903-W-US_Open-QF-Serena_Williams-Venus_Williams,Serena Williams,F,58,23,21,28,1
20080903-W-US_Open-QF-Serena_Williams-Venus_Williams,Serena Williams,B,49,27,22,10,1
20080903-W-US_Open-QF-Serena_Williams-Venus_Williams,Serena Williams,S,2,1,0,0,0
20080903-W-US_Open-QF-Serena_Williams-Venus_Williams,Venus Williams,Total,116,55,54,27,0
20080903-W-US_Open-QF-Serena_Williams-Venus_Williams,Venus Williams,F,61,22,31,20,0
20080903-W-US_Open-QF-Serena_Williams-Venus_Williams,Venus Williams,B,55,26,23,7,0
20080903-W-US_Open-QF-Serena_Williams-Venus_Williams,Venus Williams,S,0,7,0,0,0
20080806-W-US_Open-F-Serena_Williams-Jelena_Jankovic,Serena Williams,Total,191,47,67,36,0
20080806-W-US_Open-F-Serena_Williams-Jelena_Jankovic,Serena Williams,F,99,23,42,29,0
20080806-W-US_Open-F-Serena_Williams-Jelena_Jankovic,Serena Williams,B,86,16,25,7,0
20080806-W-US_Open-F-Serena_Williams-Jelena_Jankovic,Serena Williams,S,6,8,0,0,0
20080806-W-US_Open-F-Serena_Williams-Jelena_Jankovic,Jelena Jankovic,Total,122,58,107,43,1
20080806-W-US_Open-F-Serena_Williams-Jelena_Jankovic,Jelena Jankovic,F,57,15,55,18,1
20080806-W-US_Open-F-Serena_Williams-Jelena_Jankovic,Jelena Jankovic,B,60,40,51,25,0
20080806-W-US_Open-F-Serena_Williams-Jelena_Jankovic,Jelena Jankovic,S,5,3,1,0,0
20080126-W-Australian_Open-F-Ana_Ivanovic-Maria_Sharapova,Ana Ivanovic,Total,40,17,20,14,2
20080126-W-Australian_Open-F-Ana_Ivanovic-Maria_Sharapova,Ana Ivanovic,F,18,3,9,8,2
20080126-W-Australian_Open-F-Ana_Ivanovic-Maria_Sharapova,Ana Ivanovic,B,21,12,11,6,0
20080126-W-Australian_Open-F-Ana_Ivanovic-Maria_Sharapova,Ana Ivanovic,S,1,2,0,0,0
20080126-W-Australian_Open-F-Ana_Ivanovic-Maria_Sharapova,Maria Sharapova,Total,45,16,13,14,0
20080126-W-Australian_Open-F-Ana_Ivanovic-Maria_Sharapova,Maria Sharapova,F,24,6,9,12,0
20080126-W-Australian_Open-F-Ana_Ivanovic-Maria_Sharapova,Maria Sharapova,B,21,10,4,2,0
20080124-W-Australian_Open-SF-Maria_Sharapova-Jelena_Jankovic,Maria Sharapova,Total,49,19,15,12,0
20080124-W-Australian_Open-SF-Maria_Sharapova-Jelena_Jankovic,Maria Sharapova,F,31,9,11,8,0
20080124-W-Australian_Open-SF-Maria_Sharapova-Jelena_Jankovic,Maria Sharapova,B,18,8,3,4,0
20080124-W-Australian_Open-SF-Maria_Sharapova-Jelena_Jankovic,Maria Sharapova,S,0,2,1,0,0
20080124-W-Australian_Open-SF-Maria_Sharapova-Jelena_Jankovic,Jelena Jankovic,Total,33,21,24,18,0
20080124-W-Australian_Open-SF-Maria_Sharapova-Jelena_Jankovic,Jelena Jankovic,F,22,5,13,13,0
20080124-W-Australian_Open-SF-Maria_Sharapova-Jelena_Jankovic,Jelena Jankovic,B,9,11,10,5,0
20080124-W-Australian_Open-SF-Maria_Sharapova-Jelena_Jankovic,Jelena Jankovic,S,2,5,1,0,0
20080124-W-Australian_Open-SF-Ana_Ivanovic-Daniela_Hantuchova,Ana Ivanovic,Total,47,45,32,24,2
20080124-W-Australian_Open-SF-Ana_Ivanovic-Daniela_Hantuchova,Ana Ivanovic,F,30,10,15,21,2
20080124-W-Australian_Open-SF-Ana_Ivanovic-Daniela_Hantuchova,Ana Ivanovic,B,15,32,11,3,0
20080124-W-Australian_Open-SF-Ana_Ivanovic-Daniela_Hantuchova,Ana Ivanovic,S,2,3,6,0,0
20080124-W-Australian_Open-SF-Ana_Ivanovic-Daniela_Hantuchova,Daniela Hantuchova,Total,79,20,29,22,2
20080124-W-Australian_Open-SF-Ana_Ivanovic-Daniela_Hantuchova,Daniela Hantuchova,F,44,9,20,13,2
20080124-W-Australian_Open-SF-Ana_Ivanovic-Daniela_Hantuchova,Daniela Hantuchova,B,33,8,9,9,0
20080124-W-Australian_Open-SF-Ana_Ivanovic-Daniela_Hantuchova,Daniela Hantuchova,S,2,3,0,0,0
20080123-W-Australian_Open-QF-Daniela_Hantuchova-Agnieszka_Radwanska,Daniela Hantuchova,Total,60,22,40,25,1
20080123-W-Australian_Open-QF-Daniela_Hantuchova-Agnieszka_Radwanska,Daniela Hantuchova,F,32,8,23,19,1
20080123-W-Australian_Open-QF-Daniela_Hantuchova-Agnieszka_Radwanska,Daniela Hantuchova,B,28,12,14,6,0
20080123-W-Australian_Open-QF-Daniela_Hantuchova-Agnieszka_Radwanska,Daniela Hantuchova,S,0,2,3,0,0
20080123-W-Australian_Open-QF-Daniela_Hantuchova-Agnieszka_Radwanska,Agnieszka Radwanska,Total,45,42,31,18,0
20080123-W-Australian_Open-QF-Daniela_Hantuchova-Agnieszka_Radwanska,Agnieszka Radwanska,F,23,13,11,14,0
20080123-W-Australian_Open-QF-Daniela_Hantuchova-Agnieszka_Radwanska,Agnieszka Radwanska,B,20,27,17,4,0
20080123-W-Australian_Open-QF-Daniela_Hantuchova-Agnieszka_Radwanska,Agnieszka Radwanska,S,2,2,3,0,0
20080122-W-Australian_Open-QF-Maria_Sharapova-Justine_Henin,Maria Sharapova,Total,80,36,24,39,0
20080122-W-Australian_Open-QF-Maria_Sharapova-Justine_Henin,Maria Sharapova,F,39,20,14,31,0
20080122-W-Australian_Open-QF-Maria_Sharapova-Justine_Henin,Maria Sharapova,B,40,14,8,8,0
20080122-W-Australian_Open-QF-Maria_Sharapova-Justine_Henin,Maria Sharapova,S,1,2,2,0,0
20080122-W-Australian_Open-QF-Maria_Sharapova-Justine_Henin,Justine Henin,Total,66,70,20,19,0
20080122-W-Australian_Open-QF-Maria_Sharapova-Justine_Henin,Justine Henin,F,38,24,13,12,0
20080122-W-Australian_Open-QF-Maria_Sharapova-Justine_Henin,Justine Henin,B,16,30,3,5,0
20080122-W-Australian_Open-QF-Maria_Sharapova-Justine_Henin,Justine Henin,S,12,16,4,2,0
20080120-W-Australian_Open-R16-Maria_Sharapova-Elena_Dementieva,Maria Sharapova,Total,34,16,12,19,0
20080120-W-Australian_Open-R16-Maria_Sharapova-Elena_Dementieva,Maria Sharapova,F,22,7,5,15,0
20080120-W-Australian_Open-R16-Maria_Sharapova-Elena_Dementieva,Maria Sharapova,B,12,8,7,4,0
20080120-W-Australian_Open-R16-Maria_Sharapova-Elena_Dementieva,Maria Sharapova,S,0,1,0,0,0
20080120-W-Australian_Open-R16-Maria_Sharapova-Elena_Dementieva,Elena Dementieva,Total,25,24,17,10,0
20080120-W-Australian_Open-R16-Maria_Sharapova-Elena_Dementieva,Elena Dementieva,F,15,7,8,6,0
20080120-W-Australian_Open-R16-Maria_Sharapova-Elena_Dementieva,Elena Dementieva,B,9,14,7,4,0
20080120-W-Australian_Open-R16-Maria_Sharapova-Elena_Dementieva,Elena Dementieva,S,1,3,2,0,0
20080120-W-Australian_Open-R16-Caroline_Wozniacki-Ana_Ivanovic,Caroline Wozniacki,Total,84,54,30,26,0
20080120-W-Australian_Open-R16-Caroline_Wozniacki-Ana_Ivanovic,Caroline Wozniacki,F,30,23,18,15,0
20080120-W-Australian_Open-R16-Caroline_Wozniacki-Ana_Ivanovic,Caroline Wozniacki,B,46,29,10,11,0
20080120-W-Australian_Open-R16-Caroline_Wozniacki-Ana_Ivanovic,Caroline Wozniacki,S,8,2,2,0,0
20080120-W-Australian_Open-R16-Caroline_Wozniacki-Ana_Ivanovic,Ana Ivanovic,Total,70,39,41,30,7
20080120-W-Australian_Open-R16-Caroline_Wozniacki-Ana_Ivanovic,Ana Ivanovic,F,33,14,21,23,7
20080120-W-Australian_Open-R16-Caroline_Wozniacki-Ana_Ivanovic,Ana Ivanovic,B,30,22,20,7,0
20080120-W-Australian_Open-R16-Caroline_Wozniacki-Ana_Ivanovic,Ana Ivanovic,S,7,3,0,0,0
20080116-W-Australian_Open-R64-Olga_Puchkova-Justine_Henin,Olga Puchkova,Total,84,48,28,16,1
20080116-W-Australian_Open-R64-Olga_Puchkova-Justine_Henin,Olga Puchkova,F,44,22,15,3,1
20080116-W-Australian_Open-R64-Olga_Puchkova-Justine_Henin,Olga Puchkova,B,40,26,13,13,0
20080116-W-Australian_Open-R64-Olga_Puchkova-Justine_Henin,Justine Henin,Total,70,52,14,18,1
20080116-W-Australian_Open-R64-Olga_Puchkova-Justine_Henin,Justine Henin,F,47,25,10,14,1
20080116-W-Australian_Open-R64-Olga_Puchkova-Justine_Henin,Justine Henin,B,19,26,4,3,0
20080116-W-Australian_Open-R64-Olga_Puchkova-Justine_Henin,Justine Henin,S,4,1,0,1,0
20070908-W-US_Open-F-Svetlana_Kuznetsova-Justine_Henin,Svetlana Kuznetsova,Total,81,35,28,27,3
20070908-W-US_Open-F-Svetlana_Kuznetsova-Justine_Henin,Svetlana Kuznetsova,F,49,11,15,19,3
20070908-W-US_Open-F-Svetlana_Kuznetsova-Justine_Henin,Svetlana Kuznetsova,B,32,21,13,8,0
20070908-W-US_Open-F-Svetlana_Kuznetsova-Justine_Henin,Svetlana Kuznetsova,S,0,3,0,0,0
20070908-W-US_Open-F-Svetlana_Kuznetsova-Justine_Henin,Justine Henin,Total,63,59,26,16,2
20070908-W-US_Open-F-Svetlana_Kuznetsova-Justine_Henin,Justine Henin,F,36,26,17,11,2
20070908-W-US_Open-F-Svetlana_Kuznetsova-Justine_Henin,Justine Henin,B,24,23,8,3,0
20070908-W-US_Open-F-Svetlana_Kuznetsova-Justine_Henin,Justine Henin,S,3,10,1,2,0
20070907-W-US_Open-SF-Venus_Williams-Justine_Henin,Venus Williams,Total,96,60,26,34,0
20070907-W-US_Open-SF-Venus_Williams-Justine_Henin,Venus Williams,F,49,28,9,22,0
20070907-W-US_Open-SF-Venus_Williams-Justine_Henin,Venus Williams,B,42,30,13,12,0
20070907-W-US_Open-SF-Venus_Williams-Justine_Henin,Venus Williams,S,5,2,4,0,0
20070907-W-US_Open-SF-Venus_Williams-Justine_Henin,Justine Henin,Total,69,74,36,23,0
20070907-W-US_Open-SF-Venus_Williams-Justine_Henin,Justine Henin,F,45,38,19,18,0
20070907-W-US_Open-SF-Venus_Williams-Justine_Henin,Justine Henin,B,15,20,14,5,0
20070907-W-US_Open-SF-Venus_Williams-Justine_Henin,Justine Henin,S,9,16,3,0,0
20070904-W-US_Open-QF-Serena_Williams-Justine_Henin,Serena Williams,Total,70,49,24,29,0
20070904-W-US_Open-QF-Serena_Williams-Justine_Henin,Serena Williams,F,43,21,11,12,0
20070904-W-US_Open-QF-Serena_Williams-Justine_Henin,Serena Williams,B,27,27,12,17,0
20070904-W-US_Open-QF-Serena_Williams-Justine_Henin,Serena Williams,S,0,1,1,0,0
20070904-W-US_Open-QF-Serena_Williams-Justine_Henin,Justine Henin,Total,76,59,22,22,1
20070904-W-US_Open-QF-Serena_Williams-Justine_Henin,Justine Henin,F,59,28,16,15,1
20070904-W-US_Open-QF-Serena_Williams-Justine_Henin,Justine Henin,B,13,24,3,6,0
20070904-W-US_Open-QF-Serena_Williams-Justine_Henin,Justine Henin,S,4,7,3,1,0
20070902-W-US_Open-R16-Dinara_Safina-Justine_Henin,Dinara Safina,Total,42,23,13,19,0
20070902-W-US_Open-R16-Dinara_Safina-Justine_Henin,Dinara Safina,F,20,13,10,9,0
20070902-W-US_Open-R16-Dinara_Safina-Justine_Henin,Dinara Safina,B,18,10,1,7,0
20070902-W-US_Open-R16-Dinara_Safina-Justine_Henin,Dinara Safina,S,4,0,2,3,0
20070902-W-US_Open-R16-Dinara_Safina-Justine_Henin,Justine Henin,Total,29,41,10,5,1
20070902-W-US_Open-R16-Dinara_Safina-Justine_Henin,Justine Henin,F,16,17,6,4,1
20070902-W-US_Open-R16-Dinara_Safina-Justine_Henin,Justine Henin,B,11,19,4,1,0
20070902-W-US_Open-R16-Dinara_Safina-Justine_Henin,Justine Henin,S,2,5,0,0,0
20070901-W-US_Open-R32-Agnieszka_Radwanska-Maria_Sharapova,Agnieszka Radwanska,Total,0,0,0,0,0
20070901-W-US_Open-R32-Agnieszka_Radwanska-Maria_Sharapova,Maria Sharapova,Total,0,0,0,0,0
20070831-W-US_Open-R32-Justine_Henin-Kate_Makarova,Justine Henin,Total,45,23,6,10,1
20070831-W-US_Open-R32-Justine_Henin-Kate_Makarova,Justine Henin,F,28,16,3,8,1
20070831-W-US_Open-R32-Justine_Henin-Kate_Makarova,Justine Henin,B,13,5,3,2,0
20070831-W-US_Open-R32-Justine_Henin-Kate_Makarova,Justine Henin,S,4,2,0,0,0
20070831-W-US_Open-R32-Justine_Henin-Kate_Makarova,Kate Makarova,Total,40,37,24,14,0
20070831-W-US_Open-R32-Justine_Henin-Kate_Makarova,Kate Makarova,F,15,19,9,5,0
20070831-W-US_Open-R32-Justine_Henin-Kate_Makarova,Kate Makarova,B,25,18,14,9,0
20070831-W-US_Open-R32-Justine_Henin-Kate_Makarova,Kate Makarova,S,0,0,1,0,0
20070829-W-US_Open-R64-Tsvetana_Pironkova-Justine_Henin,Tsvetana Pironkova,Total,54,52,12,13,0
20070829-W-US_Open-R64-Tsvetana_Pironkova-Justine_Henin,Tsvetana Pironkova,F,23,28,4,11,0
20070829-W-US_Open-R64-Tsvetana_Pironkova-Justine_Henin,Tsvetana Pironkova,B,29,22,8,2,0
20070829-W-US_Open-R64-Tsvetana_Pironkova-Justine_Henin,Tsvetana Pironkova,S,2,2,0,0,0
20070829-W-US_Open-R64-Tsvetana_Pironkova-Justine_Henin,Justine Henin,Total,58,42,8,13,1
20070829-W-US_Open-R64-Tsvetana_Pironkova-Justine_Henin,Justine Henin,F,43,22,3,12,1
20070829-W-US_Open-R64-Tsvetana_Pironkova-Justine_Henin,Justine Henin,B,13,13,5,1,0
20070829-W-US_Open-R64-Tsvetana_Pironkova-Justine_Henin,Justine Henin,S,2,7,0,0,0
20070127-W-Australian_Open-F-Serena_Williams-Maria_Sharapova,Serena Williams,Total,32,15,8,3,0
20070127-W-Australian_Open-F-Serena_Williams-Maria_Sharapova,Serena Williams,F,15,6,2,2,0
20070127-W-Australian_Open-F-Serena_Williams-Maria_Sharapova,Serena Williams,B,15,9,6,1,0
20070127-W-Australian_Open-F-Serena_Williams-Maria_Sharapova,Serena Williams,S,2,0,0,0,0
20070127-W-Australian_Open-F-Serena_Williams-Maria_Sharapova,Maria Sharapova,Total,19,14,9,8,2
20070127-W-Australian_Open-F-Serena_Williams-Maria_Sharapova,Maria Sharapova,F,10,10,4,7,2
20070127-W-Australian_Open-F-Serena_Williams-Maria_Sharapova,Maria Sharapova,B,9,4,3,1,0
20070127-W-Australian_Open-F-Serena_Williams-Maria_Sharapova,Maria Sharapova,S,0,0,2,0,0
20070124-W-Australian_Open-QF-Kim_Clijsters-Martina_Hingis,Kim Clijsters,Total,168,56,49,51,2
20070124-W-Australian_Open-QF-Kim_Clijsters-Martina_Hingis,Kim Clijsters,F,63,14,21,34,2
20070124-W-Australian_Open-QF-Kim_Clijsters-Martina_Hingis,Kim Clijsters,B,101,37,26,16,0
20070124-W-Australian_Open-QF-Kim_Clijsters-Martina_Hingis,Kim Clijsters,S,4,5,2,1,0
20070124-W-Australian_Open-QF-Kim_Clijsters-Martina_Hingis,Martina Hingis,Total,94,99,44,40,0
20070124-W-Australian_Open-QF-Kim_Clijsters-Martina_Hingis,Martina Hingis,F,36,30,28,30,0
20070124-W-Australian_Open-QF-Kim_Clijsters-Martina_Hingis,Martina Hingis,B,51,60,15,10,0
20070124-W-Australian_Open-QF-Kim_Clijsters-Martina_Hingis,Martina Hingis,S,7,9,1,0,0
20070117-W-Australian_Open-R64-Martina_Hingis-Alla_Kudryavtseva,Martina Hingis,Total,56,37,23,14,0
20070117-W-Australian_Open-R64-Martina_Hingis-Alla_Kudryavtseva,Martina Hingis,F,27,17,16,8,0
20070117-W-Australian_Open-R64-Martina_Hingis-Alla_Kudryavtseva,Martina Hingis,B,25,18,6,6,0
20070117-W-Australian_Open-R64-Martina_Hingis-Alla_Kudryavtseva,Martina Hingis,S,4,2,1,0,0
20070117-W-Australian_Open-R64-Martina_Hingis-Alla_Kudryavtseva,Alla Kudryavtseva,Total,73,27,28,24,1
20070117-W-Australian_Open-R64-Martina_Hingis-Alla_Kudryavtseva,Alla Kudryavtseva,F,44,7,11,14,1
20070117-W-Australian_Open-R64-Martina_Hingis-Alla_Kudryavtseva,Alla Kudryavtseva,B,28,20,17,10,0
20070117-W-Australian_Open-R64-Martina_Hingis-Alla_Kudryavtseva,Alla Kudryavtseva,S,1,0,0,0,0
20070116-W-Australian_Open-R128-Martina_Hingis-Nathalie_Dechy,Martina Hingis,Total,33,28,22,26,0
20070116-W-Australian_Open-R128-Martina_Hingis-Nathalie_Dechy,Martina Hingis,F,14,11,14,14,0
20070116-W-Australian_Open-R128-Martina_Hingis-Nathalie_Dechy,Martina Hingis,B,18,16,8,12,0
20070116-W-Australian_Open-R128-Martina_Hingis-Nathalie_Dechy,Martina Hingis,S,1,1,0,0,0
20070116-W-Australian_Open-R128-Martina_Hingis-Nathalie_Dechy,Nathalie Dechy,Total,53,41,15,9,0
20070116-W-Australian_Open-R128-Martina_Hingis-Nathalie_Dechy,Nathalie Dechy,F,27,13,6,8,0
20070116-W-Australian_Open-R128-Martina_Hingis-Nathalie_Dechy,Nathalie Dechy,B,23,24,9,1,0
20070116-W-Australian_Open-R128-Martina_Hingis-Nathalie_Dechy,Nathalie Dechy,S,3,4,0,0,0
20060908-W-US_Open-SF-Amelie_Mauresmo-Maria_Sharapova,Amelie Mauresmo,Total,77,71,68,31,1
20060908-W-US_Open-SF-Amelie_Mauresmo-Maria_Sharapova,Amelie Mauresmo,F,56,36,49,20,1
20060908-W-US_Open-SF-Amelie_Mauresmo-Maria_Sharapova,Amelie Mauresmo,B,10,19,11,4,0
20060908-W-US_Open-SF-Amelie_Mauresmo-Maria_Sharapova,Amelie Mauresmo,S,11,16,8,7,0
20060908-W-US_Open-SF-Amelie_Mauresmo-Maria_Sharapova,Maria Sharapova,Total,134,46,35,37,3
20060908-W-US_Open-SF-Amelie_Mauresmo-Maria_Sharapova,Maria Sharapova,F,86,26,19,26,3
20060908-W-US_Open-SF-Amelie_Mauresmo-Maria_Sharapova,Maria Sharapova,B,48,20,16,11,0
20060905-W-US_Open-QF-Tatiana_Golovin-Maria_Sharapova,Tatiana Golovin,Total,67,94,47,42,3
20060905-W-US_Open-QF-Tatiana_Golovin-Maria_Sharapova,Tatiana Golovin,F,50,46,24,31,3
20060905-W-US_Open-QF-Tatiana_Golovin-Maria_Sharapova,Tatiana Golovin,B,15,43,21,11,0
20060905-W-US_Open-QF-Tatiana_Golovin-Maria_Sharapova,Tatiana Golovin,S,2,5,2,0,0
20060905-W-US_Open-QF-Tatiana_Golovin-Maria_Sharapova,Maria Sharapova,Total,97,69,32,53,0
20060905-W-US_Open-QF-Tatiana_Golovin-Maria_Sharapova,Maria Sharapova,F,63,33,25,47,0
20060905-W-US_Open-QF-Tatiana_Golovin-Maria_Sharapova,Maria Sharapova,B,34,36,7,6,0
20060903-W-US_Open-R16-Justine_Henin-Shahar_Peer,Justine Henin,Total,30,31,5,10,1
20060903-W-US_Open-R16-Justine_Henin-Shahar_Peer,Justine Henin,F,20,15,1,8,1
20060903-W-US_Open-R16-Justine_Henin-Shahar_Peer,Justine Henin,B,5,11,4,2,0
20060903-W-US_Open-R16-Justine_Henin-Shahar_Peer,Justine Henin,S,5,5,0,0,0
20060903-W-US_Open-R16-Justine_Henin-Shahar_Peer,Shahar Peer,Total,33,34,9,15,1
20060903-W-US_Open-R16-Justine_Henin-Shahar_Peer,Shahar Peer,F,17,22,5,11,1
20060903-W-US_Open-R16-Justine_Henin-Shahar_Peer,Shahar Peer,B,13,11,3,4,0
20060903-W-US_Open-R16-Justine_Henin-Shahar_Peer,Shahar Peer,S,3,1,1,0,0
20060828-W-US_Open-R128-Michaella_Krajicek-Maria_Sharapova,Michaella Krajicek,Total,35,20,9,8,0
20060828-W-US_Open-R128-Michaella_Krajicek-Maria_Sharapova,Michaella Krajicek,F,25,9,4,3,0
20060828-W-US_Open-R128-Michaella_Krajicek-Maria_Sharapova,Michaella Krajicek,B,10,10,5,5,0
20060828-W-US_Open-R128-Michaella_Krajicek-Maria_Sharapova,Michaella Krajicek,S,0,1,0,0,0
20060828-W-US_Open-R128-Michaella_Krajicek-Maria_Sharapova,Maria Sharapova,Total,36,7,17,10,0
20060828-W-US_Open-R128-Michaella_Krajicek-Maria_Sharapova,Maria Sharapova,F,30,3,12,9,0
20060828-W-US_Open-R128-Michaella_Krajicek-Maria_Sharapova,Maria Sharapova,B,6,4,5,1,0
20060128-W-Australian_Open-F-Amelie_Mauresmo-Justine_Henin,Amelie Mauresmo,Total,84,41,22,23,0
20060128-W-Australian_Open-F-Amelie_Mauresmo-Justine_Henin,Amelie Mauresmo,F,39,19,12,21,0
20060128-W-Australian_Open-F-Amelie_Mauresmo-Justine_Henin,Amelie Mauresmo,B,37,16,8,2,0
20060128-W-Australian_Open-F-Amelie_Mauresmo-Justine_Henin,Amelie Mauresmo,S,8,6,2,0,0
20060128-W-Australian_Open-F-Amelie_Mauresmo-Justine_Henin,Justine Henin,Total,91,53,10,10,1
20060128-W-Australian_Open-F-Amelie_Mauresmo-Justine_Henin,Justine Henin,F,37,16,2,7,1
20060128-W-Australian_Open-F-Amelie_Mauresmo-Justine_Henin,Justine Henin,B,42,30,6,3,0
20060128-W-Australian_Open-F-Amelie_Mauresmo-Justine_Henin,Justine Henin,S,12,7,2,0,0
20060125-W-Australian_Open-QF-Kim_Clijsters-Martina_Hingis,Kim Clijsters,Total,155,36,25,21,2
20060125-W-Australian_Open-QF-Kim_Clijsters-Martina_Hingis,Kim Clijsters,F,61,10,9,15,2
20060125-W-Australian_Open-QF-Kim_Clijsters-Martina_Hingis,Kim Clijsters,B,90,25,14,6,0
20060125-W-Australian_Open-QF-Kim_Clijsters-Martina_Hingis,Kim Clijsters,S,4,1,2,0,0
20060125-W-Australian_Open-QF-Kim_Clijsters-Martina_Hingis,Martina Hingis,Total,82,46,52,29,0
20060125-W-Australian_Open-QF-Kim_Clijsters-Martina_Hingis,Martina Hingis,F,30,18,32,22,0
20060125-W-Australian_Open-QF-Kim_Clijsters-Martina_Hingis,Martina Hingis,B,49,25,20,7,0
20060125-W-Australian_Open-QF-Kim_Clijsters-Martina_Hingis,Martina Hingis,S,3,3,0,0,0
20060122-W-Australian_Open-R16-Daniela_Hantuchova-Maria_Sharapova,Daniela Hantuchova,Total,71,45,21,14,1
20060122-W-Australian_Open-R16-Daniela_Hantuchova-Maria_Sharapova,Daniela Hantuchova,F,45,10,16,8,1
20060122-W-Australian_Open-R16-Daniela_Hantuchova-Maria_Sharapova,Daniela Hantuchova,B,25,29,5,6,0
20060122-W-Australian_Open-R16-Daniela_Hantuchova-Maria_Sharapova,Daniela Hantuchova,S,1,6,0,0,0
20060122-W-Australian_Open-R16-Daniela_Hantuchova-Maria_Sharapova,Maria Sharapova,Total,74,29,32,15,2
20060122-W-Australian_Open-R16-Daniela_Hantuchova-Maria_Sharapova,Maria Sharapova,F,38,10,21,13,2
20060122-W-Australian_Open-R16-Daniela_Hantuchova-Maria_Sharapova,Maria Sharapova,B,36,16,11,2,0
20060122-W-Australian_Open-R16-Daniela_Hantuchova-Maria_Sharapova,Maria Sharapova,S,0,3,0,0,0
20060120-W-Australian_Open-R32-Serena_Williams-Daniela_Hantuchova,Serena Williams,Total,76,40,36,27,0
20060120-W-Australian_Open-R32-Serena_Williams-Daniela_Hantuchova,Serena Williams,F,42,8,16,14,0
20060120-W-Australian_Open-R32-Serena_Williams-Daniela_Hantuchova,Serena Williams,B,33,30,20,13,0
20060120-W-Australian_Open-R32-Serena_Williams-Daniela_Hantuchova,Serena Williams,S,1,2,0,0,0
20060120-W-Australian_Open-R32-Serena_Williams-Daniela_Hantuchova,Daniela Hantuchova,Total,76,41,21,16,0
20060120-W-Australian_Open-R32-Serena_Williams-Daniela_Hantuchova,Daniela Hantuchova,F,38,18,16,12,0
20060120-W-Australian_Open-R32-Serena_Williams-Daniela_Hantuchova,Daniela Hantuchova,B,36,22,5,4,0
20060120-W-Australian_Open-R32-Serena_Williams-Daniela_Hantuchova,Daniela Hantuchova,S,2,1,0,0,0
20050911-W-US_Open-F-Mary_Pierce-Kim_Clijsters,Mary Pierce,Total,55,37,24,25,0
20050911-W-US_Open-F-Mary_Pierce-Kim_Clijsters,Mary Pierce,F,34,15,12,13,0
20050911-W-US_Open-F-Mary_Pierce-Kim_Clijsters,Mary Pierce,B,20,22,12,12,0
20050911-W-US_Open-F-Mary_Pierce-Kim_Clijsters,Mary Pierce,S,1,0,0,0,0
20050911-W-US_Open-F-Mary_Pierce-Kim_Clijsters,Kim Clijsters,Total,75,30,10,11,0
20050911-W-US_Open-F-Mary_Pierce-Kim_Clijsters,Kim Clijsters,F,44,20,5,10,0
20050911-W-US_Open-F-Mary_Pierce-Kim_Clijsters,Kim Clijsters,B,29,8,3,1,0
20050911-W-US_Open-F-Mary_Pierce-Kim_Clijsters,Kim Clijsters,S,2,2,2,0,0
20050908-W-US_Open-SF-Mary_Pierce-Elena_Dementieva,Mary Pierce,Total,55,52,26,49,0
20050908-W-US_Open-SF-Mary_Pierce-Elena_Dementieva,Mary Pierce,F,29,25,8,27,0
20050908-W-US_Open-SF-Mary_Pierce-Elena_Dementieva,Mary Pierce,B,25,26,18,21,0
20050908-W-US_Open-SF-Mary_Pierce-Elena_Dementieva,Mary Pierce,S,1,1,0,1,0
20050908-W-US_Open-SF-Mary_Pierce-Elena_Dementieva,Elena Dementieva,Total,64,78,16,21,1
20050908-W-US_Open-SF-Mary_Pierce-Elena_Dementieva,Elena Dementieva,F,36,39,10,17,0
20050908-W-US_Open-SF-Mary_Pierce-Elena_Dementieva,Elena Dementieva,B,26,36,6,4,1
20050908-W-US_Open-SF-Mary_Pierce-Elena_Dementieva,Elena Dementieva,S,2,3,0,0,0
20050907-W-US_Open-QF-Venus_Williams-Kim_Clijsters,Venus Williams,Total,142,77,35,40,0
20050907-W-US_Open-QF-Venus_Williams-Kim_Clijsters,Venus Williams,F,63,34,13,21,0
20050907-W-US_Open-QF-Venus_Williams-Kim_Clijsters,Venus Williams,B,78,40,22,19,0
20050907-W-US_Open-QF-Venus_Williams-Kim_Clijsters,Venus Williams,S,1,3,0,0,0
20050907-W-US_Open-QF-Venus_Williams-Kim_Clijsters,Kim Clijsters,Total,127,103,22,30,0
20050907-W-US_Open-QF-Venus_Williams-Kim_Clijsters,Kim Clijsters,F,72,35,12,22,0
20050907-W-US_Open-QF-Venus_Williams-Kim_Clijsters,Kim Clijsters,B,51,63,8,8,0
20050907-W-US_Open-QF-Venus_Williams-Kim_Clijsters,Kim Clijsters,S,4,5,2,0,0
20050907-W-US_Open-QF-Mary_Pierce-Amelie_Mauresmo,Mary Pierce,Total,44,10,25,15,1
20050907-W-US_Open-QF-Mary_Pierce-Amelie_Mauresmo,Mary Pierce,F,24,2,10,11,1
20050907-W-US_Open-QF-Mary_Pierce-Amelie_Mauresmo,Mary Pierce,B,20,8,14,4,0
20050907-W-US_Open-QF-Mary_Pierce-Amelie_Mauresmo,Mary Pierce,S,0,0,1,0,0
20050907-W-US_Open-QF-Mary_Pierce-Amelie_Mauresmo,Amelie Mauresmo,Total,32,28,18,9,0
20050907-W-US_Open-QF-Mary_Pierce-Amelie_Mauresmo,Amelie Mauresmo,F,20,12,12,8,0
20050907-W-US_Open-QF-Mary_Pierce-Amelie_Mauresmo,Amelie Mauresmo,B,5,7,4,1,0
20050907-W-US_Open-QF-Mary_Pierce-Amelie_Mauresmo,Amelie Mauresmo,S,7,9,2,0,0
20050907-W-US_Open-QF-Maria_Sharapova-Nadia_Petrova,Maria Sharapova,Total,164,76,41,45,1
20050907-W-US_Open-QF-Maria_Sharapova-Nadia_Petrova,Maria Sharapova,F,104,29,26,31,1
20050907-W-US_Open-QF-Maria_Sharapova-Nadia_Petrova,Maria Sharapova,B,58,44,13,14,0
20050907-W-US_Open-QF-Maria_Sharapova-Nadia_Petrova,Maria Sharapova,S,2,3,2,0,0
20050907-W-US_Open-QF-Maria_Sharapova-Nadia_Petrova,Nadia Petrova,Total,98,111,63,55,1
20050907-W-US_Open-QF-Maria_Sharapova-Nadia_Petrova,Nadia Petrova,F,72,49,35,21,1
20050907-W-US_Open-QF-Maria_Sharapova-Nadia_Petrova,Nadia Petrova,B,19,48,27,31,0
20050907-W-US_Open-QF-Maria_Sharapova-Nadia_Petrova,Nadia Petrova,S,7,14,1,3,0
20050906-W-US_Open-QF-Lindsay_Davenport-Elena_Dementieva,Lindsay Davenport,Total,138,73,28,51,0
20050906-W-US_Open-QF-Lindsay_Davenport-Elena_Dementieva,Lindsay Davenport,F,70,30,15,31,0
20050906-W-US_Open-QF-Lindsay_Davenport-Elena_Dementieva,Lindsay Davenport,B,62,41,10,20,0
20050906-W-US_Open-QF-Lindsay_Davenport-Elena_Dementieva,Lindsay Davenport,S,6,2,3,0,0
20050906-W-US_Open-QF-Lindsay_Davenport-Elena_Dementieva,Elena Dementieva,Total,105,116,34,47,0
20050906-W-US_Open-QF-Lindsay_Davenport-Elena_Dementieva,Elena Dementieva,F,59,44,18,28,0
20050906-W-US_Open-QF-Lindsay_Davenport-Elena_Dementieva,Elena Dementieva,B,42,67,14,19,0
20050906-W-US_Open-QF-Lindsay_Davenport-Elena_Dementieva,Elena Dementieva,S,4,5,2,0,0
20050905-W-US_Open-R16-Mary_Pierce-Justine_Henin,Mary Pierce,Total,41,34,27,25,0
20050905-W-US_Open-R16-Mary_Pierce-Justine_Henin,Mary Pierce,F,19,15,13,15,0
20050905-W-US_Open-R16-Mary_Pierce-Justine_Henin,Mary Pierce,B,22,17,14,10,0
20050905-W-US_Open-R16-Mary_Pierce-Justine_Henin,Mary Pierce,S,0,2,0,0,0
20050905-W-US_Open-R16-Mary_Pierce-Justine_Henin,Justine Henin,Total,50,39,19,23,0
20050905-W-US_Open-R16-Mary_Pierce-Justine_Henin,Justine Henin,F,28,14,12,20,0
20050905-W-US_Open-R16-Mary_Pierce-Justine_Henin,Justine Henin,B,18,16,6,2,0
20050905-W-US_Open-R16-Mary_Pierce-Justine_Henin,Justine Henin,S,4,9,1,1,0
20050904-W-US_Open-R16-Serena_Williams-Venus_Williams,Serena Williams,Total,51,43,21,15,0
20050904-W-US_Open-R16-Serena_Williams-Venus_Williams,Serena Williams,F,27,13,9,10,0
20050904-W-US_Open-R16-Serena_Williams-Venus_Williams,Serena Williams,B,22,27,12,5,0
20050904-W-US_Open-R16-Serena_Williams-Venus_Williams,Serena Williams,S,2,3,0,0,0
20050904-W-US_Open-R16-Serena_Williams-Venus_Williams,Venus Williams,Total,69,26,13,23,0
20050904-W-US_Open-R16-Serena_Williams-Venus_Williams,Venus Williams,F,43,14,3,17,0
20050904-W-US_Open-R16-Serena_Williams-Venus_Williams,Venus Williams,B,26,12,10,6,0
20050904-W-US_Open-R16-Maria_Sharapova-Sania_Mirza,Maria Sharapova,Total,23,38,16,16,0
20050904-W-US_Open-R16-Maria_Sharapova-Sania_Mirza,Maria Sharapova,F,11,14,13,10,0
20050904-W-US_Open-R16-Maria_Sharapova-Sania_Mirza,Maria Sharapova,B,12,23,3,6,0
20050904-W-US_Open-R16-Maria_Sharapova-Sania_Mirza,Maria Sharapova,S,0,1,0,0,0
20050904-W-US_Open-R16-Maria_Sharapova-Sania_Mirza,Sania Mirza,Total,47,38,3,21,0
20050904-W-US_Open-R16-Maria_Sharapova-Sania_Mirza,Sania Mirza,F,29,18,2,13,0
20050904-W-US_Open-R16-Maria_Sharapova-Sania_Mirza,Sania Mirza,B,17,18,1,8,0
20050904-W-US_Open-R16-Maria_Sharapova-Sania_Mirza,Sania Mirza,S,1,2,0,0,0
20050830-W-US_Open-R128-Maria_Sharapova-Eleni_Daniilidou,Maria Sharapova,Total,50,35,25,17,0
20050830-W-US_Open-R128-Maria_Sharapova-Eleni_Daniilidou,Maria Sharapova,F,18,12,15,13,0
20050830-W-US_Open-R128-Maria_Sharapova-Eleni_Daniilidou,Maria Sharapova,B,31,23,10,4,0
20050830-W-US_Open-R128-Maria_Sharapova-Eleni_Daniilidou,Maria Sharapova,S,1,0,0,0,0
20050830-W-US_Open-R128-Maria_Sharapova-Eleni_Daniilidou,Eleni Daniilidou,Total,68,26,12,11,1
20050830-W-US_Open-R128-Maria_Sharapova-Eleni_Daniilidou,Eleni Daniilidou,F,26,10,6,8,1
20050830-W-US_Open-R128-Maria_Sharapova-Eleni_Daniilidou,Eleni Daniilidou,B,25,9,4,2,0
20050830-W-US_Open-R128-Maria_Sharapova-Eleni_Daniilidou,Eleni Daniilidou,S,17,7,2,1,0
20050129-W-Australian_Open-F-Serena_Williams-Lindsay_Davenport,Serena Williams,Total,58,31,25,12,0
20050129-W-Australian_Open-F-Serena_Williams-Lindsay_Davenport,Serena Williams,F,26,8,13,5,0
20050129-W-Australian_Open-F-Serena_Williams-Lindsay_Davenport,Serena Williams,B,29,22,12,7,0
20050129-W-Australian_Open-F-Serena_Williams-Lindsay_Davenport,Serena Williams,S,3,1,0,0,0
20050129-W-Australian_Open-F-Serena_Williams-Lindsay_Davenport,Lindsay Davenport,Total,61,20,15,16,0
20050129-W-Australian_Open-F-Serena_Williams-Lindsay_Davenport,Lindsay Davenport,F,23,4,5,11,0
20050129-W-Australian_Open-F-Serena_Williams-Lindsay_Davenport,Lindsay Davenport,B,37,12,10,5,0
20050129-W-Australian_Open-F-Serena_Williams-Lindsay_Davenport,Lindsay Davenport,S,1,4,0,0,0
20050127-W-Australian_Open-SF-Serena_Williams-Maria_Sharapova,Serena Williams,Total,154,61,45,25,1
20050127-W-Australian_Open-SF-Serena_Williams-Maria_Sharapova,Serena Williams,F,75,27,26,18,1
20050127-W-Australian_Open-SF-Serena_Williams-Maria_Sharapova,Serena Williams,B,78,34,19,7,0
20050127-W-Australian_Open-SF-Serena_Williams-Maria_Sharapova,Serena Williams,S,1,0,0,0,0
20050127-W-Australian_Open-SF-Serena_Williams-Maria_Sharapova,Maria Sharapova,Total,127,52,65,39,3
20050127-W-Australian_Open-SF-Serena_Williams-Maria_Sharapova,Maria Sharapova,F,62,18,29,22,2
20050127-W-Australian_Open-SF-Serena_Williams-Maria_Sharapova,Maria Sharapova,B,65,32,36,17,1
20050127-W-Australian_Open-SF-Serena_Williams-Maria_Sharapova,Maria Sharapova,S,0,2,0,0,0
20050117-W-Australian_Open-R64-Tzipi_Obziler-Anastasia_Myskina,Tzipi Obziler,Total,91,49,29,18,2
20050117-W-Australian_Open-R64-Tzipi_Obziler-Anastasia_Myskina,Tzipi Obziler,F,57,25,10,13,2
20050117-W-Australian_Open-R64-Tzipi_Obziler-Anastasia_Myskina,Tzipi Obziler,B,27,15,7,5,0
20050117-W-Australian_Open-R64-Tzipi_Obziler-Anastasia_Myskina,Tzipi Obziler,S,7,9,12,0,0
20050117-W-Australian_Open-R64-Tzipi_Obziler-Anastasia_Myskina,Anastasia Myskina,Total,99,30,37,23,0
20050117-W-Australian_Open-R64-Tzipi_Obziler-Anastasia_Myskina,Anastasia Myskina,F,59,10,29,16,0
20050117-W-Australian_Open-R64-Tzipi_Obziler-Anastasia_Myskina,Anastasia Myskina,B,40,19,7,7,0
20050117-W-Australian_Open-R64-Tzipi_Obziler-Anastasia_Myskina,Anastasia Myskina,S,0,1,1,0,0
20040907-W-US_Open-QF-Elena_Dementieva-Amelie_Mauresmo,Elena Dementieva,Total,105,67,23,38,2
20040907-W-US_Open-QF-Elena_Dementieva-Amelie_Mauresmo,Elena Dementieva,F,39,15,9,30,2
20040907-W-US_Open-QF-Elena_Dementieva-Amelie_Mauresmo,Elena Dementieva,B,64,49,12,8,0
20040907-W-US_Open-QF-Elena_Dementieva-Amelie_Mauresmo,Elena Dementieva,S,2,3,2,0,0
20040907-W-US_Open-QF-Elena_Dementieva-Amelie_Mauresmo,Amelie Mauresmo,Total,78,73,22,29,0
20040907-W-US_Open-QF-Elena_Dementieva-Amelie_Mauresmo,Amelie Mauresmo,F,25,23,17,24,0
20040907-W-US_Open-QF-Elena_Dementieva-Amelie_Mauresmo,Amelie Mauresmo,B,32,36,3,4,0
20040907-W-US_Open-QF-Elena_Dementieva-Amelie_Mauresmo,Amelie Mauresmo,S,21,14,2,1,0
20040131-W-Australian_Open-F-Kim_Clijsters-Justine_Henin,Kim Clijsters,Total,94,61,29,39,0
20040131-W-Australian_Open-F-Kim_Clijsters-Justine_Henin,Kim Clijsters,F,47,28,10,31,0
20040131-W-Australian_Open-F-Kim_Clijsters-Justine_Henin,Kim Clijsters,B,44,29,19,8,0
20040131-W-Australian_Open-F-Kim_Clijsters-Justine_Henin,Kim Clijsters,S,3,4,0,0,0
20040131-W-Australian_Open-F-Kim_Clijsters-Justine_Henin,Justine Henin,Total,105,69,17,24,3
20040131-W-Australian_Open-F-Kim_Clijsters-Justine_Henin,Justine Henin,F,49,27,9,21,3
20040131-W-Australian_Open-F-Kim_Clijsters-Justine_Henin,Justine Henin,B,37,28,7,3,0
20040131-W-Australian_Open-F-Kim_Clijsters-Justine_Henin,Justine Henin,S,19,14,1,0,0
20030906-W-US_Open-SF-Kim_Clijsters-Lindsay_Davenport,Kim Clijsters,Total,65,33,20,10,0
20030906-W-US_Open-SF-Kim_Clijsters-Lindsay_Davenport,Kim Clijsters,F,33,17,10,7,0
20030906-W-US_Open-SF-Kim_Clijsters-Lindsay_Davenport,Kim Clijsters,B,30,15,9,3,0
20030906-W-US_Open-SF-Kim_Clijsters-Lindsay_Davenport,Kim Clijsters,S,2,1,1,0,0
20030906-W-US_Open-SF-Kim_Clijsters-Lindsay_Davenport,Lindsay Davenport,Total,83,30,18,15,0
20030906-W-US_Open-SF-Kim_Clijsters-Lindsay_Davenport,Lindsay Davenport,F,42,10,5,8,0
20030906-W-US_Open-SF-Kim_Clijsters-Lindsay_Davenport,Lindsay Davenport,B,39,20,13,7,0
20030906-W-US_Open-SF-Kim_Clijsters-Lindsay_Davenport,Lindsay Davenport,S,2,0,0,0,0
20030906-W-US_Open-F-Kim_Clijsters-Justine_Henin,Kim Clijsters,Total,111,66,20,40,0
20030906-W-US_Open-F-Kim_Clijsters-Justine_Henin,Kim Clijsters,F,60,29,10,25,0
20030906-W-US_Open-F-Kim_Clijsters-Justine_Henin,Kim Clijsters,B,51,31,9,15,0
20030906-W-US_Open-F-Kim_Clijsters-Justine_Henin,Kim Clijsters,S,0,6,1,0,0
20030906-W-US_Open-F-Kim_Clijsters-Justine_Henin,Justine Henin,Total,78,109,16,31,0
20030906-W-US_Open-F-Kim_Clijsters-Justine_Henin,Justine Henin,F,42,47,10,21,0
20030906-W-US_Open-F-Kim_Clijsters-Justine_Henin,Justine Henin,B,24,40,6,10,0
20030906-W-US_Open-F-Kim_Clijsters-Justine_Henin,Justine Henin,S,12,22,0,0,0
20030826-W-US_Open-R128-Maria_Sharapova-Virginia_Ruano_Pascual,Maria Sharapova,Total,83,32,15,21,1
20030826-W-US_Open-R128-Maria_Sharapova-Virginia_Ruano_Pascual,Maria Sharapova,F,43,18,7,14,1
20030826-W-US_Open-R128-Maria_Sharapova-Virginia_Ruano_Pascual,Maria Sharapova,B,40,14,8,7,0
20030826-W-US_Open-R128-Maria_Sharapova-Virginia_Ruano_Pascual,Virginia Ruano Pascual,Total,45,56,24,19,0
20030826-W-US_Open-R128-Maria_Sharapova-Virginia_Ruano_Pascual,Virginia Ruano Pascual,F,34,21,16,17,0
20030826-W-US_Open-R128-Maria_Sharapova-Virginia_Ruano_Pascual,Virginia Ruano Pascual,B,1,2,1,0,0
20030826-W-US_Open-R128-Maria_Sharapova-Virginia_Ruano_Pascual,Virginia Ruano Pascual,S,10,33,7,2,0
20030825-W-US_Open-R128-Kim_Clijsters-Amber_Liu,Kim Clijsters,Total,64,25,13,15,0
20030825-W-US_Open-R128-Kim_Clijsters-Amber_Liu,Kim Clijsters,F,36,10,9,9,0
20030825-W-US_Open-R128-Kim_Clijsters-Amber_Liu,Kim Clijsters,B,26,11,4,5,0
20030825-W-US_Open-R128-Kim_Clijsters-Amber_Liu,Kim Clijsters,S,2,4,0,1,0
20030825-W-US_Open-R128-Kim_Clijsters-Amber_Liu,Amber Liu,Total,61,32,22,13,0
20030825-W-US_Open-R128-Kim_Clijsters-Amber_Liu,Amber Liu,F,34,14,12,5,0
20030825-W-US_Open-R128-Kim_Clijsters-Amber_Liu,Amber Liu,B,23,17,10,8,0
20030825-W-US_Open-R128-Kim_Clijsters-Amber_Liu,Amber Liu,S,4,1,0,0,0
20030125-W-Australian_Open-F-Serena_Williams-Venus_Williams,Serena Williams,Total,151,113,26,45,0
20030125-W-Australian_Open-F-Serena_Williams-Venus_Williams,Serena Williams,F,81,36,12,29,0
20030125-W-Australian_Open-F-Serena_Williams-Venus_Williams,Serena Williams,B,68,73,14,16,0
20030125-W-Australian_Open-F-Serena_Williams-Venus_Williams,Serena Williams,S,2,4,0,0,0
20030125-W-Australian_Open-F-Serena_Williams-Venus_Williams,Venus Williams,Total,106,129,45,45,0
20030125-W-Australian_Open-F-Serena_Williams-Venus_Williams,Venus Williams,F,53,65,24,28,0
20030125-W-Australian_Open-F-Serena_Williams-Venus_Williams,Venus Williams,B,52,58,21,17,0
20030125-W-Australian_Open-F-Serena_Williams-Venus_Williams,Venus Williams,S,1,6,0,0,0
20030122-W-Australian_Open-QF-Anastasia_Myskina-Kim_Clijsters,Anastasia Myskina,Total,70,85,35,17,0
20030122-W-Australian_Open-QF-Anastasia_Myskina-Kim_Clijsters,Anastasia Myskina,F,40,38,19,12,0
20030122-W-Australian_Open-QF-Anastasia_Myskina-Kim_Clijsters,Anastasia Myskina,B,30,42,16,5,0
20030122-W-Australian_Open-QF-Anastasia_Myskina-Kim_Clijsters,Anastasia Myskina,S,0,5,0,0,0
20030122-W-Australian_Open-QF-Anastasia_Myskina-Kim_Clijsters,Kim Clijsters,Total,106,45,18,34,2
20030122-W-Australian_Open-QF-Anastasia_Myskina-Kim_Clijsters,Kim Clijsters,F,67,21,11,25,1
20030122-W-Australian_Open-QF-Anastasia_Myskina-Kim_Clijsters,Kim Clijsters,B,39,23,7,9,1
20030122-W-Australian_Open-QF-Anastasia_Myskina-Kim_Clijsters,Kim Clijsters,S,0,1,0,0,0
20030119-W-Australian_Open-R16-Justine_Henin-Lindsay_Davenport,Justine Henin,Total,167,152,38,38,0
20030119-W-Australian_Open-R16-Justine_Henin-Lindsay_Davenport,Justine Henin,F,98,68,23,29,0
20030119-W-Australian_Open-R16-Justine_Henin-Lindsay_Davenport,Justine Henin,B,50,50,13,9,0
20030119-W-Australian_Open-R16-Justine_Henin-Lindsay_Davenport,Justine Henin,S,19,34,2,0,0
20030119-W-Australian_Open-R16-Justine_Henin-Lindsay_Davenport,Lindsay Davenport,Total,220,85,44,73,0
20030119-W-Australian_Open-R16-Justine_Henin-Lindsay_Davenport,Lindsay Davenport,F,138,30,24,42,0
20030119-W-Australian_Open-R16-Justine_Henin-Lindsay_Davenport,Lindsay Davenport,B,81,49,18,31,0
20030119-W-Australian_Open-R16-Justine_Henin-Lindsay_Davenport,Lindsay Davenport,S,1,6,2,0,0
20020828-W-US_Open-R64-Elena_Bovina-Jelena_Dokic,Elena Bovina,Total,48,40,14,10,0
20020828-W-US_Open-R64-Elena_Bovina-Jelena_Dokic,Elena Bovina,F,19,27,7,5,0
20020828-W-US_Open-R64-Elena_Bovina-Jelena_Dokic,Elena Bovina,B,26,12,7,5,0
20020828-W-US_Open-R64-Elena_Bovina-Jelena_Dokic,Elena Bovina,S,3,1,0,0,0
20020828-W-US_Open-R64-Elena_Bovina-Jelena_Dokic,Jelena Dokic,Total,67,23,13,17,1
20020828-W-US_Open-R64-Elena_Bovina-Jelena_Dokic,Jelena Dokic,F,35,10,10,8,1
20020828-W-US_Open-R64-Elena_Bovina-Jelena_Dokic,Jelena Dokic,B,30,13,3,9,0
20020828-W-US_Open-R64-Elena_Bovina-Jelena_Dokic,Jelena Dokic,S,2,0,0,0,0
20020126-W-Australian_Open-F-Martina_Hingis-Jennifer_Capriati,Martina Hingis,Total,187,89,74,91,0
20020126-W-Australian_Open-F-Martina_Hingis-Jennifer_Capriati,Martina Hingis,F,70,33,44,66,0
20020126-W-Australian_Open-F-Martina_Hingis-Jennifer_Capriati,Martina Hingis,B,109,53,30,25,0
20020126-W-Australian_Open-F-Martina_Hingis-Jennifer_Capriati,Martina Hingis,S,8,3,0,0,0
20020126-W-Australian_Open-F-Martina_Hingis-Jennifer_Capriati,Jennifer Capriati,Total,192,146,68,45,2
20020126-W-Australian_Open-F-Martina_Hingis-Jennifer_Capriati,Jennifer Capriati,F,87,38,34,30,2
20020126-W-Australian_Open-F-Martina_Hingis-Jennifer_Capriati,Jennifer Capriati,B,101,96,29,14,0
20020126-W-Australian_Open-F-Martina_Hingis-Jennifer_Capriati,Jennifer Capriati,S,4,12,5,1,0
20010908-W-US_Open-F-Serena_Williams-Venus_Williams,Serena Williams,Total,62,56,10,26,1
20010908-W-US_Open-F-Serena_Williams-Venus_Williams,Serena Williams,F,25,16,4,19,1
20010908-W-US_Open-F-Serena_Williams-Venus_Williams,Serena Williams,B,36,39,6,7,0
20010908-W-US_Open-F-Serena_Williams-Venus_Williams,Serena Williams,S,1,1,0,0,0
20010908-W-US_Open-F-Serena_Williams-Venus_Williams,Venus Williams,Total,40,70,17,24,0
20010908-W-US_Open-F-Serena_Williams-Venus_Williams,Venus Williams,F,13,34,8,14,0
20010908-W-US_Open-F-Serena_Williams-Venus_Williams,Venus Williams,B,27,34,8,10,0
20010908-W-US_Open-F-Serena_Williams-Venus_Williams,Venus Williams,S,0,2,1,0,0
20010127-W-Australian_Open-F-Martina_Hingis-Jennifer_Capriati,Martina Hingis,Total,78,51,32,53,0
20010127-W-Australian_Open-F-Martina_Hingis-Jennifer_Capriati,Martina Hingis,F,30,20,22,40,0
20010127-W-Australian_Open-F-Martina_Hingis-Jennifer_Capriati,Martina Hingis,B,43,28,10,13,0
20010127-W-Australian_Open-F-Martina_Hingis-Jennifer_Capriati,Martina Hingis,S,5,3,0,0,0
20010127-W-Australian_Open-F-Martina_Hingis-Jennifer_Capriati,Jennifer Capriati,Total,91,70,31,17,1
20010127-W-Australian_Open-F-Martina_Hingis-Jennifer_Capriati,Jennifer Capriati,F,36,18,9,11,1
20010127-W-Australian_Open-F-Martina_Hingis-Jennifer_Capriati,Jennifer Capriati,B,52,47,17,6,0
20010127-W-Australian_Open-F-Martina_Hingis-Jennifer_Capriati,Jennifer Capriati,S,3,5,5,0,0
20010124-W-Australian_Open-QF-Serena_Williams-Martina_Hingis,Serena Williams,Total,144,95,61,40,1
20010124-W-Australian_Open-QF-Serena_Williams-Martina_Hingis,Serena Williams,F,45,21,22,20,1
20010124-W-Australian_Open-QF-Serena_Williams-Martina_Hingis,Serena Williams,B,86,67,38,20,0
20010124-W-Australian_Open-QF-Serena_Williams-Martina_Hingis,Serena Williams,S,13,7,1,0,0
20010124-W-Australian_Open-QF-Serena_Williams-Martina_Hingis,Martina Hingis,Total,144,55,62,67,1
20010124-W-Australian_Open-QF-Serena_Williams-Martina_Hingis,Martina Hingis,F,48,19,41,50,1
20010124-W-Australian_Open-QF-Serena_Williams-Martina_Hingis,Martina Hingis,B,86,30,20,16,0
20010124-W-Australian_Open-QF-Serena_Williams-Martina_Hingis,Martina Hingis,S,10,6,1,1,0
20000906-W-US_Open-QF-Serena_Williams-Lindsay_Davenport,Serena Williams,Total,63,23,43,28,0
20000906-W-US_Open-QF-Serena_Williams-Lindsay_Davenport,Serena Williams,F,27,4,8,13,0
20000906-W-US_Open-QF-Serena_Williams-Lindsay_Davenport,Serena Williams,B,36,19,35,15,0
20000906-W-US_Open-QF-Serena_Williams-Lindsay_Davenport,Lindsay Davenport,Total,79,20,35,16,1
20000906-W-US_Open-QF-Serena_Williams-Lindsay_Davenport,Lindsay Davenport,F,32,9,27,14,0
20000906-W-US_Open-QF-Serena_Williams-Lindsay_Davenport,Lindsay Davenport,B,43,10,8,2,1
20000906-W-US_Open-QF-Serena_Williams-Lindsay_Davenport,Lindsay Davenport,S,4,1,0,0,0
20000905-W-US_Open-QF-Martina_Hingis-Monica_Seles,Martina Hingis,Total,39,39,26,19,0
20000905-W-US_Open-QF-Martina_Hingis-Monica_Seles,Martina Hingis,F,14,15,15,12,0
20000905-W-US_Open-QF-Martina_Hingis-Monica_Seles,Martina Hingis,B,23,20,10,7,0
20000905-W-US_Open-QF-Martina_Hingis-Monica_Seles,Martina Hingis,S,2,4,1,0,0
20000905-W-US_Open-QF-Martina_Hingis-Monica_Seles,Monica Seles,Total,80,29,7,26,0
20000905-W-US_Open-QF-Martina_Hingis-Monica_Seles,Monica Seles,F,42,13,6,12,0
20000905-W-US_Open-QF-Martina_Hingis-Monica_Seles,Monica Seles,B,38,16,1,13,0
20000905-W-US_Open-QF-Martina_Hingis-Monica_Seles,Monica Seles,S,0,0,0,1,0
20000902-W-US_Open-F-Venus_Williams-Lindsay_Davenport,Venus Williams,Total,24,61,9,13,0
20000902-W-US_Open-F-Venus_Williams-Lindsay_Davenport,Venus Williams,F,14,26,7,7,0
20000902-W-US_Open-F-Venus_Williams-Lindsay_Davenport,Venus Williams,B,10,35,2,6,0
20000902-W-US_Open-F-Venus_Williams-Lindsay_Davenport,Lindsay Davenport,Total,33,49,8,21,0
20000902-W-US_Open-F-Venus_Williams-Lindsay_Davenport,Lindsay Davenport,F,17,19,4,9,0
20000902-W-US_Open-F-Venus_Williams-Lindsay_Davenport,Lindsay Davenport,B,15,25,4,11,0
20000902-W-US_Open-F-Venus_Williams-Lindsay_Davenport,Lindsay Davenport,S,1,5,0,1,0
20000129-W-Australian_Open-F-Martina_Hingis-Lindsay_Davenport,Martina Hingis,Total,48,61,26,31,1
20000129-W-Australian_Open-F-Martina_Hingis-Lindsay_Davenport,Martina Hingis,F,20,22,13,21,1
20000129-W-Australian_Open-F-Martina_Hingis-Lindsay_Davenport,Martina Hingis,B,25,34,12,10,0
20000129-W-Australian_Open-F-Martina_Hingis-Lindsay_Davenport,Martina Hingis,S,3,5,1,0,0
20000129-W-Australian_Open-F-Martina_Hingis-Lindsay_Davenport,Lindsay Davenport,Total,92,45,19,18,0
20000129-W-Australian_Open-F-Martina_Hingis-Lindsay_Davenport,Lindsay Davenport,F,38,17,10,11,0
20000129-W-Australian_Open-F-Martina_Hingis-Lindsay_Davenport,Lindsay Davenport,B,52,28,9,6,0
20000129-W-Australian_Open-F-Martina_Hingis-Lindsay_Davenport,Lindsay Davenport,S,2,0,0,1,0
20000117-W-Australian_Open-R64-Martina_Hingis-Justine_Henin,Martina Hingis,Total,47,79,12,33,0
20000117-W-Australian_Open-R64-Martina_Hingis-Justine_Henin,Martina Hingis,F,18,34,6,18,0
20000117-W-Australian_Open-R64-Martina_Hingis-Justine_Henin,Martina Hingis,B,27,42,6,15,0
20000117-W-Australian_Open-R64-Martina_Hingis-Justine_Henin,Martina Hingis,S,2,3,0,0,0
20000117-W-Australian_Open-R64-Martina_Hingis-Justine_Henin,Justine Henin,Total,46,94,10,21,0
20000117-W-Australian_Open-R64-Martina_Hingis-Justine_Henin,Justine Henin,F,16,35,7,16,0
20000117-W-Australian_Open-R64-Martina_Hingis-Justine_Henin,Justine Henin,B,15,37,2,3,0
20000117-W-Australian_Open-R64-Martina_Hingis-Justine_Henin,Justine Henin,S,15,22,1,2,0
19990909-W-US_Open-SF-Serena_Williams-Lindsay_Davenport,Serena Williams,Total,57,65,9,21,0
19990909-W-US_Open-SF-Serena_Williams-Lindsay_Davenport,Serena Williams,F,32,32,4,8,0
19990909-W-US_Open-SF-Serena_Williams-Lindsay_Davenport,Serena Williams,B,25,31,4,13,0
19990909-W-US_Open-SF-Serena_Williams-Lindsay_Davenport,Serena Williams,S,0,2,1,0,0
19990909-W-US_Open-SF-Serena_Williams-Lindsay_Davenport,Lindsay Davenport,Total,54,50,21,27,0
19990909-W-US_Open-SF-Serena_Williams-Lindsay_Davenport,Lindsay Davenport,F,33,26,10,19,0
19990909-W-US_Open-SF-Serena_Williams-Lindsay_Davenport,Lindsay Davenport,B,20,22,9,7,0
19990909-W-US_Open-SF-Serena_Williams-Lindsay_Davenport,Lindsay Davenport,S,1,2,2,1,0
19990130-W-Australian_Open-F-Amelie_Mauresmo-Martina_Hingis,Amelie Mauresmo,Total,80,62,41,33,3
19990130-W-Australian_Open-F-Amelie_Mauresmo-Martina_Hingis,Amelie Mauresmo,F,48,16,22,22,3
19990130-W-Australian_Open-F-Amelie_Mauresmo-Martina_Hingis,Amelie Mauresmo,B,27,31,17,9,0
19990130-W-Australian_Open-F-Amelie_Mauresmo-Martina_Hingis,Amelie Mauresmo,S,5,15,2,2,0
19990130-W-Australian_Open-F-Amelie_Mauresmo-Martina_Hingis,Martina Hingis,Total,88,54,25,29,0
19990130-W-Australian_Open-F-Amelie_Mauresmo-Martina_Hingis,Martina Hingis,F,42,23,19,21,0
19990130-W-Australian_Open-F-Amelie_Mauresmo-Martina_Hingis,Martina Hingis,B,45,27,6,8,0
19990130-W-Australian_Open-F-Amelie_Mauresmo-Martina_Hingis,Martina Hingis,S,1,4,0,0,0
19990128-W-Australian_Open-SF-Amelie_Mauresmo-Lindsay_Davenport,Amelie Mauresmo,Total,85,50,53,26,5
19990128-W-Australian_Open-SF-Amelie_Mauresmo-Lindsay_Davenport,Amelie Mauresmo,F,53,21,32,20,5
19990128-W-Australian_Open-SF-Amelie_Mauresmo-Lindsay_Davenport,Amelie Mauresmo,B,20,16,12,5,0
19990128-W-Australian_Open-SF-Amelie_Mauresmo-Lindsay_Davenport,Amelie Mauresmo,S,12,13,9,1,0
19990128-W-Australian_Open-SF-Amelie_Mauresmo-Lindsay_Davenport,Lindsay Davenport,Total,124,29,31,28,0
19990128-W-Australian_Open-SF-Amelie_Mauresmo-Lindsay_Davenport,Lindsay Davenport,F,62,10,15,11,0
19990128-W-Australian_Open-SF-Amelie_Mauresmo-Lindsay_Davenport,Lindsay Davenport,B,62,18,16,17,0
19990128-W-Australian_Open-SF-Amelie_Mauresmo-Lindsay_Davenport,Lindsay Davenport,S,0,1,0,0,0
19990127-W-Australian_Open-QF-Monica_Seles-Steffi_Graf,Monica Seles,Total,93,31,28,9,0
19990127-W-Australian_Open-QF-Monica_Seles-Steffi_Graf,Monica Seles,F,72,17,14,3,0
19990127-W-Australian_Open-QF-Monica_Seles-Steffi_Graf,Monica Seles,B,21,12,14,6,0
19990127-W-Australian_Open-QF-Monica_Seles-Steffi_Graf,Monica Seles,S,0,2,0,0,0
19990127-W-Australian_Open-QF-Monica_Seles-Steffi_Graf,Steffi Graf,Total,89,23,22,28,5
19990127-W-Australian_Open-QF-Monica_Seles-Steffi_Graf,Steffi Graf,F,28,10,13,28,5
19990127-W-Australian_Open-QF-Monica_Seles-Steffi_Graf,Steffi Graf,B,2,0,2,0,0
19990127-W-Australian_Open-QF-Monica_Seles-Steffi_Graf,Steffi Graf,S,59,13,7,0,0
19990127-W-Australian_Open-QF-Martina_Hingis-Mary_Pierce,Martina Hingis,Total,50,26,33,24,0
19990127-W-Australian_Open-QF-Martina_Hingis-Mary_Pierce,Martina Hingis,F,26,15,18,15,0
19990127-W-Australian_Open-QF-Martina_Hingis-Mary_Pierce,Martina Hingis,B,20,8,15,9,0
19990127-W-Australian_Open-QF-Martina_Hingis-Mary_Pierce,Martina Hingis,S,4,3,0,0,0
19990127-W-Australian_Open-QF-Martina_Hingis-Mary_Pierce,Mary Pierce,Total,52,31,27,18,1
19990127-W-Australian_Open-QF-Martina_Hingis-Mary_Pierce,Mary Pierce,F,21,11,10,4,1
19990127-W-Australian_Open-QF-Martina_Hingis-Mary_Pierce,Mary Pierce,B,30,15,17,14,0
19990127-W-Australian_Open-QF-Martina_Hingis-Mary_Pierce,Mary Pierce,S,1,5,0,0,0
19980912-W-US_Open-F-Martina_Hingis-Lindsay_Davenport,Martina Hingis,Total,59,81,39,30,0
19980912-W-US_Open-F-Martina_Hingis-Lindsay_Davenport,Martina Hingis,F,19,30,24,19,0
19980912-W-US_Open-F-Martina_Hingis-Lindsay_Davenport,Martina Hingis,B,36,47,15,11,0
19980912-W-US_Open-F-Martina_Hingis-Lindsay_Davenport,Martina Hingis,S,4,4,0,0,0
19980912-W-US_Open-F-Martina_Hingis-Lindsay_Davenport,Lindsay Davenport,Total,120,61,22,24,1
19980912-W-US_Open-F-Martina_Hingis-Lindsay_Davenport,Lindsay Davenport,F,50,20,7,12,1
19980912-W-US_Open-F-Martina_Hingis-Lindsay_Davenport,Lindsay Davenport,B,68,38,14,12,0
19980912-W-US_Open-F-Martina_Hingis-Lindsay_Davenport,Lindsay Davenport,S,2,3,1,0,0
19980910-W-US_Open-SF-Martina_Hingis-Jana_Novotna,Martina Hingis,Total,182,68,56,35,0
19980910-W-US_Open-SF-Martina_Hingis-Jana_Novotna,Martina Hingis,F,60,23,30,28,0
19980910-W-US_Open-SF-Martina_Hingis-Jana_Novotna,Martina Hingis,B,118,41,23,6,0
19980910-W-US_Open-SF-Martina_Hingis-Jana_Novotna,Martina Hingis,S,4,4,3,1,0
19980910-W-US_Open-SF-Martina_Hingis-Jana_Novotna,Jana Novotna,Total,187,71,56,33,1
19980910-W-US_Open-SF-Martina_Hingis-Jana_Novotna,Jana Novotna,F,65,24,13,24,1
19980910-W-US_Open-SF-Martina_Hingis-Jana_Novotna,Jana Novotna,B,2,4,0,0,0
19980910-W-US_Open-SF-Martina_Hingis-Jana_Novotna,Jana Novotna,S,120,43,43,9,0
19980131-W-Australian_Open-F-Martina_Hingis-Conchita_Martinez,Martina Hingis,Total,158,54,55,19,0
19980131-W-Australian_Open-F-Martina_Hingis-Conchita_Martinez,Martina Hingis,F,50,25,34,15,0
19980131-W-Australian_Open-F-Martina_Hingis-Conchita_Martinez,Martina Hingis,B,104,26,20,4,0
19980131-W-Australian_Open-F-Martina_Hingis-Conchita_Martinez,Martina Hingis,S,4,3,1,0,0
19980131-W-Australian_Open-F-Martina_Hingis-Conchita_Martinez,Conchita Martinez,Total,138,54,71,33,12
19980131-W-Australian_Open-F-Martina_Hingis-Conchita_Martinez,Conchita Martinez,F,49,14,27,25,12
19980131-W-Australian_Open-F-Martina_Hingis-Conchita_Martinez,Conchita Martinez,B,41,15,17,3,0
19980131-W-Australian_Open-F-Martina_Hingis-Conchita_Martinez,Conchita Martinez,S,48,25,27,5,0
19980127-W-Australian_Open-QF-Venus_Williams-Lindsay_Davenport,Venus Williams,Total,48,71,47,26,0
19980127-W-Australian_Open-QF-Venus_Williams-Lindsay_Davenport,Venus Williams,F,24,20,17,13,0
19980127-W-Australian_Open-QF-Venus_Williams-Lindsay_Davenport,Venus Williams,B,22,44,29,13,0
19980127-W-Australian_Open-QF-Venus_Williams-Lindsay_Davenport,Venus Williams,S,2,7,1,0,0
19980127-W-Australian_Open-QF-Venus_Williams-Lindsay_Davenport,Lindsay Davenport,Total,88,40,28,31,1
19980127-W-Australian_Open-QF-Venus_Williams-Lindsay_Davenport,Lindsay Davenport,F,35,13,17,19,1
19980127-W-Australian_Open-QF-Venus_Williams-Lindsay_Davenport,Lindsay Davenport,B,51,22,10,12,0
19980127-W-Australian_Open-QF-Venus_Williams-Lindsay_Davenport,Lindsay Davenport,S,2,5,1,0,0
19980121-W-Australian_Open-R64-Serena_Williams-Venus_Williams,Serena Williams,Total,106,59,22,15,1
19980121-W-Australian_Open-R64-Serena_Williams-Venus_Williams,Serena Williams,F,51,13,8,8,1
19980121-W-Australian_Open-R64-Serena_Williams-Venus_Williams,Serena Williams,B,47,44,14,7,0
19980121-W-Australian_Open-R64-Serena_Williams-Venus_Williams,Serena Williams,S,8,2,0,0,0
19980121-W-Australian_Open-R64-Serena_Williams-Venus_Williams,Venus Williams,Total,83,59,31,27,1
19980121-W-Australian_Open-R64-Serena_Williams-Venus_Williams,Venus Williams,F,34,32,21,14,1
19980121-W-Australian_Open-R64-Serena_Williams-Venus_Williams,Venus Williams,B,47,27,10,13,0
19980121-W-Australian_Open-R64-Serena_Williams-Venus_Williams,Venus Williams,S,2,0,0,0,0
19970906-W-US_Open-SF-Martina_Hingis-Lindsay_Davenport,Martina Hingis,Total,65,48,31,35,0
19970906-W-US_Open-SF-Martina_Hingis-Lindsay_Davenport,Martina Hingis,F,30,21,15,24,0
19970906-W-US_Open-SF-Martina_Hingis-Lindsay_Davenport,Martina Hingis,B,32,25,14,11,0
19970906-W-US_Open-SF-Martina_Hingis-Lindsay_Davenport,Martina Hingis,S,3,2,2,0,0
19970906-W-US_Open-SF-Martina_Hingis-Lindsay_Davenport,Lindsay Davenport,Total,87,63,22,19,1
19970906-W-US_Open-SF-Martina_Hingis-Lindsay_Davenport,Lindsay Davenport,F,35,26,11,11,1
19970906-W-US_Open-SF-Martina_Hingis-Lindsay_Davenport,Lindsay Davenport,B,48,31,11,8,0
19970906-W-US_Open-SF-Martina_Hingis-Lindsay_Davenport,Lindsay Davenport,S,4,6,0,0,0
19970906-W-US_Open-F-Venus_Williams-Martina_Hingis,Venus Williams,Total,70,36,12,20,0
19970906-W-US_Open-F-Venus_Williams-Martina_Hingis,Venus Williams,F,38,10,6,12,0
19970906-W-US_Open-F-Venus_Williams-Martina_Hingis,Venus Williams,B,28,25,6,7,0
19970906-W-US_Open-F-Venus_Williams-Martina_Hingis,Venus Williams,S,4,1,0,1,0
19970906-W-US_Open-F-Venus_Williams-Martina_Hingis,Martina Hingis,Total,41,56,18,16,1
19970906-W-US_Open-F-Venus_Williams-Martina_Hingis,Martina Hingis,F,23,19,10,5,1
19970906-W-US_Open-F-Venus_Williams-Martina_Hingis,Martina Hingis,B,17,32,6,11,0
19970906-W-US_Open-F-Venus_Williams-Martina_Hingis,Martina Hingis,S,1,5,2,0,0
19970125-W-Australian_Open-F-Martina_Hingis-Mary_Pierce,Martina Hingis,Total,47,28,29,19,1
19970125-W-Australian_Open-F-Martina_Hingis-Mary_Pierce,Martina Hingis,F,24,13,16,16,1
19970125-W-Australian_Open-F-Martina_Hingis-Mary_Pierce,Martina Hingis,B,23,13,13,3,0
19970125-W-Australian_Open-F-Martina_Hingis-Mary_Pierce,Martina Hingis,S,0,2,0,0,0
19970125-W-Australian_Open-F-Martina_Hingis-Mary_Pierce,Mary Pierce,Total,65,25,29,11,1
19970125-W-Australian_Open-F-Martina_Hingis-Mary_Pierce,Mary Pierce,F,29,6,10,8,1
19970125-W-Australian_Open-F-Martina_Hingis-Mary_Pierce,Mary Pierce,B,33,15,17,3,0
19970125-W-Australian_Open-F-Martina_Hingis-Mary_Pierce,Mary Pierce,S,3,4,2,0,0
19970123-W-Australian_Open-SF-Mary_Pierce-Amanda_Coetzer,Mary Pierce,Total,122,21,38,23,4
19970123-W-Australian_Open-SF-Mary_Pierce-Amanda_Coetzer,Mary Pierce,F,62,9,19,14,4
19970123-W-Australian_Open-SF-Mary_Pierce-Amanda_Coetzer,Mary Pierce,B,58,9,19,8,0
19970123-W-Australian_Open-SF-Mary_Pierce-Amanda_Coetzer,Mary Pierce,S,2,3,0,1,0
19970123-W-Australian_Open-SF-Mary_Pierce-Amanda_Coetzer,Amanda Coetzer,Total,91,53,42,14,1
19970123-W-Australian_Open-SF-Mary_Pierce-Amanda_Coetzer,Amanda Coetzer,F,48,20,23,11,1
19970123-W-Australian_Open-SF-Mary_Pierce-Amanda_Coetzer,Amanda Coetzer,B,29,26,16,3,0
19970123-W-Australian_Open-SF-Mary_Pierce-Amanda_Coetzer,Amanda Coetzer,S,14,7,3,0,0
19960907-W-US_Open-F-Monica_Seles-Steffi_Graf,Monica Seles,Total,97,34,24,21,2
19960907-W-US_Open-F-Monica_Seles-Steffi_Graf,Monica Seles,F,46,14,9,11,0
19960907-W-US_Open-F-Monica_Seles-Steffi_Graf,Monica Seles,B,50,17,14,10,2
19960907-W-US_Open-F-Monica_Seles-Steffi_Graf,Monica Seles,S,1,3,1,0,0
19960907-W-US_Open-F-Monica_Seles-Steffi_Graf,Steffi Graf,Total,72,42,22,26,4
19960907-W-US_Open-F-Monica_Seles-Steffi_Graf,Steffi Graf,F,48,23,9,23,4
19960907-W-US_Open-F-Monica_Seles-Steffi_Graf,Steffi Graf,B,0,1,1,0,0
19960907-W-US_Open-F-Monica_Seles-Steffi_Graf,Steffi Graf,S,24,18,12,3,0
19960127-W-Australian_Open-F-Monica_Seles-Anke_Huber,Monica Seles,Total,99,54,24,17,0
19960127-W-Australian_Open-F-Monica_Seles-Anke_Huber,Monica Seles,F,32,29,20,13,0
19960127-W-Australian_Open-F-Monica_Seles-Anke_Huber,Monica Seles,B,66,25,4,4,0
19960127-W-Australian_Open-F-Monica_Seles-Anke_Huber,Monica Seles,S,1,0,0,0,0
19960127-W-Australian_Open-F-Monica_Seles-Anke_Huber,Anke Huber,Total,106,48,33,19,1
19960127-W-Australian_Open-F-Monica_Seles-Anke_Huber,Anke Huber,F,66,34,25,10,1
19960127-W-Australian_Open-F-Monica_Seles-Anke_Huber,Anke Huber,B,36,12,7,9,0
19960127-W-Australian_Open-F-Monica_Seles-Anke_Huber,Anke Huber,S,4,2,1,0,0
19960125-W-Australian_Open-SF-Chanda_Rubin-Monica_Seles,Chanda Rubin,Total,85,53,34,42,1
19960125-W-Australian_Open-SF-Chanda_Rubin-Monica_Seles,Chanda Rubin,F,43,23,13,35,1
19960125-W-Australian_Open-SF-Chanda_Rubin-Monica_Seles,Chanda Rubin,B,34,21,19,7,0
19960125-W-Australian_Open-SF-Chanda_Rubin-Monica_Seles,Chanda Rubin,S,8,9,2,0,0
19960125-W-Australian_Open-SF-Chanda_Rubin-Monica_Seles,Monica Seles,Total,89,54,32,23,1
19960125-W-Australian_Open-SF-Chanda_Rubin-Monica_Seles,Monica Seles,F,54,21,18,14,1
19960125-W-Australian_Open-SF-Chanda_Rubin-Monica_Seles,Monica Seles,B,35,32,13,9,0
19960125-W-Australian_Open-SF-Chanda_Rubin-Monica_Seles,Monica Seles,S,0,1,1,0,0
19950909-W-US_Open-F-Monica_Seles-Steffi_Graf,Monica Seles,Total,114,79,30,23,0
19950909-W-US_Open-F-Monica_Seles-Steffi_Graf,Monica Seles,F,75,28,14,11,0
19950909-W-US_Open-F-Monica_Seles-Steffi_Graf,Monica Seles,B,39,51,11,12,0
19950909-W-US_Open-F-Monica_Seles-Steffi_Graf,Monica Seles,S,0,0,5,0,0
19950909-W-US_Open-F-Monica_Seles-Steffi_Graf,Steffi Graf,Total,104,79,13,34,0
19950909-W-US_Open-F-Monica_Seles-Steffi_Graf,Steffi Graf,F,45,35,5,29,0
19950909-W-US_Open-F-Monica_Seles-Steffi_Graf,Steffi Graf,B,2,3,1,0,0
19950909-W-US_Open-F-Monica_Seles-Steffi_Graf,Steffi Graf,S,57,41,7,5,0
19950905-W-US_Open-QF-Monica_Seles-Jana_Novotna,Monica Seles,Total,106,48,54,23,0
19950905-W-US_Open-QF-Monica_Seles-Jana_Novotna,Monica Seles,F,57,16,32,19,0
19950905-W-US_Open-QF-Monica_Seles-Jana_Novotna,Monica Seles,B,48,29,21,4,0
19950905-W-US_Open-QF-Monica_Seles-Jana_Novotna,Monica Seles,S,1,3,1,0,0
19950905-W-US_Open-QF-Monica_Seles-Jana_Novotna,Jana Novotna,Total,115,54,25,22,1
19950905-W-US_Open-QF-Monica_Seles-Jana_Novotna,Jana Novotna,F,79,30,15,19,1
19950905-W-US_Open-QF-Monica_Seles-Jana_Novotna,Jana Novotna,B,0,3,0,0,0
19950905-W-US_Open-QF-Monica_Seles-Jana_Novotna,Jana Novotna,S,36,21,10,3,0
19950828-W-US_Open-R128-Monica_Seles-Ruxandra_Dragomir_Ilie,Monica Seles,Total,64,23,23,20,0
19950828-W-US_Open-R128-Monica_Seles-Ruxandra_Dragomir_Ilie,Monica Seles,F,37,7,13,6,0
19950828-W-US_Open-R128-Monica_Seles-Ruxandra_Dragomir_Ilie,Monica Seles,B,27,13,10,13,0
19950828-W-US_Open-R128-Monica_Seles-Ruxandra_Dragomir_Ilie,Monica Seles,S,0,3,0,1,0
19950828-W-US_Open-R128-Monica_Seles-Ruxandra_Dragomir_Ilie,Ruxandra Dragomir Ilie,Total,74,29,14,7,1
19950828-W-US_Open-R128-Monica_Seles-Ruxandra_Dragomir_Ilie,Ruxandra Dragomir Ilie,F,32,10,3,5,1
19950828-W-US_Open-R128-Monica_Seles-Ruxandra_Dragomir_Ilie,Ruxandra Dragomir Ilie,B,32,13,8,2,0
19950828-W-US_Open-R128-Monica_Seles-Ruxandra_Dragomir_Ilie,Ruxandra Dragomir Ilie,S,10,6,3,0,0
19950828-W-US_Open-QF-Steffi_Graf-Amy_Frazier,Steffi Graf,Total,46,37,17,12,1
19950828-W-US_Open-QF-Steffi_Graf-Amy_Frazier,Steffi Graf,F,29,12,5,9,1
19950828-W-US_Open-QF-Steffi_Graf-Amy_Frazier,Steffi Graf,B,1,1,2,0,0
19950828-W-US_Open-QF-Steffi_Graf-Amy_Frazier,Steffi Graf,S,16,24,10,3,0
19950828-W-US_Open-QF-Steffi_Graf-Amy_Frazier,Amy Frazier,Total,67,27,12,4,0
19950828-W-US_Open-QF-Steffi_Graf-Amy_Frazier,Amy Frazier,F,29,15,5,0,0
19950828-W-US_Open-QF-Steffi_Graf-Amy_Frazier,Amy Frazier,B,38,8,6,4,0
19950828-W-US_Open-QF-Steffi_Graf-Amy_Frazier,Amy Frazier,S,0,4,1,0,0
19950128-W-Australian_Open-F-Mary_Pierce-Arantxa_Sanchez_Vicario,Mary Pierce,Total,85,66,45,33,2
19950128-W-Australian_Open-F-Mary_Pierce-Arantxa_Sanchez_Vicario,Mary Pierce,F,54,33,20,11,2
19950128-W-Australian_Open-F-Mary_Pierce-Arantxa_Sanchez_Vicario,Mary Pierce,B,31,33,25,22,0
19950128-W-Australian_Open-F-Mary_Pierce-Arantxa_Sanchez_Vicario,Arantxa Sanchez Vicario,Total,109,85,19,16,1
19950128-W-Australian_Open-F-Mary_Pierce-Arantxa_Sanchez_Vicario,Arantxa Sanchez Vicario,F,72,53,15,15,0
19950128-W-Australian_Open-F-Mary_Pierce-Arantxa_Sanchez_Vicario,Arantxa Sanchez Vicario,B,27,27,3,1,1
19950128-W-Australian_Open-F-Mary_Pierce-Arantxa_Sanchez_Vicario,Arantxa Sanchez Vicario,S,10,5,1,0,0
19950126-W-Australian_Open-SF-Mary_Pierce-Conchita_Martinez,Mary Pierce,Total,63,32,30,20,1
19950126-W-Australian_Open-SF-Mary_Pierce-Conchita_Martinez,Mary Pierce,F,25,20,11,10,1
19950126-W-Australian_Open-SF-Mary_Pierce-Conchita_Martinez,Mary Pierce,B,38,12,19,10,0
19950126-W-Australian_Open-SF-Mary_Pierce-Conchita_Martinez,Conchita Martinez,Total,54,38,18,18,2
19950126-W-Australian_Open-SF-Mary_Pierce-Conchita_Martinez,Conchita Martinez,F,22,16,12,14,2
19950126-W-Australian_Open-SF-Mary_Pierce-Conchita_Martinez,Conchita Martinez,B,19,12,0,0,0
19950126-W-Australian_Open-SF-Mary_Pierce-Conchita_Martinez,Conchita Martinez,S,13,10,6,4,0
19940910-W-US_Open-SF-Arantxa_Sanchez_Vicario-Gabriela_Sabatini,Arantxa Sanchez Vicario,Total,179,83,34,38,1
19940910-W-US_Open-SF-Arantxa_Sanchez_Vicario-Gabriela_Sabatini,Arantxa Sanchez Vicario,F,58,30,23,25,1
19940910-W-US_Open-SF-Arantxa_Sanchez_Vicario-Gabriela_Sabatini,Arantxa Sanchez Vicario,B,106,44,10,9,0
19940910-W-US_Open-SF-Arantxa_Sanchez_Vicario-Gabriela_Sabatini,Arantxa Sanchez Vicario,S,15,9,1,4,0
19940910-W-US_Open-SF-Arantxa_Sanchez_Vicario-Gabriela_Sabatini,Gabriela Sabatini,Total,105,115,43,34,1
19940910-W-US_Open-SF-Arantxa_Sanchez_Vicario-Gabriela_Sabatini,Gabriela Sabatini,F,31,30,20,25,1
19940910-W-US_Open-SF-Arantxa_Sanchez_Vicario-Gabriela_Sabatini,Gabriela Sabatini,B,26,51,15,4,0
19940910-W-US_Open-SF-Arantxa_Sanchez_Vicario-Gabriela_Sabatini,Gabriela Sabatini,S,48,34,8,5,0
19940128-W-Australian_Open-F-Steffi_Graf-Arantxa_Sanchez_Vicario,Steffi Graf,Total,75,20,25,27,10
19940128-W-Australian_Open-F-Steffi_Graf-Arantxa_Sanchez_Vicario,Steffi Graf,F,38,4,9,23,10
19940128-W-Australian_Open-F-Steffi_Graf-Arantxa_Sanchez_Vicario,Steffi Graf,B,3,4,2,0,0
19940128-W-Australian_Open-F-Steffi_Graf-Arantxa_Sanchez_Vicario,Steffi Graf,S,34,12,14,4,0
19940128-W-Australian_Open-F-Steffi_Graf-Arantxa_Sanchez_Vicario,Arantxa Sanchez Vicario,Total,74,40,30,8,0
19940128-W-Australian_Open-F-Steffi_Graf-Arantxa_Sanchez_Vicario,Arantxa Sanchez Vicario,F,21,27,16,7,0
19940128-W-Australian_Open-F-Steffi_Graf-Arantxa_Sanchez_Vicario,Arantxa Sanchez Vicario,B,43,9,7,1,0
19940128-W-Australian_Open-F-Steffi_Graf-Arantxa_Sanchez_Vicario,Arantxa Sanchez Vicario,S,10,4,7,0,0
19940127-W-Australian_Open-SF-Steffi_Graf-Kimiko_Date_Krumm,Steffi Graf,Total,51,17,17,17,6
19940127-W-Australian_Open-SF-Steffi_Graf-Kimiko_Date_Krumm,Steffi Graf,F,30,9,5,16,6
19940127-W-Australian_Open-SF-Steffi_Graf-Kimiko_Date_Krumm,Steffi Graf,B,3,1,0,1,0
19940127-W-Australian_Open-SF-Steffi_Graf-Kimiko_Date_Krumm,Steffi Graf,S,18,7,12,0,0
19940127-W-Australian_Open-SF-Steffi_Graf-Kimiko_Date_Krumm,Kimiko Date Krumm,Total,62,27,22,8,1
19940127-W-Australian_Open-SF-Steffi_Graf-Kimiko_Date_Krumm,Kimiko Date Krumm,F,25,14,19,7,1
19940127-W-Australian_Open-SF-Steffi_Graf-Kimiko_Date_Krumm,Kimiko Date Krumm,B,37,13,3,1,0
19930911-W-US_Open-F-Steffi_Graf-Helena_Sukova,Steffi Graf,Total,32,15,14,31,1
19930911-W-US_Open-F-Steffi_Graf-Helena_Sukova,Steffi Graf,F,14,3,3,29,1
19930911-W-US_Open-F-Steffi_Graf-Helena_Sukova,Steffi Graf,B,7,5,4,1,0
19930911-W-US_Open-F-Steffi_Graf-Helena_Sukova,Steffi Graf,S,11,7,7,1,0
19930911-W-US_Open-F-Steffi_Graf-Helena_Sukova,Helena Sukova,Total,12,13,6,4,1
19930911-W-US_Open-F-Steffi_Graf-Helena_Sukova,Helena Sukova,F,1,6,4,3,1
19930911-W-US_Open-F-Steffi_Graf-Helena_Sukova,Helena Sukova,B,2,0,0,1,0
19930911-W-US_Open-F-Steffi_Graf-Helena_Sukova,Helena Sukova,S,9,7,2,0,0
19930130-W-Australian_Open-F-Steffi_Graf-Monica_Seles,Steffi Graf,Total,175,67,30,49,9
19930130-W-Australian_Open-F-Steffi_Graf-Monica_Seles,Steffi Graf,F,73,31,13,43,9
19930130-W-Australian_Open-F-Steffi_Graf-Monica_Seles,Steffi Graf,B,4,1,0,0,0
19930130-W-Australian_Open-F-Steffi_Graf-Monica_Seles,Steffi Graf,S,98,35,17,6,0
19930130-W-Australian_Open-F-Steffi_Graf-Monica_Seles,Monica Seles,Total,195,53,43,27,1
19930130-W-Australian_Open-F-Steffi_Graf-Monica_Seles,Monica Seles,F,143,28,22,15,0
19930130-W-Australian_Open-F-Steffi_Graf-Monica_Seles,Monica Seles,B,51,24,19,12,1
19930130-W-Australian_Open-F-Steffi_Graf-Monica_Seles,Monica Seles,S,1,1,2,0,0
19920912-W-US_Open-F-Monica_Seles-Arantxa_Sanchez_Vicario,Monica Seles,Total,128,102,27,37,0
19920912-W-US_Open-F-Monica_Seles-Arantxa_Sanchez_Vicario,Monica Seles,F,64,64,21,28,0
19920912-W-US_Open-F-Monica_Seles-Arantxa_Sanchez_Vicario,Monica Seles,B,64,36,6,9,0
19920912-W-US_Open-F-Monica_Seles-Arantxa_Sanchez_Vicario,Monica Seles,S,0,2,0,0,0
19920912-W-US_Open-F-Monica_Seles-Arantxa_Sanchez_Vicario,Arantxa Sanchez Vicario,Total,127,90,44,24,1
19920912-W-US_Open-F-Monica_Seles-Arantxa_Sanchez_Vicario,Arantxa Sanchez Vicario,F,76,34,28,17,1
19920912-W-US_Open-F-Monica_Seles-Arantxa_Sanchez_Vicario,Arantxa Sanchez Vicario,B,39,37,15,6,0
19920912-W-US_Open-F-Monica_Seles-Arantxa_Sanchez_Vicario,Arantxa Sanchez Vicario,S,12,19,1,1,0
19920125-W-Australian_Open-F-Monica_Seles-Mary_Joe_Fernandez,Monica Seles,Total,93,49,18,35,1
19920125-W-Australian_Open-F-Monica_Seles-Mary_Joe_Fernandez,Monica Seles,F,33,15,6,19,0
19920125-W-Australian_Open-F-Monica_Seles-Mary_Joe_Fernandez,Monica Seles,B,60,32,11,16,1
19920125-W-Australian_Open-F-Monica_Seles-Mary_Joe_Fernandez,Monica Seles,S,0,2,1,0,0
19920125-W-Australian_Open-F-Monica_Seles-Mary_Joe_Fernandez,Mary Joe Fernandez,Total,47,80,24,31,1
19920125-W-Australian_Open-F-Monica_Seles-Mary_Joe_Fernandez,Mary Joe Fernandez,F,35,37,11,23,0
19920125-W-Australian_Open-F-Monica_Seles-Mary_Joe_Fernandez,Mary Joe Fernandez,B,10,37,10,8,0
19920125-W-Australian_Open-F-Monica_Seles-Mary_Joe_Fernandez,Mary Joe Fernandez,S,2,6,3,0,1
19910908-W-US_Open-F-Monica_Seles-Martina_Navratilova,Monica Seles,Total,42,23,16,15,0
19910908-W-US_Open-F-Monica_Seles-Martina_Navratilova,Monica Seles,F,16,12,10,8,0
19910908-W-US_Open-F-Monica_Seles-Martina_Navratilova,Monica Seles,B,25,11,6,7,0
19910908-W-US_Open-F-Monica_Seles-Martina_Navratilova,Monica Seles,S,1,0,0,0,0
19910908-W-US_Open-F-Monica_Seles-Martina_Navratilova,Martina Navratilova,Total,36,11,13,3,0
19910908-W-US_Open-F-Monica_Seles-Martina_Navratilova,Martina Navratilova,F,17,6,4,1,0
19910908-W-US_Open-F-Monica_Seles-Martina_Navratilova,Martina Navratilova,B,7,0,2,0,0
19910908-W-US_Open-F-Monica_Seles-Martina_Navratilova,Martina Navratilova,S,12,5,7,2,0
19900908-W-US_Open-F-Steffi_Graf-Gabriela_Sabatini,Steffi Graf,Total,174,70,33,51,12
19900908-W-US_Open-F-Steffi_Graf-Gabriela_Sabatini,Steffi Graf,F,69,23,6,38,12
19900908-W-US_Open-F-Steffi_Graf-Gabriela_Sabatini,Steffi Graf,B,11,4,3,1,0
19900908-W-US_Open-F-Steffi_Graf-Gabriela_Sabatini,Steffi Graf,S,94,43,24,12,0
19900908-W-US_Open-F-Steffi_Graf-Gabriela_Sabatini,Gabriela Sabatini,Total,139,90,61,30,0
19900908-W-US_Open-F-Steffi_Graf-Gabriela_Sabatini,Gabriela Sabatini,F,35,54,47,28,0
19900908-W-US_Open-F-Steffi_Graf-Gabriela_Sabatini,Gabriela Sabatini,B,54,21,8,2,0
19900908-W-US_Open-F-Steffi_Graf-Gabriela_Sabatini,Gabriela Sabatini,S,50,15,6,0,0
19900827-W-US_Open-R16-Steffi_Graf-Jennifer_Capriati,Steffi Graf,Total,73,62,16,18,2
19900827-W-US_Open-R16-Steffi_Graf-Jennifer_Capriati,Steffi Graf,F,53,24,7,8,2
19900827-W-US_Open-R16-Steffi_Graf-Jennifer_Capriati,Steffi Graf,B,1,2,1,1,0
19900827-W-US_Open-R16-Steffi_Graf-Jennifer_Capriati,Steffi Graf,S,19,36,8,9,0
19900827-W-US_Open-R16-Steffi_Graf-Jennifer_Capriati,Jennifer Capriati,Total,68,81,12,12,0
19900827-W-US_Open-R16-Steffi_Graf-Jennifer_Capriati,Jennifer Capriati,F,45,56,7,9,0
19900827-W-US_Open-R16-Steffi_Graf-Jennifer_Capriati,Jennifer Capriati,B,18,24,5,2,0
19900827-W-US_Open-R16-Steffi_Graf-Jennifer_Capriati,Jennifer Capriati,S,5,1,0,1,0
19900127-W-Australian_Open-F-Steffi_Graf-Mary_Joe_Fernandez,Steffi Graf,Total,103,54,24,27,4
19900127-W-Australian_Open-F-Steffi_Graf-Mary_Joe_Fernandez,Steffi Graf,F,51,20,2,17,4
19900127-W-Australian_Open-F-Steffi_Graf-Mary_Joe_Fernandez,Steffi Graf,B,4,2,2,0,0
19900127-W-Australian_Open-F-Steffi_Graf-Mary_Joe_Fernandez,Steffi Graf,S,48,32,20,10,0
19900127-W-Australian_Open-F-Steffi_Graf-Mary_Joe_Fernandez,Mary Joe Fernandez,Total,73,76,29,35,1
19900127-W-Australian_Open-F-Steffi_Graf-Mary_Joe_Fernandez,Mary Joe Fernandez,F,33,37,17,30,1
19900127-W-Australian_Open-F-Steffi_Graf-Mary_Joe_Fernandez,Mary Joe Fernandez,B,34,32,5,4,0
19900127-W-Australian_Open-F-Steffi_Graf-Mary_Joe_Fernandez,Mary Joe Fernandez,S,6,7,7,1,0
19890909-W-US_Open-F-Martina_Navratilova-Steffi_Graf,Martina Navratilova,Total,52,28,9,11,0
19890909-W-US_Open-F-Martina_Navratilova-Steffi_Graf,Martina Navratilova,F,33,12,1,4,0
19890909-W-US_Open-F-Martina_Navratilova-Steffi_Graf,Martina Navratilova,B,4,4,2,2,0
19890909-W-US_Open-F-Martina_Navratilova-Steffi_Graf,Martina Navratilova,S,15,12,6,5,0
19890909-W-US_Open-F-Martina_Navratilova-Steffi_Graf,Steffi Graf,Total,59,33,23,37,5
19890909-W-US_Open-F-Martina_Navratilova-Steffi_Graf,Steffi Graf,F,35,16,7,30,3
19890909-W-US_Open-F-Martina_Navratilova-Steffi_Graf,Steffi Graf,B,10,9,5,3,0
19890909-W-US_Open-F-Martina_Navratilova-Steffi_Graf,Steffi Graf,S,14,8,11,4,2
19890128-W-Australian_Open-F-Helena_Sukova-Steffi_Graf,Helena Sukova,Total,35,25,8,14,0
19890128-W-Australian_Open-F-Helena_Sukova-Steffi_Graf,Helena Sukova,F,16,13,4,8,0
19890128-W-Australian_Open-F-Helena_Sukova-Steffi_Graf,Helena Sukova,B,3,2,1,1,0
19890128-W-Australian_Open-F-Helena_Sukova-Steffi_Graf,Helena Sukova,S,16,10,3,5,0
19890128-W-Australian_Open-F-Helena_Sukova-Steffi_Graf,Steffi Graf,Total,39,35,17,15,1
19890128-W-Australian_Open-F-Helena_Sukova-Steffi_Graf,Steffi Graf,F,25,19,9,9,1
19890128-W-Australian_Open-F-Helena_Sukova-Steffi_Graf,Steffi Graf,B,3,7,6,2,0
19890128-W-Australian_Open-F-Helena_Sukova-Steffi_Graf,Steffi Graf,S,11,9,2,4,0
19890126-W-Australian_Open-QF-Martina_Navratilova-Helena_Sukova,Martina Navratilova,Total,24,9,11,3,2
19890126-W-Australian_Open-QF-Martina_Navratilova-Helena_Sukova,Martina Navratilova,F,10,5,3,2,2
19890126-W-Australian_Open-QF-Martina_Navratilova-Helena_Sukova,Martina Navratilova,B,8,3,7,0,0
19890126-W-Australian_Open-QF-Martina_Navratilova-Helena_Sukova,Martina Navratilova,S,6,1,1,1,0
19890126-W-Australian_Open-QF-Martina_Navratilova-Helena_Sukova,Helena Sukova,Total,15,6,16,5,2
19890126-W-Australian_Open-QF-Martina_Navratilova-Helena_Sukova,Helena Sukova,F,5,3,6,3,1
19890126-W-Australian_Open-QF-Martina_Navratilova-Helena_Sukova,Helena Sukova,B,5,2,3,1,1
19890126-W-Australian_Open-QF-Martina_Navratilova-Helena_Sukova,Helena Sukova,S,5,1,7,1,0
19880910-W-US_Open-F-Steffi_Graf-Gabriela_Sabatini,Steffi Graf,Total,143,65,14,44,9
19880910-W-US_Open-F-Steffi_Graf-Gabriela_Sabatini,Steffi Graf,F,38,32,6,42,9
19880910-W-US_Open-F-Steffi_Graf-Gabriela_Sabatini,Steffi Graf,B,6,4,2,1,0
19880910-W-US_Open-F-Steffi_Graf-Gabriela_Sabatini,Steffi Graf,S,99,29,6,1,0
19880910-W-US_Open-F-Steffi_Graf-Gabriela_Sabatini,Gabriela Sabatini,Total,119,64,30,31,1
19880910-W-US_Open-F-Steffi_Graf-Gabriela_Sabatini,Gabriela Sabatini,F,22,23,15,27,1
19880910-W-US_Open-F-Steffi_Graf-Gabriela_Sabatini,Gabriela Sabatini,B,83,35,12,4,0
19880910-W-US_Open-F-Steffi_Graf-Gabriela_Sabatini,Gabriela Sabatini,S,14,6,3,0,0
19880908-W-US_Open-SF-Zina_Garrison-Gabriela_Sabatini,Zina Garrison,Total,71,20,24,18,3
19880908-W-US_Open-SF-Zina_Garrison-Gabriela_Sabatini,Zina Garrison,F,21,5,13,15,3
19880908-W-US_Open-SF-Zina_Garrison-Gabriela_Sabatini,Zina Garrison,B,13,6,4,0,0
19880908-W-US_Open-SF-Zina_Garrison-Gabriela_Sabatini,Zina Garrison,S,37,9,7,3,0
19880908-W-US_Open-SF-Zina_Garrison-Gabriela_Sabatini,Gabriela Sabatini,Total,69,31,28,26,6
19880908-W-US_Open-SF-Zina_Garrison-Gabriela_Sabatini,Gabriela Sabatini,F,24,9,15,23,6
19880908-W-US_Open-SF-Zina_Garrison-Gabriela_Sabatini,Gabriela Sabatini,B,33,17,9,2,0
19880908-W-US_Open-SF-Zina_Garrison-Gabriela_Sabatini,Gabriela Sabatini,S,12,5,4,1,0
19880124-W-Australian_Open-F-Steffi_Graf-Chris_Evert,Steffi Graf,Total,128,88,55,20,8
19880124-W-Australian_Open-F-Steffi_Graf-Chris_Evert,Steffi Graf,F,61,26,14,18,8
19880124-W-Australian_Open-F-Steffi_Graf-Chris_Evert,Steffi Graf,B,38,12,3,1,0
19880124-W-Australian_Open-F-Steffi_Graf-Chris_Evert,Steffi Graf,S,29,50,38,1,0
19880124-W-Australian_Open-F-Steffi_Graf-Chris_Evert,Chris Evert,Total,146,61,43,35,0
19880124-W-Australian_Open-F-Steffi_Graf-Chris_Evert,Chris Evert,F,54,37,41,26,0
19880124-W-Australian_Open-F-Steffi_Graf-Chris_Evert,Chris Evert,B,90,23,2,9,0
19880124-W-Australian_Open-F-Steffi_Graf-Chris_Evert,Chris Evert,S,2,1,0,0,0
19870913-W-US_Open-F-Steffi_Graf-Martina_Navratilova,Steffi Graf,Total,51,38,22,31,2
19870913-W-US_Open-F-Steffi_Graf-Martina_Navratilova,Steffi Graf,F,32,15,8,26,1
19870913-W-US_Open-F-Steffi_Graf-Martina_Navratilova,Steffi Graf,B,5,6,4,1,0
19870913-W-US_Open-F-Steffi_Graf-Martina_Navratilova,Steffi Graf,S,14,17,10,4,1
19870913-W-US_Open-F-Steffi_Graf-Martina_Navratilova,Martina Navratilova,Total,48,31,6,12,2
19870913-W-US_Open-F-Steffi_Graf-Martina_Navratilova,Martina Navratilova,F,31,11,2,6,1
19870913-W-US_Open-F-Steffi_Graf-Martina_Navratilova,Martina Navratilova,B,3,1,0,1,0
19870913-W-US_Open-F-Steffi_Graf-Martina_Navratilova,Martina Navratilova,S,14,19,4,5,1
19870124-W-Australian_Open-F-Hana_Mandlikova-Martina_Navratilova,Hana Mandlikova,Total,12,12,6,4,0
19870124-W-Australian_Open-F-Hana_Mandlikova-Martina_Navratilova,Hana Mandlikova,F,2,4,3,3,0
19870124-W-Australian_Open-F-Hana_Mandlikova-Martina_Navratilova,Hana Mandlikova,B,9,4,2,1,0
19870124-W-Australian_Open-F-Hana_Mandlikova-Martina_Navratilova,Hana Mandlikova,S,1,4,1,0,0
19870124-W-Australian_Open-F-Hana_Mandlikova-Martina_Navratilova,Martina Navratilova,Total,13,1,1,2,0
19870124-W-Australian_Open-F-Hana_Mandlikova-Martina_Navratilova,Martina Navratilova,F,7,0,1,1,0
19870124-W-Australian_Open-F-Hana_Mandlikova-Martina_Navratilova,Martina Navratilova,B,6,0,0,1,0
19870124-W-Australian_Open-F-Hana_Mandlikova-Martina_Navratilova,Martina Navratilova,S,0,1,0,0,0
19860906-W-US_Open-SF-Steffi_Graf-Martina_Navratilova,Steffi Graf,Total,95,39,30,38,5
19860906-W-US_Open-SF-Steffi_Graf-Martina_Navratilova,Steffi Graf,F,45,8,8,31,5
19860906-W-US_Open-SF-Steffi_Graf-Martina_Navratilova,Steffi Graf,B,17,15,8,4,0
19860906-W-US_Open-SF-Steffi_Graf-Martina_Navratilova,Steffi Graf,S,33,16,14,3,0
19860906-W-US_Open-SF-Steffi_Graf-Martina_Navratilova,Martina Navratilova,Total,74,19,23,11,1
19860906-W-US_Open-SF-Steffi_Graf-Martina_Navratilova,Martina Navratilova,F,54,5,11,5,1
19860906-W-US_Open-SF-Steffi_Graf-Martina_Navratilova,Martina Navratilova,B,2,6,0,0,0
19860906-W-US_Open-SF-Steffi_Graf-Martina_Navratilova,Martina Navratilova,S,18,8,12,6,0
19860905-W-US_Open-F-Martina_Navratilova-Helena_Sukova,Martina Navratilova,Total,8,6,6,0,1
19860905-W-US_Open-F-Martina_Navratilova-Helena_Sukova,Martina Navratilova,F,4,2,3,0,1
19860905-W-US_Open-F-Martina_Navratilova-Helena_Sukova,Martina Navratilova,B,3,3,2,0,0
19860905-W-US_Open-F-Martina_Navratilova-Helena_Sukova,Martina Navratilova,S,1,1,1,0,0
19860905-W-US_Open-F-Martina_Navratilova-Helena_Sukova,Helena Sukova,Total,13,10,9,4,0
19860905-W-US_Open-F-Martina_Navratilova-Helena_Sukova,Helena Sukova,F,8,5,4,1,0
19860905-W-US_Open-F-Martina_Navratilova-Helena_Sukova,Helena Sukova,B,4,4,4,3,0
19860905-W-US_Open-F-Martina_Navratilova-Helena_Sukova,Helena Sukova,S,1,1,1,0,0
19851207-W-Australian_Open-SF-Claudia_Kohde_Kilsch-Chris_Evert,Claudia Kohde Kilsch,Total,62,30,28,12,0
19851207-W-Australian_Open-SF-Claudia_Kohde_Kilsch-Chris_Evert,Claudia Kohde Kilsch,F,25,14,13,9,0
19851207-W-Australian_Open-SF-Claudia_Kohde_Kilsch-Chris_Evert,Claudia Kohde Kilsch,B,6,5,1,0,0
19851207-W-Australian_Open-SF-Claudia_Kohde_Kilsch-Chris_Evert,Claudia Kohde Kilsch,S,31,11,14,3,0
19851207-W-Australian_Open-SF-Claudia_Kohde_Kilsch-Chris_Evert,Chris Evert,Total,96,33,21,20,0
19851207-W-Australian_Open-SF-Claudia_Kohde_Kilsch-Chris_Evert,Chris Evert,F,36,13,6,12,0
19851207-W-Australian_Open-SF-Claudia_Kohde_Kilsch-Chris_Evert,Chris Evert,B,59,15,11,8,0
19851207-W-Australian_Open-SF-Claudia_Kohde_Kilsch-Chris_Evert,Chris Evert,S,1,5,4,0,0
19851207-W-Australian_Open-F-Martina_Navratilova-Chris_Evert,Martina Navratilova,Total,45,38,11,9,0
19851207-W-Australian_Open-F-Martina_Navratilova-Chris_Evert,Martina Navratilova,F,26,12,5,7,0
19851207-W-Australian_Open-F-Martina_Navratilova-Chris_Evert,Martina Navratilova,B,6,6,2,0,0
19851207-W-Australian_Open-F-Martina_Navratilova-Chris_Evert,Martina Navratilova,S,13,20,4,2,0
19851207-W-Australian_Open-F-Martina_Navratilova-Chris_Evert,Chris Evert,Total,77,32,19,20,0
19851207-W-Australian_Open-F-Martina_Navratilova-Chris_Evert,Chris Evert,F,41,16,8,10,0
19851207-W-Australian_Open-F-Martina_Navratilova-Chris_Evert,Chris Evert,B,35,12,9,10,0
19851207-W-Australian_Open-F-Martina_Navratilova-Chris_Evert,Chris Evert,S,1,4,2,0,0
19850907-W-US_Open-F-Hana_Mandlikova-Martina_Navratilova,Hana Mandlikova,Total,12,7,13,4,0
19850907-W-US_Open-F-Hana_Mandlikova-Martina_Navratilova,Hana Mandlikova,F,6,0,6,2,0
19850907-W-US_Open-F-Hana_Mandlikova-Martina_Navratilova,Hana Mandlikova,B,4,1,2,1,0
19850907-W-US_Open-F-Hana_Mandlikova-Martina_Navratilova,Hana Mandlikova,S,2,6,5,1,0
19850907-W-US_Open-F-Hana_Mandlikova-Martina_Navratilova,Martina Navratilova,Total,14,2,9,6,0
19850907-W-US_Open-F-Hana_Mandlikova-Martina_Navratilova,Martina Navratilova,F,6,2,4,6,0
19850907-W-US_Open-F-Hana_Mandlikova-Martina_Navratilova,Martina Navratilova,B,3,0,3,0,0
19850907-W-US_Open-F-Hana_Mandlikova-Martina_Navratilova,Martina Navratilova,S,5,0,2,0,0
19841208-W-Australian_Open-F-Helena_Sukova-Chris_Evert,Helena Sukova,Total,32,53,19,8,0
19841208-W-Australian_Open-F-Helena_Sukova-Chris_Evert,Helena Sukova,F,13,26,6,6,0
19841208-W-Australian_Open-F-Helena_Sukova-Chris_Evert,Helena Sukova,B,6,4,2,0,0
19841208-W-Australian_Open-F-Helena_Sukova-Chris_Evert,Helena Sukova,S,13,23,11,2,0
19841208-W-Australian_Open-F-Helena_Sukova-Chris_Evert,Chris Evert,Total,105,38,18,26,0
19841208-W-Australian_Open-F-Helena_Sukova-Chris_Evert,Chris Evert,F,53,16,8,15,0
19841208-W-Australian_Open-F-Helena_Sukova-Chris_Evert,Chris Evert,B,51,20,9,11,0
19841208-W-Australian_Open-F-Helena_Sukova-Chris_Evert,Chris Evert,S,1,2,1,0,0
19841207-W-Australian_Open-SF-Martina_Navratilova-Helena_Sukova,Martina Navratilova,Total,20,4,15,5,0
19841207-W-Australian_Open-SF-Martina_Navratilova-Helena_Sukova,Martina Navratilova,F,15,1,6,4,0
19841207-W-Australian_Open-SF-Martina_Navratilova-Helena_Sukova,Martina Navratilova,B,3,1,2,0,0
19841207-W-Australian_Open-SF-Martina_Navratilova-Helena_Sukova,Martina Navratilova,S,2,2,7,1,0
19841207-W-Australian_Open-SF-Martina_Navratilova-Helena_Sukova,Helena Sukova,Total,26,16,17,6,1
19841207-W-Australian_Open-SF-Martina_Navratilova-Helena_Sukova,Helena Sukova,F,6,6,6,3,1
19841207-W-Australian_Open-SF-Martina_Navratilova-Helena_Sukova,Helena Sukova,B,10,5,7,1,0
19841207-W-Australian_Open-SF-Martina_Navratilova-Helena_Sukova,Helena Sukova,S,10,5,4,2,0
19840908-W-US_Open-SF-Carling_Bassett_Seguso-Chris_Evert,Carling Bassett Seguso,Total,154,102,26,8,0
19840908-W-US_Open-SF-Carling_Bassett_Seguso-Chris_Evert,Carling Bassett Seguso,F,70,43,8,2,0
19840908-W-US_Open-SF-Carling_Bassett_Seguso-Chris_Evert,Carling Bassett Seguso,B,83,56,15,6,0
19840908-W-US_Open-SF-Carling_Bassett_Seguso-Chris_Evert,Carling Bassett Seguso,S,1,3,3,0,0
19840908-W-US_Open-SF-Carling_Bassett_Seguso-Chris_Evert,Chris Evert,Total,158,48,56,43,1
19840908-W-US_Open-SF-Carling_Bassett_Seguso-Chris_Evert,Chris Evert,F,82,20,40,27,1
19840908-W-US_Open-SF-Carling_Bassett_Seguso-Chris_Evert,Chris Evert,B,75,27,16,16,0
19840908-W-US_Open-SF-Carling_Bassett_Seguso-Chris_Evert,Chris Evert,S,1,1,0,0,0
19840908-W-US_Open-F-Chris_Evert-Martina_Navratilova,Chris Evert,Total,116,41,21,29,0
19840908-W-US_Open-F-Chris_Evert-Martina_Navratilova,Chris Evert,F,58,13,11,16,0
19840908-W-US_Open-F-Chris_Evert-Martina_Navratilova,Chris Evert,B,56,27,9,13,0
19840908-W-US_Open-F-Chris_Evert-Martina_Navratilova,Chris Evert,S,2,1,1,0,0
19840908-W-US_Open-F-Chris_Evert-Martina_Navratilova,Martina Navratilova,Total,58,54,21,14,1
19840908-W-US_Open-F-Chris_Evert-Martina_Navratilova,Martina Navratilova,F,38,28,11,9,0
19840908-W-US_Open-F-Chris_Evert-Martina_Navratilova,Martina Navratilova,B,4,5,0,2,0
19840908-W-US_Open-F-Chris_Evert-Martina_Navratilova,Martina Navratilova,S,16,21,10,3,1
19830910-W-US_Open-F-Martina_Navratilova-Chris_Evert,Martina Navratilova,Total,41,19,11,6,1
19830910-W-US_Open-F-Martina_Navratilova-Chris_Evert,Martina Navratilova,F,21,6,3,2,1
19830910-W-US_Open-F-Martina_Navratilova-Chris_Evert,Martina Navratilova,B,2,2,1,0,0
19830910-W-US_Open-F-Martina_Navratilova-Chris_Evert,Martina Navratilova,S,18,11,7,4,0
19830910-W-US_Open-F-Martina_Navratilova-Chris_Evert,Chris Evert,Total,62,29,18,15,0
19830910-W-US_Open-F-Martina_Navratilova-Chris_Evert,Chris Evert,F,25,9,7,3,0
19830910-W-US_Open-F-Martina_Navratilova-Chris_Evert,Chris Evert,B,35,17,10,12,0
19830910-W-US_Open-F-Martina_Navratilova-Chris_Evert,Chris Evert,S,2,3,1,0,0
19821129-W-Australian_Open-F-Martina_Navratilova-Chris_Evert,Martina Navratilova,Total,74,94,25,19,0
19821129-W-Australian_Open-F-Martina_Navratilova-Chris_Evert,Martina Navratilova,F,43,36,11,6,0
19821129-W-Australian_Open-F-Martina_Navratilova-Chris_Evert,Martina Navratilova,B,7,3,1,3,0
19821129-W-Australian_Open-F-Martina_Navratilova-Chris_Evert,Martina Navratilova,S,24,55,13,10,0
19821129-W-Australian_Open-F-Martina_Navratilova-Chris_Evert,Chris Evert,Total,118,90,6,17,0
19821129-W-Australian_Open-F-Martina_Navratilova-Chris_Evert,Chris Evert,F,48,28,2,6,0
19821129-W-Australian_Open-F-Martina_Navratilova-Chris_Evert,Chris Evert,B,70,48,3,9,0
19821129-W-Australian_Open-F-Martina_Navratilova-Chris_Evert,Chris Evert,S,0,14,1,2,0
19820831-W-US_Open-F-Hana_Mandlikova-Chris_Evert,Hana Mandlikova,Total,94,43,25,18,0
19820831-W-US_Open-F-Hana_Mandlikova-Chris_Evert,Hana Mandlikova,F,42,12,5,12,0
19820831-W-US_Open-F-Hana_Mandlikova-Chris_Evert,Hana Mandlikova,B,44,18,11,3,0
19820831-W-US_Open-F-Hana_Mandlikova-Chris_Evert,Hana Mandlikova,S,8,13,9,3,0
19820831-W-US_Open-F-Hana_Mandlikova-Chris_Evert,Chris Evert,Total,98,42,16,28,0
19820831-W-US_Open-F-Hana_Mandlikova-Chris_Evert,Chris Evert,F,39,16,13,23,0
19820831-W-US_Open-F-Hana_Mandlikova-Chris_Evert,Chris Evert,B,57,24,3,4,0
19820831-W-US_Open-F-Hana_Mandlikova-Chris_Evert,Chris Evert,S,2,2,0,1,0
19811130-W-Australian_Open-F-Martina_Navratilova-Chris_Evert,Martina Navratilova,Total,161,82,39,16,0
19811130-W-Australian_Open-F-Martina_Navratilova-Chris_Evert,Martina Navratilova,F,67,18,11,10,0
19811130-W-Australian_Open-F-Martina_Navratilova-Chris_Evert,Martina Navratilova,B,10,8,3,1,0
19811130-W-Australian_Open-F-Martina_Navratilova-Chris_Evert,Martina Navratilova,S,84,56,25,5,0
19811130-W-Australian_Open-F-Martina_Navratilova-Chris_Evert,Chris Evert,Total,196,57,53,35,0
19811130-W-Australian_Open-F-Martina_Navratilova-Chris_Evert,Chris Evert,F,132,32,22,12,0
19811130-W-Australian_Open-F-Martina_Navratilova-Chris_Evert,Chris Evert,B,64,24,30,22,0
19811130-W-Australian_Open-F-Martina_Navratilova-Chris_Evert,Chris Evert,S,0,1,1,1,0
19800906-W-US_Open-F-Hana_Mandlikova-Chris_Evert,Hana Mandlikova,Total,62,57,19,22,1
19800906-W-US_Open-F-Hana_Mandlikova-Chris_Evert,Hana Mandlikova,F,34,26,11,15,0
19800906-W-US_Open-F-Hana_Mandlikova-Chris_Evert,Hana Mandlikova,B,11,10,1,0,0
19800906-W-US_Open-F-Hana_Mandlikova-Chris_Evert,Hana Mandlikova,S,17,21,7,7,1
19800906-W-US_Open-F-Hana_Mandlikova-Chris_Evert,Chris Evert,Total,103,49,17,18,0
19800906-W-US_Open-F-Hana_Mandlikova-Chris_Evert,Chris Evert,F,47,31,14,13,0
19800906-W-US_Open-F-Hana_Mandlikova-Chris_Evert,Chris Evert,B,56,15,2,5,0
19800906-W-US_Open-F-Hana_Mandlikova-Chris_Evert,Chris Evert,S,0,3,1,0,0
19790928-W-US_Open-F-Tracy_Austin-Chris_Evert,Tracy Austin,Total,273,91,50,31,0
19790928-W-US_Open-F-Tracy_Austin-Chris_Evert,Tracy Austin,F,111,26,19,26,0
19790928-W-US_Open-F-Tracy_Austin-Chris_Evert,Tracy Austin,B,159,64,31,5,0
19790928-W-US_Open-F-Tracy_Austin-Chris_Evert,Tracy Austin,S,3,1,0,0,0
19790928-W-US_Open-F-Tracy_Austin-Chris_Evert,Chris Evert,Total,224,93,74,36,0
19790928-W-US_Open-F-Tracy_Austin-Chris_Evert,Chris Evert,F,74,38,39,32,0
19790928-W-US_Open-F-Tracy_Austin-Chris_Evert,Chris Evert,B,144,53,34,4,0
19790928-W-US_Open-F-Tracy_Austin-Chris_Evert,Chris Evert,S,6,2,1,0,0
